// Auto-generated by compile_shaders.py - DO NOT EDIT
#pragma once

static const unsigned char s_dx12_vs_ff_3d_clip[] = {
    0x56, 0x53, 0x48, 0x0b, 0x00, 0x00, 0x00, 0x00, 0xf3, 0xe7, 0x66, 0x9d,
    0x08, 0x00, 0x0c, 0x75, 0x5f, 0x66, 0x66, 0x4d, 0x61, 0x74, 0x72, 0x69,
    0x63, 0x65, 0x73, 0x04, 0x08, 0x00, 0x00, 0x20, 0x00, 0x00, 0x00, 0x00,
    0x00, 0x15, 0x75, 0x5f, 0x76, 0x65, 0x72, 0x74, 0x65, 0x78, 0x42, 0x6c,
    0x65, 0x6e, 0x64, 0x4d, 0x61, 0x74, 0x72, 0x69, 0x63, 0x65, 0x73, 0x04,
    0x04, 0x00, 0x02, 0x10, 0x00, 0x00, 0x00, 0x00, 0x00, 0x0b, 0x75, 0x5f,
    0x74, 0x65, 0x78, 0x4d, 0x61, 0x74, 0x72, 0x69, 0x78, 0x04, 0x08, 0x00,
    0x03, 0x20, 0x00, 0x00, 0x00, 0x00, 0x00, 0x0e, 0x75, 0x5f, 0x66, 0x66,
    0x44, 0x72, 0x61, 0x77, 0x50, 0x61, 0x72, 0x61, 0x6d, 0x73, 0x02, 0x14,
    0x00, 0x05, 0x14, 0x00, 0x00, 0x00, 0x00, 0x00, 0x08, 0x75, 0x5f, 0x6c,
    0x69, 0x67, 0x68, 0x74, 0x73, 0x02, 0x38, 0x40, 0x06, 0x38, 0x00, 0x00,
    0x00, 0x00, 0x00, 0x0d, 0x75, 0x5f, 0x73, 0x74, 0x61, 0x67, 0x65, 0x50,
    0x61, 0x72, 0x61, 0x6d, 0x73, 0x02, 0x20, 0xc0, 0x09, 0x20, 0x00, 0x00,
    0x00, 0x00, 0x00, 0x0c, 0x75, 0x5f, 0x63, 0x6c, 0x69, 0x70, 0x50, 0x6c,
    0x61, 0x6e, 0x65, 0x73, 0x02, 0x06, 0xc0, 0x0b, 0x06, 0x00, 0x00, 0x00,
    0x00, 0x00, 0x0c, 0x75, 0x5f, 0x63, 0x6c, 0x69, 0x70, 0x50, 0x61, 0x72,
    0x61, 0x6d, 0x73, 0x02, 0x00, 0x20, 0x0c, 0x01, 0x00, 0x00, 0x00, 0x00,
    0x00, 0xac, 0x6f, 0x00, 0x00, 0x44, 0x58, 0x42, 0x43, 0x13, 0xb9, 0xf9,
    0x71, 0x94, 0xc4, 0x11, 0x22, 0x58, 0x22, 0x33, 0xb1, 0x9f, 0x7d, 0xce,
    0xed, 0x01, 0x00, 0x00, 0x00, 0xac, 0x6f, 0x00, 0x00, 0x07, 0x00, 0x00,
    0x00, 0x3c, 0x00, 0x00, 0x00, 0x4c, 0x00, 0x00, 0x00, 0xa8, 0x02, 0x00,
    0x00, 0xe4, 0x04, 0x00, 0x00, 0x74, 0x0a, 0x00, 0x00, 0xa8, 0x0a, 0x00,
    0x00, 0xc4, 0x0a, 0x00, 0x00, 0x53, 0x46, 0x49, 0x30, 0x08, 0x00, 0x00,
    0x00, 0x00, 0x00, 0x00, 0x00, 0x00, 0x00, 0x00, 0x00, 0x49, 0x53, 0x47,
    0x31, 0x54, 0x02, 0x00, 0x00, 0x10, 0x00, 0x00, 0x00, 0x08, 0x00, 0x00,
    0x00, 0x00, 0x00, 0x00, 0x00, 0x08, 0x02, 0x00, 0x00, 0x00, 0x00, 0x00,
    0x00, 0x00, 0x00, 0x00, 0x00, 0x03, 0x00, 0x00, 0x00, 0x00, 0x00, 0x00,
    0x00, 0x07, 0x07, 0x00, 0x00, 0x00, 0x00, 0x00, 0x00, 0x00, 0x00, 0x00,
    0x00, 0x12, 0x02, 0x00, 0x00, 0x00, 0x00, 0x00, 0x00, 0x00, 0x00, 0x00,
    0x00, 0x03, 0x00, 0x00, 0x00, 0x01, 0x00, 0x00, 0x00, 0x0f, 0x0f, 0x00,
    0x00, 0x00, 0x00, 0x00, 0x00, 0x00, 0x00, 0x00, 0x00, 0x12, 0x02, 0x00,
    0x00, 0x01, 0x00, 0x00, 0x00, 0x00, 0x00, 0x00, 0x00, 0x03, 0x00, 0x00,
    0x00, 0x02, 0x00, 0x00, 0x00, 0x0f, 0x0f, 0x00, 0x00, 0x00, 0x00, 0x00,
    0x00, 0x00, 0x00, 0x00, 0x00, 0x18, 0x02, 0x00, 0x00, 0x00, 0x00, 0x00,
    0x00, 0x00, 0x00, 0x00, 0x00, 0x01, 0x00, 0x00, 0x00, 0x03, 0x00, 0x00,
    0x00, 0x0f, 0x0f, 0x00, 0x00, 0x00, 0x00, 0x00, 0x00, 0x00, 0x00, 0x00,
    0x00, 0x25, 0x02, 0x00, 0x00, 0x00, 0x00, 0x00, 0x00, 0x00, 0x00, 0x00,
    0x00, 0x03, 0x00, 0x00, 0x00, 0x04, 0x00, 0x00, 0x00, 0x07, 0x07, 0x00,
    0x00, 0x00, 0x00, 0x00, 0x00, 0x00, 0x00, 0x00, 0x00, 0x2c, 0x02, 0x00,
    0x00, 0x00, 0x00, 0x00, 0x00, 0x00, 0x00, 0x00, 0x00, 0x03, 0x00, 0x00,
    0x00, 0x05, 0x00, 0x00, 0x00, 0x0f, 0x07, 0x00, 0x00, 0x00, 0x00, 0x00,
    0x00, 0x00, 0x00, 0x00, 0x00, 0x35, 0x02, 0x00, 0x00, 0x00, 0x00, 0x00,
    0x00, 0x00, 0x00, 0x00, 0x00, 0x03, 0x00, 0x00, 0x00, 0x06, 0x00, 0x00,
    0x00, 0x07, 0x07, 0x00, 0x00, 0x00, 0x00, 0x00, 0x00, 0x00, 0x00, 0x00,
    0x00, 0x3d, 0x02, 0x00, 0x00, 0x00, 0x00, 0x00, 0x00, 0x00, 0x00, 0x00,
    0x00, 0x03, 0x00, 0x00, 0x00, 0x07, 0x00, 0x00, 0x00, 0x0f, 0x03, 0x00,
    0x00, 0x00, 0x00, 0x00, 0x00, 0x00, 0x00, 0x00, 0x00, 0x3d, 0x02, 0x00,
    0x00, 0x01, 0x00, 0x00, 0x00, 0x00, 0x00, 0x00, 0x00, 0x03, 0x00, 0x00,
    0x00, 0x08, 0x00, 0x00, 0x00, 0x0f, 0x03, 0x00, 0x00, 0x00, 0x00, 0x00,
    0x00, 0x00, 0x00, 0x00, 0x00, 0x3d, 0x02, 0x00, 0x00, 0x02, 0x00, 0x00,
    0x00, 0x00, 0x00, 0x00, 0x00, 0x03, 0x00, 0x00, 0x00, 0x09, 0x00, 0x00,
    0x00, 0x0f, 0x03, 0x00, 0x00, 0x00, 0x00, 0x00, 0x00, 0x00, 0x00, 0x00,
    0x00, 0x3d, 0x02, 0x00, 0x00, 0x03, 0x00, 0x00, 0x00, 0x00, 0x00, 0x00,
    0x00, 0x03, 0x00, 0x00, 0x00, 0x0a, 0x00, 0x00, 0x00, 0x0f, 0x03, 0x00,
    0x00, 0x00, 0x00, 0x00, 0x00, 0x00, 0x00, 0x00, 0x00, 0x3d, 0x02, 0x00,
    0x00, 0x04, 0x00, 0x00, 0x00, 0x00, 0x00, 0x00, 0x00, 0x03, 0x00, 0x00,
    0x00, 0x0b, 0x00, 0x00, 0x00, 0x0f, 0x03, 0x00, 0x00, 0x00, 0x00, 0x00,
    0x00, 0x00, 0x00, 0x00, 0x00, 0x3d, 0x02, 0x00, 0x00, 0x05, 0x00, 0x00,
    0x00, 0x00, 0x00, 0x00, 0x00, 0x03, 0x00, 0x00, 0x00, 0x0c, 0x00, 0x00,
    0x00, 0x0f, 0x03, 0x00, 0x00, 0x00, 0x00, 0x00, 0x00, 0x00, 0x00, 0x00,
    0x00, 0x3d, 0x02, 0x00, 0x00, 0x06, 0x00, 0x00, 0x00, 0x00, 0x00, 0x00,
    0x00, 0x03, 0x00, 0x00, 0x00, 0x0d, 0x00, 0x00, 0x00, 0x0f, 0x03, 0x00,
    0x00, 0x00, 0x00, 0x00, 0x00, 0x00, 0x00, 0x00, 0x00, 0x3d, 0x02, 0x00,
    0x00, 0x07, 0x00, 0x00, 0x00, 0x00, 0x00, 0x00, 0x00, 0x03, 0x00, 0x00,
    0x00, 0x0e, 0x00, 0x00, 0x00, 0x0f, 0x03, 0x00, 0x00, 0x00, 0x00, 0x00,
    0x00, 0x00, 0x00, 0x00, 0x00, 0x46, 0x02, 0x00, 0x00, 0x00, 0x00, 0x00,
    0x00, 0x00, 0x00, 0x00, 0x00, 0x03, 0x00, 0x00, 0x00, 0x0f, 0x00, 0x00,
    0x00, 0x07, 0x07, 0x00, 0x00, 0x00, 0x00, 0x00, 0x00, 0x42, 0x49, 0x54,
    0x41, 0x4e, 0x47, 0x45, 0x4e, 0x54, 0x00, 0x43, 0x4f, 0x4c, 0x4f, 0x52,
    0x00, 0x42, 0x4c, 0x45, 0x4e, 0x44, 0x49, 0x4e, 0x44, 0x49, 0x43, 0x45,
    0x53, 0x00, 0x4e, 0x4f, 0x52, 0x4d, 0x41, 0x4c, 0x00, 0x50, 0x4f, 0x53,
    0x49, 0x54, 0x49, 0x4f, 0x4e, 0x00, 0x54, 0x41, 0x4e, 0x47, 0x45, 0x4e,
    0x54, 0x00, 0x54, 0x45, 0x58, 0x43, 0x4f, 0x4f, 0x52, 0x44, 0x00, 0x42,
    0x4c, 0x45, 0x4e, 0x44, 0x57, 0x45, 0x49, 0x47, 0x48, 0x54, 0x00, 0x00,
    0x00, 0x4f, 0x53, 0x47, 0x31, 0x34, 0x02, 0x00, 0x00, 0x10, 0x00, 0x00,
    0x00, 0x08, 0x00, 0x00, 0x00, 0x00, 0x00, 0x00, 0x00, 0x08, 0x02, 0x00,
    0x00, 0x00, 0x00, 0x00, 0x00, 0x01, 0x00, 0x00, 0x00, 0x03, 0x00, 0x00,
    0x00, 0x00, 0x00, 0x00, 0x00, 0x0f, 0x00, 0x00, 0x00, 0x00, 0x00, 0x00,
    0x00, 0x00, 0x00, 0x00, 0x00, 0x14, 0x02, 0x00, 0x00, 0x00, 0x00, 0x00,
    0x00, 0x02, 0x00, 0x00, 0x00, 0x03, 0x00, 0x00, 0x00, 0x01, 0x00, 0x00,
    0x00, 0x0f, 0x00, 0x00, 0x00, 0x00, 0x00, 0x00, 0x00, 0x00, 0x00, 0x00,
    0x00, 0x14, 0x02, 0x00, 0x00, 0x01, 0x00, 0x00, 0x00, 0x02, 0x00, 0x00,
    0x00, 0x03, 0x00, 0x00, 0x00, 0x02, 0x00, 0x00, 0x00, 0x0f, 0x00, 0x00,
    0x00, 0x00, 0x00, 0x00, 0x00, 0x00, 0x00, 0x00, 0x00, 0x24, 0x02, 0x00,
    0x00, 0x00, 0x00, 0x00, 0x00, 0x00, 0x00, 0x00, 0x00, 0x03, 0x00, 0x00,
    0x00, 0x03, 0x00, 0x00, 0x00, 0x0f, 0x00, 0x00, 0x00, 0x00, 0x00, 0x00,
    0x00, 0x00, 0x00, 0x00, 0x00, 0x24, 0x02, 0x00, 0x00, 0x01, 0x00, 0x00,
    0x00, 0x00, 0x00, 0x00, 0x00, 0x03, 0x00, 0x00, 0x00, 0x04, 0x00, 0x00,
    0x00, 0x0f, 0x00, 0x00, 0x00, 0x00, 0x00, 0x00, 0x00, 0x00, 0x00, 0x00,
    0x00, 0x24, 0x02, 0x00, 0x00, 0x02, 0x00, 0x00, 0x00, 0x00, 0x00, 0x00,
    0x00, 0x03, 0x00, 0x00, 0x00, 0x05, 0x00, 0x00, 0x00, 0x0f, 0x00, 0x00,
    0x00, 0x00, 0x00, 0x00, 0x00, 0x00, 0x00, 0x00, 0x00, 0x24, 0x02, 0x00,
    0x00, 0x03, 0x00, 0x00, 0x00, 0x00, 0x00, 0x00, 0x00, 0x03, 0x00, 0x00,
    0x00, 0x06, 0x00, 0x00, 0x00, 0x0f, 0x00, 0x00, 0x00, 0x00, 0x00, 0x00,
    0x00, 0x00, 0x00, 0x00, 0x00, 0x2a, 0x02, 0x00, 0x00, 0x08, 0x00, 0x00,
    0x00, 0x00, 0x00, 0x00, 0x00, 0x03, 0x00, 0x00, 0x00, 0x07, 0x00, 0x00,
    0x00, 0x0f, 0x00, 0x00, 0x00, 0x00, 0x00, 0x00, 0x00, 0x00, 0x00, 0x00,
    0x00, 0x2a, 0x02, 0x00, 0x00, 0x00, 0x00, 0x00, 0x00, 0x00, 0x00, 0x00,
    0x00, 0x03, 0x00, 0x00, 0x00, 0x08, 0x00, 0x00, 0x00, 0x0f, 0x00, 0x00,
    0x00, 0x00, 0x00, 0x00, 0x00, 0x00, 0x00, 0x00, 0x00, 0x2a, 0x02, 0x00,
    0x00, 0x01, 0x00, 0x00, 0x00, 0x00, 0x00, 0x00, 0x00, 0x03, 0x00, 0x00,
    0x00, 0x09, 0x00, 0x00, 0x00, 0x0f, 0x00, 0x00, 0x00, 0x00, 0x00, 0x00,
    0x00, 0x00, 0x00, 0x00, 0x00, 0x2a, 0x02, 0x00, 0x00, 0x02, 0x00, 0x00,
    0x00, 0x00, 0x00, 0x00, 0x00, 0x03, 0x00, 0x00, 0x00, 0x0a, 0x00, 0x00,
    0x00, 0x0f, 0x00, 0x00, 0x00, 0x00, 0x00, 0x00, 0x00, 0x00, 0x00, 0x00,
    0x00, 0x2a, 0x02, 0x00, 0x00, 0x03, 0x00, 0x00, 0x00, 0x00, 0x00, 0x00,
    0x00, 0x03, 0x00, 0x00, 0x00, 0x0b, 0x00, 0x00, 0x00, 0x0f, 0x00, 0x00,
    0x00, 0x00, 0x00, 0x00, 0x00, 0x00, 0x00, 0x00, 0x00, 0x2a, 0x02, 0x00,
    0x00, 0x04, 0x00, 0x00, 0x00, 0x00, 0x00, 0x00, 0x00, 0x03, 0x00, 0x00,
    0x00, 0x0c, 0x00, 0x00, 0x00, 0x0f, 0x00, 0x00, 0x00, 0x00, 0x00, 0x00,
    0x00, 0x00, 0x00, 0x00, 0x00, 0x2a, 0x02, 0x00, 0x00, 0x05, 0x00, 0x00,
    0x00, 0x00, 0x00, 0x00, 0x00, 0x03, 0x00, 0x00, 0x00, 0x0d, 0x00, 0x00,
    0x00, 0x0f, 0x00, 0x00, 0x00, 0x00, 0x00, 0x00, 0x00, 0x00, 0x00, 0x00,
    0x00, 0x2a, 0x02, 0x00, 0x00, 0x06, 0x00, 0x00, 0x00, 0x00, 0x00, 0x00,
    0x00, 0x03, 0x00, 0x00, 0x00, 0x0e, 0x00, 0x00, 0x00, 0x0f, 0x00, 0x00,
    0x00, 0x00, 0x00, 0x00, 0x00, 0x00, 0x00, 0x00, 0x00, 0x2a, 0x02, 0x00,
    0x00, 0x07, 0x00, 0x00, 0x00, 0x00, 0x00, 0x00, 0x00, 0x03, 0x00, 0x00,
    0x00, 0x0f, 0x00, 0x00, 0x00, 0x0f, 0x00, 0x00, 0x00, 0x00, 0x00, 0x00,
    0x00, 0x53, 0x56, 0x5f, 0x50, 0x6f, 0x73, 0x69, 0x74, 0x69, 0x6f, 0x6e,
    0x00, 0x53, 0x56, 0x5f, 0x43, 0x6c, 0x69, 0x70, 0x44, 0x69, 0x73, 0x74,
    0x61, 0x6e, 0x63, 0x65, 0x00, 0x43, 0x4f, 0x4c, 0x4f, 0x52, 0x00, 0x54,
    0x45, 0x58, 0x43, 0x4f, 0x4f, 0x52, 0x44, 0x00, 0x00, 0x50, 0x53, 0x56,
    0x30, 0x88, 0x05, 0x00, 0x00, 0x34, 0x00, 0x00, 0x00, 0x01, 0x00, 0x00,
    0x00, 0x00, 0x00, 0x00, 0x00, 0x00, 0x00, 0x00, 0x00, 0x00, 0x00, 0x00,
    0x00, 0x00, 0x00, 0x00, 0x00, 0xff, 0xff, 0xff, 0xff, 0x01, 0x00, 0x00,
    0x00, 0x10, 0x10, 0x00, 0x10, 0x10, 0x00, 0x00, 0x00, 0x00, 0x00, 0x00,
    0x00, 0x00, 0x00, 0x00, 0x00, 0x00, 0x00, 0x00, 0x00, 0xf9, 0x00, 0x00,
    0x00, 0x01, 0x00, 0x00, 0x00, 0x18, 0x00, 0x00, 0x00, 0x02, 0x00, 0x00,
    0x00, 0x00, 0x00, 0x00, 0x00, 0x00, 0x00, 0x00, 0x00, 0x00, 0x00, 0x00,
    0x00, 0x0d, 0x00, 0x00, 0x00, 0x00, 0x00, 0x00, 0x00, 0x00, 0x01, 0x00,
    0x00, 0x00, 0x42, 0x49, 0x54, 0x41, 0x4e, 0x47, 0x45, 0x4e, 0x54, 0x00,
    0x43, 0x4f, 0x4c, 0x4f, 0x52, 0x00, 0x43, 0x4f, 0x4c, 0x4f, 0x52, 0x00,
    0x42, 0x4c, 0x45, 0x4e, 0x44, 0x49, 0x4e, 0x44, 0x49, 0x43, 0x45, 0x53,
    0x00, 0x4e, 0x4f, 0x52, 0x4d, 0x41, 0x4c, 0x00, 0x50, 0x4f, 0x53, 0x49,
    0x54, 0x49, 0x4f, 0x4e, 0x00, 0x54, 0x41, 0x4e, 0x47, 0x45, 0x4e, 0x54,
    0x00, 0x54, 0x45, 0x58, 0x43, 0x4f, 0x4f, 0x52, 0x44, 0x00, 0x54, 0x45,
    0x58, 0x43, 0x4f, 0x4f, 0x52, 0x44, 0x00, 0x54, 0x45, 0x58, 0x43, 0x4f,
    0x4f, 0x52, 0x44, 0x00, 0x54, 0x45, 0x58, 0x43, 0x4f, 0x4f, 0x52, 0x44,
    0x00, 0x54, 0x45, 0x58, 0x43, 0x4f, 0x4f, 0x52, 0x44, 0x00, 0x54, 0x45,
    0x58, 0x43, 0x4f, 0x4f, 0x52, 0x44, 0x00, 0x54, 0x45, 0x58, 0x43, 0x4f,
    0x4f, 0x52, 0x44, 0x00, 0x54, 0x45, 0x58, 0x43, 0x4f, 0x4f, 0x52, 0x44,
    0x00, 0x42, 0x4c, 0x45, 0x4e, 0x44, 0x57, 0x45, 0x49, 0x47, 0x48, 0x54,
    0x00, 0x43, 0x4f, 0x4c, 0x4f, 0x52, 0x00, 0x43, 0x4f, 0x4c, 0x4f, 0x52,
    0x00, 0x43, 0x4f, 0x4c, 0x4f, 0x52, 0x00, 0x43, 0x4f, 0x4c, 0x4f, 0x52,
    0x00, 0x54, 0x45, 0x58, 0x43, 0x4f, 0x4f, 0x52, 0x44, 0x00, 0x54, 0x45,
    0x58, 0x43, 0x4f, 0x4f, 0x52, 0x44, 0x00, 0x54, 0x45, 0x58, 0x43, 0x4f,
    0x4f, 0x52, 0x44, 0x00, 0x54, 0x45, 0x58, 0x43, 0x4f, 0x4f, 0x52, 0x44,
    0x00, 0x54, 0x45, 0x58, 0x43, 0x4f, 0x4f, 0x52, 0x44, 0x00, 0x54, 0x45,
    0x58, 0x43, 0x4f, 0x4f, 0x52, 0x44, 0x00, 0x54, 0x45, 0x58, 0x43, 0x4f,
    0x4f, 0x52, 0x44, 0x00, 0x54, 0x45, 0x58, 0x43, 0x4f, 0x4f, 0x52, 0x44,
    0x00, 0x54, 0x45, 0x58, 0x43, 0x4f, 0x4f, 0x52, 0x44, 0x00, 0x6d, 0x61,
    0x69, 0x6e, 0x00, 0x00, 0x00, 0x09, 0x00, 0x00, 0x00, 0x00, 0x00, 0x00,
    0x00, 0x01, 0x00, 0x00, 0x00, 0x02, 0x00, 0x00, 0x00, 0x03, 0x00, 0x00,
    0x00, 0x04, 0x00, 0x00, 0x00, 0x05, 0x00, 0x00, 0x00, 0x06, 0x00, 0x00,
    0x00, 0x07, 0x00, 0x00, 0x00, 0x08, 0x00, 0x00, 0x00, 0x10, 0x00, 0x00,
    0x00, 0x01, 0x00, 0x00, 0x00, 0x00, 0x00, 0x00, 0x00, 0x01, 0x00, 0x43,
    0x00, 0x03, 0x00, 0x00, 0x00, 0x0b, 0x00, 0x00, 0x00, 0x00, 0x00, 0x00,
    0x00, 0x01, 0x01, 0x44, 0x00, 0x03, 0x00, 0x00, 0x00, 0x11, 0x00, 0x00,
    0x00, 0x01, 0x00, 0x00, 0x00, 0x01, 0x02, 0x44, 0x00, 0x03, 0x00, 0x00,
    0x00, 0x17, 0x00, 0x00, 0x00, 0x00, 0x00, 0x00, 0x00, 0x01, 0x03, 0x44,
    0x00, 0x01, 0x00, 0x00, 0x00, 0x24, 0x00, 0x00, 0x00, 0x00, 0x00, 0x00,
    0x00, 0x01, 0x04, 0x43, 0x00, 0x03, 0x00, 0x00, 0x00, 0x2b, 0x00, 0x00,
    0x00, 0x00, 0x00, 0x00, 0x00, 0x01, 0x05, 0x44, 0x00, 0x03, 0x00, 0x00,
    0x00, 0x34, 0x00, 0x00, 0x00, 0x00, 0x00, 0x00, 0x00, 0x01, 0x06, 0x43,
    0x00, 0x03, 0x00, 0x00, 0x00, 0x3c, 0x00, 0x00, 0x00, 0x00, 0x00, 0x00,
    0x00, 0x01, 0x07, 0x44, 0x00, 0x03, 0x00, 0x00, 0x00, 0x45, 0x00, 0x00,
    0x00, 0x01, 0x00, 0x00, 0x00, 0x01, 0x08, 0x44, 0x00, 0x03, 0x00, 0x00,
    0x00, 0x4e, 0x00, 0x00, 0x00, 0x02, 0x00, 0x00, 0x00, 0x01, 0x09, 0x44,
    0x00, 0x03, 0x00, 0x00, 0x00, 0x57, 0x00, 0x00, 0x00, 0x03, 0x00, 0x00,
    0x00, 0x01, 0x0a, 0x44, 0x00, 0x03, 0x00, 0x00, 0x00, 0x60, 0x00, 0x00,
    0x00, 0x04, 0x00, 0x00, 0x00, 0x01, 0x0b, 0x44, 0x00, 0x03, 0x00, 0x00,
    0x00, 0x69, 0x00, 0x00, 0x00, 0x05, 0x00, 0x00, 0x00, 0x01, 0x0c, 0x44,
    0x00, 0x03, 0x00, 0x00, 0x00, 0x72, 0x00, 0x00, 0x00, 0x06, 0x00, 0x00,
    0x00, 0x01, 0x0d, 0x44, 0x00, 0x03, 0x00, 0x00, 0x00, 0x7b, 0x00, 0x00,
    0x00, 0x07, 0x00, 0x00, 0x00, 0x01, 0x0e, 0x44, 0x00, 0x03, 0x00, 0x00,
    0x00, 0x84, 0x00, 0x00, 0x00, 0x00, 0x00, 0x00, 0x00, 0x01, 0x0f, 0x43,
    0x00, 0x03, 0x00, 0x00, 0x00, 0x00, 0x00, 0x00, 0x00, 0x00, 0x00, 0x00,
    0x00, 0x01, 0x00, 0x44, 0x03, 0x03, 0x04, 0x00, 0x00, 0x00, 0x00, 0x00,
    0x00, 0x00, 0x00, 0x00, 0x00, 0x01, 0x01, 0x44, 0x06, 0x03, 0x02, 0x00,
    0x00, 0x00, 0x00, 0x00, 0x00, 0x01, 0x00, 0x00, 0x00, 0x01, 0x02, 0x44,
    0x06, 0x03, 0x02, 0x00, 0x00, 0x90, 0x00, 0x00, 0x00, 0x00, 0x00, 0x00,
    0x00, 0x01, 0x03, 0x44, 0x00, 0x03, 0x02, 0x00, 0x00, 0x96, 0x00, 0x00,
    0x00, 0x01, 0x00, 0x00, 0x00, 0x01, 0x04, 0x44, 0x00, 0x03, 0x02, 0x00,
    0x00, 0x9c, 0x00, 0x00, 0x00, 0x02, 0x00, 0x00, 0x00, 0x01, 0x05, 0x44,
    0x00, 0x03, 0x01, 0x00, 0x00, 0xa2, 0x00, 0x00, 0x00, 0x03, 0x00, 0x00,
    0x00, 0x01, 0x06, 0x44, 0x00, 0x03, 0x01, 0x00, 0x00, 0xa8, 0x00, 0x00,
    0x00, 0x08, 0x00, 0x00, 0x00, 0x01, 0x07, 0x44, 0x00, 0x03, 0x02, 0x00,
    0x00, 0xb1, 0x00, 0x00, 0x00, 0x00, 0x00, 0x00, 0x00, 0x01, 0x08, 0x44,
    0x00, 0x03, 0x02, 0x00, 0x00, 0xba, 0x00, 0x00, 0x00, 0x01, 0x00, 0x00,
    0x00, 0x01, 0x09, 0x44, 0x00, 0x03, 0x02, 0x00, 0x00, 0xc3, 0x00, 0x00,
    0x00, 0x02, 0x00, 0x00, 0x00, 0x01, 0x0a, 0x44, 0x00, 0x03, 0x02, 0x00,
    0x00, 0xcc, 0x00, 0x00, 0x00, 0x03, 0x00, 0x00, 0x00, 0x01, 0x0b, 0x44,
    0x00, 0x03, 0x02, 0x00, 0x00, 0xd5, 0x00, 0x00, 0x00, 0x04, 0x00, 0x00,
    0x00, 0x01, 0x0c, 0x44, 0x00, 0x03, 0x02, 0x00, 0x00, 0xde, 0x00, 0x00,
    0x00, 0x05, 0x00, 0x00, 0x00, 0x01, 0x0d, 0x44, 0x00, 0x03, 0x02, 0x00,
    0x00, 0xe7, 0x00, 0x00, 0x00, 0x06, 0x00, 0x00, 0x00, 0x01, 0x0e, 0x44,
    0x00, 0x03, 0x02, 0x00, 0x00, 0xf0, 0x00, 0x00, 0x00, 0x07, 0x00, 0x00,
    0x00, 0x01, 0x0f, 0x44, 0x00, 0x03, 0x02, 0x00, 0x00, 0x00, 0x70, 0x77,
    0x07, 0xff, 0xff, 0xff, 0xbf, 0x00, 0x70, 0x77, 0x07, 0xff, 0xff, 0xff,
    0xbf, 0x00, 0x70, 0x77, 0x07, 0xff, 0xff, 0xff, 0xbf, 0x00, 0x00, 0x00,
    0x00, 0x00, 0x00, 0x00, 0x00, 0x00, 0x10, 0x11, 0x01, 0x00, 0x00, 0x00,
    0x00, 0x00, 0x20, 0x22, 0x02, 0x00, 0x00, 0x00, 0x00, 0x00, 0x40, 0x44,
    0x04, 0x00, 0x00, 0x00, 0x00, 0x00, 0x80, 0x80, 0x00, 0x00, 0x00, 0x00,
    0x00, 0x00, 0x10, 0x11, 0x01, 0x00, 0x00, 0x00, 0x00, 0x00, 0x20, 0x22,
    0x02, 0x00, 0x00, 0x00, 0x00, 0x00, 0x40, 0x44, 0x04, 0x00, 0x00, 0x00,
    0x00, 0x00, 0x80, 0x88, 0x08, 0x00, 0x00, 0x00, 0x00, 0xff, 0x73, 0x77,
    0x47, 0xff, 0xff, 0xff, 0xff, 0xff, 0x73, 0x77, 0x47, 0xff, 0xff, 0xff,
    0xff, 0xff, 0x73, 0x77, 0x47, 0xff, 0xff, 0xff, 0xff, 0xff, 0x73, 0x77,
    0x47, 0xff, 0xff, 0xff, 0xff, 0x00, 0x70, 0x77, 0x07, 0xff, 0xff, 0xff,
    0xbf, 0x00, 0x70, 0x77, 0x07, 0xff, 0xff, 0xff, 0xbf, 0x00, 0x70, 0x77,
    0x07, 0xff, 0xff, 0xff, 0xbf, 0x00, 0x00, 0x00, 0x00, 0x00, 0x00, 0x00,
    0x00, 0xff, 0x73, 0x77, 0x47, 0xff, 0xff, 0xff, 0xff, 0xff, 0x73, 0x77,
    0x47, 0xff, 0xff, 0xff, 0xff, 0xff, 0x73, 0x77, 0x47, 0xff, 0xff, 0xff,
    0xff, 0x00, 0x00, 0x00, 0x00, 0x00, 0x00, 0x00, 0x00, 0xff, 0x73, 0x77,
    0x47, 0xff, 0xff, 0xff, 0xff, 0xff, 0x73, 0x77, 0x47, 0xff, 0xff, 0xff,
    0xff, 0xff, 0x73, 0x77, 0x47, 0xff, 0xff, 0xff, 0xff, 0x00, 0x00, 0x00,
    0x00, 0x00, 0x00, 0x00, 0x00, 0x00, 0x00, 0x00, 0x00, 0xff, 0xff, 0xff,
    0xbf, 0x00, 0x00, 0x00, 0x00, 0xff, 0xff, 0xff, 0xbf, 0x00, 0x00, 0x00,
    0x00, 0x00, 0x00, 0x00, 0x00, 0x00, 0x00, 0x00, 0x00, 0x00, 0x00, 0x00,
    0x00, 0x00, 0x00, 0x00, 0x00, 0xff, 0xff, 0xff, 0xbf, 0x00, 0x00, 0x00,
    0x00, 0xff, 0xff, 0xff, 0xbf, 0x00, 0x00, 0x00, 0x00, 0x00, 0x00, 0x00,
    0x00, 0x00, 0x00, 0x00, 0x00, 0x00, 0x00, 0x00, 0x00, 0x00, 0x00, 0x00,
    0x00, 0xff, 0xff, 0xff, 0xbf, 0x00, 0x00, 0x00, 0x00, 0xff, 0xff, 0xff,
    0xbf, 0x00, 0x00, 0x00, 0x00, 0x00, 0x00, 0x00, 0x00, 0x00, 0x00, 0x00,
    0x00, 0x00, 0x00, 0x00, 0x00, 0x00, 0x00, 0x00, 0x00, 0xff, 0xff, 0xff,
    0xbf, 0x00, 0x00, 0x00, 0x00, 0xff, 0xff, 0xff, 0xbf, 0x00, 0x00, 0x00,
    0x00, 0x00, 0x00, 0x00, 0x00, 0x00, 0x00, 0x00, 0x00, 0x00, 0x00, 0x00,
    0x00, 0x00, 0x00, 0x00, 0x00, 0xff, 0xff, 0xff, 0xbf, 0x00, 0x00, 0x00,
    0x00, 0xff, 0xff, 0xff, 0xbf, 0x00, 0x00, 0x00, 0x00, 0x00, 0x00, 0x00,
    0x00, 0x00, 0x00, 0x00, 0x00, 0x00, 0x00, 0x00, 0x00, 0x00, 0x00, 0x00,
    0x00, 0xff, 0xff, 0xff, 0xbf, 0x00, 0x00, 0x00, 0x00, 0xff, 0xff, 0xff,
    0xbf, 0x00, 0x00, 0x00, 0x00, 0x00, 0x00, 0x00, 0x00, 0x00, 0x00, 0x00,
    0x00, 0x00, 0x00, 0x00, 0x00, 0x00, 0x00, 0x00, 0x00, 0xff, 0xff, 0xff,
    0xbf, 0x00, 0x00, 0x00, 0x00, 0xff, 0xff, 0xff, 0xbf, 0x00, 0x00, 0x00,
    0x00, 0x00, 0x00, 0x00, 0x00, 0x00, 0x00, 0x00, 0x00, 0x00, 0x00, 0x00,
    0x00, 0x00, 0x00, 0x00, 0x00, 0xff, 0xff, 0xff, 0xbf, 0x00, 0x00, 0x00,
    0x00, 0xff, 0xff, 0xff, 0xbf, 0x00, 0x00, 0x00, 0x00, 0x00, 0x00, 0x00,
    0x00, 0x00, 0x00, 0x00, 0x00, 0x00, 0x00, 0x00, 0x00, 0xff, 0x73, 0x77,
    0x47, 0xff, 0xff, 0xff, 0xff, 0xff, 0x73, 0x77, 0x47, 0xff, 0xff, 0xff,
    0xff, 0xff, 0x73, 0x77, 0x47, 0xff, 0xff, 0xff, 0xff, 0x00, 0x00, 0x00,
    0x00, 0x00, 0x00, 0x00, 0x00, 0x49, 0x4c, 0x44, 0x4e, 0x2c, 0x00, 0x00,
    0x00, 0x00, 0x00, 0x24, 0x00, 0x31, 0x66, 0x34, 0x64, 0x36, 0x66, 0x33,
    0x37, 0x31, 0x63, 0x62, 0x63, 0x37, 0x64, 0x65, 0x38, 0x33, 0x33, 0x64,
    0x34, 0x61, 0x31, 0x35, 0x62, 0x30, 0x66, 0x38, 0x37, 0x36, 0x33, 0x36,
    0x61, 0x2e, 0x70, 0x64, 0x62, 0x00, 0x00, 0x00, 0x00, 0x48, 0x41, 0x53,
    0x48, 0x14, 0x00, 0x00, 0x00, 0x00, 0x00, 0x00, 0x00, 0x1f, 0x4d, 0x6f,
    0x37, 0x1c, 0xbc, 0x7d, 0xe8, 0x33, 0xd4, 0xa1, 0x5b, 0x0f, 0x87, 0x63,
    0x6a, 0x44, 0x58, 0x49, 0x4c, 0xe0, 0x64, 0x00, 0x00, 0x60, 0x00, 0x01,
    0x00, 0x38, 0x19, 0x00, 0x00, 0x44, 0x58, 0x49, 0x4c, 0x00, 0x01, 0x00,
    0x00, 0x10, 0x00, 0x00, 0x00, 0xc8, 0x64, 0x00, 0x00, 0x42, 0x43, 0xc0,
    0xde, 0x21, 0x0c, 0x00, 0x00, 0x2f, 0x19, 0x00, 0x00, 0x0b, 0x82, 0x20,
    0x00, 0x02, 0x00, 0x00, 0x00, 0x13, 0x00, 0x00, 0x00, 0x07, 0x81, 0x23,
    0x91, 0x41, 0xc8, 0x04, 0x49, 0x06, 0x10, 0x32, 0x39, 0x92, 0x01, 0x84,
    0x0c, 0x25, 0x05, 0x08, 0x19, 0x1e, 0x04, 0x8b, 0x62, 0x80, 0x18, 0x45,
    0x02, 0x42, 0x92, 0x0b, 0x42, 0xc4, 0x10, 0x32, 0x14, 0x38, 0x08, 0x18,
    0x4b, 0x0a, 0x32, 0x62, 0x88, 0x48, 0x90, 0x14, 0x20, 0x43, 0x46, 0x88,
    0xa5, 0x00, 0x19, 0x32, 0x42, 0xe4, 0x48, 0x0e, 0x90, 0x11, 0x23, 0xc4,
    0x50, 0x41, 0x51, 0x81, 0x8c, 0xe1, 0x83, 0xe5, 0x8a, 0x04, 0x31, 0x46,
    0x06, 0x51, 0x18, 0x00, 0x00, 0x08, 0x00, 0x00, 0x00, 0x1b, 0x8c, 0xe0,
    0xff, 0xff, 0xff, 0xff, 0x07, 0x40, 0x02, 0xa8, 0x0d, 0x84, 0xf0, 0xff,
    0xff, 0xff, 0xff, 0x03, 0x20, 0x6d, 0x30, 0x86, 0xff, 0xff, 0xff, 0xff,
    0x1f, 0x00, 0x09, 0xa8, 0x00, 0x49, 0x18, 0x00, 0x00, 0x03, 0x00, 0x00,
    0x00, 0x13, 0x82, 0x60, 0x42, 0x20, 0x4c, 0x08, 0x06, 0x00, 0x00, 0x00,
    0x00, 0x89, 0x20, 0x00, 0x00, 0x39, 0x00, 0x00, 0x00, 0x32, 0x22, 0x88,
    0x09, 0x20, 0x64, 0x85, 0x04, 0x13, 0x23, 0xa4, 0x84, 0x04, 0x13, 0x23,
    0xe3, 0x84, 0xa1, 0x90, 0x14, 0x12, 0x4c, 0x8c, 0x8c, 0x0b, 0x84, 0xc4,
    0x4c, 0x10, 0xbc, 0xc1, 0x1c, 0x01, 0x18, 0x64, 0x00, 0x40, 0xc1, 0x08,
    0x40, 0x09, 0x06, 0x22, 0x66, 0x00, 0xe6, 0x08, 0x90, 0x62, 0x18, 0x00,
    0x00, 0x1c, 0x00, 0x21, 0xc5, 0x00, 0x00, 0x00, 0x38, 0x00, 0x52, 0x8a,
    0x31, 0x00, 0x00, 0x70, 0x18, 0xc4, 0x14, 0xc5, 0x00, 0x0c, 0xc3, 0x30,
    0x0c, 0xc3, 0x30, 0xc8, 0x29, 0x88, 0x01, 0x18, 0x86, 0x61, 0x18, 0x06,
    0x41, 0x65, 0x30, 0x00, 0x83, 0xa4, 0x42, 0x18, 0x80, 0x61, 0x10, 0x75,
    0xd4, 0x70, 0xf9, 0x13, 0xf6, 0x10, 0x92, 0xcf, 0x6d, 0x54, 0xb1, 0x12,
    0x93, 0x5f, 0xdc, 0x36, 0x22, 0x0c, 0xc3, 0x30, 0xe8, 0xb8, 0x67, 0xb8,
    0xfc, 0x09, 0x7b, 0x08, 0xc9, 0x0f, 0x81, 0x66, 0x58, 0x08, 0x14, 0x5c,
    0x85, 0xb0, 0x00, 0x0c, 0xa0, 0xac, 0x14, 0x06, 0x60, 0x18, 0x06, 0x6d,
    0x73, 0x04, 0x41, 0x31, 0x30, 0xe0, 0x00, 0x80, 0x8e, 0xbc, 0x81, 0x80,
    0x61, 0x04, 0xc2, 0x48, 0x82, 0x30, 0x11, 0xc4, 0x24, 0x10, 0x93, 0x22,
    0x4c, 0x9c, 0x30, 0x41, 0xc2, 0x34, 0x08, 0x67, 0x9a, 0xd0, 0xe1, 0x1d,
    0xe6, 0x81, 0x1e, 0xd8, 0x21, 0x1c, 0xf2, 0xe1, 0x1d, 0xea, 0x81, 0x1e,
    0xdc, 0x80, 0x0c, 0x4e, 0x81, 0x1d, 0xde, 0x41, 0x1c, 0xc2, 0x81, 0x1d,
    0xe6, 0x01, 0x21, 0x23, 0x39, 0x96, 0xe6, 0x89, 0x86, 0x94, 0x26, 0x60,
    0x00, 0x30, 0x47, 0x00, 0x0a, 0x04, 0x4c, 0x01, 0x00, 0x13, 0x14, 0x72,
    0xc0, 0x87, 0x74, 0x60, 0x87, 0x36, 0x68, 0x87, 0x79, 0x68, 0x03, 0x72,
    0xc0, 0x87, 0x0d, 0xaf, 0x50, 0x0e, 0x6d, 0xd0, 0x0e, 0x7a, 0x50, 0x0e,
    0x6d, 0x00, 0x0f, 0x7a, 0x30, 0x07, 0x72, 0xa0, 0x07, 0x73, 0x20, 0x07,
    0x6d, 0x90, 0x0e, 0x71, 0xa0, 0x07, 0x73, 0x20, 0x07, 0x6d, 0x90, 0x0e,
    0x78, 0xa0, 0x07, 0x73, 0x20, 0x07, 0x6d, 0x90, 0x0e, 0x71, 0x60, 0x07,
    0x7a, 0x30, 0x07, 0x72, 0xd0, 0x06, 0xe9, 0x30, 0x07, 0x72, 0xa0, 0x07,
    0x73, 0x20, 0x07, 0x6d, 0x90, 0x0e, 0x76, 0x40, 0x07, 0x7a, 0x60, 0x07,
    0x74, 0xd0, 0x06, 0xe6, 0x10, 0x07, 0x76, 0xa0, 0x07, 0x73, 0x20, 0x07,
    0x6d, 0x60, 0x0e, 0x73, 0x20, 0x07, 0x7a, 0x30, 0x07, 0x72, 0xd0, 0x06,
    0xe6, 0x60, 0x07, 0x74, 0xa0, 0x07, 0x76, 0x40, 0x07, 0x6d, 0xe0, 0x0e,
    0x78, 0xa0, 0x07, 0x71, 0x60, 0x07, 0x7a, 0x30, 0x07, 0x72, 0xa0, 0x07,
    0x76, 0x40, 0x07, 0x3a, 0x0f, 0x24, 0x90, 0x21, 0x23, 0x25, 0x40, 0x00,
    0x1e, 0xd2, 0x60, 0x0c, 0x79, 0x08, 0x00, 0x00, 0x00, 0x00, 0x00, 0x00,
    0x00, 0x00, 0x00, 0x00, 0x18, 0xf2, 0x20, 0x40, 0x00, 0x04, 0x00, 0x00,
    0x00, 0x00, 0x00, 0x00, 0x00, 0x30, 0xe4, 0x51, 0x80, 0x00, 0x08, 0x00,
    0x00, 0x00, 0x00, 0x00, 0x00, 0x00, 0x60, 0xc8, 0xc3, 0x00, 0x01, 0x20,
    0x00, 0x00, 0x00, 0x00, 0x00, 0x00, 0x00, 0xc0, 0x90, 0xc7, 0x01, 0x02,
    0x20, 0x00, 0x00, 0x00, 0x00, 0x00, 0x00, 0x00, 0x80, 0x21, 0x0f, 0x04,
    0x04, 0x40, 0x00, 0x00, 0x00, 0x00, 0x00, 0x00, 0x00, 0x00, 0x43, 0x1e,
    0x09, 0x08, 0x80, 0x00, 0x00, 0x00, 0x00, 0x00, 0x00, 0x00, 0x00, 0x86,
    0x3c, 0x14, 0x10, 0x00, 0x01, 0x00, 0x00, 0x00, 0x00, 0x00, 0x00, 0x00,
    0x0c, 0x79, 0x32, 0x20, 0x00, 0x06, 0x00, 0x00, 0x00, 0x00, 0x00, 0x00,
    0x00, 0x18, 0xf2, 0x6c, 0x40, 0x00, 0x04, 0x00, 0x00, 0x00, 0x00, 0x00,
    0x00, 0x00, 0x30, 0xe4, 0xf1, 0x80, 0x00, 0x18, 0x00, 0x00, 0x00, 0x00,
    0x00, 0x00, 0x00, 0x20, 0x0b, 0x04, 0x00, 0x00, 0x00, 0x6d, 0x00, 0x00,
    0x00, 0x32, 0x1e, 0x98, 0x18, 0x19, 0x11, 0x4c, 0x90, 0x8c, 0x09, 0x26,
    0x47, 0xc6, 0x04, 0x43, 0x02, 0x4a, 0x60, 0x04, 0xa0, 0x20, 0x8a, 0xa1,
    0xc0, 0x61, 0xca, 0xa0, 0x1c, 0xca, 0xa3, 0x08, 0x0a, 0xa1, 0x14, 0x4a,
    0xa2, 0x28, 0xca, 0xa2, 0x30, 0x4a, 0xa3, 0x38, 0x88, 0x2d, 0x01, 0x3a,
    0x4a, 0x62, 0x04, 0xa0, 0x0c, 0x0a, 0xa1, 0x14, 0x8a, 0xa1, 0x08, 0x4a,
    0x80, 0xd4, 0x19, 0x00, 0x5a, 0xc7, 0x02, 0x89, 0x3f, 0x00, 0x05, 0x10,
    0xe4, 0xdd, 0x7b, 0xf8, 0xff, 0xff, 0xff, 0x7f, 0x01, 0x04, 0x79, 0xf7,
    0x1e, 0xfe, 0xff, 0xff, 0xff, 0x5f, 0x00, 0x41, 0xde, 0xbd, 0x87, 0xff,
    0xff, 0xff, 0xff, 0x17, 0x00, 0x00, 0x04, 0x49, 0x31, 0x02, 0x40, 0x10,
    0x25, 0xc5, 0x00, 0x00, 0x41, 0x18, 0x25, 0x05, 0x00, 0x04, 0xc1, 0x10,
    0x01, 0x40, 0x90, 0x14, 0x23, 0x00, 0x04, 0x51, 0x52, 0x0c, 0x00, 0x10,
    0x84, 0x51, 0x52, 0x00, 0x40, 0x10, 0x8c, 0x51, 0x02, 0xf8, 0x7f, 0xde,
    0xbd, 0xc7, 0xe0, 0xff, 0xff, 0xff, 0xff, 0x87, 0xff, 0xe7, 0xdd, 0x7b,
    0x0c, 0xfe, 0xff, 0xff, 0xff, 0x7f, 0xf8, 0x7f, 0xde, 0xbd, 0xc7, 0xe0,
    0xff, 0xff, 0xff, 0xff, 0x87, 0xff, 0xe7, 0xdd, 0x7b, 0x0c, 0xfe, 0xff,
    0xff, 0xff, 0x7f, 0x00, 0x41, 0xde, 0xbd, 0x87, 0xff, 0xff, 0xff, 0xff,
    0x17, 0x40, 0x90, 0x77, 0xef, 0xe1, 0xff, 0xff, 0xff, 0xff, 0x05, 0x10,
    0xe4, 0xdd, 0x7b, 0xf8, 0xff, 0xff, 0xff, 0x7f, 0x01, 0x00, 0xfe, 0x9f,
    0x77, 0xef, 0x31, 0xf8, 0xff, 0xff, 0xff, 0xff, 0xe1, 0xff, 0x79, 0xf7,
    0x1e, 0x83, 0xff, 0xff, 0xff, 0xff, 0x1f, 0xfe, 0x9f, 0x77, 0xef, 0x31,
    0xf8, 0xff, 0xff, 0xff, 0xff, 0x01, 0x00, 0xfe, 0x9f, 0x77, 0xef, 0x31,
    0xf8, 0xff, 0xff, 0xff, 0xff, 0xe1, 0xff, 0x79, 0xf7, 0x1e, 0x83, 0xff,
    0xff, 0xff, 0xff, 0x1f, 0xfe, 0x9f, 0x77, 0xef, 0x31, 0xf8, 0xff, 0xff,
    0xff, 0xff, 0x01, 0x00, 0x80, 0xff, 0xff, 0xff, 0xff, 0x17, 0x80, 0xff,
    0xff, 0xff, 0xff, 0x17, 0x00, 0x00, 0x00, 0x80, 0xff, 0xff, 0xff, 0xff,
    0x17, 0x80, 0xff, 0xff, 0xff, 0xff, 0x17, 0x00, 0x00, 0x00, 0x80, 0xff,
    0xff, 0xff, 0xff, 0x17, 0x80, 0xff, 0xff, 0xff, 0xff, 0x17, 0x00, 0x00,
    0x00, 0x80, 0xff, 0xff, 0xff, 0xff, 0x17, 0x80, 0xff, 0xff, 0xff, 0xff,
    0x17, 0x00, 0x00, 0x00, 0x80, 0xff, 0xff, 0xff, 0xff, 0x17, 0x80, 0xff,
    0xff, 0xff, 0xff, 0x17, 0x00, 0x00, 0x00, 0x80, 0xff, 0xff, 0xff, 0xff,
    0x17, 0x80, 0xff, 0xff, 0xff, 0xff, 0x17, 0x00, 0x00, 0x00, 0x80, 0xff,
    0xff, 0xff, 0xff, 0x17, 0x80, 0xff, 0xff, 0xff, 0xff, 0x17, 0x00, 0x00,
    0x00, 0x80, 0xff, 0xff, 0xff, 0xff, 0x17, 0x80, 0xff, 0xff, 0xff, 0xff,
    0x17, 0x00, 0x00, 0x00, 0xfe, 0x9f, 0x77, 0xef, 0x31, 0xf8, 0xff, 0xff,
    0xff, 0xff, 0xe1, 0xff, 0x79, 0xf7, 0x1e, 0x83, 0xff, 0xff, 0xff, 0xff,
    0x1f, 0xfe, 0x9f, 0x77, 0xef, 0x31, 0xf8, 0xff, 0xff, 0xff, 0xff, 0x81,
    0x82, 0x11, 0x00, 0x00, 0x00, 0x79, 0x18, 0x00, 0x00, 0xe8, 0x00, 0x00,
    0x00, 0x1a, 0x03, 0x4c, 0x90, 0x46, 0x02, 0x13, 0x44, 0x8f, 0x0c, 0x6f,
    0xec, 0xed, 0x4d, 0x0c, 0x24, 0xc6, 0x05, 0xc7, 0x45, 0xa6, 0x06, 0x46,
    0xc6, 0x25, 0x26, 0x06, 0x04, 0x45, 0x66, 0x26, 0x27, 0x47, 0x26, 0xa6,
    0x46, 0x46, 0x26, 0x65, 0x43, 0x10, 0x4c, 0x10, 0x00, 0x66, 0x82, 0x00,
    0x34, 0x1b, 0x84, 0x81, 0x98, 0x20, 0x00, 0xce, 0x06, 0x61, 0x30, 0x28,
    0xd8, 0xcd, 0x4d, 0x10, 0x80, 0x67, 0xc3, 0x80, 0x24, 0xc4, 0x04, 0x41,
    0x0d, 0xcc, 0x80, 0xc0, 0x04, 0x01, 0x80, 0x36, 0x20, 0xc4, 0xc2, 0x10,
    0xc4, 0xd0, 0x00, 0x1b, 0x02, 0x67, 0x03, 0x01, 0x00, 0x0f, 0x30, 0x41,
    0x58, 0x83, 0x33, 0xd8, 0x10, 0x44, 0x13, 0x84, 0x22, 0x20, 0xd1, 0x16,
    0x96, 0xe6, 0xc6, 0x44, 0x28, 0x89, 0x2a, 0xc8, 0xe9, 0xa8, 0xc8, 0x89,
    0x6a, 0x82, 0x70, 0x78, 0x13, 0x84, 0xe3, 0xdb, 0x10, 0x10, 0x13, 0x84,
    0x03, 0x0c, 0x26, 0x08, 0x40, 0x34, 0x41, 0x00, 0xa4, 0x0d, 0x82, 0xb6,
    0x6d, 0x58, 0x88, 0xca, 0xba, 0xb0, 0x6b, 0xc8, 0x88, 0x8b, 0x63, 0x31,
    0xf4, 0xc4, 0xf4, 0x24, 0x35, 0x41, 0x38, 0xc2, 0x60, 0x82, 0x00, 0x4c,
    0x1b, 0x04, 0x0d, 0x0c, 0x36, 0x2c, 0x83, 0x67, 0x5d, 0xd8, 0x35, 0x7c,
    0xc3, 0x15, 0x06, 0x13, 0x04, 0x80, 0xda, 0x10, 0x0c, 0x1b, 0x96, 0x31,
    0xf0, 0xac, 0x8b, 0x0c, 0xae, 0xe1, 0x1b, 0x83, 0x2b, 0x0c, 0xc8, 0x08,
    0x31, 0x15, 0x39, 0x11, 0x25, 0x39, 0x11, 0x25, 0x0d, 0x15, 0x4d, 0x4d,
    0x10, 0x0e, 0x31, 0xd8, 0xb0, 0x68, 0x66, 0x70, 0x06, 0x17, 0x76, 0x0d,
    0x9f, 0x76, 0x85, 0xc1, 0x04, 0x01, 0xa8, 0x68, 0x38, 0x3d, 0x49, 0x35,
    0x05, 0x31, 0x6d, 0x58, 0xd2, 0x40, 0x0d, 0xac, 0x0b, 0xbb, 0x86, 0x2c,
    0x0d, 0x2e, 0x6e, 0x82, 0x00, 0x58, 0x44, 0xa0, 0x9e, 0xa6, 0x92, 0xa8,
    0x92, 0x9e, 0x9c, 0x36, 0x2c, 0x6c, 0xd0, 0x06, 0xd6, 0x85, 0x5d, 0xc3,
    0xc7, 0x06, 0x17, 0xc7, 0x83, 0x2a, 0xc8, 0xe9, 0xa8, 0xc8, 0x89, 0x6a,
    0xc3, 0x92, 0xbc, 0x81, 0x75, 0x61, 0xd7, 0x90, 0x25, 0x17, 0x47, 0x84,
    0xaa, 0x08, 0x6b, 0xe8, 0xe9, 0x49, 0x8a, 0x68, 0x83, 0xa0, 0x69, 0x1b,
    0x96, 0x2d, 0x0e, 0xac, 0x0b, 0xbb, 0x86, 0x6f, 0xbb, 0xe4, 0x60, 0xc3,
    0x62, 0xc4, 0x81, 0x75, 0x91, 0xc1, 0x35, 0x7c, 0xc6, 0x25, 0x07, 0x13,
    0x04, 0xe0, 0xda, 0x10, 0x8c, 0xc1, 0x86, 0xa5, 0x0e, 0xe2, 0xc0, 0xba,
    0xec, 0xe0, 0x1a, 0xbe, 0x3a, 0xb8, 0xe4, 0x60, 0x82, 0x00, 0x60, 0x1b,
    0x02, 0x6d, 0xc3, 0x82, 0x07, 0x71, 0x60, 0x5d, 0x79, 0x70, 0x0d, 0x1f,
    0x1e, 0x5c, 0x72, 0x30, 0x41, 0x00, 0xb2, 0x0d, 0x41, 0x1a, 0x6c, 0x58,
    0xf6, 0x20, 0x0e, 0xac, 0x8b, 0x0f, 0xae, 0xe1, 0xdb, 0x83, 0x4b, 0x0e,
    0x26, 0x08, 0x80, 0xb6, 0x21, 0x60, 0x83, 0x0d, 0x8b, 0x1f, 0xc4, 0x81,
    0x75, 0xfd, 0xc1, 0x35, 0x7c, 0x7e, 0x70, 0xc9, 0xc1, 0x04, 0x01, 0xd8,
    0x36, 0x04, 0xc9, 0x86, 0x25, 0x14, 0xe2, 0xc0, 0xba, 0x44, 0xe1, 0x1a,
    0xbe, 0x50, 0xb8, 0xe4, 0x60, 0x82, 0x00, 0x70, 0x1b, 0x82, 0x6d, 0xc3,
    0x42, 0x0a, 0x71, 0x60, 0x5d, 0xa5, 0x70, 0x0d, 0x1f, 0x29, 0x5c, 0x72,
    0xc0, 0x45, 0x88, 0xa9, 0xc8, 0x89, 0xe8, 0xaa, 0x28, 0xe9, 0x08, 0x89,
    0x6a, 0xc3, 0x02, 0x06, 0xa7, 0x60, 0x5d, 0xd8, 0x35, 0x64, 0x60, 0x70,
    0x71, 0x1b, 0xa0, 0x4e, 0x0c, 0xca, 0x00, 0x0d, 0xd6, 0xc0, 0x0d, 0xe0,
    0x60, 0x0e, 0xe8, 0xe0, 0x0e, 0xf4, 0xa0, 0x0f, 0x40, 0x61, 0x14, 0x4c,
    0x01, 0x15, 0xb8, 0x4c, 0x59, 0x7d, 0x41, 0xbd, 0xcd, 0xa5, 0xd1, 0xa5,
    0xbd, 0xb9, 0x6d, 0x58, 0x08, 0x55, 0xb0, 0x32, 0xec, 0x1b, 0x3e, 0xe2,
    0x0a, 0x03, 0x3e, 0x53, 0x56, 0x5f, 0x43, 0x6c, 0x69, 0x70, 0x44, 0x69,
    0x73, 0x74, 0x61, 0x6e, 0x63, 0x65, 0x13, 0x84, 0x63, 0x0c, 0x26, 0x08,
    0x07, 0x19, 0x6c, 0x58, 0x06, 0x56, 0xb0, 0x5a, 0x01, 0x73, 0x85, 0xe1,
    0x1b, 0xae, 0x30, 0xd8, 0xb0, 0x8c, 0x01, 0x2b, 0x58, 0xad, 0x40, 0x06,
    0xae, 0x30, 0x7c, 0x63, 0x70, 0x85, 0xc1, 0x86, 0x45, 0xf3, 0xac, 0x0b,
    0x73, 0x85, 0xe1, 0xd3, 0xae, 0x30, 0xd8, 0xb0, 0xa4, 0x81, 0x67, 0x5d,
    0x64, 0xe0, 0x0a, 0xc3, 0x97, 0x06, 0x57, 0x18, 0x4c, 0x10, 0x8e, 0x32,
    0xd8, 0xb0, 0xb0, 0x81, 0x67, 0x5d, 0x76, 0x30, 0x0b, 0xc3, 0xc7, 0x06,
    0x57, 0x18, 0x6c, 0x58, 0x12, 0xcf, 0xba, 0xf2, 0x60, 0x16, 0x86, 0x2f,
    0xb9, 0xc2, 0x60, 0x43, 0x60, 0x6c, 0x58, 0xb6, 0x38, 0xb0, 0x2e, 0x5b,
    0x70, 0x85, 0xe1, 0xdb, 0xae, 0x30, 0xd8, 0xb0, 0x18, 0x71, 0x60, 0x5d,
    0x98, 0x2b, 0x0c, 0x9f, 0x71, 0x85, 0xc1, 0x86, 0xa5, 0x0e, 0xe2, 0xc0,
    0xba, 0xc8, 0xc0, 0x15, 0x86, 0xaf, 0x0e, 0xae, 0x30, 0xd8, 0xb0, 0xe0,
    0x41, 0x1c, 0x58, 0x97, 0x1d, 0xb8, 0xc2, 0xf0, 0xe1, 0xc1, 0x15, 0x06,
    0x1b, 0x96, 0x3d, 0x88, 0x03, 0xeb, 0xca, 0x03, 0x57, 0x18, 0xbe, 0x3d,
    0xb8, 0xc2, 0x60, 0xc3, 0xe2, 0x07, 0x71, 0x60, 0x5d, 0x7c, 0xe0, 0x0a,
    0xc3, 0xe7, 0x07, 0x57, 0x18, 0x6c, 0x58, 0x42, 0x21, 0x0e, 0xac, 0xeb,
    0x0f, 0x5c, 0x61, 0xf8, 0x42, 0xe1, 0x0a, 0x83, 0x0d, 0x0b, 0x29, 0xc4,
    0x81, 0x75, 0x89, 0x82, 0x2b, 0x0c, 0x1f, 0x29, 0x5c, 0x61, 0xb0, 0x61,
    0x01, 0x83, 0x38, 0xb0, 0xae, 0x52, 0x70, 0x85, 0xe1, 0x03, 0x83, 0x2b,
    0x0c, 0x36, 0x40, 0xab, 0xf0, 0x0a, 0xb0, 0x10, 0x0b, 0xb2, 0x40, 0x0b,
    0xb5, 0x70, 0x0b, 0xb8, 0x90, 0x0b, 0xba, 0xb0, 0x0b, 0xbc, 0xd0, 0x0b,
    0xbe, 0xf0, 0x0b, 0x1b, 0x86, 0x54, 0x00, 0x07, 0x60, 0x82, 0xc0, 0x06,
    0xdd, 0x06, 0x81, 0x10, 0x87, 0x0d, 0xc5, 0x44, 0x85, 0x03, 0x34, 0x0e,
    0x55, 0xd8, 0xd8, 0xec, 0xda, 0x5c, 0xd2, 0xc8, 0xca, 0xdc, 0xe8, 0xa6,
    0x04, 0x41, 0x15, 0x32, 0x3c, 0x17, 0xbb, 0x32, 0xb9, 0xb9, 0xb4, 0x37,
    0xb7, 0x29, 0x01, 0xd1, 0x84, 0x0c, 0xcf, 0xc5, 0x2e, 0x8c, 0xcd, 0xae,
    0x4c, 0x6e, 0x4a, 0x60, 0xd4, 0x21, 0xc3, 0x73, 0x99, 0x43, 0x0b, 0x23,
    0x2b, 0x93, 0x6b, 0x7a, 0x23, 0x2b, 0x63, 0x9b, 0x12, 0x24, 0x65, 0xc8,
    0xf0, 0x5c, 0xe4, 0xca, 0xe6, 0xde, 0xea, 0xe4, 0xc6, 0xca, 0xe6, 0xa6,
    0x04, 0x4f, 0x1d, 0x32, 0x3c, 0x17, 0xbb, 0xb4, 0xb2, 0xbb, 0x24, 0xb2,
    0x29, 0xba, 0x30, 0xba, 0xb2, 0x29, 0x41, 0x54, 0x87, 0x0c, 0xcf, 0xa5,
    0xcc, 0x8d, 0x4e, 0x2e, 0x0f, 0xea, 0x2d, 0xcd, 0x8d, 0x6e, 0x6e, 0x4a,
    0x30, 0x0e, 0x00, 0x00, 0x00, 0x79, 0x18, 0x00, 0x00, 0x51, 0x00, 0x00,
    0x00, 0x33, 0x08, 0x80, 0x1c, 0xc4, 0xe1, 0x1c, 0x66, 0x14, 0x01, 0x3d,
    0x88, 0x43, 0x38, 0x84, 0xc3, 0x8c, 0x42, 0x80, 0x07, 0x79, 0x78, 0x07,
    0x73, 0x98, 0x71, 0x0c, 0xe6, 0x00, 0x0f, 0xed, 0x10, 0x0e, 0xf4, 0x80,
    0x0e, 0x33, 0x0c, 0x42, 0x1e, 0xc2, 0xc1, 0x1d, 0xce, 0xa1, 0x1c, 0x66,
    0x30, 0x05, 0x3d, 0x88, 0x43, 0x38, 0x84, 0x83, 0x1b, 0xcc, 0x03, 0x3d,
    0xc8, 0x43, 0x3d, 0x8c, 0x03, 0x3d, 0xcc, 0x78, 0x8c, 0x74, 0x70, 0x07,
    0x7b, 0x08, 0x07, 0x79, 0x48, 0x87, 0x70, 0x70, 0x07, 0x7a, 0x70, 0x03,
    0x76, 0x78, 0x87, 0x70, 0x20, 0x87, 0x19, 0xcc, 0x11, 0x0e, 0xec, 0x90,
    0x0e, 0xe1, 0x30, 0x0f, 0x6e, 0x30, 0x0f, 0xe3, 0xf0, 0x0e, 0xf0, 0x50,
    0x0e, 0x33, 0x10, 0xc4, 0x1d, 0xde, 0x21, 0x1c, 0xd8, 0x21, 0x1d, 0xc2,
    0x61, 0x1e, 0x66, 0x30, 0x89, 0x3b, 0xbc, 0x83, 0x3b, 0xd0, 0x43, 0x39,
    0xb4, 0x03, 0x3c, 0xbc, 0x83, 0x3c, 0x84, 0x03, 0x3b, 0xcc, 0xf0, 0x14,
    0x76, 0x60, 0x07, 0x7b, 0x68, 0x07, 0x37, 0x68, 0x87, 0x72, 0x68, 0x07,
    0x37, 0x80, 0x87, 0x70, 0x90, 0x87, 0x70, 0x60, 0x07, 0x76, 0x28, 0x07,
    0x76, 0xf8, 0x05, 0x76, 0x78, 0x87, 0x77, 0x80, 0x87, 0x5f, 0x08, 0x87,
    0x71, 0x18, 0x87, 0x72, 0x98, 0x87, 0x79, 0x98, 0x81, 0x2c, 0xee, 0xf0,
    0x0e, 0xee, 0xe0, 0x0e, 0xf5, 0xc0, 0x0e, 0xec, 0x30, 0x03, 0x62, 0xc8,
    0xa1, 0x1c, 0xe4, 0xa1, 0x1c, 0xcc, 0xa1, 0x1c, 0xe4, 0xa1, 0x1c, 0xdc,
    0x61, 0x1c, 0xca, 0x21, 0x1c, 0xc4, 0x81, 0x1d, 0xca, 0x61, 0x06, 0xd6,
    0x90, 0x43, 0x39, 0xc8, 0x43, 0x39, 0x98, 0x43, 0x39, 0xc8, 0x43, 0x39,
    0xb8, 0xc3, 0x38, 0x94, 0x43, 0x38, 0x88, 0x03, 0x3b, 0x94, 0xc3, 0x2f,
    0xbc, 0x83, 0x3c, 0xfc, 0x82, 0x3b, 0xd4, 0x03, 0x3b, 0xb0, 0xc3, 0x0c,
    0xc4, 0x21, 0x07, 0x7c, 0x70, 0x03, 0x7a, 0x28, 0x87, 0x76, 0x80, 0x87,
    0x19, 0xd1, 0x43, 0x0e, 0xf8, 0xe0, 0x06, 0xe4, 0x20, 0x0e, 0xe7, 0xe0,
    0x06, 0xf6, 0x10, 0x0e, 0xf2, 0xc0, 0x0e, 0xe1, 0x90, 0x0f, 0xef, 0x50,
    0x0f, 0xf4, 0x30, 0x83, 0x81, 0xc8, 0x01, 0x1f, 0xdc, 0x40, 0x1c, 0xe4,
    0xa1, 0x1c, 0xc2, 0x61, 0x1d, 0xdc, 0x40, 0x1c, 0xe4, 0x01, 0x00, 0x00,
    0x00, 0x71, 0x20, 0x00, 0x00, 0x2c, 0x00, 0x00, 0x00, 0x06, 0xc0, 0x0c,
    0x97, 0xdf, 0x38, 0xd3, 0x81, 0x34, 0x86, 0x0f, 0x18, 0x02, 0x34, 0x5c,
    0xbe, 0xf3, 0xf8, 0x01, 0xd2, 0x00, 0x11, 0xe6, 0x17, 0xb7, 0x6d, 0x09,
    0xdb, 0x70, 0xf9, 0xce, 0xe3, 0x0b, 0x01, 0x55, 0x14, 0x44, 0x54, 0x3a,
    0xc0, 0x50, 0x12, 0x06, 0x20, 0x60, 0x7e, 0x71, 0xdb, 0xb6, 0x20, 0x0d,
    0x97, 0xef, 0x3c, 0xbe, 0x10, 0x11, 0xc0, 0x44, 0x84, 0x40, 0x33, 0x2c,
    0x84, 0x19, 0x38, 0xc3, 0xe5, 0x3b, 0x8f, 0x3f, 0x38, 0xd3, 0xed, 0x17,
    0xb7, 0x6d, 0x05, 0xce, 0x70, 0xf9, 0xce, 0xe3, 0x0f, 0xce, 0x84, 0xfb,
    0xc5, 0x6d, 0x9b, 0xc0, 0x34, 0x5c, 0xbe, 0xf3, 0xf8, 0x8b, 0x03, 0x0c,
    0x62, 0xf3, 0x50, 0x93, 0x5f, 0xdc, 0xb6, 0x0d, 0x4c, 0xc3, 0xe5, 0x3b,
    0x8f, 0xbf, 0x38, 0xc0, 0x20, 0x36, 0x0f, 0x35, 0xf9, 0xc8, 0x6d, 0x1b,
    0x41, 0x35, 0x5c, 0xbe, 0xf3, 0xf8, 0xd2, 0xe4, 0x44, 0x04, 0x4a, 0x4d,
    0x0f, 0x35, 0xf9, 0xc5, 0x6d, 0x9b, 0x82, 0x34, 0x5c, 0xbe, 0xf3, 0xf8,
    0x13, 0x11, 0x4d, 0x08, 0x10, 0x61, 0x7e, 0x71, 0xdb, 0x76, 0xf0, 0x0c,
    0x97, 0xef, 0x3c, 0x3e, 0xd5, 0x00, 0x11, 0xe6, 0x17, 0xb7, 0x6d, 0x01,
    0x04, 0x03, 0x20, 0x0d, 0x00, 0x61, 0x20, 0x00, 0x00, 0xa8, 0x16, 0x00,
    0x00, 0x13, 0x04, 0xf0, 0x14, 0x0b, 0x04, 0x00, 0x00, 0x42, 0x00, 0x00,
    0x00, 0x04, 0x14, 0x57, 0xd9, 0xcd, 0x00, 0x94, 0x5b, 0x19, 0x95, 0x4c,
    0x01, 0x12, 0x14, 0x52, 0xc1, 0x14, 0x20, 0x20, 0x42, 0xf9, 0x0f, 0x14,
    0x5c, 0x21, 0x07, 0x94, 0x71, 0x40, 0xb9, 0x06, 0x94, 0x6a, 0x40, 0xa9,
    0x94, 0x5c, 0xb1, 0x06, 0x94, 0x4b, 0xf1, 0x0a, 0x14, 0xb1, 0x40, 0x31,
    0x0b, 0x14, 0xb5, 0x40, 0x71, 0x0b, 0x14, 0xb9, 0x40, 0xb1, 0x0b, 0x14,
    0xbd, 0x40, 0xd1, 0x06, 0x94, 0x52, 0x31, 0x95, 0x53, 0x41, 0x95, 0x54,
    0x51, 0x95, 0x55, 0x61, 0x95, 0x56, 0x79, 0x15, 0x50, 0x09, 0x15, 0x51,
    0x11, 0x0e, 0x14, 0xbe, 0x40, 0xe9, 0x0b, 0x14, 0xbf, 0x40, 0xf9, 0x0b,
    0x14, 0xe0, 0x40, 0x09, 0x0e, 0x14, 0x68, 0x40, 0x89, 0x06, 0x14, 0x69,
    0x40, 0x99, 0x06, 0x14, 0x6a, 0x40, 0xc1, 0x06, 0x14, 0x6e, 0x40, 0xe9,
    0x06, 0x14, 0x6f, 0x40, 0xf9, 0x06, 0x14, 0x70, 0x40, 0x09, 0x07, 0x14,
    0x71, 0x40, 0x81, 0x95, 0x58, 0x91, 0x95, 0x59, 0xa1, 0x95, 0x5a, 0xb1,
    0x15, 0x5d, 0xe1, 0x95, 0x5e, 0xf1, 0x95, 0x5f, 0x01, 0x06, 0x94, 0x60,
    0x40, 0x11, 0x06, 0x94, 0x61, 0x40, 0x21, 0x06, 0x94, 0x62, 0x40, 0x31,
    0x06, 0x94, 0x63, 0x40, 0x41, 0x06, 0x94, 0x64, 0x40, 0x51, 0x06, 0x94,
    0x65, 0x40, 0x61, 0x06, 0x94, 0x66, 0x40, 0x71, 0x06, 0x94, 0x67, 0x00,
    0x75, 0x23, 0x00, 0x64, 0x8c, 0x11, 0x80, 0x20, 0x08, 0xe2, 0xdf, 0x18,
    0x01, 0x08, 0x82, 0x20, 0xfc, 0x8d, 0x11, 0x80, 0x20, 0x08, 0x82, 0x60,
    0x30, 0x46, 0x70, 0xe3, 0xed, 0xd8, 0x72, 0x63, 0x04, 0x20, 0x08, 0x82,
    0x20, 0x28, 0xcc, 0x00, 0x8c, 0x11, 0xec, 0xb1, 0x1a, 0xef, 0xdf, 0x18,
    0x01, 0x08, 0x82, 0x20, 0xff, 0x8d, 0x11, 0xdc, 0x78, 0x3b, 0xb6, 0xbc,
    0x30, 0x02, 0x40, 0xed, 0x50, 0x47, 0x20, 0x00, 0x40, 0x03, 0x34, 0x00,
    0x00, 0x23, 0x06, 0x09, 0x00, 0x82, 0x60, 0xe0, 0x91, 0x44, 0x2d, 0xac,
    0x83, 0x48, 0x88, 0x04, 0x33, 0x62, 0x90, 0x00, 0x20, 0x08, 0x06, 0x88,
    0x4b, 0xec, 0x43, 0x3f, 0x8c, 0x44, 0x3c, 0x94, 0xc3, 0x88, 0x41, 0x02,
    0x80, 0x20, 0x18, 0x20, 0x2f, 0xc1, 0x0f, 0xfe, 0x40, 0x12, 0xec, 0x60,
    0x0e, 0x23, 0x06, 0x09, 0x00, 0x82, 0x60, 0x80, 0xc0, 0x44, 0x3f, 0xfc,
    0x43, 0x49, 0xb8, 0xc3, 0x39, 0x8c, 0x18, 0x24, 0x00, 0x08, 0x82, 0x01,
    0x12, 0x13, 0xfe, 0x70, 0x0f, 0x26, 0x41, 0x0f, 0xe8, 0x30, 0x62, 0x90,
    0x00, 0x20, 0x08, 0x06, 0x88, 0x4c, 0xfc, 0x03, 0x3e, 0x9c, 0xc4, 0x3b,
    0xa4, 0xc3, 0x88, 0x41, 0x02, 0x80, 0x20, 0x18, 0x20, 0x33, 0x01, 0x12,
    0xfa, 0x80, 0x12, 0xf6, 0xa0, 0x0e, 0x23, 0x06, 0x09, 0x00, 0x82, 0x60,
    0x80, 0xd0, 0x44, 0x48, 0xec, 0x43, 0x4a, 0xc4, 0xc3, 0x3a, 0x8c, 0x18,
    0x24, 0x00, 0x08, 0x82, 0x01, 0x52, 0x13, 0x22, 0xd1, 0x0f, 0x2a, 0x81,
    0x0f, 0xec, 0x30, 0x62, 0x90, 0x00, 0x20, 0x08, 0x06, 0x88, 0x4d, 0x8c,
    0x84, 0x3f, 0xac, 0xc4, 0x3c, 0xb4, 0xc3, 0x88, 0x41, 0x02, 0x80, 0x20,
    0x18, 0x20, 0x37, 0x41, 0x12, 0x20, 0xc1, 0x12, 0xfa, 0xe0, 0x0e, 0x23,
    0x06, 0x09, 0x00, 0x82, 0x60, 0x80, 0xe0, 0x44, 0x49, 0x84, 0x44, 0x4b,
    0xd4, 0xc3, 0x3b, 0x8c, 0x18, 0x24, 0x00, 0x08, 0x82, 0x01, 0x92, 0x13,
    0x26, 0x31, 0x12, 0x2e, 0xc1, 0x0f, 0xf0, 0x30, 0x62, 0x90, 0x00, 0x20,
    0x08, 0x06, 0x88, 0x4e, 0x9c, 0x04, 0x49, 0xbc, 0xc4, 0x3d, 0xc4, 0xc3,
    0x88, 0x41, 0x02, 0x80, 0x20, 0x18, 0x20, 0x3b, 0x81, 0x12, 0x26, 0x01,
    0x13, 0xfe, 0x20, 0x0f, 0x23, 0x06, 0x09, 0x00, 0x82, 0x60, 0x80, 0xf0,
    0x44, 0x4a, 0x9c, 0x44, 0x4c, 0xe4, 0xc3, 0x3c, 0x8c, 0x18, 0x24, 0x00,
    0x08, 0x82, 0x01, 0xd2, 0x13, 0x2a, 0x11, 0x13, 0x32, 0x01, 0x12, 0xf4,
    0x30, 0x62, 0x90, 0x00, 0x20, 0x08, 0x06, 0x88, 0x4f, 0xac, 0x84, 0x4c,
    0xcc, 0xc4, 0x3e, 0xd4, 0xc3, 0x88, 0x41, 0x02, 0x80, 0x20, 0x18, 0x20,
    0x3f, 0xc1, 0x12, 0x2f, 0x41, 0x13, 0x22, 0x61, 0x0f, 0x23, 0x06, 0x09,
    0x00, 0x82, 0x60, 0x80, 0x80, 0x45, 0x4b, 0xc0, 0x44, 0x4d, 0xf4, 0xc3,
    0x3d, 0x8c, 0x18, 0x24, 0x00, 0x08, 0x82, 0x01, 0x12, 0x16, 0x2e, 0x41,
    0x13, 0x36, 0x41, 0x12, 0xf8, 0x30, 0x62, 0x90, 0x00, 0x20, 0x08, 0x06,
    0x88, 0x58, 0xbc, 0x44, 0x4d, 0xdc, 0xc4, 0x3f, 0xe4, 0xc3, 0x88, 0x41,
    0x02, 0x80, 0x20, 0x18, 0x20, 0x63, 0x01, 0x13, 0x36, 0x81, 0x13, 0x21,
    0xa1, 0x0f, 0x23, 0x06, 0x09, 0x00, 0x82, 0x60, 0x80, 0x90, 0x45, 0x4c,
    0xc0, 0x44, 0x4e, 0x9c, 0xc4, 0x3e, 0x8c, 0x18, 0x24, 0x00, 0x08, 0x82,
    0x01, 0x52, 0x16, 0x32, 0x11, 0x13, 0x3a, 0x21, 0x12, 0xfc, 0x30, 0x62,
    0x90, 0x00, 0x20, 0x08, 0x06, 0x88, 0x59, 0xcc, 0x84, 0x4c, 0xec, 0x04,
    0x49, 0xf4, 0xc3, 0x88, 0x41, 0x02, 0x80, 0x20, 0x18, 0x20, 0x67, 0x41,
    0x13, 0x34, 0xc1, 0x13, 0x2a, 0xe1, 0x0f, 0x23, 0x06, 0x09, 0x00, 0x82,
    0x60, 0x80, 0xa0, 0x45, 0x4d, 0xd4, 0x44, 0x4f, 0x94, 0xc4, 0x3f, 0x8c,
    0x18, 0x24, 0x00, 0x08, 0x82, 0x01, 0x92, 0x16, 0x36, 0x61, 0x13, 0x3e,
    0x71, 0x12, 0x20, 0x31, 0x62, 0x90, 0x00, 0x20, 0x08, 0x06, 0x4a, 0x5a,
    0xdc, 0xc4, 0x4e, 0xfc, 0x44, 0x4b, 0x84, 0xc4, 0x88, 0x41, 0x02, 0x80,
    0x20, 0x18, 0x28, 0x6a, 0x81, 0x13, 0x3c, 0x01, 0x16, 0x28, 0x21, 0x12,
    0x23, 0x06, 0x09, 0x00, 0x82, 0x60, 0xa0, 0xac, 0x45, 0x4e, 0xf4, 0x44,
    0x58, 0xa8, 0xc4, 0x48, 0x8c, 0x18, 0x24, 0x00, 0x08, 0x82, 0x81, 0xc2,
    0x16, 0x3a, 0xe1, 0x13, 0x62, 0xf1, 0x12, 0x24, 0x31, 0x62, 0x90, 0x00,
    0x20, 0x08, 0x06, 0x88, 0x5b, 0xec, 0x04, 0x4f, 0x8c, 0x45, 0x4c, 0x94,
    0xc4, 0x88, 0x41, 0x02, 0x80, 0x20, 0x18, 0x20, 0x6f, 0xc1, 0x13, 0x3d,
    0x41, 0x16, 0x2c, 0x61, 0x12, 0x23, 0x06, 0x09, 0x00, 0x82, 0x60, 0x80,
    0xc0, 0x45, 0x4f, 0xf8, 0x44, 0x59, 0xb8, 0xc4, 0x49, 0x8c, 0x18, 0x24,
    0x00, 0x08, 0x82, 0x01, 0x12, 0x17, 0x3e, 0xf1, 0x13, 0x66, 0x31, 0x13,
    0x28, 0x31, 0x62, 0x90, 0x00, 0x20, 0x08, 0x06, 0x88, 0x5c, 0xfc, 0x04,
    0x5a, 0x9c, 0x45, 0x4d, 0xa4, 0xc4, 0x88, 0x41, 0x02, 0x80, 0x20, 0x18,
    0x20, 0x73, 0x01, 0x16, 0x69, 0x81, 0x16, 0x30, 0xa1, 0x12, 0x23, 0x06,
    0x09, 0x00, 0x82, 0x60, 0x80, 0xd0, 0x45, 0x58, 0xa8, 0x45, 0x5a, 0xc8,
    0xc4, 0x4a, 0x8c, 0x18, 0x24, 0x00, 0x08, 0x82, 0x01, 0x52, 0x17, 0x62,
    0xb1, 0x16, 0x6a, 0x71, 0x13, 0x2c, 0x31, 0x62, 0x90, 0x00, 0x20, 0x08,
    0x06, 0x88, 0x5d, 0x8c, 0xc5, 0x5a, 0xac, 0x45, 0x4e, 0xb4, 0xc4, 0x88,
    0x41, 0x02, 0x80, 0x20, 0x18, 0x20, 0x77, 0x41, 0x16, 0x6c, 0xc1, 0x16,
    0x34, 0xe1, 0x12, 0x23, 0x06, 0x09, 0x00, 0x82, 0x60, 0x80, 0xe0, 0x45,
    0x59, 0xb4, 0x45, 0x5b, 0xd8, 0xc4, 0x4b, 0x50, 0x1b, 0x00, 0x80, 0xdc,
    0x00, 0x00, 0xf4, 0x06, 0x00, 0x20, 0x38, 0x00, 0x00, 0xc5, 0x01, 0x00,
    0x48, 0x0e, 0x00, 0x40, 0x73, 0x00, 0x00, 0xa2, 0x03, 0x00, 0x50, 0x1d,
    0x00, 0x80, 0xec, 0x00, 0x00, 0x74, 0x07, 0x00, 0x20, 0x3c, 0x00, 0x00,
    0xe5, 0x01, 0x00, 0x48, 0x0f, 0x00, 0x40, 0x7b, 0x00, 0x00, 0xe2, 0x03,
    0x00, 0x50, 0x1f, 0x00, 0x80, 0xfc, 0x00, 0x00, 0x23, 0x06, 0x07, 0x00,
    0x82, 0x60, 0x90, 0x91, 0xc6, 0x58, 0xf8, 0xc1, 0x4d, 0x8c, 0x26, 0x04,
    0x81, 0x05, 0xaa, 0x00, 0x9f, 0x0b, 0x00, 0xa2, 0x51, 0x00, 0xc0, 0x70,
    0x83, 0xe0, 0x17, 0x60, 0x30, 0xdc, 0x10, 0xc0, 0x42, 0x18, 0x0c, 0x37,
    0x04, 0xb1, 0x10, 0x06, 0xb3, 0x0c, 0x81, 0x10, 0x8c, 0x18, 0x1c, 0x00,
    0x08, 0x82, 0x41, 0xc6, 0x1a, 0x6b, 0x61, 0x0a, 0x3f, 0x31, 0x9a, 0x10,
    0x00, 0x94, 0x0a, 0x00, 0xb0, 0x3a, 0x90, 0x83, 0xf8, 0x58, 0x1d, 0xc8,
    0x41, 0x7c, 0xac, 0x0e, 0xe4, 0x20, 0x3e, 0x56, 0x0c, 0xf2, 0x31, 0x63,
    0x90, 0x8f, 0x1d, 0x83, 0x7c, 0x0c, 0x0f, 0x06, 0xf8, 0x18, 0x1e, 0x0c,
    0xf0, 0x31, 0x3c, 0x18, 0xe0, 0x43, 0xb3, 0x00, 0x00, 0xa2, 0x05, 0x00,
    0x50, 0x2d, 0x00, 0x80, 0x6c, 0x01, 0x00, 0x23, 0x06, 0x07, 0x00, 0x82,
    0x60, 0x90, 0xf1, 0xc6, 0x5e, 0xd8, 0xc2, 0x5b, 0x8c, 0x26, 0x04, 0x00,
    0xe5, 0x02, 0x00, 0x0c, 0x0e, 0xfe, 0x20, 0x3e, 0x06, 0x07, 0x7f, 0x10,
    0x1f, 0x83, 0x83, 0x3f, 0x88, 0x8f, 0x15, 0x83, 0x7c, 0xcc, 0x18, 0xe4,
    0x63, 0xc7, 0x20, 0x1f, 0x2b, 0x85, 0x01, 0x3e, 0x56, 0x0a, 0x03, 0x7c,
    0xac, 0x14, 0x06, 0xf8, 0xd0, 0x38, 0x00, 0x80, 0xc8, 0x01, 0x00, 0xb3,
    0x04, 0xc2, 0x40, 0x85, 0xa1, 0x06, 0x81, 0x4e, 0x00, 0x03, 0x15, 0x86,
    0x1a, 0x04, 0x3a, 0x01, 0x0c, 0x54, 0x18, 0x6a, 0x10, 0xe8, 0x04, 0x30,
    0x50, 0x61, 0x40, 0x81, 0x4e, 0x00, 0x03, 0x15, 0x06, 0x14, 0xe8, 0x04,
    0x30, 0x50, 0x61, 0x40, 0x81, 0x4e, 0x00, 0xb4, 0x0e, 0x00, 0x18, 0x31,
    0x38, 0x00, 0x10, 0x04, 0x83, 0x2c, 0x3e, 0x60, 0x63, 0x1d, 0x48, 0x63,
    0x34, 0x21, 0x08, 0x2c, 0xb8, 0x07, 0xf8, 0x5c, 0x00, 0x10, 0xc1, 0x03,
    0x00, 0x28, 0x1e, 0x00, 0x40, 0xf2, 0x00, 0x80, 0x11, 0x83, 0x03, 0x00,
    0x41, 0x30, 0xc8, 0xf0, 0xe3, 0x36, 0xe4, 0x61, 0x35, 0x46, 0x13, 0x02,
    0xc1, 0x02, 0x7f, 0x80, 0xcf, 0x05, 0x00, 0xd1, 0x3d, 0x00, 0x80, 0xf0,
    0x01, 0x00, 0xc3, 0x0d, 0xca, 0x7e, 0x80, 0xc1, 0x70, 0x43, 0x50, 0x12,
    0x61, 0x70, 0x01, 0x10, 0xc4, 0x0f, 0x00, 0x18, 0x6e, 0x10, 0xfc, 0x23,
    0x0c, 0x66, 0x19, 0x06, 0x32, 0x08, 0xc8, 0x1f, 0x00, 0x40, 0xff, 0x00,
    0x00, 0x02, 0x09, 0x00, 0x50, 0x48, 0x00, 0x80, 0x44, 0x02, 0x00, 0x34,
    0x12, 0x00, 0x20, 0x92, 0x00, 0x00, 0x95, 0x04, 0x00, 0x66, 0x09, 0x88,
    0x59, 0x82, 0x62, 0xa0, 0xc2, 0x00, 0x13, 0x22, 0x5e, 0xc2, 0x60, 0xa0,
    0xc2, 0x80, 0x11, 0x22, 0x5e, 0xc2, 0x60, 0xa0, 0xc2, 0x90, 0x11, 0x22,
    0x5e, 0xc2, 0x60, 0xa0, 0xc2, 0xa0, 0x11, 0x22, 0x5e, 0xc2, 0x60, 0xa0,
    0xc2, 0xb0, 0x11, 0x22, 0x5e, 0xc2, 0x60, 0xa0, 0xc2, 0xc0, 0x11, 0x22,
    0x5e, 0xc2, 0x60, 0xa0, 0xc2, 0xd0, 0x11, 0x22, 0x5e, 0xc2, 0x60, 0xa0,
    0xc2, 0xe0, 0x11, 0x22, 0x5e, 0xc2, 0x60, 0xa0, 0x02, 0xf0, 0x21, 0x22,
    0x5e, 0xc2, 0x60, 0xb8, 0x21, 0xc8, 0xd2, 0x60, 0xb8, 0x21, 0xd8, 0x89,
    0x30, 0x18, 0x6e, 0x08, 0x78, 0x22, 0x0c, 0x66, 0x19, 0x0c, 0x30, 0x08,
    0x48, 0x26, 0x00, 0x30, 0xdc, 0x50, 0x74, 0x61, 0x30, 0xdc, 0x10, 0xfc,
    0x44, 0x18, 0x0c, 0x37, 0x04, 0x60, 0x11, 0x06, 0xb3, 0x0c, 0xc7, 0x13,
    0x90, 0x4d, 0x00, 0x60, 0xb8, 0x21, 0xc1, 0x11, 0x30, 0x98, 0x65, 0x40,
    0x92, 0x60, 0x96, 0xc0, 0x19, 0x6e, 0x50, 0x74, 0x04, 0x0c, 0x66, 0x19,
    0x94, 0x25, 0x98, 0x25, 0x70, 0x86, 0x1b, 0x96, 0x19, 0x01, 0x83, 0x59,
    0x06, 0xa6, 0x09, 0x66, 0x09, 0x9c, 0x59, 0x02, 0x67, 0xa0, 0xc4, 0x80,
    0x13, 0xc4, 0x4d, 0x14, 0x36, 0x61, 0xec, 0xa4, 0xa1, 0x9d, 0x00, 0x00,
    0xf1, 0x04, 0x00, 0xec, 0x1a, 0xe2, 0x43, 0x3e, 0x01, 0x80, 0x59, 0x82,
    0x67, 0xa0, 0xc2, 0x20, 0x1c, 0x39, 0x30, 0x06, 0x2a, 0x0c, 0xc6, 0xa1,
    0x03, 0x83, 0xc2, 0x02, 0x00, 0x24, 0x16, 0x00, 0x18, 0x31, 0x38, 0x00,
    0x10, 0x04, 0x83, 0x0c, 0x4d, 0x4e, 0x44, 0x2c, 0xf6, 0x63, 0x34, 0x21,
    0x18, 0x86, 0x23, 0x02, 0xb7, 0x10, 0x3e, 0x32, 0x0b, 0x00, 0xcc, 0x32,
    0x44, 0x90, 0x30, 0x4b, 0x80, 0x0d, 0x37, 0x64, 0x68, 0x02, 0x06, 0xb3,
    0x0c, 0xd2, 0x14, 0xcc, 0x12, 0x60, 0xc3, 0x0d, 0x9a, 0x9a, 0x80, 0xc1,
    0x2c, 0x03, 0x55, 0x05, 0xb3, 0x04, 0xd8, 0x70, 0xc3, 0x36, 0x26, 0x60,
    0x30, 0xcb, 0x60, 0x5d, 0xc1, 0x2c, 0x01, 0x36, 0x4b, 0x80, 0x0d, 0xb4,
    0x00, 0x38, 0x22, 0xd9, 0x08, 0x45, 0x23, 0x96, 0x8c, 0x5c, 0x78, 0x00,
    0xd1, 0x5a, 0x00, 0x80, 0xd8, 0x02, 0x00, 0xc3, 0x0d, 0xc3, 0x9b, 0x80,
    0xc1, 0x2c, 0x43, 0xa6, 0x05, 0x23, 0x06, 0x07, 0x00, 0x82, 0x60, 0x90,
    0xcd, 0x89, 0x8c, 0xb4, 0x05, 0x8b, 0x8c, 0x26, 0x04, 0xc0, 0x68, 0x82,
    0x10, 0x8c, 0x26, 0x0c, 0xc2, 0x68, 0x02, 0x31, 0x8c, 0x18, 0x1c, 0x00,
    0x08, 0x82, 0x41, 0x86, 0x27, 0x37, 0x22, 0x17, 0xfb, 0x31, 0x9a, 0x10,
    0x00, 0xa3, 0x09, 0x42, 0x30, 0x9a, 0x30, 0x08, 0xa3, 0x09, 0xc4, 0x30,
    0x62, 0x70, 0x00, 0x20, 0x08, 0x06, 0x59, 0x9f, 0xf0, 0xc8, 0x5d, 0xfc,
    0xc7, 0x68, 0x42, 0x00, 0x8c, 0x26, 0x08, 0xc1, 0x68, 0xc2, 0x20, 0x8c,
    0x26, 0x10, 0xc3, 0x88, 0xc1, 0x01, 0x80, 0x20, 0x18, 0x64, 0xa2, 0x12,
    0x26, 0x7c, 0x31, 0x22, 0xa3, 0x09, 0x01, 0x30, 0x9a, 0x20, 0x04, 0xa3,
    0x09, 0x83, 0x30, 0x9a, 0x40, 0x0c, 0xb3, 0x04, 0xdf, 0x70, 0x03, 0xc6,
    0x27, 0x60, 0x30, 0xcb, 0xb0, 0x71, 0xc1, 0x88, 0xc1, 0x01, 0x80, 0x20,
    0x18, 0x64, 0xa8, 0x72, 0x26, 0xa2, 0x81, 0x22, 0xa3, 0x09, 0x01, 0x30,
    0x9a, 0x20, 0x04, 0xa3, 0x09, 0x83, 0x30, 0x9a, 0x40, 0x0c, 0x23, 0x06,
    0x07, 0x00, 0x82, 0x60, 0x90, 0xb5, 0x0a, 0x9b, 0x9c, 0x06, 0x8b, 0x8c,
    0x26, 0x04, 0xc0, 0x68, 0x82, 0x10, 0x8c, 0x26, 0x0c, 0xc2, 0x68, 0x02,
    0x31, 0x8c, 0x18, 0x1c, 0x00, 0x08, 0x82, 0x41, 0x26, 0x2b, 0x71, 0xc2,
    0x1a, 0x30, 0x32, 0x9a, 0x10, 0x00, 0xa3, 0x09, 0x42, 0x30, 0x9a, 0x30,
    0x08, 0xa3, 0x09, 0xc4, 0x30, 0x62, 0x70, 0x00, 0x20, 0x08, 0x06, 0xd9,
    0xad, 0xd8, 0x49, 0x6c, 0xd0, 0xc8, 0x68, 0x42, 0x00, 0x8c, 0x26, 0x08,
    0xc1, 0x68, 0xc2, 0x20, 0x8c, 0x26, 0x10, 0xc3, 0x2c, 0xc1, 0x37, 0xdc,
    0xd0, 0x06, 0xb4, 0x02, 0x06, 0xb3, 0x0c, 0x9d, 0x17, 0x8c, 0x18, 0x1c,
    0x00, 0x08, 0x82, 0x41, 0xd6, 0x2b, 0x7c, 0x72, 0x1b, 0x39, 0x32, 0x9a,
    0x10, 0x00, 0xa3, 0x09, 0x42, 0x30, 0x9a, 0x30, 0x08, 0xa3, 0x09, 0xc4,
    0x30, 0x62, 0x70, 0x00, 0x20, 0x08, 0x06, 0x99, 0xb8, 0x84, 0x0a, 0x6f,
    0xf4, 0xc8, 0x68, 0x42, 0x00, 0x8c, 0x26, 0x08, 0xc1, 0x68, 0xc2, 0x20,
    0x8c, 0x26, 0x10, 0xc3, 0x88, 0xc1, 0x01, 0x80, 0x20, 0x18, 0x64, 0xe7,
    0x62, 0x2a, 0xe1, 0x71, 0x2a, 0xa3, 0x09, 0x01, 0x30, 0x9a, 0x20, 0x04,
    0xa3, 0x09, 0x83, 0x30, 0x9a, 0x40, 0x0c, 0x23, 0x06, 0x07, 0x00, 0x82,
    0x60, 0x90, 0xb1, 0xcb, 0xaa, 0x98, 0x87, 0x99, 0x8c, 0x26, 0x04, 0xc0,
    0x68, 0x82, 0x10, 0x8c, 0x26, 0x0c, 0xc2, 0x68, 0x02, 0x31, 0xcc, 0x12,
    0x7c, 0x23, 0x06, 0x07, 0x00, 0x82, 0x60, 0x90, 0xc5, 0x0b, 0xac, 0xac,
    0x87, 0x9a, 0x8c, 0x26, 0x04, 0xc0, 0x68, 0x82, 0x10, 0x8c, 0x26, 0x0c,
    0xc2, 0x68, 0x02, 0x31, 0x8c, 0x18, 0x1c, 0x00, 0x08, 0x82, 0x41, 0x66,
    0x2f, 0xb5, 0x02, 0x1f, 0x6e, 0x32, 0x9a, 0x10, 0x00, 0xa3, 0x09, 0x42,
    0x30, 0x9a, 0x30, 0x08, 0xa3, 0x09, 0xc4, 0x30, 0x62, 0x70, 0x00, 0x20,
    0x08, 0x06, 0xd9, 0xbe, 0xe8, 0x4a, 0x7d, 0xc8, 0xc9, 0x68, 0x42, 0x00,
    0x8c, 0x26, 0x08, 0xc1, 0x68, 0xc2, 0x20, 0x8c, 0x26, 0x10, 0xc3, 0x88,
    0xc1, 0x01, 0x80, 0x20, 0x18, 0x64, 0x20, 0xf3, 0x2b, 0xfa, 0xc1, 0x2b,
    0xa3, 0x09, 0x01, 0x30, 0x9a, 0x20, 0x04, 0xa3, 0x09, 0x83, 0x30, 0x9a,
    0x40, 0x0c, 0xb3, 0x04, 0xdf, 0x40, 0x89, 0x21, 0x16, 0x19, 0x3e, 0x6c,
    0xae, 0xd0, 0x99, 0x81, 0x37, 0x50, 0x62, 0x88, 0x45, 0x86, 0x0f, 0x9b,
    0x2b, 0x74, 0x66, 0xe0, 0x0d, 0x94, 0x18, 0x62, 0x91, 0xe1, 0xc3, 0xe6,
    0x0a, 0x9d, 0x19, 0x78, 0x03, 0x25, 0x86, 0x58, 0x64, 0xf8, 0xb0, 0xb9,
    0x42, 0x67, 0x06, 0xde, 0x40, 0x89, 0x01, 0x16, 0x99, 0x3d, 0x6c, 0xac,
    0xd0, 0x91, 0x81, 0x37, 0x50, 0x62, 0x80, 0x45, 0x66, 0x0f, 0x1b, 0x2b,
    0x74, 0x64, 0xe0, 0x0d, 0x94, 0x18, 0x60, 0x91, 0xd9, 0xc3, 0xc6, 0x0a,
    0x1d, 0x19, 0x78, 0x03, 0x25, 0x06, 0x58, 0x64, 0xf6, 0xb0, 0xb1, 0x42,
    0x47, 0x06, 0xde, 0x40, 0x89, 0xe1, 0x13, 0x19, 0x3d, 0x6c, 0xaa, 0xd0,
    0x89, 0x81, 0x37, 0x50, 0x62, 0xf8, 0x44, 0x46, 0x0f, 0x9b, 0x2a, 0x74,
    0x62, 0xe0, 0x0d, 0x94, 0x18, 0x3e, 0x91, 0xd1, 0xc3, 0xa6, 0x0a, 0x9d,
    0x18, 0x78, 0x03, 0x25, 0x86, 0x4f, 0x64, 0xf4, 0xb0, 0xa9, 0x42, 0x27,
    0x06, 0xde, 0x40, 0x89, 0xc1, 0x13, 0x99, 0x3c, 0x6c, 0xa8, 0xd0, 0x81,
    0x81, 0x37, 0x50, 0x62, 0xf0, 0x44, 0x26, 0x0f, 0x1b, 0x2a, 0x74, 0x60,
    0xe0, 0x0d, 0x94, 0x18, 0x3c, 0x91, 0xc9, 0xc3, 0x86, 0x0a, 0x1d, 0x18,
    0x78, 0x03, 0x25, 0x06, 0x4f, 0x64, 0xf2, 0xb0, 0xa1, 0x42, 0x07, 0x06,
    0x1e, 0xc1, 0x08, 0x00, 0x2c, 0x62, 0x0b, 0xf9, 0x8c, 0x18, 0x20, 0x00,
    0x08, 0x82, 0xc1, 0x66, 0x33, 0xf7, 0xe2, 0xb0, 0x45, 0x30, 0x62, 0x80,
    0x00, 0x20, 0x08, 0x06, 0xdb, 0xcd, 0xe0, 0xcb, 0xc2, 0x16, 0xc1, 0x88,
    0x01, 0x02, 0x80, 0x20, 0x18, 0x6c, 0x38, 0x93, 0x2f, 0x88, 0x8f, 0x04,
    0x46, 0xc1, 0x85, 0x7c, 0x46, 0x0c, 0x10, 0x00, 0x04, 0xc1, 0x60, 0xd3,
    0x99, 0x7d, 0x89, 0xe0, 0x22, 0x18, 0x31, 0x40, 0x00, 0x10, 0x04, 0x83,
    0x6d, 0x67, 0xf8, 0xc5, 0x81, 0x8b, 0x60, 0xc4, 0x00, 0x01, 0x40, 0x10,
    0x0c, 0x36, 0x9e, 0xe9, 0x97, 0x45, 0x4c, 0x02, 0xbb, 0xe8, 0x42, 0x3e,
    0x23, 0x06, 0x08, 0x00, 0x82, 0x60, 0xb0, 0xf9, 0xcc, 0xbf, 0x50, 0x74,
    0x11, 0x8c, 0x18, 0x20, 0x00, 0x08, 0x82, 0xc1, 0xf6, 0x33, 0x20, 0x13,
    0xd1, 0x45, 0x30, 0x62, 0x80, 0x00, 0x20, 0x08, 0x06, 0x1b, 0xd8, 0x84,
    0x8c, 0x63, 0x26, 0x81, 0x69, 0x78, 0x21, 0x9f, 0x11, 0x03, 0x04, 0x00,
    0x41, 0x30, 0xd8, 0xc4, 0x66, 0x64, 0x2e, 0xbc, 0x08, 0x46, 0x0c, 0x10,
    0x00, 0x04, 0xc1, 0x60, 0x1b, 0x1b, 0x92, 0xa1, 0xf0, 0x22, 0x18, 0x31,
    0x40, 0x00, 0x10, 0x04, 0x83, 0x8d, 0x6c, 0x4a, 0x26, 0x52, 0x93, 0xc0,
    0x9a, 0x90, 0x90, 0x8f, 0x29, 0x22, 0x21, 0x1f, 0x3b, 0x46, 0x42, 0x3e,
    0x46, 0x90, 0x84, 0x7c, 0xcc, 0x27, 0x08, 0xf8, 0x98, 0x4f, 0x10, 0xf0,
    0x31, 0x9f, 0x20, 0xe0, 0x63, 0x3e, 0x41, 0xc0, 0x87, 0xd2, 0x04, 0x00,
    0xa6, 0x06, 0xa2, 0x21, 0x9f, 0x11, 0x03, 0x04, 0x00, 0x41, 0x30, 0xd8,
    0xde, 0x06, 0x66, 0xce, 0x40, 0x34, 0x82, 0x11, 0x03, 0x04, 0x00, 0x41,
    0x30, 0xd8, 0xe0, 0x26, 0x66, 0xc8, 0x40, 0x34, 0x82, 0x11, 0x03, 0x04,
    0x00, 0x41, 0x30, 0xd8, 0xe2, 0x46, 0x66, 0xc2, 0xc0, 0x4d, 0x02, 0x6b,
    0x03, 0xd3, 0x90, 0xcf, 0x88, 0x01, 0x02, 0x80, 0x20, 0x18, 0x6c, 0x73,
    0x43, 0x33, 0x6a, 0x60, 0x1a, 0xc1, 0x88, 0x01, 0x02, 0x80, 0x20, 0x18,
    0x6c, 0x74, 0x53, 0x33, 0x67, 0x60, 0x1a, 0xc1, 0x88, 0x01, 0x02, 0x80,
    0x20, 0x18, 0x6c, 0x75, 0x63, 0x33, 0x64, 0x20, 0x27, 0x81, 0xc1, 0x81,
    0x6a, 0xc8, 0x67, 0xc4, 0x00, 0x01, 0x40, 0x10, 0x0c, 0xb6, 0xbb, 0xc1,
    0x99, 0x36, 0x50, 0x8d, 0x60, 0xc4, 0x00, 0x01, 0x40, 0x10, 0x0c, 0x36,
    0xbc, 0xc9, 0x19, 0x35, 0x50, 0x8d, 0x60, 0xc4, 0x00, 0x01, 0x40, 0x10,
    0x0c, 0xb6, 0xbc, 0xd1, 0x99, 0x33, 0xb0, 0x93, 0x80, 0xec, 0x04, 0x00,
    0xa6, 0xdc, 0x84, 0x7c, 0xec, 0xc0, 0x09, 0xf9, 0x18, 0x91, 0x13, 0xf2,
    0xb1, 0xb7, 0x18, 0xe0, 0x63, 0x6f, 0x31, 0xc0, 0xc7, 0xde, 0x62, 0x80,
    0x0f, 0xf5, 0x09, 0x00, 0x66, 0x09, 0xc0, 0x60, 0xa0, 0xc2, 0xf0, 0x93,
    0x0f, 0x5e, 0x8a, 0x81, 0x0a, 0x83, 0x0e, 0x3e, 0x78, 0x29, 0x06, 0x2a,
    0x0c, 0x3a, 0xf8, 0xe0, 0xa5, 0x18, 0xa8, 0x30, 0xe8, 0xe0, 0x83, 0x97,
    0x62, 0xa0, 0xc2, 0xa0, 0x83, 0x0f, 0x5e, 0x8a, 0x81, 0x0a, 0x43, 0xfa,
    0xe0, 0xa5, 0x18, 0xa8, 0x30, 0xa4, 0x0f, 0x5e, 0x8a, 0x81, 0x0a, 0x43,
    0xfa, 0xe0, 0xa5, 0x98, 0x25, 0x08, 0x03, 0xc3, 0x0b, 0xd4, 0x01, 0x01,
    0x9d, 0x0a, 0x00, 0x86, 0x1b, 0x84, 0xd0, 0x41, 0x83, 0xe1, 0x86, 0x80,
    0x56, 0xc2, 0x60, 0xb8, 0x21, 0xa8, 0x95, 0x30, 0x98, 0x65, 0x28, 0xc4,
    0x20, 0x98, 0x25, 0x18, 0x83, 0x11, 0x83, 0x03, 0x00, 0x41, 0x30, 0xc8,
    0x60, 0xe7, 0x6d, 0x54, 0x65, 0x75, 0x46, 0x13, 0x02, 0x60, 0x34, 0x41,
    0x08, 0x46, 0x13, 0x06, 0x61, 0xc4, 0xe0, 0x00, 0x40, 0x10, 0x0c, 0x32,
    0xda, 0x99, 0x1b, 0x57, 0x31, 0x9d, 0xd1, 0x84, 0x00, 0x18, 0x4d, 0x10,
    0x82, 0xd1, 0x84, 0x41, 0x18, 0x31, 0x38, 0x00, 0x10, 0x04, 0x83, 0x0c,
    0x77, 0xee, 0x46, 0x56, 0x52, 0x67, 0x34, 0x21, 0x00, 0x46, 0x13, 0x84,
    0x60, 0x34, 0x61, 0x10, 0x46, 0x0c, 0x0e, 0x00, 0x04, 0xc1, 0x20, 0xe3,
    0x9d, 0xbd, 0xb1, 0x15, 0xd6, 0x19, 0x4d, 0x08, 0x80, 0xd1, 0x04, 0x21,
    0x18, 0x4d, 0x18, 0x04, 0x7b, 0x38, 0xf9, 0x8c, 0x18, 0x20, 0x00, 0x08,
    0x82, 0xc1, 0x06, 0x3e, 0xa1, 0xc3, 0x70, 0xc1, 0x88, 0x01, 0x02, 0x80,
    0x20, 0x18, 0x6c, 0xe1, 0x23, 0x3a, 0x09, 0x17, 0x8c, 0x18, 0x20, 0x00,
    0x08, 0x82, 0xc1, 0x26, 0x3e, 0xa3, 0x63, 0x70, 0x81, 0x49, 0x60, 0x20,
    0x9f, 0x11, 0x03, 0x04, 0x00, 0x41, 0x30, 0xd8, 0xc8, 0xa7, 0x74, 0x1e,
    0x30, 0x08, 0x46, 0x0c, 0x10, 0x00, 0x04, 0xc1, 0x60, 0x2b, 0x1f, 0xd3,
    0x61, 0xc0, 0x20, 0x18, 0x31, 0x40, 0x00, 0x10, 0x04, 0x83, 0xcd, 0x7c,
    0x4e, 0x27, 0x01, 0x83, 0xc0, 0x2a, 0x32, 0x90, 0xcf, 0x88, 0x01, 0x02,
    0x80, 0x20, 0x18, 0x6c, 0xe8, 0x93, 0x3a, 0x12, 0x19, 0x04, 0x23, 0x06,
    0x08, 0x00, 0x82, 0x60, 0xb0, 0xa5, 0x8f, 0xea, 0x3c, 0x64, 0x10, 0x8c,
    0x18, 0x20, 0x00, 0x08, 0x82, 0xc1, 0xa6, 0x3e, 0xab, 0xc3, 0x90, 0x41,
    0x40, 0xe7, 0x02, 0x80, 0x11, 0x83, 0x03, 0x00, 0x41, 0x30, 0xc8, 0xda,
    0x87, 0x75, 0xce, 0x85, 0x77, 0x46, 0x13, 0x02, 0x60, 0x34, 0x41, 0x08,
    0x46, 0x13, 0x06, 0x61, 0xc4, 0xe0, 0x00, 0x40, 0x10, 0x0c, 0xb2, 0xf8,
    0x81, 0x9d, 0x75, 0xf9, 0x9d, 0xd1, 0x84, 0x00, 0x18, 0x4d, 0x10, 0x82,
    0xd1, 0x84, 0x41, 0x18, 0x31, 0x38, 0x00, 0x10, 0x04, 0x83, 0xac, 0x7e,
    0x68, 0xe7, 0x5d, 0xc4, 0x67, 0x34, 0x21, 0x00, 0x46, 0x13, 0x84, 0x60,
    0x34, 0x61, 0x10, 0x46, 0x0c, 0x0e, 0x00, 0x04, 0xc1, 0x20, 0xcb, 0x1f,
    0xdc, 0x99, 0x97, 0xf7, 0x19, 0x4d, 0x08, 0x80, 0xd1, 0x04, 0x21, 0x18,
    0x4d, 0x18, 0x04, 0x7b, 0xea, 0x40, 0x3e, 0x23, 0x06, 0x08, 0x00, 0x82,
    0x60, 0xb0, 0xf5, 0x8f, 0xef, 0x30, 0x75, 0x10, 0x8c, 0x18, 0x20, 0x00,
    0x08, 0x82, 0xc1, 0xe6, 0x3f, 0xbf, 0x93, 0xd4, 0x41, 0x30, 0x62, 0x80,
    0x00, 0x20, 0x08, 0x06, 0xdb, 0xff, 0x80, 0x8f, 0xc1, 0x2f, 0x81, 0x49,
    0x79, 0x20, 0x9f, 0x11, 0x03, 0x04, 0x00, 0x41, 0x30, 0xd8, 0x42, 0x48,
    0x7c, 0x9e, 0x3c, 0x08, 0x46, 0x0c, 0x10, 0x00, 0x04, 0xc1, 0x60, 0x13,
    0xa1, 0xf1, 0x61, 0xf2, 0x20, 0x18, 0x31, 0x40, 0x00, 0x10, 0x04, 0x83,
    0x6d, 0x84, 0xc8, 0x27, 0x01, 0x99, 0xc0, 0xaa, 0x3e, 0x90, 0xcf, 0x88,
    0x01, 0x02, 0x80, 0x20, 0x18, 0x6c, 0x25, 0x64, 0x3e, 0x52, 0x1f, 0x04,
    0x23, 0x06, 0x08, 0x00, 0x82, 0x60, 0xb0, 0x99, 0xd0, 0xf9, 0x3c, 0x7d,
    0x10, 0x8c, 0x18, 0x20, 0x00, 0x08, 0x82, 0xc1, 0x76, 0x42, 0xe8, 0xc3,
    0x90, 0x4c, 0x40, 0x24, 0x03, 0x00, 0x2a, 0x19, 0x00, 0x8c, 0x18, 0x1c,
    0x00, 0x08, 0x82, 0x41, 0xb6, 0x42, 0xea, 0x53, 0x32, 0x27, 0x34, 0x9a,
    0x10, 0x00, 0xa3, 0x09, 0x42, 0x30, 0x9a, 0x30, 0x08, 0xa3, 0x09, 0xc4,
    0x30, 0x62, 0x70, 0x00, 0x20, 0x08, 0x06, 0x19, 0x0c, 0xbd, 0x8f, 0xca,
    0xb4, 0xd0, 0x68, 0x42, 0x00, 0x8c, 0x26, 0x08, 0xc1, 0x68, 0xc2, 0x20,
    0x8c, 0x26, 0x10, 0xc3, 0x88, 0xc1, 0x01, 0x80, 0x20, 0x18, 0x64, 0x35,
    0x44, 0x3f, 0x2f, 0xa3, 0x42, 0xa3, 0x09, 0x01, 0x30, 0x9a, 0x20, 0x04,
    0xa3, 0x09, 0x83, 0x30, 0x9a, 0x40, 0x0c, 0x23, 0x06, 0x07, 0x00, 0x82,
    0x60, 0x90, 0xe9, 0x50, 0xfe, 0xd0, 0x8c, 0x0c, 0x8d, 0x26, 0x04, 0xc0,
    0x68, 0x82, 0x10, 0x8c, 0x26, 0x0c, 0xc2, 0x68, 0x02, 0x31, 0xd8, 0xb4,
    0x0b, 0xf2, 0x19, 0x31, 0x40, 0x00, 0x10, 0x04, 0x83, 0xed, 0x87, 0x40,
    0xe8, 0xd9, 0x85, 0x60, 0xc4, 0x00, 0x01, 0x40, 0x10, 0x0c, 0x36, 0x30,
    0x0a, 0xa1, 0x65, 0x17, 0x82, 0x11, 0x03, 0x04, 0x00, 0x41, 0x30, 0xd8,
    0xc2, 0x48, 0x84, 0x8e, 0x5d, 0x08, 0xcc, 0xfa, 0x05, 0xf9, 0x8c, 0x18,
    0x20, 0x00, 0x08, 0x82, 0xc1, 0x36, 0x46, 0x24, 0x24, 0xfd, 0x42, 0x30,
    0x62, 0x80, 0x00, 0x20, 0x08, 0x06, 0x1b, 0x19, 0x95, 0x90, 0xf3, 0x0b,
    0xc1, 0x88, 0x01, 0x02, 0x80, 0x20, 0x18, 0x6c, 0x65, 0x64, 0x42, 0xca,
    0x2f, 0x04, 0x96, 0x8d, 0x83, 0x7c, 0x46, 0x0c, 0x10, 0x00, 0x04, 0xc1,
    0x60, 0x3b, 0x23, 0x14, 0xaa, 0xc6, 0x21, 0x18, 0x31, 0x40, 0x00, 0x10,
    0x04, 0x83, 0x0d, 0x8d, 0x52, 0x28, 0x1a, 0x87, 0x60, 0xc4, 0x00, 0x01,
    0x40, 0x10, 0x0c, 0xb6, 0x34, 0x52, 0xa1, 0x66, 0x1c, 0x02, 0xe3, 0xce,
    0x41, 0x3e, 0x23, 0x06, 0x08, 0x00, 0x82, 0x60, 0xb0, 0xad, 0x11, 0x0b,
    0x61, 0xe7, 0x10, 0x8c, 0x18, 0x20, 0x00, 0x08, 0x82, 0xc1, 0xc6, 0x46,
    0x2d, 0x44, 0x9d, 0x43, 0x30, 0x62, 0x80, 0x00, 0x20, 0x08, 0x06, 0x5b,
    0x1b, 0xb9, 0x10, 0x74, 0x0e, 0x01, 0xa9, 0x0d, 0x00, 0x68, 0x6d, 0x00,
    0x30, 0x4b, 0x50, 0x06, 0x23, 0x06, 0x07, 0x00, 0x82, 0x60, 0x90, 0xc5,
    0x11, 0x0c, 0xad, 0x4d, 0x1b, 0x8d, 0x26, 0x04, 0xc0, 0x68, 0x82, 0x10,
    0x8c, 0x26, 0x0c, 0xc2, 0x68, 0x02, 0x31, 0x8c, 0x18, 0x1c, 0x00, 0x08,
    0x82, 0x41, 0x66, 0x47, 0x35, 0x04, 0x37, 0x73, 0x34, 0x9a, 0x10, 0x00,
    0xa3, 0x09, 0x42, 0x30, 0x9a, 0x30, 0x08, 0xa3, 0x09, 0xc4, 0x30, 0x62,
    0x70, 0x00, 0x20, 0x08, 0x06, 0xd9, 0x1e, 0xe9, 0x50, 0xdd, 0xc0, 0xd1,
    0x68, 0x42, 0x00, 0x8c, 0x26, 0x08, 0xc1, 0x68, 0xc2, 0x20, 0x8c, 0x26,
    0x10, 0xc3, 0x88, 0xc1, 0x01, 0x80, 0x20, 0x18, 0x64, 0xa0, 0xf4, 0x43,
    0x7a, 0x83, 0x47, 0xa3, 0x09, 0x01, 0x30, 0x9a, 0x20, 0x04, 0xa3, 0x09,
    0x83, 0x30, 0x9a, 0x40, 0x0c, 0x36, 0xed, 0x8a, 0x7c, 0x46, 0x0c, 0x10,
    0x00, 0x04, 0xc1, 0x60, 0x2b, 0x25, 0x33, 0x7a, 0x76, 0x25, 0x18, 0x31,
    0x40, 0x00, 0x10, 0x04, 0x83, 0xcd, 0x94, 0xce, 0x68, 0xd9, 0x95, 0x60,
    0xc4, 0x00, 0x01, 0x40, 0x10, 0x0c, 0xb6, 0x53, 0x42, 0xa3, 0xa3, 0x75,
    0x02, 0xb3, 0x7e, 0x45, 0x3e, 0x23, 0x06, 0x08, 0x00, 0x82, 0x60, 0xb0,
    0xa5, 0x92, 0x1a, 0x49, 0xbf, 0x12, 0x8c, 0x18, 0x20, 0x00, 0x08, 0x82,
    0xc1, 0xa6, 0x4a, 0x6b, 0xe4, 0xfc, 0x4a, 0x30, 0x62, 0x80, 0x00, 0x20,
    0x08, 0x06, 0xdb, 0x2a, 0xb1, 0x91, 0x12, 0x3b, 0x81, 0x65, 0xe3, 0x22,
    0x9f, 0x11, 0x03, 0x04, 0x00, 0x41, 0x30, 0xd8, 0x5a, 0xc9, 0x8d, 0xaa,
    0x71, 0x09, 0x46, 0x0c, 0x10, 0x00, 0x04, 0xc1, 0x60, 0x73, 0xa5, 0x37,
    0x8a, 0xc6, 0x25, 0x18, 0x31, 0x40, 0x00, 0x10, 0x04, 0x83, 0xed, 0x95,
    0xe0, 0xa8, 0xa9, 0x9d, 0xc0, 0xb8, 0x73, 0x91, 0xcf, 0x88, 0x01, 0x02,
    0x80, 0x20, 0x18, 0x6c, 0xb1, 0x24, 0x47, 0xd8, 0xb9, 0x04, 0x23, 0x06,
    0x08, 0x00, 0x82, 0x60, 0xb0, 0xc9, 0xd2, 0x1c, 0x51, 0xe7, 0x12, 0x8c,
    0x18, 0x20, 0x00, 0x08, 0x82, 0xc1, 0x36, 0x4b, 0x74, 0x04, 0xe5, 0x4e,
    0x40, 0xb0, 0x03, 0x80, 0x11, 0x83, 0x03, 0x00, 0x41, 0x30, 0xc8, 0x6c,
    0xa9, 0x8e, 0x60, 0x47, 0x95, 0x46, 0x13, 0x02, 0x60, 0x34, 0x41, 0x08,
    0x46, 0x13, 0x06, 0x61, 0x34, 0x81, 0x18, 0x46, 0x0c, 0x0e, 0x00, 0x04,
    0xc1, 0x20, 0xdb, 0x25, 0x3d, 0xaa, 0x1d, 0x57, 0x1a, 0x4d, 0x08, 0x80,
    0xd1, 0x04, 0x21, 0x18, 0x4d, 0x18, 0x84, 0xd1, 0x04, 0x62, 0x18, 0x31,
    0x38, 0x00, 0x10, 0x04, 0x83, 0x0c, 0x9c, 0xfe, 0x48, 0x77, 0x74, 0x69,
    0x34, 0x21, 0x00, 0x46, 0x13, 0x84, 0x60, 0x34, 0x61, 0x10, 0x46, 0x13,
    0x88, 0x61, 0xc4, 0xe0, 0x00, 0x40, 0x10, 0x0c, 0xb2, 0x72, 0x22, 0xa5,
    0xdf, 0xe1, 0xa5, 0xd1, 0x84, 0x00, 0x18, 0x4d, 0x10, 0x82, 0xd1, 0x84,
    0x41, 0x18, 0x4d, 0x20, 0x06, 0x9b, 0x40, 0x46, 0x3e, 0x23, 0x06, 0x08,
    0x00, 0x82, 0x60, 0xb0, 0xa9, 0xd3, 0x2a, 0x3d, 0x20, 0x13, 0x8c, 0x18,
    0x20, 0x00, 0x08, 0x82, 0xc1, 0xb6, 0x4e, 0xac, 0xb4, 0x80, 0x4c, 0x30,
    0x62, 0x80, 0x00, 0x20, 0x08, 0x06, 0x1b, 0x3b, 0xb5, 0xd2, 0x21, 0x3f,
    0x81, 0x59, 0x24, 0x23, 0x9f, 0x11, 0x03, 0x04, 0x00, 0x41, 0x30, 0xd8,
    0xdc, 0xe9, 0x95, 0x24, 0x92, 0x09, 0x46, 0x0c, 0x10, 0x00, 0x04, 0xc1,
    0x60, 0x7b, 0x27, 0x58, 0x72, 0x48, 0x26, 0x18, 0x31, 0x40, 0x00, 0x10,
    0x04, 0x83, 0x0d, 0x9e, 0x62, 0x49, 0xb1, 0x9f, 0xc0, 0x32, 0x94, 0x91,
    0xcf, 0x88, 0x01, 0x02, 0x80, 0x20, 0x18, 0x6c, 0xf2, 0x34, 0x4b, 0x15,
    0xca, 0x04, 0x23, 0x06, 0x08, 0x00, 0x82, 0x60, 0xb0, 0xcd, 0x13, 0x2d,
    0x45, 0x28, 0x13, 0x8c, 0x18, 0x20, 0x00, 0x08, 0x82, 0xc1, 0x46, 0x4f,
    0xb5, 0xd4, 0xe8, 0x4f, 0x60, 0x1c, 0xcb, 0xc8, 0x67, 0xc4, 0x00, 0x01,
    0x40, 0x10, 0x0c, 0x36, 0x7b, 0xba, 0x25, 0x8c, 0x65, 0x82, 0x11, 0x03,
    0x04, 0x00, 0x41, 0x30, 0xd8, 0xee, 0x09, 0x97, 0x28, 0x96, 0x09, 0x46,
    0x0c, 0x10, 0x00, 0x04, 0xc1, 0x60, 0xc3, 0xa7, 0x5c, 0x82, 0xfc, 0x27,
    0xa0, 0xfa, 0x01, 0xc0, 0x2c, 0x41, 0x19, 0x0c, 0x54, 0x18, 0x70, 0x32,
    0x06, 0xf6, 0x47, 0x06, 0x03, 0x15, 0x86, 0x9a, 0x8c, 0x01, 0xfe, 0x91,
    0xc1, 0x40, 0x85, 0x41, 0x26, 0x63, 0xa0, 0x7f, 0x64, 0x30, 0x50, 0x61,
    0xf0, 0xc7, 0x18, 0xf0, 0x1f, 0x19, 0x0c, 0x54, 0x18, 0xf6, 0x31, 0x06,
    0xfe, 0x47, 0x06, 0x03, 0x15, 0x06, 0x7c, 0x8c, 0x01, 0x08, 0x06, 0x64,
    0x30, 0x50, 0x61, 0xe8, 0xcb, 0x18, 0xa0, 0x01, 0x19, 0x0c, 0x54, 0x18,
    0xfa, 0x32, 0x06, 0x62, 0x40, 0x06, 0x03, 0x15, 0x86, 0xbe, 0x8c, 0x01,
    0x47, 0x06, 0x03, 0x15, 0x86, 0xbe, 0x8c, 0x81, 0x45, 0x06, 0x03, 0x15,
    0x86, 0x69, 0x8c, 0x81, 0x3e, 0x90, 0xc1, 0x40, 0x85, 0x01, 0x1a, 0x63,
    0x40, 0x0f, 0x64, 0x30, 0x50, 0x61, 0xe8, 0xc5, 0x18, 0xb8, 0x03, 0x19,
    0x0c, 0x54, 0x18, 0x74, 0x31, 0x06, 0xe8, 0x40, 0x06, 0x23, 0x06, 0x07,
    0x00, 0x82, 0x60, 0x90, 0xa5, 0x14, 0x3a, 0x8d, 0xd0, 0x1f, 0x8d, 0x26,
    0x04, 0xc0, 0x05, 0x00, 0xd1, 0x09, 0x01, 0x60, 0xb8, 0x41, 0x48, 0x29,
    0x33, 0x18, 0x6e, 0x08, 0x68, 0x28, 0x0c, 0x86, 0x1b, 0x82, 0x1a, 0x0a,
    0x83, 0x59, 0x06, 0x33, 0x38, 0x83, 0x60, 0xc4, 0xe0, 0x00, 0x40, 0x10,
    0x0c, 0x32, 0x98, 0x7a, 0x27, 0x15, 0x2a, 0xa5, 0xd1, 0x84, 0x00, 0x18,
    0x4d, 0x10, 0x82, 0xd1, 0x84, 0x41, 0x18, 0x4d, 0x20, 0x86, 0x11, 0x83,
    0x06, 0x00, 0x41, 0x30, 0x70, 0x72, 0x4a, 0x9d, 0xa8, 0x49, 0x8a, 0x88,
    0x41, 0x08, 0x66, 0x09, 0xd0, 0x60, 0x96, 0x00, 0x0d, 0x06, 0x2a, 0x0c,
    0xc1, 0x0c, 0xc8, 0x30, 0x38, 0x03, 0x92, 0x21, 0x00, 0x0c, 0x37, 0x34,
    0x35, 0x65, 0x06, 0xc3, 0x0d, 0xc1, 0x0f, 0x85, 0xc1, 0x70, 0x43, 0x00,
    0x46, 0x61, 0x30, 0xcb, 0x90, 0x06, 0x6a, 0x10, 0x8c, 0x18, 0x1c, 0x00,
    0x08, 0x82, 0x41, 0xb6, 0x53, 0xfa, 0x54, 0x43, 0xaf, 0x34, 0x9a, 0x10,
    0x00, 0xa3, 0x09, 0x42, 0x30, 0x9a, 0x30, 0x08, 0xa3, 0x09, 0xc4, 0x30,
    0x62, 0xd0, 0x00, 0x20, 0x08, 0x06, 0x0e, 0x59, 0xd5, 0xd3, 0xe7, 0x75,
    0x1c, 0x31, 0x08, 0xc1, 0x2c, 0xc1, 0x1a, 0xcc, 0x12, 0xac, 0xc1, 0x40,
    0x85, 0x21, 0xa4, 0x81, 0x1e, 0x06, 0x6a, 0x40, 0x3d, 0x04, 0x80, 0xe1,
    0x06, 0x0c, 0xa7, 0xcc, 0x60, 0xb8, 0x21, 0x50, 0xa3, 0x30, 0x18, 0x6e,
    0x08, 0xd6, 0x28, 0x0c, 0x66, 0x19, 0xd8, 0xa0, 0x0d, 0x82, 0x11, 0x83,
    0x03, 0x00, 0x41, 0x30, 0xc8, 0xcc, 0xaa, 0xa4, 0xc0, 0x28, 0x97, 0x46,
    0x13, 0x02, 0x60, 0x34, 0x41, 0x08, 0x46, 0x13, 0x06, 0x61, 0x34, 0x81,
    0x18, 0x46, 0x0c, 0x1a, 0x00, 0x04, 0xc1, 0xc0, 0x79, 0x2b, 0x90, 0x52,
    0x83, 0x34, 0x40, 0x83, 0x33, 0x20, 0x06, 0x21, 0x98, 0x25, 0x70, 0x83,
    0x59, 0x02, 0x37, 0x18, 0xa8, 0x30, 0x04, 0x36, 0x80, 0xc5, 0xa0, 0x0d,
    0x08, 0x8d, 0x00, 0x30, 0xdc, 0x30, 0x06, 0x66, 0x65, 0x06, 0xc3, 0x0d,
    0x41, 0x1d, 0x85, 0xc1, 0x70, 0x43, 0x60, 0x47, 0x61, 0x30, 0xcb, 0xf0,
    0x06, 0x70, 0x10, 0x8c, 0x18, 0x1c, 0x00, 0x08, 0x82, 0x41, 0x16, 0x57,
    0x30, 0xb5, 0x46, 0xe3, 0x34, 0x9a, 0x10, 0x00, 0xa3, 0x09, 0x42, 0x30,
    0x9a, 0x30, 0x08, 0xa3, 0x09, 0xc4, 0x30, 0x62, 0xd0, 0x00, 0x20, 0x08,
    0x06, 0x8e, 0x5e, 0xad, 0x54, 0x1d, 0xd0, 0xc1, 0x1c, 0xc8, 0x01, 0x31,
    0x08, 0xc1, 0x2c, 0x41, 0x1c, 0xcc, 0x12, 0xc4, 0xc1, 0x40, 0x85, 0x21,
    0xbc, 0x81, 0x39, 0x06, 0x70, 0x40, 0x73, 0x04, 0x80, 0xe1, 0x06, 0x37,
    0x68, 0x2b, 0x33, 0x18, 0x6e, 0x08, 0x40, 0x29, 0x0c, 0x86, 0x1b, 0x82,
    0x50, 0x0a, 0x83, 0x59, 0x06, 0x39, 0x98, 0x83, 0x60, 0xc4, 0xe0, 0x00,
    0x40, 0x10, 0x0c, 0x32, 0xbe, 0xda, 0x29, 0x3b, 0x6a, 0xa7, 0xd1, 0x84,
    0x00, 0x18, 0x4d, 0x10, 0x82, 0xd1, 0x84, 0x41, 0x18, 0x4d, 0x20, 0x86,
    0x11, 0x83, 0x06, 0x00, 0x41, 0x30, 0x70, 0x4a, 0xcb, 0xa6, 0x40, 0xe1,
    0x0f, 0xfc, 0xa0, 0x0f, 0x88, 0x41, 0x08, 0x66, 0x09, 0xe8, 0x60, 0x96,
    0x80, 0x0e, 0x06, 0x2a, 0x0c, 0x41, 0x0e, 0xf8, 0x31, 0x98, 0x03, 0xf2,
    0x23, 0x00, 0x0c, 0x37, 0xe4, 0xc1, 0x5d, 0x99, 0xc1, 0x70, 0x43, 0xb0,
    0x4a, 0x61, 0x30, 0xdc, 0x10, 0xb0, 0x52, 0x18, 0xcc, 0x32, 0xd4, 0x81,
    0x1d, 0x04, 0x23, 0x06, 0x07, 0x00, 0x82, 0x60, 0x90, 0x9d, 0x96, 0x59,
    0x85, 0xd2, 0x3d, 0x8d, 0x26, 0x04, 0xc0, 0x68, 0x82, 0x10, 0x8c, 0x26,
    0x0c, 0xc2, 0x68, 0x02, 0x31, 0x8c, 0x18, 0x34, 0x00, 0x08, 0x82, 0x81,
    0x03, 0x5b, 0x61, 0xb5, 0x0a, 0xaa, 0x90, 0x0a, 0xa8, 0x40, 0x0c, 0x42,
    0x30, 0x4b, 0x70, 0x07, 0xb3, 0x04, 0x77, 0x30, 0x50, 0x61, 0x08, 0x75,
    0x20, 0x93, 0x81, 0x1d, 0x50, 0x2a, 0x01, 0x80, 0x54, 0x09, 0x00, 0xb4,
    0x4a, 0x00, 0x18, 0x6e, 0x88, 0x9d, 0xd6, 0x0a, 0x83, 0x59, 0x86, 0x3c,
    0xc0, 0x83, 0x60, 0xc4, 0xe0, 0x00, 0x40, 0x10, 0x0c, 0x32, 0xd9, 0x8a,
    0x2b, 0x56, 0x6a, 0xad, 0xd1, 0x84, 0x00, 0x18, 0x4d, 0x10, 0x82, 0xd1,
    0x84, 0x41, 0x18, 0x31, 0x38, 0x00, 0x10, 0x04, 0x83, 0xcc, 0xb6, 0xea,
    0x0a, 0x96, 0x50, 0x6b, 0x34, 0x21, 0x00, 0x46, 0x13, 0x84, 0x60, 0x34,
    0x61, 0x10, 0x46, 0x0c, 0x0e, 0x00, 0x04, 0xc1, 0x20, 0xd3, 0xad, 0xbc,
    0xa2, 0xa5, 0xd5, 0x1a, 0x4d, 0x08, 0x80, 0xd1, 0x04, 0x21, 0x18, 0x4d,
    0x18, 0x84, 0x11, 0x83, 0x03, 0x00, 0x41, 0x30, 0xc8, 0x7c, 0xab, 0xaf,
    0x70, 0xc9, 0xb5, 0x46, 0x13, 0x02, 0x60, 0x34, 0x41, 0x08, 0x46, 0x13,
    0x06, 0xc1, 0x1e, 0xfc, 0x91, 0xcf, 0x88, 0x01, 0x02, 0x80, 0x20, 0x18,
    0x6c, 0xe2, 0x35, 0x5a, 0x0c, 0xfe, 0x04, 0x23, 0x06, 0x08, 0x00, 0x82,
    0x60, 0xb0, 0x8d, 0x17, 0x69, 0x25, 0xf8, 0x13, 0x8c, 0x18, 0x20, 0x00,
    0x08, 0x82, 0xc1, 0x46, 0x5e, 0xa5, 0x65, 0xa8, 0x53, 0x60, 0x12, 0xff,
    0xc8, 0x67, 0xc4, 0x00, 0x01, 0x40, 0x10, 0x0c, 0x36, 0xf3, 0x3a, 0xad,
    0x87, 0x7f, 0x82, 0x11, 0x03, 0x04, 0x00, 0x41, 0x30, 0xd8, 0xce, 0x0b,
    0xb5, 0x18, 0xfe, 0x09, 0x46, 0x0c, 0x10, 0x00, 0x04, 0xc1, 0x60, 0x43,
    0xaf, 0xd4, 0x4a, 0xdc, 0x29, 0xb0, 0x0a, 0x84, 0xe4, 0x33, 0x62, 0x80,
    0x00, 0x20, 0x08, 0x06, 0x9b, 0x7a, 0xad, 0x96, 0x04, 0x42, 0xc1, 0x88,
    0x01, 0x02, 0x80, 0x20, 0x18, 0x6c, 0xeb, 0xc5, 0x5a, 0x0f, 0x08, 0x05,
    0x23, 0x06, 0x08, 0x00, 0x82, 0x60, 0xb0, 0xb1, 0x57, 0x6b, 0x31, 0xf2,
    0x14, 0x50, 0x3a, 0x01, 0x60, 0xc4, 0xe0, 0x00, 0x40, 0x10, 0x0c, 0xb2,
    0xf7, 0x72, 0xad, 0x74, 0xf2, 0xad, 0xd1, 0x84, 0x00, 0x18, 0x4d, 0x10,
    0x82, 0xd1, 0x84, 0x41, 0x18, 0x31, 0x38, 0x00, 0x10, 0x04, 0x83, 0x6c,
    0xbe, 0x64, 0xab, 0x9d, 0xc2, 0x6b, 0x34, 0x21, 0x00, 0x46, 0x13, 0x84,
    0x60, 0x34, 0x61, 0x10, 0x46, 0x0c, 0x0e, 0x00, 0x04, 0xc1, 0x20, 0xbb,
    0x2f, 0xdb, 0x8a, 0x27, 0xf2, 0x1a, 0x4d, 0x08, 0x80, 0xd1, 0x04, 0x21,
    0x18, 0x4d, 0x18, 0x84, 0x11, 0x83, 0x03, 0x00, 0x41, 0x30, 0xc8, 0xf6,
    0x4b, 0xb7, 0xea, 0x29, 0xbe, 0x46, 0x13, 0x02, 0x60, 0x34, 0x41, 0x08,
    0x46, 0x13, 0x06, 0xc1, 0x1e, 0x19, 0x92, 0xcf, 0x88, 0x01, 0x02, 0x80,
    0x20, 0x18, 0x6c, 0xff, 0x05, 0x5e, 0x8c, 0x0c, 0x05, 0x23, 0x06, 0x08,
    0x00, 0x82, 0x60, 0xb0, 0x81, 0x58, 0x78, 0x25, 0x32, 0x14, 0x8c, 0x18,
    0x20, 0x00, 0x08, 0x82, 0xc1, 0x16, 0x62, 0xe2, 0x65, 0xf8, 0x53, 0x60,
    0x92, 0x0d, 0xc9, 0x67, 0xc4, 0x00, 0x01, 0x40, 0x10, 0x0c, 0xb6, 0x11,
    0x23, 0xaf, 0xc7, 0x86, 0x82, 0x11, 0x03, 0x04, 0x00, 0x41, 0x30, 0xd8,
    0x48, 0xac, 0xbc, 0x18, 0x1b, 0x0a, 0x46, 0x0c, 0x10, 0x00, 0x04, 0xc1,
    0x60, 0x2b, 0x31, 0xf3, 0x4a, 0x44, 0x2a, 0xb0, 0x4a, 0x87, 0xe4, 0x33,
    0x62, 0x80, 0x00, 0x20, 0x08, 0x06, 0xdb, 0x89, 0xa1, 0x97, 0xa4, 0x43,
    0xc1, 0x88, 0x01, 0x02, 0x80, 0x20, 0x18, 0x6c, 0x28, 0x96, 0x5e, 0x8f,
    0x0e, 0x05, 0x23, 0x06, 0x08, 0x00, 0x82, 0x60, 0xb0, 0xa5, 0x98, 0x7a,
    0x31, 0x26, 0x15, 0x90, 0x49, 0x01, 0x80, 0x4e, 0x0a, 0x00, 0xb3, 0x04,
    0x79, 0x30, 0x50, 0x61, 0x90, 0xc9, 0x1d, 0xc0, 0x02, 0x1e, 0x0c, 0x54,
    0x18, 0x64, 0x72, 0x07, 0xaa, 0x80, 0x07, 0x03, 0x15, 0x06, 0x99, 0xdc,
    0x01, 0x29, 0xe0, 0xc1, 0x40, 0x85, 0x41, 0x26, 0x77, 0xc0, 0xe1, 0xc1,
    0x40, 0x85, 0x41, 0x26, 0x77, 0x60, 0xe1, 0xc1, 0x40, 0x85, 0x41, 0x26,
    0x77, 0x00, 0xe1, 0xc1, 0x88, 0xc1, 0x01, 0x80, 0x20, 0x18, 0x64, 0x33,
    0x26, 0x5f, 0x2d, 0x55, 0x5e, 0xa3, 0x09, 0x41, 0x30, 0x1c, 0x11, 0xe4,
    0x94, 0xf0, 0x0d, 0x37, 0x04, 0x3c, 0x15, 0x06, 0x24, 0x53, 0x00, 0x38,
    0x01, 0x88, 0xe1, 0x86, 0xa0, 0xc6, 0xc2, 0x80, 0x6a, 0x0a, 0x00, 0xb3,
    0x0c, 0x7a, 0xb0, 0x07, 0xc2, 0x88, 0xc1, 0x02, 0x80, 0x20, 0x18, 0x40,
    0x3e, 0x86, 0x5f, 0x8b, 0x92, 0x2c, 0x4a, 0x32, 0x62, 0x60, 0x00, 0x20,
    0x08, 0x06, 0x92, 0x8f, 0xdd, 0x57, 0x60, 0x4d, 0x20, 0x1f, 0x6b, 0x04,
    0xf9, 0x58, 0x33, 0xc8, 0x87, 0x76, 0x0a, 0x00, 0xb3, 0x04, 0x7b, 0x30,
    0x50, 0x61, 0x20, 0x7a, 0x20, 0x06, 0x79, 0x30, 0x50, 0x61, 0x20, 0x7a,
    0x20, 0x06, 0x79, 0x30, 0x50, 0x61, 0x20, 0x7a, 0x20, 0x06, 0x79, 0x30,
    0x62, 0x60, 0x00, 0x20, 0x08, 0x06, 0x92, 0x99, 0xf9, 0x58, 0x45, 0x60,
    0x05, 0x80, 0x11, 0x83, 0x03, 0x00, 0x41, 0x30, 0xc8, 0xcc, 0xac, 0xc4,
    0xc0, 0xaa, 0xb6, 0x46, 0x13, 0x02, 0x60, 0x34, 0x41, 0x08, 0x46, 0x13,
    0x06, 0x61, 0x34, 0x81, 0x18, 0x46, 0x0c, 0x0e, 0x00, 0x04, 0xc1, 0x20,
    0x5b, 0x33, 0x15, 0x2b, 0x2b, 0xfe, 0x1a, 0x4d, 0x08, 0x00, 0x42, 0x2b,
    0x00, 0x50, 0x5a, 0x01, 0xc0, 0x86, 0xb9, 0x82, 0xcf, 0x05, 0x00, 0x11,
    0x5b, 0x01, 0x80, 0xda, 0x0a, 0x00, 0xc3, 0x0d, 0x03, 0x9c, 0x81, 0xc1,
    0x2c, 0x03, 0x1f, 0xf4, 0x41, 0x30, 0x4b, 0x00, 0x0a, 0xc3, 0x0d, 0x44,
    0x9a, 0x81, 0xc1, 0x2c, 0x83, 0x1f, 0xfc, 0x41, 0x30, 0x4b, 0x00, 0x0a,
    0xb3, 0x04, 0xa0, 0x30, 0xd0, 0x61, 0xd0, 0x68, 0xc0, 0x07, 0x3c, 0x1a,
    0xf8, 0x01, 0xf7, 0x07, 0x03, 0x1d, 0x06, 0x8d, 0x06, 0x7c, 0xc0, 0xa3,
    0x81, 0x1f, 0x70, 0x7f, 0x30, 0xd0, 0x61, 0xd0, 0x68, 0xc0, 0x07, 0x3c,
    0x1a, 0xf8, 0x01, 0xf7, 0x07, 0x03, 0x1d, 0x06, 0x8d, 0x06, 0x7c, 0xc0,
    0xa3, 0x81, 0x1f, 0x70, 0x7f, 0x40, 0x74, 0x05, 0x00, 0xaa, 0x2b, 0x00,
    0x8c, 0x18, 0x1c, 0x00, 0x08, 0x82, 0x41, 0xb6, 0x67, 0x3a, 0x56, 0x57,
    0xe9, 0x35, 0x9a, 0x10, 0x00, 0xa3, 0x09, 0x42, 0x30, 0x9a, 0x30, 0x08,
    0x23, 0x06, 0x07, 0x00, 0x82, 0x60, 0x90, 0xfd, 0x99, 0x8f, 0xe5, 0x15,
    0x8c, 0x8d, 0x26, 0x04, 0x01, 0xf1, 0x15, 0x00, 0xa8, 0xaf, 0x00, 0x60,
    0xc3, 0x69, 0xc1, 0xe7, 0x02, 0x80, 0x08, 0xb4, 0x00, 0x40, 0xa1, 0x05,
    0x80, 0xe1, 0x86, 0x81, 0xd4, 0xc0, 0x60, 0x96, 0x21, 0x14, 0x44, 0x21,
    0x98, 0x25, 0x28, 0x85, 0xe1, 0x06, 0xa2, 0xcf, 0xc0, 0x60, 0x96, 0x61,
    0x14, 0x48, 0x21, 0x98, 0x25, 0x28, 0x85, 0x59, 0x82, 0x52, 0x18, 0xe8,
    0x30, 0xf8, 0x34, 0x08, 0x05, 0x52, 0x0d, 0x46, 0x41, 0x23, 0x85, 0x81,
    0x0e, 0x83, 0x4f, 0x83, 0x50, 0x20, 0xd5, 0x60, 0x14, 0x34, 0x52, 0x18,
    0xe8, 0x30, 0xf8, 0x34, 0x08, 0x05, 0x52, 0x0d, 0x46, 0x41, 0x23, 0x05,
    0x3a, 0x2d, 0x00, 0x10, 0x6a, 0x01, 0x60, 0xc4, 0xe0, 0x00, 0x40, 0x10,
    0x0c, 0x32, 0x57, 0x6b, 0x33, 0xd4, 0xda, 0xaf, 0xd1, 0x84, 0x00, 0x18,
    0x4d, 0x10, 0x82, 0xd1, 0x84, 0x41, 0x18, 0x31, 0x38, 0x00, 0x10, 0x04,
    0x83, 0x4c, 0xd6, 0xe2, 0x8c, 0xb5, 0xc6, 0x6c, 0x34, 0x21, 0x10, 0xe8,
    0xb5, 0x00, 0x40, 0xb0, 0x05, 0x00, 0x1b, 0x74, 0x0b, 0x3e, 0x17, 0x00,
    0x44, 0xb3, 0x05, 0x00, 0xa2, 0x2d, 0x00, 0x0c, 0x37, 0x0c, 0xb7, 0x06,
    0x06, 0xb3, 0x0c, 0xa6, 0x70, 0x0a, 0xc1, 0x2c, 0x81, 0x2a, 0x0c, 0x37,
    0x10, 0xb0, 0x06, 0x06, 0xb3, 0x0c, 0xa8, 0x90, 0x0a, 0xc1, 0x2c, 0x81,
    0x2a, 0xcc, 0x12, 0xa8, 0xc2, 0x40, 0x87, 0x21, 0xae, 0x81, 0x29, 0xa8,
    0x6b, 0x80, 0x0a, 0x5a, 0x2a, 0x0c, 0x74, 0x18, 0xe2, 0x1a, 0x98, 0x82,
    0xba, 0x06, 0xa8, 0xa0, 0xa5, 0xc2, 0x40, 0x87, 0x21, 0xae, 0x81, 0x29,
    0xa8, 0x6b, 0x80, 0x0a, 0x5a, 0x2a, 0x90, 0x6e, 0x01, 0x80, 0x76, 0x0b,
    0x00, 0x23, 0x06, 0x07, 0x00, 0x82, 0x60, 0x90, 0x85, 0x1b, 0xa8, 0xed,
    0x56, 0x8b, 0x8d, 0x26, 0x04, 0xc0, 0x68, 0x82, 0x10, 0x8c, 0x26, 0x0c,
    0xc2, 0x88, 0xc1, 0x01, 0x80, 0x20, 0x18, 0x64, 0xe5, 0x46, 0x6a, 0xbf,
    0x65, 0x67, 0xa3, 0x09, 0xc1, 0x40, 0xe2, 0x05, 0x00, 0x1a, 0x2f, 0x00,
    0xd8, 0xd0, 0x5e, 0xf0, 0xb9, 0x00, 0x20, 0x32, 0x2f, 0x00, 0xd0, 0x79,
    0x01, 0x60, 0xb8, 0x61, 0x50, 0x37, 0x30, 0x98, 0x65, 0x58, 0x05, 0x56,
    0x08, 0x66, 0x09, 0x5e, 0x61, 0xb8, 0x81, 0x18, 0x37, 0x30, 0x98, 0x65,
    0x68, 0x05, 0x57, 0x08, 0x66, 0x09, 0x5e, 0x61, 0x96, 0xe0, 0x15, 0x06,
    0x3a, 0x0c, 0x94, 0x0d, 0x56, 0x01, 0x66, 0x83, 0x56, 0xd0, 0x5c, 0x61,
    0xa0, 0xc3, 0x40, 0xd9, 0x60, 0x15, 0x60, 0x36, 0x68, 0x05, 0xcd, 0x15,
    0x06, 0x3a, 0x0c, 0x94, 0x0d, 0x56, 0x01, 0x66, 0x83, 0x56, 0xd0, 0x5c,
    0x81, 0xda, 0x0b, 0x00, 0xe4, 0x5e, 0x00, 0x18, 0x31, 0x38, 0x00, 0x10,
    0x04, 0x83, 0x8c, 0xde, 0x66, 0xcd, 0xbd, 0x7e, 0x6c, 0x34, 0x21, 0x00,
    0x28, 0xbe, 0x00, 0x30, 0x62, 0x70, 0x00, 0x20, 0x08, 0x06, 0xd9, 0xbd,
    0xd9, 0x5a, 0x7c, 0x95, 0xda, 0x68, 0x42, 0x00, 0x5c, 0x00, 0x10, 0xd5,
    0x17, 0x00, 0x86, 0x1b, 0x84, 0x7b, 0x3b, 0x83, 0xe1, 0x86, 0x40, 0xc4,
    0xc2, 0x80, 0xf0, 0x0b, 0x00, 0x27, 0x00, 0x31, 0xdc, 0x10, 0xec, 0x5b,
    0x18, 0xd0, 0x7e, 0x01, 0xe0, 0x04, 0x20, 0xa8, 0xbf, 0x00, 0x30, 0x62,
    0x70, 0x00, 0x20, 0x08, 0x06, 0xd9, 0xc8, 0x89, 0x5b, 0x7f, 0xb5, 0xd9,
    0x68, 0x42, 0x20, 0x0c, 0x47, 0x04, 0x29, 0x26, 0x7c, 0xc3, 0x0d, 0x01,
    0x8b, 0x85, 0x01, 0x89, 0x18, 0x00, 0x4e, 0x00, 0x62, 0xb8, 0x21, 0x28,
    0xb9, 0x30, 0xa0, 0x12, 0x03, 0xc0, 0x09, 0x40, 0xd0, 0x89, 0x01, 0x60,
    0xb8, 0x81, 0x4a, 0x39, 0x34, 0x18, 0x6e, 0x08, 0x68, 0x2c, 0x0c, 0x86,
    0x1b, 0x82, 0x1a, 0x0b, 0x83, 0x59, 0x06, 0x58, 0x88, 0x85, 0x60, 0x96,
    0x40, 0x16, 0x66, 0x09, 0x64, 0x61, 0xa0, 0x02, 0xc0, 0xf1, 0x00, 0x16,
    0xdc, 0x20, 0x16, 0x88, 0xc5, 0x00, 0x40, 0x2d, 0x06, 0x00, 0x72, 0x31,
    0x00, 0x8c, 0x18, 0x1c, 0x00, 0x08, 0x82, 0x41, 0x46, 0x73, 0xf3, 0xe6,
    0x62, 0xe2, 0x36, 0x9a, 0x10, 0x04, 0xa3, 0x09, 0x82, 0x30, 0x9a, 0x30,
    0x0c, 0x34, 0x63, 0x00, 0x20, 0x1a, 0x03, 0x00, 0xd5, 0x18, 0x00, 0x86,
    0x1b, 0xb4, 0x9b, 0x0b, 0x83, 0x59, 0x86, 0x59, 0x38, 0x89, 0x80, 0x6e,
    0x0c, 0x00, 0x84, 0x63, 0x00, 0xa0, 0x1c, 0x03, 0x00, 0xe9, 0x18, 0x00,
    0x66, 0x09, 0x68, 0x61, 0x96, 0xa0, 0x16, 0x06, 0x2a, 0x0c, 0x3c, 0x0e,
    0x68, 0x21, 0x7c, 0x46, 0x62, 0xa0, 0xc2, 0xd0, 0xe3, 0x80, 0x16, 0xc2,
    0x67, 0x24, 0x06, 0x2a, 0x0c, 0x3e, 0x0e, 0x68, 0x21, 0x7c, 0x46, 0x62,
    0xa0, 0xc2, 0xf0, 0xe3, 0x80, 0x16, 0xde, 0x67, 0x24, 0x06, 0x2a, 0x0c,
    0x50, 0x0e, 0x68, 0xe1, 0x7d, 0x46, 0x62, 0xa0, 0xc2, 0x10, 0xe5, 0x80,
    0x16, 0xde, 0x67, 0x24, 0x06, 0x2a, 0x0c, 0x52, 0x0e, 0x68, 0x21, 0x97,
    0x46, 0x62, 0xa0, 0xc2, 0x30, 0xe5, 0x80, 0x16, 0x72, 0x69, 0x24, 0x06,
    0x2a, 0x0c, 0x54, 0x0e, 0x68, 0x21, 0x97, 0x46, 0x62, 0xa0, 0x02, 0x50,
    0xf5, 0x80, 0x16, 0x72, 0x69, 0x24, 0x86, 0x1b, 0x02, 0xed, 0x0c, 0x86,
    0x1b, 0x82, 0x38, 0x0b, 0x83, 0xe1, 0x86, 0x40, 0xce, 0xc2, 0x60, 0x96,
    0xc1, 0x16, 0x6e, 0x21, 0x98, 0x25, 0x30, 0x09, 0x23, 0xc8, 0x4e, 0x04,
    0x94, 0x66, 0x00, 0x18, 0x6e, 0x30, 0xd6, 0x0e, 0x0c, 0x86, 0x1b, 0x02,
    0x3b, 0x0b, 0x83, 0xe1, 0x86, 0xe0, 0xce, 0xc2, 0x60, 0x96, 0x01, 0x17,
    0x72, 0x21, 0x18, 0x31, 0x38, 0x00, 0x10, 0x04, 0x83, 0x4c, 0xee, 0x62,
    0x8e, 0xcd, 0x48, 0x6e, 0x34, 0x21, 0x18, 0x86, 0x23, 0x02, 0x3c, 0x13,
    0xbe, 0xe1, 0x86, 0x60, 0xcf, 0xc2, 0x60, 0xb8, 0x21, 0xe0, 0xb3, 0x30,
    0x98, 0x25, 0xc8, 0x85, 0x81, 0x8a, 0x4e, 0x9f, 0x83, 0x5b, 0x10, 0x70,
    0xe1, 0x02, 0x20, 0x88, 0xce, 0x00, 0x30, 0xdc, 0x20, 0xd8, 0x5d, 0x18,
    0xcc, 0x32, 0xe8, 0xc2, 0x2e, 0x04, 0x23, 0x06, 0x07, 0x00, 0x82, 0x60,
    0x90, 0xed, 0x9d, 0xce, 0xd5, 0x19, 0xb9, 0x8d, 0x26, 0x04, 0xc0, 0x68,
    0x82, 0x10, 0x8c, 0x26, 0x0c, 0xc2, 0x68, 0x02, 0x31, 0xcc, 0x12, 0xf0,
    0x82, 0x4d, 0x7c, 0x07, 0x82, 0x0a, 0xfc, 0x4e, 0xca, 0xe6, 0x02, 0x18,
    0x31, 0x38, 0x00, 0x10, 0x04, 0x83, 0x6c, 0xf4, 0xc4, 0xae, 0xcf, 0x82,
    0xd1, 0x84, 0x00, 0x18, 0x4d, 0x10, 0x82, 0xd1, 0x84, 0x41, 0x18, 0x4d,
    0x20, 0x86, 0x59, 0x02, 0x5e, 0x18, 0xa8, 0x30, 0x30, 0x5d, 0x40, 0x76,
    0x61, 0xa0, 0xc2, 0xc0, 0x74, 0x01, 0xd9, 0x85, 0x81, 0x0a, 0x03, 0xd3,
    0x05, 0x64, 0x17, 0x06, 0x2a, 0x0c, 0x4c, 0x17, 0x90, 0x5d, 0xa0, 0x53,
    0x03, 0xc0, 0x70, 0x43, 0x95, 0x7a, 0x61, 0x30, 0xcb, 0xd0, 0x0b, 0xbe,
    0x10, 0x8c, 0x18, 0x1c, 0x00, 0x08, 0x82, 0x41, 0xe6, 0x7a, 0x6d, 0x87,
    0x6a, 0xf6, 0x36, 0x9a, 0x10, 0x00, 0xa3, 0x09, 0x42, 0x30, 0x9a, 0x30,
    0x08, 0xa3, 0x09, 0xc4, 0x30, 0x4b, 0xf0, 0x0b, 0x66, 0x06, 0xb0, 0x07,
    0x82, 0x0a, 0x62, 0x4f, 0x2a, 0xed, 0x02, 0x18, 0x31, 0x38, 0x00, 0x10,
    0x04, 0x83, 0xcc, 0xf6, 0xea, 0x0e, 0xd6, 0x82, 0xd1, 0x84, 0x00, 0x18,
    0x4d, 0x10, 0x82, 0xd1, 0x84, 0x41, 0x18, 0x4d, 0x20, 0x86, 0x59, 0x82,
    0x5f, 0x18, 0xa8, 0x30, 0xb0, 0x5e, 0x40, 0x7c, 0x61, 0xa0, 0xc2, 0xc0,
    0x7a, 0x01, 0xf1, 0x85, 0x81, 0x0a, 0x03, 0xeb, 0x05, 0xc4, 0x17, 0x06,
    0x2a, 0x0c, 0xac, 0x17, 0x10, 0x5f, 0x20, 0x5d, 0x03, 0xc0, 0x70, 0x03,
    0x1a, 0xf0, 0x5e, 0x18, 0xcc, 0x32, 0x80, 0x43, 0x38, 0x04, 0x23, 0x06,
    0x07, 0x00, 0x82, 0x60, 0x90, 0x85, 0x1f, 0xe8, 0xed, 0x1a, 0xca, 0x8d,
    0x26, 0x04, 0xc0, 0x68, 0x82, 0x10, 0x8c, 0x26, 0x0c, 0xc2, 0x2c, 0x81,
    0x38, 0x18, 0x1e, 0xe8, 0x1e, 0x08, 0x2a, 0x18, 0x3f, 0xa9, 0xbd, 0x0b,
    0x60, 0xc4, 0xe0, 0x00, 0x40, 0x10, 0x0c, 0x32, 0xf4, 0x3b, 0x3d, 0x71,
    0x0b, 0x46, 0x13, 0x02, 0x60, 0x34, 0x41, 0x08, 0x46, 0x13, 0x06, 0x61,
    0x96, 0x40, 0x1c, 0x06, 0x2a, 0x0c, 0x0a, 0x1c, 0x8c, 0x70, 0x18, 0xa8,
    0x30, 0x28, 0x70, 0x30, 0xc2, 0x61, 0xa0, 0xc2, 0xa0, 0xc0, 0xc1, 0x08,
    0x07, 0x52, 0x37, 0x00, 0x0c, 0x37, 0xe0, 0x01, 0xfb, 0x85, 0xc1, 0x2c,
    0xc3, 0x38, 0x90, 0x43, 0x30, 0x62, 0x70, 0x00, 0x20, 0x08, 0x06, 0x59,
    0xfc, 0xc1, 0xde, 0xba, 0xdd, 0xdc, 0x68, 0x42, 0x00, 0x8c, 0x26, 0x08,
    0xc1, 0x68, 0xc2, 0x20, 0xcc, 0x12, 0x94, 0x83, 0xa1, 0x42, 0xfb, 0x81,
    0xa0, 0x82, 0xf9, 0x93, 0x5a, 0xbd, 0x00, 0x46, 0x0c, 0x0e, 0x00, 0x04,
    0xc1, 0x20, 0xc3, 0xbf, 0xdb, 0x93, 0xb7, 0x60, 0x34, 0x21, 0x00, 0x46,
    0x13, 0x84, 0x60, 0x34, 0x61, 0x10, 0x66, 0x09, 0xca, 0x61, 0xa0, 0xc2,
    0xa0, 0xc6, 0xc1, 0x20, 0x87, 0x81, 0x0a, 0x83, 0x1a, 0x07, 0x83, 0x1c,
    0x06, 0x2a, 0x0c, 0x6a, 0x1c, 0x0c, 0x72, 0x20, 0x7d, 0x03, 0xc0, 0x70,
    0x03, 0x2a, 0xf0, 0x5f, 0x18, 0xcc, 0x32, 0x98, 0xc3, 0x39, 0x04, 0x23,
    0x06, 0x07, 0x00, 0x82, 0x60, 0x90, 0x85, 0x60, 0x00, 0x7e, 0xfb, 0x66,
    0x76, 0xa3, 0x09, 0x01, 0x30, 0x9a, 0x20, 0x04, 0xa3, 0x09, 0x83, 0x30,
    0x4b, 0x80, 0x0e, 0x86, 0x0b, 0xf9, 0x07, 0x82, 0x0a, 0x46, 0x30, 0x90,
    0xda, 0xbd, 0x00, 0x46, 0x0c, 0x0e, 0x00, 0x04, 0xc1, 0x20, 0x43, 0xc1,
    0xe0, 0xfc, 0x44, 0x2e, 0x18, 0x4d, 0x08, 0x80, 0xd1, 0x04, 0x21, 0x18,
    0x4d, 0x18, 0x84, 0x59, 0x02, 0x74, 0x18, 0xa8, 0x30, 0x28, 0x73, 0x30,
    0xce, 0x61, 0xa0, 0xc2, 0xa0, 0xcc, 0xc1, 0x38, 0x87, 0x81, 0x0a, 0x83,
    0x32, 0x07, 0xe3, 0x1c, 0x48, 0xe5, 0x00, 0x30, 0xdc, 0x80, 0x0b, 0x2c,
    0x18, 0x84, 0xc1, 0x2c, 0x43, 0x3a, 0xa8, 0x43, 0x30, 0x62, 0x70, 0x00,
    0x20, 0x08, 0x06, 0x59, 0x0c, 0x06, 0xf0, 0xb7, 0x72, 0x75, 0x37, 0x9a,
    0x10, 0x00, 0xa3, 0x09, 0x42, 0x30, 0x9a, 0x30, 0x08, 0xa3, 0x09, 0xc4,
    0x30, 0x4b, 0xb0, 0x0e, 0x96, 0x0e, 0x29, 0x18, 0x80, 0xa0, 0x02, 0x1a,
    0x0c, 0xa4, 0xd8, 0x2f, 0x80, 0x11, 0x83, 0x03, 0x00, 0x41, 0x30, 0xc8,
    0x72, 0x30, 0xc0, 0xbf, 0x99, 0x0b, 0x46, 0x13, 0x02, 0x60, 0x34, 0x41,
    0x08, 0x46, 0x13, 0x06, 0x61, 0x34, 0x81, 0x18, 0x66, 0x09, 0xd6, 0x61,
    0xa0, 0xc2, 0xc0, 0xd2, 0x01, 0x51, 0x87, 0x81, 0x0a, 0x03, 0x4b, 0x07,
    0x44, 0x1d, 0x06, 0x2a, 0x0c, 0x2c, 0x1d, 0x10, 0x75, 0x18, 0xa8, 0x30,
    0xb0, 0x74, 0x40, 0xd4, 0x81, 0x7a, 0x0e, 0x00, 0xc3, 0x0d, 0xeb, 0xf0,
    0x83, 0x41, 0x18, 0xcc, 0x32, 0xb0, 0x43, 0x3b, 0x04, 0x23, 0x06, 0x07,
    0x00, 0x82, 0x60, 0x90, 0x91, 0x61, 0x30, 0x82, 0x81, 0xcf, 0x9d, 0xde,
    0x68, 0x42, 0x00, 0x8c, 0x26, 0x08, 0xc1, 0x2c, 0x81, 0x3b, 0x98, 0x3e,
    0x84, 0x61, 0x00, 0x82, 0x0a, 0xca, 0x30, 0x90, 0xea, 0xbf, 0x00, 0x46,
    0x0c, 0x0e, 0x00, 0x04, 0xc1, 0x20, 0x53, 0xc3, 0x20, 0x05, 0x03, 0xb2,
    0x0b, 0x46, 0x13, 0x02, 0x60, 0x34, 0x41, 0x08, 0x66, 0x09, 0xdc, 0x61,
    0xa0, 0xc2, 0x80, 0xd8, 0x81, 0x68, 0x87, 0x81, 0x0a, 0x03, 0x62, 0x07,
    0xa2, 0x1d, 0x48, 0xed, 0x00, 0x40, 0x6b, 0x07, 0x80, 0xe1, 0x08, 0x73,
    0xa8, 0x3b, 0xe2, 0x1b, 0x6e, 0x08, 0xf0, 0x2e, 0x0c, 0x86, 0x1b, 0x82,
    0xbc, 0x0b, 0x83, 0x59, 0x86, 0x77, 0x80, 0x87, 0x60, 0xc4, 0x60, 0x01,
    0x40, 0x10, 0x0c, 0xa0, 0x3b, 0x0c, 0x62, 0x30, 0xc8, 0x05, 0x5c, 0xb8,
    0x85, 0x5c, 0xc0, 0x85, 0x5b, 0x18, 0x31, 0x30, 0x00, 0x10, 0x04, 0x03,
    0xe9, 0x0e, 0x03, 0x18, 0x0c, 0x02, 0xdb, 0x85, 0x40, 0x3e, 0xb6, 0x0b,
    0x82, 0x7c, 0x6c, 0x17, 0x06, 0xf9, 0x98, 0xde, 0x0d, 0xf1, 0xb1, 0xbd,
    0x1b, 0xe2, 0x63, 0x7c, 0x37, 0xc4, 0x87, 0xee, 0x0e, 0x00, 0xb3, 0x04,
    0xfc, 0x60, 0xf5, 0x00, 0x27, 0xf1, 0xb1, 0x7a, 0x80, 0x93, 0xf8, 0x58,
    0x3d, 0xc0, 0x49, 0x7c, 0x68, 0xef, 0x00, 0x60, 0x04, 0x21, 0x1f, 0x23,
    0x08, 0xf9, 0x98, 0x10, 0xc0, 0xc7, 0x8a, 0x42, 0x3e, 0x26, 0x04, 0xf0,
    0x19, 0x31, 0x30, 0x00, 0x10, 0x04, 0x03, 0x09, 0x15, 0x03, 0x1f, 0x0c,
    0x02, 0x12, 0x3d, 0x00, 0x8c, 0x18, 0x1c, 0x00, 0x08, 0x82, 0x01, 0x95,
    0x8a, 0x01, 0x19, 0x06, 0x82, 0xea, 0x19, 0x13, 0xd0, 0xc7, 0x18, 0x81,
    0x3e, 0xc6, 0x0c, 0xf4, 0xa1, 0xd3, 0x03, 0x80, 0xb9, 0xc1, 0x21, 0x1f,
    0x83, 0x83, 0x00, 0x3e, 0xf6, 0x06, 0x89, 0x7c, 0x2c, 0x50, 0xe4, 0x63,
    0x43, 0x00, 0x9f, 0x11, 0x83, 0x03, 0x00, 0x41, 0x30, 0xa0, 0x66, 0x31,
    0x70, 0xc3, 0x20, 0xa0, 0x3d, 0xc3, 0xbd, 0x80, 0x3e, 0xf4, 0x7a, 0x00,
    0x18, 0x8e, 0xb8, 0x87, 0xd8, 0x13, 0xbe, 0xe1, 0x86, 0x80, 0xf7, 0xc2,
    0x60, 0xb8, 0x21, 0xe8, 0xbd, 0x30, 0x98, 0x65, 0x88, 0x87, 0x79, 0x08,
    0x86, 0x23, 0x24, 0x7d, 0x10, 0xbe, 0xe1, 0x86, 0xe0, 0xf7, 0xc2, 0x60,
    0xb8, 0x21, 0x00, 0xbf, 0x30, 0x98, 0x65, 0x90, 0x87, 0x79, 0x08, 0xc8,
    0xf6, 0x00, 0x30, 0x4b, 0x30, 0x0f, 0x03, 0x1d, 0x06, 0xdc, 0x07, 0xf2,
    0x20, 0xc5, 0x83, 0x04, 0x0f, 0xc3, 0x11, 0x32, 0xb1, 0x7b, 0xc2, 0x37,
    0xdc, 0x10, 0x90, 0x5f, 0x18, 0x0c, 0x37, 0x04, 0xe5, 0x17, 0x06, 0xb3,
    0x0c, 0xf4, 0xb0, 0x0f, 0xc1, 0x88, 0xc1, 0x02, 0x80, 0x20, 0x18, 0x40,
    0xe3, 0x18, 0xf4, 0x61, 0x50, 0x12, 0x24, 0x31, 0x12, 0x25, 0x41, 0x12,
    0x23, 0x31, 0x62, 0x60, 0x00, 0x20, 0x08, 0x06, 0xd2, 0x38, 0x06, 0x7c,
    0x18, 0x04, 0x76, 0x12, 0x81, 0x7c, 0xec, 0x24, 0x04, 0xf9, 0xd8, 0x49,
    0x0c, 0xf2, 0x31, 0xf3, 0xe3, 0xe2, 0x63, 0xe7, 0xc7, 0xc5, 0xc7, 0xd0,
    0x8f, 0x8b, 0xcf, 0x88, 0xc1, 0x02, 0x80, 0x20, 0x18, 0x40, 0xeb, 0x18,
    0x94, 0x62, 0x30, 0x08, 0x81, 0x51, 0x10, 0x44, 0x7e, 0x00, 0x30, 0x81,
    0x0f, 0xe2, 0x63, 0x7e, 0xd0, 0x07, 0xf1, 0x19, 0x31, 0x38, 0x00, 0x10,
    0x04, 0x03, 0xaa, 0x1d, 0x03, 0x54, 0x0c, 0x02, 0xf7, 0xb3, 0x21, 0xa0,
    0xcf, 0x88, 0xc1, 0x01, 0x80, 0x20, 0x18, 0x50, 0xef, 0x18, 0xa8, 0x62,
    0x10, 0xa8, 0xdf, 0x88, 0xc1, 0x01, 0x80, 0x20, 0x18, 0x50, 0xf0, 0x18,
    0xa0, 0x62, 0x10, 0xd0, 0xdf, 0x88, 0x81, 0x01, 0x80, 0x20, 0x18, 0x48,
    0xf2, 0x18, 0xf4, 0x61, 0x10, 0x58, 0x00, 0x0b, 0xf2, 0x19, 0x31, 0x30,
    0x00, 0x10, 0x04, 0x03, 0x89, 0x1e, 0x03, 0x51, 0x0c, 0x02, 0x72, 0x3f,
    0x00, 0x0c, 0x47, 0x30, 0xa6, 0x50, 0x7c, 0xc3, 0x0d, 0xc1, 0xfe, 0x85,
    0xc1, 0x70, 0x43, 0xc0, 0x7f, 0x61, 0x30, 0xcb, 0x50, 0x0f, 0xf6, 0x10,
    0xcc, 0x12, 0xdc, 0xc3, 0x2c, 0xc1, 0x3d, 0x0c, 0x54, 0x18, 0xe6, 0x1f,
    0xd4, 0x83, 0x62, 0x0f, 0x34, 0x7f, 0x00, 0x18, 0x8e, 0x88, 0x58, 0x41,
    0xf8, 0x86, 0x1b, 0x02, 0x10, 0x0c, 0xc2, 0x60, 0xb8, 0x21, 0x08, 0xc1,
    0x20, 0x0c, 0x66, 0x19, 0xf0, 0x21, 0x1f, 0x82, 0x59, 0x02, 0x7d, 0x98,
    0x25, 0xd0, 0x87, 0x81, 0x0a, 0x43, 0x04, 0x05, 0x7c, 0x50, 0xf2, 0x81,
    0xf0, 0x0f, 0x00, 0x26, 0x06, 0x82, 0x7c, 0x48, 0xff, 0x00, 0x30, 0x4b,
    0xb0, 0x0f, 0x03, 0x15, 0x06, 0xa1, 0x0f, 0xa8, 0x30, 0x0f, 0xb3, 0x04,
    0xfc, 0x30, 0x50, 0x61, 0xc0, 0xc4, 0x3b, 0xc0, 0xc3, 0x3e, 0x0c, 0x54,
    0x18, 0x30, 0xf1, 0x0e, 0xf0, 0xb0, 0x0f, 0x03, 0x15, 0x06, 0x4c, 0xbc,
    0x03, 0x3c, 0xec, 0xc3, 0x40, 0x85, 0x21, 0x83, 0xc2, 0x3b, 0x20, 0xfb,
    0x30, 0x62, 0xb0, 0x00, 0x20, 0x08, 0x06, 0x10, 0x4a, 0x06, 0xe2, 0x18,
    0x10, 0x83, 0x40, 0x0c, 0xc2, 0x88, 0x81, 0x01, 0x80, 0x20, 0x18, 0x48,
    0x28, 0x19, 0x84, 0x63, 0x10, 0x98, 0x11, 0xc8, 0xc7, 0x0c, 0x41, 0x3e,
    0x66, 0x0c, 0xf2, 0x19, 0x31, 0x58, 0x00, 0x10, 0x04, 0x03, 0xa8, 0x25,
    0x83, 0x73, 0x0c, 0xd2, 0x05, 0x5d, 0xce, 0x65, 0x10, 0x82, 0x11, 0x83,
    0x03, 0x00, 0x41, 0x30, 0xa0, 0x58, 0x32, 0x38, 0xc7, 0x20, 0x38, 0xc1,
    0x80, 0x4e, 0x30, 0x00, 0x80, 0x85, 0x44, 0x22, 0x1f, 0x0b, 0x09, 0x45,
    0x3e, 0x16, 0x12, 0x8b, 0x7c, 0x0c, 0x3e, 0x06, 0xf8, 0x18, 0x7c, 0x0c,
    0xf0, 0x31, 0xf8, 0x18, 0xe0, 0x43, 0x2e, 0x18, 0x00, 0xc0, 0xd0, 0x22,
    0x91, 0x8f, 0xa1, 0x85, 0x22, 0x1f, 0x43, 0x8b, 0x45, 0x3e, 0x36, 0x4c,
    0xf2, 0xb1, 0x81, 0x92, 0x8f, 0x0d, 0x95, 0x7c, 0xec, 0x3e, 0x06, 0xf8,
    0xd8, 0x7d, 0x0c, 0xf0, 0xb1, 0xfb, 0x18, 0xe0, 0x43, 0x38, 0x18, 0x00,
    0x60, 0x38, 0x62, 0xd2, 0xc1, 0x40, 0xf8, 0x86, 0x1b, 0x82, 0x32, 0x0c,
    0xc2, 0x60, 0xb8, 0x21, 0x30, 0xc3, 0x20, 0x0c, 0x66, 0x19, 0xfa, 0x41,
    0x24, 0x82, 0xe1, 0x08, 0x36, 0xe9, 0xc1, 0x40, 0xf8, 0x86, 0x1b, 0x02,
    0x34, 0x0c, 0xc2, 0x60, 0xb8, 0x21, 0x48, 0xc3, 0x20, 0x0c, 0x66, 0x19,
    0xfc, 0x41, 0x24, 0x82, 0x11, 0x83, 0x03, 0x00, 0x41, 0x30, 0xc8, 0xc8,
    0x32, 0x18, 0xc9, 0xc0, 0x07, 0x03, 0x7b, 0x0c, 0x46, 0x13, 0x02, 0x60,
    0x38, 0x22, 0x50, 0xc3, 0x40, 0xf8, 0x86, 0x1b, 0x82, 0x36, 0x0c, 0xc2,
    0x80, 0xc6, 0x30, 0x00, 0xc0, 0x09, 0x40, 0x0c, 0x37, 0x04, 0x66, 0x19,
    0x84, 0x01, 0x99, 0x61, 0x00, 0x80, 0x59, 0x86, 0x7f, 0x00, 0x09, 0x61,
    0xc4, 0x60, 0x01, 0x40, 0x10, 0x0c, 0xa0, 0xb7, 0x0c, 0x52, 0x32, 0xf8,
    0x19, 0x9f, 0xe9, 0x99, 0x9f, 0xf1, 0x99, 0x9e, 0x19, 0x31, 0x30, 0x00,
    0x10, 0x04, 0x03, 0xe9, 0x2d, 0x03, 0x94, 0x0c, 0x02, 0x0b, 0x9b, 0x40,
    0x3e, 0x16, 0x36, 0x82, 0x7c, 0x2c, 0x6c, 0x06, 0xf9, 0x18, 0x1c, 0x0c,
    0xf1, 0x31, 0x38, 0x18, 0xe2, 0x63, 0x70, 0x30, 0xc4, 0x87, 0xde, 0x30,
    0x00, 0xc0, 0x2c, 0x41, 0x48, 0x18, 0x1d, 0xc4, 0x61, 0x10, 0x1f, 0xa3,
    0x03, 0x39, 0x0c, 0xe2, 0x63, 0x74, 0xc0, 0x87, 0x41, 0x7c, 0x68, 0x0e,
    0x03, 0x00, 0xcc, 0x12, 0x84, 0xc4, 0x40, 0x85, 0x01, 0xfd, 0x03, 0x02,
    0x12, 0x03, 0x15, 0x06, 0xf4, 0x0f, 0x08, 0x48, 0x0c, 0x54, 0x18, 0xd0,
    0x3f, 0x20, 0x20, 0x31, 0x62, 0xb0, 0x00, 0x20, 0x08, 0x06, 0xd0, 0x5f,
    0x06, 0x39, 0x19, 0x0c, 0x42, 0x30, 0x08, 0xc1, 0x88, 0x81, 0x01, 0x80,
    0x20, 0x18, 0x48, 0x7f, 0x19, 0xe0, 0x64, 0x10, 0x58, 0x11, 0xc8, 0xc7,
    0x0a, 0x41, 0x3e, 0x56, 0x0c, 0xf2, 0x21, 0x3e, 0x0c, 0x00, 0x30, 0x62,
    0xb0, 0x00, 0x20, 0x08, 0x06, 0x50, 0x69, 0x06, 0x3f, 0x19, 0x84, 0x0d,
    0xd8, 0xfc, 0x0c, 0x31, 0x08, 0x23, 0x06, 0x07, 0x00, 0x82, 0x60, 0x40,
    0x91, 0x66, 0xf0, 0x93, 0x41, 0xf0, 0x87, 0x01, 0xfd, 0x61, 0x00, 0x80,
    0x11, 0x03, 0x03, 0x00, 0x41, 0x30, 0x90, 0x4e, 0x33, 0x90, 0xc9, 0x40,
    0xb0, 0x20, 0x56, 0xe4, 0x33, 0x62, 0x60, 0x00, 0x20, 0x08, 0x06, 0x52,
    0x6a, 0x06, 0x37, 0x19, 0x04, 0xc6, 0x1a, 0x81, 0x7c, 0x8c, 0x35, 0x04,
    0xf9, 0x18, 0x6b, 0x0c, 0xf2, 0xb1, 0xe1, 0x14, 0xe4, 0x63, 0x03, 0x2a,
    0xc8, 0xc7, 0x86, 0x54, 0x90, 0x8f, 0xa1, 0xc9, 0x00, 0x1f, 0x43, 0x93,
    0x01, 0x3e, 0x86, 0x26, 0x03, 0x7c, 0x88, 0x15, 0x03, 0x00, 0xcc, 0x12,
    0x88, 0xc4, 0x40, 0x87, 0x81, 0x84, 0x04, 0x2e, 0xf5, 0x03, 0x2e, 0xf1,
    0xc3, 0x40, 0x87, 0x81, 0x84, 0x04, 0x2e, 0xf5, 0x03, 0x2e, 0xf1, 0xc3,
    0x40, 0x87, 0x81, 0x84, 0x04, 0x2e, 0xf5, 0x03, 0x2e, 0xf1, 0xc3, 0x2c,
    0xc1, 0x48, 0x18, 0x9b, 0xc8, 0x66, 0x00, 0x02, 0x8a, 0xc5, 0x00, 0x00,
    0xc3, 0x0d, 0x82, 0x6c, 0x06, 0x68, 0x30, 0xdc, 0x10, 0xf8, 0x62, 0x10,
    0x06, 0xc3, 0x0d, 0xc1, 0x2f, 0x06, 0x61, 0x30, 0xcb, 0x50, 0x0b, 0x24,
    0x11, 0xcc, 0x12, 0x94, 0xc4, 0x2c, 0x81, 0x49, 0x0c, 0x54, 0x18, 0xf4,
    0x64, 0x0b, 0x34, 0x51, 0x12, 0x03, 0x15, 0x06, 0x3d, 0xd9, 0x02, 0x4d,
    0x94, 0xc4, 0x40, 0x85, 0x41, 0x4f, 0xb6, 0x40, 0x13, 0x25, 0x31, 0x50,
    0x61, 0xd0, 0x93, 0x2d, 0x98, 0x44, 0x49, 0x0c, 0x54, 0x18, 0xf4, 0x64,
    0x0b, 0x26, 0x51, 0x12, 0x03, 0x15, 0x06, 0x3d, 0xd9, 0x82, 0x49, 0x94,
    0xc4, 0x40, 0x85, 0x41, 0x4f, 0xb6, 0xc0, 0x95, 0xc4, 0x40, 0x85, 0x41,
    0x4f, 0xb6, 0xc0, 0x95, 0xc4, 0x40, 0x85, 0x41, 0x4f, 0xb6, 0xc0, 0x95,
    0x84, 0xe9, 0x8c, 0xab, 0xc8, 0xc7, 0x74, 0xc6, 0x55, 0xe4, 0x63, 0x3a,
    0xe3, 0x2a, 0xf2, 0xb1, 0x7b, 0x19, 0xe0, 0x63, 0xf7, 0x32, 0xc0, 0xc7,
    0xee, 0x65, 0x80, 0x8f, 0x81, 0xcd, 0x23, 0x1f, 0x03, 0x9b, 0x47, 0x3e,
    0x06, 0x36, 0x8f, 0x7c, 0xcc, 0x18, 0xe0, 0x63, 0xc6, 0x00, 0x1f, 0x33,
    0x06, 0xf8, 0x98, 0xde, 0x48, 0xf2, 0x31, 0xbd, 0x91, 0xe4, 0x63, 0x7a,
    0x23, 0xc9, 0xc7, 0x8c, 0x01, 0x3e, 0x66, 0x0c, 0xf0, 0x31, 0x63, 0x80,
    0x0f, 0xc1, 0x63, 0x00, 0x00, 0xd3, 0x19, 0x4b, 0x3e, 0xa6, 0x33, 0x96,
    0x7c, 0x4c, 0x67, 0x2c, 0xf9, 0x10, 0x3d, 0x06, 0x00, 0x98, 0x25, 0x38,
    0x89, 0x81, 0x0a, 0x03, 0x32, 0x09, 0x95, 0x93, 0x85, 0x81, 0x0a, 0x03,
    0x32, 0x09, 0x95, 0x93, 0x85, 0x81, 0x0a, 0x03, 0x32, 0x09, 0x95, 0x93,
    0x85, 0x81, 0x0a, 0xc3, 0x31, 0x09, 0xb6, 0x14, 0x64, 0x61, 0xa0, 0xc2,
    0x70, 0x4c, 0x82, 0x2d, 0x05, 0x59, 0x18, 0xa8, 0x30, 0x1c, 0x93, 0x60,
    0x4b, 0x41, 0x16, 0x86, 0x1b, 0xfe, 0x85, 0x3f, 0x83, 0x30, 0x98, 0x65,
    0x40, 0x09, 0x97, 0x08, 0x46, 0x0c, 0x0e, 0x00, 0x04, 0xc1, 0x80, 0x12,
    0xd1, 0xa0, 0x37, 0x83, 0xa3, 0x1f, 0x83, 0x11, 0x83, 0x03, 0x00, 0x41,
    0x30, 0xa0, 0x46, 0x34, 0xf0, 0xcd, 0xe0, 0xf0, 0xc7, 0x60, 0xc4, 0xe0,
    0x00, 0x40, 0x10, 0x0c, 0x28, 0x12, 0x0d, 0x7e, 0x33, 0x38, 0xfe, 0x31,
    0x18, 0x31, 0x38, 0x00, 0x10, 0x04, 0x03, 0xaa, 0x44, 0x83, 0xde, 0x0c,
    0x86, 0x94, 0x0c, 0x46, 0x0c, 0x0e, 0x00, 0x04, 0xc1, 0x80, 0x32, 0xd1,
    0xc0, 0x37, 0x83, 0x41, 0x25, 0x83, 0x11, 0x83, 0x03, 0x00, 0x41, 0x30,
    0xa0, 0x4e, 0x34, 0xf8, 0xcd, 0x60, 0x58, 0xc9, 0x80, 0x44, 0x32, 0x00,
    0x00, 0x8d, 0x64, 0x00, 0x80, 0xe1, 0x06, 0x7f, 0x29, 0xd1, 0x20, 0x0c,
    0x66, 0x19, 0x52, 0x42, 0x25, 0x82, 0x11, 0x83, 0x03, 0x00, 0x41, 0x30,
    0xa0, 0x56, 0x34, 0x30, 0xcf, 0xa0, 0x31, 0xc9, 0x60, 0xc4, 0xe0, 0x00,
    0x40, 0x10, 0x0c, 0x28, 0x16, 0x0d, 0xce, 0x33, 0x68, 0x4e, 0x32, 0x18,
    0x31, 0x38, 0x00, 0x10, 0x04, 0x03, 0xaa, 0x45, 0x03, 0xf4, 0x0c, 0x1a,
    0x94, 0x0c, 0x46, 0x0c, 0x0e, 0x00, 0x04, 0xc1, 0x80, 0x72, 0xd1, 0xc0,
    0x3c, 0x83, 0x41, 0x26, 0x83, 0x11, 0x83, 0x03, 0x00, 0x41, 0x30, 0xa0,
    0x5e, 0x34, 0x38, 0xcf, 0x60, 0x98, 0xc9, 0x60, 0xc4, 0xe0, 0x00, 0x40,
    0x10, 0x0c, 0x28, 0x18, 0x0d, 0xd0, 0x33, 0x18, 0x68, 0x32, 0x98, 0x25,
    0x68, 0x09, 0x5a, 0xc9, 0x00, 0x00, 0xc4, 0x92, 0x01, 0x00, 0x66, 0x09,
    0x56, 0x62, 0x96, 0x80, 0x25, 0x66, 0x09, 0x5a, 0x62, 0xa0, 0xc2, 0x50,
    0x52, 0xc2, 0x36, 0x05, 0x96, 0x18, 0xa8, 0x30, 0x94, 0x94, 0xb0, 0x4d,
    0x81, 0x25, 0x06, 0x2a, 0x0c, 0x25, 0x25, 0x6c, 0x53, 0x60, 0x09, 0x82,
    0xc9, 0x00, 0x00, 0xb3, 0x04, 0x33, 0x41, 0x31, 0x19, 0x00, 0x80, 0x64,
    0x32, 0x00, 0xc0, 0x2c, 0xc1, 0x4b, 0xcc, 0x12, 0xc0, 0x04, 0xcd, 0x64,
    0x00, 0x00, 0xa2, 0xc9, 0x00, 0x00, 0x54, 0x93, 0x01, 0x00, 0x66, 0x09,
    0x62, 0x62, 0x96, 0x40, 0x26, 0xc8, 0x26, 0x03, 0x00, 0xcc, 0x12, 0xcc,
    0xc4, 0x40, 0x85, 0x41, 0xb5, 0x84, 0x7a, 0x0a, 0x32, 0x31, 0x50, 0x61,
    0x50, 0x2d, 0xa1, 0x9e, 0x82, 0x4c, 0x0c, 0x54, 0x18, 0x54, 0x4b, 0xa8,
    0xa7, 0x20, 0x13, 0x03, 0x15, 0x86, 0x1d, 0xb4, 0x04, 0x7a, 0x0a, 0x32,
    0x31, 0x50, 0x61, 0xd8, 0x41, 0x4b, 0xa0, 0xa7, 0x20, 0x13, 0x03, 0x15,
    0x86, 0x1d, 0xb4, 0x04, 0x7a, 0x0a, 0x32, 0x31, 0x50, 0x61, 0xd0, 0x5e,
    0x4b, 0xa0, 0xa7, 0x20, 0x13, 0xe4, 0x93, 0x01, 0x00, 0xe8, 0x27, 0x03,
    0x00, 0x8c, 0x18, 0x1c, 0x00, 0x08, 0x82, 0x41, 0x56, 0xa6, 0x01, 0x89,
    0x06, 0x3f, 0x19, 0xc4, 0x67, 0x30, 0x9a, 0x10, 0x04, 0x17, 0x00, 0x44,
    0x63, 0x19, 0x00, 0x60, 0xc4, 0xe0, 0x00, 0x40, 0x10, 0x0c, 0xb2, 0x34,
    0x0d, 0x50, 0x34, 0x18, 0xcb, 0x80, 0x3e, 0x83, 0xd1, 0x84, 0x20, 0xb8,
    0x00, 0x20, 0x3a, 0xcb, 0x00, 0x00, 0x23, 0x06, 0x07, 0x00, 0x82, 0x60,
    0x90, 0xb5, 0x69, 0xc0, 0xa2, 0xc1, 0x59, 0x06, 0xf7, 0x19, 0x8c, 0x26,
    0x04, 0xc1, 0x05, 0x00, 0xd1, 0x5a, 0x06, 0x00, 0x18, 0x31, 0x38, 0x00,
    0x10, 0x04, 0x83, 0x2c, 0x4e, 0x03, 0x18, 0x0d, 0xd6, 0x32, 0xd0, 0xcf,
    0x60, 0x34, 0x21, 0x08, 0x2e, 0x00, 0x88, 0xde, 0x32, 0x00, 0xc0, 0x88,
    0xc1, 0x01, 0x80, 0x20, 0x18, 0x64, 0x75, 0x1a, 0xd0, 0x68, 0xf0, 0x96,
    0x41, 0x7f, 0x06, 0xa3, 0x09, 0x41, 0x70, 0x01, 0x40, 0x34, 0x97, 0x01,
    0x00, 0x46, 0x0c, 0x0e, 0x00, 0x04, 0xc1, 0x20, 0xcb, 0xd3, 0x00, 0x47,
    0x83, 0xb9, 0x0c, 0x40, 0x34, 0x18, 0x4d, 0x08, 0x82, 0x0b, 0x00, 0xa2,
    0xbb, 0x0c, 0x00, 0x30, 0x62, 0x70, 0x00, 0x20, 0x08, 0x06, 0x59, 0x9f,
    0x06, 0x3c, 0x1a, 0xdc, 0x65, 0x30, 0xa2, 0xc1, 0x68, 0x42, 0x10, 0x5c,
    0x00, 0x10, 0xed, 0x65, 0x00, 0x80, 0x11, 0x83, 0x03, 0x00, 0x41, 0x30,
    0xc8, 0x42, 0x35, 0x00, 0xd3, 0x60, 0x2f, 0x03, 0x13, 0x0d, 0x46, 0x13,
    0x82, 0xe0, 0x02, 0x80, 0xe8, 0x2f, 0x03, 0x00, 0x10, 0x68, 0x06, 0x00,
    0xa0, 0xd0, 0x0c, 0x00, 0x50, 0x60, 0xe0, 0xa3, 0x01, 0xd1, 0x68, 0x06,
    0x00, 0x20, 0xd2, 0x0c, 0x00, 0x40, 0xa5, 0x19, 0x00, 0xa0, 0xc8, 0x40,
    0x54, 0x03, 0xa5, 0xd3, 0x0c, 0x00, 0x40, 0xa8, 0x19, 0x00, 0x60, 0xb8,
    0xe1, 0x58, 0xd5, 0x00, 0x0c, 0x66, 0x19, 0x68, 0xa2, 0x26, 0x82, 0x59,
    0x02, 0xb8, 0x18, 0x6e, 0x40, 0x48, 0x35, 0x00, 0x83, 0x59, 0x06, 0x9b,
    0xb8, 0x89, 0x60, 0x96, 0x00, 0x2e, 0x86, 0x1b, 0x12, 0x54, 0x0d, 0xc0,
    0x60, 0x96, 0x01, 0x27, 0x72, 0x22, 0x18, 0x31, 0x58, 0x00, 0x10, 0x04,
    0x03, 0x88, 0x56, 0x03, 0x37, 0x0d, 0x48, 0x69, 0x94, 0x44, 0x89, 0x94,
    0x46, 0x49, 0x94, 0x46, 0x0c, 0x0c, 0x00, 0x04, 0xc1, 0x40, 0xa2, 0xd5,
    0xa0, 0x4d, 0x83, 0xc0, 0x4c, 0x29, 0x90, 0x8f, 0x99, 0x92, 0x20, 0x1f,
    0x33, 0xa5, 0x41, 0x3e, 0x14, 0x9b, 0x01, 0x00, 0x46, 0x0c, 0x16, 0x00,
    0x04, 0xc1, 0x00, 0xd2, 0xd5, 0x80, 0x4e, 0x03, 0x62, 0x10, 0xec, 0xa8,
    0x8e, 0xe8, 0xc8, 0x76, 0x33, 0x08, 0xe4, 0x63, 0x01, 0x1e, 0xc9, 0xc7,
    0x04, 0x3c, 0x92, 0x8f, 0x0d, 0x78, 0x24, 0x1f, 0x4b, 0x86, 0xf8, 0x58,
    0x32, 0xc4, 0xc7, 0x92, 0x21, 0x3e, 0xa4, 0x9b, 0x01, 0x00, 0x66, 0x09,
    0xe0, 0x62, 0xb8, 0x21, 0xa3, 0xd5, 0x00, 0x0c, 0x66, 0x19, 0x74, 0x62,
    0x27, 0x82, 0x11, 0x83, 0x05, 0x00, 0x41, 0x30, 0x80, 0xc8, 0x35, 0xf0,
    0xd3, 0x80, 0x96, 0x66, 0x49, 0x96, 0x68, 0x69, 0x96, 0x64, 0x69, 0xc4,
    0xc0, 0x00, 0x40, 0x10, 0x0c, 0x24, 0x72, 0x0d, 0xfa, 0x34, 0x08, 0xcc,
    0x96, 0x02, 0xf9, 0x98, 0x2d, 0x09, 0xf2, 0x31, 0x5b, 0x1a, 0xe4, 0x43,
    0xe1, 0x19, 0x00, 0x60, 0xc4, 0x60, 0x01, 0x40, 0x10, 0x0c, 0x20, 0x75,
    0x0d, 0x48, 0x35, 0x20, 0x06, 0xc1, 0x94, 0x4a, 0x89, 0x94, 0x6c, 0x3d,
    0x83, 0x40, 0x3e, 0x16, 0xa0, 0x92, 0x7c, 0x4c, 0x40, 0x25, 0xf9, 0xd8,
    0x80, 0x4a, 0xf2, 0xb1, 0x64, 0x88, 0x8f, 0x25, 0x43, 0x7c, 0x2c, 0x19,
    0xe2, 0x43, 0xea, 0x19, 0x00, 0xc0, 0x08, 0xf6, 0x0c, 0xe0, 0x63, 0x44,
    0x7b, 0x06, 0xf0, 0x31, 0xe2, 0x3e, 0x03, 0xf8, 0xd8, 0x30, 0xc8, 0xc7,
    0x86, 0x41, 0x3e, 0x26, 0x04, 0xf0, 0x31, 0x82, 0x90, 0x8f, 0x09, 0x01,
    0x7c, 0x46, 0x0c, 0x0c, 0x00, 0x04, 0xc1, 0x40, 0xd2, 0xd7, 0x00, 0x56,
    0x83, 0xc0, 0x02, 0xfe, 0x0c, 0xe4, 0x43, 0xf5, 0x19, 0x00, 0x60, 0xc4,
    0xe0, 0x00, 0x40, 0x10, 0x0c, 0x28, 0x7e, 0x0d, 0x6e, 0x35, 0x10, 0xfa,
    0x33, 0x30, 0x28, 0xa0, 0x8f, 0x41, 0x02, 0x7d, 0x4c, 0x10, 0xd1, 0x00,
    0x3e, 0x26, 0x8c, 0x68, 0x00, 0x9f, 0x59, 0x02, 0xb8, 0xa0, 0xfd, 0x0c,
    0x00, 0x40, 0xfc, 0x19, 0x00, 0x80, 0xfa, 0x33, 0x00, 0x40, 0xe1, 0x81,
    0xbe, 0x06, 0x4a, 0xff, 0x19, 0x00, 0x60, 0xb8, 0x41, 0x10, 0xd9, 0x00,
    0x0c, 0x66, 0x19, 0x78, 0xa2, 0x27, 0x82, 0x59, 0x02, 0xb5, 0x18, 0x6e,
    0x18, 0xf6, 0x35, 0x00, 0x83, 0x59, 0x06, 0x9f, 0xf8, 0x89, 0x60, 0x96,
    0x40, 0x2d, 0x86, 0x1b, 0x88, 0x7f, 0x0d, 0xc0, 0x60, 0x96, 0x01, 0x2c,
    0xc2, 0x22, 0x98, 0x25, 0x50, 0x8b, 0xe1, 0x86, 0x82, 0x5f, 0x03, 0x30,
    0x98, 0x65, 0x10, 0x8b, 0xb1, 0x08, 0x66, 0x09, 0xd4, 0x62, 0xb8, 0xc1,
    0xe0, 0xd7, 0x00, 0x0c, 0x66, 0x19, 0xc8, 0xa2, 0x2c, 0x82, 0x59, 0x02,
    0xb5, 0x18, 0x6e, 0x38, 0x48, 0x36, 0x00, 0x83, 0x59, 0x06, 0xb3, 0x38,
    0x8b, 0x60, 0x96, 0x40, 0x2d, 0x86, 0x1b, 0x10, 0x91, 0x0d, 0xc0, 0x60,
    0x96, 0x01, 0x2d, 0xd2, 0x22, 0x98, 0x25, 0x50, 0x8b, 0x59, 0x02, 0xb5,
    0x18, 0x28, 0x32, 0xd8, 0x57, 0xe0, 0x09, 0xf8, 0x15, 0x7c, 0x82, 0x7e,
    0x05, 0xb0, 0xc0, 0x5f, 0x41, 0x2c, 0xf8, 0x57, 0x20, 0x0b, 0x10, 0x16,
    0xcc, 0x82, 0x84, 0x05, 0xb4, 0x40, 0x5f, 0x21, 0x2d, 0x06, 0x8a, 0x0c,
    0xf6, 0x15, 0x78, 0x02, 0x7e, 0x05, 0x9f, 0xa0, 0x5f, 0x01, 0x2c, 0xf0,
    0x57, 0x10, 0x0b, 0xfe, 0x15, 0xc8, 0x02, 0x84, 0x05, 0xb3, 0x20, 0x61,
    0x01, 0x2d, 0xd0, 0x57, 0x48, 0x0b, 0x4a, 0xd1, 0x00, 0x00, 0xa4, 0xa2,
    0x01, 0x00, 0x66, 0x09, 0xd6, 0x62, 0x96, 0x80, 0x2d, 0x68, 0x45, 0x03,
    0x00, 0xcc, 0x12, 0xb4, 0xc5, 0x2c, 0x81, 0x5b, 0x10, 0x8b, 0x06, 0x00,
    0x98, 0x25, 0x78, 0x8b, 0x59, 0x02, 0xb8, 0x18, 0x68, 0x31, 0xc4, 0x33,
    0xa0, 0x09, 0x15, 0x0d, 0x6c, 0x82, 0x1d, 0x70, 0x02, 0x0d, 0x74, 0x82,
    0x79, 0x8b, 0x81, 0x16, 0x43, 0x3c, 0x03, 0x9a, 0x50, 0xd1, 0xc0, 0x26,
    0xd8, 0x01, 0x27, 0xd0, 0x40, 0x27, 0x98, 0xb7, 0x18, 0x68, 0x31, 0xc4,
    0x33, 0xa0, 0x09, 0x15, 0x0d, 0x6c, 0x82, 0x1d, 0x70, 0x02, 0x8c, 0x05,
    0x9d, 0x00, 0x63, 0xe1, 0x2d, 0x08, 0x46, 0x03, 0x00, 0x50, 0x8c, 0x06,
    0x00, 0x18, 0x31, 0x38, 0x00, 0x10, 0x04, 0x83, 0xec, 0x66, 0x03, 0x7b,
    0x0d, 0x62, 0x34, 0x18, 0xd7, 0x60, 0x34, 0x21, 0x10, 0x88, 0x46, 0x03,
    0x00, 0x50, 0x8d, 0x06, 0x00, 0xb8, 0x01, 0x20, 0xba, 0xd1, 0x00, 0x00,
    0x84, 0xa3, 0x01, 0x00, 0x86, 0x1b, 0x06, 0x9d, 0x0d, 0xc0, 0x60, 0x96,
    0x21, 0x2e, 0xe4, 0x22, 0x98, 0x25, 0x68, 0x8d, 0x22, 0xea, 0x35, 0x50,
    0xda, 0xd1, 0x00, 0x00, 0xc3, 0x0d, 0x82, 0xcf, 0x06, 0x67, 0x30, 0xcb,
    0x30, 0x17, 0x74, 0x11, 0x0c, 0x37, 0x0c, 0x36, 0x1b, 0xa4, 0xc1, 0x2c,
    0x01, 0x5d, 0x0c, 0x54, 0x74, 0xb2, 0x2c, 0xc8, 0x85, 0x30, 0x17, 0x17,
    0x00, 0x41, 0x60, 0x1a, 0x00, 0x60, 0xb8, 0x41, 0x10, 0xdb, 0x20, 0x0c,
    0x66, 0x19, 0xea, 0xc2, 0x2e, 0x82, 0x11, 0x83, 0x03, 0x00, 0x41, 0x30,
    0xc8, 0xce, 0x36, 0x30, 0xd9, 0x20, 0x4c, 0x83, 0x54, 0x0d, 0x46, 0x13,
    0x02, 0x60, 0x34, 0x41, 0x08, 0x46, 0x13, 0x06, 0x61, 0x34, 0x81, 0x18,
    0x46, 0x0c, 0x0e, 0x00, 0x04, 0xc1, 0x20, 0x63, 0xdb, 0x60, 0x65, 0x03,
    0x33, 0x0d, 0x5a, 0x35, 0x18, 0x4d, 0x08, 0x80, 0xd1, 0x04, 0x21, 0x18,
    0x4d, 0x18, 0x84, 0xd1, 0x04, 0x62, 0x18, 0x31, 0x38, 0x00, 0x10, 0x04,
    0x83, 0x2c, 0x6e, 0x03, 0x98, 0x0d, 0xd6, 0x34, 0x88, 0xd5, 0x60, 0x34,
    0x21, 0x00, 0x46, 0x13, 0x84, 0x60, 0x34, 0x61, 0x10, 0x46, 0x13, 0x88,
    0x61, 0xc4, 0xe0, 0x00, 0x40, 0x10, 0x0c, 0x32, 0xbb, 0x0d, 0x6a, 0x36,
    0x80, 0xd3, 0xa0, 0x56, 0x83, 0xd1, 0x84, 0x00, 0x18, 0x4d, 0x10, 0x82,
    0xd1, 0x84, 0x41, 0x18, 0x4d, 0x20, 0x06, 0x9b, 0xd2, 0x40, 0x3e, 0x23,
    0x06, 0x08, 0x00, 0x82, 0x60, 0xb0, 0xed, 0x6d, 0xc0, 0xb3, 0xc1, 0x93,
    0x06, 0xc1, 0x88, 0x01, 0x02, 0x80, 0x20, 0x18, 0x6c, 0x7c, 0x1b, 0xf4,
    0x6c, 0xb0, 0xa4, 0x41, 0x30, 0x62, 0x80, 0x00, 0x20, 0x08, 0x06, 0x5b,
    0xdf, 0x06, 0x3e, 0x1b, 0x1c, 0xa3, 0x1a, 0x04, 0x66, 0xb5, 0x81, 0x7c,
    0x46, 0x0c, 0x10, 0x00, 0x04, 0xc1, 0x60, 0xfb, 0xdb, 0x00, 0x6c, 0x03,
    0xa9, 0x0d, 0x82, 0x11, 0x03, 0x04, 0x00, 0x41, 0x30, 0xd8, 0x40, 0x37,
    0x08, 0xdb, 0xc0, 0x69, 0x83, 0x60, 0xc4, 0x00, 0x01, 0x40, 0x10, 0x0c,
    0xb6, 0xd0, 0x0d, 0xc4, 0x36, 0x50, 0x4e, 0x35, 0x08, 0x2c, 0x8b, 0x03,
    0xf9, 0x8c, 0x18, 0x20, 0x00, 0x08, 0x82, 0xc1, 0x36, 0xba, 0x01, 0xd9,
    0x06, 0x55, 0x1c, 0x04, 0x23, 0x06, 0x08, 0x00, 0x82, 0x60, 0xb0, 0x91,
    0x6e, 0x50, 0xb6, 0x41, 0x14, 0x07, 0xc1, 0x88, 0x01, 0x02, 0x80, 0x20,
    0x18, 0x6c, 0xa5, 0x1b, 0x98, 0x6d, 0xd0, 0xac, 0x6a, 0x10, 0x18, 0x57,
    0x07, 0xf2, 0x19, 0x31, 0x40, 0x00, 0x10, 0x04, 0x83, 0xed, 0x74, 0x03,
    0xb4, 0x0d, 0xb0, 0x3a, 0x08, 0x46, 0x0c, 0x10, 0x00, 0x04, 0xc1, 0x60,
    0x43, 0xdd, 0x20, 0x6d, 0x03, 0xaa, 0x0e, 0x82, 0x11, 0x03, 0x04, 0x00,
    0x41, 0x30, 0xd8, 0x52, 0x37, 0x50, 0xdb, 0x00, 0x7a, 0xd5, 0x20, 0x98,
    0x25, 0xb8, 0x8b, 0x59, 0x82, 0xbb, 0x18, 0xa8, 0x30, 0xb4, 0xba, 0x90,
    0x07, 0xbb, 0x18, 0xa8, 0x30, 0xa8, 0xba, 0x90, 0x07, 0xbb, 0x18, 0xa8,
    0x30, 0x9c, 0xba, 0x90, 0x07, 0xbb, 0x18, 0xa8, 0x30, 0x90, 0xba, 0x30,
    0x6b, 0xc1, 0x2e, 0x48, 0x55, 0x03, 0x00, 0x54, 0x1d, 0xa8, 0x6d, 0xa0,
    0xc3, 0x0d, 0x41, 0xeb, 0x06, 0x61, 0x30, 0xcb, 0x80, 0x17, 0xa2, 0x11,
    0x0c, 0x37, 0xcc, 0xc1, 0xeb, 0x06, 0x60, 0x30, 0xcb, 0x90, 0x17, 0x7a,
    0x11, 0xcc, 0x12, 0x84, 0xc6, 0x70, 0x03, 0x1d, 0xa0, 0x6e, 0x00, 0x06,
    0xb3, 0x0c, 0x7b, 0xc1, 0x17, 0xc1, 0x2c, 0x01, 0x68, 0x0c, 0x37, 0xd4,
    0x01, 0xeb, 0x06, 0x60, 0x30, 0xcb, 0xd0, 0x17, 0x7e, 0x11, 0xcc, 0x12,
    0xfc, 0xc5, 0x2c, 0xc1, 0x5f, 0x0c, 0x54, 0x18, 0x50, 0x5f, 0x38, 0x7e,
    0x31, 0x4b, 0x00, 0x1a, 0x03, 0x15, 0x06, 0xb5, 0x17, 0xc2, 0x5f, 0xcc,
    0x12, 0x84, 0xc6, 0x40, 0x85, 0x81, 0xe5, 0x85, 0x00, 0x1a, 0x34, 0xab,
    0x01, 0x00, 0x88, 0x56, 0x03, 0x00, 0xcc, 0x12, 0x88, 0xc6, 0x40, 0x85,
    0x61, 0x84, 0x06, 0x76, 0x17, 0xc3, 0x0d, 0x7c, 0x70, 0xbb, 0x81, 0x19,
    0xcc, 0x32, 0x8c, 0x06, 0x6b, 0x04, 0xc3, 0x0d, 0x7d, 0x00, 0xbb, 0x01,
    0x1a, 0xcc, 0x32, 0x90, 0x06, 0x6b, 0x04, 0xc3, 0x0d, 0x7e, 0xa0, 0xbb,
    0x41, 0x1a, 0xcc, 0x32, 0x94, 0x86, 0x69, 0x04, 0x94, 0xab, 0x01, 0x00,
    0x66, 0x09, 0x4c, 0x63, 0xa0, 0xc2, 0xb0, 0x6b, 0xa1, 0x34, 0xcc, 0x80,
    0x34, 0x86, 0x1b, 0x42, 0xa1, 0x76, 0x83, 0x34, 0x98, 0x65, 0x38, 0x0d,
    0xd4, 0x08, 0x88, 0x57, 0x03, 0x00, 0xcc, 0x12, 0xa0, 0xc6, 0x40, 0x85,
    0xc1, 0xd7, 0xc2, 0x69, 0xa8, 0x81, 0x69, 0x0c, 0x37, 0x90, 0xc2, 0xee,
    0x06, 0x69, 0x30, 0xcb, 0x90, 0x1a, 0xab, 0x11, 0x54, 0x2a, 0xf8, 0x6d,
    0xa0, 0xc3, 0x0d, 0x41, 0xf8, 0x06, 0x60, 0x30, 0xcb, 0xa0, 0x1a, 0xab,
    0x11, 0x50, 0xb8, 0x06, 0x00, 0x98, 0x25, 0x58, 0x8d, 0x81, 0x0e, 0xc3,
    0xb4, 0x05, 0xd5, 0xd0, 0x52, 0x43, 0x43, 0x8d, 0x59, 0x02, 0xd6, 0x18,
    0xe8, 0x30, 0xa4, 0xd5, 0xc0, 0x83, 0xd1, 0xc0, 0x03, 0xd1, 0x18, 0xe8,
    0x30, 0x9c, 0xd5, 0xc0, 0x83, 0xd1, 0xc0, 0x03, 0xd1, 0x18, 0xe8, 0x30,
    0x8c, 0xd5, 0x00, 0x83, 0xd1, 0x00, 0x03, 0xd1, 0x98, 0x25, 0x68, 0x8d,
    0x81, 0x0a, 0x43, 0x2e, 0xe2, 0x02, 0x14, 0x58, 0x63, 0xa0, 0xc2, 0x90,
    0x8b, 0xb8, 0x40, 0x58, 0x63, 0xa0, 0xc2, 0x90, 0x8b, 0xb8, 0x40, 0x58,
    0x63, 0xa0, 0xc2, 0x30, 0x6f, 0x21, 0x2e, 0x10, 0xd6, 0x20, 0x75, 0x0d,
    0x00, 0x40, 0xeb, 0x1a, 0x00, 0x80, 0xd8, 0x35, 0x00, 0x00, 0xb5, 0x6b,
    0x00, 0x80, 0x42, 0x0d, 0xd5, 0x0d, 0x88, 0xde, 0x35, 0x00, 0x00, 0xc1,
    0x6b, 0x00, 0x00, 0x8a, 0xd7, 0x00, 0x00, 0xc5, 0x1a, 0xee, 0x1b, 0x28,
    0xcd, 0x6b, 0x00, 0x00, 0xa2, 0xd7, 0x00, 0x00, 0xc3, 0x0d, 0xc7, 0xfd,
    0x06, 0x60, 0x30, 0xcb, 0xe0, 0x1a, 0xaf, 0x11, 0xcc, 0x12, 0xa8, 0xc7,
    0x70, 0x03, 0x02, 0xbf, 0x01, 0x18, 0xcc, 0x32, 0xc0, 0x46, 0x6c, 0x04,
    0xb3, 0x04, 0xea, 0x31, 0xdc, 0x90, 0xd0, 0x6f, 0x00, 0x06, 0xb3, 0x0c,
    0xb2, 0x31, 0x1b, 0xc1, 0x88, 0xc1, 0x02, 0x80, 0x20, 0x18, 0x40, 0x20,
    0x1c, 0xe8, 0x6e, 0x00, 0x5f, 0xef, 0xe5, 0x5e, 0xf0, 0xf5, 0x5e, 0xee,
    0x35, 0x62, 0x60, 0x00, 0x20, 0x08, 0x06, 0x12, 0x08, 0x07, 0xb9, 0x1b,
    0x04, 0x26, 0x5f, 0x81, 0x7c, 0x4c, 0xbe, 0x04, 0xf9, 0x98, 0x7c, 0x0d,
    0xf2, 0xa1, 0x7e, 0x0d, 0x00, 0x30, 0x62, 0xb0, 0x00, 0x20, 0x08, 0x06,
    0x90, 0x09, 0x07, 0xe0, 0x1b, 0x10, 0x83, 0x20, 0x5e, 0xe1, 0x05, 0x5e,
    0x76, 0xb2, 0x41, 0x20, 0x1f, 0x0b, 0xc8, 0x4b, 0x3e, 0x26, 0x90, 0x97,
    0x7c, 0x6c, 0x20, 0x2f, 0xf9, 0x58, 0x32, 0xc4, 0xc7, 0x92, 0x21, 0x3e,
    0x96, 0x0c, 0xf1, 0x21, 0x93, 0x0d, 0x00, 0x30, 0x4b, 0xa0, 0x1e, 0xc3,
    0x0d, 0x19, 0x08, 0x07, 0x60, 0x30, 0xcb, 0x40, 0x1b, 0xb5, 0x11, 0x8c,
    0x18, 0x2c, 0x00, 0x08, 0x82, 0x01, 0x04, 0xc3, 0x81, 0xfa, 0x06, 0x20,
    0xf6, 0x5f, 0xfe, 0x05, 0x62, 0xff, 0xe5, 0x5f, 0x23, 0x06, 0x06, 0x00,
    0x82, 0x60, 0x20, 0xc1, 0x70, 0x90, 0xbe, 0x41, 0x60, 0x22, 0x16, 0xc8,
    0xc7, 0x44, 0x4c, 0x90, 0x8f, 0x89, 0xd8, 0x20, 0x1f, 0x6a, 0xd9, 0x00,
    0x00, 0x23, 0x06, 0x0b, 0x00, 0x82, 0x60, 0x00, 0xd9, 0x70, 0x00, 0xbf,
    0x01, 0x31, 0x08, 0xf2, 0x15, 0x5f, 0xf0, 0x65, 0x37, 0x1b, 0x04, 0xf2,
    0xb1, 0x80, 0xbe, 0xe4, 0x63, 0x02, 0x7d, 0xc9, 0xc7, 0x06, 0xfa, 0x92,
    0x8f, 0x25, 0x43, 0x7c, 0x2c, 0x19, 0xe2, 0x63, 0xc9, 0x10, 0x1f, 0xb2,
    0xd9, 0x00, 0x00, 0x46, 0xe0, 0x6c, 0x00, 0x1f, 0x23, 0x72, 0x36, 0x80,
    0x8f, 0x11, 0x63, 0x1b, 0xc0, 0xc7, 0x86, 0x41, 0x3e, 0x36, 0x0c, 0xf2,
    0x31, 0x21, 0x80, 0x8f, 0x11, 0x84, 0x7c, 0x4c, 0x08, 0xe0, 0x33, 0x62,
    0x60, 0x00, 0x20, 0x08, 0x06, 0x92, 0x19, 0x07, 0xfc, 0x1b, 0x04, 0x16,
    0xa0, 0x6d, 0x20, 0x1f, 0x0a, 0xdb, 0x00, 0x00, 0x23, 0x06, 0x07, 0x00,
    0x82, 0x60, 0x40, 0xa1, 0x71, 0x30, 0xc2, 0x81, 0x90, 0xb6, 0x81, 0x41,
    0x01, 0x7d, 0x0c, 0x12, 0xe8, 0x63, 0x82, 0xdb, 0x06, 0xf0, 0x31, 0xe1,
    0x6d, 0x03, 0xf8, 0xcc, 0x12, 0xa8, 0x07, 0x9d, 0x6d, 0x00, 0x00, 0x42,
    0xdb, 0x00, 0x00, 0x94, 0xb6, 0x01, 0x00, 0x0a, 0x0f, 0xcc, 0x38, 0x50,
    0x5a, 0xdb, 0x00, 0x00, 0xc3, 0x0d, 0x82, 0x1b, 0x07, 0x60, 0x30, 0xcb,
    0x60, 0x1b, 0xb7, 0x11, 0xcc, 0x12, 0x90, 0xc7, 0x70, 0xc3, 0x70, 0xc6,
    0x01, 0x18, 0xcc, 0x32, 0xe0, 0x46, 0x6e, 0x04, 0xb3, 0x04, 0xe4, 0x31,
    0xdc, 0x40, 0xac, 0x71, 0x00, 0x06, 0xb3, 0x0c, 0xba, 0xb1, 0x1b, 0xc1,
    0x2c, 0x01, 0x79, 0x0c, 0x37, 0x14, 0x68, 0x1c, 0x80, 0xc1, 0x2c, 0x03,
    0x6f, 0xf4, 0x46, 0x30, 0x4b, 0x40, 0x1e, 0xc3, 0x0d, 0x06, 0x1a, 0x07,
    0x60, 0x30, 0xcb, 0xe0, 0x1b, 0xbf, 0x11, 0xcc, 0x12, 0x90, 0xc7, 0x70,
    0xc3, 0x01, 0xc7, 0x01, 0x18, 0xcc, 0x32, 0x80, 0x47, 0x78, 0x04, 0xb3,
    0x04, 0xe4, 0x31, 0xdc, 0x80, 0xb8, 0x71, 0x00, 0x06, 0xb3, 0x0c, 0xe2,
    0x31, 0x1e, 0xc1, 0x2c, 0x01, 0x79, 0xcc, 0x12, 0x90, 0xc7, 0x40, 0x91,
    0x41, 0xea, 0x82, 0x6d, 0xa0, 0xba, 0x80, 0x1b, 0xac, 0x2e, 0xe8, 0x06,
    0xac, 0x0b, 0xbc, 0x41, 0xeb, 0x82, 0x6f, 0xe0, 0xba, 0x00, 0x1e, 0xbc,
    0x2e, 0x88, 0x07, 0xa8, 0x0b, 0xe3, 0x31, 0x50, 0x64, 0x90, 0xba, 0x60,
    0x1b, 0xa8, 0x2e, 0xe0, 0x06, 0xab, 0x0b, 0xba, 0x01, 0xeb, 0x02, 0x6f,
    0xd0, 0xba, 0xe0, 0x1b, 0xb8, 0x2e, 0x80, 0x07, 0xaf, 0x0b, 0xe2, 0x01,
    0xea, 0xc2, 0x78, 0x50, 0xdd, 0x06, 0x00, 0x20, 0xbb, 0x0d, 0x00, 0x30,
    0x4b, 0x50, 0x1e, 0xb3, 0x04, 0xe6, 0x41, 0x77, 0x1b, 0x00, 0x60, 0x96,
    0xe0, 0x3c, 0x66, 0x09, 0xd0, 0x83, 0xf0, 0x36, 0x00, 0xc0, 0x2c, 0x41,
    0x7a, 0xcc, 0x12, 0xa8, 0xc7, 0x40, 0x8b, 0xa1, 0xc7, 0x81, 0x6b, 0x88,
    0x73, 0x00, 0x1b, 0xec, 0x20, 0x1b, 0x68, 0x40, 0x1b, 0x4c, 0x7a, 0x0c,
    0xb4, 0x18, 0x7a, 0x1c, 0xb8, 0x86, 0x38, 0x07, 0xb0, 0xc1, 0x0e, 0xb2,
    0x81, 0x06, 0xb4, 0xc1, 0xa4, 0xc7, 0x40, 0x8b, 0xa1, 0xc7, 0x81, 0x6b,
    0x88, 0x73, 0x00, 0x1b, 0xec, 0x20, 0x1b, 0xf8, 0x2e, 0xd0, 0x06, 0xbe,
    0x0b, 0xe9, 0x41, 0x7c, 0x1b, 0x00, 0x80, 0xfa, 0x36, 0x00, 0xc0, 0x88,
    0xc1, 0x01, 0x80, 0x20, 0x18, 0x64, 0xa3, 0x1c, 0x88, 0x71, 0xd0, 0xb7,
    0x81, 0x0b, 0x07, 0xa3, 0x09, 0x81, 0x40, 0xa0, 0x1b, 0x00, 0x80, 0x42,
    0x37, 0x00, 0xc0, 0x0d, 0x00, 0xd1, 0xe8, 0x06, 0x00, 0x20, 0xd2, 0x0d,
    0x00, 0x30, 0xdc, 0x30, 0x98, 0x72, 0x00, 0x06, 0xb3, 0x0c, 0xeb, 0xc1,
    0x1e, 0xc1, 0x2c, 0xc1, 0x89, 0x14, 0x11, 0xc6, 0x81, 0xd2, 0xe9, 0x06,
    0x00, 0x18, 0x6e, 0x10, 0x54, 0x39, 0x38, 0x83, 0x59, 0x86, 0xf6, 0x70,
    0x8f, 0x60, 0xb8, 0x61, 0x10, 0xe5, 0x20, 0x0d, 0x66, 0x09, 0xdc, 0x63,
    0xa0, 0xa2, 0x53, 0x7b, 0x81, 0x3d, 0x84, 0xf6, 0xb8, 0x00, 0x08, 0x62,
    0xdd, 0x00, 0x00, 0xc3, 0x0d, 0x82, 0x2b, 0x07, 0x61, 0x30, 0xcb, 0xf0,
    0x1e, 0xf0, 0x11, 0x8c, 0x18, 0x1c, 0x00, 0x08, 0x82, 0x41, 0x36, 0xcb,
    0x81, 0x1c, 0x07, 0xad, 0x1b, 0xc4, 0x6f, 0x30, 0x9a, 0x10, 0x00, 0xa3,
    0x09, 0x42, 0x30, 0x9a, 0x30, 0x08, 0xa3, 0x09, 0xc4, 0x30, 0x62, 0x70,
    0x00, 0x20, 0x08, 0x06, 0x19, 0x2e, 0x07, 0x77, 0x1c, 0xc8, 0x6e, 0x50,
    0xbf, 0xc1, 0x68, 0x42, 0x00, 0x8c, 0x26, 0x08, 0xc1, 0x68, 0xc2, 0x20,
    0x8c, 0x26, 0x10, 0xc3, 0x88, 0xc1, 0x01, 0x80, 0x20, 0x18, 0x64, 0xbd,
    0x1c, 0xf0, 0x71, 0x70, 0xbb, 0x41, 0xfe, 0x06, 0xa3, 0x09, 0x01, 0x30,
    0x9a, 0x20, 0x04, 0xa3, 0x09, 0x83, 0x30, 0x9a, 0x40, 0x0c, 0x23, 0x06,
    0x07, 0x00, 0x82, 0x60, 0x90, 0x89, 0x73, 0x10, 0xca, 0x01, 0xef, 0x06,
    0x7f, 0x1c, 0x8c, 0x26, 0x04, 0xc0, 0x68, 0x82, 0x10, 0x8c, 0x26, 0x0c,
    0xc2, 0x68, 0x02, 0x31, 0xd8, 0x94, 0x06, 0xf2, 0x19, 0x31, 0x40, 0x00,
    0x10, 0x04, 0x83, 0xed, 0x9c, 0x03, 0x54, 0x0e, 0x9e, 0x34, 0x08, 0x46,
    0x0c, 0x10, 0x00, 0x04, 0xc1, 0x60, 0x43, 0xe7, 0x20, 0x95, 0x83, 0x25,
    0x0d, 0x82, 0x11, 0x03, 0x04, 0x00, 0x41, 0x30, 0xd8, 0xd2, 0x39, 0x50,
    0xe5, 0xe0, 0x78, 0xdf, 0x20, 0x30, 0xab, 0x0d, 0xe4, 0x33, 0x62, 0x80,
    0x00, 0x20, 0x08, 0x06, 0xdb, 0x3a, 0x07, 0xac, 0x1c, 0x48, 0x6d, 0x10,
    0x8c, 0x18, 0x20, 0x00, 0x08, 0x82, 0xc1, 0xc6, 0xce, 0x41, 0x2b, 0x07,
    0x4e, 0x1b, 0x04, 0x23, 0x06, 0x08, 0x00, 0x82, 0x60, 0xb0, 0xb5, 0x73,
    0xe0, 0xca, 0x81, 0x32, 0xbf, 0x41, 0x60, 0x59, 0x1c, 0xc8, 0x67, 0xc4,
    0x00, 0x01, 0x40, 0x10, 0x0c, 0xb6, 0x77, 0x0e, 0x60, 0x39, 0xa8, 0xe2,
    0x20, 0x18, 0x31, 0x40, 0x00, 0x10, 0x04, 0x83, 0x0d, 0x9e, 0x83, 0x58,
    0x0e, 0xa2, 0x38, 0x08, 0x46, 0x0c, 0x10, 0x00, 0x04, 0xc1, 0x60, 0x8b,
    0xe7, 0x40, 0x96, 0x83, 0xe6, 0x7e, 0x83, 0xc0, 0xb8, 0x3a, 0x90, 0xcf,
    0x88, 0x01, 0x02, 0x80, 0x20, 0x18, 0x6c, 0xf3, 0x1c, 0xd0, 0x72, 0x80,
    0xd5, 0x41, 0x30, 0x62, 0x80, 0x00, 0x20, 0x08, 0x06, 0x1b, 0x3d, 0x07,
    0xb5, 0x1c, 0x50, 0x75, 0x10, 0x8c, 0x18, 0x20, 0x00, 0x08, 0x82, 0xc1,
    0x56, 0xcf, 0x81, 0x2d, 0x07, 0xd0, 0xfe, 0x06, 0xc1, 0x2c, 0x41, 0x7c,
    0xcc, 0x12, 0xc4, 0xc7, 0x40, 0x85, 0xa1, 0xbd, 0x87, 0x3c, 0xc0, 0xc7,
    0x40, 0x85, 0x41, 0xbd, 0x87, 0x3c, 0xc0, 0xc7, 0x40, 0x85, 0xe1, 0xbc,
    0x87, 0x3c, 0xc0, 0xc7, 0x40, 0x85, 0x81, 0xbc, 0x87, 0xff, 0x0b, 0xf0,
    0x41, 0xf6, 0x1b, 0x00, 0xa0, 0xea, 0xc0, 0x96, 0x03, 0x1d, 0x6e, 0x08,
    0xf2, 0x39, 0x08, 0x83, 0x59, 0x06, 0xf9, 0xe0, 0x8f, 0x60, 0xb8, 0x61,
    0x0e, 0xf6, 0x39, 0x00, 0x83, 0x59, 0x86, 0xf9, 0xa0, 0x8f, 0x60, 0x96,
    0x60, 0x3f, 0x86, 0x1b, 0xe8, 0x80, 0x9e, 0x03, 0x30, 0x98, 0x65, 0xa8,
    0x0f, 0xfb, 0x08, 0x66, 0x09, 0xf4, 0x63, 0xb8, 0xa1, 0x0e, 0xf0, 0x39,
    0x00, 0x83, 0x59, 0x86, 0xfb, 0xc0, 0x8f, 0x60, 0x96, 0x20, 0x3f, 0x66,
    0x09, 0xf2, 0x63, 0xa0, 0xc2, 0x80, 0xee, 0xc3, 0xc1, 0x8f, 0x59, 0x02,
    0xfd, 0x18, 0xa8, 0x30, 0xa8, 0xfa, 0x10, 0xf2, 0x63, 0x96, 0x60, 0x3f,
    0x06, 0x2a, 0x0c, 0x6c, 0x3e, 0x04, 0xfd, 0xa0, 0xff, 0x0d, 0x00, 0x40,
    0x20, 0x1c, 0x00, 0x60, 0x96, 0x80, 0x3f, 0x06, 0x2a, 0x0c, 0x63, 0x3f,
    0xb0, 0xf8, 0x18, 0x6e, 0xe0, 0x83, 0x91, 0x0e, 0xcc, 0x60, 0x96, 0xa1,
    0x3f, 0x4c, 0x24, 0x18, 0x6e, 0xe8, 0x03, 0x7e, 0x0e, 0xd0, 0x60, 0x96,
    0xc1, 0x3f, 0x4c, 0x24, 0x18, 0x6e, 0xf0, 0x03, 0x93, 0x0e, 0xd2, 0x60,
    0x96, 0xe1, 0x3f, 0x40, 0x24, 0xa0, 0x12, 0x0e, 0x00, 0x30, 0x4b, 0x00,
    0x22, 0x03, 0x15, 0x86, 0x0b, 0x0e, 0xff, 0x61, 0x06, 0xfe, 0x31, 0xdc,
    0x10, 0x0a, 0x21, 0x1d, 0xa4, 0xc1, 0x2c, 0x43, 0x88, 0x88, 0x48, 0x40,
    0x28, 0x1c, 0x00, 0x60, 0x96, 0x40, 0x44, 0x06, 0x2a, 0x0c, 0x1a, 0x1c,
    0x42, 0x44, 0x0d, 0x40, 0x64, 0xb8, 0x81, 0x14, 0x4e, 0x3a, 0x48, 0x83,
    0x59, 0x86, 0x11, 0x29, 0x91, 0xa0, 0x52, 0x41, 0x9d, 0x03, 0x1d, 0x6e,
    0x08, 0x5a, 0x3a, 0x00, 0x83, 0x59, 0x06, 0x12, 0x29, 0x91, 0x80, 0x5a,
    0x38, 0x00, 0xc0, 0x2c, 0x41, 0x89, 0x0c, 0x74, 0x18, 0x3e, 0x38, 0x90,
    0x88, 0x36, 0x22, 0x9a, 0x88, 0xcc, 0x12, 0x98, 0xc8, 0x40, 0x87, 0x21,
    0x95, 0x08, 0x1e, 0xf4, 0x07, 0x1e, 0xf0, 0xc7, 0x40, 0x87, 0xe1, 0x94,
    0x08, 0x1e, 0xf4, 0x07, 0x1e, 0xf0, 0xc7, 0x40, 0x87, 0x61, 0x94, 0x08,
    0x18, 0xf4, 0x07, 0x18, 0xf0, 0xc7, 0x2c, 0xc1, 0x89, 0x0c, 0x54, 0x18,
    0x72, 0xb1, 0x1e, 0xa0, 0x60, 0x22, 0x03, 0x15, 0x86, 0x5c, 0xac, 0x07,
    0x62, 0x22, 0x03, 0x15, 0x86, 0x5c, 0xac, 0x07, 0x62, 0x22, 0x03, 0x15,
    0x86, 0x1f, 0x0e, 0xeb, 0x81, 0x98, 0x08, 0xd9, 0x70, 0x00, 0x00, 0xba,
    0xe1, 0x00, 0x00, 0x84, 0xc3, 0x01, 0x00, 0x28, 0x87, 0x03, 0x00, 0x14,
    0xbc, 0xd8, 0x73, 0x40, 0xb4, 0xc3, 0x01, 0x00, 0x88, 0x87, 0x03, 0x00,
    0x50, 0x0f, 0x07, 0x00, 0x28, 0x7a, 0xd1, 0xe9, 0x40, 0xe9, 0x87, 0x03,
    0x00, 0x10, 0x18, 0x07, 0x00, 0x18, 0x6e, 0x38, 0xc6, 0x3a, 0x00, 0x83,
    0x59, 0x06, 0x14, 0x49, 0x91, 0x60, 0x96, 0x80, 0x4c, 0x86, 0x1b, 0x10,
    0x9e, 0x0e, 0xc0, 0x60, 0x96, 0x41, 0x45, 0x56, 0x24, 0x98, 0x25, 0x20,
    0x93, 0xe1, 0x86, 0x04, 0xac, 0x03, 0x30, 0x98, 0x65, 0x60, 0x91, 0x16,
    0x09, 0x46, 0x0c, 0x16, 0x00, 0x04, 0xc1, 0x00, 0x62, 0xeb, 0xc0, 0xa4,
    0x03, 0x9e, 0xdb, 0x39, 0x9d, 0xe3, 0xb9, 0x9d, 0xd3, 0xb9, 0x11, 0x03,
    0x03, 0x00, 0x41, 0x30, 0x90, 0xd8, 0x3a, 0x28, 0xe9, 0x20, 0x30, 0x9f,
    0x0b, 0xe4, 0x63, 0x3e, 0x27, 0xc8, 0xc7, 0x7c, 0x6e, 0x90, 0x0f, 0xa5,
    0x71, 0x00, 0x80, 0x11, 0x83, 0x05, 0x00, 0x41, 0x30, 0x80, 0xe4, 0x3a,
    0x60, 0xe9, 0x80, 0x18, 0x04, 0x97, 0x6b, 0x39, 0x96, 0xb3, 0x39, 0x0e,
    0x02, 0xf9, 0x58, 0x00, 0x73, 0xf2, 0x31, 0x01, 0xe6, 0xe4, 0x63, 0x03,
    0xcc, 0xc9, 0xc7, 0x92, 0x21, 0x3e, 0x96, 0x0c, 0xf1, 0xb1, 0x64, 0x88,
    0x0f, 0xc9, 0x71, 0x00, 0x80, 0x59, 0x02, 0x32, 0x19, 0x6e, 0xc8, 0xd8,
    0x3a, 0x00, 0x83, 0x59, 0x06, 0x17, 0x79, 0x91, 0x60, 0xc4, 0x60, 0x01,
    0x40, 0x10, 0x0c, 0x20, 0xbe, 0x0e, 0x6c, 0x3a, 0x60, 0xbb, 0xb5, 0x53,
    0x3b, 0xb6, 0x5b, 0x3b, 0xb5, 0x1b, 0x31, 0x30, 0x00, 0x10, 0x04, 0x03,
    0x89, 0xaf, 0x83, 0x9a, 0x0e, 0x02, 0x73, 0xbb, 0x40, 0x3e, 0xe6, 0x76,
    0x82, 0x7c, 0xcc, 0xed, 0x06, 0xf9, 0x50, 0x1e, 0x07, 0x00, 0x18, 0x31,
    0x58, 0x00, 0x10, 0x04, 0x03, 0x48, 0xb4, 0x03, 0x9e, 0x0e, 0x88, 0x41,
    0xf0, 0xb9, 0x9e, 0xe3, 0x39, 0x1b, 0xe5, 0x20, 0x90, 0x8f, 0x05, 0x60,
    0x27, 0x1f, 0x13, 0xc0, 0x4e, 0x3e, 0x36, 0x80, 0x9d, 0x7c, 0x2c, 0x19,
    0xe2, 0x63, 0xc9, 0x10, 0x1f, 0x4b, 0x86, 0xf8, 0x90, 0x28, 0x07, 0x00,
    0x30, 0x82, 0x94, 0x03, 0xf8, 0x18, 0x51, 0xca, 0x01, 0x7c, 0x8c, 0x78,
    0xe5, 0x00, 0x3e, 0x36, 0x0c, 0xf2, 0xb1, 0x61, 0x90, 0x8f, 0x09, 0x01,
    0x7c, 0x8c, 0x20, 0xe4, 0x63, 0x42, 0x00, 0x9f, 0x11, 0x03, 0x03, 0x00,
    0x41, 0x30, 0x90, 0x64, 0x3b, 0x40, 0xeb, 0x20, 0xb0, 0x80, 0x96, 0x03,
    0xf9, 0x50, 0x2b, 0x07, 0x00, 0x18, 0x31, 0x38, 0x00, 0x10, 0x04, 0x03,
    0x8a, 0xb6, 0x83, 0xb7, 0x0e, 0x84, 0x5a, 0x0e, 0x0c, 0x0a, 0xe8, 0x63,
    0x90, 0x40, 0x1f, 0x13, 0x74, 0x39, 0x80, 0x8f, 0x09, 0xbb, 0x1c, 0xc0,
    0x67, 0x96, 0x80, 0x4c, 0x68, 0x96, 0x03, 0x00, 0x10, 0x2d, 0x07, 0x00,
    0xa0, 0x5a, 0x0e, 0x00, 0x50, 0x78, 0x20, 0xdb, 0x81, 0xd2, 0x2d, 0x07,
    0x00, 0x18, 0x6e, 0x10, 0x74, 0x3b, 0x00, 0x83, 0x59, 0x06, 0x18, 0x89,
    0x91, 0x60, 0x96, 0xc0, 0x47, 0x86, 0x1b, 0x86, 0xd9, 0x0e, 0xc0, 0x60,
    0x96, 0x41, 0x46, 0x66, 0x24, 0x98, 0x25, 0xf0, 0x91, 0xe1, 0x06, 0xe2,
    0xb6, 0x03, 0x30, 0x98, 0x65, 0xa0, 0x91, 0x1a, 0x09, 0x66, 0x09, 0x7c,
    0x64, 0xb8, 0xa1, 0xa0, 0xed, 0x00, 0x0c, 0x66, 0x19, 0x6c, 0xe4, 0x46,
    0x82, 0x59, 0x02, 0x1f, 0x19, 0x6e, 0x30, 0x68, 0x3b, 0x00, 0x83, 0x59,
    0x06, 0x1c, 0xc9, 0x91, 0x60, 0x96, 0xc0, 0x47, 0x86, 0x1b, 0x0e, 0xde,
    0x0e, 0xc0, 0x60, 0x96, 0x41, 0x47, 0x76, 0x24, 0x98, 0x25, 0xf0, 0x91,
    0xe1, 0x06, 0x44, 0xb7, 0x03, 0x30, 0x98, 0x65, 0xe0, 0x91, 0x1e, 0x09,
    0x66, 0x09, 0x7c, 0x64, 0x96, 0xc0, 0x47, 0x06, 0x8a, 0x0c, 0x9e, 0x1c,
    0x60, 0x04, 0x2c, 0x07, 0x19, 0x21, 0xcb, 0x81, 0x46, 0xd0, 0x72, 0xb0,
    0x11, 0xb6, 0x1c, 0x70, 0x04, 0x2e, 0x07, 0x1d, 0xa1, 0xcb, 0x81, 0x47,
    0x70, 0x72, 0xe8, 0x91, 0x81, 0x22, 0x83, 0x27, 0x07, 0x18, 0x01, 0xcb,
    0x41, 0x46, 0xc8, 0x72, 0xa0, 0x11, 0xb4, 0x1c, 0x6c, 0x84, 0x2d, 0x07,
    0x1c, 0x81, 0xcb, 0x41, 0x47, 0xe8, 0x72, 0xe0, 0x11, 0x9c, 0x1c, 0x7a,
    0x84, 0xc2, 0x39, 0x00, 0x00, 0x89, 0x73, 0x00, 0x80, 0x59, 0x82, 0x1f,
    0x99, 0x25, 0x00, 0x13, 0x1a, 0xe7, 0x00, 0x00, 0xb3, 0x04, 0x61, 0x32,
    0x4b, 0x20, 0x26, 0x44, 0xce, 0x01, 0x00, 0x66, 0x09, 0xc6, 0x64, 0x96,
    0x80, 0x4c, 0x06, 0x5a, 0x0c, 0x99, 0x0f, 0x50, 0x44, 0xef, 0x03, 0x15,
    0x61, 0x07, 0x16, 0x41, 0x03, 0x17, 0x61, 0xc6, 0x64, 0xa0, 0xc5, 0x90,
    0xf9, 0x00, 0x45, 0xf4, 0x3e, 0x50, 0x11, 0x76, 0x60, 0x11, 0x34, 0x70,
    0x11, 0x66, 0x4c, 0x06, 0x5a, 0x0c, 0x99, 0x0f, 0x50, 0x44, 0xef, 0x03,
    0x15, 0x61, 0x07, 0x16, 0x81, 0xcd, 0xc1, 0x45, 0x60, 0x73, 0x18, 0x13,
    0x42, 0xe7, 0x00, 0x00, 0x94, 0xce, 0x01, 0x00, 0x46, 0x0c, 0x0e, 0x00,
    0x04, 0xc1, 0x20, 0x7b, 0xef, 0xc0, 0xb5, 0x83, 0x74, 0x0e, 0xf2, 0x3a,
    0x18, 0x4d, 0x08, 0x04, 0x62, 0xe7, 0x00, 0x00, 0xd4, 0xce, 0x01, 0x00,
    0x6e, 0x00, 0x88, 0xde, 0x39, 0x00, 0x00, 0xc1, 0x73, 0x00, 0x80, 0xe1,
    0x86, 0x41, 0xbe, 0x03, 0x30, 0x98, 0x65, 0x28, 0x13, 0x33, 0x09, 0x66,
    0x09, 0x42, 0xa5, 0x88, 0xd6, 0x0e, 0x94, 0xe6, 0x39, 0x00, 0xc0, 0x70,
    0x83, 0x60, 0xdf, 0xc1, 0x19, 0xcc, 0x32, 0x9c, 0x09, 0x9a, 0x04, 0xc3,
    0x0d, 0x83, 0x7b, 0x07, 0x69, 0x30, 0x4b, 0x80, 0x26, 0x03, 0x15, 0x9d,
    0x88, 0x0e, 0x66, 0x22, 0x9c, 0xc9, 0x05, 0x40, 0x10, 0x3e, 0x07, 0x00,
    0x18, 0x6e, 0x10, 0xf4, 0x3b, 0x08, 0x83, 0x59, 0x86, 0x34, 0x51, 0x93,
    0x60, 0xc4, 0xe0, 0x00, 0x40, 0x10, 0x0c, 0xb2, 0xff, 0x0e, 0x7c, 0x3b,
    0xc8, 0xe7, 0x80, 0xb6, 0x83, 0xd1, 0x84, 0x00, 0x18, 0x4d, 0x10, 0x82,
    0xd1, 0x84, 0x41, 0x18, 0x4d, 0x20, 0x86, 0x11, 0x83, 0x03, 0x00, 0x41,
    0x30, 0xc8, 0x48, 0x3c, 0x18, 0xef, 0xc0, 0x9f, 0x83, 0xd9, 0x0e, 0x46,
    0x13, 0x02, 0x60, 0x34, 0x41, 0x08, 0x46, 0x13, 0x06, 0x61, 0x34, 0x81,
    0x18, 0x46, 0x0c, 0x0e, 0x00, 0x04, 0xc1, 0x20, 0x4b, 0xf1, 0x00, 0xbd,
    0x83, 0x91, 0x0e, 0xc8, 0x3a, 0x18, 0x4d, 0x08, 0x80, 0xd1, 0x04, 0x21,
    0x18, 0x4d, 0x18, 0x84, 0xd1, 0x04, 0x62, 0x18, 0x31, 0x38, 0x00, 0x10,
    0x04, 0x83, 0xcc, 0xc5, 0x83, 0xf6, 0x0e, 0x50, 0x3a, 0x68, 0xef, 0x60,
    0x34, 0x21, 0x00, 0x46, 0x13, 0x84, 0x60, 0x34, 0x61, 0x10, 0x46, 0x13,
    0x88, 0xc1, 0xa6, 0x34, 0x90, 0xcf, 0x88, 0x01, 0x02, 0x80, 0x20, 0x18,
    0x6c, 0x33, 0x1e, 0xd0, 0x77, 0xf0, 0xa4, 0x41, 0x30, 0x62, 0x80, 0x00,
    0x20, 0x08, 0x06, 0x1b, 0x8d, 0x07, 0xf5, 0x1d, 0x2c, 0x69, 0x10, 0x8c,
    0x18, 0x20, 0x00, 0x08, 0x82, 0xc1, 0x56, 0xe3, 0x81, 0x7d, 0x07, 0xc7,
    0x4e, 0x07, 0x81, 0x59, 0x6d, 0x20, 0x9f, 0x11, 0x03, 0x04, 0x00, 0x41,
    0x30, 0xd8, 0x6e, 0x3c, 0xc0, 0xef, 0x40, 0x6a, 0x83, 0x60, 0xc4, 0x00,
    0x01, 0x40, 0x10, 0x0c, 0x36, 0x1c, 0x0f, 0xf2, 0x3b, 0x70, 0xda, 0x20,
    0x18, 0x31, 0x40, 0x00, 0x10, 0x04, 0x83, 0x2d, 0xc7, 0x03, 0xfd, 0x0e,
    0x94, 0x9f, 0x0e, 0x02, 0xcb, 0xe2, 0x40, 0x3e, 0x23, 0x06, 0x08, 0x00,
    0x82, 0x60, 0xb0, 0xed, 0x78, 0xc0, 0xdf, 0x41, 0x15, 0x07, 0xc1, 0x88,
    0x01, 0x02, 0x80, 0x20, 0x18, 0x6c, 0x3c, 0x1e, 0xf4, 0x77, 0x10, 0xc5,
    0x41, 0x30, 0x62, 0x80, 0x00, 0x20, 0x08, 0x06, 0x5b, 0x8f, 0x07, 0xfe,
    0x1d, 0x34, 0x63, 0x1d, 0x04, 0xc6, 0xd5, 0x81, 0x7c, 0x46, 0x0c, 0x10,
    0x00, 0x04, 0xc1, 0x60, 0xfb, 0xf1, 0x00, 0xc4, 0x03, 0xac, 0x0e, 0x82,
    0x11, 0x03, 0x04, 0x00, 0x41, 0x30, 0xd8, 0xc0, 0x3c, 0x08, 0xf1, 0x80,
    0xaa, 0x83, 0x60, 0xc4, 0x00, 0x01, 0x40, 0x10, 0x0c, 0xb6, 0x30, 0x0f,
    0x44, 0x3c, 0x80, 0xce, 0x3a, 0x08, 0x66, 0x09, 0xd6, 0x64, 0x96, 0x60,
    0x4d, 0x06, 0x2a, 0x0c, 0x2d, 0x4d, 0xe4, 0x41, 0x4d, 0x06, 0x2a, 0x0c,
    0x2a, 0x4d, 0xe4, 0x41, 0x4d, 0x06, 0x2a, 0x0c, 0x27, 0x4d, 0xe4, 0x41,
    0x4d, 0x06, 0x2a, 0x0c, 0x24, 0x4d, 0x6c, 0x75, 0x50, 0x13, 0x12, 0xeb,
    0x00, 0x00, 0x55, 0x07, 0x22, 0x1e, 0xe8, 0x70, 0x43, 0x50, 0xe6, 0x41,
    0x18, 0xcc, 0x32, 0xb0, 0x89, 0x9d, 0x04, 0xc3, 0x0d, 0x73, 0x70, 0xe6,
    0x01, 0x18, 0xcc, 0x32, 0xb4, 0x89, 0x9b, 0x04, 0xb3, 0x04, 0x75, 0x32,
    0xdc, 0x40, 0x07, 0x60, 0x1e, 0x80, 0xc1, 0x2c, 0xc3, 0x9b, 0xc0, 0x49,
    0x30, 0x4b, 0x40, 0x27, 0xc3, 0x0d, 0x75, 0x40, 0xe6, 0x01, 0x18, 0xcc,
    0x32, 0xc4, 0x89, 0x9c, 0x04, 0xb3, 0x04, 0x73, 0x32, 0x4b, 0x30, 0x27,
    0x03, 0x15, 0x06, 0x14, 0x27, 0x8e, 0x9c, 0xcc, 0x12, 0xd0, 0xc9, 0x40,
    0x85, 0x41, 0xbd, 0x89, 0x30, 0x27, 0xb3, 0x04, 0x75, 0x32, 0x50, 0x61,
    0x60, 0x6d, 0x22, 0xd0, 0x09, 0xad, 0x75, 0x00, 0x00, 0x62, 0xeb, 0x00,
    0x00, 0xb3, 0x04, 0x76, 0x32, 0x50, 0x61, 0x18, 0x75, 0x82, 0xad, 0xc9,
    0x70, 0x03, 0x1f, 0xbc, 0x79, 0x60, 0x06, 0xb3, 0x0c, 0x77, 0x02, 0x2a,
    0xc1, 0x70, 0x43, 0x1f, 0xa0, 0x79, 0x80, 0x06, 0xb3, 0x0c, 0x78, 0x02,
    0x2a, 0xc1, 0x70, 0x83, 0x1f, 0xc8, 0x79, 0x90, 0x06, 0xb3, 0x0c, 0x79,
    0xa2, 0x27, 0x01, 0xc5, 0x75, 0x00, 0x80, 0x59, 0x02, 0x3d, 0x19, 0xa8,
    0x30, 0xcc, 0x75, 0xc8, 0x13, 0x33, 0xc0, 0x93, 0xe1, 0x86, 0x50, 0x68,
    0xf3, 0x20, 0x0d, 0x66, 0x19, 0xf6, 0x84, 0x4f, 0x02, 0xa2, 0xeb, 0x00,
    0x00, 0xb3, 0x04, 0x7c, 0x32, 0x50, 0x61, 0xb0, 0xeb, 0xb0, 0x27, 0x6a,
    0xa0, 0x27, 0xc3, 0x0d, 0xa4, 0x30, 0xe7, 0x41, 0x1a, 0xcc, 0x32, 0xf4,
    0xc9, 0x9f, 0x04, 0x95, 0x0a, 0x36, 0x1e, 0xe8, 0x70, 0x43, 0x90, 0xe7,
    0x01, 0x18, 0xcc, 0x32, 0xf8, 0xc9, 0x9f, 0x04, 0x94, 0xd7, 0x01, 0x00,
    0x66, 0x09, 0xfe, 0x64, 0xa0, 0xc3, 0xb0, 0xd7, 0xc1, 0x4f, 0xb4, 0x3e,
    0xd1, 0xf8, 0x64, 0x96, 0x00, 0x54, 0x06, 0x3a, 0x0c, 0xe9, 0x4f, 0xf0,
    0xe0, 0x4e, 0xf0, 0xc0, 0x4e, 0x06, 0x3a, 0x0c, 0xe7, 0x4f, 0xf0, 0xe0,
    0x4e, 0xf0, 0xc0, 0x4e, 0x06, 0x3a, 0x0c, 0xe3, 0x4f, 0xc0, 0xe0, 0x4e,
    0xc0, 0xc0, 0x4e, 0x66, 0x09, 0x42, 0x65, 0xa0, 0xc2, 0x90, 0x8b, 0x32,
    0x01, 0x05, 0x50, 0x19, 0xa8, 0x30, 0xe4, 0xa2, 0x4c, 0x10, 0x50, 0x19,
    0xa8, 0x30, 0xe4, 0xa2, 0x4c, 0x10, 0x50, 0x19, 0xa8, 0x30, 0x6c, 0x76,
    0x28, 0x13, 0x04, 0x54, 0x48, 0xb4, 0x03, 0x00, 0xd0, 0x68, 0x07, 0x00,
    0x20, 0xd2, 0x0e, 0x00, 0x40, 0xa5, 0x1d, 0x00, 0xa0, 0x70, 0x48, 0xcc,
    0x03, 0xa2, 0xd3, 0x0e, 0x00, 0x40, 0xa8, 0x1d, 0x00, 0x80, 0x52, 0x3b,
    0x00, 0x40, 0xf1, 0x90, 0xa9, 0x07, 0x4a, 0xab, 0x1d, 0x00, 0x80, 0x58,
    0x3b, 0x00, 0xc0, 0x70, 0xc3, 0xf1, 0xea, 0x01, 0x18, 0xcc, 0x32, 0x88,
    0xca, 0xa8, 0x04, 0xb3, 0x04, 0xbe, 0x32, 0xdc, 0x80, 0xa0, 0x7a, 0x00,
    0x06, 0xb3, 0x0c, 0xa4, 0x52, 0x2a, 0xc1, 0x2c, 0x81, 0xaf, 0x0c, 0x37,
    0x24, 0xac, 0x1e, 0x80, 0xc1, 0x2c, 0x83, 0xa9, 0x9c, 0x4a, 0x30, 0x62,
    0xb0, 0x00, 0x20, 0x08, 0x06, 0x10, 0xae, 0x07, 0x72, 0x1e, 0xa0, 0x62,
    0x70, 0x8a, 0x81, 0x29, 0x06, 0xa8, 0x18, 0x9c, 0x62, 0x60, 0x8a, 0xc1,
    0x88, 0x81, 0x01, 0x80, 0x20, 0x18, 0x48, 0xb8, 0x1e, 0xc4, 0x79, 0x10,
    0x98, 0x2a, 0x06, 0x81, 0x7c, 0x4c, 0x15, 0x03, 0x41, 0x3e, 0xa6, 0x8a,
    0xc1, 0x20, 0x1f, 0xaa, 0xed, 0x00, 0x00, 0x23, 0x06, 0x0b, 0x00, 0x82,
    0x60, 0x00, 0xf9, 0x7a, 0x80, 0xe7, 0x01, 0x31, 0x08, 0x7a, 0x18, 0xe4,
    0x61, 0x80, 0x87, 0x81, 0xfd, 0x76, 0x10, 0xc8, 0xc7, 0x02, 0x3e, 0x0c,
    0xe4, 0x63, 0x02, 0x1f, 0x06, 0xf2, 0xb1, 0x81, 0x0f, 0x03, 0xf9, 0x58,
    0x32, 0xc4, 0xc7, 0x92, 0x21, 0x3e, 0x96, 0x0c, 0xf1, 0x21, 0xdf, 0x0e,
    0x00, 0x30, 0x4b, 0xe0, 0x2b, 0xc3, 0x0d, 0x19, 0xae, 0x07, 0x60, 0x30,
    0xcb, 0x80, 0x2a, 0xa9, 0x12, 0x8c, 0x18, 0x2c, 0x00, 0x08, 0x82, 0x01,
    0x84, 0xee, 0x81, 0xa8, 0x07, 0xb8, 0x18, 0xdc, 0x62, 0x60, 0x8b, 0x01,
    0x2e, 0x06, 0xb7, 0x18, 0xd8, 0x62, 0x30, 0x62, 0x60, 0x00, 0x20, 0x08,
    0x06, 0x12, 0xba, 0x07, 0xa1, 0x1e, 0x04, 0xa6, 0x8b, 0x41, 0x20, 0x1f,
    0xd3, 0xc5, 0x40, 0x90, 0x8f, 0xe9, 0x62, 0x30, 0xc8, 0x87, 0xca, 0x3b,
    0x00, 0xc0, 0x88, 0xc1, 0x02, 0x80, 0x20, 0x18, 0x40, 0xee, 0x1e, 0xa0,
    0x7a, 0x40, 0x0c, 0x82, 0x2a, 0x06, 0xa9, 0x18, 0xa0, 0x62, 0x60, 0xef,
    0x1d, 0x04, 0xf2, 0xb1, 0x80, 0x15, 0x03, 0xf9, 0x98, 0xc0, 0x8a, 0x81,
    0x7c, 0x6c, 0x60, 0xc5, 0x40, 0x3e, 0x96, 0x0c, 0xf1, 0xb1, 0x64, 0x88,
    0x8f, 0x25, 0x43, 0x7c, 0xc8, 0xbd, 0x03, 0x00, 0x18, 0x01, 0xdf, 0x01,
    0x7c, 0x8c, 0x88, 0xef, 0x00, 0x3e, 0x46, 0xec, 0x77, 0x00, 0x1f, 0x1b,
    0x06, 0xf9, 0xd8, 0x30, 0xc8, 0xc7, 0x84, 0x00, 0x3e, 0x46, 0x10, 0xf2,
    0x31, 0x21, 0x80, 0xcf, 0x88, 0x81, 0x01, 0x80, 0x20, 0x18, 0x48, 0xfe,
    0x1e, 0xd0, 0x7a, 0x10, 0x58, 0x00, 0xe2, 0x81, 0x7c, 0x28, 0xbf, 0x03,
    0x00, 0x8c, 0x18, 0x1c, 0x00, 0x08, 0x82, 0x01, 0x05, 0xf2, 0xc1, 0xae,
    0x07, 0x42, 0x88, 0x07, 0x06, 0x05, 0xf4, 0x31, 0x48, 0xa0, 0x8f, 0x09,
    0x26, 0x1e, 0xc0, 0xc7, 0x84, 0x13, 0x0f, 0xe0, 0x33, 0x4b, 0xe0, 0x2b,
    0xf4, 0xdf, 0x01, 0x00, 0x08, 0xc4, 0x03, 0x00, 0x50, 0x88, 0x07, 0x00,
    0x28, 0x3c, 0xf0, 0xf7, 0x40, 0x69, 0xc4, 0x03, 0x00, 0x0c, 0x37, 0x08,
    0x26, 0x1f, 0x80, 0xc1, 0x2c, 0x83, 0xaa, 0xac, 0x4a, 0x30, 0x4b, 0x80,
    0x2b, 0xc3, 0x0d, 0xc3, 0xbf, 0x07, 0x60, 0x30, 0xcb, 0xc0, 0x2a, 0xad,
    0x12, 0xcc, 0x12, 0xe0, 0xca, 0x70, 0x03, 0x31, 0xf2, 0x01, 0x18, 0xcc,
    0x32, 0xb8, 0xca, 0xab, 0x04, 0xb3, 0x04, 0xb8, 0x32, 0xdc, 0x50, 0x80,
    0x7c, 0x00, 0x06, 0xb3, 0x0c, 0xb0, 0x12, 0x2b, 0xc1, 0x2c, 0x01, 0xae,
    0x0c, 0x37, 0x18, 0x20, 0x1f, 0x80, 0xc1, 0x2c, 0x83, 0xac, 0xcc, 0x4a,
    0x30, 0x4b, 0x80, 0x2b, 0xc3, 0x0d, 0x07, 0xca, 0x07, 0x60, 0x30, 0xcb,
    0x40, 0x2b, 0xb5, 0x12, 0xcc, 0x12, 0xe0, 0xca, 0x70, 0x03, 0x62, 0xf2,
    0x01, 0x18, 0xcc, 0x32, 0xd8, 0xca, 0xad, 0x04, 0xb3, 0x04, 0xb8, 0x32,
    0x4b, 0x80, 0x2b, 0x03, 0x45, 0x06, 0xfd, 0x0e, 0xaa, 0x82, 0xbf, 0x03,
    0xab, 0xf0, 0xef, 0xe0, 0x2a, 0x20, 0x3c, 0xc0, 0x0a, 0x09, 0x0f, 0xb2,
    0x82, 0xc2, 0x03, 0xad, 0xb0, 0xf0, 0x60, 0x2b, 0xf0, 0x3b, 0xdc, 0xca,
    0x40, 0x91, 0x41, 0xbf, 0x83, 0xaa, 0xe0, 0xef, 0xc0, 0x2a, 0xfc, 0x3b,
    0xb8, 0x0a, 0x08, 0x0f, 0xb0, 0x42, 0xc2, 0x83, 0xac, 0xa0, 0xf0, 0x40,
    0x2b, 0x2c, 0x3c, 0xd8, 0x0a, 0xfc, 0x0e, 0xb7, 0x42, 0x2d, 0x1e, 0x00,
    0x80, 0x5c, 0x3c, 0x00, 0xc0, 0x2c, 0x41, 0xae, 0xcc, 0x12, 0xe8, 0x0a,
    0xbd, 0x78, 0x00, 0x80, 0x59, 0x82, 0x5d, 0x99, 0x25, 0xe0, 0x15, 0x82,
    0xf1, 0x00, 0x00, 0xb3, 0x04, 0xbd, 0x32, 0x4b, 0xe0, 0x2b, 0x03, 0x2d,
    0x86, 0x7a, 0x0a, 0xa2, 0x22, 0xa3, 0x02, 0xa9, 0xb0, 0x83, 0xa9, 0xa0,
    0x01, 0xaa, 0x30, 0xbd, 0x32, 0xd0, 0x62, 0xa8, 0xa7, 0x20, 0x2a, 0x32,
    0x2a, 0x90, 0x0a, 0x3b, 0x98, 0x0a, 0x1a, 0xa0, 0x0a, 0xd3, 0x2b, 0x03,
    0x2d, 0x86, 0x7a, 0x0a, 0xa2, 0x22, 0xa3, 0x02, 0xa9, 0xb0, 0x83, 0xa9,
    0xa0, 0xf1, 0x80, 0x2a, 0x68, 0x3c, 0xf4, 0x0a, 0xd1, 0x78, 0x00, 0x00,
    0xaa, 0xf1, 0x00, 0x00, 0x23, 0x06, 0x07, 0x00, 0x82, 0x60, 0x90, 0xed,
    0x7c, 0xa0, 0xef, 0x41, 0x8d, 0x07, 0xe4, 0x1e, 0x8c, 0x26, 0x04, 0x02,
    0xe1, 0x78, 0x00, 0x00, 0xca, 0xf1, 0x00, 0x00, 0x37, 0x00, 0x44, 0x3b,
    0x1e, 0x00, 0x80, 0x78, 0x3c, 0x00, 0xc0, 0x70, 0xc3, 0xe0, 0xf3, 0x01,
    0x18, 0xcc, 0x32, 0xfc, 0x0a, 0xb8, 0x04, 0xb3, 0x04, 0xfb, 0x52, 0x44,
    0xbe, 0x07, 0x4a, 0x3f, 0x1e, 0x00, 0x60, 0xb8, 0x41, 0x10, 0xfb, 0xe0,
    0x0c, 0x66, 0x19, 0xc2, 0x45, 0x5c, 0x82, 0xe1, 0x86, 0x41, 0xe7, 0x83,
    0x34, 0x98, 0x25, 0x10, 0x97, 0x81, 0x8a, 0x4e, 0x97, 0x07, 0x70, 0x11,
    0xc2, 0xe5, 0x02, 0x20, 0x88, 0xcc, 0x03, 0x00, 0x0c, 0x37, 0x08, 0x66,
    0x1f, 0x84, 0xc1, 0x2c, 0xc3, 0xb8, 0x90, 0x4b, 0x30, 0x62, 0x70, 0x00,
    0x20, 0x08, 0x06, 0xd9, 0xda, 0x07, 0x2a, 0x1f, 0x94, 0x79, 0x50, 0xea,
    0xc1, 0x68, 0x42, 0x00, 0x8c, 0x26, 0x08, 0xc1, 0x68, 0xc2, 0x20, 0x8c,
    0x26, 0x10, 0xc3, 0x88, 0xc1, 0x01, 0x80, 0x20, 0x18, 0x64, 0x70, 0x1f,
    0xbc, 0x7c, 0xa0, 0xe6, 0x41, 0xaa, 0x07, 0xa3, 0x09, 0x01, 0x30, 0x9a,
    0x20, 0x04, 0xa3, 0x09, 0x83, 0x30, 0x9a, 0x40, 0x0c, 0x23, 0x06, 0x07,
    0x00, 0x82, 0x60, 0x90, 0xd5, 0x7d, 0x40, 0xf3, 0xc1, 0x9b, 0x07, 0xad,
    0x1e, 0x8c, 0x26, 0x04, 0xc0, 0x68, 0x82, 0x10, 0x8c, 0x26, 0x0c, 0xc2,
    0x68, 0x02, 0x31, 0x8c, 0x18, 0x1c, 0x00, 0x08, 0x82, 0x41, 0xa6, 0xf7,
    0x41, 0xce, 0x07, 0x74, 0x1e, 0xc4, 0x7a, 0x30, 0x9a, 0x10, 0x00, 0xa3,
    0x09, 0x42, 0x30, 0x9a, 0x30, 0x08, 0xa3, 0x09, 0xc4, 0x60, 0x53, 0x1a,
    0xc8, 0x67, 0xc4, 0x00, 0x01, 0x40, 0x10, 0x0c, 0xb6, 0xbf, 0x0f, 0xc0,
    0x3e, 0x78, 0xd2, 0x20, 0x18, 0x31, 0x40, 0x00, 0x10, 0x04, 0x83, 0x0d,
    0xf4, 0x83, 0xb0, 0x0f, 0x96, 0x34, 0x08, 0x46, 0x0c, 0x10, 0x00, 0x04,
    0xc1, 0x60, 0x0b, 0xfd, 0x40, 0xec, 0x83, 0xe3, 0xd4, 0x83, 0xc0, 0xac,
    0x36, 0x90, 0xcf, 0x88, 0x01, 0x02, 0x80, 0x20, 0x18, 0x6c, 0xa3, 0x1f,
    0x90, 0x7d, 0x20, 0xb5, 0x41, 0x30, 0x62, 0x80, 0x00, 0x20, 0x08, 0x06,
    0x1b, 0xe9, 0x07, 0x65, 0x1f, 0x38, 0x6d, 0x10, 0x8c, 0x18, 0x20, 0x00,
    0x08, 0x82, 0xc1, 0x56, 0xfa, 0x81, 0xd9, 0x07, 0xca, 0xaa, 0x07, 0x81,
    0x65, 0x71, 0x20, 0x9f, 0x11, 0x03, 0x04, 0x00, 0x41, 0x30, 0xd8, 0x4e,
    0x3f, 0x40, 0xfb, 0xa0, 0x8a, 0x83, 0x60, 0xc4, 0x00, 0x01, 0x40, 0x10,
    0x0c, 0x36, 0xd4, 0x0f, 0xd2, 0x3e, 0x88, 0xe2, 0x20, 0x18, 0x31, 0x40,
    0x00, 0x10, 0x04, 0x83, 0x2d, 0xf5, 0x03, 0xb5, 0x0f, 0x9a, 0x57, 0x0f,
    0x02, 0xe3, 0xea, 0x40, 0x3e, 0x23, 0x06, 0x08, 0x00, 0x82, 0x60, 0xb0,
    0xad, 0x7e, 0xc0, 0xf6, 0x01, 0x56, 0x07, 0xc1, 0x88, 0x01, 0x02, 0x80,
    0x20, 0x18, 0x6c, 0xac, 0x1f, 0xb4, 0x7d, 0x40, 0xd5, 0x41, 0x30, 0x62,
    0x80, 0x00, 0x20, 0x08, 0x06, 0x5b, 0xeb, 0x07, 0x6e, 0x1f, 0x40, 0xb3,
    0x1e, 0x04, 0xb3, 0x04, 0xe5, 0x32, 0x4b, 0x50, 0x2e, 0x03, 0x15, 0x86,
    0x36, 0x2e, 0xf2, 0x40, 0x2e, 0x03, 0x15, 0x06, 0x35, 0x2e, 0xf2, 0x40,
    0x2e, 0x03, 0x15, 0x86, 0x33, 0x2e, 0xf2, 0x40, 0x2e, 0x03, 0x15, 0x06,
    0x32, 0x2e, 0x6e, 0x3d, 0x90, 0x0b, 0xb9, 0x7a, 0x00, 0x80, 0xaa, 0x03,
    0xb7, 0x0f, 0x74, 0xb8, 0x21, 0x88, 0xfd, 0x20, 0x0c, 0x66, 0x19, 0xcc,
    0x05, 0x5e, 0x82, 0xe1, 0x86, 0x39, 0x98, 0xfd, 0x00, 0x0c, 0x66, 0x19,
    0xce, 0x05, 0x5d, 0x82, 0x59, 0x82, 0x77, 0x19, 0x6e, 0xa0, 0x03, 0xd6,
    0x0f, 0xc0, 0x60, 0x96, 0x21, 0x5d, 0xd4, 0x25, 0x98, 0x25, 0x70, 0x97,
    0xe1, 0x86, 0x3a, 0x80, 0xfd, 0x00, 0x0c, 0x66, 0x19, 0xd6, 0x85, 0x5d,
    0x82, 0x59, 0x82, 0x76, 0x99, 0x25, 0x68, 0x97, 0x81, 0x0a, 0x03, 0x5a,
    0x17, 0x87, 0x5d, 0x66, 0x09, 0xdc, 0x65, 0xa0, 0xc2, 0xa0, 0xd2, 0x45,
    0x68, 0x97, 0x59, 0x82, 0x77, 0x19, 0xa8, 0x30, 0xb0, 0x73, 0x11, 0xdc,
    0x85, 0x6e, 0x3d, 0x00, 0x00, 0xe1, 0x7a, 0x00, 0x80, 0x59, 0x02, 0x78,
    0x19, 0xa8, 0x30, 0x8c, 0x77, 0xc1, 0xca, 0x65, 0xb8, 0x81, 0x0f, 0x76,
    0x3f, 0x30, 0x83, 0x59, 0x86, 0x78, 0xd1, 0x97, 0x60, 0xb8, 0xa1, 0x0f,
    0x68, 0x3f, 0x40, 0x83, 0x59, 0x06, 0x79, 0xd1, 0x97, 0x60, 0xb8, 0xc1,
    0x0f, 0x7c, 0x3f, 0x48, 0x83, 0x59, 0x86, 0x79, 0xa1, 0x97, 0x80, 0x7a,
    0x3d, 0x00, 0xc0, 0x2c, 0x01, 0xbd, 0x0c, 0x54, 0x18, 0x7e, 0x3d, 0xcc,
    0x8b, 0x19, 0xc8, 0xcb, 0x70, 0x43, 0x28, 0xe4, 0x7e, 0x90, 0x06, 0xb3,
    0x0c, 0xf5, 0x62, 0x2f, 0x01, 0x81, 0x7b, 0x00, 0x80, 0x59, 0x02, 0x7b,
    0x19, 0xa8, 0x30, 0x48, 0x7b, 0xa8, 0x17, 0x35, 0xa0, 0x97, 0xe1, 0x06,
    0x52, 0xf8, 0xfd, 0x20, 0x0d, 0x66, 0x19, 0xee, 0x25, 0x5f, 0x82, 0x4a,
    0x05, 0xd1, 0x0f, 0x74, 0xb8, 0x21, 0x28, 0xff, 0x00, 0x0c, 0x66, 0x19,
    0xf0, 0x25, 0x5f, 0x02, 0x2a, 0xf7, 0x00, 0x00, 0xb3, 0x04, 0xf9, 0x32,
    0xd0, 0x61, 0xb8, 0xf6, 0x80, 0x2f, 0xda, 0xbd, 0x68, 0xf6, 0x32, 0x4b,
    0xa0, 0x2f, 0x03, 0x1d, 0x86, 0x94, 0x2f, 0x78, 0x10, 0x2f, 0x78, 0x00,
    0x2f, 0x03, 0x1d, 0x86, 0x93, 0x2f, 0x78, 0x10, 0x2f, 0x78, 0x00, 0x2f,
    0x03, 0x1d, 0x86, 0x91, 0x2f, 0x60, 0x10, 0x2f, 0x60, 0x00, 0x2f, 0xb3,
    0x04, 0xfb, 0x32, 0x50, 0x61, 0xc8, 0xc5, 0xaf, 0x80, 0x82, 0xbe, 0x0c,
    0x54, 0x18, 0x72, 0xf1, 0x2b, 0x88, 0xbe, 0x0c, 0x54, 0x18, 0x72, 0xf1,
    0x2b, 0x88, 0xbe, 0x0c, 0x54, 0x18, 0xee, 0x3d, 0xfc, 0x0a, 0xa2, 0x2f,
    0xe4, 0xee, 0x01, 0x00, 0xe8, 0xdd, 0x03, 0x00, 0x10, 0xbc, 0x07, 0x00,
    0xa0, 0x78, 0x0f, 0x00, 0x50, 0xa0, 0xe5, 0xfa, 0x01, 0xd1, 0xbc, 0x07,
    0x00, 0x20, 0x7a, 0x0f, 0x00, 0x40, 0xf5, 0x1e, 0x00, 0xa0, 0x48, 0x4b,
    0xfe, 0x03, 0xa5, 0x7b, 0x0f, 0x00, 0x40, 0xf8, 0x1e, 0x00, 0x60, 0xb8,
    0xe1, 0xd8, 0xff, 0x00, 0x0c, 0x66, 0x19, 0xf8, 0xa5, 0x5f, 0x82, 0x59,
    0x02, 0x9c, 0x19, 0x6e, 0x40, 0xe8, 0x3f, 0x00, 0x83, 0x59, 0x06, 0x7f,
    0xf9, 0x97, 0x60, 0x96, 0x00, 0x67, 0x86, 0x1b, 0x12, 0xfc, 0x0f, 0xc0,
    0x60, 0x96, 0x01, 0x64, 0x42, 0x26, 0x18, 0x31, 0x58, 0x00, 0x10, 0x04,
    0x03, 0x88, 0x04, 0x05, 0xdf, 0x0f, 0xe8, 0x33, 0x98, 0xcf, 0x40, 0x3e,
    0x03, 0xfa, 0x0c, 0xe6, 0x33, 0x90, 0xcf, 0x60, 0xc4, 0xc0, 0x00, 0x40,
    0x10, 0x0c, 0x24, 0x12, 0x14, 0x7a, 0x3f, 0x08, 0xcc, 0x3e, 0x83, 0x40,
    0x3e, 0x66, 0x9f, 0x81, 0x20, 0x1f, 0xb3, 0xcf, 0x60, 0x90, 0x0f, 0x85,
    0x7c, 0x00, 0x80, 0x11, 0x83, 0x05, 0x00, 0x41, 0x30, 0x80, 0x54, 0x50,
    0x20, 0xff, 0x80, 0x18, 0x04, 0xf3, 0x0c, 0xca, 0x33, 0x20, 0xcf, 0xc0,
    0x56, 0x3e, 0x08, 0xe4, 0x63, 0x01, 0x7a, 0x06, 0xf2, 0x31, 0x01, 0x3d,
    0x03, 0xf9, 0xd8, 0x80, 0x9e, 0x81, 0x7c, 0x2c, 0x19, 0xe2, 0x63, 0xc9,
    0x10, 0x1f, 0x4b, 0x86, 0xf8, 0x90, 0xca, 0x07, 0x00, 0x98, 0x25, 0xc0,
    0x99, 0xe1, 0x86, 0x8c, 0x04, 0x05, 0x30, 0x98, 0x65, 0x10, 0x99, 0x91,
    0x09, 0x46, 0x0c, 0x16, 0x00, 0x04, 0xc1, 0x00, 0xa2, 0x41, 0xc1, 0xfd,
    0x03, 0x12, 0x0d, 0x46, 0x34, 0x10, 0xd1, 0x80, 0x44, 0x83, 0x11, 0x0d,
    0x44, 0x34, 0x18, 0x31, 0x30, 0x00, 0x10, 0x04, 0x03, 0x89, 0x06, 0x85,
    0xf6, 0x0f, 0x02, 0x33, 0xd1, 0x20, 0x90, 0x8f, 0x99, 0x68, 0x20, 0xc8,
    0xc7, 0x4c, 0x34, 0x18, 0xe4, 0x43, 0x31, 0x1f, 0x00, 0x60, 0xc4, 0x60,
    0x01, 0x40, 0x10, 0x0c, 0x20, 0x1d, 0x14, 0xe8, 0x3f, 0x20, 0x06, 0xc1,
    0x3e, 0x83, 0xfa, 0x0c, 0xe8, 0x33, 0xb0, 0x9d, 0x0f, 0x02, 0xf9, 0x58,
    0x80, 0x9f, 0x81, 0x7c, 0x4c, 0xc0, 0xcf, 0x40, 0x3e, 0x36, 0xe0, 0x67,
    0x20, 0x1f, 0x4b, 0x86, 0xf8, 0x58, 0x32, 0xc4, 0xc7, 0x92, 0x21, 0x3e,
    0xa4, 0xf3, 0x01, 0x00, 0x8c, 0xe0, 0xf9, 0x00, 0x3e, 0x46, 0xf4, 0x7c,
    0x00, 0x1f, 0x23, 0xce, 0x3e, 0x80, 0x8f, 0x0d, 0x83, 0x7c, 0x6c, 0x18,
    0xe4, 0x63, 0x42, 0x00, 0x1f, 0x23, 0x08, 0xf9, 0x98, 0x10, 0xc0, 0x67,
    0xc4, 0xc0, 0x00, 0x40, 0x10, 0x0c, 0x24, 0x35, 0x14, 0x40, 0x50, 0x08,
    0x2c, 0x60, 0xfb, 0x40, 0x3e, 0x54, 0xf6, 0x01, 0x00, 0x46, 0x0c, 0x0e,
    0x00, 0x04, 0xc1, 0x80, 0x62, 0x43, 0xe1, 0x04, 0x05, 0xa1, 0xed, 0x03,
    0x83, 0x02, 0xfa, 0x18, 0x24, 0xd0, 0xc7, 0x04, 0xb9, 0x0f, 0xe0, 0x63,
    0xc2, 0xdc, 0x07, 0xf0, 0x99, 0x25, 0xc0, 0x19, 0x5a, 0xfb, 0x00, 0x00,
    0xc4, 0xf6, 0x01, 0x00, 0xa8, 0xed, 0x03, 0x00, 0x14, 0x1e, 0xa8, 0xa1,
    0xa0, 0xf4, 0xf6, 0x01, 0x00, 0x86, 0x1b, 0x04, 0x39, 0x14, 0xc0, 0x60,
    0x96, 0x81, 0x64, 0x4a, 0x26, 0x98, 0x25, 0x90, 0x99, 0xe1, 0x86, 0x61,
    0x0d, 0x05, 0x30, 0x98, 0x65, 0x30, 0x99, 0x93, 0x09, 0x66, 0x09, 0x64,
    0x66, 0xb8, 0x81, 0x78, 0x43, 0x01, 0x0c, 0x66, 0x19, 0x50, 0x26, 0x65,
    0x82, 0x59, 0x02, 0x99, 0x19, 0x6e, 0x28, 0xd8, 0x50, 0x00, 0x83, 0x59,
    0x06, 0x95, 0x59, 0x99, 0x60, 0x96, 0x40, 0x66, 0x86, 0x1b, 0x0c, 0x36,
    0x14, 0xc0, 0x60, 0x96, 0x81, 0x65, 0x5a, 0x26, 0x98, 0x25, 0x90, 0x99,
    0xe1, 0x86, 0x83, 0x0e, 0x05, 0x30, 0x98, 0x65, 0x70, 0x99, 0x97, 0x09,
    0x66, 0x09, 0x64, 0x66, 0xb8, 0x01, 0x91, 0x43, 0x01, 0x0c, 0x66, 0x19,
    0x60, 0x26, 0x66, 0x82, 0x59, 0x02, 0x99, 0x99, 0x25, 0x90, 0x99, 0x81,
    0x22, 0x83, 0xd5, 0x07, 0x92, 0x81, 0xf5, 0xc1, 0x64, 0x68, 0x7d, 0x40,
    0x19, 0x5c, 0x1f, 0x54, 0x86, 0xd7, 0x07, 0x96, 0x01, 0xf7, 0xc1, 0x65,
    0xc8, 0x7d, 0x80, 0x19, 0x54, 0x1f, 0x62, 0x66, 0xa0, 0xc8, 0x60, 0xf5,
    0x81, 0x64, 0x60, 0x7d, 0x30, 0x19, 0x5a, 0x1f, 0x50, 0x06, 0xd7, 0x07,
    0x95, 0xe1, 0xf5, 0x81, 0x65, 0xc0, 0x7d, 0x70, 0x19, 0x72, 0x1f, 0x60,
    0x06, 0xd5, 0x87, 0x98, 0xa1, 0xbc, 0x0f, 0x00, 0x40, 0x7a, 0x1f, 0x00,
    0x60, 0x96, 0x60, 0x66, 0x66, 0x09, 0x68, 0x86, 0xf6, 0x3e, 0x00, 0xc0,
    0x2c, 0x41, 0xcd, 0xcc, 0x12, 0xd8, 0x0c, 0xf1, 0x7d, 0x00, 0x80, 0x59,
    0x82, 0x9b, 0x99, 0x25, 0xc0, 0x99, 0x81, 0x16, 0x43, 0x94, 0x05, 0x7e,
    0x51, 0x67, 0xc1, 0x5f, 0xd8, 0x01, 0x64, 0xd0, 0x40, 0x64, 0x98, 0x9b,
    0x19, 0x68, 0x31, 0x44, 0x59, 0xe0, 0x17, 0x75, 0x16, 0xfc, 0x85, 0x1d,
    0x40, 0x06, 0x0d, 0x44, 0x86, 0xb9, 0x99, 0x81, 0x16, 0x43, 0x94, 0x05,
    0x7e, 0x51, 0x67, 0xc1, 0x5f, 0xd8, 0x01, 0x64, 0x40, 0x7e, 0x10, 0x19,
    0x90, 0x1f, 0x6e, 0x86, 0x40, 0x3f, 0x00, 0x00, 0x85, 0x7e, 0x00, 0x80,
    0x11, 0x83, 0x03, 0x00, 0x41, 0x30, 0xc8, 0x4e, 0x51, 0x30, 0x43, 0x21,
    0xf4, 0x83, 0x17, 0x14, 0x46, 0x13, 0x02, 0x81, 0x48, 0x3f, 0x00, 0x00,
    0x95, 0x7e, 0x00, 0x80, 0x1b, 0x00, 0xa2, 0xd3, 0x0f, 0x00, 0x40, 0xa8,
    0x1f, 0x00, 0x60, 0xb8, 0x61, 0x50, 0x45, 0x01, 0x0c, 0x66, 0x19, 0x72,
    0x46, 0x67, 0x82, 0x59, 0x82, 0xba, 0x29, 0xa2, 0x0c, 0x05, 0xa5, 0xd5,
    0x0f, 0x00, 0x30, 0xdc, 0x20, 0xb8, 0xa2, 0x70, 0x06, 0xb3, 0x0c, 0x3b,
    0xc3, 0x33, 0xc1, 0x70, 0xc3, 0x60, 0x8a, 0x42, 0x1a, 0xcc, 0x12, 0xf0,
    0xcc, 0x40, 0x45, 0x27, 0xf7, 0x83, 0xce, 0x08, 0x3b, 0x73, 0x01, 0x10,
    0x04, 0xfb, 0x01, 0x00, 0x86, 0x1b, 0x04, 0x59, 0x14, 0xc2, 0x60, 0x96,
    0xa1, 0x67, 0x7c, 0x26, 0x18, 0x31, 0x38, 0x00, 0x10, 0x04, 0x83, 0xec,
    0x16, 0x05, 0x3b, 0x14, 0x62, 0x3f, 0x68, 0xff, 0x60, 0x34, 0x21, 0x00,
    0x46, 0x13, 0x84, 0x60, 0x34, 0x61, 0x10, 0x46, 0x13, 0x88, 0x61, 0xc4,
    0xe0, 0x00, 0x40, 0x10, 0x0c, 0x32, 0x5e, 0x14, 0xf6, 0x50, 0xb0, 0xfd,
    0x20, 0xfe, 0x83, 0xd1, 0x84, 0x00, 0x18, 0x4d, 0x10, 0x82, 0xd1, 0x84,
    0x41, 0x18, 0x4d, 0x20, 0x86, 0x11, 0x83, 0x03, 0x00, 0x41, 0x30, 0xc8,
    0xc2, 0x51, 0x00, 0x45, 0x61, 0xf7, 0x83, 0xfa, 0x0f, 0x46, 0x13, 0x02,
    0x60, 0x34, 0x41, 0x08, 0x46, 0x13, 0x06, 0x61, 0x34, 0x81, 0x18, 0x46,
    0x0c, 0x0e, 0x00, 0x04, 0xc1, 0x20, 0x33, 0x47, 0xa1, 0x14, 0x05, 0xf0,
    0x0f, 0xf2, 0x3f, 0x18, 0x4d, 0x08, 0x80, 0xd1, 0x04, 0x21, 0x18, 0x4d,
    0x18, 0x84, 0xd1, 0x04, 0x62, 0xb0, 0x29, 0x0d, 0xe4, 0x33, 0x62, 0x80,
    0x00, 0x20, 0x08, 0x06, 0xdb, 0x3a, 0x0a, 0xac, 0x28, 0x3c, 0x69, 0x10,
    0x8c, 0x18, 0x20, 0x00, 0x08, 0x82, 0xc1, 0xc6, 0x8e, 0x42, 0x2b, 0x0a,
    0x4b, 0x1a, 0x04, 0x23, 0x06, 0x08, 0x00, 0x82, 0x60, 0xb0, 0xb5, 0xa3,
    0xe0, 0x8a, 0xc2, 0x31, 0xff, 0x41, 0x60, 0x56, 0x1b, 0xc8, 0x67, 0xc4,
    0x00, 0x01, 0x40, 0x10, 0x0c, 0xb6, 0x77, 0x14, 0x60, 0x51, 0x90, 0xda,
    0x20, 0x18, 0x31, 0x40, 0x00, 0x10, 0x04, 0x83, 0x0d, 0x1e, 0x85, 0x58,
    0x14, 0x9c, 0x36, 0x08, 0x46, 0x0c, 0x10, 0x00, 0x04, 0xc1, 0x60, 0x8b,
    0x47, 0x41, 0x16, 0x05, 0xe5, 0xfe, 0x83, 0xc0, 0xb2, 0x38, 0x90, 0xcf,
    0x88, 0x01, 0x02, 0x80, 0x20, 0x18, 0x6c, 0xf3, 0x28, 0xd0, 0xa2, 0x50,
    0xc5, 0x41, 0x30, 0x62, 0x80, 0x00, 0x20, 0x08, 0x06, 0x1b, 0x3d, 0x0a,
    0xb5, 0x28, 0x44, 0x71, 0x10, 0x8c, 0x18, 0x20, 0x00, 0x08, 0x82, 0xc1,
    0x56, 0x8f, 0x82, 0x2d, 0x0a, 0xcd, 0xfe, 0x07, 0x81, 0x71, 0x75, 0x20,
    0x9f, 0x11, 0x03, 0x04, 0x00, 0x41, 0x30, 0xd8, 0xee, 0x51, 0xc0, 0x45,
    0x01, 0xab, 0x83, 0x60, 0xc4, 0x00, 0x01, 0x40, 0x10, 0x0c, 0x36, 0x7c,
    0x14, 0x72, 0x51, 0xa0, 0xea, 0x20, 0x18, 0x31, 0x40, 0x00, 0x10, 0x04,
    0x83, 0x2d, 0x1f, 0x05, 0x5d, 0x14, 0xa0, 0xff, 0x0f, 0x82, 0x59, 0x82,
    0x9f, 0x99, 0x25, 0xf8, 0x99, 0x81, 0x0a, 0x43, 0xeb, 0x19, 0x79, 0xf0,
    0x99, 0x81, 0x0a, 0x83, 0xea, 0x19, 0x79, 0xf0, 0x99, 0x81, 0x0a, 0xc3,
    0xe9, 0x19, 0x79, 0xf0, 0x99, 0x81, 0x0a, 0x03, 0xe9, 0x19, 0x13, 0x24,
    0x7c, 0x86, 0xf4, 0x3f, 0x00, 0x40, 0xd5, 0x81, 0x2e, 0x0a, 0x3a, 0xdc,
    0x10, 0xf4, 0xa3, 0x10, 0x06, 0xb3, 0x0c, 0x60, 0xa3, 0x36, 0xc1, 0x70,
    0xc3, 0x1c, 0xfc, 0xa3, 0x00, 0x06, 0xb3, 0x0c, 0x61, 0x23, 0x36, 0xc1,
    0x2c, 0x41, 0xda, 0x0c, 0x37, 0xd0, 0x01, 0x3e, 0x0a, 0x60, 0x30, 0xcb,
    0x30, 0x36, 0x64, 0x13, 0xcc, 0x12, 0xa0, 0xcd, 0x70, 0x43, 0x1d, 0xf0,
    0xa3, 0x00, 0x06, 0xb3, 0x0c, 0x65, 0x63, 0x36, 0xc1, 0x2c, 0xc1, 0xd9,
    0xcc, 0x12, 0x9c, 0xcd, 0x40, 0x85, 0x01, 0x95, 0x8d, 0x63, 0x36, 0xb3,
    0x04, 0x68, 0x33, 0x50, 0x61, 0x50, 0x63, 0x23, 0x9c, 0xcd, 0x2c, 0x41,
    0xda, 0x0c, 0x54, 0x18, 0x58, 0xd8, 0x08, 0x68, 0x43, 0x23, 0x28, 0x00,
    0x80, 0x48, 0x50, 0x00, 0xc0, 0x2c, 0x81, 0xda, 0x0c, 0x54, 0x18, 0x46,
    0xda, 0x60, 0x3f, 0x33, 0xdc, 0xc0, 0x07, 0x27, 0x29, 0x98, 0xc1, 0x2c,
    0xc3, 0xda, 0xd0, 0x4d, 0x30, 0xdc, 0xd0, 0x07, 0x20, 0x29, 0xa0, 0xc1,
    0x2c, 0x03, 0xdb, 0xd0, 0x4d, 0x30, 0xdc, 0xe0, 0x07, 0x2a, 0x29, 0xa4,
    0xc1, 0x2c, 0x43, 0xdb, 0xb8, 0x4d, 0x40, 0x29, 0x28, 0x00, 0x60, 0x96,
    0xc0, 0x6d, 0x06, 0x2a, 0x0c, 0x1b, 0x24, 0xda, 0xc6, 0x0c, 0xd8, 0x66,
    0xb8, 0x21, 0x14, 0x4a, 0x52, 0x48, 0x83, 0x59, 0x86, 0xb7, 0x81, 0x9b,
    0x80, 0x58, 0x50, 0x00, 0xc0, 0x2c, 0x01, 0xdc, 0x0c, 0x54, 0x18, 0x3c,
    0x48, 0xbc, 0x8d, 0x1a, 0xb8, 0xcd, 0x70, 0x03, 0x29, 0xac, 0xa4, 0x90,
    0x06, 0xb3, 0x0c, 0x71, 0x33, 0x37, 0x41, 0xa5, 0x82, 0x3b, 0x0a, 0x3a,
    0xdc, 0x10, 0xc4, 0xa4, 0x00, 0x06, 0xb3, 0x0c, 0x72, 0x33, 0x37, 0x01,
    0xc5, 0xa0, 0x00, 0x80, 0x59, 0x82, 0xb9, 0x19, 0xe8, 0x30, 0xcc, 0x90,
    0x90, 0x1b, 0x2d, 0x6e, 0x34, 0xb8, 0x99, 0x25, 0xa0, 0x9b, 0x81, 0x0e,
    0x43, 0x9a, 0x1b, 0x3c, 0x58, 0x1b, 0x3c, 0x50, 0x9b, 0x81, 0x0e, 0xc3,
    0x99, 0x1b, 0x3c, 0x58, 0x1b, 0x3c, 0x50, 0x9b, 0x81, 0x0e, 0xc3, 0x98,
    0x1b, 0x30, 0x58, 0x1b, 0x30, 0x50, 0x9b, 0x59, 0x82, 0xba, 0x19, 0xa8,
    0x30, 0xe4, 0x22, 0x67, 0x40, 0x81, 0x6e, 0x06, 0x2a, 0x0c, 0xb9, 0xc8,
    0x19, 0x84, 0x6e, 0x06, 0x2a, 0x0c, 0xb9, 0xc8, 0x19, 0x84, 0x6e, 0x06,
    0x2a, 0x0c, 0x53, 0x24, 0x72, 0x06, 0xa1, 0x1b, 0xd2, 0x41, 0x01, 0x00,
    0xb4, 0x83, 0x02, 0x00, 0x88, 0x07, 0x05, 0x00, 0x50, 0x0f, 0x0a, 0x00,
    0x28, 0x74, 0xd3, 0x47, 0x81, 0xe8, 0x07, 0x05, 0x00, 0x10, 0x18, 0x0a,
    0x00, 0xa0, 0x30, 0x14, 0x00, 0x50, 0xec, 0xe6, 0x93, 0x82, 0xd2, 0x18,
    0x0a, 0x00, 0x20, 0x32, 0x14, 0x00, 0x30, 0xdc, 0x70, 0x9c, 0xa5, 0x00,
    0x06, 0xb3, 0x0c, 0x76, 0x73, 0x37, 0xc1, 0x2c, 0x81, 0xec, 0x0c, 0x37,
    0x20, 0x60, 0x29, 0x80, 0xc1, 0x2c, 0x03, 0xde, 0xe4, 0x4d, 0x30, 0x4b,
    0x20, 0x3b, 0xc3, 0x0d, 0x09, 0x59, 0x0a, 0x60, 0x30, 0xcb, 0xa0, 0x37,
    0x7b, 0x13, 0x8c, 0x18, 0x2c, 0x00, 0x08, 0x82, 0x01, 0x04, 0x97, 0x82,
    0x4a, 0x0a, 0x60, 0x1b, 0xfc, 0x6c, 0xe0, 0xb3, 0x01, 0xd8, 0x06, 0x3f,
    0x1b, 0xf8, 0x6c, 0x30, 0x62, 0x60, 0x00, 0x20, 0x08, 0x06, 0x12, 0x5c,
    0x0a, 0x29, 0x29, 0x04, 0x26, 0xb6, 0x41, 0x20, 0x1f, 0x13, 0xdb, 0x40,
    0x90, 0x8f, 0x89, 0x6d, 0x30, 0xc8, 0x87, 0xda, 0x50, 0x00, 0xc0, 0x88,
    0xc1, 0x02, 0x80, 0x20, 0x18, 0x40, 0x76, 0x29, 0xc0, 0xa4, 0x40, 0x0c,
    0x82, 0xcc, 0x06, 0x31, 0x1b, 0xc0, 0x6c, 0x60, 0x77, 0x28, 0x04, 0xf2,
    0xb1, 0x80, 0x66, 0x03, 0xf9, 0x98, 0x40, 0xb3, 0x81, 0x7c, 0x6c, 0xa0,
    0xd9, 0x40, 0x3e, 0x96, 0x0c, 0xf1, 0xb1, 0x64, 0x88, 0x8f, 0x25, 0x43,
    0x7c, 0xc8, 0x0e, 0x05, 0x00, 0xcc, 0x12, 0xc8, 0xce, 0x70, 0x43, 0x06,
    0x97, 0x02, 0x18, 0xcc, 0x32, 0xf0, 0x4d, 0xdf, 0x04, 0x23, 0x06, 0x0b,
    0x00, 0x82, 0x60, 0x00, 0x81, 0xa6, 0xa0, 0x93, 0x02, 0xdc, 0x06, 0x6f,
    0x1b, 0xb8, 0x6d, 0x00, 0xb7, 0xc1, 0xdb, 0x06, 0x6e, 0x1b, 0x8c, 0x18,
    0x18, 0x00, 0x08, 0x82, 0x81, 0x04, 0x9a, 0x42, 0x4e, 0x0a, 0x81, 0xc9,
    0x6d, 0x10, 0xc8, 0xc7, 0xe4, 0x36, 0x10, 0xe4, 0x63, 0x72, 0x1b, 0x0c,
    0xf2, 0xa1, 0x3e, 0x14, 0x00, 0x30, 0x62, 0xb0, 0x00, 0x20, 0x08, 0x06,
    0x90, 0x69, 0x0a, 0x60, 0x29, 0x10, 0x83, 0x20, 0xb6, 0x41, 0xd8, 0x06,
    0x60, 0x1b, 0xd8, 0x29, 0x0a, 0x81, 0x7c, 0x2c, 0x20, 0xdb, 0x40, 0x3e,
    0x26, 0x90, 0x6d, 0x20, 0x1f, 0x1b, 0xc8, 0x36, 0x90, 0x8f, 0x25, 0x43,
    0x7c, 0x2c, 0x19, 0xe2, 0x63, 0xc9, 0x10, 0x1f, 0x32, 0x45, 0x01, 0x00,
    0x46, 0xa0, 0xa2, 0x00, 0x1f, 0x23, 0x52, 0x51, 0x80, 0x8f, 0x11, 0xb3,
    0x28, 0xc0, 0xc7, 0x86, 0x41, 0x3e, 0x36, 0x0c, 0xf2, 0x31, 0x21, 0x80,
    0x8f, 0x11, 0x84, 0x7c, 0x4c, 0x08, 0xe0, 0x33, 0x62, 0x60, 0x00, 0x20,
    0x08, 0x06, 0x92, 0x6d, 0x0a, 0x6c, 0x29, 0x04, 0x16, 0xe0, 0xa2, 0x20,
    0x1f, 0x8a, 0x45, 0x01, 0x00, 0x23, 0x06, 0x07, 0x00, 0x82, 0x60, 0x40,
    0xe1, 0xa6, 0x30, 0x97, 0x82, 0x90, 0x8b, 0x82, 0x41, 0x01, 0x7d, 0x0c,
    0x12, 0xe8, 0x63, 0x82, 0x2f, 0x0a, 0xf0, 0x31, 0xe1, 0x17, 0x05, 0xf8,
    0xcc, 0x12, 0xc8, 0x0e, 0xdd, 0xa2, 0x00, 0x00, 0xc2, 0x45, 0x01, 0x00,
    0x94, 0x8b, 0x02, 0x00, 0x0a, 0x0f, 0x6c, 0x53, 0x50, 0xda, 0x45, 0x01,
    0x00, 0xc3, 0x0d, 0x82, 0x6f, 0x0a, 0x60, 0x30, 0xcb, 0xe0, 0x37, 0x7f,
    0x13, 0xcc, 0x12, 0xb0, 0xce, 0x70, 0xc3, 0x70, 0x9b, 0x02, 0x18, 0xcc,
    0x32, 0x80, 0x4e, 0xe8, 0x04, 0xb3, 0x04, 0xac, 0x33, 0xdc, 0x40, 0xec,
    0xa6, 0x00, 0x06, 0xb3, 0x0c, 0xa2, 0x33, 0x3a, 0xc1, 0x2c, 0x01, 0xeb,
    0x0c, 0x37, 0x14, 0xb8, 0x29, 0x80, 0xc1, 0x2c, 0x03, 0xe9, 0x94, 0x4e,
    0x30, 0x4b, 0xc0, 0x3a, 0xc3, 0x0d, 0x06, 0x6e, 0x0a, 0x60, 0x30, 0xcb,
    0x60, 0x3a, 0xa7, 0x13, 0xcc, 0x12, 0xb0, 0xce, 0x70, 0xc3, 0x01, 0x9e,
    0x02, 0x18, 0xcc, 0x32, 0xa0, 0x4e, 0xea, 0x04, 0xb3, 0x04, 0xac, 0x33,
    0xdc, 0x80, 0xf8, 0xa6, 0x00, 0x06, 0xb3, 0x0c, 0xaa, 0xb3, 0x3a, 0xc1,
    0x2c, 0x01, 0xeb, 0xcc, 0x12, 0xb0, 0xce, 0x40, 0x91, 0x41, 0x96, 0x84,
    0xdf, 0xa0, 0x25, 0x01, 0x3a, 0x6c, 0x49, 0x88, 0x0e, 0x5c, 0x12, 0xa4,
    0x43, 0x97, 0x84, 0xe9, 0xe0, 0x25, 0x81, 0x3a, 0x7c, 0x49, 0xa8, 0x0e,
    0x58, 0x12, 0xab, 0x33, 0x50, 0x64, 0x90, 0x25, 0xe1, 0x37, 0x68, 0x49,
    0x80, 0x0e, 0x5b, 0x12, 0xa2, 0x03, 0x97, 0x04, 0xe9, 0xd0, 0x25, 0x61,
    0x3a, 0x78, 0x49, 0xa0, 0x0e, 0x5f, 0x12, 0xaa, 0x03, 0x96, 0xc4, 0xea,
    0x50, 0x39, 0x0a, 0x00, 0x20, 0x73, 0x14, 0x00, 0x30, 0x4b, 0xd0, 0x3a,
    0xb3, 0x04, 0xae, 0x43, 0xe7, 0x28, 0x00, 0x60, 0x96, 0xe0, 0x75, 0x66,
    0x09, 0x60, 0x87, 0xd0, 0x51, 0x00, 0xc0, 0x2c, 0x41, 0xec, 0xcc, 0x12,
    0xc8, 0xce, 0x40, 0x8b, 0xa1, 0xf3, 0x82, 0xdd, 0x88, 0xbe, 0x80, 0x37,
    0xec, 0xa0, 0x37, 0x68, 0xc0, 0x37, 0x4c, 0xec, 0x0c, 0xb4, 0x18, 0x3a,
    0x2f, 0xd8, 0x8d, 0xe8, 0x0b, 0x78, 0xc3, 0x0e, 0x7a, 0x83, 0x06, 0x7c,
    0xc3, 0xc4, 0xce, 0x40, 0x8b, 0xa1, 0xf3, 0x82, 0xdd, 0x88, 0xbe, 0x80,
    0x37, 0xec, 0xa0, 0x37, 0xb8, 0x49, 0xf0, 0x0d, 0x6e, 0x12, 0xb1, 0x43,
    0xec, 0x28, 0x00, 0x80, 0xda, 0x51, 0x00, 0xc0, 0x88, 0xc1, 0x01, 0x80,
    0x20, 0x18, 0x64, 0xf3, 0x29, 0xc8, 0xa6, 0xd0, 0x8e, 0x82, 0x5e, 0x0a,
    0xa3, 0x09, 0x81, 0x40, 0xf0, 0x28, 0x00, 0x80, 0xe2, 0x51, 0x00, 0xc0,
    0x0d, 0x00, 0xd1, 0x3c, 0x0a, 0x00, 0x20, 0x7a, 0x14, 0x00, 0x30, 0xdc,
    0x30, 0xd8, 0xa7, 0x00, 0x06, 0xb3, 0x0c, 0xb3, 0x43, 0x3b, 0xc1, 0x2c,
    0xc1, 0xfb, 0x14, 0x11, 0x9b, 0x82, 0xd2, 0x3d, 0x0a, 0x00, 0x18, 0x6e,
    0x10, 0xf4, 0x53, 0x38, 0x83, 0x59, 0x86, 0xda, 0xb1, 0x9d, 0x60, 0xb8,
    0x61, 0x90, 0x4f, 0x21, 0x0d, 0x66, 0x09, 0x6c, 0x67, 0xa0, 0xa2, 0x53,
    0x51, 0x82, 0x76, 0x84, 0xda, 0xb9, 0x00, 0x08, 0xe2, 0x47, 0x01, 0x00,
    0xc3, 0x0d, 0x82, 0x7f, 0x0a, 0x61, 0x30, 0xcb, 0x70, 0x3b, 0xb8, 0x13,
    0x8c, 0x18, 0x1c, 0x00, 0x08, 0x82, 0x41, 0x36, 0xa2, 0x82, 0x78, 0x0a,
    0xfd, 0x28, 0xd4, 0xa4, 0x30, 0x9a, 0x10, 0x00, 0xa3, 0x09, 0x42, 0x30,
    0x9a, 0x30, 0x08, 0xa3, 0x09, 0xc4, 0x30, 0x62, 0x70, 0x00, 0x20, 0x08,
    0x06, 0x19, 0x8a, 0x0a, 0xe7, 0x29, 0x88, 0xa4, 0x90, 0x93, 0xc2, 0x68,
    0x42, 0x00, 0x8c, 0x26, 0x08, 0xc1, 0x68, 0xc2, 0x20, 0x8c, 0x26, 0x10,
    0xc3, 0x88, 0xc1, 0x01, 0x80, 0x20, 0x18, 0x64, 0x2d, 0x2a, 0xb0, 0xa7,
    0x70, 0x92, 0x42, 0x4f, 0x0a, 0xa3, 0x09, 0x01, 0x30, 0x9a, 0x20, 0x04,
    0xa3, 0x09, 0x83, 0x30, 0x9a, 0x40, 0x0c, 0x23, 0x06, 0x07, 0x00, 0x82,
    0x60, 0x90, 0xc9, 0xa8, 0x10, 0x9f, 0x02, 0x4b, 0x0a, 0x61, 0x29, 0x8c,
    0x26, 0x04, 0xc0, 0x68, 0x82, 0x10, 0x8c, 0x26, 0x0c, 0xc2, 0x68, 0x02,
    0x31, 0xd8, 0x94, 0x06, 0xf2, 0x19, 0x31, 0x40, 0x00, 0x10, 0x04, 0x83,
    0xed, 0x46, 0x05, 0xfc, 0x14, 0x9e, 0x34, 0x08, 0x46, 0x0c, 0x10, 0x00,
    0x04, 0xc1, 0x60, 0xc3, 0x51, 0x21, 0x3f, 0x85, 0x25, 0x0d, 0x82, 0x11,
    0x03, 0x04, 0x00, 0x41, 0x30, 0xd8, 0x72, 0x54, 0xd0, 0x4f, 0xe1, 0xf8,
    0x49, 0x21, 0x30, 0xab, 0x0d, 0xe4, 0x33, 0x62, 0x80, 0x00, 0x20, 0x08,
    0x06, 0xdb, 0x8e, 0x0a, 0xfc, 0x29, 0x48, 0x6d, 0x10, 0x8c, 0x18, 0x20,
    0x00, 0x08, 0x82, 0xc1, 0xc6, 0xa3, 0x42, 0x7f, 0x0a, 0x4e, 0x1b, 0x04,
    0x23, 0x06, 0x08, 0x00, 0x82, 0x60, 0xb0, 0xf5, 0xa8, 0xe0, 0x9f, 0x82,
    0x32, 0x96, 0x42, 0x60, 0x59, 0x1c, 0xc8, 0x67, 0xc4, 0x00, 0x01, 0x40,
    0x10, 0x0c, 0xb6, 0x1f, 0x15, 0x40, 0x54, 0xa8, 0xe2, 0x20, 0x18, 0x31,
    0x40, 0x00, 0x10, 0x04, 0x83, 0x0d, 0x4c, 0x85, 0x10, 0x15, 0xa2, 0x38,
    0x08, 0x46, 0x0c, 0x10, 0x00, 0x04, 0xc1, 0x60, 0x0b, 0x53, 0x41, 0x44,
    0x85, 0xe6, 0x2c, 0x85, 0xc0, 0xb8, 0x3a, 0x90, 0xcf, 0x88, 0x01, 0x02,
    0x80, 0x20, 0x18, 0x6c, 0x63, 0x2a, 0x90, 0xa8, 0x80, 0xd5, 0x41, 0x30,
    0x62, 0x80, 0x00, 0x20, 0x08, 0x06, 0x1b, 0x99, 0x0a, 0x25, 0x2a, 0x50,
    0x75, 0x10, 0x8c, 0x18, 0x20, 0x00, 0x08, 0x82, 0xc1, 0x56, 0xa6, 0x82,
    0x89, 0x0a, 0xd0, 0x5a, 0x0a, 0xc1, 0x2c, 0x41, 0xee, 0xcc, 0x12, 0xe4,
    0xce, 0x40, 0x85, 0xa1, 0xdd, 0x8e, 0x3c, 0xe0, 0xce, 0x40, 0x85, 0x41,
    0xdd, 0x8e, 0x3c, 0xe0, 0xce, 0x40, 0x85, 0xe1, 0xdc, 0x8e, 0x3c, 0xe0,
    0xce, 0x40, 0x85, 0x81, 0xdc, 0x8e, 0xaf, 0x12, 0xb8, 0x43, 0x66, 0x29,
    0x00, 0xa0, 0xea, 0xc0, 0x44, 0x05, 0x1d, 0x6e, 0x08, 0xd2, 0x54, 0x08,
    0x83, 0x59, 0x06, 0xdd, 0x21, 0x9f, 0x60, 0xb8, 0x61, 0x0e, 0xd6, 0x54,
    0x00, 0x83, 0x59, 0x86, 0xdd, 0xe1, 0x9d, 0x60, 0x96, 0x60, 0x7c, 0x86,
    0x1b, 0xe8, 0x80, 0x4c, 0x05, 0x30, 0x98, 0x65, 0xe8, 0x1d, 0xdf, 0x09,
    0x66, 0x09, 0xc4, 0x67, 0xb8, 0xa1, 0x0e, 0xd0, 0x54, 0x00, 0x83, 0x59,
    0x86, 0xdf, 0x01, 0x9f, 0x60, 0x96, 0x20, 0x7c, 0x66, 0x09, 0xc2, 0x67,
    0xa0, 0xc2, 0x80, 0x7e, 0xc7, 0x01, 0x9f, 0x59, 0x02, 0xf1, 0x19, 0xa8,
    0x30, 0xa8, 0xde, 0x11, 0xc2, 0x67, 0x96, 0x60, 0x7c, 0x06, 0x2a, 0x0c,
    0x6c, 0x77, 0x04, 0xf1, 0xa1, 0xb7, 0x14, 0x00, 0x40, 0x70, 0x29, 0x00,
    0x60, 0x96, 0x80, 0x7c, 0x06, 0x2a, 0x0c, 0x63, 0x7c, 0xb0, 0xdc, 0x19,
    0x6e, 0xe0, 0x83, 0x39, 0x15, 0xcc, 0x60, 0x96, 0xa1, 0x7c, 0xdc, 0x27,
    0x18, 0x6e, 0xe8, 0x03, 0x36, 0x15, 0xd0, 0x60, 0x96, 0xc1, 0x7c, 0xdc,
    0x27, 0x18, 0x6e, 0xf0, 0x03, 0x3b, 0x15, 0xd2, 0x60, 0x96, 0xe1, 0x7c,
    0xd0, 0x27, 0xa0, 0xba, 0x14, 0x00, 0x30, 0x4b, 0x80, 0x3e, 0x03, 0x15,
    0x86, 0xbb, 0x12, 0xe7, 0x63, 0x06, 0xe6, 0x33, 0xdc, 0x10, 0x0a, 0x71,
    0x2a, 0xa4, 0xc1, 0x2c, 0x43, 0xfa, 0xa8, 0x4f, 0x40, 0x78, 0x29, 0x00,
    0x60, 0x96, 0x40, 0x7d, 0x06, 0x2a, 0x0c, 0x7a, 0x25, 0xd2, 0x47, 0x0d,
    0xd0, 0x67, 0xb8, 0x81, 0x14, 0xee, 0x54, 0x48, 0x83, 0x59, 0x86, 0xf5,
    0x69, 0x9f, 0xa0, 0x52, 0x41, 0x47, 0x05, 0x1d, 0x6e, 0x08, 0xfa, 0x54,
    0x00, 0x83, 0x59, 0x06, 0xf6, 0x69, 0x9f, 0x80, 0xfa, 0x52, 0x00, 0xc0,
    0x2c, 0x41, 0xfb, 0x0c, 0x74, 0x18, 0xfe, 0x4a, 0xb0, 0x8f, 0xb6, 0x3e,
    0x9a, 0xfa, 0xcc, 0x12, 0xb8, 0xcf, 0x40, 0x87, 0x21, 0xb5, 0x0f, 0x1e,
    0x94, 0x0f, 0x1e, 0x90, 0xcf, 0x40, 0x87, 0xe1, 0xb4, 0x0f, 0x1e, 0x94,
    0x0f, 0x1e, 0x90, 0xcf, 0x40, 0x87, 0x61, 0xb4, 0x0f, 0x18, 0x94, 0x0f,
    0x18, 0x90, 0xcf, 0x2c, 0xc1, 0xfb, 0x0c, 0x54, 0x18, 0x72, 0x31, 0x3b,
    0xa0, 0xe0, 0x3e, 0x03, 0x15, 0x86, 0x5c, 0xcc, 0x0e, 0xe2, 0x3e, 0x03,
    0x15, 0x86, 0x5c, 0xcc, 0x0e, 0xe2, 0x3e, 0x03, 0x15, 0x86, 0xcf, 0x12,
    0xb3, 0x83, 0xb8, 0x0f, 0x99, 0xa6, 0x00, 0x00, 0x3a, 0x4d, 0x01, 0x00,
    0x84, 0x9a, 0x02, 0x00, 0x28, 0x35, 0x05, 0x00, 0x14, 0x0c, 0x06, 0x66,
    0x2a, 0x10, 0xad, 0xa6, 0x00, 0x00, 0x62, 0x4d, 0x01, 0x00, 0xd4, 0x9a,
    0x02, 0x00, 0x8a, 0x06, 0x03, 0x55, 0x15, 0x94, 0x5e, 0x53, 0x00, 0x00,
    0xc1, 0xa6, 0x00, 0x80, 0xe1, 0x86, 0x63, 0x56, 0x05, 0x30, 0x98, 0x65,
    0x80, 0x9f, 0xf8, 0x09, 0x66, 0x09, 0x58, 0x68, 0xb8, 0x01, 0x61, 0x55,
    0x01, 0x0c, 0x66, 0x19, 0xe4, 0x67, 0x7e, 0x82, 0x59, 0x02, 0x16, 0x1a,
    0x6e, 0x48, 0x60, 0x55, 0x00, 0x83, 0x59, 0x06, 0xfa, 0xa9, 0x9f, 0x60,
    0xc4, 0x60, 0x01, 0x40, 0x10, 0x0c, 0x20, 0x5e, 0x15, 0xec, 0x54, 0x60,
    0xe5, 0x60, 0x95, 0x03, 0x55, 0x0e, 0x58, 0x39, 0x58, 0xe5, 0x40, 0x95,
    0x83, 0x11, 0x03, 0x03, 0x00, 0x41, 0x30, 0x90, 0x78, 0x55, 0xa8, 0x53,
    0x21, 0x30, 0x57, 0x0e, 0x02, 0xf9, 0x98, 0x2b, 0x07, 0x82, 0x7c, 0xcc,
    0x95, 0x83, 0x41, 0x3e, 0x94, 0x9b, 0x02, 0x00, 0x46, 0x0c, 0x16, 0x00,
    0x04, 0xc1, 0x00, 0x12, 0x57, 0x81, 0x4f, 0x05, 0x62, 0x10, 0xfc, 0x38,
    0xe8, 0xe3, 0x80, 0x8f, 0x03, 0x1b, 0x4f, 0x21, 0x90, 0x8f, 0x05, 0xa0,
    0x1c, 0xc8, 0xc7, 0x04, 0x50, 0x0e, 0xe4, 0x63, 0x03, 0x28, 0x07, 0xf2,
    0xb1, 0x64, 0x88, 0x8f, 0x25, 0x43, 0x7c, 0x2c, 0x19, 0xe2, 0x43, 0xe2,
    0x29, 0x00, 0x60, 0x96, 0x80, 0x85, 0x86, 0x1b, 0x32, 0x5e, 0x15, 0xc0,
    0x60, 0x96, 0xc1, 0x7e, 0xee, 0x27, 0x18, 0x31, 0x58, 0x00, 0x10, 0x04,
    0x03, 0x88, 0x5d, 0x05, 0x53, 0x15, 0x78, 0x39, 0xd8, 0xe5, 0x40, 0x97,
    0x03, 0x5e, 0x0e, 0x76, 0x39, 0xd0, 0xe5, 0x60, 0xc4, 0xc0, 0x00, 0x40,
    0x10, 0x0c, 0x24, 0x76, 0x15, 0x4a, 0x55, 0x08, 0xcc, 0x97, 0x83, 0x40,
    0x3e, 0xe6, 0xcb, 0x81, 0x20, 0x1f, 0xf3, 0xe5, 0x60, 0x90, 0x0f, 0xa5,
    0xa7, 0x00, 0x80, 0x11, 0x83, 0x05, 0x00, 0x41, 0x30, 0x80, 0xe4, 0x55,
    0x60, 0x55, 0x81, 0x18, 0x04, 0x57, 0x0e, 0x5a, 0x39, 0x60, 0xe5, 0xc0,
    0xe6, 0x53, 0x08, 0xe4, 0x63, 0x01, 0x2c, 0x07, 0xf2, 0x31, 0x01, 0x96,
    0x03, 0xf9, 0xd8, 0x00, 0xcb, 0x81, 0x7c, 0x2c, 0x19, 0xe2, 0x63, 0xc9,
    0x10, 0x1f, 0x4b, 0x86, 0xf8, 0x90, 0x7c, 0x0a, 0x00, 0x30, 0x82, 0x3e,
    0x05, 0xf8, 0x18, 0x51, 0x9f, 0x02, 0x7c, 0x8c, 0xf8, 0x4f, 0x01, 0x3e,
    0x36, 0x0c, 0xf2, 0xb1, 0x61, 0x90, 0x8f, 0x09, 0x01, 0x7c, 0x8c, 0x20,
    0xe4, 0x63, 0x42, 0x00, 0x9f, 0x11, 0x03, 0x03, 0x00, 0x41, 0x30, 0x90,
    0x44, 0x56, 0xc0, 0x55, 0x21, 0xb0, 0x80, 0x44, 0x05, 0xf9, 0x50, 0x7f,
    0x0a, 0x00, 0x18, 0x31, 0x38, 0x00, 0x10, 0x04, 0x03, 0x8a, 0x64, 0x85,
    0x5f, 0x15, 0x84, 0x12, 0x15, 0x0c, 0x0a, 0xe8, 0x63, 0x90, 0x40, 0x1f,
    0x13, 0x54, 0x54, 0x80, 0x8f, 0x09, 0x2b, 0x2a, 0xc0, 0x67, 0x96, 0x80,
    0x85, 0x68, 0x44, 0x05, 0x00, 0x10, 0x89, 0x0a, 0x00, 0xa0, 0x12, 0x15,
    0x00, 0x50, 0x78, 0x20, 0xb2, 0x82, 0xd2, 0x89, 0x0a, 0x00, 0x18, 0x6e,
    0x10, 0x54, 0x56, 0x00, 0x83, 0x59, 0x06, 0xfc, 0xc9, 0x9f, 0x60, 0x96,
    0xc0, 0x84, 0x86, 0x1b, 0x86, 0x91, 0x15, 0xc0, 0x60, 0x96, 0x41, 0x7f,
    0xf6, 0x27, 0x98, 0x25, 0x30, 0xa1, 0xe1, 0x06, 0xe2, 0x64, 0x05, 0x30,
    0x98, 0x65, 0xe0, 0x9f, 0xfe, 0x09, 0x66, 0x09, 0x4c, 0x68, 0xb8, 0xa1,
    0x20, 0x59, 0x01, 0x0c, 0x66, 0x19, 0xfc, 0xe7, 0x7f, 0x82, 0x59, 0x02,
    0x13, 0x1a, 0x6e, 0x30, 0x48, 0x56, 0x00, 0x83, 0x59, 0x06, 0x10, 0x0a,
    0xa1, 0x60, 0x96, 0xc0, 0x84, 0x86, 0x1b, 0x0e, 0x96, 0x15, 0xc0, 0x60,
    0x96, 0x41, 0x84, 0x46, 0x28, 0x98, 0x25, 0x30, 0xa1, 0xe1, 0x06, 0x44,
    0x65, 0x05, 0x30, 0x98, 0x65, 0x20, 0xa1, 0x12, 0x0a, 0x66, 0x09, 0x4c,
    0x68, 0x96, 0xc0, 0x84, 0x06, 0x8a, 0x0c, 0xfe, 0x25, 0xf0, 0x07, 0x84,
    0x09, 0xfd, 0x21, 0x61, 0x82, 0x7f, 0x50, 0x98, 0xf0, 0x1f, 0x16, 0x26,
    0x40, 0x08, 0x86, 0x09, 0x11, 0xa2, 0x61, 0x82, 0x84, 0xf0, 0x97, 0x28,
    0xa1, 0x81, 0x22, 0x83, 0x7f, 0x09, 0xfc, 0x01, 0x61, 0x42, 0x7f, 0x48,
    0x98, 0xe0, 0x1f, 0x14, 0x26, 0xfc, 0x87, 0x85, 0x09, 0x10, 0x82, 0x61,
    0x42, 0x84, 0x68, 0x98, 0x20, 0x21, 0xfc, 0x25, 0x4a, 0x88, 0x62, 0x54,
    0x00, 0x00, 0xc9, 0xa8, 0x00, 0x80, 0x59, 0x82, 0x13, 0x9a, 0x25, 0x40,
    0x21, 0x9a, 0x51, 0x01, 0x00, 0xb3, 0x04, 0x29, 0x34, 0x4b, 0xa0, 0x42,
    0x44, 0xa3, 0x02, 0x00, 0x66, 0x09, 0x56, 0x68, 0x96, 0x80, 0x85, 0x06,
    0x5a, 0x0c, 0xf9, 0x1c, 0xe0, 0x47, 0x47, 0x07, 0xf9, 0x61, 0x07, 0xfa,
    0x41, 0x03, 0xfb, 0x61, 0x56, 0x68, 0xa0, 0xc5, 0x90, 0xcf, 0x01, 0x7e,
    0x74, 0x74, 0x90, 0x1f, 0x76, 0xa0, 0x1f, 0x34, 0xb0, 0x1f, 0x66, 0x85,
    0x06, 0x5a, 0x0c, 0xf9, 0x1c, 0xe0, 0x47, 0x47, 0x07, 0xf9, 0x61, 0x07,
    0xfa, 0x81, 0x63, 0xc2, 0x7e, 0xe0, 0x98, 0x58, 0x21, 0xc2, 0x51, 0x01,
    0x00, 0x94, 0xa3, 0x02, 0x00, 0x46, 0x0c, 0x0e, 0x00, 0x04, 0xc1, 0x20,
    0xfb, 0x59, 0xc1, 0x5f, 0x85, 0x1c, 0x15, 0xca, 0x55, 0x18, 0x4d, 0x08,
    0x04, 0xe2, 0x51, 0x01, 0x00, 0xd4, 0xa3, 0x02, 0x00, 0x6e, 0x00, 0x88,
    0x7e, 0x54, 0x00, 0x00, 0x81, 0xa9, 0x00, 0x80, 0xe1, 0x86, 0x41, 0x6c,
    0x05, 0x30, 0x98, 0x65, 0x68, 0x21, 0x17, 0x0a, 0x66, 0x09, 0xd2, 0xa8,
    0x88, 0x7e, 0x15, 0x94, 0xc6, 0x54, 0x00, 0xc0, 0x70, 0x83, 0x60, 0xb6,
    0xc2, 0x19, 0xcc, 0x32, 0xbc, 0x10, 0x0c, 0x05, 0xc3, 0x0d, 0x83, 0xcf,
    0x0a, 0x69, 0x30, 0x4b, 0x00, 0x43, 0x03, 0x15, 0x9d, 0x38, 0x13, 0x2e,
    0x24, 0xbc, 0xd0, 0x05, 0x40, 0x10, 0x9a, 0x0a, 0x00, 0x18, 0x6e, 0x10,
    0xd4, 0x56, 0x08, 0x83, 0x59, 0x86, 0x18, 0x92, 0xa1, 0x60, 0xc4, 0xe0,
    0x00, 0x40, 0x10, 0x0c, 0xb2, 0xb7, 0x15, 0x5c, 0x56, 0x48, 0x53, 0xa1,
    0x4f, 0x85, 0xd1, 0x84, 0x00, 0x18, 0x4d, 0x10, 0x82, 0xd1, 0x84, 0x41,
    0x18, 0x4d, 0x20, 0x86, 0x11, 0x83, 0x03, 0x00, 0x41, 0x30, 0xc8, 0xe8,
    0x56, 0x98, 0x59, 0xc1, 0x4d, 0x85, 0x50, 0x15, 0x46, 0x13, 0x02, 0x60,
    0x34, 0x41, 0x08, 0x46, 0x13, 0x06, 0x61, 0x34, 0x81, 0x18, 0x46, 0x0c,
    0x0e, 0x00, 0x04, 0xc1, 0x20, 0xcb, 0x5b, 0x01, 0x67, 0x85, 0x39, 0x15,
    0x4a, 0x55, 0x18, 0x4d, 0x08, 0x80, 0xd1, 0x04, 0x21, 0x18, 0x4d, 0x18,
    0x84, 0xd1, 0x04, 0x62, 0x18, 0x31, 0x38, 0x00, 0x10, 0x04, 0x83, 0xcc,
    0x6f, 0x85, 0x9e, 0x15, 0xf0, 0x54, 0x48, 0x55, 0x61, 0x34, 0x21, 0x00,
    0x46, 0x13, 0x84, 0x60, 0x34, 0x61, 0x10, 0x46, 0x13, 0x88, 0xc1, 0xa6,
    0x34, 0x90, 0xcf, 0x88, 0x01, 0x02, 0x80, 0x20, 0x18, 0x6c, 0xa3, 0x2b,
    0x90, 0xad, 0xf0, 0xa4, 0x41, 0x30, 0x62, 0x80, 0x00, 0x20, 0x08, 0x06,
    0x1b, 0xe9, 0x0a, 0x65, 0x2b, 0x2c, 0x69, 0x10, 0x8c, 0x18, 0x20, 0x00,
    0x08, 0x82, 0xc1, 0x56, 0xba, 0x82, 0xd9, 0x0a, 0xc7, 0xaa, 0x0a, 0x81,
    0x59, 0x6d, 0x20, 0x9f, 0x11, 0x03, 0x04, 0x00, 0x41, 0x30, 0xd8, 0x4e,
    0x57, 0x40, 0x5b, 0x41, 0x6a, 0x83, 0x60, 0xc4, 0x00, 0x01, 0x40, 0x10,
    0x0c, 0x36, 0xd4, 0x15, 0xd2, 0x56, 0x70, 0xda, 0x20, 0x18, 0x31, 0x40,
    0x00, 0x10, 0x04, 0x83, 0x2d, 0x75, 0x05, 0xb5, 0x15, 0x94, 0x57, 0x15,
    0x02, 0xcb, 0xe2, 0x40, 0x3e, 0x23, 0x06, 0x08, 0x00, 0x82, 0x60, 0xb0,
    0xad, 0xae, 0xc0, 0xb6, 0x42, 0x15, 0x07, 0xc1, 0x88, 0x01, 0x02, 0x80,
    0x20, 0x18, 0x6c, 0xac, 0x2b, 0xb4, 0xad, 0x10, 0xc5, 0x41, 0x30, 0x62,
    0x80, 0x00, 0x20, 0x08, 0x06, 0x5b, 0xeb, 0x0a, 0x6e, 0x2b, 0x34, 0xb3,
    0x2a, 0x04, 0xc6, 0xd5, 0x81, 0x7c, 0x46, 0x0c, 0x10, 0x00, 0x04, 0xc1,
    0x60, 0x7b, 0x5d, 0x01, 0x6e, 0x05, 0xac, 0x0e, 0x82, 0x11, 0x03, 0x04,
    0x00, 0x41, 0x30, 0xd8, 0x60, 0x57, 0x88, 0x5b, 0x81, 0xaa, 0x83, 0x60,
    0xc4, 0x00, 0x01, 0x40, 0x10, 0x0c, 0xb6, 0xd8, 0x15, 0xe4, 0x56, 0x80,
    0x6e, 0x55, 0x08, 0x66, 0x09, 0x66, 0x68, 0x96, 0x60, 0x86, 0x06, 0x2a,
    0x0c, 0x2d, 0x86, 0xe4, 0x41, 0x86, 0x06, 0x2a, 0x0c, 0x2a, 0x86, 0xe4,
    0x41, 0x86, 0x06, 0x2a, 0x0c, 0x27, 0x86, 0xe4, 0x41, 0x86, 0x06, 0x2a,
    0x0c, 0x24, 0x86, 0xec, 0x9a, 0x90, 0x21, 0x92, 0x55, 0x01, 0x00, 0x55,
    0x07, 0x72, 0x2b, 0xe8, 0x70, 0x43, 0x50, 0xbb, 0x42, 0x18, 0xcc, 0x32,
    0xd0, 0x90, 0x0f, 0x05, 0xc3, 0x0d, 0x73, 0x70, 0xbb, 0x02, 0x18, 0xcc,
    0x32, 0xd4, 0x90, 0x0d, 0x05, 0xb3, 0x04, 0x3d, 0x34, 0xdc, 0x40, 0x07,
    0xb0, 0x2b, 0x80, 0xc1, 0x2c, 0xc3, 0x0d, 0xe1, 0x50, 0x30, 0x4b, 0xc0,
    0x43, 0xc3, 0x0d, 0x75, 0x40, 0xbb, 0x02, 0x18, 0xcc, 0x32, 0xe4, 0x90,
    0x0e, 0x05, 0xb3, 0x04, 0x3b, 0x34, 0x4b, 0xb0, 0x43, 0x03, 0x15, 0x06,
    0x94, 0x43, 0x8e, 0x0e, 0xcd, 0x12, 0xf0, 0xd0, 0x40, 0x85, 0x41, 0xdd,
    0x90, 0xb0, 0x43, 0xb3, 0x04, 0x3d, 0x34, 0x50, 0x61, 0x60, 0x35, 0x24,
    0xf0, 0x10, 0xed, 0xaa, 0x00, 0x00, 0xe2, 0x55, 0x01, 0x00, 0xb3, 0x04,
    0x3e, 0x34, 0x50, 0x61, 0x18, 0x3d, 0x84, 0xcd, 0xd0, 0x70, 0x03, 0x1f,
    0xfc, 0xae, 0x60, 0x06, 0xb3, 0x0c, 0x3f, 0x84, 0x46, 0xc1, 0x70, 0x43,
    0x1f, 0xe0, 0xae, 0x80, 0x06, 0xb3, 0x0c, 0x60, 0x84, 0x46, 0xc1, 0x70,
    0x83, 0x1f, 0x88, 0xaf, 0x90, 0x06, 0xb3, 0x0c, 0x61, 0x24, 0x46, 0x01,
    0x85, 0xab, 0x00, 0x80, 0x59, 0x02, 0x31, 0x1a, 0xa8, 0x30, 0x4c, 0x9b,
    0x08, 0x23, 0x33, 0x00, 0xa3, 0xe1, 0x86, 0x50, 0xe8, 0x5d, 0x21, 0x0d,
    0x66, 0x19, 0xc6, 0x88, 0x8c, 0x02, 0x22, 0x57, 0x01, 0x00, 0xb3, 0x04,
    0x64, 0x34, 0x50, 0x61, 0xb0, 0x36, 0x31, 0x46, 0x6a, 0x20, 0x46, 0xc3,
    0x0d, 0xa4, 0x30, 0xbe, 0x42, 0x1a, 0xcc, 0x32, 0x94, 0xd1, 0x19, 0x05,
    0x95, 0x0a, 0xa6, 0x2b, 0xe8, 0x70, 0x43, 0x90, 0xbe, 0x02, 0x18, 0xcc,
    0x32, 0x98, 0xd1, 0x19, 0x05, 0x94, 0xae, 0x02, 0x00, 0x66, 0x09, 0xce,
    0x68, 0xa0, 0xc3, 0xb0, 0x6d, 0xc2, 0x8c, 0xb4, 0x32, 0xd2, 0xc8, 0x68,
    0x96, 0x00, 0x8d, 0x06, 0x3a, 0x0c, 0xe9, 0x8c, 0xf0, 0xe0, 0x87, 0xf0,
    0xc0, 0x87, 0x06, 0x3a, 0x0c, 0xe7, 0x8c, 0xf0, 0xe0, 0x87, 0xf0, 0xc0,
    0x87, 0x06, 0x3a, 0x0c, 0xe3, 0x8c, 0xc0, 0xe0, 0x87, 0xc0, 0xc0, 0x87,
    0x66, 0x09, 0xd2, 0x68, 0xa0, 0xc2, 0x90, 0x8b, 0x16, 0x02, 0x05, 0x34,
    0x1a, 0xa8, 0x30, 0xe4, 0xa2, 0x85, 0x10, 0x34, 0x1a, 0xa8, 0x30, 0xe4,
    0xa2, 0x85, 0x10, 0x34, 0x1a, 0xa8, 0x30, 0xec, 0x9b, 0x68, 0x21, 0x04,
    0x8d, 0x48, 0x5e, 0x05, 0x00, 0xd0, 0xbc, 0x0a, 0x00, 0x20, 0x7a, 0x15,
    0x00, 0x40, 0xf5, 0x2a, 0x00, 0xa0, 0xf0, 0x32, 0x90, 0x5d, 0x81, 0xe8,
    0x5e, 0x05, 0x00, 0x10, 0xbe, 0x0a, 0x00, 0xa0, 0x7c, 0x15, 0x00, 0x50,
    0x7c, 0x19, 0xd8, 0xaf, 0xa0, 0xb4, 0xaf, 0x02, 0x00, 0x88, 0x5f, 0x05,
    0x00, 0x0c, 0x37, 0x1c, 0xff, 0x2b, 0x80, 0xc1, 0x2c, 0x83, 0x1a, 0xad,
    0x51, 0x30, 0x4b, 0x60, 0x4a, 0xc3, 0x0d, 0x08, 0xfe, 0x0a, 0x60, 0x30,
    0xcb, 0xc0, 0x46, 0x6d, 0x14, 0xcc, 0x12, 0x98, 0xd2, 0x70, 0x43, 0xc2,
    0xbf, 0x02, 0x18, 0xcc, 0x32, 0xb8, 0xd1, 0x1b, 0x05, 0x23, 0x06, 0x0b,
    0x00, 0x82, 0x60, 0x00, 0xa1, 0xb0, 0x20, 0xbe, 0x02, 0x7e, 0x07, 0xf7,
    0x1d, 0xd8, 0x77, 0x80, 0xdf, 0xc1, 0x7d, 0x07, 0xf6, 0x1d, 0x8c, 0x18,
    0x18, 0x00, 0x08, 0x82, 0x81, 0x84, 0xc2, 0x42, 0xf8, 0x0a, 0x81, 0xe9,
    0x77, 0x10, 0xc8, 0xc7, 0xf4, 0x3b, 0x10, 0xe4, 0x63, 0xfa, 0x1d, 0x0c,
    0xf2, 0xa1, 0x92, 0x15, 0x00, 0x30, 0x62, 0xb0, 0x00, 0x20, 0x08, 0x06,
    0x90, 0x0b, 0x0b, 0xe8, 0x2b, 0x10, 0x83, 0xa0, 0xde, 0x41, 0x7a, 0x07,
    0xe8, 0x1d, 0xd8, 0xcb, 0x0a, 0x81, 0x7c, 0x2c, 0x60, 0xef, 0x40, 0x3e,
    0x26, 0xb0, 0x77, 0x20, 0x1f, 0x1b, 0xd8, 0x3b, 0x90, 0x8f, 0x25, 0x43,
    0x7c, 0x2c, 0x19, 0xe2, 0x63, 0xc9, 0x10, 0x1f, 0x72, 0x59, 0x01, 0x00,
    0xb3, 0x04, 0xa6, 0x34, 0xdc, 0x90, 0xa1, 0xb0, 0x00, 0x06, 0xb3, 0x0c,
    0x70, 0x14, 0x47, 0xc1, 0x88, 0xc1, 0x02, 0x80, 0x20, 0x18, 0x40, 0x38,
    0x2c, 0xc8, 0xaf, 0x80, 0xe2, 0xc1, 0x89, 0x07, 0x26, 0x1e, 0xa0, 0x78,
    0x70, 0xe2, 0x81, 0x89, 0x07, 0x23, 0x06, 0x06, 0x00, 0x82, 0x60, 0x20,
    0xe1, 0xb0, 0x10, 0xbf, 0x42, 0x60, 0x2a, 0x1e, 0x04, 0xf2, 0x31, 0x15,
    0x0f, 0x04, 0xf9, 0x98, 0x8a, 0x07, 0x83, 0x7c, 0xa8, 0x66, 0x05, 0x00,
    0x8c, 0x18, 0x2c, 0x00, 0x08, 0x82, 0x01, 0xe4, 0xc3, 0x02, 0xfe, 0x0a,
    0xc4, 0x20, 0xe8, 0x77, 0x90, 0xdf, 0x01, 0x7e, 0x07, 0xf6, 0xb3, 0x42,
    0x20, 0x1f, 0x0b, 0xf8, 0x3b, 0x90, 0x8f, 0x09, 0xfc, 0x1d, 0xc8, 0xc7,
    0x06, 0xfe, 0x0e, 0xe4, 0x63, 0xc9, 0x10, 0x1f, 0x4b, 0x86, 0xf8, 0x58,
    0x32, 0xc4, 0x87, 0x7c, 0x56, 0x00, 0x80, 0x11, 0x60, 0x2b, 0xc0, 0xc7,
    0x88, 0xb0, 0x15, 0xe0, 0x63, 0xc4, 0xda, 0x0a, 0xf0, 0xb1, 0x61, 0x90,
    0x8f, 0x0d, 0x83, 0x7c, 0x4c, 0x08, 0xe0, 0x63, 0x04, 0x21, 0x1f, 0x13,
    0x02, 0xf8, 0x8c, 0x18, 0x18, 0x00, 0x08, 0x82, 0x81, 0xe4, 0xc6, 0x02,
    0x09, 0x0b, 0x81, 0x05, 0x70, 0x2b, 0xc8, 0x87, 0xd2, 0x56, 0x00, 0xc0,
    0x88, 0xc1, 0x01, 0x80, 0x20, 0x18, 0x50, 0x70, 0x2c, 0xac, 0xb0, 0x20,
    0xc4, 0xad, 0x60, 0x50, 0x40, 0x1f, 0x83, 0x04, 0xfa, 0x98, 0x60, 0xb7,
    0x02, 0x7c, 0x4c, 0xb8, 0x5b, 0x01, 0x3e, 0xb3, 0x04, 0xa6, 0x44, 0x6f,
    0x2b, 0x00, 0x80, 0xe0, 0x56, 0x00, 0x00, 0xc5, 0xad, 0x00, 0x80, 0xc2,
    0x03, 0x37, 0x16, 0x94, 0xe6, 0x56, 0x00, 0xc0, 0x70, 0x83, 0x60, 0xc7,
    0x02, 0x18, 0xcc, 0x32, 0xc8, 0xd1, 0x1c, 0x05, 0xb3, 0x04, 0xa0, 0x34,
    0xdc, 0x30, 0xbc, 0xb1, 0x00, 0x06, 0xb3, 0x0c, 0x74, 0x54, 0x47, 0xc1,
    0x2c, 0x01, 0x28, 0x0d, 0x37, 0x10, 0x73, 0x2c, 0x80, 0xc1, 0x2c, 0x83,
    0x1d, 0xdd, 0x51, 0x30, 0x4b, 0x00, 0x4a, 0xc3, 0x0d, 0x05, 0x1c, 0x0b,
    0x60, 0x30, 0xcb, 0x80, 0x47, 0x79, 0x14, 0xcc, 0x12, 0x80, 0xd2, 0x70,
    0x83, 0x01, 0xc7, 0x02, 0x18, 0xcc, 0x32, 0xe8, 0xd1, 0x1e, 0x05, 0xb3,
    0x04, 0xa0, 0x34, 0xdc, 0x70, 0xe0, 0xb1, 0x00, 0x06, 0xb3, 0x0c, 0x7c,
    0xd4, 0x47, 0xc1, 0x2c, 0x01, 0x28, 0x0d, 0x37, 0x20, 0x76, 0x2c, 0x80,
    0xc1, 0x2c, 0x83, 0x1f, 0xfd, 0x51, 0x30, 0x4b, 0x00, 0x4a, 0xb3, 0x04,
    0xa0, 0x34, 0x50, 0x64, 0xd0, 0x3a, 0x21, 0x47, 0xb8, 0x4e, 0xd0, 0x11,
    0xaf, 0x13, 0x76, 0x04, 0xee, 0x04, 0x1e, 0x91, 0x3b, 0xa1, 0x47, 0xe8,
    0x4e, 0xf0, 0x11, 0xbb, 0x13, 0x7e, 0x04, 0xeb, 0xc4, 0x1f, 0x0d, 0x14,
    0x19, 0xb4, 0x4e, 0xc8, 0x11, 0xae, 0x13, 0x74, 0xc4, 0xeb, 0x84, 0x1d,
    0x81, 0x3b, 0x81, 0x47, 0xe4, 0x4e, 0xe8, 0x11, 0xba, 0x13, 0x7c, 0xc4,
    0xee, 0x84, 0x1f, 0xc1, 0x3a, 0xf1, 0x47, 0xd4, 0xb7, 0x02, 0x00, 0xc8,
    0x6f, 0x05, 0x00, 0xcc, 0x12, 0x84, 0xd2, 0x2c, 0x81, 0x28, 0xd1, 0xdf,
    0x0a, 0x00, 0x98, 0x25, 0x18, 0xa5, 0x59, 0x02, 0x52, 0x22, 0xd0, 0x15,
    0x00, 0x30, 0x4b, 0x50, 0x4a, 0xb3, 0x04, 0xa6, 0x34, 0xd0, 0x62, 0xa8,
    0xf2, 0xa0, 0x46, 0xf2, 0x3c, 0xb0, 0x11, 0x3b, 0xb8, 0x11, 0x1a, 0xc0,
    0x11, 0x53, 0x4a, 0x03, 0x2d, 0x86, 0x2a, 0x0f, 0x6a, 0x24, 0xcf, 0x03,
    0x1b, 0xb1, 0x83, 0x1b, 0xa1, 0x01, 0x1c, 0x31, 0xa5, 0x34, 0xd0, 0x62,
    0xa8, 0xf2, 0xa0, 0x46, 0xf2, 0x3c, 0xb0, 0x11, 0x3b, 0xb8, 0x11, 0xca,
    0x13, 0x70, 0x84, 0xf2, 0x44, 0x29, 0x11, 0xe9, 0x0a, 0x00, 0xa0, 0xd2,
    0x15, 0x00, 0x30, 0x62, 0x70, 0x00, 0x20, 0x08, 0x06, 0xd9, 0x2a, 0x0b,
    0x6a, 0x2c, 0x94, 0xae, 0x00, 0xc3, 0xc2, 0x68, 0x42, 0x20, 0x10, 0xea,
    0x0a, 0x00, 0xa0, 0xd4, 0x15, 0x00, 0x70, 0x03, 0x40, 0xb4, 0xba, 0x02,
    0x00, 0x88, 0x75, 0x05, 0x00, 0x0c, 0x37, 0x0c, 0xae, 0x2c, 0x80, 0xc1,
    0x2c, 0xc3, 0x29, 0xa1, 0x52, 0x30, 0x4b, 0x30, 0x4e, 0x45, 0xa4, 0xb1,
    0xa0, 0xf4, 0xba, 0x02, 0x00, 0x86, 0x1b, 0x04, 0x59, 0x16, 0xce, 0x60,
    0x96, 0x21, 0x95, 0x54, 0x29, 0x18, 0x6e, 0x18, 0x54, 0x59, 0x48, 0x83,
    0x59, 0x02, 0x55, 0x1a, 0xa8, 0xe8, 0xf4, 0x9e, 0x40, 0x25, 0x21, 0x95,
    0x2e, 0x00, 0x82, 0x68, 0x57, 0x00, 0xc0, 0x70, 0x83, 0x60, 0xcb, 0x42,
    0x18, 0xcc, 0x32, 0xac, 0x12, 0x2b, 0x05, 0x23, 0x06, 0x07, 0x00, 0x82,
    0x60, 0x90, 0xed, 0xb2, 0xa0, 0xc7, 0x42, 0xed, 0x0a, 0xe5, 0x2b, 0x8c,
    0x26, 0x04, 0xc0, 0x68, 0x82, 0x10, 0x8c, 0x26, 0x0c, 0xc2, 0x68, 0x02,
    0x31, 0x8c, 0x18, 0x1c, 0x00, 0x08, 0x82, 0x41, 0x06, 0xce, 0xc2, 0x1f,
    0x0b, 0xba, 0x2b, 0xa4, 0xaf, 0x30, 0x9a, 0x10, 0x00, 0xa3, 0x09, 0x42,
    0x30, 0x9a, 0x30, 0x08, 0xa3, 0x09, 0xc4, 0x30, 0x62, 0x70, 0x00, 0x20,
    0x08, 0x06, 0x59, 0x39, 0x0b, 0xa4, 0x2c, 0xfc, 0xae, 0xd0, 0xbe, 0xc2,
    0x68, 0x42, 0x00, 0x8c, 0x26, 0x08, 0xc1, 0x68, 0xc2, 0x20, 0x8c, 0x26,
    0x10, 0xc3, 0x88, 0xc1, 0x01, 0x80, 0x20, 0x18, 0x64, 0xea, 0x2c, 0xa4,
    0xb2, 0x40, 0xbe, 0x42, 0xfc, 0x0a, 0xa3, 0x09, 0x01, 0x30, 0x9a, 0x20,
    0x04, 0xa3, 0x09, 0x83, 0x30, 0x9a, 0x40, 0x0c, 0x36, 0xa5, 0x81, 0x7c,
    0x46, 0x0c, 0x10, 0x00, 0x04, 0xc1, 0x60, 0x7b, 0x67, 0x01, 0x96, 0x85,
    0x27, 0x0d, 0x82, 0x11, 0x03, 0x04, 0x00, 0x41, 0x30, 0xd8, 0xe0, 0x59,
    0x88, 0x65, 0x61, 0x49, 0x83, 0x60, 0xc4, 0x00, 0x01, 0x40, 0x10, 0x0c,
    0xb6, 0x78, 0x16, 0x64, 0x59, 0x38, 0xee, 0x57, 0x08, 0xcc, 0x6a, 0x03,
    0xf9, 0x8c, 0x18, 0x20, 0x00, 0x08, 0x82, 0xc1, 0x36, 0xcf, 0x02, 0x2d,
    0x0b, 0x52, 0x1b, 0x04, 0x23, 0x06, 0x08, 0x00, 0x82, 0x60, 0xb0, 0xd1,
    0xb3, 0x50, 0xcb, 0x82, 0xd3, 0x06, 0xc1, 0x88, 0x01, 0x02, 0x80, 0x20,
    0x18, 0x6c, 0xf5, 0x2c, 0xd8, 0xb2, 0xa0, 0xec, 0xaf, 0x10, 0x58, 0x16,
    0x07, 0xf2, 0x19, 0x31, 0x40, 0x00, 0x10, 0x04, 0x83, 0xed, 0x9e, 0x05,
    0x5c, 0x16, 0xaa, 0x38, 0x08, 0x46, 0x0c, 0x10, 0x00, 0x04, 0xc1, 0x60,
    0xc3, 0x67, 0x21, 0x97, 0x85, 0x28, 0x0e, 0x82, 0x11, 0x03, 0x04, 0x00,
    0x41, 0x30, 0xd8, 0xf2, 0x59, 0xd0, 0x65, 0xa1, 0xf9, 0x5f, 0x21, 0x30,
    0xae, 0x0e, 0xe4, 0x33, 0x62, 0x80, 0x00, 0x20, 0x08, 0x06, 0xdb, 0x3e,
    0x0b, 0xbc, 0x2c, 0x60, 0x75, 0x10, 0x8c, 0x18, 0x20, 0x00, 0x08, 0x82,
    0xc1, 0xc6, 0xcf, 0x42, 0x2f, 0x0b, 0x54, 0x1d, 0x04, 0x23, 0x06, 0x08,
    0x00, 0x82, 0x60, 0xb0, 0xf5, 0xb3, 0xe0, 0xcb, 0x02, 0x34, 0xc2, 0x42,
    0x30, 0x4b, 0xd0, 0x4a, 0xb3, 0x04, 0xad, 0x34, 0x50, 0x61, 0x68, 0xab,
    0x24, 0x0f, 0xac, 0x34, 0x50, 0x61, 0x50, 0xab, 0x24, 0x0f, 0xac, 0x34,
    0x50, 0x61, 0x38, 0xab, 0x24, 0x0f, 0xac, 0x34, 0x50, 0x61, 0x20, 0xab,
    0xe4, 0x82, 0x05, 0x2b, 0x91, 0xff, 0x0a, 0x00, 0xa8, 0x3a, 0xf0, 0x65,
    0x41, 0x87, 0x1b, 0x82, 0x90, 0x16, 0xc2, 0x60, 0x96, 0xc1, 0x95, 0x70,
    0x29, 0x18, 0x6e, 0x98, 0x83, 0x91, 0x16, 0xc0, 0x60, 0x96, 0xe1, 0x95,
    0x60, 0x29, 0x98, 0x25, 0xb8, 0xa5, 0xe1, 0x06, 0x3a, 0xe0, 0x67, 0x01,
    0x0c, 0x66, 0x19, 0x62, 0x49, 0x96, 0x82, 0x59, 0x02, 0x5b, 0x1a, 0x6e,
    0xa8, 0x03, 0x90, 0x16, 0xc0, 0x60, 0x96, 0x61, 0x96, 0x68, 0x29, 0x98,
    0x25, 0xa8, 0xa5, 0x59, 0x82, 0x5a, 0x1a, 0xa8, 0x30, 0xa0, 0x59, 0x72,
    0x68, 0x69, 0x96, 0xc0, 0x96, 0x06, 0x2a, 0x0c, 0x2a, 0x96, 0x84, 0x5a,
    0x9a, 0x25, 0xb8, 0xa5, 0x81, 0x0a, 0x03, 0x7b, 0x25, 0xc1, 0x96, 0xe8,
    0x84, 0x05, 0x00, 0x10, 0x0a, 0x0b, 0x00, 0x98, 0x25, 0xc0, 0xa5, 0x81,
    0x0a, 0xc3, 0xb8, 0x25, 0xac, 0x95, 0x86, 0x1b, 0xf8, 0x60, 0xa5, 0x05,
    0x33, 0x98, 0x65, 0xc8, 0x25, 0x71, 0x0a, 0x86, 0x1b, 0xfa, 0x80, 0xa4,
    0x05, 0x34, 0x98, 0x65, 0xd0, 0x25, 0x71, 0x0a, 0x86, 0x1b, 0xfc, 0xc0,
    0xa5, 0x85, 0x34, 0x98, 0x65, 0xd8, 0x25, 0x5e, 0x0a, 0xa8, 0x85, 0x05,
    0x00, 0xcc, 0x12, 0xf0, 0xd2, 0x40, 0x85, 0xe1, 0x83, 0xc5, 0x2e, 0x99,
    0x81, 0x2e, 0x0d, 0x37, 0x84, 0x42, 0x4a, 0x0b, 0x69, 0x30, 0xcb, 0xd0,
    0x4b, 0xbe, 0x14, 0x10, 0x0c, 0x0b, 0x00, 0x98, 0x25, 0xf0, 0xa5, 0xe1,
    0x86, 0x51, 0x70, 0x69, 0x21, 0x0d, 0x66, 0x19, 0x7e, 0x29, 0x9c, 0x82,
    0x42, 0x85, 0x78, 0x16, 0x74, 0xb8, 0x21, 0xa0, 0x69, 0x01, 0x0c, 0x66,
    0x19, 0xc0, 0x29, 0x9c, 0x02, 0xa2, 0x61, 0x01, 0x00, 0xb3, 0x04, 0xe1,
    0x34, 0xd0, 0x61, 0xb0, 0x61, 0x01, 0x4e, 0xd8, 0x2f, 0x61, 0xbe, 0x34,
    0x4b, 0x20, 0x4e, 0x03, 0x1d, 0x06, 0x14, 0x4e, 0x76, 0x90, 0x4b, 0x76,
    0x80, 0x4b, 0x03, 0x1d, 0x06, 0x11, 0x4e, 0x5c, 0x2e, 0x71, 0xb8, 0x34,
    0x4b, 0x30, 0x4e, 0x03, 0x15, 0x86, 0x5b, 0x9c, 0x12, 0x1f, 0x88, 0xd3,
    0x40, 0x85, 0xe1, 0x16, 0xa7, 0x64, 0x88, 0xd3, 0x40, 0x85, 0x81, 0x8a,
    0xc5, 0x29, 0x19, 0xe2, 0x44, 0x3b, 0x2c, 0x00, 0x80, 0x78, 0x58, 0x00,
    0xc0, 0x88, 0xc1, 0x01, 0x80, 0x20, 0x18, 0x64, 0x62, 0x2d, 0x84, 0xb4,
    0xc0, 0xc3, 0x02, 0x3d, 0x0b, 0xa3, 0x09, 0x81, 0x30, 0x1c, 0x11, 0xa0,
    0xb1, 0x20, 0x7c, 0xc3, 0x0d, 0xc1, 0x1a, 0x0b, 0x61, 0x40, 0x61, 0x2c,
    0x00, 0xe0, 0x04, 0x20, 0x86, 0x1b, 0x02, 0xb2, 0x16, 0xc2, 0x80, 0xc8,
    0x58, 0x00, 0xc0, 0x2c, 0x03, 0x39, 0x95, 0x93, 0x60, 0x3d, 0x1f, 0xf4,
    0x7c, 0x20, 0x1f, 0xeb, 0xf9, 0xa0, 0xe7, 0x03, 0xf9, 0x98, 0x10, 0xc0,
    0xc7, 0x7c, 0x3e, 0xf0, 0xf9, 0x40, 0x3e, 0x26, 0x04, 0xf0, 0x19, 0x31,
    0x30, 0x00, 0x10, 0x04, 0x03, 0x29, 0xae, 0x85, 0x93, 0x16, 0x82, 0x59,
    0x02, 0x73, 0x1a, 0x31, 0x30, 0x00, 0x10, 0x04, 0x03, 0x49, 0xae, 0x05,
    0xb5, 0x16, 0xc2, 0x3e, 0x98, 0x25, 0x30, 0xa7, 0x81, 0x0a, 0x83, 0x20,
    0x27, 0xa1, 0x9c, 0xa8, 0x8d, 0x05, 0x00, 0x8c, 0x18, 0x1c, 0x00, 0x08,
    0x82, 0x41, 0x36, 0xd7, 0x82, 0x4c, 0x0b, 0x6d, 0x2c, 0xdc, 0xb3, 0x30,
    0x9a, 0x10, 0x00, 0xa3, 0x09, 0x42, 0x30, 0x9a, 0x30, 0x08, 0x23, 0x06,
    0x07, 0x00, 0x82, 0x60, 0x90, 0xdd, 0xb5, 0x60, 0xd3, 0x42, 0x1c, 0x0b,
    0xfb, 0x2c, 0x8c, 0x26, 0x04, 0x03, 0xd1, 0xb1, 0x00, 0x00, 0x13, 0xfc,
    0x58, 0x80, 0xcf, 0x05, 0x00, 0xd1, 0x1d, 0x0b, 0x00, 0x20, 0x3c, 0x16,
    0x00, 0x30, 0xdc, 0x30, 0xe8, 0xb5, 0x00, 0x06, 0xb3, 0x0c, 0xe7, 0x84,
    0x4e, 0xc1, 0x2c, 0xc1, 0x3b, 0x0d, 0x37, 0x10, 0x7c, 0x2d, 0x80, 0xc1,
    0x2c, 0x43, 0x3a, 0xa9, 0x53, 0x60, 0xca, 0x23, 0x1f, 0xe2, 0x63, 0x01,
    0x00, 0x36, 0xca, 0x82, 0x10, 0x1f, 0x13, 0x65, 0x21, 0x90, 0xcf, 0x88,
    0x81, 0x01, 0x80, 0x20, 0x18, 0x48, 0xa6, 0x2d, 0xd0, 0xb4, 0x10, 0x8c,
    0x18, 0x1c, 0x00, 0x08, 0x82, 0x01, 0x65, 0xda, 0x42, 0x58, 0x0b, 0x41,
    0x28, 0x0b, 0x23, 0x06, 0x07, 0x00, 0x82, 0x60, 0x40, 0x9d, 0xb6, 0xf0,
    0xd3, 0x42, 0xb0, 0xca, 0xc2, 0x2c, 0xc1, 0x3b, 0x0d, 0x37, 0x30, 0x7c,
    0x2d, 0x80, 0xc1, 0x2c, 0xc3, 0x3a, 0xb1, 0x53, 0x60, 0xd2, 0x25, 0x1f,
    0x22, 0x65, 0x01, 0x00, 0x26, 0x08, 0xf2, 0x31, 0x56, 0x16, 0x82, 0xf8,
    0xd8, 0x2a, 0x0b, 0x81, 0x7c, 0x46, 0x0c, 0x0c, 0x00, 0x04, 0xc1, 0x40,
    0x7a, 0x6d, 0xa1, 0xa7, 0x85, 0x60, 0xc4, 0xe0, 0x00, 0x40, 0x10, 0x0c,
    0xa8, 0xd7, 0x16, 0xd4, 0x5a, 0x08, 0x54, 0x59, 0x18, 0x31, 0x38, 0x00,
    0x10, 0x04, 0x03, 0x0a, 0xb6, 0x05, 0xb4, 0x16, 0x02, 0x5a, 0x16, 0x66,
    0x09, 0xde, 0xc9, 0x36, 0x2e, 0x3e, 0xc4, 0xca, 0x02, 0x00, 0x46, 0x0c,
    0x0c, 0x00, 0x04, 0xc1, 0x40, 0xa2, 0x6d, 0x81, 0xb5, 0x05, 0x61, 0x38,
    0x22, 0xa8, 0x65, 0x81, 0xf8, 0x66, 0x19, 0xda, 0xc9, 0x9d, 0x82, 0xe1,
    0x08, 0x02, 0x96, 0x05, 0xe2, 0x9b, 0x6e, 0x90, 0x65, 0xe1, 0x96, 0x85,
    0x80, 0x62, 0x59, 0x00, 0xc0, 0x2c, 0x81, 0x3b, 0x0d, 0x54, 0x18, 0x44,
    0x3b, 0x39, 0xec, 0x64, 0x63, 0x70, 0x06, 0xf1, 0xb1, 0x40, 0xa0, 0xcf,
    0x88, 0xc1, 0x01, 0x80, 0x20, 0x18, 0x50, 0xbb, 0x2d, 0xd8, 0xb5, 0x10,
    0xd8, 0xb2, 0x30, 0x62, 0x70, 0x00, 0x20, 0x08, 0x06, 0x14, 0x6f, 0x0b,
    0x74, 0x2d, 0x04, 0xe0, 0x2c, 0xcc, 0x12, 0xbc, 0xd3, 0x40, 0x89, 0x21,
    0x9a, 0xc5, 0x39, 0xb1, 0x41, 0x3a, 0x69, 0xeb, 0x24, 0xb8, 0x13, 0xe1,
    0xb2, 0x00, 0x00, 0xca, 0x65, 0x01, 0x00, 0xa4, 0xcb, 0x02, 0x00, 0x68,
    0x97, 0x05, 0x00, 0x10, 0x2f, 0x0b, 0x00, 0x18, 0x31, 0x48, 0x00, 0x10,
    0x04, 0x03, 0xe6, 0xbc, 0x85, 0xda, 0x16, 0x7c, 0x5b, 0xf0, 0x6d, 0x81,
    0xb5, 0x85, 0x5e, 0x14, 0x46, 0x0c, 0x12, 0x00, 0x04, 0xc1, 0x80, 0x39,
    0x6f, 0xa1, 0xb6, 0x05, 0xdf, 0x16, 0x7c, 0x5b, 0x30, 0x6d, 0x81, 0x17,
    0x85, 0x11, 0x83, 0x04, 0x00, 0x41, 0x30, 0x60, 0xce, 0x5b, 0xa8, 0x6d,
    0xc1, 0xb7, 0x05, 0xdf, 0x16, 0x4e, 0x5b, 0xd8, 0x45, 0x61, 0xc4, 0x20,
    0x01, 0x40, 0x10, 0x0c, 0x98, 0xf3, 0x16, 0x6a, 0x5b, 0xf0, 0x6d, 0xc1,
    0xb7, 0x85, 0xd5, 0x16, 0x74, 0x51, 0x18, 0x31, 0x48, 0x00, 0x10, 0x04,
    0x03, 0xe6, 0xbc, 0x85, 0xda, 0x16, 0x7e, 0x5b, 0xf0, 0x6d, 0x81, 0xb5,
    0x05, 0x56, 0x14, 0x46, 0x0c, 0x12, 0x00, 0x04, 0xc1, 0x80, 0x39, 0x6f,
    0xa1, 0xb6, 0x85, 0xdf, 0x16, 0x7c, 0x5b, 0x30, 0x6d, 0x21, 0x14, 0x85,
    0x11, 0x83, 0x04, 0x00, 0x41, 0x30, 0x60, 0xce, 0x5b, 0xa8, 0x6d, 0xe1,
    0xb7, 0x05, 0xdf, 0x16, 0x4e, 0x5b, 0xb0, 0x43, 0x61, 0xc4, 0x20, 0x01,
    0x40, 0x10, 0x0c, 0x98, 0xf3, 0x16, 0x6a, 0x5b, 0xf8, 0x6d, 0xc1, 0xb7,
    0x85, 0xd5, 0x16, 0xd6, 0x50, 0x18, 0x31, 0x48, 0x00, 0x10, 0x04, 0x03,
    0xe6, 0xbc, 0x85, 0xda, 0x16, 0x6e, 0x5b, 0xf0, 0x6d, 0x81, 0xb5, 0x05,
    0x30, 0x14, 0x46, 0x0c, 0x12, 0x00, 0x04, 0xc1, 0x80, 0x39, 0x6f, 0xa1,
    0xb6, 0x85, 0xdb, 0x16, 0x7c, 0x5b, 0x30, 0x6d, 0xa1, 0x06, 0x85, 0x11,
    0x83, 0x04, 0x00, 0x41, 0x30, 0x60, 0xce, 0x5b, 0xa8, 0x6d, 0xe1, 0xb6,
    0x05, 0xdf, 0x16, 0x4e, 0x5b, 0xf0, 0x65, 0x61, 0xc4, 0x20, 0x01, 0x40,
    0x10, 0x0c, 0x98, 0xf3, 0x16, 0x6a, 0x5b, 0xb8, 0x6d, 0xc1, 0xb7, 0x85,
    0xd5, 0x16, 0x7c, 0x59, 0x18, 0x31, 0x48, 0x00, 0x10, 0x04, 0x03, 0xe6,
    0xbc, 0x85, 0xda, 0x16, 0x74, 0x5b, 0xf0, 0x6d, 0x81, 0xb5, 0x85, 0xd1,
    0x0d, 0x46, 0x0c, 0x12, 0x00, 0x04, 0xc1, 0x80, 0x39, 0x6f, 0xa1, 0xb6,
    0x05, 0xdd, 0x16, 0x7c, 0x5b, 0x30, 0x6d, 0x41, 0x74, 0x83, 0x11, 0x83,
    0x04, 0x00, 0x41, 0x30, 0x60, 0xce, 0x5b, 0xa8, 0x6d, 0x41, 0xb7, 0x05,
    0xdf, 0x16, 0x4e, 0x5b, 0x08, 0xdd, 0x60, 0xc4, 0x20, 0x01, 0x40, 0x10,
    0x0c, 0x98, 0xf3, 0x16, 0x6a, 0x5b, 0xd0, 0x6d, 0xc1, 0xb7, 0x85, 0xd5,
    0x16, 0x40, 0x37, 0x18, 0x31, 0x48, 0x00, 0x10, 0x04, 0x03, 0xe6, 0xbc,
    0x85, 0xda, 0x16, 0x6c, 0x5b, 0xf0, 0x6d, 0x81, 0xb5, 0x05, 0xd3, 0x0d,
    0x46, 0x0c, 0x12, 0x00, 0x04, 0xc1, 0x80, 0x39, 0x6f, 0xa1, 0xb6, 0x05,
    0xdb, 0x16, 0x7c, 0x5b, 0x30, 0x6d, 0xa1, 0x74, 0x83, 0x11, 0x83, 0x04,
    0x00, 0x41, 0x30, 0x60, 0xce, 0x5b, 0xa8, 0x6d, 0xc1, 0xb6, 0x05, 0xdf,
    0x16, 0x4e, 0x5b, 0x20, 0xdd, 0x60, 0xc4, 0x20, 0x01, 0x40, 0x10, 0x0c,
    0x98, 0xf3, 0x16, 0x6a, 0x5b, 0xb0, 0x6d, 0xc1, 0xb7, 0x85, 0xd5, 0x16,
    0xf0, 0x58, 0x18, 0x31, 0x48, 0x00, 0x10, 0x04, 0x03, 0xe6, 0xbc, 0x85,
    0xda, 0x16, 0x6a, 0x5b, 0xf0, 0x6d, 0x81, 0xb5, 0x85, 0xd1, 0x0d, 0x46,
    0x0c, 0x12, 0x00, 0x04, 0xc1, 0x80, 0x39, 0x6f, 0xa1, 0xb6, 0x85, 0xda,
    0x16, 0x7c, 0x5b, 0x30, 0x6d, 0x41, 0x74, 0x83, 0x11, 0x83, 0x04, 0x00,
    0x41, 0x30, 0x60, 0xce, 0x5b, 0xa8, 0x6d, 0xa1, 0xb6, 0x05, 0xdf, 0x16,
    0x4e, 0x5b, 0x08, 0xdd, 0x60, 0xc4, 0x20, 0x01, 0x40, 0x10, 0x0c, 0x98,
    0xf3, 0x16, 0x6a, 0x5b, 0xa8, 0x6d, 0xc1, 0xb7, 0x85, 0xd5, 0x16, 0x40,
    0x37, 0x18, 0x31, 0x48, 0x00, 0x10, 0x04, 0x03, 0xe6, 0xbc, 0x85, 0xda,
    0x16, 0x78, 0x5b, 0xf0, 0x6d, 0x81, 0xb5, 0x05, 0xd3, 0x0d, 0x46, 0x0c,
    0x12, 0x00, 0x04, 0xc1, 0x80, 0x39, 0x6f, 0xa1, 0xb6, 0x05, 0xde, 0x16,
    0x7c, 0x5b, 0x30, 0x6d, 0xa1, 0x74, 0x83, 0x11, 0x83, 0x04, 0x00, 0x41,
    0x30, 0x60, 0xce, 0x5b, 0xa8, 0x6d, 0x81, 0xb7, 0x05, 0xdf, 0x16, 0x4e,
    0x5b, 0x20, 0xdd, 0x60, 0xc4, 0x20, 0x01, 0x40, 0x10, 0x0c, 0x98, 0xf3,
    0x16, 0x6a, 0x5b, 0xe0, 0x6d, 0xc1, 0xb7, 0x85, 0xd5, 0x16, 0xf0, 0x58,
    0x18, 0x31, 0x48, 0x00, 0x10, 0x04, 0x03, 0xe6, 0xbc, 0x85, 0xda, 0x16,
    0x72, 0x5b, 0xf0, 0x6d, 0x81, 0xb5, 0x05, 0x5f, 0x16, 0x46, 0x0c, 0x12,
    0x00, 0x04, 0xc1, 0x80, 0x39, 0x6f, 0xa1, 0xb6, 0x85, 0xdc, 0x16, 0x7c,
    0x5b, 0x30, 0x6d, 0xc1, 0x97, 0x85, 0x11, 0x83, 0x04, 0x00, 0x41, 0x30,
    0x60, 0xce, 0x5b, 0xa8, 0x6d, 0x21, 0xb7, 0x05, 0xdf, 0x16, 0x4e, 0x5b,
    0xf0, 0xfb, 0x60, 0xc4, 0x20, 0x01, 0x40, 0x10, 0x0c, 0x98, 0xf3, 0x16,
    0x6a, 0x5b, 0xc8, 0x6d, 0xc1, 0xb7, 0x85, 0xd5, 0x16, 0xce, 0x59, 0x18,
    0x31, 0x48, 0x00, 0x10, 0x04, 0x03, 0xe6, 0xbc, 0x85, 0xda, 0x16, 0x7a,
    0x5b, 0xf0, 0x6d, 0x81, 0xb5, 0x85, 0xfb, 0x0c, 0x46, 0x0c, 0x12, 0x00,
    0x04, 0xc1, 0x80, 0x39, 0x6f, 0xa1, 0xb6, 0x85, 0xde, 0x16, 0x7c, 0x5b,
    0x30, 0x6d, 0xc1, 0x3e, 0x83, 0x11, 0x83, 0x04, 0x00, 0x41, 0x30, 0x60,
    0xce, 0x5b, 0xa8, 0x6d, 0xa1, 0xb7, 0x05, 0xdf, 0x16, 0x4e, 0x5b, 0xa8,
    0xcf, 0x60, 0xc4, 0x20, 0x01, 0x40, 0x10, 0x0c, 0x98, 0xf3, 0x16, 0x6a,
    0x5b, 0xe8, 0x6d, 0xc1, 0xb7, 0x85, 0xd5, 0x16, 0xe8, 0x33, 0x18, 0x31,
    0x48, 0x00, 0x10, 0x04, 0x03, 0xe6, 0xbc, 0x85, 0xda, 0x16, 0x68, 0x5b,
    0xf0, 0x6d, 0x81, 0xb5, 0x85, 0x55, 0x0c, 0x46, 0x0c, 0x12, 0x00, 0x04,
    0xc1, 0x80, 0x39, 0x6f, 0xa1, 0xb6, 0x05, 0xda, 0x16, 0x7c, 0x5b, 0x30,
    0x6d, 0x41, 0x15, 0x83, 0x11, 0x83, 0x04, 0x00, 0x41, 0x30, 0x60, 0xce,
    0x5b, 0xa8, 0x6d, 0x81, 0xb6, 0x05, 0xdf, 0x16, 0x4e, 0x5b, 0x48, 0xc5,
    0x60, 0xc4, 0x20, 0x01, 0x40, 0x10, 0x0c, 0x98, 0xf3, 0x16, 0x6a, 0x5b,
    0xa0, 0x6d, 0xc1, 0xb7, 0x85, 0xd5, 0x16, 0x50, 0x31, 0x18, 0x31, 0x48,
    0x00, 0x10, 0x04, 0x03, 0xe6, 0xbc, 0x85, 0xda, 0x16, 0x66, 0x5b, 0xf0,
    0x6d, 0x81, 0xb5, 0x85, 0x9f, 0x1b, 0x31, 0x48, 0x00, 0x10, 0x04, 0x03,
    0xe6, 0xbc, 0x85, 0xda, 0x16, 0x66, 0x5b, 0xf0, 0x6d, 0xc1, 0xb4, 0x05,
    0x9f, 0x1b, 0x31, 0x48, 0x00, 0x10, 0x04, 0x03, 0xe6, 0xbc, 0x85, 0xda,
    0x16, 0x66, 0x5b, 0xf0, 0x6d, 0xe1, 0xb4, 0x85, 0x9e, 0x1b, 0x31, 0x48,
    0x00, 0x10, 0x04, 0x03, 0xe6, 0xbc, 0x85, 0xda, 0x16, 0x66, 0x5b, 0xf0,
    0x6d, 0x61, 0xb5, 0x05, 0x9e, 0x1b, 0x31, 0x48, 0x00, 0x10, 0x04, 0x03,
    0xe6, 0xbc, 0x85, 0xda, 0x16, 0x64, 0x5b, 0xf0, 0x6d, 0x81, 0xb5, 0x85,
    0xf9, 0x1a, 0x31, 0x48, 0x00, 0x10, 0x04, 0x03, 0xe6, 0xbc, 0x85, 0xda,
    0x16, 0x64, 0x5b, 0xf0, 0x6d, 0xc1, 0xb4, 0x05, 0xf9, 0x1a, 0x31, 0x48,
    0x00, 0x10, 0x04, 0x03, 0xe6, 0xbc, 0x85, 0xda, 0x16, 0x64, 0x5b, 0xf0,
    0x6d, 0xe1, 0xb4, 0x85, 0xf8, 0x1a, 0x31, 0x48, 0x00, 0x10, 0x04, 0x03,
    0xe6, 0xbc, 0x85, 0xda, 0x16, 0x64, 0x5b, 0xf0, 0x6d, 0x61, 0xb5, 0x05,
    0xf8, 0x1a, 0x31, 0x48, 0x00, 0x10, 0x04, 0x03, 0xe6, 0xbc, 0x85, 0xda,
    0x16, 0x62, 0x5b, 0xf0, 0x6d, 0x81, 0xb5, 0x85, 0x53, 0x1a, 0x31, 0x48,
    0x00, 0x10, 0x04, 0x03, 0xe6, 0xbc, 0x85, 0xda, 0x16, 0x62, 0x5b, 0xf0,
    0x6d, 0xc1, 0xb4, 0x05, 0x53, 0x1a, 0x31, 0x48, 0x00, 0x10, 0x04, 0x03,
    0xe6, 0xbc, 0x85, 0xda, 0x16, 0x62, 0x5b, 0xf0, 0x6d, 0xe1, 0xb4, 0x85,
    0x52, 0x1a, 0x31, 0x48, 0x00, 0x10, 0x04, 0x03, 0xe6, 0xbc, 0x85, 0xda,
    0x16, 0x62, 0x5b, 0xf0, 0x6d, 0x61, 0xb5, 0x05, 0x52, 0x1a, 0x31, 0x48,
    0x00, 0x10, 0x04, 0x03, 0xe6, 0xbc, 0x85, 0xda, 0x16, 0x60, 0x5b, 0xf0,
    0x6d, 0x81, 0xb5, 0x85, 0x9d, 0x19, 0x31, 0x48, 0x00, 0x10, 0x04, 0x03,
    0xe6, 0xbc, 0x85, 0xda, 0x16, 0x60, 0x5b, 0xf0, 0x6d, 0xc1, 0xb4, 0x05,
    0x9d, 0x19, 0x31, 0x48, 0x00, 0x10, 0x04, 0x03, 0xe6, 0xbc, 0x85, 0xda,
    0x16, 0x60, 0x5b, 0xf0, 0x6d, 0xe1, 0xb4, 0x85, 0x9c, 0x19, 0x31, 0x48,
    0x00, 0x10, 0x04, 0x03, 0xe6, 0xbc, 0x85, 0xda, 0x16, 0x60, 0x5b, 0xf0,
    0x6d, 0x61, 0xb5, 0x05, 0x9c, 0x19, 0x31, 0x48, 0x00, 0x10, 0x04, 0x03,
    0xe6, 0xbc, 0x85, 0xda, 0x16, 0x5e, 0x5b, 0xf0, 0x6d, 0x81, 0xb5, 0x85,
    0xf7, 0x18, 0x31, 0x48, 0x00, 0x10, 0x04, 0x03, 0xe6, 0xbc, 0x85, 0xda,
    0x16, 0x5e, 0x5b, 0xf0, 0x6d, 0xc1, 0xb4, 0x05, 0xf7, 0x18, 0x31, 0x48,
    0x00, 0x10, 0x04, 0x03, 0xe6, 0xbc, 0x85, 0xda, 0x16, 0x5e, 0x5b, 0xf0,
    0x6d, 0xe1, 0xb4, 0x85, 0xf6, 0x18, 0x31, 0x48, 0x00, 0x10, 0x04, 0x03,
    0xe6, 0xbc, 0x85, 0xda, 0x16, 0x5e, 0x5b, 0xf0, 0x6d, 0x61, 0xb5, 0x05,
    0xf6, 0x18, 0x31, 0x48, 0x00, 0x10, 0x04, 0x03, 0xe6, 0xbc, 0x85, 0xda,
    0x16, 0x70, 0x5b, 0xf0, 0x6d, 0x81, 0xb5, 0x85, 0x52, 0x18, 0x31, 0x48,
    0x00, 0x10, 0x04, 0x03, 0xe6, 0xbc, 0x85, 0xda, 0x16, 0x70, 0x5b, 0xf0,
    0x6d, 0xc1, 0xb4, 0x05, 0x52, 0x18, 0x31, 0x48, 0x00, 0x10, 0x04, 0x03,
    0xe6, 0xbc, 0x85, 0xda, 0x16, 0x70, 0x5b, 0xf0, 0x6d, 0xe1, 0xb4, 0x05,
    0x63, 0xc4, 0x20, 0x01, 0x40, 0x10, 0x0c, 0x98, 0xf3, 0x16, 0x6a, 0x5b,
    0xc0, 0x6d, 0xc1, 0xb7, 0x85, 0xd5, 0x16, 0x46, 0x81, 0x7a, 0x59, 0x00,
    0x00, 0x02, 0x00, 0x00, 0x00, 0x00, 0x00, 0x00, 0x00, 0x00, 0x10, 0x04,
    0x00, 0x05, 0x00, 0x06, 0x00, 0x0e, 0x00, 0x02, 0x00, 0x01, 0x00, 0x03,
    0x00, 0x10, 0x00, 0x11, 0x00, 0x12, 0x00, 0x13, 0x00, 0x14, 0x00, 0x15,
    0x00, 0x16, 0x00, 0x17, 0x00, 0x0f, 0x00, 0x30, 0x0c,
};
