// Generated by compile_native_shaders.py. Native payload; never a bgfx container.
static const unsigned char s_sdl_dxil_vs_ff_3d[] = {
    0x44,0x58,0x42,0x43,0x9b,0xab,0x5d,0xd4,0xf0,0x20,0x26,0x59,0x99,0xef,0x3b,0x9e,0xfa,0x86,0xa9,0x6d,0x01,0x00,0x00,0x00,
    0xbc,0x61,0x00,0x00,0x07,0x00,0x00,0x00,0x3c,0x00,0x00,0x00,0x4c,0x00,0x00,0x00,0x68,0x02,0x00,0x00,0x50,0x04,0x00,0x00,
    0x00,0x0a,0x00,0x00,0x18,0x16,0x00,0x00,0x34,0x16,0x00,0x00,0x53,0x46,0x49,0x30,0x08,0x00,0x00,0x00,0x00,0x00,0x00,0x00,
    0x00,0x00,0x00,0x00,0x49,0x53,0x47,0x31,0x14,0x02,0x00,0x00,0x10,0x00,0x00,0x00,0x08,0x00,0x00,0x00,0x00,0x00,0x00,0x00,
    0x08,0x02,0x00,0x00,0x00,0x00,0x00,0x00,0x00,0x00,0x00,0x00,0x03,0x00,0x00,0x00,0x00,0x00,0x00,0x00,0x0f,0x07,0x00,0x00,
    0x00,0x00,0x00,0x00,0x00,0x00,0x00,0x00,0x08,0x02,0x00,0x00,0x01,0x00,0x00,0x00,0x00,0x00,0x00,0x00,0x03,0x00,0x00,0x00,
    0x01,0x00,0x00,0x00,0x07,0x07,0x00,0x00,0x00,0x00,0x00,0x00,0x00,0x00,0x00,0x00,0x08,0x02,0x00,0x00,0x02,0x00,0x00,0x00,
    0x00,0x00,0x00,0x00,0x03,0x00,0x00,0x00,0x02,0x00,0x00,0x00,0x07,0x07,0x00,0x00,0x00,0x00,0x00,0x00,0x00,0x00,0x00,0x00,
    0x08,0x02,0x00,0x00,0x03,0x00,0x00,0x00,0x00,0x00,0x00,0x00,0x03,0x00,0x00,0x00,0x03,0x00,0x00,0x00,0x07,0x07,0x00,0x00,
    0x00,0x00,0x00,0x00,0x00,0x00,0x00,0x00,0x08,0x02,0x00,0x00,0x04,0x00,0x00,0x00,0x00,0x00,0x00,0x00,0x03,0x00,0x00,0x00,
    0x04,0x00,0x00,0x00,0x0f,0x0f,0x00,0x00,0x00,0x00,0x00,0x00,0x00,0x00,0x00,0x00,0x08,0x02,0x00,0x00,0x05,0x00,0x00,0x00,
    0x00,0x00,0x00,0x00,0x03,0x00,0x00,0x00,0x05,0x00,0x00,0x00,0x0f,0x0f,0x00,0x00,0x00,0x00,0x00,0x00,0x00,0x00,0x00,0x00,
    0x08,0x02,0x00,0x00,0x06,0x00,0x00,0x00,0x00,0x00,0x00,0x00,0x01,0x00,0x00,0x00,0x06,0x00,0x00,0x00,0x0f,0x0f,0x00,0x00,
    0x00,0x00,0x00,0x00,0x00,0x00,0x00,0x00,0x08,0x02,0x00,0x00,0x07,0x00,0x00,0x00,0x00,0x00,0x00,0x00,0x03,0x00,0x00,0x00,
    0x07,0x00,0x00,0x00,0x07,0x07,0x00,0x00,0x00,0x00,0x00,0x00,0x00,0x00,0x00,0x00,0x08,0x02,0x00,0x00,0x08,0x00,0x00,0x00,
    0x00,0x00,0x00,0x00,0x03,0x00,0x00,0x00,0x08,0x00,0x00,0x00,0x0f,0x03,0x00,0x00,0x00,0x00,0x00,0x00,0x00,0x00,0x00,0x00,
    0x08,0x02,0x00,0x00,0x09,0x00,0x00,0x00,0x00,0x00,0x00,0x00,0x03,0x00,0x00,0x00,0x09,0x00,0x00,0x00,0x0f,0x03,0x00,0x00,
    0x00,0x00,0x00,0x00,0x00,0x00,0x00,0x00,0x08,0x02,0x00,0x00,0x0a,0x00,0x00,0x00,0x00,0x00,0x00,0x00,0x03,0x00,0x00,0x00,
    0x0a,0x00,0x00,0x00,0x0f,0x03,0x00,0x00,0x00,0x00,0x00,0x00,0x00,0x00,0x00,0x00,0x08,0x02,0x00,0x00,0x0b,0x00,0x00,0x00,
    0x00,0x00,0x00,0x00,0x03,0x00,0x00,0x00,0x0b,0x00,0x00,0x00,0x0f,0x03,0x00,0x00,0x00,0x00,0x00,0x00,0x00,0x00,0x00,0x00,
    0x08,0x02,0x00,0x00,0x0c,0x00,0x00,0x00,0x00,0x00,0x00,0x00,0x03,0x00,0x00,0x00,0x0c,0x00,0x00,0x00,0x0f,0x03,0x00,0x00,
    0x00,0x00,0x00,0x00,0x00,0x00,0x00,0x00,0x08,0x02,0x00,0x00,0x0d,0x00,0x00,0x00,0x00,0x00,0x00,0x00,0x03,0x00,0x00,0x00,
    0x0d,0x00,0x00,0x00,0x0f,0x03,0x00,0x00,0x00,0x00,0x00,0x00,0x00,0x00,0x00,0x00,0x08,0x02,0x00,0x00,0x0e,0x00,0x00,0x00,
    0x00,0x00,0x00,0x00,0x03,0x00,0x00,0x00,0x0e,0x00,0x00,0x00,0x0f,0x03,0x00,0x00,0x00,0x00,0x00,0x00,0x00,0x00,0x00,0x00,
    0x08,0x02,0x00,0x00,0x0f,0x00,0x00,0x00,0x00,0x00,0x00,0x00,0x03,0x00,0x00,0x00,0x0f,0x00,0x00,0x00,0x0f,0x03,0x00,0x00,
    0x00,0x00,0x00,0x00,0x54,0x45,0x58,0x43,0x4f,0x4f,0x52,0x44,0x00,0x00,0x00,0x00,0x4f,0x53,0x47,0x31,0xe0,0x01,0x00,0x00,
    0x0e,0x00,0x00,0x00,0x08,0x00,0x00,0x00,0x00,0x00,0x00,0x00,0xc8,0x01,0x00,0x00,0x00,0x00,0x00,0x00,0x01,0x00,0x00,0x00,
    0x03,0x00,0x00,0x00,0x00,0x00,0x00,0x00,0x0f,0x00,0x00,0x00,0x00,0x00,0x00,0x00,0x00,0x00,0x00,0x00,0xd4,0x01,0x00,0x00,
    0x00,0x00,0x00,0x00,0x00,0x00,0x00,0x00,0x03,0x00,0x00,0x00,0x01,0x00,0x00,0x00,0x0f,0x00,0x00,0x00,0x00,0x00,0x00,0x00,
    0x00,0x00,0x00,0x00,0xd4,0x01,0x00,0x00,0x01,0x00,0x00,0x00,0x00,0x00,0x00,0x00,0x03,0x00,0x00,0x00,0x02,0x00,0x00,0x00,
    0x0f,0x00,0x00,0x00,0x00,0x00,0x00,0x00,0x00,0x00,0x00,0x00,0xd4,0x01,0x00,0x00,0x02,0x00,0x00,0x00,0x00,0x00,0x00,0x00,
    0x03,0x00,0x00,0x00,0x03,0x00,0x00,0x00,0x0f,0x00,0x00,0x00,0x00,0x00,0x00,0x00,0x00,0x00,0x00,0x00,0xd4,0x01,0x00,0x00,
    0x03,0x00,0x00,0x00,0x00,0x00,0x00,0x00,0x03,0x00,0x00,0x00,0x04,0x00,0x00,0x00,0x0f,0x00,0x00,0x00,0x00,0x00,0x00,0x00,
    0x00,0x00,0x00,0x00,0xd4,0x01,0x00,0x00,0x04,0x00,0x00,0x00,0x00,0x00,0x00,0x00,0x03,0x00,0x00,0x00,0x05,0x00,0x00,0x00,
    0x0f,0x00,0x00,0x00,0x00,0x00,0x00,0x00,0x00,0x00,0x00,0x00,0xd4,0x01,0x00,0x00,0x05,0x00,0x00,0x00,0x00,0x00,0x00,0x00,
    0x03,0x00,0x00,0x00,0x06,0x00,0x00,0x00,0x0f,0x00,0x00,0x00,0x00,0x00,0x00,0x00,0x00,0x00,0x00,0x00,0xd4,0x01,0x00,0x00,
    0x06,0x00,0x00,0x00,0x00,0x00,0x00,0x00,0x03,0x00,0x00,0x00,0x07,0x00,0x00,0x00,0x0f,0x00,0x00,0x00,0x00,0x00,0x00,0x00,
    0x00,0x00,0x00,0x00,0xd4,0x01,0x00,0x00,0x07,0x00,0x00,0x00,0x00,0x00,0x00,0x00,0x03,0x00,0x00,0x00,0x08,0x00,0x00,0x00,
    0x0f,0x00,0x00,0x00,0x00,0x00,0x00,0x00,0x00,0x00,0x00,0x00,0xd4,0x01,0x00,0x00,0x08,0x00,0x00,0x00,0x00,0x00,0x00,0x00,
    0x03,0x00,0x00,0x00,0x09,0x00,0x00,0x00,0x0f,0x00,0x00,0x00,0x00,0x00,0x00,0x00,0x00,0x00,0x00,0x00,0xd4,0x01,0x00,0x00,
    0x09,0x00,0x00,0x00,0x00,0x00,0x00,0x00,0x03,0x00,0x00,0x00,0x0a,0x00,0x00,0x00,0x0f,0x00,0x00,0x00,0x00,0x00,0x00,0x00,
    0x00,0x00,0x00,0x00,0xd4,0x01,0x00,0x00,0x0a,0x00,0x00,0x00,0x00,0x00,0x00,0x00,0x03,0x00,0x00,0x00,0x0b,0x00,0x00,0x00,
    0x0f,0x00,0x00,0x00,0x00,0x00,0x00,0x00,0x00,0x00,0x00,0x00,0xd4,0x01,0x00,0x00,0x0b,0x00,0x00,0x00,0x00,0x00,0x00,0x00,
    0x03,0x00,0x00,0x00,0x0c,0x00,0x00,0x00,0x0f,0x00,0x00,0x00,0x00,0x00,0x00,0x00,0x00,0x00,0x00,0x00,0xd4,0x01,0x00,0x00,
    0x0c,0x00,0x00,0x00,0x00,0x00,0x00,0x00,0x03,0x00,0x00,0x00,0x0d,0x00,0x00,0x00,0x0f,0x00,0x00,0x00,0x00,0x00,0x00,0x00,
    0x53,0x56,0x5f,0x50,0x6f,0x73,0x69,0x74,0x69,0x6f,0x6e,0x00,0x54,0x45,0x58,0x43,0x4f,0x4f,0x52,0x44,0x00,0x00,0x00,0x00,
    0x50,0x53,0x56,0x30,0xa8,0x05,0x00,0x00,0x34,0x00,0x00,0x00,0x01,0x00,0x00,0x00,0x00,0x00,0x00,0x00,0x00,0x00,0x00,0x00,
    0x00,0x00,0x00,0x00,0x00,0x00,0x00,0x00,0xff,0xff,0xff,0xff,0x01,0x00,0x00,0x00,0x10,0x0e,0x00,0x10,0x0e,0x00,0x00,0x00,
    0x00,0x00,0x00,0x00,0x00,0x00,0x00,0x00,0x00,0x00,0x00,0x00,0x06,0x01,0x00,0x00,0x02,0x00,0x00,0x00,0x18,0x00,0x00,0x00,
    0x02,0x00,0x00,0x00,0x01,0x00,0x00,0x00,0x00,0x00,0x00,0x00,0x00,0x00,0x00,0x00,0x0d,0x00,0x00,0x00,0x00,0x00,0x00,0x00,
    0x02,0x00,0x00,0x00,0x01,0x00,0x00,0x00,0x01,0x00,0x00,0x00,0x01,0x00,0x00,0x00,0x0d,0x00,0x00,0x00,0x00,0x00,0x00,0x00,
    0x0c,0x01,0x00,0x00,0x00,0x54,0x45,0x58,0x43,0x4f,0x4f,0x52,0x44,0x00,0x54,0x45,0x58,0x43,0x4f,0x4f,0x52,0x44,0x00,0x54,
    0x45,0x58,0x43,0x4f,0x4f,0x52,0x44,0x00,0x54,0x45,0x58,0x43,0x4f,0x4f,0x52,0x44,0x00,0x54,0x45,0x58,0x43,0x4f,0x4f,0x52,
    0x44,0x00,0x54,0x45,0x58,0x43,0x4f,0x4f,0x52,0x44,0x00,0x54,0x45,0x58,0x43,0x4f,0x4f,0x52,0x44,0x00,0x54,0x45,0x58,0x43,
    0x4f,0x4f,0x52,0x44,0x00,0x54,0x45,0x58,0x43,0x4f,0x4f,0x52,0x44,0x00,0x54,0x45,0x58,0x43,0x4f,0x4f,0x52,0x44,0x00,0x54,
    0x45,0x58,0x43,0x4f,0x4f,0x52,0x44,0x00,0x54,0x45,0x58,0x43,0x4f,0x4f,0x52,0x44,0x00,0x54,0x45,0x58,0x43,0x4f,0x4f,0x52,
    0x44,0x00,0x54,0x45,0x58,0x43,0x4f,0x4f,0x52,0x44,0x00,0x54,0x45,0x58,0x43,0x4f,0x4f,0x52,0x44,0x00,0x54,0x45,0x58,0x43,
    0x4f,0x4f,0x52,0x44,0x00,0x54,0x45,0x58,0x43,0x4f,0x4f,0x52,0x44,0x00,0x54,0x45,0x58,0x43,0x4f,0x4f,0x52,0x44,0x00,0x54,
    0x45,0x58,0x43,0x4f,0x4f,0x52,0x44,0x00,0x54,0x45,0x58,0x43,0x4f,0x4f,0x52,0x44,0x00,0x54,0x45,0x58,0x43,0x4f,0x4f,0x52,
    0x44,0x00,0x54,0x45,0x58,0x43,0x4f,0x4f,0x52,0x44,0x00,0x54,0x45,0x58,0x43,0x4f,0x4f,0x52,0x44,0x00,0x54,0x45,0x58,0x43,
    0x4f,0x4f,0x52,0x44,0x00,0x54,0x45,0x58,0x43,0x4f,0x4f,0x52,0x44,0x00,0x54,0x45,0x58,0x43,0x4f,0x4f,0x52,0x44,0x00,0x54,
    0x45,0x58,0x43,0x4f,0x4f,0x52,0x44,0x00,0x54,0x45,0x58,0x43,0x4f,0x4f,0x52,0x44,0x00,0x54,0x45,0x58,0x43,0x4f,0x4f,0x52,
    0x44,0x00,0x6d,0x61,0x69,0x6e,0x00,0x00,0x10,0x00,0x00,0x00,0x00,0x00,0x00,0x00,0x01,0x00,0x00,0x00,0x02,0x00,0x00,0x00,
    0x03,0x00,0x00,0x00,0x04,0x00,0x00,0x00,0x05,0x00,0x00,0x00,0x06,0x00,0x00,0x00,0x07,0x00,0x00,0x00,0x08,0x00,0x00,0x00,
    0x09,0x00,0x00,0x00,0x0a,0x00,0x00,0x00,0x0b,0x00,0x00,0x00,0x0c,0x00,0x00,0x00,0x0d,0x00,0x00,0x00,0x0e,0x00,0x00,0x00,
    0x0f,0x00,0x00,0x00,0x10,0x00,0x00,0x00,0x01,0x00,0x00,0x00,0x00,0x00,0x00,0x00,0x01,0x00,0x44,0x00,0x03,0x00,0x00,0x00,
    0x0a,0x00,0x00,0x00,0x01,0x00,0x00,0x00,0x01,0x01,0x43,0x00,0x03,0x00,0x00,0x00,0x13,0x00,0x00,0x00,0x02,0x00,0x00,0x00,
    0x01,0x02,0x43,0x00,0x03,0x00,0x00,0x00,0x1c,0x00,0x00,0x00,0x03,0x00,0x00,0x00,0x01,0x03,0x43,0x00,0x03,0x00,0x00,0x00,
    0x25,0x00,0x00,0x00,0x04,0x00,0x00,0x00,0x01,0x04,0x44,0x00,0x03,0x00,0x00,0x00,0x2e,0x00,0x00,0x00,0x05,0x00,0x00,0x00,
    0x01,0x05,0x44,0x00,0x03,0x00,0x00,0x00,0x37,0x00,0x00,0x00,0x06,0x00,0x00,0x00,0x01,0x06,0x44,0x00,0x01,0x00,0x00,0x00,
    0x40,0x00,0x00,0x00,0x07,0x00,0x00,0x00,0x01,0x07,0x43,0x00,0x03,0x00,0x00,0x00,0x49,0x00,0x00,0x00,0x08,0x00,0x00,0x00,
    0x01,0x08,0x44,0x00,0x03,0x00,0x00,0x00,0x52,0x00,0x00,0x00,0x09,0x00,0x00,0x00,0x01,0x09,0x44,0x00,0x03,0x00,0x00,0x00,
    0x5b,0x00,0x00,0x00,0x0a,0x00,0x00,0x00,0x01,0x0a,0x44,0x00,0x03,0x00,0x00,0x00,0x64,0x00,0x00,0x00,0x0b,0x00,0x00,0x00,
    0x01,0x0b,0x44,0x00,0x03,0x00,0x00,0x00,0x6d,0x00,0x00,0x00,0x0c,0x00,0x00,0x00,0x01,0x0c,0x44,0x00,0x03,0x00,0x00,0x00,
    0x76,0x00,0x00,0x00,0x0d,0x00,0x00,0x00,0x01,0x0d,0x44,0x00,0x03,0x00,0x00,0x00,0x7f,0x00,0x00,0x00,0x0e,0x00,0x00,0x00,
    0x01,0x0e,0x44,0x00,0x03,0x00,0x00,0x00,0x88,0x00,0x00,0x00,0x0f,0x00,0x00,0x00,0x01,0x0f,0x44,0x00,0x03,0x00,0x00,0x00,
    0x00,0x00,0x00,0x00,0x00,0x00,0x00,0x00,0x01,0x00,0x44,0x03,0x03,0x04,0x00,0x00,0x91,0x00,0x00,0x00,0x00,0x00,0x00,0x00,
    0x01,0x01,0x44,0x00,0x03,0x02,0x00,0x00,0x9a,0x00,0x00,0x00,0x01,0x00,0x00,0x00,0x01,0x02,0x44,0x00,0x03,0x02,0x00,0x00,
    0xa3,0x00,0x00,0x00,0x02,0x00,0x00,0x00,0x01,0x03,0x44,0x00,0x03,0x01,0x00,0x00,0xac,0x00,0x00,0x00,0x03,0x00,0x00,0x00,
    0x01,0x04,0x44,0x00,0x03,0x01,0x00,0x00,0xb5,0x00,0x00,0x00,0x04,0x00,0x00,0x00,0x01,0x05,0x44,0x00,0x03,0x02,0x00,0x00,
    0xbe,0x00,0x00,0x00,0x05,0x00,0x00,0x00,0x01,0x06,0x44,0x00,0x03,0x02,0x00,0x00,0xc7,0x00,0x00,0x00,0x06,0x00,0x00,0x00,
    0x01,0x07,0x44,0x00,0x03,0x02,0x00,0x00,0xd0,0x00,0x00,0x00,0x07,0x00,0x00,0x00,0x01,0x08,0x44,0x00,0x03,0x02,0x00,0x00,
    0xd9,0x00,0x00,0x00,0x08,0x00,0x00,0x00,0x01,0x09,0x44,0x00,0x03,0x02,0x00,0x00,0xe2,0x00,0x00,0x00,0x09,0x00,0x00,0x00,
    0x01,0x0a,0x44,0x00,0x03,0x02,0x00,0x00,0xeb,0x00,0x00,0x00,0x0a,0x00,0x00,0x00,0x01,0x0b,0x44,0x00,0x03,0x02,0x00,0x00,
    0xf4,0x00,0x00,0x00,0x0b,0x00,0x00,0x00,0x01,0x0c,0x44,0x00,0x03,0x02,0x00,0x00,0xfd,0x00,0x00,0x00,0x0c,0x00,0x00,0x00,
    0x01,0x0d,0x44,0x00,0x03,0x02,0x00,0x00,0x7f,0x77,0xf7,0xff,0xff,0xff,0x5f,0x00,0x7f,0x77,0xf7,0xff,0xff,0xff,0x5f,0x00,
    0x7f,0x77,0xf7,0xff,0xff,0xff,0x5f,0x00,0x00,0x00,0x00,0x00,0x00,0x00,0x00,0x00,0x70,0x77,0xf7,0xff,0xff,0xff,0x0b,0x00,
    0x70,0x77,0xf7,0xff,0xff,0xff,0x0b,0x00,0x70,0x77,0xf7,0xff,0xff,0xff,0x0b,0x00,0x00,0x00,0x00,0x00,0x00,0x00,0x00,0x00,
    0x7f,0x77,0xf7,0xff,0xff,0xff,0x5f,0x00,0x7f,0x77,0xf7,0xff,0xff,0xff,0x5f,0x00,0x7f,0x77,0xf7,0xff,0xff,0xff,0x5f,0x00,
    0x00,0x00,0x00,0x00,0x00,0x00,0x00,0x00,0x70,0x77,0xf7,0xff,0xff,0xff,0x0b,0x00,0x70,0x77,0xf7,0xff,0xff,0xff,0x0b,0x00,
    0x70,0x77,0xf7,0xff,0xff,0xff,0x0b,0x00,0x00,0x00,0x00,0x00,0x00,0x00,0x00,0x00,0x10,0x11,0x01,0x00,0x00,0x00,0x00,0x00,
    0x20,0x22,0x02,0x00,0x00,0x00,0x00,0x00,0x40,0x44,0x04,0x00,0x00,0x00,0x00,0x00,0x80,0x80,0x00,0x00,0x00,0x00,0x00,0x00,
    0x10,0x11,0x01,0x00,0x00,0x00,0x00,0x00,0x20,0x22,0x02,0x00,0x00,0x00,0x00,0x00,0x40,0x44,0x04,0x00,0x00,0x00,0x00,0x00,
    0x80,0x88,0x08,0x00,0x00,0x00,0x00,0x00,0x7f,0x77,0xf7,0xff,0xff,0xff,0x5f,0x00,0x7f,0x77,0xf7,0xff,0xff,0xff,0x5f,0x00,
    0x7f,0x77,0xf7,0xff,0xff,0xff,0x5f,0x00,0x7f,0x77,0xf7,0xff,0xff,0xff,0x5f,0x00,0x7f,0x77,0xf7,0xff,0xff,0xff,0x5f,0x00,
    0x7f,0x77,0xf7,0xff,0xff,0xff,0x5f,0x00,0x7f,0x77,0xf7,0xff,0xff,0xff,0x5f,0x00,0x00,0x00,0x00,0x00,0x00,0x00,0x00,0x00,
    0x00,0x00,0xf0,0xff,0xff,0xff,0x0b,0x00,0x00,0x00,0xf0,0xff,0xff,0xff,0x0b,0x00,0x00,0x00,0x00,0x00,0x00,0x00,0x00,0x00,
    0x00,0x00,0x00,0x00,0x00,0x00,0x00,0x00,0x00,0x00,0xf0,0xff,0xff,0xff,0x0b,0x00,0x00,0x00,0xf0,0xff,0xff,0xff,0x0b,0x00,
    0x00,0x00,0x00,0x00,0x00,0x00,0x00,0x00,0x00,0x00,0x00,0x00,0x00,0x00,0x00,0x00,0x00,0x00,0xf0,0xff,0xff,0xff,0x0b,0x00,
    0x00,0x00,0xf0,0xff,0xff,0xff,0x0b,0x00,0x00,0x00,0x00,0x00,0x00,0x00,0x00,0x00,0x00,0x00,0x00,0x00,0x00,0x00,0x00,0x00,
    0x00,0x00,0xf0,0xff,0xff,0xff,0x0b,0x00,0x00,0x00,0xf0,0xff,0xff,0xff,0x0b,0x00,0x00,0x00,0x00,0x00,0x00,0x00,0x00,0x00,
    0x00,0x00,0x00,0x00,0x00,0x00,0x00,0x00,0x00,0x00,0xf0,0xff,0xff,0xff,0x0b,0x00,0x00,0x00,0xf0,0xff,0xff,0xff,0x0b,0x00,
    0x00,0x00,0x00,0x00,0x00,0x00,0x00,0x00,0x00,0x00,0x00,0x00,0x00,0x00,0x00,0x00,0x00,0x00,0xf0,0xff,0xff,0xff,0x0b,0x00,
    0x00,0x00,0xf0,0xff,0xff,0xff,0x0b,0x00,0x00,0x00,0x00,0x00,0x00,0x00,0x00,0x00,0x00,0x00,0x00,0x00,0x00,0x00,0x00,0x00,
    0x00,0x00,0xf0,0xff,0xff,0xff,0x0b,0x00,0x00,0x00,0xf0,0xff,0xff,0xff,0x0b,0x00,0x00,0x00,0x00,0x00,0x00,0x00,0x00,0x00,
    0x00,0x00,0x00,0x00,0x00,0x00,0x00,0x00,0x00,0x00,0xf0,0xff,0xff,0xff,0x0b,0x00,0x00,0x00,0xf0,0xff,0xff,0xff,0x0b,0x00,
    0x00,0x00,0x00,0x00,0x00,0x00,0x00,0x00,0x00,0x00,0x00,0x00,0x00,0x00,0x00,0x00,0x53,0x54,0x41,0x54,0x10,0x0c,0x00,0x00,
    0x60,0x00,0x01,0x00,0x04,0x03,0x00,0x00,0x44,0x58,0x49,0x4c,0x00,0x01,0x00,0x00,0x10,0x00,0x00,0x00,0xf8,0x0b,0x00,0x00,
    0x42,0x43,0xc0,0xde,0x21,0x0c,0x00,0x00,0xfb,0x02,0x00,0x00,0x0b,0x82,0x20,0x00,0x02,0x00,0x00,0x00,0x13,0x00,0x00,0x00,
    0x07,0x81,0x23,0x91,0x41,0xc8,0x04,0x49,0x06,0x10,0x32,0x39,0x92,0x01,0x84,0x0c,0x25,0x05,0x08,0x19,0x1e,0x04,0x8b,0x62,
    0x80,0x18,0x45,0x02,0x42,0x92,0x0b,0x42,0xc4,0x10,0x32,0x14,0x38,0x08,0x18,0x4b,0x0a,0x32,0x62,0x88,0x48,0x90,0x14,0x20,
    0x43,0x46,0x88,0xa5,0x00,0x19,0x32,0x42,0xe4,0x48,0x0e,0x90,0x11,0x23,0xc4,0x50,0x41,0x51,0x81,0x8c,0xe1,0x83,0xe5,0x8a,
    0x04,0x31,0x46,0x06,0x51,0x18,0x00,0x00,0x08,0x00,0x00,0x00,0x1b,0x8c,0xe0,0xff,0xff,0xff,0xff,0x07,0x40,0x02,0xa8,0x0d,
    0x84,0xf0,0xff,0xff,0xff,0xff,0x03,0x20,0x6d,0x30,0x86,0xff,0xff,0xff,0xff,0x1f,0x00,0x09,0xa8,0x00,0x49,0x18,0x00,0x00,
    0x03,0x00,0x00,0x00,0x13,0x82,0x60,0x42,0x20,0x4c,0x08,0x06,0x00,0x00,0x00,0x00,0x89,0x20,0x00,0x00,0x36,0x00,0x00,0x00,
    0x32,0x22,0x88,0x09,0x20,0x64,0x85,0x04,0x13,0x23,0xa4,0x84,0x04,0x13,0x23,0xe3,0x84,0xa1,0x90,0x14,0x12,0x4c,0x8c,0x8c,
    0x0b,0x84,0xc4,0x4c,0x10,0xa8,0xc1,0x08,0x40,0x09,0x00,0x0a,0x66,0x00,0xe6,0x08,0xc0,0x60,0x8e,0x00,0x29,0xc6,0x40,0x10,
    0x44,0x41,0x90,0x51,0x0c,0x82,0x20,0x88,0x82,0x20,0xa4,0x18,0x00,0x41,0x10,0xc5,0x40,0x4a,0x21,0x06,0x62,0x18,0x88,0x29,
    0xc8,0x40,0x0c,0xc3,0x30,0x0c,0x03,0x39,0x65,0x18,0x88,0x81,0xa0,0xa3,0x86,0xcb,0x9f,0xb0,0x87,0x90,0x7c,0x6e,0xa3,0x8a,
    0x95,0x98,0xfc,0xe2,0xb6,0x11,0x31,0x0c,0xc3,0x40,0xc5,0x3d,0xc3,0xe5,0x4f,0xd8,0x43,0x48,0x7e,0x08,0x34,0xc3,0x42,0xa0,
    0x60,0x2a,0x84,0x44,0x50,0x04,0x55,0xa5,0x18,0x88,0x61,0x18,0xe8,0x9a,0x23,0x08,0x8a,0x41,0x11,0x05,0x41,0x64,0xa4,0x0d,
    0x04,0x0c,0x23,0x10,0x43,0x12,0x74,0x89,0xe0,0x1d,0x75,0x38,0xd2,0xb4,0x00,0x98,0x43,0x4d,0x3e,0x47,0xbe,0x44,0x34,0x11,
    0x17,0x8d,0x82,0x8f,0xc0,0x24,0xf0,0x92,0xa2,0x4b,0x9c,0x2e,0x21,0xba,0x34,0xe8,0x8e,0x3a,0x1c,0x69,0x5a,0x00,0xcc,0xa1,
    0x26,0x9f,0x23,0x5f,0x22,0x9a,0x88,0xab,0x46,0x88,0x38,0x7e,0x64,0x57,0x9a,0x1d,0x9d,0x29,0x18,0x40,0x00,0x00,0x00,0x00,
    0x13,0x14,0x72,0xc0,0x87,0x74,0x60,0x87,0x36,0x68,0x87,0x79,0x68,0x03,0x72,0xc0,0x87,0x0d,0xaf,0x50,0x0e,0x6d,0xd0,0x0e,
    0x7a,0x50,0x0e,0x6d,0x00,0x0f,0x7a,0x30,0x07,0x72,0xa0,0x07,0x73,0x20,0x07,0x6d,0x90,0x0e,0x71,0xa0,0x07,0x73,0x20,0x07,
    0x6d,0x90,0x0e,0x78,0xa0,0x07,0x73,0x20,0x07,0x6d,0x90,0x0e,0x71,0x60,0x07,0x7a,0x30,0x07,0x72,0xd0,0x06,0xe9,0x30,0x07,
    0x72,0xa0,0x07,0x73,0x20,0x07,0x6d,0x90,0x0e,0x76,0x40,0x07,0x7a,0x60,0x07,0x74,0xd0,0x06,0xe6,0x10,0x07,0x76,0xa0,0x07,
    0x73,0x20,0x07,0x6d,0x60,0x0e,0x73,0x20,0x07,0x7a,0x30,0x07,0x72,0xd0,0x06,0xe6,0x60,0x07,0x74,0xa0,0x07,0x76,0x40,0x07,
    0x6d,0xe0,0x0e,0x78,0xa0,0x07,0x71,0x60,0x07,0x7a,0x30,0x07,0x72,0xa0,0x07,0x76,0x40,0x07,0x43,0x9e,0x00,0x08,0x00,0x00,
    0x00,0x00,0x00,0x00,0x00,0x00,0x00,0x86,0x3c,0x06,0x10,0x00,0x01,0x00,0x00,0x00,0x00,0x00,0x00,0x00,0x0c,0x79,0x10,0x20,
    0x00,0x02,0x00,0x00,0x00,0x00,0x00,0x00,0x00,0x18,0xf2,0x28,0x40,0x00,0x08,0x00,0x00,0x00,0x00,0x00,0x00,0x00,0x30,0xe4,
    0x61,0x80,0x00,0x08,0x00,0x00,0x00,0x00,0x00,0x00,0x00,0x60,0xc8,0xe3,0x00,0x01,0x10,0x00,0x00,0x00,0x00,0x00,0x00,0x00,
    0xc0,0x90,0x07,0x02,0x02,0x20,0x00,0x00,0x00,0x00,0x00,0x00,0x00,0x80,0x21,0x4f,0x05,0x04,0xc0,0x00,0x00,0x00,0x00,0x00,
    0x00,0x00,0x00,0x43,0x9e,0x0b,0x08,0x80,0x00,0x00,0x00,0x00,0x00,0x00,0x00,0x00,0x86,0x3c,0x1a,0x10,0x00,0x03,0x00,0x00,
    0x00,0x00,0x00,0x00,0x00,0x64,0x81,0x00,0x77,0x00,0x00,0x00,0x32,0x1e,0x98,0x18,0x19,0x11,0x4c,0x90,0x8c,0x09,0x26,0x47,
    0xc6,0x04,0x43,0x22,0x4a,0x60,0x04,0xa0,0x18,0x0a,0x10,0xa1,0x00,0x4b,0x8a,0xa0,0x10,0xca,0xa0,0x1c,0x4a,0xa2,0x00,0x09,
    0x4a,0xa3,0x00,0x13,0x0a,0x30,0xa2,0x00,0x3f,0x0a,0xf4,0xa3,0x40,0x47,0x0a,0x9c,0xa4,0x3c,0x4a,0xa1,0x20,0x8a,0xa2,0x2c,
    0x0a,0xa3,0x38,0x8a,0x59,0xa0,0x9c,0x15,0x4a,0x59,0xa4,0x44,0x07,0xca,0xaa,0xe0,0xca,0x88,0x8a,0x92,0x18,0x01,0x28,0x84,
    0x32,0x28,0x85,0x22,0x28,0x01,0xca,0x6a,0x80,0xc0,0x19,0x00,0x0a,0x67,0x00,0xe8,0x9c,0x01,0x20,0x74,0x06,0x80,0xd2,0xb1,
    0x44,0x02,0x14,0xf0,0xe0,0xdf,0x7b,0xf7,0xff,0x87,0xff,0xff,0xff,0xe2,0xdf,0x7b,0xf7,0xff,0x87,0xff,0xff,0xff,0xe2,0xdf,
    0x7b,0xf7,0xff,0x87,0xff,0xff,0xff,0x02,0x00,0xe0,0xbd,0x77,0xff,0x7f,0xf8,0xff,0xff,0x82,0xf7,0xde,0xfd,0xff,0xe1,0xff,
    0xff,0x0b,0xde,0x7b,0xf7,0xff,0x87,0xff,0xff,0x2f,0x00,0xf8,0xf7,0xde,0xfd,0xff,0xe1,0xff,0xff,0xbf,0xf8,0xf7,0xde,0xfd,
    0xff,0xe1,0xff,0xff,0xbf,0xf8,0xf7,0xde,0xfd,0xff,0xe1,0xff,0xff,0xbf,0x00,0x00,0x78,0xef,0xdd,0xff,0x1f,0xfe,0xff,0xbf,
    0xe0,0xbd,0x77,0xff,0x7f,0xf8,0xff,0xff,0x82,0xf7,0xde,0xfd,0xff,0xe1,0xff,0xff,0x0b,0x00,0x60,0x94,0x14,0x00,0x30,0x46,
    0x09,0x00,0x14,0x63,0x04,0x00,0x49,0x30,0x00,0x60,0x94,0x14,0x00,0x30,0x46,0x09,0x00,0x14,0x63,0x04,0x00,0x49,0x31,0x02,
    0xfe,0xbd,0x77,0xff,0x7f,0xf8,0xff,0xff,0x2f,0xfe,0xbd,0x77,0xff,0x7f,0xf8,0xff,0xff,0x2f,0xfe,0xbd,0x77,0xff,0x7f,0xf8,
    0xff,0xff,0x2f,0xfe,0xbd,0x77,0xff,0x7f,0xf8,0xff,0xff,0x2f,0xfe,0xbd,0x77,0xff,0x7f,0xf8,0xff,0xff,0x2f,0xfe,0xbd,0x77,
    0xff,0x7f,0xf8,0xff,0xff,0x2f,0xfe,0xbd,0x77,0xff,0x7f,0xf8,0xff,0xff,0x2f,0x00,0x00,0x04,0x41,0xf0,0xff,0x87,0xff,0xff,
    0x2f,0x10,0x04,0xc1,0xff,0x1f,0xfe,0xff,0xbf,0x00,0x00,0x00,0x40,0x10,0x04,0xff,0x7f,0xf8,0xff,0xff,0x02,0x41,0x10,0xfc,
    0xff,0xe1,0xff,0xff,0x0b,0x00,0x00,0x00,0x04,0x41,0xf0,0xff,0x87,0xff,0xff,0x2f,0x10,0x04,0xc1,0xff,0x1f,0xfe,0xff,0xbf,
    0x00,0x00,0x00,0x40,0x10,0x04,0xff,0x7f,0xf8,0xff,0xff,0x02,0x41,0x10,0xfc,0xff,0xe1,0xff,0xff,0x0b,0x00,0x00,0x00,0x04,
    0x41,0xf0,0xff,0x87,0xff,0xff,0x2f,0x10,0x04,0xc1,0xff,0x1f,0xfe,0xff,0xbf,0x00,0x00,0x00,0x40,0x10,0x04,0xff,0x7f,0xf8,
    0xff,0xff,0x02,0x41,0x10,0xfc,0xff,0xe1,0xff,0xff,0x0b,0x00,0x00,0x00,0x04,0x41,0xf0,0xff,0x87,0xff,0xff,0x2f,0x10,0x04,
    0xc1,0xff,0x1f,0xfe,0xff,0xbf,0x00,0x00,0x00,0x40,0x10,0x04,0xff,0x7f,0xf8,0xff,0xff,0x02,0x41,0x10,0xfc,0xff,0xe1,0xff,
    0xff,0x0b,0x00,0x00,0x00,0x00,0x00,0x00,0x79,0x18,0x00,0x00,0x64,0x01,0x00,0x00,0x1a,0x03,0x4c,0x90,0x46,0x02,0x13,0xc4,
    0x31,0x20,0xc3,0x1b,0x43,0x81,0x93,0x4b,0xb3,0x0b,0xa3,0x2b,0x4b,0x01,0x89,0x71,0xc1,0x71,0x81,0x71,0xa1,0xb9,0x99,0xc9,
    0x01,0x41,0x21,0xcb,0x09,0xab,0x29,0xcb,0xb9,0x21,0x83,0x49,0xd9,0x10,0x04,0x13,0x04,0x42,0x99,0x20,0x10,0xcb,0x06,0x61,
    0x20,0x36,0x08,0x04,0x41,0xc1,0x6e,0x6e,0x82,0x40,0x30,0x1b,0x86,0x03,0x21,0x26,0x08,0x61,0x30,0x07,0x4c,0x86,0x96,0xac,
    0xca,0xe4,0xe8,0xca,0xf0,0x60,0x26,0x08,0x44,0xb3,0x01,0x21,0x94,0x65,0x20,0x06,0x06,0x98,0x20,0xa0,0x41,0x1d,0x30,0x19,
    0x5a,0xb2,0x2a,0x93,0xa3,0x2b,0xc3,0x8b,0x99,0x20,0x10,0xce,0x06,0x64,0x70,0x9e,0x61,0x18,0x20,0x60,0x83,0xd0,0x44,0x1b,
    0x08,0x00,0x90,0x80,0x09,0x02,0x18,0xc8,0x01,0x99,0xba,0x2f,0x33,0xb3,0xa6,0x30,0x3a,0xb9,0xb4,0xb1,0xb2,0xb9,0x09,0x02,
    0xf1,0x4c,0x10,0x08,0x68,0xc3,0x70,0x5d,0xd6,0x04,0x81,0x88,0x26,0x08,0x84,0x34,0x41,0x20,0xa6,0x0d,0x08,0x52,0x59,0x58,
    0x46,0x68,0xdb,0x06,0x81,0xe1,0x26,0x08,0x67,0x40,0x07,0xac,0xea,0xbe,0xec,0xca,0xe4,0xe8,0xca,0xf0,0x84,0xd8,0xca,0xdc,
    0xc8,0x9a,0xc2,0xe8,0xe4,0xd2,0xc6,0xca,0xe6,0x26,0x08,0x59,0x1c,0x6c,0x50,0x90,0xcf,0xc2,0x32,0x42,0xdb,0x36,0x30,0xa0,
    0x53,0xf7,0x65,0x66,0x46,0x24,0x17,0x76,0x07,0x15,0x26,0x17,0xd6,0x36,0x37,0x41,0x20,0xa8,0x09,0x02,0x51,0x6d,0x50,0x10,
    0x31,0xc8,0xc6,0x40,0xdb,0x36,0x30,0x20,0x83,0x8b,0x4b,0xdd,0x17,0x5d,0x19,0x5e,0x53,0x18,0x9d,0x5c,0x1a,0xde,0x04,0x81,
    0xb0,0x36,0x28,0x88,0x19,0x58,0x58,0x76,0x06,0xda,0xb6,0x81,0x01,0x91,0xba,0x2f,0xb6,0xb4,0x33,0x34,0xba,0xb9,0x09,0x02,
    0x71,0x6d,0x50,0x90,0x34,0xc8,0xd4,0x40,0xdb,0x36,0x30,0x20,0x83,0x8b,0x4a,0xdd,0x97,0x5d,0x5a,0xd9,0x1d,0xdc,0x9b,0x1c,
    0xdd,0x04,0x81,0xc0,0x36,0x20,0x08,0x1b,0x64,0x6d,0xa0,0x6d,0x64,0x70,0xb1,0xa9,0xfb,0x9a,0xa3,0x0b,0x3b,0x2b,0x83,0x0a,
    0x93,0x0b,0x6b,0x9b,0x9b,0x20,0x10,0xd9,0x06,0x05,0x79,0x83,0x0c,0x0e,0xb4,0x6d,0x03,0x03,0x32,0xb8,0xc8,0xd4,0x7d,0x8d,
    0xb1,0xa5,0xc1,0x41,0xb1,0x85,0xb9,0x95,0xcd,0x4d,0x10,0x08,0x6d,0x03,0x82,0xc8,0x41,0x36,0x07,0xda,0x46,0x06,0x17,0x99,
    0xba,0xaf,0x31,0xb6,0x34,0x38,0xa8,0x30,0xb9,0xb0,0xb6,0xb9,0x09,0x02,0xb1,0x6d,0x40,0x90,0x3a,0xc8,0xec,0x40,0xdb,0xc8,
    0xe0,0xda,0x90,0x40,0x61,0x50,0x06,0x68,0xb0,0x06,0x6e,0x10,0x07,0x74,0x70,0x07,0x1b,0x0a,0x82,0xea,0x3c,0x3c,0x98,0x20,
    0x08,0xc0,0x06,0x60,0xc3,0x40,0xec,0xc1,0x1e,0x6c,0x08,0xf8,0x60,0xc3,0x30,0xe8,0x41,0x1f,0x4c,0x10,0xd2,0xc0,0x0e,0x36,
    0x04,0x7f,0x40,0xa2,0x2d,0x2c,0xcd,0x8d,0x08,0x55,0x11,0xd6,0xd0,0xd3,0x93,0x14,0xd1,0x04,0xa1,0x50,0x83,0x09,0x42,0xb1,
    0x06,0x1b,0x02,0x62,0x82,0x50,0xb0,0xc1,0x06,0x21,0xd3,0x36,0x2c,0x84,0x28,0x8c,0x02,0x29,0x94,0x02,0x29,0x0c,0xa6,0x40,
    0x90,0xc2,0x29,0x6c,0x08,0x86,0x09,0x42,0xd1,0x06,0x1b,0x96,0x41,0x14,0x46,0x81,0x14,0x52,0x81,0x14,0x06,0x55,0x18,0x48,
    0xe1,0x14,0x36,0x04,0xd6,0x86,0xc5,0x12,0x85,0x51,0x20,0x05,0x56,0x20,0x85,0x41,0x15,0x2c,0x52,0x38,0x85,0x0d,0x41,0xb6,
    0x61,0xc9,0x44,0x61,0x14,0x48,0xc1,0x15,0x48,0x61,0x50,0x85,0x8c,0x14,0x4e,0x61,0x43,0x70,0x4d,0x10,0x08,0x6e,0x83,0x90,
    0xc5,0xc2,0x86,0xe5,0x12,0x85,0x51,0x20,0x05,0x58,0x20,0x85,0xc1,0x14,0x2e,0x52,0x90,0x85,0x09,0x02,0xd1,0x6d,0x08,0x68,
    0x61,0xc3,0x42,0x0b,0xa2,0x30,0x0a,0xa4,0x50,0x0b,0xa4,0x30,0x98,0x02,0x2d,0x90,0x82,0x2c,0x4c,0x10,0x0a,0x37,0xd8,0x10,
    0x20,0x1b,0x16,0x44,0x14,0x6e,0x81,0x14,0x70,0x81,0x14,0x06,0x53,0x40,0x48,0x41,0x16,0x36,0x04,0xda,0x86,0x45,0x13,0x85,
    0x51,0x20,0x05,0x5d,0x20,0x85,0x41,0x15,0x34,0x52,0x38,0x85,0x09,0x02,0xe1,0x6d,0x08,0x78,0x61,0x83,0x90,0x65,0x1b,0x16,
    0x5e,0x10,0x85,0x51,0x20,0x85,0x5e,0x20,0x85,0xc1,0x14,0x78,0x81,0x14,0x7c,0x61,0x43,0xb0,0x6d,0x58,0x36,0x51,0x18,0x05,
    0x52,0x00,0x07,0x52,0x18,0x4c,0x61,0x23,0x05,0x5f,0x98,0x20,0x10,0xdf,0x86,0x40,0x1c,0x36,0x2c,0xe2,0x20,0x0a,0xa3,0x40,
    0x0a,0xe3,0x40,0x0a,0x83,0x29,0x88,0x03,0x29,0xf8,0xc2,0x04,0x81,0x00,0x83,0x0d,0x41,0x39,0x6c,0x58,0xca,0x41,0x14,0x46,
    0x81,0x14,0xcc,0x81,0x14,0x06,0x53,0x28,0x07,0x52,0xf0,0x85,0x09,0x02,0x11,0x06,0x1b,0x02,0x74,0xd8,0xb0,0xa0,0x83,0x28,
    0x8c,0x02,0x29,0xa4,0x03,0x29,0x0c,0xa6,0x80,0x0e,0xa4,0xe0,0x0b,0x1b,0x02,0x32,0xd8,0xb0,0x90,0x81,0x28,0x8c,0x02,0x29,
    0xac,0x03,0x29,0x0c,0xa6,0x40,0x06,0xa4,0xe0,0x0b,0x13,0x04,0x42,0x0c,0x36,0x04,0xed,0xb0,0x61,0x69,0x07,0x51,0x18,0x05,
    0x52,0x70,0x07,0x52,0x18,0x4c,0xa1,0x1d,0x48,0xc1,0x17,0x36,0x04,0xb1,0xb0,0x61,0x89,0x05,0x51,0x18,0x05,0x52,0x80,0x07,
    0x52,0x18,0x4c,0x21,0x16,0x48,0xc1,0x17,0x36,0x40,0xa8,0xb0,0x0a,0xad,0xf0,0x0a,0xb3,0x60,0x0b,0xb9,0xb0,0x0b,0xbf,0x10,
    0x0e,0xe4,0x70,0x0e,0xea,0xc0,0x0e,0xef,0x10,0x0f,0x5c,0xa6,0xac,0xbe,0xa0,0xde,0xe6,0xd2,0xe8,0xd2,0xde,0xdc,0x36,0x2c,
    0xc4,0x3c,0x8c,0x82,0x2a,0x94,0x82,0x29,0x0c,0xa6,0x40,0x90,0x82,0x2c,0x4c,0x10,0x8a,0x37,0xd8,0xb0,0x0c,0xa2,0x30,0x0a,
    0xa4,0x50,0x0a,0xf5,0x30,0x98,0xc2,0x40,0x0a,0xb2,0xb0,0x61,0xb1,0x44,0x61,0x14,0x48,0x21,0x15,0xea,0x61,0x30,0x05,0x8b,
    0x14,0x64,0x61,0x82,0x50,0xc0,0xc1,0x86,0x25,0x13,0x85,0x51,0x20,0x05,0x56,0xc0,0x87,0xc1,0x14,0x32,0x52,0x90,0x85,0x0d,
    0xcb,0x25,0x0a,0xa3,0x40,0x0a,0xae,0x80,0x0f,0x83,0x29,0x5c,0xa4,0x20,0x0b,0x1b,0x16,0x5a,0x10,0x85,0x51,0x20,0x05,0x58,
    0xa8,0x87,0xc1,0x14,0x68,0x81,0x14,0x64,0x61,0xc3,0x82,0x88,0xc2,0x28,0x90,0x42,0x2d,0xd4,0xc3,0x60,0x0a,0x08,0x29,0xc8,
    0xc2,0x86,0x45,0x13,0x85,0x51,0x20,0x05,0x5c,0xa8,0x87,0xc1,0x14,0x34,0x52,0x90,0x85,0x0d,0x0b,0x2f,0x88,0xc2,0x28,0x90,
    0x82,0x2e,0xd4,0xc3,0x60,0x0a,0xbc,0x40,0x0a,0xb2,0xb0,0x61,0xd9,0x44,0x61,0x14,0x48,0xa1,0x17,0xea,0x61,0x30,0x85,0x8d,
    0x14,0x64,0x61,0xc3,0x22,0x0e,0xa2,0x30,0x0a,0xa4,0x00,0x0e,0xf5,0x30,0x98,0x82,0x38,0x90,0x82,0x2c,0x6c,0x58,0xca,0x41,
    0x14,0x46,0x81,0x14,0xc6,0xa1,0x1e,0x06,0x53,0x28,0x07,0x52,0x90,0x85,0x0d,0x0b,0x3a,0x88,0xc2,0x28,0x90,0x82,0x39,0xd4,
    0xc3,0x60,0x0a,0xe8,0x40,0x0a,0xb2,0xb0,0x61,0x21,0x03,0x51,0x18,0x05,0x52,0x48,0x87,0x7a,0x18,0x4c,0x81,0x0c,0x48,0x41,
    0x16,0x36,0x38,0xf4,0x60,0x0f,0xf7,0x90,0x0f,0xfa,0xb0,0x0f,0xfc,0xd0,0x0f,0xfe,0xf0,0x0f,0x20,0x11,0x12,0x22,0x31,0x12,
    0x1b,0x06,0x79,0x20,0x09,0x60,0x43,0xa1,0x07,0xa1,0x50,0x12,0x13,0x40,0x44,0x4c,0x2e,0xcc,0x6d,0x0c,0xad,0x6c,0x6e,0x82,
    0x40,0x8c,0x01,0x0d,0x33,0xb6,0xb7,0x30,0xba,0xb9,0x09,0x02,0x41,0x06,0x2c,0xd2,0xdc,0xe6,0xe8,0xe6,0x26,0x08,0x44,0x19,
    0x90,0x48,0x73,0xa3,0x9b,0x9b,0x20,0x10,0x66,0x40,0x63,0x2e,0xed,0xec,0x8b,0x8d,0x6c,0x82,0x40,0x9c,0x01,0x8d,0xb9,0xb4,
    0xb3,0xaf,0x39,0xba,0x09,0x02,0x81,0x06,0x2c,0xea,0xd2,0xdc,0xe8,0xe6,0x26,0x08,0x44,0x1a,0x6c,0x70,0x4e,0x02,0x25,0x52,
    0x42,0x25,0x56,0x82,0x25,0x5a,0xc2,0x25,0x5e,0x02,0x26,0x62,0x42,0x26,0x66,0x82,0x26,0xaa,0xb0,0xb1,0xd9,0xb5,0xb9,0xa4,
    0x91,0x95,0xb9,0xd1,0x4d,0x09,0x82,0x2a,0x64,0x78,0x2e,0x76,0x65,0x72,0x73,0x69,0x6f,0x6e,0x53,0x02,0xa2,0x09,0x19,0x9e,
    0x8b,0x5d,0x18,0x9b,0x5d,0x99,0xdc,0x94,0xa0,0xa8,0x43,0x86,0xe7,0x32,0x87,0x16,0x46,0x56,0x26,0xd7,0xf4,0x46,0x56,0xc6,
    0x36,0x25,0x40,0xca,0x90,0xe1,0xb9,0xc8,0x95,0xcd,0xbd,0xd5,0xc9,0x8d,0x95,0xcd,0x4d,0x09,0xa4,0x4a,0x64,0x78,0x2e,0x74,
    0x79,0x70,0x65,0x41,0x6e,0x6e,0x6f,0x74,0x61,0x74,0x69,0x6f,0x6e,0x73,0x53,0x04,0x3c,0xe8,0x83,0x3a,0x64,0x78,0x2e,0x76,
    0x69,0x65,0x77,0x49,0x64,0x53,0x74,0x61,0x74,0x65,0x53,0x82,0x3f,0xa8,0x43,0x86,0xe7,0x52,0xe6,0x46,0x27,0x97,0x07,0xf5,
    0x96,0xe6,0x46,0x37,0x37,0x25,0x28,0x89,0x2e,0x64,0x78,0x2e,0x63,0x6f,0x75,0x6e,0x74,0x65,0x72,0x73,0x53,0x02,0x9a,0x00,
    0x79,0x18,0x00,0x00,0x51,0x00,0x00,0x00,0x33,0x08,0x80,0x1c,0xc4,0xe1,0x1c,0x66,0x14,0x01,0x3d,0x88,0x43,0x38,0x84,0xc3,
    0x8c,0x42,0x80,0x07,0x79,0x78,0x07,0x73,0x98,0x71,0x0c,0xe6,0x00,0x0f,0xed,0x10,0x0e,0xf4,0x80,0x0e,0x33,0x0c,0x42,0x1e,
    0xc2,0xc1,0x1d,0xce,0xa1,0x1c,0x66,0x30,0x05,0x3d,0x88,0x43,0x38,0x84,0x83,0x1b,0xcc,0x03,0x3d,0xc8,0x43,0x3d,0x8c,0x03,
    0x3d,0xcc,0x78,0x8c,0x74,0x70,0x07,0x7b,0x08,0x07,0x79,0x48,0x87,0x70,0x70,0x07,0x7a,0x70,0x03,0x76,0x78,0x87,0x70,0x20,
    0x87,0x19,0xcc,0x11,0x0e,0xec,0x90,0x0e,0xe1,0x30,0x0f,0x6e,0x30,0x0f,0xe3,0xf0,0x0e,0xf0,0x50,0x0e,0x33,0x10,0xc4,0x1d,
    0xde,0x21,0x1c,0xd8,0x21,0x1d,0xc2,0x61,0x1e,0x66,0x30,0x89,0x3b,0xbc,0x83,0x3b,0xd0,0x43,0x39,0xb4,0x03,0x3c,0xbc,0x83,
    0x3c,0x84,0x03,0x3b,0xcc,0xf0,0x14,0x76,0x60,0x07,0x7b,0x68,0x07,0x37,0x68,0x87,0x72,0x68,0x07,0x37,0x80,0x87,0x70,0x90,
    0x87,0x70,0x60,0x07,0x76,0x28,0x07,0x76,0xf8,0x05,0x76,0x78,0x87,0x77,0x80,0x87,0x5f,0x08,0x87,0x71,0x18,0x87,0x72,0x98,
    0x87,0x79,0x98,0x81,0x2c,0xee,0xf0,0x0e,0xee,0xe0,0x0e,0xf5,0xc0,0x0e,0xec,0x30,0x03,0x62,0xc8,0xa1,0x1c,0xe4,0xa1,0x1c,
    0xcc,0xa1,0x1c,0xe4,0xa1,0x1c,0xdc,0x61,0x1c,0xca,0x21,0x1c,0xc4,0x81,0x1d,0xca,0x61,0x06,0xd6,0x90,0x43,0x39,0xc8,0x43,
    0x39,0x98,0x43,0x39,0xc8,0x43,0x39,0xb8,0xc3,0x38,0x94,0x43,0x38,0x88,0x03,0x3b,0x94,0xc3,0x2f,0xbc,0x83,0x3c,0xfc,0x82,
    0x3b,0xd4,0x03,0x3b,0xb0,0xc3,0x0c,0xc4,0x21,0x07,0x7c,0x70,0x03,0x7a,0x28,0x87,0x76,0x80,0x87,0x19,0xd1,0x43,0x0e,0xf8,
    0xe0,0x06,0xe4,0x20,0x0e,0xe7,0xe0,0x06,0xf6,0x10,0x0e,0xf2,0xc0,0x0e,0xe1,0x90,0x0f,0xef,0x50,0x0f,0xf4,0x30,0x83,0x81,
    0xc8,0x01,0x1f,0xdc,0x40,0x1c,0xe4,0xa1,0x1c,0xc2,0x61,0x1d,0xdc,0x40,0x1c,0xe4,0x01,0x00,0x00,0x00,0x71,0x20,0x00,0x00,
    0x26,0x00,0x00,0x00,0x46,0x00,0x0d,0x97,0xef,0x3c,0x7e,0x80,0x34,0x40,0x84,0xf9,0xc5,0x6d,0xdb,0xc1,0x36,0x5c,0xbe,0xf3,
    0xf8,0x42,0x40,0x15,0x05,0x11,0x95,0x0e,0x30,0x94,0x84,0x01,0x08,0x98,0x5f,0xdc,0xb6,0x25,0x48,0xc3,0xe5,0x3b,0x8f,0x2f,
    0x44,0x04,0x30,0x11,0x21,0xd0,0x0c,0x0b,0x61,0x05,0xce,0x70,0xf9,0xce,0xe3,0x0f,0xce,0x74,0xfb,0xc5,0x6d,0x5b,0xc0,0x34,
    0x5c,0xbe,0xf3,0xf8,0x8b,0x03,0x0c,0x62,0xf3,0x50,0x93,0x5f,0xdc,0xb6,0x09,0x4c,0xc3,0xe5,0x3b,0x8f,0xbf,0x38,0xc0,0x20,
    0x36,0x0f,0x35,0xf9,0xc8,0x6d,0xdb,0x40,0x35,0x5c,0xbe,0xf3,0xf8,0xd2,0xe4,0x44,0x04,0x4a,0x4d,0x0f,0x35,0xf9,0xc5,0x6d,
    0x1b,0x82,0x34,0x5c,0xbe,0xf3,0xf8,0x13,0x11,0x4d,0x08,0x10,0x61,0x7e,0x71,0xdb,0x66,0xf0,0x0c,0x97,0xef,0x3c,0x3e,0xd5,
    0x00,0x11,0xe6,0x17,0xb7,0x6d,0x00,0x04,0x03,0x20,0x0d,0x00,0x00,0x00,0x00,0x00,0x48,0x41,0x53,0x48,0x14,0x00,0x00,0x00,
    0x00,0x00,0x00,0x00,0x93,0x67,0x8e,0x86,0xeb,0x65,0x78,0x26,0xd6,0xae,0x90,0x55,0x89,0x9d,0x44,0xc1,0x44,0x58,0x49,0x4c,
    0x80,0x4b,0x00,0x00,0x60,0x00,0x01,0x00,0xe0,0x12,0x00,0x00,0x44,0x58,0x49,0x4c,0x00,0x01,0x00,0x00,0x10,0x00,0x00,0x00,
    0x68,0x4b,0x00,0x00,0x42,0x43,0xc0,0xde,0x21,0x0c,0x00,0x00,0xd7,0x12,0x00,0x00,0x0b,0x82,0x20,0x00,0x02,0x00,0x00,0x00,
    0x13,0x00,0x00,0x00,0x07,0x81,0x23,0x91,0x41,0xc8,0x04,0x49,0x06,0x10,0x32,0x39,0x92,0x01,0x84,0x0c,0x25,0x05,0x08,0x19,
    0x1e,0x04,0x8b,0x62,0x80,0x18,0x45,0x02,0x42,0x92,0x0b,0x42,0xc4,0x10,0x32,0x14,0x38,0x08,0x18,0x4b,0x0a,0x32,0x62,0x88,
    0x48,0x90,0x14,0x20,0x43,0x46,0x88,0xa5,0x00,0x19,0x32,0x42,0xe4,0x48,0x0e,0x90,0x11,0x23,0xc4,0x50,0x41,0x51,0x81,0x8c,
    0xe1,0x83,0xe5,0x8a,0x04,0x31,0x46,0x06,0x51,0x18,0x00,0x00,0x08,0x00,0x00,0x00,0x1b,0x8c,0xe0,0xff,0xff,0xff,0xff,0x07,
    0x40,0x02,0xa8,0x0d,0x84,0xf0,0xff,0xff,0xff,0xff,0x03,0x20,0x6d,0x30,0x86,0xff,0xff,0xff,0xff,0x1f,0x00,0x09,0xa8,0x00,
    0x49,0x18,0x00,0x00,0x03,0x00,0x00,0x00,0x13,0x82,0x60,0x42,0x20,0x4c,0x08,0x06,0x00,0x00,0x00,0x00,0x89,0x20,0x00,0x00,
    0x36,0x00,0x00,0x00,0x32,0x22,0x88,0x09,0x20,0x64,0x85,0x04,0x13,0x23,0xa4,0x84,0x04,0x13,0x23,0xe3,0x84,0xa1,0x90,0x14,
    0x12,0x4c,0x8c,0x8c,0x0b,0x84,0xc4,0x4c,0x10,0xac,0xc1,0x08,0x40,0x09,0x00,0x0a,0x66,0x00,0xe6,0x08,0xc0,0x60,0x8e,0x00,
    0x29,0xc6,0x40,0x10,0x44,0x41,0x90,0x51,0x0c,0x82,0x20,0x88,0x82,0x20,0xa4,0x18,0x00,0x41,0x10,0xc5,0x40,0x4a,0x21,0x06,
    0x62,0x18,0x88,0x29,0xc8,0x40,0x0c,0xc3,0x30,0x0c,0x03,0x39,0x65,0x18,0x88,0x81,0xa0,0xa3,0x86,0xcb,0x9f,0xb0,0x87,0x90,
    0x7c,0x6e,0xa3,0x8a,0x95,0x98,0xfc,0xe2,0xb6,0x11,0x31,0x0c,0xc3,0x40,0xc5,0x3d,0xc3,0xe5,0x4f,0xd8,0x43,0x48,0x7e,0x08,
    0x34,0xc3,0x42,0xa0,0x60,0x2a,0x84,0x44,0x50,0x04,0x55,0xa5,0x18,0x88,0x61,0x18,0xe8,0x9a,0x23,0x08,0x8a,0x41,0x11,0x05,
    0x41,0x64,0xa4,0x0d,0x04,0x0c,0x23,0x10,0x43,0x12,0x74,0x89,0xe0,0x1d,0x75,0x38,0xd2,0xb4,0x00,0x98,0x43,0x4d,0x3e,0x47,
    0xbe,0x44,0x34,0x11,0x17,0x8d,0x82,0x8f,0xc0,0x24,0xf0,0x92,0xa2,0x4b,0x9c,0x2e,0x21,0xba,0x34,0xe8,0x8e,0x3a,0x1c,0x69,
    0x5a,0x00,0xcc,0xa1,0x26,0x9f,0x23,0x5f,0x22,0x9a,0x88,0xab,0x46,0x88,0x38,0x7e,0x64,0x57,0x9a,0x1d,0x9d,0x29,0x18,0x40,
    0x4c,0x01,0x00,0x00,0x13,0x14,0x72,0xc0,0x87,0x74,0x60,0x87,0x36,0x68,0x87,0x79,0x68,0x03,0x72,0xc0,0x87,0x0d,0xaf,0x50,
    0x0e,0x6d,0xd0,0x0e,0x7a,0x50,0x0e,0x6d,0x00,0x0f,0x7a,0x30,0x07,0x72,0xa0,0x07,0x73,0x20,0x07,0x6d,0x90,0x0e,0x71,0xa0,
    0x07,0x73,0x20,0x07,0x6d,0x90,0x0e,0x78,0xa0,0x07,0x73,0x20,0x07,0x6d,0x90,0x0e,0x71,0x60,0x07,0x7a,0x30,0x07,0x72,0xd0,
    0x06,0xe9,0x30,0x07,0x72,0xa0,0x07,0x73,0x20,0x07,0x6d,0x90,0x0e,0x76,0x40,0x07,0x7a,0x60,0x07,0x74,0xd0,0x06,0xe6,0x10,
    0x07,0x76,0xa0,0x07,0x73,0x20,0x07,0x6d,0x60,0x0e,0x73,0x20,0x07,0x7a,0x30,0x07,0x72,0xd0,0x06,0xe6,0x60,0x07,0x74,0xa0,
    0x07,0x76,0x40,0x07,0x6d,0xe0,0x0e,0x78,0xa0,0x07,0x71,0x60,0x07,0x7a,0x30,0x07,0x72,0xa0,0x07,0x76,0x40,0x07,0x43,0x9e,
    0x00,0x00,0x00,0x00,0x00,0x00,0x00,0x00,0x00,0x00,0x00,0x86,0x3c,0x06,0x10,0x00,0x01,0x00,0x00,0x00,0x00,0x00,0x00,0x00,
    0x0c,0x79,0x10,0x20,0x00,0x02,0x00,0x00,0x00,0x00,0x00,0x00,0x00,0x18,0xf2,0x28,0x40,0x00,0x08,0x00,0x00,0x00,0x00,0x00,
    0x00,0x00,0x30,0xe4,0x61,0x80,0x00,0x08,0x00,0x00,0x00,0x00,0x00,0x00,0x00,0x60,0xc8,0xe3,0x00,0x01,0x10,0x00,0x00,0x00,
    0x00,0x00,0x00,0x00,0xc0,0x90,0x07,0x02,0x02,0x20,0x00,0x00,0x00,0x00,0x00,0x00,0x00,0x80,0x21,0x4f,0x05,0x04,0xc0,0x00,
    0x00,0x00,0x00,0x00,0x00,0x00,0x00,0x43,0x9e,0x0b,0x08,0x80,0x00,0x00,0x00,0x00,0x00,0x00,0x00,0x00,0x86,0x3c,0x1a,0x10,
    0x00,0x03,0x00,0x00,0x00,0x00,0x00,0x00,0x00,0x64,0x81,0x00,0x6c,0x00,0x00,0x00,0x32,0x1e,0x98,0x18,0x19,0x11,0x4c,0x90,
    0x8c,0x09,0x26,0x47,0xc6,0x04,0x43,0x22,0x4a,0x60,0x04,0xa0,0x20,0x8a,0xa1,0x00,0x11,0x0a,0xb0,0xa4,0x0c,0xca,0xa1,0x08,
    0x0a,0xa1,0x3c,0x4a,0xa1,0x24,0x8a,0xa2,0x2c,0x0a,0xa3,0x34,0x8a,0x83,0x8a,0x92,0x18,0x01,0x28,0x84,0x32,0x28,0x85,0x22,
    0x28,0x01,0x0a,0x67,0x00,0x08,0x9d,0x01,0xa0,0x74,0x2c,0x91,0x00,0x05,0x3c,0xf8,0xf7,0xde,0xfd,0xff,0xe1,0xff,0xff,0xbf,
    0xf8,0xf7,0xde,0xfd,0xff,0xe1,0xff,0xff,0xbf,0xf8,0xf7,0xde,0xfd,0xff,0xe1,0xff,0xff,0xbf,0x00,0x00,0x78,0xef,0xdd,0xff,
    0x1f,0xfe,0xff,0xbf,0xe0,0xbd,0x77,0xff,0x7f,0xf8,0xff,0xff,0x82,0xf7,0xde,0xfd,0xff,0xe1,0xff,0xff,0x0b,0x00,0xfe,0xbd,
    0x77,0xff,0x7f,0xf8,0xff,0xff,0x2f,0xfe,0xbd,0x77,0xff,0x7f,0xf8,0xff,0xff,0x2f,0xfe,0xbd,0x77,0xff,0x7f,0xf8,0xff,0xff,
    0x2f,0x00,0x00,0xde,0x7b,0xf7,0xff,0x87,0xff,0xff,0x2f,0x78,0xef,0xdd,0xff,0x1f,0xfe,0xff,0xbf,0xe0,0xbd,0x77,0xff,0x7f,
    0xf8,0xff,0xff,0x02,0x00,0x18,0x25,0x05,0x00,0x8c,0x51,0x02,0x00,0xc5,0x18,0x01,0x40,0x12,0x0c,0x00,0x18,0x25,0x05,0x00,
    0x8c,0x51,0x02,0x00,0xc5,0x18,0x01,0x40,0x52,0x8c,0x80,0x7f,0xef,0xdd,0xff,0x1f,0xfe,0xff,0xff,0x8b,0x7f,0xef,0xdd,0xff,
    0x1f,0xfe,0xff,0xff,0x8b,0x7f,0xef,0xdd,0xff,0x1f,0xfe,0xff,0xff,0x8b,0x7f,0xef,0xdd,0xff,0x1f,0xfe,0xff,0xff,0x8b,0x7f,
    0xef,0xdd,0xff,0x1f,0xfe,0xff,0xff,0x8b,0x7f,0xef,0xdd,0xff,0x1f,0xfe,0xff,0xff,0x8b,0x7f,0xef,0xdd,0xff,0x1f,0xfe,0xff,
    0xff,0x0b,0x00,0x00,0x41,0x10,0xfc,0xff,0xe1,0xff,0xff,0x0b,0x04,0x41,0xf0,0xff,0x87,0xff,0xff,0x2f,0x00,0x00,0x00,0x10,
    0x04,0xc1,0xff,0x1f,0xfe,0xff,0xbf,0x40,0x10,0x04,0xff,0x7f,0xf8,0xff,0xff,0x02,0x00,0x00,0x00,0x41,0x10,0xfc,0xff,0xe1,
    0xff,0xff,0x0b,0x04,0x41,0xf0,0xff,0x87,0xff,0xff,0x2f,0x00,0x00,0x00,0x10,0x04,0xc1,0xff,0x1f,0xfe,0xff,0xbf,0x40,0x10,
    0x04,0xff,0x7f,0xf8,0xff,0xff,0x02,0x00,0x00,0x00,0x41,0x10,0xfc,0xff,0xe1,0xff,0xff,0x0b,0x04,0x41,0xf0,0xff,0x87,0xff,
    0xff,0x2f,0x00,0x00,0x00,0x10,0x04,0xc1,0xff,0x1f,0xfe,0xff,0xbf,0x40,0x10,0x04,0xff,0x7f,0xf8,0xff,0xff,0x02,0x00,0x00,
    0x00,0x41,0x10,0xfc,0xff,0xe1,0xff,0xff,0x0b,0x04,0x41,0xf0,0xff,0x87,0xff,0xff,0x2f,0x00,0x00,0x00,0x10,0x04,0xc1,0xff,
    0x1f,0xfe,0xff,0xbf,0x40,0x10,0x04,0xff,0x7f,0xf8,0xff,0xff,0x02,0x00,0x00,0x00,0x79,0x18,0x00,0x00,0xd1,0x00,0x00,0x00,
    0x1a,0x03,0x4c,0x90,0x46,0x02,0x13,0xc4,0x31,0x20,0xc3,0x1b,0x43,0x81,0x93,0x4b,0xb3,0x0b,0xa3,0x2b,0x4b,0x01,0x89,0x71,
    0xc1,0x71,0x81,0x71,0xa1,0xb9,0x99,0xc9,0x01,0x41,0x21,0xcb,0x09,0xab,0x29,0xcb,0xb9,0x21,0x83,0x49,0xd9,0x10,0x04,0x13,
    0x04,0x42,0x99,0x20,0x10,0xcb,0x06,0x61,0x20,0x26,0x08,0x04,0xb3,0x41,0x18,0x0c,0x0a,0x76,0x73,0x13,0x04,0xa2,0xd9,0x30,
    0x20,0x09,0x31,0x41,0x08,0x83,0x31,0x20,0x30,0x41,0x20,0x9c,0x0d,0x08,0xb1,0x30,0x03,0x31,0x34,0xc0,0x04,0x01,0x0d,0xc8,
    0x60,0x82,0x40,0x3c,0x1b,0x90,0xe1,0x61,0x86,0x61,0x80,0x80,0x0d,0x82,0x13,0x6d,0x20,0x00,0x40,0x02,0x26,0x08,0x69,0x50,
    0x06,0x1b,0x02,0x6a,0x82,0x20,0x00,0x24,0xda,0xc2,0xd2,0xdc,0x88,0x50,0x15,0x61,0x0d,0x3d,0x3d,0x49,0x11,0x4d,0x10,0x0a,
    0x6e,0x82,0x50,0x74,0x1b,0x02,0x62,0x82,0x50,0x78,0x13,0x04,0x02,0x9a,0x20,0x10,0xd1,0x06,0xa1,0xf3,0x36,0x2c,0x04,0x96,
    0x69,0x9b,0x36,0x70,0x84,0xf6,0x6d,0x08,0x86,0x09,0x42,0xf1,0x6d,0x58,0x06,0x2c,0xd3,0xc2,0x40,0x1b,0xc4,0x60,0xd0,0xbe,
    0x09,0x02,0x21,0x6d,0x08,0xc8,0x60,0xc3,0x42,0x06,0x58,0xa6,0x95,0x81,0x36,0x88,0x01,0x19,0x68,0xdf,0x86,0xa0,0xdb,0xb0,
    0x74,0x58,0xa6,0x9d,0x81,0x36,0x88,0x41,0xa7,0x7d,0x13,0x04,0x62,0xda,0x10,0xa4,0xc1,0x04,0x81,0xa0,0x36,0x08,0xdd,0x1a,
    0x6c,0x58,0xd2,0x00,0xcb,0x34,0x35,0xd0,0x06,0x2e,0x0d,0x34,0x36,0x98,0x20,0x10,0xd5,0x86,0xc0,0x0d,0x36,0x2c,0x6e,0x80,
    0x65,0xda,0x1b,0x68,0x03,0xe7,0x06,0x1a,0x1b,0x4c,0x10,0x0a,0x30,0xd8,0x10,0x24,0x1b,0x96,0x04,0x8b,0x03,0x4d,0x0e,0xb4,
    0x81,0x4b,0x34,0x36,0xd8,0x10,0x78,0x1b,0x16,0x0f,0xcb,0x34,0x3a,0xd0,0x06,0x31,0xf0,0xb4,0x6f,0x43,0x60,0x6c,0x10,0xba,
    0x6e,0xc3,0x62,0x60,0x99,0x66,0x07,0xda,0xc0,0x19,0xda,0x1d,0x4c,0x10,0x08,0x6b,0x43,0x90,0x07,0x1b,0x96,0x3c,0xc0,0x32,
    0x4d,0x0f,0xb4,0x81,0xcb,0x03,0xed,0x0e,0x26,0x08,0xc4,0xb5,0x21,0xe0,0x83,0x0d,0x0b,0x1f,0x60,0x99,0xd6,0x07,0xda,0xc0,
    0xf1,0x81,0x76,0x07,0x13,0x04,0x02,0xdb,0x10,0xfc,0xc1,0x86,0xe5,0x0f,0xb0,0x4c,0x03,0x05,0x6d,0xe0,0xfe,0x40,0xbb,0x83,
    0x09,0x02,0x91,0x6d,0x08,0x44,0x61,0xc3,0x22,0x0a,0x58,0xa6,0x8d,0x82,0x36,0x70,0xa2,0xa0,0xdd,0xc1,0x04,0x81,0xd0,0x36,
    0x04,0xa5,0xb0,0x61,0x29,0x05,0x2c,0xd3,0x4c,0x41,0x1b,0xb8,0x52,0xd0,0xee,0x60,0x82,0x40,0x6c,0x1b,0x02,0x54,0xd8,0xb0,
    0xa0,0x02,0x96,0x69,0xa9,0xa0,0x0d,0x1c,0x2a,0x68,0x77,0xb0,0x21,0x58,0x83,0x0d,0xcb,0x1a,0x60,0x99,0xb6,0x0a,0xda,0xc0,
    0xad,0x81,0x76,0x07,0x1b,0x20,0x30,0x18,0x03,0x33,0x40,0x83,0x36,0x80,0x83,0x39,0xa8,0x03,0x3c,0xd8,0x03,0x3f,0x08,0x05,
    0x52,0x38,0x05,0x55,0x60,0x05,0x2e,0x53,0x56,0x5f,0x50,0x6f,0x73,0x69,0x74,0x69,0x6f,0x6e,0x1b,0x16,0xc2,0x15,0x32,0x31,
    0xd8,0xb8,0x81,0x23,0x34,0x36,0x98,0x20,0x14,0x61,0xb0,0x61,0x19,0xb0,0x4c,0xdb,0x60,0x61,0xe0,0x06,0x8d,0x0d,0x36,0x2c,
    0x64,0x80,0x65,0x5a,0x18,0xc0,0xc2,0xc0,0x91,0x81,0xc6,0x06,0x13,0x84,0x42,0x0c,0x36,0x2c,0x1d,0x96,0x69,0x65,0x30,0x0b,
    0x03,0xd7,0x69,0x6c,0xb0,0x61,0x49,0x03,0x2c,0xd3,0xce,0x60,0x16,0x06,0x2e,0x0d,0x34,0x36,0xd8,0xb0,0xb8,0x01,0x96,0x69,
    0x6a,0x00,0x0b,0x03,0xe7,0x06,0x1a,0x1b,0x6c,0x58,0x12,0x2c,0xd3,0xde,0x00,0x16,0x06,0x2e,0xd1,0xd8,0x60,0xc3,0xe2,0x61,
    0x99,0x26,0x07,0xb0,0x30,0x70,0x9e,0xc6,0x06,0x1b,0x16,0x03,0xcb,0x34,0x3a,0x80,0x85,0x81,0x33,0x34,0x36,0xd8,0xb0,0xe4,
    0x01,0x96,0x69,0x76,0x00,0x0b,0x03,0x97,0x07,0x1a,0x1b,0x6c,0x58,0xf8,0x00,0xcb,0x34,0x3d,0x80,0x85,0x81,0xe3,0x03,0x8d,
    0x0d,0x36,0x2c,0x7f,0x80,0x65,0x5a,0x1f,0xc0,0xc2,0xc0,0xfd,0x81,0xc6,0x06,0x1b,0x16,0x51,0xc0,0x32,0x0d,0x14,0x60,0x61,
    0xe0,0x44,0x41,0x63,0x83,0x0d,0x4b,0x29,0x60,0x99,0x36,0x0a,0xb0,0x30,0x70,0xa5,0xa0,0xb1,0xc1,0x06,0xe7,0x15,0x62,0x41,
    0x16,0x68,0xa1,0x16,0x6c,0xe1,0x16,0x70,0x21,0x17,0x74,0x61,0x17,0x78,0xa1,0x17,0x7c,0x61,0xc3,0xd0,0x0a,0xbf,0x00,0x6c,
    0x28,0xac,0x0b,0x1c,0x26,0xa0,0x0a,0x1b,0x9b,0x5d,0x9b,0x4b,0x1a,0x59,0x99,0x1b,0xdd,0x94,0x20,0xa8,0x42,0x86,0xe7,0x62,
    0x57,0x26,0x37,0x97,0xf6,0xe6,0x36,0x25,0x20,0x9a,0x90,0xe1,0xb9,0xd8,0x85,0xb1,0xd9,0x95,0xc9,0x4d,0x09,0x8c,0x3a,0x64,
    0x78,0x2e,0x73,0x68,0x61,0x64,0x65,0x72,0x4d,0x6f,0x64,0x65,0x6c,0x53,0x82,0xa4,0x0c,0x19,0x9e,0x8b,0x5c,0xd9,0xdc,0x5b,
    0x9d,0xdc,0x58,0xd9,0xdc,0x94,0x40,0xaa,0x43,0x86,0xe7,0x62,0x97,0x56,0x76,0x97,0x44,0x36,0x45,0x17,0x46,0x57,0x36,0x25,
    0xa0,0xea,0x90,0xe1,0xb9,0x94,0xb9,0xd1,0xc9,0xe5,0x41,0xbd,0xa5,0xb9,0xd1,0xcd,0x4d,0x09,0xc0,0x01,0x79,0x18,0x00,0x00,
    0x51,0x00,0x00,0x00,0x33,0x08,0x80,0x1c,0xc4,0xe1,0x1c,0x66,0x14,0x01,0x3d,0x88,0x43,0x38,0x84,0xc3,0x8c,0x42,0x80,0x07,
    0x79,0x78,0x07,0x73,0x98,0x71,0x0c,0xe6,0x00,0x0f,0xed,0x10,0x0e,0xf4,0x80,0x0e,0x33,0x0c,0x42,0x1e,0xc2,0xc1,0x1d,0xce,
    0xa1,0x1c,0x66,0x30,0x05,0x3d,0x88,0x43,0x38,0x84,0x83,0x1b,0xcc,0x03,0x3d,0xc8,0x43,0x3d,0x8c,0x03,0x3d,0xcc,0x78,0x8c,
    0x74,0x70,0x07,0x7b,0x08,0x07,0x79,0x48,0x87,0x70,0x70,0x07,0x7a,0x70,0x03,0x76,0x78,0x87,0x70,0x20,0x87,0x19,0xcc,0x11,
    0x0e,0xec,0x90,0x0e,0xe1,0x30,0x0f,0x6e,0x30,0x0f,0xe3,0xf0,0x0e,0xf0,0x50,0x0e,0x33,0x10,0xc4,0x1d,0xde,0x21,0x1c,0xd8,
    0x21,0x1d,0xc2,0x61,0x1e,0x66,0x30,0x89,0x3b,0xbc,0x83,0x3b,0xd0,0x43,0x39,0xb4,0x03,0x3c,0xbc,0x83,0x3c,0x84,0x03,0x3b,
    0xcc,0xf0,0x14,0x76,0x60,0x07,0x7b,0x68,0x07,0x37,0x68,0x87,0x72,0x68,0x07,0x37,0x80,0x87,0x70,0x90,0x87,0x70,0x60,0x07,
    0x76,0x28,0x07,0x76,0xf8,0x05,0x76,0x78,0x87,0x77,0x80,0x87,0x5f,0x08,0x87,0x71,0x18,0x87,0x72,0x98,0x87,0x79,0x98,0x81,
    0x2c,0xee,0xf0,0x0e,0xee,0xe0,0x0e,0xf5,0xc0,0x0e,0xec,0x30,0x03,0x62,0xc8,0xa1,0x1c,0xe4,0xa1,0x1c,0xcc,0xa1,0x1c,0xe4,
    0xa1,0x1c,0xdc,0x61,0x1c,0xca,0x21,0x1c,0xc4,0x81,0x1d,0xca,0x61,0x06,0xd6,0x90,0x43,0x39,0xc8,0x43,0x39,0x98,0x43,0x39,
    0xc8,0x43,0x39,0xb8,0xc3,0x38,0x94,0x43,0x38,0x88,0x03,0x3b,0x94,0xc3,0x2f,0xbc,0x83,0x3c,0xfc,0x82,0x3b,0xd4,0x03,0x3b,
    0xb0,0xc3,0x0c,0xc4,0x21,0x07,0x7c,0x70,0x03,0x7a,0x28,0x87,0x76,0x80,0x87,0x19,0xd1,0x43,0x0e,0xf8,0xe0,0x06,0xe4,0x20,
    0x0e,0xe7,0xe0,0x06,0xf6,0x10,0x0e,0xf2,0xc0,0x0e,0xe1,0x90,0x0f,0xef,0x50,0x0f,0xf4,0x30,0x83,0x81,0xc8,0x01,0x1f,0xdc,
    0x40,0x1c,0xe4,0xa1,0x1c,0xc2,0x61,0x1d,0xdc,0x40,0x1c,0xe4,0x01,0x00,0x00,0x00,0x71,0x20,0x00,0x00,0x26,0x00,0x00,0x00,
    0x46,0x00,0x0d,0x97,0xef,0x3c,0x7e,0x80,0x34,0x40,0x84,0xf9,0xc5,0x6d,0xdb,0xc1,0x36,0x5c,0xbe,0xf3,0xf8,0x42,0x40,0x15,
    0x05,0x11,0x95,0x0e,0x30,0x94,0x84,0x01,0x08,0x98,0x5f,0xdc,0xb6,0x25,0x48,0xc3,0xe5,0x3b,0x8f,0x2f,0x44,0x04,0x30,0x11,
    0x21,0xd0,0x0c,0x0b,0x61,0x05,0xce,0x70,0xf9,0xce,0xe3,0x0f,0xce,0x74,0xfb,0xc5,0x6d,0x5b,0xc0,0x34,0x5c,0xbe,0xf3,0xf8,
    0x8b,0x03,0x0c,0x62,0xf3,0x50,0x93,0x5f,0xdc,0xb6,0x09,0x4c,0xc3,0xe5,0x3b,0x8f,0xbf,0x38,0xc0,0x20,0x36,0x0f,0x35,0xf9,
    0xc8,0x6d,0xdb,0x40,0x35,0x5c,0xbe,0xf3,0xf8,0xd2,0xe4,0x44,0x04,0x4a,0x4d,0x0f,0x35,0xf9,0xc5,0x6d,0x1b,0x82,0x34,0x5c,
    0xbe,0xf3,0xf8,0x13,0x11,0x4d,0x08,0x10,0x61,0x7e,0x71,0xdb,0x66,0xf0,0x0c,0x97,0xef,0x3c,0x3e,0xd5,0x00,0x11,0xe6,0x17,
    0xb7,0x6d,0x00,0x04,0x03,0x20,0x0d,0x00,0x61,0x20,0x00,0x00,0x78,0x10,0x00,0x00,0x13,0x04,0x21,0x12,0x0b,0x04,0x00,0x00,
    0x36,0x00,0x00,0x00,0x94,0x8d,0x00,0x10,0x51,0x34,0x65,0x18,0x50,0x84,0x01,0x25,0x18,0x50,0x80,0x01,0xe5,0x57,0x7c,0xa5,
    0x57,0x78,0xc5,0x55,0x76,0x33,0x00,0xe5,0x56,0x46,0x25,0x53,0x30,0x85,0x54,0x03,0x15,0x08,0x88,0x50,0x80,0x80,0x08,0x05,
    0x08,0x08,0x51,0x80,0x80,0x18,0x05,0x08,0x08,0x52,0xfe,0x03,0x05,0x48,0x50,0x2e,0xa5,0x52,0x72,0x75,0x50,0x20,0x25,0x52,
    0x24,0x65,0x52,0x28,0xc5,0x52,0x38,0x85,0x18,0x50,0x3a,0xa5,0x18,0x50,0x3c,0xc5,0x18,0x50,0x3e,0xe5,0x18,0x50,0x40,0x05,
    0x19,0x50,0x42,0x25,0x19,0x50,0x44,0x45,0x19,0x50,0xfa,0x01,0xe5,0x1f,0x50,0x82,0x02,0x65,0x28,0x50,0x8a,0x02,0xe5,0x28,
    0x50,0x92,0x02,0x65,0x29,0x50,0x4a,0xc5,0x54,0x4e,0x05,0x55,0x52,0x45,0x55,0x56,0x85,0x55,0x5a,0xe5,0x55,0x60,0x25,0x56,
    0x64,0x65,0x56,0x68,0xa5,0x56,0x6c,0x05,0x57,0x74,0x34,0x8c,0x11,0xdc,0x78,0x3b,0xb6,0xbc,0x30,0x46,0x00,0x82,0x20,0x88,
    0xff,0xc2,0x18,0x01,0x08,0x82,0x20,0xff,0x8d,0x11,0xec,0xb1,0x1a,0xef,0xbf,0x30,0x46,0x00,0x82,0x20,0x08,0x82,0xc2,0x18,
    0xc1,0x8d,0xb7,0x63,0xcb,0x8d,0x11,0x80,0x20,0x08,0x82,0x60,0x30,0x46,0x00,0x82,0x20,0x08,0x7f,0x63,0x04,0x20,0x08,0x82,
    0xf8,0x37,0x02,0x00,0x23,0x06,0x09,0x00,0x82,0x60,0xa0,0xd1,0xc3,0x1e,0xf0,0xc2,0x3c,0xcc,0xc3,0x2d,0x8c,0x18,0x24,0x00,
    0x08,0x82,0x81,0x56,0x0f,0x7c,0xd0,0x0b,0xf3,0x30,0x0f,0xb8,0x30,0x62,0x90,0x00,0x20,0x08,0x06,0x86,0x3f,0xb0,0xc3,0x3a,
    0xd0,0x83,0x38,0xb4,0xc2,0x88,0x41,0x02,0x80,0x20,0x18,0x18,0xff,0xd0,0x0e,0xec,0x50,0x0f,0xbe,0xe0,0x0a,0x23,0x06,0x09,
    0x00,0x82,0x60,0x60,0x80,0x84,0x3b,0x98,0x83,0x3d,0x90,0xc3,0x2b,0x8c,0x18,0x24,0x00,0x08,0x82,0x81,0x11,0x12,0xef,0x70,
    0x0e,0xf7,0x00,0x0e,0xb0,0x30,0x62,0x90,0x00,0x20,0x08,0x06,0x86,0x48,0xc0,0x43,0x3a,0xe0,0x83,0x39,0xc4,0xc2,0x88,0x41,
    0x02,0x80,0x20,0x18,0x18,0x23,0x11,0x0f,0xea,0x90,0x0f,0xe2,0x20,0x0b,0x23,0x06,0x09,0x00,0x82,0x60,0x60,0x90,0x84,0x3c,
    0xb0,0x83,0x3e,0xa0,0xc3,0x2c,0x8c,0x18,0x24,0x00,0x08,0x82,0x81,0x51,0x12,0xf3,0xd0,0x0e,0xfb,0x40,0x0e,0xb4,0x30,0x62,
    0x90,0x00,0x20,0x08,0x06,0x86,0x49,0xd0,0xc3,0x3b,0xf0,0x83,0x3a,0xd4,0xc2,0x88,0x41,0x02,0x80,0x20,0x18,0x18,0x27,0x51,
    0x0f,0xf0,0xd0,0x0f,0xe6,0x60,0x0b,0x23,0x06,0x09,0x00,0x82,0x60,0x60,0xa0,0x84,0x3d,0xc8,0x83,0x3f,0xb0,0xc3,0x2d,0x8c,
    0x18,0x24,0x00,0x08,0x82,0x81,0x91,0x12,0xf7,0x30,0x0f,0xff,0x80,0x0e,0xb8,0x30,0x62,0x90,0x00,0x20,0x08,0x06,0x86,0x4a,
    0xe0,0x43,0x3d,0x80,0x84,0x3b,0xe4,0xc2,0x88,0x41,0x02,0x80,0x20,0x18,0x18,0x2b,0x91,0x0f,0xf6,0x10,0x12,0xea,0xa0,0x0b,
    0x23,0x06,0x09,0x00,0x82,0x60,0x60,0xb0,0x84,0x3e,0x84,0x84,0x48,0xc0,0xc3,0x2e,0x8c,0x18,0x24,0x00,0x08,0x82,0x81,0xd1,
    0x12,0xfb,0x20,0x12,0x23,0xc1,0x0e,0xbc,0x30,0x62,0x90,0x00,0x20,0x08,0x06,0x86,0x4b,0xf0,0x83,0x3f,0x90,0x84,0x3c,0xf4,
    0xc2,0x88,0x41,0x02,0x80,0x20,0x18,0x18,0x2f,0xd1,0x0f,0xff,0x50,0x12,0xee,0xe0,0x0b,0x23,0x06,0x09,0x00,0x82,0x60,0x60,
    0xc0,0x84,0x3f,0x80,0x84,0x49,0xc0,0xc3,0x2f,0x8c,0x18,0x24,0x00,0x08,0x82,0x01,0x02,0x13,0xff,0x50,0x12,0x27,0x51,0x0f,
    0xe0,0x30,0x62,0x90,0x00,0x20,0x08,0x06,0x48,0x4c,0x80,0x84,0x49,0xa0,0x44,0x3c,0x84,0xc3,0x88,0x41,0x02,0x80,0x20,0x18,
    0x20,0x32,0x11,0x12,0x27,0x91,0x12,0xf3,0x20,0x0e,0x23,0x06,0x09,0x00,0x82,0x60,0x80,0xcc,0x84,0x48,0xa0,0x84,0x4a,0xd8,
    0xc3,0x38,0x8c,0x18,0x24,0x00,0x08,0x82,0x81,0x51,0x13,0x23,0x11,0x12,0x2b,0x91,0x0f,0xe4,0x30,0x62,0x90,0x00,0x20,0x08,
    0x06,0x86,0x4d,0x90,0x84,0x48,0xb0,0x44,0x3d,0x94,0xc3,0x88,0x41,0x02,0x80,0x20,0x18,0x18,0x37,0x51,0x12,0x23,0xd1,0x12,
    0xf7,0x60,0x0e,0x23,0x06,0x09,0x00,0x82,0x60,0x60,0xe0,0x84,0x49,0x90,0x84,0x4b,0xe8,0xc3,0x39,0x8c,0x18,0x24,0x00,0x08,
    0x82,0x81,0x91,0x13,0x27,0x71,0x12,0x2f,0xd1,0x0f,0xe8,0x30,0x62,0x90,0x00,0x20,0x08,0x06,0x86,0x4e,0xa0,0x04,0x4a,0xc0,
    0x44,0x3e,0xa4,0xc3,0x88,0x41,0x02,0x80,0x20,0x18,0x18,0x3b,0x91,0x12,0x29,0x11,0x13,0xfb,0xa0,0x0e,0x23,0x06,0x09,0x00,
    0x82,0x60,0x60,0xf0,0x84,0x4a,0xa8,0x84,0x4c,0xf8,0xc3,0x3a,0x8c,0x18,0x24,0x00,0x08,0x82,0x81,0xd1,0x13,0x2b,0xe1,0x12,
    0x33,0x11,0x12,0xec,0x30,0x62,0x90,0x00,0x20,0x08,0x06,0x86,0x4f,0xb0,0xc4,0x4b,0xd0,0x44,0x3f,0xb4,0xc3,0x88,0x41,0x02,
    0x80,0x20,0x18,0x18,0x3f,0xd1,0x12,0x30,0x51,0x13,0xff,0xe0,0x0e,0x23,0x06,0x09,0x00,0x82,0x60,0x60,0x80,0x85,0x4b,0xbc,
    0x84,0x4d,0x90,0xc4,0x3b,0x8c,0x18,0x24,0x00,0x08,0x82,0x81,0x11,0x16,0x2f,0x01,0x13,0x37,0x01,0x12,0xf0,0x30,0x62,0x90,
    0x00,0x20,0x08,0x06,0x86,0x58,0xc0,0x44,0x4c,0xe0,0x84,0x48,0xc4,0xc3,0x88,0x41,0x02,0x80,0x20,0x18,0x18,0x63,0x11,0x13,
    0x3a,0x91,0x13,0x27,0x21,0x0f,0x23,0x06,0x09,0x00,0x82,0x60,0x60,0x90,0x85,0x4c,0xec,0x84,0x4e,0x8c,0xc4,0x3c,0x8c,0x18,
    0x24,0x00,0x08,0x82,0x81,0x51,0x16,0x33,0xc1,0x13,0x3b,0x51,0x12,0xf4,0x30,0x62,0x90,0x00,0x20,0x08,0x06,0x86,0x59,0xd0,
    0x04,0x4f,0xf0,0x84,0x4a,0xd4,0xc3,0x88,0x41,0x02,0x80,0x20,0x18,0x18,0x67,0x51,0x13,0x3d,0xd1,0x13,0x26,0x61,0x0f,0x23,
    0x06,0x09,0x00,0x82,0x60,0x60,0xa0,0x85,0x4d,0xf8,0x84,0x4f,0xa0,0xc4,0x3d,0x8c,0x18,0x1c,0x00,0x08,0x82,0x41,0x35,0x16,
    0xf9,0xd0,0x06,0xf6,0x30,0x9a,0x10,0x04,0x16,0xc8,0x01,0x7c,0x2e,0x20,0x68,0x34,0x81,0x10,0x2c,0xa8,0x03,0xf8,0x5c,0x40,
    0xd0,0x70,0x03,0xf1,0x13,0x60,0x30,0xcb,0x10,0x14,0x41,0x09,0xef,0xa0,0xc3,0x0d,0x41,0x5a,0x80,0xc1,0x2c,0x83,0x30,0x04,
    0xa3,0x09,0x0a,0x60,0x94,0x13,0x1f,0xa3,0x9c,0xf8,0x18,0xe5,0xc4,0xc7,0x88,0x41,0x3e,0x56,0x0c,0xf2,0x31,0x63,0x90,0x8f,
    0x0d,0x14,0x7c,0x6c,0xa0,0xe0,0x63,0x03,0x05,0x9f,0x59,0x82,0x61,0xa0,0x62,0x30,0x04,0x37,0x08,0x06,0x2a,0x06,0x43,0x70,
    0x83,0x60,0xa0,0x62,0x30,0x04,0x37,0x08,0x86,0x1b,0xa2,0xbb,0x30,0x83,0x59,0x06,0xa2,0x08,0x46,0x13,0x30,0xc0,0xca,0xe0,
    0x8b,0x8f,0x95,0xc1,0x17,0x1f,0x2b,0x83,0x2f,0x3e,0x46,0x0c,0xf2,0xb1,0x62,0x90,0x8f,0x19,0x83,0x7c,0x6c,0x28,0x03,0xf8,
    0xd8,0x50,0x06,0xf0,0xb1,0xa1,0x0c,0xe0,0x33,0x4b,0x50,0x0c,0x74,0x0c,0x1c,0xc1,0x0d,0xaa,0x00,0x0c,0x74,0x0c,0x1c,0xc1,
    0x0d,0xaa,0x00,0x0c,0x74,0x0c,0x1c,0xc1,0x0d,0xaa,0x00,0x0c,0x74,0x0c,0x0c,0x61,0x0b,0x83,0x2d,0x00,0x03,0x1d,0x03,0x43,
    0xd8,0xc2,0x60,0x0b,0xc0,0x40,0xc7,0xc0,0x10,0xb6,0x30,0xd8,0x02,0x30,0xdc,0x50,0x06,0xa8,0x01,0x06,0xb3,0x0c,0xc6,0x16,
    0xcc,0x12,0x1c,0x03,0x15,0xc3,0xaa,0x64,0x70,0x61,0x0c,0x54,0x0c,0xab,0x92,0xc1,0x85,0x31,0x50,0x31,0xac,0x4a,0x26,0x17,
    0xc6,0x40,0xc5,0xb0,0x2a,0x19,0x5d,0x18,0x03,0x15,0xc3,0xaa,0x64,0x76,0x61,0x0c,0x54,0x0c,0xab,0x92,0xe1,0x85,0x31,0x50,
    0x31,0xac,0x4a,0xa6,0x17,0xc6,0x40,0xc5,0xb0,0x2a,0x19,0x5f,0x18,0x03,0x15,0xc4,0xaa,0x64,0x60,0x63,0x0c,0x37,0x04,0x6c,
    0x60,0x06,0xb3,0x0c,0x19,0x12,0x0c,0x37,0x08,0x6d,0x00,0x06,0xb3,0x0c,0x4d,0x12,0x0c,0x37,0x0c,0xb3,0x01,0x06,0xb3,0x0c,
    0x8c,0x12,0x0c,0x37,0x10,0xb5,0x01,0x06,0xb3,0x0c,0xcc,0x12,0x0c,0x37,0x14,0xae,0x01,0x06,0xd3,0x0d,0xb0,0x50,0x0e,0xc1,
    0x2c,0x01,0x33,0xd0,0x31,0x08,0x8b,0x59,0x24,0x64,0xa1,0x18,0x14,0xc4,0x67,0x96,0xa0,0x19,0xa8,0x18,0x04,0x46,0x0c,0x90,
    0x81,0x8a,0xc1,0x60,0xc8,0x00,0x19,0x31,0x38,0x00,0x10,0x04,0x83,0xea,0x37,0xea,0x22,0x1d,0xe4,0x62,0x34,0x21,0x18,0x86,
    0x23,0x02,0x77,0x10,0xbe,0x59,0x06,0x27,0x0a,0x86,0x1b,0x1c,0xdf,0x00,0x83,0x59,0x86,0xe8,0x09,0x86,0x1b,0x1e,0xf0,0x00,
    0x83,0x59,0x86,0x08,0x0a,0x86,0x1b,0xa0,0xdc,0x00,0x83,0xe9,0x06,0x5c,0xb8,0x85,0x60,0x96,0x20,0x1a,0x28,0x21,0xc8,0xa0,
    0xb1,0x0b,0x87,0x2e,0x1e,0x01,0x1a,0x6e,0x08,0xc8,0x03,0x0d,0x66,0x19,0xa4,0x29,0x18,0x31,0x38,0x00,0x10,0x04,0x83,0x0a,
    0x3d,0xfc,0x42,0x1e,0xc8,0x63,0x34,0x21,0x00,0x46,0x13,0x84,0x60,0x34,0x61,0x10,0x46,0x13,0x88,0x61,0xc4,0xe0,0x00,0x40,
    0x10,0x0c,0xaa,0xf6,0x18,0x8d,0x7b,0x50,0x8f,0xd1,0x84,0x00,0x18,0x4d,0x10,0x82,0xd1,0x84,0x41,0x18,0x4d,0x20,0x86,0x11,
    0x83,0x03,0x00,0x41,0x30,0xa8,0xe4,0x03,0x35,0xf8,0xe1,0x3c,0x46,0x13,0x02,0x60,0x34,0x41,0x08,0x46,0x13,0x06,0x61,0x34,
    0x81,0x18,0x46,0x0c,0x0e,0x00,0x04,0xc1,0xa0,0xba,0x8f,0xd6,0x08,0x09,0xf7,0x18,0x4d,0x08,0x80,0xd1,0x04,0x21,0x18,0x4d,
    0x18,0x84,0xd1,0x04,0x62,0x98,0x25,0xc0,0x86,0x1b,0xac,0xfc,0x00,0x83,0x59,0x06,0xaa,0x0a,0x46,0x0c,0x0e,0x00,0x04,0xc1,
    0xa0,0xea,0x8f,0xd9,0x38,0x89,0xf8,0x18,0x4d,0x08,0x80,0xd1,0x04,0x21,0x18,0x4d,0x18,0x84,0xd1,0x04,0x62,0x18,0x31,0x38,
    0x00,0x10,0x04,0x83,0x4a,0x44,0x70,0x83,0x25,0xe8,0x63,0x34,0x21,0x00,0x46,0x13,0x84,0x60,0x34,0x61,0x10,0x46,0x13,0x88,
    0x61,0xc4,0xe0,0x00,0x40,0x10,0x0c,0xaa,0x13,0xe9,0x8d,0x98,0x08,0x91,0xd1,0x84,0x00,0x18,0x4d,0x10,0x82,0xd1,0x84,0x41,
    0x18,0x4d,0x20,0x86,0x11,0x83,0x03,0x00,0x41,0x30,0xa8,0x58,0x44,0x3c,0x6c,0x42,0x44,0x46,0x13,0x02,0x60,0x34,0x41,0x08,
    0x46,0x13,0x06,0x61,0x34,0x81,0x18,0x66,0x09,0xb0,0xe1,0x86,0x35,0x30,0x11,0x30,0x98,0x65,0xb0,0xae,0x60,0xc4,0xe0,0x00,
    0x40,0x10,0x0c,0x2a,0x19,0x41,0x0f,0x9e,0x68,0x91,0xd1,0x84,0x00,0x18,0x4d,0x10,0x82,0xd1,0x84,0x41,0x18,0x4d,0x20,0x86,
    0x11,0x83,0x03,0x00,0x41,0x30,0xa8,0x6e,0xa4,0x3d,0xc2,0x02,0x45,0x46,0x13,0x02,0x60,0x34,0x41,0x08,0x46,0x13,0x06,0x61,
    0x34,0x81,0x18,0x46,0x0c,0x0e,0x00,0x04,0xc1,0xa0,0xe2,0x11,0xf9,0x30,0x0b,0x16,0x19,0x4d,0x08,0x80,0xd1,0x04,0x21,0x18,
    0x4d,0x18,0x84,0xd1,0x04,0x62,0x18,0x31,0x38,0x00,0x10,0x04,0x83,0x2a,0x4c,0xee,0x63,0x2d,0x60,0x64,0x34,0x21,0x00,0x46,
    0x13,0x84,0x60,0x34,0x61,0x10,0x46,0x13,0x88,0x61,0x96,0x00,0x1b,0x31,0x38,0x00,0x10,0x04,0x83,0xca,0x4c,0xf8,0x03,0x2e,
    0x68,0x64,0x34,0x21,0x00,0x46,0x13,0x84,0x60,0x34,0x61,0x10,0x46,0x13,0x88,0x61,0xc4,0xe0,0x00,0x40,0x10,0x0c,0xaa,0x35,
    0x09,0x91,0xba,0xc0,0x91,0xd1,0x84,0x00,0x18,0x4d,0x10,0x82,0xd1,0x84,0x41,0x18,0x4d,0x20,0x86,0x11,0x83,0x03,0x00,0x41,
    0x30,0xa8,0xe0,0xc4,0x44,0xf4,0x82,0x47,0x46,0x13,0x02,0x60,0x34,0x41,0x08,0x46,0x13,0x06,0x61,0x34,0x81,0x18,0x46,0x0c,
    0x0e,0x00,0x04,0xc1,0xa0,0xaa,0x93,0x15,0xf9,0x0b,0x34,0x19,0x4d,0x08,0x80,0xd1,0x04,0x21,0x18,0x4d,0x18,0x84,0xd1,0x04,
    0x62,0x98,0x25,0xc0,0x06,0x4a,0x06,0xb1,0x90,0xf0,0x81,0x72,0x05,0xcb,0x0c,0xae,0x81,0x92,0x41,0x2c,0x24,0x7c,0xa0,0x5c,
    0xc1,0x32,0x83,0x6b,0xa0,0x64,0x10,0x0b,0x09,0x1f,0x28,0x57,0xb0,0xcc,0xe0,0x1a,0x28,0x19,0xc4,0x42,0xc2,0x07,0xca,0x15,
    0x2c,0x33,0xb8,0x06,0x4a,0x06,0xb0,0x90,0xec,0x81,0x62,0x05,0x8b,0x0c,0xae,0x81,0x92,0x01,0x2c,0x24,0x7b,0xa0,0x58,0xc1,
    0x22,0x83,0x6b,0xa0,0x64,0x00,0x0b,0xc9,0x1e,0x28,0x56,0xb0,0xc8,0xe0,0x1a,0x28,0x19,0xc0,0x42,0xb2,0x07,0x8a,0x15,0x2c,
    0x32,0xb8,0x06,0x4a,0x06,0x9f,0x90,0xe8,0x81,0x52,0x05,0x4b,0x0c,0xae,0x81,0x92,0xc1,0x27,0x24,0x7a,0xa0,0x54,0xc1,0x12,
    0x83,0x6b,0xa0,0x64,0xf0,0x09,0x89,0x1e,0x28,0x55,0xb0,0xc4,0xe0,0x1a,0x28,0x19,0x7c,0x42,0xa2,0x07,0x4a,0x15,0x2c,0x31,
    0xb8,0x06,0x4a,0x06,0x9e,0x90,0xe4,0x81,0x42,0x05,0x0b,0x0c,0xae,0x81,0x92,0x81,0x27,0x24,0x79,0xa0,0x50,0xc1,0x02,0x83,
    0x6b,0xa0,0x64,0xe0,0x09,0x49,0x1e,0x28,0x54,0xb0,0xc0,0xe0,0x1a,0x28,0x19,0x78,0x42,0x92,0x07,0x0a,0x15,0x2c,0x30,0xb8,
    0x0c,0x2a,0x09,0xf9,0x8c,0x18,0x20,0x00,0x08,0x82,0xc1,0xa5,0x2a,0x62,0xd2,0x94,0x44,0x30,0x62,0x80,0x00,0x20,0x08,0x06,
    0xd7,0xaa,0x8c,0x89,0x52,0x12,0x81,0x05,0x07,0x74,0x6c,0x4a,0x09,0xf9,0x8c,0x18,0x20,0x00,0x08,0x82,0xc1,0xe5,0x2a,0x66,
    0x02,0xa5,0x44,0x30,0x62,0x80,0x00,0x20,0x08,0x06,0xd7,0xab,0x9c,0x49,0x93,0x12,0x81,0x05,0x0a,0x74,0xcc,0x6a,0x09,0xf9,
    0x8c,0x18,0x20,0x00,0x08,0x82,0xc1,0x25,0x2b,0x6a,0x32,0xb5,0x44,0x30,0x62,0x80,0x00,0x20,0x08,0x06,0xd7,0xac,0xac,0x09,
    0xd4,0x12,0x81,0x05,0x0d,0x74,0x2c,0x8b,0x09,0xf9,0x8c,0x18,0x20,0x00,0x08,0x82,0xc1,0x65,0x2b,0x6e,0x62,0xc5,0x44,0x30,
    0x62,0x80,0x00,0x20,0x08,0x06,0xd7,0xad,0xbc,0xc9,0x14,0x13,0x81,0x05,0x10,0x74,0xac,0xe1,0x07,0xf9,0x98,0xd2,0x0f,0xf2,
    0xb1,0xc3,0x1f,0xe4,0x63,0xc4,0x3f,0xc8,0xc7,0x88,0x98,0x80,0x8f,0x11,0x31,0x01,0x1f,0x23,0x62,0x02,0x3e,0x46,0xc4,0x04,
    0x7c,0x0c,0x0d,0x74,0x42,0x3e,0x23,0x06,0x08,0x00,0x82,0x60,0x70,0x89,0x8b,0x9e,0x94,0x81,0x4e,0x04,0x23,0x06,0x08,0x00,
    0x82,0x60,0x70,0x8d,0xcb,0x9e,0x88,0x81,0x4e,0x04,0xa6,0x06,0x3d,0x21,0x9f,0x11,0x03,0x04,0x00,0x41,0x30,0xb8,0xca,0xa5,
    0x4f,0xce,0xa0,0x27,0x82,0x11,0x03,0x04,0x00,0x41,0x30,0xb8,0xcc,0xc5,0x4f,0xc8,0xa0,0x27,0x02,0x63,0x03,0xb0,0x90,0xcf,
    0x88,0x01,0x02,0x80,0x20,0x18,0x5c,0xe8,0x02,0x2a,0x69,0x00,0x16,0xc1,0x88,0x01,0x02,0x80,0x20,0x18,0x5c,0xe9,0x12,0x2a,
    0x66,0x00,0x16,0x81,0x1d,0x2d,0x21,0x1f,0x2b,0x5c,0x42,0x3e,0x36,0xbc,0x84,0x7c,0x6c,0xe8,0x09,0xf8,0xd8,0xd0,0x13,0xf0,
    0xb1,0xa1,0x27,0xe0,0x33,0x4b,0x90,0x0d,0x54,0x0c,0x68,0x82,0xa9,0xca,0x31,0x50,0x31,0xa0,0x01,0xa6,0x2a,0xc7,0x40,0xc5,
    0x80,0x06,0x98,0xaa,0x1c,0x03,0x15,0x03,0x1a,0x60,0xaa,0x72,0x0c,0x54,0x0c,0x68,0x80,0xa9,0xca,0x31,0x50,0x31,0x40,0x98,
    0xaa,0x1c,0x03,0x15,0x03,0x84,0xa9,0xca,0x31,0x50,0x31,0x40,0x98,0xaa,0x1c,0x56,0x16,0xf6,0x02,0x83,0xe1,0x86,0xc0,0x5d,
    0xc0,0x60,0x96,0x41,0x3b,0x82,0x11,0x83,0x03,0x00,0x41,0x30,0xa8,0xf6,0x25,0x56,0x48,0xc4,0x5e,0x46,0x13,0x02,0x60,0x34,
    0x41,0x08,0x46,0x13,0x06,0x61,0xc4,0xe0,0x00,0x40,0x10,0x0c,0xaa,0x7f,0xa9,0x15,0x14,0x81,0x97,0xd1,0x84,0x00,0x18,0x4d,
    0x10,0x82,0xd1,0x84,0x41,0x18,0x31,0x38,0x00,0x10,0x04,0x83,0x6a,0x64,0x72,0x85,0x45,0xe6,0x65,0x34,0x21,0x00,0x46,0x13,
    0x84,0x60,0x34,0x61,0x10,0x46,0x0c,0x0e,0x00,0x04,0xc1,0xa0,0x3a,0x99,0x5e,0x81,0x11,0x7b,0x19,0x4d,0x08,0x80,0xd1,0x04,
    0x21,0x18,0x4d,0x18,0x04,0x7b,0x32,0xf9,0x8c,0x18,0x20,0x00,0x08,0x82,0xc1,0xb5,0x32,0xe3,0xc2,0x64,0xc1,0x88,0x01,0x02,
    0x80,0x20,0x18,0x5c,0x2c,0x43,0x2e,0x49,0x16,0x8c,0x18,0x20,0x00,0x08,0x82,0xc1,0xd5,0x32,0xe5,0x62,0x64,0x81,0x49,0x9d,
    0x7c,0x46,0x0c,0x10,0x00,0x04,0xc1,0xe0,0x7a,0x99,0x73,0x79,0xba,0x60,0xc4,0x00,0x01,0x40,0x10,0x0c,0x2e,0x98,0x41,0x17,
    0xa6,0x0b,0x46,0x0c,0x10,0x00,0x04,0xc1,0xe0,0x8a,0x99,0x74,0x49,0xba,0xc0,0xaa,0x30,0x90,0xcf,0x88,0x01,0x02,0x80,0x20,
    0x18,0x5c,0x33,0xb3,0x2e,0x52,0x18,0x04,0x23,0x06,0x08,0x00,0x82,0x60,0x70,0xd1,0x0c,0xbb,0x3c,0x61,0x10,0x8c,0x18,0x20,
    0x00,0x08,0x82,0xc1,0x55,0x33,0xed,0xc2,0x84,0x41,0x30,0x62,0x70,0x00,0x20,0x08,0x06,0xd5,0xcd,0xb4,0x0b,0x98,0x94,0xcc,
    0x68,0x42,0x00,0x8c,0x26,0x08,0xc1,0x68,0xc2,0x20,0x8c,0x18,0x1c,0x00,0x08,0x82,0x41,0xb5,0x33,0xf1,0x42,0x26,0x28,0x33,
    0x9a,0x10,0x00,0xa3,0x09,0x42,0x30,0x9a,0x30,0x08,0x23,0x06,0x07,0x00,0x82,0x60,0x50,0xfd,0x4c,0xbd,0xa0,0xc9,0xca,0x8c,
    0x26,0x04,0xc0,0x68,0x82,0x10,0x8c,0x26,0x0c,0x82,0x2d,0x6d,0x20,0x9f,0x11,0x03,0x04,0x00,0x41,0x30,0xb8,0xc6,0x66,0x5f,
    0x90,0x36,0x08,0x46,0x0c,0x10,0x00,0x04,0xc1,0xe0,0x22,0x1b,0x7e,0x29,0xda,0x20,0xb0,0x06,0x0e,0xe4,0x33,0x62,0x80,0x00,
    0x20,0x08,0x06,0x97,0xd9,0xf8,0x8b,0x02,0x07,0xc1,0x88,0x01,0x02,0x80,0x20,0x18,0x5c,0x67,0xf3,0x2f,0x07,0x1c,0x04,0xf6,
    0xcc,0x81,0x7c,0x46,0x0c,0x10,0x00,0x04,0xc1,0xe0,0x4a,0x9b,0x90,0x61,0xe6,0x20,0x18,0x31,0x40,0x00,0x10,0x04,0x83,0x4b,
    0x6d,0x44,0x26,0x99,0x83,0x60,0xc4,0xe0,0x00,0x40,0x10,0x0c,0x2a,0xb6,0x11,0x99,0x3a,0x41,0x9b,0xd1,0x84,0x00,0x18,0x4d,
    0x10,0x82,0xd1,0x84,0x41,0x18,0x4d,0x20,0x86,0x11,0x83,0x03,0x00,0x41,0x30,0xa8,0xe2,0xe6,0x64,0xf4,0xc4,0x6d,0x46,0x13,
    0x02,0x60,0x34,0x41,0x08,0x46,0x13,0x06,0x61,0x34,0x81,0x18,0x46,0x0c,0x0e,0x00,0x04,0xc1,0xa0,0xb2,0x1b,0x96,0xf9,0x93,
    0xb5,0x19,0x4d,0x08,0x80,0xd1,0x04,0x21,0x18,0x4d,0x18,0x84,0xd1,0x04,0x62,0x18,0x31,0x38,0x00,0x10,0x04,0x83,0x6a,0x6f,
    0x62,0x86,0x54,0xe4,0x66,0x34,0x21,0x00,0x46,0x13,0x84,0x60,0x34,0x61,0x10,0x46,0x13,0x88,0xc1,0x26,0x57,0x90,0xcf,0x88,
    0x01,0x02,0x80,0x20,0x18,0x5c,0xa0,0x83,0x33,0x8f,0x2b,0x04,0x23,0x06,0x08,0x00,0x82,0x60,0x70,0x85,0x4e,0xce,0x2c,0xae,
    0x10,0x8c,0x18,0x20,0x00,0x08,0x82,0xc1,0x25,0x3a,0x3a,0x73,0xb8,0x42,0x60,0x96,0x2c,0xc8,0x67,0xc4,0x00,0x01,0x40,0x10,
    0x0c,0x2e,0xd2,0xe1,0x19,0x49,0x16,0x82,0x11,0x03,0x04,0x00,0x41,0x30,0xb8,0x4a,0xa7,0x67,0x1c,0x59,0x08,0x46,0x0c,0x10,
    0x00,0x04,0xc1,0xe0,0x32,0x1d,0x9f,0x51,0x64,0x21,0xb0,0xcc,0x16,0xe4,0x33,0x62,0x80,0x00,0x20,0x08,0x06,0x17,0xea,0x80,
    0x4d,0x65,0x0b,0xc1,0x88,0x01,0x02,0x80,0x20,0x18,0x5c,0xa9,0x13,0x36,0x91,0x2d,0x04,0x23,0x06,0x08,0x00,0x82,0x60,0x70,
    0xa9,0x8e,0xd8,0x34,0xb6,0x10,0x18,0xa7,0x0b,0xf2,0x19,0x31,0x40,0x00,0x10,0x04,0x83,0x8b,0x75,0xc8,0x06,0xd3,0x85,0x60,
    0xc4,0x00,0x01,0x40,0x10,0x0c,0xae,0xd6,0x29,0x1b,0x4a,0x17,0x82,0x11,0x03,0x04,0x00,0x41,0x30,0xb8,0x5c,0xc7,0x6c,0x20,
    0x5d,0x08,0x66,0x09,0xb8,0x11,0x83,0x03,0x00,0x41,0x30,0xa8,0x60,0xc7,0x6c,0x72,0x85,0x75,0x46,0x13,0x02,0x60,0x34,0x41,
    0x08,0x46,0x13,0x06,0x61,0x34,0x81,0x18,0x46,0x0c,0x0e,0x00,0x04,0xc1,0xa0,0xaa,0x9d,0xb5,0xf1,0x15,0xd9,0x19,0x4d,0x08,
    0x80,0xd1,0x04,0x21,0x18,0x4d,0x18,0x84,0xd1,0x04,0x62,0x18,0x31,0x38,0x00,0x10,0x04,0x83,0x4a,0x77,0xe0,0x66,0x5c,0x5e,
    0x67,0x34,0x21,0x00,0x46,0x13,0x84,0x60,0x34,0x61,0x10,0x46,0x13,0x88,0x61,0xc4,0xe0,0x00,0x40,0x10,0x0c,0xaa,0xdf,0xa9,
    0x1b,0x74,0xb1,0x9d,0xd1,0x84,0x00,0x18,0x4d,0x10,0x82,0xd1,0x84,0x41,0x18,0x4d,0x20,0x06,0x9b,0x7e,0x44,0x3e,0x23,0x06,
    0x08,0x00,0x82,0x60,0x70,0x91,0x0f,0xdf,0x3c,0x3f,0x12,0x8c,0x18,0x20,0x00,0x08,0x82,0xc1,0x55,0x3e,0x7d,0xb3,0xfc,0x48,
    0x60,0xc1,0x01,0x1d,0xb3,0xc6,0x44,0x3e,0x23,0x06,0x08,0x00,0x82,0x60,0x70,0xa1,0x0f,0xe8,0x48,0x63,0x12,0x8c,0x18,0x20,
    0x00,0x08,0x82,0xc1,0x95,0x3e,0xa1,0xe3,0x8c,0x49,0x60,0x81,0x02,0x1d,0xcb,0xce,0x44,0x3e,0x23,0x06,0x08,0x00,0x82,0x60,
    0x70,0xb1,0x0f,0xe9,0x54,0x67,0x12,0x8c,0x18,0x20,0x00,0x08,0x82,0xc1,0xd5,0x3e,0xa5,0x13,0x9d,0x49,0x60,0x41,0x03,0x1d,
    0xe3,0xd6,0x44,0x3e,0x23,0x06,0x08,0x00,0x82,0x60,0x70,0xc1,0x0f,0xea,0x60,0x6b,0x12,0x8c,0x18,0x20,0x00,0x08,0x82,0xc1,
    0x15,0x3f,0xa9,0x43,0xad,0x49,0x60,0x01,0x04,0x9d,0x11,0x83,0x03,0x00,0x41,0x30,0xa8,0xe8,0x47,0x75,0xfa,0xe5,0x7d,0x46,
    0x13,0x02,0x60,0x34,0x41,0x08,0x46,0x13,0x06,0x61,0xc4,0xe0,0x00,0x40,0x10,0x0c,0x2a,0xfc,0x71,0x9d,0x90,0x49,0x9f,0xd1,
    0x84,0x00,0x18,0x4d,0x10,0x82,0xd1,0x84,0x41,0x18,0x31,0x38,0x00,0x10,0x04,0x83,0x8a,0x7f,0x64,0xa7,0x64,0xd8,0x67,0x34,
    0x21,0x00,0x46,0x13,0x84,0x60,0x34,0x61,0x10,0x46,0x0c,0x0e,0x00,0x04,0xc1,0xa0,0x02,0x21,0xdb,0x49,0x99,0xf7,0x19,0x4d,
    0x08,0x80,0xd1,0x04,0x21,0x18,0x4d,0x18,0x04,0x7b,0xfe,0x44,0x3e,0x23,0x06,0x08,0x00,0x82,0x60,0x70,0x91,0x10,0xef,0x30,
    0x7f,0x12,0x8c,0x18,0x20,0x00,0x08,0x82,0xc1,0x55,0x42,0xbd,0x93,0xfc,0x49,0x60,0x81,0x01,0x1d,0x93,0x46,0x45,0x3e,0x23,
    0x06,0x08,0x00,0x82,0x60,0x70,0xa1,0x10,0xf8,0x3c,0xa3,0x12,0x8c,0x18,0x20,0x00,0x08,0x82,0xc1,0x95,0x42,0xe1,0xc3,0x8c,
    0x4a,0x60,0x41,0x02,0x1d,0xab,0x4e,0x45,0x3e,0x23,0x06,0x08,0x00,0x82,0x60,0x70,0xb1,0x10,0xf9,0x48,0xa7,0x12,0x8c,0x18,
    0x20,0x00,0x08,0x82,0xc1,0xd5,0x42,0xe5,0xf3,0x9c,0x4a,0x60,0x01,0x03,0x9d,0x11,0x83,0x03,0x00,0x41,0x30,0xa8,0x60,0xc8,
    0x7c,0x72,0xc6,0x7f,0x46,0x13,0x02,0x60,0x34,0x41,0x08,0x46,0x13,0x06,0x61,0xc4,0xe0,0x00,0x40,0x10,0x0c,0x2a,0x1a,0x52,
    0x9f,0x9e,0x09,0xa1,0xd1,0x84,0x00,0x18,0x4d,0x10,0x82,0xd1,0x84,0x41,0x18,0x31,0x38,0x00,0x10,0x04,0x83,0x0a,0x87,0xdc,
    0x27,0x6c,0x48,0x68,0x34,0x21,0x00,0x46,0x13,0x84,0x60,0x34,0x61,0x10,0x6c,0xa1,0x15,0xf9,0x8c,0x18,0x20,0x00,0x08,0x82,
    0xc1,0xc5,0x43,0xf4,0x83,0xd0,0x4a,0x30,0x62,0x80,0x00,0x20,0x08,0x06,0x57,0x0f,0xd5,0x4f,0x41,0x2b,0x81,0x35,0xb7,0x22,
    0x9f,0x11,0x03,0x04,0x00,0x41,0x30,0xb8,0x7e,0xe8,0x7e,0x94,0x5b,0x09,0x46,0x0c,0x10,0x00,0x04,0xc1,0xe0,0x02,0x23,0xfc,
    0x39,0x6e,0x25,0xb0,0x47,0x57,0xe4,0x33,0x62,0x80,0x00,0x20,0x08,0x06,0x97,0x18,0xe9,0x0f,0xa3,0x2b,0xc1,0x88,0x01,0x02,
    0x80,0x20,0x18,0x5c,0x63,0xb4,0x3f,0x89,0xae,0x04,0xb3,0x04,0xdc,0x40,0xc5,0x40,0x1a,0x1a,0x3f,0x6c,0x03,0x15,0x83,0x5f,
    0x68,0xf6,0xb0,0x0d,0x54,0x0c,0x78,0xa1,0xc1,0xc3,0x36,0x50,0x31,0xc8,0x85,0xa6,0x0e,0xdb,0x40,0xc5,0x60,0x27,0x1a,0x29,
    0x6c,0x03,0x15,0x03,0x9c,0x68,0x7e,0xb0,0x0d,0x54,0x0c,0x6a,0xa2,0xe1,0xc1,0x36,0x50,0x31,0xb8,0x88,0xc6,0x6d,0x03,0x15,
    0x83,0x8a,0x68,0xd8,0x36,0x50,0x31,0x98,0x88,0x46,0x6d,0x23,0x06,0x07,0x00,0x82,0x60,0x50,0xbd,0x51,0x09,0xe5,0x8d,0xfd,
    0x8c,0x26,0x04,0xc1,0x70,0x44,0xe0,0x37,0xc2,0x37,0xcb,0xd0,0x79,0xc1,0x88,0xc1,0x02,0x80,0x20,0x18,0x38,0x74,0x64,0x42,
    0x46,0x41,0x18,0x05,0x31,0x62,0x60,0x00,0x20,0x08,0x06,0x10,0x1d,0x95,0x50,0x60,0x01,0x22,0x1f,0x13,0x10,0xf9,0xd8,0x80,
    0xc8,0x67,0x96,0xc0,0x1b,0xa8,0x18,0x8c,0xce,0xe2,0x06,0x2a,0x06,0xa3,0xb3,0xb8,0x81,0x8a,0xc1,0xe8,0x2c,0x6e,0xc4,0xc0,
    0x00,0x40,0x10,0x0c,0xa0,0x3d,0xa2,0xa3,0x67,0xc4,0xe0,0x00,0x40,0x10,0x0c,0xaa,0x3d,0x8a,0xa1,0xd2,0xf1,0x9f,0xd1,0x84,
    0x00,0x18,0x4d,0x10,0x82,0xd1,0x84,0x41,0x18,0x4d,0x20,0x86,0x11,0x83,0x03,0x00,0x41,0x30,0xa8,0x40,0xc9,0x86,0x54,0xc7,
    0x84,0x46,0x13,0x02,0xc0,0x82,0xd7,0x81,0xcf,0x05,0x04,0x0d,0x37,0x04,0xa1,0x04,0x06,0xc3,0x0d,0x82,0x1e,0x81,0xc1,0x74,
    0xc3,0xdd,0x28,0xc1,0x74,0xc3,0xdd,0x28,0xc2,0x74,0xc3,0xdd,0x28,0xc3,0x74,0xc3,0xdd,0x28,0xc4,0x74,0xc3,0xdd,0x10,0xc6,
    0x74,0xc3,0xdd,0x10,0xc7,0x74,0xc3,0xdd,0x10,0xc8,0x74,0xc3,0xdd,0x10,0xc9,0x88,0xc1,0x01,0x80,0x20,0x18,0x54,0xae,0x44,
    0x46,0xb8,0x03,0x43,0xa3,0x09,0x01,0x30,0x9a,0x20,0x04,0xa3,0x09,0x83,0x30,0x9a,0x20,0x05,0x16,0x80,0x0f,0x7c,0x2e,0x20,
    0x68,0xb8,0x21,0x90,0x25,0x30,0x18,0x6e,0x10,0x56,0x09,0x0c,0xa6,0x1b,0x50,0x07,0x09,0xa6,0x1b,0x50,0x07,0x11,0xa6,0x1b,
    0x50,0x07,0x19,0xa6,0x1b,0x4e,0x67,0x28,0xa6,0x1b,0x4e,0x67,0x30,0xa6,0x1b,0x4e,0x67,0x38,0x46,0x0c,0x0e,0x00,0x04,0xc1,
    0xa0,0xea,0xa5,0x39,0x3a,0x1f,0x1f,0x1a,0x4d,0x08,0x80,0xd1,0x04,0x21,0x18,0x4d,0x18,0x84,0xd1,0x84,0x30,0x10,0x2c,0x78,
    0x1f,0xf8,0x5c,0x40,0xd0,0x70,0x43,0x10,0x4e,0x60,0x30,0xdc,0x20,0xe8,0x12,0x18,0x4c,0x37,0xdc,0x0e,0x12,0x4c,0x37,0xdc,
    0x0e,0x22,0x4c,0x37,0xdc,0x0e,0x32,0x4c,0x37,0xd8,0xce,0x50,0x4c,0x37,0xd8,0xce,0x60,0x4c,0x37,0xd8,0xce,0x70,0x8c,0x18,
    0x1c,0x00,0x08,0x82,0x41,0xc5,0x4e,0xa2,0x64,0x3f,0x6c,0x34,0x9a,0x10,0x00,0xa3,0x09,0x42,0x30,0x9a,0x30,0x08,0xa3,0x09,
    0x70,0x30,0x58,0xe0,0x3f,0xf0,0xb9,0x80,0xa0,0xe1,0x86,0x00,0x9e,0xc0,0x60,0xb8,0x41,0x48,0x27,0x30,0x98,0x6e,0x30,0x1f,
    0x24,0x98,0x6e,0x30,0x1f,0x44,0x98,0x6e,0x30,0x1f,0x64,0x98,0x6e,0x28,0x9f,0xa1,0x98,0x6e,0x28,0x9f,0xc1,0x98,0x6e,0x28,
    0x9f,0xe1,0x18,0x31,0x38,0x00,0x10,0x04,0x83,0x6a,0x9f,0x62,0xa9,0x84,0xf4,0x68,0x34,0x21,0x00,0x46,0x0c,0x0e,0x00,0x04,
    0xc1,0xa0,0xea,0xa7,0x59,0x3a,0xa1,0x3d,0x1a,0x4d,0x08,0x80,0x0b,0x08,0x1a,0x6e,0x08,0x5e,0xc9,0x0c,0x46,0x0c,0x0e,0x00,
    0x04,0xc1,0xa0,0x0a,0xa9,0x5b,0x5a,0x21,0x59,0x1a,0x4d,0x08,0x84,0xe1,0x88,0x00,0x86,0x84,0x6f,0xb8,0xa1,0x00,0x29,0x34,
    0x98,0x6e,0x08,0x29,0x23,0x18,0x4d,0x48,0x82,0xd1,0x04,0x45,0x18,0x4d,0x58,0x86,0x59,0x86,0x6f,0x14,0x92,0x59,0x02,0x30,
    0x18,0xa8,0x18,0xc6,0x25,0x14,0xd0,0x30,0xf8,0x06,0x2a,0x86,0x71,0x09,0x05,0x35,0x0c,0xbe,0x81,0x8a,0x61,0x5c,0x42,0x81,
    0x0d,0x83,0x6f,0xa0,0x62,0x58,0x97,0x50,0x70,0xc3,0xe0,0x1b,0xa8,0x18,0xd6,0x25,0x14,0xe0,0x30,0xf8,0x06,0x2a,0x86,0x75,
    0x09,0x05,0x39,0x0c,0xbe,0x81,0x8a,0x21,0x6e,0x42,0x81,0x0e,0x83,0x6f,0xa0,0x62,0x88,0x9b,0x50,0xb0,0xc3,0xe0,0x1b,0xa8,
    0x18,0xe2,0x26,0x14,0xf0,0x30,0xf8,0x06,0x2a,0x88,0xb8,0x09,0x05,0x1e,0x0d,0xbe,0xe1,0x86,0xc0,0x41,0x83,0x59,0x86,0x30,
    0x10,0x85,0xc0,0x04,0x95,0x92,0xc1,0x70,0xc3,0x10,0x53,0x60,0x30,0xcb,0x20,0x06,0x63,0x10,0x8c,0x18,0x1c,0x00,0x08,0x82,
    0x41,0x65,0x53,0xec,0x04,0x46,0xbd,0x34,0x9a,0x10,0x0c,0xc3,0x11,0x41,0x19,0x09,0xdf,0x2c,0xc1,0x18,0x0c,0x54,0x64,0xf4,
    0x19,0x84,0x81,0x20,0x06,0xb3,0x0c,0x64,0x50,0x06,0xc1,0x88,0xc1,0x01,0x80,0x20,0x18,0x54,0x3a,0x05,0x4f,0x64,0x74,0x4b,
    0xa3,0x09,0x01,0x30,0x9a,0x20,0x04,0xa3,0x09,0x83,0x30,0x9a,0x40,0x0c,0xb3,0x04,0x66,0x60,0xcb,0x2e,0xc1,0x60,0xc4,0xe0,
    0x00,0x40,0x10,0x0c,0x2a,0xb0,0xb2,0x27,0x35,0x0a,0x46,0x13,0x02,0x60,0x34,0x41,0x08,0x46,0x13,0x06,0x61,0x34,0x81,0x18,
    0x66,0x09,0xcc,0x60,0xa0,0x62,0xa0,0xc8,0x00,0x29,0x83,0x81,0x8a,0x81,0x22,0x03,0xa4,0x0c,0x06,0x2a,0x06,0x8a,0x0c,0x90,
    0x32,0x18,0xa8,0x18,0x28,0x32,0x40,0xca,0x60,0x96,0xe1,0x0c,0xd0,0x00,0x1a,0x31,0x38,0x00,0x10,0x04,0x83,0x2a,0xad,0xfe,
    0x69,0x8e,0xc8,0x69,0x34,0x21,0x00,0x46,0x13,0x84,0x60,0x34,0x61,0x10,0x46,0x13,0x88,0x61,0x96,0x20,0x0d,0x4c,0x43,0x27,
    0x18,0x8c,0x18,0x1c,0x00,0x08,0x82,0x41,0xf5,0x56,0x25,0x95,0x47,0xc1,0x68,0x42,0x00,0x8c,0x26,0x08,0xc1,0x68,0xc2,0x20,
    0x8c,0x26,0x10,0xc3,0x2c,0x41,0x1a,0x0c,0x54,0x0c,0xd4,0x19,0x20,0x68,0x30,0x50,0x31,0x50,0x67,0x80,0xa0,0xc1,0x40,0xc5,
    0x40,0x9d,0x01,0x82,0x06,0x03,0x15,0x03,0x75,0x06,0x08,0x1a,0xcc,0x32,0xa8,0xc1,0x1a,0x7c,0x23,0x06,0x07,0x00,0x82,0x60,
    0x50,0xe1,0x95,0x4b,0x89,0x52,0x3c,0x8d,0x26,0x04,0xc0,0x68,0x82,0x10,0x8c,0x26,0x0c,0xc2,0x2c,0x01,0x1b,0x18,0x1a,0xd0,
    0x13,0x0c,0x46,0x0c,0x0e,0x00,0x04,0xc1,0xa0,0xea,0xab,0x99,0x3a,0xa5,0x60,0x34,0x21,0x00,0x46,0x13,0x84,0x60,0x34,0x61,
    0x10,0x66,0x09,0xd8,0x60,0xa0,0x62,0x80,0xd4,0xc0,0x58,0x83,0x81,0x8a,0x01,0x52,0x03,0x63,0x0d,0x06,0x2a,0x06,0x48,0x0d,
    0x8c,0x35,0x98,0x65,0x68,0x03,0x37,0x58,0x83,0x11,0x83,0x03,0x00,0x41,0x30,0xa8,0x48,0x4b,0xa7,0x5c,0x69,0x9f,0x46,0x13,
    0x02,0x60,0x34,0x41,0x08,0x46,0x13,0x06,0x61,0x96,0xe0,0x0d,0x8c,0x0e,0xfc,0x09,0x06,0x23,0x06,0x07,0x00,0x82,0x60,0x50,
    0xa5,0xd6,0x4f,0xcd,0x52,0x30,0x9a,0x10,0x00,0xa3,0x09,0x42,0x30,0x9a,0x30,0x08,0xb3,0x04,0x6f,0x30,0x50,0x31,0x40,0x6d,
    0x60,0xb8,0xc1,0x40,0xc5,0x00,0xb5,0x81,0xe1,0x06,0x03,0x15,0x03,0xd4,0x06,0x86,0x1b,0xcc,0x32,0xc0,0x41,0x1c,0xdc,0xc1,
    0x88,0xc1,0x01,0x80,0x20,0x18,0x54,0xb0,0x65,0x56,0xba,0x54,0x52,0xa3,0x09,0x01,0x30,0x9a,0x20,0x04,0xa3,0x09,0x83,0x30,
    0x4b,0x20,0x07,0x06,0x0a,0x28,0x05,0x83,0x11,0x83,0x03,0x00,0x41,0x30,0xa8,0x6a,0x6b,0xad,0x7e,0x29,0x18,0x4d,0x08,0x80,
    0xd1,0x04,0x21,0x18,0x4d,0x18,0x84,0x59,0x02,0x39,0x18,0xa8,0x18,0x20,0x38,0x30,0xe2,0x60,0xa0,0x62,0x80,0xe0,0xc0,0x88,
    0x83,0x81,0x8a,0x01,0x82,0x03,0x23,0x0e,0x66,0x19,0xe6,0x80,0x0e,0x46,0x61,0xc4,0xe0,0x00,0x40,0x10,0x0c,0x2a,0xde,0x92,
    0x2b,0x73,0x7a,0xa9,0xd1,0x84,0x00,0x18,0x4d,0x10,0x82,0xd1,0x84,0x41,0x18,0x4d,0x20,0x86,0x59,0x82,0x3a,0xb0,0x56,0x98,
    0x29,0x18,0x8c,0x18,0x1c,0x00,0x08,0x82,0x41,0x25,0x5e,0x78,0xc5,0x4e,0xc1,0x68,0x42,0x00,0x8c,0x26,0x08,0xc1,0x68,0xc2,
    0x20,0x8c,0x26,0x10,0xc3,0x2c,0x41,0x1d,0x0c,0x54,0x0c,0xd4,0x1c,0x20,0x74,0x30,0x50,0x31,0x50,0x73,0x80,0xd0,0xc1,0x40,
    0xc5,0x40,0xcd,0x01,0x42,0x07,0x03,0x15,0x03,0x35,0x07,0x08,0x1d,0xcc,0x32,0xd8,0xc1,0x1d,0xc8,0xc2,0x88,0xc1,0x01,0x80,
    0x20,0x18,0x54,0xeb,0x15,0x5a,0xf5,0xc4,0x53,0xa3,0x09,0x01,0x30,0x9a,0x20,0x04,0xb3,0x04,0x78,0x60,0xba,0xe0,0x53,0x30,
    0x18,0x31,0x38,0x00,0x10,0x04,0x83,0xea,0xbd,0x4a,0x2b,0x9f,0x82,0xd1,0x84,0x00,0x18,0x4d,0x10,0x82,0x59,0x02,0x3c,0x18,
    0xa8,0x18,0x18,0x3b,0x20,0xee,0x60,0xa0,0x62,0x60,0xec,0x80,0xb8,0x83,0xe1,0x08,0x56,0x08,0x29,0xe2,0x9b,0x65,0xc8,0x03,
    0x3d,0x08,0x46,0x0c,0x16,0x00,0x04,0xc1,0xc0,0xb9,0xaf,0xd4,0x0a,0x05,0x50,0xf8,0x83,0x50,0x00,0x85,0x3f,0x18,0x31,0x30,
    0x00,0x10,0x04,0x03,0xe8,0xbe,0x50,0x2b,0xb0,0x51,0x08,0xe4,0x63,0x28,0x15,0xc4,0xc7,0x48,0x61,0x90,0x8f,0xa9,0x54,0x10,
    0x1f,0x2b,0x85,0x42,0x3e,0xc6,0x52,0x41,0x7c,0x66,0x09,0xf8,0xc0,0x70,0x81,0x36,0xe2,0x63,0xb8,0x40,0x1b,0xf1,0x31,0x5c,
    0xa0,0x8d,0xf8,0xd8,0x30,0xc8,0xc7,0x86,0x41,0x3e,0x16,0x08,0xf0,0x31,0x82,0x90,0x8f,0x09,0x01,0x7c,0x46,0x0c,0x0c,0x00,
    0x04,0xc1,0x00,0x32,0x31,0xdb,0x0a,0x46,0x0c,0x0e,0x00,0x04,0xc1,0x80,0x49,0xb1,0xdc,0x0a,0x6a,0xca,0x94,0x80,0x3e,0xa6,
    0x08,0xf4,0x31,0x65,0xa0,0x8f,0x15,0x61,0x20,0x1f,0x0b,0xc6,0x00,0x3e,0x16,0x1c,0xf2,0xb1,0xc0,0x0c,0xe0,0x33,0x62,0x70,
    0x00,0x20,0x08,0x06,0x4c,0x8c,0x85,0x57,0xd0,0x53,0xb6,0x53,0x01,0x7d,0x86,0x23,0x72,0x61,0xa7,0x84,0x6f,0x38,0x82,0xd1,
    0x05,0xe1,0x2b,0x21,0xd0,0xe9,0x06,0x9f,0x22,0x82,0xe1,0x08,0x76,0x30,0x2b,0xe1,0x9b,0x65,0xd8,0x03,0x3e,0x08,0x46,0x0c,
    0x16,0x00,0x04,0xc1,0xc0,0xb9,0xb1,0xf4,0x0a,0x07,0x70,0xf8,0x85,0x70,0x00,0x87,0x5f,0x18,0x31,0x30,0x00,0x10,0x04,0x03,
    0xe8,0xc6,0xd0,0x2b,0xb0,0x60,0x1c,0xe4,0x63,0xc2,0x38,0xc8,0xc7,0x86,0x71,0x90,0x8f,0xa9,0xd5,0x14,0x1f,0x5b,0xab,0x29,
    0x3e,0xc6,0x56,0x53,0x7c,0x46,0x0c,0x16,0x00,0x04,0xc1,0xc0,0xf9,0xb1,0xf8,0x1a,0x84,0xc0,0x28,0x08,0x0b,0xd6,0x20,0x3e,
    0xd6,0x06,0x6c,0x10,0x9f,0x11,0x83,0x03,0x00,0x41,0x30,0x60,0xc6,0x6c,0xbe,0x82,0xb7,0xb2,0x21,0xa0,0xcf,0x88,0xc1,0x01,
    0x80,0x20,0x18,0x30,0x65,0x56,0x5f,0x41,0x5b,0x8d,0x18,0x1c,0x00,0x08,0x82,0x01,0x63,0x66,0xf3,0x15,0xbc,0xd5,0x88,0x81,
    0x01,0x80,0x20,0x18,0x40,0x65,0xb6,0x5e,0x81,0x05,0x7b,0x20,0x9f,0x11,0x03,0x03,0x00,0x41,0x30,0x80,0xce,0x8c,0xbd,0x82,
    0xe1,0x08,0x85,0x0e,0x8a,0x6f,0xba,0x61,0xae,0x84,0x60,0x38,0x82,0xb9,0x03,0xe1,0x9b,0x6e,0xb0,0x2b,0x21,0xb0,0x00,0x93,
    0xcf,0x2c,0x01,0x1f,0x0c,0x74,0x0c,0xe8,0x90,0x07,0xaa,0xb0,0x07,0xaa,0xa0,0x07,0x03,0x1d,0x83,0x39,0xe4,0x81,0x2a,0xec,
    0x81,0x2a,0xe8,0xc1,0x40,0xc7,0x40,0x0e,0x79,0xa0,0x0a,0x7b,0xa0,0x0a,0x7a,0x30,0xd0,0x31,0xd8,0x6b,0x90,0x07,0xc8,0x1e,
    0xe0,0x81,0x1e,0x8c,0x18,0x2c,0x00,0x08,0x82,0x81,0x23,0x67,0x24,0x46,0x0c,0x02,0x31,0x08,0x23,0x06,0x06,0x00,0x82,0x60,
    0x00,0xc9,0xd9,0x88,0x05,0x16,0x18,0xf2,0x31,0xc1,0x90,0x8f,0x0d,0x86,0x7c,0x46,0x0c,0x16,0x00,0x04,0xc1,0xc0,0xb9,0xb3,
    0x14,0xf3,0x8f,0xfe,0xe0,0x8f,0x41,0x08,0x46,0x0c,0x0e,0x00,0x04,0xc1,0x80,0xc9,0xb3,0x14,0x0b,0x42,0xcb,0x10,0x5f,0x90,
    0x8f,0x25,0xbe,0x20,0x1f,0x53,0x7c,0x41,0x3e,0x36,0xc4,0x05,0x7c,0x6c,0x88,0x0b,0xf8,0xd8,0x10,0x17,0xf0,0xb1,0xc3,0x91,
    0x8f,0x05,0xfd,0x20,0x1f,0x13,0xfa,0x41,0x3e,0x36,0xf4,0x83,0x7c,0x6c,0xa8,0x0b,0xf8,0xd8,0x50,0x17,0xf0,0xb1,0xa1,0x2e,
    0xe0,0x33,0x1c,0xe1,0xbc,0x96,0xf0,0x0d,0x47,0xa4,0x06,0x6c,0x09,0x5f,0x05,0x82,0xce,0x32,0xf4,0x41,0x28,0x04,0x23,0x06,
    0x07,0x00,0x82,0x60,0x50,0x9d,0x5a,0x8f,0xc5,0x96,0x8b,0x8d,0x26,0x04,0xc0,0x70,0x44,0x60,0x5b,0xc2,0x37,0xcb,0xe0,0x07,
    0x7f,0x10,0x8c,0x18,0x2c,0x00,0x08,0x82,0x81,0xc3,0x6a,0x3e,0x16,0x26,0x60,0xf2,0x23,0x61,0x02,0x26,0x3f,0x32,0x62,0x60,
    0x00,0x20,0x08,0x06,0x10,0xab,0xf5,0x58,0x60,0xc1,0x98,0xc8,0xc7,0x84,0x31,0x91,0x8f,0x0d,0x63,0x22,0x1f,0x1b,0x83,0x21,
    0x3e,0x36,0x06,0x43,0x7c,0x6c,0x0c,0x86,0xf8,0xcc,0x12,0x80,0x82,0x91,0x41,0x79,0xc1,0x67,0x96,0x00,0x14,0x06,0x2a,0x06,
    0xc4,0x0f,0x5c,0xe1,0x0f,0x06,0x2a,0x06,0xc4,0x0f,0x5c,0xe1,0x0f,0x06,0x2a,0x06,0xc4,0x0f,0x8c,0x3f,0x18,0x31,0x58,0x00,
    0x10,0x04,0x03,0x07,0xd7,0xd4,0x6c,0x10,0x82,0x41,0x08,0x46,0x0c,0x0c,0x00,0x04,0xc1,0x00,0xc2,0xb5,0x34,0x0b,0x2c,0x28,
    0xe4,0x63,0x42,0x21,0x1f,0x1b,0x0a,0xf9,0x8c,0x18,0x2c,0x00,0x08,0x82,0x81,0xd3,0x6b,0x6f,0x46,0x26,0x63,0x22,0x26,0x83,
    0x10,0x8c,0x18,0x1c,0x00,0x08,0x82,0x01,0xf3,0x6b,0x6f,0x16,0x9c,0xd7,0x88,0x81,0x01,0x80,0x20,0x18,0x40,0xbe,0x46,0x66,
    0x81,0x05,0xe2,0x21,0x9f,0x11,0x03,0x03,0x00,0x41,0x30,0x80,0xc0,0xad,0xcc,0x02,0x0b,0xe2,0x40,0x3e,0x16,0xd0,0x84,0x7c,
    0x4c,0xa0,0x09,0xf9,0xd8,0x40,0x13,0xf2,0xb1,0xa1,0x36,0xe0,0x63,0x43,0x6d,0xc0,0xc7,0x86,0xda,0x80,0xcf,0x2c,0x41,0x28,
    0x0c,0x54,0x0c,0x06,0x28,0xc0,0x0d,0x1f,0x0c,0x54,0x0c,0x06,0x28,0xc0,0x0d,0x1f,0x0c,0x54,0x0c,0x06,0x28,0xc0,0x0d,0x1f,
    0x18,0x6e,0x9c,0x1b,0x0c,0x86,0x1b,0x02,0x73,0x43,0x83,0x59,0x06,0x30,0x10,0x85,0x60,0xa0,0x62,0x30,0x1d,0x30,0x20,0x87,
    0x50,0x18,0xa8,0x18,0x4c,0x07,0x0c,0xc8,0x21,0x14,0x06,0x2a,0x06,0xd3,0x01,0x03,0x72,0x08,0x85,0x81,0x8a,0xc1,0x74,0xc0,
    0x80,0x17,0x42,0x61,0xa0,0x62,0x30,0x1d,0x30,0xe0,0x85,0x50,0x18,0xa8,0x18,0x4c,0x07,0x0c,0x78,0x21,0x14,0x06,0x2a,0x06,
    0xd3,0x01,0x03,0x2b,0x14,0x06,0x2a,0x06,0xd3,0x01,0x03,0x2b,0x14,0x06,0x2a,0x06,0xd3,0x01,0x03,0x2b,0x14,0xcc,0x58,0x13,
    0xf9,0x98,0xb1,0x26,0xf2,0x31,0x63,0x4d,0xe4,0x63,0x8c,0x7c,0xc0,0xc7,0x82,0x1f,0x91,0x8f,0x05,0x22,0x02,0x1f,0x0b,0x0c,
    0xf8,0xd8,0x53,0x1f,0xf0,0xb1,0x40,0x4c,0xe4,0x63,0x41,0x89,0xc0,0xc7,0x82,0x04,0x3e,0x26,0xe1,0x07,0x7c,0x2c,0x28,0x13,
    0xf9,0x58,0x80,0x22,0xf0,0xb1,0x80,0x81,0x8f,0x49,0x3b,0x22,0x1f,0x93,0x76,0x44,0x3e,0x26,0xed,0x88,0x7c,0x66,0x09,0x46,
    0x61,0xa0,0x62,0xc0,0x44,0x41,0x9f,0xbc,0x81,0x8a,0x41,0x12,0x05,0x7d,0xf2,0x06,0x2a,0x06,0x46,0x14,0xf4,0xc9,0x1b,0xa8,
    0x18,0x18,0x51,0xb0,0xdf,0xc0,0x1b,0xa8,0x18,0x18,0x51,0xb0,0xdf,0xc0,0x1b,0xa8,0x18,0x18,0x51,0xb0,0xdf,0xc0,0x9b,0x65,
    0x20,0x05,0x53,0x68,0x91,0x11,0x83,0x03,0x00,0x41,0x30,0x60,0x60,0x0e,0xdc,0x0c,0x1c,0x1b,0x31,0x38,0x00,0x10,0x04,0x03,
    0x26,0xe6,0xc2,0xcd,0xc8,0xb1,0x11,0x83,0x03,0x00,0x41,0x30,0x60,0x64,0x4e,0xdc,0x0c,0x1d,0x1b,0x31,0x38,0x00,0x10,0x04,
    0x03,0x66,0xe6,0xc0,0x6d,0xe0,0xb1,0x11,0x83,0x03,0x00,0x41,0x30,0x60,0x68,0x2e,0xdc,0x86,0x1e,0x1b,0x31,0x38,0x00,0x10,
    0x04,0x03,0xa6,0xe6,0xc4,0x6d,0xf0,0xb1,0x59,0x86,0x52,0x30,0x05,0x18,0x19,0x31,0x38,0x00,0x10,0x04,0x03,0xc6,0xe6,0xcc,
    0x2d,0xf1,0xb1,0x11,0x83,0x03,0x00,0x41,0x30,0x60,0x6e,0xee,0xdc,0x92,0x1f,0x1b,0x31,0x38,0x00,0x10,0x04,0x03,0x06,0xe7,
    0xd0,0x2d,0x01,0xb3,0x11,0x83,0x03,0x00,0x41,0x30,0x60,0x72,0xce,0xdc,0x06,0x31,0x1b,0x31,0x38,0x00,0x10,0x04,0x03,0x46,
    0xe7,0xce,0x6d,0x18,0xb3,0x11,0x83,0x03,0x00,0x41,0x30,0x60,0x76,0x0e,0xdd,0x06,0x32,0x9b,0x25,0x30,0x85,0x81,0x8e,0x41,
    0x22,0x05,0xa9,0x14,0x58,0x38,0x18,0x85,0x81,0x8e,0x41,0x22,0x05,0xa9,0x14,0x58,0x38,0x18,0x85,0x81,0x8e,0x41,0x22,0x05,
    0xa9,0x14,0x58,0x38,0x18,0x85,0x81,0x8e,0xc1,0xa7,0x48,0xc1,0xa7,0x4a,0x81,0x85,0x83,0x51,0x18,0xe8,0x18,0x78,0x38,0x20,
    0x05,0xa7,0x14,0x78,0x38,0x18,0x85,0x81,0x8e,0x81,0x87,0x03,0x52,0x70,0x4a,0x81,0x87,0x83,0x51,0x18,0xe8,0x18,0x78,0x38,
    0x20,0x05,0xa7,0x14,0x78,0x38,0x18,0x85,0x11,0x83,0x03,0x00,0x41,0x30,0xa8,0xc0,0xce,0xde,0xd4,0xec,0xd5,0x46,0x13,0x02,
    0xe0,0x02,0x82,0x46,0x0c,0x0e,0x00,0x04,0xc1,0xa0,0x1a,0xbb,0x7c,0x6b,0xb3,0x58,0x1b,0x4d,0x08,0x80,0x0b,0x08,0x1a,0x31,
    0x38,0x00,0x10,0x04,0x83,0xca,0xec,0xf8,0x0d,0xce,0x66,0x6d,0x34,0x21,0x00,0x2e,0x20,0x68,0xc4,0xe0,0x00,0x40,0x10,0x0c,
    0xaa,0xb4,0xfb,0xb7,0x39,0xab,0xb5,0xd1,0x84,0x00,0xb8,0x80,0xa0,0x11,0x83,0x03,0x00,0x41,0x30,0xa8,0xd8,0x4e,0xe4,0xec,
    0xec,0xd6,0x46,0x13,0x02,0xe0,0x02,0x82,0x46,0x0c,0x0e,0x00,0x04,0xc1,0xa0,0x7a,0xbb,0x92,0xcb,0xb3,0x5c,0x1b,0x4d,0x08,
    0x80,0x0b,0x08,0x1a,0x31,0x38,0x00,0x10,0x04,0x83,0x4a,0xee,0x50,0x8e,0xcf,0x76,0x6d,0x34,0x21,0x00,0x2e,0x20,0x68,0xc4,
    0xe0,0x00,0x40,0x10,0x0c,0xaa,0xba,0x5b,0xb9,0x3f,0xeb,0xb5,0xd1,0x84,0x00,0xb8,0x80,0xa0,0xb2,0xdc,0x4e,0xeb,0x3a,0x39,
    0x1d,0x6e,0x08,0x4e,0x0e,0x0c,0x66,0x19,0x66,0xe1,0x14,0x82,0xe1,0x06,0xe1,0xe4,0xc0,0x60,0x96,0x61,0x16,0x50,0x21,0x18,
    0x6e,0x18,0x4e,0x0e,0x0c,0x66,0x19,0x52,0x41,0x15,0x82,0x11,0x83,0x05,0x00,0x41,0x30,0x70,0xfe,0x2e,0xe6,0x68,0x66,0x66,
    0x64,0x86,0x66,0x66,0x46,0x66,0x46,0x0c,0x0c,0x00,0x04,0xc1,0x00,0xfa,0x3b,0x98,0x0b,0x2c,0xb0,0x19,0xf9,0x98,0x60,0x33,
    0xf2,0xb1,0xc1,0x66,0xe4,0x33,0x62,0xb0,0x00,0x20,0x08,0x06,0x0e,0xe9,0xd9,0xdc,0x20,0x04,0x2b,0xa3,0x32,0x29,0x63,0x41,
    0xac,0xc9,0xc7,0x82,0x96,0x91,0x8f,0x09,0x2d,0x23,0x1f,0x1b,0x5a,0x46,0x3e,0x86,0x0c,0xf1,0x31,0x64,0x88,0x8f,0x21,0x43,
    0x7c,0x66,0x09,0x66,0x61,0xb8,0x21,0xa2,0x39,0x30,0x98,0x65,0x58,0x05,0x56,0x08,0x46,0x0c,0x16,0x00,0x04,0xc1,0xc0,0x69,
    0xbd,0x9f,0x13,0x9b,0xb0,0x01,0x1b,0xb1,0x09,0x1b,0xb0,0x19,0x31,0x30,0x00,0x10,0x04,0x03,0xa8,0xf5,0x7c,0x2e,0xb0,0x80,
    0x6c,0xe4,0x63,0x02,0xd9,0xc8,0xc7,0x06,0xb2,0x91,0xcf,0x88,0xc1,0x02,0x80,0x20,0x18,0x38,0xb2,0x47,0x76,0x83,0x10,0xe4,
    0x0c,0xce,0xdc,0x8c,0x05,0xbf,0x26,0x1f,0x0b,0x76,0x46,0x3e,0x26,0xec,0x8c,0x7c,0x6c,0xd8,0x19,0xf9,0x18,0x32,0xc4,0xc7,
    0x90,0x21,0x3e,0x86,0x0c,0xf1,0xb1,0x80,0xdc,0xe0,0x63,0x04,0x21,0x1f,0x23,0x08,0xf9,0x98,0x10,0xc0,0xc7,0x08,0x42,0x3e,
    0x26,0x04,0xf0,0x19,0x31,0x30,0x00,0x10,0x04,0x03,0xe8,0xf7,0xde,0x2e,0xb0,0xa0,0xdd,0xe4,0x33,0x62,0x70,0x00,0x20,0x08,
    0x06,0xcc,0xf8,0xcd,0x5d,0xf0,0x6e,0xc6,0x04,0xf4,0x31,0x46,0xa0,0x8f,0x09,0xf0,0x06,0x1f,0x13,0xe2,0x0d,0x3e,0xb3,0x04,
    0xb3,0x30,0xdc,0xd0,0x06,0xe2,0x07,0x06,0xb3,0x0c,0xb3,0xd0,0x0a,0xc1,0x70,0x83,0x1b,0xec,0x1e,0x18,0xcc,0x32,0xcc,0x82,
    0x2b,0x04,0xc3,0x0d,0x6f,0xe0,0x7b,0x60,0x30,0xcb,0x30,0x0b,0xaf,0x10,0x0c,0x37,0xc0,0x01,0xef,0x81,0xc1,0x2c,0xc3,0x2c,
    0xc0,0x42,0x30,0xdc,0x10,0x07,0xbb,0x07,0x06,0xb3,0x0c,0xb3,0x10,0x0b,0xc1,0x70,0x83,0x1c,0x90,0x1f,0x18,0xcc,0x32,0xcc,
    0x82,0x2c,0x04,0xc3,0x0d,0x73,0x10,0x7e,0x60,0x30,0xdd,0x40,0x6f,0xe6,0x16,0x4c,0x37,0xd0,0x9b,0xb9,0x09,0xb3,0x04,0xb3,
    0x30,0xd0,0x35,0xb8,0x42,0x2a,0x58,0xab,0xe0,0x6e,0xa6,0xa0,0x72,0xa7,0x40,0xdb,0x01,0x2b,0xe0,0x76,0xd0,0x0a,0xbc,0x1d,
    0xb8,0x02,0x78,0x07,0xaf,0x40,0xde,0x01,0x2c,0xa0,0x77,0x10,0x0b,0x84,0x2c,0x0c,0x74,0x0d,0xae,0x90,0x0a,0xd6,0x2a,0xb8,
    0x9b,0x29,0xa8,0xdc,0x29,0xd0,0x76,0xc0,0x0a,0xb8,0x1d,0xb4,0x02,0x6f,0x07,0xae,0x00,0xde,0xc1,0x2b,0x90,0x77,0x00,0x0b,
    0xe8,0x1d,0xc4,0x02,0x21,0x0b,0x03,0x5d,0x83,0x2b,0xa4,0x82,0x7d,0x07,0xab,0xe0,0x6e,0xa6,0xa0,0x72,0xa7,0x60,0xdf,0x01,
    0x2b,0xd8,0x77,0xd0,0x0a,0xf6,0x1d,0xb8,0x82,0x7d,0x07,0xaf,0x60,0xdf,0x01,0x2c,0xd8,0x77,0x10,0x0b,0xf6,0x1d,0xc8,0xc2,
    0x68,0x42,0x2c,0x04,0x17,0x10,0x34,0xdc,0x10,0xbc,0x1f,0x18,0xcc,0x32,0xf0,0x02,0x2d,0x04,0x25,0xf4,0x9d,0x5a,0x40,0x7a,
    0x20,0x18,0x6e,0x08,0xd4,0x8f,0x0c,0x66,0x19,0x6a,0xc1,0x16,0x82,0x11,0x83,0x03,0x00,0x41,0x30,0xa8,0xee,0xaf,0xf5,0x42,
    0xee,0xf4,0x46,0x13,0x02,0x60,0x34,0x41,0x08,0x46,0x13,0x06,0x61,0x34,0x81,0x18,0x46,0x0c,0x0e,0x00,0x04,0xc1,0xa0,0xe2,
    0x3f,0xd9,0x33,0xb9,0xb1,0x1b,0x4d,0x08,0x80,0xd1,0x04,0x21,0x18,0x4d,0x18,0x84,0xd1,0x04,0x62,0x18,0x31,0x38,0x00,0x10,
    0x04,0x83,0x2a,0x04,0x83,0xdb,0x5b,0xb9,0xb3,0x1b,0x4d,0x08,0x80,0xd1,0x04,0x21,0x18,0x4d,0x18,0x84,0xd1,0x04,0x62,0x18,
    0x31,0x38,0x00,0x10,0x04,0x83,0xca,0x04,0x03,0xde,0x83,0xb9,0xb5,0x1b,0x4d,0x08,0x80,0xd1,0x04,0x21,0x18,0x4d,0x18,0x84,
    0xd1,0x04,0x62,0xb0,0xa9,0x93,0xcf,0x88,0x01,0x02,0x80,0x20,0x18,0x5c,0x2b,0x18,0x8c,0xdf,0xd3,0x05,0x23,0x06,0x08,0x00,
    0x82,0x60,0x70,0xb1,0x60,0x40,0x7e,0x4b,0x17,0x58,0x70,0x40,0xc7,0xac,0x30,0x90,0xcf,0x88,0x01,0x02,0x80,0x20,0x18,0x5c,
    0x2f,0x18,0x9c,0x9f,0x14,0x06,0xc1,0x88,0x01,0x02,0x80,0x20,0x18,0x5c,0x30,0x18,0xa0,0x9f,0x13,0x06,0x81,0x05,0x0a,0x74,
    0x2c,0x2b,0x03,0xf9,0x8c,0x18,0x20,0x00,0x08,0x82,0xc1,0x35,0x83,0xc1,0xfa,0x55,0x65,0x10,0x8c,0x18,0x20,0x00,0x08,0x82,
    0xc1,0x45,0x83,0x01,0xfb,0x45,0x65,0x10,0x58,0xd0,0x40,0xc7,0xb8,0x34,0x90,0xcf,0x88,0x01,0x02,0x80,0x20,0x18,0x5c,0x37,
    0x18,0xbc,0x1f,0x96,0x06,0xc1,0x88,0x01,0x02,0x80,0x20,0x18,0x5c,0x38,0x18,0xc0,0x1f,0x95,0x06,0x81,0x05,0x10,0x74,0x66,
    0x09,0x6c,0x61,0xa0,0x62,0xd0,0x6a,0x41,0x17,0x68,0x61,0xa0,0x62,0xa0,0x6a,0x41,0x17,0x68,0x61,0xa0,0x62,0x70,0x6a,0x41,
    0x17,0x68,0x61,0xa0,0x62,0x40,0x6a,0x81,0xd6,0x03,0x5a,0xa8,0x36,0x38,0x3f,0x1d,0x6e,0x08,0x78,0x30,0x00,0x83,0x59,0x06,
    0x5d,0xb8,0x85,0x60,0xb8,0xa1,0x0d,0x7c,0x30,0x00,0x83,0x59,0x06,0x5d,0xc0,0x85,0x60,0xb8,0xc1,0x0d,0x6e,0x30,0x00,0x83,
    0x59,0x06,0x5d,0xc8,0x85,0x60,0xb8,0xe1,0x0d,0x74,0x30,0x00,0x83,0xe9,0x86,0xc3,0x08,0x66,0x09,0x74,0x61,0xa0,0x64,0x70,
    0x6c,0x41,0xc8,0x05,0xea,0x16,0x24,0x5c,0x18,0x6e,0x88,0x83,0x1e,0x0c,0xc8,0x60,0x96,0x61,0x17,0x78,0x21,0x18,0x6e,0x98,
    0x03,0x1e,0x0c,0xc8,0x60,0xba,0x61,0xee,0x98,0x60,0xb8,0xa1,0x0e,0xc0,0x30,0x20,0x83,0xe9,0x86,0xba,0x6b,0x82,0xe9,0x06,
    0xbb,0x33,0x96,0x59,0x02,0x5e,0x18,0xe8,0x18,0xf8,0x61,0x16,0xc4,0x40,0x17,0xc4,0x60,0x17,0x06,0x3a,0x06,0x7e,0x98,0x05,
    0x31,0xd0,0x05,0x65,0x17,0x06,0x3a,0x06,0x7e,0x98,0x05,0x31,0xd0,0x05,0x64,0x17,0x06,0x3a,0x06,0x7b,0x0f,0x66,0x81,0xd2,
    0x05,0x64,0x17,0x6a,0x25,0xcc,0x30,0xd0,0x62,0x89,0xff,0xd3,0xe1,0x86,0xe0,0xff,0xc0,0x60,0x96,0x21,0x1d,0x7a,0x21,0x18,
    0x6e,0x10,0xfe,0x0f,0x0c,0x66,0x19,0xd2,0xc1,0x17,0x82,0xe1,0x86,0xe1,0xff,0xc0,0x60,0x96,0xe1,0x17,0xc0,0x21,0x18,0x31,
    0x58,0x00,0x10,0x04,0x03,0xe7,0x0e,0x83,0x14,0x0c,0x58,0x68,0x85,0x54,0x88,0x85,0x56,0x48,0x85,0x46,0x0c,0x0c,0x00,0x04,
    0xc1,0x00,0xba,0xc3,0x00,0x05,0x83,0xc0,0x02,0x17,0x92,0x8f,0x09,0x2e,0x24,0x1f,0x1b,0x5c,0x48,0x3e,0x23,0x06,0x0b,0x00,
    0x82,0x60,0xe0,0xf0,0x61,0xe0,0x82,0xc1,0x20,0x04,0x23,0x24,0x42,0x21,0x64,0x41,0xea,0xc9,0xc7,0x82,0x12,0x92,0x8f,0x09,
    0x25,0x24,0x1f,0x1b,0x4a,0x48,0x3e,0x86,0x0c,0xf1,0x31,0x64,0x88,0x8f,0x21,0x43,0x7c,0x66,0x09,0xd2,0x61,0xb8,0x21,0x62,
    0xc1,0x00,0x0c,0x66,0x19,0xc2,0x41,0x1c,0x82,0x11,0x83,0x05,0x00,0x41,0x30,0x70,0x4a,0x31,0xb8,0xc1,0x40,0x87,0x72,0x08,
    0x87,0x74,0x28,0x87,0x70,0x68,0xc4,0xc0,0x00,0x40,0x10,0x0c,0xa0,0x52,0x0c,0x6c,0x30,0x08,0x2c,0xe0,0x21,0xf9,0x98,0xc0,
    0x43,0xf2,0xb1,0x81,0x87,0xe4,0x33,0x62,0xb0,0x00,0x20,0x08,0x06,0x8e,0x2a,0x06,0x3c,0x18,0x0c,0x42,0x10,0x43,0x30,0xf4,
    0x42,0x16,0xdc,0x9e,0x7c,0x2c,0x98,0x21,0xf9,0x98,0x30,0x43,0xf2,0xb1,0x61,0x86,0xe4,0x63,0xc8,0x10,0x1f,0x43,0x86,0xf8,
    0x18,0x32,0xc4,0xc7,0x02,0xde,0x83,0x8f,0x11,0x84,0x7c,0x8c,0x20,0xe4,0x63,0x42,0x00,0x1f,0x23,0x08,0xf9,0x98,0x10,0xc0,
    0x67,0xc4,0xc0,0x00,0x40,0x10,0x0c,0xa0,0x5b,0x0c,0xce,0x30,0x08,0x2c,0x28,0x3f,0xf9,0x8c,0x18,0x1c,0x00,0x08,0x82,0x01,
    0xb3,0x8b,0xc1,0x1a,0x06,0xc1,0xf9,0x19,0x13,0xd0,0xc7,0x18,0x81,0x3e,0x26,0xa0,0x1f,0x7c,0x4c,0x48,0x3f,0xf8,0xcc,0x12,
    0xa4,0xc3,0x70,0x43,0x1b,0xe8,0x62,0x00,0x06,0xb3,0x0c,0xe9,0x30,0x0e,0xc1,0x70,0x83,0x1b,0xcc,0x62,0x00,0x06,0xb3,0x0c,
    0xe9,0x40,0x0e,0xc1,0x70,0xc3,0x1b,0xd8,0x62,0x00,0x06,0xb3,0x0c,0xe9,0x50,0x0e,0xc1,0x70,0x03,0x1c,0xd0,0x62,0x00,0x06,
    0xb3,0x0c,0xe9,0x60,0x0e,0xc1,0x70,0x43,0x1c,0xcc,0x62,0x00,0x06,0xb3,0x0c,0xe9,0x70,0x0e,0xc1,0x70,0x83,0x1c,0xf0,0x62,
    0x00,0x06,0xb3,0x0c,0xe9,0x80,0x0e,0xc1,0x70,0xc3,0x1c,0xe4,0x62,0x00,0x06,0xd3,0x0d,0xec,0xe7,0x7b,0xc1,0x74,0x03,0xfb,
    0xf9,0x9e,0x30,0x4b,0x90,0x0e,0x03,0x5d,0x83,0x2b,0xfc,0x82,0x15,0x0e,0xbe,0x18,0xf0,0x82,0x3e,0x06,0xbd,0x40,0xfa,0x81,
    0x38,0xa0,0x7e,0x30,0x0e,0xac,0x1f,0x90,0x03,0xec,0x07,0xe5,0x40,0xfb,0x81,0x39,0xe0,0x7e,0x70,0x0e,0x04,0x3a,0x0c,0x74,
    0x0d,0xae,0xf0,0x0b,0x56,0x38,0xf8,0x62,0xc0,0x0b,0xfa,0x18,0xf4,0x02,0xe9,0x07,0xe2,0x80,0xfa,0xc1,0x38,0xb0,0x7e,0x40,
    0x0e,0xb0,0x1f,0x94,0x03,0xed,0x07,0xe6,0x80,0xfb,0xc1,0x39,0x10,0xe8,0x30,0xd0,0x35,0xb8,0xc2,0x2f,0x98,0x7f,0x10,0x0e,
    0xbe,0x18,0xf0,0x82,0x3e,0x06,0xbd,0x60,0xfe,0x81,0x38,0x98,0x7f,0x30,0x0e,0xe6,0x1f,0x90,0x83,0xf9,0x07,0xe5,0x60,0xfe,
    0x81,0x39,0x98,0x7f,0x70,0x0e,0xe6,0x1f,0xa0,0xc3,0x68,0x82,0x69,0x04,0x17,0x10,0x34,0xdc,0x10,0x9c,0x63,0x00,0x06,0xb3,
    0x0c,0xf2,0xa0,0x0e,0x41,0x09,0x75,0x18,0xa8,0x05,0x7c,0x18,0x80,0x60,0xb8,0x21,0x10,0xc7,0x80,0x0c,0x66,0x19,0xd6,0x81,
    0x1d,0x82,0x11,0x83,0x03,0x00,0x41,0x30,0xa8,0xde,0x31,0x28,0xc5,0x20,0xff,0x66,0x30,0x18,0x4d,0x08,0x80,0xd1,0x04,0x21,
    0x18,0x4d,0x18,0x84,0xd1,0x04,0x62,0x18,0x31,0x38,0x00,0x10,0x04,0x83,0x8a,0x1e,0x03,0x55,0x0c,0xfc,0xef,0x06,0x83,0xd1,
    0x84,0x00,0x18,0x4d,0x10,0x82,0xd1,0x84,0x41,0x18,0x4d,0x20,0x86,0x11,0x83,0x03,0x00,0x41,0x30,0xa8,0xf2,0x31,0x78,0xc5,
    0x60,0x04,0x83,0x1d,0x0c,0x46,0x13,0x02,0x60,0x34,0x41,0x08,0x46,0x13,0x06,0x61,0x34,0x81,0x18,0x46,0x0c,0x0e,0x00,0x04,
    0xc1,0xa0,0xf2,0xc7,0x80,0x16,0x03,0x14,0x0c,0x7e,0x30,0x18,0x4d,0x08,0x80,0xd1,0x04,0x21,0x18,0x4d,0x18,0x84,0xd1,0x04,
    0x62,0xb0,0xa9,0x93,0xcf,0x88,0x01,0x02,0x80,0x20,0x18,0x5c,0x23,0x19,0xec,0x62,0xf0,0x74,0xc1,0x88,0x01,0x02,0x80,0x20,
    0x18,0x5c,0x24,0x19,0xf0,0x62,0xb0,0x74,0x81,0x05,0x07,0x74,0xcc,0x0a,0x03,0xf9,0x8c,0x18,0x20,0x00,0x08,0x82,0xc1,0x75,
    0x92,0xc1,0x2f,0x06,0x52,0x18,0x04,0x23,0x06,0x08,0x00,0x82,0x60,0x70,0xa1,0x64,0x00,0x8e,0x81,0x13,0x06,0x81,0x05,0x0a,
    0x74,0x2c,0x2b,0x03,0xf9,0x8c,0x18,0x20,0x00,0x08,0x82,0xc1,0xb5,0x92,0xc1,0x38,0x06,0x55,0x19,0x04,0x23,0x06,0x08,0x00,
    0x82,0x60,0x70,0xb1,0x64,0x40,0x8e,0x41,0x54,0x06,0x81,0x05,0x0d,0x74,0x8c,0x4b,0x03,0xf9,0x8c,0x18,0x20,0x00,0x08,0x82,
    0xc1,0xf5,0x92,0xc1,0x39,0x06,0x58,0x1a,0x04,0x23,0x06,0x08,0x00,0x82,0x60,0x70,0xc1,0x64,0x80,0x8e,0x01,0x95,0x06,0x81,
    0x05,0x10,0x74,0x66,0x09,0xd8,0x61,0xa0,0x62,0xd0,0xd6,0x41,0x17,0xd4,0x61,0xa0,0x62,0xa0,0xd6,0x41,0x17,0xd4,0x61,0xa0,
    0x62,0x70,0xd6,0x41,0x17,0xd4,0x61,0xa0,0x62,0x40,0xd6,0x81,0x14,0x05,0x75,0xa8,0x36,0xf8,0xc5,0x40,0x87,0x1b,0x02,0x9a,
    0x0c,0xc0,0x60,0x96,0x01,0x1e,0xda,0x21,0x18,0x6e,0x68,0x03,0x9b,0x0c,0xc0,0x60,0x96,0x01,0x1e,0xdc,0x21,0x18,0x6e,0x70,
    0x83,0x97,0x0c,0xc0,0x60,0x96,0x01,0x1e,0xde,0x21,0x18,0x6e,0x78,0x03,0x99,0x0c,0xc0,0x60,0xba,0xe1,0x30,0x82,0x59,0x02,
    0x78,0x18,0x28,0x19,0x1c,0x76,0x10,0xde,0x81,0x6a,0x07,0xc9,0x1d,0x86,0x1b,0xe2,0xa0,0x26,0x03,0x32,0x98,0x65,0x88,0x07,
    0x79,0x08,0x86,0x1b,0xe6,0x80,0x26,0x03,0x32,0x98,0x6e,0x58,0xc3,0x80,0x09,0x86,0x1b,0xea,0x00,0x27,0x03,0x32,0x98,0x6e,
    0x68,0xc3,0xa0,0x09,0xa6,0x1b,0xdc,0x30,0x30,0x96,0x59,0x02,0x79,0x18,0xe8,0x18,0xf8,0x21,0x1d,0xc4,0x00,0x1e,0xc4,0x20,
    0x1e,0x06,0x3a,0x06,0x7e,0x48,0x07,0x31,0x80,0x07,0x25,0x1e,0x06,0x3a,0x06,0x7e,0x48,0x07,0x31,0x80,0x07,0x24,0x1e,0x06,
    0x3a,0x06,0x73,0x14,0xd2,0x81,0x82,0x07,0x24,0x1e,0x0a,0x44,0x7c,0x32,0xd0,0x0a,0x91,0x7b,0x0c,0x74,0xb8,0x21,0xb8,0xc7,
    0x00,0x0c,0x66,0x19,0xfe,0x61,0x1e,0x82,0xe1,0x06,0xe1,0x1e,0x03,0x30,0x98,0x65,0xf8,0x07,0x7a,0x08,0x86,0x1b,0x86,0x7b,
    0x0c,0xc0,0x60,0x96,0xa1,0x1e,0xec,0x21,0x18,0x31,0x58,0x00,0x10,0x04,0x03,0xe7,0x2d,0x83,0x90,0x0c,0x48,0x6a,0xa4,0x44,
    0x8a,0xa4,0x46,0x4a,0xa4,0x46,0x0c,0x0c,0x00,0x04,0xc1,0x00,0x7a,0xcb,0x00,0x24,0x83,0xc0,0x02,0x93,0x92,0x8f,0x09,0x26,
    0x25,0x1f,0x1b,0x4c,0x4a,0x3e,0x23,0x06,0x0b,0x00,0x82,0x60,0xe0,0xd0,0x65,0x60,0x92,0xc1,0x20,0x04,0xfb,0xa4,0x4f,0xf9,
    0x64,0x41,0x28,0x06,0xf2,0xb1,0xa0,0x9f,0xe4,0x63,0x42,0x3f,0xc9,0xc7,0x86,0x7e,0x92,0x8f,0x21,0x43,0x7c,0x0c,0x19,0xe2,
    0x63,0xc8,0x10,0x9f,0x59,0x82,0x7f,0x18,0x6e,0x88,0x48,0x32,0x00,0x83,0x59,0x86,0x7b,0xc0,0x87,0x60,0xc4,0x60,0x01,0x40,
    0x10,0x0c,0x9c,0xbe,0x0c,0x5e,0x32,0x90,0xa9,0x98,0x82,0x29,0x99,0x8a,0x29,0x98,0x1a,0x31,0x30,0x00,0x10,0x04,0x03,0xa8,
    0x2f,0x03,0x97,0x0c,0x02,0x0b,0x68,0x4a,0x3e,0x26,0xd0,0x94,0x7c,0x6c,0xa0,0x29,0xf9,0x8c,0x18,0x2c,0x00,0x08,0x82,0x81,
    0x23,0x9a,0x01,0x4d,0x06,0x83,0x10,0xa4,0x14,0x4a,0x9d,0x94,0x05,0xaf,0x18,0xc8,0xc7,0x82,0x95,0x92,0x8f,0x09,0x2b,0x25,
    0x1f,0x1b,0x56,0x4a,0x3e,0x86,0x0c,0xf1,0x31,0x64,0x88,0x8f,0x21,0x43,0x7c,0x2c,0xa0,0xc5,0x00,0x3e,0x46,0x10,0xf2,0x31,
    0x82,0x90,0x8f,0x09,0x01,0x7c,0x8c,0x20,0xe4,0x63,0x42,0x00,0x9f,0x11,0x03,0x03,0x00,0x41,0x30,0x80,0x5e,0x33,0xf8,0xc9,
    0x20,0xb0,0xa0,0x17,0x03,0xf9,0x8c,0x18,0x1c,0x00,0x08,0x82,0x01,0x33,0x9b,0xc1,0x58,0x06,0xc1,0x2f,0x06,0xc6,0x04,0xf4,
    0x31,0x46,0xa0,0x8f,0x09,0xe0,0x18,0xc0,0xc7,0x84,0x70,0x0c,0xe0,0x33,0x4b,0xf0,0x0f,0xc3,0x0d,0x6d,0x20,0x9b,0x01,0x18,
    0xcc,0x32,0xfc,0x43,0x3e,0x04,0xc3,0x0d,0x6e,0xb0,0x9a,0x01,0x18,0xcc,0x32,0xfc,0x83,0x3e,0x04,0xc3,0x0d,0x6f,0xe0,0x9a,
    0x01,0x18,0xcc,0x32,0xfc,0xc3,0x3e,0x04,0xc3,0x0d,0x70,0xc0,0x9a,0x01,0x18,0xcc,0x32,0xfc,0x03,0x3f,0x04,0xc3,0x0d,0x71,
    0xb0,0x9a,0x01,0x18,0xcc,0x32,0xfc,0x43,0x3f,0x04,0xc3,0x0d,0x72,0x40,0x9b,0x01,0x18,0xcc,0x32,0xfc,0x83,0x3f,0x04,0xc3,
    0x0d,0x73,0x10,0x9b,0x01,0x18,0x4c,0x37,0x90,0x63,0x60,0x8b,0x41,0x30,0xdd,0x40,0x8e,0x81,0x2d,0x06,0xc2,0x2c,0xc1,0x3f,
    0x0c,0x74,0x0d,0xae,0x50,0x0f,0xd6,0x3d,0xb8,0x6a,0x20,0x0f,0xea,0x1a,0xcc,0x03,0x5d,0x0a,0xf8,0x80,0x97,0x42,0x3e,0xf0,
    0xa5,0xa0,0x0f,0xa0,0x29,0xec,0x03,0x69,0x0a,0xfc,0x80,0x9a,0x42,0x3f,0x10,0xfe,0x30,0xd0,0x35,0xb8,0x42,0x3d,0x58,0xf7,
    0xe0,0xaa,0x81,0x3c,0xa8,0x6b,0x30,0x0f,0x74,0x29,0xe0,0x03,0x5e,0x0a,0xf9,0xc0,0x97,0x82,0x3e,0x80,0xa6,0xb0,0x0f,0xa4,
    0x29,0xf0,0x03,0x6a,0x0a,0xfd,0x40,0xf8,0xc3,0x40,0xd7,0xe0,0x0a,0xf5,0x60,0x9b,0xc2,0x3d,0xb8,0x6a,0x20,0x0f,0xea,0x1a,
    0xcc,0x83,0x6d,0x0a,0xf8,0x60,0x9b,0x42,0x3e,0xd8,0xa6,0xa0,0x0f,0xb6,0x29,0xec,0x83,0x6d,0x0a,0xfc,0x60,0x9b,0x42,0x3f,
    0xd8,0xa6,0xe0,0x0f,0xa3,0x09,0x7b,0x12,0x5c,0x40,0xd0,0x70,0x43,0xf0,0x9b,0x01,0x18,0xcc,0x32,0xa0,0x04,0x48,0x04,0x25,
    0xb4,0x65,0xa0,0x16,0xd0,0x65,0x00,0x82,0xe1,0x86,0x40,0x37,0x03,0x32,0x98,0x65,0x08,0x09,0x91,0x08,0x46,0x0c,0x0e,0x00,
    0x04,0xc1,0xa0,0x3a,0xcf,0xa0,0x2f,0x83,0x78,0x0c,0x4e,0x32,0x18,0x4d,0x08,0x80,0xd1,0x04,0x21,0x18,0x4d,0x18,0x84,0xd1,
    0x04,0x62,0x18,0x31,0x38,0x00,0x10,0x04,0x83,0x8a,0x3d,0x03,0xd1,0x0c,0xec,0x31,0x58,0xc9,0x60,0x34,0x21,0x00,0x46,0x13,
    0x84,0x60,0x34,0x61,0x10,0x46,0x13,0x88,0x61,0xc4,0xe0,0x00,0x40,0x10,0x0c,0xaa,0xf8,0x0c,0x4e,0x33,0xd8,0xc7,0x00,0x35,
    0x83,0xd1,0x84,0x00,0x18,0x4d,0x10,0x82,0xd1,0x84,0x41,0x18,0x4d,0x20,0x86,0x11,0x83,0x03,0x00,0x41,0x30,0xa8,0xec,0x33,
    0x60,0xcd,0x00,0x24,0x03,0x9a,0x0c,0x46,0x13,0x02,0x60,0x34,0x41,0x08,0x46,0x13,0x06,0x61,0x34,0x81,0x18,0x6c,0xea,0xe4,
    0x33,0x62,0x80,0x00,0x20,0x08,0x06,0xd7,0x7e,0x06,0xb3,0x19,0x3c,0x5d,0x30,0x62,0x80,0x00,0x20,0x08,0x06,0x17,0x7f,0x06,
    0xb4,0x19,0x2c,0x5d,0x60,0xc1,0x01,0x1d,0xb3,0xc2,0x40,0x3e,0x23,0x06,0x08,0x00,0x82,0x60,0x70,0xfd,0x67,0x70,0x9b,0x81,
    0x14,0x06,0xc1,0x88,0x01,0x02,0x80,0x20,0x18,0x5c,0x20,0x1a,0xe0,0x66,0xe0,0x84,0x41,0x60,0x81,0x02,0x1d,0xcb,0xca,0x40,
    0x3e,0x23,0x06,0x08,0x00,0x82,0x60,0x70,0x8d,0x68,0xb0,0x9b,0x41,0x55,0x06,0xc1,0x88,0x01,0x02,0x80,0x20,0x18,0x5c,0x24,
    0x1a,0xf0,0x66,0x10,0x95,0x41,0x60,0x41,0x03,0x1d,0xe3,0xd2,0x40,0x3e,0x23,0x06,0x08,0x00,0x82,0x60,0x70,0x9d,0x68,0xf0,
    0x9b,0x01,0x96,0x06,0xc1,0x88,0x01,0x02,0x80,0x20,0x18,0x5c,0x28,0x1a,0x80,0x67,0x40,0xa5,0x41,0x60,0x01,0x04,0x9d,0x59,
    0x02,0x91,0x18,0xa8,0x18,0xb4,0x90,0xd0,0x05,0x90,0x18,0xa8,0x18,0xa8,0x90,0xd0,0x05,0x90,0x18,0xa8,0x18,0x9c,0x90,0xd0,
    0x05,0x90,0x18,0xa8,0x18,0x90,0x90,0xa0,0x53,0x01,0x24,0xaa,0x0d,0x6e,0x33,0xd0,0xe1,0x86,0x80,0x45,0x03,0x30,0x98,0x65,
    0x30,0x89,0x91,0x08,0x86,0x1b,0xda,0xc0,0x45,0x03,0x30,0x98,0x65,0x30,0x09,0x92,0x08,0x86,0x1b,0xdc,0xe0,0x44,0x03,0x30,
    0x98,0x65,0x30,0x89,0x92,0x08,0x86,0x1b,0xde,0x40,0x45,0x03,0x30,0x98,0x6e,0x38,0x8c,0x60,0x96,0xc0,0x24,0x06,0x4a,0x06,
    0x47,0x24,0x84,0x92,0xa0,0x46,0x42,0x22,0x89,0xe1,0x86,0x38,0x68,0xd1,0x80,0x0c,0x66,0x19,0x4e,0x02,0x25,0x82,0xe1,0x86,
    0x39,0x60,0xd1,0x80,0x0c,0xa6,0x1b,0xc6,0x32,0x60,0x82,0xe1,0x86,0x3a,0x80,0xd1,0x80,0x0c,0xa6,0x1b,0xca,0x32,0x68,0x82,
    0xe9,0x06,0xb3,0x0c,0x8c,0x65,0x96,0x00,0x25,0x06,0x3a,0x06,0x7e,0xf8,0x07,0x31,0x30,0x09,0x31,0x38,0x89,0x81,0x8e,0x81,
    0x1f,0xfe,0x41,0x0c,0x4c,0x42,0x39,0x89,0x81,0x8e,0x81,0x1f,0xfe,0x41,0x0c,0x4c,0x02,0x39,0x89,0x81,0x8e,0xc1,0x56,0x85,
    0x7f,0xa0,0x4c,0x02,0x39,0x89,0xaa,0x17,0x1b,0x0d,0xb4,0xec,0xe5,0x3d,0x03,0x1d,0x6e,0x08,0xde,0x33,0x00,0x83,0x59,0x86,
    0x9a,0x48,0x89,0x60,0xb8,0x41,0x78,0xcf,0x00,0x0c,0x66,0x19,0x6a,0x42,0x25,0x82,0xe1,0x86,0xe1,0x3d,0x03,0x30,0x98,0x65,
    0x58,0x09,0x96,0x08,0x46,0x0c,0x16,0x00,0x04,0xc1,0xc0,0x39,0xd3,0x20,0x3f,0x03,0xfe,0xda,0x2f,0xfd,0xe2,0xaf,0xfd,0xd2,
    0xaf,0x11,0x03,0x03,0x00,0x41,0x30,0x80,0xce,0x34,0xc0,0xcf,0x20,0xb0,0xc0,0xbf,0xe4,0x63,0x82,0x7f,0xc9,0xc7,0x06,0xff,
    0x92,0xcf,0x88,0xc1,0x02,0x80,0x20,0x18,0x38,0x6c,0x1a,0xf8,0x67,0x30,0x08,0xc1,0x7c,0xc9,0x57,0x7c,0x59,0x90,0x97,0x81,
    0x7c,0x2c,0xa8,0x2f,0xf9,0x98,0x50,0x5f,0xf2,0xb1,0xa1,0xbe,0xe4,0x63,0xc8,0x10,0x1f,0x43,0x86,0xf8,0x18,0x32,0xc4,0x67,
    0x96,0xa0,0x26,0x86,0x1b,0x22,0xfe,0x0c,0xc0,0x60,0x96,0xa1,0x25,0x5c,0x22,0x18,0x31,0x58,0x00,0x10,0x04,0x03,0xa7,0x4e,
    0x83,0x13,0x0d,0x54,0x2c,0xc5,0x50,0x4c,0xc5,0x52,0x0c,0xc5,0x46,0x0c,0x0c,0x00,0x04,0xc1,0x00,0xaa,0xd3,0xc0,0x44,0x83,
    0xc0,0x02,0x16,0x93,0x8f,0x09,0x2c,0x26,0x1f,0x1b,0x58,0x4c,0x3e,0x23,0x06,0x0b,0x00,0x82,0x60,0xe0,0xe8,0x69,0xc0,0xa2,
    0xc1,0x20,0x04,0x21,0x06,0x62,0xff,0x65,0xc1,0x69,0x06,0xf2,0xb1,0x60,0xc4,0xe4,0x63,0xc2,0x88,0xc9,0xc7,0x86,0x11,0x93,
    0x8f,0x21,0x43,0x7c,0x0c,0x19,0xe2,0x63,0xc8,0x10,0x1f,0x0b,0x58,0x33,0x80,0x8f,0x11,0x84,0x7c,0x8c,0x20,0xe4,0x63,0x42,
    0x00,0x1f,0x23,0x08,0xf9,0x98,0x10,0xc0,0x67,0xc4,0xc0,0x00,0x40,0x10,0x0c,0xa0,0x53,0x0d,0x6e,0x34,0x08,0x2c,0xa8,0xcd,
    0x40,0x3e,0x23,0x06,0x07,0x00,0x82,0x60,0xc0,0xac,0x6a,0xb0,0xa3,0x41,0x70,0x9b,0x81,0x31,0x01,0x7d,0x8c,0x11,0xe8,0x63,
    0x02,0x6e,0x06,0xf0,0x31,0x21,0x37,0x03,0xf8,0xcc,0x12,0xd4,0xc4,0x70,0x43,0x1b,0xa8,0x6a,0x00,0x06,0xb3,0x0c,0x35,0xf1,
    0x12,0xc1,0x70,0x83,0x1b,0x8c,0x6a,0x00,0x06,0xb3,0x0c,0x35,0x01,0x13,0xc1,0x70,0xc3,0x1b,0x98,0x6a,0x00,0x06,0xb3,0x0c,
    0x35,0x11,0x13,0xc1,0x70,0x03,0x1c,0x90,0x6a,0x00,0x06,0xb3,0x0c,0x35,0x21,0x13,0xc1,0x70,0x43,0x1c,0x8c,0x6a,0x00,0x06,
    0xb3,0x0c,0x35,0x31,0x13,0xc1,0x70,0x83,0x1c,0xb0,0x6a,0x00,0x06,0xb3,0x0c,0x35,0x41,0x13,0xc1,0x70,0xc3,0x1c,0xa4,0x6a,
    0x00,0x06,0xd3,0x0d,0xbc,0x19,0xb8,0x66,0x10,0x4c,0x37,0xf0,0x66,0xe0,0x9a,0x81,0x30,0x4b,0x50,0x13,0x03,0x5d,0x83,0x2b,
    0xac,0x84,0xd5,0x12,0x7e,0x1c,0xa0,0x84,0x2e,0x07,0x29,0x41,0xb6,0x82,0x4b,0xa0,0xad,0xf0,0x12,0x6c,0x2b,0xc0,0x04,0xdc,
    0x0a,0x31,0x41,0xb7,0x82,0x4c,0xe0,0xad,0x30,0x13,0x04,0x4d,0x0c,0x74,0x0d,0xae,0xb0,0x12,0x56,0x4b,0xf8,0x71,0x80,0x12,
    0xba,0x1c,0xa4,0x04,0xd9,0x0a,0x2e,0x81,0xb6,0xc2,0x4b,0xb0,0xad,0x00,0x13,0x70,0x2b,0xc4,0x04,0xdd,0x0a,0x32,0x81,0xb7,
    0xc2,0x4c,0x10,0x34,0x31,0xd0,0x35,0xb8,0xc2,0x4a,0x98,0xae,0xd0,0x12,0x7e,0x1c,0xa0,0x84,0x2e,0x07,0x29,0x61,0xba,0x82,
    0x4b,0x98,0xae,0xf0,0x12,0xa6,0x2b,0xc0,0x84,0xe9,0x0a,0x31,0x61,0xba,0x82,0x4c,0x98,0xae,0x30,0x13,0xa6,0x2b,0xd0,0xc4,
    0x68,0x02,0xdc,0x04,0x17,0x10,0x34,0xdc,0x10,0xdc,0x6a,0x00,0x06,0xb3,0x0c,0x3e,0x61,0x13,0x41,0x09,0x65,0x1a,0xa8,0x05,
    0x6c,0x1a,0x80,0x60,0xb8,0x21,0x90,0xd5,0x80,0x0c,0x66,0x19,0x6e,0x02,0x27,0x82,0x11,0x83,0x03,0x00,0x41,0x30,0xa8,0x7e,
    0x35,0xa8,0xd3,0x20,0x3d,0x03,0xfe,0x0c,0x46,0x13,0x02,0x60,0x34,0x41,0x08,0x46,0x13,0x06,0x61,0x34,0x81,0x18,0x46,0x0c,
    0x0e,0x00,0x04,0xc1,0xa0,0x22,0xd7,0x40,0x4f,0x03,0xf7,0x0c,0x40,0x34,0x18,0x4d,0x08,0x80,0xd1,0x04,0x21,0x18,0x4d,0x18,
    0x84,0xd1,0x04,0x62,0x18,0x31,0x38,0x00,0x10,0x04,0x83,0x2a,0x5d,0x83,0x3f,0x0d,0xe6,0x33,0x20,0xd1,0x60,0x34,0x21,0x00,
    0x46,0x13,0x84,0x60,0x34,0x61,0x10,0x46,0x13,0x88,0x61,0xc4,0xe0,0x00,0x40,0x10,0x0c,0x2a,0x77,0x0d,0x48,0x35,0xc0,0xcf,
    0x00,0x45,0x83,0xd1,0x84,0x00,0x18,0x4d,0x10,0x82,0xd1,0x84,0x41,0x18,0x4d,0x20,0x06,0x9b,0x3a,0xf9,0x8c,0x18,0x20,0x00,
    0x08,0x82,0xc1,0x35,0xaf,0xc1,0xaa,0x06,0x4f,0x17,0x8c,0x18,0x20,0x00,0x08,0x82,0xc1,0x45,0xaf,0x01,0xab,0x06,0x4b,0x17,
    0x58,0x70,0x40,0xc7,0xac,0x30,0x90,0xcf,0x88,0x01,0x02,0x80,0x20,0x18,0x5c,0xf7,0x1a,0xbc,0x6a,0x20,0x85,0x41,0x30,0x62,
    0x80,0x00,0x20,0x08,0x06,0x17,0xbe,0x06,0xb0,0x1a,0x38,0x61,0x10,0x58,0xa0,0x40,0xc7,0xb2,0x32,0x90,0xcf,0x88,0x01,0x02,
    0x80,0x20,0x18,0x5c,0xfb,0x1a,0xcc,0x6a,0x50,0x95,0x41,0x30,0x62,0x80,0x00,0x20,0x08,0x06,0x17,0xbf,0x06,0xb4,0x1a,0x44,
    0x65,0x10,0x58,0xd0,0x40,0xc7,0xb8,0x34,0x90,0xcf,0x88,0x01,0x02,0x80,0x20,0x18,0x5c,0xff,0x1a,0xdc,0x6a,0x80,0xa5,0x41,
    0x30,0x62,0x80,0x00,0x20,0x08,0x06,0x17,0xc8,0x06,0xb8,0x1a,0x50,0x69,0x10,0x58,0x00,0x41,0x67,0x96,0x00,0x27,0x06,0x2a,
    0x06,0xed,0x26,0x74,0xc1,0x26,0x06,0x2a,0x06,0xea,0x26,0x74,0xc1,0x26,0x06,0x2a,0x06,0xe7,0x26,0x74,0xc1,0x26,0x06,0x2a,
    0x06,0xe4,0x26,0xc8,0x58,0xb0,0x89,0x6a,0x83,0x57,0x0d,0x74,0xb8,0x21,0x20,0xd9,0x00,0x0c,0x66,0x19,0x78,0x22,0x27,0x82,
    0xe1,0x86,0x36,0x30,0xd9,0x00,0x0c,0x66,0x19,0x78,0x42,0x27,0x82,0xe1,0x06,0x37,0xf8,0xd7,0x00,0x0c,0x66,0x19,0x78,0x62,
    0x27,0x82,0xe1,0x86,0x37,0x10,0xd9,0x00,0x0c,0xa6,0x1b,0x0e,0x23,0x98,0x25,0xe0,0x89,0x81,0x92,0xc1,0xc1,0x09,0x61,0x27,
    0xa8,0x9c,0x90,0x74,0x62,0xb8,0x21,0x0e,0x4a,0x36,0x20,0x83,0x59,0x86,0x9e,0xf0,0x89,0x60,0xb8,0x61,0x0e,0x48,0x36,0x20,
    0x83,0xe9,0x86,0x1d,0x0d,0x98,0x60,0xb8,0xa1,0x0e,0x50,0x36,0x20,0x83,0xe9,0x86,0x1e,0x0d,0x9a,0x60,0xba,0xc1,0x47,0x03,
    0x63,0x99,0x25,0xf0,0x89,0x81,0x8e,0x81,0x1f,0x6a,0x42,0x0c,0x78,0x42,0x0c,0x7a,0x62,0xa0,0x63,0xe0,0x87,0x9a,0x10,0x03,
    0x9e,0x50,0x7a,0x62,0xa0,0x63,0xe0,0x87,0x9a,0x10,0x03,0x9e,0x40,0x7a,0x62,0xa0,0x63,0x30,0x65,0xa1,0x26,0x28,0x9e,0x40,
    0x7a,0xa2,0xd4,0xc7,0x65,0x03,0xad,0xf5,0x39,0xd7,0x40,0x87,0x1b,0x82,0x73,0x0d,0xc0,0x60,0x96,0x61,0x2d,0x7e,0x22,0x18,
    0x6e,0x10,0xce,0x35,0x00,0x83,0x59,0x86,0xb5,0x00,0x8b,0x60,0xb8,0x61,0x38,0xd7,0x00,0x0c,0x66,0x19,0xc2,0x42,0x2c,0x82,
    0x11,0x83,0x05,0x00,0x41,0x30,0x70,0x7e,0x36,0x88,0xd7,0x80,0xde,0xe6,0x4d,0xde,0xe8,0x6d,0xde,0xe4,0x6d,0xc4,0xc0,0x00,
    0x40,0x10,0x0c,0xa0,0x9f,0x0d,0xe0,0x35,0x08,0x2c,0xb0,0x37,0xf9,0x98,0x60,0x6f,0xf2,0xb1,0xc1,0xde,0xe4,0x33,0x62,0xb0,
    0x00,0x20,0x08,0x06,0x0e,0xd9,0x06,0xf6,0x1a,0x0c,0x42,0xb0,0x6e,0xea,0x96,0x6e,0x16,0xc4,0x69,0x20,0x1f,0x0b,0xda,0x4d,
    0x3e,0x26,0xb4,0x9b,0x7c,0x6c,0x68,0x37,0xf9,0x18,0x32,0xc4,0xc7,0x90,0x21,0x3e,0x86,0x0c,0xf1,0x99,0x25,0x58,0x8b,0xe1,
    0x86,0x88,0x5e,0x03,0x30,0x98,0x65,0x18,0x0b,0xb2,0x08,0x46,0x0c,0x16,0x00,0x04,0xc1,0xc0,0x69,0xdb,0xe0,0x5f,0x03,0x91,
    0x0b,0x39,0x90,0x13,0xb9,0x90,0x03,0xb9,0x11,0x03,0x03,0x00,0x41,0x30,0x80,0xda,0x36,0xf0,0xd7,0x20,0xb0,0x80,0xe4,0xe4,
    0x63,0x02,0xc9,0xc9,0xc7,0x06,0x92,0x93,0xcf,0x88,0xc1,0x02,0x80,0x20,0x18,0x38,0x72,0x1b,0x90,0x6c,0x30,0x08,0x41,0xbe,
    0xe1,0xdb,0xbd,0x59,0xf0,0xa7,0x81,0x7c,0x2c,0xd8,0x37,0xf9,0x98,0xb0,0x6f,0xf2,0xb1,0x61,0xdf,0xe4,0x63,0xc8,0x10,0x1f,
    0x43,0x86,0xf8,0x18,0x32,0xc4,0xc7,0x02,0x52,0x0d,0xe0,0x63,0x04,0x21,0x1f,0x23,0x08,0xf9,0x98,0x10,0xc0,0xc7,0x08,0x42,
    0x3e,0x26,0x04,0xf0,0x19,0x31,0x30,0x00,0x10,0x04,0x03,0xe8,0x6f,0x83,0x97,0x0d,0x02,0x0b,0x5a,0x35,0x90,0xcf,0x88,0xc1,
    0x01,0x80,0x20,0x18,0x30,0xa3,0x1b,0xcc,0x6c,0x10,0xbc,0x6a,0x60,0x4c,0x40,0x1f,0x63,0x04,0xfa,0x98,0x00,0xab,0x01,0x7c,
    0x4c,0x88,0xd5,0x00,0x3e,0xb3,0x04,0x6b,0x31,0xdc,0xd0,0x06,0xa2,0x1b,0x80,0xc1,0x2c,0xc3,0x5a,0x94,0x45,0x30,0xdc,0xe0,
    0x06,0x7b,0x1b,0x80,0xc1,0x2c,0xc3,0x5a,0x98,0x45,0x30,0xdc,0xf0,0x06,0x7e,0x1b,0x80,0xc1,0x2c,0xc3,0x5a,0x9c,0x45,0x30,
    0xdc,0x00,0x07,0x7c,0x1b,0x80,0xc1,0x2c,0xc3,0x5a,0xa0,0x45,0x30,0xdc,0x10,0x07,0x7b,0x1b,0x80,0xc1,0x2c,0xc3,0x5a,0xa4,
    0x45,0x30,0xdc,0x20,0x07,0xa4,0x1b,0x80,0xc1,0x2c,0xc3,0x5a,0xa8,0x45,0x30,0xdc,0x30,0x07,0xa1,0x1b,0x80,0xc1,0x74,0x03,
    0xad,0x06,0xa6,0x1a,0x04,0xd3,0x0d,0xb4,0x1a,0x98,0x6a,0x20,0xcc,0x12,0xac,0xc5,0x40,0xd7,0xe0,0x0a,0x61,0x61,0x8d,0x85,
    0x9b,0x07,0x3e,0xa1,0xea,0xc1,0x4f,0xd0,0xb4,0x40,0x16,0x38,0x2d,0x94,0x05,0x4f,0x0b,0x66,0x01,0xd6,0xc2,0x59,0x90,0xb5,
    0x80,0x16,0x68,0x2d,0xa4,0x05,0xa1,0x16,0x03,0x5d,0x83,0x2b,0x84,0x85,0x35,0x16,0x6e,0x1e,0xf8,0x84,0xaa,0x07,0x3f,0x41,
    0xd3,0x02,0x59,0xe0,0xb4,0x50,0x16,0x3c,0x2d,0x98,0x05,0x58,0x0b,0x67,0x41,0xd6,0x02,0x5a,0xa0,0xb5,0x90,0x16,0x84,0x5a,
    0x0c,0x74,0x0d,0xae,0x10,0x16,0x76,0x2d,0x8c,0x85,0x9b,0x07,0x3e,0xa1,0xea,0xc1,0x4f,0xd8,0xb5,0x40,0x16,0x76,0x2d,0x94,
    0x85,0x5d,0x0b,0x66,0x61,0xd7,0xc2,0x59,0xd8,0xb5,0x80,0x16,0x76,0x2d,0xa4,0x85,0x5d,0x0b,0x6a,0x31,0x9a,0x50,0x46,0xc1,
    0x05,0x04,0x0d,0x37,0x04,0xaf,0x1b,0x80,0xc1,0x2c,0x03,0x5d,0xb0,0x45,0x50,0x42,0xcf,0x06,0x6a,0x01,0xd9,0x06,0x20,0x18,
    0x6e,0x08,0x54,0x37,0x20,0x83,0x59,0x86,0xb6,0x70,0x8b,0x60,0xc4,0xe0,0x00,0x40,0x10,0x0c,0xaa,0xdb,0x0d,0xda,0x36,0x08,
    0xd7,0x00,0x5e,0x83,0xd1,0x84,0x00,0x18,0x4d,0x10,0x82,0xd1,0x84,0x41,0x18,0x4d,0x20,0x86,0x11,0x83,0x03,0x00,0x41,0x30,
    0xa8,0x78,0x37,0x90,0xdb,0xc0,0x5c,0x03,0x7a,0x0d,0x46,0x13,0x02,0x60,0x34,0x41,0x08,0x46,0x13,0x06,0x61,0x34,0x81,0x18,
    0x46,0x0c,0x0e,0x00,0x04,0xc1,0xa0,0x0a,0xdf,0xe0,0x6e,0x83,0x75,0x0d,0xf0,0x35,0x18,0x4d,0x08,0x80,0xd1,0x04,0x21,0x18,
    0x4d,0x18,0x84,0xd1,0x04,0x62,0x18,0x31,0x38,0x00,0x10,0x04,0x83,0xca,0x7c,0x03,0xbe,0x0d,0xe0,0x35,0xd0,0xdb,0x60,0x34,
    0x21,0x00,0x46,0x13,0x84,0x60,0x34,0x61,0x10,0x46,0x13,0x88,0xc1,0xa6,0x4e,0x3e,0x23,0x06,0x08,0x00,0x82,0x60,0x70,0xad,
    0x6f,0x30,0xba,0xc1,0xd3,0x05,0x23,0x06,0x08,0x00,0x82,0x60,0x70,0xb1,0x6f,0x40,0xba,0xc1,0xd2,0x05,0x16,0x1c,0xd0,0x31,
    0x2b,0x0c,0xe4,0x33,0x62,0x80,0x00,0x20,0x08,0x06,0xd7,0xfb,0x06,0xa7,0x1b,0x48,0x61,0x10,0x8c,0x18,0x20,0x00,0x08,0x82,
    0xc1,0x05,0xbf,0x01,0xea,0x06,0x4e,0x18,0x04,0x16,0x28,0xd0,0xb1,0xac,0x0c,0xe4,0x33,0x62,0x80,0x00,0x20,0x08,0x06,0xd7,
    0xfc,0x06,0xab,0x1b,0x54,0x65,0x10,0x8c,0x18,0x20,0x00,0x08,0x82,0xc1,0x45,0xbf,0x01,0xeb,0x06,0x51,0x19,0x04,0x16,0x34,
    0xd0,0x31,0x2e,0x0d,0xe4,0x33,0x62,0x80,0x00,0x20,0x08,0x06,0xd7,0xfd,0x06,0xaf,0x1b,0x60,0x69,0x10,0x8c,0x18,0x20,0x00,
    0x08,0x82,0xc1,0x85,0xbf,0x01,0xec,0x06,0x54,0x1a,0x04,0x16,0x40,0xd0,0x99,0x25,0x70,0x8b,0x81,0x8a,0x41,0x6b,0x0b,0x5d,
    0x60,0x8b,0x81,0x8a,0x81,0x6a,0x0b,0x5d,0x60,0x8b,0x81,0x8a,0xc1,0x69,0x0b,0x5d,0x60,0x8b,0x81,0x8a,0x01,0x69,0x0b,0x1a,
    0x17,0xd8,0xa2,0xda,0xe0,0x74,0x03,0x1d,0x6e,0x08,0xf8,0x37,0x00,0x83,0x59,0x06,0xb9,0x78,0x8b,0x60,0xb8,0xa1,0x0d,0xfc,
    0x37,0x00,0x83,0x59,0x06,0xb9,0x80,0x8b,0x60,0xb8,0xc1,0x0d,0xee,0x37,0x00,0x83,0x59,0x06,0xb9,0x88,0x8b,0x60,0xb8,0xe1,
    0x0d,0xf4,0x37,0x00,0x83,0xe9,0x86,0xc3,0x08,0x66,0x09,0xe4,0x62,0xa0,0x64,0x70,0xdc,0x42,0x88,0x0b,0xea,0x2d,0x24,0xb8,
    0x18,0x6e,0x88,0x83,0xfe,0x0d,0xc8,0x60,0x96,0x61,0x2e,0xe8,0x22,0x18,0x6e,0x98,0x03,0xfe,0x0d,0xc8,0x60,0xba,0x61,0x66,
    0x03,0x26,0x18,0x6e,0xa8,0x03,0x10,0x0e,0xc8,0x60,0xba,0xa1,0x66,0x83,0x26,0x98,0x6e,0xb0,0xd9,0xc0,0x58,0x66,0x09,0xe8,
    0x62,0xa0,0x63,0xe0,0x87,0xb5,0x10,0x03,0xb9,0x10,0x83,0xb9,0x18,0xe8,0x18,0xf8,0x61,0x2d,0xc4,0x40,0x2e,0x94,0xb9,0x18,
    0xe8,0x18,0xf8,0x61,0x2d,0xc4,0x40,0x2e,0x90,0xb9,0x18,0xe8,0x18,0xec,0x5c,0x58,0x0b,0x4a,0x2e,0x90,0xb9,0xa8,0x5f,0x32,
    0xe1,0x40,0x0b,0x9c,0x7e,0x37,0xd0,0xe1,0x86,0xe0,0x77,0x03,0x30,0x98,0x65,0x08,0x8d,0xba,0x08,0x86,0x1b,0x84,0xdf,0x0d,
    0xc0,0x60,0x96,0x21,0x34,0xec,0x22,0x18,0x6e,0x18,0x7e,0x37,0x00,0x83,0x59,0x86,0xbb,0xc0,0x8b,0x60,0xc4,0x60,0x01,0x40,
    0x10,0x0c,0x9c,0x1b,0x0e,0xd2,0x37,0x60,0xbf,0xf5,0x53,0x3f,0xf6,0x5b,0x3f,0xf5,0x1b,0x31,0x30,0x00,0x10,0x04,0x03,0xe8,
    0x86,0x03,0xf4,0x0d,0x02,0x0b,0xdc,0x4f,0x3e,0x26,0xb8,0x9f,0x7c,0x6c,0x70,0x3f,0xf9,0x8c,0x18,0x2c,0x00,0x08,0x82,0x81,
    0xc3,0xc3,0x81,0xfb,0x06,0x83,0x10,0x8c,0x9f,0xf8,0x85,0x9f,0x05,0x69,0x1b,0xc8,0xc7,0x82,0xf2,0x93,0x8f,0x09,0xe5,0x27,
    0x1f,0x1b,0xca,0x4f,0x3e,0x86,0x0c,0xf1,0x31,0x64,0x88,0x8f,0x21,0x43,0x7c,0x66,0x09,0x42,0x63,0xb8,0x21,0x62,0xdf,0x00,
    0x0c,0x66,0x19,0xf2,0x42,0x2f,0x82,0x11,0x83,0x05,0x00,0x41,0x30,0x70,0xca,0x38,0xb8,0xdf,0x40,0xff,0xf2,0x0f,0xff,0xf4,
    0x2f,0xff,0xf0,0x6f,0xc4,0xc0,0x00,0x40,0x10,0x0c,0xa0,0x32,0x0e,0xec,0x37,0x08,0x2c,0xe0,0x3f,0xf9,0x98,0xc0,0x7f,0xf2,
    0xb1,0x81,0xff,0xe4,0x33,0x62,0xb0,0x00,0x20,0x08,0x06,0x8e,0x1a,0x07,0xfc,0x1b,0x0c,0x42,0x10,0x7f,0xf0,0xf7,0x7e,0x16,
    0xdc,0x6d,0x20,0x1f,0x0b,0xe6,0x4f,0x3e,0x26,0xcc,0x9f,0x7c,0x6c,0x98,0x3f,0xf9,0x18,0x32,0xc4,0xc7,0x90,0x21,0x3e,0x86,
    0x0c,0xf1,0xb1,0x80,0x6f,0x03,0xf8,0x18,0x41,0xc8,0xc7,0x08,0x42,0x3e,0x26,0x04,0xf0,0x31,0x82,0x90,0x8f,0x09,0x01,0x7c,
    0x46,0x0c,0x0c,0x00,0x04,0xc1,0x00,0xba,0xe3,0xe0,0x84,0x83,0xc0,0x82,0xd2,0x0d,0xe4,0x33,0x62,0x70,0x00,0x20,0x08,0x06,
    0xcc,0x1e,0x07,0x2b,0x1c,0x04,0xa7,0x1b,0x18,0x13,0xd0,0xc7,0x18,0x81,0x3e,0x26,0xa0,0x6e,0x00,0x1f,0x13,0x52,0x37,0x80,
    0xcf,0x2c,0x41,0x68,0x0c,0x37,0xb4,0x81,0x1e,0x07,0x60,0x30,0xcb,0x10,0x1a,0x7b,0x11,0x0c,0x37,0xb8,0xc1,0x1c,0x07,0x60,
    0x30,0xcb,0x10,0x1a,0x7c,0x11,0x0c,0x37,0xbc,0x81,0x1d,0x07,0x60,0x30,0xcb,0x10,0x1a,0x7d,0x11,0x0c,0x37,0xc0,0x01,0x1d,
    0x07,0x60,0x30,0xcb,0x10,0x1a,0x7e,0x11,0x0c,0x37,0xc4,0xc1,0x1c,0x07,0x60,0x30,0xcb,0x10,0x1a,0x7f,0x11,0x0c,0x37,0xc8,
    0x01,0x1f,0x07,0x60,0x30,0xcb,0x10,0x1a,0xa0,0x11,0x0c,0x37,0xcc,0x41,0x1e,0x07,0x60,0x30,0xdd,0xc0,0xba,0x81,0xdf,0x06,
    0xc1,0x74,0x03,0xeb,0x06,0x7e,0x1b,0x08,0xb3,0x04,0xa1,0x31,0xd0,0x35,0xb8,0xc2,0x5d,0x58,0x79,0xe1,0x83,0x02,0x5d,0xe8,
    0xa1,0x50,0x17,0x24,0x2f,0xe8,0x05,0xca,0x0b,0x7b,0xc1,0xf2,0x02,0x5f,0xc0,0xbc,0xd0,0x17,0x34,0x2f,0xf8,0x05,0xce,0x0b,
    0x7f,0x41,0x80,0xc6,0x40,0xd7,0xe0,0x0a,0x77,0x61,0xe5,0x85,0x0f,0x0a,0x74,0xa1,0x87,0x42,0x5d,0x90,0xbc,0xa0,0x17,0x28,
    0x2f,0xec,0x05,0xcb,0x0b,0x7c,0x01,0xf3,0x42,0x5f,0xd0,0xbc,0xe0,0x17,0x38,0x2f,0xfc,0x05,0x01,0x1a,0x03,0x5d,0x83,0x2b,
    0xdc,0x85,0xd9,0x0b,0x79,0xe1,0x83,0x02,0x5d,0xe8,0xa1,0x50,0x17,0x66,0x2f,0xe8,0x85,0xd9,0x0b,0x7b,0x61,0xf6,0x02,0x5f,
    0x98,0xbd,0xd0,0x17,0x66,0x2f,0xf8,0x85,0xd9,0x0b,0x7f,0x61,0xf6,0x02,0x68,0x8c,0x26,0xe8,0x54,0x70,0x01,0x41,0xc3,0x0d,
    0xc1,0x29,0x07,0x60,0x30,0xcb,0xa0,0x1a,0xa2,0x11,0x94,0x50,0xc3,0x81,0x5a,0xc0,0xc3,0x01,0x08,0x86,0x1b,0x02,0x51,0x0e,
    0xc8,0x60,0x96,0x61,0x34,0x48,0x23,0x18,0x31,0x38,0x00,0x10,0x04,0x83,0xea,0x95,0x83,0x32,0x0e,0x72,0x37,0x28,0xdf,0x60,
    0x34,0x21,0x00,0x46,0x13,0x84,0x60,0x34,0x61,0x10,0x46,0x13,0x88,0x61,0xc4,0xe0,0x00,0x40,0x10,0x0c,0x2a,0x5a,0x0e,0xd4,
    0x38,0xf0,0xdd,0x20,0x87,0x83,0xd1,0x84,0x00,0x18,0x4d,0x10,0x82,0xd1,0x84,0x41,0x18,0x4d,0x20,0x86,0x11,0x83,0x03,0x00,
    0x41,0x30,0xa8,0x72,0x39,0x78,0xe3,0x60,0x7c,0x03,0xf7,0x0d,0x46,0x13,0x02,0x60,0x34,0x41,0x08,0x46,0x13,0x06,0x61,0x34,
    0x81,0x18,0x46,0x0c,0x0e,0x00,0x04,0xc1,0xa0,0xf2,0xe5,0x80,0x8e,0x03,0xf4,0x0d,0xe8,0x38,0x18,0x4d,0x08,0x80,0xd1,0x04,
    0x21,0x18,0x4d,0x18,0x84,0xd1,0x04,0x62,0xb0,0xa9,0x93,0xcf,0x88,0x01,0x02,0x80,0x20,0x18,0x5c,0xe3,0x1c,0xec,0x71,0xf0,
    0x74,0xc1,0x88,0x01,0x02,0x80,0x20,0x18,0x5c,0xe4,0x1c,0xf0,0x71,0xb0,0x74,0x81,0x05,0x07,0x74,0xcc,0x0a,0x03,0xf9,0x8c,
    0x18,0x20,0x00,0x08,0x82,0xc1,0x75,0xce,0xc1,0x1f,0x07,0x52,0x18,0x04,0x23,0x06,0x08,0x00,0x82,0x60,0x70,0xa1,0x73,0x00,
    0xca,0x81,0x13,0x06,0x81,0x05,0x0a,0x74,0x2c,0x2b,0x03,0xf9,0x8c,0x18,0x20,0x00,0x08,0x82,0xc1,0xb5,0xce,0xc1,0x28,0x07,
    0x55,0x19,0x04,0x23,0x06,0x08,0x00,0x82,0x60,0x70,0xb1,0x73,0x40,0xca,0x41,0x54,0x06,0x81,0x05,0x0d,0x74,0x8c,0x4b,0x03,
    0xf9,0x8c,0x18,0x20,0x00,0x08,0x82,0xc1,0xf5,0xce,0xc1,0x29,0x07,0x58,0x1a,0x04,0x23,0x06,0x08,0x00,0x82,0x60,0x70,0xc1,
    0x73,0x80,0xca,0x01,0x95,0x06,0x81,0x05,0x10,0x74,0x66,0x09,0x48,0x63,0xa0,0x62,0xd0,0x46,0x43,0x17,0x44,0x63,0xa0,0x62,
    0xa0,0x46,0x43,0x17,0x44,0x63,0xa0,0x62,0x70,0x46,0x43,0x17,0x44,0x63,0xa0,0x62,0x40,0x46,0x83,0x04,0x07,0xd1,0xa8,0x36,
    0xf8,0xe3,0x40,0x87,0x1b,0x02,0x7a,0x0e,0xc0,0x60,0x96,0x01,0x35,0x4a,0x23,0x18,0x6e,0x68,0x03,0x7b,0x0e,0xc0,0x60,0x96,
    0x01,0x35,0x4c,0x23,0x18,0x6e,0x70,0x83,0x77,0x0e,0xc0,0x60,0x96,0x01,0x35,0x4e,0x23,0x18,0x6e,0x78,0x03,0x79,0x0e,0xc0,
    0x60,0xba,0xe1,0x30,0x82,0x59,0x02,0xd4,0x18,0x28,0x19,0x1c,0xd2,0x10,0x4e,0x83,0x2a,0x0d,0xc9,0x34,0x86,0x1b,0xe2,0xa0,
    0x9e,0x03,0x32,0x98,0x65,0x48,0x0d,0xd5,0x08,0x86,0x1b,0xe6,0x80,0x9e,0x03,0x32,0x98,0x6e,0x58,0xe1,0x80,0x09,0x86,0x1b,
    0xea,0x00,0x9f,0x03,0x32,0x98,0x6e,0x68,0xe1,0xa0,0x09,0xa6,0x1b,0x5c,0x38,0x30,0x96,0x59,0x02,0xd5,0x18,0xe8,0x18,0xf8,
    0x21,0x34,0xc4,0x00,0x35,0xc4,0x20,0x35,0x06,0x3a,0x06,0x7e,0x08,0x0d,0x31,0x40,0x0d,0x25,0x35,0x06,0x3a,0x06,0x7e,0x08,
    0x0d,0x31,0x40,0x0d,0x24,0x35,0x06,0x3a,0x06,0x33,0x1c,0x42,0x83,0x42,0x0d,0x24,0x35,0x8a,0xb6,0xfc,0x39,0xd0,0xaa,0xad,
    0x5b,0x0e,0x74,0xb8,0x21,0xb8,0xe5,0x00,0x0c,0x66,0x19,0x6e,0x63,0x35,0x82,0xe1,0x06,0xe1,0x96,0x03,0x30,0x98,0x65,0xb8,
    0x0d,0xd6,0x08,0x86,0x1b,0x86,0x5b,0x0e,0xc0,0x60,0x96,0xa1,0x35,0x5c,0x23,0x18,0x31,0x58,0x00,0x10,0x04,0x03,0xe7,0xa5,
    0x83,0x70,0x0e,0xc8,0x31,0x18,0xc7,0x40,0x1c,0x03,0x72,0x0c,0xc6,0x31,0x10,0xc7,0x60,0xc4,0xc0,0x00,0x40,0x10,0x0c,0xa0,
    0x97,0x0e,0xc0,0x39,0x08,0x2c,0x30,0xc7,0x40,0x3e,0x26,0x98,0x63,0x20,0x1f,0x1b,0xcc,0x31,0x90,0xcf,0x88,0xc1,0x02,0x80,
    0x20,0x18,0x38,0x34,0x1d,0x98,0x73,0x30,0x08,0xc1,0x2e,0x06,0xba,0x18,0xe4,0x62,0x60,0x41,0x18,0x07,0xf2,0xb1,0xa0,0x17,
    0x03,0xf9,0x98,0xd0,0x8b,0x81,0x7c,0x6c,0xe8,0xc5,0x40,0x3e,0x86,0x0c,0xf1,0x31,0x64,0x88,0x8f,0x21,0x43,0x7c,0x66,0x09,
    0x6e,0x63,0xb8,0x21,0x22,0xe7,0x00,0x0c,0x66,0x19,0x5e,0x03,0x36,0x82,0x11,0x83,0x05,0x00,0x41,0x30,0x70,0x7a,0x3a,0x78,
    0xe7,0x40,0x1e,0x83,0x78,0x0c,0xe0,0x31,0x90,0xc7,0x20,0x1e,0x03,0x78,0x0c,0x46,0x0c,0x0c,0x00,0x04,0xc1,0x00,0xea,0xe9,
    0xc0,0x9d,0x83,0xc0,0x02,0x7a,0x0c,0xe4,0x63,0x02,0x3d,0x06,0xf2,0xb1,0x81,0x1e,0x03,0xf9,0x8c,0x18,0x2c,0x00,0x08,0x82,
    0x81,0x23,0xd6,0x01,0x3d,0x07,0x83,0x10,0xa4,0x63,0x80,0x8e,0xc1,0x39,0x06,0x16,0xbc,0x71,0x20,0x1f,0x0b,0xd6,0x31,0x90,
    0x8f,0x09,0xeb,0x18,0xc8,0xc7,0x86,0x75,0x0c,0xe4,0x63,0xc8,0x10,0x1f,0x43,0x86,0xf8,0x18,0x32,0xc4,0xc7,0x02,0x3a,0x0e,
    0xe0,0x63,0x04,0x21,0x1f,0x23,0x08,0xf9,0x98,0x10,0xc0,0xc7,0x08,0x42,0x3e,0x26,0x04,0xf0,0x19,0x31,0x30,0x00,0x10,0x04,
    0x03,0xe8,0xad,0x83,0x7f,0x0e,0x02,0x0b,0xfa,0x38,0x90,0xcf,0x88,0xc1,0x01,0x80,0x20,0x18,0x30,0x73,0x1d,0x8c,0x74,0x10,
    0xfc,0x71,0x60,0x4c,0x40,0x1f,0x63,0x04,0xfa,0x98,0x00,0xca,0x01,0x7c,0x4c,0x08,0xe5,0x00,0x3e,0xb3,0x04,0xb7,0x31,0xdc,
    0xd0,0x06,0x72,0x1d,0x80,0xc1,0x2c,0xc3,0x6d,0xc4,0x46,0x30,0xdc,0xe0,0x06,0x6b,0x1d,0x80,0xc1,0x2c,0xc3,0x6d,0xc8,0x46,
    0x30,0xdc,0xf0,0x06,0x6e,0x1d,0x80,0xc1,0x2c,0xc3,0x6d,0xcc,0x46,0x30,0xdc,0x00,0x07,0x6c,0x1d,0x80,0xc1,0x2c,0xc3,0x6d,
    0xd0,0x46,0x30,0xdc,0x10,0x07,0x6b,0x1d,0x80,0xc1,0x2c,0xc3,0x6d,0xd4,0x46,0x30,0xdc,0x20,0x07,0x74,0x1d,0x80,0xc1,0x2c,
    0xc3,0x6d,0xd8,0x46,0x30,0xdc,0x30,0x07,0x71,0x1d,0x80,0xc1,0x74,0x03,0x29,0x07,0x76,0x1c,0x04,0xd3,0x0d,0xa4,0x1c,0xd8,
    0x71,0x20,0xcc,0x12,0xdc,0xc6,0x40,0xd7,0xe0,0x0a,0xad,0x61,0xbd,0x86,0x8b,0x0a,0xaa,0xa1,0xa6,0xc2,0x6a,0xd0,0xe3,0x00,
    0x1b,0xf8,0x38,0xc4,0x06,0x3f,0x0e,0xb2,0x01,0x92,0xc3,0x6c,0x90,0xe4,0x40,0x1b,0x28,0x39,0xd4,0x06,0x61,0x1b,0x03,0x5d,
    0x83,0x2b,0xb4,0x86,0xf5,0x1a,0x2e,0x2a,0xa8,0x86,0x9a,0x0a,0xab,0x41,0x8f,0x03,0x6c,0xe0,0xe3,0x10,0x1b,0xfc,0x38,0xc8,
    0x06,0x48,0x0e,0xb3,0x41,0x92,0x03,0x6d,0xa0,0xe4,0x50,0x1b,0x84,0x6d,0x0c,0x74,0x0d,0xae,0xd0,0x1a,0x36,0x39,0xbc,0x86,
    0x8b,0x0a,0xaa,0xa1,0xa6,0xc2,0x6a,0xd8,0xe4,0x00,0x1b,0x36,0x39,0xc4,0x86,0x4d,0x0e,0xb2,0x61,0x93,0xc3,0x6c,0xd8,0xe4,
    0x40,0x1b,0x36,0x39,0xd4,0x86,0x4d,0x0e,0xb6,0x31,0x9a,0xf0,0x62,0xc1,0x05,0x04,0x0d,0x37,0x04,0x7f,0x1d,0x80,0xc1,0x2c,
    0x03,0x78,0xe0,0x46,0x50,0x42,0x4b,0x07,0x6a,0x01,0x4d,0x07,0x20,0x18,0x6e,0x08,0xf4,0x3a,0x20,0x83,0x59,0x86,0xdc,0xd0,
    0x8d,0x60,0xc4,0xe0,0x00,0x40,0x10,0x0c,0xaa,0xd3,0x0e,0x7a,0x3a,0x88,0xe5,0xe0,0xa7,0x83,0xd1,0x84,0x00,0x18,0x4d,0x10,
    0x82,0xd1,0x84,0x41,0x18,0x4d,0x20,0x86,0x11,0x83,0x03,0x00,0x41,0x30,0xa8,0x58,0x3b,0x10,0xeb,0xc0,0x96,0x83,0xb2,0x0e,
    0x46,0x13,0x02,0x60,0x34,0x41,0x08,0x46,0x13,0x06,0x61,0x34,0x81,0x18,0x46,0x0c,0x0e,0x00,0x04,0xc1,0xa0,0x8a,0xed,0xe0,
    0xac,0x83,0x5d,0x0e,0xd6,0x3a,0x18,0x4d,0x08,0x80,0xd1,0x04,0x21,0x18,0x4d,0x18,0x84,0xd1,0x04,0x62,0x18,0x31,0x38,0x00,
    0x10,0x04,0x83,0xca,0xb6,0x03,0xb6,0x0e,0xc0,0x39,0x88,0xeb,0x60,0x34,0x21,0x00,0x46,0x13,0x84,0x60,0x34,0x61,0x10,0x46,
    0x13,0x88,0xc1,0xa6,0x4e,0x3e,0x23,0x06,0x08,0x00,0x82,0x60,0x70,0xed,0x76,0x30,0xd7,0xc1,0xd3,0x05,0x23,0x06,0x08,0x00,
    0x82,0x60,0x70,0xf1,0x76,0x40,0xd7,0xc1,0xd2,0x05,0x16,0x1c,0xd0,0x31,0x2b,0x0c,0xe4,0x33,0x62,0x80,0x00,0x20,0x08,0x06,
    0xd7,0x6f,0x07,0x77,0x1d,0x48,0x61,0x10,0x8c,0x18,0x20,0x00,0x08,0x82,0xc1,0x05,0xde,0x01,0x5e,0x07,0x4e,0x18,0x04,0x16,
    0x28,0xd0,0xb1,0xac,0x0c,0xe4,0x33,0x62,0x80,0x00,0x20,0x08,0x06,0xd7,0x78,0x07,0x7b,0x1d,0x54,0x65,0x10,0x8c,0x18,0x20,
    0x00,0x08,0x82,0xc1,0x45,0xde,0x01,0x5f,0x07,0x51,0x19,0x04,0x16,0x34,0xd0,0x31,0x2e,0x0d,0xe4,0x33,0x62,0x80,0x00,0x20,
    0x08,0x06,0xd7,0x79,0x07,0x7f,0x1d,0x60,0x69,0x10,0x8c,0x18,0x20,0x00,0x08,0x82,0xc1,0x85,0xde,0x01,0x68,0x07,0x54,0x1a,
    0x04,0x16,0x40,0xd0,0x99,0x25,0xd0,0x8d,0x81,0x8a,0x41,0xcb,0x0d,0x5d,0xc0,0x8d,0x81,0x8a,0x81,0xca,0x0d,0x5d,0xc0,0x8d,
    0x81,0x8a,0xc1,0xc9,0x0d,0x5d,0xc0,0x8d,0x81,0x8a,0x01,0xc9,0x0d,0xfa,0x1c,0x70,0xa3,0xda,0xe0,0xae,0x03,0x1d,0x6e,0x08,
    0xd8,0x3b,0x00,0x83,0x59,0x06,0xdf,0xd8,0x8d,0x60,0xb8,0xa1,0x0d,0xdc,0x3b,0x00,0x83,0x59,0x06,0xdf,0xe0,0x8d,0x60,0xb8,
    0xc1,0x0d,0xce,0x3b,0x00,0x83,0x59,0x06,0xdf,0xe8,0x8d,0x60,0xb8,0xe1,0x0d,0xd4,0x3b,0x00,0x83,0xe9,0x86,0xc3,0x08,0x66,
    0x09,0x7c,0x63,0xa0,0x64,0x70,0x74,0x43,0xe8,0x0d,0x6a,0x37,0x24,0xde,0x18,0x6e,0x88,0x83,0xf6,0x0e,0xc8,0x60,0x96,0xe1,
    0x37,0xc0,0x23,0x18,0x6e,0x98,0x03,0xf6,0x0e,0xc8,0x60,0xba,0x61,0xa4,0x03,0x26,0x18,0x6e,0xa8,0x03,0xf8,0x0e,0xc8,0x60,
    0xba,0xa1,0xa4,0x83,0x26,0x98,0x6e,0x30,0xe9,0xc0,0x58,0x66,0x09,0xc0,0x63,0xa0,0x63,0xe0,0x87,0xdb,0x10,0x03,0xdf,0x10,
    0x83,0xdf,0x18,0xe8,0x18,0xf8,0xe1,0x36,0xc4,0xc0,0x37,0x94,0xdf,0x18,0xe8,0x18,0xf8,0xe1,0x36,0xc4,0xc0,0x37,0x90,0xdf,
    0x18,0xe8,0x18,0x6c,0x74,0xb8,0x0d,0xca,0x37,0x90,0xdf,0xa8,0x54,0xb3,0xef,0x40,0x4b,0xd5,0x5e,0x3b,0xd0,0xe1,0x86,0xe0,
    0xb5,0x03,0x30,0x98,0x65,0x68,0x8f,0xf0,0x08,0x86,0x1b,0x84,0xd7,0x0e,0xc0,0x60,0x96,0xa1,0x3d,0xc4,0x23,0x18,0x6e,0x18,
    0x5e,0x3b,0x00,0x83,0x59,0x86,0xf1,0x20,0x8f,0x60,0xc4,0x60,0x01,0x40,0x10,0x0c,0x9c,0x13,0x0f,0x72,0x3b,0xe0,0xcd,0x60,
    0x37,0x03,0xdd,0x0c,0x78,0x33,0xd8,0xcd,0x40,0x37,0x83,0x11,0x03,0x03,0x00,0x41,0x30,0x80,0x4e,0x3c,0xc0,0xed,0x20,0xb0,
    0xc0,0x37,0x03,0xf9,0x98,0xe0,0x9b,0x81,0x7c,0x6c,0xf0,0xcd,0x40,0x3e,0x23,0x06,0x0b,0x00,0x82,0x60,0xe0,0xb0,0x78,0xe0,
    0xdb,0xc1,0x20,0x04,0xb3,0x19,0xc8,0x66,0x10,0x9b,0x81,0x05,0x39,0x1d,0xc8,0xc7,0x82,0xda,0x0c,0xe4,0x63,0x42,0x6d,0x06,
    0xf2,0xb1,0xa1,0x36,0x03,0xf9,0x18,0x32,0xc4,0xc7,0x90,0x21,0x3e,0x86,0x0c,0xf1,0x99,0x25,0x68,0x8f,0xe1,0x86,0x88,0xb7,
    0x03,0x30,0x98,0x65,0x28,0x0f,0xf3,0x08,0x46,0x0c,0x16,0x00,0x04,0xc1,0xc0,0xa9,0xf1,0xe0,0xbc,0x03,0xf5,0x0c,0xd2,0x33,
    0x40,0xcf,0x40,0x3d,0x83,0xf4,0x0c,0xd0,0x33,0x18,0x31,0x30,0x00,0x10,0x04,0x03,0xa8,0xc6,0x03,0xf3,0x0e,0x02,0x0b,0xd8,
    0x33,0x90,0x8f,0x09,0xec,0x19,0xc8,0xc7,0x06,0xf6,0x0c,0xe4,0x33,0x62,0xb0,0x00,0x20,0x08,0x06,0x8e,0x8e,0x07,0xec,0x1d,
    0x0c,0x42,0x10,0x9e,0x01,0x78,0x06,0xbf,0x19,0x58,0x70,0xd6,0x81,0x7c,0x2c,0x18,0xcf,0x40,0x3e,0x26,0x8c,0x67,0x20,0x1f,
    0x1b,0xc6,0x33,0x90,0x8f,0x21,0x43,0x7c,0x0c,0x19,0xe2,0x63,0xc8,0x10,0x1f,0x0b,0xd8,0x3a,0x80,0x8f,0x11,0x84,0x7c,0x8c,
    0x20,0xe4,0x63,0x42,0x00,0x1f,0x23,0x08,0xf9,0x98,0x10,0xc0,0x67,0xc4,0xc0,0x00,0x40,0x10,0x0c,0xa0,0x33,0x0f,0xee,0x3b,
    0x08,0x2c,0xa8,0xeb,0x40,0x3e,0x23,0x06,0x07,0x00,0x82,0x60,0xc0,0xac,0x79,0xb0,0xdf,0x41,0x70,0xd7,0x81,0x31,0x01,0x7d,
    0x8c,0x11,0xe8,0x63,0x02,0x5e,0x07,0xf0,0x31,0x21,0xaf,0x03,0xf8,0xcc,0x12,0xb4,0xc7,0x70,0x43,0x1b,0xa8,0x79,0x00,0x06,
    0xb3,0x0c,0xed,0x71,0x1e,0xc1,0x70,0x83,0x1b,0x8c,0x79,0x00,0x06,0xb3,0x0c,0xed,0x81,0x1e,0xc1,0x70,0xc3,0x1b,0x98,0x79,
    0x00,0x06,0xb3,0x0c,0xed,0x91,0x1e,0xc1,0x70,0x03,0x1c,0x90,0x79,0x00,0x06,0xb3,0x0c,0xed,0xa1,0x1e,0xc1,0x70,0x43,0x1c,
    0x8c,0x79,0x00,0x06,0xb3,0x0c,0xed,0xb1,0x1e,0xc1,0x70,0x83,0x1c,0xb0,0x79,0x00,0x06,0xb3,0x0c,0xed,0xc1,0x1e,0xc1,0x70,
    0xc3,0x1c,0xa4,0x79,0x00,0x06,0xd3,0x0d,0x7c,0x1d,0xb8,0x75,0x10,0x4c,0x37,0xf0,0x75,0xe0,0xd6,0x81,0x30,0x4b,0xd0,0x1e,
    0x03,0x5d,0x83,0x2b,0x8c,0x87,0x55,0x1e,0xfe,0x2b,0x80,0x87,0x0e,0x0b,0xe1,0x41,0xae,0x83,0x79,0xa0,0xeb,0x70,0x1e,0xec,
    0x3a,0xa0,0x07,0xbc,0x0e,0xe9,0x41,0xaf,0x83,0x7a,0xe0,0xeb,0xb0,0x1e,0x04,0x7b,0x0c,0x74,0x0d,0xae,0x30,0x1e,0x56,0x79,
    0xf8,0xaf,0x00,0x1e,0x3a,0x2c,0x84,0x07,0xb9,0x0e,0xe6,0x81,0xae,0xc3,0x79,0xb0,0xeb,0x80,0x1e,0xf0,0x3a,0xa4,0x07,0xbd,
    0x0e,0xea,0x81,0xaf,0xc3,0x7a,0x10,0xec,0x31,0xd0,0x35,0xb8,0xc2,0x78,0x98,0xec,0x50,0x1e,0xfe,0x2b,0x80,0x87,0x0e,0x0b,
    0xe1,0x61,0xb2,0x83,0x79,0x98,0xec,0x70,0x1e,0x26,0x3b,0xa0,0x87,0xc9,0x0e,0xe9,0x61,0xb2,0x83,0x7a,0x98,0xec,0xb0,0x1e,
    0x26,0x3b,0xb0,0xc7,0x68,0x02,0xc9,0x05,0x17,0x10,0x34,0xdc,0x10,0xdc,0x79,0x00,0x06,0xb3,0x0c,0xf6,0xe1,0x1e,0x41,0x09,
    0x25,0x1e,0xa8,0x05,0x2c,0x1e,0x80,0x60,0xb8,0x21,0x90,0xf3,0x80,0x0c,0x66,0x19,0xde,0x03,0x3e,0x82,0x11,0x83,0x03,0x00,
    0x41,0x30,0xa8,0xfe,0x3c,0xa8,0xf1,0x20,0xb5,0x83,0x1d,0x0f,0x46,0x13,0x02,0x60,0x34,0x41,0x08,0x46,0x13,0x06,0x61,0x34,
    0x81,0x18,0x46,0x0c,0x0e,0x00,0x04,0xc1,0xa0,0x22,0xf5,0x40,0xc7,0x03,0xd7,0x0e,0xc2,0x3c,0x18,0x4d,0x08,0x80,0xd1,0x04,
    0x21,0x18,0x4d,0x18,0x84,0xd1,0x04,0x62,0x18,0x31,0x38,0x00,0x10,0x04,0x83,0x2a,0xd5,0x83,0x1f,0x0f,0x66,0x3b,0x38,0xf3,
    0x60,0x34,0x21,0x00,0x46,0x13,0x84,0x60,0x34,0x61,0x10,0x46,0x13,0x88,0x61,0xc4,0xe0,0x00,0x40,0x10,0x0c,0x2a,0x57,0x0f,
    0xc8,0x3c,0xc0,0xed,0xa0,0xcd,0x83,0xd1,0x84,0x00,0x18,0x4d,0x10,0x82,0xd1,0x84,0x41,0x18,0x4d,0x20,0x06,0x9b,0x3a,0xf9,
    0x8c,0x18,0x20,0x00,0x08,0x82,0xc1,0x35,0xeb,0xc1,0x9a,0x07,0x4f,0x17,0x8c,0x18,0x20,0x00,0x08,0x82,0xc1,0x45,0xeb,0x01,
    0x9b,0x07,0x4b,0x17,0x58,0x70,0x40,0xc7,0xac,0x30,0x90,0xcf,0x88,0x01,0x02,0x80,0x20,0x18,0x5c,0xb7,0x1e,0xbc,0x79,0x20,
    0x85,0x41,0x30,0x62,0x80,0x00,0x20,0x08,0x06,0x17,0xae,0x07,0x70,0x1e,0x38,0x61,0x10,0x58,0xa0,0x40,0xc7,0xb2,0x32,0x90,
    0xcf,0x88,0x01,0x02,0x80,0x20,0x18,0x5c,0xbb,0x1e,0xcc,0x79,0x50,0x95,0x41,0x30,0x62,0x80,0x00,0x20,0x08,0x06,0x17,0xaf,
    0x07,0x74,0x1e,0x44,0x65,0x10,0x58,0xd0,0x40,0xc7,0xb8,0x34,0x90,0xcf,0x88,0x01,0x02,0x80,0x20,0x18,0x5c,0xbf,0x1e,0xdc,
    0x79,0x80,0xa5,0x41,0x30,0x62,0x80,0x00,0x20,0x08,0x06,0x17,0xb8,0x07,0x78,0x1e,0x50,0x69,0x10,0x58,0x00,0x41,0x67,0x96,
    0x00,0x3e,0x06,0x2a,0x06,0xed,0x3d,0x74,0xc1,0x3d,0x06,0x2a,0x06,0xea,0x3d,0x74,0xc1,0x3d,0x06,0x2a,0x06,0xe7,0x3d,0x74,
    0xc1,0x3d,0x06,0x2a,0x06,0xe4,0x3d,0xc8,0x77,0x70,0x8f,0x6a,0x83,0x37,0x0f,0x74,0xb8,0x21,0x20,0xf7,0x00,0x0c,0x66,0x19,
    0xe8,0x23,0x3e,0x82,0xe1,0x86,0x36,0x30,0xf7,0x00,0x0c,0x66,0x19,0xe8,0x43,0x3e,0x82,0xe1,0x06,0x37,0xf8,0xf5,0x00,0x0c,
    0x66,0x19,0xe8,0x63,0x3e,0x82,0xe1,0x86,0x37,0x10,0xf7,0x00,0x0c,0xa6,0x1b,0x0e,0x23,0x98,0x25,0xa0,0x8f,0x81,0x92,0xc1,
    0x81,0x0f,0x61,0x3e,0xa8,0xf8,0x90,0xe4,0x63,0xb8,0x21,0x0e,0xca,0x3d,0x20,0x83,0x59,0x86,0xfa,0xb0,0x8f,0x60,0xb8,0x61,
    0x0e,0xc8,0x3d,0x20,0x83,0xe9,0x86,0xfd,0x0e,0x98,0x60,0xba,0x81,0xbf,0x03,0x22,0x99,0x25,0xb0,0x8f,0x81,0x8e,0x01,0x1f,
    0xda,0xc3,0xa3,0x0f,0xaf,0x3e,0x06,0x3a,0x06,0x7c,0x68,0x0f,0x8f,0x3e,0x8c,0xfa,0x18,0xe8,0x18,0x40,0x78,0x68,0x0f,0x87,
    0x3e,0x8c,0xfa,0x18,0x31,0x38,0x00,0x10,0x04,0x83,0xaa,0xde,0x83,0x55,0x0f,0xfe,0x3b,0xe0,0xf3,0x60,0x34,0x21,0x10,0x86,
    0x23,0x02,0x12,0x0f,0x84,0x6f,0x96,0xe1,0x3e,0xf0,0x23,0xb0,0x57,0x0d,0x5e,0x35,0x90,0x8f,0xbd,0x6a,0xf0,0xaa,0x81,0x7c,
    0x2c,0x10,0xe0,0x63,0xb0,0x1a,0xc0,0x6a,0x20,0x1f,0x13,0x02,0xf8,0x8c,0x18,0x18,0x00,0x08,0x82,0x01,0xe4,0xef,0x81,0xab,
    0x07,0xc1,0x2c,0x01,0x7e,0x0c,0x54,0x0c,0xc2,0x7d,0xa0,0xb4,0x60,0x1f,0x23,0x06,0x07,0x00,0x82,0x60,0x50,0xfd,0x7b,0x50,
    0xeb,0x41,0x8a,0x07,0xbf,0x1e,0x8c,0x26,0x04,0xc0,0x68,0x82,0x10,0x8c,0x26,0x0c,0xc2,0x68,0x02,0x31,0x58,0x10,0xe3,0x01,
    0x7c,0x2e,0x20,0x68,0xb8,0x21,0x10,0xf9,0x00,0x0c,0x66,0x19,0xfc,0x23,0x3f,0x82,0xe1,0x06,0x81,0xe4,0x03,0x30,0x98,0x65,
    0xd0,0x8f,0xfd,0x08,0xcc,0x50,0xe4,0x63,0x81,0x8e,0x07,0xf2,0x19,0x31,0x30,0x00,0x10,0x04,0x03,0x68,0xe5,0x03,0x58,0x0f,
    0x82,0x11,0x83,0x03,0x00,0x41,0x30,0x60,0x5c,0x3e,0xf0,0xf5,0x20,0xb0,0xf1,0x60,0xc4,0xe0,0x00,0x40,0x10,0x0c,0x98,0x97,
    0x0f,0x78,0x3d,0x08,0x70,0x3c,0x98,0x25,0xf0,0x8f,0xe1,0x06,0x44,0xe4,0x03,0x30,0x98,0x65,0xe0,0x8f,0xfe,0x08,0x8c,0x81,
    0xe4,0x63,0x41,0x20,0x1f,0x0b,0xc2,0x3c,0x90,0xcf,0x88,0x81,0x01,0x80,0x20,0x18,0x40,0x32,0x1f,0xdc,0x7a,0x10,0x8c,0x18,
    0x1c,0x00,0x08,0x82,0x01,0x53,0xf3,0x41,0xb9,0x07,0x41,0x8f,0x07,0x23,0x06,0x07,0x00,0x82,0x60,0xc0,0xd8,0x7c,0x30,0xee,
    0x41,0xf0,0xe3,0xc1,0x2c,0x81,0x7f,0xd8,0x44,0xc5,0x67,0xc4,0xc0,0x00,0x40,0x10,0x0c,0x20,0x9b,0x0f,0x5e,0x3e,0x08,0x86,
    0x23,0x82,0x32,0x0f,0x88,0x6f,0x38,0x62,0x10,0xf3,0x80,0xf8,0xa6,0x1b,0xd8,0x3c,0x38,0xf3,0x20,0x98,0x6e,0x08,0x8a,0xc1,
    0x32,0x2e,0x3e,0x16,0x08,0xf4,0x19,0x31,0x38,0x00,0x10,0x04,0x03,0xe6,0xe7,0x83,0x77,0x0f,0x82,0x33,0x0f,0x46,0x0c,0x0e,
    0x00,0x04,0xc1,0x80,0x01,0xfb,0xa0,0xdd,0x83,0x20,0xcd,0x83,0x59,0x02,0xff,0x18,0x28,0x19,0xc8,0x40,0x3f,0x2c,0xfe,0x10,
    0xfa,0x83,0x96,0x07,0xfc,0x18,0x4d,0x20,0xd3,0x40,0x18,0x8e,0x08,0xda,0x3c,0x10,0xbe,0x59,0x86,0xff,0x00,0x91,0xc0,0xea,
    0x2d,0x5f,0x03,0xf9,0x58,0xbd,0xe9,0x6b,0x20,0x1f,0xab,0xb7,0x7d,0x0d,0xe4,0x63,0xf5,0xc6,0xaf,0x81,0x7c,0x2c,0xc4,0xfa,
    0x35,0x90,0x8f,0x85,0x98,0xbf,0x06,0xf2,0xb1,0x10,0xfb,0xd7,0x40,0x3e,0x16,0x62,0x20,0x1b,0xc8,0xc7,0x5a,0x2a,0x64,0x03,
    0xf9,0x58,0x4b,0x89,0x6c,0x20,0x1f,0x6b,0xa9,0x91,0x0d,0xe4,0x63,0x2d,0x45,0xb2,0x81,0x7c,0x2c,0x87,0x4a,0x36,0x90,0x8f,
    0xe5,0x90,0xc9,0x06,0xf2,0xb1,0x1c,0x3a,0xd9,0x40,0x3e,0x96,0x43,0x28,0x1b,0xc8,0xc7,0xca,0x26,0x65,0x03,0xf9,0x58,0xd9,
    0xa8,0x6c,0x20,0x1f,0x2b,0x9b,0x95,0x0d,0xe4,0x63,0x65,0xc3,0xb2,0x81,0x7c,0x2c,0x4e,0x5a,0x36,0x90,0x8f,0xc5,0x89,0xcb,
    0x06,0xf2,0xb1,0x38,0x79,0xd9,0x40,0x3e,0x16,0x27,0x30,0x1b,0xc8,0xc7,0xfa,0x22,0x66,0x03,0xf9,0x58,0x5f,0xc8,0x6c,0x20,
    0x1f,0xeb,0x8b,0x99,0x0d,0xe4,0x63,0x7d,0x41,0xb3,0x81,0x7c,0x6c,0x15,0x6a,0x36,0x90,0x8f,0xad,0x82,0xcd,0x06,0xf2,0xb1,
    0x55,0xb8,0xd9,0x40,0x3e,0xb3,0x04,0x20,0x32,0x50,0x31,0xf8,0xc1,0x7f,0xa0,0x79,0xe0,0x1f,0x03,0x15,0x83,0x1f,0xfc,0x07,
    0x9a,0x07,0xfe,0x31,0x50,0x31,0xf8,0xc1,0x7f,0xa0,0x79,0xe0,0x1f,0x03,0x15,0x83,0x1f,0xfc,0x07,0x9a,0x07,0xfe,0x31,0x50,
    0x31,0xf8,0xc1,0x7f,0x80,0x72,0xe0,0x1f,0x03,0x15,0x83,0x1f,0xfc,0x07,0x28,0x07,0xfe,0x31,0x50,0x31,0xf8,0xc1,0x7f,0x80,
    0x72,0xe0,0x1f,0x03,0x15,0x83,0x1f,0xfc,0x07,0x28,0x07,0xfe,0x31,0x50,0x31,0xf8,0xc1,0x7f,0xe0,0x6a,0xe0,0x1f,0x03,0x15,
    0x83,0x1f,0xfc,0x07,0xae,0x06,0xfe,0x31,0x50,0x31,0xf8,0xc1,0x7f,0xe0,0x6a,0xe0,0x1f,0x03,0x15,0x83,0x1f,0xfc,0x07,0xae,
    0x06,0xfe,0x31,0x50,0x31,0xf8,0xc1,0x7f,0xc0,0x63,0xe0,0x1f,0x03,0x15,0x83,0x1f,0xfc,0x07,0x3c,0x06,0xfe,0x31,0x50,0x31,
    0xf8,0xc1,0x7f,0xc0,0x63,0xe0,0x1f,0x03,0x15,0x83,0x1f,0xfc,0x07,0x3c,0x06,0xfe,0x31,0x50,0x31,0xf8,0xc1,0x7f,0xa0,0x9c,
    0x7f,0x0c,0x54,0x0c,0x7e,0xf0,0x1f,0x28,0xe7,0x1f,0x03,0x15,0x83,0x1f,0xfc,0x07,0xca,0xf9,0xc7,0x40,0xc5,0xe0,0x07,0xff,
    0x81,0x72,0xfe,0x31,0x50,0x31,0xf8,0xc1,0x7f,0x80,0x95,0x7f,0x0c,0x54,0x0c,0x7e,0xf0,0x1f,0x60,0xe5,0x1f,0x03,0x15,0x83,
    0x1f,0xfc,0x07,0x58,0xf9,0xc7,0x40,0xc5,0xe0,0x07,0xff,0x01,0x56,0xfe,0x31,0x50,0x31,0xf8,0xc1,0x7f,0xe0,0x8d,0x7f,0x0c,
    0x54,0x0c,0x7e,0xf0,0x1f,0x78,0xe3,0x1f,0x03,0x15,0x83,0x1f,0xfc,0x07,0xde,0xf8,0xc7,0x40,0xc5,0xe0,0x07,0xff,0x81,0x37,
    0xfe,0x31,0x50,0x31,0xf8,0xc1,0x7f,0xd0,0x86,0x7f,0x0c,0x54,0x0c,0x7e,0xf0,0x1f,0xb4,0xe1,0x1f,0x03,0x15,0x83,0x1f,0xfc,
    0x07,0x6d,0xf8,0xc7,0x68,0x02,0xb9,0x06,0x81,0x05,0x78,0x1b,0xc8,0xc7,0xf4,0x36,0x08,0xe2,0x33,0x62,0x90,0x00,0x20,0x08,
    0x06,0x8a,0xf9,0x07,0xb4,0x1f,0xf8,0x7e,0xe0,0xfb,0x01,0xeb,0x07,0x7d,0x1b,0x8c,0x18,0x24,0x00,0x08,0x82,0x81,0x62,0xfe,
    0x01,0xed,0x07,0xbe,0x1f,0xf8,0x7e,0x70,0xfa,0x01,0xdf,0x06,0x23,0x06,0x09,0x00,0x82,0x60,0xa0,0x98,0x7f,0x40,0xfb,0x81,
    0xef,0x07,0xbe,0x1f,0xa0,0x7e,0x10,0x8c,0x18,0x24,0x00,0x08,0x82,0x81,0x62,0xfe,0x01,0xed,0x07,0xbe,0x1f,0xf8,0x7e,0xa0,
    0xfa,0x81,0xde,0x06,0x23,0x06,0x09,0x00,0x82,0x60,0xa0,0x98,0x7f,0x40,0xfb,0xc1,0xef,0x07,0xbe,0x1f,0xb0,0x7e,0x90,0x8a,
    0xc1,0x88,0x41,0x02,0x80,0x20,0x18,0x28,0xe6,0x1f,0xd0,0x7e,0xf0,0xfb,0x81,0xef,0x07,0xa7,0x1f,0xa0,0x62,0x30,0x62,0x90,
    0x00,0x20,0x08,0x06,0x8a,0xf9,0x07,0xb4,0x1f,0xfc,0x7e,0xe0,0xfb,0x01,0xea,0x07,0xa7,0x18,0x8c,0x18,0x24,0x00,0x08,0x82,
    0x81,0x62,0xfe,0x01,0xed,0x07,0xbf,0x1f,0xf8,0x7e,0xa0,0xfa,0x81,0x29,0x06,0x23,0x06,0x09,0x00,0x82,0x60,0xa0,0x98,0x7f,
    0x40,0xfb,0xc1,0xed,0x07,0xbe,0x1f,0xb0,0x7e,0x50,0x8a,0xc1,0x88,0x41,0x02,0x80,0x20,0x18,0x28,0xe6,0x1f,0xd0,0x7e,0x70,
    0xfb,0x81,0xef,0x07,0xa7,0x1f,0x90,0x62,0x30,0x62,0x90,0x00,0x20,0x08,0x06,0x8a,0xf9,0x07,0xb4,0x1f,0xdc,0x7e,0xe0,0xfb,
    0x01,0xea,0x07,0xa3,0x18,0x8c,0x18,0x24,0x00,0x08,0x82,0x81,0x62,0xfe,0x01,0xed,0x07,0xb7,0x1f,0xf8,0x7e,0xa0,0xfa,0x01,
    0xac,0x07,0x23,0x06,0x09,0x00,0x82,0x60,0xa0,0x98,0x7f,0x40,0xfb,0x41,0xee,0x07,0xbe,0x1f,0xb0,0x7e,0x90,0x8a,0xc1,0x88,
    0x41,0x02,0x80,0x20,0x18,0x28,0xe6,0x1f,0xd0,0x7e,0x90,0xfb,0x81,0xef,0x07,0xa7,0x1f,0xa0,0x62,0x30,0x62,0x90,0x00,0x20,
    0x08,0x06,0x8a,0xf9,0x07,0xb4,0x1f,0xe4,0x7e,0xe0,0xfb,0x01,0xea,0x07,0xa7,0x18,0x8c,0x18,0x24,0x00,0x08,0x82,0x81,0x62,
    0xfe,0x01,0xed,0x07,0xb9,0x1f,0xf8,0x7e,0xa0,0xfa,0x81,0x29,0x06,0x23,0x06,0x09,0x00,0x82,0x60,0xa0,0x98,0x7f,0x40,0xfb,
    0x81,0xed,0x07,0xbe,0x1f,0xb0,0x7e,0x50,0x8a,0xc1,0x88,0x41,0x02,0x80,0x20,0x18,0x28,0xe6,0x1f,0xd0,0x7e,0x60,0xfb,0x81,
    0xef,0x07,0xa7,0x1f,0x90,0x62,0x30,0x62,0x90,0x00,0x20,0x08,0x06,0x8a,0xf9,0x07,0xb4,0x1f,0xd8,0x7e,0xe0,0xfb,0x01,0xea,
    0x07,0xa3,0x18,0x8c,0x18,0x24,0x00,0x08,0x82,0x81,0x62,0xfe,0x01,0xed,0x07,0xb6,0x1f,0xf8,0x7e,0xa0,0xfa,0x01,0xac,0x07,
    0x23,0x06,0x09,0x00,0x82,0x60,0xa0,0x98,0x7f,0x40,0xfb,0x01,0xed,0x07,0xbe,0x1f,0xb0,0x7e,0x20,0x06,0x23,0x06,0x09,0x00,
    0x82,0x60,0xa0,0x98,0x7f,0x40,0xfb,0x01,0xed,0x07,0xbe,0x1f,0x9c,0x7e,0x10,0x06,0x23,0x06,0x09,0x00,0x82,0x60,0xa0,0x98,
    0x7f,0x40,0xfb,0x01,0xed,0x07,0xbe,0x1f,0xa0,0x7e,0x00,0x06,0x23,0x06,0x09,0x00,0x82,0x60,0xa0,0x98,0x7f,0x40,0xfb,0x01,
    0xed,0x07,0xbe,0x1f,0xa8,0x7e,0xf0,0x8d,0x18,0x24,0x00,0x08,0x82,0x81,0x62,0xfe,0x01,0xed,0x07,0xbc,0x1f,0xf8,0x7e,0xc0,
    0xfa,0x81,0x37,0x62,0x90,0x00,0x20,0x08,0x06,0x8a,0xf9,0x07,0xb4,0x1f,0xf0,0x7e,0xe0,0xfb,0xc1,0xe9,0x07,0xdd,0x88,0x41,
    0x02,0x80,0x20,0x18,0x28,0xe6,0x1f,0xd0,0x7e,0xc0,0xfb,0x81,0xef,0x07,0xa8,0x1f,0x70,0x23,0x06,0x09,0x00,0x82,0x60,0xa0,
    0x98,0x7f,0x40,0xfb,0x01,0xef,0x07,0xbe,0x1f,0xa8,0x7e,0xb0,0x8d,0x18,0x24,0x00,0x08,0x82,0x81,0x62,0xfe,0x01,0xed,0x07,
    0xb8,0x1f,0xf8,0x7e,0xc0,0xfa,0x81,0x36,0x62,0x90,0x00,0x20,0x08,0x06,0x8a,0xf9,0x07,0xb4,0x1f,0xe0,0x7e,0xe0,0xfb,0xc1,
    0xe9,0x07,0xd9,0x88,0x41,0x02,0x80,0x20,0x18,0x28,0xe6,0x1f,0xd0,0x7e,0x80,0xfb,0x81,0xef,0x07,0xa8,0x1f,0x60,0x23,0x06,
    0x09,0x00,0x82,0x60,0xa0,0x98,0x7f,0x40,0xfb,0x01,0xee,0x07,0xbe,0x1f,0xa8,0x7e,0x70,0x8d,0x18,0x24,0x00,0x08,0x82,0x81,
    0x62,0xfe,0x01,0xed,0x07,0xbd,0x1f,0xf8,0x7e,0xc0,0xfa,0x81,0x35,0x62,0x90,0x00,0x20,0x08,0x06,0x8a,0xf9,0x07,0xb4,0x1f,
    0xf4,0x7e,0xe0,0xfb,0xc1,0xe9,0x07,0xd5,0x88,0x41,0x02,0x80,0x20,0x18,0x28,0xe6,0x1f,0xd0,0x7e,0xd0,0xfb,0x81,0xef,0x07,
    0xa8,0x1f,0x50,0x23,0x06,0x09,0x00,0x82,0x60,0xa0,0x98,0x7f,0x40,0xfb,0x41,0xef,0x07,0xbe,0x1f,0xa8,0x7e,0x30,0x8d,0x18,
    0x24,0x00,0x08,0x82,0x81,0x62,0xfe,0x01,0xed,0x07,0xb3,0x1f,0xf8,0x7e,0xc0,0xfa,0x81,0x34,0x62,0x90,0x00,0x20,0x08,0x06,
    0x8a,0xf9,0x07,0xb4,0x1f,0xcc,0x7e,0xe0,0xfb,0xc1,0xe9,0x07,0xd1,0x88,0x41,0x02,0x80,0x20,0x18,0x28,0xe6,0x1f,0xd0,0x7e,
    0x30,0xfb,0x81,0xef,0x07,0xa8,0x1f,0x40,0x23,0x06,0x09,0x00,0x82,0x60,0xa0,0x98,0x7f,0x40,0xfb,0xc1,0xec,0x07,0xbe,0x1f,
    0xa8,0x7e,0xf0,0x8c,0x18,0x24,0x00,0x08,0x82,0x81,0x62,0xfe,0x01,0xed,0x07,0xb2,0x1f,0xf8,0x7e,0xc0,0xfa,0x81,0x33,0x62,
    0x90,0x00,0x20,0x08,0x06,0x8a,0xf9,0x07,0xb4,0x1f,0xc8,0x7e,0xe0,0xfb,0xc1,0xe9,0x07,0xcd,0x88,0x41,0x02,0x80,0x20,0x18,
    0x28,0xe6,0x1f,0xd0,0x7e,0x20,0xfb,0x81,0xef,0x07,0xa8,0x1f,0x30,0x23,0x06,0x09,0x00,0x82,0x60,0xa0,0x98,0x7f,0x40,0xfb,
    0x81,0xec,0x07,0xbe,0x1f,0xa8,0x7e,0xb0,0x8c,0x18,0x24,0x00,0x08,0x82,0x81,0x62,0xfe,0x01,0xed,0x07,0xb1,0x1f,0xf8,0x7e,
    0xc0,0xfa,0x81,0x32,0x62,0x90,0x00,0x20,0x08,0x06,0x8a,0xf9,0x07,0xb4,0x1f,0xc4,0x7e,0xe0,0xfb,0xc1,0xe9,0x07,0xc9,0x88,
    0x41,0x02,0x80,0x20,0x18,0x28,0xe6,0x1f,0xd0,0x7e,0x10,0xfb,0x81,0xef,0x07,0xa8,0x1f,0x20,0x23,0x06,0x09,0x00,0x82,0x60,
    0xa0,0x98,0x7f,0x40,0xfb,0x41,0xec,0x07,0xbe,0x1f,0xa8,0x7e,0x70,0x8c,0x18,0x24,0x00,0x08,0x82,0x81,0x62,0xfe,0x01,0xed,
    0x07,0xb0,0x1f,0xf8,0x7e,0xc0,0xfa,0x81,0x31,0x62,0x90,0x00,0x20,0x08,0x06,0x8a,0xf9,0x07,0xb4,0x1f,0xc0,0x7e,0xe0,0xfb,
    0xc1,0xe9,0x07,0xc5,0x88,0x41,0x02,0x80,0x20,0x18,0x28,0xe6,0x1f,0xd0,0x7e,0x00,0xfb,0x81,0xef,0x07,0xa8,0x1f,0x90,0xc2,
    0x88,0x41,0x02,0x80,0x20,0x18,0x28,0xe6,0x1f,0xd0,0x7e,0x00,0xfb,0x81,0xef,0x07,0xaa,0x1f,0x10,0x23,0x06,0x09,0x00,0x82,
    0x60,0xa0,0x98,0x7f,0x40,0xfb,0xc1,0xeb,0x07,0xbe,0x1f,0xb0,0x7e,0xa0,0xb7,0xc1,0x88,0x41,0x02,0x80,0x20,0x18,0x28,0xe6,
    0x1f,0xd0,0x7e,0xf0,0xfa,0x81,0xef,0x07,0xa7,0x1f,0xb4,0x7b,0x30,0x62,0x90,0x00,0x20,0x08,0x06,0x8a,0xf9,0x07,0xb4,0x1f,
    0xbc,0x7e,0xe0,0xfb,0x01,0xea,0x07,0x68,0x1b,0x8c,0x18,0x24,0x00,0x08,0x82,0x81,0x62,0xfe,0x01,0xed,0x07,0xaf,0x1f,0xf8,
    0x7e,0xa0,0xfa,0x81,0xbb,0x07,0x08,0x00,0x00,0x00,0x00,0x00,
};
