// Generated by compile_native_shaders.py. Native payload; never a bgfx container.
static const unsigned char s_sdl_dxil_fs_ff_stage_cube_compare2[] = {
    0x44,0x58,0x42,0x43,0x84,0xec,0x34,0xf3,0xf0,0x3f,0x68,0x02,0xa3,0xa0,0x92,0x3e,0x3a,0xf8,0x2f,0x2f,0x01,0x00,0x00,0x00,
    0x58,0xbf,0x00,0x00,0x07,0x00,0x00,0x00,0x3c,0x00,0x00,0x00,0x4c,0x00,0x00,0x00,0x34,0x02,0x00,0x00,0x70,0x02,0x00,0x00,
    0x5c,0x08,0x00,0x00,0x80,0x18,0x00,0x00,0x9c,0x18,0x00,0x00,0x53,0x46,0x49,0x30,0x08,0x00,0x00,0x00,0x00,0x00,0x00,0x00,
    0x00,0x00,0x00,0x00,0x49,0x53,0x47,0x31,0xe0,0x01,0x00,0x00,0x0e,0x00,0x00,0x00,0x08,0x00,0x00,0x00,0x00,0x00,0x00,0x00,
    0xc8,0x01,0x00,0x00,0x00,0x00,0x00,0x00,0x01,0x00,0x00,0x00,0x03,0x00,0x00,0x00,0x00,0x00,0x00,0x00,0x0f,0x00,0x00,0x00,
    0x00,0x00,0x00,0x00,0x00,0x00,0x00,0x00,0xd4,0x01,0x00,0x00,0x00,0x00,0x00,0x00,0x00,0x00,0x00,0x00,0x03,0x00,0x00,0x00,
    0x01,0x00,0x00,0x00,0x0f,0x0f,0x00,0x00,0x00,0x00,0x00,0x00,0x00,0x00,0x00,0x00,0xd4,0x01,0x00,0x00,0x01,0x00,0x00,0x00,
    0x00,0x00,0x00,0x00,0x03,0x00,0x00,0x00,0x02,0x00,0x00,0x00,0x0f,0x0f,0x00,0x00,0x00,0x00,0x00,0x00,0x00,0x00,0x00,0x00,
    0xd4,0x01,0x00,0x00,0x02,0x00,0x00,0x00,0x00,0x00,0x00,0x00,0x03,0x00,0x00,0x00,0x03,0x00,0x00,0x00,0x0f,0x0f,0x00,0x00,
    0x00,0x00,0x00,0x00,0x00,0x00,0x00,0x00,0xd4,0x01,0x00,0x00,0x03,0x00,0x00,0x00,0x00,0x00,0x00,0x00,0x03,0x00,0x00,0x00,
    0x04,0x00,0x00,0x00,0x0f,0x0f,0x00,0x00,0x00,0x00,0x00,0x00,0x00,0x00,0x00,0x00,0xd4,0x01,0x00,0x00,0x04,0x00,0x00,0x00,
    0x00,0x00,0x00,0x00,0x03,0x00,0x00,0x00,0x05,0x00,0x00,0x00,0x0f,0x0f,0x00,0x00,0x00,0x00,0x00,0x00,0x00,0x00,0x00,0x00,
    0xd4,0x01,0x00,0x00,0x05,0x00,0x00,0x00,0x00,0x00,0x00,0x00,0x03,0x00,0x00,0x00,0x06,0x00,0x00,0x00,0x0f,0x0f,0x00,0x00,
    0x00,0x00,0x00,0x00,0x00,0x00,0x00,0x00,0xd4,0x01,0x00,0x00,0x06,0x00,0x00,0x00,0x00,0x00,0x00,0x00,0x03,0x00,0x00,0x00,
    0x07,0x00,0x00,0x00,0x0f,0x0f,0x00,0x00,0x00,0x00,0x00,0x00,0x00,0x00,0x00,0x00,0xd4,0x01,0x00,0x00,0x07,0x00,0x00,0x00,
    0x00,0x00,0x00,0x00,0x03,0x00,0x00,0x00,0x08,0x00,0x00,0x00,0x0f,0x0f,0x00,0x00,0x00,0x00,0x00,0x00,0x00,0x00,0x00,0x00,
    0xd4,0x01,0x00,0x00,0x08,0x00,0x00,0x00,0x00,0x00,0x00,0x00,0x03,0x00,0x00,0x00,0x09,0x00,0x00,0x00,0x0f,0x0f,0x00,0x00,
    0x00,0x00,0x00,0x00,0x00,0x00,0x00,0x00,0xd4,0x01,0x00,0x00,0x09,0x00,0x00,0x00,0x00,0x00,0x00,0x00,0x03,0x00,0x00,0x00,
    0x0a,0x00,0x00,0x00,0x0f,0x0f,0x00,0x00,0x00,0x00,0x00,0x00,0x00,0x00,0x00,0x00,0xd4,0x01,0x00,0x00,0x0a,0x00,0x00,0x00,
    0x00,0x00,0x00,0x00,0x03,0x00,0x00,0x00,0x0b,0x00,0x00,0x00,0x0f,0x0f,0x00,0x00,0x00,0x00,0x00,0x00,0x00,0x00,0x00,0x00,
    0xd4,0x01,0x00,0x00,0x0b,0x00,0x00,0x00,0x00,0x00,0x00,0x00,0x03,0x00,0x00,0x00,0x0c,0x00,0x00,0x00,0x0f,0x0f,0x00,0x00,
    0x00,0x00,0x00,0x00,0x00,0x00,0x00,0x00,0xd4,0x01,0x00,0x00,0x0c,0x00,0x00,0x00,0x00,0x00,0x00,0x00,0x03,0x00,0x00,0x00,
    0x0d,0x00,0x00,0x00,0x0f,0x0d,0x00,0x00,0x00,0x00,0x00,0x00,0x53,0x56,0x5f,0x50,0x6f,0x73,0x69,0x74,0x69,0x6f,0x6e,0x00,
    0x54,0x45,0x58,0x43,0x4f,0x4f,0x52,0x44,0x00,0x00,0x00,0x00,0x4f,0x53,0x47,0x31,0x34,0x00,0x00,0x00,0x01,0x00,0x00,0x00,
    0x08,0x00,0x00,0x00,0x00,0x00,0x00,0x00,0x28,0x00,0x00,0x00,0x00,0x00,0x00,0x00,0x40,0x00,0x00,0x00,0x03,0x00,0x00,0x00,
    0x00,0x00,0x00,0x00,0x0f,0x00,0x00,0x00,0x00,0x00,0x00,0x00,0x53,0x56,0x5f,0x54,0x61,0x72,0x67,0x65,0x74,0x00,0x00,0x00,
    0x50,0x53,0x56,0x30,0xe4,0x05,0x00,0x00,0x34,0x00,0x00,0x00,0x00,0x00,0x00,0x00,0x00,0x00,0x00,0x00,0x00,0x00,0x00,0x00,
    0x00,0x00,0x00,0x00,0x00,0x00,0x00,0x00,0xff,0xff,0xff,0xff,0x00,0x00,0x00,0x00,0x0e,0x01,0x00,0x0e,0x01,0x00,0x00,0x00,
    0x00,0x00,0x00,0x00,0x00,0x00,0x00,0x00,0x00,0x00,0x00,0x00,0x76,0x00,0x00,0x00,0x21,0x00,0x00,0x00,0x18,0x00,0x00,0x00,
    0x02,0x00,0x00,0x00,0x03,0x00,0x00,0x00,0x00,0x00,0x00,0x00,0x00,0x00,0x00,0x00,0x0d,0x00,0x00,0x00,0x00,0x00,0x00,0x00,
    0x01,0x00,0x00,0x00,0x02,0x00,0x00,0x00,0x00,0x00,0x00,0x00,0x00,0x00,0x00,0x00,0x0e,0x00,0x00,0x00,0x00,0x00,0x00,0x00,
    0x01,0x00,0x00,0x00,0x02,0x00,0x00,0x00,0x01,0x00,0x00,0x00,0x01,0x00,0x00,0x00,0x0e,0x00,0x00,0x00,0x00,0x00,0x00,0x00,
    0x01,0x00,0x00,0x00,0x02,0x00,0x00,0x00,0x02,0x00,0x00,0x00,0x02,0x00,0x00,0x00,0x0e,0x00,0x00,0x00,0x00,0x00,0x00,0x00,
    0x01,0x00,0x00,0x00,0x02,0x00,0x00,0x00,0x03,0x00,0x00,0x00,0x03,0x00,0x00,0x00,0x0e,0x00,0x00,0x00,0x00,0x00,0x00,0x00,
    0x01,0x00,0x00,0x00,0x02,0x00,0x00,0x00,0x04,0x00,0x00,0x00,0x04,0x00,0x00,0x00,0x0e,0x00,0x00,0x00,0x00,0x00,0x00,0x00,
    0x01,0x00,0x00,0x00,0x02,0x00,0x00,0x00,0x05,0x00,0x00,0x00,0x05,0x00,0x00,0x00,0x0e,0x00,0x00,0x00,0x00,0x00,0x00,0x00,
    0x01,0x00,0x00,0x00,0x02,0x00,0x00,0x00,0x06,0x00,0x00,0x00,0x06,0x00,0x00,0x00,0x0e,0x00,0x00,0x00,0x00,0x00,0x00,0x00,
    0x01,0x00,0x00,0x00,0x02,0x00,0x00,0x00,0x07,0x00,0x00,0x00,0x07,0x00,0x00,0x00,0x0e,0x00,0x00,0x00,0x00,0x00,0x00,0x00,
    0x01,0x00,0x00,0x00,0x02,0x00,0x00,0x00,0x08,0x00,0x00,0x00,0x08,0x00,0x00,0x00,0x0e,0x00,0x00,0x00,0x00,0x00,0x00,0x00,
    0x01,0x00,0x00,0x00,0x02,0x00,0x00,0x00,0x09,0x00,0x00,0x00,0x09,0x00,0x00,0x00,0x0e,0x00,0x00,0x00,0x00,0x00,0x00,0x00,
    0x01,0x00,0x00,0x00,0x02,0x00,0x00,0x00,0x0a,0x00,0x00,0x00,0x0a,0x00,0x00,0x00,0x0e,0x00,0x00,0x00,0x00,0x00,0x00,0x00,
    0x01,0x00,0x00,0x00,0x02,0x00,0x00,0x00,0x0b,0x00,0x00,0x00,0x0b,0x00,0x00,0x00,0x0e,0x00,0x00,0x00,0x00,0x00,0x00,0x00,
    0x01,0x00,0x00,0x00,0x02,0x00,0x00,0x00,0x0c,0x00,0x00,0x00,0x0c,0x00,0x00,0x00,0x0e,0x00,0x00,0x00,0x00,0x00,0x00,0x00,
    0x01,0x00,0x00,0x00,0x02,0x00,0x00,0x00,0x0d,0x00,0x00,0x00,0x0d,0x00,0x00,0x00,0x0e,0x00,0x00,0x00,0x00,0x00,0x00,0x00,
    0x01,0x00,0x00,0x00,0x02,0x00,0x00,0x00,0x0e,0x00,0x00,0x00,0x0e,0x00,0x00,0x00,0x0e,0x00,0x00,0x00,0x00,0x00,0x00,0x00,
    0x01,0x00,0x00,0x00,0x02,0x00,0x00,0x00,0x0f,0x00,0x00,0x00,0x0f,0x00,0x00,0x00,0x0e,0x00,0x00,0x00,0x00,0x00,0x00,0x00,
    0x03,0x00,0x00,0x00,0x02,0x00,0x00,0x00,0x00,0x00,0x00,0x00,0x00,0x00,0x00,0x00,0x02,0x00,0x00,0x00,0x00,0x00,0x00,0x00,
    0x03,0x00,0x00,0x00,0x02,0x00,0x00,0x00,0x01,0x00,0x00,0x00,0x01,0x00,0x00,0x00,0x02,0x00,0x00,0x00,0x00,0x00,0x00,0x00,
    0x03,0x00,0x00,0x00,0x02,0x00,0x00,0x00,0x02,0x00,0x00,0x00,0x02,0x00,0x00,0x00,0x02,0x00,0x00,0x00,0x00,0x00,0x00,0x00,
    0x03,0x00,0x00,0x00,0x02,0x00,0x00,0x00,0x03,0x00,0x00,0x00,0x03,0x00,0x00,0x00,0x02,0x00,0x00,0x00,0x00,0x00,0x00,0x00,
    0x03,0x00,0x00,0x00,0x02,0x00,0x00,0x00,0x04,0x00,0x00,0x00,0x04,0x00,0x00,0x00,0x05,0x00,0x00,0x00,0x00,0x00,0x00,0x00,
    0x03,0x00,0x00,0x00,0x02,0x00,0x00,0x00,0x05,0x00,0x00,0x00,0x05,0x00,0x00,0x00,0x05,0x00,0x00,0x00,0x00,0x00,0x00,0x00,
    0x03,0x00,0x00,0x00,0x02,0x00,0x00,0x00,0x06,0x00,0x00,0x00,0x06,0x00,0x00,0x00,0x05,0x00,0x00,0x00,0x00,0x00,0x00,0x00,
    0x03,0x00,0x00,0x00,0x02,0x00,0x00,0x00,0x07,0x00,0x00,0x00,0x07,0x00,0x00,0x00,0x05,0x00,0x00,0x00,0x00,0x00,0x00,0x00,
    0x03,0x00,0x00,0x00,0x02,0x00,0x00,0x00,0x08,0x00,0x00,0x00,0x08,0x00,0x00,0x00,0x05,0x00,0x00,0x00,0x00,0x00,0x00,0x00,
    0x03,0x00,0x00,0x00,0x02,0x00,0x00,0x00,0x09,0x00,0x00,0x00,0x09,0x00,0x00,0x00,0x05,0x00,0x00,0x00,0x00,0x00,0x00,0x00,
    0x03,0x00,0x00,0x00,0x02,0x00,0x00,0x00,0x0a,0x00,0x00,0x00,0x0a,0x00,0x00,0x00,0x05,0x00,0x00,0x00,0x00,0x00,0x00,0x00,
    0x03,0x00,0x00,0x00,0x02,0x00,0x00,0x00,0x0b,0x00,0x00,0x00,0x0b,0x00,0x00,0x00,0x05,0x00,0x00,0x00,0x00,0x00,0x00,0x00,
    0x03,0x00,0x00,0x00,0x02,0x00,0x00,0x00,0x0c,0x00,0x00,0x00,0x0c,0x00,0x00,0x00,0x04,0x00,0x00,0x00,0x00,0x00,0x00,0x00,
    0x03,0x00,0x00,0x00,0x02,0x00,0x00,0x00,0x0d,0x00,0x00,0x00,0x0d,0x00,0x00,0x00,0x04,0x00,0x00,0x00,0x00,0x00,0x00,0x00,
    0x03,0x00,0x00,0x00,0x02,0x00,0x00,0x00,0x0e,0x00,0x00,0x00,0x0e,0x00,0x00,0x00,0x04,0x00,0x00,0x00,0x00,0x00,0x00,0x00,
    0x03,0x00,0x00,0x00,0x02,0x00,0x00,0x00,0x0f,0x00,0x00,0x00,0x0f,0x00,0x00,0x00,0x04,0x00,0x00,0x00,0x00,0x00,0x00,0x00,
    0x7c,0x00,0x00,0x00,0x00,0x54,0x45,0x58,0x43,0x4f,0x4f,0x52,0x44,0x00,0x54,0x45,0x58,0x43,0x4f,0x4f,0x52,0x44,0x00,0x54,
    0x45,0x58,0x43,0x4f,0x4f,0x52,0x44,0x00,0x54,0x45,0x58,0x43,0x4f,0x4f,0x52,0x44,0x00,0x54,0x45,0x58,0x43,0x4f,0x4f,0x52,
    0x44,0x00,0x54,0x45,0x58,0x43,0x4f,0x4f,0x52,0x44,0x00,0x54,0x45,0x58,0x43,0x4f,0x4f,0x52,0x44,0x00,0x54,0x45,0x58,0x43,
    0x4f,0x4f,0x52,0x44,0x00,0x54,0x45,0x58,0x43,0x4f,0x4f,0x52,0x44,0x00,0x54,0x45,0x58,0x43,0x4f,0x4f,0x52,0x44,0x00,0x54,
    0x45,0x58,0x43,0x4f,0x4f,0x52,0x44,0x00,0x54,0x45,0x58,0x43,0x4f,0x4f,0x52,0x44,0x00,0x54,0x45,0x58,0x43,0x4f,0x4f,0x52,
    0x44,0x00,0x6d,0x61,0x69,0x6e,0x00,0x00,0x0d,0x00,0x00,0x00,0x00,0x00,0x00,0x00,0x01,0x00,0x00,0x00,0x02,0x00,0x00,0x00,
    0x03,0x00,0x00,0x00,0x04,0x00,0x00,0x00,0x05,0x00,0x00,0x00,0x06,0x00,0x00,0x00,0x07,0x00,0x00,0x00,0x08,0x00,0x00,0x00,
    0x09,0x00,0x00,0x00,0x0a,0x00,0x00,0x00,0x0b,0x00,0x00,0x00,0x0c,0x00,0x00,0x00,0x10,0x00,0x00,0x00,0x00,0x00,0x00,0x00,
    0x00,0x00,0x00,0x00,0x01,0x00,0x44,0x03,0x03,0x04,0x00,0x00,0x01,0x00,0x00,0x00,0x00,0x00,0x00,0x00,0x01,0x01,0x44,0x00,
    0x03,0x02,0x00,0x00,0x0a,0x00,0x00,0x00,0x01,0x00,0x00,0x00,0x01,0x02,0x44,0x00,0x03,0x02,0x00,0x00,0x13,0x00,0x00,0x00,
    0x02,0x00,0x00,0x00,0x01,0x03,0x44,0x00,0x03,0x01,0x00,0x00,0x1c,0x00,0x00,0x00,0x03,0x00,0x00,0x00,0x01,0x04,0x44,0x00,
    0x03,0x01,0x00,0x00,0x25,0x00,0x00,0x00,0x04,0x00,0x00,0x00,0x01,0x05,0x44,0x00,0x03,0x02,0x00,0x00,0x2e,0x00,0x00,0x00,
    0x05,0x00,0x00,0x00,0x01,0x06,0x44,0x00,0x03,0x02,0x00,0x00,0x37,0x00,0x00,0x00,0x06,0x00,0x00,0x00,0x01,0x07,0x44,0x00,
    0x03,0x02,0x00,0x00,0x40,0x00,0x00,0x00,0x07,0x00,0x00,0x00,0x01,0x08,0x44,0x00,0x03,0x02,0x00,0x00,0x49,0x00,0x00,0x00,
    0x08,0x00,0x00,0x00,0x01,0x09,0x44,0x00,0x03,0x02,0x00,0x00,0x52,0x00,0x00,0x00,0x09,0x00,0x00,0x00,0x01,0x0a,0x44,0x00,
    0x03,0x02,0x00,0x00,0x5b,0x00,0x00,0x00,0x0a,0x00,0x00,0x00,0x01,0x0b,0x44,0x00,0x03,0x02,0x00,0x00,0x64,0x00,0x00,0x00,
    0x0b,0x00,0x00,0x00,0x01,0x0c,0x44,0x00,0x03,0x02,0x00,0x00,0x6d,0x00,0x00,0x00,0x0c,0x00,0x00,0x00,0x01,0x0d,0x44,0x00,
    0x03,0x02,0x00,0x00,0x00,0x00,0x00,0x00,0x00,0x00,0x00,0x00,0x01,0x00,0x44,0x10,0x03,0x00,0x00,0x00,0x00,0x00,0x00,0x00,
    0x00,0x00,0x00,0x00,0x00,0x00,0x00,0x00,0x00,0x00,0x00,0x00,0x0f,0x00,0x00,0x00,0x0f,0x00,0x00,0x00,0x0f,0x00,0x00,0x00,
    0x0f,0x00,0x00,0x00,0x0f,0x00,0x00,0x00,0x0f,0x00,0x00,0x00,0x0f,0x00,0x00,0x00,0x0f,0x00,0x00,0x00,0x0f,0x00,0x00,0x00,
    0x0f,0x00,0x00,0x00,0x0f,0x00,0x00,0x00,0x0f,0x00,0x00,0x00,0x0f,0x00,0x00,0x00,0x0f,0x00,0x00,0x00,0x0f,0x00,0x00,0x00,
    0x0f,0x00,0x00,0x00,0x0f,0x00,0x00,0x00,0x0f,0x00,0x00,0x00,0x0f,0x00,0x00,0x00,0x0f,0x00,0x00,0x00,0x0f,0x00,0x00,0x00,
    0x0f,0x00,0x00,0x00,0x0f,0x00,0x00,0x00,0x0f,0x00,0x00,0x00,0x0f,0x00,0x00,0x00,0x0f,0x00,0x00,0x00,0x0f,0x00,0x00,0x00,
    0x0f,0x00,0x00,0x00,0x0f,0x00,0x00,0x00,0x0f,0x00,0x00,0x00,0x0f,0x00,0x00,0x00,0x0f,0x00,0x00,0x00,0x0f,0x00,0x00,0x00,
    0x0f,0x00,0x00,0x00,0x0f,0x00,0x00,0x00,0x0f,0x00,0x00,0x00,0x0f,0x00,0x00,0x00,0x0f,0x00,0x00,0x00,0x0f,0x00,0x00,0x00,
    0x0f,0x00,0x00,0x00,0x0f,0x00,0x00,0x00,0x0f,0x00,0x00,0x00,0x0f,0x00,0x00,0x00,0x0f,0x00,0x00,0x00,0x0f,0x00,0x00,0x00,
    0x0f,0x00,0x00,0x00,0x0f,0x00,0x00,0x00,0x0f,0x00,0x00,0x00,0x0f,0x00,0x00,0x00,0x00,0x00,0x00,0x00,0x07,0x00,0x00,0x00,
    0x07,0x00,0x00,0x00,0x53,0x54,0x41,0x54,0x1c,0x10,0x00,0x00,0x60,0x00,0x00,0x00,0x07,0x04,0x00,0x00,0x44,0x58,0x49,0x4c,
    0x00,0x01,0x00,0x00,0x10,0x00,0x00,0x00,0x04,0x10,0x00,0x00,0x42,0x43,0xc0,0xde,0x21,0x0c,0x00,0x00,0xfe,0x03,0x00,0x00,
    0x0b,0x82,0x20,0x00,0x02,0x00,0x00,0x00,0x13,0x00,0x00,0x00,0x07,0x81,0x23,0x91,0x41,0xc8,0x04,0x49,0x06,0x10,0x32,0x39,
    0x92,0x01,0x84,0x0c,0x25,0x05,0x08,0x19,0x1e,0x04,0x8b,0x62,0x80,0x18,0x45,0x02,0x42,0x92,0x0b,0x42,0xc4,0x10,0x32,0x14,
    0x38,0x08,0x18,0x4b,0x0a,0x32,0x62,0x88,0x48,0x90,0x14,0x20,0x43,0x46,0x88,0xa5,0x00,0x19,0x32,0x42,0xe4,0x48,0x0e,0x90,
    0x11,0x23,0xc4,0x50,0x41,0x51,0x81,0x8c,0xe1,0x83,0xe5,0x8a,0x04,0x31,0x46,0x06,0x51,0x18,0x00,0x00,0x08,0x00,0x00,0x00,
    0x1b,0x8c,0xe0,0xff,0xff,0xff,0xff,0x07,0x40,0x02,0xa8,0x0d,0x84,0xf0,0xff,0xff,0xff,0xff,0x03,0x20,0x6d,0x30,0x86,0xff,
    0xff,0xff,0xff,0x1f,0x00,0x09,0xa8,0x00,0x49,0x18,0x00,0x00,0x03,0x00,0x00,0x00,0x13,0x82,0x60,0x42,0x20,0x4c,0x08,0x06,
    0x00,0x00,0x00,0x00,0x89,0x20,0x00,0x00,0xb5,0x00,0x00,0x00,0x32,0x22,0x88,0x09,0x20,0x64,0x85,0x04,0x13,0x23,0xa4,0x84,
    0x04,0x13,0x23,0xe3,0x84,0xa1,0x90,0x14,0x12,0x4c,0x8c,0x8c,0x0b,0x84,0xc4,0x4c,0x10,0xfc,0xc1,0x08,0x40,0x09,0x00,0x0a,
    0x66,0x00,0xe6,0x08,0xc0,0x60,0x8e,0x00,0x29,0xc6,0x40,0x10,0x44,0x41,0x90,0x51,0x0c,0x80,0x20,0x88,0x62,0x20,0x64,0x8e,
    0x20,0x28,0x03,0x40,0x28,0xb4,0x94,0x61,0x20,0x06,0x6a,0x8a,0x31,0x10,0xc3,0x30,0x0c,0xf4,0x14,0x62,0x20,0x86,0x81,0xa2,
    0x9b,0x86,0xcb,0x9f,0xb0,0x87,0x90,0xfc,0x95,0x90,0x56,0x62,0xf2,0x8b,0xdb,0x46,0xc5,0x30,0x0c,0x03,0x41,0xc5,0x3d,0xc3,
    0xe5,0x4f,0xd8,0x43,0x48,0x7e,0x08,0x34,0xc3,0x42,0xa0,0x80,0x2a,0xcd,0x44,0x54,0xd5,0x30,0x0c,0x03,0x41,0x10,0xc3,0x40,
    0x56,0x61,0x26,0xa2,0xaa,0x86,0x61,0x18,0x08,0x82,0x18,0x08,0x2b,0xd2,0x44,0x54,0xd5,0x30,0x0c,0x03,0x41,0x10,0xc3,0x30,
    0x0c,0xc3,0x30,0x90,0x76,0xd3,0x70,0xf9,0x13,0xf6,0x10,0x92,0xdf,0x21,0x0c,0xd1,0x48,0x88,0xd3,0x48,0x88,0x20,0x08,0x82,
    0x28,0x04,0x47,0x54,0x04,0x75,0x85,0x20,0x08,0x82,0xa0,0xaf,0x20,0x03,0x31,0x0c,0xc3,0x30,0x0c,0x14,0x1e,0x35,0x5c,0xfe,
    0x84,0x3d,0x84,0xe4,0x73,0x1b,0x55,0xac,0xc4,0xe4,0x17,0xb7,0x8d,0x88,0x61,0x18,0x86,0x42,0x8c,0x44,0x45,0x10,0x59,0x8c,
    0x8a,0x28,0x08,0x42,0x21,0x73,0x20,0x60,0xa6,0x30,0x18,0x07,0x76,0x08,0x87,0x79,0x98,0x07,0x37,0xa0,0x85,0x72,0xc0,0x07,
    0x7a,0xa8,0x07,0x79,0x28,0x07,0x39,0x20,0x05,0x3e,0x30,0x07,0x76,0x78,0x87,0x70,0xa0,0x07,0x3f,0xd0,0x03,0x3d,0x68,0x87,
    0x74,0x80,0x87,0x79,0xf8,0x05,0x7a,0xc8,0x07,0x78,0x28,0x07,0x14,0x10,0x33,0x59,0xe3,0xc0,0x0e,0xe1,0x30,0x0f,0xf3,0xe0,
    0x06,0xb4,0x50,0x0e,0xf8,0x40,0x0f,0xf5,0x20,0x0f,0xe5,0x20,0x07,0xa4,0xc0,0x07,0xe6,0xc0,0x0e,0xef,0x10,0x0e,0xf4,0xe0,
    0x07,0x48,0x18,0x52,0x52,0x87,0x11,0x88,0x61,0xa6,0x36,0x18,0x07,0x76,0x08,0x87,0x79,0x98,0x07,0x37,0xa0,0x85,0x72,0xc0,
    0x07,0x7a,0xa8,0x07,0x79,0x28,0x07,0x39,0x20,0x05,0x3e,0xb0,0x87,0x72,0x18,0x07,0x7a,0x78,0x07,0x79,0xe0,0x03,0x73,0x60,
    0x87,0x77,0x08,0x07,0x7a,0x60,0x03,0x30,0xa0,0x03,0x3f,0x00,0x03,0x3f,0xd0,0x03,0x3d,0x68,0x87,0x74,0x80,0x87,0x79,0xf8,
    0x05,0x7a,0xc8,0x07,0x78,0x28,0x07,0x14,0x10,0x33,0x89,0xc1,0x38,0xb0,0x43,0x38,0xcc,0xc3,0x3c,0xb8,0x01,0x2d,0x94,0x03,
    0x3e,0xd0,0x43,0x3d,0xc8,0x43,0x39,0xc8,0x01,0x29,0xf0,0x81,0x3d,0x94,0xc3,0x38,0xd0,0xc3,0x3b,0xc8,0x03,0x1f,0x98,0x03,
    0x3b,0xbc,0x43,0x38,0xd0,0x03,0x1b,0x80,0x01,0x1d,0xf8,0x01,0x18,0xf8,0x01,0x12,0xd8,0x96,0xdc,0x99,0xc8,0x60,0x1c,0xd8,
    0x21,0x1c,0xe6,0x61,0x1e,0xdc,0x80,0x16,0xca,0x01,0x1f,0xe8,0xa1,0x1e,0xe4,0xa1,0x1c,0x46,0xa1,0x1e,0xc4,0xa1,0x1c,0xf8,
    0xc0,0x1e,0xca,0x61,0x1c,0xe8,0xe1,0x1d,0xe4,0x81,0x0f,0xcc,0x81,0x1d,0xde,0x21,0x1c,0xe8,0x81,0x0d,0xc0,0x80,0x0e,0xfc,
    0x00,0x0c,0xfc,0x00,0x05,0x2c,0xc1,0x33,0xb5,0xc1,0x38,0xb0,0x43,0x38,0xcc,0xc3,0x3c,0xb8,0x01,0x2d,0x94,0x03,0x3e,0xd0,
    0x43,0x3d,0xc8,0x43,0x39,0xcc,0x01,0x29,0xf0,0x81,0x3d,0x94,0xc3,0x38,0xd0,0xc3,0x3b,0xc8,0x03,0x1f,0x98,0x03,0x3b,0xbc,
    0x43,0x38,0xd0,0x03,0x1b,0x80,0x01,0x1d,0xf8,0x01,0x18,0xf8,0x81,0x1e,0xe8,0x41,0x3b,0xa4,0x03,0x3c,0xcc,0xc3,0x2f,0xd0,
    0x43,0x3e,0xc0,0x43,0x39,0xa0,0x80,0x98,0x49,0x0c,0xc6,0x81,0x1d,0xc2,0x61,0x1e,0xe6,0xc1,0x0d,0x68,0xa1,0x1c,0xf0,0x81,
    0x1e,0xea,0x41,0x1e,0xca,0x61,0x0e,0x48,0x81,0x0f,0xec,0xa1,0x1c,0xc6,0x81,0x1e,0xde,0x41,0x1e,0xf8,0xc0,0x1c,0xd8,0xe1,
    0x1d,0xc2,0x81,0x1e,0xd8,0x00,0x0c,0xe8,0xc0,0x0f,0xc0,0xc0,0x0f,0x90,0xc0,0xca,0x34,0x27,0x05,0x9b,0x10,0x6c,0x16,0xb0,
    0xa7,0x70,0xe4,0x17,0x01,0x06,0x43,0x34,0x13,0x32,0x6a,0xdb,0xbe,0x6d,0x9b,0xf0,0xeb,0xa4,0x29,0xa2,0x84,0xc9,0x67,0x01,
    0xe6,0x59,0x88,0x88,0x73,0x98,0x07,0x88,0x10,0xc9,0x69,0xd8,0x09,0x98,0x08,0x14,0x10,0xa4,0xdf,0x24,0x4d,0x11,0x25,0x4c,
    0x3e,0x0b,0x30,0xcf,0x42,0x44,0xec,0x04,0x4c,0x04,0x0a,0x08,0xe2,0x53,0x87,0x00,0x13,0x14,0x72,0xc0,0x87,0x74,0x60,0x87,
    0x36,0x68,0x87,0x79,0x68,0x03,0x72,0xc0,0x87,0x0d,0xaf,0x50,0x0e,0x6d,0xd0,0x0e,0x7a,0x50,0x0e,0x6d,0x00,0x0f,0x7a,0x30,
    0x07,0x72,0xa0,0x07,0x73,0x20,0x07,0x6d,0x90,0x0e,0x71,0xa0,0x07,0x73,0x20,0x07,0x6d,0x90,0x0e,0x78,0xa0,0x07,0x73,0x20,
    0x07,0x6d,0x90,0x0e,0x71,0x60,0x07,0x7a,0x30,0x07,0x72,0xd0,0x06,0xe9,0x30,0x07,0x72,0xa0,0x07,0x73,0x20,0x07,0x6d,0x90,
    0x0e,0x76,0x40,0x07,0x7a,0x60,0x07,0x74,0xd0,0x06,0xe6,0x10,0x07,0x76,0xa0,0x07,0x73,0x20,0x07,0x6d,0x60,0x0e,0x73,0x20,
    0x07,0x7a,0x30,0x07,0x72,0xd0,0x06,0xe6,0x60,0x07,0x74,0xa0,0x07,0x76,0x40,0x07,0x6d,0xe0,0x0e,0x78,0xa0,0x07,0x71,0x60,
    0x07,0x7a,0x30,0x07,0x72,0xa0,0x07,0x76,0x40,0x07,0x43,0x9e,0x00,0x08,0x00,0x00,0x00,0x00,0x00,0x00,0x00,0x00,0x00,0x86,
    0x3c,0x06,0x10,0x00,0x01,0x00,0x00,0x00,0x00,0x00,0x00,0x00,0x0c,0x79,0x10,0x20,0x00,0x04,0x00,0x00,0x00,0x00,0x00,0x00,
    0x00,0x18,0xf2,0x2c,0x40,0x00,0x08,0x00,0x00,0x00,0x00,0x00,0x00,0x00,0x30,0xe4,0x69,0x80,0x00,0x08,0x00,0x00,0x00,0x00,
    0x00,0x00,0x00,0x60,0xc8,0xf3,0x00,0x01,0x10,0x00,0x00,0x00,0x00,0x00,0x00,0x00,0xc0,0x90,0x27,0x02,0x02,0x20,0x00,0x00,
    0x00,0x00,0x00,0x00,0x00,0x80,0x21,0x8f,0x05,0x04,0xc0,0x00,0x00,0x00,0x00,0x00,0x00,0x00,0x00,0x43,0x1e,0x0c,0x08,0x80,
    0x01,0x00,0x00,0x00,0x00,0x00,0x00,0x00,0x86,0x3c,0x1a,0x10,0x00,0x03,0x00,0x00,0x00,0x00,0x00,0x00,0x00,0x0c,0x79,0x2c,
    0x20,0x00,0x06,0x00,0x00,0x00,0x00,0x00,0x00,0x00,0x18,0xf2,0x74,0x40,0x00,0x0c,0x00,0x00,0x00,0x00,0x00,0x00,0x00,0x30,
    0xe4,0xf9,0x80,0x00,0x08,0x00,0x00,0x00,0x00,0x00,0x00,0x00,0x60,0xc8,0x13,0x06,0x40,0x00,0x04,0x00,0x00,0x00,0x00,0x00,
    0x00,0x00,0x30,0xe4,0x21,0x03,0x20,0x00,0x06,0x00,0x00,0x00,0x00,0x00,0x00,0x00,0x18,0xf2,0x98,0x01,0x10,0x00,0x03,0x00,
    0x00,0x00,0x00,0x00,0x00,0x00,0x64,0x81,0x00,0x00,0x00,0x00,0x29,0x00,0x00,0x00,0x32,0x1e,0x98,0x18,0x19,0x11,0x4c,0x90,
    0x8c,0x09,0x26,0x47,0xc6,0x04,0x43,0x22,0x4a,0x60,0x04,0xa0,0x18,0x8a,0xa0,0x24,0xca,0xa0,0x10,0x4a,0xa1,0x1c,0x0a,0xa2,
    0x28,0xca,0xa2,0x30,0x4a,0xa3,0x38,0xca,0xa3,0x40,0x2d,0x0a,0xb0,0xa0,0x00,0x13,0x0a,0xb0,0xa1,0x40,0x1d,0x0a,0x54,0xa2,
    0x04,0x0d,0x4a,0x54,0xa5,0x98,0xbd,0xca,0x7b,0xa1,0xcc,0x0a,0xaa,0xf4,0x0b,0xa8,0x28,0x89,0x32,0x28,0x84,0x11,0x80,0x22,
    0x28,0x81,0x02,0x21,0xa5,0x06,0x68,0x9d,0x01,0xa0,0x77,0x06,0x80,0xe2,0x19,0x00,0xa2,0x67,0x00,0x08,0x9f,0x01,0xa0,0x7c,
    0x06,0x80,0xf6,0x19,0x00,0xea,0x67,0x00,0xc8,0x1f,0x4b,0x0f,0xf0,0x80,0x00,0x00,0x00,0x78,0x9e,0xe7,0x79,0x9e,0xe7,0x79,
    0x9e,0xe7,0x79,0x9e,0xe7,0x79,0x9e,0xe7,0x79,0x9e,0xe7,0x79,0x9e,0xe7,0x79,0x9e,0xe7,0x79,0x9e,0xe7,0x79,0x9e,0xe7,0x79,
    0x9e,0xe7,0x79,0x9e,0xe7,0x79,0x80,0xe3,0x00,0x00,0x00,0x00,0x79,0x18,0x00,0x00,0x06,0x02,0x00,0x00,0x1a,0x03,0x4c,0x90,
    0x46,0x02,0x13,0xc4,0x31,0x20,0xc3,0x1b,0x43,0x81,0x93,0x4b,0xb3,0x0b,0xa3,0x2b,0x4b,0x01,0x89,0x71,0xc1,0x71,0x81,0x71,
    0xa1,0xb9,0x99,0xc9,0x01,0x41,0x21,0xcb,0x09,0xab,0x29,0xcb,0xb9,0x21,0x83,0x49,0xd9,0x10,0x04,0x13,0x04,0x02,0x9a,0x20,
    0x10,0xd1,0x06,0x61,0x20,0x36,0x08,0x04,0x41,0x01,0x6e,0x6e,0x82,0x40,0x48,0x1b,0x86,0x03,0x21,0x26,0x08,0x6b,0x50,0x07,
    0x54,0xe6,0xbe,0xe8,0xca,0xf0,0xe8,0xea,0xe4,0xca,0x60,0x26,0x08,0xc4,0x34,0x41,0x20,0xa8,0x0d,0x02,0xd1,0x6c,0x48,0x08,
    0x65,0x61,0x88,0x81,0x21,0x1c,0x2a,0x73,0x5f,0x74,0x65,0x78,0x74,0x75,0x72,0x65,0x31,0x1b,0x92,0x41,0x81,0x98,0x61,0x60,
    0x08,0x67,0x82,0xf0,0x06,0x76,0x40,0x65,0xee,0x8b,0xae,0x0c,0x8f,0xae,0x4e,0xae,0x4c,0x66,0x43,0xc2,0x48,0x13,0xc3,0x0c,
    0x0c,0xe1,0x4c,0x10,0x88,0x8a,0xca,0xdc,0x17,0x5d,0x19,0x1e,0x5d,0x9d,0x5c,0xd9,0xcc,0x86,0xa4,0x92,0x2c,0xa6,0x1a,0x18,
    0xc2,0x99,0x20,0x10,0xd6,0x04,0x21,0x0e,0xee,0x80,0xce,0xdc,0x17,0x5d,0x19,0x1e,0x5d,0x9d,0x5c,0xd9,0x50,0x9d,0x58,0x19,
    0xcc,0x04,0x81,0xb8,0x36,0x24,0x58,0xa6,0x31,0xd8,0xb0,0x11,0x0e,0x9d,0xb9,0x2f,0xba,0x32,0x3c,0xba,0x3a,0xb9,0xb2,0xa1,
    0x3a,0xb1,0xb2,0x98,0x0d,0xc9,0x96,0x75,0xcc,0x36,0x6c,0x84,0x43,0x67,0xee,0x8b,0xae,0x0c,0x8f,0xae,0x4e,0xae,0x6c,0xa8,
    0x4e,0xac,0x4c,0x66,0x43,0x82,0x64,0x1f,0x83,0x0c,0x1b,0xe1,0x4c,0x10,0x08,0x8c,0xce,0xdc,0x17,0x5d,0x19,0x1e,0x5d,0x9d,
    0x5c,0xd9,0x50,0x9d,0x58,0xd9,0xcc,0x86,0x24,0x0c,0x32,0x31,0x60,0xc2,0x60,0xd8,0x08,0x67,0x82,0x40,0x64,0x74,0xe6,0xbe,
    0xe8,0xca,0xf0,0xe8,0xea,0xe4,0xca,0x86,0xea,0xc4,0xca,0x68,0x36,0x24,0x64,0x90,0x95,0x01,0x43,0x06,0xc3,0x46,0x38,0x74,
    0xe6,0xbe,0xe8,0xca,0xf0,0xe8,0xea,0xe4,0xca,0x86,0xea,0xc4,0xca,0x6a,0x36,0x24,0x4d,0x76,0x06,0x4c,0x33,0x6c,0x84,0x33,
    0x41,0x20,0x34,0x3a,0x73,0x5f,0x74,0x65,0x78,0x74,0x75,0x72,0x65,0x43,0x75,0x62,0x65,0x36,0x1b,0x92,0x34,0xc8,0xd4,0x80,
    0x49,0x83,0x61,0x23,0x9c,0x09,0x02,0xb1,0xd1,0x99,0xfb,0xa2,0x2b,0xc3,0xa3,0xab,0x93,0x2b,0x1b,0xaa,0x13,0x2b,0xbb,0xd9,
    0x90,0xb0,0x41,0xd6,0x06,0x0c,0x1b,0x0c,0x1b,0xe1,0x4c,0x10,0x08,0x6e,0x82,0x40,0x07,0x78,0x40,0x68,0xee,0x8b,0xae,0x0c,
    0x8f,0xae,0x4e,0xae,0xcc,0xea,0x8d,0xad,0xae,0xad,0x0c,0x66,0x43,0xf2,0x06,0x70,0x10,0x07,0xcc,0x1b,0x0c,0x18,0xe1,0x4c,
    0x10,0x88,0x8e,0xd0,0xdc,0x17,0x5d,0x19,0x1e,0x5d,0x9d,0x5c,0x99,0xd5,0x1b,0x5b,0x5d,0x5b,0x59,0xcc,0x86,0x64,0x0e,0xe0,
    0x80,0x0e,0x98,0x39,0x18,0x30,0xc2,0x99,0x20,0x10,0x1e,0xa1,0xb9,0x2f,0xba,0x32,0x3c,0xba,0x3a,0xb9,0x32,0xab,0x37,0xb6,
    0xba,0xb6,0x32,0x99,0x0d,0x89,0x1d,0xc0,0xc1,0x1d,0x30,0x76,0x30,0x60,0x84,0x33,0x41,0x20,0x3e,0x42,0x73,0x5f,0x74,0x65,
    0x78,0x74,0x75,0x72,0x65,0x56,0x6f,0x6c,0x75,0x6d,0x65,0x33,0x1b,0x92,0x3c,0x80,0x03,0x3d,0x60,0xf2,0x60,0xc0,0x08,0x67,
    0x03,0xf4,0x44,0xd4,0xc5,0x79,0x60,0x30,0x06,0x66,0x80,0x06,0x6b,0xe0,0x06,0x72,0x50,0x07,0x78,0xb0,0x07,0x13,0x84,0x3c,
    0xd0,0x03,0x2a,0x43,0x4b,0x46,0x72,0x61,0x67,0x6d,0x65,0x6e,0x74,0x13,0x04,0x02,0x0c,0x36,0x20,0x44,0x1f,0xf8,0x41,0x45,
    0x0c,0x7f,0x00,0x6c,0x08,0x40,0x61,0x82,0xb0,0x07,0x7b,0xc0,0x68,0xee,0x8b,0xae,0x0c,0x8f,0xae,0x4e,0xae,0x0c,0x66,0x2a,
    0xac,0x0d,0x8e,0xad,0x4c,0x6e,0x03,0x42,0x88,0xc2,0x28,0x30,0xc4,0x30,0x00,0x8c,0xe6,0xbe,0xe8,0xca,0xf0,0xe8,0xea,0xe4,
    0xca,0x62,0xa6,0xc2,0xda,0xe0,0xd8,0xca,0xe4,0x36,0x20,0x83,0x28,0x94,0x02,0x33,0x0c,0x03,0x30,0x41,0xe8,0x03,0x3e,0x60,
    0x34,0xf7,0x45,0x57,0x86,0x47,0x57,0x27,0x57,0x26,0x33,0x15,0xd6,0x06,0xc7,0x56,0x26,0xb7,0x01,0x61,0x4e,0x01,0x15,0x18,
    0x66,0x20,0x00,0x46,0x73,0x5f,0x74,0x65,0x78,0x74,0x75,0x72,0x65,0x33,0x53,0x61,0x6d,0x70,0x6c,0x65,0x72,0x1b,0x90,0xea,
    0x14,0x54,0x81,0xa9,0x06,0x02,0x60,0x35,0xf7,0x45,0x57,0x86,0x47,0x57,0x27,0x57,0x36,0x54,0x27,0x56,0x06,0x33,0x15,0xd6,
    0x06,0xc7,0x56,0x26,0xb7,0x01,0xc1,0x4e,0x81,0x15,0x18,0x6c,0x20,0x00,0x56,0x73,0x5f,0x74,0x65,0x78,0x74,0x75,0x72,0x65,
    0x43,0x75,0x62,0x65,0x31,0x53,0x61,0x6d,0x70,0x6c,0x65,0x72,0x1b,0x90,0xed,0x14,0x5c,0x81,0xd9,0x06,0x02,0x60,0x35,0xf7,
    0x45,0x57,0x86,0x47,0x57,0x27,0x57,0x36,0x54,0x27,0x56,0x26,0x33,0x15,0xd6,0x06,0xc7,0x56,0x26,0xb7,0x01,0x41,0x4e,0x01,
    0x16,0x18,0x64,0x20,0x00,0x56,0x73,0x5f,0x74,0x65,0x78,0x74,0x75,0x72,0x65,0x43,0x75,0x62,0x65,0x33,0x53,0x61,0x6d,0x70,
    0x6c,0x65,0x72,0x1b,0x90,0x30,0x38,0x05,0x59,0x60,0xc2,0x60,0x20,0x00,0x56,0x73,0x5f,0x74,0x65,0x78,0x74,0x75,0x72,0x65,
    0x43,0x75,0x62,0x65,0x34,0x53,0x61,0x6d,0x70,0x6c,0x65,0x72,0x1b,0x10,0x32,0x38,0x05,0x5a,0x60,0xc8,0x60,0x20,0x00,0x56,
    0x73,0x5f,0x74,0x65,0x78,0x74,0x75,0x72,0x65,0x43,0x75,0x62,0x65,0x35,0x53,0x61,0x6d,0x70,0x6c,0x65,0x72,0x1b,0x90,0xe6,
    0x14,0x6c,0x81,0x69,0x06,0x02,0x60,0x35,0xf7,0x45,0x57,0x86,0x47,0x57,0x27,0x57,0x36,0x54,0x27,0x56,0x66,0x33,0x15,0xd6,
    0x06,0xc7,0x56,0x26,0xb7,0x01,0x49,0x83,0x53,0xc0,0x05,0x26,0x0d,0x06,0x02,0x60,0x35,0xf7,0x45,0x57,0x86,0x47,0x57,0x27,
    0x57,0x36,0x54,0x27,0x56,0x76,0x33,0x15,0xd6,0x06,0xc7,0x56,0x26,0xb7,0x01,0x61,0x83,0x53,0xd0,0x05,0x86,0x0d,0x06,0x02,
    0xe0,0x35,0xf7,0x45,0x57,0x86,0x47,0x57,0x27,0x57,0x66,0xf5,0xc6,0x56,0xd7,0x56,0x06,0x33,0x15,0xd6,0x06,0xc7,0x56,0x26,
    0xb7,0x01,0x79,0x83,0x53,0xe0,0x05,0xe6,0x0d,0x06,0x02,0xe0,0x35,0xf7,0x45,0x57,0x86,0x47,0x57,0x27,0x57,0x66,0xf5,0xc6,
    0x56,0xd7,0x56,0x16,0x33,0x15,0xd6,0x06,0xc7,0x56,0x26,0xb7,0x01,0x99,0x83,0x53,0xf0,0x05,0x66,0x0e,0x06,0x02,0xe0,0x35,
    0xf7,0x45,0x57,0x86,0x47,0x57,0x27,0x57,0x66,0xf5,0xc6,0x56,0xd7,0x56,0x26,0x33,0x15,0xd6,0x06,0xc7,0x56,0x26,0xb7,0x01,
    0xb1,0x83,0x53,0x00,0x07,0xc6,0x0e,0x06,0x02,0xe0,0x35,0xf7,0x45,0x57,0x86,0x47,0x57,0x27,0x57,0x66,0xf5,0xc6,0x56,0xd7,
    0x56,0x36,0x33,0x15,0xd6,0x06,0xc7,0x56,0x26,0xb7,0x01,0xc9,0x83,0x53,0x10,0x07,0x26,0x0f,0x06,0x02,0xd8,0x00,0x91,0x82,
    0x29,0xa4,0xc2,0x2a,0xb4,0xc2,0x2b,0xc4,0xc2,0x2c,0xd4,0xc2,0x2d,0xe4,0xc2,0x2e,0xf4,0xc2,0x2f,0x84,0xc3,0x38,0x6c,0x20,
    0xf8,0x00,0x08,0x05,0x72,0x98,0x20,0xe0,0x41,0x1e,0xd0,0xa9,0xfb,0x32,0x33,0x23,0x92,0x0b,0xbb,0x83,0x0a,0x93,0x0b,0x6b,
    0x9b,0x9b,0x20,0x28,0x74,0xb0,0x41,0x41,0xce,0xa1,0x22,0xc2,0xa0,0x69,0xd0,0x61,0x0e,0x30,0x26,0x75,0x5f,0x62,0x75,0x6d,
    0x70,0x45,0x6e,0x76,0x13,0x04,0x22,0x0c,0x36,0x28,0x88,0x3a,0x54,0xeb,0x10,0x06,0x4d,0x83,0x0e,0x73,0x80,0xb1,0xa9,0xfb,
    0x9a,0xa3,0x0b,0x3b,0x2b,0x83,0x0a,0x93,0x0b,0x6b,0x9b,0x9b,0x20,0x10,0x62,0xb0,0x41,0x41,0xda,0xa1,0x72,0x87,0x30,0x68,
    0x1a,0x74,0x98,0x03,0x8c,0x4b,0xdd,0x97,0x99,0x19,0x94,0xdc,0xdb,0x99,0x5c,0x58,0xdb,0x04,0x81,0x18,0x83,0x0d,0x0a,0x02,
    0x0f,0x55,0x3c,0x84,0x41,0xd3,0xa0,0xc3,0x1c,0x60,0x74,0xc6,0xd6,0xbe,0xc4,0xde,0xe4,0xc8,0xca,0xe4,0x86,0xde,0xd8,0xde,
    0xe4,0x26,0x08,0x04,0x19,0x6c,0x50,0x90,0x79,0xa8,0xe8,0x21,0x0c,0x9a,0x06,0x1d,0xe6,0x00,0xa3,0x33,0xb6,0xf6,0x35,0x17,
    0xd6,0x06,0xc7,0x56,0x26,0x97,0xe4,0x66,0xf6,0x36,0x41,0x20,0xca,0x60,0x83,0x82,0xd8,0x43,0x75,0x0f,0x61,0xd0,0x34,0xe8,
    0x30,0x07,0xd8,0x86,0xe3,0x0f,0xd2,0x81,0x1d,0xde,0x41,0x1e,0xea,0x01,0x1f,0x36,0x0c,0x84,0x39,0xe4,0xc3,0x04,0x41,0x00,
    0x36,0x00,0x1b,0x06,0x82,0x1f,0xf8,0x61,0x43,0xd0,0x0f,0x1b,0x86,0x61,0x1f,0xfc,0x61,0x82,0xe0,0x07,0x7d,0xb0,0x21,0x00,
    0x09,0x12,0x6d,0x61,0x69,0x6e,0x5c,0xa6,0xac,0xbe,0xa0,0xde,0xe6,0xd2,0xe8,0xd2,0xde,0xdc,0x26,0x08,0x45,0x1b,0x4c,0x10,
    0x0a,0x37,0xd8,0x10,0x10,0x13,0x84,0xe2,0x0d,0x26,0x08,0x05,0x1c,0x6c,0x58,0x88,0x91,0x20,0x89,0x92,0x30,0x89,0x93,0x18,
    0x4e,0x82,0x40,0x09,0x80,0x08,0x55,0x11,0xd6,0xd0,0xd3,0x93,0x14,0xd1,0x04,0xa1,0x88,0x83,0x0d,0x42,0x95,0x07,0x1b,0x96,
    0x41,0x25,0x48,0x02,0x25,0x4c,0x62,0x25,0x86,0x93,0x18,0x50,0x82,0x25,0x36,0x04,0xc3,0x86,0x85,0x51,0x09,0x92,0x40,0x09,
    0x97,0x58,0x89,0xe1,0x24,0x18,0x94,0x60,0x89,0x0d,0x01,0x33,0x41,0x28,0xe4,0x60,0xc3,0x52,0xa9,0x04,0x49,0xa0,0x04,0x4c,
    0xc4,0xc4,0x70,0x12,0x15,0x4a,0xb0,0xc4,0x86,0xa0,0xda,0xb0,0x60,0x2a,0x41,0x12,0x28,0x31,0x13,0x31,0x31,0x9c,0x04,0x86,
    0x12,0x2c,0xb1,0x21,0xc0,0x36,0x2c,0x9b,0x4a,0x90,0x04,0x4a,0xd4,0xc4,0x4a,0x0c,0x27,0xb1,0xa1,0x04,0x4b,0x6c,0x08,0xb6,
    0x0d,0x0b,0xa2,0x12,0x24,0x81,0x12,0x37,0xb1,0x12,0xc3,0x49,0x20,0x28,0xc1,0x12,0x1b,0x02,0x64,0xc3,0x12,0x06,0x2a,0x41,
    0x12,0x28,0x91,0x13,0x2b,0x31,0x9c,0x44,0x18,0xa0,0x04,0x4b,0x6c,0x08,0xc2,0x60,0xc3,0x42,0x06,0x2a,0x41,0x12,0x28,0xb1,
    0x13,0x2b,0x31,0x9c,0x04,0x19,0xa0,0x04,0x4b,0x6c,0x08,0xc8,0x60,0xc3,0xd2,0xa8,0x04,0x49,0xa0,0x44,0x4f,0xac,0xc4,0x70,
    0x12,0x0d,0x4a,0xb0,0xc4,0x86,0xa0,0xd9,0xb0,0xa4,0x81,0x4a,0x90,0x04,0x4a,0xfc,0xc4,0x4a,0x0c,0x27,0x91,0x06,0x28,0xc1,
    0x12,0x1b,0x82,0x34,0xd8,0xb0,0xb0,0x81,0x4a,0x90,0x04,0x4a,0x84,0xc5,0x4a,0x0c,0x27,0xc1,0x06,0x28,0xc1,0x12,0x1b,0x02,
    0x36,0xd8,0xb0,0xbc,0x81,0x4a,0x90,0x04,0x4a,0x8c,0xc5,0x4a,0x0c,0x27,0xf1,0x06,0x28,0xc1,0x12,0x1b,0x82,0x37,0xd8,0x20,
    0x54,0x73,0xb0,0x61,0x99,0x03,0x95,0x20,0x09,0x94,0x28,0x8b,0x95,0x18,0x4e,0x62,0x0e,0x50,0xc2,0x2c,0x36,0x38,0x29,0xd1,
    0x12,0x2f,0x21,0x13,0x34,0x61,0x13,0x38,0xa1,0x13,0x3c,0xe1,0x13,0x60,0x21,0x16,0x64,0x71,0x16,0x4c,0xa6,0xac,0xbe,0xa8,
    0xc2,0xe4,0xce,0xca,0xe8,0x26,0x08,0xc5,0x1c,0x6c,0x58,0x88,0xb4,0x20,0x09,0xb5,0x30,0x09,0x94,0x18,0x4e,0x82,0x40,0x09,
    0x96,0xd8,0x10,0xac,0xc5,0x86,0x01,0x2d,0xd8,0x02,0xd8,0x50,0xec,0x83,0x48,0xb4,0x45,0x39,0x00,0x44,0xc4,0xe4,0xc2,0xdc,
    0xc6,0xd0,0xca,0xe6,0x26,0x08,0x84,0x19,0xd0,0x30,0x63,0x7b,0x0b,0xa3,0x9b,0x9b,0x20,0x10,0x67,0xc0,0x22,0xcd,0x6d,0x8e,
    0x6e,0x6e,0x82,0x40,0xa0,0x01,0x89,0x34,0x37,0xba,0xb9,0x09,0x02,0x91,0x06,0x34,0xe6,0xd2,0xce,0xbe,0xd8,0xc8,0x26,0x08,
    0x84,0x1a,0xd0,0x98,0x4b,0x3b,0xfb,0x9a,0xa3,0x23,0x42,0x57,0x86,0xf7,0x25,0x96,0x16,0x36,0xc7,0x83,0xae,0x0c,0xef,0x6b,
    0xac,0x0d,0x8e,0x08,0x5d,0x19,0xde,0xd7,0x99,0x5c,0x18,0x19,0x11,0xba,0x32,0xbc,0x2f,0xb7,0x37,0xb9,0xb6,0x09,0x02,0xb1,
    0x06,0x2c,0xea,0xd2,0xdc,0xe8,0xe6,0x26,0x08,0x04,0x1b,0x6c,0xb0,0xde,0x02,0x2e,0xe2,0x42,0x2e,0xe6,0x82,0x2e,0xea,0xc2,
    0x2e,0xee,0x02,0x2f,0xf2,0x02,0xd3,0x8b,0x34,0xd8,0x0b,0x86,0x2f,0x90,0xbe,0xf0,0x8b,0xbf,0x00,0x8d,0x2a,0x6c,0x6c,0x76,
    0x6d,0x2e,0x69,0x64,0x65,0x6e,0x74,0x53,0x82,0xa0,0x0a,0x19,0x9e,0x8b,0x5d,0x99,0xdc,0x5c,0xda,0x9b,0xdb,0x94,0x80,0x68,
    0x42,0x86,0xe7,0x62,0x17,0xc6,0x66,0x57,0x26,0x37,0x25,0x28,0xea,0x90,0xe1,0xb9,0xcc,0xa1,0x85,0x91,0x95,0xc9,0x35,0xbd,
    0x91,0x95,0xb1,0x4d,0x09,0x90,0x32,0x64,0x78,0x2e,0x72,0x65,0x73,0x6f,0x75,0x72,0x63,0x65,0x73,0x53,0x02,0x72,0xa8,0x44,
    0x86,0xe7,0x42,0x97,0x07,0x57,0x16,0xe4,0xe6,0xf6,0x46,0x17,0x46,0x97,0xf6,0xe6,0x36,0x37,0x45,0xc8,0x07,0x7f,0xa8,0x43,
    0x86,0xe7,0x62,0x97,0x56,0x76,0x97,0x44,0x36,0x45,0x17,0x46,0x57,0x36,0x25,0x00,0x89,0x3a,0x64,0x78,0x2e,0x65,0x6e,0x74,
    0x72,0x79,0x50,0x6f,0x69,0x6e,0x74,0x73,0x53,0x82,0xb6,0xe8,0x42,0x86,0xe7,0x32,0xf6,0x56,0xe7,0x46,0x57,0x26,0x37,0x37,
    0x25,0x00,0x0d,0x00,0x79,0x18,0x00,0x00,0x55,0x00,0x00,0x00,0x33,0x08,0x80,0x1c,0xc4,0xe1,0x1c,0x66,0x14,0x01,0x3d,0x88,
    0x43,0x38,0x84,0xc3,0x8c,0x42,0x80,0x07,0x79,0x78,0x07,0x73,0x98,0x71,0x0c,0xe6,0x00,0x0f,0xed,0x10,0x0e,0xf4,0x80,0x0e,
    0x33,0x0c,0x42,0x1e,0xc2,0xc1,0x1d,0xce,0xa1,0x1c,0x66,0x30,0x05,0x3d,0x88,0x43,0x38,0x84,0x83,0x1b,0xcc,0x03,0x3d,0xc8,
    0x43,0x3d,0x8c,0x03,0x3d,0xcc,0x78,0x8c,0x74,0x70,0x07,0x7b,0x08,0x07,0x79,0x48,0x87,0x70,0x70,0x07,0x7a,0x70,0x03,0x76,
    0x78,0x87,0x70,0x20,0x87,0x19,0xcc,0x11,0x0e,0xec,0x90,0x0e,0xe1,0x30,0x0f,0x6e,0x30,0x0f,0xe3,0xf0,0x0e,0xf0,0x50,0x0e,
    0x33,0x10,0xc4,0x1d,0xde,0x21,0x1c,0xd8,0x21,0x1d,0xc2,0x61,0x1e,0x66,0x30,0x89,0x3b,0xbc,0x83,0x3b,0xd0,0x43,0x39,0xb4,
    0x03,0x3c,0xbc,0x83,0x3c,0x84,0x03,0x3b,0xcc,0xf0,0x14,0x76,0x60,0x07,0x7b,0x68,0x07,0x37,0x68,0x87,0x72,0x68,0x07,0x37,
    0x80,0x87,0x70,0x90,0x87,0x70,0x60,0x07,0x76,0x28,0x07,0x76,0xf8,0x05,0x76,0x78,0x87,0x77,0x80,0x87,0x5f,0x08,0x87,0x71,
    0x18,0x87,0x72,0x98,0x87,0x79,0x98,0x81,0x2c,0xee,0xf0,0x0e,0xee,0xe0,0x0e,0xf5,0xc0,0x0e,0xec,0x30,0x03,0x62,0xc8,0xa1,
    0x1c,0xe4,0xa1,0x1c,0xcc,0xa1,0x1c,0xe4,0xa1,0x1c,0xdc,0x61,0x1c,0xca,0x21,0x1c,0xc4,0x81,0x1d,0xca,0x61,0x06,0xd6,0x90,
    0x43,0x39,0xc8,0x43,0x39,0x98,0x43,0x39,0xc8,0x43,0x39,0xb8,0xc3,0x38,0x94,0x43,0x38,0x88,0x03,0x3b,0x94,0xc3,0x2f,0xbc,
    0x83,0x3c,0xfc,0x82,0x3b,0xd4,0x03,0x3b,0xb0,0xc3,0x0c,0xc4,0x21,0x07,0x7c,0x70,0x03,0x7a,0x28,0x87,0x76,0x80,0x87,0x19,
    0xca,0xc3,0x0e,0xec,0x60,0x0f,0xed,0xe0,0x06,0xec,0xf0,0x0e,0xef,0x00,0x0f,0x33,0x22,0x88,0x1c,0xf0,0xc1,0x0d,0xc8,0x41,
    0x1c,0xce,0xc1,0x0d,0xec,0x21,0x1c,0xe4,0x81,0x1d,0xc2,0x21,0x1f,0xde,0xa1,0x1e,0xe8,0x61,0x06,0x13,0x91,0x03,0x3e,0xb8,
    0x81,0x38,0xc8,0x43,0x39,0x84,0xc3,0x3a,0xb8,0x81,0x38,0xc8,0x03,0x00,0x00,0x00,0x71,0x20,0x00,0x00,0x3d,0x00,0x00,0x00,
    0x66,0x00,0x0d,0x97,0xef,0x3c,0x7e,0x80,0x34,0x40,0x84,0xf9,0xc5,0x6d,0x1b,0x03,0x34,0x5c,0xbe,0xf3,0xf8,0x01,0xd2,0x00,
    0x11,0xe6,0x23,0xb7,0x6d,0x0e,0xdb,0x70,0xf9,0xce,0xe3,0x0b,0x01,0x55,0x14,0x44,0x54,0x3a,0xc0,0x50,0x12,0x06,0x20,0x60,
    0x7e,0x71,0xdb,0xf6,0x20,0x0d,0x97,0xef,0x3c,0xbe,0x10,0x11,0xc0,0x44,0x84,0x40,0x33,0x2c,0x84,0x0d,0x34,0xc3,0xe5,0x3b,
    0x8f,0x3f,0x20,0x92,0x00,0x44,0x83,0x15,0x38,0xc3,0xe5,0x3b,0x8f,0x3f,0x38,0x93,0xed,0x17,0xb7,0x6d,0x0d,0xce,0x70,0xf9,
    0xce,0xe3,0x0f,0xce,0x74,0xfb,0xc5,0x6d,0xdb,0xc2,0x34,0x5c,0xbe,0xf3,0xf8,0x06,0x31,0x75,0x08,0x43,0x34,0x12,0xe2,0x34,
    0x92,0x05,0x4c,0xc3,0xe5,0x3b,0x8f,0xbf,0x38,0xc0,0x20,0x36,0x0f,0x35,0xf9,0xc5,0x6d,0xdb,0x01,0x35,0x5c,0xbe,0xf3,0xf8,
    0x12,0xc0,0x3c,0x0b,0xb1,0x21,0x80,0xe4,0x17,0xb7,0x6d,0x0a,0xd3,0x70,0xf9,0xce,0xe3,0x4b,0x00,0xf3,0x2c,0x04,0xc7,0x3c,
    0x7e,0x71,0xdb,0x96,0x40,0x0d,0x97,0xef,0x3c,0xbe,0x04,0x30,0xcf,0x42,0x80,0x11,0x30,0xf8,0xc5,0x6d,0x1b,0x42,0x35,0x5c,
    0xbe,0xf3,0xf8,0x12,0xc0,0x3c,0x0b,0x51,0x12,0x15,0xb1,0xf8,0xc5,0x6d,0x9b,0x40,0x35,0x5c,0xbe,0xf3,0xf8,0xd2,0xe4,0x44,
    0x04,0x4a,0x4d,0x0f,0x35,0xf9,0xc5,0x6d,0x1b,0xc1,0x33,0x5c,0xbe,0xf3,0xf8,0x54,0x03,0x44,0x98,0x5f,0xdc,0xb6,0x01,0x10,
    0x0c,0x80,0x34,0x00,0x00,0x00,0x00,0x00,0x48,0x41,0x53,0x48,0x14,0x00,0x00,0x00,0x00,0x00,0x00,0x00,0xde,0x7d,0x13,0xb1,
    0x02,0x89,0xb2,0x21,0x7d,0xae,0x59,0xb0,0xf9,0xa3,0xd2,0xde,0x44,0x58,0x49,0x4c,0xb4,0xa6,0x00,0x00,0x60,0x00,0x00,0x00,
    0xad,0x29,0x00,0x00,0x44,0x58,0x49,0x4c,0x00,0x01,0x00,0x00,0x10,0x00,0x00,0x00,0x9c,0xa6,0x00,0x00,0x42,0x43,0xc0,0xde,
    0x21,0x0c,0x00,0x00,0xa4,0x29,0x00,0x00,0x0b,0x82,0x20,0x00,0x02,0x00,0x00,0x00,0x13,0x00,0x00,0x00,0x07,0x81,0x23,0x91,
    0x41,0xc8,0x04,0x49,0x06,0x10,0x32,0x39,0x92,0x01,0x84,0x0c,0x25,0x05,0x08,0x19,0x1e,0x04,0x8b,0x62,0x80,0x1c,0x45,0x02,
    0x42,0x92,0x0b,0x42,0xe4,0x10,0x32,0x14,0x38,0x08,0x18,0x4b,0x0a,0x32,0x72,0x88,0x48,0x90,0x14,0x20,0x43,0x46,0x88,0xa5,
    0x00,0x19,0x32,0x42,0xe4,0x48,0x0e,0x90,0x91,0x23,0xc4,0x50,0x41,0x51,0x81,0x8c,0xe1,0x83,0xe5,0x8a,0x04,0x39,0x46,0x06,
    0x51,0x18,0x00,0x00,0x08,0x00,0x00,0x00,0x1b,0x8c,0xe0,0xff,0xff,0xff,0xff,0x07,0x40,0x02,0xa8,0x0d,0x84,0xf0,0xff,0xff,
    0xff,0xff,0x03,0x20,0x6d,0x30,0x86,0xff,0xff,0xff,0xff,0x1f,0x00,0x09,0xa8,0x00,0x49,0x18,0x00,0x00,0x03,0x00,0x00,0x00,
    0x13,0x82,0x60,0x42,0x20,0x4c,0x08,0x06,0x00,0x00,0x00,0x00,0x89,0x20,0x00,0x00,0xbb,0x00,0x00,0x00,0x32,0x22,0xc8,0x09,
    0x20,0x64,0x85,0x04,0x93,0x23,0xa4,0x84,0x04,0x93,0x23,0xe3,0x84,0xa1,0x90,0x14,0x12,0x4c,0x8e,0x8c,0x0b,0x84,0xe4,0x4c,
    0x10,0x80,0xc2,0x08,0x40,0x09,0x00,0x14,0x98,0x01,0x98,0x23,0x00,0x83,0x39,0x02,0xa4,0x18,0x03,0x02,0x81,0x50,0x20,0x90,
    0xa1,0x18,0x00,0x02,0x81,0x50,0x18,0x10,0x62,0x8e,0x20,0x28,0x03,0x80,0xa0,0xa0,0x45,0x19,0x06,0x84,0x01,0x35,0x8a,0x31,
    0x20,0x0c,0x06,0x83,0x01,0x3d,0x0a,0x31,0x20,0x0c,0x06,0x14,0xb9,0x69,0xb8,0xfc,0x09,0x7b,0x08,0xc9,0x5f,0x09,0x69,0x25,
    0x26,0xbf,0xb8,0x6d,0x54,0x0c,0x06,0x83,0x01,0x81,0x0a,0xf7,0x0c,0x97,0x3f,0x61,0x0f,0x21,0xf9,0x21,0xd0,0x0c,0x0b,0x81,
    0x02,0x4a,0x69,0x26,0x84,0x4a,0x65,0x30,0x18,0x0c,0x08,0x04,0xc2,0x60,0x40,0x96,0xc2,0x4c,0x08,0x95,0xca,0x60,0x30,0x18,
    0x10,0x08,0x84,0x01,0x61,0x8a,0x34,0x21,0x54,0x2a,0x83,0xc1,0x60,0x40,0x20,0x10,0x06,0x83,0xc1,0x60,0x30,0x18,0x90,0xe6,
    0xa6,0xe1,0xf2,0x27,0xec,0x21,0x24,0xbf,0x43,0x18,0xa2,0x91,0x10,0xa7,0x91,0x10,0x41,0x20,0x10,0x08,0x85,0xe0,0x10,0x2a,
    0x04,0xea,0x14,0x82,0x40,0x20,0x10,0xe8,0x53,0x90,0x01,0x61,0x30,0x18,0x0c,0x06,0x03,0x0a,0x1d,0x35,0x5c,0xfe,0x84,0x3d,
    0x84,0xe4,0x73,0x1b,0x55,0xac,0xc4,0xe4,0x17,0xb7,0x8d,0x88,0xc1,0x60,0x30,0x28,0xc4,0x88,0x50,0x21,0x10,0xa9,0x18,0x15,
    0x42,0x81,0x40,0x50,0x90,0x69,0x20,0x60,0xa6,0x30,0x18,0x07,0x76,0x08,0x87,0x79,0x98,0x07,0x37,0xa0,0x85,0x72,0xc0,0x07,
    0x7a,0xa8,0x07,0x79,0x28,0x07,0x39,0x20,0x05,0x3e,0x30,0x07,0x76,0x78,0x87,0x70,0xa0,0x07,0x3f,0xd0,0x03,0x3d,0x68,0x87,
    0x74,0x80,0x87,0x79,0xf8,0x05,0x7a,0xc8,0x07,0x78,0x28,0x07,0x14,0x10,0x66,0xb2,0xc6,0x81,0x1d,0xc2,0x61,0x1e,0xe6,0xc1,
    0x0d,0x68,0xa1,0x1c,0xf0,0x81,0x1e,0xea,0x41,0x1e,0xca,0x41,0x0e,0x48,0x81,0x0f,0xcc,0x81,0x1d,0xde,0x21,0x1c,0xe8,0xc1,
    0x0f,0x90,0x30,0x48,0x91,0x6a,0x18,0x81,0x18,0x66,0x6a,0x83,0x71,0x60,0x87,0x70,0x98,0x87,0x79,0x70,0x03,0x5a,0x28,0x07,
    0x7c,0xa0,0x87,0x7a,0x90,0x87,0x72,0x90,0x03,0x52,0xe0,0x03,0x7b,0x28,0x87,0x71,0xa0,0x87,0x77,0x90,0x07,0x3e,0x30,0x07,
    0x76,0x78,0x87,0x70,0xa0,0x07,0x36,0x00,0x03,0x3a,0xf0,0x03,0x30,0xf0,0x03,0x3d,0xd0,0x83,0x76,0x48,0x07,0x78,0x98,0x87,
    0x5f,0xa0,0x87,0x7c,0x80,0x87,0x72,0x40,0x01,0x61,0x26,0x31,0x18,0x07,0x76,0x08,0x87,0x79,0x98,0x07,0x37,0xa0,0x85,0x72,
    0xc0,0x07,0x7a,0xa8,0x07,0x79,0x28,0x07,0x39,0x20,0x05,0x3e,0xb0,0x87,0x72,0x18,0x07,0x7a,0x78,0x07,0x79,0xe0,0x03,0x73,
    0x60,0x87,0x77,0x08,0x07,0x7a,0x60,0x03,0x30,0xa0,0x03,0x3f,0x00,0x03,0x3f,0x40,0x02,0xab,0x45,0xae,0x99,0xc8,0x60,0x1c,
    0xd8,0x21,0x1c,0xe6,0x61,0x1e,0xdc,0x80,0x16,0xca,0x01,0x1f,0xe8,0xa1,0x1e,0xe4,0xa1,0x1c,0x46,0xa1,0x1e,0xc4,0xa1,0x1c,
    0xf8,0xc0,0x1e,0xca,0x61,0x1c,0xe8,0xe1,0x1d,0xe4,0x81,0x0f,0xcc,0x81,0x1d,0xde,0x21,0x1c,0xe8,0x81,0x0d,0xc0,0x80,0x0e,
    0xfc,0x00,0x0c,0xfc,0x00,0x05,0x2c,0x82,0xcd,0xd4,0x06,0xe3,0xc0,0x0e,0xe1,0x30,0x0f,0xf3,0xe0,0x06,0xb4,0x50,0x0e,0xf8,
    0x40,0x0f,0xf5,0x20,0x0f,0xe5,0x30,0x07,0xa4,0xc0,0x07,0xf6,0x50,0x0e,0xe3,0x40,0x0f,0xef,0x20,0x0f,0x7c,0x60,0x0e,0xec,
    0xf0,0x0e,0xe1,0x40,0x0f,0x6c,0x00,0x06,0x74,0xe0,0x07,0x60,0xe0,0x07,0x7a,0xa0,0x07,0xed,0x90,0x0e,0xf0,0x30,0x0f,0xbf,
    0x40,0x0f,0xf9,0x00,0x0f,0xe5,0x80,0x02,0xc2,0x4c,0x62,0x30,0x0e,0xec,0x10,0x0e,0xf3,0x30,0x0f,0x6e,0x40,0x0b,0xe5,0x80,
    0x0f,0xf4,0x50,0x0f,0xf2,0x50,0x0e,0x73,0x40,0x0a,0x7c,0x60,0x0f,0xe5,0x30,0x0e,0xf4,0xf0,0x0e,0xf2,0xc0,0x07,0xe6,0xc0,
    0x0e,0xef,0x10,0x0e,0xf4,0xc0,0x06,0x60,0x40,0x07,0x7e,0x00,0x06,0x7e,0x80,0x04,0x96,0x8c,0x66,0x49,0xc1,0x4a,0x08,0x56,
    0x16,0xb0,0x4e,0xe1,0xc8,0x2f,0x02,0x0c,0x86,0x68,0x26,0x64,0xd4,0x6c,0xb6,0x9b,0xcd,0x46,0xb8,0xeb,0xa4,0x29,0xa2,0x84,
    0xc9,0x67,0x01,0xe6,0x59,0x88,0x88,0x73,0x98,0x07,0x88,0x10,0xc9,0x69,0xd8,0x09,0x98,0x08,0x14,0x10,0x48,0x77,0x93,0x34,
    0x45,0x94,0x30,0xf9,0x2c,0xc0,0x3c,0x0b,0x11,0xb1,0x13,0x30,0x11,0x28,0x20,0x10,0x2f,0x75,0x08,0x53,0x00,0x00,0x00,0x00,
    0x13,0x14,0x72,0xc0,0x87,0x74,0x60,0x87,0x36,0x68,0x87,0x79,0x68,0x03,0x72,0xc0,0x87,0x0d,0xaf,0x50,0x0e,0x6d,0xd0,0x0e,
    0x7a,0x50,0x0e,0x6d,0x00,0x0f,0x7a,0x30,0x07,0x72,0xa0,0x07,0x73,0x20,0x07,0x6d,0x90,0x0e,0x71,0xa0,0x07,0x73,0x20,0x07,
    0x6d,0x90,0x0e,0x78,0xa0,0x07,0x73,0x20,0x07,0x6d,0x90,0x0e,0x71,0x60,0x07,0x7a,0x30,0x07,0x72,0xd0,0x06,0xe9,0x30,0x07,
    0x72,0xa0,0x07,0x73,0x20,0x07,0x6d,0x90,0x0e,0x76,0x40,0x07,0x7a,0x60,0x07,0x74,0xd0,0x06,0xe6,0x10,0x07,0x76,0xa0,0x07,
    0x73,0x20,0x07,0x6d,0x60,0x0e,0x73,0x20,0x07,0x7a,0x30,0x07,0x72,0xd0,0x06,0xe6,0x60,0x07,0x74,0xa0,0x07,0x76,0x40,0x07,
    0x6d,0xe0,0x0e,0x78,0xa0,0x07,0x71,0x60,0x07,0x7a,0x30,0x07,0x72,0xa0,0x07,0x76,0x40,0x07,0x43,0x9e,0x00,0x00,0x00,0x00,
    0x00,0x00,0x00,0x00,0x00,0x00,0x00,0x86,0x3c,0x06,0x10,0x00,0x01,0x00,0x00,0x00,0x00,0x00,0x00,0x00,0x0c,0x79,0x10,0x20,
    0x00,0x04,0x00,0x00,0x00,0x00,0x00,0x00,0x00,0x18,0xf2,0x2c,0x40,0x00,0x08,0x00,0x00,0x00,0x00,0x00,0x00,0x00,0x30,0xe4,
    0x69,0x80,0x00,0x08,0x00,0x00,0x00,0x00,0x00,0x00,0x00,0x60,0xc8,0xf3,0x00,0x01,0x10,0x00,0x00,0x00,0x00,0x00,0x00,0x00,
    0xc0,0x90,0x27,0x02,0x02,0x20,0x00,0x00,0x00,0x00,0x00,0x00,0x00,0x80,0x21,0x8f,0x05,0x04,0xc0,0x00,0x00,0x00,0x00,0x00,
    0x00,0x00,0x00,0x43,0x1e,0x0c,0x08,0x80,0x01,0x00,0x00,0x00,0x00,0x00,0x00,0x00,0x86,0x3c,0x1a,0x10,0x00,0x03,0x00,0x00,
    0x00,0x00,0x00,0x00,0x00,0x0c,0x79,0x2c,0x20,0x00,0x06,0x00,0x00,0x00,0x00,0x00,0x00,0x00,0x18,0xf2,0x74,0x40,0x00,0x0c,
    0x00,0x00,0x00,0x00,0x00,0x00,0x00,0x30,0xe4,0xf9,0x80,0x00,0x08,0x00,0x00,0x00,0x00,0x00,0x00,0x00,0x60,0xc8,0x13,0x06,
    0x40,0x00,0x04,0x00,0x00,0x00,0x00,0x00,0x00,0x00,0x30,0xe4,0x21,0x03,0x20,0x00,0x06,0x00,0x00,0x00,0x00,0x00,0x00,0x00,
    0x18,0xf2,0x98,0x01,0x10,0x00,0x03,0x00,0x00,0x00,0x00,0x00,0x00,0x00,0x64,0x81,0x00,0x00,0x00,0x00,0x21,0x00,0x00,0x00,
    0x32,0x1e,0x98,0x18,0x19,0x11,0x4c,0x90,0x8c,0x09,0x26,0x47,0xc6,0x04,0x43,0x22,0x94,0xc0,0x08,0x40,0x41,0x14,0x43,0x11,
    0x94,0x44,0x19,0x14,0x42,0x29,0x94,0x43,0x51,0x94,0x45,0x61,0x94,0x46,0x71,0x94,0x47,0x81,0x5a,0x50,0xa1,0x24,0xca,0xa0,
    0x10,0x46,0x00,0x8a,0xa0,0x04,0x0a,0x84,0x56,0x33,0x00,0xf4,0x9a,0x01,0xa0,0xd8,0x0c,0x00,0xd1,0x66,0x00,0x28,0x37,0x03,
    0x40,0xbb,0x19,0x00,0xea,0xcd,0x00,0x90,0x6f,0x2c,0x3d,0xc0,0x03,0x02,0x00,0x00,0xe0,0x79,0x9e,0xe7,0x79,0x9e,0xe7,0x79,
    0x9e,0xe7,0x79,0x9e,0xe7,0x79,0x9e,0xe7,0x79,0x9e,0xe7,0x79,0x9e,0xe7,0x79,0x9e,0xe7,0x79,0x9e,0xe7,0x79,0x9e,0xe7,0x79,
    0x9e,0xe7,0x79,0x9e,0xe7,0x01,0x8e,0x03,0x00,0x00,0x00,0x00,0x79,0x18,0x00,0x00,0x0d,0x01,0x00,0x00,0x1a,0x03,0x4c,0x90,
    0x46,0x02,0x13,0xc4,0x31,0x20,0xc3,0x1b,0x43,0x81,0x93,0x4b,0xb3,0x0b,0xa3,0x2b,0x4b,0x01,0x89,0x71,0xc1,0x71,0x81,0x71,
    0xa1,0xb9,0x99,0xc9,0x01,0x41,0x21,0xcb,0x09,0xab,0x29,0xcb,0xb9,0x21,0x83,0x49,0xd9,0x10,0x04,0x13,0x04,0x02,0x9a,0x20,
    0x10,0xd1,0x06,0x61,0x20,0x26,0x08,0x84,0xb4,0x41,0x18,0x0c,0x0a,0x70,0x73,0x13,0x04,0x62,0xda,0x30,0x20,0x09,0x31,0x41,
    0x58,0x03,0x34,0x20,0x30,0x41,0x20,0xa8,0x09,0x02,0x51,0x6d,0x10,0x08,0x67,0x43,0x42,0x2c,0x4c,0x43,0x0c,0x0d,0xf1,0x6c,
    0x48,0x86,0x85,0x69,0x86,0xa1,0x21,0x9e,0x09,0xc2,0x1b,0xa4,0xc1,0x86,0xa4,0x91,0x98,0xa6,0x19,0x1a,0xe2,0x99,0x20,0x10,
    0xd6,0x86,0x84,0x92,0x98,0x86,0x1a,0x1a,0xe2,0x99,0x20,0x10,0xd7,0x04,0x21,0x0e,0xd4,0x60,0x82,0x40,0x60,0x1b,0x12,0xeb,
    0x62,0x1a,0x6b,0xc0,0x88,0x67,0x43,0x82,0x5d,0x4c,0x83,0x0d,0x18,0xf1,0x6c,0x48,0x92,0x8b,0x69,0x92,0x01,0x23,0x9e,0x09,
    0x02,0x91,0x6d,0x48,0xb8,0x8b,0x69,0xb8,0x01,0x23,0x9e,0x0d,0x89,0x71,0x31,0x8d,0x31,0x60,0xc4,0xb3,0x21,0x71,0x2e,0xa6,
    0x71,0x06,0x8c,0x78,0x26,0x08,0x84,0xb6,0x21,0x01,0x83,0x8b,0x69,0xc0,0x60,0xc0,0x88,0x67,0x82,0x40,0x6c,0x1b,0x12,0x31,
    0xb8,0x98,0x46,0x0c,0x06,0x8c,0x78,0x26,0x08,0x04,0x37,0x41,0xa0,0x83,0x35,0xd8,0x90,0x90,0x41,0x19,0x30,0x0d,0x19,0x0c,
    0x16,0xf1,0x4c,0x10,0x88,0x6e,0x43,0x72,0x06,0x65,0xc0,0x34,0x67,0x30,0x58,0xc4,0x33,0x41,0x20,0xbc,0x0d,0x49,0x1a,0x94,
    0x01,0xd3,0xa4,0xc1,0x60,0x11,0xcf,0x04,0x81,0xf8,0x36,0x24,0x6b,0x50,0x06,0x4c,0xb3,0x06,0x83,0x45,0x3c,0x1b,0x20,0x28,
    0x9a,0xaa,0x4c,0xdb,0x3a,0xef,0x0b,0x83,0x31,0x30,0x03,0x34,0x50,0x03,0x36,0x98,0x20,0xe4,0x01,0x1b,0x4c,0x10,0x08,0x30,
    0xd8,0x80,0x10,0x6e,0xc0,0x50,0xc4,0xf0,0x06,0xc0,0x86,0x00,0x0e,0x26,0x08,0x7b,0xd0,0x06,0x1b,0x10,0x42,0x0e,0x98,0x86,
    0x18,0x06,0x60,0x03,0x32,0xc8,0x01,0xd3,0x0c,0xc3,0x00,0x4c,0x10,0xfa,0xc0,0x0d,0x36,0x20,0x4d,0x1d,0x30,0x4d,0x33,0x10,
    0xc0,0x06,0x84,0xaa,0x03,0xa6,0xa1,0x06,0x02,0xd8,0x80,0x58,0x75,0xc0,0x34,0xd6,0x40,0x00,0x1b,0x10,0xac,0x0e,0x98,0x06,
    0x1b,0x08,0x60,0x03,0x92,0xd4,0x01,0xd3,0x24,0x03,0x01,0x6c,0x40,0xb8,0x3a,0x60,0x1a,0x6e,0x20,0x80,0x0d,0x88,0x51,0x07,
    0x4c,0x63,0x0c,0x04,0xb0,0x01,0x71,0xea,0x80,0x69,0x9c,0x81,0x00,0x36,0x20,0x60,0x50,0x07,0x4c,0x03,0x06,0x03,0x01,0x6c,
    0x40,0xc4,0xa0,0x0e,0x98,0x46,0x0c,0x06,0x02,0xd8,0x80,0x90,0x41,0x1d,0x30,0x0d,0x19,0x0c,0x04,0xb0,0x01,0x39,0x83,0x3a,
    0x60,0x9a,0x33,0x18,0x08,0x60,0x03,0x92,0x06,0x75,0xc0,0x34,0x69,0x30,0x10,0xc0,0x06,0x64,0x0d,0xea,0x80,0x69,0xd6,0x60,
    0x20,0x80,0x0d,0xd0,0x1c,0xd0,0x81,0x1d,0xdc,0x01,0x1e,0xe4,0x81,0x1e,0xec,0x01,0x1f,0xf4,0x81,0x1f,0xfc,0x01,0x28,0x84,
    0x82,0x28,0x8c,0xc2,0x06,0xa2,0x0d,0x80,0x38,0x20,0x85,0x09,0x82,0x1f,0xbc,0xc1,0x86,0xc0,0x14,0x26,0x08,0x02,0x40,0xa2,
    0x2d,0x2c,0xcd,0x8d,0xcb,0x94,0xd5,0x17,0xd4,0xdb,0x5c,0x1a,0x5d,0xda,0x9b,0xdb,0x04,0xa1,0x08,0x83,0x09,0x42,0x21,0x06,
    0x1b,0x02,0x62,0x82,0x50,0x8c,0xc1,0x04,0xa1,0x20,0x83,0x0d,0x0b,0xa1,0x0a,0xab,0xc0,0x0a,0xad,0xe0,0x0a,0x83,0x2b,0x10,
    0xaf,0x00,0x10,0xa1,0x2a,0xc2,0x1a,0x7a,0x7a,0x92,0x22,0x9a,0x20,0x14,0x65,0xb0,0x41,0xa0,0xd6,0x60,0xc3,0x32,0xc4,0xc2,
    0x2a,0xbc,0x42,0x2b,0xc8,0xc2,0xe0,0x0a,0xc3,0x2b,0xcc,0xc2,0x86,0x60,0xd8,0xb0,0x34,0xb1,0xb0,0x0a,0xaf,0x50,0x0b,0xb2,
    0x30,0xb8,0x42,0xf3,0x0a,0xb3,0xb0,0x21,0x68,0x26,0x08,0x85,0x19,0x6c,0x58,0xa8,0x58,0x58,0x85,0x57,0xb8,0x05,0x5c,0x18,
    0x5c,0x81,0x7a,0x85,0x59,0xd8,0x10,0x50,0x1b,0x16,0x2b,0x16,0x56,0xe1,0x15,0x74,0x01,0x17,0x06,0x57,0xb0,0x5e,0x61,0x16,
    0x36,0x04,0xd6,0x86,0x05,0x8b,0x85,0x55,0x78,0x05,0x5e,0x90,0x85,0xc1,0x15,0xb0,0x57,0x98,0x85,0x0d,0x01,0xb6,0x61,0x49,
    0x62,0x61,0x15,0x5e,0xc1,0x17,0x64,0x61,0x70,0x85,0xe4,0x15,0x66,0x61,0x43,0x90,0x6c,0x58,0xb8,0x58,0x58,0x85,0x57,0x00,
    0x07,0x59,0x18,0x5c,0x81,0x7b,0x85,0x59,0xd8,0x10,0x70,0x1b,0x16,0x23,0x16,0x56,0xe1,0x15,0xc4,0x41,0x16,0x06,0x57,0x30,
    0x5e,0x61,0x16,0x36,0x04,0xc6,0x86,0xc5,0x89,0x85,0x55,0x78,0x05,0x72,0x90,0x85,0xc1,0x15,0x9c,0x57,0x98,0x85,0x0d,0x81,
    0xb3,0x61,0x01,0x83,0x58,0x58,0x85,0x57,0x30,0x07,0x59,0x18,0x5c,0x01,0x0c,0x5e,0x61,0x16,0x36,0x04,0x60,0xb0,0x61,0x11,
    0x83,0x58,0x58,0x85,0x57,0x40,0x07,0x59,0x18,0x5c,0x41,0x0c,0x5e,0x61,0x16,0x36,0x04,0x62,0xb0,0x61,0x21,0x83,0x58,0x58,
    0x85,0x57,0x50,0x07,0x59,0x18,0x5c,0x81,0x0c,0x5e,0x61,0x16,0x36,0x04,0x64,0xb0,0x41,0xa0,0xce,0x60,0xc3,0x72,0x06,0xb1,
    0xb0,0x0a,0xaf,0xc0,0x0e,0xb2,0x30,0xb8,0xc2,0x19,0xbc,0x42,0x3b,0x6c,0x70,0x60,0x81,0x16,0x6c,0x21,0x17,0x76,0xa1,0x17,
    0x7e,0x21,0x1c,0xc6,0xa1,0x1c,0xce,0x21,0x1d,0xd6,0xc1,0x1d,0x98,0x4c,0x59,0x7d,0x51,0x85,0xc9,0x9d,0x95,0xd1,0x4d,0x10,
    0x8a,0x33,0xd8,0xb0,0x10,0xf0,0xb0,0x0a,0xf1,0xd0,0x0a,0xaf,0x30,0xb8,0x02,0xf1,0x0a,0xb3,0xb0,0x21,0x90,0x87,0x0d,0xc3,
    0x3b,0xcc,0x03,0xb0,0xa1,0x40,0x85,0x54,0xa0,0x87,0x52,0x00,0x88,0xb1,0xb1,0xd9,0xb5,0xb9,0xb0,0xbd,0xbd,0xc1,0xb9,0xd4,
    0xb9,0xc9,0xbd,0xb1,0xb1,0xb9,0x90,0xa5,0xcd,0x85,0x89,0xb1,0x95,0x6d,0x08,0xec,0x61,0x85,0x80,0x0f,0xf7,0x50,0x85,0x8d,
    0xcd,0xae,0xcd,0x25,0x8d,0xac,0xcc,0x8d,0x6e,0x4a,0x10,0x54,0x21,0xc3,0x73,0xb1,0x2b,0x93,0x9b,0x4b,0x7b,0x73,0x9b,0x12,
    0x10,0x4d,0xc8,0xf0,0x5c,0xec,0xc2,0xd8,0xec,0xca,0xe4,0xa6,0x04,0x46,0x1d,0x32,0x3c,0x97,0x39,0xb4,0x30,0xb2,0x32,0xb9,
    0xa6,0x37,0xb2,0x32,0xb6,0x29,0x41,0x52,0x86,0x0c,0xcf,0x45,0xae,0x6c,0xee,0xad,0x4e,0x6e,0xac,0x6c,0x6e,0x4a,0x40,0x0a,
    0x75,0xc8,0xf0,0x5c,0xec,0xd2,0xca,0xee,0x92,0xc8,0xa6,0xe8,0xc2,0xe8,0xca,0xa6,0x04,0xa6,0x50,0x87,0x0c,0xcf,0xa5,0xcc,
    0x8d,0x4e,0x2e,0x0f,0xea,0x2d,0xcd,0x8d,0x6e,0x6e,0x4a,0x40,0x0f,0x00,0x00,0x00,0x79,0x18,0x00,0x00,0x55,0x00,0x00,0x00,
    0x33,0x08,0x80,0x1c,0xc4,0xe1,0x1c,0x66,0x14,0x01,0x3d,0x88,0x43,0x38,0x84,0xc3,0x8c,0x42,0x80,0x07,0x79,0x78,0x07,0x73,
    0x98,0x71,0x0c,0xe6,0x00,0x0f,0xed,0x10,0x0e,0xf4,0x80,0x0e,0x33,0x0c,0x42,0x1e,0xc2,0xc1,0x1d,0xce,0xa1,0x1c,0x66,0x30,
    0x05,0x3d,0x88,0x43,0x38,0x84,0x83,0x1b,0xcc,0x03,0x3d,0xc8,0x43,0x3d,0x8c,0x03,0x3d,0xcc,0x78,0x8c,0x74,0x70,0x07,0x7b,
    0x08,0x07,0x79,0x48,0x87,0x70,0x70,0x07,0x7a,0x70,0x03,0x76,0x78,0x87,0x70,0x20,0x87,0x19,0xcc,0x11,0x0e,0xec,0x90,0x0e,
    0xe1,0x30,0x0f,0x6e,0x30,0x0f,0xe3,0xf0,0x0e,0xf0,0x50,0x0e,0x33,0x10,0xc4,0x1d,0xde,0x21,0x1c,0xd8,0x21,0x1d,0xc2,0x61,
    0x1e,0x66,0x30,0x89,0x3b,0xbc,0x83,0x3b,0xd0,0x43,0x39,0xb4,0x03,0x3c,0xbc,0x83,0x3c,0x84,0x03,0x3b,0xcc,0xf0,0x14,0x76,
    0x60,0x07,0x7b,0x68,0x07,0x37,0x68,0x87,0x72,0x68,0x07,0x37,0x80,0x87,0x70,0x90,0x87,0x70,0x60,0x07,0x76,0x28,0x07,0x76,
    0xf8,0x05,0x76,0x78,0x87,0x77,0x80,0x87,0x5f,0x08,0x87,0x71,0x18,0x87,0x72,0x98,0x87,0x79,0x98,0x81,0x2c,0xee,0xf0,0x0e,
    0xee,0xe0,0x0e,0xf5,0xc0,0x0e,0xec,0x30,0x03,0x62,0xc8,0xa1,0x1c,0xe4,0xa1,0x1c,0xcc,0xa1,0x1c,0xe4,0xa1,0x1c,0xdc,0x61,
    0x1c,0xca,0x21,0x1c,0xc4,0x81,0x1d,0xca,0x61,0x06,0xd6,0x90,0x43,0x39,0xc8,0x43,0x39,0x98,0x43,0x39,0xc8,0x43,0x39,0xb8,
    0xc3,0x38,0x94,0x43,0x38,0x88,0x03,0x3b,0x94,0xc3,0x2f,0xbc,0x83,0x3c,0xfc,0x82,0x3b,0xd4,0x03,0x3b,0xb0,0xc3,0x0c,0xc4,
    0x21,0x07,0x7c,0x70,0x03,0x7a,0x28,0x87,0x76,0x80,0x87,0x19,0xca,0xc3,0x0e,0xec,0x60,0x0f,0xed,0xe0,0x06,0xec,0xf0,0x0e,
    0xef,0x00,0x0f,0x33,0x22,0x88,0x1c,0xf0,0xc1,0x0d,0xc8,0x41,0x1c,0xce,0xc1,0x0d,0xec,0x21,0x1c,0xe4,0x81,0x1d,0xc2,0x21,
    0x1f,0xde,0xa1,0x1e,0xe8,0x61,0x06,0x13,0x91,0x03,0x3e,0xb8,0x81,0x38,0xc8,0x43,0x39,0x84,0xc3,0x3a,0xb8,0x81,0x38,0xc8,
    0x03,0x00,0x00,0x00,0x71,0x20,0x00,0x00,0x3d,0x00,0x00,0x00,0x66,0x00,0x0d,0x97,0xef,0x3c,0x7e,0x80,0x34,0x40,0x84,0xf9,
    0xc5,0x6d,0x1b,0x03,0x34,0x5c,0xbe,0xf3,0xf8,0x01,0xd2,0x00,0x11,0xe6,0x23,0xb7,0x6d,0x0e,0xdb,0x70,0xf9,0xce,0xe3,0x0b,
    0x01,0x55,0x14,0x44,0x54,0x3a,0xc0,0x50,0x12,0x06,0x20,0x60,0x7e,0x71,0xdb,0xf6,0x20,0x0d,0x97,0xef,0x3c,0xbe,0x10,0x11,
    0xc0,0x44,0x84,0x40,0x33,0x2c,0x84,0x0d,0x34,0xc3,0xe5,0x3b,0x8f,0x3f,0x20,0x92,0x00,0x44,0x83,0x15,0x38,0xc3,0xe5,0x3b,
    0x8f,0x3f,0x38,0x93,0xed,0x17,0xb7,0x6d,0x0d,0xce,0x70,0xf9,0xce,0xe3,0x0f,0xce,0x74,0xfb,0xc5,0x6d,0xdb,0xc2,0x34,0x5c,
    0xbe,0xf3,0xf8,0x06,0x31,0x75,0x08,0x43,0x34,0x12,0xe2,0x34,0x92,0x05,0x4c,0xc3,0xe5,0x3b,0x8f,0xbf,0x38,0xc0,0x20,0x36,
    0x0f,0x35,0xf9,0xc5,0x6d,0xdb,0x01,0x35,0x5c,0xbe,0xf3,0xf8,0x12,0xc0,0x3c,0x0b,0xb1,0x21,0x80,0xe4,0x17,0xb7,0x6d,0x0a,
    0xd3,0x70,0xf9,0xce,0xe3,0x4b,0x00,0xf3,0x2c,0x04,0xc7,0x3c,0x7e,0x71,0xdb,0x96,0x40,0x0d,0x97,0xef,0x3c,0xbe,0x04,0x30,
    0xcf,0x42,0x80,0x11,0x30,0xf8,0xc5,0x6d,0x1b,0x42,0x35,0x5c,0xbe,0xf3,0xf8,0x12,0xc0,0x3c,0x0b,0x51,0x12,0x15,0xb1,0xf8,
    0xc5,0x6d,0x9b,0x40,0x35,0x5c,0xbe,0xf3,0xf8,0xd2,0xe4,0x44,0x04,0x4a,0x4d,0x0f,0x35,0xf9,0xc5,0x6d,0x1b,0xc1,0x33,0x5c,
    0xbe,0xf3,0xf8,0x54,0x03,0x44,0x98,0x5f,0xdc,0xb6,0x01,0x10,0x0c,0x80,0x34,0x00,0x61,0x20,0x00,0x00,0x9f,0x26,0x00,0x00,
    0x13,0x04,0xba,0x15,0x0b,0x04,0x00,0x00,0x3b,0x00,0x00,0x00,0xa4,0xa8,0x81,0x11,0x00,0x22,0x14,0x69,0x40,0x0d,0x12,0x14,
    0x20,0x20,0xe0,0x43,0x01,0x02,0x02,0x22,0x14,0x20,0x20,0x60,0x40,0xa1,0x15,0x20,0x20,0x41,0x01,0x02,0x0a,0x14,0x5c,0xc9,
    0x94,0x5b,0xc1,0x06,0x94,0x63,0x40,0xb9,0x06,0x14,0x63,0x40,0x19,0x95,0x4d,0x21,0xd5,0xc0,0x0c,0x40,0xb1,0x54,0x41,0xd9,
    0x15,0x64,0x40,0xf1,0x95,0x5c,0xc1,0x94,0x4b,0x01,0xf2,0x14,0x20,0x44,0x41,0x95,0x4a,0xe9,0x15,0x4e,0x01,0x06,0x14,0x5e,
    0x99,0x06,0x14,0x6a,0x40,0x81,0x14,0xf8,0x40,0xf9,0x15,0x50,0xf9,0x94,0x53,0x89,0x14,0x20,0x41,0xf1,0x14,0x49,0xa1,0x94,
    0x65,0x40,0x61,0x06,0x94,0x49,0xd1,0x14,0x5b,0xa9,0x06,0x94,0x62,0x40,0xb1,0x06,0xd0,0x60,0x8c,0x00,0x04,0x41,0x10,0xef,
    0xc6,0x08,0x40,0x10,0xf4,0xef,0x30,0x18,0x23,0xe8,0xfb,0x96,0xc5,0x75,0x61,0x8c,0x60,0x8f,0xd5,0x78,0xff,0x85,0x31,0x02,
    0x10,0x04,0x41,0xfc,0x17,0xc6,0x08,0x48,0x18,0x14,0xf1,0x5f,0x18,0x23,0x10,0x51,0x30,0x04,0xc1,0x60,0x8c,0xe0,0xc6,0xdb,
    0xb1,0xe5,0x85,0x31,0x02,0x10,0x04,0x41,0x14,0x0c,0xc6,0x08,0x6e,0xbc,0x1d,0x5b,0x6e,0x8c,0x00,0x04,0x41,0x10,0x04,0x83,
    0x31,0x82,0xbe,0x6f,0x59,0x5c,0x1b,0x23,0x00,0x41,0x10,0x84,0xbf,0x31,0x02,0x10,0x04,0x41,0xf8,0x17,0x66,0x00,0xc6,0x08,
    0x40,0x10,0x04,0xf1,0x6f,0x04,0x00,0x00,0x23,0x06,0x09,0x00,0x82,0x60,0x60,0x06,0xed,0x10,0x07,0xb8,0xd0,0x0b,0xbd,0xb0,
    0x0a,0x23,0x06,0x09,0x00,0x82,0x60,0x60,0x06,0xee,0x20,0x07,0xb9,0xf0,0x0b,0xbf,0xc0,0x0a,0x23,0x06,0x09,0x00,0x82,0x60,
    0x60,0x06,0xef,0x30,0x07,0xba,0x10,0x0e,0xe1,0xd0,0x0a,0x23,0x06,0x09,0x00,0x82,0x60,0x60,0x06,0xf0,0x40,0x07,0xbb,0x30,
    0x0e,0xe3,0xe0,0x0a,0x23,0x06,0x09,0x00,0x82,0x60,0x60,0x06,0xf1,0x50,0x07,0xbc,0x50,0x0e,0xe5,0xf0,0x0a,0x23,0x06,0x09,
    0x00,0x82,0x60,0x60,0x06,0xf2,0x60,0x07,0xbd,0x70,0x0e,0xe7,0x00,0x0b,0x23,0x06,0x09,0x00,0x82,0x60,0x60,0x06,0xf3,0x70,
    0x07,0xbe,0xd0,0x0e,0xed,0x10,0x0b,0x23,0x06,0x09,0x00,0x82,0x60,0x60,0x06,0xf4,0x80,0x07,0xbf,0x10,0x0f,0xf1,0x20,0x0b,
    0x23,0x06,0x09,0x00,0x82,0x60,0x60,0x06,0xf5,0x90,0x07,0xe0,0xb0,0x0e,0xeb,0x30,0x0b,0x23,0x06,0x09,0x00,0x82,0x60,0x60,
    0x06,0xf6,0xa0,0x07,0xe1,0x20,0x0f,0xf2,0x40,0x0b,0x23,0x06,0x09,0x00,0x82,0x60,0x60,0x06,0xf7,0xb0,0x07,0xe2,0xe0,0x0e,
    0xee,0x50,0x0b,0x23,0x06,0x09,0x00,0x82,0x60,0x60,0x06,0xf8,0xc0,0x07,0xe3,0x00,0x0f,0xf0,0x60,0x0b,0x23,0x06,0x09,0x00,
    0x82,0x60,0x60,0x06,0xf9,0xd0,0x07,0xe4,0x20,0x0f,0xf2,0x70,0x0b,0x23,0x06,0x09,0x00,0x82,0x60,0x60,0x06,0xfa,0xe0,0x07,
    0xe5,0x50,0x0f,0xf5,0x80,0x0b,0x23,0x06,0x09,0x00,0x82,0x60,0x60,0x06,0xfb,0xf0,0x07,0xe6,0xa0,0x0f,0xfa,0x90,0x0b,0x23,
    0x06,0x09,0x00,0x82,0x60,0x60,0x06,0xfc,0x00,0x0a,0xe7,0xa0,0x0f,0xfa,0xa0,0x0b,0x23,0x06,0x09,0x00,0x82,0x60,0x60,0x06,
    0xfd,0x10,0x0a,0xea,0xd0,0x0e,0xed,0xb0,0x0b,0x23,0x06,0x09,0x00,0x82,0x60,0x60,0x06,0xfe,0x20,0x0a,0xeb,0xf0,0x0e,0xef,
    0xc0,0x0b,0x23,0x06,0x09,0x00,0x82,0x60,0x60,0x06,0xff,0x30,0x0a,0xec,0x10,0x0f,0xf1,0xd0,0x0b,0x23,0x06,0x09,0x00,0x82,
    0x60,0x60,0x06,0x20,0x41,0x0a,0xed,0x30,0x0f,0xf3,0xe0,0x0b,0x23,0x06,0x09,0x00,0x82,0x60,0x60,0x06,0x21,0x51,0x0a,0xee,
    0x50,0x0f,0xf5,0xf0,0x0b,0x23,0x06,0x09,0x00,0x82,0x60,0x60,0x06,0x22,0x61,0x0a,0xef,0x70,0x0f,0xf7,0x00,0x0e,0x23,0x06,
    0x09,0x00,0x82,0x60,0x60,0x06,0x23,0x71,0x0a,0xf0,0xd0,0x0f,0xfd,0x10,0x0e,0x23,0x06,0x09,0x00,0x82,0x60,0x60,0x06,0x24,
    0x81,0x0a,0xf1,0x10,0x12,0x21,0x21,0x0e,0x23,0x06,0x09,0x00,0x82,0x60,0x60,0x06,0x25,0x91,0x0a,0xf2,0xb0,0x0f,0xfb,0x30,
    0x0e,0x23,0x06,0x09,0x00,0x82,0x60,0x60,0x06,0x26,0xa1,0x0a,0xf3,0x20,0x12,0x22,0x41,0x0e,0x23,0x06,0x09,0x00,0x82,0x60,
    0x60,0x06,0x27,0xb1,0x0a,0xf4,0xe0,0x0f,0xfe,0x50,0x0e,0x23,0x06,0x09,0x00,0x82,0x60,0x60,0x06,0x28,0xc1,0x0a,0xf5,0x00,
    0x12,0x20,0x61,0x0e,0x23,0x06,0x09,0x00,0x82,0x60,0x60,0x06,0x29,0xd1,0x0a,0xf6,0x20,0x12,0x22,0x71,0x0e,0x23,0x06,0x09,
    0x00,0x82,0x60,0x60,0x06,0x2a,0xe1,0x0a,0xf7,0x50,0x12,0x25,0x81,0x0e,0x23,0x06,0x09,0x00,0x82,0x60,0x60,0x06,0x2b,0xf1,
    0x0a,0xf8,0xa0,0x12,0x2a,0x91,0x0e,0x23,0x06,0x09,0x00,0x82,0x60,0x60,0x06,0x2c,0x01,0x0b,0xf9,0xa0,0x12,0x2a,0xa1,0x0e,
    0x23,0x06,0x09,0x00,0x82,0x60,0x60,0x06,0x2d,0x11,0x0b,0xf7,0xb0,0x12,0x2b,0xb1,0x0e,0x23,0x06,0x09,0x00,0x82,0x60,0x60,
    0xf0,0x84,0x49,0x80,0x04,0x4b,0xe4,0x03,0x2e,0x8c,0x18,0x24,0x00,0x08,0x82,0x81,0xd1,0x13,0x27,0x11,0x12,0x2d,0x91,0x0f,
    0xb9,0x30,0x62,0x90,0x00,0x20,0x08,0x06,0x86,0x4f,0xa0,0x84,0x48,0xb8,0x44,0x3f,0xe8,0xc2,0x88,0x41,0x02,0x80,0x20,0x18,
    0x18,0x3f,0x91,0x12,0x24,0xf1,0x12,0xfc,0xb0,0x0b,0x23,0x06,0x09,0x00,0x82,0x60,0x60,0x80,0x85,0x4a,0x94,0x04,0x4c,0xec,
    0x03,0x2f,0x8c,0x18,0x24,0x00,0x08,0x82,0x81,0x11,0x16,0x2b,0x61,0x12,0x31,0xd1,0x0f,0xbd,0x30,0x62,0x90,0x00,0x20,0x08,
    0x06,0x86,0x58,0xb0,0xc4,0x49,0xc8,0x44,0x48,0xf8,0xc2,0x88,0x41,0x02,0x80,0x20,0x18,0x18,0x63,0xd1,0x12,0x29,0x31,0x13,
    0x20,0xf1,0x0b,0x23,0x06,0x09,0x00,0x82,0x60,0x60,0x90,0x85,0x4b,0xa8,0x04,0x4d,0xfc,0x03,0x38,0x8c,0x18,0x24,0x00,0x08,
    0x82,0x81,0x51,0x16,0x2f,0xb1,0x12,0x35,0x11,0x12,0xe1,0x30,0x62,0x90,0x00,0x20,0x08,0x06,0x86,0x59,0xc0,0x04,0x4b,0xd8,
    0x44,0x49,0x88,0xc3,0x88,0x41,0x02,0x80,0x20,0x18,0x18,0x67,0x11,0x13,0x2e,0x71,0x13,0x24,0x31,0x0e,0x23,0x06,0x09,0x00,
    0x82,0x60,0x60,0xa0,0x85,0x4c,0xbc,0x04,0x4e,0x8c,0x04,0x39,0x8c,0x18,0x24,0x00,0x08,0x82,0x81,0x91,0x16,0x33,0x01,0x13,
    0x39,0x51,0x12,0xe5,0x30,0x62,0x90,0x00,0x20,0x08,0x06,0x86,0x5a,0xd0,0x44,0x4c,0xe8,0x44,0x4a,0x98,0xc3,0x88,0x41,0x02,
    0x80,0x20,0x18,0x18,0x6b,0x51,0x13,0x37,0xb1,0x13,0x28,0x71,0x0e,0x23,0x06,0x09,0x00,0x82,0x60,0x60,0xb0,0x85,0x4d,0xe0,
    0x04,0x4f,0x9c,0x04,0x3a,0x8c,0x18,0x24,0x00,0x08,0x82,0x81,0xd1,0x16,0x37,0x91,0x13,0x3d,0x91,0x12,0xe9,0x30,0x62,0x90,
    0x00,0x20,0x08,0x06,0x86,0x5b,0xe0,0x84,0x4e,0xf8,0x44,0x4b,0xa8,0xc3,0x88,0x41,0x02,0x80,0x20,0x18,0x18,0x6f,0x91,0x13,
    0x3e,0xf1,0x13,0x2c,0xb1,0x0e,0x23,0x06,0x09,0x00,0x82,0x60,0x60,0xc0,0x85,0x4e,0xfc,0x04,0x58,0xac,0x04,0x3b,0x8c,0x18,
    0x24,0x00,0x08,0x82,0x81,0x11,0x17,0x3b,0x01,0x16,0x61,0xd1,0x12,0xed,0x30,0x62,0x90,0x00,0x20,0x08,0x06,0x86,0x5c,0xf0,
    0x44,0x58,0x88,0x45,0x4c,0xb8,0xc3,0x88,0x41,0x02,0x80,0x20,0x18,0x18,0x73,0xd1,0x13,0x3b,0x31,0x16,0x30,0xf1,0x0e,0x23,
    0x06,0x09,0x00,0x82,0x60,0x60,0xd0,0x85,0x4f,0xf0,0x04,0x59,0xbc,0x04,0x3c,0x8c,0x18,0x24,0x00,0x08,0x82,0x81,0x51,0x17,
    0x3f,0xd1,0x13,0x65,0x11,0x13,0xf1,0x30,0x62,0x90,0x00,0x20,0x08,0x06,0x86,0x5d,0x80,0x85,0x4f,0x98,0x45,0x4d,0xc8,0xc3,
    0x88,0x41,0x02,0x80,0x20,0x18,0x18,0x77,0x11,0x16,0x65,0x71,0x16,0x34,0x31,0x0f,0x23,0x06,0x09,0x00,0x82,0x60,0x60,0xe0,
    0x85,0x58,0x98,0x05,0x5a,0xcc,0x04,0x3d,0x8c,0x18,0x24,0x00,0x08,0x82,0x81,0x91,0x17,0x63,0x71,0x16,0x69,0x51,0x13,0xf5,
    0x30,0x62,0x90,0x00,0x20,0x08,0x06,0x86,0x5e,0x90,0x05,0x5a,0xa8,0x45,0x4e,0xd8,0xc3,0x88,0x41,0x02,0x80,0x20,0x18,0x18,
    0x7b,0x51,0x16,0x64,0xb1,0x16,0x38,0x71,0x0f,0x23,0x06,0x09,0x00,0x82,0x60,0x60,0xf0,0x85,0x59,0x94,0x05,0x5b,0xdc,0x04,
    0x3e,0x8c,0x18,0x24,0x00,0x08,0x82,0x81,0xd1,0x17,0x67,0x61,0x16,0x6d,0x91,0x13,0xf9,0x30,0x62,0x90,0x00,0x20,0x08,0x06,
    0x86,0x5f,0xa0,0xc5,0x59,0xb8,0x45,0x4f,0xe8,0xc3,0x88,0x41,0x02,0x80,0x20,0x18,0x18,0x7f,0x91,0x16,0x69,0xf1,0x16,0x3c,
    0xb1,0x0f,0x23,0x06,0x09,0x00,0x82,0x60,0x60,0x80,0x86,0x5a,0xa8,0x05,0x5c,0xec,0x04,0x3f,0x8c,0x18,0x24,0x00,0x08,0x82,
    0x81,0x11,0x1a,0x6b,0xb1,0x16,0x71,0xd1,0x13,0xfd,0x30,0x62,0x90,0x00,0x20,0x08,0x06,0x86,0x68,0xb0,0x05,0x5b,0xc8,0x45,
    0x58,0xf8,0xc3,0x88,0x41,0x02,0x80,0x20,0x18,0x18,0xa3,0xd1,0x16,0x6e,0x31,0x17,0x60,0xf1,0x0f,0x23,0x06,0x09,0x00,0x82,
    0x60,0x60,0x90,0x86,0x5b,0xbc,0x05,0x5d,0xfc,0x04,0x48,0x8c,0x18,0x24,0x00,0x08,0x82,0x81,0x51,0x1a,0x6f,0x01,0x17,0x75,
    0x11,0x16,0x21,0x31,0x62,0x90,0x00,0x20,0x08,0x06,0x86,0x69,0xc0,0x45,0x5c,0xd8,0x45,0x59,0x88,0xc4,0x88,0x41,0x02,0x80,
    0x20,0x18,0x18,0xa7,0x11,0x17,0x74,0x71,0x17,0x64,0x31,0x12,0x23,0x06,0x09,0x00,0x82,0x60,0x60,0xa0,0x86,0x5c,0xd4,0x05,
    0x5e,0x8c,0x05,0x49,0x8c,0x18,0x24,0x00,0x08,0x82,0x81,0x91,0x1a,0x73,0x61,0x17,0x79,0x51,0x16,0x25,0x31,0x62,0x90,0x00,
    0x20,0x08,0x06,0x86,0x6a,0xd0,0xc5,0x5d,0xe8,0x45,0x5a,0x98,0xc4,0x88,0x41,0x02,0x80,0x20,0x18,0x18,0xab,0x51,0x17,0x7c,
    0xb1,0x17,0x68,0x71,0x12,0x23,0x06,0x09,0x00,0x82,0x60,0x60,0xb0,0x86,0x5d,0xf4,0x05,0x5f,0x9c,0x05,0x4a,0x8c,0x18,0x24,
    0x00,0x08,0x82,0x81,0xd1,0x1a,0x77,0xe1,0x17,0x7d,0x91,0x16,0x29,0x31,0x62,0x90,0x00,0x20,0x08,0x06,0x86,0x6b,0xe0,0xc5,
    0x5f,0xf8,0x45,0x5b,0xa8,0xc4,0x88,0xc1,0x01,0x80,0x20,0x18,0x90,0x81,0x68,0xa0,0x04,0x1d,0xd8,0xc4,0x68,0x42,0x00,0x8c,
    0x26,0x08,0xc1,0x09,0x04,0xaa,0x60,0x2f,0xb4,0x84,0xd1,0xd0,0xe1,0x86,0xa0,0x34,0xc0,0xa0,0x08,0xd0,0xc0,0x0a,0xf2,0x42,
    0xcb,0xd0,0x07,0x1d,0x6e,0x08,0x52,0x03,0x0c,0x0a,0x01,0x0d,0xac,0xc0,0x34,0xb4,0x14,0xb2,0xd0,0xe1,0x86,0xa0,0x35,0xc2,
    0xa0,0x98,0xb3,0xd0,0xe1,0x86,0xe0,0x35,0xc0,0xe0,0x1e,0x02,0x4d,0x37,0x78,0x16,0x31,0xdd,0xe0,0x59,0xc5,0x74,0x83,0x67,
    0x19,0xd3,0x0d,0x9e,0x75,0x4c,0x37,0x98,0x81,0x87,0x4c,0x37,0x98,0x81,0x97,0x4c,0x37,0x98,0x81,0xa7,0x4c,0x37,0x98,0x81,
    0xb7,0xcc,0x12,0x04,0x03,0x15,0x03,0x04,0xa4,0x7f,0xe2,0x57,0x03,0x15,0x03,0x04,0xa4,0x7f,0xe2,0x57,0x03,0x15,0x03,0x04,
    0xa4,0x7f,0xe2,0x57,0x03,0x15,0x03,0x04,0xa4,0x7f,0xe2,0x57,0x03,0x15,0x83,0x79,0x00,0xe9,0x9f,0xf8,0xd5,0x40,0xc5,0x80,
    0x1e,0x40,0xfa,0x27,0x7e,0x35,0x50,0x31,0xa8,0x07,0x90,0xfe,0x89,0x5f,0x0d,0x54,0x0c,0xec,0x01,0xa4,0x7f,0xe2,0x57,0x03,
    0x15,0x83,0x7b,0x00,0xa1,0x8b,0xf8,0xd5,0x40,0xc5,0x00,0x1f,0x40,0xe8,0x22,0x7e,0x35,0x50,0x31,0xc8,0x07,0x10,0xba,0x88,
    0x5f,0x0d,0x54,0x10,0xa8,0x03,0x94,0x7f,0xe2,0x57,0x03,0x15,0x84,0xea,0x00,0x63,0xe0,0x57,0x03,0x15,0x04,0xeb,0x00,0xa1,
    0xe0,0x57,0x03,0x15,0x84,0xeb,0x00,0xe1,0x9f,0xf8,0xd5,0x70,0x43,0x50,0x06,0x66,0x30,0xcb,0xf0,0x57,0x42,0x50,0x82,0x79,
    0x90,0x05,0xa4,0x01,0x82,0x11,0x83,0x03,0x00,0x41,0x30,0x20,0x03,0xf7,0xa0,0x0b,0x70,0x08,0x46,0x13,0x02,0x60,0x34,0x41,
    0x08,0x46,0x13,0x06,0x61,0x34,0x81,0x18,0x2a,0x89,0x0f,0x1d,0x6e,0x08,0xe2,0x23,0x0c,0xa6,0x1b,0x08,0x23,0xb8,0x80,0x40,
    0xd3,0x0d,0xc5,0x31,0x5c,0x40,0xa0,0x1a,0xd6,0x42,0x8b,0x48,0x0f,0xac,0x00,0x3e,0xd4,0x04,0xfd,0xb8,0x41,0x1d,0xf3,0x81,
    0x15,0xcc,0x87,0x9a,0xd0,0x1f,0x37,0x28,0x85,0x3e,0xb0,0x02,0xfb,0x50,0x13,0x40,0xe4,0x06,0xd5,0xec,0x86,0x0e,0x37,0x04,
    0x21,0x12,0x06,0xf5,0x88,0x06,0x56,0xe0,0x1f,0x5a,0x11,0x78,0xe8,0x70,0x43,0x50,0x22,0x61,0x50,0xd1,0x5e,0x68,0x49,0xf9,
    0x81,0x15,0x80,0x88,0x16,0x25,0x22,0x58,0x81,0x88,0xa8,0x09,0x2c,0x72,0x83,0xba,0x46,0x04,0x2b,0x28,0x11,0x35,0xe1,0x45,
    0x6e,0x50,0x1a,0x7b,0xa8,0xa5,0xc1,0x8a,0xc8,0xa0,0x42,0x21,0xc8,0x0a,0x54,0x44,0x8b,0x0d,0x68,0xe4,0x2a,0xa8,0x91,0xb5,
    0x60,0x3c,0x60,0x30,0x62,0x70,0x00,0x20,0x08,0x06,0x64,0x90,0x23,0xbf,0xb1,0x12,0xc1,0x68,0x42,0x00,0x8c,0x26,0x08,0xc1,
    0x68,0xc2,0x20,0x8c,0x26,0x10,0x83,0x21,0xe9,0x01,0x83,0x11,0x83,0x03,0x00,0x41,0x30,0x20,0x83,0x1f,0x29,0x8f,0x98,0x08,
    0x46,0x13,0x82,0x60,0x34,0x41,0x10,0x46,0x13,0x86,0xe1,0x06,0x02,0x55,0x30,0x1b,0x5b,0x02,0x88,0xe8,0x74,0x83,0x10,0x78,
    0x15,0x80,0x09,0x56,0xd0,0x23,0x3a,0x1c,0x81,0x80,0x86,0xf0,0x19,0x12,0x1a,0xf0,0xb9,0x80,0x40,0xc3,0x0d,0x73,0xa0,0x26,
    0x60,0x30,0xcb,0xf0,0x57,0x43,0x30,0xdc,0x30,0x0a,0x6b,0x02,0x06,0xb3,0x0c,0x0a,0x11,0x0c,0x37,0x90,0x02,0x9a,0x80,0xc1,
    0x2c,0x83,0x52,0x04,0xc3,0x0d,0xa5,0x70,0x26,0x60,0x30,0xcb,0xa0,0x18,0xc1,0x70,0x83,0x29,0x9c,0x09,0x18,0xcc,0x32,0x28,
    0x47,0x30,0xdc,0x70,0x0a,0x67,0x02,0x06,0xb3,0x0c,0x0a,0x12,0x0c,0x37,0xa0,0x42,0x9b,0x80,0xc1,0x2c,0x83,0x92,0x04,0xc3,
    0x0d,0xa9,0x80,0x26,0x60,0x30,0xdd,0x20,0x16,0x26,0x11,0x4c,0x37,0x88,0x85,0x49,0x08,0xd3,0x0d,0x62,0x61,0x12,0xc3,0x74,
    0x83,0x58,0x98,0x04,0x31,0x4b,0xa0,0x0c,0xf4,0x0c,0x3c,0x32,0x90,0x09,0xc1,0x26,0x05,0x9d,0x18,0x7c,0x72,0x90,0x0a,0x82,
    0x24,0x03,0x3d,0x03,0x8f,0x0c,0x64,0x42,0xb0,0x49,0x41,0x27,0x06,0x9f,0x1c,0xa4,0x82,0x20,0xc9,0x40,0xcf,0xc0,0x23,0x03,
    0x99,0x10,0x6c,0x52,0xd0,0x89,0xc1,0x27,0x07,0xa9,0x20,0x48,0x32,0xd0,0x33,0xf0,0xc8,0x40,0x26,0x04,0x9b,0x14,0x74,0x62,
    0xf0,0xc9,0x41,0x2a,0x08,0x92,0x8c,0x18,0x1c,0x00,0x08,0x82,0x01,0x19,0xf0,0x89,0x88,0xb8,0xc5,0x9c,0x8c,0x26,0x04,0xc2,
    0x70,0x44,0x50,0x1b,0xc2,0x37,0xcb,0xb0,0x30,0xc1,0x88,0x81,0x01,0x80,0x20,0x18,0x34,0xa9,0xa2,0x27,0x70,0x31,0x1c,0x11,
    0xe0,0x06,0xf1,0x0d,0x47,0xc8,0x05,0x6d,0x10,0xdf,0x74,0xc3,0x78,0xe8,0x46,0x30,0xdd,0x10,0xd0,0xc5,0x30,0xdc,0xa0,0x0b,
    0x79,0x02,0x06,0xd6,0x08,0xf4,0xb1,0x66,0xa0,0x8f,0x31,0x04,0x7d,0xcc,0x29,0xe8,0x33,0xdd,0xf0,0x04,0xc5,0x2c,0x01,0x33,
    0x50,0x31,0x90,0x81,0xa2,0x2c,0x03,0x15,0x03,0x19,0x28,0xca,0x32,0x50,0x31,0x90,0x81,0x62,0x2c,0x03,0x15,0x03,0x19,0x28,
    0xcc,0x52,0x68,0xd0,0x1f,0x3a,0xdc,0x10,0xb0,0x0a,0x18,0xcc,0x32,0x38,0x4d,0x30,0x62,0x60,0x00,0x20,0x08,0x06,0x8d,0xae,
    0xac,0xca,0x30,0x1c,0x11,0xac,0x07,0xf1,0x0d,0x47,0x14,0xe5,0x41,0x7c,0xd3,0x0d,0xef,0xd1,0x1e,0xc1,0x74,0x43,0x70,0x0c,
    0xb6,0x04,0xf4,0xb1,0x45,0xa0,0x8f,0x2d,0x03,0x7d,0x66,0x09,0x9c,0x81,0x8a,0xc1,0x68,0x38,0x66,0xa0,0x62,0x30,0x1a,0x8e,
    0x19,0xa8,0x18,0x8c,0x86,0x63,0x86,0x1b,0xe2,0x01,0x57,0xc2,0xa0,0xe8,0x41,0x45,0x74,0xb8,0x21,0x28,0x13,0x30,0xa8,0x60,
    0xd0,0x59,0x86,0x47,0x0a,0x86,0x1b,0xf0,0x81,0x57,0xc0,0x60,0x96,0x21,0x82,0x02,0xe3,0x87,0xfe,0x90,0x8f,0x05,0xff,0x01,
    0x1f,0xeb,0x87,0xff,0x90,0x8f,0x05,0x21,0x02,0x9f,0x11,0x83,0x03,0x00,0x41,0x30,0x88,0xd8,0x25,0x4e,0x86,0x11,0x19,0x31,
    0x38,0x00,0x10,0x04,0x83,0xa8,0x5d,0xe4,0x44,0x20,0x91,0x11,0x83,0x03,0x00,0x41,0x30,0x88,0xdc,0x25,0x4e,0x04,0xfd,0x18,
    0x31,0x38,0x00,0x10,0x04,0x83,0xe8,0x5d,0xe4,0x44,0xd8,0x8f,0x59,0x82,0x68,0xa0,0x62,0x20,0x20,0x14,0x79,0x06,0x2a,0x06,
    0x02,0x42,0x91,0xc7,0x68,0xe1,0x46,0x60,0x30,0x62,0x70,0x00,0x20,0x08,0x06,0x64,0xb0,0x2e,0x71,0xd2,0x1b,0xc1,0x68,0x42,
    0x00,0x8c,0x26,0x08,0xc1,0x88,0x41,0x02,0x80,0x20,0x18,0x3c,0xf7,0x52,0x23,0x42,0x60,0x14,0x16,0x5c,0xf0,0x19,0x4d,0x28,
    0x84,0xd1,0x04,0x63,0x18,0x31,0x48,0x00,0x10,0x04,0x83,0x67,0x5f,0x72,0x44,0x08,0x94,0xc4,0x02,0x0d,0x3e,0xb3,0x04,0xd2,
    0x40,0xc5,0xa0,0x44,0x78,0xe0,0x0c,0x54,0x0c,0x44,0x84,0x07,0xce,0x2c,0xc3,0xf4,0x3f,0xad,0x60,0xbf,0x20,0x26,0x30,0x18,
    0x31,0x38,0x00,0x10,0x04,0x03,0x32,0xb8,0x97,0x3e,0x49,0x8f,0x60,0x34,0x21,0x10,0x46,0x13,0x84,0xe1,0x02,0x02,0x55,0xd0,
    0x26,0x7a,0xc1,0xc0,0x6a,0x98,0x17,0xac,0x00,0x4e,0xf4,0x82,0x81,0x8d,0x18,0x18,0x00,0x08,0x82,0x41,0xa3,0x32,0x78,0xc2,
    0x8c,0x18,0x18,0x00,0x08,0x82,0x41,0xb3,0x32,0x79,0xc2,0x8c,0x18,0x18,0x00,0x08,0x82,0x41,0xc3,0x32,0x79,0xe2,0x8c,0x18,
    0x18,0x00,0x08,0x82,0x41,0xd3,0x32,0x7a,0xe2,0x8c,0x18,0x18,0x00,0x08,0x82,0x41,0xe3,0x32,0x7c,0xa2,0x06,0x23,0x06,0x06,
    0x00,0x82,0x60,0xd0,0xbc,0x0c,0x9f,0xac,0xc1,0x70,0x03,0x48,0x90,0x0c,0x18,0x0c,0x37,0xfc,0x02,0xc9,0x80,0x41,0x09,0xc1,
    0xce,0x32,0x68,0x54,0x50,0xe2,0x70,0x32,0x3a,0xdc,0x10,0x9c,0x0c,0x18,0xcc,0x32,0x58,0x55,0x30,0x62,0x60,0x00,0x20,0x08,
    0x06,0x4d,0xcd,0x98,0xcc,0x35,0x62,0x70,0x00,0x20,0x08,0x06,0x11,0xcd,0xe4,0x4a,0xf0,0x23,0x23,0x06,0x07,0x00,0x82,0x60,
    0x10,0xd5,0x0c,0xae,0x04,0x61,0x32,0x4b,0x60,0x0d,0x54,0x0c,0x42,0x45,0x07,0x54,0xa1,0x43,0xca,0xe8,0x70,0x43,0xd0,0x32,
    0x60,0x30,0xcb,0x80,0x5d,0xc1,0x88,0x81,0x01,0x80,0x20,0x18,0x34,0x3b,0xc3,0x32,0xdc,0x88,0xc1,0x01,0x80,0x20,0x18,0x44,
    0x3a,0xf3,0x2b,0x41,0x99,0x8c,0x18,0x1c,0x00,0x08,0x82,0x41,0xb4,0x33,0xbe,0x12,0x9c,0xc9,0x2c,0x01,0x36,0x50,0x31,0x08,
    0x97,0x1f,0x58,0xc3,0x0d,0x2f,0xd1,0x32,0x60,0x50,0xef,0xd0,0x32,0x3a,0xdc,0x10,0xd0,0x4c,0x18,0xd4,0x10,0xe8,0x2c,0x43,
    0xa6,0x05,0x23,0x06,0x06,0x00,0x82,0x60,0xd0,0x8c,0x0d,0xcd,0xfc,0xc1,0x88,0xc1,0x01,0x80,0x20,0x18,0x44,0x62,0x73,0x2e,
    0x41,0x9b,0x8c,0x18,0x1c,0x00,0x08,0x82,0x41,0x34,0x36,0xe6,0x12,0xbc,0xc9,0x2c,0x81,0x36,0xd0,0x31,0xc0,0xc2,0xc4,0x65,
    0x1c,0x36,0xd0,0x31,0xc0,0xc2,0x24,0x65,0x12,0x36,0xd0,0x31,0xa0,0xc4,0x64,0x64,0x28,0x81,0xcd,0x32,0x6c,0x6a,0x90,0x0d,
    0x37,0xa8,0x04,0xcf,0x80,0xc1,0x2c,0x03,0xd7,0x05,0x23,0x06,0x10,0x00,0x82,0x60,0x60,0x9d,0x0d,0xaf,0x9c,0xc9,0x8d,0x10,
    0x83,0x50,0x27,0xe9,0x92,0x2e,0xe9,0x82,0x06,0x75,0x32,0x9a,0x10,0x00,0xa3,0x09,0x42,0x30,0x9a,0x30,0x08,0xa3,0x09,0xc4,
    0x30,0x4b,0xf0,0x3f,0xc3,0x0d,0x30,0x31,0x36,0x60,0x30,0xcb,0xe0,0x7d,0xc1,0x88,0x01,0x04,0x80,0x20,0x18,0x58,0x6d,0x23,
    0x2e,0x6e,0xe2,0x23,0x4a,0x82,0xec,0xc9,0xbb,0xbc,0xcb,0xbb,0xb8,0xc1,0x9e,0x8c,0x26,0x04,0xc0,0x68,0x82,0x10,0x8c,0x26,
    0x0c,0xc2,0x68,0x02,0x31,0xcc,0x12,0xfc,0xcf,0x70,0x83,0x4d,0x94,0x0d,0x18,0xcc,0x32,0x80,0x41,0x18,0x04,0x23,0x06,0x10,
    0x00,0x82,0x60,0x60,0xcd,0x0d,0xba,0xd4,0x49,0x99,0x40,0x8f,0x13,0x2a,0xf5,0x52,0x2f,0xf5,0x42,0x07,0xa1,0x32,0x9a,0x10,
    0x00,0xa3,0x09,0x42,0x30,0x9a,0x30,0x08,0xa3,0x09,0xc4,0x30,0x4b,0xf0,0x3f,0xc3,0x0d,0x3c,0x91,0x36,0x60,0x30,0xcb,0x20,
    0x06,0x63,0x10,0x8c,0x18,0x40,0x00,0x08,0x82,0x81,0x95,0x37,0xee,0xc2,0x27,0x6c,0x62,0x55,0xd4,0xa9,0xec,0xcb,0xbe,0xec,
    0x8b,0x1e,0x9c,0xca,0x68,0x42,0x00,0x8c,0x26,0x08,0xc1,0x68,0xc2,0x20,0x8c,0x26,0x10,0xc3,0x2c,0xc1,0xff,0x0c,0x37,0x88,
    0x85,0xdb,0x80,0xc1,0x2c,0x03,0x19,0x94,0x41,0x30,0x62,0x00,0x01,0x20,0x08,0x06,0xd6,0xdf,0xd0,0xcb,0xa8,0xcc,0x09,0xb7,
    0x69,0xad,0x12,0x32,0x21,0x13,0x32,0xa0,0xd0,0x2a,0xa3,0x09,0x01,0x30,0x9a,0x20,0x04,0xa3,0x09,0x83,0x30,0x9a,0x40,0x0c,
    0xb3,0x04,0xff,0x33,0xdc,0x80,0x16,0x73,0x03,0x06,0xb3,0x0c,0x66,0x70,0x06,0xc1,0x88,0x01,0x04,0x80,0x20,0x18,0x58,0xa5,
    0xa3,0x2f,0xaa,0xa2,0x27,0x62,0x10,0x06,0x60,0x30,0x2b,0x27,0x73,0x32,0x27,0x63,0x0a,0xb3,0x32,0x9a,0x10,0x00,0xa3,0x09,
    0x42,0x30,0x9a,0x30,0x08,0xa3,0x09,0xc4,0x30,0x4b,0xf0,0x3f,0xc3,0x0d,0x6e,0xe1,0x37,0x60,0x30,0xcb,0x80,0x06,0x69,0x10,
    0x8c,0x18,0x40,0x00,0x08,0x82,0x81,0xb5,0x3a,0x20,0x13,0x2b,0xa1,0x82,0x06,0x67,0x60,0x06,0xb9,0xd2,0x32,0x2d,0xd3,0x32,
    0xac,0x90,0x2b,0xa3,0x09,0x01,0x30,0x9a,0x20,0x04,0xa3,0x09,0x83,0x30,0x9a,0x40,0x0c,0xb3,0x04,0xff,0x33,0x62,0x00,0x01,
    0x20,0x08,0x06,0x16,0xec,0x94,0xcc,0xad,0x9c,0x4a,0x1b,0xb0,0xc1,0x1a,0xf8,0x8a,0xcc,0xc8,0x8c,0xcc,0xc4,0x82,0xaf,0x8c,
    0x26,0x04,0xc0,0x68,0x82,0x10,0x8c,0x26,0x0c,0xc2,0x68,0x02,0x31,0xcc,0x12,0xfc,0xcf,0x70,0x03,0x6a,0x98,0x0e,0x18,0xcc,
    0x32,0xac,0x81,0x89,0x04,0xc3,0x0d,0x7a,0xc1,0x3a,0x60,0x30,0x1c,0x11,0x0b,0xe4,0x22,0x7c,0xb3,0x0c,0x6c,0x20,0x0e,0xc2,
    0x2c,0x43,0x1b,0x84,0x43,0x30,0x62,0x70,0x00,0x20,0x08,0x06,0x1d,0xed,0xd8,0x0c,0xb8,0xb8,0xce,0x68,0x42,0x00,0x8c,0x26,
    0x08,0xc1,0x68,0xc2,0x20,0xdc,0x30,0xa8,0x1b,0x06,0x75,0xc3,0xa0,0x6c,0xb0,0x05,0xf9,0xd8,0x60,0x0b,0xf2,0xb1,0xa1,0x16,
    0xe4,0x63,0xc3,0x20,0x1f,0x1b,0x06,0xf9,0x98,0x10,0xc0,0xc7,0x08,0x42,0x3e,0x26,0x04,0xf0,0x19,0x31,0x30,0x00,0x10,0x04,
    0x83,0x46,0x7d,0xc4,0x26,0x30,0x26,0x1c,0xe4,0x63,0x4c,0x38,0xc8,0xc7,0x98,0x5f,0x90,0x8f,0x0d,0x83,0x7c,0x6c,0x18,0xe4,
    0x63,0x42,0x00,0x1f,0x23,0x08,0xf9,0x98,0x10,0xc0,0x67,0xc4,0xc0,0x00,0x40,0x10,0x0c,0x9a,0xf9,0x59,0x9b,0x60,0xc4,0xe0,
    0x00,0x40,0x10,0x0c,0x22,0xf9,0xb9,0x9b,0x40,0x19,0x31,0x38,0x00,0x10,0x04,0x83,0x68,0x7e,0xec,0x46,0x58,0x86,0x23,0x04,
    0x90,0x51,0xbe,0x59,0x06,0x37,0x78,0x83,0x60,0xc4,0xe0,0x00,0x40,0x10,0x0c,0xa2,0xfa,0xd1,0x1b,0xe1,0x64,0x8c,0x08,0xe8,
    0x33,0x62,0x60,0x00,0x20,0x08,0x06,0x4d,0xfe,0xa8,0x4d,0x30,0x62,0x70,0x00,0x20,0x08,0x06,0x11,0xfe,0xf4,0x0d,0xc9,0x04,
    0x23,0x06,0x07,0x00,0x82,0x60,0x10,0xe5,0x0f,0xdf,0xc8,0x43,0x30,0x4b,0xf0,0x06,0x03,0x15,0x83,0xe0,0x06,0x2c,0xd6,0x06,
    0x96,0x04,0xf4,0x19,0x31,0x38,0x00,0x10,0x04,0x83,0x88,0x7f,0x42,0x27,0x48,0x46,0x0c,0x0e,0x00,0x04,0xc1,0x20,0xea,0x1f,
    0xd1,0x09,0x5a,0x66,0xc4,0xc0,0x00,0x40,0x10,0x0c,0x1a,0x10,0xba,0x9b,0xc0,0x82,0x7f,0x80,0xcf,0x88,0xc1,0x01,0x80,0x20,
    0x18,0x44,0x20,0x54,0x3a,0x01,0x3f,0x0c,0x47,0x40,0xd9,0xf0,0x4d,0x37,0xe8,0x03,0x3e,0x04,0xd3,0x0d,0xfa,0x80,0x0f,0xc2,
    0x74,0x03,0x3e,0xdc,0xc3,0x30,0x62,0x70,0x00,0x20,0x08,0x06,0x64,0xd0,0x3f,0xa3,0xf3,0x2e,0x63,0x33,0x9a,0x10,0x00,0x17,
    0x10,0xa6,0x82,0xf7,0xd1,0xe1,0x86,0x00,0x7f,0xc0,0xa0,0x86,0xbb,0xd1,0xe1,0x86,0xa0,0x6f,0xc0,0xa0,0x86,0x60,0x67,0x19,
    0xe2,0x00,0x0e,0x82,0x32,0x4a,0x47,0x87,0x1b,0x82,0xd2,0x01,0x83,0x59,0x82,0x38,0x18,0xa8,0x50,0x54,0xef,0x0d,0x04,0x38,
    0x38,0x8b,0x40,0xc3,0x0d,0x81,0x09,0x99,0xc1,0x2c,0x83,0x1c,0x80,0x43,0x30,0x4b,0x30,0x07,0x03,0x15,0x43,0x5c,0xf9,0x82,
    0x9e,0xc9,0xc1,0x40,0xc5,0x10,0x57,0xbe,0xc0,0x67,0x72,0x30,0x50,0x31,0xc4,0x95,0x2f,0xf8,0x99,0x1c,0x0c,0x54,0x0c,0x71,
    0xe5,0x0b,0xa0,0x26,0x07,0x03,0x15,0x44,0x5c,0xf9,0x82,0x0d,0x06,0x72,0x70,0xc1,0xc0,0x2c,0x38,0x1b,0xf8,0x58,0xf0,0xd1,
    0xc7,0x02,0xb4,0x81,0x8f,0x05,0x99,0x7c,0x4c,0xc8,0xe4,0x63,0x43,0x26,0x1f,0x1b,0xf4,0x01,0x3e,0x36,0xe8,0x03,0x7c,0x6c,
    0xd0,0x07,0xf8,0xcc,0x32,0xd0,0x41,0x2f,0x48,0x23,0x06,0x07,0x00,0x82,0x60,0xd0,0xf1,0x90,0xef,0xa0,0x8d,0x0d,0x8d,0x26,
    0x04,0xc3,0x88,0xc1,0x01,0x80,0x20,0x18,0x90,0xc1,0x0e,0x85,0x4f,0xcb,0x84,0xce,0x68,0x42,0x30,0x5c,0x40,0x98,0xe1,0x86,
    0x60,0x87,0xc0,0x60,0x96,0xc1,0x0e,0xea,0x20,0xa8,0x22,0x7d,0xe0,0x82,0x41,0x8d,0x18,0x1c,0x00,0x08,0x82,0x41,0x94,0x46,
    0xee,0x93,0x06,0x74,0x33,0x62,0x70,0x00,0x20,0x08,0x06,0x91,0x1a,0xb5,0x4f,0x20,0xcc,0x12,0xd8,0xc1,0x40,0xc5,0x20,0xd4,
    0x01,0xbb,0xd1,0xc1,0x70,0x44,0x70,0x37,0xc2,0x37,0x9a,0xa0,0x04,0xa3,0x09,0x8b,0x30,0xdd,0x20,0x04,0xc3,0x70,0x44,0xc0,
    0x37,0xce,0x37,0xdc,0xc0,0x8c,0x51,0x18,0x0c,0x37,0x34,0x3f,0x14,0x06,0x25,0x04,0x3a,0xcb,0x70,0x07,0xa4,0x10,0x58,0x32,
    0x3a,0xf0,0x19,0x31,0x30,0x00,0x10,0x04,0x83,0xe6,0x8e,0xf2,0x27,0xb8,0x80,0x30,0x23,0x06,0x07,0x00,0x82,0x60,0xd0,0xc9,
    0x11,0xfd,0xf8,0x4d,0x30,0x9a,0x10,0x00,0xa3,0x09,0x42,0x30,0x9a,0x30,0x08,0xb3,0x0c,0x78,0xb0,0x07,0x72,0x30,0xcb,0xa0,
    0x07,0x79,0xb0,0x0c,0x47,0x74,0xa6,0x33,0x7c,0xc3,0x11,0x1e,0xea,0x10,0x5f,0x09,0x81,0x4e,0x37,0xa8,0x4e,0xea,0x04,0xb3,
    0x04,0x7b,0x70,0xc7,0xa0,0x2c,0x10,0x03,0xf9,0x58,0xf0,0x3a,0xf0,0x19,0x31,0x30,0x00,0x10,0x04,0x83,0x86,0x94,0x4c,0x28,
    0xb8,0x80,0x40,0x23,0x06,0x06,0x00,0x82,0x60,0xd0,0x98,0x12,0x09,0x0d,0xc3,0x0d,0xc2,0x09,0x99,0xc1,0x70,0xc3,0xe0,0xa0,
    0x41,0x09,0x81,0x1a,0xed,0x10,0xf1,0x99,0x6e,0x08,0x68,0x47,0xb0,0x03,0x94,0x40,0x30,0xdc,0x80,0xa8,0x90,0x19,0x0c,0x37,
    0x08,0x14,0x1a,0x94,0x10,0xe8,0x74,0x83,0x92,0x3b,0x81,0x05,0x06,0x7c,0x66,0x09,0xf6,0x60,0xa0,0x63,0x10,0xf4,0x80,0x0c,
    0xf2,0x00,0xef,0xee,0x60,0x96,0x81,0x0f,0xfe,0xc0,0x14,0x66,0x19,0xfc,0xa0,0x0f,0xc2,0x60,0x38,0x42,0x0e,0x78,0x67,0xf8,
    0x86,0x23,0xe6,0xc0,0x77,0x88,0xaf,0x84,0x40,0xa7,0x1b,0xc0,0xe7,0x77,0x82,0x59,0x82,0x3f,0x38,0x6e,0x50,0x16,0xdc,0x81,
    0x7c,0x2c,0x28,0x1f,0xf8,0x8c,0x18,0x18,0x00,0x08,0x82,0x41,0xa3,0x4b,0x3c,0x14,0x5c,0x40,0xa0,0x11,0x03,0x03,0x00,0x41,
    0x30,0x68,0x78,0x49,0x87,0x86,0xe1,0x06,0xa1,0x87,0xcc,0x60,0xb8,0x61,0x18,0x03,0x34,0x28,0x21,0x50,0x53,0x1f,0x22,0x3e,
    0xd3,0x0d,0x81,0xfa,0x08,0x76,0xd8,0x12,0x08,0x86,0x1b,0x10,0x30,0x32,0x83,0xe1,0x06,0x21,0x0d,0xd0,0xa0,0x84,0x40,0xa7,
    0x1b,0x94,0xf7,0x09,0x2c,0x30,0xe0,0x33,0x4b,0xf0,0x07,0x03,0x1d,0x83,0xe0,0x07,0x64,0xd0,0x07,0xe4,0xb7,0x07,0x16,0x5c,
    0xf2,0xa9,0x70,0x00,0x23,0x1d,0x6e,0x08,0xc0,0x08,0x0c,0x66,0x19,0x40,0x61,0x14,0x82,0x59,0x06,0x51,0x08,0x05,0x3d,0x18,
    0x8e,0x50,0x85,0xfa,0x19,0xbe,0xe1,0x88,0x55,0xb8,0x1f,0xe2,0x2b,0x21,0xd0,0xe9,0x86,0xfc,0xc1,0x9f,0x60,0x96,0x60,0x14,
    0x8e,0x0e,0x06,0x65,0xc1,0x2b,0xc8,0xc7,0x02,0xff,0x81,0xcf,0x88,0x81,0x01,0x80,0x20,0x18,0x34,0xf3,0x54,0x47,0xc1,0x05,
    0x04,0x1a,0x31,0x30,0x00,0x10,0x04,0x83,0xa6,0x9e,0xe6,0x68,0x18,0x6e,0x10,0xec,0xc8,0x0c,0x86,0x1b,0x86,0x3d,0x40,0x83,
    0x12,0x02,0xb5,0x11,0x22,0xe2,0x33,0xdd,0x10,0x8c,0x90,0x60,0xc7,0x3b,0x81,0x60,0xb8,0x01,0xc9,0x23,0x33,0x18,0x6e,0x10,
    0x42,0x01,0x0d,0x4a,0x08,0x74,0xba,0x41,0x41,0xa1,0xc0,0x02,0x03,0x3e,0xb3,0x04,0xa3,0x30,0xd0,0x31,0x08,0xa2,0x40,0x06,
    0xa1,0x60,0x83,0xc1,0x1f,0x58,0x16,0xc8,0xe7,0x56,0x61,0x50,0x23,0x06,0x0f,0x00,0x82,0x60,0x80,0x81,0x94,0x1f,0xa5,0x50,
    0xfe,0x90,0xc3,0x38,0x88,0xc3,0x0b,0xdd,0xd3,0x3d,0xdd,0x53,0x30,0x9a,0x10,0x00,0xa3,0x09,0x42,0x30,0x9a,0x30,0x08,0xa3,
    0x09,0xc4,0x30,0x62,0x70,0x00,0x20,0x08,0x06,0x64,0xf0,0x4f,0xa5,0x14,0x3f,0x64,0x34,0x9a,0x10,0x00,0xa3,0x09,0x42,0x30,
    0x9a,0x30,0x08,0xa3,0x09,0xc4,0x60,0x09,0x11,0x1f,0x4b,0x88,0xf8,0x58,0x42,0xc4,0xc7,0x12,0x22,0x3e,0x46,0x40,0xf2,0x31,
    0x22,0x92,0x8f,0x11,0x92,0x7c,0x8c,0x98,0xe4,0x63,0x04,0x03,0x1f,0x23,0x18,0xf8,0x18,0xc1,0xc0,0xc7,0x08,0x06,0x3e,0xb3,
    0x04,0xbe,0x30,0x62,0x60,0x00,0x20,0x08,0x06,0x8d,0x4e,0xf1,0x52,0x3b,0x5c,0x40,0x98,0xc2,0x07,0x5e,0x82,0x12,0x62,0x0a,
    0x46,0x0c,0x0e,0x00,0x04,0xc1,0xe0,0xb3,0x29,0x59,0x0a,0x84,0x11,0x03,0x03,0x00,0x41,0x30,0x68,0x7e,0xaa,0x97,0xe4,0x61,
    0xc4,0xe0,0x00,0x40,0x10,0x0c,0xba,0x9c,0xda,0xa5,0x32,0x12,0x46,0x13,0x02,0x60,0x34,0x41,0x08,0x46,0x13,0x06,0x61,0x96,
    0xa1,0x14,0x50,0x21,0x27,0x66,0x19,0x4e,0xc1,0x14,0xe4,0x61,0x38,0x82,0x24,0xda,0x68,0xf8,0x86,0x23,0x4a,0xe2,0x8d,0x88,
    0xaf,0x84,0x40,0xa7,0x1b,0xe2,0x08,0x8e,0x82,0x59,0x02,0x54,0xb8,0x63,0x50,0x16,0xa4,0x84,0x7c,0x2c,0xb0,0x23,0xf8,0x8c,
    0x18,0x18,0x00,0x08,0x82,0x41,0xb3,0x56,0xed,0x14,0x5c,0x40,0xa0,0x11,0x03,0x03,0x00,0x41,0x30,0x68,0xda,0x6a,0x9d,0x86,
    0xe1,0x06,0xc1,0x9d,0xcc,0x60,0xb8,0x61,0x70,0xd0,0xa0,0x84,0x40,0x6d,0x8f,0x88,0xf8,0x4c,0x37,0x04,0x7b,0x24,0xd8,0x71,
    0x56,0x20,0x18,0x6e,0x40,0xe2,0xc9,0x0c,0x86,0x1b,0x04,0x0a,0x0d,0x4a,0x08,0x74,0xba,0x41,0x01,0xa5,0xc0,0x02,0x03,0x3e,
    0xb3,0x04,0xa8,0x30,0xd0,0x31,0x08,0xa7,0x40,0x06,0xa6,0x60,0x92,0x01,0x29,0xcc,0x32,0xa4,0x02,0x2b,0xb4,0xc5,0x2c,0xc3,
    0x2a,0xa8,0x02,0x4a,0x0c,0x47,0xe4,0xc4,0x28,0x0d,0xdf,0x70,0x84,0x4e,0x94,0x12,0xf1,0x95,0x10,0xe8,0x74,0xc3,0x29,0x99,
    0x52,0x30,0x4b,0xc0,0x0a,0xc7,0x0d,0xca,0x02,0x9f,0x90,0x8f,0x05,0xac,0x04,0x9f,0x11,0x03,0x03,0x00,0x41,0x30,0x68,0x42,
    0x6b,0xa4,0x82,0x0b,0x08,0x34,0x62,0x60,0x00,0x20,0x08,0x06,0xcd,0x68,0x85,0xd4,0x30,0xdc,0x20,0x90,0x94,0x19,0x0c,0x37,
    0x0c,0x63,0x80,0x06,0x25,0x04,0x6a,0xb1,0x44,0xc4,0x67,0xba,0x21,0x88,0x25,0xc1,0x8e,0xbe,0x02,0xc1,0x70,0x03,0x72,0x52,
    0x66,0x30,0xdc,0x20,0xa4,0x01,0x1a,0x94,0x10,0xe8,0x74,0x83,0x62,0x4b,0x81,0x05,0x06,0x7c,0x66,0x09,0x58,0x61,0xa0,0x63,
    0x10,0x56,0x81,0x0c,0x54,0x41,0x2e,0x03,0x54,0xb0,0xe0,0x92,0x4f,0xa1,0xc6,0x49,0xe9,0x70,0x43,0x70,0x52,0x60,0x30,0xcb,
    0xd0,0x0a,0xb0,0x10,0xcc,0x32,0xbc,0x82,0x2b,0x84,0xc5,0x70,0x44,0x5c,0xf0,0xd2,0xf0,0x0d,0x47,0xc8,0x85,0x2f,0x11,0x5f,
    0x09,0x81,0x4e,0x37,0x80,0xd3,0x2f,0x05,0xb3,0x04,0xb0,0x70,0x74,0x30,0x28,0x0b,0xec,0x42,0x3e,0x16,0x94,0x13,0x7c,0x46,
    0x0c,0x0c,0x00,0x04,0xc1,0xa0,0xd1,0x2d,0x9e,0x0a,0x2e,0x20,0xd0,0x88,0x81,0x01,0x80,0x20,0x18,0x34,0xbc,0xa5,0x53,0xc3,
    0x70,0x83,0xd0,0x53,0x66,0x30,0xdc,0x30,0xec,0x01,0x1a,0x94,0x10,0xa8,0xa9,0x13,0x11,0x9f,0xe9,0x86,0x40,0x9d,0x04,0x3b,
    0x6c,0x0b,0x04,0xc3,0x0d,0x08,0x58,0x99,0xc1,0x70,0x83,0x10,0x0a,0x68,0x50,0x42,0xa0,0xd3,0x0d,0xca,0x3b,0x05,0x16,0x18,
    0xf0,0x99,0x25,0x80,0x85,0x81,0x8e,0x41,0x78,0x05,0x32,0x70,0x05,0xf2,0x0c,0x58,0xc1,0xb2,0x40,0x3e,0xc7,0x0a,0x83,0x1a,
    0x31,0x78,0x00,0x10,0x04,0x03,0xec,0xbc,0xca,0x0a,0x9e,0xc0,0x69,0x35,0x54,0x23,0x35,0xec,0xc9,0xb7,0x7c,0xcb,0xb7,0x82,
    0xd1,0x84,0x00,0x18,0x4d,0x10,0x82,0xd1,0x84,0x41,0x18,0x4d,0x20,0x86,0x11,0x83,0x03,0x00,0x41,0x30,0x20,0x03,0xf3,0x62,
    0x2b,0x5c,0x5a,0xa9,0xd1,0x84,0x00,0x18,0x4d,0x10,0x82,0xd1,0x84,0x41,0x18,0x4d,0x20,0x06,0x4b,0x88,0xf8,0x58,0x42,0xc4,
    0xc7,0x12,0x22,0x3e,0x96,0x10,0xf1,0x31,0x02,0x92,0x8f,0x11,0x91,0x7c,0x8c,0x90,0xe4,0x63,0xc4,0x24,0x9f,0x11,0x83,0x03,
    0x00,0x41,0x30,0xe8,0xec,0x0b,0xaf,0x44,0x4a,0x1c,0x46,0x13,0x02,0x60,0x34,0x41,0x08,0x46,0x13,0x06,0x61,0x96,0x21,0x16,
    0x68,0xc1,0x3e,0x66,0x19,0x66,0x41,0x16,0x5e,0x63,0x38,0x22,0x3c,0x54,0x6a,0xf8,0x86,0x23,0xc4,0x83,0xa5,0x88,0xaf,0x84,
    0x40,0xa7,0x1b,0x5c,0xaa,0xa5,0x82,0x59,0x02,0x5a,0xb8,0x63,0x50,0x16,0x98,0x87,0x7c,0x2c,0x98,0x29,0xf8,0x8c,0x18,0x18,
    0x00,0x08,0x82,0x41,0x83,0x62,0xaa,0x15,0x5c,0x40,0xa0,0x11,0x03,0x03,0x00,0x41,0x30,0x68,0x54,0x0c,0xb5,0x86,0xe1,0x06,
    0x61,0xb5,0xcc,0x60,0xb8,0x61,0x70,0xd0,0xa0,0x84,0x40,0x0d,0xa7,0x88,0xf8,0x4c,0x37,0x04,0x38,0x25,0xd8,0x41,0x62,0x20,
    0x18,0x6e,0x40,0x5c,0xcb,0x0c,0x86,0x1b,0x04,0x0a,0x0d,0x4a,0x08,0x74,0xba,0x41,0xe9,0xa9,0xc0,0x02,0x03,0x3e,0xb3,0x04,
    0xb4,0x30,0xd0,0x31,0x08,0xb3,0x40,0x06,0xb2,0x00,0xaa,0x01,0x2c,0xcc,0x32,0xd4,0x02,0x2e,0xa8,0xc8,0x2c,0xc3,0x2d,0xd8,
    0x42,0x79,0x0c,0x47,0xd8,0x07,0x58,0x0d,0xdf,0x70,0xc4,0x7d,0x88,0x15,0xf1,0x95,0x10,0xe8,0x74,0x03,0x59,0x8d,0x55,0x30,
    0x4b,0x80,0x0b,0xc7,0x0d,0xca,0x82,0xfd,0x90,0x8f,0x05,0x69,0x05,0x9f,0x11,0x03,0x03,0x00,0x41,0x30,0x68,0x7c,0x0c,0xbc,
    0x82,0x0b,0x08,0x34,0x62,0x60,0x00,0x20,0x08,0x06,0x0d,0x98,0xf9,0xd6,0x30,0xdc,0x20,0x84,0x97,0x19,0x0c,0x37,0x0c,0x63,
    0x80,0x06,0x25,0x04,0x6a,0x6e,0x45,0xc4,0x67,0xba,0x21,0x70,0x2b,0xc1,0x0e,0x1d,0x03,0xc1,0x70,0x03,0x42,0x5e,0x66,0x30,
    0xdc,0x20,0xa4,0x01,0x1a,0x94,0x10,0xe8,0x74,0x83,0x32,0x57,0x81,0x05,0x06,0x7c,0x66,0x09,0x70,0x61,0xa0,0x63,0x10,0x6e,
    0x81,0x0c,0x6c,0x81,0x5d,0x03,0x5a,0xb0,0xe0,0x92,0xcf,0x2c,0x43,0x2e,0xf0,0x02,0x2f,0xcc,0x32,0xec,0x82,0x2e,0xf0,0xc7,
    0x70,0x04,0x8b,0xdc,0xd5,0xf0,0x0d,0x47,0xb4,0x48,0x5e,0x11,0x5f,0x09,0x81,0x4e,0x37,0xec,0x95,0x5e,0x05,0xb3,0x04,0xbc,
    0x70,0x72,0x30,0x28,0x0b,0x62,0x44,0x3e,0x16,0x80,0x16,0x7c,0x46,0x0c,0x0c,0x00,0x04,0xc1,0xa0,0xa9,0xb3,0xfb,0x0a,0x2e,
    0x20,0xd0,0x88,0x81,0x01,0x80,0x20,0x18,0x34,0x77,0x56,0x5f,0xc3,0x70,0x83,0x80,0x5f,0x66,0x30,0xdc,0x30,0xe4,0x01,0x1a,
    0x94,0x10,0xa8,0x95,0x16,0x11,0x9f,0xe9,0x86,0xa0,0xb4,0x04,0x3b,0xe2,0x0c,0x04,0xc3,0x0d,0xc8,0x7e,0x99,0xc1,0x70,0x83,
    0xf0,0x07,0x68,0x50,0x42,0xa0,0xd3,0x0d,0x8a,0x6a,0x05,0x16,0x18,0xf0,0x99,0x25,0xe0,0x85,0x81,0x8e,0x41,0xd8,0x05,0x32,
    0xd0,0x05,0x9d,0x0d,0x70,0xc1,0xae,0x40,0x3e,0xa7,0x16,0x83,0x1a,0x31,0x78,0x00,0x10,0x04,0x03,0x4c,0xd4,0x40,0x6c,0xb5,
    0xf6,0xca,0x4c,0xca,0x84,0x4c,0x62,0x2b,0xcf,0xf2,0x2c,0xcf,0x82,0xd1,0x84,0x00,0x18,0x4d,0x10,0x82,0xd1,0x84,0x41,0x18,
    0x4d,0x20,0x06,0x23,0x74,0x21,0x3e,0x46,0xe8,0x42,0x7c,0x8c,0xd0,0x85,0xf8,0x18,0xa1,0x0b,0xf1,0x31,0x62,0x91,0x8f,0x11,
    0x8c,0x7c,0x8c,0x68,0xe4,0x63,0x84,0x23,0x1f,0x23,0xc4,0x01,0x3e,0x46,0x88,0x03,0x7c,0x8c,0x10,0x07,0xf8,0x18,0x21,0x0e,
    0xf0,0x31,0x5f,0x40,0xe2,0x63,0xbe,0x80,0xc4,0xc7,0x7c,0x01,0x89,0x8f,0xf9,0x02,0x12,0x1f,0x23,0xf8,0x42,0x3e,0x46,0xf4,
    0x85,0x7c,0x8c,0xf0,0x0b,0xf9,0x18,0xf1,0x17,0xf2,0x31,0x82,0x81,0x8f,0x11,0x0c,0x7c,0x8c,0x60,0xe0,0x63,0x04,0x03,0x9f,
    0x59,0x02,0x5f,0x18,0x31,0x78,0x00,0x10,0x04,0x03,0xec,0xd7,0x7a,0x0c,0xbd,0x70,0x6b,0x54,0x44,0x25,0x54,0xdc,0xcb,0xd6,
    0x6c,0xcd,0xd6,0xc2,0x65,0x34,0x21,0x00,0x46,0x13,0x84,0x60,0x34,0x61,0x10,0x46,0x13,0x88,0x61,0x96,0xc0,0x17,0x06,0x3a,
    0x06,0xa4,0x17,0xc8,0x66,0x14,0x24,0x5e,0x18,0xe8,0x18,0x90,0x5e,0x20,0x9b,0x51,0x90,0x78,0x61,0xa0,0x63,0x40,0x7a,0x81,
    0x6c,0x46,0x41,0xe2,0x85,0x81,0x8e,0x01,0xe9,0x05,0xb2,0x19,0x05,0x89,0x17,0x8c,0xc0,0x15,0xf8,0x18,0x81,0x2b,0xf0,0x31,
    0x02,0x57,0xe0,0x63,0x04,0xae,0xc0,0xc7,0x70,0x85,0xdc,0x60,0x30,0xdc,0x10,0xfc,0x0a,0x1a,0xcc,0x32,0xcc,0xc1,0x2f,0x04,
    0xb3,0x04,0xe0,0x30,0x50,0x31,0xd8,0x6f,0x10,0x07,0xcc,0x2f,0x0c,0x54,0x0c,0xf8,0x1b,0xc4,0x01,0xf3,0x0b,0x03,0x15,0x83,
    0xfe,0x06,0x71,0xc0,0xfc,0xc2,0x40,0xc5,0xc0,0xbf,0x41,0x1c,0x30,0xbf,0x60,0x84,0xbe,0xd0,0xc7,0x88,0x7d,0xa1,0x8f,0x11,
    0xfc,0x42,0x1f,0x23,0xfa,0x85,0x3e,0xb3,0x04,0xff,0x33,0x62,0x60,0x00,0x20,0x08,0x06,0x8d,0xbe,0xb5,0x19,0xfe,0x58,0xf0,
    0x3e,0xf2,0x31,0xe1,0x7d,0xe4,0x63,0x83,0xfb,0xc8,0xc7,0x08,0xfa,0x91,0x8f,0x15,0xf4,0x23,0x1f,0x33,0xe4,0x47,0x3e,0x23,
    0x06,0x15,0x00,0x82,0x60,0xa0,0xf1,0xdb,0x9a,0x99,0x98,0x7d,0xed,0x8e,0xee,0xe4,0x0e,0x8b,0xd1,0x1b,0xbd,0xd1,0xdb,0x20,
    0x04,0x46,0x41,0xb0,0xd8,0x68,0x42,0x00,0x8c,0x26,0x08,0xc1,0x68,0xc2,0x20,0x8c,0x26,0x10,0xc3,0x2c,0xc1,0xff,0x0c,0x37,
    0x9c,0x93,0xbe,0x81,0xc1,0x2c,0xc3,0x38,0xe4,0x44,0x30,0xcb,0x40,0x0e,0x38,0xd1,0x36,0x23,0x06,0x07,0x00,0x82,0x60,0xd0,
    0x81,0x9c,0xa8,0xb5,0x98,0xbe,0x8d,0x26,0x04,0xc0,0x68,0x82,0x10,0x8c,0x26,0x0c,0xc2,0x0d,0x83,0xba,0x61,0x50,0x37,0x0c,
    0xca,0x06,0x11,0x92,0x8f,0x0d,0x22,0x24,0x1f,0x1b,0x42,0x48,0x3e,0x36,0x0c,0xf2,0xb1,0x61,0x90,0x8f,0x09,0x01,0x7c,0x8c,
    0x20,0xe4,0x63,0x42,0x00,0x9f,0x11,0x03,0x03,0x00,0x41,0x30,0x68,0x6c,0xce,0xd5,0x02,0x63,0x5a,0x48,0x3e,0xc6,0xb4,0x90,
    0x7c,0x8c,0x59,0x21,0xf9,0xd8,0x30,0xc8,0xc7,0x86,0x41,0x3e,0x26,0x04,0xf0,0x31,0x82,0x90,0x8f,0x09,0x01,0x7c,0x46,0x0c,
    0x0c,0x00,0x04,0xc1,0xa0,0xf9,0xb9,0x5b,0x0b,0x46,0x0c,0x0e,0x00,0x04,0xc1,0x20,0xf2,0xb9,0x71,0x0b,0x94,0x11,0x83,0x03,
    0x00,0x41,0x30,0x88,0x7e,0x4e,0xdc,0x84,0x65,0x38,0x42,0x60,0x33,0xe5,0x9b,0x65,0x28,0x07,0x73,0x08,0x46,0x0c,0x0e,0x00,
    0x04,0xc1,0x20,0x0a,0x3b,0x73,0x13,0xe6,0xcc,0x88,0x80,0x3e,0x23,0x06,0x06,0x00,0x82,0x60,0xd0,0x94,0x9d,0xad,0x05,0x23,
    0x06,0x07,0x00,0x82,0x60,0x10,0x91,0x5d,0xba,0xc1,0x59,0x30,0x62,0x70,0x00,0x20,0x08,0x06,0x51,0xd9,0xa1,0x9b,0x0f,0x05,
    0xb3,0x04,0xe6,0x30,0x50,0x31,0x08,0xe5,0x40,0xce,0x01,0x39,0x58,0x12,0xd0,0x67,0xc4,0xe0,0x00,0x40,0x10,0x0c,0x22,0xb4,
    0x6b,0xb7,0x20,0x19,0x31,0x38,0x00,0x10,0x04,0x83,0x28,0xed,0xdc,0x2d,0xc8,0xb3,0x11,0x03,0x03,0x00,0x41,0x30,0x68,0xd8,
    0x6e,0xdc,0x02,0x0b,0xd6,0x08,0x3e,0x23,0x06,0x07,0x00,0x82,0x60,0x10,0xb1,0x5d,0xbc,0x05,0x68,0x34,0x1c,0x01,0x65,0xc3,
    0x37,0xdd,0x60,0x46,0x64,0x14,0x4c,0x37,0x98,0x11,0x19,0x09,0xd3,0x0d,0x64,0x34,0x46,0xc3,0x88,0xc1,0x01,0x80,0x20,0x18,
    0x90,0x41,0xda,0xbd,0xdb,0x8e,0xb5,0xda,0x68,0x42,0x00,0x5c,0x40,0x98,0x0a,0x76,0x4e,0x87,0x1b,0x02,0xb2,0x03,0x83,0x1a,
    0xc6,0x4d,0x87,0x1b,0x82,0x74,0x03,0x83,0x1a,0x82,0x9d,0x65,0x40,0x87,0x73,0x08,0xca,0x88,0x37,0x1d,0x6e,0x08,0xe2,0x0d,
    0x0c,0x66,0x09,0xd0,0x61,0xa0,0x42,0x11,0xf3,0xc0,0x1c,0x84,0x73,0x38,0x8b,0x40,0xc3,0x0d,0x81,0xdc,0x99,0xc1,0x2c,0x43,
    0x3a,0xdc,0x44,0x30,0x4b,0xa0,0x0e,0x03,0x15,0x43,0x5c,0xd5,0x84,0x4c,0x07,0xe9,0x30,0x50,0x31,0xc4,0x55,0x4d,0xd0,0x74,
    0x90,0x0e,0x03,0x15,0x43,0x5c,0xd5,0x84,0x4d,0x07,0xe9,0x30,0x50,0x31,0xc4,0x55,0x4d,0xe0,0x74,0x90,0x0e,0x03,0x15,0x44,
    0x5c,0xd5,0x84,0xbb,0x07,0xe9,0x70,0xc1,0xc0,0x2c,0x98,0x35,0xf8,0x58,0xf0,0xd1,0xc7,0x02,0x5a,0x83,0x8f,0x05,0x99,0x7c,
    0x4c,0xc8,0xe4,0x63,0x43,0x26,0x1f,0x1b,0xcc,0x08,0x3e,0x36,0x98,0x11,0x7c,0x6c,0x30,0x23,0xf8,0xcc,0x32,0xac,0x03,0x4d,
    0x48,0x23,0x06,0x07,0x00,0x82,0x60,0xd0,0xa1,0x9e,0xca,0xd5,0x9a,0xe8,0x8d,0x26,0x04,0xc3,0x88,0xc1,0x01,0x80,0x20,0x18,
    0x90,0xc1,0xe9,0xb5,0x5c,0x9e,0xad,0xdb,0x68,0x42,0x30,0x5c,0x40,0x98,0xe1,0x86,0xe0,0xf4,0xc0,0x60,0x96,0xa1,0x1d,0xd8,
    0x21,0xa8,0xa2,0xe6,0xe0,0x82,0x41,0x8d,0x18,0x1c,0x00,0x08,0x82,0x41,0x54,0x7b,0x3a,0x97,0x06,0xe0,0x36,0x62,0x70,0x00,
    0x20,0x08,0x06,0x91,0xed,0xe5,0x5c,0x20,0xcc,0x12,0xb4,0xc3,0x40,0xc5,0x20,0xb0,0x03,0x69,0x07,0xeb,0x30,0x1c,0x11,0x8c,
    0x9b,0xf0,0x8d,0x26,0x28,0xc1,0x68,0xc2,0x22,0x4c,0x37,0x08,0xc1,0x30,0x1c,0x11,0xa0,0x9b,0xf3,0x0d,0x37,0x30,0xaf,0x17,
    0x06,0xc3,0x0d,0xcd,0xea,0x85,0x41,0x09,0x81,0xce,0x32,0xb8,0xc3,0x3e,0x04,0x96,0xbc,0x1b,0x7c,0x46,0x0c,0x0c,0x00,0x04,
    0xc1,0xa0,0x19,0xbf,0xb2,0x0b,0x2e,0x20,0xcc,0x88,0xc1,0x01,0x80,0x20,0x18,0x74,0xbe,0x07,0x76,0xeb,0x16,0x8c,0x26,0x04,
    0xc0,0x68,0x82,0x10,0x8c,0x26,0x0c,0xc2,0x2c,0xc3,0x3b,0xc8,0x83,0x1c,0xcc,0x32,0xc4,0x03,0x3c,0x2c,0xc3,0x11,0x9d,0xbc,
    0x0d,0xdf,0x70,0x84,0x47,0x6f,0xc4,0x57,0x42,0xa0,0xd3,0x0d,0xf6,0x56,0x6f,0xc1,0x2c,0x81,0x3c,0xdc,0x31,0x28,0x0b,0xc4,
    0x40,0x3e,0x16,0xec,0x1b,0x7c,0x46,0x0c,0x0c,0x00,0x04,0xc1,0xa0,0x81,0x3f,0xb9,0x0b,0x2e,0x20,0xd0,0x88,0x81,0x01,0x80,
    0x20,0x18,0x34,0xf2,0x07,0x77,0xc3,0x70,0x83,0x30,0x77,0x66,0x30,0xdc,0x30,0x38,0x68,0x50,0x42,0xa0,0x06,0x72,0x44,0x7c,
    0xa6,0x1b,0x02,0x90,0x13,0xec,0x60,0x3f,0x10,0x0c,0x37,0x20,0x76,0x67,0x06,0xc3,0x0d,0x02,0x85,0x06,0x25,0x04,0x3a,0xdd,
    0xa0,0x94,0x5c,0x60,0x81,0x01,0x9f,0x59,0x02,0x79,0x18,0xe8,0x18,0x84,0x78,0x20,0x03,0x78,0x80,0xf1,0xc0,0x1d,0x66,0x19,
    0xe6,0xc1,0x1e,0x4c,0x61,0x96,0xa1,0x1e,0xe8,0x21,0x0c,0x86,0x23,0xe4,0x00,0xe5,0x86,0x6f,0x38,0x62,0x0e,0x54,0x8e,0xf8,
    0x4a,0x08,0x74,0xba,0x81,0xe5,0x56,0x2e,0x98,0x25,0xb0,0x87,0xe3,0x06,0x65,0xc1,0x1d,0xc8,0xc7,0x82,0x98,0x83,0xcf,0x88,
    0x81,0x01,0x80,0x20,0x18,0x34,0x26,0x18,0xa0,0x5e,0x70,0x01,0x81,0x46,0x0c,0x0c,0x00,0x04,0xc1,0xa0,0x41,0xc1,0xc0,0xf4,
    0x86,0xe1,0x06,0x21,0xf5,0xcc,0x60,0xb8,0x61,0x18,0x03,0x34,0x28,0x21,0x50,0xb3,0x39,0x22,0x3e,0xd3,0x0d,0x81,0xcd,0x09,
    0x76,0x88,0x60,0x00,0x82,0xe1,0x06,0x84,0xf5,0xcc,0x60,0xb8,0x41,0x48,0x03,0x34,0x28,0x21,0xd0,0xe9,0x06,0x65,0xe7,0x02,
    0x0b,0x0c,0xf8,0xcc,0x12,0xd8,0xc3,0x40,0xc7,0x20,0xd4,0x03,0x19,0xd0,0x03,0x9f,0x07,0xf2,0x60,0xc1,0x25,0x9f,0x0a,0x07,
    0xd6,0xd3,0xe1,0x86,0x80,0xf5,0xc0,0x60,0x96,0xe1,0x1e,0xf4,0x21,0x98,0x65,0xc8,0x07,0x7c,0xd0,0x83,0xe1,0x08,0x55,0x08,
    0xbb,0xe1,0x1b,0x8e,0x58,0x85,0xb1,0x23,0xbe,0x12,0x02,0x9d,0x6e,0x28,0x3b,0xb2,0x0b,0x66,0x09,0xf4,0xe1,0xe8,0x60,0x50,
    0x16,0xbc,0x82,0x7c,0x2c,0x50,0x3b,0xf8,0x8c,0x18,0x18,0x00,0x08,0x82,0x41,0xf3,0x83,0x41,0xf8,0x05,0x17,0x10,0x68,0xc4,
    0xc0,0x00,0x40,0x10,0x0c,0x9a,0x30,0x0c,0x7e,0x6f,0x18,0x6e,0x10,0xc4,0xcf,0x0c,0x86,0x1b,0x86,0x3d,0x40,0x83,0x12,0x02,
    0xb5,0xb7,0x23,0xe2,0x33,0xdd,0x10,0xbc,0x9d,0x60,0xc7,0x0e,0x06,0x20,0x18,0x6e,0x40,0xca,0xcf,0x0c,0x86,0x1b,0x84,0x50,
    0x40,0x83,0x12,0x02,0x9d,0x6e,0x50,0xe8,0x2e,0xb0,0xc0,0x80,0xcf,0x2c,0x81,0x3e,0x0c,0x74,0x0c,0x42,0x3e,0x90,0x01,0x3e,
    0xb8,0x7b,0x60,0x0f,0x96,0x05,0xf2,0xb9,0x55,0x18,0xd4,0x88,0xc1,0x03,0x80,0x20,0x18,0x60,0x6c,0x18,0xa8,0x9f,0xdd,0x99,
    0x1d,0x39,0x8c,0x83,0x38,0xec,0xdd,0x18,0x06,0x63,0x18,0x8c,0x61,0x10,0x8c,0x26,0x04,0xc0,0x68,0x82,0x10,0x8c,0x26,0x0c,
    0xc2,0x68,0x02,0x31,0x8c,0x18,0x1c,0x00,0x08,0x82,0x01,0x19,0xac,0x61,0x10,0x7f,0x3d,0x97,0x7f,0xa3,0x09,0x01,0x30,0x9a,
    0x20,0x04,0xa3,0x09,0x83,0x30,0x9a,0x40,0x0c,0x96,0x10,0xf1,0xb1,0x84,0x88,0x8f,0x25,0x44,0x7c,0x2c,0x21,0xe2,0x63,0x04,
    0x24,0x1f,0x23,0x22,0xf9,0x18,0x21,0xc9,0xc7,0x88,0x49,0x3e,0x46,0x30,0xf0,0x31,0x82,0x81,0x8f,0x11,0x0c,0x7c,0x8c,0x60,
    0xe0,0x33,0x4b,0x50,0x13,0x23,0x06,0x06,0x00,0x82,0x60,0xd0,0x98,0x62,0x80,0x82,0x41,0x3b,0x5c,0x40,0x98,0xc2,0x07,0x14,
    0x0c,0xa0,0x84,0x3e,0x0c,0x60,0xc4,0xe0,0x00,0x40,0x10,0x0c,0x3e,0x51,0x0c,0xfc,0x2f,0x10,0x46,0x0c,0x0c,0x00,0x04,0xc1,
    0xa0,0x59,0xc5,0x20,0x05,0x03,0x79,0x18,0x31,0x38,0x00,0x10,0x04,0x83,0xae,0x14,0x83,0x13,0x0c,0x64,0x4f,0x18,0x4d,0x08,
    0x80,0xd1,0x04,0x21,0x18,0x4d,0x18,0x84,0x59,0x06,0x7e,0xf8,0x87,0x9c,0x98,0x65,0xf0,0x87,0x7e,0x90,0x87,0xe1,0x08,0x92,
    0xc8,0xbd,0xe1,0x1b,0x8e,0x28,0x89,0xdd,0x23,0xbe,0x12,0x02,0x9d,0x6e,0xe8,0x3d,0xde,0x0b,0x66,0x09,0xfe,0xe1,0x8e,0x41,
    0x59,0x90,0x12,0xf2,0xb1,0x40,0xfc,0xe0,0x33,0x62,0x60,0x00,0x20,0x08,0x06,0xcd,0x2d,0x06,0x39,0x18,0x04,0x17,0x10,0x68,
    0xc4,0xc0,0x00,0x40,0x10,0x0c,0x9a,0x5c,0x0c,0x6e,0x30,0x18,0x86,0x1b,0x04,0x1d,0x0c,0xcc,0x60,0xb8,0x61,0x70,0xd0,0xa0,
    0x84,0x40,0xed,0xfc,0x88,0xf8,0x4c,0x37,0x04,0xe7,0x27,0xd8,0x31,0x8b,0x01,0x08,0x86,0x1b,0x90,0x1e,0x0c,0xcc,0x60,0xb8,
    0x41,0xa0,0xd0,0xa0,0x84,0x40,0xa7,0x1b,0x14,0xf6,0x0b,0x2c,0x30,0xe0,0x33,0x4b,0xf0,0x0f,0x03,0x1d,0x83,0xe0,0x0f,0x64,
    0xd0,0x0f,0xbe,0x1f,0xec,0xc3,0x2c,0x03,0x48,0x8c,0x44,0x5b,0xcc,0x32,0x88,0x44,0x48,0xa0,0xc4,0x70,0x44,0x4e,0xbc,0xdf,
    0xf0,0x0d,0x47,0xe8,0x44,0xfc,0x11,0x5f,0x09,0x81,0x4e,0x37,0xcc,0x9f,0xfc,0x05,0xb3,0x04,0x23,0x71,0xdc,0xa0,0x2c,0xf0,
    0x09,0xf9,0x58,0x80,0x7f,0xf0,0x19,0x31,0x30,0x00,0x10,0x04,0x83,0xa6,0x1d,0x83,0x37,0x0c,0x82,0x0b,0x08,0x34,0x62,0x60,
    0x00,0x20,0x08,0x06,0xcd,0x3b,0x06,0x6d,0x18,0x0c,0xc3,0x0d,0x02,0x1c,0x06,0x66,0x30,0xdc,0x30,0x8c,0x01,0x1a,0x94,0x10,
    0xa8,0xf5,0x1f,0x11,0x9f,0xe9,0x86,0xa0,0xff,0x04,0x3b,0xd2,0x31,0x00,0xc1,0x70,0x03,0x32,0x87,0x81,0x19,0x0c,0x37,0x08,
    0x69,0x80,0x06,0x25,0x04,0x3a,0xdd,0xa0,0x88,0x60,0x10,0x58,0x60,0xc0,0x67,0x96,0x60,0x24,0x06,0x3a,0x06,0x41,0x24,0xc8,
    0x20,0x24,0x54,0x50,0xf8,0x07,0x0b,0x2e,0xf9,0x14,0x6a,0xcc,0x61,0xa0,0xc3,0x0d,0xc1,0x1c,0x06,0x60,0x30,0xcb,0x40,0x12,
    0x27,0x11,0xcc,0x32,0x98,0x44,0x49,0x84,0xc5,0x70,0x44,0x5c,0xa0,0x60,0x30,0x7c,0xc3,0x11,0x72,0xa1,0x82,0x01,0xf1,0x95,
    0x10,0xe8,0x74,0x03,0x0b,0x06,0x2b,0x18,0x04,0xb3,0x04,0x27,0x71,0x74,0x30,0x28,0x0b,0xec,0x42,0x3e,0x16,0xc4,0x60,0x00,
    0x9f,0x11,0x03,0x03,0x00,0x41,0x30,0x68,0x4c,0x32,0x40,0xc5,0x20,0xb8,0x80,0x40,0x23,0x06,0x06,0x00,0x82,0x60,0xd0,0xa0,
    0x64,0x60,0x8a,0xc1,0x30,0xdc,0x20,0xa4,0x62,0x60,0x06,0xc3,0x0d,0xc3,0x1e,0xa0,0x41,0x09,0x81,0x9a,0x0d,0x06,0x44,0x7c,
    0xa6,0x1b,0x02,0x1b,0x0c,0x04,0x3b,0x44,0x32,0x00,0xc1,0x70,0x03,0xc2,0x8a,0x81,0x19,0x0c,0x37,0x08,0xa1,0x80,0x06,0x25,
    0x04,0x3a,0xdd,0xa0,0xec,0x60,0x10,0x58,0x60,0xc0,0x67,0x96,0xe0,0x24,0x06,0x3a,0x06,0xc1,0x24,0xc8,0xa0,0x24,0xf8,0x50,
    0x18,0x09,0xcb,0x02,0xf9,0x1c,0x2b,0x0c,0x6a,0xc4,0xe0,0x01,0x40,0x10,0x0c,0xb0,0x99,0x0c,0x62,0x31,0xe8,0xc1,0xa0,0x05,
    0x83,0xd5,0x50,0x8d,0xd4,0x10,0xc3,0x40,0x25,0x03,0x95,0x0c,0x54,0x32,0x08,0x46,0x13,0x02,0x60,0x34,0x41,0x08,0x46,0x13,
    0x06,0x61,0x34,0x81,0x18,0x46,0x0c,0x0e,0x00,0x04,0xc1,0x80,0x0c,0x64,0x32,0xc0,0xc5,0x80,0x04,0x03,0x70,0x0c,0x46,0x13,
    0x02,0x60,0x34,0x41,0x08,0x46,0x13,0x06,0x61,0x34,0x81,0x18,0x2c,0x21,0xe2,0x63,0x09,0x11,0x1f,0x4b,0x88,0xf8,0x58,0x42,
    0xc4,0xc7,0x08,0x48,0x3e,0x46,0x44,0xf2,0x31,0x42,0x92,0x8f,0x11,0x93,0x7c,0x46,0x0c,0x0e,0x00,0x04,0xc1,0xa0,0x13,0xcb,
    0x80,0x1c,0x83,0x37,0x0c,0xc4,0x61,0x34,0x21,0x00,0x46,0x13,0x84,0x60,0x34,0x61,0x10,0x66,0x19,0x50,0x62,0x25,0xec,0x63,
    0x96,0x41,0x25,0x52,0xe2,0x35,0x86,0x23,0xc2,0xc3,0x0e,0x83,0xe1,0x1b,0x8e,0x10,0x0f,0x3c,0x0c,0x88,0xaf,0x84,0x40,0xa7,
    0x1b,0xf4,0x30,0xc8,0xc3,0x20,0x98,0x25,0x58,0x89,0x3b,0x06,0x65,0x81,0x79,0xc8,0xc7,0x82,0x3f,0x0c,0xe0,0x33,0x62,0x60,
    0x00,0x20,0x08,0x06,0x0d,0x5d,0x06,0xf6,0x18,0x04,0x17,0x10,0x68,0xc4,0xc0,0x00,0x40,0x10,0x0c,0x1a,0xbb,0x0c,0xe8,0x31,
    0x18,0x86,0x1b,0x84,0x7b,0x0c,0xcc,0x60,0xb8,0x61,0x70,0xd0,0xa0,0x84,0x40,0x8d,0x14,0x03,0x22,0x3e,0xd3,0x0d,0x01,0x29,
    0x06,0x82,0x1d,0x70,0x19,0x80,0x60,0xb8,0x01,0xd1,0xc7,0xc0,0x0c,0x86,0x1b,0x04,0x0a,0x0d,0x4a,0x08,0x74,0xba,0x41,0x49,
    0xc5,0x20,0xb0,0xc0,0x80,0xcf,0x2c,0xc1,0x4a,0x0c,0x74,0x0c,0x82,0x4a,0x90,0x41,0x4a,0xe0,0xa4,0x70,0x12,0xb3,0x0c,0x2c,
    0xf1,0x12,0x2a,0x32,0xcb,0xe0,0x12,0x2d,0x51,0x1e,0xc3,0x11,0xf6,0xc1,0x8a,0xc1,0xf0,0x0d,0x47,0xdc,0x87,0x2b,0x06,0xc4,
    0x57,0x42,0xa0,0xd3,0x0d,0xb0,0x18,0xbc,0x62,0x10,0xcc,0x12,0xbc,0xc4,0x71,0x83,0xb2,0x60,0x3f,0xe4,0x63,0x41,0x2d,0x06,
    0xf0,0x19,0x31,0x30,0x00,0x10,0x04,0x83,0x46,0x35,0x03,0x96,0x0c,0x82,0x0b,0x08,0x34,0x62,0x60,0x00,0x20,0x08,0x06,0x0d,
    0x6b,0x06,0x2a,0x19,0x0c,0xc3,0x0d,0x42,0x4b,0x06,0x66,0x30,0xdc,0x30,0x8c,0x01,0x1a,0x94,0x10,0xa8,0xe9,0x62,0x40,0xc4,
    0x67,0xba,0x21,0xd0,0xc5,0x40,0xb0,0xc3,0x34,0x03,0x10,0x0c,0x37,0x20,0x30,0x19,0x98,0xc1,0x70,0x83,0x90,0x06,0x68,0x50,
    0x42,0xa0,0xd3,0x0d,0xca,0x2f,0x06,0x81,0x05,0x06,0x7c,0x66,0x09,0x5e,0x62,0xa0,0x63,0x10,0x5c,0x82,0x0c,0x5a,0x82,0x34,
    0x85,0x95,0xb0,0xe0,0x92,0xcf,0x2c,0x03,0x4c,0xcc,0x04,0x2f,0xcc,0x32,0xc8,0x44,0x4c,0xf0,0xc7,0x70,0x04,0x8b,0x8c,0x63,
    0x30,0x7c,0xc3,0x11,0x2d,0x52,0x8e,0x01,0xf1,0x95,0x10,0xe8,0x74,0xc3,0x39,0x06,0xe6,0x18,0x04,0xb3,0x04,0x33,0x71,0x72,
    0x30,0x28,0x0b,0x62,0x44,0x3e,0x16,0xb0,0x63,0x00,0x9f,0x11,0x03,0x03,0x00,0x41,0x30,0x68,0xc2,0x33,0x18,0xcb,0x20,0xb8,
    0x80,0x40,0x23,0x06,0x06,0x00,0x82,0x60,0xd0,0x8c,0x67,0x10,0x96,0xc1,0x30,0xdc,0x20,0x90,0x65,0x60,0x06,0xc3,0x0d,0x43,
    0x1e,0xa0,0x41,0x09,0x81,0x5a,0x3c,0x06,0x44,0x7c,0xa6,0x1b,0x82,0x78,0x0c,0x04,0x3b,0x7a,0x33,0x00,0xc1,0x70,0x03,0x72,
    0x96,0x81,0x19,0x0c,0x37,0x08,0x7f,0x80,0x06,0x25,0x04,0x3a,0xdd,0xa0,0xd8,0x63,0x10,0x58,0x60,0xc0,0x67,0x96,0x60,0x26,
    0x06,0x3a,0x06,0x41,0x26,0xc8,0x20,0x26,0xe4,0x53,0x78,0x09,0xbb,0x02,0xf9,0x9c,0x5a,0x0c,0x6a,0xc4,0xe0,0x01,0x40,0x10,
    0x0c,0x30,0xf7,0x0c,0xd8,0x32,0xc0,0xc7,0x00,0x1d,0x03,0x33,0x29,0x13,0x32,0xe9,0xc7,0xa0,0x3c,0x83,0xf2,0x0c,0xca,0x33,
    0x08,0x46,0x13,0x02,0x60,0x34,0x41,0x08,0x46,0x13,0x06,0x61,0x34,0x81,0x18,0x8c,0xd0,0x85,0xf8,0x18,0xa1,0x0b,0xf1,0x31,
    0x42,0x17,0xe2,0x63,0x84,0x2e,0xc4,0xc7,0x88,0x45,0x3e,0x46,0x30,0xf2,0x31,0xa2,0x91,0x8f,0x11,0x8e,0x7c,0x8c,0x10,0x07,
    0xf8,0x18,0x21,0x0e,0xf0,0x31,0x42,0x1c,0xe0,0x63,0x84,0x38,0xc0,0xc7,0x7c,0x01,0x89,0x8f,0xf9,0x02,0x12,0x1f,0xf3,0x05,
    0x24,0x3e,0xe6,0x0b,0x48,0x7c,0x8c,0xe0,0x0b,0xf9,0x18,0xd1,0x17,0xf2,0x31,0xc2,0x2f,0xe4,0x63,0xc4,0x5f,0xc8,0xc7,0x08,
    0x06,0x3e,0x46,0x30,0xf0,0x31,0x82,0x81,0x8f,0x11,0x0c,0x7c,0x66,0x09,0x6a,0x62,0xc4,0xe0,0x01,0x40,0x10,0x0c,0xb0,0x15,
    0x0d,0x52,0x33,0xa8,0xc9,0xa0,0x24,0x83,0x51,0x11,0x95,0x50,0xd1,0xc9,0x40,0x44,0x03,0x11,0x0d,0x44,0x34,0x08,0x97,0xd1,
    0x84,0x00,0x18,0x4d,0x10,0x82,0xd1,0x84,0x41,0x18,0x4d,0x20,0x86,0x59,0x82,0x9a,0x18,0xe8,0x18,0x10,0x9a,0x20,0x1b,0x7d,
    0x90,0x66,0x62,0xa0,0x63,0x40,0x68,0x82,0x6c,0xf4,0x41,0x9a,0x89,0x81,0x8e,0x01,0xa1,0x09,0xb2,0xd1,0x07,0x69,0x26,0x06,
    0x3a,0x06,0x84,0x26,0xc8,0x46,0x1f,0xa4,0x99,0x30,0x02,0x57,0xe0,0x63,0x04,0xae,0xc0,0xc7,0x08,0x5c,0x81,0x8f,0x11,0xb8,
    0x02,0x1f,0xc3,0x15,0x18,0x0d,0x60,0x30,0xdc,0x10,0xfc,0x0a,0x1a,0xcc,0x32,0xa8,0x83,0x4d,0x04,0xb3,0x04,0x37,0x31,0x50,
    0x31,0xb8,0xaa,0x80,0x0e,0x8c,0x4d,0x0c,0x54,0x0c,0xb0,0x2a,0xa0,0x03,0x63,0x13,0x03,0x15,0x83,0xac,0x0a,0xe8,0xc0,0xd8,
    0xc4,0x40,0xc5,0x40,0xab,0x02,0x3a,0x30,0x36,0x61,0x84,0xbe,0xd0,0xc7,0x88,0x7d,0xa1,0x8f,0x11,0xfc,0x42,0x1f,0x23,0xfa,
    0x85,0x3e,0xb3,0x04,0xff,0x33,0x62,0x60,0x00,0x20,0x08,0x06,0x8d,0x99,0x06,0xb9,0x19,0x90,0x9d,0x05,0x3b,0x27,0x1f,0x13,
    0x76,0x4e,0x3e,0x36,0xe8,0x9c,0x7c,0x8c,0x00,0x3b,0xf9,0x58,0x01,0x76,0xf2,0x31,0xc3,0xe7,0xe4,0x33,0x62,0x50,0x01,0x20,
    0x08,0x06,0x1a,0x9a,0x06,0xb7,0x19,0xcc,0x65,0x30,0x96,0xc1,0xc9,0x99,0x5c,0xc9,0xe1,0x65,0x00,0xa6,0x01,0x98,0x06,0x60,
    0x1a,0x0c,0x42,0x60,0x14,0x04,0x5e,0x06,0xa3,0x09,0x01,0x30,0x9a,0x20,0x04,0xa3,0x09,0x83,0x30,0x9a,0x40,0x0c,0xb3,0x04,
    0xff,0x33,0xdc,0x30,0x83,0x81,0x98,0x06,0x60,0x30,0xcb,0xa0,0x13,0xb0,0x11,0xcc,0x32,0xec,0xc4,0x6b,0xe4,0xda,0x88,0xc1,
    0x01,0x80,0x20,0x18,0x74,0x6c,0x1a,0xb8,0x67,0xa0,0x97,0x81,0x99,0x06,0xa3,0x09,0x01,0x30,0x9a,0x20,0x04,0xa3,0x09,0x83,
    0x70,0xc3,0xa0,0x6e,0x18,0xd4,0x0d,0x83,0xb2,0xc1,0xed,0xe4,0x63,0x83,0xdb,0xc9,0xc7,0x86,0xb6,0x93,0x8f,0x0d,0x83,0x7c,
    0x6c,0x18,0xe4,0x63,0x42,0x00,0x1f,0x23,0x08,0xf9,0x98,0x10,0xc0,0x67,0xc4,0xc0,0x00,0x40,0x10,0x0c,0x1a,0x51,0x0d,0xf4,
    0x33,0x08,0x8c,0xc9,0x3b,0xf9,0x18,0x93,0x77,0xf2,0x31,0xe6,0xee,0xe4,0x63,0xc3,0x20,0x1f,0x1b,0x06,0xf9,0x98,0x10,0xc0,
    0xc7,0x08,0x42,0x3e,0x26,0x04,0xf0,0x19,0x31,0x30,0x00,0x10,0x04,0x83,0x66,0x55,0x83,0x11,0x0d,0x82,0x11,0x83,0x03,0x00,
    0x41,0x30,0x88,0x54,0x35,0x78,0xd1,0x20,0x50,0x46,0x0c,0x0e,0x00,0x04,0xc1,0x20,0x5a,0xd5,0xc0,0x45,0x03,0x61,0x19,0x8e,
    0x10,0x70,0x33,0x50,0xbe,0x59,0x06,0x9e,0xe8,0x89,0x60,0xc4,0xe0,0x00,0x40,0x10,0x0c,0xa2,0x56,0x0d,0x64,0x34,0x10,0x7e,
    0x33,0x30,0x22,0xa0,0xcf,0x88,0x81,0x01,0x80,0x20,0x18,0x34,0xb1,0x1a,0x88,0x68,0x10,0x8c,0x18,0x1c,0x00,0x08,0x82,0x41,
    0x04,0xab,0x41,0x8d,0x06,0xbc,0x19,0x04,0x23,0x06,0x07,0x00,0x82,0x60,0x10,0xc5,0x6a,0x40,0xa3,0x81,0xea,0x05,0xb3,0x04,
    0x3d,0x31,0x50,0x31,0x08,0x3c,0xc1,0xb7,0xc2,0x4e,0x58,0x12,0xd0,0x67,0xc4,0xe0,0x00,0x40,0x10,0x0c,0x22,0x5a,0x0d,0x72,
    0x34,0x08,0x92,0x11,0x83,0x03,0x00,0x41,0x30,0x88,0x6a,0x35,0xd0,0xd1,0x20,0x28,0xcf,0x60,0xc4,0xc0,0x00,0x40,0x10,0x0c,
    0x1a,0x5c,0x0d,0x5e,0x34,0x08,0x2c,0xb8,0x3d,0xf8,0x8c,0x18,0x1c,0x00,0x08,0x82,0x41,0x84,0xab,0x41,0x8f,0x06,0x01,0xed,
    0x0d,0x47,0x40,0xd9,0xf0,0x4d,0x37,0xc8,0x1e,0xec,0x05,0xd3,0x0d,0xb2,0x07,0x7b,0xc2,0x74,0x03,0xec,0xbd,0xde,0x30,0x62,
    0x70,0x00,0x20,0x08,0x06,0x64,0x50,0xab,0xc1,0x8e,0x06,0xa7,0x19,0x90,0x69,0x30,0x9a,0x10,0x00,0x17,0x10,0xa6,0x82,0x53,
    0x0d,0x74,0xb8,0x21,0x80,0xd5,0x00,0x0c,0x6a,0x78,0xd1,0x40,0x87,0x1b,0x82,0x1a,0x0d,0xc0,0xa0,0x86,0x60,0x67,0x19,0x7e,
    0xc2,0x27,0x82,0x32,0x7a,0x34,0xd0,0xe1,0x86,0xa0,0x47,0x03,0x30,0x98,0x25,0xf8,0x89,0x81,0x0a,0x45,0x9f,0x85,0x9e,0x10,
    0x7c,0xe2,0x2c,0x02,0x0d,0x37,0x04,0xbe,0x1a,0x98,0xc1,0x2c,0x03,0x58,0xb8,0x46,0x30,0x4b,0x10,0x16,0x03,0x15,0x43,0x5c,
    0xb1,0x86,0xfa,0x0a,0x60,0x31,0x50,0x31,0xc4,0x15,0x6b,0xb0,0xaf,0x00,0x16,0x03,0x15,0x43,0x5c,0xb1,0x86,0xfb,0x0a,0x60,
    0x31,0x50,0x31,0xc4,0x15,0x6b,0xc0,0xaf,0x00,0x16,0x03,0x15,0x44,0x5c,0xb1,0x86,0x69,0x0b,0x60,0x71,0xc1,0xc0,0x2c,0xf8,
    0xcf,0x00,0x3e,0x16,0x7c,0xf4,0xb1,0x00,0x44,0x03,0xf8,0x58,0x90,0xc9,0xc7,0x84,0x4c,0x3e,0x36,0x64,0xf2,0xb1,0x41,0xf6,
    0xe0,0x63,0x83,0xec,0xc1,0xc7,0x06,0xd9,0x83,0xcf,0x2c,0x83,0x58,0xac,0x86,0x34,0x62,0x70,0x00,0x20,0x08,0x06,0x1d,0xbd,
    0x06,0x76,0x1a,0x88,0x68,0xe0,0xae,0xc1,0x68,0x42,0x30,0x8c,0x18,0x1c,0x00,0x08,0x82,0x01,0x19,0xcc,0x6b,0x90,0xa7,0x41,
    0x79,0x06,0xa2,0x1a,0x8c,0x26,0x04,0xc3,0x05,0x84,0x19,0x6e,0x08,0xe6,0x35,0x00,0x83,0x59,0x06,0xb2,0x18,0x8b,0xa0,0x8a,
    0x50,0x0d,0xe0,0x82,0x41,0x8d,0x18,0x1c,0x00,0x08,0x82,0x41,0x14,0xb2,0x81,0xa9,0x06,0x69,0xc0,0xa2,0xc1,0x88,0xc1,0x01,
    0x80,0x20,0x18,0x44,0x22,0x1b,0x94,0x6a,0x10,0x08,0xb3,0x04,0x64,0x31,0x50,0x31,0x08,0x63,0xc1,0xc3,0x82,0x58,0x0c,0x47,
    0x04,0x2f,0x1a,0x08,0xdf,0x68,0x82,0x12,0x8c,0x26,0x2c,0xc2,0x74,0x83,0x10,0x0c,0xc3,0x11,0x01,0x8d,0x06,0xce,0x37,0xdc,
    0xc0,0xec,0x6b,0x10,0x06,0xc3,0x0d,0xcd,0xbd,0x06,0x61,0x50,0x42,0xa0,0xb3,0x0c,0x65,0x21,0x17,0x81,0x25,0x3b,0x1a,0xc0,
    0x67,0xc4,0xc0,0x00,0x40,0x10,0x0c,0x9a,0x97,0x0d,0x62,0x35,0x08,0x2e,0x20,0xcc,0x88,0xc1,0x01,0x80,0x20,0x18,0x74,0x2a,
    0x1b,0xb0,0x6a,0x80,0xa3,0x41,0x30,0x9a,0x10,0x00,0xa3,0x09,0x42,0x30,0x9a,0x30,0x08,0xb3,0x0c,0x66,0x91,0x16,0x72,0x30,
    0xcb,0x80,0x16,0x67,0xb1,0x0c,0x47,0x74,0x3e,0x1a,0x0c,0xdf,0x70,0x84,0x07,0xa6,0x01,0xf1,0x95,0x10,0xe8,0x74,0x83,0x98,
    0x06,0x61,0x1a,0x04,0xb3,0x04,0x69,0x71,0xc7,0xa0,0x2c,0x10,0x03,0xf9,0x58,0x70,0xa6,0x01,0x7c,0x46,0x0c,0x0c,0x00,0x04,
    0xc1,0xa0,0xe1,0xd9,0xc0,0x57,0x83,0xe0,0x02,0x02,0x8d,0x18,0x18,0x00,0x08,0x82,0x41,0xe3,0xb3,0x01,0xaf,0x06,0xc3,0x70,
    0x83,0xf0,0xab,0x81,0x19,0x0c,0x37,0x0c,0x0e,0x1a,0x94,0x10,0xa8,0xb1,0x69,0x40,0xc4,0x67,0xba,0x21,0x60,0xd3,0x40,0xb0,
    0x03,0x67,0x03,0x10,0x0c,0x37,0x20,0xe2,0x1a,0x98,0xc1,0x70,0x83,0x40,0xa1,0x41,0x09,0x81,0x4e,0x37,0x28,0x71,0x1a,0x04,
    0x16,0x18,0xf0,0x99,0x25,0x48,0x8b,0x81,0x8e,0x41,0x40,0x0b,0x32,0x38,0x0b,0x74,0x16,0xca,0x62,0x96,0x41,0x2d,0xda,0xc2,
    0x14,0x66,0x19,0xd8,0x62,0x2d,0xc2,0x60,0x38,0x42,0x0e,0xe8,0x34,0x18,0xbe,0xe1,0x88,0x39,0xb0,0xd3,0x80,0xf8,0x4a,0x08,
    0x74,0xba,0x01,0x4f,0x83,0x3b,0x0d,0x82,0x59,0x82,0xb6,0x38,0x6e,0x50,0x16,0xdc,0x81,0x7c,0x2c,0xe8,0xd3,0x00,0x3e,0x23,
    0x06,0x06,0x00,0x82,0x60,0xd0,0xc8,0x6d,0x40,0xaf,0x41,0x70,0x01,0x81,0x46,0x0c,0x0c,0x00,0x04,0xc1,0xa0,0xa1,0xdb,0x40,
    0x5e,0x83,0x61,0xb8,0x41,0xa8,0xd7,0xc0,0x0c,0x86,0x1b,0x86,0x31,0x40,0x83,0x12,0x02,0x35,0x51,0x0d,0x88,0xf8,0x4c,0x37,
    0x04,0xa2,0x1a,0x08,0x76,0xb8,0x6d,0x00,0x82,0xe1,0x06,0x04,0x5f,0x03,0x33,0x18,0x6e,0x10,0xd2,0x00,0x0d,0x4a,0x08,0x74,
    0xba,0x41,0x39,0xd5,0x20,0xb0,0xc0,0x80,0xcf,0x2c,0x41,0x5b,0x0c,0x74,0x0c,0x02,0x5b,0x90,0xc1,0x5a,0xd0,0xb4,0x90,0x16,
    0x16,0x5c,0xf2,0xa9,0x70,0xc0,0xd7,0x40,0x87,0x1b,0x02,0x7c,0x0d,0xc0,0x60,0x96,0xc1,0x2d,0xe2,0x22,0x98,0x65,0x80,0x8b,
    0xb7,0xd0,0x83,0xe1,0x08,0x55,0x68,0xd5,0x60,0xf8,0x86,0x23,0x56,0xe1,0x55,0x03,0xe2,0x2b,0x21,0xd0,0xe9,0x86,0x58,0x0d,
    0x60,0x35,0x08,0x66,0x09,0xe2,0xe2,0xe8,0x60,0x50,0x16,0xbc,0x82,0x7c,0x2c,0xb0,0xd5,0x00,0x3e,0x23,0x06,0x06,0x00,0x82,
    0x60,0xd0,0xac,0x6e,0xd0,0xb2,0x41,0x70,0x01,0x81,0x46,0x0c,0x0c,0x00,0x04,0xc1,0xa0,0x69,0xdd,0x60,0x65,0x83,0x61,0xb8,
    0x41,0x70,0xd9,0xc0,0x0c,0x86,0x1b,0x86,0x3d,0x40,0x83,0x12,0x02,0xb5,0x5d,0x0d,0x88,0xf8,0x4c,0x37,0x04,0xbb,0x1a,0x08,
    0x76,0x9c,0x6e,0x00,0x82,0xe1,0x06,0x24,0x66,0x03,0x33,0x18,0x6e,0x10,0x42,0x01,0x0d,0x4a,0x08,0x74,0xba,0x41,0x01,0xd7,
    0x20,0xb0,0xc0,0x80,0xcf,0x2c,0x41,0x5c,0x0c,0x74,0x0c,0x02,0x5c,0x90,0xc1,0x5b,0x98,0xb6,0xd0,0x16,0x96,0x05,0xf2,0xb9,
    0x55,0x18,0xd4,0x88,0xc1,0x03,0x80,0x20,0x18,0x60,0xb8,0x1b,0xd8,0x6c,0x30,0xae,0xc1,0xac,0x06,0xe4,0x30,0x0e,0xe2,0x70,
    0xae,0xc1,0xeb,0x06,0xaf,0x1b,0xbc,0x6e,0x10,0x8c,0x26,0x04,0xc0,0x68,0x82,0x10,0x8c,0x26,0x0c,0xc2,0x68,0x02,0x31,0x8c,
    0x18,0x1c,0x00,0x08,0x82,0x01,0x19,0xdc,0x6e,0xd0,0xb3,0x41,0xaa,0x06,0x67,0x1b,0x8c,0x26,0x04,0xc0,0x68,0x82,0x10,0x8c,
    0x26,0x0c,0xc2,0x68,0x02,0x31,0x58,0x42,0xc4,0xc7,0x12,0x22,0x3e,0x96,0x10,0xf1,0xb1,0x84,0x88,0x8f,0x11,0x90,0x7c,0x8c,
    0x88,0xe4,0x63,0x84,0x24,0x1f,0x23,0x26,0xf9,0x18,0xc1,0xc0,0xc7,0x08,0x06,0x3e,0x46,0x30,0xf0,0x31,0x82,0x81,0xcf,0x2c,
    0x01,0x6b,0x8c,0x18,0x18,0x00,0x08,0x82,0x41,0x23,0xbf,0x01,0xdd,0x06,0xed,0x70,0x01,0x61,0x0a,0x1f,0xe8,0x36,0x80,0x12,
    0xd2,0x37,0x80,0x11,0x83,0x03,0x00,0x41,0x30,0xf8,0xdc,0x37,0x50,0xdb,0x20,0x10,0x46,0x0c,0x0c,0x00,0x04,0xc1,0xa0,0xb9,
    0xdf,0xa0,0x6e,0x03,0x79,0x18,0x31,0x38,0x00,0x10,0x04,0x83,0x2e,0x7e,0x83,0xb9,0x0d,0xfe,0x35,0x10,0x46,0x13,0x02,0x60,
    0x34,0x41,0x08,0x46,0x13,0x06,0x61,0x96,0x61,0x2e,0xec,0x22,0x27,0x66,0x19,0xea,0x82,0x2e,0xe4,0x61,0x38,0x82,0x24,0x4a,
    0x36,0x18,0xbe,0xe1,0x88,0x92,0x38,0xd9,0x80,0xf8,0x4a,0x08,0x74,0xba,0x21,0x65,0x03,0x94,0x0d,0x82,0x59,0x02,0xbb,0xb8,
    0x63,0x50,0x16,0xa4,0x84,0x7c,0x2c,0x70,0xd9,0x00,0x3e,0x23,0x06,0x06,0x00,0x82,0x60,0xd0,0x8c,0x70,0x50,0xba,0x41,0x70,
    0x01,0x81,0x46,0x0c,0x0c,0x00,0x04,0xc1,0xa0,0x29,0xe1,0x60,0x74,0x83,0x61,0xb8,0x41,0x30,0xdd,0xc0,0x0c,0x86,0x1b,0x06,
    0x07,0x0d,0x4a,0x08,0xd4,0x66,0x36,0x20,0xe2,0x33,0xdd,0x10,0xcc,0x6c,0x20,0xd8,0xf1,0xbf,0x01,0x08,0x86,0x1b,0x90,0xd4,
    0x0d,0xcc,0x60,0xb8,0x41,0xa0,0xd0,0xa0,0x84,0x40,0xa7,0x1b,0x14,0x9c,0x0d,0x02,0x0b,0x0c,0xf8,0xcc,0x12,0xd8,0xc5,0x40,
    0xc7,0x20,0xd4,0x05,0x19,0xd0,0x85,0x9d,0x0b,0x72,0x31,0xcb,0x70,0x17,0x7a,0xd1,0x16,0xb3,0x0c,0x79,0x81,0x17,0x28,0x31,
    0x1c,0x91,0x13,0x3b,0x1b,0x0c,0xdf,0x70,0x84,0x4e,0xf4,0x6c,0x40,0x7c,0x25,0x04,0x3a,0xdd,0xf0,0xb3,0x81,0xcf,0x06,0xc1,
    0x2c,0x81,0x5e,0x1c,0x37,0x28,0x0b,0x7c,0x42,0x3e,0x16,0x90,0x6d,0x00,0x9f,0x11,0x03,0x03,0x00,0x41,0x30,0x68,0x72,0x38,
    0xd8,0xdd,0x20,0xb8,0x80,0x40,0x23,0x06,0x06,0x00,0x82,0x60,0xd0,0xec,0x70,0x90,0xbb,0xc1,0x30,0xdc,0x20,0xf0,0x6e,0x60,
    0x06,0xc3,0x0d,0xc3,0x18,0xa0,0x41,0x09,0x81,0x5a,0xda,0x06,0x44,0x7c,0xa6,0x1b,0x82,0xb4,0x0d,0x04,0x3b,0x6a,0x38,0x00,
    0xc1,0x70,0x03,0xf2,0xbb,0x81,0x19,0x0c,0x37,0x08,0x69,0x80,0x06,0x25,0x04,0x3a,0xdd,0xa0,0xb8,0x6d,0x10,0x58,0x60,0xc0,
    0x67,0x96,0x40,0x2f,0x06,0x3a,0x06,0x21,0x2f,0xc8,0x00,0x2f,0xc4,0x5d,0xb0,0x0b,0x0b,0x2e,0xf9,0x14,0x6a,0xfc,0x6e,0xa0,
    0xc3,0x0d,0xc1,0xef,0x06,0x60,0x30,0xcb,0xb0,0x17,0x7e,0x11,0xcc,0x32,0xf4,0x05,0x5f,0x84,0xc5,0x70,0x44,0x5c,0xd0,0x6d,
    0x30,0x7c,0xc3,0x11,0x72,0x61,0xb7,0x01,0xf1,0x95,0x10,0xe8,0x74,0x03,0xde,0x06,0x77,0x1b,0x04,0xb3,0x04,0x7e,0x71,0x74,
    0x30,0x28,0x0b,0xec,0x42,0x3e,0x16,0xf4,0x6d,0x00,0x9f,0x11,0x03,0x03,0x00,0x41,0x30,0x68,0xe4,0x38,0xa0,0xdf,0x20,0xb8,
    0x80,0x40,0x23,0x06,0x06,0x00,0x82,0x60,0xd0,0xd0,0x71,0x20,0xbf,0xc1,0x30,0xdc,0x20,0xd4,0x6f,0x60,0x06,0xc3,0x0d,0xc3,
    0x1e,0xa0,0x41,0x09,0x81,0x9a,0xe8,0x06,0x44,0x7c,0xa6,0x1b,0x02,0xd1,0x0d,0x04,0x3b,0xdc,0x38,0x00,0xc1,0x70,0x03,0x82,
    0xbf,0x81,0x19,0x0c,0x37,0x08,0xa1,0x80,0x06,0x25,0x04,0x3a,0xdd,0xa0,0x9c,0x6e,0x10,0x58,0x60,0xc0,0x67,0x96,0xc0,0x2f,
    0x06,0x3a,0x06,0xa1,0x2f,0xc8,0x80,0x2f,0x68,0x5e,0xd0,0x0b,0xcb,0x02,0xf9,0x1c,0x2b,0x0c,0x6a,0xc4,0xe0,0x01,0x40,0x10,
    0x0c,0xb0,0x3f,0x0e,0xfa,0x37,0x50,0xdd,0x40,0x6f,0x83,0xd5,0x50,0x8d,0xd4,0x70,0xdd,0xc0,0x8e,0x03,0x3b,0x0e,0xec,0x38,
    0x08,0x46,0x13,0x02,0x60,0x34,0x41,0x08,0x46,0x13,0x06,0x61,0x34,0x81,0x18,0x46,0x0c,0x0e,0x00,0x04,0xc1,0x80,0x0c,0xfc,
    0x38,0x20,0xe1,0x00,0x6e,0x03,0x17,0x0e,0x46,0x13,0x02,0x60,0x34,0x41,0x08,0x46,0x13,0x06,0x61,0x34,0x81,0x18,0x2c,0x21,
    0xe2,0x63,0x09,0x11,0x1f,0x4b,0x88,0xf8,0x58,0x42,0xc4,0xc7,0x08,0x48,0x3e,0x46,0x44,0xf2,0x31,0x42,0x92,0x8f,0x11,0x93,
    0x7c,0x46,0x0c,0x0e,0x00,0x04,0xc1,0xa0,0x73,0xe5,0x00,0x86,0x03,0xde,0x0d,0xc4,0x61,0x34,0x21,0x00,0x46,0x13,0x84,0x60,
    0x34,0x61,0x10,0x66,0x19,0xfe,0x42,0x34,0xec,0x63,0x96,0x21,0x34,0x40,0xe3,0x35,0x86,0x23,0xc2,0x43,0x7c,0x83,0xe1,0x1b,
    0x8e,0x10,0x0f,0xf2,0x0d,0x88,0xaf,0x84,0x40,0xa7,0x1b,0xcc,0x37,0x28,0xdf,0x20,0x98,0x25,0x10,0x8d,0x3b,0x06,0x65,0x81,
    0x79,0xc8,0xc7,0x82,0xf5,0x0d,0xe0,0x33,0x62,0x60,0x00,0x20,0x08,0x06,0x0d,0x38,0x07,0x62,0x1c,0x04,0x17,0x10,0x68,0xc4,
    0xc0,0x00,0x40,0x10,0x0c,0x1a,0x71,0x0e,0xc0,0x38,0x18,0x86,0x1b,0x84,0x31,0x0e,0xcc,0x60,0xb8,0x61,0x70,0xd0,0xa0,0x84,
    0x40,0x0d,0x7e,0x03,0x22,0x3e,0xd3,0x0d,0x01,0xfc,0x06,0x82,0x1d,0xbc,0x1c,0x80,0x60,0xb8,0x01,0x31,0xe3,0xc0,0x0c,0x86,
    0x1b,0x04,0x0a,0x0d,0x4a,0x08,0x74,0xba,0x41,0xa9,0xdf,0x20,0xb0,0xc0,0x80,0xcf,0x2c,0x81,0x68,0x0c,0x74,0x0c,0x42,0x68,
    0x90,0x01,0x68,0xc0,0xbf,0xe0,0x17,0xb3,0x0c,0xa3,0x61,0x1a,0x2a,0x32,0xcb,0x50,0x1a,0xa4,0x51,0x1e,0xc3,0x11,0xf6,0x81,
    0xbf,0xc1,0xf0,0x0d,0x47,0xdc,0x87,0xfe,0x06,0xc4,0x57,0x42,0xa0,0xd3,0x0d,0xfc,0x1b,0xec,0x6f,0x10,0xcc,0x12,0x98,0xc6,
    0x71,0x83,0xb2,0x60,0x3f,0xe4,0x63,0x41,0x08,0x07,0xf0,0x19,0x31,0x30,0x00,0x10,0x04,0x83,0xc6,0x9e,0x03,0x3c,0x0e,0x82,
    0x0b,0x08,0x34,0x62,0x60,0x00,0x20,0x08,0x06,0x0d,0x3e,0x07,0x76,0x1c,0x0c,0xc3,0x0d,0x42,0x1e,0x07,0x66,0x30,0xdc,0x30,
    0x8c,0x01,0x1a,0x94,0x10,0xa8,0x99,0x70,0x40,0xc4,0x67,0xba,0x21,0x30,0xe1,0x40,0xb0,0x43,0x9e,0x03,0x10,0x0c,0x37,0x20,
    0x7c,0x1c,0x98,0xc1,0x70,0x83,0x90,0x06,0x68,0x50,0x42,0xa0,0xd3,0x0d,0xca,0x0a,0x07,0x81,0x05,0x06,0x7c,0x66,0x09,0x4c,
    0x63,0xa0,0x63,0x10,0x4a,0x83,0x0c,0x48,0x83,0x07,0x07,0xd1,0xb0,0xe0,0x92,0xcf,0x2c,0xc3,0x69,0xa8,0x06,0x2f,0xcc,0x32,
    0xa4,0x06,0x6a,0xf0,0xc7,0x70,0x04,0x8b,0xbc,0x70,0x30,0x7c,0xc3,0x11,0x2d,0x12,0xc3,0x01,0xf1,0x95,0x10,0xe8,0x74,0xc3,
    0x0c,0x07,0x32,0x1c,0x04,0xb3,0x04,0xaa,0x71,0x72,0x30,0x28,0x0b,0x62,0x44,0x3e,0x16,0xe0,0x70,0x00,0x9f,0x11,0x03,0x03,
    0x00,0x41,0x30,0x68,0x5a,0x3a,0x78,0xe5,0x20,0xb8,0x80,0x40,0x23,0x06,0x06,0x00,0x82,0x60,0xd0,0xbc,0x74,0xd0,0xca,0xc1,
    0x30,0xdc,0x20,0xc0,0x72,0x60,0x06,0xc3,0x0d,0x43,0x1e,0xa0,0x41,0x09,0x81,0x5a,0x0f,0x07,0x44,0x7c,0xa6,0x1b,0x82,0x1e,
    0x0e,0x04,0x3b,0x52,0x3a,0x00,0xc1,0x70,0x03,0x32,0xcb,0x81,0x19,0x0c,0x37,0x08,0x7f,0x80,0x06,0x25,0x04,0x3a,0xdd,0xa0,
    0x88,0x71,0x10,0x58,0x60,0xc0,0x67,0x96,0x40,0x35,0x06,0x3a,0x06,0x21,0x35,0xc8,0x00,0x35,0x54,0x71,0x30,0x0d,0xbb,0x02,
    0xf9,0x9c,0x5a,0x0c,0x6a,0xc4,0xe0,0x01,0x40,0x10,0x0c,0x30,0x9d,0x0e,0x70,0x39,0x28,0xe3,0xa0,0x86,0x03,0x33,0x29,0x13,
    0x32,0x49,0xe3,0x20,0xa6,0x83,0x98,0x0e,0x62,0x3a,0x08,0x46,0x13,0x02,0x60,0x34,0x41,0x08,0x46,0x13,0x06,0x61,0x34,0x81,
    0x18,0x8c,0xd0,0x85,0xf8,0x18,0xa1,0x0b,0xf1,0x31,0x42,0x17,0xe2,0x63,0x84,0x2e,0xc4,0xc7,0x88,0x45,0x3e,0x46,0x30,0xf2,
    0x31,0xa2,0x91,0x8f,0x11,0x8e,0x7c,0x8c,0x10,0x07,0xf8,0x18,0x21,0x0e,0xf0,0x31,0x42,0x1c,0xe0,0x63,0x84,0x38,0xc0,0xc7,
    0x7c,0x01,0x89,0x8f,0xf9,0x02,0x12,0x1f,0xf3,0x05,0x24,0x3e,0xe6,0x0b,0x48,0x7c,0x8c,0xe0,0x0b,0xf9,0x18,0xd1,0x17,0xf2,
    0x31,0xc2,0x2f,0xe4,0x63,0xc4,0x5f,0xc8,0xc7,0x08,0x06,0x3e,0x46,0x30,0xf0,0x31,0x82,0x81,0x8f,0x11,0x0c,0x7c,0x66,0x09,
    0x58,0x63,0xc4,0xe0,0x01,0x40,0x10,0x0c,0xb0,0xbb,0x0e,0xea,0x39,0x10,0xe5,0x40,0x8e,0x83,0x51,0x11,0x95,0x50,0x31,0xe5,
    0xc0,0xad,0x03,0xb7,0x0e,0xdc,0x3a,0x08,0x97,0xd1,0x84,0x00,0x18,0x4d,0x10,0x82,0xd1,0x84,0x41,0x18,0x4d,0x20,0x86,0x59,
    0x02,0xd6,0x18,0xe8,0x18,0x90,0xd5,0x20,0x9b,0xb8,0x90,0x54,0x63,0xa0,0x63,0x40,0x56,0x83,0x6c,0xe2,0x42,0x52,0x8d,0x81,
    0x8e,0x01,0x59,0x0d,0xb2,0x89,0x0b,0x49,0x35,0x06,0x3a,0x06,0x64,0x35,0xc8,0x26,0x2e,0x24,0xd5,0x30,0x02,0x57,0xe0,0x63,
    0x04,0xae,0xc0,0xc7,0x08,0x5c,0x81,0x8f,0x11,0xb8,0x02,0x1f,0xc3,0x15,0xbe,0x0e,0x60,0x30,0xdc,0x10,0xfc,0x0a,0x1a,0xcc,
    0x32,0x84,0x45,0x6b,0x04,0xb3,0x04,0xae,0x31,0x50,0x31,0x98,0xe5,0xf0,0x13,0x4c,0x6b,0x0c,0x54,0x0c,0x68,0x39,0xfc,0x04,
    0xd3,0x1a,0x03,0x15,0x83,0x5a,0x0e,0x3f,0xc1,0xb4,0xc6,0x40,0xc5,0xc0,0x96,0xc3,0x4f,0x30,0xad,0x61,0x84,0xbe,0xd0,0xc7,
    0x88,0x7d,0xa1,0x8f,0x11,0xfc,0x42,0x1f,0x23,0xfa,0x85,0x3e,0xb3,0x04,0xff,0x33,0x62,0x60,0x00,0x20,0x08,0x06,0x8d,0x6c,
    0x07,0x25,0x1d,0xc0,0x6a,0x60,0xc1,0xa9,0x06,0xf2,0x31,0xe1,0x54,0x03,0xf9,0xd8,0x60,0xaa,0x81,0x7c,0x8c,0x60,0xd5,0x40,
    0x3e,0x56,0xb0,0x6a,0x20,0x1f,0x33,0x54,0x35,0x90,0xcf,0x88,0x41,0x05,0x80,0x20,0x18,0x68,0xb4,0x1d,0x8c,0x74,0x00,0xce,
    0x01,0x2c,0x07,0x73,0x1a,0xc8,0x69,0x10,0xa7,0x01,0x39,0x07,0xac,0x1d,0xb0,0x76,0xc0,0xda,0xc1,0x20,0x04,0x46,0x41,0x90,
    0x73,0x30,0x9a,0x10,0x00,0xa3,0x09,0x42,0x30,0x9a,0x30,0x08,0xa3,0x09,0xc4,0x30,0x4b,0xf0,0x3f,0xb3,0x0c,0xb1,0x51,0x22,
    0x24,0x1a,0x8c,0x18,0x1c,0x00,0x08,0x82,0x41,0x77,0xdb,0x41,0x4e,0x07,0xe6,0x1c,0xc4,0x76,0x30,0x9a,0x10,0x00,0xa3,0x09,
    0x42,0x30,0x9a,0x30,0x08,0x37,0x0c,0xea,0x86,0x41,0xdd,0x30,0x28,0x1b,0x72,0x35,0x90,0x8f,0x0d,0xb9,0x1a,0xc8,0xc7,0x06,
    0x5c,0x0d,0xe4,0x63,0xc3,0x20,0x1f,0x1b,0x06,0xf9,0x98,0x10,0xc0,0xc7,0x08,0x42,0x3e,0x26,0x04,0xf0,0x19,0x31,0x30,0x00,
    0x10,0x04,0x83,0xa6,0xbd,0x83,0xb2,0x0e,0x02,0x63,0xc8,0x35,0x90,0x8f,0x31,0xe4,0x1a,0xc8,0xc7,0x18,0x71,0x0d,0xe4,0x63,
    0xc3,0x20,0x1f,0x1b,0x06,0xf9,0x98,0x10,0xc0,0xc7,0x08,0x42,0x3e,0x26,0x04,0xf0,0x19,0x31,0x30,0x00,0x10,0x04,0x83,0xc6,
    0xbe,0x03,0xb7,0x0e,0x82,0x11,0x83,0x03,0x00,0x41,0x30,0x88,0xea,0x3b,0xd0,0xeb,0x20,0x50,0x46,0x0c,0x0e,0x00,0x04,0xc1,
    0x20,0xb2,0xef,0x20,0xaf,0x03,0x61,0x19,0x8e,0x10,0x46,0x3a,0x50,0xbe,0x59,0x06,0xd9,0x98,0x8d,0x60,0xc4,0xe0,0x00,0x40,
    0x10,0x0c,0x22,0xfc,0x0e,0xfa,0x3a,0x10,0x54,0x3a,0x30,0x22,0xa0,0xcf,0x88,0x81,0x01,0x80,0x20,0x18,0x34,0xfc,0x1d,0xb4,
    0x75,0x10,0x8c,0x18,0x1c,0x00,0x08,0x82,0x41,0xb4,0xdf,0x01,0x68,0x07,0x27,0x1d,0x04,0x23,0x06,0x07,0x00,0x82,0x60,0x10,
    0xf1,0x77,0xf0,0xd7,0x41,0xbd,0x06,0xc1,0x2c,0xc1,0x6c,0x0c,0x54,0x0c,0x82,0x6c,0xc8,0xe8,0x10,0x1b,0x96,0x04,0xf4,0x19,
    0x31,0x38,0x00,0x10,0x04,0x83,0xe8,0xbf,0x03,0xd2,0x0e,0x82,0x64,0xc4,0xe0,0x00,0x40,0x10,0x0c,0x22,0x10,0x0f,0x4a,0x3b,
    0x08,0x60,0x3a,0x18,0x31,0x30,0x00,0x10,0x04,0x83,0x66,0xc4,0x03,0xbd,0x0e,0x02,0x0b,0x44,0x36,0x80,0xcf,0x88,0xc1,0x01,
    0x80,0x20,0x18,0x44,0x23,0x1e,0xa0,0x76,0x10,0xfc,0x6b,0x30,0x1c,0x01,0x65,0xc3,0x37,0xdd,0xd0,0xaf,0xc1,0xbe,0x06,0xc1,
    0x74,0x43,0xbf,0x06,0xfb,0x1a,0x08,0xd3,0x0d,0xfb,0x1a,0xe8,0x6b,0x30,0x8c,0x18,0x1c,0x00,0x08,0x82,0x01,0x19,0x80,0x78,
    0x60,0xda,0x81,0x3c,0x07,0xb1,0x1d,0x8c,0x26,0x04,0xc0,0x05,0x84,0xa9,0x40,0xbe,0x03,0x1d,0x6e,0x08,0xf6,0x3b,0x00,0x83,
    0x1a,0xf4,0x3a,0xd0,0xe1,0x86,0x00,0xb4,0x03,0x30,0xa8,0x21,0xd8,0x59,0x86,0xda,0xa0,0x8d,0xa0,0x0c,0xd4,0x0e,0x74,0xb8,
    0x21,0x40,0xed,0x00,0x0c,0x66,0x09,0x6a,0x63,0xa0,0x42,0x81,0xdd,0x61,0x36,0x04,0xda,0x38,0x8b,0x40,0xc3,0x0d,0x41,0x8a,
    0x07,0x66,0x30,0xcb,0x60,0x1b,0x24,0x12,0xcc,0x12,0xdc,0xc6,0x40,0xc5,0x10,0x57,0x22,0x02,0xaa,0x83,0x6d,0x0c,0x54,0x0c,
    0x71,0x25,0x22,0xa2,0x3a,0xd8,0xc6,0x40,0xc5,0x10,0x57,0x22,0x42,0xaa,0x83,0x6d,0x0c,0x54,0x0c,0x71,0x25,0x22,0xa6,0x3a,
    0xd8,0xc6,0x40,0x05,0x11,0x57,0x22,0xc2,0xc3,0x83,0x6d,0x5c,0x30,0x30,0x0b,0xd4,0x3a,0x80,0x8f,0x05,0x1f,0x7d,0x2c,0x58,
    0xeb,0x00,0x3e,0x16,0x64,0xf2,0x31,0x21,0x93,0x8f,0x0d,0x99,0x7c,0x6c,0xe8,0xd7,0x00,0x3e,0x36,0xf4,0x6b,0x00,0x1f,0x1b,
    0xfa,0x35,0x80,0xcf,0x2c,0x03,0x6e,0x84,0x88,0x34,0x62,0x70,0x00,0x20,0x08,0x06,0xdd,0x8f,0x07,0xe1,0x1d,0xb8,0x75,0x90,
    0xe3,0xc1,0x68,0x42,0x30,0x8c,0x18,0x1c,0x00,0x08,0x82,0x01,0x19,0xf8,0x78,0x40,0xde,0x01,0x4c,0x07,0xef,0x1d,0x8c,0x26,
    0x04,0xc3,0x05,0x84,0x19,0x6e,0x08,0x7c,0x3c,0x00,0x83,0x59,0x06,0xdd,0xc8,0x8d,0xa0,0x0a,0xf6,0x0e,0xe0,0x82,0x41,0x8d,
    0x18,0x1c,0x00,0x08,0x82,0x41,0xc4,0xe6,0x41,0x7c,0x07,0x69,0x70,0xd7,0xc1,0x88,0xc1,0x01,0x80,0x20,0x18,0x44,0x6d,0x1e,
    0xc0,0x77,0x10,0x08,0xb3,0x04,0xba,0x31,0x50,0x31,0x08,0xb9,0x21,0xaf,0x03,0x6e,0x0c,0x47,0x04,0x7a,0x1d,0x08,0xdf,0x68,
    0x82,0x12,0x8c,0x26,0x2c,0xc2,0x74,0x83,0x10,0x0c,0xc3,0x11,0xc1,0x5f,0x07,0xce,0x37,0xdc,0xc0,0x98,0x79,0x10,0x06,0xc3,
    0x0d,0x8d,0x98,0x07,0x61,0x50,0x42,0xa0,0xb3,0x0c,0xbb,0x81,0x1e,0x81,0x25,0xa6,0x1d,0xc0,0x67,0xc4,0xc0,0x00,0x40,0x10,
    0x0c,0x1a,0x3d,0x0f,0xf8,0x3b,0x08,0x2e,0x20,0xcc,0x88,0xc1,0x01,0x80,0x20,0x18,0x74,0x75,0x1e,0xdc,0x77,0x40,0xda,0x41,
    0x30,0x9a,0x10,0x00,0xa3,0x09,0x42,0x30,0x9a,0x30,0x08,0xb3,0x0c,0xbc,0xf1,0x1b,0x72,0x30,0xcb,0xe0,0x1b,0xbd,0xb1,0x0c,
    0x47,0x74,0xa9,0x1d,0x0c,0xdf,0x70,0x84,0xb7,0xda,0x01,0xf1,0x95,0x10,0xe8,0x74,0x43,0x6b,0x07,0xac,0x1d,0x04,0xb3,0x04,
    0xbf,0x71,0xc7,0xa0,0x2c,0x10,0x03,0xf9,0x58,0x20,0xdb,0x01,0x7c,0x46,0x0c,0x0c,0x00,0x04,0xc1,0xa0,0x39,0xf5,0x20,0xc5,
    0x83,0xe0,0x02,0x02,0x8d,0x18,0x18,0x00,0x08,0x82,0x41,0x93,0xea,0xc1,0x89,0x07,0xc3,0x70,0x83,0xa0,0xe2,0x81,0x19,0x0c,
    0x37,0x0c,0x0e,0x1a,0x94,0x10,0xa8,0xdd,0x76,0x40,0xc4,0x67,0xba,0x21,0xb8,0xed,0x40,0xb0,0x63,0xd4,0x03,0x10,0x0c,0x37,
    0x20,0x2d,0x1e,0x98,0xc1,0x70,0x83,0x40,0xa1,0x41,0x09,0x81,0x4e,0x37,0x28,0xbc,0x1d,0x04,0x16,0x18,0xf0,0x99,0x25,0xf8,
    0x8d,0x81,0x8e,0x41,0xf0,0x0d,0x32,0xe8,0x0d,0xbf,0x1d,0x76,0x63,0x96,0x01,0x3c,0xc6,0xc3,0x14,0x66,0x19,0xc4,0x23,0x3c,
    0xc2,0x60,0x38,0x42,0x0e,0x7e,0x3b,0x18,0xbe,0xe1,0x88,0x39,0x08,0xef,0x80,0xf8,0x4a,0x08,0x74,0xba,0x61,0xbc,0x03,0xf1,
    0x0e,0x82,0x59,0x82,0xf1,0x38,0x6e,0x50,0x16,0xdc,0x81,0x7c,0x2c,0x40,0xef,0x00,0x3e,0x23,0x06,0x06,0x00,0x82,0x60,0xd0,
    0xf4,0x7a,0xf0,0xe3,0x41,0x70,0x01,0x81,0x46,0x0c,0x0c,0x00,0x04,0xc1,0xa0,0xf9,0xf5,0xa0,0xc7,0x83,0x61,0xb8,0x41,0x00,
    0xf3,0xc0,0x0c,0x86,0x1b,0x86,0x31,0x40,0x83,0x12,0x02,0xb5,0xf6,0x0e,0x88,0xf8,0x4c,0x37,0x04,0xed,0x1d,0x08,0x76,0xe4,
    0x7a,0x00,0x82,0xe1,0x06,0x64,0xcc,0x03,0x33,0x18,0x6e,0x10,0xd2,0x00,0x0d,0x4a,0x08,0x74,0xba,0x41,0x91,0xef,0x20,0xb0,
    0xc0,0x80,0xcf,0x2c,0xc1,0x78,0x0c,0x74,0x0c,0x82,0x78,0x90,0x41,0x78,0xa8,0xef,0xf0,0x1b,0x16,0x5c,0xf2,0xa9,0x70,0x18,
    0xf3,0x40,0x87,0x1b,0x82,0x31,0x0f,0xc0,0x60,0x96,0x81,0x3c,0xce,0x23,0x98,0x65,0x30,0x8f,0xf2,0xd0,0x83,0xe1,0x08,0x55,
    0xc0,0xef,0x60,0xf8,0x86,0x23,0x56,0x41,0xbf,0x03,0xe2,0x2b,0x21,0xd0,0xe9,0x06,0xfe,0x0e,0xf6,0x3b,0x08,0x66,0x09,0xce,
    0xe3,0xe8,0x60,0x50,0x16,0xbc,0x82,0x7c,0x2c,0x08,0xf1,0x00,0x3e,0x23,0x06,0x06,0x00,0x82,0x60,0xd0,0xd8,0x7b,0x80,0xe7,
    0x41,0x70,0x01,0x81,0x46,0x0c,0x0c,0x00,0x04,0xc1,0xa0,0xc1,0xf7,0xc0,0xce,0x83,0x61,0xb8,0x41,0xc8,0xf3,0xc0,0x0c,0x86,
    0x1b,0x86,0x3d,0x40,0x83,0x12,0x02,0x35,0x13,0x0f,0x88,0xf8,0x4c,0x37,0x04,0x26,0x1e,0x08,0x76,0xc8,0x7b,0x00,0x82,0xe1,
    0x06,0x84,0xcf,0x03,0x33,0x18,0x6e,0x10,0x42,0x01,0x0d,0x4a,0x08,0x74,0xba,0x41,0x59,0xf1,0x20,0xb0,0xc0,0x80,0xcf,0x2c,
    0xc1,0x79,0x0c,0x74,0x0c,0x82,0x79,0x90,0x41,0x79,0xf0,0xf0,0x30,0x1e,0x96,0x05,0xf2,0xb9,0x55,0x18,0xd4,0x88,0xc1,0x03,
    0x80,0x20,0x18,0x60,0x23,0x1f,0x84,0x7a,0xf0,0xe2,0xc1,0x7f,0x07,0xe4,0x30,0x0e,0xe2,0x20,0xe3,0x81,0xbe,0x07,0xfa,0x1e,
    0xe8,0x7b,0x10,0x8c,0x26,0x04,0xc0,0x68,0x82,0x10,0x8c,0x26,0x0c,0xc2,0x68,0x02,0x31,0x8c,0x18,0x1c,0x00,0x08,0x82,0x01,
    0x19,0x88,0x7c,0x80,0xea,0x01,0x7d,0x07,0xa7,0x1e,0x8c,0x26,0x04,0xc0,0x68,0x82,0x10,0x8c,0x26,0x0c,0xc2,0x68,0x02,0x31,
    0x58,0x42,0xc4,0xc7,0x12,0x22,0x3e,0x96,0x10,0xf1,0xb1,0x84,0x88,0x8f,0x11,0x90,0x7c,0x8c,0x88,0xe4,0x63,0x84,0x24,0x1f,
    0x23,0x26,0xf9,0x18,0xc1,0xc0,0xc7,0x08,0x06,0x3e,0x46,0x30,0xf0,0x31,0x82,0x81,0xcf,0x2c,0x81,0x88,0x8c,0x18,0x18,0x00,
    0x08,0x82,0x41,0xd3,0xf3,0xc1,0xaf,0x07,0xed,0x70,0x01,0x61,0x0a,0x1f,0x7e,0x3d,0x80,0x12,0x68,0x3e,0x80,0x11,0x83,0x03,
    0x00,0x41,0x30,0xf8,0x72,0x3e,0xa8,0xf5,0x20,0x10,0x46,0x0c,0x0c,0x00,0x04,0xc1,0xa0,0x11,0xfb,0x00,0xdc,0x03,0x79,0x18,
    0x31,0x38,0x00,0x10,0x04,0x83,0x8e,0xe7,0x03,0x5f,0x0f,0xd6,0x3c,0x10,0x46,0x13,0x02,0x60,0x34,0x41,0x08,0x46,0x13,0x06,
    0x61,0x96,0x21,0x3d,0xd8,0x23,0x27,0x66,0x19,0xd6,0x43,0x3d,0xe4,0x61,0x38,0x82,0x24,0xe0,0x3c,0x18,0xbe,0xe1,0x88,0x92,
    0x90,0xf3,0x80,0xf8,0x4a,0x08,0x74,0xba,0x81,0xce,0x83,0x39,0x0f,0x82,0x59,0x02,0xf6,0xb8,0x63,0x50,0x16,0xa4,0x84,0x7c,
    0x2c,0xc8,0xf3,0x00,0x3e,0x23,0x06,0x06,0x00,0x82,0x60,0xd0,0xb8,0x7d,0x00,0xef,0x41,0x70,0x01,0x81,0x46,0x0c,0x0c,0x00,
    0x04,0xc1,0xa0,0x81,0xfb,0xc0,0xdd,0x83,0x61,0xb8,0x41,0x88,0xf7,0xc0,0x0c,0x86,0x1b,0x06,0x07,0x0d,0x4a,0x08,0xd4,0xfc,
    0x3c,0x20,0xe2,0x33,0xdd,0x10,0xf8,0x79,0x20,0xd8,0xa1,0xf6,0x01,0x08,0x86,0x1b,0x10,0x7a,0x0f,0xcc,0x60,0xb8,0x41,0xa0,
    0xd0,0xa0,0x84,0x40,0xa7,0x1b,0x94,0x51,0x0f,0x02,0x0b,0x0c,0xf8,0xcc,0x12,0xb0,0xc7,0x40,0xc7,0x20,0xac,0x07,0x19,0xa8,
    0x07,0x4b,0x0f,0xe8,0x31,0xcb,0xd0,0x1e,0xf0,0xd1,0x16,0xb3,0x0c,0xef,0xe1,0x1e,0x28,0x31,0x1c,0x91,0x13,0xa6,0x1e,0x0c,
    0xdf,0x70,0x84,0x4e,0xa0,0x7a,0x40,0x7c,0x25,0x04,0x3a,0xdd,0xa0,0xea,0x41,0xaa,0x07,0xc1,0x2c,0x01,0x7c,0x1c,0x37,0x28,
    0x0b,0x7c,0x42,0x3e,0x16,0xbc,0x7a,0x00,0x9f,0x11,0x03,0x03,0x00,0x41,0x30,0x68,0x48,0x3f,0x30,0xf9,0x20,0xb8,0x80,0x40,
    0x23,0x06,0x06,0x00,0x82,0x60,0xd0,0x98,0x7e,0x40,0xf2,0xc1,0x30,0xdc,0x20,0x9c,0x7c,0x60,0x06,0xc3,0x0d,0xc3,0x18,0xa0,
    0x41,0x09,0x81,0x1a,0xad,0x07,0x44,0x7c,0xa6,0x1b,0x02,0x5a,0x0f,0x04,0x3b,0x40,0x3f,0x00,0xc1,0x70,0x03,0xa2,0xf2,0x81,
    0x19,0x0c,0x37,0x08,0x69,0x80,0x06,0x25,0x04,0x3a,0xdd,0xa0,0xe4,0x7a,0x10,0x58,0x60,0xc0,0x67,0x96,0x00,0x3e,0x06,0x3a,
    0x06,0xe1,0x3d,0xc8,0xc0,0x3d,0xf0,0x7a,0x60,0x0f,0x0b,0x2e,0xf9,0x14,0x6a,0xa8,0x7c,0xa0,0xc3,0x0d,0x81,0xca,0x07,0x60,
    0x30,0xcb,0x10,0x1f,0xf4,0x11,0xcc,0x32,0xcc,0x87,0x7c,0x84,0xc5,0x70,0x44,0x5c,0xfc,0x7a,0x30,0x7c,0xc3,0x11,0x72,0x11,
    0xee,0x01,0xf1,0x95,0x10,0xe8,0x74,0xc3,0xb8,0x07,0xe2,0x1e,0x04,0xb3,0x04,0xf4,0x71,0x74,0x30,0x28,0x0b,0xec,0x42,0x3e,
    0x16,0xa0,0x7b,0x00,0x9f,0x11,0x03,0x03,0x00,0x41,0x30,0x68,0x7a,0x3f,0xf8,0xf9,0x20,0xb8,0x80,0x40,0x23,0x06,0x06,0x00,
    0x82,0x60,0xd0,0xfc,0x7e,0xd0,0xf3,0xc1,0x30,0xdc,0x20,0x80,0x7d,0x60,0x06,0xc3,0x0d,0xc3,0x1e,0xa0,0x41,0x09,0x81,0x5a,
    0xbb,0x07,0x44,0x7c,0xa6,0x1b,0x82,0x76,0x0f,0x04,0x3b,0x72,0x3f,0x00,0xc1,0x70,0x03,0x32,0xf6,0x81,0x19,0x0c,0x37,0x08,
    0xa1,0x80,0x06,0x25,0x04,0x3a,0xdd,0xa0,0xc8,0x7b,0x10,0x58,0x60,0xc0,0x67,0x96,0x80,0x3e,0x06,0x3a,0x06,0x61,0x3e,0xc8,
    0x40,0x3e,0xd4,0x7b,0x80,0x0f,0xcb,0x02,0xf9,0x1c,0x2b,0x0c,0x6a,0xc4,0xe0,0x01,0x40,0x10,0x0c,0x30,0xf5,0x0f,0xd0,0x3e,
    0xb0,0xf7,0xc0,0xdc,0x83,0xd5,0x50,0x8d,0xd4,0xc8,0xf7,0x20,0xfc,0x83,0xf0,0x0f,0xc2,0x3f,0x08,0x46,0x13,0x02,0x60,0x34,
    0x41,0x08,0x46,0x13,0x06,0x61,0x34,0x81,0x18,0x46,0x0c,0x0e,0x00,0x04,0xc1,0x80,0x0c,0xd2,0x3f,0x78,0xfb,0x60,0xd7,0x03,
    0xb7,0x0f,0x46,0x13,0x02,0x60,0x34,0x41,0x08,0x46,0x13,0x06,0x61,0x34,0x81,0x18,0x2c,0x21,0xe2,0x63,0x09,0x11,0x1f,0x4b,
    0x88,0xf8,0x58,0x42,0xc4,0xc7,0x08,0x48,0x3e,0x46,0x44,0xf2,0x31,0x42,0x92,0x8f,0x11,0x93,0x7c,0x46,0x0c,0x0e,0x00,0x04,
    0xc1,0xa0,0xcb,0xff,0x60,0xef,0x03,0x94,0x0f,0xc4,0x61,0x34,0x21,0x00,0x46,0x13,0x84,0x60,0x34,0x61,0x10,0x66,0x19,0xea,
    0x03,0x3f,0xec,0x63,0x96,0xe1,0x3e,0xec,0xe3,0x35,0x86,0x23,0xc2,0xa3,0xe5,0x83,0xe1,0x1b,0x8e,0x10,0x8f,0x97,0x0f,0x88,
    0xaf,0x84,0x40,0xa7,0x1b,0x62,0x3e,0x80,0xf9,0x20,0x98,0x25,0xc0,0x8f,0x3b,0x06,0x65,0x81,0x79,0xc8,0xc7,0x02,0x9b,0x0f,
    0xe0,0x33,0x62,0x60,0x00,0x20,0x08,0x06,0xcd,0x0a,0x0a,0xad,0x1f,0x04,0x17,0x10,0x68,0xc4,0xc0,0x00,0x40,0x10,0x0c,0x9a,
    0x16,0x14,0x56,0x3f,0x18,0x86,0x1b,0x04,0xd7,0x0f,0xcc,0x60,0xb8,0x61,0x70,0xd0,0xa0,0x84,0x40,0x6d,0xe7,0x03,0x22,0x3e,
    0xd3,0x0d,0xc1,0xce,0x07,0x82,0x1d,0x27,0x28,0x80,0x60,0xb8,0x01,0x89,0xfd,0xc0,0x0c,0x86,0x1b,0x04,0x0a,0x0d,0x4a,0x08,
    0x74,0xba,0x41,0x01,0xfb,0x20,0xb0,0xc0,0x80,0xcf,0x2c,0x01,0x7e,0x0c,0x74,0x0c,0xc2,0x7d,0x90,0x81,0x7d,0x98,0xfa,0x40,
    0x1f,0xb3,0x0c,0xf9,0xc1,0x1f,0x2a,0x32,0xcb,0xb0,0x1f,0xfa,0x51,0x1e,0xc3,0x11,0xf6,0x31,0xf6,0xc1,0xf0,0x0d,0x47,0xdc,
    0x47,0xd9,0x07,0xc4,0x57,0x42,0xa0,0xd3,0x0d,0x67,0x1f,0x98,0x7d,0x10,0xcc,0x12,0xf0,0xc7,0x71,0x83,0xb2,0x60,0x3f,0xe4,
    0x63,0x01,0xdb,0x07,0xf0,0x19,0x31,0x30,0x00,0x10,0x04,0x83,0x26,0x0c,0x85,0xf1,0x0f,0x82,0x0b,0x08,0x34,0x62,0x60,0x00,
    0x20,0x08,0x06,0xcd,0x18,0x0a,0xe1,0x1f,0x0c,0xc3,0x0d,0x02,0xf9,0x07,0x66,0x30,0xdc,0x30,0x8c,0x01,0x1a,0x94,0x10,0xa8,
    0xc5,0x7d,0x40,0xc4,0x67,0xba,0x21,0x88,0xfb,0x40,0xb0,0xa3,0x07,0x05,0x10,0x0c,0x37,0x20,0xe7,0x1f,0x98,0xc1,0x70,0x83,
    0x90,0x06,0x68,0x50,0x42,0xa0,0xd3,0x0d,0x8a,0xdd,0x07,0x81,0x05,0x06,0x7c,0x66,0x09,0xf8,0x63,0xa0,0x63,0x10,0xf6,0x83,
    0x0c,0xf4,0x43,0xde,0x07,0xfc,0xb0,0xe0,0x92,0xcf,0x2c,0x43,0x7f,0x80,0x08,0x2f,0xcc,0x32,0xfc,0x87,0x7f,0xf0,0xc7,0x70,
    0x04,0x8b,0xe8,0x7d,0x30,0x7c,0xc3,0x11,0x2d,0xc2,0xf7,0x01,0xf1,0x95,0x10,0xe8,0x74,0x83,0xdf,0x07,0x7d,0x1f,0x04,0xb3,
    0x04,0x20,0x72,0x72,0x30,0x28,0x0b,0x62,0x44,0x3e,0x16,0x8c,0x7e,0x00,0x9f,0x11,0x03,0x03,0x00,0x41,0x30,0x68,0xf0,0x50,
    0xd0,0xff,0x20,0xb8,0x80,0x40,0x23,0x06,0x06,0x00,0x82,0x60,0xd0,0xe8,0xa1,0x80,0xff,0xc1,0x30,0xdc,0x20,0xec,0x7f,0x60,
    0x06,0xc3,0x0d,0x43,0x1e,0xa0,0x41,0x09,0x81,0x1a,0xea,0x07,0x44,0x7c,0xa6,0x1b,0x02,0xd4,0x0f,0x04,0x3b,0xe8,0x50,0x00,
    0xc1,0x70,0x03,0xe2,0xff,0x81,0x19,0x0c,0x37,0x08,0x7f,0x80,0x06,0x25,0x04,0x3a,0xdd,0xa0,0xb4,0x7e,0x10,0x58,0x60,0xc0,
    0x67,0x96,0x00,0x44,0x06,0x3a,0x06,0xe1,0x3f,0xc8,0xc0,0x3f,0xc0,0x7e,0xe0,0x0f,0xbb,0x02,0xf9,0x9c,0x5a,0x0c,0x6a,0xc4,
    0xe0,0x01,0x40,0x10,0x0c,0xb0,0x52,0x14,0x46,0x50,0x88,0xfd,0x20,0xf4,0x03,0x33,0x29,0x13,0x32,0xa1,0xfd,0x80,0x0f,0x05,
    0x3e,0x14,0xf8,0x50,0x08,0x46,0x13,0x02,0x60,0x34,0x41,0x08,0x46,0x13,0x06,0x61,0x34,0x81,0x18,0x8c,0xd0,0x85,0xf8,0x18,
    0xa1,0x0b,0xf1,0x31,0x42,0x17,0xe2,0x63,0x84,0x2e,0xc4,0xc7,0x88,0x45,0x3e,0x46,0x30,0xf2,0x31,0xa2,0x91,0x8f,0x11,0x8e,
    0x7c,0x8c,0x10,0x07,0xf8,0x18,0x21,0x0e,0xf0,0x31,0x42,0x1c,0xe0,0x63,0x84,0x38,0xc0,0xc7,0x7c,0x01,0x89,0x8f,0xf9,0x02,
    0x12,0x1f,0xf3,0x05,0x24,0x3e,0xe6,0x0b,0x48,0x7c,0x8c,0xe0,0x0b,0xf9,0x18,0xd1,0x17,0xf2,0x31,0xc2,0x2f,0xe4,0x63,0xc4,
    0x5f,0xc8,0xc7,0x08,0x06,0x3e,0x46,0x30,0xf0,0x31,0x82,0x81,0x8f,0x11,0x0c,0x7c,0x66,0x09,0x44,0x64,0xc4,0xe0,0x01,0x40,
    0x10,0x0c,0x30,0x71,0x14,0xc0,0x50,0x70,0xff,0xc0,0xf7,0x83,0x51,0x11,0x95,0x50,0x89,0xff,0x20,0x17,0x85,0x5c,0x14,0x72,
    0x51,0x08,0x97,0xd1,0x84,0x00,0x18,0x4d,0x10,0x82,0xd1,0x84,0x41,0x18,0x4d,0x20,0x86,0x59,0x02,0x11,0x19,0xe8,0x18,0x90,
    0x10,0x21,0x9b,0xf3,0x90,0x40,0x64,0xa0,0x63,0x40,0x42,0x84,0x6c,0xce,0x43,0x02,0x91,0x81,0x8e,0x01,0x09,0x11,0xb2,0x39,
    0x0f,0x09,0x44,0x06,0x3a,0x06,0x24,0x44,0xc8,0xe6,0x3c,0x24,0x10,0x31,0x02,0x57,0xe0,0x63,0x04,0xae,0xc0,0xc7,0x08,0x5c,
    0x81,0x8f,0x11,0xb8,0x02,0x1f,0xc3,0x95,0x73,0x14,0x60,0x30,0xdc,0x10,0xfc,0x0a,0x1a,0xcc,0x32,0xdc,0xc6,0x88,0x04,0xb3,
    0x04,0x24,0x32,0x50,0x31,0xf0,0xff,0x50,0x1b,0xcc,0x88,0x0c,0x54,0x0c,0xfe,0x3f,0xd4,0x06,0x33,0x22,0x03,0x15,0x03,0x08,
    0x12,0xb5,0xc1,0x8c,0xc8,0x40,0xc5,0x20,0x82,0x44,0x6d,0x30,0x23,0x62,0x84,0xbe,0xd0,0xc7,0x88,0x7d,0xa1,0x8f,0x11,0xfc,
    0x42,0x1f,0x23,0xfa,0x85,0x3e,0xb3,0x04,0xff,0x33,0x62,0x60,0x00,0x20,0x08,0x06,0x4d,0x3f,0x0a,0x70,0x28,0xec,0x77,0x60,
    0x81,0x7c,0x07,0xf2,0x31,0x41,0xbe,0x03,0xf9,0xd8,0x10,0xdf,0x81,0x7c,0x8c,0xb8,0xef,0x40,0x3e,0x56,0xdc,0x77,0x20,0x1f,
    0x33,0xea,0x3b,0x90,0xcf,0x88,0x41,0x05,0x80,0x20,0x18,0x68,0xff,0x28,0xb8,0xa1,0xc0,0x82,0x02,0xff,0x07,0xbe,0x1d,0xf4,
    0x76,0xc0,0xdb,0xc1,0x0b,0x0a,0xf7,0x28,0xdc,0xa3,0x70,0x8f,0xc2,0x20,0x04,0x46,0x41,0xbc,0xa0,0x30,0x9a,0x10,0x00,0xa3,
    0x09,0x42,0x30,0x9a,0x30,0x08,0xa3,0x09,0xc4,0x30,0x4b,0xf0,0x3f,0xc3,0x0d,0xf9,0x1e,0xe4,0xa3,0x00,0x06,0xc3,0x0d,0xee,
    0x1e,0xf4,0xa3,0x10,0x06,0x15,0x08,0x3a,0xcb,0x70,0x22,0x2b,0x12,0x0c,0x37,0xb4,0x7b,0xf0,0x8f,0x02,0x18,0xcc,0x32,0xa0,
    0x48,0x8a,0x04,0x23,0x06,0x10,0x00,0x82,0x60,0x60,0x9d,0xa4,0xd0,0x87,0x82,0x09,0x0a,0xf6,0x1f,0x9c,0x77,0x60,0xde,0x01,
    0x0e,0x0a,0x38,0x28,0x80,0xa4,0x00,0x92,0x02,0x2b,0x0a,0xe5,0x1d,0xe0,0xa0,0x30,0x9a,0x10,0x00,0xb3,0x04,0xff,0x33,0xdc,
    0x00,0xef,0xc1,0x48,0x0a,0x60,0x30,0xcb,0xa0,0x22,0xff,0x13,0x8c,0x18,0x40,0x00,0x08,0x82,0x81,0xa5,0x92,0x02,0x28,0x0a,
    0x2a,0x28,0xe8,0x7f,0xa0,0xde,0x41,0x7a,0x07,0x3b,0x28,0xec,0xa0,0x30,0x92,0xc2,0x48,0x0a,0xaf,0x28,0xa0,0x77,0xb0,0x83,
    0xc2,0x68,0x42,0x00,0xcc,0x12,0xfc,0xcf,0x70,0xc3,0xbc,0x07,0x22,0x29,0x80,0xc1,0x2c,0x03,0x8b,0x94,0x4c,0x30,0x62,0x70,
    0x00,0x20,0x08,0x06,0x64,0x90,0x92,0xc2,0x2b,0x0a,0xfb,0x1f,0xd0,0xa1,0x30,0x9a,0x10,0x00,0x17,0x10,0xa6,0x82,0x7d,0x14,
    0x74,0xb8,0x21,0x20,0x49,0x01,0x0c,0x6a,0x18,0x45,0x41,0x87,0x1b,0x82,0x54,0x14,0xc0,0xa0,0x86,0x60,0x67,0x19,0x52,0xa5,
    0x45,0x54,0x3c,0x18,0x31,0x30,0x00,0x10,0x04,0x83,0x66,0x27,0x05,0x57,0x14,0x72,0x3c,0xb0,0x00,0xc6,0x03,0xf9,0x98,0x00,
    0xe3,0x81,0x7c,0x6c,0xa0,0xf1,0x40,0x3e,0x46,0xd0,0x78,0x20,0x9f,0x59,0x86,0x17,0x71,0x11,0x63,0xc4,0xa0,0x02,0x40,0x10,
    0x0c,0xb4,0x9d,0x14,0x54,0x51,0xd8,0x41,0x61,0x05,0x05,0xfd,0x0e,0xf2,0x3b,0x58,0x43,0x61,0x0d,0x85,0x99,0x14,0x66,0x52,
    0xf8,0x45,0x41,0x08,0xd6,0x50,0x20,0x86,0x35,0x14,0xd6,0x50,0x18,0x4d,0x08,0x80,0xd1,0x04,0x21,0x18,0x4d,0x18,0x84,0xd1,
    0x04,0x62,0x98,0x25,0xf0,0x9f,0x11,0x83,0x03,0x00,0x41,0x30,0xe8,0x7c,0x52,0x00,0x47,0x01,0x0c,0x05,0x9c,0x14,0x46,0x13,
    0x02,0x60,0x34,0x41,0x08,0x46,0x13,0x86,0xe1,0x86,0x41,0xdd,0x30,0x28,0x13,0x1a,0xf9,0x98,0xd0,0xc8,0xc7,0x04,0x41,0x3e,
    0x26,0x08,0xf2,0x31,0x21,0x80,0xcf,0x88,0x81,0x01,0x80,0x20,0x18,0x34,0x70,0x29,0xa0,0xa3,0x10,0x18,0x52,0xc9,0xc7,0x90,
    0x4a,0x3e,0x26,0x08,0xf2,0x31,0x41,0x90,0x8f,0x09,0x01,0x7c,0x46,0x0c,0x0c,0x00,0x04,0xc1,0xa0,0xb1,0x4b,0xc1,0x1d,0x85,
    0x60,0xc4,0xe0,0x00,0x40,0x10,0x0c,0xa2,0xba,0x14,0xf4,0x51,0x38,0x82,0x11,0x83,0x03,0x00,0x41,0x30,0x88,0xec,0x52,0xd8,
    0x47,0x21,0x30,0x45,0x61,0xc4,0xc0,0x00,0x40,0x10,0x0c,0x9a,0xbc,0x14,0xe0,0x51,0x08,0x46,0x0c,0x0e,0x00,0x04,0xc1,0x20,
    0xc2,0x4b,0xa1,0x1f,0x85,0x80,0xce,0x83,0xe1,0x88,0x80,0x14,0x05,0xe1,0x1b,0x4d,0x48,0x83,0x60,0x34,0x41,0x0d,0x84,0xe9,
    0x06,0x21,0x18,0x2e,0x20,0xcc,0x70,0x43,0xb0,0x96,0x02,0x18,0x94,0x11,0xe8,0x68,0xc2,0x1b,0x0c,0x17,0x10,0x66,0x96,0x01,
    0x46,0xcc,0x64,0xa8,0x20,0x2e,0x05,0x1c,0x31,0x38,0x00,0x10,0x04,0x83,0xaf,0x2f,0x05,0x76,0x14,0xf2,0x52,0x08,0x2e,0x18,
    0x94,0x41,0x01,0x7d,0x46,0x0c,0x0e,0x00,0x04,0xc1,0x20,0x32,0x4d,0x21,0x25,0x05,0x4c,0x1a,0x31,0x38,0x00,0x10,0x04,0x83,
    0xe8,0x34,0x05,0x96,0x14,0x02,0x61,0xc4,0xe0,0x00,0x40,0x10,0x0c,0x22,0xd4,0x14,0x5a,0x52,0x08,0x68,0x51,0x30,0x2a,0xa0,
    0xcf,0x88,0x81,0x01,0x80,0x20,0x18,0x34,0xac,0x29,0xf4,0xa3,0x10,0x8c,0x18,0x1c,0x00,0x08,0x82,0x41,0xb4,0x9a,0x02,0x4c,
    0x0a,0xc1,0x2d,0x0a,0x23,0x06,0x07,0x00,0x82,0x60,0x10,0xb1,0xa6,0xf0,0x92,0x42,0x80,0x5c,0x40,0x98,0xe1,0x08,0x30,0xd0,
    0x84,0x6f,0xba,0x61,0x0e,0xea,0x20,0x98,0x6e,0x98,0x83,0x3a,0x10,0x8e,0x18,0x94,0x0d,0x01,0x7d,0x6c,0x10,0xe8,0x33,0x62,
    0x60,0x00,0x20,0x08,0x06,0x8d,0x6d,0x0a,0x2d,0x29,0x30,0x23,0x06,0x07,0x00,0x82,0x60,0x10,0xd5,0xa6,0xa0,0x93,0x42,0x10,
    0xeb,0xc1,0x70,0x43,0xb2,0x9a,0x02,0x18,0xcc,0x32,0x94,0x49,0x8c,0x04,0xb3,0x04,0x32,0x32,0x50,0x31,0xc4,0xce,0x98,0x90,
    0x26,0x11,0x23,0x03,0x15,0x43,0xec,0x8c,0x89,0x69,0x12,0x31,0x32,0x50,0x31,0xc4,0xce,0x98,0xa0,0x26,0x11,0x23,0x03,0x15,
    0x43,0xec,0x8c,0x89,0x6a,0x12,0x31,0x32,0x50,0x41,0xc4,0xce,0x98,0x80,0x2d,0x11,0x23,0x17,0x0c,0xaa,0xa0,0x9f,0x14,0xe0,
    0x82,0x41,0x59,0xe0,0x8e,0x82,0x7c,0x8c,0x08,0xe2,0x63,0xc1,0x23,0x1f,0x13,0x1e,0xf9,0x98,0xf0,0xe7,0x01,0x7c,0x4c,0xf8,
    0xf3,0x00,0x3e,0x23,0x06,0x07,0x00,0x82,0x60,0x40,0x06,0xbd,0x29,0x8c,0xa5,0xf0,0x8a,0x02,0x4a,0x0a,0xa3,0x09,0xc1,0x70,
    0x01,0x61,0x2a,0x78,0x4d,0x41,0x87,0x1b,0x02,0xdf,0x14,0xc0,0x60,0x96,0x81,0x46,0x66,0x24,0x28,0x52,0x60,0x4b,0x01,0x2e,
    0x18,0xd4,0x88,0xc1,0x01,0x80,0x20,0x18,0x44,0xec,0x29,0xc4,0xa5,0x70,0xdd,0xa3,0x30,0x62,0x70,0x00,0x20,0x08,0x06,0x51,
    0x7b,0x0a,0x70,0x29,0x04,0xc2,0x2c,0x01,0x8d,0x0c,0x54,0x0c,0xc2,0x8c,0xc8,0x27,0x21,0x23,0xc3,0x0d,0x47,0x78,0x0a,0x61,
    0x30,0xdc,0x80,0xf4,0xa6,0x10,0x06,0x25,0x04,0x3a,0xcb,0x50,0x23,0x3a,0x12,0x18,0x11,0x92,0x02,0x7c,0x46,0x0c,0x0c,0x00,
    0x04,0xc1,0xa0,0xa9,0x4f,0xe1,0x2e,0x85,0xe0,0x02,0xc2,0x8c,0x18,0x1c,0x00,0x08,0x82,0x41,0x07,0x9f,0x82,0x5c,0x0a,0xf2,
    0x28,0x04,0xa3,0x09,0x01,0x30,0x9a,0x20,0x04,0xb3,0x0c,0x36,0x72,0x23,0xe3,0x70,0xc2,0xa0,0x2c,0xb0,0xe4,0x63,0x01,0x4a,
    0x0a,0xf0,0x19,0x31,0x30,0x00,0x10,0x04,0x83,0xa6,0x3f,0x85,0xbf,0x14,0x82,0x0b,0x08,0x34,0x62,0x60,0x00,0x20,0x08,0x06,
    0xcd,0x7f,0x0a,0x7d,0x29,0x0c,0xc3,0x0d,0x02,0x68,0x0a,0x66,0x30,0xdc,0x30,0x24,0x68,0x50,0x42,0xa0,0xd6,0x92,0x02,0x11,
    0x9f,0xe9,0x86,0xa0,0x25,0x05,0xc1,0x8e,0xfc,0x14,0x40,0x30,0xdc,0x80,0x8c,0xa6,0x60,0x06,0xc3,0x0d,0xc2,0x83,0x06,0x25,
    0x04,0x3a,0xdd,0xa0,0xc8,0xa4,0x10,0x58,0x60,0xc0,0x67,0x96,0xe0,0x46,0x06,0x2a,0x06,0xc1,0x46,0xd4,0x94,0xa8,0x91,0x59,
    0x06,0x1c,0xc9,0x91,0x79,0xb8,0x69,0x50,0x16,0x9c,0x81,0x7c,0x2c,0xd0,0x49,0x01,0x3e,0x23,0x06,0x06,0x00,0x82,0x60,0xd0,
    0xbc,0xa8,0x10,0x9b,0x42,0x70,0x01,0x81,0x46,0x0c,0x0c,0x00,0x04,0xc1,0xa0,0x89,0x51,0xe1,0x35,0x85,0x61,0xb8,0x41,0x90,
    0x4d,0xc1,0x0c,0x86,0x1b,0x06,0x0d,0x0d,0x4a,0x08,0xd4,0x7e,0x52,0x20,0xe2,0x33,0xdd,0x10,0xfc,0xa4,0x20,0xd8,0xb1,0xa2,
    0x02,0x08,0x86,0x1b,0x90,0xda,0x14,0xcc,0x60,0xb8,0x41,0x00,0x03,0x34,0x28,0x21,0xd0,0xe9,0x06,0x85,0x2c,0x85,0xc0,0x02,
    0x03,0x3e,0xb3,0x04,0x39,0x32,0x50,0x31,0x08,0x38,0xe2,0xaa,0xc4,0x8d,0x58,0x30,0xc9,0xe7,0xd2,0x60,0x50,0x23,0x06,0x0f,
    0x00,0x82,0x60,0x80,0xf1,0xa8,0xa0,0x9b,0xc2,0x4e,0x0a,0x2b,0x29,0xec,0x81,0x1e,0xac,0xa5,0xb0,0x96,0xc2,0x8c,0x0a,0x33,
    0x2a,0xfc,0xa6,0x10,0x8c,0x26,0x04,0xc0,0x68,0x82,0x10,0x8c,0x26,0x0c,0xc2,0x68,0x02,0x31,0x8c,0x18,0x1c,0x00,0x08,0x82,
    0x01,0x19,0xec,0xa8,0x10,0x9e,0x42,0x4b,0x0a,0xe1,0x29,0x8c,0x26,0x04,0xc0,0x68,0x82,0x10,0x8c,0x26,0x0c,0xc2,0x68,0x02,
    0x31,0x58,0x42,0xc4,0xc7,0x12,0x22,0x3e,0x96,0x10,0xf1,0xb1,0x84,0x88,0x8f,0x11,0x90,0x7c,0x8c,0x88,0xe4,0x63,0x84,0x24,
    0x1f,0x23,0x26,0xf9,0x18,0xc1,0xc0,0xc7,0x08,0x06,0x3e,0x46,0x30,0xf0,0x31,0x82,0x81,0xcf,0x2c,0xc1,0x98,0x8c,0x18,0x18,
    0x00,0x08,0x82,0x41,0x63,0xa7,0x02,0x7e,0x0a,0xa6,0x70,0x01,0x61,0x0a,0x26,0xf0,0x53,0x80,0x12,0xda,0x54,0x80,0x11,0x83,
    0x03,0x00,0x41,0x30,0xf8,0xe4,0x54,0x70,0x4f,0x21,0x10,0x46,0x0c,0x0c,0x00,0x04,0xc1,0xa0,0xd9,0x53,0x21,0x3f,0x85,0x55,
    0x18,0x31,0x38,0x00,0x10,0x04,0x83,0xae,0x4e,0x85,0xfb,0x14,0xee,0x52,0x10,0x46,0x13,0x02,0x60,0x34,0x41,0x08,0x66,0x19,
    0x76,0x84,0x47,0xd0,0xe2,0x84,0x41,0x59,0xb0,0x0b,0xf2,0xb1,0xa0,0x35,0x05,0xf8,0x8c,0x18,0x18,0x00,0x08,0x82,0x41,0x23,
    0xaa,0x02,0x89,0x0a,0xc1,0x05,0x04,0x1a,0x31,0x30,0x00,0x10,0x04,0x83,0x86,0x54,0x05,0x11,0x15,0x86,0xe1,0x06,0xa1,0x44,
    0x05,0x33,0x18,0x6e,0x18,0x12,0x34,0x28,0x21,0x50,0x93,0x4d,0x81,0x88,0xcf,0x74,0x43,0x20,0x9b,0x82,0x60,0x87,0x9f,0x0a,
    0x20,0x18,0x6e,0x40,0x50,0x54,0x30,0x83,0xe1,0x06,0xe1,0x41,0x83,0x12,0x02,0x9d,0x6e,0x50,0x6e,0x53,0x08,0x2c,0x30,0xe0,
    0x33,0x4b,0xc0,0x23,0x03,0x15,0x83,0xb0,0x23,0x74,0x4b,0xe8,0xc8,0x2c,0x43,0x8f,0xf8,0x08,0x5e,0xdc,0x34,0x28,0x0b,0xd8,
    0x41,0x3e,0x16,0xfc,0xa6,0x00,0x9f,0x11,0x03,0x03,0x00,0x41,0x30,0x68,0x68,0x55,0xb0,0x51,0x21,0xb8,0x80,0x40,0x23,0x06,
    0x06,0x00,0x82,0x60,0xd0,0xd8,0xaa,0x40,0xa3,0xc2,0x30,0xdc,0x20,0xdc,0xa8,0x60,0x06,0xc3,0x0d,0x83,0x86,0x06,0x25,0x04,
    0x6a,0xe4,0x29,0x10,0xf1,0x99,0x6e,0x08,0xc8,0x53,0x10,0xec,0x80,0x55,0x01,0x04,0xc3,0x0d,0x88,0x8e,0x0a,0x66,0x30,0xdc,
    0x20,0x80,0x01,0x1a,0x94,0x10,0xe8,0x74,0x83,0x92,0x9e,0x42,0x60,0x81,0x01,0x9f,0x59,0x02,0x1f,0x19,0xa8,0x18,0x84,0x1e,
    0xc1,0x5d,0x82,0x47,0x2c,0x98,0xe4,0x73,0x6a,0x30,0xa8,0x11,0x83,0x07,0x00,0x41,0x30,0xc0,0xc2,0x55,0xf8,0x51,0x01,0x3c,
    0x05,0xd8,0x14,0x40,0xe2,0x1f,0xe0,0x53,0x80,0x4f,0x01,0x57,0x05,0x5c,0x15,0xc8,0x54,0x08,0x46,0x13,0x02,0x60,0x34,0x41,
    0x08,0x46,0x13,0x06,0x61,0x34,0x81,0x18,0x46,0x0c,0x0e,0x00,0x04,0xc1,0x80,0x0c,0xc0,0x55,0x30,0x53,0x41,0x36,0x05,0x33,
    0x15,0x46,0x13,0x02,0x60,0x34,0x41,0x08,0x46,0x13,0x06,0x61,0x34,0x81,0x18,0x2c,0x21,0xe2,0x63,0x09,0x11,0x1f,0x4b,0x88,
    0xf8,0x58,0x42,0xc4,0xc7,0x08,0x48,0x3e,0x46,0x44,0xf2,0x31,0x42,0x92,0x8f,0x11,0x93,0x7c,0x46,0x0c,0x0e,0x00,0x04,0xc1,
    0xa0,0x83,0x57,0x41,0x4e,0x05,0xf9,0x14,0x40,0x61,0x34,0x21,0x00,0x46,0x13,0x84,0x60,0x96,0xe1,0x47,0xc0,0x64,0x3c,0x4e,
    0x18,0x94,0x05,0x36,0x21,0x1f,0x0b,0x50,0x54,0x80,0xcf,0x88,0x81,0x01,0x80,0x20,0x18,0x34,0xfd,0x2a,0xfc,0xa9,0x10,0x5c,
    0x40,0xa0,0x11,0x03,0x03,0x00,0x41,0x30,0x68,0xfe,0x55,0xe8,0x53,0x61,0x18,0x6e,0x10,0x40,0x55,0x30,0x83,0xe1,0x86,0x21,
    0x41,0x83,0x12,0x02,0xb5,0x16,0x15,0x88,0xf8,0x4c,0x37,0x04,0x2d,0x2a,0x08,0x76,0xe4,0xab,0x00,0x82,0xe1,0x06,0x64,0x54,
    0x05,0x33,0x18,0x6e,0x10,0x1e,0x34,0x28,0x21,0xd0,0xe9,0x06,0x45,0x46,0x85,0xc0,0x02,0x03,0x3e,0xb3,0x04,0x60,0x32,0x50,
    0x31,0x08,0x3f,0xa2,0xc6,0x84,0x8f,0xcc,0x32,0x84,0x89,0x98,0xcc,0xc7,0x4d,0x83,0xb2,0xe0,0x2c,0xe4,0x63,0x81,0x8e,0x0a,
    0xf0,0x19,0x31,0x30,0x00,0x10,0x04,0x83,0xe6,0x65,0x85,0x58,0x15,0x82,0x0b,0x08,0x34,0x62,0x60,0x00,0x20,0x08,0x06,0x4d,
    0xcc,0x0a,0xaf,0x2a,0x0c,0xc3,0x0d,0x82,0xac,0x0a,0x66,0x30,0xdc,0x30,0x68,0x68,0x50,0x42,0xa0,0xf6,0xa3,0x02,0x11,0x9f,
    0xe9,0x86,0xe0,0x47,0x05,0xc1,0x8e,0x95,0x15,0x40,0x30,0xdc,0x80,0xd4,0xaa,0x60,0x06,0xc3,0x0d,0x02,0x18,0xa0,0x41,0x09,
    0x81,0x4e,0x37,0x28,0x64,0x2a,0x04,0x16,0x18,0xf0,0x99,0x25,0x10,0x93,0x81,0x8a,0x41,0x08,0x13,0x57,0x26,0xc0,0xc4,0x82,
    0x49,0x3e,0x87,0x0e,0x83,0x1a,0x31,0x78,0x00,0x10,0x04,0x03,0x8c,0x67,0x05,0x5d,0x15,0x76,0x54,0x58,0x51,0x61,0x2f,0xf4,
    0x62,0x4d,0x85,0x35,0x15,0x66,0x56,0x98,0x59,0xe1,0x57,0x85,0x60,0x34,0x21,0x00,0x46,0x13,0x84,0x60,0x34,0x61,0x10,0x46,
    0x13,0x88,0xc1,0x08,0x3d,0x88,0x8f,0x11,0x7a,0x10,0x1f,0x23,0xf4,0x20,0x3e,0x46,0xe8,0x41,0x7c,0x8c,0x58,0xe4,0x63,0x04,
    0x23,0x1f,0x23,0x1a,0xf9,0x18,0xe1,0xc8,0xc7,0x08,0x51,0x80,0x8f,0x11,0xa2,0x00,0x1f,0x23,0x44,0x01,0x3e,0x46,0x88,0x02,
    0x7c,0xcc,0x0f,0x90,0xf8,0x98,0x1f,0x20,0xf1,0x31,0x3f,0x40,0xe2,0x63,0x7e,0x80,0xc4,0xc7,0x08,0x7d,0x90,0x8f,0x11,0xfb,
    0x20,0x1f,0x23,0xf8,0x41,0x3e,0x46,0xf4,0x83,0x7c,0x8c,0x60,0xe0,0x63,0x04,0x03,0x1f,0x23,0x18,0xf8,0x18,0xc1,0xc0,0x67,
    0x96,0x60,0x4c,0x06,0x2a,0x06,0x1b,0xc9,0x11,0x44,0x4c,0x06,0x2a,0x06,0x1b,0xc9,0x11,0x44,0x4c,0x06,0x2a,0x06,0x1b,0xc9,
    0x11,0x44,0x4c,0x06,0x2a,0x06,0x1b,0xc9,0x11,0x44,0x4c,0x8c,0x40,0x0f,0xf8,0x18,0x81,0x1e,0xf0,0x31,0x02,0x3d,0xe0,0x63,
    0x04,0x7a,0xc0,0xc7,0xd0,0x23,0x6f,0x05,0x08,0x0c,0x37,0x04,0xf7,0x01,0x06,0xb3,0x0c,0x64,0x22,0x23,0xc1,0x2c,0x41,0x99,
    0x0c,0x54,0x0c,0x60,0x4d,0xc0,0x08,0x43,0x26,0x03,0x15,0x83,0x58,0x13,0x30,0xc2,0x90,0xc9,0x40,0xc5,0x40,0xd6,0x04,0x8c,
    0x30,0x64,0x32,0x50,0x31,0x98,0x35,0x01,0x23,0x0c,0x99,0x18,0x81,0x1f,0xf4,0x31,0x22,0x3f,0xe8,0x63,0x84,0x7e,0xd0,0xc7,
    0x88,0xfd,0xa0,0xcf,0x2c,0x81,0xff,0x0c,0x37,0xc0,0xc8,0xe8,0x0a,0x61,0x50,0x2d,0x52,0xb7,0x82,0x0e,0x37,0x04,0xa4,0x2b,
    0x80,0xc1,0x2c,0x03,0x9a,0x9c,0x49,0x50,0x6a,0x22,0xb3,0x02,0x5c,0x30,0xa8,0x11,0x83,0x03,0x00,0x41,0x30,0x88,0x64,0x57,
    0xb8,0x59,0x41,0x47,0x7a,0x55,0x18,0x31,0x38,0x00,0x10,0x04,0x83,0x68,0x76,0x05,0x9b,0x15,0x02,0x61,0x96,0x00,0x4d,0x06,
    0x2a,0x06,0xe1,0x4c,0xfc,0x9a,0x30,0x93,0xe1,0x86,0xe3,0x74,0x85,0x30,0x18,0x6e,0x40,0x46,0x57,0x08,0x83,0x12,0x02,0x9d,
    0x65,0x48,0x13,0x3a,0x09,0x8c,0x38,0x57,0x01,0x3e,0x23,0x06,0x06,0x00,0x82,0x60,0xd0,0xec,0xae,0xd0,0xb3,0x42,0x70,0x01,
    0x61,0x46,0x0c,0x0e,0x00,0x04,0xc1,0xa0,0xb3,0x5d,0x01,0x67,0x05,0x5c,0x15,0x82,0xd1,0x84,0x00,0x18,0x4d,0x10,0x82,0x59,
    0x06,0x35,0x69,0x93,0x54,0x99,0x65,0x60,0x93,0x35,0x89,0x86,0x23,0xf4,0x50,0x48,0x57,0x61,0xf8,0x86,0x23,0xf6,0x50,0x58,
    0x57,0x81,0xf8,0x4a,0x08,0x74,0xba,0xa1,0x5d,0x05,0x76,0x15,0x82,0x59,0x82,0x36,0x39,0x63,0x50,0x16,0xfc,0xa1,0x20,0x1f,
    0x0b,0xe4,0x55,0x80,0xcf,0x88,0x81,0x01,0x80,0x20,0x18,0x34,0xe7,0x2b,0xa4,0xad,0x10,0x5c,0x40,0xa0,0x11,0x03,0x03,0x00,
    0x41,0x30,0x68,0xd2,0x57,0x38,0x5b,0x61,0x18,0x6e,0x10,0xd4,0x56,0x30,0x83,0xe1,0x86,0xa1,0x41,0x83,0x12,0x02,0xb5,0x7b,
    0x15,0x88,0xf8,0x4c,0x37,0x04,0xf7,0x2a,0x08,0x76,0x8c,0xaf,0x00,0x82,0xe1,0x06,0xa4,0x6d,0x05,0x33,0x18,0x6e,0x10,0x26,
    0x34,0x28,0x21,0xd0,0xe9,0x06,0x85,0x5f,0x85,0xc0,0x02,0x03,0x3e,0xb3,0x04,0x6d,0x32,0xd0,0x31,0x08,0x6c,0x42,0x06,0x6b,
    0xe2,0xdf,0x44,0x9a,0xcc,0x32,0xb8,0x49,0x9c,0xf4,0xca,0x2c,0x03,0x9c,0xbc,0xc9,0x19,0x0c,0x47,0xbc,0xa2,0xf0,0xaf,0xc2,
    0xf0,0x0d,0x47,0xc0,0xa2,0x10,0xb2,0x02,0xf1,0x95,0x10,0xe8,0x74,0xc3,0xc8,0x0a,0x22,0x2b,0x04,0xb3,0x04,0x71,0x72,0xdb,
    0xa0,0x2c,0xa0,0x45,0x41,0x3e,0x16,0xa0,0xac,0x00,0x9f,0x11,0x03,0x03,0x00,0x41,0x30,0x68,0xfa,0x57,0xf8,0x5b,0x21,0xb8,
    0x80,0x40,0x23,0x06,0x06,0x00,0x82,0x60,0xd0,0xfc,0xaf,0xd0,0xb7,0xc2,0x30,0xdc,0x20,0x80,0xae,0x60,0x06,0xc3,0x0d,0x83,
    0x18,0xa0,0x41,0x09,0x81,0x5a,0xcb,0x0a,0x44,0x7c,0xa6,0x1b,0x82,0x96,0x15,0x04,0x3b,0xf2,0x57,0x00,0xc1,0x70,0x03,0x32,
    0xba,0x82,0x19,0x0c,0x37,0x08,0x68,0x80,0x06,0x25,0x04,0x3a,0xdd,0xa0,0xc8,0xac,0x10,0x58,0x60,0xc0,0x67,0x96,0x20,0x4e,
    0x06,0x3a,0x06,0x01,0x4e,0xc8,0xe0,0x4d,0xd4,0x9c,0x68,0x13,0x0b,0x2e,0xf9,0xdc,0x1b,0x0c,0xea,0xde,0x60,0x50,0xb3,0x0c,
    0x73,0x22,0x27,0xa0,0x60,0x42,0x3a,0x0a,0xf2,0x31,0x21,0x1d,0x05,0xf9,0x8c,0x18,0x18,0x00,0x08,0x82,0x41,0x13,0xc3,0xc2,
    0xec,0x0a,0xc2,0x88,0x81,0x01,0x80,0x20,0x18,0x34,0x32,0x2c,0xd0,0xae,0x20,0x98,0x00,0xb6,0x02,0x7c,0x4c,0x08,0x5b,0x01,
    0x3e,0x26,0x20,0xf4,0x31,0x01,0xa1,0xcf,0x2c,0xc1,0x9c,0x0c,0x54,0x0c,0x84,0x9c,0x88,0x27,0x11,0x27,0x03,0x15,0x03,0x21,
    0x27,0xe2,0x49,0xc4,0xc9,0xf5,0xc1,0xa0,0x46,0x0c,0x1e,0x00,0x04,0xc1,0x00,0xb3,0x61,0x81,0x76,0x85,0x9a,0x15,0x4a,0x56,
    0x18,0x84,0xb2,0x15,0xca,0x56,0x68,0x61,0xa1,0x85,0x85,0xdc,0x15,0x82,0xd1,0x84,0x00,0x18,0x4d,0x10,0x82,0xd1,0x84,0x41,
    0x18,0x4d,0x20,0x86,0x11,0x83,0x03,0x00,0x41,0x30,0x20,0x83,0x1a,0x16,0x76,0x57,0x38,0x59,0x61,0x77,0x85,0xd1,0x84,0x00,
    0x18,0x4d,0x10,0x82,0xd1,0x84,0x41,0x18,0x4d,0x20,0x06,0x4b,0x88,0xf8,0x58,0x42,0xc4,0xc7,0x12,0x22,0x3e,0x96,0x10,0xf1,
    0x31,0x82,0x93,0x8f,0x11,0x9d,0x7c,0x8c,0xf0,0xe4,0x63,0xc4,0x27,0x1f,0x23,0x18,0xf8,0x18,0xc1,0xc0,0xc7,0x08,0x06,0x3e,
    0x46,0x30,0xf0,0x99,0x25,0xf0,0x9f,0x11,0x03,0x03,0x00,0x41,0x30,0x68,0xe0,0x58,0x90,0x5f,0x41,0x17,0x2e,0x20,0x4c,0xa9,
    0x8c,0xfc,0x0a,0x50,0xc2,0x19,0x0b,0x30,0x62,0x70,0x00,0x20,0x08,0x06,0x1f,0x1b,0x0b,0xe8,0x2b,0x04,0xc2,0x88,0x81,0x01,
    0x80,0x20,0x18,0x34,0x75,0x2c,0xcc,0xaf,0xf0,0x0b,0x23,0x06,0x07,0x00,0x82,0x60,0xd0,0xbd,0xb1,0x10,0xbf,0x42,0xdc,0x0a,
    0xc2,0x68,0x42,0x00,0x8c,0x26,0x08,0xc1,0x2c,0x43,0x9d,0xe0,0x89,0xd8,0xcc,0x32,0xdc,0x89,0x9d,0xa8,0xc3,0x70,0xc4,0x4c,
    0x0a,0xa2,0x2b,0x0c,0xdf,0x70,0x04,0x4d,0x0a,0xa4,0x2b,0x10,0x5f,0x09,0x81,0x4e,0x37,0x98,0xae,0x50,0xba,0x42,0x30,0x4b,
    0x80,0x27,0x67,0x0c,0xca,0x02,0x9c,0x14,0xe4,0x63,0xc1,0xea,0x0a,0xf0,0x19,0x31,0x30,0x00,0x10,0x04,0x83,0x06,0x94,0x05,
    0x11,0x16,0x82,0x0b,0x08,0x34,0x62,0x60,0x00,0x20,0x08,0x06,0x8d,0x28,0x0b,0x20,0x2c,0x0c,0xc3,0x0d,0xc2,0x08,0x0b,0x66,
    0x30,0xdc,0x30,0x34,0x68,0x50,0x42,0xa0,0x06,0xbb,0x02,0x11,0x9f,0xe9,0x86,0x00,0x76,0x05,0xc1,0x0e,0x3e,0x16,0x40,0x30,
    0xdc,0x80,0x98,0xb0,0x60,0x06,0xc3,0x0d,0xc2,0x84,0x06,0x25,0x04,0x3a,0xdd,0xa0,0xd4,0xae,0x10,0x58,0x60,0xc0,0x67,0x96,
    0x00,0x4f,0x06,0x3a,0x06,0xe1,0x4e,0xc8,0xc0,0x4e,0xe0,0x9e,0xa0,0x93,0x59,0x86,0x3c,0xe1,0x13,0xbb,0x99,0x65,0xd8,0x13,
    0x3d,0x01,0x89,0xe1,0x08,0xb4,0x14,0x70,0x57,0x18,0xbe,0xe1,0x88,0xb4,0x14,0x74,0x57,0x20,0xbe,0x12,0x02,0x9d,0x6e,0xe0,
    0x5d,0x61,0x77,0x85,0x60,0x96,0x80,0x4f,0x6e,0x1b,0x94,0x05,0x6d,0x29,0xc8,0xc7,0x82,0xf0,0x15,0xe0,0x33,0x62,0x60,0x00,
    0x20,0x08,0x06,0x8d,0x2d,0x0b,0x38,0x2c,0x04,0x17,0x10,0x68,0xc4,0xc0,0x00,0x40,0x10,0x0c,0x1a,0x5c,0x16,0x6c,0x58,0x18,
    0x86,0x1b,0x84,0x1c,0x16,0xcc,0x60,0xb8,0x61,0x10,0x03,0x34,0x28,0x21,0x50,0x33,0x5f,0x81,0x88,0xcf,0x74,0x43,0x60,0xbe,
    0x82,0x60,0x87,0x2c,0x0b,0x20,0x18,0x6e,0x40,0x78,0x58,0x30,0x83,0xe1,0x06,0x01,0x0d,0xd0,0xa0,0x84,0x40,0xa7,0x1b,0x94,
    0xf5,0x15,0x02,0x0b,0x0c,0xf8,0xcc,0x12,0xf0,0xc9,0x40,0xc7,0x20,0xec,0x09,0x19,0xe8,0x09,0xef,0x13,0x78,0x62,0xc1,0x25,
    0x9f,0x7b,0x83,0x41,0xdd,0x1b,0x0c,0x6a,0x96,0xc1,0x4f,0xfa,0x24,0x27,0x4c,0x10,0x4d,0x41,0x3e,0x26,0x88,0xa6,0x20,0x9f,
    0x11,0x03,0x03,0x00,0x41,0x30,0x68,0xd4,0x59,0x60,0x63,0x41,0x18,0x31,0x30,0x00,0x10,0x04,0x83,0x66,0x9d,0x85,0x36,0x16,
    0x04,0x13,0xf2,0x57,0x80,0x8f,0x09,0xfa,0x2b,0xc0,0xc7,0x04,0x84,0x3e,0x26,0x20,0xf4,0x99,0x25,0xf0,0x93,0x81,0x8a,0x81,
    0xe8,0x13,0x9a,0x25,0xf8,0x64,0xa0,0x62,0x20,0xfa,0x84,0x66,0x09,0x3e,0x39,0x3f,0x18,0xd4,0x88,0xc1,0x03,0x80,0x20,0x18,
    0x60,0xef,0x2c,0xb4,0xb1,0xe0,0xbe,0x82,0xef,0x0a,0x83,0xe0,0xbf,0x82,0xff,0x0a,0xe6,0x2c,0x98,0xb3,0x20,0xc7,0x42,0x30,
    0x9a,0x10,0x00,0xa3,0x09,0x42,0x30,0x9a,0x30,0x08,0xa3,0x09,0xc4,0x30,0x62,0x70,0x00,0x20,0x08,0x06,0x64,0xe0,0xce,0x02,
    0x1d,0x0b,0xe0,0x2b,0xd0,0xb1,0x30,0x9a,0x10,0x00,0xa3,0x09,0x42,0x30,0x9a,0x30,0x08,0xa3,0x09,0xc4,0x60,0x09,0x11,0x1f,
    0x4b,0x88,0xf8,0x58,0x42,0xc4,0xc7,0x12,0x22,0x3e,0x46,0x70,0xf2,0x31,0xa2,0x93,0x8f,0x11,0x9e,0x7c,0x8c,0xf8,0xe4,0x33,
    0x62,0x70,0x00,0x20,0x08,0x06,0x9d,0x3f,0x0b,0xa0,0x2c,0x80,0xb0,0x40,0x0b,0xa3,0x09,0x01,0x30,0x9a,0x20,0x04,0xb3,0x0c,
    0x7f,0x22,0x2a,0xf1,0x33,0xcb,0x10,0x2a,0xa0,0x92,0x17,0xc3,0x11,0xe2,0x29,0xc4,0xb0,0x30,0x7c,0xc3,0x11,0xe3,0x29,0xcc,
    0xb0,0x40,0x7c,0x25,0x04,0x3a,0xdd,0x50,0xc3,0x02,0x0d,0x0b,0xc1,0x2c,0x81,0xa8,0x9c,0x31,0x28,0x0b,0xce,0x53,0x90,0x8f,
    0x05,0x3a,0x2c,0xc0,0x67,0xc4,0xc0,0x00,0x40,0x10,0x0c,0x9a,0x97,0x16,0x62,0x59,0x08,0x2e,0x20,0xd0,0x88,0x81,0x01,0x80,
    0x20,0x18,0x34,0x31,0x2d,0xbc,0xb2,0x30,0x0c,0x37,0x08,0xb2,0x2c,0x98,0xc1,0x70,0xc3,0xd0,0xa0,0x41,0x09,0x81,0xda,0x0f,
    0x0b,0x44,0x7c,0xa6,0x1b,0x82,0x1f,0x16,0x04,0x3b,0x56,0x5a,0x00,0xc1,0x70,0x03,0x52,0xcb,0x82,0x19,0x0c,0x37,0x08,0x13,
    0x1a,0x94,0x10,0xe8,0x74,0x83,0x42,0xc6,0x42,0x60,0x81,0x01,0x9f,0x59,0x02,0x51,0x19,0xe8,0x18,0x84,0x50,0x21,0x03,0x50,
    0x71,0xc5,0xc2,0x4f,0x66,0x19,0x46,0xc5,0x54,0x4a,0x68,0x96,0xa1,0x54,0x48,0xe5,0x35,0x86,0x23,0xee,0x53,0x38,0x63,0x61,
    0xf8,0x86,0x23,0xf0,0x53,0x48,0x63,0x81,0xf8,0x4a,0x08,0x74,0xba,0x61,0x8d,0x05,0x35,0x16,0x82,0x59,0x02,0x53,0xb9,0x6d,
    0x50,0x16,0xf0,0xa7,0x20,0x1f,0x0b,0xe0,0x58,0x80,0xcf,0x88,0x81,0x01,0x80,0x20,0x18,0x34,0x65,0x2d,0x9c,0xb3,0x10,0x5c,
    0x40,0xa0,0x11,0x03,0x03,0x00,0x41,0x30,0x68,0xce,0x5a,0x28,0x67,0x61,0x18,0x6e,0x10,0xd0,0x59,0x30,0x83,0xe1,0x86,0x41,
    0x0c,0xd0,0xa0,0x84,0x40,0xad,0x8e,0x05,0x22,0x3e,0xd3,0x0d,0x41,0x1d,0x0b,0x82,0x1d,0x61,0x2d,0x80,0x60,0xb8,0x01,0x59,
    0x67,0xc1,0x0c,0x86,0x1b,0x04,0x34,0x40,0x83,0x12,0x02,0x9d,0x6e,0x50,0xf4,0x58,0x08,0x2c,0x30,0xe0,0x33,0x4b,0x60,0x2a,
    0x03,0x1d,0x83,0x50,0x2a,0x64,0x40,0x2a,0xfa,0x58,0x88,0x8a,0x05,0x97,0x7c,0xee,0x0d,0x06,0x75,0x6f,0x30,0xa8,0x59,0x06,
    0x54,0x39,0x15,0xf4,0x30,0x21,0x46,0x05,0xf9,0x98,0x10,0xa3,0x82,0x7c,0x46,0x0c,0x0c,0x00,0x04,0xc1,0xa0,0xc9,0x6b,0x61,
    0x9f,0x05,0x61,0xc4,0xc0,0x00,0x40,0x10,0x0c,0x1a,0xbd,0x16,0xf8,0x59,0x10,0x4c,0x40,0x65,0x01,0x3e,0x26,0xa4,0xb2,0x00,
    0x1f,0x13,0x10,0xfa,0x98,0x80,0xd0,0x67,0x96,0x00,0x55,0x06,0x2a,0x06,0xe2,0x54,0xe4,0x98,0x30,0x95,0x81,0x8a,0x81,0x38,
    0x15,0x39,0x26,0x4c,0xe5,0x60,0x62,0x50,0x23,0x06,0x0f,0x00,0x82,0x60,0x80,0xf9,0xb5,0xc0,0xcf,0x42,0x1f,0x0b,0x6d,0x2c,
    0x0c,0x42,0x2b,0x0b,0xad,0x2c,0xd4,0xb5,0x50,0xd7,0x42,0x48,0x0b,0xc1,0x68,0x42,0x00,0x8c,0x26,0x08,0xc1,0x68,0xc2,0x20,
    0x8c,0x26,0x10,0x83,0x11,0xae,0x10,0x1f,0x23,0x5c,0x21,0x3e,0x46,0xb8,0x42,0x7c,0x8c,0x70,0x85,0xf8,0x18,0x71,0xc9,0xc7,
    0x08,0x4c,0x3e,0x46,0x64,0xf2,0x31,0x42,0x93,0x8f,0x11,0xb6,0x00,0x1f,0x23,0x6c,0x01,0x3e,0x46,0xd8,0x02,0x7c,0x8c,0xb0,
    0x05,0xf8,0x98,0x2c,0x20,0xf1,0x31,0x59,0x40,0xe2,0x63,0xb2,0x80,0xc4,0xc7,0x64,0x01,0x89,0x8f,0x11,0x62,0x21,0x1f,0x23,
    0xc6,0x42,0x3e,0x46,0x90,0x85,0x7c,0x8c,0x28,0x0b,0xf9,0x18,0xc1,0xc0,0xc7,0x08,0x06,0x3e,0x46,0x30,0xf0,0x31,0x82,0x81,
    0xcf,0x2c,0x81,0xff,0xcc,0x32,0xac,0x8a,0xaa,0x94,0xd2,0x88,0x01,0x04,0x80,0x20,0x18,0x58,0xbc,0x2d,0xc4,0xb4,0xa0,0xcb,
    0x82,0x2a,0x0b,0x79,0x2a,0xe0,0xa9,0xa0,0xce,0x82,0x3a,0x0b,0xb2,0x2d,0xc8,0xb6,0xe0,0xd3,0x42,0xaf,0x0a,0xea,0x2c,0x8c,
    0x26,0x04,0xc0,0x68,0x82,0x10,0x8c,0x26,0x0c,0xc2,0x68,0x02,0x31,0xcc,0x12,0xf8,0xcf,0x88,0x81,0x01,0x80,0x20,0x18,0x34,
    0xe4,0x2d,0xc4,0xb4,0xe0,0xa7,0xc2,0x88,0x81,0x01,0x80,0x20,0x18,0x34,0xe5,0x2d,0xc8,0xb4,0xe0,0xa7,0xc2,0x88,0x81,0x01,
    0x80,0x20,0x18,0x34,0xe6,0x2d,0xd0,0xb4,0x00,0xaa,0xc2,0x88,0x81,0x01,0x80,0x20,0x18,0x34,0xe7,0x2d,0xd4,0xb4,0x00,0xaa,
    0xc2,0x88,0xc1,0x01,0x80,0x20,0x18,0x74,0xe1,0x2d,0x8c,0xb5,0x30,0xce,0xc2,0x6e,0x0b,0xa3,0x09,0x01,0x30,0x9a,0x20,0x04,
    0xa3,0x09,0xc3,0x70,0xc3,0xa0,0x6e,0x18,0x94,0x09,0x88,0x7c,0x4c,0x40,0xe4,0x63,0x82,0x20,0x1f,0x13,0x04,0xf9,0x98,0x10,
    0xc0,0x67,0xc4,0xc0,0x00,0x40,0x10,0x0c,0x9a,0xf9,0x16,0xd6,0x5a,0x08,0x0c,0x81,0xe4,0x63,0x08,0x24,0x1f,0x13,0x04,0xf9,
    0x98,0x20,0xc8,0xc7,0x84,0x00,0x3e,0x23,0x06,0x06,0x00,0x82,0x60,0xd0,0xe4,0xb7,0x10,0xd7,0x42,0x30,0x62,0x70,0x00,0x20,
    0x08,0x06,0x11,0x7e,0x0b,0x7d,0x2d,0x1c,0xc1,0x88,0xc1,0x01,0x80,0x20,0x18,0x44,0xf9,0x2d,0xf8,0xb5,0x10,0xa4,0xb4,0x30,
    0x62,0x60,0x00,0x20,0x08,0x06,0x0d,0x7f,0x0b,0x73,0x2d,0x04,0x16,0xec,0xab,0x00,0x9f,0x11,0x83,0x03,0x00,0x41,0x30,0x88,
    0xf8,0x5b,0x08,0x6d,0x21,0xc0,0x57,0x61,0x38,0x22,0x40,0x69,0x41,0xf8,0x46,0x13,0xda,0x29,0x18,0x4d,0x70,0x27,0x61,0xba,
    0x41,0x08,0x86,0x0b,0x08,0x33,0xdc,0x10,0xbc,0xb7,0x00,0x06,0x65,0x04,0x3a,0x9a,0x30,0x4f,0xc3,0x05,0x84,0x99,0x65,0x60,
    0x15,0x71,0x19,0x2a,0xa8,0x6f,0x01,0x47,0x0c,0x0e,0x00,0x04,0xc1,0xe0,0x0b,0x71,0x01,0xae,0x85,0xfe,0x16,0x82,0x0b,0x06,
    0x65,0x51,0x40,0x9f,0x11,0x83,0x03,0x00,0x41,0x30,0x88,0x54,0x5c,0x68,0x6d,0x21,0x9b,0x46,0x0c,0x0e,0x00,0x04,0xc1,0x20,
    0x5a,0x71,0x01,0xb6,0x85,0x40,0x18,0x31,0x38,0x00,0x10,0x04,0x83,0x88,0xc5,0x85,0xd8,0x16,0x02,0x9c,0x16,0xac,0x0a,0xe8,
    0x33,0x62,0x60,0x00,0x20,0x08,0x06,0x0d,0x8c,0x0b,0xa1,0x2d,0x04,0x23,0x06,0x07,0x00,0x82,0x60,0x10,0xbd,0xb8,0x40,0xdb,
    0x42,0xb0,0xd3,0xc2,0x88,0xc1,0x01,0x80,0x20,0x18,0x44,0x30,0x2e,0xcc,0xb6,0x10,0x20,0x17,0x10,0x66,0x38,0x22,0x0c,0x36,
    0xe1,0x9b,0x6e,0x78,0x83,0x38,0x08,0xa6,0x1b,0xde,0x20,0x0e,0x84,0x23,0x06,0x65,0x43,0x40,0x1f,0x1b,0x04,0xfa,0x8c,0x18,
    0x18,0x00,0x08,0x82,0x41,0xa3,0xe3,0x42,0x6c,0x0b,0x8c,0x05,0x39,0x2b,0xc0,0x67,0xc4,0xe0,0x00,0x40,0x10,0x0c,0x22,0x1d,
    0x17,0x7e,0x5b,0x08,0x6c,0x56,0x18,0x6e,0x50,0x60,0x5c,0x00,0x83,0x59,0x86,0x70,0x69,0x95,0x60,0x96,0xc0,0x55,0x06,0x2a,
    0x86,0xd8,0xf9,0x15,0x57,0x2d,0x5a,0x65,0xa0,0x62,0x88,0x9d,0x5f,0x81,0xd5,0xa2,0x55,0x06,0x2a,0x86,0xd8,0xf9,0x15,0x59,
    0x2d,0x5a,0x65,0xa0,0x62,0x88,0x9d,0x5f,0xa1,0xd5,0xa2,0x55,0x06,0x2a,0x88,0xd8,0xf9,0x15,0x35,0x2e,0x5a,0xe5,0x82,0x41,
    0x55,0x44,0xde,0x02,0x5c,0x30,0x28,0x0b,0xe6,0x5a,0x90,0x8f,0x11,0x41,0x7c,0x2c,0x80,0xe4,0x63,0x02,0x24,0x1f,0x13,0x48,
    0x56,0x80,0x8f,0x09,0x24,0x2b,0xc0,0x67,0xc4,0xe0,0x00,0x40,0x10,0x0c,0xc8,0x40,0xcc,0x05,0xf4,0x16,0x68,0x5a,0x68,0x6d,
    0x61,0x34,0x21,0x18,0x2e,0x20,0x4c,0x05,0x34,0x2e,0xe8,0x70,0x43,0x30,0xe6,0x02,0x18,0xcc,0x32,0xc0,0xca,0xab,0x04,0x65,
    0x0a,0xf1,0x2d,0xc0,0x05,0x83,0x1a,0x31,0x38,0x00,0x10,0x04,0x83,0x28,0xce,0x05,0xfb,0x16,0x2e,0xbe,0x16,0x46,0x0c,0x0e,
    0x00,0x04,0xc1,0x20,0x92,0x73,0xa1,0xbe,0x85,0x40,0x98,0x25,0x80,0x95,0x81,0x8a,0x41,0x78,0x15,0x7e,0x2d,0x5c,0x65,0xb8,
    0xe1,0x30,0x73,0x21,0x0c,0x86,0x1b,0x10,0x31,0x17,0xc2,0xa0,0x84,0x40,0x67,0x19,0x62,0xc5,0x56,0x02,0x23,0x4c,0x5b,0x80,
    0xcf,0x88,0x81,0x01,0x80,0x20,0x18,0x34,0x7a,0x2e,0xf0,0xb7,0x10,0x5c,0x40,0x98,0x11,0x83,0x03,0x00,0x41,0x30,0xe8,0xea,
    0x5c,0xb8,0x6f,0xe1,0xae,0x85,0x60,0x34,0x21,0x00,0x46,0x13,0x84,0x60,0x96,0x41,0x56,0x66,0x05,0xad,0x4e,0x18,0x94,0x05,
    0x96,0x7c,0x2c,0x68,0x6d,0x01,0x3e,0x23,0x06,0x06,0x00,0x82,0x60,0xd0,0x88,0xba,0x40,0xe2,0x42,0x70,0x01,0x81,0x46,0x0c,
    0x0c,0x00,0x04,0xc1,0xa0,0x21,0x75,0x41,0xc4,0x85,0x61,0xb8,0x41,0x28,0x71,0xc1,0x0c,0x86,0x1b,0x86,0x04,0x0d,0x4a,0x08,
    0xd4,0x64,0x5b,0x20,0xe2,0x33,0xdd,0x10,0xc8,0xb6,0x20,0xd8,0xe1,0xe7,0x02,0x08,0x86,0x1b,0x10,0x14,0x17,0xcc,0x60,0xb8,
    0x41,0x78,0xd0,0xa0,0x84,0x40,0xa7,0x1b,0x94,0xdb,0x16,0x02,0x0b,0x0c,0xf8,0xcc,0x12,0xcc,0xca,0x40,0xc5,0x20,0xc8,0x0a,
    0xdd,0x16,0xb1,0x32,0xcb,0x40,0x2b,0xb5,0x82,0x57,0x37,0x0d,0xca,0x82,0x33,0x90,0x8f,0x05,0xbf,0x2d,0xc0,0x67,0xc4,0xc0,
    0x00,0x40,0x10,0x0c,0x1a,0x5a,0x17,0x6c,0x5c,0x08,0x2e,0x20,0xd0,0x88,0x81,0x01,0x80,0x20,0x18,0x34,0xb6,0x2e,0xd0,0xb8,
    0x30,0x0c,0x37,0x08,0x37,0x2e,0x98,0xc1,0x70,0xc3,0xa0,0xa1,0x41,0x09,0x81,0x1a,0x79,0x0b,0x44,0x7c,0xa6,0x1b,0x02,0xf2,
    0x16,0x04,0x3b,0x60,0x5d,0x00,0xc1,0x70,0x03,0xa2,0xe3,0x82,0x19,0x0c,0x37,0x08,0x60,0x80,0x06,0x25,0x04,0x3a,0xdd,0xa0,
    0xa4,0xb7,0x10,0x58,0x60,0xc0,0x67,0x96,0xa0,0x56,0x06,0x2a,0x06,0x81,0x56,0x70,0xb7,0x98,0x15,0x0b,0x26,0xf9,0x5c,0x1a,
    0x0c,0x6a,0xc4,0xe0,0x01,0x40,0x10,0x0c,0xb0,0x70,0x17,0x7e,0x5c,0x00,0x6f,0x01,0xb6,0x85,0x3d,0xd0,0x03,0xf8,0x16,0xe0,
    0x5b,0xc0,0x75,0x01,0xd7,0x05,0x32,0x17,0x82,0xd1,0x84,0x00,0x18,0x4d,0x10,0x82,0xd1,0x84,0x41,0x18,0x4d,0x20,0x86,0x11,
    0x83,0x03,0x00,0x41,0x30,0x20,0x03,0x70,0x17,0xcc,0x5c,0x90,0x6d,0xc1,0xcc,0x85,0xd1,0x84,0x00,0x18,0x4d,0x10,0x82,0xd1,
    0x84,0x41,0x18,0x4d,0x20,0x06,0x4b,0x88,0xf8,0x58,0x42,0xc4,0xc7,0x12,0x22,0x3e,0x96,0x10,0xf1,0x31,0x02,0x92,0x8f,0x11,
    0x91,0x7c,0x8c,0x90,0xe4,0x63,0xc4,0x24,0x1f,0x23,0x18,0xf8,0x18,0xc1,0xc0,0xc7,0x08,0x06,0x3e,0x46,0x30,0xf0,0x99,0x25,
    0xf8,0x95,0x11,0x03,0x03,0x00,0x41,0x30,0x68,0xf6,0x5d,0xe8,0x73,0xc1,0x14,0x2e,0x20,0x4c,0xc9,0x44,0x9f,0x0b,0x50,0x82,
    0xbc,0x0b,0x30,0x62,0x70,0x00,0x20,0x08,0x06,0xdf,0xbd,0x0b,0x73,0x2e,0x04,0xc2,0x88,0x81,0x01,0x80,0x20,0x18,0x34,0x20,
    0x2f,0xf8,0xb9,0xb0,0x0a,0x23,0x06,0x07,0x00,0x82,0x60,0xd0,0xe9,0xbb,0xc0,0xe7,0x02,0x7f,0x0b,0xc2,0x68,0x42,0x00,0x8c,
    0x26,0x08,0xc1,0x2c,0xc3,0xad,0xe0,0x4a,0x7b,0x9d,0x30,0x28,0x0b,0x76,0x41,0x3e,0x16,0xc8,0xb8,0x00,0x9f,0x11,0x03,0x03,
    0x00,0x41,0x30,0x68,0x4e,0x5e,0x48,0x75,0x21,0xb8,0x80,0x40,0x23,0x06,0x06,0x00,0x82,0x60,0xd0,0xa4,0xbc,0x70,0xea,0xc2,
    0x30,0xdc,0x20,0xa8,0xba,0x60,0x06,0xc3,0x0d,0x43,0x82,0x06,0x25,0x04,0x6a,0x37,0x2e,0x10,0xf1,0x99,0x6e,0x08,0x6e,0x5c,
    0x10,0xec,0x18,0x79,0x01,0x04,0xc3,0x0d,0x48,0xab,0x0b,0x66,0x30,0xdc,0x20,0x3c,0x68,0x50,0x42,0xa0,0xd3,0x0d,0x0a,0x8f,
    0x0b,0x81,0x05,0x06,0x7c,0x66,0x09,0x70,0x65,0xa0,0x62,0x10,0x6e,0xc5,0x8f,0x0b,0x5b,0x99,0x65,0xc8,0x15,0x5d,0xe9,0xaf,
    0x9b,0x06,0x65,0x01,0x3b,0xc8,0xc7,0x02,0x32,0x17,0xe0,0x33,0x62,0x60,0x00,0x20,0x08,0x06,0x4d,0xce,0x0b,0xbb,0x2e,0x04,
    0x17,0x10,0x68,0xc4,0xc0,0x00,0x40,0x10,0x0c,0x9a,0x9d,0x17,0x72,0x5d,0x18,0x86,0x1b,0x04,0x5e,0x17,0xcc,0x60,0xb8,0x61,
    0xd0,0xd0,0xa0,0x84,0x40,0x2d,0xcd,0x05,0x22,0x3e,0xd3,0x0d,0x41,0x9a,0x0b,0x82,0x1d,0x35,0x2f,0x80,0x60,0xb8,0x01,0xf9,
    0x75,0xc1,0x0c,0x86,0x1b,0x04,0x30,0x40,0x83,0x12,0x02,0x9d,0x6e,0x50,0xdc,0x5c,0x08,0x2c,0x30,0xe0,0x33,0x4b,0xa0,0x2b,
    0x03,0x15,0x83,0x90,0x2b,0xe2,0x5c,0xe0,0x8a,0x05,0x93,0x7c,0x4e,0x0d,0x06,0x35,0x62,0xf0,0x00,0x20,0x08,0x06,0x98,0xd9,
    0x0b,0xe4,0x2e,0x94,0xb9,0x50,0xe3,0x02,0x48,0xfc,0x43,0x9d,0x0b,0x75,0x2e,0xf4,0xbc,0xd0,0xf3,0x42,0xba,0x0b,0xc1,0x68,
    0x42,0x00,0x8c,0x26,0x08,0xc1,0x68,0xc2,0x20,0x8c,0x26,0x10,0xc3,0x88,0xc1,0x01,0x80,0x20,0x18,0x90,0x41,0xd9,0x0b,0xeb,
    0x2e,0xdc,0xb8,0xb0,0xee,0xc2,0x68,0x42,0x00,0x8c,0x26,0x08,0xc1,0x68,0xc2,0x20,0x8c,0x26,0x10,0x83,0x25,0x44,0x7c,0x2c,
    0x21,0xe2,0x63,0x09,0x11,0x1f,0x4b,0x88,0xf8,0x18,0x01,0xc9,0xc7,0x88,0x48,0x3e,0x46,0x48,0xf2,0x31,0x62,0x92,0xcf,0x88,
    0xc1,0x01,0x80,0x20,0x18,0x74,0x75,0x2f,0xdc,0xbb,0x70,0xe7,0x02,0x28,0x8c,0x26,0x04,0xc0,0x68,0x82,0x10,0xcc,0x32,0xec,
    0x0a,0xaf,0xa0,0xd9,0x09,0x83,0xb2,0xc0,0x26,0xe4,0x63,0x41,0xab,0x0b,0xf0,0x19,0x31,0x30,0x00,0x10,0x04,0x83,0x46,0xf4,
    0x05,0x92,0x17,0x82,0x0b,0x08,0x34,0x62,0x60,0x00,0x20,0x08,0x06,0x0d,0xe9,0x0b,0x22,0x2f,0x0c,0xc3,0x0d,0x42,0xc9,0x0b,
    0x66,0x30,0xdc,0x30,0x24,0x68,0x50,0x42,0xa0,0x26,0xeb,0x02,0x11,0x9f,0xe9,0x86,0x40,0xd6,0x05,0xc1,0x0e,0xbf,0x17,0x40,
    0x30,0xdc,0x80,0xa0,0xbc,0x60,0x06,0xc3,0x0d,0xc2,0x83,0x06,0x25,0x04,0x3a,0xdd,0xa0,0xdc,0xba,0x10,0x58,0x60,0xc0,0x67,
    0x96,0x80,0x57,0x06,0x2a,0x06,0x61,0x57,0xe8,0xba,0xd0,0x95,0x59,0x86,0x5e,0xf1,0x15,0x3c,0xbb,0x69,0x50,0x16,0x9c,0x85,
    0x7c,0x2c,0xf8,0x75,0x01,0x3e,0x23,0x06,0x06,0x00,0x82,0x60,0xd0,0xd0,0xbe,0x60,0xf3,0x42,0x70,0x01,0x81,0x46,0x0c,0x0c,
    0x00,0x04,0xc1,0xa0,0xb1,0x7d,0x81,0xe6,0x85,0x61,0xb8,0x41,0xb8,0x79,0xc1,0x0c,0x86,0x1b,0x06,0x0d,0x0d,0x4a,0x08,0xd4,
    0xc8,0x5d,0x20,0xe2,0x33,0xdd,0x10,0x90,0xbb,0x20,0xd8,0x01,0xfb,0x02,0x08,0x86,0x1b,0x10,0x9d,0x17,0xcc,0x60,0xb8,0x41,
    0x00,0x03,0x34,0x28,0x21,0xd0,0xe9,0x06,0x25,0xdd,0x85,0xc0,0x02,0x03,0x3e,0xb3,0x04,0xbe,0x32,0x50,0x31,0x08,0xbd,0x82,
    0xdb,0x05,0xaf,0x58,0x30,0xc9,0xe7,0xd0,0x61,0x50,0x23,0x06,0x0f,0x00,0x82,0x60,0x80,0x85,0xbf,0xf0,0xf3,0x02,0xb8,0x0b,
    0xb0,0x2e,0xec,0x85,0x5e,0xc0,0xbb,0x00,0xef,0x02,0xee,0x0b,0xb8,0x2f,0x90,0xbd,0x10,0x8c,0x26,0x04,0xc0,0x68,0x82,0x10,
    0x8c,0x26,0x0c,0xc2,0x68,0x02,0x31,0x18,0xa1,0x07,0xf1,0x31,0x42,0x0f,0xe2,0x63,0x84,0x1e,0xc4,0xc7,0x08,0x3d,0x88,0x8f,
    0x11,0x8b,0x7c,0x8c,0x60,0xe4,0x63,0x44,0x23,0x1f,0x23,0x1c,0xf9,0x18,0x21,0x0a,0xf0,0x31,0x42,0x14,0xe0,0x63,0x84,0x28,
    0xc0,0xc7,0x08,0x51,0x80,0x8f,0xf9,0x01,0x12,0x1f,0xf3,0x03,0x24,0x3e,0xe6,0x07,0x48,0x7c,0xcc,0x0f,0x90,0xf8,0x18,0xa1,
    0x0f,0xf2,0x31,0x62,0x1f,0xe4,0x63,0x04,0x3f,0xc8,0xc7,0x88,0x7e,0x90,0x8f,0x11,0x0c,0x7c,0x8c,0x60,0xe0,0x63,0x04,0x03,
    0x1f,0x23,0x18,0xf8,0xcc,0x12,0xfc,0xca,0x40,0xc5,0x60,0x23,0xb5,0x82,0xf8,0xca,0x40,0xc5,0x60,0x23,0xb5,0x82,0xf8,0xca,
    0x40,0xc5,0x60,0x23,0xb5,0x82,0xf8,0xca,0x40,0xc5,0x60,0x23,0xb5,0x82,0xf8,0x8a,0x11,0xe8,0x01,0x1f,0x23,0xd0,0x03,0x3e,
    0x46,0xa0,0x07,0x7c,0x8c,0x40,0x0f,0xf8,0x18,0x7a,0xf8,0xbf,0x00,0x81,0xe1,0x86,0x00,0x3f,0xc0,0x60,0x96,0x01,0x5c,0x5c,
    0x25,0x98,0x25,0x08,0x97,0x81,0x8a,0x41,0xcd,0x0b,0x56,0x61,0xc0,0x65,0xa0,0x62,0x60,0xf3,0x82,0x55,0x18,0x70,0x19,0xa8,
    0x18,0xdc,0xbc,0x60,0x15,0x06,0x5c,0x06,0x2a,0x06,0x38,0x2f,0x58,0x85,0x01,0x17,0x23,0xf2,0x83,0x3e,0x46,0xe8,0x07,0x7d,
    0x8c,0xd8,0x0f,0xfa,0x18,0xc1,0x1f,0xf4,0x99,0x25,0xf0,0x9f,0xe1,0x86,0x18,0x41,0xc1,0x21,0x0c,0xca,0x45,0xf4,0x5f,0xd0,
    0xe1,0x86,0x20,0x05,0x07,0x30,0x98,0x65,0x20,0x97,0x71,0x09,0x8a,0x4d,0x6e,0x5f,0x80,0x0b,0x06,0x35,0x62,0x70,0x00,0x20,
    0x08,0x06,0xd1,0x0d,0x0e,0xbc,0x2f,0xec,0x88,0xd8,0x0b,0x23,0x06,0x07,0x00,0x82,0x60,0x10,0xe1,0xe0,0xb0,0xfb,0x42,0x20,
    0xcc,0x12,0x90,0xcb,0x40,0xc5,0x20,0x8c,0x0b,0xaa,0x17,0xe2,0x32,0xdc,0x70,0xb0,0xe0,0x10,0x06,0xc3,0x0d,0x08,0x0a,0x0e,
    0x61,0x50,0x42,0xa0,0xb3,0x0c,0xe5,0x02,0x2f,0x81,0x11,0x6c,0x2f,0xc0,0x67,0xc4,0xc0,0x00,0x40,0x10,0x0c,0x1a,0x30,0x1c,
    0xc4,0x5f,0x08,0x2e,0x20,0xcc,0x88,0xc1,0x01,0x80,0x20,0x18,0x74,0x3b,0x38,0xf4,0xbe,0xd0,0xf3,0x42,0x30,0x9a,0x10,0x00,
    0xa3,0x09,0x42,0x30,0xcb,0x60,0x2e,0xe9,0xe2,0x72,0xb3,0x0c,0xe8,0x72,0x2e,0xd1,0x70,0xc4,0x3f,0x0b,0x6e,0x2f,0x0c,0xdf,
    0x70,0x04,0x48,0x0b,0x70,0x2f,0x10,0x5f,0x09,0x81,0x4e,0x37,0xc8,0xbd,0x10,0xf7,0x42,0x30,0x4b,0x90,0x2e,0x67,0x0c,0xca,
    0x02,0x92,0x16,0xe4,0x63,0xc1,0xdd,0x0b,0xf0,0x19,0x31,0x30,0x00,0x10,0x04,0x83,0x86,0x0d,0x07,0xf7,0x17,0x82,0x0b,0x08,
    0x34,0x62,0x60,0x00,0x20,0x08,0x06,0x8d,0x1b,0x0e,0xec,0x2f,0x0c,0xc3,0x0d,0xc2,0xfb,0x0b,0x66,0x30,0xdc,0x30,0x34,0x68,
    0x50,0x42,0xa0,0xc6,0xf7,0x02,0x11,0x9f,0xe9,0x86,0x80,0xef,0x05,0xc1,0x0e,0x34,0x1c,0x40,0x30,0xdc,0x80,0xc8,0xbf,0x60,
    0x06,0xc3,0x0d,0xc2,0x84,0x06,0x25,0x04,0x3a,0xdd,0xa0,0x84,0xbe,0x10,0x58,0x60,0xc0,0x67,0x96,0x20,0x5d,0x06,0x3a,0x06,
    0x01,0x5d,0xc8,0xe0,0x5c,0x50,0xbe,0x28,0x97,0x59,0x06,0x75,0x69,0x17,0xb1,0x9b,0x65,0x60,0x97,0x75,0x39,0x83,0xe1,0x08,
    0x9a,0x16,0x48,0x5f,0x18,0xbe,0xe1,0x88,0x9a,0x16,0x4c,0x5f,0x20,0xbe,0x12,0x02,0x9d,0x6e,0x40,0x7d,0xe1,0xf4,0x85,0x60,
    0x96,0xa0,0x5d,0x6e,0x1b,0x94,0x05,0x39,0x2d,0xc8,0xc7,0x82,0xd6,0x17,0xe0,0x33,0x62,0x60,0x00,0x20,0x08,0x06,0x8d,0x28,
    0x0e,0x24,0x38,0x04,0x17,0x10,0x68,0xc4,0xc0,0x00,0x40,0x10,0x0c,0x1a,0x52,0x1c,0x44,0x70,0x18,0x86,0x1b,0x84,0x12,0x1c,
    0xcc,0x60,0xb8,0x61,0x10,0x03,0x34,0x28,0x21,0x50,0x93,0x7d,0x81,0x88,0xcf,0x74,0x43,0x20,0xfb,0x82,0x60,0x87,0x1f,0x0e,
    0x20,0x18,0x6e,0x40,0x50,0x70,0x30,0x83,0xe1,0x06,0x01,0x0d,0xd0,0xa0,0x84,0x40,0xa7,0x1b,0x94,0xdb,0x17,0x02,0x0b,0x0c,
    0xf8,0xcc,0x12,0xb4,0xcb,0x40,0xc7,0x20,0xb0,0x0b,0x19,0xac,0x0b,0xdd,0x17,0xe9,0x62,0xc1,0x25,0x9f,0x7b,0x83,0x41,0xdd,
    0x1b,0x0c,0x6a,0x96,0xe1,0x5d,0xdc,0x05,0x14,0x4c,0x70,0x6b,0x41,0x3e,0x26,0xb8,0xb5,0x20,0x9f,0x11,0x03,0x03,0x00,0x41,
    0x30,0x68,0x6c,0x71,0xc0,0xc1,0x41,0x18,0x31,0x30,0x00,0x10,0x04,0x83,0xe6,0x16,0x87,0x1c,0x1c,0x04,0x13,0xca,0x5f,0x80,
    0x8f,0x09,0xe6,0x2f,0xc0,0xc7,0x04,0x84,0x3e,0x26,0x20,0xf4,0x99,0x25,0x78,0x97,0x81,0x8a,0x81,0x70,0x17,0x76,0x2d,0xda,
    0x65,0xa0,0x62,0x20,0xdc,0x85,0x5d,0x8b,0x76,0xb9,0x3e,0x18,0xd4,0x88,0xc1,0x03,0x80,0x20,0x18,0x60,0xbb,0x38,0xe4,0xe0,
    0xa0,0xfb,0x82,0xea,0x0b,0x83,0xa0,0xfe,0x82,0xfa,0x0b,0xb2,0x38,0xc8,0xe2,0xe0,0x83,0x43,0x30,0x9a,0x10,0x00,0xa3,0x09,
    0x42,0x30,0x9a,0x30,0x08,0xa3,0x09,0xc4,0x30,0x62,0x70,0x00,0x20,0x08,0x06,0x64,0xa0,0x8b,0x03,0x18,0x0e,0xac,0x2f,0x80,
    0xe1,0x30,0x9a,0x10,0x00,0xa3,0x09,0x42,0x30,0x9a,0x30,0x08,0xa3,0x09,0xc4,0x60,0x09,0x11,0x1f,0x4b,0x88,0xf8,0x58,0x42,
    0xc4,0xc7,0x12,0x22,0x3e,0x46,0x70,0xf2,0x31,0xa2,0x93,0x8f,0x11,0x9e,0x7c,0x8c,0xf8,0xe4,0x63,0x04,0x03,0x1f,0x23,0x18,
    0xf8,0x18,0xc1,0xc0,0xc7,0x08,0x06,0x3e,0xb3,0x04,0xfe,0x33,0x62,0x60,0x00,0x20,0x08,0x06,0x4d,0x3d,0x0e,0x77,0x38,0xe8,
    0xc2,0x05,0x84,0x29,0x96,0xb9,0xc3,0x01,0x4a,0x60,0xc7,0x01,0x46,0x0c,0x0e,0x00,0x04,0xc1,0xe0,0x8b,0xc7,0xa1,0x0d,0x87,
    0x40,0x18,0x31,0x30,0x00,0x10,0x04,0x83,0x46,0x1f,0x07,0x3c,0x1c,0x7e,0x61,0xc4,0xe0,0x00,0x40,0x10,0x0c,0x3a,0x7a,0x1c,
    0xec,0x70,0xb0,0x7f,0x41,0x18,0x4d,0x08,0x80,0xd1,0x04,0x21,0x98,0x65,0x88,0x17,0x7a,0x39,0xbf,0x59,0x86,0x79,0x91,0x17,
    0x75,0x18,0x8e,0xc0,0x6d,0xe1,0x04,0x87,0xe1,0x1b,0x8e,0xc8,0x6d,0x21,0x05,0x07,0xe2,0x2b,0x21,0xd0,0xe9,0x86,0x15,0x1c,
    0x54,0x70,0x08,0x66,0x09,0xe8,0xe5,0x8c,0x41,0x59,0xd0,0xdb,0x82,0x7c,0x2c,0x80,0xc1,0x01,0x3e,0x23,0x06,0x06,0x00,0x82,
    0x60,0xd0,0x94,0xe4,0x70,0x8a,0x43,0x70,0x01,0x81,0x46,0x0c,0x0c,0x00,0x04,0xc1,0xa0,0x39,0xc9,0xa1,0x14,0x87,0x61,0xb8,
    0x41,0x40,0xc5,0xc1,0x0c,0x86,0x1b,0x86,0x06,0x0d,0x4a,0x08,0xd4,0x6a,0x70,0x20,0xe2,0x33,0xdd,0x10,0xd4,0xe0,0x20,0xd8,
    0x11,0x92,0x03,0x08,0x86,0x1b,0x90,0x55,0x1c,0xcc,0x60,0xb8,0x41,0x98,0xd0,0xa0,0x84,0x40,0xa7,0x1b,0x14,0x1d,0x1c,0x02,
    0x0b,0x0c,0xf8,0xcc,0x12,0xd0,0xcb,0x40,0xc7,0x20,0xcc,0x0b,0x19,0xc8,0x8b,0x1e,0x1a,0xf0,0x32,0xcb,0x50,0x2f,0xf8,0xb2,
    0x7f,0xb3,0x0c,0xf7,0x62,0x2f,0x20,0x31,0x1c,0xd1,0xde,0x42,0x0f,0x0e,0xc3,0x37,0x1c,0xe1,0xde,0xc2,0x0f,0x0e,0xc4,0x57,
    0x42,0xa0,0xd3,0x0d,0x61,0x38,0x80,0xe1,0x10,0xcc,0x12,0xe0,0xcb,0x6d,0x83,0xb2,0x40,0xbe,0x05,0xf9,0x58,0x60,0x86,0x03,
    0x7c,0x46,0x0c,0x0c,0x00,0x04,0xc1,0xa0,0xd9,0xc9,0xa1,0x17,0x87,0xe0,0x02,0x02,0x8d,0x18,0x18,0x00,0x08,0x82,0x41,0xd3,
    0x93,0xc3,0x2e,0x0e,0xc3,0x70,0x83,0xe0,0x8b,0x83,0x19,0x0c,0x37,0x0c,0x62,0x80,0x06,0x25,0x04,0x6a,0x6b,0x38,0x10,0xf1,
    0x99,0x6e,0x08,0xd6,0x70,0x10,0xec,0xb8,0xc9,0x01,0x04,0xc3,0x0d,0x48,0x38,0x0e,0x66,0x30,0xdc,0x20,0xa0,0x01,0x1a,0x94,
    0x10,0xe8,0x74,0x83,0x02,0x87,0x43,0x60,0x81,0x01,0x9f,0x59,0x02,0x7c,0x19,0xe8,0x18,0x84,0x7b,0x21,0x03,0x7b,0x31,0x47,
    0x83,0x5e,0x2c,0xb8,0xe4,0x73,0x6f,0x30,0xa8,0x7b,0x83,0x41,0xcd,0x32,0xe8,0x4b,0xbe,0xe4,0x84,0x09,0x27,0x2e,0xc8,0xc7,
    0x84,0x13,0x17,0xe4,0x33,0x62,0x60,0x00,0x20,0x08,0x06,0xcd,0x5b,0x0e,0xf1,0x38,0x08,0x23,0x06,0x06,0x00,0x82,0x60,0xd0,
    0xc0,0xe5,0x20,0x8f,0x83,0x60,0x82,0x1f,0x0e,0xf0,0x31,0xe1,0x0f,0x07,0xf8,0x98,0x80,0xd0,0xc7,0x04,0x84,0x3e,0xb3,0x04,
    0xfa,0x32,0x50,0x31,0x10,0xf9,0xe2,0xc3,0x05,0xbe,0x0c,0x54,0x0c,0x44,0xbe,0xf8,0x70,0x81,0x2f,0xe7,0x07,0x83,0x1a,0x31,
    0x78,0x00,0x10,0x04,0x03,0x8c,0x2e,0x07,0x79,0x1c,0xe6,0x70,0x18,0xc3,0x61,0x10,0x46,0x71,0x18,0xc5,0x61,0x2d,0x87,0xb5,
    0x1c,0xee,0x71,0x08,0x46,0x13,0x02,0x60,0x34,0x41,0x08,0x46,0x13,0x06,0x61,0x34,0x81,0x18,0x46,0x0c,0x0e,0x00,0x04,0xc1,
    0x80,0x0c,0xe6,0x72,0xc8,0xc7,0xa1,0x0c,0x87,0x7c,0x1c,0x46,0x13,0x02,0x60,0x34,0x41,0x08,0x46,0x13,0x06,0x61,0x34,0x81,
    0x18,0x2c,0x21,0xe2,0x63,0x09,0x11,0x1f,0x4b,0x88,0xf8,0x58,0x42,0xc4,0xc7,0x08,0x4e,0x3e,0x46,0x74,0xf2,0x31,0xc2,0x93,
    0x8f,0x11,0x9f,0x7c,0x46,0x0c,0x0e,0x00,0x04,0xc1,0xa0,0x1b,0xcd,0xa1,0x24,0x87,0x52,0x1c,0x68,0x61,0x34,0x21,0x00,0x46,
    0x13,0x84,0x60,0x96,0x61,0x5f,0xfc,0xc5,0x0e,0x83,0x59,0x86,0x7e,0xe1,0x97,0xbc,0x18,0x8e,0x38,0x73,0xc1,0x16,0x87,0xe1,
    0x1b,0x8e,0x40,0x73,0x01,0x17,0x07,0xe2,0x2b,0x21,0xd0,0xe9,0x06,0x5d,0x1c,0x72,0x71,0x08,0x66,0x09,0xfc,0xe5,0x8c,0x41,
    0x59,0xc0,0xe6,0x82,0x7c,0x2c,0xf8,0xc5,0x01,0x3e,0x23,0x06,0x06,0x00,0x82,0x60,0xd0,0xd0,0xe6,0x60,0x93,0x43,0x70,0x01,
    0x81,0x46,0x0c,0x0c,0x00,0x04,0xc1,0xa0,0xb1,0xcd,0x81,0x26,0x87,0x61,0xb8,0x41,0xb8,0xc9,0xc1,0x0c,0x86,0x1b,0x86,0x06,
    0x0d,0x4a,0x08,0xd4,0xc8,0x71,0x20,0xe2,0x33,0xdd,0x10,0x90,0xe3,0x20,0xd8,0x01,0x9b,0x03,0x08,0x86,0x1b,0x10,0x9d,0x1c,
    0xcc,0x60,0xb8,0x41,0x98,0xd0,0xa0,0x84,0x40,0xa7,0x1b,0x94,0x74,0x1c,0x02,0x0b,0x0c,0xf8,0xcc,0x12,0xf8,0xcb,0x40,0xc7,
    0x20,0xf4,0x0b,0x19,0xf0,0x0b,0x6e,0x1a,0xfa,0x32,0xcb,0xf0,0x2f,0x22,0xa3,0x8a,0xc1,0x2c,0x43,0xc8,0x80,0xcc,0x6b,0x0c,
    0x47,0xf0,0xb9,0xc0,0x8e,0xc3,0xf0,0x0d,0x47,0xf4,0xb9,0xe0,0x8e,0x03,0xf1,0x95,0x10,0xe8,0x74,0x03,0x3c,0x0e,0xef,0x38,
    0x04,0xb3,0x04,0x22,0x73,0xdb,0xa0,0x2c,0x08,0x75,0x41,0x3e,0x16,0xd4,0xe3,0x00,0x9f,0x11,0x03,0x03,0x00,0x41,0x30,0x68,
    0xd4,0x73,0x60,0xcb,0x21,0xb8,0x80,0x40,0x23,0x06,0x06,0x00,0x82,0x60,0xd0,0xb0,0xe7,0xa0,0x96,0xc3,0x30,0xdc,0x20,0xb4,
    0xe5,0x60,0x06,0xc3,0x0d,0x83,0x18,0xa0,0x41,0x09,0x81,0x9a,0x3e,0x0e,0x44,0x7c,0xa6,0x1b,0x02,0x7d,0x1c,0x04,0x3b,0xcc,
    0x73,0x00,0xc1,0x70,0x03,0x02,0x97,0x83,0x19,0x0c,0x37,0x08,0x68,0x80,0x06,0x25,0x04,0x3a,0xdd,0xa0,0xfc,0xe3,0x10,0x58,
    0x60,0xc0,0x67,0x96,0x40,0x64,0x06,0x3a,0x06,0x21,0x64,0xc8,0x00,0x64,0x48,0xd4,0xf0,0x17,0x0b,0x2e,0xf9,0xdc,0x1b,0x0c,
    0xea,0xde,0x60,0x50,0xb3,0x0c,0x24,0x33,0x32,0xe8,0x61,0x82,0xad,0x0b,0xf2,0x31,0xc1,0xd6,0x05,0xf9,0x8c,0x18,0x18,0x00,
    0x08,0x82,0x41,0xe3,0x9f,0x03,0x68,0x0e,0xc2,0x88,0x81,0x01,0x80,0x20,0x18,0x34,0xff,0x39,0x84,0xe6,0x20,0x98,0xd0,0x92,
    0x03,0x7c,0x4c,0x70,0xc9,0x01,0x3e,0x26,0x20,0xf4,0x31,0x01,0xa1,0xcf,0x2c,0x01,0xc9,0x0c,0x54,0x0c,0xc4,0xc8,0xf0,0x75,
    0x21,0x32,0x03,0x15,0x03,0x31,0x32,0x7c,0x5d,0x88,0xcc,0xc1,0xc4,0xa0,0x46,0x0c,0x1e,0x00,0x04,0xc1,0x00,0x1b,0xd1,0x21,
    0x34,0x07,0x91,0x1c,0xe4,0x71,0x18,0x04,0x99,0x1c,0x64,0x72,0xd0,0xcf,0x41,0x3f,0x07,0xd3,0x1c,0x82,0xd1,0x84,0x00,0x18,
    0x4d,0x10,0x82,0xd1,0x84,0x41,0x18,0x4d,0x20,0x06,0x23,0x5c,0x21,0x3e,0x46,0xb8,0x42,0x7c,0x8c,0x70,0x85,0xf8,0x18,0xe1,
    0x0a,0xf1,0x31,0xe2,0x92,0x8f,0x11,0x98,0x7c,0x8c,0xc8,0xe4,0x63,0x84,0x26,0x1f,0x23,0x6c,0x01,0x3e,0x46,0xd8,0x02,0x7c,
    0x8c,0xb0,0x05,0xf8,0x18,0x61,0x0b,0xf0,0x31,0x59,0x40,0xe2,0x63,0xb2,0x80,0xc4,0xc7,0x64,0x01,0x89,0x8f,0xc9,0x02,0x12,
    0x1f,0x23,0xc4,0x42,0x3e,0x46,0x8c,0x85,0x7c,0x8c,0x20,0x0b,0xf9,0x18,0x51,0x16,0xf2,0x31,0x82,0x81,0x8f,0x11,0x0c,0x7c,
    0x8c,0x60,0xe0,0x63,0x04,0x03,0x9f,0x59,0x02,0xff,0x19,0x31,0x38,0x00,0x10,0x04,0x03,0x32,0xd0,0xd1,0x01,0x3c,0x07,0x96,
    0x1c,0x48,0x73,0x18,0x4d,0x08,0x80,0x0b,0x08,0x53,0x01,0x8b,0x0e,0x3a,0xdc,0x10,0xd4,0xe8,0x00,0x06,0x35,0xd0,0xe6,0xa0,
    0xc3,0x0d,0x81,0x6e,0x0e,0x60,0x50,0x43,0xb0,0xb3,0x0c,0xa2,0x63,0x32,0x3b,0x2f,0x8c,0x18,0x18,0x00,0x08,0x82,0x41,0xc3,
    0xa6,0xc3,0x6f,0x0e,0x6a,0x2f,0x58,0x10,0xf6,0x82,0x7c,0x4c,0x08,0x7b,0x41,0x3e,0x36,0x94,0xbd,0x20,0x1f,0x23,0xca,0x5e,
    0x90,0xcf,0x2c,0x03,0xca,0x9c,0x8c,0x31,0x62,0x50,0x01,0x20,0x08,0x06,0x1a,0x9b,0x0e,0xbb,0x39,0xb4,0xe5,0xd0,0x93,0xc3,
    0xca,0x0b,0x2a,0x2f,0xf0,0xe5,0xc0,0x97,0x03,0x99,0x0e,0x64,0x3a,0xc0,0xe7,0x20,0x04,0x7c,0x39,0x10,0x03,0x5f,0x0e,0x7c,
    0x39,0x8c,0x26,0x04,0xc0,0x68,0x82,0x10,0x8c,0x26,0x0c,0xc2,0x68,0x02,0x31,0xcc,0x12,0xf8,0xcf,0x88,0xc1,0x01,0x80,0x20,
    0x18,0x74,0x6f,0x3a,0xc4,0xe7,0x20,0x97,0x43,0x9a,0x0e,0xa3,0x09,0x01,0x30,0x9a,0x20,0x04,0xa3,0x09,0xc3,0x70,0xc3,0xa0,
    0x6e,0x18,0x94,0x09,0x8d,0x7c,0x4c,0x68,0xe4,0x63,0x82,0x20,0x1f,0x13,0x04,0xf9,0x98,0x10,0xc0,0x67,0xc4,0xc0,0x00,0x40,
    0x10,0x0c,0x9a,0x50,0x1d,0xf2,0x73,0x08,0x0c,0xa9,0xe4,0x63,0x48,0x25,0x1f,0x13,0x04,0xf9,0x98,0x20,0xc8,0xc7,0x84,0x00,
    0x3e,0x23,0x06,0x06,0x00,0x82,0x60,0xd0,0x9c,0xea,0xf0,0x9f,0x43,0x30,0x62,0x70,0x00,0x20,0x08,0x06,0x91,0xa9,0x0e,0x2b,
    0x3a,0x1c,0xc1,0x88,0xc1,0x01,0x80,0x20,0x18,0x44,0xa7,0x3a,0xb0,0xe8,0x10,0xdc,0xe6,0x30,0x62,0x60,0x00,0x20,0x08,0x06,
    0x8d,0xaa,0x0e,0x21,0x3a,0x04,0x23,0x06,0x07,0x00,0x82,0x60,0x10,0xa5,0xea,0xe0,0xa2,0x43,0x50,0xfa,0xc2,0x70,0x44,0x50,
    0x9b,0x83,0xf0,0x8d,0x26,0xa4,0x41,0x30,0x9a,0xa0,0x06,0xc2,0x74,0x83,0x10,0x0c,0x17,0x10,0x66,0xb8,0x21,0xe0,0xd3,0x01,
    0x0c,0xca,0x08,0x74,0x34,0xe1,0x0d,0x86,0x0b,0x08,0x33,0xcb,0x90,0x32,0x3f,0x33,0x54,0x20,0xaa,0x03,0x8e,0x18,0x1c,0x00,
    0x08,0x82,0xc1,0xe7,0xaa,0x43,0x7f,0x0e,0xaa,0x3a,0x04,0x17,0x0c,0xca,0xa0,0x80,0x3e,0x23,0x06,0x07,0x00,0x82,0x60,0x10,
    0xdd,0xea,0xa0,0xa3,0x03,0x26,0x8d,0x18,0x1c,0x00,0x08,0x82,0x41,0x84,0xab,0x43,0x8f,0x0e,0x81,0x30,0x62,0x70,0x00,0x20,
    0x08,0x06,0x51,0xae,0x0e,0x3e,0x3a,0x04,0xe5,0x39,0x18,0x15,0xd0,0x67,0xc4,0xc0,0x00,0x40,0x10,0x0c,0x9a,0x5e,0x1d,0x5c,
    0x74,0x08,0x46,0x0c,0x0e,0x00,0x04,0xc1,0x20,0xe2,0xd5,0x21,0x4c,0x87,0x00,0x3d,0x87,0x11,0x83,0x03,0x00,0x41,0x30,0x88,
    0x7a,0x75,0x00,0xd3,0x21,0x40,0x2e,0x20,0xcc,0x70,0x04,0x18,0x68,0xc2,0x37,0xdd,0x30,0x07,0x75,0x10,0x4c,0x37,0xcc,0x41,
    0x1d,0x08,0x47,0x0c,0xca,0x86,0x80,0x3e,0x36,0x08,0xf4,0x19,0x31,0x30,0x00,0x10,0x04,0x83,0xe6,0x5c,0x07,0x1f,0x1d,0x98,
    0x11,0x83,0x03,0x00,0x41,0x30,0x88,0xcc,0x75,0x58,0xd3,0x21,0x10,0x7f,0x61,0xb8,0x21,0xe1,0xd5,0x01,0x0c,0x66,0x19,0x7c,
    0x46,0x65,0x82,0x59,0x82,0x95,0x19,0xa8,0x18,0x62,0x87,0x67,0xcc,0xd7,0x50,0x99,0x81,0x8a,0x21,0x76,0x78,0x06,0x7d,0x0d,
    0x95,0x19,0xa8,0x18,0x62,0x87,0x67,0xd4,0xd7,0x50,0x99,0x81,0x8a,0x21,0x76,0x78,0x86,0x7d,0x0d,0x95,0x19,0xa8,0x20,0x62,
    0x87,0x67,0x44,0xdb,0x50,0x99,0x0b,0x06,0x55,0x10,0x9c,0x0e,0x70,0xc1,0xa0,0x2c,0xf8,0xcf,0x41,0x3e,0x46,0x04,0xf1,0xb1,
    0xe0,0x91,0x8f,0x09,0x8f,0x7c,0x4c,0x80,0x7d,0x01,0x3e,0x26,0xc0,0xbe,0x00,0x9f,0x11,0x83,0x03,0x00,0x41,0x30,0x20,0x03,
    0x77,0x1d,0xe8,0x74,0x00,0xcf,0x01,0x47,0x87,0xd1,0x84,0x60,0xb8,0x80,0x30,0x15,0x80,0xeb,0xa0,0xc3,0x0d,0xc1,0xbb,0x0e,
    0x60,0x30,0xcb,0xd0,0x32,0x2c,0x13,0x14,0x29,0xf4,0xe9,0x00,0x17,0x0c,0x6a,0xc4,0xe0,0x00,0x40,0x10,0x0c,0xa2,0x7e,0x1d,
    0x44,0x75,0xb8,0x50,0x74,0x18,0x31,0x38,0x00,0x10,0x04,0x83,0xc8,0x5f,0x87,0x50,0x1d,0x02,0x61,0x96,0xa0,0x65,0x06,0x2a,
    0x06,0x81,0x65,0x68,0xd8,0x58,0x99,0xe1,0x86,0x43,0x5e,0x87,0x30,0x18,0x6e,0x40,0xdc,0x75,0x08,0x83,0x12,0x02,0x9d,0x65,
    0x70,0x99,0x99,0x09,0x8c,0x90,0xd1,0x01,0x3e,0x23,0x06,0x06,0x00,0x82,0x60,0xd0,0x98,0xec,0x80,0xaa,0x43,0x70,0x01,0x61,
    0x46,0x0c,0x0e,0x00,0x04,0xc1,0xa0,0x0b,0xd9,0x61,0x54,0x07,0x12,0x1d,0x82,0xd1,0x84,0x00,0x18,0x4d,0x10,0x82,0x59,0x86,
    0x97,0x81,0x99,0x71,0x38,0x61,0x50,0x16,0x58,0xf2,0xb1,0x20,0x47,0x07,0xf8,0x8c,0x18,0x18,0x00,0x08,0x82,0x41,0xe3,0xb2,
    0x03,0xac,0x0e,0xc1,0x05,0x04,0x1a,0x31,0x30,0x00,0x10,0x04,0x83,0x06,0x66,0x07,0x57,0x1d,0x86,0xe1,0x06,0x21,0x56,0x07,
    0x33,0x18,0x6e,0x18,0x12,0x34,0x28,0x21,0x50,0xf3,0xd1,0x81,0x88,0xcf,0x74,0x43,0xe0,0xa3,0x83,0x60,0x87,0xca,0x0e,0x20,
    0x18,0x6e,0x40,0x68,0x75,0x30,0x83,0xe1,0x06,0xe1,0x41,0x83,0x12,0x02,0x9d,0x6e,0x50,0xc6,0x74,0x08,0x2c,0x30,0xe0,0x33,
    0x4b,0x00,0x33,0x03,0x15,0x83,0xf0,0x32,0xac,0x6c,0xb8,0xcc,0x2c,0x43,0xcc,0xc8,0xcc,0x3c,0xdc,0x34,0x28,0x0b,0xce,0x40,
    0x3e,0x16,0xac,0xe9,0x00,0x9f,0x11,0x03,0x03,0x00,0x41,0x30,0x68,0xc0,0x76,0x10,0xd7,0x21,0xb8,0x80,0x40,0x23,0x06,0x06,
    0x00,0x82,0x60,0xd0,0x88,0xed,0x00,0xae,0xc3,0x30,0xdc,0x20,0x8c,0xeb,0x60,0x06,0xc3,0x0d,0x83,0x86,0x06,0x25,0x04,0x6a,
    0x70,0x3a,0x10,0xf1,0x99,0x6e,0x08,0xe0,0x74,0x10,0xec,0xe0,0xd9,0x01,0x04,0xc3,0x0d,0x88,0xb9,0x0e,0x66,0x30,0xdc,0x20,
    0x80,0x01,0x1a,0x94,0x10,0xe8,0x74,0x83,0x52,0xa7,0x43,0x60,0x81,0x01,0x9f,0x59,0x02,0x99,0x19,0xa8,0x18,0x84,0x98,0x81,
    0x67,0x03,0x66,0x2c,0x98,0xe4,0x73,0x69,0x30,0xa8,0x11,0x83,0x07,0x00,0x41,0x30,0xc0,0xda,0x76,0x58,0xd7,0xa1,0x4d,0x87,
    0x1e,0x1d,0xf6,0x40,0x0f,0xf8,0x74,0xe0,0xd3,0x81,0x6c,0x07,0xb2,0x1d,0xe0,0x75,0x08,0x46,0x13,0x02,0x60,0x34,0x41,0x08,
    0x46,0x13,0x06,0x61,0x34,0x81,0x18,0x46,0x0c,0x0e,0x00,0x04,0xc1,0x80,0x0c,0xd8,0x76,0x90,0xd7,0xc1,0x47,0x87,0x72,0x1d,
    0x46,0x13,0x02,0x60,0x34,0x41,0x08,0x46,0x13,0x06,0x61,0x34,0x81,0x18,0x2c,0x21,0xe2,0x63,0x09,0x11,0x1f,0x4b,0x88,0xf8,
    0x58,0x42,0xc4,0xc7,0x08,0x48,0x3e,0x46,0x44,0xf2,0x31,0x42,0x92,0x8f,0x11,0x93,0x7c,0x8c,0x60,0xe0,0x63,0x04,0x03,0x1f,
    0x23,0x18,0xf8,0x18,0xc1,0xc0,0x67,0x96,0x80,0x67,0x46,0x0c,0x0c,0x00,0x04,0xc1,0xa0,0x39,0xdd,0x21,0x65,0x07,0x53,0xb8,
    0x80,0x30,0x05,0x13,0x29,0x3b,0x40,0x09,0x7e,0x3b,0xc0,0x88,0xc1,0x01,0x80,0x20,0x18,0x7c,0xa3,0x3b,0xfc,0xeb,0x10,0x08,
    0x23,0x06,0x06,0x00,0x82,0x60,0xd0,0xb0,0xee,0xa0,0xb2,0xc3,0x2a,0x8c,0x18,0x1c,0x00,0x08,0x82,0x41,0x67,0xba,0x03,0xca,
    0x0e,0xa9,0x3a,0x08,0xa3,0x09,0x01,0x30,0x9a,0x20,0x04,0xb3,0x0c,0x34,0x53,0x33,0x68,0x71,0xc2,0xa0,0x2c,0xd8,0x05,0xf9,
    0x58,0xe0,0xab,0x03,0x7c,0x46,0x0c,0x0c,0x00,0x04,0xc1,0xa0,0x99,0xdd,0xa1,0x66,0x87,0xe0,0x02,0x02,0x8d,0x18,0x18,0x00,
    0x08,0x82,0x41,0x53,0xbb,0xc3,0xcc,0x0e,0xc3,0x70,0x83,0x60,0xb3,0x83,0x19,0x0c,0x37,0x0c,0x09,0x1a,0x94,0x10,0xa8,0x8d,
    0xeb,0x40,0xc4,0x67,0xba,0x21,0x18,0xd7,0x41,0xb0,0xe3,0x75,0x07,0x10,0x0c,0x37,0x20,0x39,0x3b,0x98,0xc1,0x70,0x83,0xf0,
    0xa0,0x41,0x09,0x81,0x4e,0x37,0x28,0xe8,0x3a,0x04,0x16,0x18,0xf0,0x99,0x25,0xa8,0x99,0x81,0x8a,0x41,0xa0,0x19,0xdb,0x36,
    0x66,0x66,0x96,0xc1,0x66,0x6e,0x06,0x2f,0x6e,0x1a,0x94,0x05,0xec,0x20,0x1f,0x0b,0xe0,0x75,0x80,0xcf,0x88,0x81,0x01,0x80,
    0x20,0x18,0x34,0xe5,0x3b,0x9c,0xed,0x10,0x5c,0x40,0xa0,0x11,0x03,0x03,0x00,0x41,0x30,0x68,0xce,0x77,0x28,0xdb,0x61,0x18,
    0x6e,0x10,0xd0,0x76,0x30,0x83,0xe1,0x86,0x41,0x43,0x83,0x12,0x02,0xb5,0x7a,0x1d,0x88,0xf8,0x4c,0x37,0x04,0xf5,0x3a,0x08,
    0x76,0x84,0xef,0x00,0x82,0xe1,0x06,0x64,0x6d,0x07,0x33,0x18,0x6e,0x10,0xc0,0x00,0x0d,0x4a,0x08,0x74,0xba,0x41,0xd1,0xd7,
    0x21,0xb0,0xc0,0x80,0xcf,0x2c,0xc1,0xcd,0x0c,0x54,0x0c,0x82,0xcd,0xe8,0xb7,0x51,0x33,0x16,0x4c,0xf2,0x39,0x35,0x18,0xd4,
    0x88,0xc1,0x03,0x80,0x20,0x18,0x60,0xf2,0x3b,0xc0,0xed,0x20,0xaf,0x83,0xb8,0x0e,0x20,0xf1,0x0f,0x21,0x3b,0x84,0xec,0x90,
    0xbe,0x43,0xfa,0x0e,0x75,0x3b,0x04,0xa3,0x09,0x01,0x30,0x9a,0x20,0x04,0xa3,0x09,0x83,0x30,0x9a,0x40,0x0c,0x23,0x06,0x07,
    0x00,0x82,0x60,0x40,0x06,0xf1,0x3b,0xdc,0xed,0x30,0xae,0x83,0xda,0x0e,0xa3,0x09,0x01,0x30,0x9a,0x20,0x04,0xa3,0x09,0x83,
    0x30,0x9a,0x40,0x0c,0x96,0x10,0xf1,0xb1,0x84,0x88,0x8f,0x25,0x44,0x7c,0x2c,0x21,0xe2,0x63,0x04,0x24,0x1f,0x23,0x22,0xf9,
    0x18,0x21,0xc9,0xc7,0x88,0x49,0x3e,0x23,0x06,0x07,0x00,0x82,0x60,0xd0,0x85,0xf0,0x30,0xba,0x03,0xc9,0x0e,0xa0,0x30,0x9a,
    0x10,0x00,0xa3,0x09,0x42,0x30,0xcb,0x80,0x33,0x39,0x33,0x1e,0x27,0x0c,0xca,0x02,0x9b,0x90,0x8f,0x05,0x39,0x3b,0xc0,0x67,
    0xc4,0xc0,0x00,0x40,0x10,0x0c,0x1a,0x17,0x1e,0x60,0x77,0x08,0x2e,0x20,0xd0,0x88,0x81,0x01,0x80,0x20,0x18,0x34,0x30,0x3c,
    0xb8,0xee,0x30,0x0c,0x37,0x08,0xb1,0x3b,0x98,0xc1,0x70,0xc3,0x90,0xa0,0x41,0x09,0x81,0x9a,0xcf,0x0e,0x44,0x7c,0xa6,0x1b,
    0x02,0x9f,0x1d,0x04,0x3b,0x54,0x78,0x00,0xc1,0x70,0x03,0x42,0xbb,0x83,0x19,0x0c,0x37,0x08,0x0f,0x1a,0x94,0x10,0xe8,0x74,
    0x83,0x32,0xb6,0x43,0x60,0x81,0x01,0x9f,0x59,0x82,0x9c,0x19,0xa8,0x18,0x04,0x9c,0x61,0x75,0xe3,0x66,0x66,0x19,0x74,0x66,
    0x67,0xe6,0xe3,0xa6,0x41,0x59,0x70,0x16,0xf2,0xb1,0x60,0x6d,0x07,0xf8,0x8c,0x18,0x18,0x00,0x08,0x82,0x41,0x03,0xc6,0x83,
    0xf8,0x0e,0xc1,0x05,0x04,0x1a,0x31,0x30,0x00,0x10,0x04,0x83,0x46,0x8c,0x07,0xf0,0x1d,0x86,0xe1,0x06,0x61,0x7c,0x07,0x33,
    0x18,0x6e,0x18,0x34,0x34,0x28,0x21,0x50,0x83,0xdb,0x81,0x88,0xcf,0x74,0x43,0x00,0xb7,0x83,0x60,0x07,0x0f,0x0f,0x20,0x18,
    0x6e,0x40,0xcc,0x77,0x30,0x83,0xe1,0x06,0x01,0x0c,0xd0,0xa0,0x84,0x40,0xa7,0x1b,0x94,0xba,0x1d,0x02,0x0b,0x0c,0xf8,0xcc,
    0x12,0xec,0xcc,0x40,0xc5,0x20,0xe8,0x0c,0xbc,0x1b,0x39,0x63,0xc1,0x24,0x9f,0x43,0x87,0x41,0x8d,0x18,0x3c,0x00,0x08,0x82,
    0x01,0xd6,0xc6,0xc3,0xfa,0x0e,0x6d,0x3b,0xf4,0xec,0xb0,0x17,0x7a,0xc1,0xb7,0x03,0xdf,0x0e,0x64,0x3c,0x90,0xf1,0x00,0xbf,
    0x43,0x30,0x9a,0x10,0x00,0xa3,0x09,0x42,0x30,0x9a,0x30,0x08,0xa3,0x09,0xc4,0x60,0x84,0x1e,0xc4,0xc7,0x08,0x3d,0x88,0x8f,
    0x11,0x7a,0x10,0x1f,0x23,0xf4,0x20,0x3e,0x46,0x2c,0xf2,0x31,0x82,0x91,0x8f,0x11,0x8d,0x7c,0x8c,0x70,0xe4,0x63,0x84,0x28,
    0xc0,0xc7,0x08,0x51,0x80,0x8f,0x11,0xa2,0x00,0x1f,0x23,0x44,0x01,0x3e,0xe6,0x07,0x48,0x7c,0xcc,0x0f,0x90,0xf8,0x98,0x1f,
    0x20,0xf1,0x31,0x3f,0x40,0xe2,0x63,0x84,0x3e,0xc8,0xc7,0x88,0x7d,0x90,0x8f,0x11,0xfc,0x20,0x1f,0x23,0xfa,0x41,0x3e,0x46,
    0x30,0xf0,0x31,0x82,0x81,0x8f,0x11,0x0c,0x7c,0x8c,0x60,0xe0,0x33,0x4b,0xc0,0x33,0x03,0x15,0x83,0x8d,0xc8,0x0c,0xb2,0x33,
    0x03,0x15,0x83,0x8d,0xc8,0x0c,0xb2,0x33,0x03,0x15,0x83,0x8d,0xc8,0x0c,0xb2,0x33,0x03,0x15,0x83,0x8d,0xc8,0x0c,0xb2,0x33,
    0x46,0xa0,0x07,0x7c,0x8c,0x40,0x0f,0xf8,0x18,0x81,0x1e,0xf0,0x31,0x02,0x3d,0xe0,0x63,0xe8,0xa1,0xca,0x03,0x04,0x86,0x1b,
    0x82,0xfb,0x00,0x83,0x59,0x86,0x9e,0x59,0x99,0x60,0x96,0xc0,0x67,0x06,0x2a,0x06,0xd1,0x37,0x52,0x86,0xe9,0x99,0x81,0x8a,
    0x81,0xf4,0x8d,0x94,0x61,0x7a,0x66,0xa0,0x62,0x30,0x7d,0x23,0x65,0x98,0x9e,0x19,0xa8,0x18,0x50,0xdf,0x48,0x19,0xa6,0x67,
    0x8c,0xc0,0x0f,0xfa,0x18,0x91,0x1f,0xf4,0x31,0x42,0x3f,0xe8,0x63,0xc4,0x7e,0xd0,0x67,0x96,0xc0,0x7f,0x86,0x1b,0x60,0x84,
    0x96,0x87,0x30,0xa8,0x16,0x31,0xe5,0x41,0x87,0x1b,0x82,0x5a,0x1e,0xc0,0x60,0x96,0x21,0x6c,0xc0,0x26,0x28,0x35,0x19,0xe3,
    0x01,0x2e,0x18,0xd4,0x88,0xc1,0x01,0x80,0x20,0x18,0x44,0xe3,0x3c,0xa0,0xf1,0xa0,0x23,0xee,0x3b,0x8c,0x18,0x1c,0x00,0x08,
    0x82,0x41,0x44,0xce,0xc3,0x19,0x0f,0x81,0x30,0x4b,0x10,0x36,0x03,0x15,0x83,0x00,0x36,0xe0,0x6f,0xfc,0xcc,0x70,0xc3,0x81,
    0xcb,0x43,0x18,0x0c,0x37,0x20,0xb4,0x3c,0x84,0x41,0x09,0x81,0xce,0x32,0x88,0x4d,0xdb,0x04,0x46,0xe0,0xef,0x00,0x9f,0x11,
    0x03,0x03,0x00,0x41,0x30,0x68,0xd8,0x79,0x70,0xe3,0x21,0xb8,0x80,0x30,0x23,0x06,0x07,0x00,0x82,0x60,0xd0,0x9d,0xf3,0x90,
    0xc6,0x83,0xfa,0x0e,0xc1,0x68,0x42,0x00,0x8c,0x26,0x08,0xc1,0x2c,0xc3,0xd8,0x98,0x4d,0xaa,0xcc,0x32,0x94,0x0d,0xd9,0x44,
    0xc3,0x11,0xab,0x39,0xe8,0xef,0x30,0x7c,0xc3,0x11,0xac,0x39,0xf0,0xef,0x40,0x7c,0x25,0x04,0x3a,0xdd,0xe0,0xbf,0x43,0xff,
    0x0e,0xc1,0x2c,0x81,0xd9,0x9c,0x31,0x28,0x0b,0x60,0x73,0x90,0x8f,0x05,0x23,0x3c,0xc0,0x67,0xc4,0xc0,0x00,0x40,0x10,0x0c,
    0x1a,0x7c,0x1e,0xf4,0x78,0x08,0x2e,0x20,0xd0,0x88,0x81,0x01,0x80,0x20,0x18,0x34,0xfa,0x3c,0xe0,0xf1,0x30,0x0c,0x37,0x08,
    0x7b,0x3c,0x98,0xc1,0x70,0xc3,0xd0,0xa0,0x41,0x09,0x81,0x1a,0x0a,0x0f,0x44,0x7c,0xa6,0x1b,0x02,0x14,0x1e,0x04,0x3b,0xe8,
    0x79,0x00,0xc1,0x70,0x03,0xe2,0xc7,0x83,0x19,0x0c,0x37,0x08,0x13,0x1a,0x94,0x10,0xe8,0x74,0x83,0xd2,0xc2,0x43,0x60,0x81,
    0x01,0x9f,0x59,0x02,0xb3,0x19,0xe8,0x18,0x84,0xb2,0x21,0x03,0xb2,0x01,0xc3,0x43,0x6c,0x66,0x19,0xce,0x46,0x6d,0x7a,0x65,
    0x96,0x21,0x6d,0xd0,0xe6,0x0c,0x86,0x23,0xc0,0x73,0x80,0xe1,0x61,0xf8,0x86,0x23,0xc2,0x73,0x90,0xe1,0x81,0xf8,0x4a,0x08,
    0x74,0xba,0x81,0x86,0x87,0x19,0x1e,0x82,0x59,0x02,0xb5,0xb9,0x6d,0x50,0x16,0x94,0xe7,0x20,0x1f,0x0b,0x72,0x78,0x80,0xcf,
    0x88,0x81,0x01,0x80,0x20,0x18,0x34,0x2e,0x3d,0xc0,0xf2,0x10,0x5c,0x40,0xa0,0x11,0x03,0x03,0x00,0x41,0x30,0x68,0x60,0x7a,
    0x70,0xe5,0x61,0x18,0x6e,0x10,0x62,0x79,0x30,0x83,0xe1,0x86,0x41,0x0c,0xd0,0xa0,0x84,0x40,0xcd,0x87,0x07,0x22,0x3e,0xd3,
    0x0d,0x81,0x0f,0x0f,0x82,0x1d,0x2a,0x3d,0x80,0x60,0xb8,0x01,0xa1,0xe5,0xc1,0x0c,0x86,0x1b,0x04,0x34,0x40,0x83,0x12,0x02,
    0x9d,0x6e,0x50,0xc6,0x78,0x08,0x2c,0x30,0xe0,0x33,0x4b,0xa0,0x36,0x03,0x1d,0x83,0x90,0x36,0x64,0x80,0x36,0xac,0x78,0x98,
    0x8d,0x05,0x97,0x7c,0xee,0x0d,0x06,0x75,0x6f,0x30,0xa8,0x59,0x06,0xb6,0x59,0x1b,0x50,0x30,0x41,0x3f,0x07,0xf9,0x98,0xa0,
    0x9f,0x83,0x7c,0x46,0x0c,0x0c,0x00,0x04,0xc1,0xa0,0x11,0xeb,0x81,0x9c,0x07,0x61,0xc4,0xc0,0x00,0x40,0x10,0x0c,0x9a,0xb1,
    0x1e,0xca,0x79,0x10,0x4c,0x88,0xe3,0x01,0x3e,0x26,0xc8,0xf1,0x00,0x1f,0x13,0x10,0xfa,0x98,0x80,0xd0,0x67,0x96,0x80,0x6d,
    0x06,0x2a,0x06,0x62,0x6d,0x48,0xd8,0x50,0x9b,0x81,0x8a,0x81,0x58,0x1b,0x12,0x36,0xd4,0xe6,0xfa,0x60,0x50,0x23,0x06,0x0f,
    0x00,0x82,0x60,0x80,0x9d,0xf5,0x50,0xce,0xc3,0x19,0x0f,0x37,0x3c,0x0c,0x82,0x1d,0x0f,0x76,0x3c,0xf8,0xf4,0xe0,0xd3,0x83,
    0x3a,0x0f,0xc1,0x68,0x42,0x00,0x8c,0x26,0x08,0xc1,0x68,0xc2,0x20,0x8c,0x26,0x10,0xc3,0x88,0xc1,0x01,0x80,0x20,0x18,0x90,
    0x81,0x59,0x0f,0xec,0x3c,0xe0,0xf0,0xf0,0xcb,0xc3,0x68,0x42,0x00,0x8c,0x26,0x08,0xc1,0x68,0xc2,0x20,0x8c,0x26,0x10,0x83,
    0x25,0x44,0x7c,0x2c,0x21,0xe2,0x63,0x09,0x11,0x1f,0x4b,0x88,0xf8,0x18,0xc1,0xc9,0xc7,0x88,0x4e,0x3e,0x46,0x78,0xf2,0x31,
    0xe2,0x93,0x8f,0x11,0x0c,0x7c,0x8c,0x60,0xe0,0x63,0x04,0x03,0x1f,0x23,0x18,0xf8,0xcc,0x12,0xf8,0xcf,0x88,0x81,0x01,0x80,
    0x20,0x18,0x34,0xa1,0x3d,0x8c,0xf4,0xa0,0x0b,0x17,0x10,0xa6,0x54,0x66,0xa4,0x07,0x28,0x01,0xaf,0x07,0x18,0x31,0x38,0x00,
    0x10,0x04,0x83,0xaf,0xaf,0x87,0x7c,0x1e,0x02,0x61,0xc4,0xc0,0x00,0x40,0x10,0x0c,0x1a,0xd3,0x1e,0x48,0x7a,0xf8,0x85,0x11,
    0x83,0x03,0x00,0x41,0x30,0xe8,0x40,0x7b,0x10,0xe9,0x61,0x94,0x07,0x61,0x34,0x21,0x00,0x46,0x13,0x84,0x60,0x96,0xc1,0x6d,
    0xe2,0x46,0x6c,0x66,0x19,0xe0,0xe6,0x6d,0xd4,0x61,0x38,0x82,0x4c,0x87,0x59,0x1e,0x86,0x6f,0x38,0xa2,0x4c,0x87,0x5a,0x1e,
    0x88,0xaf,0x84,0x40,0xa7,0x1b,0x6e,0x79,0xb0,0xe5,0x21,0x98,0x25,0x88,0x9b,0x33,0x06,0x65,0x41,0x9a,0x0e,0xf2,0xb1,0x80,
    0x97,0x07,0xf8,0x8c,0x18,0x18,0x00,0x08,0x82,0x41,0x13,0xdb,0xc3,0x4c,0x0f,0xc1,0x05,0x04,0x1a,0x31,0x30,0x00,0x10,0x04,
    0x83,0x66,0xb6,0x87,0x98,0x1e,0x86,0xe1,0x06,0x81,0xa6,0x07,0x33,0x18,0x6e,0x18,0x1a,0x34,0x28,0x21,0x50,0x0b,0xe7,0x81,
    0x88,0xcf,0x74,0x43,0x10,0xce,0x83,0x60,0x47,0x6b,0x0f,0x20,0x18,0x6e,0x40,0x6e,0x7a,0x30,0x83,0xe1,0x06,0x61,0x42,0x83,
    0x12,0x02,0x9d,0x6e,0x50,0xcc,0x79,0x08,0x2c,0x30,0xe0,0x33,0x4b,0x10,0x37,0x03,0x1d,0x83,0x00,0x37,0x64,0xf0,0x36,0xb2,
    0x79,0xb4,0xcd,0x2c,0x83,0xdc,0xd4,0x8d,0xdd,0xcc,0x32,0xd0,0xcd,0xdc,0x80,0xc4,0x70,0x44,0x9e,0x0e,0xe9,0x3c,0x0c,0xdf,
    0x70,0x84,0x9e,0x0e,0xeb,0x3c,0x10,0x5f,0x09,0x81,0x4e,0x37,0xb4,0xf3,0xc0,0xce,0x43,0x30,0x4b,0x50,0x37,0xb7,0x0d,0xca,
    0x02,0x3f,0x1d,0xe4,0x63,0x81,0x3c,0x0f,0xf0,0x19,0x31,0x30,0x00,0x10,0x04,0x83,0xe6,0xbc,0x87,0xb4,0x1e,0x82,0x0b,0x08,
    0x34,0x62,0x60,0x00,0x20,0x08,0x06,0x4d,0x7a,0x0f,0x67,0x3d,0x0c,0xc3,0x0d,0x82,0x5a,0x0f,0x66,0x30,0xdc,0x30,0x88,0x01,
    0x1a,0x94,0x10,0xa8,0xdd,0xf3,0x40,0xc4,0x67,0xba,0x21,0xb8,0xe7,0x41,0xb0,0x63,0xbc,0x07,0x10,0x0c,0x37,0x20,0x6d,0x3d,
    0x98,0xc1,0x70,0x83,0x80,0x06,0x68,0x50,0x42,0xa0,0xd3,0x0d,0x0a,0x3f,0x0f,0x81,0x05,0x06,0x7c,0x66,0x09,0xea,0x66,0xa0,
    0x63,0x10,0xe8,0x86,0x0c,0xe6,0xc6,0x3f,0x8f,0xb8,0xb1,0xe0,0x92,0xcf,0xbd,0xc1,0xa0,0xee,0x0d,0x06,0x35,0xcb,0x70,0x37,
    0x76,0x93,0x13,0x26,0xcc,0xea,0x20,0x1f,0x13,0x66,0x75,0x90,0xcf,0x88,0x81,0x01,0x80,0x20,0x18,0x34,0xfb,0x3d,0xf4,0xf5,
    0x20,0x8c,0x18,0x18,0x00,0x08,0x82,0x41,0xc3,0xdf,0x83,0x5f,0x0f,0x82,0x09,0x2a,0x3d,0xc0,0xc7,0x84,0x95,0x1e,0xe0,0x63,
    0x02,0x42,0x1f,0x13,0x10,0xfa,0xcc,0x12,0xdc,0xcd,0x40,0xc5,0x40,0xd8,0x8d,0x5d,0x1b,0x75,0x33,0x50,0x31,0x10,0x76,0x63,
    0xd7,0x46,0xdd,0x9c,0x1f,0x0c,0x6a,0xc4,0xe0,0x01,0x40,0x10,0x0c,0x30,0x10,0x1f,0xfc,0x7a,0x00,0xe9,0x01,0x9e,0x87,0x41,
    0x78,0xe9,0xe1,0xa5,0x87,0xfb,0x1e,0xee,0x7b,0x18,0xed,0x21,0x18,0x4d,0x08,0x80,0xd1,0x04,0x21,0x18,0x4d,0x18,0x84,0xd1,
    0x04,0x62,0x18,0x31,0x38,0x00,0x10,0x04,0x03,0x32,0xf8,0xef,0xa1,0xb4,0x87,0x78,0x1e,0xf0,0x7a,0x18,0x4d,0x08,0x80,0xd1,
    0x04,0x21,0x18,0x4d,0x18,0x84,0xd1,0x04,0x62,0xb0,0x84,0x88,0x8f,0x25,0x44,0x7c,0x2c,0x21,0xe2,0x63,0x09,0x11,0x1f,0x23,
    0x38,0xf9,0x18,0xd1,0xc9,0xc7,0x08,0x4f,0x3e,0x46,0x7c,0xf2,0x19,0x31,0x38,0x00,0x10,0x04,0x83,0xee,0xc5,0x87,0xd8,0x1e,
    0x64,0x7a,0xa0,0x85,0xd1,0x84,0x00,0x18,0x4d,0x10,0x82,0x59,0x06,0xbc,0xd9,0x9b,0xf8,0x99,0x65,0xd0,0x9b,0xbc,0xc9,0x8b,
    0xe1,0x88,0x79,0x1d,0xc4,0x7a,0x18,0xbe,0xe1,0x08,0x7a,0x1d,0xc8,0x7a,0x20,0xbe,0x12,0x02,0x9d,0x6e,0x30,0xeb,0xa1,0xac,
    0x87,0x60,0x96,0x60,0x6f,0xce,0x18,0x94,0x05,0xf8,0x3a,0xc8,0xc7,0x82,0xb5,0x1e,0xe0,0x33,0x62,0x60,0x00,0x20,0x08,0x06,
    0x0d,0x98,0x0f,0xe2,0x3d,0x04,0x17,0x10,0x68,0xc4,0xc0,0x00,0x40,0x10,0x0c,0x1a,0x31,0x1f,0xc0,0x7b,0x18,0x86,0x1b,0x84,
    0xf1,0x1e,0xcc,0x60,0xb8,0x61,0x68,0xd0,0xa0,0x84,0x40,0x0d,0xae,0x07,0x22,0x3e,0xd3,0x0d,0x01,0x5c,0x0f,0x82,0x1d,0x3c,
    0x3e,0x80,0x60,0xb8,0x01,0x31,0xef,0xc1,0x0c,0x86,0x1b,0x84,0x09,0x0d,0x4a,0x08,0x74,0xba,0x41,0xa9,0xeb,0x21,0xb0,0xc0,
    0x80,0xcf,0x2c,0xc1,0xde,0x0c,0x74,0x0c,0x82,0xde,0x90,0x41,0xde,0xc0,0xeb,0x71,0x37,0xb3,0x0c,0x7c,0xf3,0x37,0x25,0x34,
    0xcb,0xe0,0x37,0x7d,0xf3,0x1a,0xc3,0x11,0x28,0x3b,0xe0,0xf5,0x30,0x7c,0xc3,0x11,0x29,0x3b,0xe8,0xf5,0x40,0x7c,0x25,0x04,
    0x3a,0xdd,0xc0,0xd7,0xc3,0x5e,0x0f,0xc1,0x2c,0xc1,0xdf,0xdc,0x36,0x28,0x0b,0x5a,0x76,0x90,0x8f,0x05,0xa1,0x3d,0xc0,0x67,
    0xc4,0xc0,0x00,0x40,0x10,0x0c,0x1a,0x3b,0x1f,0xf0,0x7b,0x08,0x2e,0x20,0xd0,0x88,0x81,0x01,0x80,0x20,0x18,0x34,0x78,0x3e,
    0xd8,0xf7,0x30,0x0c,0x37,0x08,0xf9,0x3d,0x98,0xc1,0x70,0xc3,0x20,0x06,0x68,0x50,0x42,0xa0,0x66,0xda,0x03,0x11,0x9f,0xe9,
    0x86,0xc0,0xb4,0x07,0xc1,0x0e,0x39,0x1f,0x40,0x30,0xdc,0x80,0xf0,0xf7,0x60,0x06,0xc3,0x0d,0x02,0x1a,0xa0,0x41,0x09,0x81,
    0x4e,0x37,0x28,0xab,0x3d,0x04,0x16,0x18,0xf0,0x99,0x25,0xf8,0x9b,0x81,0x8e,0x41,0xf0,0x1b,0x32,0xe8,0x1b,0x9e,0x3d,0xf6,
    0xc6,0x82,0x4b,0x3e,0xf7,0x06,0x83,0xba,0x37,0x18,0xd4,0x2c,0x43,0xe8,0x80,0x0e,0x7a,0x98,0x20,0xb6,0x83,0x7c,0x4c,0x10,
    0xdb,0x41,0x3e,0x23,0x06,0x06,0x00,0x82,0x60,0xd0,0xa8,0xfa,0xc0,0xe2,0x83,0x30,0x62,0x60,0x00,0x20,0x08,0x06,0xcd,0xaa,
    0x0f,0x2d,0x3e,0x08,0x26,0xe4,0xf6,0x00,0x1f,0x13,0x74,0x7b,0x80,0x8f,0x09,0x08,0x7d,0x4c,0x40,0xe8,0x33,0x4b,0x10,0x3a,
    0x03,0x15,0x03,0x01,0x3a,0xb4,0x6e,0xfc,0xcd,0x40,0xc5,0x40,0x80,0x0e,0xad,0x1b,0x7f,0x73,0x30,0x31,0xa8,0x11,0x83,0x07,
    0x00,0x41,0x30,0xc0,0x5e,0x7d,0x68,0xf1,0xe1,0xb5,0x87,0xbf,0x1e,0x06,0xc1,0xb7,0x07,0xdf,0x1e,0x4c,0x7d,0x30,0xf5,0x41,
    0xc6,0x87,0x60,0x34,0x21,0x00,0x46,0x13,0x84,0x60,0x34,0x61,0x10,0x46,0x13,0x88,0xc1,0x08,0x57,0x88,0x8f,0x11,0xae,0x10,
    0x1f,0x23,0x5c,0x21,0x3e,0x46,0xb8,0x42,0x7c,0x8c,0xb8,0xe4,0x63,0x04,0x26,0x1f,0x23,0x32,0xf9,0x18,0xa1,0xc9,0xc7,0x08,
    0x5b,0x80,0x8f,0x11,0xb6,0x00,0x1f,0x23,0x6c,0x01,0x3e,0x46,0xd8,0x02,0x7c,0x4c,0x16,0x90,0xf8,0x98,0x2c,0x20,0xf1,0x31,
    0x59,0x40,0xe2,0x63,0xb2,0x80,0xc4,0xc7,0x08,0xb1,0x90,0x8f,0x11,0x63,0x21,0x1f,0x23,0xc8,0x42,0x3e,0x46,0x94,0x85,0x7c,
    0x8c,0x60,0xe0,0x63,0x04,0x03,0x1f,0x23,0x18,0xf8,0x18,0xc1,0xc0,0x67,0x96,0xc0,0x7f,0x66,0x19,0x48,0x67,0x74,0x4a,0x69,
    0xc4,0x00,0x02,0x40,0x10,0x0c,0xac,0x76,0x1f,0xc4,0x7c,0x60,0xef,0x81,0xb7,0x07,0xd5,0x1d,0x52,0x77,0xd8,0xef,0x61,0xbf,
    0x87,0x71,0x1f,0xc6,0x7d,0x78,0xf3,0xc1,0x7d,0x87,0xfd,0x1e,0x46,0x13,0x02,0x60,0x34,0x41,0x08,0x46,0x13,0x06,0x61,0x34,
    0x81,0x18,0x66,0x09,0xfc,0x67,0xc4,0xc0,0x00,0x40,0x10,0x0c,0x9a,0x7a,0x1f,0xc4,0x7c,0x78,0xdd,0x61,0xc4,0xc0,0x00,0x40,
    0x10,0x0c,0x1a,0x7b,0x1f,0xc6,0x7c,0x78,0xdd,0x61,0xc4,0xc0,0x00,0x40,0x10,0x0c,0x9a,0x7b,0x1f,0xca,0x7c,0x88,0xdd,0x61,
    0xc4,0xc0,0x00,0x40,0x10,0x0c,0x1a,0x7c,0x1f,0xcc,0x7c,0x88,0xdd,0x61,0xc4,0xe0,0x00,0x40,0x10,0x0c,0x3a,0x79,0x1f,0xe8,
    0x7c,0xa8,0xef,0x81,0xdd,0x87,0xd1,0x84,0x00,0x18,0x4d,0x10,0x82,0xd1,0x84,0x61,0xb8,0x61,0x50,0x37,0x0c,0xca,0x04,0x44,
    0x3e,0x26,0x20,0xf2,0x31,0x41,0x90,0x8f,0x09,0x82,0x7c,0x4c,0x08,0xe0,0x33,0x62,0x60,0x00,0x20,0x08,0x06,0x0d,0xc9,0x0f,
    0x7c,0x3e,0x04,0x86,0x40,0xf2,0x31,0x04,0x92,0x8f,0x09,0x82,0x7c,0x4c,0x10,0xe4,0x63,0x42,0x00,0x9f,0x11,0x03,0x03,0x00,
    0x41,0x30,0x68,0x54,0x7e,0x10,0xf5,0x21,0x18,0x31,0x38,0x00,0x10,0x04,0x83,0x28,0xe5,0x07,0x57,0x1f,0x8e,0x60,0xc4,0xe0,
    0x00,0x40,0x10,0x0c,0x22,0x95,0x1f,0x5e,0x7d,0x08,0x74,0x7c,0x18,0x31,0x30,0x00,0x10,0x04,0x83,0xa6,0xe5,0x07,0x52,0x1f,
    0x02,0x0b,0x58,0x78,0x80,0xcf,0x88,0xc1,0x01,0x80,0x20,0x18,0x44,0x2d,0x3f,0xc8,0xfa,0x10,0xa4,0xf0,0x30,0x1c,0x11,0xe4,
    0xf8,0x20,0x7c,0xa3,0x09,0xed,0x14,0x8c,0x26,0xb8,0x93,0x30,0xdd,0x20,0x04,0xc3,0x05,0x84,0x19,0x6e,0x08,0x40,0x7e,0x00,
    0x83,0x32,0x02,0x1d,0x4d,0x98,0xa7,0xe1,0x02,0xc2,0xcc,0x32,0x94,0xce,0xee,0x0c,0x15,0x98,0xfc,0x80,0x23,0x06,0x07,0x00,
    0x82,0x60,0xf0,0xc9,0xfc,0x10,0xea,0x83,0xcb,0x0f,0xc1,0x05,0x83,0xb2,0x28,0xa0,0xcf,0x88,0xc1,0x01,0x80,0x20,0x18,0x44,
    0x3b,0x3f,0xf8,0xfa,0x90,0x4d,0x23,0x06,0x07,0x00,0x82,0x60,0x10,0xf1,0xfc,0x10,0xee,0x43,0x20,0x8c,0x18,0x1c,0x00,0x08,
    0x82,0x41,0xd4,0xf3,0x83,0xb8,0x0f,0x41,0x9a,0x0f,0x56,0x05,0xf4,0x19,0x31,0x30,0x00,0x10,0x04,0x83,0x26,0xec,0x07,0x59,
    0x1f,0x82,0x11,0x83,0x03,0x00,0x41,0x30,0x88,0xc0,0x7e,0x28,0xf7,0x21,0x60,0xf3,0x61,0xc4,0xe0,0x00,0x40,0x10,0x0c,0xa2,
    0xb0,0x1f,0xc8,0x7d,0x08,0x90,0x0b,0x08,0x33,0x1c,0x11,0x06,0x9b,0xf0,0x4d,0x37,0xbc,0x41,0x1c,0x04,0xd3,0x0d,0x6f,0x10,
    0x07,0xc2,0x11,0x83,0xb2,0x21,0xa0,0x8f,0x0d,0x02,0x7d,0x46,0x0c,0x0c,0x00,0x04,0xc1,0xa0,0x59,0xfb,0x41,0xdc,0x07,0xc6,
    0x02,0x35,0x1e,0xe0,0x33,0x62,0x70,0x00,0x20,0x08,0x06,0xd1,0xda,0x0f,0xf0,0x3e,0x04,0x67,0x3c,0x0c,0x37,0x28,0x61,0x3f,
    0x80,0xc1,0x2c,0x83,0xee,0x98,0x4e,0x30,0x4b,0x70,0x3a,0x03,0x15,0x43,0xec,0xe0,0x0e,0x3c,0x1f,0xa6,0x33,0x50,0x31,0xc4,
    0x0e,0xee,0xc8,0xf3,0x61,0x3a,0x03,0x15,0x43,0xec,0xe0,0x0e,0x3d,0x1f,0xa6,0x33,0x50,0x31,0xc4,0x0e,0xee,0xd8,0xf3,0x61,
    0x3a,0x03,0x15,0x44,0xec,0xe0,0x0e,0xab,0x1f,0xa6,0x73,0xc1,0xa0,0x2a,0xaa,0xf7,0x01,0x2e,0x18,0x94,0x05,0xa4,0x3e,0xc8,
    0xc7,0x88,0x20,0x3e,0x16,0x40,0xf2,0x31,0x01,0x92,0x8f,0x09,0x35,0x3c,0xc0,0xc7,0x84,0x1a,0x1e,0xe0,0x33,0x62,0x70,0x00,
    0x20,0x08,0x06,0x64,0x30,0xf7,0x43,0xbe,0x0f,0x65,0x3e,0xf4,0xfa,0x30,0x9a,0x10,0x0c,0x17,0x10,0xa6,0x82,0xb2,0x1f,0x74,
    0xb8,0x21,0xa0,0xfb,0x01,0x0c,0x66,0x19,0x52,0x07,0x75,0x82,0x32,0x05,0x91,0x1f,0xe0,0x82,0x41,0x8d,0x18,0x1c,0x00,0x08,
    0x82,0x41,0x24,0xfa,0xc3,0xc9,0x0f,0x57,0xab,0x0f,0x23,0x06,0x07,0x00,0x82,0x60,0x10,0x8d,0xfe,0x60,0xf2,0x43,0x20,0xcc,
    0x12,0xa4,0xce,0x40,0xc5,0x20,0xa0,0x8e,0x4f,0x1f,0xa7,0x33,0xdc,0x70,0xdc,0xfd,0x10,0x06,0xc3,0x0d,0xc8,0xdc,0x0f,0x61,
    0x50,0x42,0xa0,0xb3,0x0c,0xaa,0xf3,0x3a,0x81,0x11,0xb7,0x3e,0xc0,0x67,0xc4,0xc0,0x00,0x40,0x10,0x0c,0x9a,0xd5,0x1f,0x5a,
    0x7e,0x08,0x2e,0x20,0xcc,0x88,0xc1,0x01,0x80,0x20,0x18,0x74,0xa6,0x3f,0xa0,0xfc,0x90,0xea,0x43,0x30,0x9a,0x10,0x00,0xa3,
    0x09,0x42,0x30,0xcb,0xb0,0x3a,0xac,0x83,0x56,0x27,0x0c,0xca,0x02,0x4b,0x3e,0x16,0xf8,0xfa,0x00,0x9f,0x11,0x03,0x03,0x00,
    0x41,0x30,0x68,0x66,0x7f,0xa8,0xf9,0x21,0xb8,0x80,0x40,0x23,0x06,0x06,0x00,0x82,0x60,0xd0,0xd4,0xfe,0x30,0xf3,0xc3,0x30,
    0xdc,0x20,0xd8,0xfc,0x60,0x06,0xc3,0x0d,0x43,0x82,0x06,0x25,0x04,0x6a,0xe3,0x3e,0x10,0xf1,0x99,0x6e,0x08,0xc6,0x7d,0x10,
    0xec,0x78,0xfd,0x01,0x04,0xc3,0x0d,0x48,0xce,0x0f,0x66,0x30,0xdc,0x20,0x3c,0x68,0x50,0x42,0xa0,0xd3,0x0d,0x0a,0xba,0x0f,
    0x81,0x05,0x06,0x7c,0x66,0x09,0x58,0x67,0xa0,0x62,0x10,0x56,0xc7,0xb6,0x0f,0xd5,0x99,0x65,0x68,0x1d,0xd7,0xc1,0xab,0x9b,
    0x06,0x65,0xc1,0x19,0xc8,0xc7,0x02,0x78,0x1f,0xe0,0x33,0x62,0x60,0x00,0x20,0x08,0x06,0x4d,0xf9,0x0f,0x67,0x3f,0x04,0x17,
    0x10,0x68,0xc4,0xc0,0x00,0x40,0x10,0x0c,0x9a,0xf3,0x1f,0xca,0x7e,0x18,0x86,0x1b,0x04,0xb4,0x1f,0xcc,0x60,0xb8,0x61,0xd0,
    0xd0,0xa0,0x84,0x40,0xad,0xde,0x07,0x22,0x3e,0xd3,0x0d,0x41,0xbd,0x0f,0x82,0x1d,0xe1,0x3f,0x80,0x60,0xb8,0x01,0x59,0xfb,
    0xc1,0x0c,0x86,0x1b,0x04,0x30,0x40,0x83,0x12,0x02,0x9d,0x6e,0x50,0xf4,0x7d,0x08,0x2c,0x30,0xe0,0x33,0x4b,0xe0,0x3a,0x03,
    0x15,0x83,0xd0,0x3a,0xfa,0x7d,0xb0,0x8e,0x05,0x93,0x7c,0x2e,0x0d,0x06,0x35,0x62,0xf0,0x00,0x20,0x08,0x06,0x98,0xfc,0x0f,
    0x70,0x3f,0xc8,0xfb,0x20,0xee,0xc3,0x1e,0xe8,0x41,0xc8,0x0f,0x21,0x3f,0xa4,0xff,0x90,0xfe,0x43,0xdd,0x0f,0xc1,0x68,0x42,
    0x00,0x8c,0x26,0x08,0xc1,0x68,0xc2,0x20,0x8c,0x26,0x10,0xc3,0x88,0xc1,0x01,0x80,0x20,0x18,0x90,0x41,0xfc,0x0f,0x77,0x3f,
    0x8c,0xfb,0xa0,0xf6,0xc3,0x68,0x42,0x00,0x8c,0x26,0x08,0xc1,0x68,0xc2,0x20,0x8c,0x26,0x10,0x83,0x25,0x44,0x7c,0x2c,0x21,
    0xe2,0x63,0x09,0x11,0x1f,0x4b,0x88,0xf8,0x18,0x01,0xc9,0xc7,0x88,0x48,0x3e,0x46,0x48,0xf2,0x31,0x62,0x92,0x8f,0x11,0x0c,
    0x7c,0x8c,0x60,0xe0,0x63,0x04,0x03,0x1f,0x23,0x18,0xf8,0xcc,0x12,0xe0,0xce,0x88,0x81,0x01,0x80,0x20,0x18,0x34,0x2c,0x48,
    0xb8,0xfe,0x60,0x0a,0x17,0x10,0xa6,0x64,0xc2,0xf5,0x07,0x28,0x61,0x04,0x09,0x18,0x31,0x38,0x00,0x10,0x04,0x83,0x0f,0x05,
    0x09,0xd2,0x1f,0x02,0x61,0xc4,0xc0,0x00,0x40,0x10,0x0c,0x9a,0x18,0x24,0x5e,0x7f,0x58,0x85,0x11,0x83,0x03,0x00,0x41,0x30,
    0xe8,0x56,0x90,0x68,0xfd,0xc1,0xe5,0x07,0x61,0x34,0x21,0x00,0x46,0x13,0x84,0x60,0x96,0x01,0x76,0x62,0xa7,0xbd,0x4e,0x18,
    0x94,0x05,0xbb,0x20,0x1f,0x0b,0xc6,0x7e,0x80,0xcf,0x88,0x81,0x01,0x80,0x20,0x18,0x34,0x38,0x48,0xe8,0xfe,0x10,0x5c,0x40,
    0xa0,0x11,0x03,0x03,0x00,0x41,0x30,0x68,0x74,0x90,0xc0,0xfd,0x61,0x18,0x6e,0x10,0x76,0x7f,0x30,0x83,0xe1,0x86,0x21,0x41,
    0x83,0x12,0x02,0x35,0xb4,0x1f,0x88,0xf8,0x4c,0x37,0x04,0x68,0x3f,0x08,0x76,0xd0,0x20,0x01,0x82,0xe1,0x06,0xc4,0xf7,0x07,
    0x33,0x18,0x6e,0x10,0x1e,0x34,0x28,0x21,0xd0,0xe9,0x06,0xa5,0xed,0x87,0xc0,0x02,0x03,0x3e,0xb3,0x04,0xb1,0x33,0x50,0x31,
    0x08,0xb0,0x03,0xee,0xc7,0xeb,0xcc,0x32,0xc8,0xce,0xec,0xf4,0xd7,0x4d,0x83,0xb2,0x80,0x1d,0xe4,0x63,0x41,0xdd,0x0f,0xf0,
    0x19,0x31,0x30,0x00,0x10,0x04,0x83,0x46,0x0d,0x09,0xf6,0x1f,0x82,0x0b,0x08,0x34,0x62,0x60,0x00,0x20,0x08,0x06,0x0d,0x1b,
    0x12,0xea,0x3f,0x0c,0xc3,0x0d,0x42,0xfb,0x0f,0x66,0x30,0xdc,0x30,0x68,0x68,0x50,0x42,0xa0,0xa6,0xf7,0x03,0x11,0x9f,0xe9,
    0x86,0x40,0xef,0x07,0xc1,0x0e,0x33,0x24,0x40,0x30,0xdc,0x80,0xc0,0xff,0x60,0x06,0xc3,0x0d,0x02,0x18,0xa0,0x41,0x09,0x81,
    0x4e,0x37,0x28,0x7f,0x3f,0x04,0x16,0x18,0xf0,0x99,0x25,0x98,0x9d,0x81,0x8a,0x41,0x90,0x1d,0x92,0x3f,0x62,0xc7,0x82,0x49,
    0x3e,0xa7,0x06,0x83,0x1a,0x31,0x78,0x00,0x10,0x04,0x03,0xec,0x0e,0x89,0xfa,0x1f,0xee,0x7e,0x38,0xfb,0x01,0x24,0xfe,0xc1,
    0xf4,0x07,0xd3,0x1f,0xdc,0x90,0x70,0x43,0x42,0xff,0x87,0x60,0x34,0x21,0x00,0x46,0x13,0x84,0x60,0x34,0x61,0x10,0x46,0x13,
    0x88,0x61,0xc4,0xe0,0x00,0x40,0x10,0x0c,0xc8,0xc0,0x0e,0x09,0xfe,0x1f,0xd0,0x7e,0x78,0xff,0x61,0x34,0x21,0x00,0x46,0x13,
    0x84,0x60,0x34,0x61,0x10,0x46,0x13,0x88,0xc1,0x12,0x22,0x3e,0x96,0x10,0xf1,0xb1,0x84,0x88,0x8f,0x25,0x44,0x7c,0x8c,0x80,
    0xe4,0x63,0x44,0x24,0x1f,0x23,0x24,0xf9,0x18,0x31,0xc9,0x67,0xc4,0xe0,0x00,0x40,0x10,0x0c,0x3a,0x53,0x24,0x50,0x90,0x48,
    0xfd,0x01,0x14,0x46,0x13,0x02,0x60,0x34,0x41,0x08,0x66,0x19,0x68,0xa7,0x76,0xd0,0xec,0x84,0x41,0x59,0x60,0x13,0xf2,0xb1,
    0xc0,0xf7,0x07,0xf8,0x8c,0x18,0x18,0x00,0x08,0x82,0x41,0x33,0x8b,0x44,0x0d,0x12,0xc1,0x05,0x04,0x1a,0x31,0x30,0x00,0x10,
    0x04,0x83,0xa6,0x16,0x89,0x19,0x24,0x86,0xe1,0x06,0xc1,0x06,0x09,0x33,0x18,0x6e,0x18,0x12,0x34,0x28,0x21,0x50,0x1b,0xff,
    0x81,0x88,0xcf,0x74,0x43,0x30,0xfe,0x83,0x60,0xc7,0x2b,0x12,0x20,0x18,0x6e,0x40,0x72,0x90,0x30,0x83,0xe1,0x06,0xe1,0x41,
    0x83,0x12,0x02,0x9d,0x6e,0x50,0xd0,0x7f,0x08,0x2c,0x30,0xe0,0x33,0x4b,0x50,0x3b,0x03,0x15,0x83,0x40,0x3b,0xb6,0x7f,0xcc,
    0xce,0x2c,0x83,0xed,0xdc,0x0e,0x9e,0xdd,0x34,0x28,0x0b,0xce,0x42,0x3e,0x16,0xc0,0xff,0x00,0x9f,0x11,0x03,0x03,0x00,0x41,
    0x30,0x68,0xca,0x91,0x38,0x43,0x22,0xb8,0x80,0x40,0x23,0x06,0x06,0x00,0x82,0x60,0xd0,0x9c,0x23,0x51,0x86,0xc4,0x30,0xdc,
    0x20,0xa0,0x21,0x61,0x06,0xc3,0x0d,0x83,0x86,0x06,0x25,0x04,0x6a,0xf5,0x3f,0x10,0xf1,0x99,0x6e,0x08,0xea,0x7f,0x10,0xec,
    0x08,0x47,0x02,0x04,0xc3,0x0d,0xc8,0x1a,0x12,0x66,0x30,0xdc,0x20,0x80,0x01,0x1a,0x94,0x10,0xe8,0x74,0x83,0xa2,0xff,0x43,
    0x60,0x81,0x01,0x9f,0x59,0x82,0xdb,0x19,0xa8,0x18,0x04,0xdb,0xd1,0xff,0xa3,0x76,0x2c,0x98,0xe4,0x73,0xe8,0x30,0xa8,0x11,
    0x83,0x07,0x00,0x41,0x30,0xc0,0xe4,0x91,0x80,0x43,0x42,0xfe,0x07,0xf1,0x1f,0xf6,0x42,0x2f,0x42,0x90,0x08,0x41,0x22,0x1d,
    0x89,0x74,0x24,0xea,0x90,0x08,0x46,0x13,0x02,0x60,0x34,0x41,0x08,0x46,0x13,0x06,0x61,0x34,0x81,0x18,0x8c,0xd0,0x83,0xf8,
    0x18,0xa1,0x07,0xf1,0x31,0x42,0x0f,0xe2,0x63,0x84,0x1e,0xc4,0xc7,0x88,0x45,0x3e,0x46,0x30,0xf2,0x31,0xa2,0x91,0x8f,0x11,
    0x8e,0x7c,0x8c,0x10,0x05,0xf8,0x18,0x21,0x0a,0xf0,0x31,0x42,0x14,0xe0,0x63,0x84,0x28,0xc0,0xc7,0xfc,0x00,0x89,0x8f,0xf9,
    0x01,0x12,0x1f,0xf3,0x03,0x24,0x3e,0xe6,0x07,0x48,0x7c,0x8c,0xd0,0x07,0xf9,0x18,0xb1,0x0f,0xf2,0x31,0x82,0x1f,0xe4,0x63,
    0x44,0x3f,0xc8,0xc7,0x08,0x06,0x3e,0x46,0x30,0xf0,0x31,0x82,0x81,0x8f,0x11,0x0c,0x7c,0x66,0x09,0x70,0x67,0xa0,0x62,0xb0,
    0x11,0xd7,0x41,0x6e,0x67,0xa0,0x62,0xb0,0x11,0xd7,0x41,0x6e,0x67,0xa0,0x62,0xb0,0x11,0xd7,0x41,0x6e,0x67,0xa0,0x62,0xb0,
    0x11,0xd7,0x41,0x6e,0xc7,0x08,0xf4,0x80,0x8f,0x11,0xe8,0x01,0x1f,0x23,0xd0,0x03,0x3e,0x46,0xa0,0x07,0x7c,0x0c,0x3d,0x5e,
    0x92,0x80,0xc0,0x70,0x43,0x80,0x1f,0x60,0x30,0xcb,0x90,0x3b,0xa7,0x13,0xcc,0x12,0xe8,0xce,0x40,0xc5,0xc0,0x8a,0x48,0xe9,
    0x30,0xb9,0x33,0x50,0x31,0xb8,0x22,0x52,0x3a,0x4c,0xee,0x0c,0x54,0x0c,0xb0,0x88,0x94,0x0e,0x93,0x3b,0x03,0x15,0x83,0x2c,
    0x22,0xa5,0xc3,0xe4,0x8e,0x11,0xf9,0x41,0x1f,0x23,0xf4,0x83,0x3e,0x46,0xec,0x07,0x7d,0x8c,0xe0,0x0f,0xfa,0xcc,0x12,0xf8,
    0xcf,0x70,0x43,0x8c,0xe4,0x24,0x11,0x06,0xe5,0x22,0x2b,0x49,0xe8,0x70,0x43,0xa0,0x93,0x04,0x18,0xcc,0x32,0xf4,0x0e,0xef,
    0x04,0xc5,0x26,0xe8,0x48,0xc0,0x05,0x83,0x1a,0x31,0x38,0x00,0x10,0x04,0x83,0x08,0x2d,0x89,0x76,0x24,0x76,0x64,0x0e,0x89,
    0x11,0x83,0x03,0x00,0x41,0x30,0x88,0xd2,0x92,0x60,0x47,0x22,0x10,0x66,0x09,0x7a,0x67,0xa0,0x62,0x10,0x78,0x47,0x1d,0x91,
    0xdd,0x19,0x6e,0x38,0x7a,0x92,0x08,0x83,0xe1,0x06,0x24,0x27,0x89,0x30,0x28,0x21,0xd0,0x59,0x06,0xdf,0x49,0x9f,0xc0,0x88,
    0x3e,0x24,0xe0,0x33,0x62,0x60,0x00,0x20,0x08,0x06,0x4d,0x5c,0x12,0xf3,0x48,0x04,0x17,0x10,0x66,0xc4,0xe0,0x00,0x40,0x10,
    0x0c,0x3a,0xb6,0x24,0xdc,0x91,0x78,0x43,0x22,0x18,0x4d,0x08,0x80,0xd1,0x04,0x21,0x98,0x65,0xf8,0x1d,0xf1,0x71,0xb9,0x59,
    0x86,0xf0,0x01,0x9f,0x68,0x38,0x02,0xc6,0x87,0x3f,0x24,0x86,0x6f,0x38,0x22,0xc6,0x87,0x50,0x24,0x88,0xaf,0x84,0x40,0xa7,
    0x1b,0x46,0x91,0x10,0x45,0x22,0x98,0x25,0x10,0x9f,0x33,0x06,0x65,0x41,0x8d,0x0f,0xf2,0xb1,0x00,0x15,0x09,0xf8,0x8c,0x18,
    0x18,0x00,0x08,0x82,0x41,0xd3,0x97,0xc4,0x3f,0x12,0xc1,0x05,0x04,0x1a,0x31,0x30,0x00,0x10,0x04,0x83,0xe6,0x2f,0x89,0x7e,
    0x24,0x86,0xe1,0x06,0x01,0x24,0x09,0x33,0x18,0x6e,0x18,0x1a,0x34,0x28,0x21,0x50,0x6b,0x45,0x82,0x88,0xcf,0x74,0x43,0xd0,
    0x8a,0x84,0x60,0x47,0x5e,0x12,0x20,0x18,0x6e,0x40,0x46,0x92,0x30,0x83,0xe1,0x06,0x61,0x42,0x83,0x12,0x02,0x9d,0x6e,0x50,
    0x64,0x91,0x08,0x2c,0x30,0xe0,0x33,0x4b,0x20,0x3e,0x03,0x1d,0x83,0x10,0x3e,0x64,0x00,0x3e,0x6a,0x89,0xf8,0xce,0x2c,0xc3,
    0xf8,0x98,0x8f,0xd8,0xcd,0x32,0x94,0x0f,0xf9,0x9c,0xc1,0x70,0x44,0x99,0x0f,0xb5,0x48,0x0c,0xdf,0x70,0x84,0x99,0x0f,0xb7,
    0x48,0x10,0x5f,0x09,0x81,0x4e,0x37,0xe4,0x22,0x81,0x8b,0x44,0x30,0x4b,0x60,0x3e,0xb7,0x0d,0xca,0x02,0x35,0x1f,0xe4,0x63,
    0x81,0x2f,0x12,0xf0,0x19,0x31,0x30,0x00,0x10,0x04,0x83,0x66,0x36,0x89,0x9a,0x24,0x82,0x0b,0x08,0x34,0x62,0x60,0x00,0x20,
    0x08,0x06,0x4d,0x6d,0x12,0x33,0x49,0x0c,0xc3,0x0d,0x82,0x4d,0x12,0x66,0x30,0xdc,0x30,0x88,0x01,0x1a,0x94,0x10,0xa8,0x8d,
    0x23,0x41,0xc4,0x67,0xba,0x21,0x18,0x47,0x42,0xb0,0xe3,0x35,0x09,0x10,0x0c,0x37,0x20,0x39,0x49,0x98,0xc1,0x70,0x83,0x80,
    0x06,0x68,0x50,0x42,0xa0,0xd3,0x0d,0x0a,0x3a,0x12,0x81,0x05,0x06,0x7c,0x66,0x09,0xcc,0x67,0xa0,0x63,0x10,0xca,0x87,0x0c,
    0xc8,0xc7,0x36,0x11,0xf1,0xb1,0xe0,0x92,0xcf,0xbd,0xc1,0xa0,0xee,0x0d,0x06,0x35,0xcb,0x80,0x3e,0xe7,0x03,0x0a,0x26,0xfc,
    0xf9,0x20,0x1f,0x13,0xfe,0x7c,0x90,0xcf,0x88,0x81,0x01,0x80,0x20,0x18,0x34,0xe7,0x49,0xa4,0x25,0x21,0x8c,0x18,0x18,0x00,
    0x08,0x82,0x41,0x83,0x9e,0x84,0x5a,0x12,0x82,0x09,0xf6,0x48,0xc0,0xc7,0x84,0x7b,0x24,0xe0,0x63,0x02,0x42,0x1f,0x13,0x10,
    0xfa,0xcc,0x12,0xa0,0xcf,0x40,0xc5,0x40,0x9c,0x8f,0x4b,0x1f,0xe6,0x33,0x50,0x31,0x10,0xe7,0xe3,0xd2,0x87,0xf9,0x5c,0x1f,
    0x0c,0x6a,0xc4,0xe0,0x01,0x40,0x10,0x0c,0x30,0xf6,0x24,0xd4,0x92,0x60,0x47,0x82,0x17,0x89,0x41,0xd8,0x47,0x62,0x1f,0x89,
    0xf1,0x24,0xc6,0x93,0x78,0x4b,0x22,0x18,0x4d,0x08,0x80,0xd1,0x04,0x21,0x18,0x4d,0x18,0x84,0xd1,0x04,0x62,0x18,0x31,0x38,
    0x00,0x10,0x04,0x03,0x32,0x58,0x4f,0x22,0x2e,0x89,0x5e,0x24,0xc8,0x92,0x18,0x4d,0x08,0x80,0xd1,0x04,0x21,0x18,0x4d,0x18,
    0x84,0xd1,0x04,0x62,0xb0,0x84,0x88,0x8f,0x25,0x44,0x7c,0x2c,0x21,0xe2,0x63,0x09,0x11,0x1f,0x23,0x38,0xf9,0x18,0xd1,0xc9,
    0xc7,0x08,0x4f,0x3e,0x46,0x7c,0xf2,0x31,0x82,0x81,0x8f,0x11,0x0c,0x7c,0x8c,0x60,0xe0,0x63,0x04,0x03,0x9f,0x59,0x02,0xff,
    0x19,0x31,0x30,0x00,0x10,0x04,0x83,0xc6,0x44,0x09,0xd4,0x24,0x74,0xe1,0x02,0xc2,0x14,0xcb,0xa0,0x26,0x01,0x25,0xf4,0x27,
    0x01,0x23,0x06,0x07,0x00,0x82,0x60,0xf0,0x89,0x28,0xe1,0x97,0x44,0x20,0x8c,0x18,0x18,0x00,0x08,0x82,0x41,0xb3,0xa2,0x44,
    0x6a,0x12,0xbf,0x30,0x62,0x70,0x00,0x20,0x08,0x06,0x5d,0x89,0x12,0xa7,0x49,0xa0,0x24,0x21,0x8c,0x26,0x04,0xc0,0x68,0x82,
    0x10,0xcc,0x32,0xa8,0x4f,0xfb,0x9c,0xdf,0x2c,0x03,0xfb,0xac,0x8f,0x3a,0x0c,0x47,0xa4,0xfb,0x80,0x93,0xc4,0xf0,0x0d,0x47,
    0xa8,0xfb,0xa0,0x93,0x04,0xf1,0x95,0x10,0xe8,0x74,0x03,0x4f,0x12,0x3b,0x49,0x04,0xb3,0x04,0xed,0x73,0xc6,0xa0,0x2c,0x70,
    0xf7,0x41,0x3e,0x16,0x84,0x25,0x01,0x9f,0x11,0x03,0x03,0x00,0x41,0x30,0x68,0x6c,0x94,0xc0,0x4d,0x22,0xb8,0x80,0x40,0x23,
    0x06,0x06,0x00,0x82,0x60,0xd0,0xe0,0x28,0x61,0x9b,0xc4,0x30,0xdc,0x20,0xe4,0x26,0x61,0x06,0xc3,0x0d,0x43,0x83,0x06,0x25,
    0x04,0x6a,0x66,0x49,0x10,0xf1,0x99,0x6e,0x08,0xcc,0x92,0x10,0xec,0x90,0x51,0x02,0x04,0xc3,0x0d,0x08,0x6f,0x12,0x66,0x30,
    0xdc,0x20,0x4c,0x68,0x50,0x42,0xa0,0xd3,0x0d,0xca,0x5a,0x12,0x81,0x05,0x06,0x7c,0x66,0x09,0xda,0x67,0xa0,0x63,0x10,0xd8,
    0x87,0x0c,0xd6,0x87,0x57,0x91,0xf4,0x99,0x65,0x70,0x9f,0xf8,0xd9,0xbf,0x59,0x06,0xf8,0x79,0x1f,0x90,0x18,0x8e,0xf0,0xf7,
    0xc1,0x2d,0x89,0xe1,0x1b,0x8e,0xf8,0xf7,0x01,0x2e,0x09,0xe2,0x2b,0x21,0xd0,0xe9,0x06,0xb9,0x24,0xe2,0x92,0x08,0x66,0x09,
    0xe2,0xe7,0xb6,0x41,0x59,0x30,0xf2,0x83,0x7c,0x2c,0xb8,0x4b,0x02,0x3e,0x23,0x06,0x06,0x00,0x82,0x60,0xd0,0xb0,0x29,0xe1,
    0x9e,0x44,0x70,0x01,0x81,0x46,0x0c,0x0c,0x00,0x04,0xc1,0xa0,0x71,0x53,0x82,0x3d,0x89,0x61,0xb8,0x41,0x78,0x4f,0xc2,0x0c,
    0x86,0x1b,0x06,0x31,0x40,0x83,0x12,0x02,0x35,0xbe,0x24,0x88,0xf8,0x4c,0x37,0x04,0x7c,0x49,0x08,0x76,0xa0,0x29,0x01,0x82,
    0xe1,0x06,0x44,0x3e,0x09,0x33,0x18,0x6e,0x10,0xd0,0x00,0x0d,0x4a,0x08,0x74,0xba,0x41,0x09,0x4d,0x22,0xb0,0xc0,0x80,0xcf,
    0x2c,0x41,0xfc,0x0c,0x74,0x0c,0x02,0xfc,0x90,0xc1,0xfb,0xa0,0x2c,0xd2,0x3e,0x16,0x5c,0xf2,0xb9,0x37,0x18,0xd4,0xbd,0xc1,
    0xa0,0x66,0x19,0xe6,0x47,0x7e,0x72,0xc2,0x04,0x9c,0x1f,0xe4,0x63,0x02,0xce,0x0f,0xf2,0x19,0x31,0x30,0x00,0x10,0x04,0x83,
    0x06,0x54,0x09,0x11,0x25,0x84,0x11,0x03,0x03,0x00,0x41,0x30,0x68,0x42,0x95,0x18,0x51,0x42,0x30,0xe1,0x35,0x09,0xf8,0x98,
    0x00,0x9b,0x04,0x7c,0x4c,0x40,0xe8,0x63,0x02,0x42,0x9f,0x59,0x82,0xf9,0x19,0xa8,0x18,0x08,0xf9,0x01,0xf5,0x23,0x7e,0x06,
    0x2a,0x06,0x42,0x7e,0x40,0xfd,0x88,0x9f,0xf3,0x83,0x41,0x8d,0x18,0x3c,0x00,0x08,0x82,0x01,0x56,0xaa,0xc4,0x88,0x12,0xa5,
    0x49,0xd4,0x25,0x31,0x08,0xb4,0x49,0xd0,0x26,0xc1,0xa7,0x04,0x9f,0x12,0x28,0x4a,0x04,0xa3,0x09,0x01,0x30,0x9a,0x20,0x04,
    0xa3,0x09,0x83,0x30,0x9a,0x40,0x0c,0x23,0x06,0x07,0x00,0x82,0x60,0x40,0x06,0xa4,0x4a,0xa8,0x28,0x61,0x97,0x44,0x7f,0x12,
    0xa3,0x09,0x01,0x30,0x9a,0x20,0x04,0xa3,0x09,0x83,0x30,0x9a,0x40,0x0c,0x96,0x10,0xf1,0xb1,0x84,0x88,0x8f,0x25,0x44,0x7c,
    0x2c,0x21,0xe2,0x63,0x04,0x27,0x1f,0x23,0x3a,0xf9,0x18,0xe1,0xc9,0xc7,0x88,0x4f,0x3e,0x23,0x06,0x07,0x00,0x82,0x60,0xd0,
    0xd1,0x2a,0x61,0xa3,0xc4,0x6d,0x12,0xb4,0x30,0x9a,0x10,0x00,0xa3,0x09,0x42,0x30,0xcb,0x40,0x3f,0xf7,0x63,0x87,0xc1,0x2c,
    0x83,0xfd,0xd4,0x4f,0x5e,0x0c,0x47,0xe0,0xfd,0x70,0x9e,0xc4,0xf0,0x0d,0x47,0xe4,0xfd,0x90,0x9e,0x04,0xf1,0x95,0x10,0xe8,
    0x74,0xc3,0x7a,0x12,0xea,0x49,0x04,0xb3,0x04,0xf7,0x73,0xc6,0xa0,0x2c,0xe8,0xfb,0x41,0x3e,0x16,0xc0,0x27,0x01,0x9f,0x11,
    0x03,0x03,0x00,0x41,0x30,0x68,0xca,0x95,0x38,0x53,0x22,0xb8,0x80,0x40,0x23,0x06,0x06,0x00,0x82,0x60,0xd0,0x9c,0x2b,0x51,
    0xa6,0xc4,0x30,0xdc,0x20,0xa0,0x29,0x61,0x06,0xc3,0x0d,0x43,0x83,0x06,0x25,0x04,0x6a,0xf5,0x49,0x10,0xf1,0x99,0x6e,0x08,
    0xea,0x93,0x10,0xec,0x08,0x57,0x02,0x04,0xc3,0x0d,0xc8,0x9a,0x12,0x66,0x30,0xdc,0x20,0x4c,0x68,0x50,0x42,0xa0,0xd3,0x0d,
    0x8a,0x7e,0x12,0x81,0x05,0x06,0x7c,0x66,0x09,0xee,0x67,0xa0,0x63,0x10,0xec,0x87,0x0c,0xea,0x47,0x7f,0x91,0xf9,0x99,0x65,
    0xc0,0x9f,0xfd,0x51,0xc5,0x60,0x96,0x41,0x7f,0xf2,0xe7,0x35,0x86,0x23,0x5a,0x7f,0xe8,0x4f,0x62,0xf8,0x86,0x23,0x5c,0x7f,
    0xf8,0x4f,0x82,0xf8,0x4a,0x08,0x74,0xba,0x21,0x44,0x09,0x10,0x25,0x82,0x59,0x82,0xfd,0xb9,0x6d,0x50,0x16,0xc8,0xfe,0x20,
    0x1f,0x0b,0x4c,0x94,0x80,0xcf,0x88,0x81,0x01,0x80,0x20,0x18,0x34,0xfb,0x4a,0xf4,0x29,0x11,0x5c,0x40,0xa0,0x11,0x03,0x03,
    0x00,0x41,0x30,0x68,0xfa,0x95,0xd8,0x53,0x62,0x18,0x6e,0x10,0xfc,0x94,0x30,0x83,0xe1,0x86,0x41,0x0c,0xd0,0xa0,0x84,0x40,
    0x6d,0x45,0x09,0x22,0x3e,0xd3,0x0d,0xc1,0x8a,0x12,0x82,0x1d,0xf7,0x4a,0x80,0x60,0xb8,0x01,0x09,0x55,0xc2,0x0c,0x86,0x1b,
    0x04,0x34,0x40,0x83,0x12,0x02,0x9d,0x6e,0x50,0x60,0x94,0x08,0x2c,0x30,0xe0,0x33,0x4b,0xb0,0x3f,0x03,0x1d,0x83,0xa0,0x3f,
    0x64,0x90,0x3f,0x66,0x8c,0xdc,0x8f,0x05,0x97,0x7c,0xee,0x0d,0x06,0x75,0x6f,0x30,0xa8,0x59,0x86,0xfe,0xe1,0x1f,0xf4,0x30,
    0xe1,0xfc,0x07,0xf9,0x98,0x70,0xfe,0x83,0x7c,0x46,0x0c,0x0c,0x00,0x04,0xc1,0xa0,0x79,0x59,0x22,0x56,0x09,0x61,0xc4,0xc0,
    0x00,0x40,0x10,0x0c,0x1a,0x98,0x25,0x64,0x95,0x10,0x4c,0xf0,0x51,0x02,0x3e,0x26,0xfc,0x28,0x01,0x1f,0x13,0x10,0xfa,0x98,
    0x80,0xd0,0x67,0x96,0xa0,0x7f,0x06,0x2a,0x06,0x82,0x7f,0x7c,0xff,0xd8,0x9f,0x81,0x8a,0x81,0xe0,0x1f,0xdf,0x3f,0xf6,0xe7,
    0x60,0x62,0x50,0x23,0x06,0x0f,0x00,0x82,0x60,0x80,0xd1,0x2c,0x21,0xab,0x04,0x8d,0x12,0x24,0x4a,0x0c,0xc2,0x98,0x12,0x63,
    0x4a,0xac,0x2c,0xb1,0xb2,0xc4,0xad,0x12,0xc1,0x68,0x42,0x00,0x8c,0x26,0x08,0xc1,0x68,0xc2,0x20,0x8c,0x26,0x10,0x83,0x11,
    0xae,0x10,0x1f,0x23,0x5c,0x21,0x3e,0x46,0xb8,0x42,0x7c,0x8c,0x70,0x85,0xf8,0x18,0x71,0xc9,0xc7,0x08,0x4c,0x3e,0x46,0x64,
    0xf2,0x31,0x42,0x93,0x8f,0x11,0xb6,0x00,0x1f,0x23,0x6c,0x01,0x3e,0x46,0xd8,0x02,0x7c,0x8c,0xb0,0x05,0xf8,0x98,0x2c,0x20,
    0xf1,0x31,0x59,0x40,0xe2,0x63,0xb2,0x80,0xc4,0xc7,0x64,0x01,0x89,0x8f,0x11,0x62,0x21,0x1f,0x23,0xc6,0x42,0x3e,0x46,0x90,
    0x85,0x7c,0x8c,0x28,0x0b,0xf9,0x18,0xc1,0xc0,0xc7,0x08,0x06,0x3e,0x46,0x30,0xf0,0x31,0x82,0x81,0xcf,0x2c,0x81,0xff,0x0c,
    0x14,0x06,0x03,0x1a,0x13,0x2e,0x42,0xfb,0x43,0x99,0xc8,0xf8,0x30,0x27,0x74,0x3b,0xa0,0x8a,0xda,0x0e,0xaa,0xa2,0xea,0x42,
    0xb8,0xa0,0xb4,0xf0,0x2e,0x6a,0x2a,0x90,0x8c,0x89,0x0a,0x27,0x23,0xd7,0x81,0xcf,0xc0,0x6f,0xc0,0x36,0x32,0x19,0x84,0x0e,
    0x4a,0x06,0xa3,0x83,0x46,0xba,0x63,0x2e,0xe8,0x83,0xf4,0xcf,0x40,0x61,0x30,0xa0,0x31,0xe1,0x22,0xb4,0x3f,0x94,0x89,0x8c,
    0x0f,0x73,0x42,0xb7,0x03,0xaa,0xa8,0xed,0xa0,0x2a,0xaa,0x2e,0x84,0x0b,0x4a,0x0b,0xef,0xa2,0xa6,0x02,0xc9,0x98,0xa8,0x70,
    0x32,0x72,0x1d,0xf8,0x0c,0xfc,0x06,0x6c,0x23,0x93,0x41,0xe8,0xa0,0x64,0x30,0x3a,0x68,0xa4,0x3b,0xe6,0x82,0x3e,0x48,0xff,
    0x0c,0x14,0x06,0x03,0x1a,0x13,0x2e,0x42,0xfb,0x43,0x99,0xc8,0xf8,0x30,0x27,0x74,0x3b,0xa0,0x8a,0xda,0x0e,0xaa,0xa2,0xea,
    0x42,0xb8,0xa0,0xb4,0xf0,0x2e,0x6a,0x2a,0x90,0x8c,0x89,0x0a,0x27,0x23,0xd7,0x81,0xcf,0xc0,0x6f,0xc0,0x36,0x32,0x19,0x84,
    0x0e,0x4a,0x06,0xa3,0x83,0x46,0xba,0x63,0x2e,0xe8,0x83,0xf4,0xcf,0x40,0x61,0x30,0xa0,0x31,0xe1,0x22,0xb4,0x3f,0x94,0x89,
    0x8c,0x0f,0x73,0x42,0xb7,0x03,0xaa,0xa8,0xed,0xa0,0x2a,0xaa,0x2e,0x84,0x0b,0x4a,0x0b,0xef,0xa2,0xa6,0x02,0xc9,0x98,0xa8,
    0x70,0x32,0x72,0x1d,0xf8,0x0c,0xfc,0x06,0x6c,0x23,0x93,0x41,0xe8,0xa0,0x64,0x30,0x3a,0x68,0xa4,0x3b,0xe6,0x82,0x3e,0x48,
    0xff,0x4c,0x37,0x10,0x03,0x9c,0x0a,0xd3,0x0d,0xc5,0x10,0xa7,0xc2,0x74,0x83,0x31,0xc8,0xa9,0x30,0x4b,0xf0,0x3f,0x03,0xad,
    0xc1,0x20,0x86,0x08,0x67,0x83,0x88,0xa7,0x82,0x08,0x18,0xf8,0xff,0x21,0x06,0xf2,0x7f,0x90,0x81,0xf9,0x1f,0x66,0xa0,0xfb,
    0x07,0x1a,0xc0,0xfe,0x91,0x06,0x2a,0x8d,0x48,0x2c,0x79,0x80,0x03,0x3d,0x1e,0xe1,0x40,0xa7,0xc6,0x4d,0xf0,0xa8,0x81,0x13,
    0xbc,0x5b,0xb8,0x06,0xe9,0x16,0xaf,0x61,0xd2,0x04,0x89,0xb8,0x33,0x51,0x22,0x8e,0xff,0xf0,0x32,0x81,0x22,0xb6,0x4c,0xa8,
    0x88,0x4a,0x23,0x29,0x32,0xd0,0x1a,0x0c,0x62,0x88,0x70,0x36,0x88,0x78,0x2a,0x88,0x80,0x81,0xff,0x1f,0x62,0x20,0xff,0x07,
    0x19,0x98,0xff,0x61,0x06,0xba,0x7f,0xa0,0x01,0xec,0x1f,0x69,0xc0,0xd2,0x88,0xc4,0x92,0x07,0x38,0xd0,0xe3,0x11,0x0e,0x74,
    0x6a,0xdc,0x04,0x8f,0x1a,0x38,0xc1,0xbb,0x85,0x6b,0x90,0x6e,0xf1,0x1a,0x26,0x4d,0x90,0x88,0x3b,0x13,0x25,0x82,0xf8,0x8f,
    0x2f,0x13,0x28,0x82,0xcb,0x84,0x8a,0xb0,0x34,0x92,0x22,0x03,0xad,0xc1,0x20,0x86,0x08,0x67,0x83,0x88,0xa7,0x82,0x08,0x18,
    0xf8,0xff,0x21,0x06,0xf2,0x7f,0x90,0x81,0xf9,0x1f,0x66,0xa0,0xfb,0x07,0x1a,0xc0,0xfe,0x91,0x06,0x2e,0x8d,0x48,0x2c,0x79,
    0x80,0x03,0x3d,0x1e,0xe1,0x40,0xa7,0xc6,0x4d,0xf0,0xa8,0x81,0x13,0xbc,0x5b,0xb8,0x06,0xe9,0x16,0xaf,0x61,0xd2,0x04,0x89,
    0xb8,0x33,0x51,0x22,0x88,0xff,0x80,0x33,0x81,0x22,0xba,0x4c,0xa8,0x88,0x4b,0x23,0x29,0x32,0xd0,0x1a,0x0c,0x62,0x88,0x70,
    0x36,0x88,0x78,0x2a,0x88,0x80,0x81,0xff,0x1f,0x62,0x20,0xff,0x07,0x19,0x98,0xff,0x61,0x06,0xba,0x7f,0xa0,0x01,0xec,0x1f,
    0x69,0x20,0xd3,0x88,0xc4,0x92,0x07,0x38,0xd0,0xe3,0x11,0x0e,0x74,0x6a,0xdc,0x04,0x8f,0x1a,0x38,0xc1,0xbb,0x85,0x6b,0x90,
    0x6e,0xf1,0x1a,0x26,0x4d,0x90,0x88,0x3b,0x13,0x25,0x82,0xf8,0x8f,0x38,0x13,0x28,0xc2,0xcb,0x84,0x8a,0xc0,0x34,0x92,0x22,
    0xc3,0x0d,0xae,0x49,0xdc,0x2b,0x01,0x06,0x15,0xf0,0x22,0xa1,0xb3,0x0c,0x20,0x14,0x42,0x81,0x89,0x25,0x11,0xae,0x04,0x0c,
    0x46,0x0c,0x0e,0x00,0x04,0xc1,0x80,0x0c,0xf2,0x96,0xf8,0x57,0x62,0x4d,0x89,0x60,0x34,0x21,0x00,0x2c,0xa8,0x4d,0x42,0x3e,
    0xa3,0x09,0x43,0x60,0x42,0x00,0x9f,0x11,0x83,0x03,0x00,0x41,0x30,0x88,0x4c,0x97,0x58,0x59,0x22,0x88,0x55,0x62,0xc4,0xe0,
    0x00,0x40,0x10,0x0c,0xa2,0xd3,0x25,0x54,0x96,0x08,0x66,0x95,0xb0,0xc0,0x91,0x8f,0x09,0x8e,0x7c,0x6c,0x70,0xe4,0x63,0x84,
    0x23,0x9f,0x59,0x82,0x10,0x1a,0xa8,0x18,0x10,0x10,0x22,0x83,0xff,0x19,0xa8,0x18,0x10,0x10,0x22,0x83,0xff,0x19,0xa8,0x18,
    0x10,0x10,0x22,0x83,0xff,0x19,0xa8,0x18,0x10,0x10,0x22,0x83,0xff,0x19,0x6e,0x00,0x4f,0x02,0x5f,0x09,0x30,0xa8,0x00,0x2c,
    0x09,0x1d,0x6e,0x08,0x4f,0x42,0x5f,0x09,0x30,0xa8,0x40,0x2c,0x09,0x1d,0x6e,0x70,0x4d,0x22,0x75,0x09,0x30,0x98,0x65,0x50,
    0x21,0x11,0x0a,0x86,0x1b,0x5e,0x93,0x58,0x5d,0x02,0x0c,0x66,0x19,0x46,0x88,0x84,0x02,0x53,0xe4,0x93,0x90,0x8f,0x29,0xf2,
    0x49,0xc8,0xc7,0x14,0xf9,0x24,0xe4,0x63,0x8a,0x7c,0x12,0xf2,0x99,0x6e,0x20,0xec,0x93,0x48,0xa6,0x1b,0x08,0xfb,0x24,0x94,
    0xe9,0x06,0xc2,0x3e,0x89,0x65,0xba,0x81,0xb0,0x4f,0x82,0x99,0x25,0x50,0xa1,0xe1,0x06,0xdc,0x24,0x60,0x97,0x00,0x83,0x59,
    0x06,0x15,0x2a,0xa1,0x60,0xb8,0x21,0x37,0x89,0xd7,0x25,0xc0,0x60,0x96,0xc1,0x84,0x4e,0x28,0x18,0x31,0x38,0x00,0x10,0x04,
    0x03,0x32,0xc0,0x5d,0xc2,0x67,0x09,0x55,0x25,0x62,0x97,0x18,0x4d,0x08,0x80,0xd1,0x04,0x21,0x18,0x4d,0x18,0x84,0xd1,0x04,
    0x62,0x98,0x25,0x50,0xa1,0xe1,0x86,0xdf,0x24,0x68,0x97,0x00,0x83,0x59,0x06,0x15,0x42,0xa1,0x60,0xb8,0x01,0x3c,0x09,0xda,
    0x25,0xc0,0x60,0x96,0x41,0x85,0x52,0x28,0x18,0x6e,0x08,0x4f,0x42,0x77,0x09,0x30,0x98,0x6e,0x30,0x4d,0x82,0x44,0x89,0x60,
    0xba,0xc1,0x34,0x09,0x12,0x25,0x84,0xe9,0x06,0xd3,0x24,0x48,0x94,0x18,0xa6,0x1b,0x4c,0x93,0x20,0x51,0x82,0x98,0x25,0x50,
    0xa1,0x81,0x9e,0xc1,0x32,0x21,0x30,0x46,0x42,0x88,0x0c,0x46,0x08,0x14,0x48,0x08,0x87,0x91,0x13,0x42,0x61,0x04,0x85,0x90,
    0x14,0x1a,0xe8,0x19,0x2c,0x13,0x02,0x63,0x24,0x84,0xc8,0x60,0x84,0x40,0x81,0x84,0x70,0x18,0x39,0x21,0x14,0x46,0x50,0x08,
    0x49,0xa1,0x81,0x9e,0xc1,0x32,0x21,0x30,0x46,0x42,0x88,0x0c,0x46,0x08,0x14,0x48,0x08,0x87,0x91,0x13,0x42,0x61,0x04,0x85,
    0x90,0x14,0x1a,0xe8,0x19,0x2c,0x13,0x02,0x63,0x24,0x84,0xc8,0x60,0x84,0x40,0x81,0x84,0x70,0x18,0x39,0x21,0x14,0x46,0x50,
    0x08,0x49,0xa1,0x4a,0x4f,0xc2,0x67,0x09,0x1d,0x6e,0x08,0xcc,0x97,0x00,0x83,0x59,0x06,0x16,0x5a,0xa1,0xc0,0xfc,0x95,0x30,
    0xe2,0x63,0xff,0x4a,0x18,0xf1,0x31,0x90,0x25,0x8c,0xf8,0x58,0xc8,0x12,0x46,0x7c,0x66,0x09,0x58,0x68,0xa0,0x62,0x40,0x56,
    0x88,0x52,0xa1,0x81,0x8a,0x01,0x59,0x21,0x4a,0x85,0x06,0x2a,0x06,0x64,0x85,0x28,0x15,0x1a,0xa8,0x18,0x90,0x15,0xa2,0x54,
    0xa8,0xe6,0x93,0x28,0x5b,0x42,0x87,0x1b,0x02,0xf8,0x25,0xc2,0x60,0xba,0x61,0x30,0x82,0xe9,0x06,0xc2,0x10,0xa6,0x1b,0x0a,
    0x63,0x18,0x6e,0xb0,0x4f,0x82,0x7e,0x09,0x30,0x98,0x65,0xa8,0xa1,0x16,0x0a,0x86,0x1b,0xee,0x93,0xb0,0x5f,0x02,0x0c,0x66,
    0x19,0x5c,0xe8,0x85,0x02,0xab,0x83,0x1e,0x25,0xe4,0x63,0x75,0xd0,0xa3,0x84,0x7c,0xac,0x0e,0x7a,0x94,0x90,0x8f,0xd5,0x41,
    0x8f,0x12,0xf2,0x99,0x6e,0x20,0xc2,0x94,0xa0,0x83,0xe9,0x06,0x22,0x4c,0x89,0x3a,0x98,0x6e,0x20,0xc2,0x94,0xb0,0x83,0xe9,
    0x06,0x22,0x4c,0x89,0x3b,0x98,0x25,0xa8,0xa1,0xe1,0x06,0x10,0x25,0xf6,0x97,0x00,0x83,0x59,0x86,0x1a,0x82,0xa1,0x60,0xb8,
    0x21,0x44,0x09,0xfd,0x25,0xc0,0x60,0x96,0x21,0x86,0x64,0x28,0x18,0x31,0x38,0x00,0x10,0x04,0x03,0x32,0x18,0x61,0x22,0x75,
    0x89,0x7a,0x25,0xf8,0x97,0x18,0x4d,0x08,0x80,0xd1,0x04,0x21,0x18,0x4d,0x18,0x84,0xd1,0x04,0x62,0x98,0x25,0xa8,0xa1,0xe1,
    0x86,0x13,0x25,0xfe,0x97,0x00,0x83,0x59,0x86,0x1a,0x9a,0xa1,0x60,0xb8,0x01,0x45,0x89,0xff,0x25,0xc0,0x60,0x96,0xa1,0x86,
    0x68,0x28,0x18,0x6e,0x48,0x51,0xa2,0x84,0x09,0x30,0x98,0x6e,0x88,0x4f,0xe2,0x4d,0x89,0x60,0xba,0x21,0x3e,0x89,0x37,0x25,
    0x84,0xe9,0x86,0xf8,0x24,0xde,0x94,0x18,0xa6,0x1b,0xe2,0x93,0x78,0x53,0x82,0x98,0x25,0xa8,0xa1,0x81,0x9e,0xc1,0x8a,0x21,
    0x7b,0x46,0x58,0x88,0x0c,0x5c,0xc8,0x26,0x5e,0xc8,0x9d,0x11,0x19,0xf2,0x65,0x64,0x86,0x10,0x1a,0x1a,0xe8,0x19,0xac,0x18,
    0xb2,0x67,0x84,0x85,0xc8,0xc0,0x85,0x6c,0xe2,0x85,0xdc,0x19,0x91,0x21,0x5f,0x46,0x66,0x08,0xa1,0xa1,0x81,0x9e,0xc1,0x8a,
    0x21,0x7b,0x46,0x58,0x88,0x0c,0x5c,0xc8,0x26,0x5e,0xc8,0x9d,0x11,0x19,0xf2,0x65,0x64,0x86,0x10,0x1a,0x1a,0xe8,0x19,0xac,
    0x18,0xb2,0x67,0x84,0x85,0xc8,0xc0,0x85,0x6c,0xe2,0x85,0xdc,0x19,0x91,0x21,0x5f,0x46,0x66,0x08,0xa1,0xa1,0x8a,0x51,0x22,
    0x75,0x09,0x1d,0x6e,0x08,0x62,0x98,0x00,0x83,0x59,0x86,0x1b,0xb2,0xa1,0xc0,0xd2,0x96,0x30,0xe2,0x63,0x6a,0x4b,0x18,0xf1,
    0xb1,0xb5,0x25,0x8c,0xf8,0x18,0xdb,0x12,0x46,0x7c,0x66,0x09,0x6e,0x68,0xa0,0x62,0x40,0x6c,0x88,0xaa,0xa1,0x81,0x8a,0x01,
    0xb1,0x21,0xaa,0x86,0x06,0x2a,0x06,0xc4,0x86,0xa8,0x1a,0x1a,0xa8,0x18,0x10,0x1b,0xa2,0x6a,0xa8,0x76,0x94,0x80,0x5d,0x42,
    0x87,0x1b,0x82,0x1d,0x26,0xc2,0x60,0xba,0x61,0x30,0x82,0xe9,0x06,0xc2,0x10,0xa6,0x1b,0x0a,0x63,0x18,0x6e,0x38,0x53,0xe2,
    0x87,0x09,0x30,0x98,0x65,0x00,0x23,0x1c,0x0a,0x86,0x1b,0xd0,0x94,0x08,0x63,0x02,0x0c,0x66,0x19,0x72,0x48,0x87,0x02,0x03,
    0x07,0x54,0x25,0xe4,0x63,0xe0,0x80,0xaa,0x84,0x7c,0x0c,0x1c,0x50,0x95,0x90,0x8f,0x81,0x03,0xaa,0x12,0xf2,0x99,0x6e,0x20,
    0x58,0x95,0xf8,0x85,0xe9,0x06,0x82,0x55,0x09,0x70,0x98,0x6e,0x20,0x58,0x95,0x08,0x87,0xe9,0x06,0x82,0x55,0x09,0x71,0x98,
    0x25,0x00,0xa3,0xe1,0x86,0x38,0x25,0xcc,0x98,0x00,0x83,0x59,0x06,0x30,0xda,0xa1,0x60,0xb8,0x41,0x4e,0x89,0x32,0x26,0xc0,
    0x60,0x96,0x81,0x87,0x7a,0x28,0x18,0x31,0x38,0x00,0x10,0x04,0x03,0x32,0x70,0x63,0x82,0x7e,0x09,0xb0,0x25,0xce,0x98,0x18,
    0x4d,0x08,0x80,0xd1,0x04,0x21,0x18,0x4d,0x18,0x84,0xd1,0x04,0x62,0x98,0x25,0x00,0xa3,0xe1,0x06,0x3c,0x25,0xd4,0x98,0x00,
    0x83,0x59,0x06,0x30,0xf2,0xa1,0x60,0xb8,0x21,0x4f,0x09,0x35,0x26,0xc0,0x60,0x96,0x01,0x8c,0x7e,0x28,0x18,0x6e,0xd0,0x53,
    0x02,0x8e,0x09,0x30,0x98,0x6e,0xe0,0x51,0x42,0x57,0x89,0x60,0xba,0x81,0x47,0x09,0x5d,0x25,0x84,0xe9,0x06,0x1e,0x25,0x74,
    0x95,0x18,0xa6,0x1b,0x78,0x94,0xd0,0x55,0x82,0x98,0x25,0x00,0xa3,0x81,0x9e,0xc1,0xe2,0x21,0xd6,0x46,0x6e,0x88,0x0c,0x72,
    0x88,0x3d,0x74,0x88,0xb4,0x91,0x1e,0xa2,0x6b,0xc4,0x87,0x90,0x1f,0x1a,0xe8,0x19,0x2c,0x1e,0x62,0x6d,0xe4,0x86,0xc8,0x20,
    0x87,0xd8,0x43,0x87,0x48,0x1b,0xe9,0x21,0xba,0x46,0x7c,0x08,0xf9,0xa1,0x81,0x9e,0xc1,0xe2,0x21,0xd6,0x46,0x6e,0x88,0x0c,
    0x72,0x88,0x3d,0x74,0x88,0xb4,0x91,0x1e,0xa2,0x6b,0xc4,0x87,0x90,0x1f,0x1a,0xe8,0x19,0x2c,0x1e,0x62,0x6d,0xe4,0x86,0xc8,
    0x20,0x87,0xd8,0x43,0x87,0x48,0x1b,0xe9,0x21,0xba,0x46,0x7c,0x08,0xf9,0xa1,0x12,0x55,0x82,0x7e,0x09,0x1d,0x6e,0x08,0xf8,
    0x98,0x00,0x83,0x59,0x06,0x31,0x0a,0xa3,0xc0,0x68,0x97,0x30,0xe2,0x63,0xb5,0x4b,0x18,0xf1,0x31,0xdb,0x25,0x8c,0xf8,0xd8,
    0xed,0x12,0x46,0x7c,0x66,0x09,0xc4,0x68,0xa0,0x62,0x40,0xc2,0x88,0x02,0xa3,0x81,0x8a,0x01,0x09,0x23,0x0a,0x8c,0x06,0x2a,
    0x06,0x24,0x8c,0x28,0x30,0x1a,0xa8,0x18,0x90,0x30,0xa2,0xc0,0xa8,0x58,0x95,0xd8,0x5f,0x42,0x87,0x1b,0x02,0x53,0x26,0xc2,
    0x60,0xba,0x61,0x30,0x82,0xe9,0x06,0xc2,0x10,0xa6,0x1b,0x0a,0x63,0x18,0x6e,0x00,0x55,0x42,0x95,0x09,0x30,0x98,0x65,0x58,
    0xa3,0x31,0x0a,0x86,0x1b,0x42,0x95,0x60,0x65,0x02,0x0c,0x66,0x19,0xc8,0xa8,0x8c,0x02,0x5b,0x89,0x79,0x25,0xe4,0x63,0x2b,
    0x31,0xaf,0x84,0x7c,0x6c,0x25,0xe6,0x95,0x90,0x8f,0xad,0xc4,0xbc,0x12,0xf2,0x99,0x6e,0x20,0xee,0x95,0x40,0x89,0xe9,0x06,
    0xe2,0x5e,0x89,0x94,0x98,0x6e,0x20,0xee,0x95,0x50,0x89,0xe9,0x06,0xe2,0x5e,0x89,0x95,0x98,0x25,0x58,0xa3,0xe1,0x06,0x55,
    0x25,0x62,0x99,0x00,0x83,0x59,0x86,0x35,0x32,0xa3,0x60,0xb8,0x61,0x55,0x09,0x58,0x26,0xc0,0x60,0x96,0xe1,0x8c,0xd0,0x28,
    0x18,0x31,0x38,0x00,0x10,0x04,0x03,0x32,0xc8,0x65,0xe2,0x87,0x89,0xd5,0x25,0x64,0x99,0x18,0x4d,0x08,0x80,0xd1,0x04,0x21,
    0x18,0x4d,0x18,0x84,0xd1,0x04,0x62,0x98,0x25,0x58,0xa3,0xe1,0x86,0x58,0x25,0x6a,0x99,0x00,0x83,0x59,0x86,0x35,0x4a,0xa3,
    0x60,0xb8,0x41,0x56,0x89,0x5a,0x26,0xc0,0x60,0x96,0x61,0x8d,0xd4,0x28,0x18,0x6e,0x98,0x55,0x62,0x97,0x09,0x30,0x98,0x6e,
    0x38,0x55,0xa2,0x64,0x89,0x60,0xba,0xe1,0x54,0x89,0x92,0x25,0x84,0xe9,0x86,0x53,0x25,0x4a,0x96,0x18,0xa6,0x1b,0x4e,0x95,
    0x28,0x59,0x82,0x98,0x25,0x58,0xa3,0x81,0x9e,0xc1,0x3a,0x23,0x31,0x47,0xc4,0x88,0x0c,0xc8,0x48,0x54,0xca,0x48,0xc7,0x11,
    0x34,0x52,0x71,0x24,0x8d,0x10,0x35,0x1a,0xe8,0x19,0xac,0x33,0x12,0x73,0x44,0x8c,0xc8,0x80,0x8c,0x44,0xa5,0x8c,0x74,0x1c,
    0x41,0x23,0x15,0x47,0xd2,0x08,0x51,0xa3,0x81,0x9e,0xc1,0x3a,0x23,0x31,0x47,0xc4,0x88,0x0c,0xc8,0x48,0x54,0xca,0x48,0xc7,
    0x11,0x34,0x52,0x71,0x24,0x8d,0x10,0x35,0x1a,0xe8,0x19,0xac,0x33,0x12,0x73,0x44,0x8c,0xc8,0x80,0x8c,0x44,0xa5,0x8c,0x74,
    0x1c,0x41,0x23,0x15,0x47,0xd2,0x08,0x51,0xa3,0xda,0x55,0xe2,0x87,0x09,0x1d,0x6e,0x08,0xce,0x99,0x00,0x83,0x59,0x86,0x36,
    0x62,0xa3,0xc0,0xfe,0x97,0x30,0xe2,0x63,0x20,0x4c,0x18,0xf1,0xb1,0x10,0x26,0x8c,0xf8,0x98,0x08,0x13,0x46,0x7c,0x66,0x09,
    0xda,0x68,0xa0,0x62,0x40,0xd8,0x88,0x5a,0xa3,0x81,0x8a,0x01,0x61,0x23,0x6a,0x8d,0x06,0x2a,0x06,0x84,0x8d,0xa8,0x35,0x1a,
    0xa8,0x18,0x10,0x36,0xa2,0xd6,0xa8,0xca,0x95,0x30,0x63,0x42,0x87,0x1b,0x82,0x78,0x26,0xc2,0x60,0xba,0x61,0x30,0x82,0xe9,
    0x06,0xc2,0x10,0xa6,0x1b,0x0a,0x63,0x18,0x6e,0x40,0x57,0xa2,0x9e,0x09,0x30,0x98,0x65,0xb0,0x23,0x37,0x0a,0x86,0x1b,0xd2,
    0x95,0xb8,0x67,0x02,0x0c,0x66,0x19,0xde,0x08,0x8e,0x02,0xb3,0x0b,0x9f,0x25,0xe4,0x63,0x76,0xe1,0xb3,0x84,0x7c,0xcc,0x2e,
    0x7c,0x96,0x90,0x8f,0xd9,0x85,0xcf,0x12,0xf2,0x99,0x6e,0x20,0xc4,0x96,0x98,0x8b,0xe9,0x06,0x42,0x6c,0x09,0xba,0x98,0x6e,
    0x20,0xc4,0x96,0xa8,0x8b,0xe9,0x06,0x42,0x6c,0x09,0xbb,0x98,0x25,0xb0,0xa3,0xe1,0x06,0x79,0x25,0xf8,0x99,0x00,0x83,0x59,
    0x06,0x3b,0x8a,0xa3,0x60,0xb8,0x61,0x5e,0x89,0x7d,0x26,0xc0,0x60,0x96,0x41,0x8e,0xe6,0x28,0x18,0x31,0x38,0x00,0x10,0x04,
    0x03,0x32,0x20,0x69,0x42,0x95,0x09,0xfb,0x25,0xfa,0x99,0x18,0x4d,0x08,0x80,0xd1,0x04,0x21,0x18,0x4d,0x18,0x84,0xd1,0x04,
    0x62,0x98,0x25,0xb0,0xa3,0xe1,0x86,0x7c,0x25,0x40,0x9a,0x00,0x83,0x59,0x06,0x3b,0xa2,0xa3,0x60,0xb8,0x41,0x5f,0x09,0x90,
    0x26,0xc0,0x60,0x96,0xc1,0x8e,0xea,0x28,0x18,0x6e,0xd8,0x57,0xc2,0xa4,0x09,0x30,0x98,0x6e,0x90,0x57,0x02,0x6e,0x89,0x60,
    0xba,0x41,0x5e,0x09,0xb8,0x25,0x84,0xe9,0x06,0x79,0x25,0xe0,0x96,0x18,0xa6,0x1b,0xe4,0x95,0x80,0x5b,0x82,0x98,0x25,0xb0,
    0xa3,0x81,0x9e,0xc1,0x92,0x23,0x7c,0x47,0xda,0x88,0x0c,0xde,0x08,0x67,0xe0,0x08,0xde,0x91,0x39,0x02,0x77,0x84,0x8e,0x90,
    0x3a,0x1a,0xe8,0x19,0x2c,0x39,0xc2,0x77,0xa4,0x8d,0xc8,0xe0,0x8d,0x70,0x06,0x8e,0xe0,0x1d,0x99,0x23,0x70,0x47,0xe8,0x08,
    0xa9,0xa3,0x81,0x9e,0xc1,0x92,0x23,0x7c,0x47,0xda,0x88,0x0c,0xde,0x08,0x67,0xe0,0x08,0xde,0x91,0x39,0x02,0x77,0x84,0x8e,
    0x90,0x3a,0x1a,0xe8,0x19,0x2c,0x39,0xc2,0x77,0xa4,0x8d,0xc8,0xe0,0x8d,0x70,0x06,0x8e,0xe0,0x1d,0x99,0x23,0x70,0x47,0xe8,
    0x08,0xa9,0xa3,0x1a,0x59,0x42,0x95,0x09,0x1d,0x6e,0x08,0x64,0x9a,0x00,0x83,0x59,0x06,0x3c,0xba,0xa3,0xc0,0xd4,0x98,0x30,
    0xe2,0x63,0x6b,0x4c,0x18,0xf1,0x31,0x36,0x26,0x8c,0xf8,0x58,0x1b,0x13,0x46,0x7c,0x66,0x09,0xf0,0x68,0xa0,0x62,0x40,0xee,
    0x88,0xb2,0xa3,0x81,0x8a,0x01,0xb9,0x23,0xca,0x8e,0x06,0x2a,0x06,0xe4,0x8e,0x28,0x3b,0x1a,0xa8,0x18,0x90,0x3b,0xa2,0xec,
    0xa8,0x5a,0x96,0x88,0x65,0x42,0x87,0x1b,0x02,0x9e,0x26,0xc2,0x60,0xba,0x61,0x30,0x82,0xe9,0x06,0xc2,0x10,0xa6,0x1b,0x0a,
    0x63,0x18,0x6e,0xc0,0x59,0x02,0xac,0x09,0x30,0x98,0x65,0x08,0xa5,0x3c,0x0a,0x86,0x1b,0x72,0x96,0x10,0x6b,0x02,0x0c,0x66,
    0x19,0xf4,0x68,0x8f,0x02,0xf3,0x0d,0xd3,0x25,0xe4,0x33,0xdd,0x10,0x9c,0x2e,0xb1,0x1b,0xb3,0x04,0xa1,0x34,0xdc,0xc0,0xb3,
    0x44,0x58,0x13,0x60,0x30,0xcb,0x10,0x4a,0x7c,0x14,0x0c,0x37,0xf4,0x2c,0x01,0xd6,0x04,0x18,0xcc,0x32,0xf4,0x91,0x1f,0x05,
    0x23,0x06,0x07,0x00,0x82,0x60,0x40,0x06,0x69,0x4d,0xbc,0x33,0xb1,0xc3,0x84,0x58,0x13,0xa3,0x09,0xc1,0x30,0x4b,0x10,0x4a,
    0xc3,0x0d,0x60,0x4b,0x88,0x35,0x01,0x06,0xb3,0x0c,0xa1,0xf4,0x47,0xc1,0x70,0x43,0xd8,0x12,0x62,0x4d,0x80,0xc1,0x2c,0x43,
    0x28,0x81,0x52,0x30,0xdc,0x20,0xb6,0x04,0x5a,0x13,0x60,0x30,0xdd,0x10,0xb3,0xc4,0xeb,0x12,0xc1,0x2c,0x41,0x28,0x0d,0xf4,
    0x0c,0x4a,0x1f,0xc1,0x3d,0x82,0x47,0x92,0x1e,0xc1,0xce,0x1e,0xa1,0x3d,0xe2,0x47,0x38,0x8f,0xfc,0x91,0x00,0x4a,0x65,0xb6,
    0x04,0x5b,0x13,0x3a,0xdc,0x10,0xb8,0x35,0x11,0x06,0x66,0xca,0xc4,0x10,0x9f,0xe9,0x86,0x80,0x10,0xa6,0x1b,0x68,0x97,0xc0,
    0x5d,0x02,0x6e,0x89,0xe9,0x06,0xda,0x25,0x70,0x97,0x88,0x5b,0x62,0xba,0x81,0x76,0x09,0xdc,0x25,0xe4,0x96,0x98,0x6e,0xa0,
    0x5d,0x02,0x77,0x89,0xb9,0x25,0x86,0x1b,0xfe,0x96,0x20,0x69,0x02,0x0c,0x66,0x19,0x44,0xa9,0x9c,0x82,0x72,0x59,0x02,0xae,
    0x09,0xac,0x20,0xad,0x09,0x1d,0x6e,0x08,0xda,0x9a,0x00,0x83,0x59,0x06,0x52,0x1a,0xa5,0xa0,0x62,0x96,0x58,0x6b,0x42,0x87,
    0x1b,0x06,0xb7,0x26,0xc0,0x60,0xba,0x81,0xae,0x09,0x21,0x98,0x6e,0xd0,0x6b,0xa2,0x10,0x66,0x09,0x48,0x69,0xa0,0x82,0xb0,
    0xd7,0x44,0x94,0x88,0x51,0x1a,0xa8,0x20,0xdc,0x35,0x11,0x25,0x62,0x94,0x86,0x1b,0x02,0xd0,0x26,0xc0,0x60,0x96,0x81,0x96,
    0x4a,0x29,0x18,0x6e,0x10,0xfa,0x9a,0x00,0x83,0x59,0x06,0x5a,0x32,0xa5,0x60,0xb8,0x61,0xe0,0x6b,0x02,0x0c,0x66,0x19,0x68,
    0xe9,0x94,0x82,0xe1,0x06,0x82,0xaf,0x09,0x30,0x98,0x65,0x40,0xa5,0x54,0x0a,0x4c,0x97,0x09,0x11,0x89,0x8f,0xed,0x32,0x21,
    0x22,0xf1,0x31,0x5e,0x26,0x44,0x24,0x3e,0xd6,0xcb,0x84,0x88,0xc4,0x67,0x96,0x80,0x96,0x86,0x1b,0x12,0xd0,0x26,0xc0,0x60,
    0xb8,0x41,0xe9,0x6b,0x02,0x0c,0x4a,0x08,0x76,0x96,0x81,0x96,0x54,0x29,0x18,0x6e,0x60,0x50,0x9b,0x00,0x83,0x59,0x86,0x55,
    0x62,0xa5,0xc0,0xc4,0x99,0x38,0x91,0xf8,0xcc,0x12,0xd0,0xd2,0x70,0x83,0x43,0xda,0x04,0x18,0xcc,0x32,0xd0,0x52,0x2b,0x05,
    0xc3,0x0d,0x0f,0x6b,0x13,0x60,0x30,0xcb,0xe0,0x4a,0xaf,0x14,0x58,0x39,0x13,0xf2,0x4b,0xc4,0x67,0x96,0x80,0x96,0x86,0x1b,
    0xa2,0xd5,0x26,0xc0,0x60,0x96,0x81,0x96,0x60,0x29,0x18,0x6e,0x90,0x4e,0x9b,0x00,0x83,0x59,0x86,0x58,0x92,0xa5,0xc0,0xd0,
    0x99,0xc0,0x5f,0x22,0x3e,0x96,0xce,0x04,0xfe,0x12,0xf1,0x31,0x75,0x26,0xf0,0x97,0x88,0x8f,0xad,0x33,0x81,0xbf,0x44,0x7c,
    0x66,0x09,0x68,0x69,0xb8,0xe1,0x5a,0x6d,0x02,0x0c,0x66,0x19,0x66,0x89,0x96,0x02,0x6b,0x67,0x42,0x7f,0x89,0xf8,0x8c,0x18,
    0x1c,0x00,0x08,0x82,0x41,0x24,0xde,0x44,0x59,0x13,0x33,0x12,0xcc,0x12,0xd0,0xd2,0x40,0xd9,0xa0,0x06,0xa8,0xa4,0xad,0x12,
    0xe5,0x4a,0x4e,0x2c,0x09,0xb3,0xc4,0x9b,0x09,0x29,0xf9,0x66,0x52,0x4a,0x6e,0x64,0x4a,0xfe,0x8f,0xbc,0x12,0x6f,0x26,0xb2,
    0x84,0x46,0xa9,0x84,0xff,0x08,0x2b,0x0d,0x94,0x0d,0x6a,0x80,0x4a,0xdc,0x2a,0x59,0xae,0xe4,0xc4,0x12,0x31,0x4b,0xbe,0x99,
    0x90,0x12,0x78,0x26,0xa5,0xe4,0x46,0xa6,0xe4,0xff,0xc8,0x2b,0xf9,0x66,0x22,0x4b,0x6a,0x94,0x4a,0xfa,0x8f,0xb0,0xd2,0x40,
    0xd9,0xa0,0x06,0xa8,0xe4,0xad,0x12,0xe6,0x4a,0x4e,0x2c,0x19,0xb3,0x04,0x9e,0x09,0x29,0x89,0x67,0x52,0x4a,0x6e,0x64,0x4a,
    0xfe,0x8f,0xbc,0x12,0x78,0x26,0xb2,0xc4,0x46,0xa9,0xc4,0xff,0x08,0x2b,0x0d,0x94,0x0d,0x6a,0x80,0x4a,0x60,0xb0,0x4a,0x9a,
    0x2b,0x39,0xb1,0x44,0x9e,0xc9,0x2c,0x89,0x67,0x42,0x4a,0xe4,0x99,0x94,0x92,0x1b,0x99,0x92,0xff,0x23,0xaf,0x24,0x9e,0x89,
    0x2c,0xb9,0x51,0x2a,0xf9,0x3f,0xc2,0x4a,0x46,0xec,0x88,0x7c,0x8c,0xd8,0x11,0xf9,0x18,0xb1,0x23,0xf2,0x31,0x62,0x47,0xe4,
    0x33,0xdc,0x30,0x06,0xe1,0x4d,0x80,0xc1,0x2c,0x03,0x39,0xd5,0x52,0x30,0xdc,0x40,0x06,0xbe,0x4d,0x80,0xc1,0x2c,0x03,0x39,
    0xd9,0x52,0x30,0xdc,0x50,0x06,0xbd,0x4d,0x80,0xc1,0x2c,0x03,0x39,0xdd,0x52,0x30,0xdc,0x60,0x06,0xbd,0x4d,0x80,0xc1,0x2c,
    0x03,0x2e,0xe5,0x52,0x60,0xfb,0x4c,0x8c,0x49,0x7c,0x8c,0x9f,0x89,0x31,0x89,0x8f,0xf5,0x33,0x31,0x26,0xf1,0x31,0x7f,0x26,
    0xc6,0x24,0x3e,0xb3,0x04,0xe4,0x34,0xdc,0xb0,0x06,0xe1,0x4d,0x80,0xc1,0x70,0x03,0x1b,0xf8,0x36,0x01,0x06,0x25,0x04,0x3b,
    0xcb,0x40,0x4e,0xba,0x14,0x0c,0x37,0xb8,0x41,0x7a,0x13,0x60,0x30,0xdc,0xf0,0x06,0xe0,0x4d,0x80,0x41,0x09,0xc1,0xce,0x32,
    0xec,0x12,0x2f,0x05,0x56,0xd2,0x84,0x9a,0xc4,0x67,0x96,0x80,0x9c,0x86,0x1b,0xe4,0xe0,0xbc,0x09,0x30,0x98,0x65,0x20,0xa7,
    0x5e,0x0a,0x86,0x1b,0xe6,0xe0,0xbd,0x09,0x30,0x98,0x65,0xf0,0xa5,0x5f,0x0a,0x0c,0xa5,0x89,0x1a,0x26,0xe2,0x33,0x4b,0x40,
    0x4e,0xc3,0x0d,0x75,0xe0,0xde,0x04,0x18,0xcc,0x32,0x90,0x13,0x38,0x05,0xc3,0x0d,0x76,0xa0,0xde,0x04,0x18,0xcc,0x32,0x84,
    0x93,0x38,0x05,0xb6,0xd2,0xc4,0x0e,0x13,0xf1,0x31,0x96,0x26,0x76,0x98,0x88,0x8f,0xb5,0x34,0xb1,0xc3,0x44,0x7c,0xcc,0xa5,
    0x89,0x1d,0x26,0xe2,0x33,0x4b,0x40,0x4e,0xc3,0x0d,0x7b,0xe0,0xde,0x04,0x18,0xcc,0x32,0x8c,0x13,0x39,0x05,0x06,0xd3,0x44,
    0x0f,0x13,0xf1,0x19,0x31,0x38,0x00,0x10,0x04,0x83,0xa8,0xc4,0x09,0xd4,0x26,0xec,0x24,0x98,0x25,0x20,0xa7,0x81,0xb2,0xc1,
    0x0d,0x70,0x49,0xdb,0x25,0xca,0x97,0x9c,0x70,0x12,0xc6,0x49,0x4c,0x13,0x5a,0x22,0xd3,0xa4,0x96,0xe8,0xc9,0x96,0x48,0x31,
    0xf9,0x25,0x31,0x4d,0xc4,0xc9,0x9d,0x72,0xc9,0x0f,0x13,0x5e,0x1a,0x28,0x1b,0xdc,0x00,0x97,0xb8,0x5d,0xb2,0x7c,0xc9,0x09,
    0x27,0x62,0x9c,0xc8,0x34,0xa1,0x25,0x33,0x4d,0x6a,0x89,0x9e,0x6c,0x89,0x14,0x93,0x5f,0x22,0xd3,0x44,0x9c,0xe0,0x29,0x97,
    0x40,0x31,0xe1,0xa5,0x81,0xb2,0xc1,0x0d,0x70,0xc9,0xdb,0x25,0xcc,0x97,0x9c,0x70,0x32,0xc6,0xc9,0x4c,0x13,0x5a,0x42,0xd3,
    0xa4,0x96,0xe8,0xc9,0x96,0x48,0x31,0xf9,0x25,0x33,0x4d,0xc4,0x49,0x9e,0x72,0x49,0x14,0x13,0x5e,0x1a,0x28,0x1b,0xdc,0x00,
    0x97,0xc0,0x60,0x97,0x34,0x5f,0x72,0xc2,0x49,0x4d,0x93,0x71,0x42,0xd3,0x84,0x96,0xd4,0x34,0xa9,0x25,0x7a,0xb2,0x25,0x52,
    0x4c,0x7e,0x09,0x4d,0x13,0x71,0xa2,0xa7,0x5c,0x22,0xc5,0x84,0x97,0x8c,0x30,0x63,0x42,0x3e,0x46,0x98,0x31,0x21,0x1f,0x23,
    0xcc,0x98,0x90,0x8f,0x11,0x66,0x4c,0xc8,0xc7,0x88,0x33,0x80,0x8f,0x11,0x67,0x00,0x1f,0x23,0xce,0x00,0x3e,0x46,0x9c,0x01,
    0x7c,0x46,0x0c,0x0e,0x00,0x04,0xc1,0x20,0x92,0x71,0xe2,0xb6,0x09,0xa2,0xa7,0x89,0x11,0x83,0x03,0x00,0x41,0x30,0x88,0x66,
    0x9c,0xc0,0x6d,0x82,0xf0,0x69,0x62,0xc4,0xe0,0x00,0x40,0x10,0x0c,0x22,0x1a,0x27,0x72,0x9b,0x20,0x7e,0x9a,0x18,0x31,0x38,
    0x00,0x10,0x04,0x83,0xa8,0xc6,0x09,0xdd,0x26,0x08,0xb0,0x26,0x46,0x0c,0x0e,0x00,0x04,0xc1,0x20,0xb2,0x71,0x22,0xb7,0x09,
    0x42,0xac,0x89,0x11,0x83,0x03,0x00,0x41,0x30,0x88,0x6e,0x9c,0xd0,0x6d,0x82,0x18,0x6b,0x62,0xc4,0xe0,0x00,0x40,0x10,0x0c,
    0x22,0x1c,0x27,0x76,0x9b,0x20,0xc8,0x9a,0x18,0x31,0x38,0x00,0x10,0x04,0x83,0x28,0xc7,0x09,0xde,0x26,0x88,0xb2,0x26,0x66,
    0x09,0x62,0x6a,0xb8,0x21,0x87,0x09,0x16,0x27,0xc0,0x60,0x96,0x21,0xa6,0xcc,0x29,0x18,0x6e,0xd0,0x61,0x62,0xc5,0x09,0x30,
    0x98,0x65,0x88,0xa9,0x73,0x0a,0x86,0x1b,0x76,0x98,0x58,0x71,0x02,0x0c,0x66,0x19,0xd0,0x29,0x9d,0x02,0xb3,0x8f,0x30,0x91,
    0x8f,0xd9,0x47,0x98,0xc8,0xc7,0xec,0x23,0x4c,0xe4,0x63,0xfc,0x71,0x26,0xf2,0x99,0x25,0x88,0xa9,0xe1,0x06,0x30,0x26,0x5e,
    0x9c,0x00,0x83,0x59,0x06,0x75,0x5a,0xa7,0xc0,0xf6,0xc3,0x4c,0xe4,0x63,0xfb,0x61,0x26,0xf2,0xb1,0xfd,0x30,0x13,0xf9,0x58,
    0x88,0xb0,0x89,0x7c,0x8c,0xb8,0x6b,0x42,0x3e,0x46,0xe0,0x35,0x21,0x1f,0x23,0xf2,0x9a,0x90,0x8f,0x11,0x7a,0x4d,0xc8,0x67,
    0xc4,0xe0,0x00,0x40,0x10,0x0c,0x22,0x35,0x27,0xde,0x9b,0x20,0xea,0x9a,0x18,0x31,0x38,0x00,0x10,0x04,0x83,0x68,0xcd,0x09,
    0xf8,0x26,0x08,0xbb,0x26,0x46,0x0c,0x0e,0x00,0x04,0xc1,0x20,0x62,0x73,0x22,0xbe,0x09,0xe2,0xae,0x89,0x11,0x83,0x03,0x00,
    0x41,0x30,0x88,0xda,0x9c,0x90,0x6f,0x82,0xc0,0x6b,0x62,0xc4,0xe0,0x00,0x40,0x10,0x0c,0x22,0x37,0x27,0xe2,0x9b,0x20,0xf4,
    0x9a,0x18,0x31,0x38,0x00,0x10,0x04,0x83,0xe8,0xcd,0x09,0xf9,0x26,0x88,0xbd,0x26,0x46,0x0c,0x0e,0x00,0x04,0xc1,0x20,0x82,
    0x73,0x62,0xbe,0x09,0x82,0xaf,0x89,0x11,0x83,0x03,0x00,0x41,0x30,0x88,0xe2,0x9c,0xa0,0x6f,0x82,0xe8,0x6b,0x62,0x96,0x20,
    0xa6,0x86,0x1b,0xe2,0x98,0x28,0x73,0x02,0x0c,0x66,0x19,0xd8,0xa9,0x9d,0x02,0x63,0x91,0x3b,0x91,0x8f,0xb1,0xc8,0x9d,0xc8,
    0xc7,0x58,0xe4,0x4e,0xe4,0x63,0x32,0xd2,0x27,0xf2,0x31,0x42,0xb5,0x09,0xf9,0x18,0xb1,0xda,0x84,0x7c,0x8c,0x60,0x6d,0x42,
    0x3e,0x46,0xb4,0x36,0x21,0x9f,0x11,0x83,0x03,0x00,0x41,0x30,0x88,0xf6,0x9c,0x00,0x71,0x82,0x30,0x6d,0x62,0xc4,0xe0,0x00,
    0x40,0x10,0x0c,0x22,0x3e,0x27,0x42,0x9c,0x20,0x4e,0x9b,0x18,0x31,0x38,0x00,0x10,0x04,0x83,0xa8,0xcf,0x09,0x11,0x27,0x08,
    0xd4,0x26,0x46,0x0c,0x0e,0x00,0x04,0xc1,0x20,0xf2,0x73,0x62,0xc4,0x09,0x22,0xb5,0x89,0x11,0x83,0x03,0x00,0x41,0x30,0x88,
    0xfe,0x9c,0x10,0x71,0x82,0x58,0x6d,0x62,0xc4,0xe0,0x00,0x40,0x10,0x0c,0x22,0x50,0x27,0x46,0x9c,0x20,0x58,0x9b,0x18,0x31,
    0x38,0x00,0x10,0x04,0x83,0x28,0xd4,0x09,0x12,0x27,0x88,0xd6,0x26,0x46,0x0c,0x0e,0x00,0x04,0xc1,0x20,0x12,0x75,0xa2,0xc4,
    0x09,0xc2,0xb5,0x89,0x59,0x82,0x98,0x1a,0x6e,0x10,0x65,0x02,0xce,0x09,0x30,0x98,0x65,0x70,0xa7,0x77,0x0a,0xac,0x47,0x50,
    0x05,0x3e,0xd6,0x23,0xa8,0x02,0x1f,0xeb,0x11,0x54,0x81,0x8f,0x8d,0x89,0xab,0xc0,0x67,0xc4,0xe0,0x00,0x40,0x10,0x0c,0x22,
    0x54,0x27,0x5a,0x9c,0x20,0x66,0x9b,0x18,0x31,0x38,0x00,0x10,0x04,0x83,0x28,0xd5,0x09,0x17,0x27,0x08,0xda,0x26,0x46,0x0c,
    0x0e,0x00,0x04,0xc1,0x20,0x52,0x75,0xe2,0xc5,0x09,0xa2,0xb6,0x89,0x11,0x83,0x03,0x00,0x41,0x30,0x88,0x56,0x9d,0x80,0x71,
    0x82,0xb0,0x6d,0x62,0xc4,0xe0,0x00,0x40,0x10,0x0c,0x22,0x56,0x27,0x5e,0x9c,0x20,0x70,0x9b,0x18,0x31,0x38,0x00,0x10,0x04,
    0x83,0xa8,0xd5,0x09,0x18,0x27,0x88,0xdc,0x26,0x46,0x0c,0x0e,0x00,0x04,0xc1,0x20,0x72,0x75,0x22,0xc6,0x09,0x42,0xb7,0x89,
    0x11,0x83,0x03,0x00,0x41,0x30,0x88,0x5e,0x9d,0x90,0x71,0x82,0xd8,0x6d,0x62,0x96,0x20,0xa6,0x86,0x1b,0x5e,0x99,0x20,0x75,
    0x02,0x0c,0x66,0x19,0xe0,0x29,0x9e,0x02,0x53,0x93,0x5a,0x81,0x8f,0xa9,0x49,0xad,0xc0,0xc7,0xd4,0xa4,0x56,0xe0,0x63,0x70,
    0xb2,0x2b,0xf0,0x31,0x62,0xbc,0x09,0xf8,0x18,0x41,0xde,0x04,0x7c,0x8c,0x28,0x6f,0x02,0x3e,0x46,0x98,0x37,0x01,0x9f,0x11,
    0x83,0x03,0x00,0x41,0x30,0x88,0x72,0x9d,0xf0,0x71,0x82,0x20,0x6f,0x62,0xc4,0xe0,0x00,0x40,0x10,0x0c,0x22,0x5d,0x27,0x7e,
    0x9c,0x20,0xca,0x9b,0x18,0x31,0x38,0x00,0x10,0x04,0x83,0x68,0xd7,0x09,0x30,0x27,0x08,0xf3,0x26,0x46,0x0c,0x0e,0x00,0x04,
    0xc1,0x20,0xe2,0x75,0x22,0xcc,0x09,0xe2,0xbc,0x89,0x11,0x83,0x03,0x00,0x41,0x30,0x88,0x7a,0x9d,0x00,0x73,0x82,0x48,0x6f,
    0x62,0xc4,0xe0,0x00,0x40,0x10,0x0c,0x22,0x5f,0x27,0xc2,0x9c,0x20,0xd4,0x9b,0x18,0x31,0x38,0x00,0x10,0x04,0x83,0xe8,0xd7,
    0x09,0x31,0x27,0x88,0xf5,0x26,0x46,0x0c,0x0e,0x00,0x04,0xc1,0x20,0x02,0x77,0x62,0xcc,0x09,0x82,0xbd,0x89,0x59,0x82,0x98,
    0x1a,0x6e,0x00,0x67,0x42,0xd6,0x09,0x30,0x98,0x65,0x90,0xa7,0x79,0x0a,0x6c,0x4f,0xcc,0x05,0x3e,0xb6,0x27,0xe6,0x02,0x1f,
    0xdb,0x13,0x73,0x81,0x8f,0x85,0x0a,0xbb,0xc0,0xc7,0x08,0xfa,0x26,0xe0,0x63,0x44,0x7d,0x13,0xf0,0x31,0xc2,0xbe,0x09,0xf8,
    0x18,0x71,0xdf,0x04,0x7c,0x8c,0xd8,0x6f,0x42,0x3e,0x46,0xf0,0x37,0x21,0x1f,0x23,0xfa,0x9b,0x90,0x8f,0x11,0xfe,0x4d,0xc8,
    0x67,0xc4,0xe0,0x00,0x40,0x10,0x0c,0x22,0x77,0x27,0xe6,0x9c,0x20,0xf2,0x9b,0x18,0x31,0x38,0x00,0x10,0x04,0x83,0xe8,0xdd,
    0x09,0x3a,0x27,0x08,0xfd,0x26,0x46,0x0c,0x0e,0x00,0x04,0xc1,0x20,0x82,0x77,0xa2,0xce,0x09,0x62,0xbf,0x89,0x11,0x83,0x03,
    0x00,0x41,0x30,0x88,0xe2,0x9d,0xb0,0x73,0x82,0xe0,0x6f,0x62,0xc4,0xe0,0x00,0x40,0x10,0x0c,0x22,0x79,0x27,0xea,0x9c,0x20,
    0xfc,0x9b,0x18,0x31,0x38,0x00,0x10,0x04,0x83,0x68,0xde,0x09,0x3b,0x27,0x88,0xff,0x26,0x46,0x0c,0x0e,0x00,0x04,0xc1,0x20,
    0xa2,0x77,0xe2,0xce,0x09,0x02,0xc4,0x89,0x11,0x83,0x03,0x00,0x41,0x30,0x88,0xea,0x9d,0xc0,0x73,0x82,0x08,0x71,0x62,0x96,
    0x20,0xa6,0x86,0x1b,0xea,0x99,0x10,0x77,0x02,0x0c,0x66,0x19,0xe8,0xa9,0x9e,0x02,0xdb,0x17,0x58,0x89,0x8f,0xed,0x0b,0xac,
    0xc4,0xc7,0xf6,0x05,0x56,0xe2,0x63,0x21,0x63,0x2b,0xf1,0x19,0x31,0x38,0x00,0x10,0x04,0x83,0x68,0xdf,0x09,0x50,0x27,0x08,
    0x13,0x27,0x46,0x0c,0x0e,0x00,0x04,0xc1,0x20,0xe2,0x77,0x22,0xd4,0x09,0xe2,0xc4,0x89,0x11,0x83,0x03,0x00,0x41,0x30,0x88,
    0xfa,0x9d,0x10,0x75,0x82,0x40,0x71,0x62,0xc4,0xe0,0x00,0x40,0x10,0x0c,0x22,0x7f,0x27,0x46,0x9d,0x20,0x52,0x9c,0x18,0x31,
    0x38,0x00,0x10,0x04,0x83,0xe8,0xdf,0x09,0x51,0x27,0x88,0x15,0x27,0x46,0x0c,0x0e,0x00,0x04,0xc1,0x20,0x02,0x79,0x62,0xd4,
    0x09,0x82,0xc5,0x89,0x11,0x83,0x03,0x00,0x41,0x30,0x88,0x42,0x9e,0x20,0x75,0x82,0x68,0x71,0x62,0xc4,0xe0,0x00,0x40,0x10,
    0x0c,0x22,0x91,0x27,0x4a,0x9d,0x20,0x5c,0x9c,0x98,0x25,0x88,0xa9,0xe1,0x06,0x91,0x26,0xdc,0x9d,0x00,0x83,0x59,0x06,0x7b,
    0xba,0xa7,0xc0,0x7a,0x05,0x65,0xe0,0x63,0xbd,0x82,0x32,0xf0,0xb1,0x5e,0x41,0x19,0xf8,0xd8,0xb8,0xb8,0x0c,0x7c,0x2c,0x5c,
    0x58,0x46,0x3e,0x16,0x2e,0x2c,0x23,0x1f,0x0b,0x17,0x96,0x91,0x8f,0x9d,0x8b,0xcc,0xc8,0xc7,0x10,0x22,0x3e,0x86,0x10,0xf1,
    0x31,0x84,0x88,0x8f,0x21,0x44,0x7c,0x46,0x0c,0x0e,0x00,0x04,0xc1,0x20,0x82,0x79,0xa2,0xd6,0x09,0x62,0xc7,0x89,0x11,0x83,
    0x03,0x00,0x41,0x30,0x88,0x62,0x9e,0xb0,0x75,0x82,0xe0,0x71,0x62,0xc4,0xe0,0x00,0x40,0x10,0x0c,0x22,0x99,0x27,0x6e,0x9d,
    0x20,0x7a,0x9c,0x18,0x31,0x38,0x00,0x10,0x04,0x83,0x68,0xe6,0x09,0x5c,0x27,0x08,0x1f,0x27,0x46,0x0c,0x0e,0x00,0x04,0xc1,
    0x20,0xa2,0x79,0xe2,0xd6,0x09,0x02,0xcc,0x89,0x11,0x83,0x03,0x00,0x41,0x30,0x88,0x6a,0x9e,0xc0,0x75,0x82,0x08,0x73,0x62,
    0xc4,0xe0,0x00,0x40,0x10,0x0c,0x22,0x9b,0x27,0x72,0x9d,0x20,0xc4,0x9c,0x18,0x31,0x38,0x00,0x10,0x04,0x83,0xe8,0xe6,0x09,
    0x5d,0x27,0x88,0x31,0x27,0x66,0x09,0x62,0x6a,0xb8,0xe1,0xa6,0x09,0x91,0x27,0xc0,0x60,0x96,0x01,0x9f,0xf2,0x29,0xb0,0x9e,
    0x91,0x97,0xf8,0x58,0xcf,0xc8,0x4b,0x7c,0xac,0x67,0xe4,0x25,0x3e,0x36,0x36,0xf8,0x12,0x1f,0x23,0xfc,0x9a,0x90,0x8f,0x11,
    0x7f,0x4d,0xc8,0xc7,0x08,0xd0,0x26,0xe4,0x63,0x44,0x68,0x13,0xf2,0x31,0x42,0x5f,0xe0,0x63,0x84,0xbe,0xc0,0xc7,0x08,0x7d,
    0x81,0x8f,0x11,0x20,0x03,0x9f,0x59,0x82,0x98,0x1a,0x6e,0x20,0x6b,0xc2,0xe5,0x09,0x30,0x98,0x65,0xd0,0xa7,0x7d,0x0a,0x4c,
    0x6d,0xfe,0x25,0x3e,0xa6,0x36,0xff,0x12,0x1f,0x53,0x9b,0x7f,0x89,0x8f,0xc1,0x4d,0xc9,0xc4,0xc7,0x88,0xdd,0x91,0x8f,0x11,
    0xbc,0x23,0x1f,0x23,0x7a,0x47,0x3e,0x46,0xf8,0x8e,0x7c,0x8c,0x38,0x19,0xf8,0x18,0x71,0x32,0xf0,0x31,0xe2,0x64,0xe0,0x63,
    0x44,0xcb,0xc0,0x67,0x96,0x20,0xa6,0x86,0x1b,0xe2,0x9a,0xd0,0x79,0x02,0x0c,0x66,0x19,0xf8,0xa9,0x9f,0x82,0x11,0x83,0x03,
    0x00,0x41,0x30,0x20,0x83,0xb5,0x27,0xe2,0x9d,0xe8,0x71,0x82,0xec,0x89,0xd1,0x84,0x60,0xb0,0xbc,0x71,0x99,0xf8,0x58,0xde,
    0xb8,0x4c,0x7c,0x2c,0x6f,0x5c,0x26,0x3e,0xf6,0x37,0x34,0x13,0x1f,0x2b,0x08,0xf9,0x98,0x41,0xc8,0xc7,0x0e,0x42,0x3e,0x86,
    0x10,0xf2,0x31,0xc2,0x66,0xe0,0x63,0x84,0xcd,0xc0,0xc7,0x08,0x9b,0x81,0x8f,0x11,0x3c,0x03,0x9f,0x59,0x82,0x98,0x1a,0x6e,
    0x00,0x6d,0x02,0xed,0x09,0x30,0x98,0x65,0xf0,0xa7,0x7f,0x0a,0xcc,0xd5,0x89,0xf9,0x89,0x8f,0xf1,0x4c,0x20,0x1f,0xe3,0x19,
    0x41,0x3e,0xc6,0x33,0x83,0x7c,0x4c,0x6c,0x08,0xf9,0x18,0xb1,0x3a,0xf0,0x31,0x62,0x75,0xe0,0x63,0xc4,0xea,0xc0,0xc7,0x88,
    0xd8,0x81,0xcf,0x88,0xc1,0x01,0x80,0x20,0x18,0x44,0xab,0x4f,0xc0,0x3c,0x41,0xd8,0x3a,0x31,0x62,0x70,0x00,0x20,0x08,0x06,
    0x11,0xeb,0x13,0x31,0x4f,0x10,0xb7,0x4e,0x8c,0x18,0x1c,0x00,0x08,0x82,0x41,0xd4,0xfa,0x84,0xcc,0x13,0x04,0xae,0x13,0x23,
    0x06,0x07,0x00,0x82,0x60,0x10,0xb9,0x3e,0x31,0xf3,0x04,0x91,0xeb,0xc4,0x88,0xc1,0x01,0x80,0x20,0x18,0x44,0xaf,0x4f,0xc8,
    0x3c,0x41,0xec,0x3a,0x31,0x62,0x70,0x00,0x20,0x08,0x06,0x11,0xec,0x13,0x33,0x4f,0x10,0xbc,0x4e,0x8c,0x18,0x1c,0x00,0x08,
    0x82,0x41,0x14,0xfb,0x04,0xcd,0x13,0x44,0xaf,0x13,0x23,0x06,0x07,0x00,0x82,0x60,0x10,0xc9,0x3e,0x51,0xf3,0x04,0xe1,0xeb,
    0xc4,0x2c,0x41,0x4c,0x0d,0x37,0xc8,0x36,0x11,0xf2,0x04,0x18,0xcc,0x32,0x80,0x54,0x48,0x05,0x86,0x3b,0x6d,0x13,0x1f,0xc3,
    0x9d,0xb6,0x89,0x8f,0xe1,0x4e,0xdb,0xc4,0xc7,0x7c,0x67,0x6e,0xe2,0x63,0x44,0x7c,0x13,0xf2,0x31,0x42,0xbe,0x09,0xf9,0x18,
    0x31,0xdf,0x84,0x7c,0x8c,0xa0,0x6f,0x42,0x3e,0x46,0xd4,0x0d,0x7c,0x8c,0xa8,0x1b,0xf8,0x18,0x51,0x37,0xf0,0x31,0x62,0x6f,
    0xe0,0x33,0x4b,0x10,0x53,0xc3,0x0d,0xbf,0x4d,0xa0,0x3c,0x01,0x06,0xb3,0x0c,0x31,0x25,0x52,0xc1,0x70,0x03,0x78,0x13,0x26,
    0x4f,0x80,0xc1,0x2c,0xc3,0x48,0x91,0x54,0x60,0x7b,0x93,0x3e,0xf2,0xb1,0xbd,0x51,0x1f,0xf9,0xd8,0xde,0xac,0x8f,0x7c,0x2c,
    0x74,0xd8,0x47,0x3e,0x46,0xa8,0x0f,0x7c,0x8c,0x50,0x1f,0xf8,0x18,0xa1,0x3e,0xf0,0x31,0x02,0x7e,0xe0,0x33,0x62,0x70,0x00,
    0x20,0x08,0x06,0x91,0xfa,0x13,0x6f,0x4f,0x10,0xf5,0x4e,0x8c,0x18,0x1c,0x00,0x08,0x82,0x41,0xb4,0xfe,0x04,0xdc,0x13,0x84,
    0xbd,0x13,0x23,0x06,0x07,0x00,0x82,0x60,0x10,0xb1,0x3f,0x11,0xf7,0x04,0x71,0xef,0xc4,0x88,0xc1,0x01,0x80,0x20,0x18,0x44,
    0xed,0x4f,0xc8,0x3d,0x41,0xe0,0x3b,0x31,0x62,0x70,0x00,0x20,0x08,0x06,0x91,0xfb,0x13,0x71,0x4f,0x10,0xfa,0x4e,0x8c,0x18,
    0x1c,0x00,0x08,0x82,0x41,0xf4,0xfe,0x84,0xdc,0x13,0xc4,0xbe,0x13,0x23,0x06,0x07,0x00,0x82,0x60,0x10,0xc1,0x3f,0x31,0xf7,
    0x04,0xc1,0xef,0xc4,0x88,0xc1,0x01,0x80,0x20,0x18,0x44,0xf1,0x4f,0xd0,0x3d,0x41,0xf4,0x3b,0x31,0x4b,0x10,0x53,0xc3,0x0d,
    0xf1,0x4d,0xcc,0x3c,0x01,0x06,0xb3,0x0c,0x25,0x65,0x52,0x81,0xb1,0xce,0xfd,0xc8,0xc7,0x58,0xe7,0x7e,0xe4,0x63,0xac,0x73,
    0x3f,0xf2,0x31,0xd9,0xe9,0x1f,0xf9,0x18,0xe1,0x3f,0xf0,0x31,0xe2,0x7f,0xe0,0x63,0x04,0x08,0xc1,0xc7,0x88,0x10,0x82,0xcf,
    0x88,0xc1,0x01,0x80,0x20,0x18,0x44,0xfb,0x4f,0x80,0x3e,0x41,0x98,0x3c,0x31,0x62,0x70,0x00,0x20,0x08,0x06,0x11,0xff,0x13,
    0xa1,0x4f,0x10,0x27,0x4f,0x8c,0x18,0x1c,0x00,0x08,0x82,0x41,0xd4,0xff,0x84,0xe8,0x13,0x04,0xca,0x13,0x23,0x06,0x07,0x00,
    0x82,0x60,0x10,0xf9,0x3f,0x31,0xfa,0x04,0x91,0xf2,0xc4,0x88,0xc1,0x01,0x80,0x20,0x18,0x44,0xff,0x4f,0x88,0x3e,0x41,0xac,
    0x3c,0x31,0x62,0x70,0x00,0x20,0x08,0x06,0x11,0x08,0x16,0xa3,0x4f,0x10,0x2c,0x4f,0x8c,0x18,0x1c,0x00,0x08,0x82,0x41,0x14,
    0x82,0x05,0xe9,0x13,0x44,0xcb,0x13,0x23,0x06,0x07,0x00,0x82,0x60,0x10,0x89,0x60,0x51,0xfa,0x04,0xe1,0xf2,0xc4,0x2c,0x41,
    0x4c,0x0d,0x37,0x88,0x38,0x71,0xf6,0x04,0x18,0xcc,0x32,0x9c,0x14,0x4a,0x05,0x06,0xf3,0xc4,0x0a,0xc5,0xc7,0x7c,0x27,0x90,
    0x8f,0xf9,0x8e,0x20,0x1f,0xf3,0x9d,0x41,0x3e,0x46,0x3e,0x84,0x7c,0x8c,0x68,0x21,0xf8,0x18,0xd1,0x42,0xf0,0x31,0xa2,0x85,
    0xe0,0x63,0xc4,0x0c,0xc1,0x67,0xc4,0xe0,0x00,0x40,0x10,0x0c,0xa2,0x16,0x2c,0x64,0x9f,0x20,0x70,0x9e,0x18,0x31,0x38,0x00,
    0x10,0x04,0x83,0xc8,0x05,0x8b,0xd9,0x27,0x88,0x9c,0x27,0x46,0x0c,0x0e,0x00,0x04,0xc1,0x20,0x7a,0xc1,0x82,0xf6,0x09,0x42,
    0xe7,0x89,0x11,0x83,0x03,0x00,0x41,0x30,0x88,0x60,0xb0,0xa8,0x7d,0x82,0xd8,0x79,0x62,0xc4,0xe0,0x00,0x40,0x10,0x0c,0xa2,
    0x18,0x2c,0x68,0x9f,0x20,0x7a,0x9e,0x18,0x31,0x38,0x00,0x10,0x04,0x83,0x48,0x06,0x8b,0xda,0x27,0x08,0x9f,0x27,0x46,0x0c,
    0x0e,0x00,0x04,0xc1,0x20,0x9a,0xc1,0xc2,0xf6,0x09,0xe2,0xe7,0x89,0x11,0x83,0x03,0x00,0x41,0x30,0x88,0x68,0xb0,0xb8,0x7d,
    0x82,0x00,0x7b,0x62,0x96,0x20,0xa6,0x86,0x1b,0x68,0x9c,0x50,0x7d,0x02,0x0c,0x66,0x19,0x52,0x4a,0xa5,0x02,0x13,0x7b,0x42,
    0x87,0xe2,0x63,0x63,0x4f,0xe8,0x50,0x7c,0x8c,0xec,0x09,0x1d,0x8a,0x8f,0x95,0x3d,0x01,0x46,0xf1,0xb1,0xf9,0x21,0xe4,0x63,
    0xf3,0x43,0xc8,0xc7,0xe6,0x87,0x90,0x8f,0xe5,0x0f,0x21,0x1f,0x23,0xca,0x08,0x3e,0x46,0x98,0x11,0x7c,0x8c,0x38,0x23,0xf8,
    0x18,0x81,0x46,0xf0,0x19,0x31,0x38,0x00,0x10,0x04,0x83,0x48,0x0c,0x8b,0xf3,0x27,0x88,0xb6,0x27,0x46,0x0c,0x0e,0x00,0x04,
    0xc1,0x20,0x1a,0xc3,0x02,0xfd,0x09,0xc2,0xed,0x89,0x11,0x83,0x03,0x00,0x41,0x30,0x88,0xc8,0xb0,0x48,0x7f,0x82,0x78,0x7b,
    0x62,0xc4,0xe0,0x00,0x40,0x10,0x0c,0xa2,0x32,0x2c,0xd4,0x9f,0x20,0xe0,0x9e,0x18,0x31,0x38,0x00,0x10,0x04,0x83,0xc8,0x0c,
    0x8b,0xf4,0x27,0x08,0xb9,0x27,0x46,0x0c,0x0e,0x00,0x04,0xc1,0x20,0x3a,0xc3,0x42,0xfd,0x09,0x62,0xee,0x89,0x11,0x83,0x03,
    0x00,0x41,0x30,0x88,0xd0,0xb0,0x58,0x7f,0x82,0xa0,0x7b,0x62,0xc4,0xe0,0x00,0x40,0x10,0x0c,0xa2,0x34,0x2c,0xd8,0x9f,0x20,
    0xea,0x9e,0x98,0x25,0x88,0xa9,0x62,0x73,0x02,0xf6,0x09,0x1d,0x6e,0x08,0xd6,0x9f,0x00,0x83,0x59,0x86,0x98,0x5a,0xa9,0x60,
    0xb8,0x61,0xcd,0x09,0xf3,0x27,0xc0,0x60,0x96,0x81,0xa5,0x5a,0x2a,0x30,0x13,0xda,0x7b,0x02,0x3e,0x66,0x42,0x7c,0x4f,0xc0,
    0xc7,0x4c,0xa8,0xef,0x09,0xf8,0x18,0x1d,0xf9,0x3d,0x01,0x1f,0xa3,0xa3,0xbf,0x27,0xe0,0x63,0x74,0x04,0xfa,0x04,0x7c,0x46,
    0x0c,0x16,0x00,0x04,0xc1,0x20,0x0c,0xd8,0xb0,0xe8,0x7f,0x62,0x10,0x02,0xa3,0x20,0x2c,0x38,0x7d,0x42,0x3e,0x23,0x06,0x07,
    0x00,0x82,0x60,0x10,0xd5,0x61,0xa1,0xff,0x44,0x00,0xfa,0xc4,0x88,0xc1,0x01,0x80,0x20,0x18,0x44,0x76,0x58,0xe4,0x3f,0x11,
    0x88,0x3e,0x31,0x4b,0x10,0x53,0xc3,0x0d,0x76,0x4e,0x88,0x60,0x01,0x06,0xb3,0x0c,0x2e,0xf5,0x52,0x81,0xc5,0x10,0x1f,0xc9,
    0xc7,0x62,0x88,0x8f,0xe4,0x63,0x31,0xc4,0x47,0xf2,0xb1,0x1b,0x12,0x25,0xf9,0x98,0xfa,0x10,0xf0,0x31,0xf5,0x21,0xe0,0x63,
    0xea,0x43,0xc0,0xc7,0xe0,0x87,0x80,0xcf,0x88,0xc1,0x01,0x80,0x20,0x18,0x44,0xa0,0x58,0x94,0x60,0x41,0xac,0x3e,0x31,0x62,
    0x70,0x00,0x20,0x08,0x06,0x51,0x28,0x16,0x26,0x58,0x10,0xac,0x4f,0x8c,0x18,0x1c,0x00,0x08,0x82,0x41,0x24,0x8a,0xc5,0x09,
    0x16,0x44,0xeb,0x13,0x23,0x06,0x07,0x00,0x82,0x60,0x10,0x8d,0x62,0x81,0x82,0x05,0xe1,0xfa,0xc4,0x88,0xc1,0x01,0x80,0x20,
    0x18,0x44,0xa4,0x58,0x9c,0x60,0x41,0xc0,0x3e,0x31,0x62,0x70,0x00,0x20,0x08,0x06,0x51,0x29,0x16,0x28,0x58,0x10,0xb1,0x4f,
    0x8c,0x18,0x1c,0x00,0x08,0x82,0x41,0x64,0x8a,0x45,0x0a,0x16,0x84,0xec,0x13,0x23,0x06,0x07,0x00,0x82,0x60,0x10,0x9d,0x62,
    0xa1,0x82,0x05,0x31,0xfb,0xc4,0x2c,0x41,0x4c,0x0d,0x37,0x9c,0x3a,0x81,0xfe,0x04,0x18,0xcc,0x32,0xc0,0x54,0x4c,0x05,0x76,
    0x3f,0xad,0x24,0x1f,0xbb,0x9f,0x56,0x92,0x8f,0xdd,0x4f,0x2b,0xc9,0xc7,0xfa,0x67,0x96,0xe4,0x63,0xb9,0x4f,0xec,0x4f,0x7c,
    0x4c,0xf7,0x89,0xfd,0x89,0x8f,0xed,0x3e,0xb1,0x3f,0xf1,0x31,0xde,0x27,0x42,0x28,0x3e,0x46,0xa8,0x91,0x7c,0x8c,0x50,0x23,
    0xf9,0x18,0xa1,0x46,0xf2,0x31,0x02,0x8e,0xe4,0x63,0x04,0x03,0x1f,0x23,0x18,0xf8,0x18,0xc1,0xc0,0xc7,0x08,0x06,0x3e,0x23,
    0x06,0x07,0x00,0x82,0x60,0x10,0xe5,0x62,0xe1,0x83,0x05,0x41,0xfe,0xc4,0x88,0xc1,0x01,0x80,0x20,0x18,0x44,0xba,0x58,0xfc,
    0x60,0x41,0x94,0x3f,0x31,0x62,0x70,0x00,0x20,0x08,0x06,0xd1,0x2e,0x16,0x60,0x58,0x10,0xe6,0x4f,0x8c,0x18,0x1c,0x00,0x08,
    0x82,0x41,0xc4,0x8b,0x45,0x18,0x16,0xc4,0xf9,0x13,0x23,0x06,0x07,0x00,0x82,0x60,0x10,0xf5,0x62,0x01,0x86,0x05,0x91,0xfe,
    0xc4,0x88,0xc1,0x01,0x80,0x20,0x18,0x44,0xbe,0x58,0x84,0x61,0x41,0xa8,0x3f,0x31,0x62,0x70,0x00,0x20,0x08,0x06,0xd1,0x2f,
    0x16,0x62,0x58,0x10,0xeb,0x4f,0x8c,0x18,0x1c,0x00,0x08,0x82,0x41,0x04,0x8e,0xc5,0x18,0x16,0x04,0xfb,0x13,0xb3,0x04,0x31,
    0x35,0x50,0x1d,0x0c,0x36,0x45,0x4e,0x28,0x85,0x4e,0xe6,0xa4,0x4e,0xa4,0xc4,0x4e,0x6a,0xe4,0x4e,0x28,0x04,0x4f,0xbe,0x23,
    0x4f,0xa4,0x43,0x4f,0x3a,0x63,0x4f,0x20,0x83,0x4f,0xe6,0xa2,0x4f,0xa8,0xc2,0x4f,0x64,0xe2,0x4f,0x2a,0x02,0x52,0xe6,0x31,
    0x52,0xa4,0x51,0x52,0x60,0x71,0x52,0xf6,0x90,0x52,0xb6,0xc0,0x52,0x7a,0xe0,0x52,0x08,0x4c,0xa9,0x66,0x50,0x4e,0xf4,0x18,
    0x98,0x93,0x6a,0x06,0x21,0xa5,0x6a,0x2a,0xa5,0xdf,0xc9,0x4b,0x0d,0x54,0x07,0x83,0x4d,0x91,0x13,0x4a,0xa1,0x93,0x39,0xa9,
    0x13,0x29,0xb1,0x93,0x1a,0xb9,0x13,0x0a,0xc1,0x93,0xef,0xc8,0x13,0xe9,0xd0,0x93,0xce,0xd8,0x13,0xc8,0xe0,0x93,0xb9,0xe8,
    0x13,0xaa,0xf0,0x13,0x99,0xf8,0x93,0x8a,0x80,0x94,0x79,0x8c,0x14,0x69,0x94,0x14,0x58,0x9c,0x94,0x3d,0xa4,0x14,0x2e,0xb0,
    0x94,0x1e,0xb8,0x14,0x02,0x53,0xaa,0x19,0x94,0x13,0x3d,0x06,0xe6,0xa4,0x9a,0x41,0x48,0xa9,0x9a,0x4a,0xe9,0x77,0xf2,0x52,
    0x03,0xd5,0xc1,0x60,0x53,0xe4,0x84,0x52,0xe8,0x64,0x4e,0xea,0x44,0x4a,0xec,0xa4,0x46,0xee,0x84,0x42,0xf0,0xe4,0x3b,0xf2,
    0x44,0x3a,0xf4,0xa4,0x33,0xf6,0x04,0x32,0xf8,0x64,0x2e,0xfa,0x84,0x2a,0xfc,0x44,0x26,0xfe,0xa4,0x22,0x20,0x65,0x1e,0x23,
    0x45,0x1a,0x25,0x05,0x16,0x27,0x65,0x0f,0x29,0xa5,0x0b,0x2c,0xa5,0x07,0x2e,0x85,0xc0,0x94,0x6a,0x06,0xe5,0x44,0x8f,0x81,
    0x39,0xa9,0x66,0x10,0x52,0xaa,0xa6,0x52,0xfa,0x9d,0xbc,0xd4,0x40,0x75,0x30,0xd8,0x14,0x39,0xa1,0x14,0x3a,0x99,0x93,0x3a,
    0x91,0x12,0x3b,0xa9,0x91,0x3b,0xa1,0x10,0x3c,0xf9,0x8e,0x3c,0x91,0x0e,0x3d,0xe9,0x8c,0x3d,0x81,0x0c,0x3e,0x99,0x8b,0x3e,
    0xa1,0x0a,0x3f,0x91,0x89,0x3f,0xa9,0x08,0x48,0x99,0xc7,0x48,0x91,0x46,0x49,0x81,0xc5,0x49,0xd9,0x43,0x4a,0xf1,0x02,0x4b,
    0xe9,0x81,0x4b,0x21,0x30,0x65,0x9b,0x41,0x39,0x81,0x64,0x60,0x4e,0xb6,0x19,0x84,0x94,0xaa,0xa9,0x94,0x7e,0x27,0x2f,0x35,
    0xdc,0x40,0xeb,0xc4,0x2e,0x16,0x60,0x30,0xcb,0xe0,0x57,0x32,0x15,0x0c,0x37,0xd4,0x3a,0x81,0x8b,0x05,0x18,0xcc,0x32,0xf8,
    0xd5,0x4c,0x05,0xc3,0x0d,0xb6,0x4e,0xdc,0x62,0x01,0x06,0xb3,0x0c,0x7e,0x45,0x53,0xc1,0x70,0xc3,0xad,0x13,0xb7,0x58,0x80,
    0xc1,0x2c,0x43,0x4d,0xd9,0x54,0x60,0xa4,0xf3,0x3e,0xf2,0x99,0x25,0xf0,0xab,0xe1,0x86,0x5c,0x27,0x70,0xb1,0x00,0x83,0x59,
    0x86,0x9b,0xc2,0xa9,0xc0,0x4c,0x27,0x7e,0xe4,0x63,0x41,0xff,0x13,0xf2,0x19,0x31,0x38,0x00,0x10,0x04,0x83,0xa8,0x1d,0x0b,
    0x39,0x2c,0x02,0xfc,0x27,0x46,0x0c,0x0e,0x00,0x04,0xc1,0x20,0x72,0xc7,0x22,0x0e,0x8b,0x40,0xff,0x89,0x59,0x02,0xbf,0x1a,
    0x6e,0xf0,0x75,0x42,0x1c,0x0b,0x30,0x98,0x65,0xc8,0x29,0x9d,0x0a,0x6c,0x75,0xec,0x47,0x3e,0x16,0x90,0x60,0x21,0x9f,0x11,
    0x83,0x03,0x00,0x41,0x30,0x88,0xe4,0xb1,0xb8,0xc3,0x22,0xe8,0x7f,0x62,0xc4,0xe0,0x00,0x40,0x10,0x0c,0xa2,0x79,0x2c,0xec,
    0xb0,0x08,0xfe,0x9f,0x98,0x25,0xf0,0xab,0xe1,0x86,0x71,0x27,0xc2,0xb1,0x00,0x83,0x59,0x86,0x9d,0xe2,0xa9,0xc0,0x60,0x67,
    0x7f,0xe0,0x33,0x62,0x70,0x00,0x20,0x08,0x06,0x91,0x3d,0x16,0x7b,0x58,0x04,0x21,0x58,0x8c,0x18,0x1c,0x00,0x08,0x82,0x41,
    0x74,0x8f,0x85,0x1e,0x16,0xc1,0x08,0x16,0xb3,0x04,0x7e,0x35,0xdc,0x70,0xee,0x04,0x3b,0x16,0x60,0x30,0xcb,0xd0,0x53,0x3e,
    0x15,0x18,0xed,0xfc,0x0f,0x7c,0x2c,0x40,0xc1,0x02,0x3e,0x23,0x06,0x07,0x00,0x82,0x60,0x10,0xed,0x63,0x01,0x8a,0x45,0x60,
    0x82,0xc5,0x88,0xc1,0x01,0x80,0x20,0x18,0x44,0xfc,0x58,0xfc,0x61,0x11,0xa0,0x60,0x31,0x4b,0xe0,0x57,0xc3,0x0d,0xec,0x4e,
    0xb8,0x63,0x01,0x06,0xb3,0x0c,0x3f,0x05,0x56,0x81,0xe5,0x0e,0x09,0xc1,0xc7,0x82,0x16,0x2c,0xe0,0x63,0x41,0x0c,0x16,0xf2,
    0x19,0x31,0x38,0x00,0x10,0x04,0x83,0x28,0x24,0x0b,0x53,0x2c,0x02,0x16,0x2c,0x46,0x0c,0x0e,0x00,0x04,0xc1,0x20,0x12,0xc9,
    0xa2,0x14,0x8b,0xc0,0x05,0x8b,0x59,0x02,0xbf,0x1a,0x6e,0x90,0x77,0xe2,0x1d,0x0b,0x30,0x98,0x65,0x08,0x2b,0xb1,0x0a,0x4c,
    0x85,0x7e,0x27,0x3e,0x23,0x06,0x07,0x00,0x82,0x60,0x10,0x95,0x64,0xa1,0x8a,0x45,0x00,0x83,0xc5,0x88,0xc1,0x01,0x80,0x20,
    0x18,0x44,0x26,0x59,0xa4,0x62,0x11,0xc8,0x60,0x31,0x4b,0xe0,0x57,0xc3,0x0d,0xf6,0x4e,0xc8,0x63,0x01,0x06,0xb3,0x0c,0x63,
    0x45,0x56,0x81,0x8d,0x8f,0x0b,0xc1,0xc7,0xc8,0xe7,0x85,0xe4,0x63,0x42,0x10,0x9f,0x11,0x83,0x03,0x00,0x41,0x30,0x88,0x56,
    0xb2,0x80,0xc5,0x22,0xb0,0xc1,0x62,0xc4,0xe0,0x00,0x40,0x10,0x0c,0x22,0x96,0x2c,0x5e,0xb1,0x08,0x70,0xb0,0x98,0x25,0xf0,
    0xab,0xe1,0x06,0x7e,0x27,0xee,0xb1,0x00,0x83,0x59,0x86,0xb2,0x32,0xab,0xc0,0x68,0x28,0x7d,0xe2,0x63,0x01,0xdc,0x13,0xf2,
    0xb1,0x60,0x7d,0xe0,0x33,0x4b,0xe0,0x57,0xc3,0x0d,0x20,0x4f,0xe8,0x63,0x01,0x06,0xb3,0x0c,0x67,0x85,0x56,0x81,0xe1,0x50,
    0xfb,0xc4,0xc7,0x02,0xd2,0x92,0x8f,0x05,0xef,0x03,0x9f,0x59,0x02,0xbf,0x1a,0x6e,0x20,0x79,0xa2,0x1f,0x0b,0x30,0x98,0x65,
    0x48,0x2b,0xb5,0x0a,0x46,0x0c,0x0e,0x00,0x04,0xc1,0x80,0x0c,0x5c,0xb2,0xa0,0xc5,0x02,0x04,0x8b,0x93,0x2c,0x46,0x13,0x82,
    0xc1,0x7c,0x68,0x7e,0xe2,0x63,0x42,0x20,0x1f,0x0b,0xea,0x07,0x3e,0xb3,0x04,0x7e,0x35,0xdc,0xa0,0xf2,0x84,0x48,0x16,0x60,
    0x30,0xcb,0xb0,0x56,0x6c,0x15,0x18,0x1a,0x16,0xad,0x15,0x1f,0xc3,0x9f,0x40,0x3e,0x16,0x90,0x11,0x7c,0x46,0x0c,0x0e,0x00,
    0x04,0xc1,0x20,0xfa,0xc9,0x82,0x1c,0x8b,0x40,0x0d,0x8b,0x11,0x83,0x03,0x00,0x41,0x30,0x88,0xc0,0xb2,0x18,0xc7,0x22,0x60,
    0xc3,0x62,0x96,0xc0,0xaf,0x86,0x1b,0x60,0x9e,0x78,0xc5,0x02,0x0c,0x66,0x19,0xda,0xca,0xad,0x02,0x43,0xa3,0xfe,0x89,0x8f,
    0x05,0x7c,0x4f,0xc8,0xc7,0x82,0xff,0x81,0xcf,0x2c,0x81,0x5f,0x0d,0x37,0xd0,0x3c,0xd1,0x8a,0x05,0x18,0xcc,0x32,0xf8,0xd5,
    0x5b,0x05,0xc3,0x0d,0x35,0x4f,0xac,0x62,0x01,0x06,0xb3,0x0c,0x70,0x15,0x57,0x81,0x89,0x50,0x1b,0xc9,0xc7,0x02,0x37,0x82,
    0xcf,0x88,0xc1,0x01,0x80,0x20,0x18,0x44,0x69,0x59,0xb8,0x63,0x11,0xd0,0x61,0x31,0x62,0x70,0x00,0x20,0x08,0x06,0x91,0x5a,
    0x16,0xed,0x58,0x04,0x76,0x58,0xcc,0x12,0xf8,0xd5,0x70,0x83,0xce,0x13,0xac,0x58,0x80,0xc1,0x2c,0x83,0x5c,0xcd,0x55,0x60,
    0x27,0x24,0x47,0xf2,0xb1,0x60,0x8e,0xe0,0x33,0x62,0x70,0x00,0x20,0x08,0x06,0x91,0x5b,0x16,0xf3,0x58,0x04,0x79,0x58,0x8c,
    0x18,0x1c,0x00,0x08,0x82,0x41,0xf4,0x96,0x85,0x3c,0x16,0xc1,0x1e,0x16,0xb3,0x04,0x7e,0x35,0xdc,0xf0,0xf3,0x04,0x2d,0x16,
    0x60,0x30,0xcb,0x40,0x57,0x75,0x15,0x58,0x1f,0x16,0x77,0x14,0x1f,0x6b,0xa1,0x40,0x3e,0x16,0xe4,0x11,0x7c,0x46,0x0c,0x0e,
    0x00,0x04,0xc1,0x20,0xa2,0xcb,0x22,0x1f,0x8b,0xe0,0x0f,0x8b,0x11,0x83,0x03,0x00,0x41,0x30,0x88,0xea,0xb2,0xc0,0xc7,0x22,
    0x08,0xc5,0x62,0x96,0xc0,0xaf,0x86,0x1b,0xca,0x9e,0x58,0xc7,0x02,0x0c,0x66,0x19,0xec,0xea,0xae,0x02,0x1b,0xc5,0xa2,0x8f,
    0xe2,0x63,0x33,0x14,0xc8,0xc7,0x82,0x3f,0x82,0xcf,0x88,0xc1,0x01,0x80,0x20,0x18,0x44,0x7a,0x59,0xfc,0x63,0x11,0x94,0x62,
    0x31,0x62,0x70,0x00,0x20,0x08,0x06,0xd1,0x5e,0x16,0xfe,0x58,0x04,0xa7,0x58,0xcc,0x12,0xf8,0x55,0xf1,0x3d,0x21,0x8e,0x85,
    0x0e,0x37,0x04,0xfd,0x58,0x80,0xc1,0x2c,0x83,0x5f,0xe1,0x55,0x30,0xdc,0xd0,0xf6,0x04,0x3e,0x16,0x60,0x30,0xcb,0x90,0x57,
    0x7a,0x15,0xd8,0x0d,0xb5,0x62,0x01,0x1f,0xbb,0x21,0x57,0x2c,0xe0,0x63,0x37,0xf4,0x8a,0x05,0x7c,0xac,0x94,0x60,0xb1,0x80,
    0x8f,0x95,0x52,0x2c,0x16,0xf0,0xb1,0x52,0x92,0xc5,0x02,0x3e,0x23,0x06,0x0b,0x00,0x82,0x60,0x10,0x06,0x7e,0x59,0xbc,0x64,
    0x31,0x08,0x81,0x51,0x10,0x16,0xe4,0x62,0x21,0x9f,0x11,0x83,0x03,0x00,0x41,0x30,0x88,0x4e,0xb3,0x60,0xc9,0x22,0x90,0xc5,
    0x62,0xc4,0xe0,0x00,0x40,0x10,0x0c,0x22,0xd4,0x2c,0x56,0xb2,0x08,0x68,0xb1,0x98,0x25,0xf0,0xab,0xe1,0x06,0xbc,0x27,0x68,
    0xb2,0x00,0x83,0x59,0x86,0xbd,0xe2,0xab,0xc0,0xca,0x08,0x96,0xe4,0x63,0x30,0x14,0xc0,0x67,0xc4,0xe0,0x00,0x40,0x10,0x0c,
    0x22,0xd6,0x2c,0x62,0xb2,0x08,0x6e,0xb1,0x18,0x31,0x38,0x00,0x10,0x04,0x83,0xa8,0x35,0x0b,0x98,0x2c,0x82,0x5c,0x2c,0x66,
    0x09,0xfc,0x6a,0xb8,0xa1,0xef,0x09,0x77,0x2c,0xc0,0x60,0x96,0xa1,0xaf,0xfc,0x2a,0x30,0x1a,0xaa,0x25,0xf9,0x18,0x2f,0x16,
    0x35,0x14,0x1f,0x0b,0xd8,0x48,0x3e,0x16,0x0c,0xf0,0x19,0x31,0x38,0x00,0x10,0x04,0x83,0x68,0x36,0x0b,0x9c,0x2c,0x02,0x5f,
    0x2c,0x46,0x0c,0x0e,0x00,0x04,0xc1,0x20,0xa2,0xcd,0xe2,0x26,0x8b,0x00,0x1c,0x8b,0x59,0x02,0xbf,0x1a,0xa8,0x0e,0x06,0xdc,
    0xa8,0x29,0xd7,0xb8,0x29,0xd2,0xc8,0x29,0xbe,0xd8,0x29,0xb9,0xe8,0x29,0xb3,0xf8,0x29,0x9f,0x08,0x2b,0x99,0x18,0x2b,0x95,
    0x28,0x2b,0x91,0x38,0x2b,0x7b,0x48,0x2b,0x75,0x58,0x2b,0x71,0x68,0x2b,0x5b,0x80,0x2b,0x56,0x90,0x2b,0x50,0xa0,0x2b,0x3a,
    0xb0,0x2b,0x2d,0xaf,0xa0,0xbd,0x12,0xfa,0x8a,0x0d,0x83,0x98,0xb2,0xcb,0x40,0xa6,0xc0,0x31,0x98,0x29,0xbb,0x0c,0xdc,0x8a,
    0x0d,0x83,0xbb,0xe2,0xfd,0x84,0xaf,0x86,0x1b,0x6a,0x9f,0x80,0xc9,0x02,0x0c,0xa6,0x1b,0xe6,0x41,0x08,0xa6,0x1b,0xe8,0x9f,
    0xb8,0x07,0xd6,0x27,0xa6,0x1b,0xe8,0x9f,0xb8,0x87,0xd6,0x27,0xa6,0x1b,0xe8,0x9f,0xb8,0x07,0xd7,0x27,0xa6,0x1b,0xe8,0x9f,
    0x20,0x5e,0x9f,0x98,0x6e,0xd8,0x07,0xfa,0x27,0x60,0x9f,0x98,0x6e,0xd8,0x07,0xfa,0x27,0x62,0x9f,0x98,0x6e,0xd8,0x07,0xfa,
    0x27,0x64,0x9f,0x98,0x6e,0x40,0xe8,0x9f,0x98,0x7d,0xa2,0xe4,0x9e,0x48,0xcd,0x02,0x2b,0xb8,0xcd,0x42,0x0d,0xfe,0x09,0xdc,
    0x2c,0x60,0x30,0xdc,0x10,0xdc,0x66,0x81,0x06,0xb3,0x0c,0xc1,0x5f,0x05,0x03,0x1d,0x03,0x08,0x2a,0x02,0x08,0x2a,0x01,0xe6,
    0x57,0x03,0x1d,0x03,0x08,0x2a,0x02,0x08,0x2a,0x01,0xe6,0x57,0x03,0x1d,0x03,0x08,0x2a,0x02,0x08,0x2a,0x01,0xe6,0x57,0x03,
    0x1d,0x03,0x08,0x2a,0x02,0x08,0x2a,0x01,0xe6,0x57,0xb3,0x0c,0xa1,0x05,0x5a,0x2e,0x58,0x18,0x81,0x82,0x05,0x7c,0x8c,0x40,
    0xc1,0x02,0x3e,0x46,0xa0,0x60,0x01,0x9f,0x59,0x82,0xd0,0x1a,0xa8,0x18,0x0c,0xd0,0x72,0xfe,0x6a,0xa0,0x62,0x30,0x40,0xcb,
    0xf9,0xab,0x81,0x8a,0xc1,0x00,0x2d,0xe7,0xaf,0x66,0x19,0x62,0x4b,0xb4,0x7c,0xb0,0x18,0x31,0x38,0x00,0x10,0x04,0x03,0x32,
    0x30,0xcf,0x82,0x2d,0x0b,0x5c,0x2c,0xc4,0xb3,0x18,0x4d,0x08,0x00,0x4b,0x54,0xb2,0x90,0xcf,0x88,0x81,0x01,0x80,0x20,0x18,
    0x34,0xf3,0x59,0xc4,0x64,0x11,0x8c,0x18,0x18,0x00,0x08,0x82,0x41,0x43,0x9f,0x85,0x5d,0x16,0x83,0x05,0x2e,0x59,0xc8,0x67,
    0xc4,0xc0,0x00,0x40,0x10,0x0c,0x1a,0xfb,0x2c,0xf0,0xb2,0x08,0x2c,0x18,0xe0,0x53,0x65,0x58,0x8c,0x67,0xa1,0xc3,0x0d,0x01,
    0x7b,0x16,0x60,0x30,0xcb,0xf0,0x5a,0xa3,0x15,0x0c,0x37,0x98,0x61,0xe1,0x9e,0x05,0x18,0xcc,0x32,0xbc,0x16,0x69,0x05,0xc3,
    0x0d,0x67,0x58,0xac,0x67,0x01,0x06,0xb3,0x0c,0xa5,0x65,0x5a,0xc1,0x70,0x44,0x52,0x10,0xdf,0x2c,0xc1,0x6b,0x0d,0x37,0xa4,
    0x61,0xb1,0x9e,0x05,0x18,0xcc,0x32,0x9c,0x16,0x6a,0x05,0xc3,0x11,0xcb,0x11,0x7c,0xb3,0x04,0xaf,0x35,0xdc,0xb0,0x86,0x05,
    0x7b,0x16,0x60,0x30,0xcb,0x90,0x5a,0xaa,0x15,0x0c,0x47,0x34,0x49,0xf1,0xcd,0x12,0xbc,0xd6,0x70,0x43,0x1b,0x16,0xed,0x59,
    0x80,0xc1,0x2c,0xc3,0x6a,0xb1,0x56,0x30,0x1c,0xf1,0x2c,0xc2,0x37,0x4b,0xf0,0x5a,0xc3,0x0d,0x6f,0x58,0xd0,0x67,0x01,0x06,
    0xb3,0x0c,0xad,0xe5,0x5a,0xc1,0x70,0x44,0xd4,0x38,0xdf,0x2c,0xc1,0x6b,0x0d,0x47,0x48,0xce,0xf0,0x0d,0x37,0xc8,0x61,0x11,
    0x9f,0x45,0x18,0x54,0x20,0xec,0x2c,0xc1,0x6b,0x0d,0x14,0x29,0x58,0x69,0x51,0xa7,0x05,0xa5,0x16,0xb3,0x5a,0x48,0x6b,0xe1,
    0xad,0x22,0x5a,0x76,0xab,0x8c,0x96,0xe0,0x5a,0xb3,0x0c,0xb1,0x05,0x5b,0xc1,0x88,0x81,0x01,0x80,0x20,0x18,0x2c,0x2a,0x5a,
    0xec,0x66,0xd1,0x9b,0xc5,0x2c,0x41,0x6c,0xcd,0x32,0xe4,0x96,0x6c,0xcd,0x61,0x31,0xdc,0x10,0x87,0x05,0x7f,0x16,0x60,0x30,
    0xcb,0x80,0x5b,0xb3,0x15,0x18,0x3c,0x16,0xef,0x58,0xd0,0x67,0xc4,0xe0,0x00,0x40,0x10,0x0c,0xc8,0x20,0x44,0x8b,0xd3,0x2c,
    0xe6,0xb1,0xa8,0xcf,0x62,0x34,0x21,0x00,0x46,0x13,0x84,0x60,0x34,0x61,0x10,0x86,0x1b,0xee,0xb0,0x18,0xd1,0x02,0x0c,0x66,
    0x19,0x68,0xab,0xb6,0x02,0x13,0x0c,0xf9,0x58,0x70,0x96,0x85,0x7c,0x46,0x0c,0x0c,0x00,0x04,0xc1,0xa0,0x91,0xd1,0xa2,0x34,
    0x8b,0x60,0xc4,0xe0,0x00,0x40,0x10,0x0c,0xa2,0x18,0x2d,0x6c,0xb3,0x08,0x78,0xb2,0x18,0x31,0x38,0x00,0x10,0x04,0x83,0x48,
    0x46,0x8b,0xda,0x2c,0x02,0x9f,0x2c,0x66,0x09,0x70,0x6b,0xb8,0xa1,0x0f,0x8b,0x12,0x2d,0xc0,0x60,0x96,0xc1,0xb6,0x6e,0x2b,
    0x30,0x84,0x91,0x8f,0x05,0x81,0x7c,0x2c,0x70,0xcb,0x42,0x3e,0x23,0x06,0x06,0x00,0x82,0x60,0xd0,0xe4,0x68,0xc1,0x9a,0x45,
    0x30,0x62,0x70,0x00,0x20,0x08,0x06,0x11,0x8e,0x16,0xbd,0x59,0x04,0x63,0x59,0x8c,0x18,0x1c,0x00,0x08,0x82,0x41,0x94,0xa3,
    0x05,0x6f,0x16,0x41,0x59,0x16,0xb3,0x04,0xb8,0x65,0x0f,0x14,0x9f,0x11,0x03,0x03,0x00,0x41,0x30,0x68,0x7a,0xb4,0x70,0xd1,
    0x22,0x18,0x8e,0x08,0xdc,0xb2,0x20,0xbe,0xe1,0x88,0x01,0x2d,0x0b,0xe2,0x9b,0x6e,0x90,0xcb,0x02,0x2e,0x8b,0x60,0xba,0x21,
    0x28,0x06,0xab,0xb0,0xf8,0x58,0x20,0xd0,0x67,0xc4,0xe0,0x00,0x40,0x10,0x0c,0x22,0x31,0x2d,0xce,0xb3,0x08,0xda,0xb2,0x18,
    0x31,0x38,0x00,0x10,0x04,0x83,0x68,0x4c,0x0b,0xf3,0x2c,0x82,0xb7,0x2c,0x66,0x09,0x70,0x6b,0xa0,0x64,0x20,0x03,0xda,0xb2,
    0x6c,0x4b,0xb8,0x2d,0x18,0x55,0x64,0x6b,0xc4,0xe0,0x00,0x40,0x10,0x0c,0xc8,0xa0,0x47,0x8b,0xf1,0x2c,0x5e,0xb2,0x80,0xd1,
    0x62,0x34,0x21,0x00,0x46,0x13,0x84,0x60,0x34,0x61,0x10,0xcc,0x0f,0x86,0xf8,0x98,0x1f,0x0c,0xf1,0x31,0x3f,0x18,0xe2,0x63,
    0x03,0x22,0x1f,0x1b,0x12,0xf9,0xd8,0xa0,0xc8,0xc7,0x86,0x04,0x3e,0x36,0x24,0xf0,0xb1,0x21,0x81,0xcf,0x2c,0x41,0x6e,0x0d,
    0x54,0x0c,0x06,0x6e,0xb9,0x44,0x6c,0x0d,0x54,0x0c,0x06,0x6e,0xb9,0x44,0x6c,0x0d,0x54,0x0c,0x06,0x6e,0xb9,0x44,0x6c,0x8d,
    0x18,0x1c,0x00,0x08,0x82,0x41,0x54,0xa7,0x85,0x7e,0x16,0x03,0x68,0x16,0x23,0x06,0x07,0x00,0x82,0x60,0x10,0xd9,0x69,0xb1,
    0x9f,0xc5,0x10,0x9a,0xc5,0x88,0xc1,0x01,0x80,0x20,0x18,0x44,0x77,0x5a,0xf0,0x67,0x31,0x88,0x66,0x31,0x62,0x70,0x00,0x20,
    0x08,0x06,0x11,0x9e,0x16,0xfd,0x59,0xc4,0xc2,0x68,0x16,0x23,0x06,0x07,0x00,0x82,0x60,0x10,0xe5,0x69,0xc1,0x9f,0x05,0x51,
    0x9a,0xc5,0x88,0xc1,0x01,0x80,0x20,0x18,0x44,0x7a,0x5a,0xf4,0x67,0x41,0x98,0x66,0x31,0x62,0x70,0x00,0x20,0x08,0x06,0xd1,
    0x9e,0x16,0xfe,0x59,0x10,0xa7,0x59,0x8c,0x18,0x1c,0x00,0x08,0x82,0x41,0xc4,0xa7,0xc5,0x7f,0x16,0x04,0x6a,0x16,0x23,0x06,
    0x09,0x00,0x82,0x60,0x80,0x84,0x6a,0xb1,0xa6,0x85,0x9c,0x16,0x72,0x5a,0xfc,0x68,0x41,0x8c,0x18,0x24,0x00,0x08,0x82,0x01,
    0x12,0xaa,0xc5,0x9a,0x16,0x72,0x5a,0xc8,0x69,0xd1,0xa3,0xc5,0x30,0x62,0x90,0x00,0x20,0x08,0x06,0x48,0xa8,0x16,0x6b,0x5a,
    0xc8,0x69,0x21,0xa7,0x85,0x8f,0x16,0xc2,0x88,0x41,0x02,0x80,0x20,0x18,0x20,0xa1,0x5a,0xac,0x69,0x21,0xa7,0x85,0x9c,0x16,
    0x61,0x5a,0x04,0x18,0x10,0x03,0x00,0x00,0x07,0x00,0x00,0x00,0x5b,0x06,0x79,0x16,0x9e,0x7b,0xd8,0x32,0xcc,0xe7,0xf0,0xdc,
    0xc3,0x96,0x81,0xdf,0x87,0xe7,0x1e,0xb6,0x0c,0xfd,0x4b,0x3c,0xf7,0x00,0x00,0x00,0x00,0x00,0x00,0x00,0x00,0x00,0x00,0x00,
};
