// Generated by compile_native_shaders.py. Native payload; never a bgfx container.
static const unsigned char s_sdl_dxil_fs_ff_stage_volume[] = {
    0x44,0x58,0x42,0x43,0x99,0xfb,0x2c,0x2a,0x2a,0xf5,0x33,0x18,0xc4,0xfd,0xce,0x12,0x6b,0x71,0xc0,0x00,0x01,0x00,0x00,0x00,
    0xa0,0x89,0x00,0x00,0x06,0x00,0x00,0x00,0x38,0x00,0x00,0x00,0x48,0x00,0x00,0x00,0x50,0x02,0x00,0x00,0x8c,0x02,0x00,0x00,
    0x6c,0x07,0x00,0x00,0x88,0x07,0x00,0x00,0x53,0x46,0x49,0x30,0x08,0x00,0x00,0x00,0x00,0x00,0x00,0x00,0x00,0x00,0x00,0x00,
    0x49,0x53,0x47,0x31,0x00,0x02,0x00,0x00,0x0f,0x00,0x00,0x00,0x08,0x00,0x00,0x00,0x00,0x00,0x00,0x00,0xe8,0x01,0x00,0x00,
    0x00,0x00,0x00,0x00,0x01,0x00,0x00,0x00,0x03,0x00,0x00,0x00,0x00,0x00,0x00,0x00,0x0f,0x08,0x00,0x00,0x00,0x00,0x00,0x00,
    0x00,0x00,0x00,0x00,0xf4,0x01,0x00,0x00,0x00,0x00,0x00,0x00,0x00,0x00,0x00,0x00,0x03,0x00,0x00,0x00,0x01,0x00,0x00,0x00,
    0x0f,0x0f,0x00,0x00,0x00,0x00,0x00,0x00,0x00,0x00,0x00,0x00,0xf4,0x01,0x00,0x00,0x01,0x00,0x00,0x00,0x00,0x00,0x00,0x00,
    0x03,0x00,0x00,0x00,0x02,0x00,0x00,0x00,0x0f,0x0f,0x00,0x00,0x00,0x00,0x00,0x00,0x00,0x00,0x00,0x00,0xf4,0x01,0x00,0x00,
    0x02,0x00,0x00,0x00,0x00,0x00,0x00,0x00,0x03,0x00,0x00,0x00,0x03,0x00,0x00,0x00,0x0f,0x0f,0x00,0x00,0x00,0x00,0x00,0x00,
    0x00,0x00,0x00,0x00,0xf4,0x01,0x00,0x00,0x03,0x00,0x00,0x00,0x00,0x00,0x00,0x00,0x03,0x00,0x00,0x00,0x04,0x00,0x00,0x00,
    0x0f,0x0f,0x00,0x00,0x00,0x00,0x00,0x00,0x00,0x00,0x00,0x00,0xf4,0x01,0x00,0x00,0x04,0x00,0x00,0x00,0x00,0x00,0x00,0x00,
    0x03,0x00,0x00,0x00,0x05,0x00,0x00,0x00,0x0f,0x0f,0x00,0x00,0x00,0x00,0x00,0x00,0x00,0x00,0x00,0x00,0xf4,0x01,0x00,0x00,
    0x05,0x00,0x00,0x00,0x00,0x00,0x00,0x00,0x03,0x00,0x00,0x00,0x06,0x00,0x00,0x00,0x0f,0x0f,0x00,0x00,0x00,0x00,0x00,0x00,
    0x00,0x00,0x00,0x00,0xf4,0x01,0x00,0x00,0x06,0x00,0x00,0x00,0x00,0x00,0x00,0x00,0x03,0x00,0x00,0x00,0x07,0x00,0x00,0x00,
    0x0f,0x0f,0x00,0x00,0x00,0x00,0x00,0x00,0x00,0x00,0x00,0x00,0xf4,0x01,0x00,0x00,0x07,0x00,0x00,0x00,0x00,0x00,0x00,0x00,
    0x03,0x00,0x00,0x00,0x08,0x00,0x00,0x00,0x0f,0x0f,0x00,0x00,0x00,0x00,0x00,0x00,0x00,0x00,0x00,0x00,0xf4,0x01,0x00,0x00,
    0x08,0x00,0x00,0x00,0x00,0x00,0x00,0x00,0x03,0x00,0x00,0x00,0x09,0x00,0x00,0x00,0x0f,0x0f,0x00,0x00,0x00,0x00,0x00,0x00,
    0x00,0x00,0x00,0x00,0xf4,0x01,0x00,0x00,0x09,0x00,0x00,0x00,0x00,0x00,0x00,0x00,0x03,0x00,0x00,0x00,0x0a,0x00,0x00,0x00,
    0x0f,0x0f,0x00,0x00,0x00,0x00,0x00,0x00,0x00,0x00,0x00,0x00,0xf4,0x01,0x00,0x00,0x0a,0x00,0x00,0x00,0x00,0x00,0x00,0x00,
    0x03,0x00,0x00,0x00,0x0b,0x00,0x00,0x00,0x0f,0x0f,0x00,0x00,0x00,0x00,0x00,0x00,0x00,0x00,0x00,0x00,0xf4,0x01,0x00,0x00,
    0x0b,0x00,0x00,0x00,0x00,0x00,0x00,0x00,0x03,0x00,0x00,0x00,0x0c,0x00,0x00,0x00,0x0f,0x0f,0x00,0x00,0x00,0x00,0x00,0x00,
    0x00,0x00,0x00,0x00,0xf4,0x01,0x00,0x00,0x0c,0x00,0x00,0x00,0x00,0x00,0x00,0x00,0x03,0x00,0x00,0x00,0x0d,0x00,0x00,0x00,
    0x0f,0x0d,0x00,0x00,0x00,0x00,0x00,0x00,0x00,0x00,0x00,0x00,0xf4,0x01,0x00,0x00,0x0d,0x00,0x00,0x00,0x00,0x00,0x00,0x00,
    0x03,0x00,0x00,0x00,0x0e,0x00,0x00,0x00,0x03,0x03,0x00,0x00,0x00,0x00,0x00,0x00,0x53,0x56,0x5f,0x50,0x6f,0x73,0x69,0x74,
    0x69,0x6f,0x6e,0x00,0x54,0x45,0x58,0x43,0x4f,0x4f,0x52,0x44,0x00,0x00,0x00,0x00,0x4f,0x53,0x47,0x31,0x34,0x00,0x00,0x00,
    0x01,0x00,0x00,0x00,0x08,0x00,0x00,0x00,0x00,0x00,0x00,0x00,0x28,0x00,0x00,0x00,0x00,0x00,0x00,0x00,0x40,0x00,0x00,0x00,
    0x03,0x00,0x00,0x00,0x00,0x00,0x00,0x00,0x0f,0x00,0x00,0x00,0x00,0x00,0x00,0x00,0x53,0x56,0x5f,0x54,0x61,0x72,0x67,0x65,
    0x74,0x00,0x00,0x00,0x50,0x53,0x56,0x30,0xd8,0x04,0x00,0x00,0x34,0x00,0x00,0x00,0x00,0x00,0x00,0x00,0x00,0x00,0x00,0x00,
    0x00,0x00,0x00,0x00,0x00,0x00,0x00,0x00,0x00,0x00,0x00,0x00,0xff,0xff,0xff,0xff,0x00,0x00,0x00,0x00,0x0f,0x01,0x00,0x0f,
    0x01,0x00,0x00,0x00,0x00,0x00,0x00,0x00,0x00,0x00,0x00,0x00,0x00,0x00,0x00,0x00,0x7f,0x00,0x00,0x00,0x14,0x00,0x00,0x00,
    0x18,0x00,0x00,0x00,0x02,0x00,0x00,0x00,0x03,0x00,0x00,0x00,0x00,0x00,0x00,0x00,0x00,0x00,0x00,0x00,0x0d,0x00,0x00,0x00,
    0x00,0x00,0x00,0x00,0x02,0x00,0x00,0x00,0x03,0x00,0x00,0x00,0x01,0x00,0x00,0x00,0x01,0x00,0x00,0x00,0x0d,0x00,0x00,0x00,
    0x00,0x00,0x00,0x00,0x01,0x00,0x00,0x00,0x02,0x00,0x00,0x00,0x00,0x00,0x00,0x00,0x00,0x00,0x00,0x00,0x0e,0x00,0x00,0x00,
    0x00,0x00,0x00,0x00,0x01,0x00,0x00,0x00,0x02,0x00,0x00,0x00,0x01,0x00,0x00,0x00,0x01,0x00,0x00,0x00,0x0e,0x00,0x00,0x00,
    0x00,0x00,0x00,0x00,0x01,0x00,0x00,0x00,0x02,0x00,0x00,0x00,0x02,0x00,0x00,0x00,0x02,0x00,0x00,0x00,0x0e,0x00,0x00,0x00,
    0x00,0x00,0x00,0x00,0x01,0x00,0x00,0x00,0x02,0x00,0x00,0x00,0x03,0x00,0x00,0x00,0x03,0x00,0x00,0x00,0x0e,0x00,0x00,0x00,
    0x00,0x00,0x00,0x00,0x01,0x00,0x00,0x00,0x02,0x00,0x00,0x00,0x04,0x00,0x00,0x00,0x04,0x00,0x00,0x00,0x0e,0x00,0x00,0x00,
    0x00,0x00,0x00,0x00,0x01,0x00,0x00,0x00,0x02,0x00,0x00,0x00,0x05,0x00,0x00,0x00,0x05,0x00,0x00,0x00,0x0e,0x00,0x00,0x00,
    0x00,0x00,0x00,0x00,0x01,0x00,0x00,0x00,0x02,0x00,0x00,0x00,0x06,0x00,0x00,0x00,0x06,0x00,0x00,0x00,0x0e,0x00,0x00,0x00,
    0x00,0x00,0x00,0x00,0x01,0x00,0x00,0x00,0x02,0x00,0x00,0x00,0x07,0x00,0x00,0x00,0x07,0x00,0x00,0x00,0x0e,0x00,0x00,0x00,
    0x00,0x00,0x00,0x00,0x01,0x00,0x00,0x00,0x02,0x00,0x00,0x00,0x08,0x00,0x00,0x00,0x0f,0x00,0x00,0x00,0x0e,0x00,0x00,0x00,
    0x00,0x00,0x00,0x00,0x03,0x00,0x00,0x00,0x02,0x00,0x00,0x00,0x00,0x00,0x00,0x00,0x00,0x00,0x00,0x00,0x02,0x00,0x00,0x00,
    0x00,0x00,0x00,0x00,0x03,0x00,0x00,0x00,0x02,0x00,0x00,0x00,0x01,0x00,0x00,0x00,0x01,0x00,0x00,0x00,0x02,0x00,0x00,0x00,
    0x00,0x00,0x00,0x00,0x03,0x00,0x00,0x00,0x02,0x00,0x00,0x00,0x02,0x00,0x00,0x00,0x02,0x00,0x00,0x00,0x02,0x00,0x00,0x00,
    0x00,0x00,0x00,0x00,0x03,0x00,0x00,0x00,0x02,0x00,0x00,0x00,0x03,0x00,0x00,0x00,0x03,0x00,0x00,0x00,0x02,0x00,0x00,0x00,
    0x00,0x00,0x00,0x00,0x03,0x00,0x00,0x00,0x02,0x00,0x00,0x00,0x04,0x00,0x00,0x00,0x04,0x00,0x00,0x00,0x05,0x00,0x00,0x00,
    0x00,0x00,0x00,0x00,0x03,0x00,0x00,0x00,0x02,0x00,0x00,0x00,0x05,0x00,0x00,0x00,0x05,0x00,0x00,0x00,0x05,0x00,0x00,0x00,
    0x00,0x00,0x00,0x00,0x03,0x00,0x00,0x00,0x02,0x00,0x00,0x00,0x06,0x00,0x00,0x00,0x06,0x00,0x00,0x00,0x05,0x00,0x00,0x00,
    0x00,0x00,0x00,0x00,0x03,0x00,0x00,0x00,0x02,0x00,0x00,0x00,0x07,0x00,0x00,0x00,0x07,0x00,0x00,0x00,0x05,0x00,0x00,0x00,
    0x00,0x00,0x00,0x00,0x03,0x00,0x00,0x00,0x02,0x00,0x00,0x00,0x08,0x00,0x00,0x00,0x0f,0x00,0x00,0x00,0x04,0x00,0x00,0x00,
    0x00,0x00,0x00,0x00,0x84,0x00,0x00,0x00,0x00,0x54,0x45,0x58,0x43,0x4f,0x4f,0x52,0x44,0x00,0x54,0x45,0x58,0x43,0x4f,0x4f,
    0x52,0x44,0x00,0x54,0x45,0x58,0x43,0x4f,0x4f,0x52,0x44,0x00,0x54,0x45,0x58,0x43,0x4f,0x4f,0x52,0x44,0x00,0x54,0x45,0x58,
    0x43,0x4f,0x4f,0x52,0x44,0x00,0x54,0x45,0x58,0x43,0x4f,0x4f,0x52,0x44,0x00,0x54,0x45,0x58,0x43,0x4f,0x4f,0x52,0x44,0x00,
    0x54,0x45,0x58,0x43,0x4f,0x4f,0x52,0x44,0x00,0x54,0x45,0x58,0x43,0x4f,0x4f,0x52,0x44,0x00,0x54,0x45,0x58,0x43,0x4f,0x4f,
    0x52,0x44,0x00,0x54,0x45,0x58,0x43,0x4f,0x4f,0x52,0x44,0x00,0x54,0x45,0x58,0x43,0x4f,0x4f,0x52,0x44,0x00,0x54,0x45,0x58,
    0x43,0x4f,0x4f,0x52,0x44,0x00,0x54,0x45,0x58,0x43,0x4f,0x4f,0x52,0x44,0x00,0x6d,0x61,0x69,0x6e,0x00,0x0e,0x00,0x00,0x00,
    0x00,0x00,0x00,0x00,0x01,0x00,0x00,0x00,0x02,0x00,0x00,0x00,0x03,0x00,0x00,0x00,0x04,0x00,0x00,0x00,0x05,0x00,0x00,0x00,
    0x06,0x00,0x00,0x00,0x07,0x00,0x00,0x00,0x08,0x00,0x00,0x00,0x09,0x00,0x00,0x00,0x0a,0x00,0x00,0x00,0x0b,0x00,0x00,0x00,
    0x0c,0x00,0x00,0x00,0x0d,0x00,0x00,0x00,0x10,0x00,0x00,0x00,0x00,0x00,0x00,0x00,0x00,0x00,0x00,0x00,0x01,0x00,0x44,0x03,
    0x03,0x04,0x00,0x00,0x01,0x00,0x00,0x00,0x00,0x00,0x00,0x00,0x01,0x01,0x44,0x00,0x03,0x02,0x00,0x00,0x0a,0x00,0x00,0x00,
    0x01,0x00,0x00,0x00,0x01,0x02,0x44,0x00,0x03,0x02,0x00,0x00,0x13,0x00,0x00,0x00,0x02,0x00,0x00,0x00,0x01,0x03,0x44,0x00,
    0x03,0x01,0x00,0x00,0x1c,0x00,0x00,0x00,0x03,0x00,0x00,0x00,0x01,0x04,0x44,0x00,0x03,0x01,0x00,0x00,0x25,0x00,0x00,0x00,
    0x04,0x00,0x00,0x00,0x01,0x05,0x44,0x00,0x03,0x02,0x00,0x00,0x2e,0x00,0x00,0x00,0x05,0x00,0x00,0x00,0x01,0x06,0x44,0x00,
    0x03,0x02,0x00,0x00,0x37,0x00,0x00,0x00,0x06,0x00,0x00,0x00,0x01,0x07,0x44,0x00,0x03,0x02,0x00,0x00,0x40,0x00,0x00,0x00,
    0x07,0x00,0x00,0x00,0x01,0x08,0x44,0x00,0x03,0x02,0x00,0x00,0x49,0x00,0x00,0x00,0x08,0x00,0x00,0x00,0x01,0x09,0x44,0x00,
    0x03,0x02,0x00,0x00,0x52,0x00,0x00,0x00,0x09,0x00,0x00,0x00,0x01,0x0a,0x44,0x00,0x03,0x02,0x00,0x00,0x5b,0x00,0x00,0x00,
    0x0a,0x00,0x00,0x00,0x01,0x0b,0x44,0x00,0x03,0x02,0x00,0x00,0x64,0x00,0x00,0x00,0x0b,0x00,0x00,0x00,0x01,0x0c,0x44,0x00,
    0x03,0x02,0x00,0x00,0x6d,0x00,0x00,0x00,0x0c,0x00,0x00,0x00,0x01,0x0d,0x44,0x00,0x03,0x02,0x00,0x00,0x76,0x00,0x00,0x00,
    0x0d,0x00,0x00,0x00,0x01,0x0e,0x42,0x00,0x03,0x02,0x00,0x00,0x00,0x00,0x00,0x00,0x00,0x00,0x00,0x00,0x01,0x00,0x44,0x10,
    0x03,0x00,0x00,0x00,0x00,0x00,0x00,0x00,0x00,0x00,0x00,0x00,0x00,0x00,0x00,0x00,0x08,0x00,0x00,0x00,0x0f,0x00,0x00,0x00,
    0x0f,0x00,0x00,0x00,0x0f,0x00,0x00,0x00,0x0f,0x00,0x00,0x00,0x0f,0x00,0x00,0x00,0x0f,0x00,0x00,0x00,0x0f,0x00,0x00,0x00,
    0x0f,0x00,0x00,0x00,0x0f,0x00,0x00,0x00,0x0f,0x00,0x00,0x00,0x0f,0x00,0x00,0x00,0x0f,0x00,0x00,0x00,0x0f,0x00,0x00,0x00,
    0x0f,0x00,0x00,0x00,0x0f,0x00,0x00,0x00,0x0f,0x00,0x00,0x00,0x0f,0x00,0x00,0x00,0x0f,0x00,0x00,0x00,0x0f,0x00,0x00,0x00,
    0x0f,0x00,0x00,0x00,0x0f,0x00,0x00,0x00,0x0f,0x00,0x00,0x00,0x0f,0x00,0x00,0x00,0x0f,0x00,0x00,0x00,0x0f,0x00,0x00,0x00,
    0x0f,0x00,0x00,0x00,0x0f,0x00,0x00,0x00,0x0f,0x00,0x00,0x00,0x0f,0x00,0x00,0x00,0x0f,0x00,0x00,0x00,0x0f,0x00,0x00,0x00,
    0x0f,0x00,0x00,0x00,0x0f,0x00,0x00,0x00,0x0f,0x00,0x00,0x00,0x0f,0x00,0x00,0x00,0x0f,0x00,0x00,0x00,0x0f,0x00,0x00,0x00,
    0x0f,0x00,0x00,0x00,0x0f,0x00,0x00,0x00,0x0f,0x00,0x00,0x00,0x0f,0x00,0x00,0x00,0x0f,0x00,0x00,0x00,0x0f,0x00,0x00,0x00,
    0x0f,0x00,0x00,0x00,0x0f,0x00,0x00,0x00,0x0f,0x00,0x00,0x00,0x0f,0x00,0x00,0x00,0x0f,0x00,0x00,0x00,0x0f,0x00,0x00,0x00,
    0x00,0x00,0x00,0x00,0x07,0x00,0x00,0x00,0x07,0x00,0x00,0x00,0x08,0x00,0x00,0x00,0x08,0x00,0x00,0x00,0x00,0x00,0x00,0x00,
    0x00,0x00,0x00,0x00,0x48,0x41,0x53,0x48,0x14,0x00,0x00,0x00,0x00,0x00,0x00,0x00,0xde,0xd2,0x34,0xf3,0xdd,0x19,0x2d,0xbf,
    0x7a,0xa3,0xc6,0x47,0xb9,0x66,0x9c,0x1e,0x44,0x58,0x49,0x4c,0x10,0x82,0x00,0x00,0x60,0x00,0x00,0x00,0x84,0x20,0x00,0x00,
    0x44,0x58,0x49,0x4c,0x00,0x01,0x00,0x00,0x10,0x00,0x00,0x00,0xf8,0x81,0x00,0x00,0x42,0x43,0xc0,0xde,0x21,0x0c,0x00,0x00,
    0x7b,0x20,0x00,0x00,0x0b,0x82,0x20,0x00,0x02,0x00,0x00,0x00,0x13,0x00,0x00,0x00,0x07,0x81,0x23,0x91,0x41,0xc8,0x04,0x49,
    0x06,0x10,0x32,0x39,0x92,0x01,0x84,0x0c,0x25,0x05,0x08,0x19,0x1e,0x04,0x8b,0x62,0x80,0x1c,0x45,0x02,0x42,0x92,0x0b,0x42,
    0xe4,0x10,0x32,0x14,0x38,0x08,0x18,0x4b,0x0a,0x32,0x72,0x88,0x48,0x90,0x14,0x20,0x43,0x46,0x88,0xa5,0x00,0x19,0x32,0x42,
    0xe4,0x48,0x0e,0x90,0x91,0x23,0xc4,0x50,0x41,0x51,0x81,0x8c,0xe1,0x83,0xe5,0x8a,0x04,0x39,0x46,0x06,0x51,0x18,0x00,0x00,
    0x08,0x00,0x00,0x00,0x1b,0x8c,0xe0,0xff,0xff,0xff,0xff,0x07,0x40,0x02,0xa8,0x0d,0x84,0xf0,0xff,0xff,0xff,0xff,0x03,0x20,
    0x6d,0x30,0x86,0xff,0xff,0xff,0xff,0x1f,0x00,0x09,0xa8,0x00,0x49,0x18,0x00,0x00,0x03,0x00,0x00,0x00,0x13,0x82,0x60,0x42,
    0x20,0x4c,0x08,0x06,0x00,0x00,0x00,0x00,0x89,0x20,0x00,0x00,0xa7,0x00,0x00,0x00,0x32,0x22,0xc8,0x09,0x20,0x64,0x85,0x04,
    0x93,0x23,0xa4,0x84,0x04,0x93,0x23,0xe3,0x84,0xa1,0x90,0x14,0x12,0x4c,0x8e,0x8c,0x0b,0x84,0xe4,0x4c,0x10,0x90,0xc2,0x08,
    0x40,0x09,0x00,0x14,0x98,0x01,0x98,0x23,0x00,0x83,0x39,0x02,0xa4,0x18,0x03,0x02,0x81,0x50,0x20,0x90,0xa1,0x18,0x00,0x02,
    0x81,0x50,0x18,0x10,0x62,0x8e,0x20,0x28,0x03,0x80,0xa0,0xa0,0x45,0x21,0x06,0x84,0xc1,0x80,0x1a,0x65,0x18,0x10,0x06,0xf4,
    0x28,0xc6,0x80,0x30,0x18,0x0c,0x06,0x14,0xb9,0x69,0xb8,0xfc,0x09,0x7b,0x08,0xc9,0x5f,0x09,0x69,0x25,0x26,0xbf,0xb8,0x6d,
    0x54,0x0c,0x06,0x83,0x01,0x81,0x0a,0xf7,0x0c,0x97,0x3f,0x61,0x0f,0x21,0xf9,0x21,0xd0,0x0c,0x0b,0x81,0x02,0x4a,0x69,0x26,
    0x84,0x4a,0x65,0x30,0x18,0x0c,0x08,0x04,0xc2,0x60,0x40,0x96,0xc2,0x4c,0x08,0x95,0xca,0x60,0x30,0x18,0x10,0x08,0x84,0x01,
    0x61,0x6e,0x1a,0x2e,0x7f,0xc2,0x1e,0x42,0xf2,0x3b,0x84,0x21,0x1a,0x09,0x71,0x1a,0x09,0x11,0x04,0x02,0x81,0x50,0x08,0x0d,
    0xa1,0x42,0xa0,0x4d,0x21,0x08,0x04,0x02,0x81,0x3a,0x05,0x19,0x10,0x2a,0x95,0xc1,0x60,0xa0,0xa0,0x4f,0x51,0x26,0x84,0x0a,
    0x81,0x40,0x20,0x10,0x08,0x04,0x0a,0x15,0x69,0x42,0xa8,0x54,0x06,0x83,0xc1,0x80,0x40,0x20,0x0c,0x06,0x83,0xc1,0x60,0x30,
    0xa0,0x51,0x41,0x06,0x84,0xc1,0x60,0x30,0x18,0x0c,0xa8,0x74,0xd4,0x70,0xf9,0x13,0xf6,0x10,0x92,0xcf,0x6d,0x54,0xb1,0x12,
    0x93,0x5f,0xdc,0x36,0x22,0x06,0x83,0xc1,0xa0,0x10,0x27,0x42,0x85,0x40,0xa8,0x62,0x54,0x08,0x05,0x02,0x41,0x41,0xaa,0x81,
    0x80,0x61,0x04,0x62,0x98,0xa9,0x0d,0xc6,0x81,0x1d,0xc2,0x61,0x1e,0xe6,0xc1,0x0d,0x68,0xa1,0x1c,0xf0,0x81,0x1e,0xea,0x41,
    0x1e,0xca,0x41,0x0e,0x48,0x81,0x0f,0xec,0xa1,0x1c,0xc6,0x81,0x1e,0xde,0x41,0x1e,0xf8,0xc0,0x1c,0xd8,0xe1,0x1d,0xc2,0x81,
    0x1e,0xd8,0x00,0x0c,0xe8,0xc0,0x0f,0xc0,0xc0,0x0f,0xf4,0x40,0x0f,0xda,0x21,0x1d,0xe0,0x61,0x1e,0x7e,0x81,0x1e,0xf2,0x01,
    0x1e,0xca,0x01,0x05,0x84,0x99,0xc4,0x60,0x1c,0xd8,0x21,0x1c,0xe6,0x61,0x1e,0xdc,0x80,0x16,0xca,0x01,0x1f,0xe8,0xa1,0x1e,
    0xe4,0xa1,0x1c,0xe4,0x80,0x14,0xf8,0xc0,0x1e,0xca,0x61,0x1c,0xe8,0xe1,0x1d,0xe4,0x81,0x0f,0xcc,0x81,0x1d,0xde,0x21,0x1c,
    0xe8,0x81,0x0d,0xc0,0x80,0x0e,0xfc,0x00,0x0c,0xfc,0x00,0x09,0x2d,0x17,0xbd,0x66,0x22,0x83,0x71,0x60,0x87,0x70,0x98,0x87,
    0x79,0x70,0x03,0x5a,0x28,0x07,0x7c,0xa0,0x87,0x7a,0x90,0x87,0x72,0x18,0x85,0x7a,0x10,0x87,0x72,0xe0,0x03,0x7b,0x28,0x87,
    0x71,0xa0,0x87,0x77,0x90,0x07,0x3e,0x30,0x07,0x76,0x78,0x87,0x70,0xa0,0x07,0x36,0x00,0x03,0x3a,0xf0,0x03,0x30,0xf0,0x03,
    0x14,0xb4,0x28,0x36,0x53,0x1b,0x8c,0x03,0x3b,0x84,0xc3,0x3c,0xcc,0x83,0x1b,0xd0,0x42,0x39,0xe0,0x03,0x3d,0xd4,0x83,0x3c,
    0x94,0xc3,0x1c,0x90,0x02,0x1f,0xd8,0x43,0x39,0x8c,0x03,0x3d,0xbc,0x83,0x3c,0xf0,0x81,0x39,0xb0,0xc3,0x3b,0x84,0x03,0x3d,
    0xb0,0x01,0x18,0xd0,0x81,0x1f,0x80,0x81,0x1f,0xe8,0x81,0x1e,0xb4,0x43,0x3a,0xc0,0xc3,0x3c,0xfc,0x02,0x3d,0xe4,0x03,0x3c,
    0x94,0x03,0x0a,0x08,0x33,0x89,0xc1,0x38,0xb0,0x43,0x38,0xcc,0xc3,0x3c,0xb8,0x01,0x2d,0x94,0x03,0x3e,0xd0,0x43,0x3d,0xc8,
    0x43,0x39,0xcc,0x01,0x29,0xf0,0x81,0x3d,0x94,0xc3,0x38,0xd0,0xc3,0x3b,0xc8,0x03,0x1f,0x98,0x03,0x3b,0xbc,0x43,0x38,0xd0,
    0x03,0x1b,0x80,0x01,0x1d,0xf8,0x01,0x18,0xf8,0x01,0x12,0x5a,0xb3,0x44,0xa0,0x51,0x2d,0x29,0x5a,0xb7,0x70,0xe4,0x17,0x01,
    0x06,0x43,0x34,0x13,0x8d,0x82,0x1b,0xe1,0x12,0xa2,0x95,0x05,0xad,0x5b,0x38,0xf2,0x8b,0x00,0x83,0x21,0x9a,0xa9,0x46,0x85,
    0x4e,0xb7,0xd3,0xe9,0x88,0x77,0x93,0x34,0x45,0x94,0x30,0xf9,0x2c,0xc0,0x3c,0x0b,0x11,0xb1,0x13,0x30,0x11,0x28,0x20,0x90,
    0x2f,0x11,0x7c,0x04,0x4c,0x1e,0xc2,0x14,0x00,0x00,0x00,0x00,0x13,0x14,0x72,0xc0,0x87,0x74,0x60,0x87,0x36,0x68,0x87,0x79,
    0x68,0x03,0x72,0xc0,0x87,0x0d,0xaf,0x50,0x0e,0x6d,0xd0,0x0e,0x7a,0x50,0x0e,0x6d,0x00,0x0f,0x7a,0x30,0x07,0x72,0xa0,0x07,
    0x73,0x20,0x07,0x6d,0x90,0x0e,0x71,0xa0,0x07,0x73,0x20,0x07,0x6d,0x90,0x0e,0x78,0xa0,0x07,0x73,0x20,0x07,0x6d,0x90,0x0e,
    0x71,0x60,0x07,0x7a,0x30,0x07,0x72,0xd0,0x06,0xe9,0x30,0x07,0x72,0xa0,0x07,0x73,0x20,0x07,0x6d,0x90,0x0e,0x76,0x40,0x07,
    0x7a,0x60,0x07,0x74,0xd0,0x06,0xe6,0x10,0x07,0x76,0xa0,0x07,0x73,0x20,0x07,0x6d,0x60,0x0e,0x73,0x20,0x07,0x7a,0x30,0x07,
    0x72,0xd0,0x06,0xe6,0x60,0x07,0x74,0xa0,0x07,0x76,0x40,0x07,0x6d,0xe0,0x0e,0x78,0xa0,0x07,0x71,0x60,0x07,0x7a,0x30,0x07,
    0x72,0xa0,0x07,0x76,0x40,0x07,0x43,0x9e,0x00,0x00,0x00,0x00,0x00,0x00,0x00,0x00,0x00,0x00,0x00,0x86,0x3c,0x06,0x10,0x00,
    0x01,0x00,0x00,0x00,0x00,0x00,0x00,0x00,0x0c,0x79,0x10,0x20,0x00,0x04,0x00,0x00,0x00,0x00,0x00,0x00,0x00,0x18,0xf2,0x2c,
    0x40,0x00,0x08,0x00,0x00,0x00,0x00,0x00,0x00,0x00,0x30,0xe4,0x69,0x80,0x00,0x08,0x00,0x00,0x00,0x00,0x00,0x00,0x00,0x60,
    0xc8,0xf3,0x00,0x01,0x10,0x00,0x00,0x00,0x00,0x00,0x00,0x00,0xc0,0x90,0x27,0x02,0x02,0x20,0x00,0x00,0x00,0x00,0x00,0x00,
    0x00,0x80,0x21,0x8f,0x05,0x04,0xc0,0x00,0x00,0x00,0x00,0x00,0x00,0x00,0x00,0x43,0x1e,0x0c,0x08,0x80,0x01,0x00,0x00,0x00,
    0x00,0x00,0x00,0x00,0x86,0x3c,0x1b,0x10,0x00,0x03,0x00,0x00,0x00,0x00,0x00,0x00,0x00,0x0c,0x79,0x3a,0x20,0x00,0x02,0x00,
    0x00,0x00,0x00,0x00,0x00,0x00,0x18,0xf2,0x7c,0x40,0x00,0x0c,0x00,0x00,0x00,0x00,0x00,0x00,0x00,0x30,0xe4,0x09,0x03,0x20,
    0x00,0x06,0x00,0x00,0x00,0x00,0x00,0x00,0x00,0x18,0xf2,0x8c,0x01,0x10,0x00,0x03,0x00,0x00,0x00,0x00,0x00,0x00,0x00,0x0c,
    0x79,0xca,0x00,0x08,0x80,0x00,0x00,0x00,0x00,0x00,0x00,0x00,0x00,0x86,0x3c,0x68,0x00,0x04,0xc0,0x00,0x00,0x00,0x00,0x00,
    0x00,0x00,0x00,0x43,0x1e,0x35,0x00,0x02,0x60,0x00,0x00,0x00,0x00,0x00,0x00,0x00,0x80,0x2c,0x10,0x00,0x22,0x00,0x00,0x00,
    0x32,0x1e,0x98,0x18,0x19,0x11,0x4c,0x90,0x8c,0x09,0x26,0x47,0xc6,0x04,0x43,0x22,0x94,0xc0,0x08,0x40,0x41,0x14,0x43,0x11,
    0x94,0x44,0x19,0x14,0x42,0x29,0x94,0x43,0x01,0x16,0x14,0x68,0x44,0x79,0x14,0x45,0x59,0x14,0x46,0x69,0x14,0x07,0x15,0x4a,
    0xa2,0x0c,0x0a,0x61,0x04,0xa0,0x08,0x4a,0xa0,0x40,0x08,0x36,0x03,0x40,0xb2,0x19,0x00,0xb2,0xcd,0x00,0x50,0x6e,0x06,0x80,
    0x7a,0x33,0x00,0xf4,0x9b,0x01,0xa0,0xe0,0x0c,0x00,0x09,0xc7,0xe2,0x03,0x3d,0x20,0x00,0x00,0x40,0x9e,0xe7,0x79,0x9e,0xe7,
    0x79,0x9e,0xe7,0x79,0x9e,0xe7,0x79,0x9e,0xe7,0x79,0x9e,0xe7,0x79,0x9e,0xe7,0x79,0x9e,0xe7,0x79,0x9e,0xe7,0x79,0x9e,0xe7,
    0x79,0x9e,0xe7,0x79,0x9e,0xe7,0x79,0x1e,0xe0,0x38,0x10,0x04,0x00,0x00,0x00,0x00,0x79,0x18,0x00,0x00,0xfe,0x00,0x00,0x00,
    0x1a,0x03,0x4c,0x90,0x46,0x02,0x13,0xc4,0x31,0x20,0xc3,0x1b,0x43,0x81,0x93,0x4b,0xb3,0x0b,0xa3,0x2b,0x4b,0x01,0x89,0x71,
    0xc1,0x71,0x81,0x71,0xa1,0xb9,0x99,0xc9,0x01,0x41,0x21,0xcb,0x09,0xab,0x29,0xcb,0xb9,0x21,0x83,0x49,0xd9,0x10,0x04,0x13,
    0x04,0x22,0x9a,0x20,0x10,0xd2,0x06,0x61,0x20,0x26,0x08,0xc4,0xb4,0x41,0x18,0x0c,0x0a,0x70,0x73,0x13,0x04,0x82,0xda,0x30,
    0x20,0x09,0x31,0x41,0x80,0x03,0x35,0x20,0x30,0x41,0x20,0xaa,0x09,0x02,0x61,0x6d,0x10,0x08,0x67,0x43,0x42,0x2c,0x4c,0x43,
    0x0c,0x0d,0xf1,0x6c,0x48,0x86,0x85,0x69,0x86,0xa1,0x21,0x9e,0x0d,0x49,0xb3,0x30,0x4d,0x33,0x34,0xc4,0x33,0x41,0x20,0xae,
    0x0d,0xc9,0xb4,0x30,0xcd,0x34,0x34,0xc4,0x33,0x41,0x20,0xb0,0x09,0x82,0x1c,0xac,0xc1,0x04,0x81,0xc8,0x36,0x24,0x95,0xc5,
    0x34,0xd5,0x70,0x11,0xcf,0x86,0xe4,0xb2,0x98,0xe6,0x1a,0x2e,0xe2,0xd9,0x90,0x24,0x16,0xd3,0x24,0xc3,0x45,0x3c,0x13,0x04,
    0x42,0xdb,0x90,0x6c,0x16,0xd3,0x6c,0xc3,0x45,0x3c,0x13,0x04,0x3b,0x60,0x83,0x0d,0x89,0xd1,0x31,0x8d,0x61,0x54,0xc4,0xb3,
    0x21,0x81,0x22,0x89,0xc2,0x32,0x8d,0xf3,0x26,0x08,0x79,0xd0,0x06,0x13,0x04,0x62,0xdb,0x80,0x10,0x60,0xc0,0x4c,0xc4,0x10,
    0x06,0xc0,0x04,0xa1,0x0f,0xdc,0x60,0x82,0x40,0x70,0x1b,0x90,0x61,0x0c,0x98,0x69,0x18,0xc8,0x00,0xd8,0x20,0x88,0x41,0x19,
    0x4c,0x10,0xfe,0xe0,0x0d,0x36,0x20,0xc4,0x19,0x30,0x0d,0x31,0x10,0xc0,0x06,0x64,0x38,0x03,0xa6,0x19,0x06,0x02,0xd8,0x80,
    0x34,0x67,0xc0,0x34,0xcd,0x40,0x00,0x1b,0x90,0xe9,0x0c,0x98,0x66,0x1a,0x08,0x60,0x03,0x52,0x9d,0x01,0xd3,0x54,0x03,0x01,
    0x6c,0x40,0xae,0x33,0x60,0x9a,0x6b,0x20,0x80,0x0d,0x48,0x72,0x06,0x4c,0x93,0x0c,0x04,0xb0,0x01,0xd9,0xce,0x80,0x69,0xb6,
    0x81,0x00,0x26,0x08,0xa1,0x00,0x07,0x1b,0x10,0x03,0x0e,0x98,0xc6,0x30,0x08,0x60,0x43,0x82,0x06,0x69,0xa0,0x06,0x6b,0xc0,
    0x06,0x6d,0xe0,0x06,0x6f,0x10,0x07,0x1b,0x88,0x0f,0x30,0x03,0x39,0x98,0x20,0x88,0x42,0x1c,0x6c,0x08,0xe8,0x60,0x82,0x20,
    0x00,0x24,0xda,0xc2,0xd2,0xdc,0xb8,0x4c,0x59,0x7d,0x41,0xbd,0xcd,0xa5,0xd1,0xa5,0xbd,0xb9,0x4d,0x10,0x8a,0x31,0x98,0x20,
    0x14,0x64,0xb0,0x21,0x20,0x26,0x08,0x45,0x19,0x4c,0x10,0x0a,0x33,0xd8,0x20,0x4c,0xc6,0x86,0x85,0xc0,0x83,0x3c,0xd0,0x83,
    0x3d,0xe0,0x83,0x81,0x0f,0x88,0x3e,0xf0,0x03,0x22,0x54,0x45,0x58,0x43,0x4f,0x4f,0x52,0x44,0x13,0x84,0xe2,0x0c,0x26,0x08,
    0x44,0xb7,0x41,0x98,0x44,0x61,0xc3,0x32,0x80,0x42,0x1e,0xf4,0xc1,0x1e,0x84,0xc2,0xc0,0x07,0x43,0x1f,0x8c,0xc2,0x86,0x60,
    0xd8,0xb0,0x34,0xa0,0x90,0x07,0x7d,0x50,0x0a,0xa1,0x30,0xf0,0x41,0xd3,0x07,0xa3,0xb0,0x21,0x68,0x26,0x08,0x05,0x1a,0x6c,
    0x58,0x26,0x50,0xc8,0x83,0x3e,0x38,0x05,0x54,0x18,0xf8,0x60,0xea,0x83,0x51,0xd8,0x10,0x4c,0x1b,0x96,0x0a,0x14,0xf2,0xa0,
    0x0f,0x54,0x01,0x15,0x06,0x3e,0xa8,0xfa,0x60,0x14,0x36,0x04,0xd5,0x86,0xe5,0x02,0x85,0x3c,0xe8,0x03,0x56,0x08,0x85,0x81,
    0x0f,0xae,0x3e,0x18,0x85,0x0d,0xc1,0xb5,0x61,0x49,0x40,0x21,0x0f,0xfa,0xc0,0x15,0x42,0x61,0xe0,0x83,0xa4,0x0f,0x46,0x61,
    0x43,0x90,0x6c,0x58,0x36,0x50,0xc8,0x83,0x3e,0x80,0x85,0x50,0x18,0xf8,0x60,0xeb,0x83,0x51,0xd8,0x10,0x6c,0x1b,0x16,0x03,
    0x14,0xf2,0xa0,0x0f,0x64,0x21,0x14,0x06,0x3e,0x30,0xfa,0x60,0x14,0x36,0x04,0xc6,0x86,0xc5,0x01,0x85,0x3c,0xe8,0x03,0x5a,
    0x08,0x85,0x81,0x0f,0x9c,0x3e,0x18,0x85,0x09,0x02,0xe1,0x6d,0x08,0x9c,0x0d,0x8b,0x2d,0x80,0x42,0x1e,0xf4,0xc1,0x2d,0x84,
    0xc2,0xc0,0x07,0xb6,0xd0,0x07,0xa3,0x30,0x41,0x20,0xbe,0x0d,0x81,0x2d,0x6c,0x58,0x72,0x01,0x14,0xf2,0xa0,0x0f,0x74,0x21,
    0x14,0x06,0x3e,0xc8,0x85,0x3e,0x18,0x85,0x09,0x02,0x01,0x06,0x1b,0x82,0x5c,0xd8,0xb0,0xf0,0x02,0x28,0xe4,0x41,0x1f,0xf4,
    0x42,0x28,0x0c,0x7c,0xc0,0x0b,0x7d,0x30,0x0a,0x13,0x04,0x22,0x0c,0x36,0x04,0xbc,0xb0,0x41,0x98,0x7e,0x61,0xc3,0xf2,0x0b,
    0xa0,0x90,0x07,0x7d,0x00,0x0e,0xa1,0x30,0xf0,0xc1,0x2f,0xf4,0x41,0x38,0x4c,0x10,0x08,0x31,0xd8,0x10,0xfc,0xc2,0x06,0x61,
    0x9a,0x36,0x2c,0xe3,0x00,0x0a,0x79,0xd0,0x07,0xe4,0x10,0x0a,0x43,0x28,0x8c,0x43,0x1f,0x94,0xc3,0x86,0xe7,0x0f,0x48,0xc1,
    0x14,0x52,0x61,0x15,0x5a,0xe1,0x15,0x62,0x61,0x16,0x6a,0x01,0x17,0x76,0xc1,0x17,0xc4,0xc1,0x1c,0x98,0x4c,0x59,0x7d,0x51,
    0x85,0xc9,0x9d,0x95,0xd1,0x4d,0x10,0x8a,0x34,0xd8,0xb0,0x10,0xe8,0x90,0x07,0xe9,0xb0,0x07,0x7d,0x30,0xf0,0x01,0xd1,0x07,
    0xa3,0xb0,0x21,0x50,0x87,0x0d,0xc3,0x39,0xac,0x03,0xb0,0xa1,0xb0,0x83,0x3b,0x60,0x87,0x39,0x00,0x88,0xb1,0xb1,0xd9,0xb5,
    0xb9,0xb0,0xbd,0xbd,0xc1,0xb9,0xd4,0xb9,0xc9,0xbd,0xb1,0xb1,0xb9,0x90,0xa5,0xcd,0x85,0x89,0xb1,0x95,0x6d,0x08,0xdc,0x61,
    0x85,0x00,0x0f,0xef,0xb0,0x42,0x88,0x87,0x77,0x58,0x21,0xc8,0xc3,0x3b,0xac,0x10,0xe6,0xe1,0x1d,0x56,0x08,0xf4,0xf0,0x0e,
    0x2b,0x84,0x7a,0x78,0x87,0x15,0x82,0x3d,0xbc,0xc3,0x0a,0xe1,0x1e,0xde,0x61,0x85,0x80,0x0f,0xef,0xb0,0x42,0xc8,0x87,0x77,
    0x58,0x21,0xe8,0xc3,0x3b,0xac,0x10,0xf6,0xe1,0x1d,0x56,0x08,0xfc,0xf0,0x0e,0x55,0xd8,0xd8,0xec,0xda,0x5c,0xd2,0xc8,0xca,
    0xdc,0xe8,0xa6,0x04,0x41,0x15,0x32,0x3c,0x17,0xbb,0x32,0xb9,0xb9,0xb4,0x37,0xb7,0x29,0x01,0xd1,0x84,0x0c,0xcf,0xc5,0x2e,
    0x8c,0xcd,0xae,0x4c,0x6e,0x4a,0x60,0xd4,0x21,0xc3,0x73,0x99,0x43,0x0b,0x23,0x2b,0x93,0x6b,0x7a,0x23,0x2b,0x63,0x9b,0x12,
    0x24,0x65,0xc8,0xf0,0x5c,0xe4,0xca,0xe6,0xde,0xea,0xe4,0xc6,0xca,0xe6,0xa6,0x04,0x72,0x50,0x87,0x0c,0xcf,0xc5,0x2e,0xad,
    0xec,0x2e,0x89,0x6c,0x8a,0x2e,0x8c,0xae,0x6c,0x4a,0x40,0x07,0x75,0xc8,0xf0,0x5c,0xca,0xdc,0xe8,0xe4,0xf2,0xa0,0xde,0xd2,
    0xdc,0xe8,0xe6,0xa6,0x04,0xec,0x00,0x00,0x79,0x18,0x00,0x00,0x55,0x00,0x00,0x00,0x33,0x08,0x80,0x1c,0xc4,0xe1,0x1c,0x66,
    0x14,0x01,0x3d,0x88,0x43,0x38,0x84,0xc3,0x8c,0x42,0x80,0x07,0x79,0x78,0x07,0x73,0x98,0x71,0x0c,0xe6,0x00,0x0f,0xed,0x10,
    0x0e,0xf4,0x80,0x0e,0x33,0x0c,0x42,0x1e,0xc2,0xc1,0x1d,0xce,0xa1,0x1c,0x66,0x30,0x05,0x3d,0x88,0x43,0x38,0x84,0x83,0x1b,
    0xcc,0x03,0x3d,0xc8,0x43,0x3d,0x8c,0x03,0x3d,0xcc,0x78,0x8c,0x74,0x70,0x07,0x7b,0x08,0x07,0x79,0x48,0x87,0x70,0x70,0x07,
    0x7a,0x70,0x03,0x76,0x78,0x87,0x70,0x20,0x87,0x19,0xcc,0x11,0x0e,0xec,0x90,0x0e,0xe1,0x30,0x0f,0x6e,0x30,0x0f,0xe3,0xf0,
    0x0e,0xf0,0x50,0x0e,0x33,0x10,0xc4,0x1d,0xde,0x21,0x1c,0xd8,0x21,0x1d,0xc2,0x61,0x1e,0x66,0x30,0x89,0x3b,0xbc,0x83,0x3b,
    0xd0,0x43,0x39,0xb4,0x03,0x3c,0xbc,0x83,0x3c,0x84,0x03,0x3b,0xcc,0xf0,0x14,0x76,0x60,0x07,0x7b,0x68,0x07,0x37,0x68,0x87,
    0x72,0x68,0x07,0x37,0x80,0x87,0x70,0x90,0x87,0x70,0x60,0x07,0x76,0x28,0x07,0x76,0xf8,0x05,0x76,0x78,0x87,0x77,0x80,0x87,
    0x5f,0x08,0x87,0x71,0x18,0x87,0x72,0x98,0x87,0x79,0x98,0x81,0x2c,0xee,0xf0,0x0e,0xee,0xe0,0x0e,0xf5,0xc0,0x0e,0xec,0x30,
    0x03,0x62,0xc8,0xa1,0x1c,0xe4,0xa1,0x1c,0xcc,0xa1,0x1c,0xe4,0xa1,0x1c,0xdc,0x61,0x1c,0xca,0x21,0x1c,0xc4,0x81,0x1d,0xca,
    0x61,0x06,0xd6,0x90,0x43,0x39,0xc8,0x43,0x39,0x98,0x43,0x39,0xc8,0x43,0x39,0xb8,0xc3,0x38,0x94,0x43,0x38,0x88,0x03,0x3b,
    0x94,0xc3,0x2f,0xbc,0x83,0x3c,0xfc,0x82,0x3b,0xd4,0x03,0x3b,0xb0,0xc3,0x0c,0xc4,0x21,0x07,0x7c,0x70,0x03,0x7a,0x28,0x87,
    0x76,0x80,0x87,0x19,0xca,0xc3,0x0e,0xec,0x60,0x0f,0xed,0xe0,0x06,0xec,0xf0,0x0e,0xef,0x00,0x0f,0x33,0x22,0x88,0x1c,0xf0,
    0xc1,0x0d,0xc8,0x41,0x1c,0xce,0xc1,0x0d,0xec,0x21,0x1c,0xe4,0x81,0x1d,0xc2,0x21,0x1f,0xde,0xa1,0x1e,0xe8,0x61,0x06,0x13,
    0x91,0x03,0x3e,0xb8,0x81,0x38,0xc8,0x43,0x39,0x84,0xc3,0x3a,0xb8,0x81,0x38,0xc8,0x03,0x00,0x00,0x00,0x71,0x20,0x00,0x00,
    0x42,0x00,0x00,0x00,0x46,0x00,0x0d,0x97,0xef,0x3c,0x7e,0x80,0x34,0x40,0x84,0xf9,0xc5,0x6d,0x9b,0x02,0x34,0x5c,0xbe,0xf3,
    0xf8,0x01,0xd2,0x00,0x11,0xe6,0x23,0xb7,0x6d,0x0b,0xd6,0x70,0xf9,0xce,0xe3,0x0b,0xc0,0x22,0x50,0x0b,0x30,0x11,0x25,0xda,
    0xf9,0xc5,0x6d,0xdb,0xc3,0x36,0x5c,0xbe,0xf3,0xf8,0x42,0x40,0x15,0x05,0x11,0x95,0x0e,0x30,0x94,0x84,0x01,0x08,0x98,0x5f,
    0xdc,0xb6,0x41,0x48,0xc3,0xe5,0x3b,0x8f,0x2f,0x44,0x04,0x30,0x11,0x21,0xd0,0x0c,0x0b,0x61,0x03,0xcd,0x70,0xf9,0xce,0xe3,
    0x0f,0x88,0x24,0x00,0xd1,0x60,0x06,0xce,0x70,0xf9,0xce,0xe3,0x0f,0xce,0x64,0xfb,0xc5,0x6d,0x9b,0x83,0x33,0x5c,0xbe,0xf3,
    0xf8,0x83,0x33,0xdd,0x7e,0x71,0xdb,0x96,0x30,0x0d,0x97,0xef,0x3c,0xbe,0x41,0x4c,0x1d,0xc2,0x10,0x8d,0x84,0x38,0x8d,0x64,
    0x01,0xd3,0x70,0xf9,0xce,0xe3,0x2f,0x0e,0x30,0x88,0xcd,0x43,0x4d,0x7e,0x71,0xdb,0x76,0x40,0x0d,0x97,0xef,0x3c,0xbe,0x04,
    0x30,0xcf,0x42,0x6c,0x08,0x20,0xf9,0xc5,0x6d,0x5b,0x03,0x35,0x5c,0xbe,0xf3,0xf8,0x12,0xc0,0x3c,0x0b,0x01,0x46,0xc0,0xe0,
    0x17,0xb7,0x6d,0x08,0xd5,0x70,0xf9,0xce,0xe3,0x4b,0x00,0xf3,0x2c,0x44,0x49,0x54,0xc4,0xe2,0x17,0xb7,0x6d,0x02,0xd5,0x70,
    0xf9,0xce,0xe3,0x4b,0x93,0x13,0x11,0x28,0x35,0x3d,0xd4,0xe4,0x17,0xb7,0x6d,0x0c,0xd5,0x70,0xf9,0xce,0xe3,0x4f,0xc4,0x35,
    0x51,0x11,0x51,0x3a,0xc0,0xe0,0x17,0xb7,0x6d,0x05,0xcf,0x70,0xf9,0xce,0xe3,0x53,0x0d,0x10,0x61,0x7e,0x71,0xdb,0x06,0x40,
    0x30,0x00,0xd2,0x00,0x61,0x20,0x00,0x00,0x90,0x1d,0x00,0x00,0x13,0x04,0x37,0x16,0x0b,0x04,0x00,0x00,0x37,0x00,0x00,0x00,
    0xa4,0xa8,0x81,0x11,0x00,0x22,0xd4,0x20,0x41,0x01,0x02,0x02,0x06,0x14,0x20,0x20,0x20,0x42,0x01,0x02,0x0a,0x94,0x4c,0xb9,
    0x95,0x49,0x91,0x14,0x5b,0x01,0x02,0x12,0x14,0x69,0x40,0xd1,0x14,0x5f,0x01,0x42,0x14,0x20,0x4f,0x01,0x06,0xcc,0x00,0x94,
    0x51,0x21,0xd5,0x40,0x41,0x06,0x94,0x5d,0xd9,0x14,0x61,0x40,0x29,0x15,0x4b,0xc9,0x15,0x53,0xf9,0x14,0x4c,0x81,0x94,0x5e,
    0x99,0x06,0x14,0x6a,0x40,0xb9,0x14,0x50,0xa9,0x14,0x54,0x89,0x06,0x54,0x41,0xe1,0x94,0x5a,0xf9,0x95,0x48,0x01,0x12,0x14,
    0x4a,0xf1,0x14,0xf8,0x00,0x0d,0xc6,0x08,0x40,0x10,0x04,0xf1,0x6e,0x8c,0x00,0x04,0x41,0xff,0x0e,0x83,0x31,0x82,0xbe,0x6f,
    0x59,0x5c,0x17,0xc6,0x08,0x40,0x10,0x04,0x45,0x30,0x18,0x23,0xd8,0x63,0x35,0xde,0x7f,0x61,0x8c,0x00,0x04,0x41,0x10,0xff,
    0x85,0x31,0x02,0x12,0x06,0x45,0xfc,0x17,0xc6,0x08,0x44,0x14,0x0c,0x41,0x30,0x18,0x23,0xb8,0xf1,0x76,0x6c,0x79,0x61,0x8c,
    0xe0,0xc6,0xdb,0xb1,0xe5,0xc6,0x08,0xfa,0xbe,0x65,0x71,0x6d,0x8c,0x00,0x04,0x41,0x10,0x05,0x83,0x31,0x02,0x10,0x04,0x41,
    0x10,0x0c,0xc6,0x08,0x40,0x10,0x04,0xe1,0x6f,0x8c,0x00,0x04,0x41,0x10,0xfe,0x85,0x19,0x80,0x31,0x02,0x10,0x04,0x41,0xfc,
    0x1b,0x01,0x00,0x00,0x23,0x06,0x09,0x00,0x82,0x60,0xa0,0x06,0xe6,0x80,0x06,0xb0,0xc0,0x0b,0xbc,0x30,0x0a,0x23,0x06,0x09,
    0x00,0x82,0x60,0xa0,0x06,0xe7,0x90,0x06,0xb1,0x30,0x0e,0xe3,0x40,0x0a,0x23,0x06,0x09,0x00,0x82,0x60,0xa0,0x06,0xe8,0xa0,
    0x06,0xb2,0xf0,0x0b,0xbf,0x50,0x0a,0x23,0x06,0x09,0x00,0x82,0x60,0xa0,0x06,0xe9,0xb0,0x06,0xb3,0x10,0x0e,0xe1,0x60,0x0a,
    0x23,0x06,0x09,0x00,0x82,0x60,0xa0,0x06,0xea,0xc0,0x06,0xb4,0x30,0x0e,0xe3,0x70,0x0a,0x23,0x06,0x09,0x00,0x82,0x60,0xa0,
    0x06,0xeb,0xd0,0x06,0xb5,0x60,0x0e,0xe6,0x80,0x0a,0x23,0x06,0x09,0x00,0x82,0x60,0xa0,0x06,0xec,0xe0,0x06,0xb6,0xb0,0x0e,
    0xeb,0x90,0x0a,0x23,0x06,0x09,0x00,0x82,0x60,0xa0,0x06,0xed,0xf0,0x06,0xb7,0xb0,0x0e,0xeb,0xa0,0x0a,0x23,0x06,0x09,0x00,
    0x82,0x60,0xa0,0x06,0xee,0x00,0x07,0xba,0x40,0x0e,0xe4,0xb0,0x0a,0x23,0x06,0x09,0x00,0x82,0x60,0xa0,0x06,0xef,0x10,0x07,
    0xbb,0xb0,0x0e,0xeb,0xc0,0x0a,0x23,0x06,0x09,0x00,0x82,0x60,0xa0,0x06,0xf0,0x20,0x07,0xbc,0x70,0x0e,0xe7,0xd0,0x0a,0x23,
    0x06,0x09,0x00,0x82,0x60,0xa0,0x06,0xf1,0x30,0x07,0xbd,0x90,0x0e,0xe9,0xe0,0x0a,0x23,0x06,0x09,0x00,0x82,0x60,0xa0,0x06,
    0xf2,0x40,0x07,0xbe,0xb0,0x0e,0xeb,0xf0,0x0a,0x23,0x06,0x09,0x00,0x82,0x60,0xa0,0x06,0xf3,0x50,0x07,0xbf,0xe0,0x0e,0xee,
    0x00,0x0b,0x23,0x06,0x09,0x00,0x82,0x60,0xa0,0x06,0xf4,0x60,0x07,0xe0,0x30,0x0f,0xf3,0x10,0x0b,0x23,0x06,0x09,0x00,0x82,
    0x60,0xa0,0x06,0xf5,0x70,0x07,0xe1,0x30,0x0f,0xf3,0x20,0x0b,0x23,0x06,0x09,0x00,0x82,0x60,0xa0,0x06,0xf6,0x80,0x07,0xbf,
    0x50,0x0f,0xf5,0x30,0x0b,0x23,0x06,0x09,0x00,0x82,0x60,0xa0,0x06,0xf7,0x90,0x07,0xe0,0x50,0x0f,0xf5,0x40,0x0b,0x23,0x06,
    0x09,0x00,0x82,0x60,0x60,0x9c,0x04,0x3c,0x9c,0x83,0x3d,0x88,0x03,0x29,0x8c,0x18,0x24,0x00,0x08,0x82,0x81,0x81,0x12,0xf1,
    0x80,0x0e,0xf7,0x20,0x0e,0xa5,0x30,0x62,0x90,0x00,0x20,0x08,0x06,0x46,0x4a,0xc8,0x43,0x3a,0xe0,0x83,0x39,0x98,0xc2,0x88,
    0x41,0x02,0x80,0x20,0x18,0x18,0x2a,0x31,0x0f,0xeb,0x90,0x0f,0xe5,0x70,0x0a,0x23,0x06,0x09,0x00,0x82,0x60,0x60,0xac,0x04,
    0x3d,0xb0,0x83,0x3e,0x90,0x03,0x2a,0x8c,0x18,0x24,0x00,0x08,0x82,0x81,0xc1,0x12,0xf5,0xd0,0x0e,0xfb,0x60,0x0e,0xa9,0x30,
    0x62,0x90,0x00,0x20,0x08,0x06,0x46,0x4b,0xd8,0x83,0x3b,0xf0,0x83,0x3a,0xa8,0xc2,0x88,0x41,0x02,0x80,0x20,0x18,0x18,0x2e,
    0x71,0x0f,0xf0,0xd0,0x0f,0xe9,0xb0,0x0a,0x23,0x06,0x09,0x00,0x82,0x60,0x60,0xbc,0x04,0x3e,0xc4,0x83,0x3f,0xa0,0x03,0x2b,
    0x8c,0x18,0x24,0x00,0x08,0x82,0x81,0x01,0x13,0xf9,0x20,0x0f,0xff,0xa0,0x0e,0xad,0x30,0x62,0x90,0x00,0x20,0x08,0x06,0x46,
    0x4c,0xe8,0xc3,0x3c,0x80,0x84,0x3b,0xb8,0xc2,0x88,0x41,0x02,0x80,0x20,0x18,0x18,0x32,0xb1,0x0f,0xf5,0x10,0x12,0xed,0xf0,
    0x0a,0x23,0x06,0x09,0x00,0x82,0x60,0x60,0xcc,0x04,0x3f,0xd8,0x83,0x48,0xb0,0x03,0x2c,0x8c,0x18,0x24,0x00,0x08,0x82,0x81,
    0x41,0x13,0xfd,0x70,0x0f,0x23,0xe1,0x0e,0xb1,0x30,0x62,0x90,0x00,0x20,0x08,0x06,0x46,0x4d,0xf8,0x03,0x3e,0x90,0x84,0x3c,
    0xc8,0xc2,0x88,0x41,0x02,0x80,0x20,0x18,0x18,0x36,0xf1,0x0f,0x21,0x51,0x12,0xf1,0x30,0x0b,0x23,0x06,0x09,0x00,0x82,0x60,
    0x60,0xdc,0x04,0x48,0x88,0x84,0x49,0xc0,0x03,0x2d,0x8c,0x18,0x24,0x00,0x08,0x82,0x81,0x81,0x13,0x21,0x31,0x12,0x27,0x21,
    0x0f,0xb5,0x30,0x62,0x90,0x00,0x20,0x08,0x06,0x46,0x4e,0x88,0x04,0x49,0xa0,0x84,0x3d,0xd8,0xc2,0x88,0x41,0x02,0x80,0x20,
    0x18,0x18,0x3a,0x31,0x12,0x28,0x91,0x12,0xf5,0x70,0x0b,0x23,0x06,0x09,0x00,0x82,0x60,0x60,0xec,0x04,0x49,0xa4,0x84,0x4a,
    0xd0,0x03,0x2e,0x8c,0x18,0x24,0x00,0x08,0x82,0x81,0xc1,0x13,0x25,0xa1,0x12,0x2b,0x61,0x0f,0xb9,0x30,0x62,0x90,0x00,0x20,
    0x08,0x06,0x46,0x4f,0x98,0xc4,0x4a,0xb0,0x84,0x3e,0xe8,0xc2,0x88,0x41,0x02,0x80,0x20,0x18,0x18,0x3e,0x71,0x12,0x25,0xd1,
    0x12,0xf9,0xb0,0x0b,0x23,0x06,0x09,0x00,0x82,0x60,0x60,0xfc,0x04,0x4a,0x98,0x84,0x4b,0xe0,0x03,0x2f,0x8c,0x18,0x24,0x00,
    0x08,0x82,0x81,0x01,0x16,0x29,0x71,0x12,0x2f,0xa1,0x0f,0xbd,0x30,0x62,0x90,0x00,0x20,0x08,0x06,0x46,0x58,0xa8,0x04,0x4a,
    0xc0,0x84,0x3f,0xf8,0xc2,0x88,0x41,0x02,0x80,0x20,0x18,0x18,0x62,0xb1,0x12,0x2f,0x11,0x13,0xfd,0xf0,0x0b,0x23,0x06,0x09,
    0x00,0x82,0x60,0x60,0x8c,0x05,0x4b,0xc0,0x84,0x4c,0xf0,0x03,0x38,0x8c,0x18,0x24,0x00,0x08,0x82,0x81,0x41,0x16,0x2d,0x11,
    0x13,0x33,0xe1,0x0f,0xe1,0x30,0x62,0x90,0x00,0x20,0x08,0x06,0x46,0x59,0xb8,0x84,0x4c,0xd0,0x84,0x48,0x88,0xc3,0x88,0x41,
    0x02,0x80,0x20,0x18,0x18,0x66,0xf1,0x12,0x2e,0x51,0x13,0x21,0x31,0x0e,0x23,0x06,0x09,0x00,0x82,0x60,0x60,0x9c,0x05,0x4c,
    0xbc,0x84,0x4d,0x80,0x04,0x39,0x8c,0x18,0x24,0x00,0x08,0x82,0x81,0x81,0x16,0x31,0x01,0x13,0x37,0x21,0x12,0xe5,0x30,0x62,
    0x90,0x00,0x20,0x08,0x06,0x46,0x5a,0xc8,0x44,0x4c,0xe0,0x84,0x49,0x98,0xc3,0x88,0x41,0x02,0x80,0x20,0x18,0x18,0x6a,0x31,
    0x13,0x33,0x91,0x13,0x25,0x71,0x0e,0x23,0x06,0x09,0x00,0x82,0x60,0x60,0xac,0x05,0x4d,0xd0,0x84,0x4e,0x90,0x04,0x3a,0x8c,
    0x18,0x24,0x00,0x08,0x82,0x81,0xc1,0x16,0x35,0x51,0x13,0x3b,0x61,0x12,0xe9,0x30,0x62,0x90,0x00,0x20,0x08,0x06,0x46,0x5b,
    0xd8,0x84,0x4d,0xf0,0x84,0x4a,0xa8,0xc3,0x88,0x41,0x02,0x80,0x20,0x18,0x18,0x6e,0x71,0x13,0x38,0xd1,0x13,0x29,0xb1,0x0e,
    0x23,0x06,0x09,0x00,0x82,0x60,0x60,0xbc,0x05,0x4e,0xe4,0x84,0x4f,0xa0,0x04,0x3b,0x8c,0x18,0x24,0x00,0x08,0x82,0x81,0x01,
    0x17,0x39,0xa1,0x13,0x3f,0xa1,0x12,0xed,0x30,0x62,0x90,0x00,0x20,0x08,0x06,0x46,0x5c,0xe8,0xc4,0x4e,0x80,0x85,0x4b,0xb8,
    0xc3,0x88,0x41,0x02,0x80,0x20,0x18,0x18,0x72,0xb1,0x13,0x3e,0x11,0x16,0x2d,0xf1,0x0e,0x23,0x06,0x09,0x00,0x82,0x60,0x60,
    0xcc,0x05,0x4f,0xfc,0x84,0x58,0xb0,0x04,0x3c,0x8c,0x18,0x24,0x00,0x08,0x82,0x81,0x41,0x17,0x3d,0x01,0x16,0x63,0xe1,0x12,
    0xf1,0x30,0x62,0x90,0x00,0x20,0x08,0x06,0x46,0x5d,0xf8,0x44,0x58,0x90,0x85,0x4c,0xc8,0xc3,0x88,0x41,0x02,0x80,0x20,0x18,
    0x18,0x76,0xf1,0x13,0x66,0x51,0x16,0x31,0x31,0x0f,0x23,0x06,0x09,0x00,0x82,0x60,0x60,0xdc,0x05,0x58,0x9c,0x85,0x59,0xc0,
    0x04,0x3d,0x8c,0x18,0x24,0x00,0x08,0x82,0x81,0x81,0x17,0x61,0x81,0x16,0x67,0x21,0x13,0xf5,0x30,0x62,0x90,0x00,0x20,0x08,
    0x06,0x46,0x5e,0x88,0x45,0x5a,0xa0,0x85,0x4d,0xd8,0xc3,0x88,0x41,0x02,0x80,0x20,0x18,0x18,0x7a,0x31,0x16,0x69,0x91,0x16,
    0x37,0x71,0x0f,0x23,0x06,0x07,0x00,0x82,0x60,0x80,0x06,0x6d,0x31,0x0f,0x75,0x40,0x16,0xa3,0x09,0xc1,0x30,0x1c,0x11,0xdc,
    0x82,0xf0,0xcd,0x32,0x04,0x43,0x30,0x62,0x90,0x00,0x20,0x08,0x06,0x86,0x5f,0x9c,0x45,0x4f,0xb4,0xc5,0x4d,0xec,0xc3,0x88,
    0x41,0x02,0x80,0x20,0x18,0x18,0x7f,0x81,0x16,0x3e,0xe1,0x16,0x3a,0xc1,0x0f,0x16,0x18,0xf2,0xb1,0xe1,0x90,0x8f,0x09,0x82,
    0x7c,0x4c,0x10,0xe4,0x63,0x42,0x00,0x9f,0x11,0x03,0x03,0x00,0x41,0x30,0x78,0x42,0xa3,0x1e,0x02,0x9b,0x85,0x20,0x3e,0x23,
    0x06,0x07,0x00,0x82,0x60,0xd0,0x90,0xc6,0x48,0x04,0xb3,0x30,0x62,0x70,0x00,0x20,0x08,0x06,0x4d,0x69,0x8c,0x44,0x50,0x0b,
    0xc3,0x11,0x41,0x2d,0x28,0xdf,0x2c,0xc3,0x20,0x04,0x23,0x06,0x06,0x00,0x82,0x60,0xb0,0xa0,0x46,0x4b,0xe4,0xc4,0x2c,0xc1,
    0x30,0xd0,0x31,0x10,0x02,0x11,0xb8,0x05,0x30,0x62,0x70,0x00,0x20,0x08,0x06,0x68,0xd0,0x17,0x23,0x61,0x0a,0x26,0x31,0x9a,
    0x10,0x00,0xa3,0x09,0x42,0x70,0x02,0x81,0x2a,0xb0,0x0b,0x2d,0xc1,0x2f,0x74,0xb8,0x21,0x00,0x0d,0x30,0x28,0x62,0x2f,0xb0,
    0x82,0xbb,0xd0,0x32,0xea,0x41,0x87,0x1b,0x02,0xd2,0x00,0x83,0x42,0xf0,0x02,0x2b,0x08,0x0d,0x2d,0x45,0x2c,0x74,0xb8,0x21,
    0x40,0x8d,0x30,0x28,0xc6,0x27,0x74,0xb8,0x21,0x50,0x0d,0x30,0xb8,0x87,0x40,0xd3,0x0d,0x6f,0x70,0x06,0xc4,0x74,0xc3,0x1b,
    0x9c,0x41,0x31,0xdd,0xf0,0x06,0x67,0x60,0x4c,0x37,0xbc,0xc1,0x19,0x1c,0xd3,0x0d,0x77,0xf0,0x06,0xc8,0x74,0xc3,0x1d,0xbc,
    0x41,0x32,0xdd,0x70,0x07,0x6f,0xa0,0x4c,0x37,0xdc,0xc1,0x1b,0x2c,0xb3,0x04,0xc4,0x40,0xc5,0x00,0x0d,0x71,0x69,0xec,0xd7,
    0x40,0xc5,0x00,0x0d,0x71,0x69,0xec,0xd7,0x40,0xc5,0x00,0x0d,0x71,0x69,0xec,0xd7,0x40,0xc5,0x00,0x0d,0x71,0x69,0xec,0xd7,
    0x40,0xc5,0xa0,0x1e,0x43,0x5c,0x1a,0xfb,0x35,0x50,0x31,0xb0,0xc7,0x10,0x97,0xc6,0x7e,0x0d,0x54,0x0c,0xee,0x31,0xc4,0xa5,
    0xb1,0x5f,0x03,0x15,0x03,0x7c,0x0c,0x71,0x69,0xec,0xd7,0x40,0xc5,0x20,0x1f,0x43,0x4a,0x13,0xfb,0x35,0x50,0x31,0xd0,0xc7,
    0x90,0xd2,0xc4,0x7e,0x0d,0x54,0x0c,0xf6,0x31,0xa4,0x34,0xb1,0x5f,0x03,0x15,0x84,0xdf,0x0c,0x6d,0x69,0xec,0xd7,0x40,0x05,
    0x01,0x3a,0x43,0x1a,0xec,0xd7,0x40,0x05,0x21,0x3a,0xc3,0x2a,0xec,0xd7,0x40,0x05,0x41,0x3a,0x43,0x5a,0x1a,0xfb,0x35,0xdc,
    0x10,0x94,0x81,0x19,0xcc,0x32,0xf0,0x57,0x11,0x94,0x10,0x1e,0x64,0x01,0x58,0x80,0x60,0xc4,0xe0,0x00,0x40,0x10,0x0c,0xd0,
    0x20,0x3d,0xde,0x42,0x1e,0x82,0xd1,0x84,0x00,0x18,0x4d,0x10,0x82,0xd1,0x84,0x41,0x18,0x4d,0x20,0x86,0x4a,0xd8,0x43,0x87,
    0x1b,0x02,0xf6,0x08,0x83,0xe9,0x86,0xa1,0x08,0x2e,0x20,0xd0,0x74,0x83,0x81,0x0c,0x17,0x10,0xc8,0x1e,0xf6,0x90,0x41,0x9d,
    0x41,0x90,0x15,0xac,0x87,0x16,0x61,0x17,0x5a,0xc5,0x5b,0x60,0x05,0xf1,0xa1,0x75,0xcc,0x86,0x0e,0x37,0x04,0xf8,0x11,0x06,
    0xb5,0xa8,0x05,0x56,0xf0,0x1e,0x5a,0x0b,0x7c,0x60,0x05,0xf4,0xa1,0x26,0xf8,0xc7,0x0d,0xca,0xb9,0x0f,0xac,0xe0,0x3e,0xd4,
    0x84,0x10,0xb9,0x41,0x45,0xf5,0x81,0x15,0xe8,0x87,0x9a,0x40,0x22,0x37,0x28,0x2a,0x3c,0x74,0xb8,0x21,0x28,0x91,0x30,0x28,
    0x0c,0x35,0xb4,0x32,0xfe,0xc0,0x0a,0x40,0x44,0x6b,0x13,0x11,0xac,0x40,0x44,0xd4,0x04,0x16,0xb9,0x41,0x79,0x20,0x82,0x15,
    0x94,0x88,0x9a,0xf0,0x22,0x37,0xa8,0x36,0x80,0x91,0xab,0x20,0x46,0xd6,0x82,0xd8,0x80,0xc1,0x88,0xc1,0x01,0x80,0x20,0x18,
    0xa0,0x41,0x8d,0xec,0x86,0x4f,0x04,0xa3,0x09,0x01,0x30,0x9a,0x20,0x04,0xa3,0x09,0x83,0x30,0x9a,0x40,0x0c,0x86,0xdc,0x06,
    0x0c,0x46,0x0c,0x0e,0x00,0x04,0xc1,0x00,0x0d,0x76,0x24,0x3c,0xc8,0x22,0x18,0x4d,0x08,0x06,0x0b,0xf6,0x02,0x3e,0x17,0x10,
    0x68,0x34,0x81,0x08,0x46,0x13,0x0a,0xe1,0x04,0x02,0x55,0x10,0x1b,0x5b,0x82,0x7f,0xe8,0x74,0x83,0x10,0xa4,0x41,0x05,0x3e,
    0x82,0x15,0xec,0x88,0x0e,0x47,0x1c,0xa5,0x21,0x7c,0xc3,0x0d,0x71,0x60,0x26,0x60,0x30,0xcb,0xc0,0x5f,0x46,0x30,0xdc,0x40,
    0x0a,0x67,0x02,0x06,0xb3,0x0c,0xcd,0x11,0x0c,0x37,0x94,0x02,0x99,0x80,0xc1,0x2c,0x43,0x83,0x04,0xc3,0x0d,0xa6,0x30,0x26,
    0x60,0x30,0xcb,0xd0,0x24,0xc1,0x70,0xc3,0x29,0x8c,0x09,0x18,0xcc,0x32,0x34,0x4a,0x30,0xdc,0x80,0x0a,0x63,0x02,0x06,0xb3,
    0x0c,0xcd,0x12,0x0c,0x37,0xa4,0x42,0x9a,0x80,0xc1,0x2c,0x43,0xc3,0x04,0xc3,0x0d,0xaa,0x40,0x26,0x60,0x30,0xdd,0x40,0x17,
    0x38,0x11,0x4c,0x37,0xd0,0x05,0x4e,0x08,0xd3,0x0d,0x74,0x81,0x13,0xc3,0x74,0x03,0x5d,0xe0,0x04,0x31,0x4b,0xd0,0x0c,0xf4,
    0x0c,0xa0,0x62,0xa0,0xca,0x01,0x2b,0x08,0xae,0x24,0xe0,0xa2,0xa0,0xcb,0x82,0x30,0x03,0x3d,0x03,0xa8,0x18,0xa8,0x72,0xc0,
    0x0a,0x82,0x2b,0x09,0xb8,0x28,0xe8,0xb2,0x20,0xcc,0x40,0xcf,0x00,0x2a,0x06,0xaa,0x1c,0xb0,0x82,0xe0,0x4a,0x02,0x2e,0x0a,
    0xba,0x2c,0x08,0x33,0xd0,0x33,0x80,0x8a,0x81,0x2a,0x07,0xac,0x20,0xb8,0x92,0x80,0x8b,0x82,0x2e,0x0b,0xc2,0x8c,0x18,0x1c,
    0x00,0x08,0x82,0x01,0x1a,0xe0,0x89,0x7f,0x80,0xc6,0x9b,0x8c,0x26,0x04,0xc2,0x70,0x44,0x80,0x1b,0xc2,0x37,0xcb,0xe0,0x3c,
    0xc1,0x88,0x81,0x01,0x80,0x20,0x18,0x3c,0xa5,0x62,0x27,0xa2,0x31,0x1c,0x11,0xf4,0x06,0xf1,0x0d,0x47,0x90,0xc6,0x6d,0x10,
    0xdf,0x74,0xc3,0x79,0xfc,0x46,0x30,0xdd,0x10,0x98,0xc6,0x30,0xdc,0xb0,0x0b,0x75,0x02,0x06,0xd6,0x08,0xf4,0xb1,0x66,0xa0,
    0x8f,0x31,0x04,0x7d,0xcc,0x29,0xe8,0x33,0xdd,0xf0,0x04,0xc5,0x2c,0xc1,0x33,0x50,0x31,0x90,0x41,0xa3,0x38,0x03,0x15,0x03,
    0x19,0x34,0x8a,0x33,0x50,0x31,0x90,0x41,0x63,0x38,0x03,0x15,0x03,0x19,0x34,0x8c,0x53,0x66,0x90,0x1f,0x3a,0xdc,0x10,0xa0,
    0x0a,0x18,0xcc,0x32,0x44,0x50,0x30,0x62,0x60,0x00,0x20,0x08,0x06,0x8f,0xad,0x9c,0xca,0x30,0x1c,0x11,0xbc,0x07,0xf1,0x0d,
    0x47,0x14,0xe8,0x41,0x7c,0xd3,0x0d,0xf2,0x11,0x1f,0xc1,0x74,0x43,0x70,0x0c,0xb6,0x04,0xf4,0xb1,0x45,0xa0,0x8f,0x2d,0x03,
    0x7d,0x66,0x09,0xa2,0x81,0x8a,0xc1,0x80,0xb8,0x67,0xa0,0x62,0x30,0x20,0xee,0x19,0xa8,0x18,0x0c,0x88,0x7b,0x86,0x1b,0xe4,
    0x81,0x56,0xc2,0xa0,0xea,0xa1,0x44,0x74,0xb8,0x21,0xd8,0x11,0x30,0xa8,0x60,0xd0,0x59,0x06,0xa9,0x0a,0x86,0x1b,0xf2,0x01,
    0x57,0xc0,0x60,0x96,0x81,0x9a,0x02,0xeb,0x07,0x10,0x91,0x8f,0x05,0x22,0x02,0x1f,0xf3,0x07,0x11,0x91,0x8f,0x05,0x24,0x02,
    0x9f,0x11,0x83,0x03,0x00,0x41,0x30,0x68,0xd6,0x45,0x4d,0x06,0x13,0x19,0x31,0x38,0x00,0x10,0x04,0x83,0x86,0x5d,0xd6,0x44,
    0x38,0x91,0x11,0x83,0x03,0x00,0x41,0x30,0x68,0xda,0x65,0x4d,0x84,0xfe,0x18,0x31,0x38,0x00,0x10,0x04,0x83,0xc6,0x5d,0xd8,
    0x44,0xf0,0x8f,0x59,0x02,0x6a,0xa0,0x62,0x20,0x26,0x15,0x91,0x06,0x2a,0x06,0x62,0x52,0x11,0xc9,0x68,0x41,0x47,0x40,0x30,
    0x62,0x70,0x00,0x20,0x08,0x06,0x68,0x70,0x2e,0x6d,0x02,0x1f,0xc1,0x68,0x42,0x00,0x8c,0x26,0x08,0xc1,0x88,0x41,0x02,0x80,
    0x20,0x18,0x44,0xf3,0xd2,0x27,0x42,0x60,0x14,0x16,0x5c,0xf0,0x19,0x4d,0x28,0x84,0xd1,0x04,0x63,0x18,0x31,0x48,0x00,0x10,
    0x04,0x83,0xe8,0x5e,0x42,0x45,0x08,0x94,0xc4,0x02,0x0d,0x3e,0xb3,0x04,0xd5,0x40,0xc5,0xa0,0x50,0x78,0x10,0x0d,0x54,0x0c,
    0x04,0x85,0x07,0xd1,0x2c,0x83,0xc5,0x47,0xab,0x30,0x62,0x70,0x00,0x20,0x08,0x06,0x68,0x20,0x2f,0x78,0xb2,0x1f,0xbf,0x30,
    0x9a,0x10,0x08,0xa3,0x09,0xc2,0x70,0x01,0x81,0x2a,0xa8,0x13,0xbd,0x60,0x60,0x35,0xb8,0x0b,0x56,0x80,0x27,0x7a,0xc1,0xc0,
    0xca,0x68,0x15,0x1d,0x6e,0x08,0xf2,0x25,0x0c,0x86,0x1b,0x48,0x62,0x5f,0xc0,0x60,0xb8,0x01,0x17,0xf6,0x05,0x0c,0x4a,0x08,
    0x76,0x96,0xa1,0xbb,0x82,0xda,0x05,0x7f,0xd1,0xe1,0x86,0xc0,0x5f,0xc0,0x60,0x96,0x21,0xc3,0x82,0x11,0x03,0x03,0x00,0x41,
    0x30,0x78,0x58,0xa6,0x5f,0xa4,0x11,0x83,0x03,0x00,0x41,0x30,0x68,0x5c,0xa6,0x55,0x82,0x1e,0x19,0x31,0x38,0x00,0x10,0x04,
    0x83,0xe6,0x65,0x5a,0x25,0xf8,0x91,0x59,0x82,0x6c,0xa0,0x62,0x10,0x30,0x35,0xb8,0x2a,0x1c,0x40,0x46,0x87,0x1b,0x02,0x92,
    0x01,0x83,0x59,0x86,0x4d,0x0b,0x46,0x0c,0x0c,0x00,0x04,0xc1,0xe0,0x91,0x99,0x91,0xb9,0x46,0x0c,0x0e,0x00,0x04,0xc1,0xa0,
    0xa1,0x99,0x59,0x09,0xc6,0x64,0xc4,0xe0,0x00,0x40,0x10,0x0c,0x9a,0x9a,0x99,0x95,0xa0,0x4c,0x66,0x09,0xb6,0x81,0x8a,0x41,
    0xd0,0xe8,0x20,0x1b,0x6e,0x98,0x09,0x92,0x01,0x83,0x42,0x07,0x92,0xd1,0xe1,0x86,0x60,0x65,0xc2,0xa0,0x86,0x40,0x67,0x19,
    0xb8,0x2e,0x18,0x31,0x30,0x00,0x10,0x04,0x83,0x47,0x67,0x56,0x46,0x0f,0x46,0x0c,0x0e,0x00,0x04,0xc1,0xa0,0xe1,0x99,0x5d,
    0x09,0xd6,0x64,0xc4,0xe0,0x00,0x40,0x10,0x0c,0x9a,0x9e,0xd9,0x95,0xa0,0x4d,0x66,0x09,0xba,0x81,0x8e,0xc1,0x14,0x2c,0x8e,
    0xe3,0xb6,0x81,0x8e,0xc1,0x14,0x2c,0x89,0x93,0xb6,0x81,0x8e,0xc1,0x1f,0x2c,0x83,0xf3,0x87,0x6d,0x96,0xc1,0x23,0x83,0x6c,
    0xb8,0x01,0x2c,0x5a,0x86,0x0c,0x66,0x19,0x3e,0x3e,0x0a,0x86,0x59,0x88,0xb0,0xe0,0x23,0x09,0x0c,0xa2,0x30,0xa8,0xc4,0xe0,
    0x1a,0x83,0x11,0x03,0x08,0x00,0x41,0x30,0xb0,0x7e,0x66,0x56,0xda,0xa4,0x4c,0x88,0x41,0x98,0x13,0x71,0x11,0x17,0x71,0x21,
    0x83,0x39,0x19,0x4d,0x08,0x80,0xd1,0x04,0x21,0x18,0x4d,0x18,0x84,0xd1,0x04,0x62,0x98,0x25,0xe0,0xa3,0x11,0x03,0x08,0x00,
    0x41,0x30,0xb0,0xc8,0x06,0x57,0xe6,0x64,0x4d,0x12,0xe4,0xc0,0x93,0x73,0x39,0x97,0x73,0x49,0x03,0x3c,0x19,0x4d,0x08,0x80,
    0xd1,0x04,0x21,0x18,0x4d,0x18,0x84,0xd1,0x04,0x62,0x98,0x25,0xe0,0xa3,0x11,0x03,0x08,0x00,0x41,0x30,0xb0,0xd2,0xa6,0x57,
    0xf2,0x24,0x4e,0x9c,0x86,0xe9,0x13,0x76,0x61,0x17,0x76,0x71,0x83,0x3e,0x19,0x4d,0x08,0x80,0xd1,0x04,0x21,0x18,0x4d,0x18,
    0x84,0xd1,0x04,0x62,0x98,0x25,0xe0,0xa3,0x11,0x03,0x08,0x00,0x41,0x30,0xb0,0xdc,0x46,0x5c,0xfe,0xe4,0x4e,0x26,0x29,0x12,
    0x95,0x78,0x89,0x97,0x78,0x99,0x03,0x51,0x19,0x4d,0x08,0x80,0xd1,0x04,0x21,0x18,0x4d,0x18,0x84,0xd1,0x04,0x62,0x98,0x25,
    0xe0,0xa3,0xe1,0x06,0xb9,0x18,0x1b,0x30,0x98,0x65,0x28,0x03,0x79,0x08,0x66,0x19,0xcc,0xe0,0x0c,0xe0,0x60,0xc4,0xc0,0x00,
    0x40,0x10,0x0c,0x1e,0xbb,0x39,0x17,0x3e,0x18,0x31,0x30,0x00,0x10,0x04,0x83,0xe7,0x6e,0xd0,0x85,0x0f,0x46,0x0c,0x0c,0x00,
    0x04,0xc1,0xe0,0xc1,0x9b,0x74,0xc1,0x85,0x11,0x03,0x03,0x00,0x41,0x30,0x78,0xf2,0x26,0x5d,0xfe,0x60,0xc4,0xc0,0x00,0x40,
    0x10,0x0c,0x1e,0xbd,0x51,0x97,0x3f,0x18,0x31,0x30,0x00,0x10,0x04,0x83,0x67,0x6f,0xd6,0x65,0x17,0x66,0x09,0xce,0x60,0xa0,
    0x62,0x60,0xcc,0x00,0xa7,0xca,0x60,0xa0,0x62,0x60,0xcc,0x40,0xa7,0xca,0x60,0xa0,0x62,0x60,0xcc,0x80,0xa7,0xca,0x60,0xa0,
    0x62,0x60,0xcc,0xc0,0xa7,0xca,0x60,0xa0,0x62,0x60,0xcc,0x00,0xac,0xca,0x60,0xa0,0x62,0x60,0xcc,0x40,0xac,0xca,0xa0,0x44,
    0x83,0x6e,0x76,0x38,0xe2,0x0f,0x68,0x45,0xf8,0x8a,0x34,0xec,0x06,0x46,0x0c,0x12,0x00,0x04,0xc1,0x40,0x0d,0xf4,0x86,0x5f,
    0xc8,0xe6,0x6e,0x82,0x9b,0x99,0x65,0x40,0x03,0x53,0x18,0x46,0x0c,0x0e,0x00,0x04,0xc1,0x60,0x13,0x9d,0x91,0x09,0xf2,0x66,
    0x34,0x21,0x00,0x46,0x13,0x84,0x60,0x34,0x61,0x10,0x6e,0x18,0xd4,0x0d,0x83,0xba,0x61,0x50,0x36,0x38,0xf2,0xb1,0xc1,0x91,
    0x8f,0x0d,0x8e,0x7c,0x6c,0x18,0xe4,0x63,0xc3,0x20,0x1f,0x13,0x02,0xf8,0x18,0x41,0xc8,0xc7,0x84,0x00,0x3e,0x23,0x06,0x06,
    0x00,0x82,0x60,0xf0,0xd4,0x4e,0xca,0x04,0xc6,0x68,0xf2,0x31,0x46,0x93,0x8f,0x31,0x9a,0x7c,0x6c,0x18,0xe4,0x63,0xc3,0x20,
    0x1f,0x13,0x02,0xf8,0x18,0x41,0xc8,0xc7,0x84,0x00,0x3e,0x23,0x06,0x06,0x00,0x82,0x60,0xf0,0xf8,0x8e,0xcc,0x04,0x23,0x06,
    0x07,0x00,0x82,0x60,0xd0,0x80,0xcf,0xcf,0x04,0xca,0x88,0xc1,0x01,0x80,0x20,0x18,0x34,0xe1,0xf3,0x33,0xc2,0x32,0x1c,0x21,
    0xc8,0x8b,0xf2,0xcd,0x32,0xa4,0x81,0x1a,0x04,0x23,0x06,0x07,0x00,0x82,0x60,0xd0,0x8c,0x8f,0xd8,0x08,0xfa,0x62,0x44,0x40,
    0x9f,0x11,0x03,0x03,0x00,0x41,0x30,0x78,0xc8,0xa7,0x65,0x82,0x11,0x83,0x03,0x00,0x41,0x30,0x68,0xcc,0xa7,0x6c,0xec,0x25,
    0x18,0x31,0x38,0x00,0x10,0x04,0x83,0xe6,0x7c,0xca,0x46,0x1c,0x82,0x59,0x02,0x35,0x18,0xa8,0x18,0x84,0x34,0x80,0x2f,0x34,
    0xb0,0x24,0xa0,0xcf,0x88,0xc1,0x01,0x80,0x20,0x18,0x34,0xea,0x93,0x36,0x41,0x32,0x62,0x70,0x00,0x20,0x08,0x06,0xcd,0xfa,
    0xa8,0x4d,0x10,0x32,0x23,0x06,0x06,0x00,0x82,0x60,0xf0,0xac,0x8f,0xce,0x04,0x16,0xbc,0x03,0x7c,0x46,0x0c,0x0e,0x00,0x04,
    0xc1,0xa0,0x71,0x9f,0xb6,0x09,0xd8,0x61,0x38,0x02,0xca,0x86,0x6f,0xba,0x61,0x0e,0xe0,0x20,0x98,0x6e,0x98,0x03,0x38,0x10,
    0xa6,0x1b,0xe6,0x00,0x0e,0x06,0x83,0x03,0x9d,0x81,0xc1,0x88,0xc1,0x01,0x80,0x20,0x18,0xa0,0x41,0xfa,0xbc,0x8d,0xbc,0x04,
    0xa3,0x09,0x01,0x70,0x01,0x61,0x2a,0xf0,0x1d,0x1d,0x6e,0x08,0xc8,0x07,0x0c,0x6a,0xd0,0x19,0x1d,0x6e,0x08,0xf6,0x06,0x0c,
    0x6a,0x08,0x76,0x96,0x81,0x0d,0xd6,0x20,0x28,0xc3,0x6f,0x74,0xb8,0x21,0x00,0x1d,0x30,0x98,0x25,0x60,0x83,0x81,0x0a,0x05,
    0xec,0xd4,0x40,0x58,0x83,0xbb,0x08,0x34,0xdc,0x10,0xc8,0x8f,0x19,0xcc,0x32,0xb4,0x41,0x29,0x04,0xb3,0x04,0x6e,0x30,0x50,
    0x31,0xa4,0xcb,0x28,0x80,0x59,0x1b,0x0c,0x54,0x0c,0xe9,0x32,0x0a,0x62,0xd6,0x06,0x03,0x15,0x43,0xba,0x8c,0x02,0x99,0xb5,
    0xc1,0x40,0xc5,0x90,0x2e,0xa3,0x60,0x66,0x6d,0x30,0x50,0x41,0xa4,0xcb,0x28,0xb8,0x5f,0x1b,0x5c,0x30,0x30,0x0b,0x74,0x06,
    0x3e,0x16,0x80,0x01,0x7d,0x2c,0xd8,0x19,0xf8,0x58,0xa0,0xc9,0xc7,0x04,0x4d,0x3e,0x36,0x68,0xf2,0xb1,0xe1,0x1d,0xe0,0x63,
    0xc3,0x3b,0xc0,0xc7,0x86,0x77,0x80,0xcf,0x2c,0xc3,0x1b,0x84,0x82,0x34,0x62,0x70,0x00,0x20,0x08,0x06,0xdb,0x0a,0xb1,0x8e,
    0x2a,0x88,0xd0,0x68,0x42,0x30,0x8c,0x18,0x1c,0x00,0x08,0x82,0x01,0x1a,0x9c,0x50,0xeb,0xc0,0xcc,0x37,0x9a,0x10,0x0c,0x17,
    0x10,0xa6,0x02,0xfe,0xd1,0xe1,0x86,0x00,0x85,0xc0,0x60,0x96,0x21,0x0e,0xe0,0x20,0x28,0x83,0x76,0xe0,0x82,0x41,0x8d,0x18,
    0x1c,0x00,0x08,0x82,0x41,0x93,0x43,0xb8,0xb3,0x06,0x68,0x33,0x62,0x70,0x00,0x20,0x08,0x06,0x8d,0x0e,0xe1,0x4e,0x20,0xcc,
    0x12,0xc4,0xc1,0x40,0xc5,0x20,0xc0,0x01,0xad,0xbd,0xc1,0x70,0x44,0xb0,0x36,0xc2,0x37,0x9a,0xb0,0x04,0xa3,0x09,0x8c,0x30,
    0xdd,0x20,0x04,0xc3,0x70,0x44,0x00,0x37,0xce,0x37,0xdc,0xc0,0xc0,0x10,0x18,0x0c,0x37,0x34,0x2c,0x04,0x06,0x25,0x04,0x6b,
    0xc9,0xdd,0xc0,0x67,0xba,0x41,0x09,0x84,0x11,0x03,0x03,0x00,0x41,0x30,0x78,0xca,0x08,0x7c,0x82,0x0b,0x08,0x53,0x57,0xf9,
    0x40,0x09,0x3c,0x04,0x23,0x06,0x07,0x00,0x82,0x60,0xd0,0x91,0x51,0xed,0x04,0xc2,0x2c,0x81,0x1c,0x0c,0x54,0x0c,0xf4,0x16,
    0x07,0xf1,0x01,0x0a,0x03,0x15,0x83,0xbd,0xc5,0x41,0x7c,0x80,0xc2,0x40,0xc5,0x80,0x6f,0x71,0x10,0x1f,0xa0,0x30,0x50,0x31,
    0xe8,0x5b,0x1c,0xc4,0x07,0x28,0x0c,0x54,0x10,0xa2,0x18,0xc4,0x41,0x7c,0x80,0xc2,0x70,0x43,0x20,0x46,0x60,0x30,0xdd,0xa0,
    0x1c,0xc1,0x88,0xc1,0x01,0x80,0x20,0x18,0x6c,0x6d,0xe4,0x3e,0xec,0x10,0x8c,0x26,0x04,0xc0,0x68,0x82,0x10,0x8c,0x26,0x0c,
    0xc2,0x2c,0xc3,0x1c,0xd8,0x81,0x1f,0xcc,0x32,0xd4,0x01,0x1d,0x58,0xc3,0x11,0x69,0x50,0x3a,0xc3,0x37,0x1c,0xa1,0x06,0xa7,
    0x43,0x7c,0x25,0x04,0x3a,0xdd,0x90,0x3a,0xa8,0x13,0xcc,0x12,0xd8,0xc1,0x1d,0x83,0xb2,0xc0,0x0d,0xe4,0x63,0x81,0xeb,0xc0,
    0x67,0xc4,0xc0,0x00,0x40,0x10,0x0c,0x1e,0x3e,0xba,0x9f,0xe0,0x02,0x02,0x8d,0x18,0x18,0x00,0x08,0x82,0xc1,0xe3,0x47,0xf6,
    0x33,0x0c,0x37,0x08,0xfd,0x63,0x06,0xc3,0x0d,0x83,0x83,0x06,0x25,0x04,0x6a,0xb3,0x43,0xc4,0x67,0xba,0x21,0x98,0x1d,0xc1,
    0x0e,0x3c,0x02,0xc1,0x70,0x03,0xf2,0x3e,0x66,0x30,0xdc,0x20,0x50,0x68,0x50,0x42,0xa0,0xd3,0x0d,0x0a,0xee,0x04,0x16,0x18,
    0xf0,0x99,0x25,0xb0,0x83,0x81,0x8e,0x41,0xa8,0x03,0x32,0xa0,0x03,0xbb,0x93,0x83,0x59,0x86,0x3b,0xd0,0x03,0x59,0x98,0x65,
    0xc8,0x03,0x3c,0x60,0x83,0xe1,0x08,0x3f,0xd8,0x9d,0xe1,0x1b,0x8e,0xf8,0x83,0xde,0x21,0xbe,0x12,0x02,0x9d,0x6e,0xf8,0x1d,
    0xdf,0x09,0x66,0x09,0xf4,0xe0,0xb8,0x41,0x59,0x30,0x0a,0xf2,0xb1,0x80,0x7c,0xe0,0x33,0x62,0x60,0x00,0x20,0x08,0x06,0x8f,
    0x2c,0xb5,0x50,0x70,0x01,0x81,0x46,0x0c,0x0c,0x00,0x04,0xc1,0xe0,0xa1,0x25,0x16,0x1a,0x86,0x1b,0x84,0x19,0x32,0x83,0xe1,
    0x86,0x61,0x0c,0xd0,0xa0,0x84,0x40,0x2d,0x7d,0x88,0xf8,0x4c,0x37,0x04,0xe9,0x23,0xd8,0xe1,0x4a,0x20,0x18,0x6e,0x40,0x4a,
    0xc8,0x0c,0x86,0x1b,0x84,0x34,0x40,0x83,0x12,0x02,0x9d,0x6e,0x50,0xdc,0x27,0xb0,0xc0,0x80,0xcf,0x2c,0x81,0x1e,0x0c,0x74,
    0x0c,0x42,0x1e,0x90,0x01,0x1e,0x88,0x9f,0x1d,0x58,0x70,0xc9,0xa7,0xda,0xa1,0x8c,0x74,0xb8,0x21,0x38,0x23,0x30,0x98,0x65,
    0xd8,0x03,0x3f,0x08,0x66,0x19,0xfa,0x80,0x0f,0x4a,0x61,0x38,0xc2,0x16,0xe8,0x67,0xf8,0x86,0x23,0x6e,0xc1,0x7e,0x88,0xaf,
    0x84,0x40,0xa7,0x1b,0xf0,0xe7,0x7e,0x82,0x59,0x02,0x3f,0x38,0x3a,0x18,0x94,0x05,0xbb,0x20,0x1f,0x0b,0xfa,0x07,0x3e,0x23,
    0x06,0x06,0x00,0x82,0x60,0xf0,0xac,0x93,0x19,0x05,0x17,0x10,0x68,0xc4,0xc0,0x00,0x40,0x10,0x0c,0x9e,0x76,0x2a,0xa3,0x61,
    0xb8,0x41,0x60,0x23,0x33,0x18,0x6e,0x18,0xf6,0x00,0x0d,0x4a,0x08,0xd4,0x44,0x88,0x88,0xcf,0x74,0x43,0x20,0x42,0x82,0x1d,
    0xe7,0x04,0x82,0xe1,0x06,0xc4,0x87,0xcc,0x60,0xb8,0x41,0x08,0x05,0x34,0x28,0x21,0xd0,0xe9,0x06,0xe5,0x84,0x02,0x0b,0x0c,
    0xf8,0xcc,0x12,0xf8,0xc1,0x40,0xc7,0x20,0xf4,0x01,0x19,0xf0,0x01,0x0d,0x06,0x7a,0x60,0x59,0x20,0x9f,0x5b,0x85,0x41,0x15,
    0xbf,0xb8,0x13,0x8c,0x18,0x24,0x00,0x08,0x82,0x81,0x1a,0xc8,0x13,0x1d,0xf9,0xd2,0x3b,0x05,0xaf,0x34,0x62,0xf0,0x00,0x20,
    0x08,0x06,0xd8,0x3e,0x8d,0x52,0x5e,0x04,0xf2,0x10,0x0f,0xf0,0x00,0x43,0xf1,0x14,0x4f,0xf1,0x34,0x8c,0x26,0x04,0xc0,0x68,
    0x82,0x10,0x8c,0x26,0x0c,0xc2,0x68,0x02,0x31,0x58,0x68,0xf0,0x11,0x0c,0x46,0x0c,0x0e,0x00,0x04,0xc1,0x00,0x0d,0xf4,0x09,
    0x94,0x46,0x28,0x18,0x4d,0x08,0x80,0xd1,0x04,0x21,0x18,0x4d,0x18,0x84,0xd1,0x04,0x62,0x30,0x85,0x88,0x8f,0x29,0x44,0x7c,
    0x4c,0x21,0xe2,0x63,0x0a,0x11,0x1f,0x23,0x26,0xf9,0x18,0x41,0xc9,0xc7,0x88,0x4a,0x3e,0x46,0x58,0xf2,0x31,0x82,0x81,0x8f,
    0x11,0x0c,0x7c,0x8c,0x60,0xe0,0x63,0x04,0x03,0x9f,0x59,0x06,0x50,0xf8,0x03,0x73,0x18,0x31,0x30,0x00,0x10,0x04,0x83,0xa7,
    0xa6,0x5a,0x69,0x1f,0xac,0x60,0x87,0xf8,0x58,0xc1,0x0e,0xf1,0xb1,0x82,0x1d,0xe2,0x63,0x05,0x3b,0xc4,0xc7,0x0a,0x42,0x3e,
    0x66,0x10,0xf2,0xb1,0x83,0x90,0x8f,0x21,0x84,0x7c,0x8c,0xa0,0x07,0xf8,0x18,0x41,0x0f,0xf0,0x31,0x82,0x1e,0xe0,0x63,0x04,
    0x3d,0xc0,0x67,0x96,0x00,0x14,0x06,0x2a,0x06,0xe4,0x0f,0xc4,0xc0,0x0f,0x06,0x2a,0x06,0xe4,0x0f,0xc4,0xc0,0x0f,0x06,0x2a,
    0x06,0xe4,0x0f,0xc4,0xc0,0x0f,0x06,0x2a,0x06,0xe4,0x0f,0xc4,0xc0,0x0f,0x0a,0x1f,0x74,0x0a,0xa6,0x1b,0x6e,0x6a,0xa7,0x4a,
    0x62,0xb8,0x41,0x08,0xc8,0x60,0x96,0x41,0x0e,0x44,0x21,0xa8,0xb4,0xd9,0x29,0x18,0x31,0x48,0x00,0x10,0x04,0x03,0x35,0xf8,
    0xa9,0x70,0x5a,0x29,0x9e,0x0a,0xf8,0x69,0xc4,0xe0,0x01,0x40,0x10,0x0c,0x30,0xb4,0x82,0x27,0xf3,0x08,0x7e,0xc2,0x27,0x7a,
    0xa2,0x8f,0x7c,0xca,0xa7,0x7c,0xca,0x2f,0x46,0x13,0x02,0x60,0x34,0x41,0x08,0x46,0x13,0x06,0x61,0x34,0x81,0x18,0x66,0x09,
    0x46,0x61,0x96,0x60,0x14,0x06,0x2a,0x06,0x24,0x14,0x38,0x51,0x18,0xa8,0x18,0x90,0x50,0xe0,0x44,0x61,0xa0,0x62,0x40,0x42,
    0x81,0x13,0x85,0x81,0x8a,0x01,0x09,0x05,0x4e,0x14,0x8c,0xa0,0x0b,0xf8,0x18,0x41,0x17,0xf0,0x31,0x82,0x2e,0xe0,0x63,0x04,
    0x5d,0xc0,0xc7,0xe8,0x82,0xad,0x60,0x30,0xdc,0x10,0xec,0x05,0x1a,0xcc,0x32,0xb8,0x01,0x29,0x04,0xb3,0x04,0xa5,0x30,0x50,
    0x31,0xd0,0x64,0xc0,0x06,0x0c,0x29,0x0c,0x54,0x0c,0x36,0x19,0xb0,0x01,0x43,0x0a,0x03,0x15,0x03,0x4e,0x06,0x6c,0xc0,0x90,
    0xc2,0x40,0xc5,0xa0,0x93,0x01,0x1b,0x30,0xa4,0x60,0xc4,0x6d,0xd0,0xc7,0x08,0xdc,0xa0,0x8f,0x11,0xb9,0x41,0x1f,0x23,0x74,
    0x83,0x3e,0xb3,0x04,0x7c,0x64,0x20,0xa2,0x4e,0x30,0x18,0x31,0x38,0x00,0x10,0x04,0x03,0x34,0xc8,0xab,0x7f,0x12,0xa5,0x60,
    0x34,0x21,0x00,0x2e,0x20,0x4c,0x99,0x8a,0xcd,0x6c,0x09,0x6f,0xa5,0xc3,0x0d,0xc2,0x5e,0x85,0xc1,0x70,0x83,0x60,0x57,0x60,
    0x50,0x42,0xb0,0x65,0xb4,0x93,0x0e,0x37,0x04,0x2e,0x05,0x06,0x15,0x0c,0x5b,0x49,0x4c,0xe9,0x70,0x43,0x30,0x53,0x60,0x50,
    0xc1,0xb0,0x15,0x3b,0xa3,0x05,0x23,0x06,0x09,0x00,0x82,0x60,0xa0,0x06,0xa7,0x95,0x52,0x73,0x45,0x5a,0x01,0x59,0xcd,0x32,
    0xa0,0xc2,0x29,0x0c,0x23,0x06,0x10,0x00,0x82,0x60,0x60,0xc5,0x56,0x49,0xb9,0x48,0x60,0x27,0x75,0x42,0x27,0xe5,0x64,0x5a,
    0xa6,0x65,0x5a,0xb6,0x52,0x4e,0xa3,0x09,0x01,0x30,0x9a,0x20,0x04,0xa3,0x09,0x83,0x30,0x9a,0x40,0x0c,0xb3,0x04,0x7c,0x34,
    0x62,0xb0,0x00,0x20,0x08,0x06,0x9f,0x6c,0x8d,0xd4,0x8c,0x18,0xbe,0xd2,0x2b,0xf8,0xa2,0x56,0x16,0xf0,0x0a,0x7c,0x46,0x0c,
    0x0e,0x00,0x04,0xc1,0xa0,0xd9,0x2d,0x9d,0x0a,0x72,0xa5,0xa4,0x67,0xab,0x09,0x76,0x96,0x21,0x15,0xe2,0x21,0x18,0x31,0x38,
    0x00,0x10,0x04,0x83,0x2d,0xb7,0x74,0x0a,0x47,0x60,0x6b,0x34,0x21,0x18,0x86,0x23,0x8a,0x77,0x12,0xbe,0x11,0x83,0x03,0x00,
    0x41,0x30,0x40,0x03,0xdb,0xe2,0xa9,0x5f,0xf2,0x46,0x13,0x82,0x60,0x34,0x41,0x10,0xa6,0x1b,0x84,0x80,0x18,0x8e,0x08,0xea,
    0xc9,0xf9,0x46,0x13,0x8a,0xe1,0x02,0xc2,0x54,0xf0,0x5a,0x3a,0xdc,0x10,0xec,0x16,0x18,0xd4,0x72,0x56,0x30,0xcb,0xb0,0x0a,
    0xaa,0x20,0x5c,0x30,0xa8,0x11,0x83,0x03,0x00,0x41,0x30,0x68,0xd8,0x6b,0xad,0xa2,0x7d,0x1a,0x31,0x38,0x00,0x10,0x04,0x83,
    0xa6,0xbd,0xd6,0x2a,0x10,0x66,0x09,0x56,0x61,0xa0,0x62,0x10,0x54,0x41,0x3f,0x83,0x54,0x18,0x6e,0x38,0x7c,0x0b,0x0c,0x86,
    0x1b,0x10,0xdd,0x02,0x83,0x12,0x82,0x35,0xa2,0xa4,0xe0,0x33,0xdd,0x50,0x04,0xc2,0x88,0x81,0x01,0x80,0x20,0x18,0x3c,0xf3,
    0xe5,0x56,0xc1,0x05,0x84,0xa9,0x20,0xbd,0x60,0xc4,0xe0,0x00,0x40,0x10,0x0c,0xba,0xf8,0x12,0xab,0xa0,0x99,0x25,0x60,0x85,
    0x81,0x8a,0xc1,0x45,0x83,0x55,0x98,0x17,0x78,0x18,0xa8,0x18,0x60,0x34,0x58,0x85,0x79,0x81,0x87,0x81,0x8a,0x41,0x46,0x83,
    0x55,0x98,0x17,0x78,0x18,0xa8,0x18,0x68,0x34,0x58,0x85,0x79,0x81,0x87,0x81,0x0a,0x82,0x77,0x83,0x55,0x98,0x17,0x78,0x18,
    0x6e,0x08,0xde,0x0b,0x0c,0xa6,0x1b,0x92,0x23,0x18,0x31,0x38,0x00,0x10,0x04,0x83,0x4d,0xbf,0xf6,0x2a,0x4f,0x82,0xd1,0x84,
    0x00,0x18,0x4d,0x10,0x82,0xd1,0x84,0x41,0xb8,0x61,0x50,0x37,0x0c,0xea,0x86,0x41,0xd9,0x80,0x2e,0xf2,0xb1,0x01,0x5d,0xe4,
    0x63,0x03,0xba,0xc8,0x67,0x96,0xa1,0x15,0x5c,0x81,0x0c,0x6c,0xd8,0x29,0xf8,0xd8,0xc0,0x53,0xf0,0xb1,0xa1,0xa7,0xe0,0x33,
    0x4b,0xe0,0x0a,0x03,0x15,0x83,0xd1,0x0a,0x0c,0x2b,0x0c,0x54,0x0c,0x46,0x2b,0x30,0xac,0x30,0x50,0x31,0x18,0xad,0xc0,0xb0,
    0xc2,0x88,0x81,0x01,0x80,0x20,0x18,0x3c,0x2e,0x96,0x5a,0xc3,0x88,0x81,0x01,0x80,0x20,0x18,0x3c,0x2f,0xa6,0x5a,0xc3,0x88,
    0x81,0x01,0x80,0x20,0x18,0x3c,0x30,0xb6,0x5a,0xc3,0x0d,0x04,0xba,0x81,0x40,0x37,0x10,0x68,0x96,0xe1,0x15,0x60,0x01,0x0e,
    0x46,0x0c,0x0c,0x00,0x04,0xc1,0xe0,0xa1,0x31,0xd6,0x4a,0x46,0x0c,0x0c,0x00,0x04,0xc1,0xe0,0xa9,0xb1,0xd6,0x4a,0x46,0x0c,
    0x0c,0x00,0x04,0xc1,0xe0,0xb1,0x31,0xd7,0x4a,0x66,0x09,0x60,0x61,0xa0,0x62,0x30,0x5e,0xc1,0x55,0x03,0x57,0x18,0xa8,0x18,
    0x8c,0x57,0x80,0xd5,0xc0,0x15,0x06,0x2a,0x06,0xe3,0x15,0x64,0x35,0x70,0x85,0xe9,0x06,0x15,0x73,0x31,0x3b,0x98,0x25,0x88,
    0x85,0x81,0x8a,0xc1,0x56,0x03,0x58,0xe8,0x8f,0x76,0x18,0xa8,0x18,0x70,0x35,0x80,0x85,0xfe,0x68,0x87,0x81,0x8a,0x41,0x57,
    0x03,0x58,0xe8,0x8f,0x76,0x18,0xa8,0x18,0x78,0x35,0x80,0x85,0xfe,0x68,0x87,0x81,0x0a,0x82,0x8c,0x03,0x58,0x28,0x91,0x76,
    0x98,0x25,0x90,0x85,0x81,0x8a,0x41,0x89,0x85,0xf9,0x60,0x87,0x81,0x8a,0x41,0x89,0x85,0xf9,0x60,0x87,0x81,0x8a,0x41,0x89,
    0x85,0xf9,0x60,0x87,0x81,0x8a,0x41,0x89,0x85,0xf9,0x60,0x87,0x81,0x0a,0xc2,0x8d,0x83,0x58,0xb8,0x0f,0x76,0x18,0x6e,0x08,
    0x70,0x2c,0x0c,0xec,0xae,0x9c,0xf8,0x4c,0x37,0x3c,0x81,0x30,0xdc,0x90,0xec,0x58,0x18,0x98,0x5e,0x41,0xf1,0x99,0x6e,0x88,
    0x02,0xc1,0x88,0x40,0x3e,0xb3,0x04,0xb3,0x30,0x50,0x31,0x60,0xb2,0xb0,0x1b,0xeb,0x30,0x50,0x31,0x60,0xb2,0xb0,0x1b,0xeb,
    0x30,0x50,0x31,0x60,0xb2,0xb0,0x1b,0xeb,0x30,0x50,0x31,0x60,0xb2,0xb0,0x1b,0xeb,0x30,0x50,0x41,0x98,0x72,0x20,0x0b,0xbb,
    0xb1,0x0e,0x15,0x80,0x01,0x94,0x03,0x06,0x50,0x14,0x18,0xc0,0x2c,0x03,0x2d,0xd4,0xc2,0x3a,0x0c,0x37,0x0c,0x75,0x70,0x06,
    0x45,0xa8,0x17,0x9e,0x40,0x88,0x0a,0x84,0x9d,0x25,0xa8,0x85,0x81,0x0a,0x42,0xa0,0x05,0x5b,0x0e,0x66,0x61,0xb8,0x41,0x1e,
    0xda,0x0c,0x0c,0x66,0x19,0x6c,0xe1,0x16,0x82,0x4a,0xf6,0xc0,0x2c,0xe0,0x03,0x10,0x54,0xd0,0x07,0x36,0x4b,0xa0,0x0b,0xc3,
    0x0d,0xf6,0xd0,0x66,0x60,0x30,0xcb,0x80,0x0b,0xb9,0x10,0xd4,0x1f,0xc8,0xd9,0x95,0x13,0x98,0x05,0x02,0x08,0x2a,0x18,0x6c,
    0xb8,0x21,0x18,0x05,0x34,0xa8,0x22,0xc4,0xa0,0x82,0x21,0xa6,0x1b,0x88,0x60,0x98,0x25,0xd0,0x05,0x3b,0x05,0x12,0x03,0xc1,
    0x88,0xc1,0x01,0x80,0x20,0x18,0x74,0xa2,0x06,0x62,0x96,0x9e,0x8d,0x18,0x1c,0x00,0x08,0x82,0x41,0x37,0x6a,0xfe,0x15,0x08,
    0xb3,0x04,0xba,0x30,0xd0,0x41,0x68,0xb6,0x20,0xe4,0x02,0x82,0x0b,0x55,0x12,0x77,0x86,0x15,0xcc,0x99,0x0e,0x37,0x04,0x79,
    0x06,0x06,0xb3,0x0c,0xbb,0xc0,0x0b,0xc1,0x70,0x43,0x05,0x6a,0x61,0x30,0xdc,0xc0,0x85,0x1a,0x1a,0x54,0x20,0xec,0x70,0x83,
    0x07,0x0b,0x67,0x50,0x81,0xb0,0x17,0x10,0x62,0x96,0x80,0x17,0x06,0x2a,0x08,0x61,0x17,0xec,0x40,0x17,0x86,0x1b,0x12,0x54,
    0x03,0x83,0x59,0x86,0x5e,0xf0,0x85,0xa0,0xc6,0xa0,0x16,0xcc,0x02,0x5b,0x00,0x41,0x05,0xb7,0x60,0xb3,0x04,0xe1,0x30,0xdc,
    0xd0,0xa0,0x1a,0x18,0xcc,0x32,0xfc,0x02,0x38,0x04,0x95,0x0b,0xad,0x76,0x85,0x06,0x81,0x59,0x20,0x80,0xa0,0x82,0xc1,0x86,
    0x1b,0x82,0x5e,0x40,0x83,0x2a,0x78,0x0c,0x2a,0x18,0x62,0xba,0x81,0x08,0x86,0x59,0x82,0x70,0xb0,0x70,0xf8,0x31,0x10,0x8c,
    0x18,0x1c,0x00,0x08,0x82,0x41,0xd7,0x6b,0x3b,0x06,0x07,0xb5,0x36,0x62,0x70,0x00,0x20,0x08,0x06,0x9d,0xaf,0xe5,0x58,0x20,
    0xcc,0x12,0x84,0xc3,0x40,0x07,0xa1,0xf5,0x82,0x00,0x0e,0xc8,0x2f,0x0c,0x37,0x48,0xb8,0x16,0x06,0x17,0x10,0xa2,0xc4,0x22,
    0xd7,0xb0,0x02,0x58,0xd3,0xe1,0x86,0xc0,0xd6,0xc0,0x60,0x96,0x41,0x1c,0xc6,0x21,0x18,0x6e,0xb8,0x83,0x5e,0x43,0x83,0x0a,
    0x8c,0x1d,0x6e,0xc8,0x83,0x75,0x38,0x83,0x0a,0x84,0xbd,0x80,0x10,0xb3,0x04,0xe3,0x30,0x50,0x41,0x08,0xe2,0x20,0x85,0xc3,
    0x70,0x03,0x42,0x6e,0x60,0x30,0xcb,0x40,0x0e,0xe5,0x10,0x94,0x1f,0xc0,0x83,0x59,0x10,0x0f,0x20,0xa8,0x40,0x1e,0x6c,0x96,
    0x00,0x1d,0x86,0x1b,0x18,0x72,0x03,0x83,0x59,0x06,0x73,0x38,0x87,0xa0,0xe8,0x21,0xdd,0xae,0x46,0x21,0x30,0x0b,0x04,0x10,
    0x54,0x30,0xd8,0x70,0x43,0x80,0x0f,0x68,0x50,0x05,0x9e,0x41,0x05,0x43,0x4c,0x37,0x10,0xc1,0x30,0x4b,0x80,0x0e,0xc6,0x0f,
    0x7b,0x06,0x82,0x11,0x83,0x03,0x00,0x41,0x30,0xe8,0xf2,0xed,0xce,0x56,0x21,0xde,0x46,0x0c,0x0e,0x00,0x04,0xc1,0xa0,0xd3,
    0xb7,0x3a,0x0b,0x84,0x59,0x02,0x74,0x18,0xe8,0x20,0x34,0x72,0x10,0xce,0x01,0x31,0x87,0xe1,0x06,0x89,0xde,0xc0,0x60,0x96,
    0x41,0x1d,0xd2,0x21,0x30,0xd0,0xd9,0x33,0x18,0x8c,0x18,0x1c,0x00,0x08,0x82,0x01,0x1a,0xe4,0xdb,0x9f,0x89,0x58,0x30,0x9a,
    0x10,0x00,0xa3,0x09,0x42,0x30,0x9a,0x30,0x08,0xa3,0x09,0xc4,0x30,0x4b,0xb0,0x0e,0x23,0x06,0x0d,0x00,0x82,0x60,0x10,0x06,
    0x21,0x27,0x6a,0xa3,0xb3,0x12,0x7f,0x40,0x06,0x48,0xaa,0xa5,0x5a,0xaa,0x8d,0x26,0x04,0xc0,0x68,0x82,0x10,0x8c,0x26,0x0c,
    0xc2,0x68,0x02,0x31,0xcc,0x12,0xac,0xc3,0x40,0xc5,0x20,0xa5,0x03,0xa2,0x0e,0x03,0x15,0x83,0x94,0x0e,0x88,0x3a,0x0c,0x54,
    0x0c,0x52,0x3a,0x20,0xea,0x30,0x50,0x31,0x48,0xe9,0x80,0xa8,0xc3,0x70,0x43,0x38,0x90,0x5c,0x18,0xd8,0x98,0xed,0x43,0x7c,
    0xa6,0x1b,0xf8,0x21,0x10,0x2c,0x1d,0x02,0xf9,0x18,0x12,0xc8,0xc7,0x10,0x41,0x3e,0x86,0x0c,0xf2,0x31,0x84,0x90,0x8f,0x11,
    0xed,0x00,0x1f,0x23,0xda,0x01,0x3e,0x46,0xb4,0x03,0x7c,0x8c,0x68,0x07,0xf8,0x58,0x3b,0xc4,0x1c,0x0c,0x86,0x1b,0x02,0x92,
    0x40,0x83,0x59,0x86,0x59,0x60,0x87,0xc0,0xf6,0x61,0xe6,0x60,0x30,0xdc,0x10,0x98,0x04,0x1a,0xcc,0x32,0xc8,0x42,0x3b,0x04,
    0x26,0x12,0x35,0x07,0x83,0xe1,0x86,0x00,0x25,0xd0,0x60,0x96,0x21,0x16,0xdc,0x21,0x98,0x65,0x80,0x87,0x77,0x38,0x8b,0x11,
    0x03,0x03,0x00,0x41,0x30,0x78,0xc6,0x6e,0xd7,0xec,0xc2,0x96,0xb6,0x88,0x8f,0x2d,0x6d,0x11,0x1f,0x5b,0xda,0x22,0x3e,0xb6,
    0xb4,0x45,0x7c,0xac,0x20,0xe4,0x63,0x06,0x21,0x1f,0x3b,0x08,0xf9,0x18,0x42,0xc8,0xc7,0x88,0xba,0x80,0x8f,0x11,0x75,0x01,
    0x1f,0x23,0xea,0x02,0x3e,0x46,0xd4,0x05,0x7c,0x66,0x09,0xe0,0x61,0xa0,0x62,0x40,0xde,0xc1,0x0d,0xdc,0x61,0xa0,0x62,0x40,
    0xde,0xc1,0x0d,0xdc,0x61,0xa0,0x62,0x40,0xde,0xc1,0x0d,0xdc,0x61,0xa0,0x62,0x40,0xde,0xc1,0x0d,0xdc,0xa1,0xf2,0x02,0xed,
    0x60,0xba,0xa1,0xec,0xd2,0xae,0x34,0x86,0x1b,0x84,0x80,0x0c,0x66,0x19,0x58,0x21,0x8f,0x82,0x11,0x83,0x07,0x00,0x41,0x30,
    0xc0,0xe8,0x8e,0xdf,0xe4,0xa7,0x3c,0x74,0x28,0x87,0x70,0x28,0xd5,0xd4,0x4e,0xed,0xd4,0xae,0x37,0x46,0x13,0x02,0x60,0x34,
    0x41,0x08,0x46,0x13,0x06,0x61,0x34,0x81,0x18,0x66,0x09,0xf8,0x68,0x96,0x61,0x1e,0xe8,0xc1,0x8e,0x46,0x0c,0x0c,0x00,0x04,
    0xc1,0xe0,0xe1,0xbb,0x76,0x13,0xa5,0x11,0x03,0x03,0x00,0x41,0x30,0x78,0xfa,0xce,0xdd,0x44,0x69,0xc4,0xc0,0x00,0x40,0x10,
    0x0c,0x1e,0xbf,0x73,0x37,0x52,0x1a,0x31,0x30,0x00,0x10,0x04,0x83,0xe7,0xef,0xde,0x8d,0x94,0x66,0x09,0xe8,0x61,0xa0,0x62,
    0x40,0xe6,0x01,0xac,0x03,0x79,0x18,0xa8,0x18,0x90,0x79,0x10,0xeb,0x40,0x1e,0x06,0x2a,0x06,0x64,0x1e,0xc8,0x3a,0x90,0x87,
    0x81,0x8a,0x01,0x99,0x07,0xb3,0x0e,0xe4,0x61,0xb8,0x21,0xb4,0xe8,0x0e,0x0c,0x86,0x1b,0xfc,0x0a,0xef,0xc2,0xa0,0x84,0x40,
    0x87,0x1b,0x4e,0x8b,0xee,0xc8,0x60,0x96,0xa1,0x1e,0x48,0x46,0x18,0x31,0x30,0x00,0x10,0x04,0x83,0x07,0xf5,0xf2,0xcd,0x95,
    0x46,0x0c,0x0c,0x00,0x04,0xc1,0xe0,0x49,0x3d,0x7d,0x73,0xa5,0x11,0x03,0x03,0x00,0x41,0x30,0x78,0x54,0x4f,0xdf,0x60,0x69,
    0xc4,0xc0,0x00,0x40,0x10,0x0c,0x9e,0xd5,0xdb,0x37,0x58,0x32,0xd6,0xa2,0x37,0x18,0x8c,0x18,0x1c,0x00,0x08,0x82,0x01,0x1a,
    0x8c,0x5e,0xca,0xb1,0x5a,0x30,0x9a,0x10,0x00,0x17,0x10,0x66,0x34,0x61,0x18,0x2e,0x20,0x4c,0x05,0x7a,0xa7,0x25,0x80,0x1e,
    0x5e,0x30,0xa8,0x11,0x83,0x03,0x00,0x41,0x30,0x68,0x6c,0xaf,0xe6,0xcc,0x2d,0x98,0x65,0xb0,0x87,0x7d,0x78,0x86,0x59,0x08,
    0xdb,0xda,0x07,0xe9,0x1e,0x22,0x7c,0xa8,0xf2,0xe1,0xd2,0x87,0x11,0x83,0x03,0x00,0x41,0x30,0xd8,0x64,0x6f,0xe6,0x7c,0x2d,
    0xf5,0x46,0x13,0x02,0x60,0x34,0x41,0x08,0x46,0x13,0x86,0x61,0x96,0x60,0x1f,0x46,0x0c,0x0e,0x00,0x04,0xc1,0x60,0xb3,0xbd,
    0x9b,0x1b,0xb7,0xd6,0x1b,0x4d,0x08,0x80,0xd1,0x04,0x21,0x18,0x4d,0x18,0x86,0x59,0x82,0x7d,0x18,0x31,0x38,0x00,0x10,0x04,
    0x83,0x4d,0xf7,0x76,0x0e,0xdd,0x62,0x6f,0x34,0x21,0x00,0x46,0x13,0x84,0x60,0x34,0x61,0x18,0x66,0x09,0xf6,0x61,0xc4,0xe0,
    0x00,0x40,0x10,0x0c,0x36,0xdf,0xfb,0xb9,0x76,0xab,0xbd,0xd1,0x84,0x00,0x18,0x4d,0x10,0x82,0xd1,0x84,0x61,0x98,0x25,0xd8,
    0x87,0x81,0x1a,0x82,0xee,0x83,0x7a,0x30,0xf4,0xc1,0xc9,0x07,0x0b,0x1f,0xbc,0x7b,0x90,0xfb,0xc0,0x1e,0x06,0x6a,0x08,0xbb,
    0x0f,0xea,0xc1,0xd0,0x07,0x27,0x1f,0x2c,0x7c,0xf0,0xee,0x81,0xee,0x03,0x7b,0x18,0xa8,0x21,0xf0,0x3e,0xa8,0x07,0x43,0x1f,
    0x9c,0x7c,0xb0,0xf0,0xc1,0xbb,0x07,0xbb,0x0f,0xec,0xe1,0x86,0x41,0xdd,0x30,0x28,0x13,0xc6,0x40,0x3e,0x26,0x8c,0x81,0x7c,
    0x4c,0x10,0xe4,0x63,0x82,0x20,0x1f,0x0b,0x04,0xf8,0x8c,0x18,0x18,0x00,0x08,0x82,0xc1,0x03,0x7f,0x64,0x17,0x18,0x72,0x06,
    0xf2,0x31,0xe4,0x0c,0xe4,0x63,0x82,0x20,0x1f,0x13,0x04,0xf9,0x58,0x20,0xc0,0x67,0xc4,0xc0,0x00,0x40,0x10,0x0c,0x1e,0xfb,
    0x53,0xbb,0x60,0xc4,0xe0,0x00,0x40,0x10,0x0c,0x1a,0xfc,0xbb,0xbb,0x23,0x18,0x31,0x38,0x00,0x10,0x04,0x83,0x26,0xff,0xf0,
    0x2e,0x78,0xb9,0x11,0x03,0x03,0x00,0x41,0x30,0x78,0xf2,0x0f,0xed,0x02,0x0b,0xfa,0x09,0x3e,0x23,0x06,0x07,0x00,0x82,0x60,
    0xd0,0xf0,0xdf,0xde,0x05,0xfa,0x34,0x1c,0x11,0xb0,0x9c,0xf0,0x8d,0x26,0xc0,0x41,0x30,0x9a,0x10,0x07,0xc2,0x74,0x83,0x10,
    0x0c,0x17,0x10,0x66,0xb8,0x21,0x60,0x3f,0x30,0x18,0x8e,0x68,0x83,0x99,0x13,0xbe,0x0a,0x04,0x2d,0x24,0xd0,0x59,0x06,0x7e,
    0x00,0x8f,0xc0,0x1c,0x38,0xa0,0xcf,0x88,0xc1,0x01,0x80,0x20,0x18,0x34,0x27,0x18,0x94,0x9e,0x05,0x8d,0x18,0x1c,0x00,0x08,
    0x82,0x41,0x83,0x82,0xc1,0xe9,0x05,0xc2,0x88,0xc1,0x01,0x80,0x20,0x18,0x34,0x29,0x18,0xa0,0x5e,0x90,0x73,0x26,0x05,0xf4,
    0x19,0x31,0x30,0x00,0x10,0x04,0x83,0x47,0x05,0x83,0xb9,0x0b,0x46,0x0c,0x0e,0x00,0x04,0xc1,0xa0,0x61,0xc1,0x60,0xf5,0x02,
    0x9e,0x1b,0x31,0x38,0x00,0x10,0x04,0x83,0xa6,0x05,0x83,0xd5,0x0b,0xee,0xe0,0x02,0xc2,0x0c,0x47,0x78,0x98,0xf0,0x4d,0x37,
    0x9c,0x42,0x29,0x04,0xd3,0x0d,0xa7,0x50,0x0a,0xc2,0x11,0x83,0xb2,0x21,0xa0,0x8f,0x0d,0x02,0x7d,0x46,0x0c,0x0c,0x00,0x04,
    0xc1,0xe0,0xa1,0xc1,0x60,0xf4,0x18,0x0b,0x70,0x0a,0x3e,0x23,0x06,0x07,0x00,0x82,0x60,0xd0,0xdc,0x60,0x60,0x7b,0x41,0x4d,
    0x0d,0x37,0x28,0x2a,0x18,0x80,0xc1,0x2c,0xc3,0x6f,0xf4,0x43,0x30,0x4b,0xe0,0x0f,0x03,0x15,0x43,0x38,0xf5,0x06,0xac,0x07,
    0xfd,0x30,0x50,0x41,0x84,0x53,0x6f,0xe0,0xa0,0xd0,0x0f,0x17,0x0c,0xaa,0x9c,0xdc,0x83,0x0b,0x06,0x65,0x41,0xdc,0xc9,0xc7,
    0x88,0x20,0x3e,0x16,0x34,0xf2,0x31,0xa1,0x91,0x8f,0x09,0x24,0x05,0x1f,0x13,0x48,0x0a,0x3e,0xc3,0x0d,0xb1,0x60,0x83,0x01,
    0x18,0xcc,0x32,0x80,0xc4,0x3f,0x04,0xc5,0x07,0xe2,0x07,0x17,0x0c,0x6a,0xc4,0xe0,0x00,0x40,0x10,0x0c,0x9a,0x33,0x0c,0xcc,
    0x0f,0xb2,0xbb,0x11,0x83,0x03,0x00,0x41,0x30,0x68,0xd0,0x30,0x30,0xbf,0x40,0x98,0x25,0x00,0x89,0x81,0x8a,0x41,0xf8,0x07,
    0x78,0x0f,0xfc,0x61,0xb8,0xe1,0x16,0x72,0x30,0x08,0x83,0xe1,0x06,0x5c,0xa8,0xc1,0x20,0x0c,0x4a,0x08,0x74,0x96,0x21,0x24,
    0xda,0x22,0x30,0x02,0xf4,0xe0,0x33,0x62,0x60,0x00,0x20,0x08,0x06,0x4f,0x1b,0x06,0xe8,0x17,0x5c,0x40,0x98,0x59,0x06,0x91,
    0x38,0x09,0x74,0x18,0x66,0x21,0xde,0xec,0x24,0xa4,0x91,0x88,0x48,0xa2,0x2a,0x89,0xcb,0x24,0x46,0x0c,0x0e,0x00,0x04,0xc1,
    0x60,0x5b,0xc3,0x80,0xfd,0xee,0x2e,0x18,0x4d,0x08,0x80,0xd1,0x04,0x21,0x98,0x25,0x38,0x89,0x11,0x83,0x03,0x00,0x41,0x30,
    0xd8,0xdc,0x30,0x78,0xbf,0xbd,0x23,0x46,0x13,0x02,0x60,0x34,0x41,0x08,0x66,0x09,0x4e,0x62,0xc4,0xe0,0x00,0x40,0x10,0x0c,
    0xb6,0x38,0x0c,0xe4,0xef,0xef,0x8e,0xd1,0x84,0x00,0x18,0x4d,0x10,0x82,0x59,0x82,0x93,0x18,0x31,0x38,0x00,0x10,0x04,0x83,
    0x8d,0x0e,0x83,0xfa,0x1b,0x3d,0x65,0x34,0x21,0x00,0x46,0x13,0x84,0x60,0x96,0xe0,0x24,0x06,0x6a,0x08,0x5f,0x14,0x42,0x82,
    0x30,0x09,0xa5,0x24,0x20,0x92,0xb0,0x46,0x82,0x17,0x05,0x91,0x18,0xa8,0x21,0xc0,0x51,0x08,0x09,0xc2,0x24,0x94,0x92,0x80,
    0x48,0xc2,0x1a,0x09,0x5f,0x14,0x44,0xe2,0x84,0x41,0x9d,0x30,0x28,0x13,0x3c,0xf9,0x98,0xe0,0xc9,0xc7,0x04,0xda,0x83,0x8f,
    0x09,0xb5,0x07,0x9f,0x11,0x03,0x03,0x00,0x41,0x30,0x78,0x46,0x31,0xf0,0x3f,0x61,0xc4,0xc0,0x00,0x40,0x10,0x0c,0x1e,0x52,
    0x0c,0xfe,0x4f,0x38,0x81,0x40,0x27,0x10,0x68,0xc4,0xc0,0x00,0x40,0x10,0x0c,0x9e,0x53,0x0c,0xfe,0xcf,0x18,0x31,0x30,0x00,
    0x10,0x04,0x83,0x07,0x15,0x03,0x10,0x0c,0x8c,0x59,0x02,0x94,0x18,0xa8,0x18,0xe4,0x3e,0x38,0x89,0xd5,0x60,0x8b,0x81,0x0a,
    0x42,0x1f,0x85,0x93,0x78,0x0d,0xb6,0x98,0x25,0x48,0x89,0x81,0x8a,0x81,0x40,0x89,0xd3,0x58,0x8b,0x81,0x0a,0xc2,0x1f,0x05,
    0x94,0x38,0x8d,0xb5,0x18,0x6e,0x08,0x40,0x31,0x08,0x03,0xfb,0xbd,0x23,0x3e,0xd3,0x0d,0x48,0x20,0x0c,0x37,0x18,0xa3,0x18,
    0x84,0x81,0x89,0x5f,0x12,0x9f,0xe9,0x06,0x25,0x10,0x8c,0x08,0xe4,0x53,0xc8,0x03,0xb5,0x3c,0x50,0x27,0xe1,0x87,0x81,0x0e,
    0x37,0x04,0xa4,0x18,0x80,0xc1,0x2c,0x83,0x4a,0xac,0x44,0x30,0xdc,0x40,0x74,0x67,0x50,0x85,0x0b,0x06,0x78,0x02,0x21,0x2a,
    0x10,0x76,0x96,0x60,0x25,0x06,0x2a,0x08,0x41,0x25,0x7c,0x52,0x48,0x89,0xe1,0x86,0x23,0x16,0x03,0x30,0x98,0x65,0x60,0x89,
    0x96,0x08,0x4a,0x19,0x03,0xb3,0x80,0x0c,0x40,0x50,0x41,0x19,0xd8,0x2c,0x01,0x4c,0x0c,0x37,0x2c,0xb1,0x18,0x80,0xc1,0x2c,
    0x83,0x4b,0xbc,0x44,0x50,0x67,0x60,0x8b,0xc1,0xd5,0x13,0x98,0x05,0x02,0x08,0x2a,0x18,0x6c,0xb8,0x21,0x58,0x03,0x34,0xa8,
    0xa2,0x0c,0x03,0xa8,0x60,0x88,0xe9,0x06,0x22,0x18,0x66,0x09,0x60,0xc2,0xde,0x00,0x0d,0x03,0x10,0x8c,0x18,0x1c,0x00,0x08,
    0x82,0x41,0x67,0x8e,0x01,0x19,0x06,0x97,0x2f,0x06,0x23,0x06,0x07,0x00,0x82,0x60,0xd0,0x9d,0x63,0x20,0x86,0x41,0x20,0xcc,
    0x12,0xc0,0xc4,0x40,0x07,0xa1,0xb1,0x84,0xf0,0x12,0x88,0x4b,0xd4,0x4f,0xec,0x62,0x80,0x15,0xdc,0x62,0xa0,0xc3,0x0d,0x41,
    0x2f,0x06,0x60,0x30,0xcb,0x10,0x13,0x32,0x11,0x0c,0x37,0x54,0xe4,0x18,0x84,0xc1,0x70,0x43,0x57,0x8e,0x01,0x1a,0x54,0x20,
    0xec,0x70,0xc3,0x87,0x07,0x67,0x50,0x81,0xb0,0x17,0x10,0x62,0x96,0x40,0x26,0x06,0x2a,0x08,0x21,0x26,0xec,0x00,0x26,0x86,
    0x1b,0x12,0x76,0x0c,0xc0,0x60,0x96,0x61,0x26,0x68,0x22,0x28,0x32,0xe8,0x03,0xb3,0xc0,0x0f,0x40,0x50,0xc1,0x1f,0xd8,0x2c,
    0xc1,0x4d,0x0c,0x37,0x34,0xec,0x18,0x80,0xc1,0x2c,0x43,0x4d,0xd8,0x44,0x50,0xa1,0x10,0x8f,0xc1,0x55,0x1a,0x04,0x66,0x81,
    0x00,0x82,0x0a,0x06,0x1b,0x6e,0x08,0x4a,0x01,0x0d,0xaa,0x00,0xc5,0x00,0x2a,0x18,0x62,0xba,0x81,0x08,0x86,0x59,0x82,0x9b,
    0xb0,0x54,0x18,0xc5,0x00,0x04,0x23,0x06,0x07,0x00,0x82,0x60,0xd0,0x85,0x64,0xf0,0x87,0x41,0x1c,0xe4,0x63,0x30,0x62,0x70,
    0x00,0x20,0x08,0x06,0x9d,0x48,0x06,0x7d,0x18,0x04,0xc2,0x2c,0xc1,0x4d,0x0c,0x74,0x10,0xda,0x4c,0x08,0x36,0x81,0xd4,0x84,
    0xa5,0x9c,0x28,0x06,0x30,0x18,0x31,0x38,0x00,0x10,0x04,0x03,0x34,0x00,0xc9,0xc0,0x14,0x83,0x14,0x0c,0x82,0xd1,0x84,0x00,
    0x18,0x6e,0xa8,0xfe,0x31,0x00,0x83,0x32,0x8d,0x40,0x67,0x19,0x70,0xa2,0x27,0x82,0x61,0x16,0xc2,0xe5,0x7a,0x42,0xca,0x89,
    0x48,0x27,0xaa,0x9d,0xb8,0x78,0x62,0xc4,0xa0,0x01,0x40,0x10,0x0c,0xc2,0xe0,0x24,0x03,0x54,0x0c,0x6c,0x30,0x00,0x87,0x30,
    0x30,0x5e,0x31,0x78,0xc5,0xe0,0x15,0x83,0x57,0x0c,0x46,0x13,0x02,0x60,0x96,0xa0,0x27,0x46,0x0c,0x1a,0x00,0x04,0xc1,0x20,
    0x0c,0x52,0x32,0x50,0xc5,0x20,0x07,0x03,0x71,0x18,0x03,0x24,0x16,0x83,0x58,0x0c,0x62,0x31,0x88,0xc5,0x60,0x34,0x21,0x00,
    0x66,0x09,0x7a,0x62,0xc4,0xa0,0x01,0x40,0x10,0x0c,0xc2,0x60,0x25,0x03,0x56,0x0c,0x78,0x30,0x20,0x87,0x32,0x50,0x66,0x31,
    0x98,0xc5,0x60,0x16,0x83,0x59,0x0c,0x46,0x13,0x02,0x60,0x96,0xa0,0x27,0x46,0x0c,0x1a,0x00,0x04,0xc1,0x20,0x0c,0x5a,0x32,
    0x70,0xc5,0xe0,0x07,0x03,0x73,0x38,0x03,0xa6,0x16,0x83,0x5a,0x0c,0x6a,0x31,0xa8,0xc5,0x60,0x34,0x21,0x00,0x66,0x09,0x7a,
    0x62,0xa0,0x66,0xb0,0x6e,0x82,0x15,0x05,0x9c,0x10,0x78,0xc2,0xd8,0x09,0x45,0x27,0x9c,0x9c,0x18,0x6e,0x80,0xb9,0x95,0x0c,
    0xc0,0x60,0x96,0xc1,0x27,0x7e,0x22,0x18,0x8e,0xc8,0x2f,0x81,0xf8,0xa6,0x1b,0xd4,0x30,0x48,0xc3,0x20,0x98,0x25,0x58,0x8b,
    0xe1,0x86,0x99,0x53,0xc9,0x00,0x0c,0x66,0x19,0xc0,0x22,0x2c,0x82,0xe1,0x08,0xfe,0x2a,0x8a,0x6f,0xba,0xa1,0x0d,0x03,0x36,
    0x0c,0x82,0x59,0x82,0xb5,0x18,0x6e,0xb0,0xb9,0x95,0x0c,0xc0,0x60,0x96,0x41,0x2c,0xc6,0x22,0x18,0x8e,0xf8,0x2f,0x24,0xf8,
    0xa6,0x1b,0xe0,0x30,0x78,0xc3,0x20,0x98,0x25,0x58,0x8b,0xe1,0x86,0x9c,0x6b,0xc9,0x00,0x0c,0x66,0x19,0xc8,0xa2,0x2c,0x82,
    0xe1,0x08,0x11,0x5b,0x86,0x6f,0xba,0x61,0x0e,0x03,0x39,0x0c,0x82,0x59,0x82,0xb5,0x18,0x6e,0xe0,0xb9,0x97,0x0c,0xc0,0x60,
    0x96,0xc1,0x2c,0xce,0x22,0x18,0x8e,0x28,0x31,0x47,0xf8,0xa6,0x1b,0xec,0x30,0xa8,0xc3,0x20,0x98,0x25,0x58,0x8b,0xe1,0x86,
    0x9f,0xbb,0xc9,0x00,0x0c,0x66,0x19,0xd0,0x22,0x2d,0x82,0xe1,0x08,0x14,0x8b,0x9c,0x6f,0xba,0x21,0x0f,0x03,0x3c,0x0c,0x82,
    0x59,0x82,0xb5,0x18,0x6e,0x10,0x3b,0x9a,0x0c,0xc0,0x60,0x96,0x61,0x2d,0xd4,0x22,0x18,0x6e,0x18,0x3b,0x9e,0x0c,0xc0,0x60,
    0xba,0x81,0x0f,0x83,0x2a,0x98,0x25,0x58,0x8b,0x81,0xa2,0xc1,0x0c,0x7c,0x02,0x0c,0xc0,0x42,0x13,0x0b,0x8a,0x2c,0x1c,0xb3,
    0x40,0xd0,0x02,0x1f,0x85,0xb4,0x10,0xd4,0xc2,0x74,0x21,0x90,0x8f,0x05,0xe3,0x00,0x1f,0x1b,0x87,0xb1,0x0c,0x60,0x30,0xdc,
    0x10,0x80,0x65,0x00,0x06,0xb3,0x0c,0x6c,0x91,0x12,0x81,0x9d,0x43,0x59,0x06,0x30,0x18,0x6e,0x08,0xc4,0x32,0x00,0x83,0x59,
    0x86,0xdd,0x40,0x89,0x60,0xc4,0xc0,0x00,0x40,0x10,0x0c,0x9e,0xb9,0x0c,0xdc,0x31,0x58,0x89,0x0b,0x08,0x53,0xad,0x31,0x8f,
    0x01,0x94,0xa0,0x96,0x01,0x8c,0x18,0x1c,0x00,0x08,0x82,0x41,0x27,0x97,0xc1,0x38,0x06,0x81,0x30,0x62,0x60,0x00,0x20,0x08,
    0x06,0x0f,0x5e,0x06,0xf0,0x18,0xc0,0x84,0xa9,0x62,0x10,0xc4,0x67,0x96,0xc0,0x2d,0x06,0x2a,0x06,0x9a,0x14,0xda,0xa2,0x46,
    0x74,0x63,0xa0,0x82,0xe0,0x55,0xa1,0x2d,0x6a,0x44,0x37,0x86,0x1b,0x82,0xb7,0x0c,0xc0,0x60,0xba,0x21,0x31,0x82,0x59,0x86,
    0xb7,0xa0,0x8b,0xfb,0x18,0x66,0x21,0xfc,0x8e,0x2e,0x24,0xb8,0x88,0xe2,0xa2,0x92,0x8b,0x6b,0x2e,0x46,0x0c,0x0e,0x00,0x04,
    0xc1,0x60,0xd3,0xcb,0x60,0x1f,0x03,0x53,0x0c,0x82,0xd1,0x84,0x00,0x18,0x4d,0x10,0x82,0x59,0x02,0xba,0x18,0x31,0x38,0x00,
    0x10,0x04,0x83,0xad,0x2f,0x03,0x7f,0x0c,0x54,0x31,0x20,0x46,0x13,0x02,0x60,0x34,0x41,0x08,0x66,0x09,0xe8,0x62,0xc4,0xe0,
    0x00,0x40,0x10,0x0c,0x36,0xd0,0x0c,0x42,0x32,0x70,0xc5,0xe0,0x18,0x4d,0x08,0x80,0xd1,0x04,0x21,0x98,0x25,0xa0,0x8b,0x11,
    0x83,0x03,0x00,0x41,0x30,0xd8,0x46,0x33,0x20,0xc9,0x40,0x16,0x03,0x65,0x34,0x21,0x00,0x46,0x13,0x84,0x60,0x96,0x80,0x2e,
    0x06,0x6a,0x08,0x7e,0x15,0xdc,0x82,0x98,0x0b,0x45,0x2e,0xa0,0xb8,0xb0,0xe0,0x42,0x5f,0x85,0xb7,0x18,0xa8,0x21,0xfc,0x55,
    0x70,0x0b,0x62,0x2e,0x14,0xb9,0x80,0xe2,0xc2,0x82,0x0b,0x7e,0x15,0xde,0xe2,0x84,0x41,0x9d,0x30,0x28,0x13,0xda,0x42,0x3e,
    0x26,0xb4,0x85,0x7c,0x4c,0x18,0xc7,0x00,0x3e,0x26,0x90,0x63,0x00,0x9f,0x11,0x03,0x03,0x00,0x41,0x30,0x78,0x64,0x33,0x68,
    0xc9,0x40,0x18,0x31,0x30,0x00,0x10,0x04,0x83,0x67,0x36,0x03,0x97,0x0c,0x84,0x13,0x08,0x74,0x02,0x81,0x46,0x0c,0x0c,0x00,
    0x04,0xc1,0xe0,0xb1,0xcd,0xc0,0x25,0x03,0x63,0xc4,0xc0,0x00,0x40,0x10,0x0c,0x9e,0xdb,0x0c,0x5e,0x32,0x30,0x66,0x09,0xea,
    0x62,0xa0,0x62,0x80,0x4d,0x81,0x2e,0x56,0x23,0x37,0x06,0x2a,0x08,0x9c,0x15,0xe8,0xe2,0x35,0x72,0x63,0x96,0xc0,0x2e,0x06,
    0x2a,0x06,0xa2,0x2e,0x4e,0x03,0x37,0x06,0x2a,0x08,0x9e,0x15,0xea,0xe2,0x34,0x70,0x63,0xb8,0x21,0x78,0xcd,0x20,0x0c,0xcc,
    0x1d,0x83,0x23,0x3e,0xd3,0x0d,0x48,0x20,0x0c,0x37,0x18,0xb2,0x19,0x84,0x81,0xc5,0x63,0x90,0xc4,0x67,0xba,0x41,0x09,0x04,
    0x23,0x02,0xf9,0x14,0xf2,0x40,0x2d,0x0f,0x94,0x8d,0xb4,0x66,0xa0,0xc3,0x0d,0xc1,0x6c,0x06,0x60,0x30,0xcb,0x70,0x17,0x78,
    0x11,0x0c,0x37,0x10,0xdd,0x19,0x54,0xd1,0x93,0x01,0x9e,0x40,0x88,0x0a,0x84,0x9d,0x25,0xc0,0x8b,0x81,0x0a,0x42,0xb8,0x0b,
    0xbe,0x15,0xec,0x62,0xb8,0xe1,0x00,0xcf,0x00,0x0c,0x66,0x19,0xf2,0x42,0x2f,0x82,0x52,0xc6,0xc0,0x2c,0x20,0x03,0x10,0x54,
    0x50,0x06,0x36,0x4b,0xd0,0x17,0xc3,0x0d,0x0b,0x78,0x06,0x60,0x30,0xcb,0xb0,0x17,0x7c,0x11,0xd4,0x19,0x94,0x67,0x70,0xf5,
    0x04,0x66,0x81,0x00,0x82,0x0a,0x06,0x1b,0x6e,0x08,0xd6,0x00,0x0d,0xaa,0xa0,0xcb,0x00,0x2a,0x18,0x62,0xba,0x81,0x08,0x86,
    0x59,0x82,0xbe,0xb0,0x37,0xb8,0xcb,0x00,0x04,0x23,0x06,0x07,0x00,0x82,0x60,0xd0,0xd5,0x67,0x30,0x97,0xc1,0xd5,0x9e,0xc1,
    0x88,0xc1,0x01,0x80,0x20,0x18,0x74,0xf6,0x19,0xc4,0x65,0x10,0x08,0xb3,0x04,0x7d,0x31,0xd0,0x41,0x68,0x79,0x21,0xf0,0x05,
    0xb2,0x17,0xe5,0x26,0xea,0x19,0x60,0x05,0xe6,0x19,0xe8,0x70,0x43,0xc0,0x9e,0x01,0x18,0xcc,0x32,0xf8,0xc5,0x5f,0x04,0xc3,
    0x0d,0xd5,0x7c,0x06,0x61,0x30,0xdc,0xd0,0xd1,0x67,0x80,0x06,0x15,0x08,0x3b,0xdc,0xf0,0xe1,0xc1,0x19,0x54,0x20,0xec,0x05,
    0x84,0x98,0x25,0xf8,0x8b,0x81,0x0a,0x42,0xf0,0x0b,0x3b,0xe8,0x8b,0xe1,0x86,0x64,0x3f,0x03,0x30,0x98,0x65,0x00,0x8d,0xd0,
    0x08,0x8a,0x0c,0xfa,0xc0,0x2c,0xf0,0x03,0x10,0x54,0xf0,0x07,0x36,0x4b,0x40,0x1a,0xc3,0x0d,0xcd,0x7e,0x06,0x60,0x30,0xcb,
    0x20,0x1a,0xa3,0x11,0x54,0x28,0x80,0x68,0x70,0x95,0x06,0x81,0x59,0x20,0x80,0xa0,0x82,0xc1,0x86,0x1b,0x82,0x52,0x40,0x83,
    0x2a,0x5e,0x33,0x80,0x0a,0x86,0x98,0x6e,0x20,0x82,0x61,0x96,0x80,0x34,0x2c,0x15,0x64,0x33,0x00,0xc1,0x88,0xc1,0x01,0x80,
    0x20,0x18,0x74,0x30,0x1a,0xb8,0x66,0x10,0x07,0x28,0x1a,0x8c,0x18,0x1c,0x00,0x08,0x82,0x41,0x17,0xa3,0x01,0x6b,0x06,0x81,
    0x30,0x4b,0x40,0x1a,0x03,0x1d,0x84,0x06,0x1a,0xc2,0x68,0x20,0xa2,0x61,0x38,0x18,0xc4,0x66,0x00,0x83,0x11,0x83,0x03,0x00,
    0x41,0x30,0x40,0x83,0x17,0x0d,0x6a,0x33,0xc0,0xc9,0x20,0x18,0x4d,0x08,0x80,0xe1,0x86,0xca,0x45,0x03,0x30,0xa8,0x5a,0x09,
    0x74,0x96,0xa1,0x34,0x54,0x23,0x18,0x66,0x21,0x7a,0x30,0x50,0x0d,0xc9,0x34,0xa2,0xd3,0xa8,0x50,0xe3,0x4a,0x8d,0x11,0x83,
    0x06,0x00,0x41,0x30,0x08,0x03,0x1b,0x0d,0x6e,0x33,0x28,0xcb,0x00,0x1c,0xc2,0xc0,0xf0,0xcd,0xc0,0x37,0x03,0xdf,0x0c,0x7c,
    0x33,0x18,0x4d,0x08,0x80,0x59,0x02,0xd5,0x18,0x31,0x68,0x00,0x10,0x04,0x83,0x30,0xc0,0xd1,0x20,0x37,0x03,0xb4,0x0c,0xc4,
    0x61,0x0c,0x10,0xf0,0x0c,0xc0,0x33,0x00,0xcf,0x00,0x3c,0x83,0xd1,0x84,0x00,0x98,0x25,0x50,0x8d,0x11,0x83,0x06,0x00,0x41,
    0x30,0x08,0x03,0x1d,0x0d,0x76,0x33,0x58,0xcb,0x80,0x1c,0xca,0x40,0x11,0xcf,0x40,0x3c,0x03,0xf1,0x0c,0xc4,0x33,0x18,0x4d,
    0x08,0x80,0x59,0x02,0xd5,0x18,0x31,0x68,0x00,0x10,0x04,0x83,0x30,0xe0,0xd1,0xa0,0x37,0x03,0xb7,0x0c,0xcc,0xe1,0x0c,0x18,
    0xf2,0x0c,0xc8,0x33,0x20,0xcf,0x80,0x3c,0x83,0xd1,0x84,0x00,0x98,0x25,0x50,0x8d,0x81,0x9a,0xc1,0x22,0x0d,0x75,0x15,0x4a,
    0x43,0x48,0x0d,0x03,0x35,0x94,0xd3,0x70,0x4c,0x63,0xb8,0xe1,0x07,0x03,0x1d,0x0d,0xc0,0x60,0x96,0x61,0x35,0x58,0x23,0x18,
    0x8e,0x40,0x39,0x81,0xf8,0xa6,0x1b,0xf2,0x32,0xc0,0xcb,0x20,0x98,0x25,0xc0,0x8d,0xe1,0x06,0x31,0x0c,0x72,0x34,0x00,0x83,
    0x59,0x86,0xd6,0x70,0x8d,0x60,0x38,0x62,0xe5,0x8a,0xe2,0x9b,0x6e,0xe0,0xcb,0x60,0x2f,0x83,0x60,0x96,0x00,0x37,0x86,0x1b,
    0xca,0x30,0xd0,0xd1,0x00,0x0c,0x66,0x19,0x5e,0x03,0x36,0x82,0xe1,0x08,0x97,0x43,0x82,0x6f,0xba,0xe1,0x2f,0x03,0xbf,0x0c,
    0x82,0x59,0x02,0xdc,0x18,0x6e,0x40,0xc3,0x80,0x47,0x03,0x30,0x98,0x65,0x88,0x0d,0xd9,0x08,0x86,0x23,0x62,0x6e,0x19,0xbe,
    0xe9,0x06,0xd1,0x0c,0x42,0x33,0x08,0x66,0x09,0x70,0x63,0xb8,0x61,0x0d,0x03,0x1f,0x0d,0xc0,0x60,0x96,0x61,0x36,0x68,0x23,
    0x18,0x8e,0xa0,0x39,0x47,0xf8,0xa6,0x1b,0x4a,0x33,0x20,0xcd,0x20,0x98,0x25,0xc0,0x8d,0xe1,0x06,0x37,0x0c,0xcc,0x34,0x00,
    0x83,0x59,0x86,0xda,0xb0,0x8d,0x60,0x38,0xe2,0xe6,0x22,0xe7,0x9b,0x6e,0x40,0xcd,0xe0,0x34,0x83,0x60,0x96,0x00,0x37,0x86,
    0x1b,0xe2,0x30,0x18,0xd3,0x00,0x0c,0x66,0x19,0x70,0xe3,0x36,0x82,0xe1,0x06,0x39,0x0c,0xd6,0x34,0x00,0x83,0xe9,0x86,0xd5,
    0x0c,0xaa,0x60,0x96,0x00,0x37,0x06,0x8a,0x06,0x33,0x58,0x0d,0x30,0x68,0x0d,0xed,0x35,0xa8,0xd8,0x70,0x66,0x03,0xa9,0x0d,
    0x9b,0x15,0x6c,0x43,0xb8,0x0d,0xd3,0x85,0x40,0x3e,0x16,0x8c,0x03,0x7c,0x6c,0x1c,0xe4,0x34,0x80,0xc1,0x70,0x43,0xf0,0xa6,
    0x01,0x18,0xcc,0x32,0xe4,0x86,0x5d,0x04,0x76,0x0e,0x74,0x1a,0xc0,0x60,0xb8,0x21,0x88,0xd3,0x00,0x0c,0x66,0x19,0x74,0xa3,
    0x2e,0x82,0xe9,0x86,0x94,0x50,0x09,0x93,0x30,0x23,0x90,0x8f,0x05,0x2a,0x01,0x1f,0x53,0x89,0x3c,0x0d,0x60,0x30,0xdc,0x10,
    0xd8,0x69,0x00,0x06,0xb3,0x0c,0xbc,0xe1,0x16,0xc1,0x2c,0x41,0x6f,0xcc,0x12,0xf4,0xc6,0x40,0xc5,0x20,0x27,0xbb,0x61,0xf0,
    0x86,0x05,0x70,0x02,0x1f,0x83,0x93,0x3e,0x0d,0x20,0x30,0xdc,0x10,0xf4,0x09,0x18,0xcc,0x32,0xf8,0x86,0x3f,0x04,0xb3,0x04,
    0xbf,0x31,0x50,0x31,0xd8,0xad,0xc0,0x0f,0x86,0x6f,0x58,0xb0,0x27,0xf4,0x99,0x25,0xe0,0xa3,0xe1,0x86,0x56,0x09,0xd5,0x20,
    0x0c,0x86,0x1b,0xf8,0x25,0x54,0x03,0x30,0x98,0x65,0x10,0x8f,0xf0,0x08,0xea,0x5c,0x5a,0x34,0x80,0x0b,0x06,0x35,0x62,0x70,
    0x00,0x20,0x08,0x06,0x8d,0xac,0x06,0x31,0x1a,0xd8,0x4a,0x78,0x06,0x23,0x06,0x07,0x00,0x82,0x60,0xd0,0xcc,0x6a,0x10,0xa3,
    0x41,0x20,0xcc,0x12,0x88,0xc7,0x40,0xc5,0x20,0x84,0x87,0xe9,0x0a,0xe0,0x31,0xdc,0x20,0x32,0xa4,0x1a,0x84,0xc1,0x70,0xc3,
    0xc8,0x80,0x6a,0x10,0x06,0x25,0x04,0x3a,0xcb,0x30,0x1e,0x72,0x12,0x18,0xb1,0x9e,0x01,0x7c,0x46,0x0c,0x0c,0x00,0x04,0xc1,
    0xe0,0xc1,0xd5,0x60,0x46,0x83,0xe0,0x02,0xc2,0xcc,0x32,0x90,0x47,0x7a,0xcc,0xcc,0x30,0x0b,0xa1,0x8b,0x41,0x7a,0x48,0xe5,
    0x11,0x99,0x47,0x75,0x1e,0x17,0x7a,0x8c,0x18,0x1c,0x00,0x08,0x82,0xc1,0x66,0xab,0xc1,0x8d,0x06,0xe2,0x19,0x04,0xa3,0x09,
    0x01,0x30,0x9a,0x20,0x04,0xb3,0x04,0xe9,0x31,0x62,0x70,0x00,0x20,0x08,0x06,0x5b,0xae,0x06,0x3a,0x1a,0x98,0x67,0x40,0x8c,
    0x26,0x04,0xc0,0x68,0x82,0x10,0xcc,0x12,0xa4,0xc7,0x88,0xc1,0x01,0x80,0x20,0x18,0x6c,0xbc,0x1a,0xf4,0x68,0xa0,0x9e,0xc1,
    0x31,0x9a,0x10,0x00,0xa3,0x09,0x42,0x30,0x4b,0x90,0x1e,0x23,0x06,0x07,0x00,0x82,0x60,0xb0,0xfd,0x6a,0x00,0xa6,0x81,0x7b,
    0x06,0xca,0x68,0x42,0x00,0x8c,0x26,0x08,0xc1,0x2c,0x41,0x7a,0x0c,0xd4,0x10,0x74,0x2d,0x8c,0x07,0x81,0x1e,0xca,0x79,0x40,
    0xe6,0x61,0x95,0x87,0x5c,0x0b,0xe4,0x31,0x50,0x43,0xd8,0xb5,0x30,0x1e,0x04,0x7a,0x28,0xe7,0x01,0x99,0x87,0x55,0x1e,0x74,
    0x2d,0x90,0xc7,0x09,0x83,0x3a,0x61,0x50,0x26,0xb4,0x9e,0x7c,0x4c,0x68,0x3d,0xf9,0xcc,0x32,0xb0,0x88,0x7a,0x7c,0x23,0x06,
    0x06,0x00,0x82,0x60,0xf0,0xb0,0x6b,0x70,0xa6,0x81,0x30,0x62,0x60,0x00,0x20,0x08,0x06,0x4f,0xbb,0x06,0x68,0x1a,0x08,0x27,
    0x10,0xe8,0x04,0x02,0x55,0xd8,0xe0,0x6a,0xa0,0xc3,0x0d,0x81,0xaf,0x06,0x60,0x30,0xcb,0xb0,0x1e,0xec,0x11,0x0c,0x37,0x10,
    0xcc,0x19,0x54,0x81,0xa6,0x01,0x9e,0x40,0x88,0x0a,0x84,0x9d,0x25,0x60,0x8f,0x81,0x0a,0x42,0x58,0x0f,0xd9,0x16,0xd4,0x63,
    0xb8,0xe1,0x58,0xd7,0x00,0x0c,0x66,0x19,0xda,0xc3,0x3d,0x82,0x52,0x24,0xb3,0x60,0x02,0x41,0x05,0x94,0xcd,0x12,0xc4,0xc7,
    0x70,0xc3,0xb2,0xae,0x01,0x18,0xcc,0x32,0xbc,0x07,0x7c,0x04,0x65,0xc1,0x6b,0x70,0xf5,0x04,0x66,0x81,0x00,0x82,0x0a,0x06,
    0x1b,0x6e,0x08,0x34,0x34,0xa8,0xe2,0x4f,0x03,0xa8,0x60,0x88,0xe9,0x06,0x22,0x18,0x66,0x09,0xe2,0xc3,0x3c,0x51,0x0d,0x40,
    0x30,0x62,0x70,0x00,0x20,0x08,0x06,0x1d,0xc8,0x06,0x7e,0x1a,0x5c,0xf8,0x1a,0x8c,0x18,0x1c,0x00,0x08,0x82,0x41,0x17,0xb2,
    0x01,0x9f,0x06,0x81,0x30,0x4b,0x10,0x1f,0x03,0x1d,0x84,0xd6,0x1e,0x02,0x7c,0x20,0xef,0x51,0x79,0x53,0xaf,0x01,0x56,0x10,
    0xaf,0x81,0x0e,0x37,0x04,0xf7,0x1a,0x80,0xc1,0x2c,0x83,0x7c,0xcc,0x47,0x30,0xdc,0x50,0xf9,0x6b,0x10,0x06,0xc3,0x0d,0xdd,
    0xbf,0x06,0x68,0x50,0x81,0xb0,0xc3,0x0d,0xdf,0x19,0x9c,0x41,0x05,0xc2,0x5e,0x40,0x88,0x59,0x82,0xf9,0x18,0xa8,0x20,0x04,
    0xf9,0xb0,0x83,0xf8,0x18,0x6e,0x48,0x4c,0x36,0x00,0x83,0x59,0x06,0xfa,0xa8,0x8f,0xa0,0xc8,0x80,0x0d,0xcc,0x82,0x36,0x00,
    0x41,0x05,0x6e,0x60,0xb3,0x04,0xf8,0x31,0xdc,0xd0,0x98,0x6c,0x00,0x06,0xb3,0x0c,0xf6,0x71,0x1f,0x41,0xc1,0xc1,0xca,0x06,
    0x57,0x69,0x10,0x98,0x05,0x02,0x08,0x2a,0x18,0x6c,0xb8,0x21,0xa0,0x03,0x34,0xa8,0x42,0x57,0x03,0xa8,0x60,0x88,0xe9,0x06,
    0x22,0x18,0x66,0x09,0xf0,0xc3,0xf0,0xa0,0x57,0x03,0x10,0x8c,0x18,0x1c,0x00,0x08,0x82,0x41,0xb7,0xb3,0x41,0xae,0x06,0x71,
    0x30,0xb3,0xc1,0x88,0xc1,0x01,0x80,0x20,0x18,0x74,0x3c,0x1b,0xdc,0x6a,0x10,0x08,0xb3,0x04,0xf8,0x31,0xd0,0x41,0x68,0xf4,
    0x21,0xdc,0x07,0x62,0x1f,0x36,0x96,0x01,0xaf,0x06,0x30,0x18,0x31,0x38,0x00,0x10,0x04,0x03,0x34,0xd0,0xd9,0x00,0x5c,0x83,
    0x31,0x0d,0x82,0xd1,0x84,0x00,0x18,0x6e,0xa8,0x72,0x36,0x00,0x83,0x02,0x9f,0x40,0x67,0x19,0xf2,0xc3,0x3f,0x82,0x61,0x16,
    0x02,0x2d,0x03,0xff,0x90,0xf4,0x23,0xda,0x8f,0x8a,0x3f,0xae,0xfe,0x18,0x31,0x68,0x00,0x10,0x04,0x83,0x30,0x08,0xdb,0x40,
    0x5c,0x03,0x38,0x0d,0x5e,0x21,0x0c,0x8c,0x74,0x0d,0xd2,0x35,0x48,0xd7,0x20,0x5d,0x83,0xd1,0x84,0x00,0x98,0x25,0xf0,0x8f,
    0x11,0x83,0x06,0x00,0x41,0x30,0x08,0x83,0xb1,0x0d,0xc8,0x35,0x98,0xd3,0x20,0x16,0xc6,0x00,0x59,0xd7,0x60,0x5d,0x83,0x75,
    0x0d,0xd6,0x35,0x18,0x4d,0x08,0x80,0x59,0x02,0xff,0x18,0x31,0x68,0x00,0x10,0x04,0x83,0x30,0x28,0xdb,0xc0,0x5c,0x03,0x3b,
    0x0d,0x66,0xa1,0x0c,0x94,0x76,0x0d,0xda,0x35,0x68,0xd7,0xa0,0x5d,0x83,0xd1,0x84,0x00,0x98,0x25,0xf0,0x8f,0x11,0x83,0x06,
    0x00,0x41,0x30,0x08,0x83,0xb3,0x0d,0xd0,0x35,0xc8,0xd3,0xa0,0x16,0xce,0x80,0x79,0xd7,0xe0,0x5d,0x83,0x77,0x0d,0xde,0x35,
    0x18,0x4d,0x08,0x80,0x59,0x02,0xff,0x18,0xa8,0x19,0x2c,0xfc,0x00,0x69,0x21,0x3f,0x84,0xfe,0x30,0xf8,0x43,0xd9,0x0f,0x47,
    0x3f,0x86,0x1b,0xd4,0x32,0x28,0xdb,0x00,0x0c,0x66,0x19,0xfe,0x03,0x44,0x82,0xe1,0x88,0x19,0x0c,0x04,0xe2,0x9b,0x6e,0x20,
    0xd5,0x60,0x54,0x83,0x60,0x96,0x80,0x8f,0x86,0x1b,0xda,0x32,0x20,0xdb,0x00,0x0c,0x66,0x19,0x42,0x44,0x44,0x82,0xe1,0x08,
    0x1b,0x0c,0x8a,0xe2,0x9b,0x6e,0x38,0xd5,0xc0,0x54,0x83,0x60,0x96,0x80,0x8f,0x86,0x1b,0xe0,0x32,0x28,0xdb,0x00,0x0c,0x66,
    0x19,0x46,0x84,0x44,0x82,0xe1,0x88,0x1c,0x0c,0x90,0xe0,0x9b,0x6e,0x50,0xd5,0x20,0x55,0x83,0x60,0x96,0x80,0x8f,0x86,0x1b,
    0xe6,0x32,0x38,0xdb,0x00,0x0c,0x66,0x19,0x4a,0xc4,0x44,0x82,0xe1,0x08,0x1e,0x0c,0x96,0xe1,0x9b,0x6e,0x68,0xd5,0x80,0x55,
    0x83,0x60,0x96,0x80,0x8f,0x86,0x1b,0xec,0x32,0x48,0xdb,0x00,0x0c,0x66,0x19,0x4e,0x04,0x45,0x82,0xe1,0x88,0x1f,0x0c,0x1c,
    0xe1,0x9b,0x6e,0x80,0xd5,0xe0,0x55,0x83,0x60,0x96,0x80,0x8f,0x86,0x1b,0xf2,0x32,0x88,0xdb,0x00,0x0c,0x66,0x19,0x52,0x44,
    0x45,0x82,0xe1,0x08,0x31,0x0c,0x22,0xe7,0x9b,0x6e,0x98,0xd5,0x40,0x56,0x83,0x60,0x96,0x80,0x8f,0x86,0x1b,0xf8,0x32,0x70,
    0xdb,0x00,0x0c,0x66,0x19,0xf8,0x68,0x45,0x82,0xe1,0x86,0xbe,0x0c,0xec,0x36,0x00,0x83,0xe9,0x06,0x5b,0x0d,0xaa,0x60,0x96,
    0x80,0x8f,0x8c,0x17,0x72,0x35,0x80,0x8f,0xf1,0x82,0xae,0x06,0xf0,0x19,0x31,0x30,0x00,0x10,0x04,0x83,0x07,0x75,0x83,0x91,
    0x0d,0x84,0x11,0x03,0x03,0x00,0x41,0x30,0x78,0x52,0x37,0x20,0xd9,0x40,0x38,0x81,0x40,0x27,0x10,0x68,0xc4,0xc0,0x00,0x40,
    0x10,0x0c,0x1e,0xd6,0x0d,0x48,0x36,0x30,0x46,0x0c,0x0c,0x00,0x04,0xc1,0xe0,0x69,0xdd,0xa0,0x64,0x03,0x63,0x96,0xa0,0x45,
    0x06,0x2a,0x06,0xbe,0x16,0x58,0x64,0x35,0xe2,0x64,0xa0,0x82,0x20,0x79,0x81,0x45,0x5e,0x23,0x4e,0x66,0x09,0x5c,0x64,0xa0,
    0x62,0x20,0x5a,0xe4,0x34,0xe0,0x64,0xa0,0x82,0x40,0x79,0xa1,0x45,0x4e,0x03,0x4e,0x86,0x1b,0x82,0xd2,0x0d,0xc2,0xc0,0xc8,
    0x35,0x38,0xe2,0x33,0xdd,0x80,0x04,0xc2,0x70,0x83,0x81,0xba,0x41,0x18,0xd8,0xb9,0x06,0x49,0x7c,0xa6,0x1b,0x94,0x40,0x30,
    0x22,0x90,0x4f,0x21,0x0f,0xd4,0xf2,0x40,0xb1,0xd0,0xe8,0x06,0x3a,0xdc,0x10,0xa4,0x6e,0x00,0x06,0xb3,0x0c,0x2f,0x02,0x23,
    0xc1,0x70,0x03,0x71,0x0f,0x67,0x50,0xc5,0xcc,0x06,0x78,0x02,0x21,0x2a,0x10,0x76,0x96,0x00,0x46,0x06,0x2a,0x08,0xe1,0x45,
    0xd0,0x5e,0x70,0x91,0xe1,0x86,0xc3,0x76,0x03,0x30,0x98,0x65,0x88,0x11,0x19,0x09,0x4a,0xe9,0x07,0xb3,0xc0,0x1f,0x40,0x50,
    0xc1,0x3f,0xd8,0x2c,0x41,0x8d,0x0c,0x37,0x2c,0xb6,0x1b,0x80,0xc1,0x2c,0xc3,0x8c,0xd0,0x48,0x50,0x21,0xb1,0xbb,0xc1,0xd5,
    0x13,0x98,0x05,0x02,0x08,0x2a,0x18,0x6c,0xb8,0x21,0x28,0x09,0x34,0xa8,0x42,0x6d,0x03,0xa8,0x60,0x88,0xe9,0x06,0x22,0x18,
    0x66,0x09,0x6a,0xc4,0x52,0xa2,0x6d,0x03,0x10,0x8c,0x18,0x1c,0x00,0x08,0x82,0x41,0xb7,0xbe,0x41,0xda,0x06,0xd7,0xf8,0x06,
    0x23,0x06,0x07,0x00,0x82,0x60,0xd0,0xb1,0x6f,0x70,0xb6,0x41,0x20,0xcc,0x12,0xd4,0xc8,0x40,0x07,0xa1,0xc5,0x88,0x40,0x23,
    0xc8,0x8c,0x14,0x19,0x81,0x6f,0x80,0x15,0xf0,0x6e,0xa0,0xc3,0x0d,0x81,0xf8,0x06,0x60,0x30,0xcb,0x60,0x23,0x37,0x12,0x0c,
    0x37,0x54,0xe9,0x1b,0x84,0xc1,0x70,0x43,0xa7,0xbe,0x01,0x1a,0x54,0x20,0xec,0x70,0xc3,0x27,0x13,0x67,0x50,0x81,0xb0,0x17,
    0x10,0x62,0x96,0xe0,0x46,0x06,0x2a,0x08,0xc1,0x46,0xec,0xa0,0x46,0x86,0x1b,0x92,0xf8,0x0d,0xc0,0x60,0x96,0x01,0x47,0x72,
    0x24,0x28,0x32,0xb8,0x09,0xb3,0x00,0x27,0x40,0x50,0x41,0x4e,0xd8,0x2c,0x01,0x8f,0x0c,0x37,0x34,0xf1,0x1b,0x80,0xc1,0x2c,
    0x83,0x8e,0xec,0x48,0x50,0x3b,0x61,0xbf,0xc1,0x55,0x1a,0x04,0x66,0x81,0x00,0x82,0x0a,0x06,0x1b,0x6e,0x08,0x7e,0x02,0x0d,
    0xaa,0x28,0xdd,0x00,0x2a,0x18,0x62,0xba,0x81,0x08,0x86,0x59,0x02,0x1e,0xb1,0xb1,0x40,0xdd,0x00,0x04,0x23,0x06,0x07,0x00,
    0x82,0x60,0xd0,0x99,0x70,0x40,0xba,0x41,0x1c,0xf8,0x6f,0x30,0x62,0x70,0x00,0x20,0x08,0x06,0xdd,0x09,0x07,0xa2,0x1b,0x04,
    0xc2,0x2c,0x01,0x8f,0x0c,0x74,0x10,0x1a,0x8e,0x08,0x3b,0x82,0xe8,0x88,0xb9,0x68,0x70,0xba,0x01,0x0c,0x46,0x0c,0x0e,0x00,
    0x04,0xc1,0x00,0x0d,0x4a,0x38,0x58,0xdd,0xc0,0x65,0x83,0x60,0x34,0x21,0x00,0x86,0x1b,0x2a,0x12,0x0e,0xc0,0xa0,0x56,0x29,
    0xd0,0x59,0x86,0x1e,0x11,0x93,0x60,0x98,0x85,0x98,0xd1,0x40,0x4c,0x24,0x1f,0x89,0x7e,0xa4,0x02,0x93,0x2b,0x4c,0x46,0x0c,
    0x1a,0x00,0x04,0xc1,0x20,0x0c,0x58,0x38,0x68,0xdd,0x60,0x67,0x03,0xbd,0x08,0x03,0x83,0x76,0x03,0xda,0x0d,0x68,0x37,0xa0,
    0xdd,0x60,0x34,0x21,0x00,0x66,0x09,0xc4,0x64,0xc4,0xa0,0x01,0x40,0x10,0x0c,0xc2,0xc0,0x85,0x83,0xd7,0x0d,0x7c,0x36,0xe0,
    0x8b,0x31,0x40,0x6c,0x37,0xb0,0xdd,0xc0,0x76,0x03,0xdb,0x0d,0x46,0x13,0x02,0x60,0x96,0x40,0x4c,0x46,0x0c,0x1a,0x00,0x04,
    0xc1,0x20,0x0c,0x60,0x38,0x88,0xdd,0x20,0x6c,0x03,0xbf,0x28,0x03,0x05,0x77,0x03,0xdc,0x0d,0x70,0x37,0xc0,0xdd,0x60,0x34,
    0x21,0x00,0x66,0x09,0xc4,0x64,0xc4,0xa0,0x01,0x40,0x10,0x0c,0xc2,0x40,0x86,0x83,0xd9,0x0d,0xc8,0x36,0x00,0x8d,0x33,0x60,
    0x74,0x37,0xd0,0xdd,0x40,0x77,0x03,0xdd,0x0d,0x46,0x13,0x02,0x60,0x96,0x40,0x4c,0x06,0x6a,0x06,0x8b,0x47,0x6c,0x5d,0xe8,
    0x11,0x21,0x4c,0x0c,0x30,0x51,0x7e,0xc4,0xf1,0x91,0xe1,0x86,0x1a,0x0d,0x60,0x38,0x00,0x83,0x59,0x86,0x31,0x21,0x93,0x60,
    0x38,0xc2,0x1f,0x03,0x81,0xf8,0xa6,0x1b,0xde,0x36,0x70,0xdb,0x20,0x98,0x25,0x80,0x93,0xe1,0x06,0x1c,0x0d,0x5e,0x38,0x00,
    0x83,0x59,0x86,0x32,0x31,0x93,0x60,0x38,0x22,0x24,0x83,0xa2,0xf8,0xa6,0x1b,0xe4,0x36,0x88,0xdb,0x20,0x98,0x25,0x80,0x93,
    0xe1,0x86,0x1d,0x0d,0x60,0x38,0x00,0x83,0x59,0x86,0x33,0x41,0x93,0x60,0x38,0x82,0x24,0x03,0x24,0xf8,0xa6,0x1b,0xea,0x36,
    0xa0,0xdb,0x20,0x98,0x25,0x80,0x93,0xe1,0x06,0x1f,0x0d,0x64,0x38,0x00,0x83,0x59,0x86,0x34,0x51,0x93,0x60,0x38,0xe2,0x24,
    0x83,0x65,0xf8,0xa6,0x1b,0xf0,0x36,0xb8,0xdb,0x20,0x98,0x25,0x80,0x93,0xe1,0x86,0x30,0x0d,0x68,0x38,0x00,0x83,0x59,0x86,
    0x35,0x61,0x93,0x60,0x38,0x42,0x25,0x03,0x47,0xf8,0xa6,0x1b,0xf6,0x36,0xd0,0xdb,0x20,0x98,0x25,0x80,0x93,0xe1,0x06,0x32,
    0x0d,0x78,0x38,0x00,0x83,0x59,0x86,0x36,0x71,0x93,0x60,0x38,0xa2,0x25,0x83,0xc8,0xf9,0xa6,0x1b,0xfc,0x36,0xe8,0xdb,0x20,
    0x98,0x25,0x80,0x93,0xe1,0x86,0x33,0x0d,0x72,0x38,0x00,0x83,0x59,0x06,0x38,0x79,0x93,0x60,0xb8,0x01,0x4d,0x83,0x30,0x0e,
    0xc0,0x60,0xba,0x21,0x74,0x83,0x2a,0x98,0x25,0x80,0x93,0x81,0xa2,0xc1,0x0c,0xc6,0x04,0x0c,0xca,0x44,0x3b,0x13,0x2a,0x4d,
    0x9c,0x35,0x41,0xda,0x44,0xe4,0x05,0x37,0x11,0xde,0xc4,0x74,0x21,0x90,0x8f,0x05,0xe3,0x00,0x1f,0x1b,0x07,0x34,0x0e,0x60,
    0x30,0xdc,0x10,0x94,0x71,0x00,0x06,0xb3,0x0c,0x71,0xe2,0x22,0x81,0x9d,0x83,0x1a,0x07,0x30,0x18,0x6e,0x08,0xce,0x38,0x00,
    0x83,0x59,0x06,0x3d,0x6a,0x91,0x60,0xc4,0xc0,0x00,0x40,0x10,0x0c,0x1e,0x3c,0x0e,0xe6,0x37,0x28,0x8f,0x0b,0x08,0x53,0xb2,
    0x84,0xbf,0x01,0x94,0xf0,0xc6,0x01,0x8c,0x18,0x1c,0x00,0x08,0x82,0x41,0x77,0xc7,0x01,0xfa,0x06,0x81,0x30,0x62,0x60,0x00,
    0x20,0x08,0x06,0x4f,0x1f,0x07,0xf5,0x1b,0xa8,0xc7,0x2c,0xc1,0x9c,0x0c,0x54,0x0c,0x3c,0x2f,0xc8,0x49,0xeb,0x8c,0xcc,0x40,
    0x05,0x41,0x8e,0x83,0x9c,0xb4,0xce,0xc8,0x0c,0x37,0x04,0x73,0x1c,0x80,0xc1,0x74,0x03,0x52,0x04,0xb3,0x0c,0x74,0x92,0x27,
    0xfb,0x34,0xcc,0x42,0x88,0x6a,0x90,0x27,0x52,0x9d,0x44,0x76,0x52,0xdd,0xc9,0x85,0x27,0x23,0x06,0x07,0x00,0x82,0x60,0xb0,
    0xf9,0x71,0xf0,0xbf,0x81,0xea,0x06,0xc1,0x68,0x42,0x00,0x8c,0x26,0x08,0xc1,0x2c,0x41,0x9e,0x8c,0x18,0x1c,0x00,0x08,0x82,
    0xc1,0x16,0xca,0x81,0x08,0x07,0xae,0x1b,0x10,0xa3,0x09,0x01,0x30,0x9a,0x20,0x04,0xb3,0x04,0x79,0x32,0x62,0x70,0x00,0x20,
    0x08,0x06,0x1b,0x29,0x07,0x25,0x1c,0xc8,0x6e,0x70,0x8c,0x26,0x04,0xc0,0x68,0x82,0x10,0xcc,0x12,0xe4,0xc9,0x88,0xc1,0x01,
    0x80,0x20,0x18,0x6c,0xa7,0x1c,0xa0,0x70,0x60,0xbb,0x81,0x32,0x9a,0x10,0x00,0xa3,0x09,0x42,0x30,0x4b,0x90,0x27,0x03,0x35,
    0x04,0x49,0x0e,0x73,0x42,0xe0,0x89,0x72,0x27,0x90,0x9d,0x58,0x75,0x22,0x92,0x03,0x9d,0x0c,0xd4,0x10,0x26,0x39,0xcc,0x09,
    0x81,0x27,0xca,0x9d,0x40,0x76,0x62,0xd5,0x09,0x49,0x0e,0x74,0x72,0xc2,0xa0,0x4e,0x18,0x94,0x09,0x75,0x19,0xc8,0xc7,0x84,
    0xba,0x0c,0xe4,0x33,0xcb,0xc0,0x2b,0x7a,0x72,0x22,0x23,0x06,0x06,0x00,0x82,0x60,0xf0,0xd0,0x72,0xf0,0xc2,0x81,0x30,0x62,
    0x60,0x00,0x20,0x08,0x06,0x4f,0x2d,0x07,0x30,0x1c,0x08,0x27,0x10,0xe8,0x04,0x02,0x55,0x4a,0x81,0x72,0xa0,0xc3,0x0d,0x81,
    0x29,0x07,0x60,0x30,0xcb,0xb0,0x27,0x7c,0x12,0x0c,0x37,0x10,0xcc,0x19,0x54,0x01,0xc3,0x01,0x9e,0x40,0x88,0x0a,0x84,0x9d,
    0x25,0xe0,0x93,0x81,0x0a,0x42,0xd8,0x13,0xb1,0x1c,0xf4,0x64,0xb8,0xe1,0x98,0xe5,0x00,0x0c,0x66,0x19,0xfa,0xc4,0x4f,0x82,
    0x52,0x24,0xb3,0x60,0x02,0x41,0x05,0x94,0xcd,0x12,0x84,0xca,0x70,0xc3,0x32,0xcb,0x01,0x18,0xcc,0x32,0xfc,0x09,0xa8,0x04,
    0x65,0xe1,0x72,0x70,0xf5,0x04,0x66,0x81,0x00,0x82,0x0a,0x06,0x1b,0x6e,0x08,0x34,0x34,0xa8,0xe2,0x8c,0x03,0xa8,0x60,0x88,
    0xe9,0x06,0x22,0x18,0x66,0x09,0x42,0xc5,0x3c,0x35,0x0e,0x40,0x30,0x62,0x70,0x00,0x20,0x08,0x06,0x1d,0x3a,0x07,0x66,0x1c,
    0x5c,0xe0,0x1c,0x8c,0x18,0x1c,0x00,0x08,0x82,0x41,0x97,0xce,0x01,0x19,0x07,0x81,0x30,0x4b,0x10,0x2a,0x03,0x1d,0x84,0xd6,
    0x27,0x02,0xa8,0x20,0x7f,0x52,0x61,0xd5,0xcb,0x01,0x56,0x90,0xcb,0x81,0x0e,0x37,0x04,0xbf,0x1c,0x80,0xc1,0x2c,0x83,0xa8,
    0x8c,0x4a,0x30,0xdc,0x50,0x99,0x73,0x10,0x06,0xc3,0x0d,0xdd,0x39,0x07,0x68,0x50,0x81,0xb0,0xc3,0x0d,0xdf,0x19,0x9c,0x41,
    0x05,0xc2,0x5e,0x40,0x88,0x59,0x82,0x51,0x19,0xa8,0x20,0x04,0x51,0xb1,0x83,0x50,0x19,0x6e,0x48,0xdc,0x39,0x00,0x83,0x59,
    0x06,0x52,0x29,0x95,0xa0,0xc8,0x80,0x0d,0xcc,0x82,0x36,0x00,0x41,0x05,0x6e,0x60,0xb3,0x04,0xa8,0x32,0xdc,0xd0,0xb8,0x73,
    0x00,0x06,0xb3,0x0c,0xa6,0x72,0x2a,0x41,0xc1,0xc1,0x3c,0x07,0x57,0x69,0x10,0x98,0x05,0x02,0x08,0x2a,0x18,0x6c,0xb8,0x21,
    0xa0,0x03,0x34,0xa8,0x42,0x94,0x03,0xa8,0x60,0x88,0xe9,0x06,0x22,0x18,0x66,0x09,0x50,0xc5,0xf0,0xa0,0x94,0x03,0x10,0x8c,
    0x18,0x1c,0x00,0x08,0x82,0x41,0x37,0xd2,0x41,0x28,0x07,0x71,0xb0,0xcf,0xc1,0x88,0xc1,0x01,0x80,0x20,0x18,0x74,0x24,0x1d,
    0xfc,0x71,0x10,0x08,0xb3,0x04,0xa8,0x32,0xd0,0x41,0x68,0xa4,0x22,0x9c,0x0a,0x62,0x2a,0xb6,0xb2,0x01,0x29,0x07,0x30,0x18,
    0x31,0x38,0x00,0x10,0x04,0x03,0x34,0x10,0xe9,0x00,0x95,0x83,0x15,0x0e,0x82,0xd1,0x84,0x00,0x18,0x6e,0xa8,0x42,0x3a,0x00,
    0x83,0x42,0xad,0x40,0x67,0x19,0x52,0xc5,0x55,0x82,0x61,0x16,0x02,0x66,0x03,0x57,0x91,0x54,0x25,0x5a,0x95,0x8a,0x55,0xae,
    0x56,0x19,0x31,0x68,0x00,0x10,0x04,0x83,0x30,0x48,0xe9,0x40,0x95,0x03,0x1c,0x0e,0x5e,0x21,0x0c,0x8c,0x58,0x0e,0x62,0x39,
    0x88,0xe5,0x20,0x96,0x83,0xd1,0x84,0x00,0x98,0x25,0x70,0x95,0x11,0x83,0x06,0x00,0x41,0x30,0x08,0x83,0x95,0x0e,0x58,0x39,
    0xd8,0xe1,0x20,0x16,0xc6,0x00,0x99,0xe5,0x60,0x96,0x83,0x59,0x0e,0x66,0x39,0x18,0x4d,0x08,0x80,0x59,0x02,0x57,0x19,0x31,
    0x68,0x00,0x10,0x04,0x83,0x30,0x68,0xe9,0xc0,0x95,0x03,0x1f,0x0e,0x66,0xa1,0x0c,0x94,0x5a,0x0e,0x6a,0x39,0xa8,0xe5,0xa0,
    0x96,0x83,0xd1,0x84,0x00,0x98,0x25,0x70,0x95,0x11,0x83,0x06,0x00,0x41,0x30,0x08,0x83,0x97,0x0e,0x60,0x39,0x08,0xe3,0xa0,
    0x16,0xce,0x80,0xb9,0xe5,0xe0,0x96,0x83,0x5b,0x0e,0x6e,0x39,0x18,0x4d,0x08,0x80,0x59,0x02,0x57,0x19,0xa8,0x19,0x2c,0x54,
    0x81,0xc5,0x21,0x55,0x84,0x56,0x31,0x58,0x45,0x59,0x15,0x47,0x55,0x86,0x1b,0x64,0x36,0x68,0xe9,0x00,0x0c,0x66,0x19,0x5e,
    0x05,0x56,0x82,0xe1,0x88,0xfd,0x0c,0x04,0xe2,0x9b,0x6e,0x60,0xe3,0x60,0x8d,0x83,0x60,0x96,0x60,0x64,0x86,0x1b,0x6a,0x36,
    0x60,0xe9,0x00,0x0c,0x66,0x19,0x62,0x45,0x56,0x82,0xe1,0x08,0xff,0x0c,0x8a,0xe2,0x9b,0x6e,0x78,0xe3,0xc0,0x8d,0x83,0x60,
    0x96,0x60,0x64,0x86,0x1b,0x70,0x36,0x68,0xe9,0x00,0x0c,0x66,0x19,0x66,0x85,0x56,0x82,0xe1,0x88,0x10,0x0d,0x90,0xe0,0x9b,
    0x6e,0x90,0xe3,0x20,0x8e,0x83,0x60,0x96,0x60,0x64,0x86,0x1b,0x76,0x36,0x78,0xe9,0x00,0x0c,0x66,0x19,0x6a,0xc5,0x56,0x82,
    0xe1,0x08,0x12,0x0d,0x96,0xe1,0x9b,0x6e,0xa8,0xe3,0x80,0x8e,0x83,0x60,0x96,0x60,0x64,0x86,0x1b,0x7c,0x36,0x88,0xe9,0x00,
    0x0c,0x66,0x19,0x6e,0x05,0x57,0x82,0xe1,0x88,0x13,0x0d,0x1c,0xe1,0x9b,0x6e,0xc0,0xe3,0xe0,0x8e,0x83,0x60,0x96,0x60,0x64,
    0x86,0x1b,0xc2,0x36,0xc8,0xe9,0x00,0x0c,0x66,0x19,0x72,0x45,0x57,0x82,0xe1,0x08,0x15,0x0d,0x22,0xe7,0x9b,0x6e,0xd8,0xe3,
    0x40,0x8f,0x83,0x60,0x96,0x60,0x64,0x86,0x1b,0xc8,0x36,0xb0,0xe9,0x00,0x0c,0x66,0x19,0x46,0x66,0x57,0x82,0xe1,0x86,0xb2,
    0x0d,0x7c,0x3a,0x00,0x83,0xe9,0x06,0x3f,0x0e,0xaa,0x60,0x96,0x60,0x64,0x8c,0x17,0x42,0x39,0x80,0x8f,0xf1,0x82,0x28,0x07,
    0xf0,0x19,0x31,0x30,0x00,0x10,0x04,0x83,0x07,0xae,0x83,0x75,0x0e,0x84,0x11,0x03,0x03,0x00,0x41,0x30,0x78,0xe2,0x3a,0x60,
    0xe7,0x40,0x38,0x81,0x40,0x27,0x10,0x68,0xc4,0xc0,0x00,0x40,0x10,0x0c,0x1e,0xba,0x0e,0xd8,0x39,0x30,0x46,0x0c,0x0c,0x00,
    0x04,0xc1,0xe0,0xa9,0xeb,0xa0,0x9d,0x03,0x63,0x96,0xa0,0x57,0x06,0x2a,0x06,0x96,0x1c,0x78,0x65,0x35,0x42,0x66,0xa0,0x82,
    0xa0,0xd5,0x81,0x57,0x5e,0x23,0x64,0x66,0x09,0x7c,0x65,0xa0,0x62,0x20,0x7a,0xe5,0x34,0x40,0x66,0xa0,0x82,0xc0,0xd5,0xa1,
    0x57,0x4e,0x03,0x64,0x86,0x1b,0x82,0xb6,0x0e,0xc2,0xc0,0x58,0x39,0x38,0xe2,0x33,0xdd,0x80,0x04,0xc2,0x70,0x83,0x01,0xd7,
    0x41,0x18,0xd8,0x2b,0x07,0x49,0x7c,0xa6,0x1b,0x94,0x40,0x30,0x22,0x90,0x4f,0x21,0x0f,0xd4,0xf2,0x40,0xd1,0xd7,0x5a,0x07,
    0x3a,0xdc,0x10,0xc4,0x75,0x00,0x06,0xb3,0x0c,0xbf,0x02,0x2e,0xc1,0x70,0x03,0x71,0x0f,0x67,0x50,0xc5,0x3e,0x07,0x78,0x02,
    0x21,0x2a,0x10,0x76,0x96,0x00,0x5c,0x06,0x2a,0x08,0xe1,0x57,0xf0,0x75,0xf0,0x95,0xe1,0x86,0xc3,0xaf,0x03,0x30,0x98,0x65,
    0x08,0x17,0x71,0x09,0x4a,0xe9,0x07,0xb3,0xc0,0x1f,0x40,0x50,0xc1,0x3f,0xd8,0x2c,0x41,0xb9,0x0c,0x37,0x2c,0x7e,0x1d,0x80,
    0xc1,0x2c,0xc3,0xb8,0x90,0x4b,0x50,0x21,0x31,0xda,0xc1,0xd5,0x13,0x98,0x05,0x02,0x08,0x2a,0x18,0x6c,0xb8,0x21,0x28,0x09,
    0x34,0xa8,0x42,0xa6,0x03,0xa8,0x60,0x88,0xe9,0x06,0x22,0x18,0x66,0x09,0xca,0xc5,0x52,0xa2,0xa6,0x03,0x10,0x8c,0x18,0x1c,
    0x00,0x08,0x82,0x41,0x37,0xdb,0x41,0x4c,0x07,0xd7,0x6a,0x07,0x23,0x06,0x07,0x00,0x82,0x60,0xd0,0xd1,0x76,0xf0,0xd2,0x41,
    0x20,0xcc,0x12,0x94,0xcb,0x40,0x07,0xa1,0x85,0x8b,0x40,0x2e,0xc8,0xb8,0x14,0x8b,0xa1,0x76,0x80,0x15,0x90,0x76,0xa0,0xc3,
    0x0d,0x81,0x6a,0x07,0x60,0x30,0xcb,0x60,0x2e,0xe7,0x12,0x0c,0x37,0x54,0xb1,0x1d,0x84,0xc1,0x70,0x43,0x27,0xdb,0x01,0x1a,
    0x54,0x20,0xec,0x70,0xc3,0x27,0x13,0x67,0x50,0x81,0xb0,0x17,0x10,0x62,0x96,0xe0,0x5c,0x06,0x2a,0x08,0xc1,0x5c,0xec,0xa0,
    0x5c,0x86,0x1b,0x92,0xdc,0x0e,0xc0,0x60,0x96,0x01,0x5d,0xd2,0x25,0x28,0x32,0xb8,0x09,0xb3,0x00,0x27,0x40,0x50,0x41,0x4e,
    0xd8,0x2c,0x01,0xbb,0x0c,0x37,0x34,0xb9,0x1d,0x80,0xc1,0x2c,0x83,0xba,0xac,0x4b,0x50,0x3b,0xe1,0xdb,0xc1,0x55,0x1a,0x04,
    0x66,0x81,0x00,0x82,0x0a,0x06,0x1b,0x6e,0x08,0x7e,0x02,0x0d,0xaa,0x68,0xeb,0x00,0x2a,0x18,0x62,0xba,0x81,0x08,0x86,0x59,
    0x02,0x76,0xb1,0xb1,0x80,0xeb,0x00,0x04,0x23,0x06,0x07,0x00,0x82,0x60,0xd0,0xb9,0x77,0xc0,0xd6,0x41,0x1c,0x98,0x77,0x30,
    0x62,0x70,0x00,0x20,0x08,0x06,0xdd,0x7b,0x07,0x6a,0x1d,0x04,0xc2,0x2c,0x01,0xbb,0x0c,0x74,0x10,0x1a,0xba,0x08,0xeb,0x82,
    0xa8,0x8b,0xd9,0x6f,0xf0,0xd6,0x01,0x0c,0x46,0x0c,0x0e,0x00,0x04,0xc1,0x00,0x0d,0xda,0x3b,0x98,0xeb,0xc0,0x9e,0x83,0x60,
    0x34,0x21,0x00,0x86,0x1b,0x2a,0xf6,0x0e,0xc0,0xa0,0xe6,0x2c,0xd0,0x59,0x86,0x76,0x91,0x97,0x60,0x98,0x85,0xd8,0xdf,0x40,
    0x5e,0x24,0x77,0x89,0xde,0xa5,0x82,0x97,0x2b,0x5e,0x46,0x0c,0x1a,0x00,0x04,0xc1,0x20,0x0c,0xe8,0x3b,0xa8,0xeb,0x60,0xa4,
    0x03,0xbd,0x08,0x03,0x83,0xaf,0x03,0xbe,0x0e,0xf8,0x3a,0xe0,0xeb,0x60,0x34,0x21,0x00,0x66,0x09,0xe4,0x65,0xc4,0xa0,0x01,
    0x40,0x10,0x0c,0xc2,0xc0,0xbe,0x83,0xbb,0x0e,0x4c,0x3a,0xe0,0x8b,0x31,0x40,0xfc,0x3a,0xf0,0xeb,0xc0,0xaf,0x03,0xbf,0x0e,
    0x46,0x13,0x02,0x60,0x96,0x40,0x5e,0x46,0x0c,0x1a,0x00,0x04,0xc1,0x20,0x0c,0xf0,0x3b,0xc8,0xeb,0x20,0xa5,0x03,0xbf,0x28,
    0x03,0x05,0xb4,0x03,0xd0,0x0e,0x40,0x3b,0x00,0xed,0x60,0x34,0x21,0x00,0x66,0x09,0xe4,0x65,0xc4,0xa0,0x01,0x40,0x10,0x0c,
    0xc2,0x40,0xbf,0x83,0xbd,0x0e,0x58,0x3a,0x00,0x8d,0x33,0x60,0x44,0x3b,0x10,0xed,0x40,0xb4,0x03,0xd1,0x0e,0x46,0x13,0x02,
    0x60,0x96,0x40,0x5e,0x06,0x6a,0x06,0x8b,0x5d,0xcc,0x74,0x68,0x17,0x21,0x5e,0x0c,0x78,0x51,0xde,0xc5,0x71,0x97,0xe1,0x86,
    0xfe,0x0d,0xf0,0x3b,0x00,0x83,0x59,0x86,0x79,0xa1,0x97,0x60,0x38,0xc2,0x5c,0x03,0x81,0xf8,0xa6,0x1b,0x6e,0x3a,0xb0,0xe9,
    0x20,0x98,0x25,0x00,0x99,0xe1,0x06,0x10,0x0e,0xee,0x3b,0x00,0x83,0x59,0x86,0x7a,0xb1,0x97,0x60,0x38,0x22,0x5d,0x83,0xa2,
    0xf8,0xa6,0x1b,0x74,0x3a,0xc8,0xe9,0x20,0x98,0x25,0x00,0x99,0xe1,0x86,0x11,0x0e,0xf0,0x3b,0x00,0x83,0x59,0x86,0x7b,0xc1,
    0x97,0x60,0x38,0x82,0x5d,0x03,0x24,0xf8,0xa6,0x1b,0x7a,0x3a,0xe0,0xe9,0x20,0x98,0x25,0x00,0x99,0xe1,0x06,0x13,0x0e,0xf4,
    0x3b,0x00,0x83,0x59,0x86,0x7c,0xd1,0x97,0x60,0x38,0xe2,0x5d,0x83,0x65,0xf8,0xa6,0x1b,0xc0,0x3a,0xf8,0xe9,0x20,0x98,0x25,
    0x00,0x99,0xe1,0x86,0x14,0x0e,0xf8,0x3b,0x00,0x83,0x59,0x86,0x7d,0xe1,0x97,0x60,0x38,0x42,0x5e,0x03,0x47,0xf8,0xa6,0x1b,
    0xc6,0x3a,0x10,0xeb,0x20,0x98,0x25,0x00,0x99,0xe1,0x06,0x16,0x0e,0x48,0x3c,0x00,0x83,0x59,0x86,0x7e,0xf1,0x97,0x60,0x38,
    0xa2,0x5e,0x83,0xc8,0xf9,0xa6,0x1b,0xcc,0x3a,0x28,0xeb,0x20,0x98,0x25,0x00,0x99,0xe1,0x86,0x17,0x0e,0x42,0x3c,0x00,0x83,
    0x59,0x06,0x90,0xf9,0x97,0x60,0xb8,0x01,0x86,0x83,0x14,0x0f,0xc0,0x60,0xba,0x21,0xad,0x83,0x2a,0x98,0x25,0x00,0x99,0x81,
    0xa2,0xc1,0x0c,0xe6,0x05,0x0c,0xea,0x45,0xbb,0x17,0x2a,0x5f,0x9c,0x7d,0x41,0xfa,0x45,0x56,0x07,0x7f,0x11,0xfe,0xc5,0x74,
    0x21,0x90,0x8f,0x05,0xe3,0x00,0x1f,0x1b,0x07,0x18,0x0f,0x60,0x30,0xdc,0x10,0xb4,0x78,0x00,0x06,0xb3,0x0c,0x21,0xe3,0x2b,
    0x81,0x9d,0x83,0x8c,0x07,0x30,0x18,0x6e,0x08,0x5e,0x3c,0x00,0x83,0x59,0x06,0x91,0xe9,0x95,0x60,0x96,0x60,0x64,0x06,0x9a,
    0x06,0x15,0x79,0x15,0x12,0x89,0x15,0xff,0x98,0x15,0xfc,0xa8,0x15,0xf9,0xb8,0x15,0xf6,0xc8,0x15,0x70,0x1d,0x74,0xc5,0x3c,
    0x76,0x45,0x11,0x19,0x93,0xeb,0x80,0x3c,0xe2,0x33,0xdd,0x10,0x94,0x87,0x78,0xd8,0x10,0xc8,0xc7,0x02,0xf3,0x80,0x8f,0x99,
    0x47,0x8e,0x07,0x30,0x18,0x6e,0x08,0x6c,0x3c,0x00,0x83,0x59,0x86,0x3d,0x9a,0x93,0x60,0x96,0xa1,0x64,0xfe,0x07,0xdc,0xec,
    0x8c,0x83,0xd7,0x0e,0x60,0x30,0x62,0x70,0x00,0x20,0x08,0x06,0x68,0xe0,0xe3,0x01,0x79,0x07,0x67,0x1d,0x04,0xa3,0x09,0x01,
    0x70,0x01,0x61,0x2a,0x98,0xf1,0x40,0x87,0x1b,0x82,0x1c,0x0f,0xc0,0xa0,0x86,0xd7,0x0e,0x74,0xb8,0x21,0x80,0xef,0x00,0x0c,
    0x6a,0x08,0x76,0x96,0xc1,0x64,0x40,0x47,0x6d,0x83,0x11,0x03,0x03,0x00,0x41,0x30,0x78,0xe0,0x3c,0xe8,0xed,0x60,0x6e,0x03,
    0x0b,0xde,0x4d,0x3e,0x26,0xbc,0x9b,0x7c,0x6c,0x98,0x37,0xf9,0x18,0x31,0x6f,0xf2,0x99,0x65,0x60,0x99,0x93,0x31,0x86,0x59,
    0x88,0x3a,0x0e,0xfe,0x47,0x42,0x99,0x28,0x65,0x2a,0x95,0xb9,0x56,0x66,0xc4,0xa0,0x02,0x40,0x10,0x0c,0xc6,0xa0,0xcd,0x03,
    0xde,0x0e,0xfa,0x3a,0xa8,0xeb,0x00,0x67,0x83,0x9b,0x0d,0x4e,0x3b,0x38,0xed,0x00,0xcd,0x03,0x34,0x0f,0xec,0x3b,0x10,0x82,
    0xd3,0x0e,0x88,0xe1,0xb4,0x83,0xd3,0x0e,0x46,0x13,0x02,0x60,0x34,0x41,0x08,0x46,0x13,0x06,0x61,0x34,0x81,0x18,0x66,0x09,
    0xfe,0x67,0xc4,0xa0,0x02,0x40,0x10,0x0c,0xc6,0x40,0xce,0x83,0xf0,0x0e,0x46,0x3b,0xd8,0xeb,0xa0,0x67,0x03,0x9e,0x0d,0x58,
    0x3b,0x60,0xed,0xa0,0xcd,0x83,0x36,0x0f,0xf6,0x3b,0x38,0x0c,0xd6,0x0e,0x12,0x84,0xb5,0x03,0xd6,0x0e,0x46,0x13,0x02,0x60,
    0x34,0x41,0x08,0x46,0x13,0x06,0x61,0x34,0x81,0x18,0x66,0x09,0xfe,0x67,0xc4,0xa0,0x02,0x40,0x10,0x0c,0xc6,0xe0,0xce,0x03,
    0xf3,0x0e,0x52,0x3b,0x08,0xed,0x40,0x6c,0x83,0xb0,0x0d,0x62,0x3b,0x88,0xed,0x40,0xce,0x03,0x39,0x0f,0x40,0x3c,0x60,0x96,
    0xd8,0x0e,0x9c,0x26,0xb6,0x83,0xd8,0x0e,0x46,0x13,0x02,0x60,0x34,0x41,0x08,0x46,0x13,0x06,0x61,0x34,0x81,0x18,0x66,0x09,
    0xfe,0x67,0xc4,0xa0,0x02,0x40,0x10,0x0c,0xc6,0x80,0xcf,0x83,0xf5,0x0e,0x5e,0x3b,0x38,0xed,0xe0,0x6c,0x03,0xb3,0x0d,0x6c,
    0x3b,0xb0,0xed,0xe0,0xce,0x83,0x3b,0x0f,0x4a,0x3c,0x88,0x20,0xdb,0x0e,0x26,0xc9,0xb6,0x03,0xdb,0x0e,0x46,0x13,0x02,0x60,
    0x34,0x41,0x08,0x46,0x13,0x06,0x61,0x34,0x81,0x18,0x66,0x09,0xfe,0x67,0x98,0x85,0x48,0xe5,0x20,0x66,0xa4,0x96,0x89,0x5c,
    0xa6,0x7a,0x99,0x0b,0x66,0x46,0x0c,0x0e,0x00,0x04,0xc1,0x60,0x2b,0xf5,0xc0,0xc4,0x83,0xd8,0x0e,0xf8,0x3c,0x18,0x4d,0x08,
    0x80,0xd1,0x04,0x21,0x18,0x4d,0x18,0x86,0x59,0x82,0x98,0x19,0x31,0x38,0x00,0x10,0x04,0x83,0x2d,0xd5,0x03,0x15,0x0f,0x6c,
    0x3b,0x00,0xf5,0x60,0x34,0x21,0x00,0x46,0x13,0x84,0x60,0x34,0x61,0x18,0x66,0x09,0x62,0x66,0xc4,0xe0,0x00,0x40,0x10,0x0c,
    0xb6,0x56,0x0f,0x5c,0x3c,0xd8,0xed,0x80,0xd4,0x83,0xd1,0x84,0x00,0x18,0x4d,0x10,0x82,0xd1,0x84,0x61,0x98,0x25,0x88,0x99,
    0x11,0x83,0x03,0x00,0x41,0x30,0xd8,0x62,0x3d,0x90,0xf1,0x00,0xbc,0x03,0x54,0x0f,0x46,0x13,0x02,0x60,0x34,0x41,0x08,0x46,
    0x13,0x86,0x61,0x96,0x20,0x66,0x06,0x5a,0x08,0x01,0x66,0x94,0x97,0x91,0x5c,0x46,0x6b,0x19,0x9c,0x1e,0x58,0x66,0xa0,0x85,
    0x30,0x60,0xc6,0x79,0x19,0xcb,0x65,0xbc,0x96,0xd1,0xe9,0x81,0x65,0x06,0x5a,0x08,0x05,0x66,0xa4,0x97,0xd1,0x5c,0x46,0x0c,
    0x5a,0x86,0xa7,0x07,0x96,0xb9,0x60,0x50,0x37,0x0c,0xca,0x84,0x35,0x90,0x8f,0x09,0x6b,0x20,0x1f,0x13,0x04,0xf9,0x98,0x20,
    0xc8,0xc7,0x84,0x00,0x3e,0x23,0x06,0x06,0x00,0x82,0x60,0xf0,0x8c,0x7b,0x70,0xe3,0x41,0x60,0xc8,0x1c,0xc8,0xc7,0x90,0x39,
    0x90,0x8f,0x09,0x82,0x7c,0x4c,0x10,0xe4,0x63,0x42,0x00,0x9f,0x11,0x03,0x03,0x00,0x41,0x30,0x78,0xd2,0x3d,0xe8,0xf1,0x20,
    0x18,0x31,0x38,0x00,0x10,0x04,0x83,0x66,0xdd,0x03,0x35,0x0f,0x8e,0x60,0xc4,0xe0,0x00,0x40,0x10,0x0c,0x1a,0x76,0x0f,0xd6,
    0x3c,0x08,0x44,0x3c,0x18,0x31,0x30,0x00,0x10,0x04,0x83,0x87,0xdd,0x83,0x1d,0x0f,0x82,0x11,0x83,0x03,0x00,0x41,0x30,0x68,
    0xdc,0x3d,0x68,0xf3,0x20,0x60,0xdf,0x60,0x38,0x22,0xf0,0xef,0x40,0xf8,0x46,0x13,0x4e,0x21,0x18,0x4d,0x40,0x05,0x61,0xba,
    0x41,0x08,0x86,0x0b,0x08,0x33,0xdc,0x10,0xf8,0x7a,0x00,0x06,0x65,0x04,0x3a,0xcb,0x20,0x33,0x33,0x13,0x8c,0x18,0x1c,0x00,
    0x08,0x82,0x41,0x63,0xef,0x41,0x9d,0x07,0xf1,0x1b,0x98,0x78,0x60,0x4c,0x40,0x9f,0x11,0x83,0x03,0x00,0x41,0x30,0x68,0xf0,
    0x3d,0xb0,0xf3,0x80,0x72,0x46,0x0c,0x0e,0x00,0x04,0xc1,0xa0,0xc9,0xf7,0x00,0xcf,0x83,0x40,0x18,0x31,0x38,0x00,0x10,0x04,
    0x83,0x46,0xdf,0x83,0x3c,0x0f,0x02,0x15,0x0f,0x0c,0x0a,0xe8,0x33,0x62,0x60,0x00,0x20,0x08,0x06,0xcf,0xbe,0x07,0x64,0x1e,
    0x04,0x23,0x06,0x07,0x00,0x82,0x60,0xd0,0xf4,0x7b,0xc0,0xe7,0x41,0xd0,0xe2,0xc1,0x88,0xc1,0x01,0x80,0x20,0x18,0x34,0xfe,
    0x1e,0xf0,0x79,0x10,0x20,0x17,0x10,0x66,0x38,0x82,0xb3,0x84,0x6f,0xba,0xa1,0x15,0x5e,0x21,0x98,0x6e,0x68,0x85,0x57,0x10,
    0x8e,0x18,0x94,0x0d,0x01,0x7d,0x6c,0x10,0xe8,0x33,0x62,0x60,0x00,0x20,0x08,0x06,0x4f,0xc9,0x07,0x74,0x1e,0x30,0x23,0x06,
    0x07,0x00,0x82,0x60,0xd0,0x9c,0x7c,0x60,0xea,0x41,0x50,0xc2,0xc1,0x2c,0xc1,0xcc,0x0c,0x54,0x0c,0x82,0xcc,0xd0,0x41,0xcc,
    0x0c,0x54,0x10,0x94,0xcc,0xe0,0xf7,0x10,0x33,0x03,0x15,0x03,0x23,0x33,0x72,0x3c,0xc4,0xcc,0x40,0xc5,0xc0,0xc8,0x0c,0x1d,
    0x0f,0x31,0x33,0xdc,0x90,0xfd,0x7b,0x10,0x06,0xc3,0x0d,0xc4,0xbf,0x07,0x60,0x30,0xcb,0xf0,0x37,0x34,0x13,0xcc,0x12,0xd4,
    0xcc,0x40,0xc5,0x70,0x37,0x7d,0xa3,0xc7,0x03,0xcd,0x0c,0x54,0x0c,0x77,0xd3,0x37,0x7c,0x3c,0xd0,0xcc,0x40,0xc5,0x70,0x37,
    0x7d,0xe3,0xc7,0x03,0xcd,0x0c,0x54,0x0c,0x77,0xd3,0x37,0xa0,0x3c,0xd0,0xcc,0x40,0x05,0x71,0x37,0x7d,0x83,0xe2,0x03,0xcd,
    0x8c,0x18,0x1c,0x00,0x08,0x82,0x01,0x1a,0xa0,0x7c,0xe0,0xea,0x41,0x8c,0x07,0xeb,0x30,0x9a,0x10,0x0c,0x17,0x10,0xe6,0x88,
    0x41,0x95,0x43,0xeb,0x01,0x5c,0x30,0x28,0x0b,0xd8,0x3c,0x90,0x8f,0x11,0x41,0x7c,0x2c,0x88,0xe4,0x63,0x42,0x24,0x1f,0x13,
    0xfe,0x37,0x80,0x8f,0x09,0xff,0x1b,0xc0,0xa7,0x14,0x93,0x0f,0x74,0xb8,0x21,0x90,0xf9,0x00,0x0c,0xea,0x14,0x7c,0x3d,0x80,
    0x59,0x86,0x9b,0xb1,0x19,0xe1,0x82,0x41,0x8d,0x18,0x1c,0x00,0x08,0x82,0x41,0x33,0xf6,0x81,0xb8,0x07,0x9b,0x9c,0x07,0x23,
    0x06,0x07,0x00,0x82,0x60,0xd0,0x90,0x7d,0x20,0xee,0x41,0x20,0xcc,0x12,0xdc,0xcc,0x40,0xc5,0x20,0xd8,0x0c,0x3a,0x0f,0x35,
    0x33,0xdc,0x70,0xd4,0x7c,0x00,0x06,0xc3,0x0d,0x48,0xcc,0x07,0x60,0x50,0x42,0xb0,0x46,0xf0,0x79,0x00,0x9f,0xe9,0x86,0x22,
    0x10,0x46,0x0c,0x0c,0x00,0x04,0xc1,0xe0,0x51,0xfb,0xa0,0xdc,0x83,0xe0,0x02,0xc2,0x54,0x00,0xf6,0x01,0x8c,0x18,0x1c,0x00,
    0x08,0x82,0x41,0x87,0xf6,0x41,0xae,0x07,0x41,0x33,0x4b,0x80,0x33,0x03,0x15,0x03,0x3f,0x0f,0x37,0x73,0x2e,0x7c,0x33,0x50,
    0x31,0xf8,0xf3,0x70,0x33,0xe7,0xc2,0x37,0x03,0x15,0x03,0x48,0x0f,0x37,0x73,0x2e,0x7c,0x33,0x50,0x31,0x88,0xf4,0x70,0x33,
    0xe7,0xc2,0x37,0x03,0x15,0x84,0xaa,0x0f,0x37,0x73,0x2e,0x7c,0x33,0xdc,0x10,0x98,0x7d,0x00,0x06,0xd3,0x0d,0xc9,0x11,0x0c,
    0xb3,0x10,0x75,0x1d,0xf4,0x8c,0x94,0x33,0x91,0xce,0x54,0x3b,0x73,0xf1,0xcc,0x88,0xc1,0x01,0x80,0x20,0x18,0x6c,0x71,0x1f,
    0xc8,0x7b,0xd0,0xe7,0x41,0x30,0x9a,0x10,0x00,0xa3,0x09,0x42,0x30,0x4b,0xd0,0x33,0x23,0x06,0x07,0x00,0x82,0x60,0xb0,0xd1,
    0x7d,0x50,0xef,0x41,0xa8,0x07,0xc4,0x68,0x42,0x00,0x8c,0x26,0x08,0xc1,0x2c,0x41,0xcf,0x8c,0x18,0x1c,0x00,0x08,0x82,0xc1,
    0x76,0xf7,0x01,0xbe,0x07,0xa5,0x1e,0x1c,0xa3,0x09,0x01,0x30,0x9a,0x20,0x04,0xb3,0x04,0x3d,0x33,0x62,0x70,0x00,0x20,0x08,
    0x06,0x9b,0xde,0x07,0xfb,0x1e,0xa4,0x7a,0xa0,0x8c,0x26,0x04,0xc0,0x68,0x82,0x10,0xcc,0x12,0xf4,0xcc,0x40,0x0b,0x21,0xf0,
    0x0c,0xb2,0x33,0x8e,0xce,0x50,0x39,0x83,0xee,0x03,0xce,0x0c,0xb4,0x10,0x06,0xcf,0x30,0x3b,0x23,0xe9,0x0c,0x96,0x33,0xea,
    0x3e,0xe0,0xcc,0x05,0x83,0xba,0x61,0x50,0x26,0xa4,0x81,0x7c,0x4c,0x48,0x03,0xf9,0x98,0xa0,0xeb,0x01,0x7c,0x4c,0xd8,0xf5,
    0x00,0x3e,0xd3,0x0d,0x02,0xe1,0x07,0xd3,0x0d,0x02,0xf1,0x07,0x23,0x06,0x06,0x00,0x82,0x60,0xf0,0xac,0x7e,0x60,0xf2,0x81,
    0x30,0x62,0x60,0x00,0x20,0x08,0x06,0x0f,0xeb,0x07,0x27,0x1f,0x08,0x27,0x10,0xe8,0x04,0x02,0x8d,0x18,0x18,0x00,0x08,0x82,
    0xc1,0xf3,0xfa,0xc1,0xc9,0x07,0xc6,0x88,0x81,0x01,0x80,0x20,0x18,0x3c,0xb0,0x1f,0xa0,0x7c,0x60,0x4c,0x37,0x84,0x7e,0x50,
    0xfa,0x81,0x29,0xcc,0x12,0xf8,0xcc,0x40,0xc5,0x40,0xda,0x43,0xcf,0xe4,0x47,0xde,0x0c,0x54,0x0c,0xa6,0x3d,0xf4,0x4c,0x7e,
    0xe4,0xcd,0x40,0xc5,0x80,0xda,0x43,0xcf,0xe4,0x47,0xde,0x0c,0x54,0x0c,0xaa,0x3d,0xf4,0x4c,0x7e,0xe4,0xcd,0x40,0x05,0x21,
    0xf3,0x43,0xcf,0xe4,0x47,0xde,0xcc,0x12,0xfc,0xcc,0x40,0xc5,0xe0,0xda,0x83,0xcf,0xa4,0x86,0xdd,0x0c,0x54,0x0c,0xb0,0x3d,
    0xf8,0x4c,0x6a,0xd8,0xcd,0x40,0xc5,0x20,0xdb,0x83,0xcf,0xa4,0x86,0xdd,0x0c,0x54,0x0c,0xb4,0x3d,0xf8,0x4c,0x6a,0xd8,0xcd,
    0x40,0x05,0xc1,0xf3,0x83,0xcf,0xa4,0x86,0xdd,0x54,0xf0,0x40,0x1d,0x0f,0xcc,0x32,0x80,0x4d,0xd8,0xc8,0xc5,0x70,0x83,0xc0,
    0x9d,0x41,0x0d,0x34,0x1f,0xe0,0x09,0x84,0xa8,0x40,0xd8,0x59,0x82,0xb0,0x19,0xa8,0x20,0x04,0xb0,0x51,0xfb,0xe1,0x67,0x86,
    0x1b,0xf0,0xe2,0xf6,0x03,0x30,0x98,0x65,0x10,0x9b,0xb1,0x09,0x0a,0x11,0x03,0xb3,0x60,0x0c,0x40,0x50,0x01,0x19,0xd8,0x2c,
    0x81,0xd9,0x0c,0x37,0xf0,0xc5,0xed,0x07,0x60,0x30,0xcb,0x40,0x36,0x65,0x13,0x94,0x19,0xf0,0x7e,0x70,0xd5,0x04,0x66,0x81,
    0x00,0x82,0x0a,0x06,0x1b,0x6e,0x08,0xd4,0x00,0x0d,0xaa,0x58,0xfb,0x00,0x2a,0x18,0x62,0xba,0x81,0x08,0x86,0x59,0x02,0xb3,
    0x31,0x37,0x70,0xfb,0x00,0x04,0x23,0x06,0x07,0x00,0x82,0x60,0xd0,0xb1,0x7f,0xa0,0xf6,0x41,0x45,0xfe,0xc1,0x88,0xc1,0x01,
    0x80,0x20,0x18,0x74,0xed,0x1f,0xa0,0x7d,0x10,0x08,0xb3,0x04,0x66,0x33,0xd0,0x41,0x68,0x62,0x23,0x94,0x0d,0x42,0x36,0xa5,
    0x1a,0xe1,0x1f,0x60,0x05,0xbd,0x1f,0xe8,0x70,0x43,0x30,0xfe,0x01,0x18,0xcc,0x32,0x9c,0x0d,0xda,0x04,0xc3,0x0d,0x95,0xfa,
    0x07,0x61,0x30,0xdc,0xb0,0xad,0x7f,0x80,0x06,0x15,0x08,0x3b,0xdc,0xd0,0xe5,0xc1,0x19,0x54,0x20,0xec,0x05,0x84,0x98,0x25,
    0x40,0x9b,0x81,0x0a,0x42,0x38,0x1b,0x3b,0x30,0x9b,0xe1,0x86,0x44,0xfe,0x03,0x30,0x98,0x65,0x48,0x1b,0xb5,0x09,0x4a,0x0c,
    0xfc,0xc0,0x2c,0xf8,0x03,0x10,0x54,0x00,0x0a,0x36,0x4b,0xd0,0x36,0xc3,0x0d,0x8d,0xfc,0x07,0x60,0x30,0xcb,0xb0,0x36,0x6c,
    0x13,0x94,0x28,0xdc,0x7f,0x70,0x75,0x06,0x81,0x59,0x20,0x80,0xa0,0x82,0xc1,0x86,0x1b,0x02,0x53,0x40,0x83,0x2a,0x4c,0x3f,
    0x80,0x0a,0x86,0x98,0x6e,0x20,0x82,0x61,0x96,0xa0,0x6d,0x4c,0x15,0x52,0x3f,0x00,0xc1,0x88,0xc1,0x01,0x80,0x20,0x18,0x74,
    0x27,0x28,0x94,0x7e,0xf0,0x06,0xff,0x1f,0x8c,0x18,0x1c,0x00,0x08,0x82,0x41,0x87,0x82,0xc2,0xe8,0x07,0x81,0x30,0x4b,0xd0,
    0x36,0x03,0x1d,0x84,0x96,0x36,0x02,0xdb,0x20,0x6b,0x33,0xdc,0x20,0x89,0xa0,0x00,0x06,0xb3,0x0c,0x6f,0xe3,0x36,0x81,0xc1,
    0x78,0x90,0xfa,0x01,0x0c,0x46,0x0c,0x0e,0x00,0x04,0xc1,0x00,0x0d,0x4e,0x50,0x68,0xfd,0x00,0xe6,0x83,0x60,0x34,0x21,0x00,
    0x46,0x13,0x84,0x60,0x34,0x61,0x10,0x46,0x13,0x88,0x61,0x96,0x80,0x6e,0x86,0x59,0x08,0x1b,0x0f,0xe8,0x46,0x82,0x9b,0x28,
    0x6e,0x2a,0xb9,0xb9,0xe6,0x66,0xc4,0xa0,0x01,0x40,0x10,0x0c,0xc2,0xe0,0x05,0x05,0xd8,0x0f,0x7c,0x3e,0x10,0x87,0x31,0x40,
    0x6e,0x3f,0xb8,0xfd,0xe0,0xf6,0x83,0xdb,0x0f,0x46,0x13,0x02,0x60,0x34,0x41,0x08,0x46,0x13,0x06,0x61,0x34,0x81,0x18,0x66,
    0x09,0xe8,0x66,0xc4,0xa0,0x01,0x40,0x10,0x0c,0xc2,0x80,0x06,0x85,0xda,0x0f,0xc8,0x3e,0x38,0x07,0x34,0x68,0x78,0x3f,0xe0,
    0xfd,0x80,0xf7,0x03,0xde,0x0f,0x46,0x13,0x02,0x60,0x34,0x41,0x08,0x46,0x13,0x06,0x61,0x34,0x81,0x18,0x66,0x09,0xe8,0x66,
    0xc4,0xa0,0x01,0x40,0x10,0x0c,0xc2,0x20,0x07,0x05,0xdd,0x0f,0xd4,0x3e,0x60,0x87,0x36,0x90,0xc2,0x3f,0x08,0xff,0x20,0xfc,
    0x83,0xf0,0x0f,0x46,0x13,0x02,0x60,0x34,0x41,0x08,0x46,0x13,0x06,0x61,0x34,0x81,0x18,0x66,0x09,0xe8,0x66,0xc4,0xa0,0x01,
    0x40,0x10,0x0c,0xc2,0xc0,0x07,0x85,0xdf,0x0f,0xe0,0x3e,0x88,0x07,0x39,0xb8,0xcc,0x3f,0x30,0xff,0xc0,0xfc,0x03,0xf3,0x0f,
    0x46,0x13,0x02,0x60,0x34,0x41,0x08,0x46,0x13,0x06,0x61,0x34,0x81,0x18,0x66,0x09,0xe8,0x66,0xa0,0x66,0x80,0x03,0xb7,0xa1,
    0xf7,0xe1,0x6d,0x90,0xb9,0x91,0xe4,0x86,0x8b,0x1b,0x33,0x80,0x9b,0x81,0x9a,0x01,0x0e,0xdc,0xc6,0xde,0x87,0xb7,0x41,0xe6,
    0x46,0x92,0x1b,0x2e,0x6e,0xcc,0x00,0x6e,0x06,0x6a,0x06,0x38,0x70,0x1b,0x7c,0x1f,0xde,0x06,0x99,0x1b,0x49,0x6e,0xb8,0xb8,
    0x31,0x03,0xb8,0x19,0xa8,0x19,0xe0,0xc0,0x6d,0xf4,0x7d,0x78,0x1b,0x64,0x6e,0x24,0xb9,0xe1,0xe2,0xc6,0x0c,0xe0,0x66,0xb8,
    0x61,0x16,0xc2,0x50,0x00,0x83,0x59,0x06,0xbb,0xa9,0x9b,0xc0,0x0a,0x5c,0x88,0x8f,0x15,0xb8,0x10,0x1f,0x2b,0x70,0x21,0x3e,
    0x56,0xe0,0x42,0x7c,0x8c,0x20,0x07,0xf9,0x18,0x51,0x0e,0xf2,0x31,0xc2,0x1c,0xe4,0x63,0xc4,0x39,0xc8,0xc7,0x08,0x70,0x80,
    0x8f,0x11,0xe0,0x00,0x1f,0x23,0xc0,0x01,0x3e,0x46,0x80,0x03,0x7c,0x66,0x09,0xec,0x66,0xa0,0x62,0x40,0xea,0x46,0x0c,0xe8,
    0x66,0xa0,0x62,0x40,0xea,0x46,0x0c,0xe8,0x66,0xa0,0x62,0x40,0xea,0x46,0x0c,0xe8,0x66,0xa0,0x62,0x40,0xea,0x46,0x0c,0xe8,
    0xc6,0xc8,0x61,0x0e,0x05,0x18,0x0c,0x37,0x04,0xef,0x80,0x06,0xb3,0x0c,0x3f,0x73,0x37,0xc1,0x70,0xc3,0x3a,0xd0,0xa1,0x00,
    0x06,0xb3,0x0c,0x79,0x83,0x37,0x81,0x1d,0xf0,0x10,0x1f,0x3b,0xe0,0x21,0x3e,0x76,0xc0,0x43,0x7c,0xec,0x80,0x87,0xf8,0x18,
    0x61,0x0f,0xf2,0x31,0xe2,0x1e,0xe4,0x63,0x04,0x3e,0xc8,0xc7,0x88,0x7c,0x90,0x8f,0x11,0xf8,0x00,0x1f,0x23,0xf0,0x01,0x3e,
    0x46,0xe0,0x03,0x7c,0x8c,0xc0,0x07,0xf8,0xcc,0x12,0xe4,0xcd,0x40,0xc5,0x80,0xe0,0x8d,0x19,0xdc,0xcd,0x40,0xc5,0x80,0xe0,
    0x8d,0x19,0xdc,0xcd,0x40,0xc5,0x80,0xe0,0x8d,0x19,0xdc,0xcd,0x40,0xc5,0x80,0xe0,0x8d,0x19,0xdc,0x8d,0xf1,0x83,0x29,0x0a,
    0x30,0x18,0x6e,0x08,0x44,0x02,0x0d,0x66,0x19,0x7c,0x46,0x6f,0x82,0x59,0x06,0xbe,0xd9,0x9b,0xb0,0x18,0x31,0x30,0x00,0x10,
    0x04,0x83,0x87,0x16,0x05,0x16,0x14,0xe0,0xc2,0x8e,0xb3,0x88,0x8f,0x1d,0x67,0x11,0x1f,0x3b,0xce,0x22,0x3e,0x76,0x9c,0x45,
    0x7c,0xac,0x20,0xe4,0x63,0x06,0x21,0x1f,0x3b,0x08,0xf9,0x18,0x42,0xc8,0xc7,0x88,0xb7,0x80,0x8f,0x11,0x6f,0x01,0x1f,0x23,
    0xde,0x02,0x3e,0x46,0xbc,0x05,0x7c,0x66,0x09,0xf8,0x66,0xa0,0x62,0x40,0xf6,0xc6,0x0c,0xf4,0x66,0xa0,0x62,0x40,0xf6,0xc6,
    0x0c,0xf4,0x66,0xa0,0x62,0x40,0xf6,0xc6,0x0c,0xf4,0x66,0xa0,0x62,0x40,0xf6,0xc6,0x0c,0xf4,0xa6,0xe6,0x22,0x17,0x05,0x98,
    0x6e,0xb0,0x45,0x41,0x17,0x85,0xbf,0x18,0x6e,0x10,0x02,0x32,0x98,0x65,0xc0,0x99,0xbe,0x09,0xec,0xd8,0x0d,0xf8,0xd8,0xb1,
    0x1b,0xf0,0xb1,0x63,0x37,0xe0,0x63,0xc7,0x6e,0xc0,0xc7,0x76,0x03,0x1c,0x05,0x08,0x0c,0x37,0x04,0xe5,0x01,0x06,0xb3,0x0c,
    0x7e,0x53,0x33,0xc1,0x2c,0xc1,0xdf,0x0c,0x54,0x0c,0xfc,0x3f,0xcc,0x0c,0xe3,0x37,0x03,0x15,0x83,0xff,0x0f,0x33,0xc3,0xf8,
    0xcd,0x40,0xc5,0x00,0x82,0xc4,0xcc,0x30,0x7e,0x33,0x50,0x31,0x88,0x20,0x31,0x33,0x8c,0xdf,0x9c,0x7a,0x0c,0xca,0x8a,0x80,
    0x3e,0x56,0x08,0xf4,0xb1,0x62,0xa0,0x8f,0x15,0x04,0x7d,0x66,0x09,0xfe,0x67,0x96,0xc1,0x74,0x42,0x07,0x55,0x86,0x59,0x88,
    0x7b,0x0f,0xfe,0x47,0x12,0x9d,0x68,0x74,0x2a,0xd2,0xb9,0x4a,0x67,0xc4,0x00,0x02,0x40,0x10,0x0c,0xac,0x7a,0x14,0xd2,0x50,
    0xf8,0xff,0xe0,0xfe,0x03,0xdd,0x0e,0x72,0x3b,0x48,0x41,0x21,0x05,0x05,0x75,0x14,0xd4,0x51,0xc0,0x43,0x41,0xbf,0x83,0x14,
    0x14,0x46,0x13,0x02,0x60,0x34,0x41,0x08,0x46,0x13,0x06,0x61,0x34,0x81,0x18,0x66,0x09,0xfe,0x67,0xc4,0x00,0x02,0x40,0x10,
    0x0c,0x2c,0x7d,0x14,0xdc,0x50,0x28,0x41,0xa1,0xff,0x83,0xdf,0x0e,0x7c,0x3b,0x70,0x41,0xc1,0x05,0x85,0x77,0x14,0xde,0x51,
    0xe8,0x43,0xe1,0xbf,0x03,0x17,0x14,0x46,0x13,0x02,0x60,0x34,0x41,0x08,0x46,0x13,0x06,0x61,0x34,0x81,0x18,0x66,0x09,0xfe,
    0x67,0xc4,0x00,0x02,0x40,0x10,0x0c,0xac,0x7f,0x14,0xe6,0x50,0x58,0x41,0x61,0x04,0x05,0xf2,0x0e,0xc6,0x3b,0x98,0x41,0x61,
    0x06,0x05,0x7a,0x14,0xe8,0x51,0x10,0x45,0x81,0xc4,0x83,0x19,0x14,0x46,0x13,0x02,0x60,0x34,0x41,0x08,0x46,0x13,0x06,0x61,
    0x34,0x81,0x18,0x66,0x09,0xfe,0x67,0xc4,0x00,0x02,0x40,0x10,0x0c,0x2c,0x92,0x14,0xf0,0x50,0x88,0x41,0x21,0x05,0x85,0xf4,
    0x0e,0xd0,0x3b,0xc0,0x41,0x01,0x07,0x85,0x7c,0x14,0xf2,0x51,0x38,0x45,0x21,0xc5,0x03,0x1c,0x14,0x46,0x13,0x02,0x60,0x34,
    0x41,0x08,0x46,0x13,0x06,0x61,0x34,0x81,0x18,0x66,0x09,0xfe,0x67,0x98,0x85,0x58,0xf9,0x60,0x75,0xa4,0xd3,0x89,0x50,0xa7,
    0x4a,0x9d,0x4b,0x75,0x46,0x0c,0x0e,0x00,0x04,0xc1,0x60,0x3b,0x49,0x01,0x15,0x85,0x19,0x14,0xfc,0x51,0x18,0x4d,0x08,0x80,
    0xd1,0x04,0x21,0x18,0x4d,0x18,0x86,0x59,0x82,0xd5,0x19,0x31,0x38,0x00,0x10,0x04,0x83,0x6d,0x25,0x05,0x56,0x14,0x70,0x50,
    0x10,0x49,0x61,0x34,0x21,0x00,0x46,0x13,0x84,0x60,0x34,0x61,0x18,0x66,0x09,0x56,0x67,0xc4,0xe0,0x00,0x40,0x10,0x0c,0xb6,
    0x97,0x14,0x60,0x51,0xe8,0x41,0xc1,0x24,0x85,0xd1,0x84,0x00,0x18,0x4d,0x10,0x82,0xd1,0x84,0x61,0x98,0x25,0x58,0x9d,0x11,
    0x83,0x03,0x00,0x41,0x30,0xd8,0x66,0x52,0xa0,0x45,0x41,0x0c,0x05,0x95,0x14,0x46,0x13,0x02,0x60,0x34,0x41,0x08,0x46,0x13,
    0x86,0x61,0x96,0x60,0x75,0x06,0x5a,0x08,0x41,0x75,0x94,0xd4,0x91,0x50,0x47,0x3b,0x1d,0x1e,0x25,0x4c,0x67,0xa0,0x85,0x30,
    0x54,0xc7,0x49,0x1d,0x0b,0x75,0xbc,0xd3,0xf1,0x51,0xc2,0x74,0x06,0x5a,0x08,0x45,0x75,0xa4,0xd4,0xd1,0x50,0x47,0x0c,0x4e,
    0x07,0x4c,0x09,0xd3,0x19,0x66,0x21,0x7c,0x3e,0x80,0x1d,0x89,0x75,0xa2,0xd6,0xa9,0x5c,0xe7,0x7a,0x9d,0x11,0x83,0x05,0x00,
    0x41,0x30,0xf8,0x70,0x52,0x48,0x45,0xc1,0x0c,0x05,0x1f,0x14,0x42,0x3c,0x00,0xf1,0x00,0x0e,0x05,0x78,0x14,0x66,0x09,0x60,
    0x67,0xc4,0x60,0x01,0x40,0x10,0x0c,0xbe,0x9c,0x14,0x54,0x51,0x40,0x43,0x01,0x0c,0x05,0x11,0x0f,0x42,0x3c,0x88,0x43,0x21,
    0x1e,0x85,0x59,0x02,0xd8,0x19,0x31,0x58,0x00,0x10,0x04,0x83,0x4f,0x27,0x85,0x55,0x14,0xd4,0x50,0x10,0x43,0x61,0xc4,0x03,
    0x11,0x0f,0xe4,0x50,0x90,0x47,0x61,0x96,0x00,0x76,0x46,0x0c,0x16,0x00,0x04,0xc1,0xe0,0xdb,0x49,0x81,0x15,0x05,0x36,0x14,
    0xc8,0x50,0x20,0xf1,0x60,0xc4,0x83,0x39,0x14,0xe6,0x51,0x98,0x25,0x80,0x9d,0x81,0x96,0x81,0x1c,0x89,0xd5,0x11,0x5e,0x87,
    0x70,0x1d,0xa3,0x75,0x10,0xd6,0xb1,0xc0,0xcc,0x03,0xf8,0x8c,0x18,0x1c,0x00,0x08,0x82,0x41,0x53,0x96,0x02,0x39,0x0a,0xc1,
    0x98,0x07,0xc3,0x11,0x41,0x1d,0x0a,0xc2,0x37,0x9a,0xe0,0x2f,0xc1,0x68,0xc2,0xbf,0x08,0xd3,0x0d,0x42,0x30,0x5c,0x40,0x98,
    0xe1,0x86,0xa0,0x26,0x05,0x30,0x28,0x23,0xd0,0x59,0x86,0xd8,0x91,0x9d,0x60,0xc4,0xc0,0x00,0x40,0x10,0x0c,0x1e,0xb6,0x14,
    0x7a,0x51,0x78,0xf1,0x60,0xc4,0xc0,0x00,0x40,0x10,0x0c,0x9e,0xb6,0x14,0x7c,0x51,0x78,0xf1,0x60,0xc4,0xc0,0x00,0x40,0x10,
    0x0c,0x1e,0xb7,0x14,0x7c,0x51,0x88,0xf1,0x60,0xc4,0xc0,0x00,0x40,0x10,0x0c,0x9e,0xb7,0x14,0x7e,0x51,0x88,0xf1,0xe0,0xa6,
    0x41,0x5d,0x35,0x28,0x33,0x04,0xf9,0x98,0x21,0xc8,0xc7,0x04,0x41,0x3e,0x26,0x08,0xf2,0xb1,0x40,0x80,0xcf,0x88,0x81,0x01,
    0x80,0x20,0x18,0x3c,0x77,0x29,0xac,0xa3,0x10,0x98,0x82,0xc8,0xc7,0x14,0x44,0x3e,0x26,0x08,0xf2,0x31,0x41,0x90,0x8f,0x05,
    0x02,0x7c,0x46,0x0c,0x0c,0x00,0x04,0xc1,0xe0,0xe9,0x4b,0x21,0x1e,0x85,0x60,0xc4,0xe0,0x00,0x40,0x10,0x0c,0x9a,0xbf,0x14,
    0xfc,0x51,0x38,0x82,0x11,0x83,0x03,0x00,0x41,0x30,0x68,0x40,0x53,0xf8,0x47,0x61,0xcf,0x03,0x58,0x14,0x4c,0x08,0xe8,0x33,
    0x62,0x70,0x00,0x20,0x08,0x06,0x8d,0x68,0x0a,0x20,0x29,0x28,0xc4,0x88,0xc1,0x01,0x80,0x20,0x18,0x34,0xa3,0x29,0x88,0xa4,
    0x10,0x08,0x23,0x06,0x07,0x00,0x82,0x60,0xd0,0x90,0xa6,0x30,0x92,0x42,0x40,0x8b,0x82,0x19,0x01,0x7d,0x46,0x0c,0x0c,0x00,
    0x04,0xc1,0xe0,0x29,0x4d,0xc1,0x1d,0x85,0x60,0xc4,0xe0,0x00,0x40,0x10,0x0c,0x9a,0xd3,0x14,0x4c,0x52,0x08,0x6e,0x51,0x18,
    0x31,0x38,0x00,0x10,0x04,0x83,0x06,0x35,0x05,0x93,0x14,0x02,0xe4,0x02,0xc2,0x0c,0x47,0x48,0x8c,0xf0,0x4d,0x37,0x78,0x5c,
    0x30,0xdd,0xe0,0x71,0xc2,0x11,0x83,0xb2,0x21,0xa0,0x8f,0x0d,0x02,0x7d,0x46,0x0c,0x0c,0x00,0x04,0xc1,0xe0,0x79,0x4d,0xc1,
    0x1f,0x05,0xc6,0x82,0x59,0x0f,0xe0,0x33,0x62,0x70,0x00,0x20,0x08,0x06,0x8d,0x6c,0x0a,0x31,0x29,0x04,0xb0,0x1e,0xcc,0x12,
    0xc8,0xce,0x40,0xc5,0x20,0xc4,0x0e,0x2f,0xc0,0xce,0x40,0x05,0x61,0xc5,0x8e,0xcb,0x12,0xb0,0x33,0x50,0x31,0x38,0xb1,0x83,
    0x9a,0x04,0xec,0x0c,0x54,0x0c,0x4e,0xec,0xa8,0x26,0x01,0x3b,0xc3,0x0d,0x6d,0xa0,0x9a,0x42,0x18,0x0c,0x37,0x10,0xaa,0x29,
    0x80,0xc1,0x2c,0x83,0xff,0xcc,0x4e,0x30,0x4b,0x40,0x3b,0x03,0x15,0xc3,0xdd,0xf0,0x0f,0x6c,0x12,0xb3,0x33,0x50,0x31,0xdc,
    0x0d,0xff,0xc8,0x26,0x31,0x3b,0x03,0x15,0xc3,0xdd,0xf0,0x0f,0x6d,0x12,0xb3,0x33,0x50,0x31,0xdc,0x0d,0xff,0xd8,0x26,0x31,
    0x3b,0x03,0x15,0xc4,0xdd,0xf0,0x8f,0xcf,0x12,0xb3,0x33,0x62,0x70,0x00,0x20,0x08,0x06,0x68,0x30,0x9b,0x42,0x4e,0x0a,0xbc,
    0x28,0xd8,0xcd,0x68,0x42,0x30,0x5c,0x40,0x98,0x23,0x06,0x55,0xce,0x4f,0x0a,0x70,0xc1,0xa0,0x2c,0xb8,0x47,0x41,0x3e,0x46,
    0x04,0xf1,0xb1,0x20,0x92,0x8f,0x09,0x91,0x7c,0x4c,0x50,0xf5,0x00,0x3e,0x26,0xa8,0x7a,0x00,0x9f,0x52,0x62,0x53,0xd0,0xe1,
    0x86,0xa0,0x37,0x05,0x30,0x28,0x58,0x48,0x4b,0x01,0x66,0x19,0x6c,0xa7,0x76,0x84,0x0b,0x06,0x35,0x62,0x70,0x00,0x20,0x08,
    0x06,0x8d,0x7b,0x0a,0x6d,0x29,0x6c,0xfd,0x28,0x8c,0x18,0x1c,0x00,0x08,0x82,0x41,0xf3,0x9e,0x42,0x5b,0x0a,0x81,0x30,0x4b,
    0x60,0x3b,0x03,0x15,0x83,0x50,0x3b,0xfe,0x49,0xd0,0xce,0x70,0xc3,0x01,0x9e,0x02,0x18,0x0c,0x37,0x20,0xbc,0x29,0x80,0x41,
    0x09,0xc1,0x1a,0x71,0x92,0x02,0x7c,0xa6,0x1b,0x8a,0x40,0x18,0x31,0x30,0x00,0x10,0x04,0x83,0xa7,0x3e,0x05,0xb8,0x14,0x82,
    0x0b,0x08,0x53,0xc1,0x7a,0x0a,0x30,0x62,0x70,0x00,0x20,0x08,0x06,0xdd,0x7c,0x0a,0x64,0x29,0x04,0xcd,0x2c,0xc1,0xed,0x0c,
    0x54,0x0c,0x32,0x4a,0xd8,0xce,0xb9,0xec,0xcf,0x40,0xc5,0x40,0xa3,0x84,0xed,0x9c,0xcb,0xfe,0x0c,0x54,0x0c,0x36,0x4a,0xd8,
    0xce,0xb9,0xec,0xcf,0x40,0xc5,0x80,0xa3,0x84,0xed,0x9c,0xcb,0xfe,0x0c,0x54,0x10,0xe0,0x4b,0xd8,0xce,0xb9,0xec,0xcf,0x70,
    0x43,0x10,0x9f,0x02,0x18,0x4c,0x37,0x24,0x47,0x30,0xcc,0x42,0x80,0xa0,0xc0,0x3b,0x12,0xee,0x44,0xb9,0x53,0xe9,0xce,0xb5,
    0x3b,0x23,0x06,0x07,0x00,0x82,0x60,0xb0,0xf1,0xa7,0xd0,0x97,0x02,0x4a,0x0a,0xc1,0x68,0x42,0x00,0x8c,0x26,0x08,0xc1,0x2c,
    0x01,0xef,0x8c,0x18,0x1c,0x00,0x08,0x82,0xc1,0xf6,0x9f,0x02,0x68,0x0a,0x2c,0x29,0x10,0xa3,0x09,0x01,0x30,0x9a,0x20,0x04,
    0xb3,0x04,0xbc,0x33,0x62,0x70,0x00,0x20,0x08,0x06,0x9b,0x88,0x0a,0xa3,0x29,0xc0,0xa4,0x70,0x8c,0x26,0x04,0xc0,0x68,0x82,
    0x10,0xcc,0x12,0xf0,0xce,0x88,0xc1,0x01,0x80,0x20,0x18,0x6c,0x25,0x2a,0x98,0xa6,0x40,0x93,0x82,0x32,0x9a,0x10,0x00,0xa3,
    0x09,0x42,0x30,0x4b,0xc0,0x3b,0x03,0x2d,0x84,0xb0,0x3b,0x88,0xee,0x38,0xb9,0x43,0xe1,0x8e,0xff,0x12,0xb7,0x33,0xd0,0x42,
    0x18,0xbb,0xc3,0xe8,0x8e,0x94,0x3b,0x18,0xee,0x80,0x30,0x71,0x3b,0x17,0x0c,0xea,0x86,0x41,0x99,0x90,0x06,0xf2,0x31,0x21,
    0x0d,0xe4,0x63,0x42,0x59,0x0a,0xf0,0x31,0xc1,0x2c,0x05,0xf8,0x4c,0x37,0x08,0x84,0x1f,0x4c,0x37,0x08,0xc4,0x1f,0x8c,0x18,
    0x18,0x00,0x08,0x82,0xc1,0x63,0xa3,0x42,0x6c,0x0a,0xc2,0x88,0x81,0x01,0x80,0x20,0x18,0x3c,0x37,0x2a,0xc8,0xa6,0x20,0x9c,
    0x40,0xa0,0x13,0x08,0x34,0x62,0x60,0x00,0x20,0x08,0x06,0x8f,0x8e,0x0a,0xb2,0x29,0x18,0x23,0x06,0x06,0x00,0x82,0x60,0xf0,
    0xec,0xa8,0x30,0x9b,0x82,0x31,0xdd,0xc0,0xa2,0x02,0x8c,0x0a,0xa6,0x30,0x4b,0xd0,0x3b,0x03,0x15,0x83,0xae,0x12,0xbc,0x93,
    0x1f,0xf8,0x33,0x50,0x31,0xf0,0x2a,0xc1,0x3b,0xf9,0x81,0x3f,0x03,0x15,0x83,0xaf,0x12,0xbc,0x93,0x1f,0xf8,0x33,0x50,0x31,
    0x80,0x2b,0xc1,0x3b,0xf9,0x81,0x3f,0x03,0x15,0x04,0x1a,0x13,0xbc,0x93,0x1f,0xf8,0x33,0x4b,0xe0,0x3b,0x03,0x15,0x03,0xb9,
    0x12,0xbd,0x93,0x1a,0xf5,0x33,0x50,0x31,0x98,0x2b,0xd1,0x3b,0xa9,0x51,0x3f,0x03,0x15,0x03,0xba,0x12,0xbd,0x93,0x1a,0xf5,
    0x33,0x50,0x31,0xa8,0x2b,0xd1,0x3b,0xa9,0x51,0x3f,0x03,0x15,0x84,0x1c,0x13,0xbd,0x93,0x1a,0xf5,0x53,0xc1,0x03,0x75,0x3c,
    0x30,0xcb,0xf0,0x3b,0xe0,0xd3,0x3f,0xc3,0x0d,0x02,0x77,0x06,0x35,0xfc,0xa6,0x80,0x27,0x10,0xa2,0x02,0x61,0x67,0x09,0xc0,
    0x67,0xa0,0x82,0x10,0x7e,0x07,0x94,0x09,0xdf,0x19,0x6e,0x18,0x21,0x31,0x15,0xc0,0x60,0x96,0x21,0x7c,0xc4,0x27,0x28,0x44,
    0x0c,0xcc,0x82,0x31,0x00,0x41,0x05,0x64,0x60,0xb3,0x04,0xe5,0x33,0xdc,0x70,0x42,0x62,0x2a,0x80,0xc1,0x2c,0xc3,0xf8,0x90,
    0x4f,0x50,0x66,0x70,0xa6,0xc2,0x55,0x13,0x98,0x05,0x02,0x08,0x2a,0x18,0x6c,0xb8,0x21,0x50,0x03,0x34,0xa8,0xc2,0x3e,0x05,
    0xa8,0x60,0x88,0xe9,0x06,0x22,0x18,0x66,0x09,0xca,0xc7,0xdc,0x20,0x3f,0x05,0x10,0x8c,0x18,0x1c,0x00,0x08,0x82,0x41,0x77,
    0xa7,0x42,0x7d,0x0a,0xd5,0x9b,0x0a,0x23,0x06,0x07,0x00,0x82,0x60,0xd0,0xe1,0xa9,0x30,0x9f,0x42,0x20,0xcc,0x12,0x94,0xcf,
    0x40,0x07,0xa1,0x85,0x8f,0x40,0x3e,0xc8,0xf8,0x54,0x0d,0xb1,0xa9,0x80,0x15,0xa0,0xa9,0xa0,0xc3,0x0d,0x81,0x9b,0x0a,0x60,
    0x30,0xcb,0x60,0x3e,0xe7,0x13,0x0c,0x37,0x54,0x75,0x2a,0x84,0xc1,0x70,0xc3,0x66,0xa7,0x02,0x1a,0x54,0x20,0xec,0x70,0x43,
    0x97,0x07,0x67,0x50,0x81,0xb0,0x17,0x10,0x62,0x96,0xe0,0x7c,0x06,0x2a,0x08,0xc1,0x7c,0xec,0xa0,0x7c,0x86,0x1b,0x92,0x3e,
    0x15,0xc0,0x60,0x96,0x01,0x7d,0xd2,0x27,0x28,0x31,0xf0,0x03,0xb3,0xe0,0x0f,0x40,0x50,0x01,0x28,0xd8,0x2c,0x01,0xfb,0x0c,
    0x37,0x34,0x7d,0x2a,0x80,0xc1,0x2c,0x83,0xfa,0xac,0x4f,0x50,0xa2,0x20,0xaa,0xc2,0xd5,0x19,0x04,0x66,0x81,0x00,0x82,0x0a,
    0x06,0x1b,0x6e,0x08,0x4c,0x01,0x0d,0xaa,0x88,0x51,0x01,0x2a,0x18,0x62,0xba,0x81,0x08,0x86,0x59,0x02,0xf6,0x31,0x55,0xa0,
    0x51,0x01,0x04,0x23,0x06,0x07,0x00,0x82,0x60,0xd0,0xc9,0xaa,0x00,0xa3,0xc2,0x1b,0xa8,0xaa,0x30,0x62,0x70,0x00,0x20,0x08,
    0x06,0xdd,0xac,0x0a,0x2e,0x2a,0x04,0xc2,0x2c,0x01,0xfb,0x0c,0x74,0x10,0x1a,0xfa,0x08,0xeb,0x83,0xa8,0xcf,0x70,0x83,0xd4,
    0xaa,0x02,0x18,0xcc,0x32,0xb8,0x4f,0xfb,0x04,0xb6,0x8b,0x02,0x8d,0x0a,0x30,0x18,0x31,0x38,0x00,0x10,0x04,0x03,0x34,0x90,
    0x55,0x01,0x47,0x85,0xdd,0x14,0x82,0xd1,0x84,0x00,0x18,0x4d,0x10,0x82,0xd1,0x84,0x41,0x18,0x4d,0x20,0x86,0x59,0x82,0xf9,
    0x19,0x66,0x21,0xc2,0x51,0x98,0x1f,0xe9,0x7d,0x22,0xf8,0xa9,0xe2,0xe7,0x92,0x9f,0x11,0x83,0x06,0x00,0x41,0x30,0x08,0x03,
    0x5d,0x15,0x76,0x54,0x48,0x4f,0x41,0x1c,0xc6,0x00,0x11,0x53,0x41,0x4c,0x05,0x31,0x15,0xc4,0x54,0x18,0x4d,0x08,0x80,0xd1,
    0x04,0x21,0x18,0x4d,0x18,0x84,0xd1,0x04,0x62,0x98,0x25,0x98,0x9f,0x11,0x83,0x06,0x00,0x41,0x30,0x08,0x83,0x5f,0x15,0xc0,
    0x54,0x78,0x4f,0xe1,0x1c,0xd0,0xa0,0x39,0x53,0xe1,0x4c,0x85,0x33,0x15,0xce,0x54,0x18,0x4d,0x08,0x80,0xd1,0x04,0x21,0x18,
    0x4d,0x18,0x84,0xd1,0x04,0x62,0x98,0x25,0x98,0x9f,0x11,0x83,0x06,0x00,0x41,0x30,0x08,0x03,0x72,0x15,0xca,0x54,0xa8,0x4f,
    0x81,0x1d,0xda,0x40,0x62,0x53,0x81,0x4d,0x05,0x36,0x15,0xd8,0x54,0x18,0x4d,0x08,0x80,0xd1,0x04,0x21,0x18,0x4d,0x18,0x84,
    0xd1,0x04,0x62,0x98,0x25,0x98,0x9f,0x11,0x83,0x06,0x00,0x41,0x30,0x08,0x83,0x74,0x15,0xd4,0x54,0xd8,0x4f,0x21,0x1e,0xe4,
    0xe0,0x8a,0x53,0x21,0x4e,0x85,0x38,0x15,0xe2,0x54,0x18,0x4d,0x08,0x80,0xd1,0x04,0x21,0x18,0x4d,0x18,0x84,0xd1,0x04,0x62,
    0x98,0x25,0x98,0x9f,0x81,0x9a,0x01,0x0e,0xda,0x47,0x85,0x09,0xf7,0x41,0xe4,0x47,0x8a,0x1f,0x0e,0x7e,0xcc,0xe0,0x7d,0x06,
    0x6a,0x06,0x38,0x68,0x1f,0x16,0x26,0xdc,0x07,0x91,0x1f,0x29,0x7e,0x38,0xf8,0x31,0x83,0xf7,0x19,0xa8,0x19,0xe0,0xa0,0x7d,
    0x5c,0x98,0x70,0x1f,0x44,0x7e,0xa4,0xf8,0xe1,0xe0,0xc7,0x0c,0xde,0x67,0xa0,0x66,0x80,0x83,0xf6,0x81,0x61,0xc2,0x7d,0x10,
    0xf9,0x91,0xe2,0x87,0x83,0x1f,0x33,0x78,0x9f,0xe1,0x86,0x59,0x60,0x57,0x01,0x0c,0x66,0x19,0xea,0x87,0x7e,0x02,0x2b,0x70,
    0x21,0x3e,0x56,0xe0,0x42,0x7c,0xac,0xc0,0x85,0xf8,0x58,0x81,0x0b,0xf1,0x31,0x82,0x1c,0xe4,0x63,0x44,0x39,0xc8,0xc7,0x08,
    0x73,0x90,0x8f,0x11,0xe7,0x20,0x1f,0x23,0xc0,0x01,0x3e,0x46,0x80,0x03,0x7c,0x8c,0x00,0x07,0xf8,0x18,0x01,0x0e,0xf0,0x99,
    0x25,0xa8,0x9f,0x81,0x8a,0x01,0xa1,0x1f,0x31,0x98,0x9f,0x81,0x8a,0x01,0xa1,0x1f,0x31,0x98,0x9f,0x81,0x8a,0x01,0xa1,0x1f,
    0x31,0x98,0x9f,0x81,0x8a,0x01,0xa1,0x1f,0x31,0x98,0x1f,0x23,0x07,0x7f,0x15,0x60,0x30,0xdc,0x10,0xbc,0x03,0x1a,0xcc,0x32,
    0xf8,0x8e,0xfd,0x04,0xc3,0x0d,0xeb,0xf0,0xaf,0x02,0x18,0xcc,0x32,0xe0,0xcf,0xfd,0x04,0x76,0xc0,0x43,0x7c,0xec,0x80,0x87,
    0xf8,0xd8,0x01,0x0f,0xf1,0xb1,0x03,0x1e,0xe2,0x63,0x84,0x3d,0xc8,0xc7,0x88,0x7b,0x90,0x8f,0x11,0xf8,0x20,0x1f,0x23,0xf2,
    0x41,0x3e,0x46,0xe0,0x03,0x7c,0x8c,0xc0,0x07,0xf8,0x18,0x81,0x0f,0xf0,0x31,0x02,0x1f,0xe0,0x33,0x4b,0x80,0x3f,0x03,0x15,
    0x03,0x72,0x3f,0x66,0x60,0x3f,0x03,0x15,0x03,0x72,0x3f,0x66,0x60,0x3f,0x03,0x15,0x03,0x72,0x3f,0x66,0x60,0x3f,0x03,0x15,
    0x03,0x72,0x3f,0x66,0x60,0x3f,0xc6,0x0f,0x31,0x2b,0xc0,0x60,0xb8,0x21,0x10,0x09,0x34,0x98,0x65,0xe8,0x9d,0xfc,0x09,0x66,
    0x19,0xf6,0x47,0x7f,0xc2,0x62,0xc4,0xc0,0x00,0x40,0x10,0x0c,0x9e,0x9f,0x15,0x6e,0x55,0x80,0x0b,0x3b,0xce,0x22,0x3e,0x76,
    0x9c,0x45,0x7c,0xec,0x38,0x8b,0xf8,0xd8,0x71,0x16,0xf1,0xb1,0x82,0x90,0x8f,0x19,0x84,0x7c,0xec,0x20,0xe4,0x63,0x08,0x21,
    0x1f,0x23,0xde,0x02,0x3e,0x46,0xbc,0x05,0x7c,0x8c,0x78,0x0b,0xf8,0x18,0xf1,0x16,0xf0,0x99,0x25,0xd8,0x9f,0x81,0x8a,0x01,
    0xd1,0x1f,0x33,0xc8,0x9f,0x81,0x8a,0x01,0xd1,0x1f,0x33,0xc8,0x9f,0x81,0x8a,0x01,0xd1,0x1f,0x33,0xc8,0x9f,0x81,0x8a,0x01,
    0xd1,0x1f,0x33,0xc8,0x9f,0x9a,0x0b,0xb2,0x15,0x60,0xba,0x21,0x6c,0x85,0xb2,0x15,0xfe,0x62,0xb8,0x41,0x08,0xc8,0x60,0x96,
    0xe1,0x76,0xf8,0x27,0xb0,0x63,0x37,0xe0,0x63,0xc7,0x6e,0xc0,0xc7,0x8e,0xdd,0x80,0x8f,0x1d,0xbb,0x01,0x1f,0xdb,0x8d,0xb5,
    0x15,0x20,0x30,0xdc,0x10,0x94,0x07,0x18,0xcc,0x32,0xf4,0x0f,0xed,0x04,0xb3,0x04,0xfe,0x33,0x50,0x31,0xc8,0x34,0x21,0x3b,
    0x4c,0xff,0x0c,0x54,0x0c,0x34,0x4d,0xc8,0x0e,0xd3,0x3f,0x03,0x15,0x83,0x4d,0x13,0xb2,0xc3,0xf4,0xcf,0x40,0xc5,0x80,0xd3,
    0x84,0xec,0x30,0xfd,0x73,0xea,0x31,0x28,0x2b,0x02,0xfa,0x58,0x21,0xd0,0xc7,0x8a,0x81,0x3e,0x56,0x10,0xf4,0x99,0x25,0xf8,
    0x9f,0x81,0xb6,0x81,0xac,0x09,0x92,0xf1,0xa9,0xbf,0x21,0x6b,0xe2,0x64,0xf4,0x33,0x58,0x19,0x12,0x0d,0x54,0xc6,0x45,0x83,
    0x94,0xc1,0xd1,0x00,0x65,0x10,0xff,0x21,0x6b,0x22,0x74,0xec,0xa9,0x74,0x40,0x8a,0x74,0x54,0x6a,0x74,0x68,0x4a,0x74,0x06,
    0xda,0x06,0xb3,0x26,0x48,0xc6,0xa7,0xfe,0xc6,0xac,0x89,0x93,0xd1,0xcf,0x60,0x65,0x48,0x34,0x50,0x19,0x17,0x0d,0x52,0x06,
    0x47,0x03,0x94,0x41,0xfc,0xc7,0xac,0x89,0xd0,0xb1,0xa7,0xd2,0x01,0x29,0xd2,0x51,0xa9,0xd1,0xa1,0x29,0xd1,0x19,0x68,0x1b,
    0xd0,0x9a,0x20,0x19,0x9f,0xfa,0x1b,0xb4,0x26,0x4e,0x46,0x3f,0x83,0x95,0x21,0xd1,0x40,0x65,0x5c,0x34,0x48,0x19,0x1c,0x0d,
    0x50,0x06,0xf1,0x1f,0xb4,0x26,0x42,0xc7,0x9e,0x4a,0x07,0xa4,0x48,0x47,0xa5,0x46,0x87,0xa6,0x44,0x67,0xa0,0x6d,0x50,0x6b,
    0x82,0x64,0x7c,0xea,0x6f,0xd4,0x9a,0x38,0x19,0xfd,0x0c,0x56,0x86,0x44,0x03,0x95,0x71,0xd1,0x20,0x65,0x70,0x34,0x40,0x19,
    0xc4,0x7f,0xd4,0x9a,0x08,0x1d,0x7b,0x2a,0x1d,0x90,0x22,0x1d,0x95,0x1a,0x1d,0x9a,0x12,0x9d,0x59,0x06,0x10,0xe2,0x23,0x11,
    0x0e,0x86,0x1b,0xfe,0x52,0xc8,0x5b,0x01,0x0c,0x66,0x19,0xf8,0x28,0x84,0x82,0xe1,0x06,0xd0,0x14,0xf6,0x56,0x00,0x83,0x59,
    0x06,0x11,0x1a,0xa1,0x60,0x38,0x22,0x0d,0x05,0x83,0xf8,0xa6,0x1b,0x74,0x55,0xc8,0x55,0x21,0x98,0x25,0x78,0xa1,0xe1,0x86,
    0xd1,0x14,0xf4,0x56,0x00,0x83,0x59,0x06,0x12,0x2a,0xa1,0x60,0x38,0x82,0x0d,0x85,0xa4,0xf8,0xa6,0x1b,0x7a,0x55,0xe0,0x55,
    0x21,0x98,0x25,0x78,0xa1,0xe1,0x06,0xd3,0x14,0xf6,0x56,0x00,0x83,0x59,0x06,0x13,0x3a,0xa1,0x60,0x38,0xe2,0x0d,0x05,0x26,
    0xf8,0xa6,0x1b,0xc0,0x55,0xf8,0x55,0x21,0x98,0x25,0x78,0xa1,0xe1,0x86,0xd4,0x14,0xfa,0x56,0x00,0x83,0x59,0x06,0x14,0x4a,
    0xa1,0x60,0x38,0x42,0x0e,0x85,0x67,0xf8,0xa6,0x1b,0xc6,0x55,0x10,0x57,0x21,0x98,0x25,0x78,0xa1,0xe1,0x06,0xd6,0x14,0xfe,
    0x56,0x00,0x83,0x59,0x06,0x15,0x5a,0xa1,0x60,0x38,0xa2,0x0e,0x05,0x49,0xf8,0xa6,0x1b,0xcc,0x55,0x28,0x57,0x21,0x98,0x25,
    0x78,0xa1,0xe1,0x86,0xd7,0x14,0x4e,0x57,0x00,0x83,0x59,0x06,0x16,0x6a,0xa1,0x60,0x38,0x02,0x0f,0x85,0xca,0xf9,0xa6,0x1b,
    0xd2,0x55,0x40,0x57,0x21,0x98,0x25,0x78,0xa1,0xe1,0x06,0xd9,0x14,0x48,0x57,0x00,0x83,0x59,0x86,0x17,0x72,0xa1,0x60,0xb8,
    0x61,0x36,0x05,0xd6,0x15,0xc0,0x60,0xba,0x81,0x5d,0x85,0x2c,0x98,0x25,0x78,0xa1,0x81,0xa2,0xc1,0x0c,0x44,0x08,0x0c,0x48,
    0x48,0x33,0x21,0x0a,0x85,0x1c,0x15,0x42,0x58,0x08,0xb7,0x89,0x16,0x12,0x5c,0x68,0x96,0x01,0x86,0x62,0xc8,0x1a,0x8e,0xf0,
    0x43,0x61,0x23,0xbe,0xe9,0x86,0x77,0x15,0xdc,0x55,0x08,0x66,0x09,0x7a,0x68,0xb8,0x01,0x37,0x85,0xd7,0x15,0xc0,0x60,0x96,
    0x41,0x86,0x66,0x28,0x18,0x8e,0x08,0x45,0xc1,0x2b,0xbe,0xe9,0x06,0x79,0x15,0xe2,0x55,0x08,0x66,0x09,0x7a,0x68,0xb8,0x61,
    0x37,0x05,0xd8,0x15,0xc0,0x60,0x96,0x81,0x86,0x6a,0x28,0x18,0x8e,0x20,0x45,0x21,0x0c,0x82,0x6f,0xba,0xa1,0x5e,0x05,0x7a,
    0x15,0x82,0x59,0x82,0x1e,0x1a,0x6e,0xf0,0x4d,0x41,0x76,0x05,0x30,0x98,0x65,0xb0,0xa1,0x1b,0x0a,0x86,0x23,0x4e,0x51,0x20,
    0x83,0xe1,0x9b,0x6e,0xc0,0x57,0xe1,0x5e,0x85,0x60,0x96,0xa0,0x87,0x86,0x1b,0xc2,0x53,0xa0,0x5d,0x01,0x0c,0x66,0x19,0x70,
    0x28,0x87,0x82,0xe1,0x08,0x55,0x14,0xce,0x40,0xf8,0xa6,0x1b,0xf6,0x55,0xd0,0x57,0x21,0x98,0x25,0xe8,0xa1,0xe1,0x06,0xf2,
    0x14,0x78,0x57,0x00,0x83,0x59,0x06,0x1d,0xda,0xa1,0x60,0x38,0xa2,0x15,0x05,0x35,0x70,0xbe,0xe9,0x06,0x7f,0x15,0xfa,0x55,
    0x08,0x66,0x09,0x7a,0x68,0xb8,0xe1,0x3c,0x85,0xdc,0x15,0xc0,0x60,0x96,0xa1,0x87,0x78,0x28,0x18,0x6e,0x40,0x4f,0x21,0x7c,
    0x05,0x30,0x98,0x6e,0x08,0x59,0xc1,0x0d,0x82,0x59,0x82,0x1e,0x1a,0x28,0x1a,0xcc,0x00,0x86,0xc0,0x40,0x86,0x34,0x1a,0xa2,
    0x6c,0xc8,0xc1,0x21,0x44,0x87,0x44,0x9c,0xd8,0x21,0x81,0x87,0x66,0x19,0x7c,0xe8,0x87,0xd6,0x60,0x38,0x62,0x16,0x05,0x38,
    0x20,0xbe,0xe9,0x06,0x92,0x15,0x46,0x56,0x08,0x66,0x09,0xd6,0x68,0xb8,0xa1,0x3d,0x05,0xf2,0x15,0xc0,0x60,0x96,0x01,0x8c,
    0xc2,0x28,0x18,0x8e,0xb0,0x45,0x61,0x0e,0x8a,0x6f,0xba,0xe1,0x64,0x05,0x93,0x15,0x82,0x59,0x82,0x35,0x1a,0x6e,0x80,0x4f,
    0xa1,0x7c,0x05,0x30,0x98,0x65,0x10,0xa3,0x31,0x0a,0x86,0x23,0x72,0x51,0xb0,0x83,0xe0,0x9b,0x6e,0x50,0x59,0x21,0x65,0x85,
    0x60,0x96,0x60,0x8d,0x86,0x1b,0xe6,0x53,0x38,0x5f,0x01,0x0c,0x66,0x19,0xc8,0xa8,0x8c,0x82,0xe1,0x08,0x5e,0x14,0xf2,0x60,
    0xf8,0xa6,0x1b,0x5a,0x56,0x60,0x59,0x21,0x98,0x25,0x58,0xa3,0xe1,0x06,0xfb,0x14,0xd2,0x57,0x00,0x83,0x59,0x06,0x33,0x3a,
    0xa3,0x60,0x38,0xe2,0x17,0x05,0x3e,0x10,0xbe,0xe9,0x06,0x98,0x15,0x5e,0x56,0x08,0x66,0x09,0xd6,0x68,0xb8,0x21,0x3f,0x85,
    0xf8,0x15,0xc0,0x60,0x96,0x01,0x8d,0xd2,0x28,0x18,0x8e,0x10,0x47,0xe1,0x0f,0x9c,0x6f,0xba,0x61,0x66,0x05,0x99,0x15,0x82,
    0x59,0x82,0x35,0x1a,0x6e,0xe0,0x4f,0xc1,0x7d,0x05,0x30,0x98,0x65,0x58,0x23,0x35,0x0a,0x86,0x1b,0xfa,0x53,0xb0,0x5f,0x01,
    0x0c,0xa6,0x1b,0x6c,0x56,0x18,0x85,0x60,0x96,0x60,0x8d,0x06,0x8a,0x06,0x33,0xf0,0x21,0x30,0x00,0x23,0x4d,0x8c,0x28,0x32,
    0x72,0xcc,0x08,0x41,0x23,0x36,0x27,0xd2,0x48,0x50,0xa3,0x59,0x06,0x36,0x6a,0x23,0x50,0x18,0x8e,0x40,0x47,0xa1,0x14,0x88,
    0x6f,0xba,0x21,0x67,0x05,0x9c,0x15,0x82,0x59,0x02,0x3e,0x1a,0x6e,0x10,0x51,0x21,0x7f,0x05,0x30,0x98,0x65,0x70,0xa3,0x37,
    0x0a,0x86,0x23,0xd6,0x51,0x40,0x85,0xe2,0x9b,0x6e,0xe0,0x59,0x61,0x67,0x85,0x60,0x96,0x80,0x8f,0x86,0x1b,0x4a,0x54,0xd0,
    0x5f,0x01,0x0c,0x66,0x19,0xe0,0x28,0x8e,0x82,0xe1,0x08,0x77,0x14,0x56,0x21,0xf8,0xa6,0x1b,0x7e,0x56,0xf0,0x59,0x21,0x98,
    0x25,0xe0,0xa3,0xe1,0x06,0x14,0x15,0xf8,0x57,0x00,0x83,0x59,0x06,0x39,0x9a,0xa3,0x60,0x38,0x22,0x1e,0x05,0x57,0x18,0xbe,
    0xe9,0x06,0xb1,0x15,0xc2,0x56,0x08,0x66,0x09,0xf8,0x68,0xb8,0x61,0x45,0x05,0xff,0x15,0xc0,0x60,0x96,0x81,0x8e,0xea,0x28,
    0x18,0x8e,0xa0,0x47,0x21,0x16,0x84,0x6f,0xba,0xa1,0x6c,0x05,0xb2,0x15,0x82,0x59,0x02,0x3e,0x1a,0x6e,0x70,0x51,0xc1,0x84,
    0x05,0x30,0x98,0x65,0xb0,0xa3,0x3b,0x0a,0x86,0x23,0xee,0x51,0xa0,0x05,0xe7,0x9b,0x6e,0x40,0x5b,0xe1,0x6c,0x85,0x60,0x96,
    0x80,0x8f,0x86,0x1b,0x62,0x54,0x18,0x61,0x01,0x0c,0x66,0x19,0xf8,0x08,0x8f,0x82,0xe1,0x06,0x19,0x15,0x56,0x58,0x00,0x83,
    0xe9,0x86,0xb5,0x15,0x70,0x21,0x98,0x25,0xe0,0xa3,0x59,0x02,0x3e,0x9a,0x25,0xe0,0xa3,0x59,0x02,0x3e,0x1a,0x28,0x14,0x06,
    0x5b,0x27,0x2a,0x5b,0x27,0x3c,0x5b,0x27,0x3e,0xda,0x24,0xc6,0xc0,0x37,0x09,0x31,0x40,0x4f,0x22,0x0c,0xe4,0x93,0x00,0x03,
    0xbd,0x1e,0x4a,0xc1,0xa5,0x87,0x53,0x30,0xcd,0x21,0x1e,0xe4,0xe2,0x7f,0x7c,0x56,0xf8,0x0d,0xd8,0x14,0xfe,0x43,0x35,0x85,
    0x10,0x21,0x4d,0x61,0x44,0xfc,0x52,0x28,0x11,0xbc,0x14,0x4e,0x44,0x2e,0x85,0x14,0xb1,0x75,0x42,0x45,0xd8,0x52,0x58,0x11,
    0x7f,0xc0,0x23,0x7f,0xb8,0x23,0x7f,0xb0,0x23,0x7f,0xa0,0x23,0x7f,0x90,0x23,0x7f,0x80,0x23,0x7f,0x70,0x23,0x7f,0x60,0x23,
    0xb9,0x00,0x21,0xdb,0x1c,0xf2,0x08,0xf6,0x03,0x3d,0x72,0xdf,0x60,0x8f,0x06,0x0a,0x85,0x01,0xd7,0x89,0x0a,0xd7,0x09,0x0f,
    0xd7,0x89,0x8f,0x36,0x89,0x31,0xf0,0x4d,0x42,0x0c,0xd0,0x93,0x08,0x03,0xf9,0x24,0xc0,0x40,0xaf,0x87,0x52,0x70,0xe9,0xe1,
    0x14,0x4c,0x73,0x88,0x07,0xb9,0xf8,0x1f,0xb0,0x15,0x7e,0x43,0x36,0x85,0xff,0x60,0x4d,0x21,0x44,0x4c,0x53,0x18,0x11,0xd0,
    0x14,0x4a,0x44,0x2f,0x85,0x13,0xa1,0x4b,0x21,0x45,0x70,0x9d,0x50,0x11,0xb7,0x14,0x56,0xc4,0x16,0xf0,0xc8,0x16,0xee,0xc8,
    0x16,0xec,0xc8,0x16,0xe8,0xc8,0x16,0xe4,0xc8,0x16,0xe0,0xc8,0x16,0xdc,0xc8,0x16,0xd8,0x88,0x2e,0x40,0xc8,0x36,0x87,0x3c,
    0x92,0xfd,0x40,0x8f,0xe0,0x37,0xd8,0xa3,0x81,0x42,0x61,0xd0,0x75,0xa2,0xd2,0x75,0xc2,0xd3,0x75,0xe2,0xa3,0x4d,0x62,0x0c,
    0x7c,0x93,0x10,0x03,0xf4,0x24,0xc2,0x40,0x3e,0x09,0x30,0xd0,0xeb,0xa1,0x14,0x5c,0x7a,0x38,0x05,0xd3,0x1c,0xe2,0x41,0x2e,
    0xfe,0x47,0x6c,0x85,0xdf,0xa0,0x4d,0xe1,0x3f,0x5c,0x53,0x08,0x11,0xd4,0x14,0x46,0x44,0x34,0x85,0x12,0xe1,0x4b,0xe1,0x44,
    0xec,0x52,0x48,0x11,0x5d,0x27,0x54,0x04,0x2e,0x85,0x15,0x71,0x03,0x3c,0x72,0x83,0x3b,0x72,0x03,0x3b,0x72,0x03,0x3a,0x72,
    0x03,0x39,0x72,0x03,0x38,0x72,0x03,0x37,0x72,0x03,0x36,0xb2,0x0b,0x10,0xb2,0xcd,0x21,0x8f,0x68,0x3f,0xd0,0x23,0xf9,0x0d,
    0xf6,0x68,0xa0,0x50,0x18,0x7c,0x9d,0xa8,0x78,0x9d,0xf0,0x78,0x9d,0xf8,0x68,0x93,0x18,0x03,0xdf,0x24,0xc4,0x00,0x3d,0x89,
    0x30,0x90,0x4f,0x02,0x0c,0xf4,0x7a,0x28,0x05,0x97,0x1e,0x4e,0xc1,0x34,0x87,0x78,0x90,0x8b,0xff,0x21,0x5b,0xe1,0x37,0x6c,
    0x53,0xf8,0x0f,0xd8,0x14,0x42,0x44,0x35,0x85,0x11,0x21,0x4d,0xa1,0x44,0xfc,0x52,0x38,0x11,0xbc,0x14,0x52,0x84,0xd7,0x09,
    0x15,0x91,0x4b,0x61,0x45,0x10,0x3c,0xe2,0x75,0xe2,0x8e,0x1c,0x3b,0xa2,0xe8,0x48,0x93,0x23,0x30,0x80,0x23,0x33,0x70,0x23,
    0x36,0x60,0x23,0xbc,0x00,0x21,0xdb,0x1c,0xf2,0xc8,0xf6,0x03,0x3d,0xa2,0xdf,0x60,0x8f,0x86,0x1b,0xe4,0x54,0x70,0x5d,0x01,
    0x0c,0x2a,0xf8,0x4b,0x41,0x67,0x19,0xfa,0xc8,0x8f,0x02,0x2b,0x51,0xe1,0x77,0x05,0x10,0x8c,0x18,0x1c,0x00,0x08,0x82,0x01,
    0x1a,0xe0,0xb0,0xe0,0xbb,0x42,0xd8,0x0a,0xc1,0x68,0x42,0x00,0x58,0x90,0xa7,0x82,0x7c,0x46,0x13,0x86,0xc0,0x84,0x00,0x3e,
    0x23,0x06,0x07,0x00,0x82,0x60,0xd0,0xa0,0xb1,0x70,0xbe,0x42,0x70,0xb7,0xc2,0x88,0xc1,0x01,0x80,0x20,0x18,0x34,0x69,0x2c,
    0x9c,0xaf,0x10,0xe4,0xad,0x60,0x81,0x23,0x1f,0x13,0x1c,0xf9,0xd8,0xe0,0xc8,0xc7,0x08,0x47,0x3e,0xb3,0x04,0x7e,0x34,0x50,
    0x31,0x20,0x7d,0x44,0x06,0x7c,0x34,0x50,0x31,0x20,0x7d,0x44,0x06,0x7c,0x34,0x50,0x31,0x20,0x7d,0x44,0x06,0x7c,0x34,0x50,
    0x31,0x20,0x7d,0x44,0x06,0x7c,0x34,0xdc,0x40,0xaa,0xc2,0xed,0x0a,0x60,0x50,0x41,0x88,0x0a,0x3a,0xdc,0x50,0xaa,0x42,0xee,
    0x0a,0x60,0x50,0xc1,0x88,0x0a,0x3a,0xdc,0x90,0xa6,0x02,0x1a,0x0b,0x60,0x30,0xcb,0x70,0x4a,0x7f,0x14,0x0c,0x37,0xa8,0xa9,
    0xa0,0xc6,0x02,0x18,0xcc,0x32,0x80,0x52,0x28,0x05,0xa6,0xd8,0xaa,0x20,0x1f,0x53,0x6c,0x55,0x90,0x8f,0x29,0xb6,0x2a,0xc8,
    0xc7,0x14,0x5b,0x15,0xe4,0x33,0xdd,0x40,0xe8,0xaa,0x90,0x4c,0x37,0x10,0xba,0x2a,0x28,0xd3,0x0d,0x84,0xae,0x0a,0xcb,0x74,
    0x03,0xa1,0xab,0x02,0x33,0x4b,0x70,0x4a,0xc3,0x0d,0x73,0x2a,0xbc,0xb1,0x00,0x06,0xb3,0x0c,0xa7,0x24,0x4a,0xc1,0x70,0x03,
    0x9d,0x0a,0x6e,0x2c,0x80,0xc1,0x2c,0xc3,0x28,0x91,0x52,0x30,0x62,0x70,0x00,0x20,0x08,0x06,0x68,0x70,0xc7,0x42,0xff,0x0a,
    0x7f,0x2b,0xc0,0xb1,0x30,0x9a,0x10,0x00,0xa3,0x09,0x42,0x30,0x9a,0x30,0x08,0xa3,0x09,0xc4,0x30,0x4b,0x70,0x4a,0xc3,0x0d,
    0x7a,0x2a,0xcc,0xb1,0x00,0x06,0xb3,0x0c,0xa7,0x54,0x4a,0xc1,0x70,0xc3,0x9e,0x0a,0x73,0x2c,0x80,0xc1,0x2c,0xc3,0x29,0x99,
    0x52,0x30,0xdc,0xc0,0xa7,0x42,0x1e,0x0b,0x60,0x30,0xdd,0x90,0xa6,0x02,0xba,0x0a,0xc1,0x74,0x43,0x9a,0x0a,0xe8,0x2a,0x08,
    0xd3,0x0d,0x69,0x2a,0xa0,0xab,0x30,0x4c,0x37,0xa4,0xa9,0x80,0xae,0x02,0x31,0x4b,0x70,0x4a,0x03,0x3d,0x83,0x35,0x4a,0xe8,
    0x4d,0xf8,0x11,0x19,0x80,0x12,0x28,0x84,0x12,0x78,0x13,0xa4,0x04,0xdb,0x44,0x29,0x21,0xa6,0x34,0xd0,0x33,0x58,0xa3,0x84,
    0xde,0x84,0x1f,0x91,0x01,0x28,0x81,0x42,0x28,0x81,0x37,0x41,0x4a,0xb0,0x4d,0x94,0x12,0x62,0x4a,0x03,0x3d,0x83,0x35,0x4a,
    0xe8,0x4d,0xf8,0x11,0x19,0x80,0x12,0x28,0x84,0x12,0x78,0x13,0xa4,0x04,0xdb,0x44,0x29,0x21,0xa6,0x34,0xd0,0x33,0x58,0xa3,
    0x84,0xde,0x84,0x1f,0x91,0x01,0x28,0x81,0x42,0x28,0x81,0x37,0x41,0x4a,0xb0,0x4d,0x94,0x12,0x62,0x4a,0x45,0xaa,0x02,0x09,
    0x0b,0x3a,0xdc,0x10,0x94,0xb2,0x00,0x06,0xb3,0x0c,0xa9,0x84,0x4a,0x81,0x91,0xaf,0x60,0xc4,0xc7,0xca,0x57,0x30,0xe2,0x63,
    0xe6,0x2b,0x18,0xf1,0xb1,0xf3,0x15,0x8c,0xf8,0xcc,0x12,0xa4,0xd2,0x40,0xc5,0x80,0xa0,0x12,0x75,0x4a,0x03,0x15,0x03,0x82,
    0x4a,0xd4,0x29,0x0d,0x54,0x0c,0x08,0x2a,0x51,0xa7,0x34,0x50,0x31,0x20,0xa8,0x44,0x9d,0x52,0xb9,0xaa,0x90,0xc2,0x82,0x0e,
    0x37,0x04,0xaf,0x2c,0x84,0xc1,0x74,0xc3,0x60,0x04,0xd3,0x0d,0x84,0x21,0x4c,0x37,0x14,0xc6,0x30,0xdc,0x10,0xab,0xc2,0x2c,
    0x0b,0x60,0x30,0xcb,0x20,0x4b,0xaa,0x14,0x0c,0x37,0xc8,0xaa,0x50,0xcb,0x02,0x18,0xcc,0x32,0xac,0x12,0x2b,0x05,0x56,0x07,
    0x21,0x2b,0xc8,0xc7,0xea,0x20,0x64,0x05,0xf9,0x58,0x1d,0x84,0xac,0x20,0x1f,0xab,0x83,0x90,0x15,0xe4,0x33,0xdd,0x40,0x94,
    0xac,0x40,0x07,0xd3,0x0d,0x44,0xc9,0x0a,0x75,0x30,0xdd,0x40,0x94,0xac,0x60,0x07,0xd3,0x0d,0x44,0xc9,0x0a,0x77,0x30,0x4b,
    0x20,0x4b,0xc3,0x0d,0xbb,0x2a,0xe8,0xb2,0x00,0x06,0xb3,0x0c,0xb2,0xd4,0x4a,0xc1,0x70,0x03,0xaf,0x0a,0xb9,0x2c,0x80,0xc1,
    0x2c,0x83,0x2b,0xbd,0x52,0x30,0x62,0x70,0x00,0x20,0x08,0x06,0x68,0x20,0xce,0x02,0x1a,0x0b,0xea,0x2b,0xec,0xb2,0x30,0x9a,
    0x10,0x00,0xa3,0x09,0x42,0x30,0x9a,0x30,0x08,0xa3,0x09,0xc4,0x30,0x4b,0x20,0x4b,0xc3,0x0d,0xe2,0x2a,0xf8,0xb2,0x00,0x06,
    0xb3,0x0c,0xb2,0x04,0x4b,0xc1,0x70,0xc3,0xb8,0x0a,0xbe,0x2c,0x80,0xc1,0x2c,0x83,0x2c,0xc5,0x52,0x30,0xdc,0x40,0xae,0x02,
    0x39,0x0b,0x60,0x30,0xdd,0x40,0xab,0xc2,0xcc,0x0a,0xc1,0x74,0x03,0xad,0x0a,0x33,0x2b,0x08,0xd3,0x0d,0xb4,0x2a,0xcc,0xac,
    0x30,0x4c,0x37,0xd0,0xaa,0x30,0xb3,0x02,0x31,0x4b,0x20,0x4b,0x03,0x3d,0x83,0xe5,0x4a,0x7e,0x4e,0xa4,0x12,0x19,0xac,0x92,
    0x4d,0xb0,0x92,0x9d,0x13,0xaf,0x64,0xe6,0x04,0x2c,0x21,0xb1,0x34,0xd0,0x33,0x58,0xae,0xe4,0xe7,0x44,0x2a,0x91,0xc1,0x2a,
    0xd9,0x04,0x2b,0xd9,0x39,0xf1,0x4a,0x66,0x4e,0xc0,0x12,0x12,0x4b,0x03,0x3d,0x83,0xe5,0x4a,0x7e,0x4e,0xa4,0x12,0x19,0xac,
    0x92,0x4d,0xb0,0x92,0x9d,0x13,0xaf,0x64,0xe6,0x04,0x2c,0x21,0xb1,0x34,0xd0,0x33,0x58,0xae,0xe4,0xe7,0x44,0x2a,0x91,0xc1,
    0x2a,0xd9,0x04,0x2b,0xd9,0x39,0xf1,0x4a,0x66,0x4e,0xc0,0x12,0x12,0x4b,0xc5,0xae,0xc2,0x1b,0x0b,0x3a,0xdc,0x10,0xc0,0xb3,
    0x00,0x06,0xb3,0x0c,0xb4,0x34,0x4b,0x81,0xbd,0xb0,0x60,0xc4,0xc7,0x60,0x58,0x30,0xe2,0x63,0x31,0x2c,0x18,0xf1,0x31,0x19,
    0x16,0x8c,0xf8,0xcc,0x12,0xd0,0xd2,0x40,0xc5,0x80,0xcc,0x12,0x25,0x4b,0x03,0x15,0x03,0x32,0x4b,0x94,0x2c,0x0d,0x54,0x0c,
    0xc8,0x2c,0x51,0xb2,0x34,0x50,0x31,0x20,0xb3,0x44,0xc9,0x52,0xd9,0xab,0x40,0xc7,0x82,0x0e,0x37,0x04,0xfa,0x2c,0x84,0xc1,
    0x74,0xc3,0x60,0x04,0xd3,0x0d,0x84,0x21,0x4c,0x37,0x14,0xc6,0x30,0xdc,0x20,0xb2,0x82,0x3f,0x0b,0x60,0x30,0xcb,0xd0,0x4b,
    0xb5,0x14,0x0c,0x37,0x8c,0xac,0x00,0xd2,0x02,0x18,0xcc,0x32,0xd8,0xd2,0x2d,0x05,0x06,0x0e,0x6c,0x2b,0xc8,0xc7,0xc0,0x81,
    0x6d,0x05,0xf9,0x18,0x38,0xb0,0xad,0x20,0x1f,0x03,0x07,0xb6,0x15,0xe4,0x33,0xdd,0x40,0xc0,0xad,0xf0,0x0b,0xd3,0x0d,0x04,
    0xdc,0x0a,0xe0,0x30,0xdd,0x40,0xc0,0xad,0x10,0x0e,0xd3,0x0d,0x04,0xdc,0x0a,0xe2,0x30,0x4b,0xd0,0x4b,0xc3,0x0d,0x2c,0x2b,
    0x94,0xb4,0x00,0x06,0xb3,0x0c,0xbd,0x84,0x4b,0xc1,0x70,0x43,0xcb,0x0a,0x24,0x2d,0x80,0xc1,0x2c,0x43,0x2e,0xe9,0x52,0x30,
    0x62,0x70,0x00,0x20,0x08,0x06,0x68,0xd0,0xd2,0xc2,0x2c,0x0b,0x35,0x2c,0x98,0xb4,0x30,0x9a,0x10,0x00,0xa3,0x09,0x42,0x30,
    0x9a,0x30,0x08,0xa3,0x09,0xc4,0x30,0x4b,0xd0,0x4b,0xc3,0x0d,0x33,0x2b,0xa4,0xb4,0x00,0x06,0xb3,0x0c,0xbd,0xb4,0x4b,0xc1,
    0x70,0x03,0xcd,0x0a,0x29,0x2d,0x80,0xc1,0x2c,0x43,0x2f,0xf1,0x52,0x30,0xdc,0x50,0xb3,0xc2,0x4b,0x0b,0x60,0x30,0xdd,0xf0,
    0xaf,0x82,0xdf,0x0a,0xc1,0x74,0xc3,0xbf,0x0a,0x7e,0x2b,0x08,0xd3,0x0d,0xff,0x2a,0xf8,0xad,0x30,0x4c,0x37,0xfc,0xab,0xe0,
    0xb7,0x02,0x31,0x4b,0xd0,0x4b,0x03,0x3d,0x83,0x95,0x4b,0x34,0x4f,0xd0,0x12,0x19,0xd8,0x12,0x7b,0xdc,0x12,0xcb,0x13,0xba,
    0xc4,0xef,0xc4,0x2e,0x21,0xbc,0x34,0xd0,0x33,0x58,0xb9,0x44,0xf3,0x04,0x2d,0x91,0x81,0x2d,0xb1,0xc7,0x2d,0xb1,0x3c,0xa1,
    0x4b,0xfc,0x4e,0xec,0x12,0xc2,0x4b,0x03,0x3d,0x83,0x95,0x4b,0x34,0x4f,0xd0,0x12,0x19,0xd8,0x12,0x7b,0xdc,0x12,0xcb,0x13,
    0xba,0xc4,0xef,0xc4,0x2e,0x21,0xbc,0x34,0xd0,0x33,0x58,0xb9,0x44,0xf3,0x04,0x2d,0x91,0x81,0x2d,0xb1,0xc7,0x2d,0xb1,0x3c,
    0xa1,0x4b,0xfc,0x4e,0xec,0x12,0xc2,0x4b,0xd5,0xb3,0x82,0x2e,0x0b,0x3a,0xdc,0x10,0xec,0xb4,0x00,0x06,0xb3,0x0c,0xbf,0xe4,
    0x4b,0x81,0xe9,0xb1,0x60,0xc4,0xc7,0xf6,0x58,0x30,0xe2,0x63,0x7c,0x2c,0x18,0xf1,0xb1,0x3e,0x16,0x8c,0xf8,0xcc,0x12,0xfc,
    0xd2,0x40,0xc5,0x80,0xf8,0x12,0xd5,0x4b,0x03,0x15,0x03,0xe2,0x4b,0x54,0x2f,0x0d,0x54,0x0c,0x88,0x2f,0x51,0xbd,0x34,0x50,
    0x31,0x20,0xbe,0x44,0xf5,0x52,0x9d,0xad,0xf0,0xcb,0x82,0x0e,0x37,0x04,0x65,0x2d,0x84,0xc1,0x74,0xc3,0x60,0x04,0xd3,0x0d,
    0x84,0x21,0x4c,0x37,0x14,0xc6,0x30,0xdc,0xf0,0xb3,0x42,0x5a,0x0b,0x60,0x30,0xcb,0x80,0x4e,0xe0,0x14,0x0c,0x37,0x80,0xad,
    0xb0,0xd6,0x02,0x18,0xcc,0x32,0x84,0x93,0x38,0x05,0xb6,0x12,0xb7,0x2b,0xc8,0xc7,0x56,0xe2,0x76,0x05,0xf9,0xd8,0x4a,0xdc,
    0xae,0x20,0x1f,0x5b,0x89,0xdb,0x15,0xe4,0x33,0xdd,0x40,0xec,0xae,0x80,0x12,0xd3,0x0d,0xc4,0xee,0x0a,0x29,0x31,0xdd,0x40,
    0xec,0xae,0xa0,0x12,0xd3,0x0d,0xc4,0xee,0x0a,0x2b,0x31,0x4b,0x80,0x4e,0xc3,0x0d,0x69,0x2b,0xc0,0xb5,0x00,0x06,0xb3,0x0c,
    0xe8,0x34,0x4e,0xc1,0x70,0x83,0xda,0x0a,0x6f,0x2d,0x80,0xc1,0x2c,0x03,0x39,0x95,0x53,0x30,0x62,0x70,0x00,0x20,0x08,0x06,
    0x68,0x80,0xd7,0x82,0x3f,0x0b,0xa0,0x2c,0xc4,0xb5,0x30,0x9a,0x10,0x00,0xa3,0x09,0x42,0x30,0x9a,0x30,0x08,0xa3,0x09,0xc4,
    0x30,0x4b,0x80,0x4e,0xc3,0x0d,0x70,0x2b,0xd0,0xb5,0x00,0x06,0xb3,0x0c,0xe8,0x64,0x4e,0xc1,0x70,0x43,0xdc,0x0a,0x74,0x2d,
    0x80,0xc1,0x2c,0x03,0x3a,0x9d,0x53,0x30,0xdc,0x20,0xb7,0x82,0x5e,0x0b,0x60,0x30,0xdd,0xa0,0xb6,0x42,0xfa,0x0a,0xc1,0x74,
    0x83,0xda,0x0a,0xe9,0x2b,0x08,0xd3,0x0d,0x6a,0x2b,0xa4,0xaf,0x30,0x4c,0x37,0xa8,0xad,0x90,0xbe,0x02,0x31,0x4b,0x80,0x4e,
    0x03,0x3d,0x83,0x45,0x4e,0xea,0x4f,0xfc,0x12,0x19,0x84,0x93,0xa8,0x88,0x93,0xf8,0x13,0xe5,0x24,0xfb,0x84,0x39,0x21,0xe7,
    0x34,0xd0,0x33,0x58,0xe4,0xa4,0xfe,0xc4,0x2f,0x91,0x41,0x38,0x89,0x8a,0x38,0x89,0x3f,0x51,0x4e,0xb2,0x4f,0x98,0x13,0x72,
    0x4e,0x03,0x3d,0x83,0x45,0x4e,0xea,0x4f,0xfc,0x12,0x19,0x84,0x93,0xa8,0x88,0x93,0xf8,0x13,0xe5,0x24,0xfb,0x84,0x39,0x21,
    0xe7,0x34,0xd0,0x33,0x58,0xe4,0xa4,0xfe,0xc4,0x2f,0x91,0x41,0x38,0x89,0x8a,0x38,0x89,0x3f,0x51,0x4e,0xb2,0x4f,0x98,0x13,
    0x72,0x4e,0xa5,0xb7,0x42,0x49,0x0b,0x3a,0xdc,0x10,0x98,0xb6,0x00,0x06,0xb3,0x0c,0xea,0x94,0x4e,0x81,0x95,0xb3,0x60,0xc4,
    0xc7,0xcc,0x59,0x30,0xe2,0x63,0xe7,0x2c,0x18,0xf1,0x31,0x74,0x16,0x8c,0xf8,0xcc,0x12,0xa8,0xd3,0x40,0xc5,0x80,0xa4,0x13,
    0x85,0x4e,0x03,0x15,0x03,0x92,0x4e,0x14,0x3a,0x0d,0x54,0x0c,0x48,0x3a,0x51,0xe8,0x34,0x50,0x31,0x20,0xe9,0x44,0xa1,0x53,
    0x91,0xae,0xa0,0xd2,0x82,0x0e,0x37,0x04,0xb0,0x2d,0x84,0xc1,0x74,0xc3,0x60,0x04,0xd3,0x0d,0x84,0x21,0x4c,0x37,0x14,0xc6,
    0x30,0xdc,0x70,0xba,0x02,0x6d,0x0b,0x60,0x30,0xcb,0x30,0x4f,0xeb,0x14,0x0c,0x37,0xa0,0xae,0x60,0xdb,0x02,0x18,0xcc,0x32,
    0xb0,0x53,0x3b,0x05,0x66,0x17,0x22,0x2c,0xc8,0xc7,0xec,0x42,0x84,0x05,0xf9,0x98,0x5d,0x88,0xb0,0x20,0x1f,0xb3,0x0b,0x11,
    0x16,0xe4,0x33,0xdd,0x40,0x98,0xb0,0x30,0x17,0xd3,0x0d,0x84,0x09,0x0b,0x74,0x31,0xdd,0x40,0x98,0xb0,0x50,0x17,0xd3,0x0d,
    0x84,0x09,0x0b,0x76,0x31,0x4b,0x30,0x4f,0xc3,0x0d,0xb1,0x2b,0xec,0xb6,0x00,0x06,0xb3,0x0c,0xf3,0xe4,0x4e,0xc1,0x70,0x83,
    0xec,0x0a,0xba,0x2d,0x80,0xc1,0x2c,0xc3,0x3b,0xc1,0x53,0x30,0x62,0x70,0x00,0x20,0x08,0x06,0x68,0x30,0xde,0x42,0x5a,0x0b,
    0xeb,0x2c,0xf0,0xb6,0x30,0x9a,0x10,0x00,0xa3,0x09,0x42,0x30,0x9a,0x30,0x08,0xa3,0x09,0xc4,0x30,0x4b,0x30,0x4f,0xc3,0x0d,
    0xb8,0x2b,0xfc,0xb6,0x00,0x06,0xb3,0x0c,0xf3,0x14,0x4f,0xc1,0x70,0x43,0xee,0x0a,0xbf,0x2d,0x80,0xc1,0x2c,0xc3,0x3c,0xc9,
    0x53,0x30,0xdc,0xa0,0xbb,0x42,0x79,0x0b,0x60,0x30,0xdd,0x50,0xbb,0x02,0x0d,0x0b,0xc1,0x74,0x43,0xed,0x0a,0x34,0x2c,0x08,
    0xd3,0x0d,0xb5,0x2b,0xd0,0xb0,0x30,0x4c,0x37,0xd4,0xae,0x40,0xc3,0x02,0x31,0x4b,0x30,0x4f,0x03,0x3d,0x83,0xf5,0x4e,0xa0,
    0x58,0xa8,0x13,0x19,0xb0,0x13,0xce,0xb4,0x13,0x1e,0x16,0xf0,0x84,0x86,0x45,0x3c,0x21,0xf2,0x34,0xd0,0x33,0x58,0xef,0x04,
    0x8a,0x85,0x3a,0x91,0x01,0x3b,0xe1,0x4c,0x3b,0xe1,0x61,0x01,0x4f,0x68,0x58,0xc4,0x13,0x22,0x4f,0x03,0x3d,0x83,0xf5,0x4e,
    0xa0,0x58,0xa8,0x13,0x19,0xb0,0x13,0xce,0xb4,0x13,0x1e,0x16,0xf0,0x84,0x86,0x45,0x3c,0x21,0xf2,0x34,0xd0,0x33,0x58,0xef,
    0x04,0x8a,0x85,0x3a,0x91,0x01,0x3b,0xe1,0x4c,0x3b,0xe1,0x61,0x01,0x4f,0x68,0x58,0xc4,0x13,0x22,0x4f,0x25,0xbe,0x02,0x5c,
    0x0b,0x3a,0xdc,0x10,0xc4,0xb7,0x00,0x06,0xb3,0x0c,0xf5,0x44,0x4f,0x81,0xc1,0xb4,0x60,0xc4,0xc7,0x62,0x5a,0x30,0xe2,0x63,
    0x32,0x2d,0x18,0xf1,0xb1,0x99,0x16,0x8c,0xf8,0xcc,0x12,0xd4,0xd3,0x40,0xc5,0x80,0xd0,0x13,0x35,0x4f,0x03,0x15,0x03,0x42,
    0x4f,0xd4,0x3c,0x0d,0x54,0x0c,0x08,0x3d,0x51,0xf3,0x34,0x50,0x31,0x20,0xf4,0x44,0xcd,0x53,0xb1,0xaf,0x50,0xd7,0x82,0x0e,
    0x37,0x04,0xfb,0x2d,0x84,0xc1,0x74,0xc3,0x60,0x04,0xd3,0x0d,0x84,0x21,0x4c,0x37,0x14,0xc6,0x30,0xdc,0x70,0xbf,0xc2,0x7f,
    0x0b,0x60,0x30,0xcb,0xe0,0x4f,0xf6,0x14,0x0c,0x37,0xe0,0xaf,0x10,0xe2,0x02,0x18,0xcc,0x32,0xdc,0x13,0x3e,0x05,0xe6,0x1b,
    0x6a,0x2c,0xc8,0x67,0xba,0x21,0x58,0x63,0x61,0x37,0x66,0x09,0xfc,0x69,0xb8,0x61,0x7f,0x05,0x10,0x17,0xc0,0x60,0x96,0xc1,
    0x9f,0xf2,0x29,0x18,0x6e,0xe0,0x5f,0xe1,0xbf,0x05,0x30,0x98,0x65,0xd0,0xa7,0x7d,0x0a,0x46,0x0c,0x0e,0x00,0x04,0xc1,0x00,
    0x0d,0x50,0x5c,0x70,0x6d,0x01,0xa6,0x85,0x10,0x17,0x46,0x13,0x82,0x61,0x96,0xc0,0x9f,0x86,0x1b,0xfe,0x57,0x08,0x71,0x01,
    0x0c,0x66,0x19,0xfc,0x89,0x9f,0x82,0xe1,0x06,0x10,0x16,0x42,0x5c,0x00,0x83,0x59,0x06,0x7f,0xea,0xa7,0x60,0xb8,0x21,0x84,
    0x85,0x13,0x17,0xc0,0x60,0xba,0x81,0x7e,0x85,0x39,0x16,0x82,0x59,0x02,0x7f,0x1a,0xe8,0x19,0x14,0x7d,0xc2,0xc7,0xa2,0x9e,
    0xa4,0x7b,0x82,0x1d,0x7c,0x82,0xc7,0x62,0x9f,0xc0,0xb1,0xe0,0x27,0xa1,0x9f,0xaa,0x84,0x85,0x15,0x17,0x74,0xb8,0x21,0x68,
    0x71,0x21,0x0c,0x8c,0xad,0x85,0x21,0x3e,0xd3,0x0d,0x01,0x21,0x4c,0x37,0xe0,0xb1,0xc0,0xc7,0xc2,0x0a,0x0b,0xd3,0x0d,0x78,
    0x2c,0xf0,0xb1,0xc0,0xc2,0xc2,0x74,0x03,0x1e,0x0b,0x7c,0x2c,0xb4,0xb0,0x30,0xdd,0x80,0xc7,0x02,0x1f,0x0b,0x2e,0x2c,0x0c,
    0x37,0x80,0xb1,0xc0,0xdb,0x02,0x18,0xcc,0x32,0xfc,0x93,0x58,0x05,0xa5,0xbf,0xc2,0x8b,0x0b,0x58,0xc1,0x8a,0x0b,0x3a,0xdc,
    0x10,0xa4,0xb8,0x00,0x06,0xb3,0x0c,0x21,0x05,0x52,0x41,0xf5,0xaf,0xd0,0xe2,0x82,0x0e,0x37,0x0c,0x2a,0x2e,0x80,0xc1,0x74,
    0xc3,0x8c,0x0b,0x42,0x30,0xdd,0x90,0xe3,0x42,0x21,0xcc,0x12,0x84,0xd4,0x40,0x05,0x41,0xc7,0xc5,0x3f,0x11,0x20,0x35,0x50,
    0x41,0xb0,0x71,0xf1,0x4f,0x04,0x48,0x0d,0x37,0x04,0x3f,0x2e,0x80,0xc1,0x2c,0x43,0x4c,0x89,0x54,0x30,0xdc,0x20,0xf0,0xb8,
    0x00,0x06,0xb3,0x0c,0x31,0x35,0x52,0xc1,0x70,0xc3,0xb0,0xe3,0x02,0x18,0xcc,0x32,0xc4,0x14,0x49,0x05,0xc3,0x0d,0xc4,0x8e,
    0x0b,0x60,0x30,0xcb,0x50,0x52,0x26,0x15,0x18,0x68,0x0b,0x22,0x12,0x1f,0x0b,0x6d,0x41,0x44,0xe2,0x63,0xa2,0x2d,0x88,0x48,
    0x7c,0x6c,0xb4,0x05,0x11,0x89,0xcf,0x2c,0x41,0x4c,0x0d,0x37,0x24,0x3f,0x2e,0x80,0xc1,0x70,0x83,0x92,0xe3,0x02,0x18,0x94,
    0x10,0xec,0x2c,0x43,0x4c,0x9d,0x54,0x30,0xdc,0xc0,0x9c,0xb9,0x00,0x06,0xb3,0x0c,0x28,0x95,0x52,0x81,0xa1,0xb6,0x70,0x22,
    0xf1,0x99,0x25,0x88,0xa9,0xe1,0x06,0x67,0xcc,0x05,0x30,0x98,0x65,0x88,0x29,0x95,0x0a,0x86,0x1b,0x9e,0x35,0x17,0xc0,0x60,
    0x96,0x61,0xa5,0x58,0x2a,0xb0,0xd5,0x16,0x6c,0x59,0x88,0xcf,0x2c,0x41,0x4c,0x0d,0x37,0x44,0x6a,0x2e,0x80,0xc1,0x2c,0x43,
    0x4c,0xb5,0x54,0x30,0xdc,0x20,0x8d,0xb9,0x00,0x06,0xb3,0x0c,0x2e,0xf5,0x52,0x81,0xb9,0xb6,0xc0,0xcb,0x42,0x7c,0xec,0xb5,
    0x05,0x5e,0x16,0xe2,0x63,0xb0,0x2d,0xf0,0xb2,0x10,0x1f,0x8b,0x6d,0x81,0x97,0x85,0xf8,0xcc,0x12,0xc4,0xd4,0x70,0xc3,0x75,
    0xe6,0x02,0x18,0xcc,0x32,0xc0,0x54,0x4c,0x05,0x36,0xdb,0x82,0x2f,0x0b,0xf1,0x19,0x31,0x38,0x00,0x10,0x04,0x83,0x86,0xd4,
    0x05,0x11,0x17,0x66,0x24,0x98,0x25,0x88,0xa9,0x81,0xb2,0x41,0x0d,0x4a,0x4a,0x43,0x29,0x6a,0xa5,0x1c,0x97,0x12,0x60,0x0a,
    0x6d,0x8b,0x90,0x52,0xdb,0x42,0xa4,0xdc,0x68,0xa4,0x4c,0xb3,0x60,0x29,0xb4,0x2d,0x5e,0x0a,0x8d,0x4c,0x0a,0x34,0x8b,0x94,
    0x1a,0x28,0x1b,0xd4,0xa0,0xa4,0x38,0x94,0xb2,0x56,0xca,0x71,0x29,0x02,0xa6,0xd4,0xb6,0x08,0x29,0xb6,0x2d,0x44,0xca,0x8d,
    0x46,0xca,0x34,0x0b,0x96,0x52,0xdb,0xe2,0xa5,0xd4,0xc8,0xa4,0x44,0xb3,0x48,0xa9,0x81,0xb2,0x41,0x0d,0x4a,0xca,0x43,0x29,
    0x6c,0xa5,0x1c,0x97,0x32,0x60,0x8a,0x6d,0x8b,0x90,0x72,0xdb,0x42,0xa4,0xdc,0x68,0xa4,0x4c,0xb3,0x60,0x29,0xb6,0x2d,0x5e,
    0x8a,0x8d,0x4c,0x8a,0x34,0x8b,0x94,0x1a,0x28,0x1b,0xd4,0xa0,0xa4,0xc0,0x00,0xa5,0xb4,0x95,0x72,0x5c,0x0a,0x6e,0x0b,0x98,
    0x72,0xdb,0x22,0xa4,0xe0,0xb6,0x10,0x29,0x37,0x1a,0x29,0xd3,0x2c,0x58,0xca,0x6d,0x8b,0x97,0x72,0x23,0x93,0x32,0xcd,0x22,
    0xa5,0x8c,0xd8,0x11,0xf9,0x18,0xb1,0x23,0xf2,0x31,0x62,0x47,0xe4,0x63,0xc4,0x8e,0xc8,0x67,0xb8,0x61,0x0c,0x40,0x5d,0x00,
    0x83,0x59,0x86,0xb0,0x92,0xa9,0x60,0xb8,0x81,0x0c,0xfa,0x5c,0x00,0x83,0x59,0x86,0xb0,0x9a,0xa9,0x60,0xb8,0xa1,0x0c,0xf8,
    0x5c,0x00,0x83,0x59,0x86,0xb0,0xa2,0xa9,0x60,0xb8,0xc1,0x0c,0xf8,0x5c,0x00,0x83,0x59,0x86,0x9a,0xb2,0xa9,0xc0,0xc2,0x5b,
    0x18,0x93,0xf8,0x98,0x78,0x0b,0x63,0x12,0x1f,0x1b,0x6f,0x61,0x4c,0xe2,0x63,0xe4,0x2d,0x8c,0x49,0x7c,0x66,0x09,0xc2,0x6a,
    0xb8,0x61,0x0d,0x40,0x5d,0x00,0x83,0xe1,0x06,0x36,0xd0,0x73,0x01,0x0c,0x4a,0x08,0x76,0x96,0x21,0xac,0x6e,0x2a,0x18,0x6e,
    0x70,0x03,0x54,0x17,0xc0,0x60,0xb8,0xe1,0x0d,0xf8,0x5c,0x00,0x83,0x12,0x82,0x9d,0x65,0xc0,0xa9,0x9c,0x0a,0x6c,0xbd,0x05,
    0x35,0x89,0xcf,0x2c,0x41,0x58,0x0d,0x37,0xc8,0x81,0xa9,0x0b,0x60,0x30,0xcb,0x10,0x56,0x3a,0x15,0x0c,0x37,0xcc,0x81,0xab,
    0x0b,0x60,0x30,0xcb,0xb0,0x53,0x3c,0x15,0x98,0x7b,0x0b,0xf9,0x2c,0xc4,0x67,0x96,0x20,0xac,0x86,0x1b,0xea,0xa0,0xd5,0x05,
    0x30,0x98,0x65,0x08,0xab,0x9e,0x0a,0x86,0x1b,0xec,0xc0,0xd4,0x05,0x30,0x98,0x65,0xf0,0xa9,0x9f,0x0a,0x2c,0xbe,0x85,0x7f,
    0x16,0xe2,0x63,0xf2,0x2d,0xfc,0xb3,0x10,0x1f,0x9b,0x6f,0xe1,0x9f,0x85,0xf8,0x18,0x7d,0x0b,0xff,0x2c,0xc4,0x67,0x96,0x20,
    0xac,0x86,0x1b,0xf6,0x40,0xd5,0x05,0x30,0x98,0x65,0x00,0xab,0xb0,0x0a,0xcc,0xbe,0x85,0x90,0x16,0xe2,0x33,0x62,0x70,0x00,
    0x20,0x08,0x06,0xcd,0xb9,0x0b,0x65,0x2e,0xd8,0x49,0x30,0x4b,0x10,0x56,0x03,0x65,0x83,0x1b,0xd4,0x94,0x86,0x53,0xd4,0x4e,
    0x39,0x3e,0x25,0x80,0x95,0xfb,0x16,0x31,0x05,0xbf,0x85,0x4c,0xd1,0xd3,0x4c,0xb1,0x68,0xc1,0x53,0xee,0x5b,0xfc,0x94,0x3b,
    0xd9,0x94,0x89,0x16,0x39,0x35,0x50,0x36,0xb8,0x41,0x4d,0x71,0x38,0x65,0xed,0x94,0xe3,0x53,0x04,0x58,0xc1,0x6f,0x11,0x53,
    0xf2,0x5b,0xc8,0x14,0x3d,0xcd,0x14,0x8b,0x16,0x3c,0x05,0xbf,0xc5,0x4f,0xc1,0x93,0x4d,0xa1,0x68,0x91,0x53,0x03,0x65,0x83,
    0x1b,0xd4,0x94,0x87,0x53,0xd8,0x4e,0x39,0x3e,0x65,0x80,0x95,0xfc,0x16,0x31,0x45,0xbf,0x85,0x4c,0xd1,0xd3,0x4c,0xb1,0x68,
    0xc1,0x53,0xf2,0x5b,0xfc,0x94,0x3c,0xd9,0x94,0x8a,0x16,0x39,0x35,0x50,0x36,0xb8,0x41,0x4d,0x81,0x01,0x4e,0x69,0x3b,0xe5,
    0xf8,0x94,0xfd,0x16,0x60,0x45,0xbf,0x45,0x4c,0xd9,0x6f,0x21,0x53,0xf4,0x34,0x53,0x2c,0x5a,0xf0,0x14,0xfd,0x16,0x3f,0x45,
    0x4f,0x36,0xc5,0xa2,0x45,0x4e,0x19,0xa1,0xd2,0x82,0x7c,0x8c,0x50,0x69,0x41,0x3e,0x46,0xa8,0xb4,0x20,0x1f,0x23,0x54,0x5a,
    0x90,0x8f,0x11,0x67,0x00,0x1f,0x23,0xce,0x00,0x3e,0x46,0x9c,0x01,0x7c,0x8c,0x38,0x03,0xf8,0x8c,0x18,0x1c,0x00,0x08,0x82,
    0x41,0x43,0xef,0xc2,0x9c,0x0b,0xc4,0x88,0x0b,0x23,0x06,0x07,0x00,0x82,0x60,0xd0,0xd4,0xbb,0x40,0xe7,0x02,0x41,0xe2,0xc2,
    0x88,0xc1,0x01,0x80,0x20,0x18,0x34,0xf6,0x2e,0xd4,0xb9,0x40,0x94,0xb8,0x30,0x62,0x70,0x00,0x20,0x08,0x06,0xcd,0xbd,0x0b,
    0x76,0x2e,0x10,0x26,0x2e,0x8c,0x18,0x1c,0x00,0x08,0x82,0x41,0x83,0xef,0x82,0x9d,0x0b,0x04,0x8a,0x0b,0x23,0x06,0x07,0x00,
    0x82,0x60,0xd0,0xe4,0xbb,0x70,0xe7,0x02,0x91,0xe2,0xc2,0x88,0xc1,0x01,0x80,0x20,0x18,0x34,0xfa,0x2e,0xe0,0xb9,0x40,0xa8,
    0xb8,0x30,0x62,0x70,0x00,0x20,0x08,0x06,0xcd,0xbe,0x0b,0x79,0x2e,0x10,0x2b,0x2e,0xcc,0x12,0xb8,0xd6,0x70,0x83,0x3e,0x0b,
    0xeb,0x2e,0x80,0xc1,0x2c,0x83,0x6b,0x8d,0x55,0x30,0xdc,0xb0,0xcf,0x82,0xba,0x0b,0x60,0x30,0xcb,0xe0,0x5a,0x64,0x15,0x0c,
    0x37,0xf0,0xb3,0xa0,0xee,0x02,0x18,0xcc,0x32,0x94,0x95,0x59,0x05,0x66,0x1f,0x61,0x22,0x1f,0xb3,0x8f,0x30,0x91,0x8f,0xd9,
    0x47,0x98,0xc8,0xc7,0xf8,0xe3,0x4c,0xe4,0x33,0x4b,0xe0,0x5a,0xc3,0x0d,0x21,0x2d,0xb8,0xbb,0x00,0x06,0xb3,0x0c,0x67,0x85,
    0x56,0x81,0xed,0x87,0x99,0xc8,0xc7,0xf6,0xc3,0x4c,0xe4,0x63,0xfb,0x61,0x26,0xf2,0xb1,0x10,0x61,0x13,0xf9,0x18,0xc1,0xe3,
    0x82,0x7c,0x8c,0xe8,0x71,0x41,0x3e,0x46,0xf8,0xb8,0x20,0x1f,0x23,0x7e,0x5c,0x90,0xcf,0x88,0xc1,0x01,0x80,0x20,0x18,0x34,
    0x2c,0x2f,0xac,0xba,0x40,0xec,0xb8,0x30,0x62,0x70,0x00,0x20,0x08,0x06,0x4d,0xcb,0x0b,0xac,0x2e,0x10,0x3c,0x2e,0x8c,0x18,
    0x1c,0x00,0x08,0x82,0x41,0xe3,0xf2,0x42,0xab,0x0b,0x44,0x8f,0x0b,0x23,0x06,0x07,0x00,0x82,0x60,0xd0,0xbc,0xbc,0xe0,0xea,
    0x02,0xe1,0xe3,0xc2,0x88,0xc1,0x01,0x80,0x20,0x18,0x34,0x30,0x2f,0xb8,0xba,0x40,0x80,0xb9,0x30,0x62,0x70,0x00,0x20,0x08,
    0x06,0x4d,0xcc,0x0b,0xaf,0x2e,0x10,0x61,0x2e,0x8c,0x18,0x1c,0x00,0x08,0x82,0x41,0x23,0xf3,0x02,0xac,0x0b,0x84,0x98,0x0b,
    0x23,0x06,0x07,0x00,0x82,0x60,0xd0,0xcc,0xbc,0x10,0xeb,0x02,0x31,0xe6,0xc2,0x2c,0x81,0x6b,0x0d,0x37,0xc8,0xb4,0x40,0xf2,
    0x02,0x18,0xcc,0x32,0xa4,0x95,0x5a,0x05,0xc6,0x22,0x77,0x22,0x1f,0x63,0x91,0x3b,0x91,0x8f,0xb1,0xc8,0x9d,0xc8,0xc7,0x64,
    0xa4,0x4f,0xe4,0x63,0x84,0x9b,0x0b,0xf2,0x31,0xe2,0xcd,0x05,0xf9,0x18,0x01,0xe7,0x82,0x7c,0x8c,0x88,0x73,0x41,0x3e,0x23,
    0x06,0x07,0x00,0x82,0x60,0xd0,0xf4,0xbc,0xc0,0xeb,0x02,0xc1,0xe6,0xc2,0x88,0xc1,0x01,0x80,0x20,0x18,0x34,0x3e,0x2f,0xf4,
    0xba,0x40,0xb4,0xb9,0x30,0x62,0x70,0x00,0x20,0x08,0x06,0xcd,0xcf,0x0b,0xbe,0x2e,0x10,0x6e,0x2e,0x8c,0x18,0x1c,0x00,0x08,
    0x82,0x41,0x03,0xf6,0xc2,0xaf,0x0b,0xc4,0x9b,0x0b,0x23,0x06,0x07,0x00,0x82,0x60,0xd0,0x84,0xbd,0xf0,0xeb,0x02,0x11,0xe7,
    0xc2,0x88,0xc1,0x01,0x80,0x20,0x18,0x34,0x62,0x2f,0x80,0xbb,0x40,0xc8,0xb9,0x30,0x62,0x70,0x00,0x20,0x08,0x06,0xcd,0xd8,
    0x0b,0xe1,0x2e,0x10,0x73,0x2e,0x8c,0x18,0x1c,0x00,0x08,0x82,0x41,0x43,0xf6,0x82,0xb8,0x0b,0x04,0x9d,0x0b,0xb3,0x04,0xae,
    0x35,0xdc,0x30,0xd6,0xc2,0xcb,0x0b,0x60,0x30,0xcb,0xb0,0x56,0x6c,0x15,0x58,0x8f,0xa0,0x0a,0x7c,0xac,0x47,0x50,0x05,0x3e,
    0xd6,0x23,0xa8,0x02,0x1f,0x1b,0x13,0x57,0x81,0xcf,0x88,0xc1,0x01,0x80,0x20,0x18,0x34,0x6a,0x2f,0xa4,0xbb,0x40,0xe4,0xb9,
    0x30,0x62,0x70,0x00,0x20,0x08,0x06,0xcd,0xda,0x0b,0xea,0x2e,0x10,0x7a,0x2e,0x8c,0x18,0x1c,0x00,0x08,0x82,0x41,0xc3,0xf6,
    0xc2,0xba,0x0b,0xc4,0x9e,0x0b,0x23,0x06,0x07,0x00,0x82,0x60,0xd0,0xb4,0xbd,0xc0,0xee,0x02,0xc1,0xe7,0xc2,0x88,0xc1,0x01,
    0x80,0x20,0x18,0x34,0x6e,0x2f,0xb0,0xbb,0x40,0xf8,0xb9,0x30,0x62,0x70,0x00,0x20,0x08,0x06,0xcd,0xdb,0x0b,0xed,0x2e,0x10,
    0x7f,0x2e,0x8c,0x18,0x1c,0x00,0x08,0x82,0x41,0x03,0xf7,0x82,0xbb,0x0b,0x04,0xa8,0x0b,0x23,0x06,0x07,0x00,0x82,0x60,0xd0,
    0xc4,0xbd,0xf0,0xee,0x02,0x11,0xea,0xc2,0x2c,0x81,0x6b,0x0d,0x37,0xc0,0xb5,0x30,0xf6,0x02,0x18,0xcc,0x32,0xb4,0x95,0x5b,
    0x05,0xa6,0x26,0xb5,0x02,0x1f,0x53,0x93,0x5a,0x81,0x8f,0xa9,0x49,0xad,0xc0,0xc7,0xe0,0x64,0x57,0xe0,0x63,0x44,0xaa,0x0b,
    0xf0,0x31,0x42,0xd5,0x05,0xf8,0x18,0xb1,0xea,0x02,0x7c,0x8c,0x60,0x75,0x01,0x3e,0x23,0x06,0x07,0x00,0x82,0x60,0xd0,0xec,
    0xbd,0xa0,0xef,0x02,0xa1,0xea,0xc2,0x88,0xc1,0x01,0x80,0x20,0x18,0x34,0x7c,0x2f,0xec,0xbb,0x40,0xac,0xba,0x30,0x62,0x70,
    0x00,0x20,0x08,0x06,0x4d,0xdf,0x0b,0xfc,0x2e,0x10,0xac,0x2e,0x8c,0x18,0x1c,0x00,0x08,0x82,0x41,0xe3,0xf7,0x42,0xbf,0x0b,
    0x44,0xab,0x0b,0x23,0x06,0x07,0x00,0x82,0x60,0xd0,0xfc,0xbd,0xd0,0xef,0x02,0xf1,0xea,0xc2,0x88,0xc1,0x01,0x80,0x20,0x18,
    0x34,0xa0,0x2f,0xf8,0xbb,0x40,0xc0,0xba,0x30,0x62,0x70,0x00,0x20,0x08,0x06,0x4d,0xe8,0x0b,0xff,0x2e,0x10,0xb1,0x2e,0x8c,
    0x18,0x1c,0x00,0x08,0x82,0x41,0x23,0xfa,0x02,0xc8,0x0b,0x84,0xac,0x0b,0xb3,0x04,0xae,0x35,0xdc,0x10,0xda,0x42,0xdc,0x0b,
    0x60,0x30,0xcb,0xf0,0x56,0x70,0x15,0xd8,0x9e,0x98,0x0b,0x7c,0x6c,0x4f,0xcc,0x05,0x3e,0xb6,0x27,0xe6,0x02,0x1f,0x0b,0x15,
    0x76,0x81,0x8f,0x11,0xba,0x2e,0xc0,0xc7,0x88,0x5d,0x17,0xe0,0x63,0x04,0xaf,0x0b,0xf0,0x31,0xa2,0xd7,0x05,0xf8,0x18,0x01,
    0xee,0x82,0x7c,0x8c,0x08,0x77,0x41,0x3e,0x46,0x88,0xbb,0x20,0x1f,0x23,0xc6,0x5d,0x90,0xcf,0x88,0xc1,0x01,0x80,0x20,0x18,
    0x34,0xb0,0x2f,0xbc,0xbc,0x40,0xfc,0xba,0x30,0x62,0x70,0x00,0x20,0x08,0x06,0x4d,0xec,0x0b,0x30,0x2f,0x10,0xe0,0x2e,0x8c,
    0x18,0x1c,0x00,0x08,0x82,0x41,0x23,0xfb,0x42,0xcc,0x0b,0x44,0xb8,0x0b,0x23,0x06,0x07,0x00,0x82,0x60,0xd0,0xcc,0xbe,0x20,
    0xf3,0x02,0x21,0xee,0xc2,0x88,0xc1,0x01,0x80,0x20,0x18,0x34,0xb4,0x2f,0xc8,0xbc,0x40,0x90,0xbb,0x30,0x62,0x70,0x00,0x20,
    0x08,0x06,0x4d,0xed,0x0b,0x33,0x2f,0x10,0xe5,0x2e,0x8c,0x18,0x1c,0x00,0x08,0x82,0x41,0x63,0xfb,0x02,0xcd,0x0b,0x84,0xb9,
    0x0b,0x23,0x06,0x07,0x00,0x82,0x60,0xd0,0xdc,0xbe,0x50,0xf3,0x02,0x71,0xee,0xc2,0x2c,0x81,0x6b,0x0d,0x37,0xd8,0xb6,0xe0,
    0xf7,0x02,0x18,0xcc,0x32,0xc4,0x95,0x5c,0x05,0xb6,0x2f,0xb0,0x12,0x1f,0xdb,0x17,0x58,0x89,0x8f,0xed,0x0b,0xac,0xc4,0xc7,
    0x42,0xc6,0x56,0xe2,0x33,0x62,0x70,0x00,0x20,0x08,0x06,0x4d,0xef,0x0b,0x3c,0x2f,0x10,0xec,0x2e,0x8c,0x18,0x1c,0x00,0x08,
    0x82,0x41,0xe3,0xfb,0x42,0xcf,0x0b,0x44,0xbb,0x0b,0x23,0x06,0x07,0x00,0x82,0x60,0xd0,0xfc,0xbe,0xe0,0xf3,0x02,0xe1,0xee,
    0xc2,0x88,0xc1,0x01,0x80,0x20,0x18,0x34,0xe0,0x2f,0xfc,0xbc,0x40,0xbc,0xbb,0x30,0x62,0x70,0x00,0x20,0x08,0x06,0x4d,0xf8,
    0x0b,0x3f,0x2f,0x10,0xf1,0x2e,0x8c,0x18,0x1c,0x00,0x08,0x82,0x41,0x23,0xfe,0x02,0xd8,0x0b,0x84,0xbc,0x0b,0x23,0x06,0x07,
    0x00,0x82,0x60,0xd0,0x8c,0xbf,0x10,0xf6,0x02,0x31,0xef,0xc2,0x88,0xc1,0x01,0x80,0x20,0x18,0x34,0xe4,0x2f,0x88,0xbd,0x40,
    0xd0,0xbb,0x30,0x4b,0xe0,0x5a,0xc3,0x0d,0xe3,0x2d,0xa8,0xbe,0x00,0x06,0xb3,0x0c,0x73,0x45,0x57,0x81,0xf5,0x0a,0xca,0xc0,
    0xc7,0x7a,0x05,0x65,0xe0,0x63,0xbd,0x82,0x32,0xf0,0xb1,0x71,0x71,0x19,0xf8,0x58,0xb8,0xb0,0x8c,0x7c,0x2c,0x5c,0x58,0x46,
    0x3e,0x16,0x2e,0x2c,0x23,0x1f,0x3b,0x17,0x99,0x91,0x8f,0x21,0x44,0x7c,0x0c,0x21,0xe2,0x63,0x08,0x11,0x1f,0x43,0x88,0xf8,
    0x8c,0x18,0x1c,0x00,0x08,0x82,0x41,0x23,0xff,0x42,0xdc,0x0b,0x44,0xc8,0x0b,0x23,0x06,0x07,0x00,0x82,0x60,0xd0,0xcc,0xbf,
    0x20,0xf7,0x02,0x21,0xf2,0xc2,0x88,0xc1,0x01,0x80,0x20,0x18,0x34,0xf4,0x2f,0xcc,0xbd,0x40,0x8c,0xbc,0x30,0x62,0x70,0x00,
    0x20,0x08,0x06,0x4d,0xfd,0x0b,0x74,0x2f,0x10,0x24,0x2f,0x8c,0x18,0x1c,0x00,0x08,0x82,0x41,0x63,0xff,0x02,0xdd,0x0b,0x84,
    0xc9,0x0b,0x23,0x06,0x07,0x00,0x82,0x60,0xd0,0xdc,0xbf,0x50,0xf7,0x02,0x71,0xf2,0xc2,0x88,0xc1,0x01,0x80,0x20,0x18,0x34,
    0xf8,0x2f,0xd8,0xbd,0x40,0xa0,0xbc,0x30,0x62,0x70,0x00,0x20,0x08,0x06,0x4d,0xfe,0x0b,0x77,0x2f,0x10,0x29,0x2f,0xcc,0x12,
    0xb8,0xd6,0x70,0x03,0x7e,0x0b,0xbe,0x2f,0x80,0xc1,0x2c,0x43,0x5d,0xd9,0x55,0x60,0x3d,0x23,0x2f,0xf1,0xb1,0x9e,0x91,0x97,
    0xf8,0x58,0xcf,0xc8,0x4b,0x7c,0x6c,0x6c,0xf0,0x25,0x3e,0x46,0x88,0xb9,0x20,0x1f,0x23,0xc6,0x5c,0x90,0x8f,0x11,0x64,0x2e,
    0xc8,0xc7,0x88,0x32,0x17,0xe4,0x63,0x84,0xbe,0xc0,0xc7,0x08,0x7d,0x81,0x8f,0x11,0xfa,0x02,0x1f,0x23,0x40,0x06,0x3e,0xb3,
    0x04,0xae,0x35,0xdc,0x50,0xe2,0x82,0xfa,0x0b,0x60,0x30,0xcb,0x70,0x57,0x78,0x15,0x98,0xda,0xfc,0x4b,0x7c,0x4c,0x6d,0xfe,
    0x25,0x3e,0xa6,0x36,0xff,0x12,0x1f,0x83,0x9b,0x92,0x89,0x8f,0x11,0xbb,0x23,0x1f,0x23,0x78,0x47,0x3e,0x46,0xf4,0x8e,0x7c,
    0x8c,0xf0,0x1d,0xf9,0x18,0x71,0x32,0xf0,0x31,0xe2,0x64,0xe0,0x63,0xc4,0xc9,0xc0,0xc7,0x88,0x96,0x81,0xcf,0x2c,0x81,0x6b,
    0x0d,0x37,0xc8,0xb8,0x60,0xff,0x02,0x18,0xcc,0x32,0xe4,0x95,0x5e,0x05,0x23,0x06,0x07,0x00,0x82,0x60,0x80,0x06,0x2a,0x38,
    0xc0,0xbe,0x20,0xf3,0xc2,0x08,0x0e,0xa3,0x09,0xc1,0x60,0x79,0xe3,0x32,0xf1,0xb1,0xbc,0x71,0x99,0xf8,0x58,0xde,0xb8,0x4c,
    0x7c,0xec,0x6f,0x68,0x26,0x3e,0x56,0x10,0xf2,0x31,0x83,0x90,0x8f,0x1d,0x84,0x7c,0x0c,0x21,0xe4,0x63,0x84,0xcd,0xc0,0xc7,
    0x08,0x9b,0x81,0x8f,0x11,0x36,0x03,0x1f,0x23,0x78,0x06,0x3e,0xb3,0x04,0xae,0x35,0xdc,0x10,0xe6,0x82,0x0a,0x0e,0x60,0x30,
    0xcb,0xb0,0x57,0x7c,0x15,0x18,0xdd,0x0b,0xf3,0x13,0x1f,0xe3,0x99,0x40,0x3e,0xc6,0x33,0x82,0x7c,0x8c,0x67,0x06,0xf9,0x98,
    0xd8,0x10,0xf2,0x31,0x62,0x75,0xe0,0x63,0xc4,0xea,0xc0,0xc7,0x88,0xd5,0x81,0x8f,0x11,0xb1,0x03,0x9f,0x11,0x83,0x03,0x00,
    0x41,0x30,0x68,0xda,0x70,0x60,0x7f,0x81,0xe0,0x7b,0x61,0xc4,0xe0,0x00,0x40,0x10,0x0c,0x1a,0x37,0x1c,0xda,0x5f,0x20,0xfa,
    0x5e,0x18,0x31,0x38,0x00,0x10,0x04,0x83,0xe6,0x0d,0x07,0xf7,0x17,0x08,0xbf,0x17,0x46,0x0c,0x0e,0x00,0x04,0xc1,0xa0,0x81,
    0xc3,0xe1,0xfd,0x05,0xe2,0xef,0x85,0x11,0x83,0x03,0x00,0x41,0x30,0x68,0xe2,0x70,0x78,0x7f,0x81,0x08,0x7d,0x61,0xc4,0xe0,
    0x00,0x40,0x10,0x0c,0x1a,0x39,0x1c,0xe0,0x5f,0x20,0x44,0x5f,0x18,0x31,0x38,0x00,0x10,0x04,0x83,0x66,0x0e,0x87,0xf8,0x17,
    0x88,0xd1,0x17,0x46,0x0c,0x0e,0x00,0x04,0xc1,0xa0,0xa1,0xc3,0x41,0xfe,0x05,0x82,0xf4,0x85,0x59,0x02,0xd7,0x1a,0x6e,0x98,
    0x73,0xe1,0xfc,0x05,0x30,0x98,0x65,0xe8,0x2b,0xbf,0x0a,0x0c,0x77,0xda,0x26,0x3e,0x86,0x3b,0x6d,0x13,0x1f,0xc3,0x9d,0xb6,
    0x89,0x8f,0xf9,0xce,0xdc,0xc4,0xc7,0x88,0x5a,0x17,0xe4,0x63,0x84,0xad,0x0b,0xf2,0x31,0xe2,0xd6,0x05,0xf9,0x18,0x81,0xeb,
    0x82,0x7c,0x8c,0xa8,0x1b,0xf8,0x18,0x51,0x37,0xf0,0x31,0xa2,0x6e,0xe0,0x63,0xc4,0xde,0xc0,0x67,0x96,0xc0,0xb5,0x86,0x1b,
    0x40,0x5d,0x38,0x7f,0x01,0x0c,0x66,0x19,0x5c,0xeb,0xaf,0x82,0xe1,0x86,0x50,0x17,0x58,0x70,0x00,0x83,0x59,0x06,0xd0,0x0a,
    0xad,0xc0,0xf6,0x26,0x7d,0xe4,0x63,0x7b,0xa3,0x3e,0xf2,0xb1,0xbd,0x59,0x1f,0xf9,0x58,0xe8,0xb0,0x8f,0x7c,0x8c,0x50,0x1f,
    0xf8,0x18,0xa1,0x3e,0xf0,0x31,0x42,0x7d,0xe0,0x63,0x04,0xfc,0xc0,0x67,0xc4,0xe0,0x00,0x40,0x10,0x0c,0x1a,0x56,0x1c,0x56,
    0x70,0x20,0x76,0x5f,0x18,0x31,0x38,0x00,0x10,0x04,0x83,0xa6,0x15,0x07,0x16,0x1c,0x08,0xde,0x17,0x46,0x0c,0x0e,0x00,0x04,
    0xc1,0xa0,0x71,0xc5,0xa1,0x05,0x07,0xa2,0xf7,0x85,0x11,0x83,0x03,0x00,0x41,0x30,0x68,0x5e,0x71,0x70,0xc1,0x81,0xf0,0x7d,
    0x61,0xc4,0xe0,0x00,0x40,0x10,0x0c,0x1a,0x58,0x1c,0x5c,0x70,0x20,0xc0,0x5f,0x18,0x31,0x38,0x00,0x10,0x04,0x83,0x26,0x16,
    0x87,0x17,0x1c,0x88,0xf0,0x17,0x46,0x0c,0x0e,0x00,0x04,0xc1,0xa0,0x91,0xc5,0x01,0x06,0x07,0x42,0xfc,0x85,0x11,0x83,0x03,
    0x00,0x41,0x30,0x68,0x66,0x71,0x88,0xc1,0x81,0x18,0x7f,0x61,0x96,0xc0,0xb5,0x86,0x1b,0x64,0x5d,0xf0,0xc1,0x01,0x0c,0x66,
    0x19,0x44,0x6b,0xb4,0x02,0x63,0x9d,0xfb,0x91,0x8f,0xb1,0xce,0xfd,0xc8,0xc7,0x58,0xe7,0x7e,0xe4,0x63,0xb2,0xd3,0x3f,0xf2,
    0x31,0xc2,0x7f,0xe0,0x63,0xc4,0xff,0xc0,0xc7,0x08,0x10,0x82,0x8f,0x11,0x21,0x04,0x9f,0x11,0x83,0x03,0x00,0x41,0x30,0x68,
    0x7a,0x71,0xe0,0xc1,0x81,0x60,0x7f,0x61,0xc4,0xe0,0x00,0x40,0x10,0x0c,0x1a,0x5f,0x1c,0x7a,0x70,0x20,0xda,0x5f,0x18,0x31,
    0x38,0x00,0x10,0x04,0x83,0xe6,0x17,0x07,0x1f,0x1c,0x08,0xf7,0x17,0x46,0x0c,0x0e,0x00,0x04,0xc1,0xa0,0x01,0xc7,0xe1,0x07,
    0x07,0xe2,0xfd,0x85,0x11,0x83,0x03,0x00,0x41,0x30,0x68,0xc2,0x71,0xf8,0xc1,0x81,0x88,0x7f,0x61,0xc4,0xe0,0x00,0x40,0x10,
    0x0c,0x1a,0x71,0x1c,0xc0,0x70,0x20,0xe4,0x5f,0x18,0x31,0x38,0x00,0x10,0x04,0x83,0x66,0x1c,0x87,0x30,0x1c,0x88,0xf9,0x17,
    0x46,0x0c,0x0e,0x00,0x04,0xc1,0xa0,0x21,0xc7,0x41,0x0c,0x07,0x82,0xfe,0x85,0x59,0x02,0xd7,0x1a,0x6e,0x18,0x77,0x01,0x05,
    0x07,0x30,0x98,0x65,0x20,0xad,0xd2,0x0a,0xcc,0xfe,0x85,0x15,0x8a,0x8f,0xf9,0x4e,0x20,0x1f,0xf3,0x1d,0x41,0x3e,0xe6,0x3b,
    0x83,0x7c,0x8c,0x7c,0x08,0xf9,0x18,0xd1,0x42,0xf0,0x31,0xa2,0x85,0xe0,0x63,0x44,0x0b,0xc1,0xc7,0x88,0x19,0x82,0xcf,0x88,
    0xc1,0x01,0x80,0x20,0x18,0x34,0xef,0x38,0xb8,0xe1,0x40,0xf8,0xbf,0x30,0x62,0x70,0x00,0x20,0x08,0x06,0x0d,0x3c,0x0e,0x6f,
    0x38,0x10,0xff,0x2f,0x8c,0x18,0x1c,0x00,0x08,0x82,0x41,0x13,0x8f,0x03,0x1c,0x0e,0x04,0x08,0x0e,0x23,0x06,0x07,0x00,0x82,
    0x60,0xd0,0xc8,0xe3,0x10,0x87,0x03,0x11,0x82,0xc3,0x88,0xc1,0x01,0x80,0x20,0x18,0x34,0xf3,0x38,0xc4,0xe1,0x40,0x8c,0xe0,
    0x30,0x62,0x70,0x00,0x20,0x08,0x06,0x0d,0x3d,0x0e,0x72,0x38,0x10,0x24,0x38,0x8c,0x18,0x1c,0x00,0x08,0x82,0x41,0x53,0x8f,
    0xc3,0x1c,0x0e,0x44,0x09,0x0e,0x23,0x06,0x07,0x00,0x82,0x60,0xd0,0xd8,0xe3,0x40,0x87,0x03,0x61,0x82,0xc3,0x2c,0x81,0x6b,
    0x0d,0x37,0xd4,0xbb,0x30,0x86,0x03,0x18,0xcc,0x32,0x98,0xd6,0x69,0x05,0x86,0x82,0x83,0x0e,0xc5,0xc7,0x52,0x70,0xd0,0xa1,
    0xf8,0x98,0x0a,0x0e,0x3a,0x14,0x1f,0x5b,0xc1,0x01,0x8c,0xe2,0x63,0xf3,0x43,0xc8,0xc7,0xe6,0x87,0x90,0x8f,0xcd,0x0f,0x21,
    0x1f,0xcb,0x1f,0x42,0x3e,0x46,0x94,0x11,0x7c,0x8c,0x30,0x23,0xf8,0x18,0x71,0x46,0xf0,0x31,0x02,0x8d,0xe0,0x33,0x62,0x70,
    0x00,0x20,0x08,0x06,0x0d,0x49,0x0e,0xa3,0x38,0x10,0x33,0x38,0x8c,0x18,0x1c,0x00,0x08,0x82,0x41,0x53,0x92,0x03,0x29,0x0e,
    0x04,0x0d,0x0e,0x23,0x06,0x07,0x00,0x82,0x60,0xd0,0x98,0xe4,0x50,0x8a,0x03,0x51,0x83,0xc3,0x88,0xc1,0x01,0x80,0x20,0x18,
    0x34,0x27,0x39,0x98,0xe2,0x40,0xd8,0xe0,0x30,0x62,0x70,0x00,0x20,0x08,0x06,0x0d,0x4a,0x0e,0xa6,0x38,0x10,0x38,0x38,0x8c,
    0x18,0x1c,0x00,0x08,0x82,0x41,0x93,0x92,0xc3,0x29,0x0e,0x44,0x0e,0x0e,0x23,0x06,0x07,0x00,0x82,0x60,0xd0,0xa8,0xe4,0x80,
    0x8a,0x03,0xa1,0x83,0xc3,0x88,0xc1,0x01,0x80,0x20,0x18,0x34,0x2b,0x39,0xa4,0xe2,0x40,0xec,0xe0,0x30,0x4b,0xe0,0x5a,0xe5,
    0xf2,0x82,0x1b,0x0e,0x3a,0xdc,0x10,0x90,0xe2,0x00,0x06,0xb3,0x0c,0xae,0x85,0x5a,0xc1,0x70,0x03,0xcb,0x0b,0xa1,0x38,0x80,
    0xc1,0x2c,0x43,0x6a,0xa9,0x56,0x60,0x26,0x14,0x86,0x03,0x7c,0xcc,0x84,0xc4,0x70,0x80,0x8f,0x99,0xd0,0x18,0x0e,0xf0,0x31,
    0x3a,0x22,0xc3,0x01,0x3e,0x46,0x47,0x65,0x38,0xc0,0xc7,0xe8,0xc8,0x0c,0x07,0xf8,0x8c,0x18,0x2c,0x00,0x08,0x82,0x41,0x19,
    0xac,0xe4,0x00,0x8e,0xc3,0x20,0x04,0x46,0x41,0x58,0xb0,0x86,0x83,0x7c,0x46,0x0c,0x0e,0x00,0x04,0xc1,0xa0,0xb9,0xc9,0xc1,
    0x16,0x87,0xc0,0x0c,0x87,0x11,0x83,0x03,0x00,0x41,0x30,0x68,0x70,0x72,0xb0,0xc5,0x21,0x40,0xc3,0x61,0x96,0xc0,0xb5,0x86,
    0x1b,0x6e,0x5e,0x28,0xc7,0x01,0x0c,0x66,0x19,0x56,0x8b,0xb5,0x02,0x8b,0x21,0x3e,0x92,0x8f,0xc5,0x10,0x1f,0xc9,0xc7,0x62,
    0x88,0x8f,0xe4,0x63,0x37,0x24,0x4a,0xf2,0x31,0xf5,0x21,0xe0,0x63,0xea,0x43,0xc0,0xc7,0xd4,0x87,0x80,0x8f,0xc1,0x0f,0x01,
    0x9f,0x11,0x83,0x03,0x00,0x41,0x30,0x68,0xc4,0x72,0x08,0xc7,0x81,0x88,0xc3,0x61,0xc4,0xe0,0x00,0x40,0x10,0x0c,0x9a,0xb1,
    0x1c,0xc4,0x71,0x20,0xe4,0x70,0x18,0x31,0x38,0x00,0x10,0x04,0x83,0x86,0x2c,0x87,0x71,0x1c,0x88,0x39,0x1c,0x46,0x0c,0x0e,
    0x00,0x04,0xc1,0xa0,0x29,0xcb,0x81,0x1c,0x07,0x82,0x0e,0x87,0x11,0x83,0x03,0x00,0x41,0x30,0x68,0xcc,0x72,0x20,0xc7,0x81,
    0xb0,0xc3,0x61,0xc4,0xe0,0x00,0x40,0x10,0x0c,0x9a,0xb3,0x1c,0xca,0x71,0x20,0xee,0x70,0x18,0x31,0x38,0x00,0x10,0x04,0x83,
    0x06,0x2d,0x07,0x73,0x1c,0x08,0x3c,0x1c,0x46,0x0c,0x0e,0x00,0x04,0xc1,0xa0,0x49,0xcb,0xe1,0x1c,0x07,0x22,0x0f,0x87,0x59,
    0x02,0xd7,0x1a,0x6e,0x40,0x7b,0xe1,0x1d,0x07,0x30,0x98,0x65,0x68,0x2d,0xd7,0x0a,0xec,0x7e,0x5a,0x49,0x3e,0x76,0x3f,0xad,
    0x24,0x1f,0xbb,0x9f,0x56,0x92,0x8f,0xf5,0xcf,0x2c,0xc9,0xc7,0xfe,0x70,0xd8,0x9f,0xf8,0x18,0x28,0x0e,0xfb,0x13,0x1f,0x0b,
    0xc5,0x61,0x7f,0xe2,0x63,0xa2,0x38,0x84,0x50,0x7c,0x8c,0x50,0x23,0xf9,0x18,0xa1,0x46,0xf2,0x31,0x42,0x8d,0xe4,0x63,0x04,
    0x1c,0xc9,0xc7,0x08,0x06,0x3e,0x46,0x30,0xf0,0x31,0x82,0x81,0x8f,0x11,0x0c,0x7c,0x46,0x0c,0x0e,0x00,0x04,0xc1,0xa0,0xd9,
    0xcb,0x41,0x1f,0x07,0x42,0x15,0x87,0x11,0x83,0x03,0x00,0x41,0x30,0x68,0xf8,0x72,0xd8,0xc7,0x81,0x58,0xc5,0x61,0xc4,0xe0,
    0x00,0x40,0x10,0x0c,0x9a,0xbe,0x1c,0xf8,0x71,0x20,0x58,0x71,0x18,0x31,0x38,0x00,0x10,0x04,0x83,0xc6,0x2f,0x87,0x7e,0x1c,
    0x88,0x56,0x1c,0x46,0x0c,0x0e,0x00,0x04,0xc1,0xa0,0xf9,0xcb,0xa1,0x1f,0x07,0xe2,0x15,0x87,0x11,0x83,0x03,0x00,0x41,0x30,
    0x68,0x40,0x73,0xf0,0xc7,0x81,0x80,0xc5,0x61,0xc4,0xe0,0x00,0x40,0x10,0x0c,0x9a,0xd0,0x1c,0xfe,0x71,0x20,0x62,0x71,0x18,
    0x31,0x38,0x00,0x10,0x04,0x83,0x46,0x34,0x07,0x90,0x1c,0x08,0x59,0x1c,0x66,0x09,0x5c,0x6b,0xa0,0x3a,0x18,0x6c,0x2a,0xac,
    0x50,0xaa,0xac,0xcc,0xe9,0xac,0x48,0x29,0xad,0xd4,0x68,0xad,0x50,0xa8,0xad,0x7c,0xe7,0xad,0x48,0x27,0xae,0x74,0x66,0xae,
    0x40,0xa6,0xae,0xcc,0xe5,0xae,0x50,0x25,0xaf,0xc8,0x64,0xaf,0x54,0xa4,0xaf,0xcc,0x03,0xb4,0x48,0x43,0xb4,0xc0,0x82,0xb4,
    0xec,0xc1,0xb4,0x6c,0x21,0xb5,0xf4,0x60,0xb5,0x90,0xd6,0x52,0xcd,0x40,0xac,0xe8,0x31,0x18,0x2b,0xd5,0x0c,0xfc,0x4a,0xd5,
    0x4e,0x4b,0xf4,0x0b,0xd6,0x1a,0xa8,0x0e,0x06,0x9b,0x0a,0x2b,0x94,0x2a,0x2b,0x73,0x3a,0x2b,0x52,0x4a,0x2b,0x35,0x5a,0x2b,
    0x14,0x6a,0x2b,0xdf,0x79,0x2b,0xd2,0x89,0x2b,0x9d,0x99,0x2b,0x90,0xa9,0x2b,0x73,0xb9,0x2b,0x54,0xc9,0x2b,0x32,0xd9,0x2b,
    0x15,0xe9,0x2b,0xf3,0x00,0x2d,0xd2,0x10,0x2d,0xb0,0x20,0x2d,0x7b,0x30,0x2d,0x5c,0x48,0x2d,0x3d,0x58,0x2d,0xa4,0xb5,0x54,
    0x33,0x10,0x2b,0x7a,0x0c,0xc6,0x4a,0x35,0x03,0xbf,0x52,0xb5,0xd3,0x12,0xfd,0x82,0xb5,0x06,0xaa,0x83,0xc1,0xa6,0xc2,0x0a,
    0xa5,0xca,0xca,0x9c,0xce,0x8a,0x94,0xd2,0x4a,0x8d,0xd6,0x0a,0x85,0xda,0xca,0x77,0xde,0x8a,0x74,0xe2,0x4a,0x67,0xe6,0x0a,
    0x64,0xea,0xca,0x5c,0xee,0x0a,0x55,0xf2,0x8a,0x4c,0xf6,0x4a,0x45,0xfa,0xca,0x3c,0x40,0x8b,0x34,0x44,0x0b,0x2c,0x48,0xcb,
    0x1e,0x4c,0x4b,0x17,0x52,0x4b,0x0f,0x56,0x0b,0x69,0x2d,0xd5,0x0c,0xc4,0x8a,0x1e,0x83,0xb1,0x52,0xcd,0xc0,0xaf,0x54,0xed,
    0xb4,0x44,0xbf,0x60,0xad,0x81,0xea,0x60,0xb0,0xa9,0xb0,0x42,0xa9,0xb2,0x32,0xa7,0xb3,0x22,0xa5,0xb4,0x52,0xa3,0xb5,0x42,
    0xa1,0xb6,0xf2,0x9d,0xb7,0x22,0x9d,0xb8,0xd2,0x99,0xb9,0x02,0x99,0xba,0x32,0x97,0xbb,0x42,0x95,0xbc,0x22,0x93,0xbd,0x52,
    0x91,0xbe,0x32,0x0f,0xd0,0x22,0x0d,0xd1,0x02,0x0b,0xd2,0xb2,0x07,0xd3,0xe2,0x85,0xd4,0xd2,0x83,0xd5,0x42,0x5a,0xcb,0x36,
    0x03,0xb1,0x02,0xc9,0x60,0xac,0x6c,0x33,0xf0,0x2b,0x55,0x3b,0x2d,0xd1,0x2f,0x58,0x6b,0xb8,0x61,0xee,0x05,0xbd,0x1c,0xc0,
    0x60,0x96,0x61,0xbf,0x5e,0x2b,0x18,0x6e,0xa0,0x7b,0xe1,0x2e,0x07,0x30,0x98,0x65,0xd8,0x2f,0xd8,0x0a,0x86,0x1b,0xea,0x5e,
    0xb0,0xcb,0x01,0x0c,0x66,0x19,0xf6,0x2b,0xb6,0x82,0xe1,0x06,0xbb,0x17,0xec,0x72,0x00,0x83,0x59,0x06,0xd9,0x9a,0xad,0xc0,
    0x48,0xe7,0x7d,0xe4,0x33,0x4b,0xb0,0x5f,0xc3,0x0d,0x78,0x2f,0xdc,0xe5,0x00,0x06,0xb3,0x0c,0xb4,0x55,0x5b,0x81,0x99,0x4e,
    0xfc,0xc8,0xc7,0x02,0x71,0x1c,0xe4,0x33,0x62,0x70,0x00,0x20,0x08,0x06,0xcd,0x6b,0x0e,0x2e,0x39,0x04,0xbe,0x38,0x8c,0x18,
    0x1c,0x00,0x08,0x82,0x41,0x03,0x9b,0x83,0x4b,0x0e,0x01,0x38,0x0e,0xb3,0x04,0xfb,0x35,0xdc,0xd0,0xf7,0x42,0x68,0x0e,0x60,
    0x30,0xcb,0x60,0x5b,0xb7,0x15,0xd8,0xea,0xd8,0x8f,0x7c,0x2c,0x40,0xc7,0x41,0x3e,0x23,0x06,0x07,0x00,0x82,0x60,0xd0,0xd0,
    0xe6,0x30,0x93,0x43,0x30,0x8e,0xc3,0x88,0xc1,0x01,0x80,0x20,0x18,0x34,0xb5,0x39,0xcc,0xe4,0x10,0x94,0xe3,0x30,0x4b,0xb0,
    0x5f,0xc3,0x0d,0xa2,0x2f,0x80,0xe6,0x00,0x06,0xb3,0x0c,0xb8,0x95,0x5b,0x81,0xc1,0xce,0xfe,0xc0,0x67,0xc4,0xe0,0x00,0x40,
    0x10,0x0c,0x1a,0xdc,0x1c,0x6e,0x72,0x08,0xce,0x71,0x18,0x31,0x38,0x00,0x10,0x04,0x83,0x26,0x37,0x87,0x9b,0x1c,0x82,0x74,
    0x1c,0x66,0x09,0xf6,0x6b,0xb8,0xc1,0xf4,0x85,0xd5,0x1c,0xc0,0x60,0x96,0x41,0xb7,0x76,0x2b,0x30,0xda,0xf9,0x1f,0xf8,0x58,
    0xe0,0x8e,0x03,0x7c,0x46,0x0c,0x0e,0x00,0x04,0xc1,0xa0,0xe9,0xcd,0x81,0x27,0x87,0x80,0x1d,0x87,0x11,0x83,0x03,0x00,0x41,
    0x30,0x68,0x7c,0x73,0xe0,0xc9,0x21,0x70,0xc7,0x61,0x96,0x60,0xbf,0x86,0x1b,0x56,0x5f,0x68,0xcd,0x01,0x0c,0x66,0x19,0x78,
    0xab,0xb7,0x02,0xcb,0x1d,0x12,0x82,0x8f,0x05,0xf3,0x38,0xc0,0xc7,0x02,0x7b,0x1c,0xe4,0x33,0x62,0x70,0x00,0x20,0x08,0x06,
    0xcd,0x78,0x0e,0x62,0x39,0x04,0xf2,0x38,0x8c,0x18,0x1c,0x00,0x08,0x82,0x41,0x43,0x9e,0x83,0x58,0x0e,0x01,0x3d,0x0e,0xb3,
    0x04,0xfb,0x35,0xdc,0x10,0xfb,0xc2,0x6a,0x0e,0x60,0x30,0xcb,0xe0,0x5b,0xbf,0x15,0x98,0x0a,0xfd,0x4e,0x7c,0x46,0x0c,0x0e,
    0x00,0x04,0xc1,0xa0,0x39,0xcf,0xc1,0x2c,0x87,0xc0,0x1e,0x87,0x11,0x83,0x03,0x00,0x41,0x30,0x68,0xd0,0x73,0x30,0xcb,0x21,
    0xc0,0xc7,0x61,0x96,0x60,0xbf,0x86,0x1b,0x6a,0x5f,0x70,0xcd,0x01,0x0c,0x66,0x19,0xc0,0x2b,0xbc,0x02,0x1b,0x1f,0x17,0x82,
    0x8f,0x91,0xcf,0x0b,0xc9,0xc7,0x84,0x20,0x3e,0x23,0x06,0x07,0x00,0x82,0x60,0xd0,0xb4,0xe7,0xc0,0x96,0x43,0xc0,0x8f,0xc3,
    0x88,0xc1,0x01,0x80,0x20,0x18,0x34,0xee,0x39,0xb0,0xe5,0x10,0xf8,0xe3,0x30,0x4b,0xb0,0x5f,0xc3,0x0d,0xbb,0x2f,0xcc,0xe6,
    0x00,0x06,0xb3,0x0c,0xe2,0x35,0x5e,0x81,0xd1,0x50,0xfa,0xc4,0xc7,0x02,0x1a,0x1c,0xe4,0x63,0xc1,0xfa,0xc0,0x67,0x96,0x60,
    0xbf,0x86,0x1b,0x7e,0x5f,0xb0,0xcd,0x01,0x0c,0x66,0x19,0xc8,0xab,0xbc,0x02,0xc3,0xa1,0xf6,0x89,0x8f,0x05,0xa4,0x25,0x1f,
    0x0b,0xde,0x07,0x3e,0xb3,0x04,0xfb,0x35,0xdc,0x30,0xfe,0x42,0x6e,0x0e,0x60,0x30,0xcb,0x60,0x5e,0xe7,0x15,0x8c,0x18,0x1c,
    0x00,0x08,0x82,0x01,0x1a,0xb4,0xe7,0x30,0x97,0x43,0x3d,0x0e,0xe6,0x39,0x8c,0x26,0x04,0x83,0xf9,0xd0,0xfc,0xc4,0xc7,0x84,
    0x40,0x3e,0x16,0xd4,0x0f,0x7c,0x66,0x09,0xf6,0x6b,0xb8,0x21,0xfd,0x05,0xf2,0x1c,0xc0,0x60,0x96,0x01,0xbd,0xd2,0x2b,0x30,
    0x97,0x1c,0x5a,0x2b,0x3e,0x86,0x3f,0x81,0x7c,0x2c,0x20,0x23,0xf8,0x8c,0x18,0x1c,0x00,0x08,0x82,0x41,0x13,0xa2,0x03,0x68,
    0x0e,0x01,0x4c,0x0e,0x23,0x06,0x07,0x00,0x82,0x60,0xd0,0x88,0xe8,0x00,0x9a,0x43,0x20,0x93,0xc3,0x2c,0xc1,0x7e,0x0d,0x37,
    0xbc,0xbf,0x50,0x97,0x03,0x18,0xcc,0x32,0xa8,0xd7,0x7a,0x05,0x86,0x46,0xfd,0x13,0x1f,0x0b,0xc0,0x70,0x90,0x8f,0x05,0xff,
    0x03,0x9f,0x59,0x82,0xfd,0x1a,0x6e,0x98,0x7f,0x81,0x2d,0x07,0x30,0x98,0x65,0xd8,0x2f,0xf6,0x0a,0x86,0x1b,0xe8,0x5f,0x88,
    0xcd,0x01,0x0c,0x66,0x19,0xda,0xcb,0xbd,0x02,0x13,0xa1,0x36,0x92,0x8f,0x05,0x6e,0x04,0x9f,0x11,0x83,0x03,0x00,0x41,0x30,
    0x68,0x56,0x74,0x50,0xcd,0x21,0xd0,0xc9,0x61,0xc4,0xe0,0x00,0x40,0x10,0x0c,0x1a,0x16,0x1d,0x54,0x73,0x08,0x78,0x72,0x98,
    0x25,0xd8,0xaf,0xe1,0x86,0xfc,0x17,0x6e,0x73,0x00,0x83,0x59,0x86,0xf7,0x82,0xaf,0xc0,0x4e,0x48,0x8e,0xe4,0x63,0xc1,0x1c,
    0xc1,0x67,0xc4,0xe0,0x00,0x40,0x10,0x0c,0x1a,0x18,0x1d,0x5e,0x73,0x08,0x7e,0x72,0x18,0x31,0x38,0x00,0x10,0x04,0x83,0x26,
    0x46,0x87,0xd7,0x1c,0x82,0xb0,0x1c,0x66,0x09,0xf6,0x6b,0xb8,0xc1,0xff,0x85,0xba,0x1c,0xc0,0x60,0x96,0x21,0xbe,0xe4,0x2b,
    0xb0,0xb1,0x1c,0xee,0x28,0x3e,0xd6,0x42,0x81,0x7c,0x2c,0xc8,0x23,0xf8,0x8c,0x18,0x1c,0x00,0x08,0x82,0x41,0x63,0xa3,0x43,
    0x6d,0x0e,0x41,0x59,0x0e,0x23,0x06,0x07,0x00,0x82,0x60,0xd0,0xdc,0xe8,0x50,0x9b,0x43,0x70,0x96,0xc3,0x2c,0xc1,0x7e,0x0d,
    0x37,0x90,0xe0,0x40,0x9a,0x03,0x18,0xcc,0x32,0xcc,0x17,0x7d,0x05,0x96,0x96,0x43,0x1f,0xc5,0xc7,0x66,0x28,0x90,0x8f,0x05,
    0x7f,0x04,0x9f,0x11,0x83,0x03,0x00,0x41,0x30,0x68,0x78,0x74,0xd8,0xcd,0x21,0x58,0xcb,0x61,0xc4,0xe0,0x00,0x40,0x10,0x0c,
    0x9a,0x1e,0x1d,0x76,0x73,0x08,0xda,0x72,0x98,0x25,0xd8,0xaf,0x12,0xc3,0x01,0x34,0x07,0x1d,0x6e,0x08,0x6c,0x73,0x00,0x83,
    0x59,0x86,0xfd,0xaa,0xaf,0x60,0xb8,0x81,0x05,0x87,0xd9,0x1c,0xc0,0x60,0x96,0xc1,0xbe,0xee,0x2b,0xb0,0x1b,0x9a,0xcb,0x01,
    0x3e,0x76,0x43,0x74,0x39,0xc0,0xc7,0x6e,0xa8,0x2e,0x07,0xf8,0x58,0x29,0xd9,0xe5,0x00,0x1f,0x2b,0xa5,0xbb,0x1c,0xe0,0x63,
    0xa5,0x84,0x97,0x03,0x7c,0x46,0x0c,0x16,0x00,0x04,0xc1,0xa0,0x0c,0x7a,0x74,0x90,0xcf,0x61,0x10,0x02,0xa3,0x20,0x2c,0xe8,
    0xcb,0x41,0x3e,0x23,0x06,0x07,0x00,0x82,0x60,0xd0,0xa4,0xe9,0x80,0x9e,0x43,0x80,0x97,0xc3,0x88,0xc1,0x01,0x80,0x20,0x18,
    0x34,0x6a,0x3a,0xa0,0xe7,0x10,0xe8,0xe5,0x30,0x4b,0xb0,0x5f,0xc3,0x0d,0x37,0x38,0xdc,0xe7,0x00,0x06,0xb3,0x0c,0xf8,0x95,
    0x5f,0x81,0x95,0x11,0x2c,0xc9,0xc7,0x60,0x28,0x80,0xcf,0x88,0xc1,0x01,0x80,0x20,0x18,0x34,0x6e,0x3a,0xb4,0xe7,0x10,0xf4,
    0xe5,0x30,0x62,0x70,0x00,0x20,0x08,0x06,0xcd,0x9b,0x0e,0xed,0x39,0x04,0x7f,0x39,0xcc,0x12,0xec,0xd7,0x70,0x03,0x0f,0x0e,
    0xf5,0x39,0x80,0xc1,0x2c,0x83,0x7e,0xed,0x57,0x60,0x34,0x54,0x4b,0xf2,0x31,0xd1,0x1c,0x6a,0x28,0x3e,0x16,0xb0,0x91,0x7c,
    0x2c,0x18,0xe0,0x33,0x62,0x70,0x00,0x20,0x08,0x06,0x4d,0x9d,0x0e,0xf4,0x39,0x04,0xa4,0x39,0x8c,0x18,0x1c,0x00,0x08,0x82,
    0x41,0x63,0xa7,0x03,0x7d,0x0e,0x81,0x69,0x0e,0xb3,0x04,0xfb,0x35,0x50,0x1d,0x0c,0xb8,0x21,0x5b,0xae,0x41,0x5b,0xa4,0x61,
    0x5b,0x7c,0x81,0x5b,0x72,0xa1,0x5b,0x66,0xc1,0x5b,0x3e,0xe1,0x5b,0x32,0x01,0x5e,0x2a,0x21,0x5e,0x22,0x41,0x5e,0xf6,0x60,
    0x5e,0xea,0x80,0x5e,0xe2,0xa0,0x5e,0xb6,0xd0,0x5e,0xac,0xf0,0x5e,0xa0,0x10,0x5f,0x74,0x30,0x5f,0x9a,0x7d,0x41,0xf8,0x25,
    0xe8,0x17,0x1b,0x06,0xae,0x65,0x97,0xc1,0x6b,0x81,0x63,0x00,0x5b,0x76,0x19,0xac,0x17,0x1b,0x06,0xf4,0x45,0x96,0x46,0x7e,
    0x0d,0x37,0xd8,0xe1,0xb0,0x9e,0x03,0x18,0x4c,0x37,0xcc,0x83,0x10,0x4c,0x37,0xe0,0xe2,0x70,0x0f,0x67,0x38,0x4c,0x37,0xe0,
    0xe2,0x70,0x0f,0x68,0x38,0x4c,0x37,0xe0,0xe2,0x70,0x0f,0x69,0x38,0x4c,0x37,0xe0,0xe2,0x40,0xa8,0xe1,0x30,0xdd,0xb0,0x0f,
    0xb8,0x38,0xac,0xe1,0x30,0xdd,0xb0,0x0f,0xb8,0x38,0xb0,0xe1,0x30,0xdd,0xb0,0x0f,0xb8,0x38,0xb4,0xe1,0x30,0xdd,0x80,0xe0,
    0xe2,0xe0,0x86,0x43,0xcd,0xe0,0x50,0xa6,0x03,0x56,0x60,0xa7,0x83,0x1a,0x2d,0x0e,0x77,0x3a,0xc0,0x60,0xb8,0x21,0xb0,0xd3,
    0x01,0x0d,0x66,0x19,0x08,0xfe,0x0a,0x06,0x3a,0x06,0xd4,0x34,0x0a,0xd4,0x34,0x08,0x6c,0xbf,0x06,0x3a,0x06,0xd4,0x34,0x0a,
    0xd4,0x34,0x08,0x6c,0xbf,0x06,0x3a,0x06,0xd4,0x34,0x0a,0xd4,0x34,0x08,0x6c,0xbf,0x06,0x3a,0x06,0xd4,0x34,0x0a,0xd4,0x34,
    0x08,0x6c,0xbf,0x66,0x19,0xfc,0xab,0xbf,0xe4,0x71,0x30,0x82,0x1d,0x07,0xf8,0x18,0xc1,0x8e,0x03,0x7c,0x8c,0x60,0xc7,0x01,
    0x3e,0xb3,0x04,0xfe,0x35,0x50,0x31,0x18,0xfd,0xe5,0xf0,0xd7,0x40,0xc5,0x60,0xf4,0x97,0xc3,0x5f,0x03,0x15,0x83,0xd1,0x5f,
    0x0e,0x7f,0xcd,0x32,0xb8,0xd8,0x7f,0x89,0xe4,0x30,0x62,0x70,0x00,0x20,0x08,0x06,0x68,0x50,0xaa,0xc3,0x8a,0x0e,0xad,0x39,
    0x84,0xea,0x30,0x9a,0x10,0x00,0x96,0xc4,0xe7,0x20,0x9f,0x11,0x03,0x03,0x00,0x41,0x30,0x78,0x64,0x75,0xc0,0xd1,0x21,0x18,
    0x31,0x30,0x00,0x10,0x04,0x83,0x67,0x56,0x07,0x17,0x1d,0x06,0x0b,0xea,0x73,0x90,0xcf,0x88,0x81,0x01,0x80,0x20,0x18,0x3c,
    0xb5,0x3a,0xc0,0xe8,0x10,0x58,0x30,0xc0,0xa7,0x52,0x72,0x10,0xd5,0x41,0x87,0x1b,0x82,0x55,0x1d,0xc0,0x60,0x96,0x81,0xc5,
    0x40,0x2c,0x18,0x6e,0x50,0xc9,0xa1,0x55,0x07,0x30,0x98,0x65,0x60,0xb1,0x10,0x0b,0x86,0x1b,0x56,0x72,0x50,0xd5,0x01,0x0c,
    0x66,0x19,0x44,0x6c,0xc4,0x82,0xe1,0x88,0xa4,0x20,0xbe,0x59,0x02,0x16,0x1b,0x6e,0x68,0xc9,0x41,0x55,0x07,0x30,0x98,0x65,
    0x20,0xb1,0x12,0x0b,0x86,0x23,0x96,0x23,0xf8,0x66,0x09,0x58,0x6c,0xb8,0xe1,0x25,0x87,0x55,0x1d,0xc0,0x60,0x96,0xc1,0xc4,
    0x4e,0x2c,0x18,0x8e,0x68,0x92,0xe2,0x9b,0x25,0x60,0xb1,0xe1,0x86,0x98,0x1c,0x58,0x75,0x00,0x83,0x59,0x06,0x14,0x4b,0xb1,
    0x60,0x38,0xe2,0x59,0x84,0x6f,0x96,0x80,0xc5,0x86,0x1b,0x66,0x72,0x98,0xd5,0x01,0x0c,0x66,0x19,0x54,0x6c,0xc5,0x82,0xe1,
    0x88,0xa8,0x71,0xbe,0x59,0x02,0x16,0x1b,0x8e,0x90,0x9c,0xe1,0x1b,0x6e,0xb0,0xc9,0x01,0x56,0x87,0x30,0xa8,0x40,0xd8,0x59,
    0x02,0x16,0x1b,0x28,0x52,0x30,0x11,0xa3,0x48,0x0c,0x32,0x31,0x06,0xc5,0x10,0x15,0xa3,0x67,0xe3,0xbf,0xe4,0xd9,0x00,0x31,
    0x61,0xc5,0x66,0x19,0x5c,0xac,0xc5,0x82,0x11,0x03,0x03,0x00,0x41,0x30,0x58,0xd4,0x75,0x78,0xd3,0x61,0x4f,0x87,0x59,0x02,
    0x17,0x9b,0x65,0xb0,0xb1,0x17,0xbb,0xc9,0x61,0xb8,0xa1,0x26,0x87,0x5d,0x1d,0xc0,0x60,0x96,0xa1,0xc6,0x60,0x2c,0xb0,0xf2,
    0x1c,0xc8,0x73,0xa0,0xcf,0x88,0xc1,0x01,0x80,0x20,0x18,0xa0,0x01,0xb8,0x0e,0x66,0x3a,0xa0,0xe7,0x10,0xab,0xc3,0x68,0x42,
    0x00,0x8c,0x26,0x08,0xc1,0x68,0xc2,0x20,0x0c,0x37,0xec,0xe4,0x20,0xae,0x03,0x18,0xcc,0x32,0xc4,0x98,0x8c,0x05,0x26,0x18,
    0xf2,0xb1,0xa0,0x45,0x07,0xf9,0x8c,0x18,0x18,0x00,0x08,0x82,0xc1,0x13,0xaf,0x83,0x8f,0x0e,0xc1,0x88,0xc1,0x01,0x80,0x20,
    0x18,0x34,0xf3,0x3a,0xc8,0xe9,0x10,0x88,0xe8,0x30,0x62,0x70,0x00,0x20,0x08,0x06,0x0d,0xbd,0x0e,0x72,0x3a,0x04,0x24,0x3a,
    0xcc,0x12,0xd4,0xd8,0x70,0x43,0x58,0x0e,0xe4,0x3a,0x80,0xc1,0x2c,0xc3,0x8c,0xd1,0x58,0x60,0x08,0x23,0x1f,0x0b,0x02,0xf9,
    0x58,0x40,0xa3,0x83,0x7c,0x46,0x0c,0x0c,0x00,0x04,0xc1,0xe0,0xc1,0xd7,0xa1,0x4c,0x87,0x60,0xc4,0xe0,0x00,0x40,0x10,0x0c,
    0x1a,0x7d,0x1d,0xf2,0x74,0x08,0x52,0x74,0x18,0x31,0x38,0x00,0x10,0x04,0x83,0x66,0x5f,0x87,0x3c,0x1d,0x82,0x15,0x1d,0x66,
    0x09,0x6a,0xcc,0x1e,0x28,0x3e,0x23,0x06,0x06,0x00,0x82,0x60,0xf0,0xf0,0xeb,0xd0,0xae,0x43,0x30,0x1c,0x11,0xd4,0xe8,0x40,
    0x7c,0xc3,0x11,0x83,0x8b,0x0e,0xc4,0x37,0xdd,0x80,0xa3,0xc3,0x8d,0x0e,0xc1,0x74,0x43,0x50,0x0c,0x56,0x61,0xf1,0xb1,0x40,
    0xa0,0xcf,0x88,0xc1,0x01,0x80,0x20,0x18,0x34,0x24,0x3b,0x8c,0xea,0x10,0xcc,0xe8,0x30,0x62,0x70,0x00,0x20,0x08,0x06,0x4d,
    0xc9,0x0e,0xa3,0x3a,0x04,0x35,0x3a,0xcc,0x12,0xd4,0xd8,0x40,0xc9,0x40,0x06,0x31,0x66,0xcd,0x98,0x40,0x63,0xfa,0x6b,0xbc,
    0xd8,0x88,0xc1,0x01,0x80,0x20,0x18,0xa0,0x01,0xbf,0x0e,0xa2,0x3a,0x90,0xe8,0xc0,0xae,0xc3,0x68,0x42,0x00,0x8c,0x26,0x08,
    0xc1,0x68,0xc2,0x20,0x98,0x1f,0x0c,0xf1,0x31,0x3f,0x18,0xe2,0x63,0x7e,0x30,0xc4,0xc7,0x06,0x44,0x3e,0x36,0x24,0xf2,0xb1,
    0x41,0x91,0x8f,0x0d,0x09,0x7c,0x6c,0x48,0xe0,0x63,0x43,0x02,0x9f,0x59,0x02,0x1b,0x1b,0xa8,0x18,0x8c,0x1a,0x73,0x09,0x17,
    0x1b,0xa8,0x18,0x8c,0x1a,0x73,0x09,0x17,0x1b,0xa8,0x18,0x8c,0x1a,0x73,0x09,0x17,0x33,0x57,0x80,0xcd,0x41,0x3e,0x23,0x06,
    0x07,0x00,0x82,0x60,0xd0,0xe0,0xec,0x70,0xab,0x03,0x71,0xa6,0xc3,0x88,0xc1,0x01,0x80,0x20,0x18,0x34,0x39,0x3b,0xe0,0xea,
    0x40,0xa0,0xe9,0x30,0x62,0x70,0x00,0x20,0x08,0x06,0x8d,0xce,0x0e,0xb9,0x3a,0x10,0x69,0x3a,0x8c,0x18,0x1c,0x00,0x08,0x82,
    0x41,0xb3,0xb3,0x83,0xae,0x0e,0x84,0x9a,0x0e,0x23,0x06,0x07,0x00,0x82,0x60,0xd0,0xf0,0xec,0xa0,0xab,0x03,0xc1,0xa6,0xc3,
    0x88,0xc1,0x01,0x80,0x20,0x18,0x34,0x3d,0x3b,0xec,0xea,0x40,0xb4,0xe9,0x30,0x62,0x70,0x00,0x20,0x08,0x06,0x8d,0xcf,0x0e,
    0xbc,0x3a,0x10,0x6e,0x3a,0x8c,0x18,0x1c,0x00,0x08,0x82,0x41,0xf3,0xb3,0x43,0xaf,0x0e,0xc4,0x9b,0x0e,0x23,0x06,0x09,0x00,
    0x82,0x60,0x80,0x88,0xed,0xb0,0xb2,0x83,0xcc,0x0e,0x32,0x3b,0xf8,0xeb,0x40,0x8c,0x18,0x24,0x00,0x08,0x82,0x01,0x22,0xb6,
    0xc3,0xca,0x0e,0x32,0x3b,0xc8,0xec,0xc0,0xaf,0xc3,0x30,0x62,0x90,0x00,0x20,0x08,0x06,0x88,0xd8,0x0e,0x2b,0x3b,0xc8,0xec,
    0x20,0xb3,0x43,0xbf,0x0e,0xc2,0x88,0x41,0x02,0x80,0x20,0x18,0x20,0x62,0x3b,0xac,0xec,0x20,0xb3,0x83,0xcc,0x0e,0x20,0x3b,
    0x04,0x18,0x10,0x03,0x26,0x00,0x00,0x00,0x5b,0x86,0x7c,0x7a,0xde,0x61,0xcb,0xa0,0x73,0x0f,0x3c,0x6c,0x19,0x7a,0xee,0x89,
    0x87,0x2d,0x03,0xd8,0x3d,0xf2,0xb0,0x65,0xb8,0xbb,0x67,0x1e,0xb6,0x0c,0xec,0x19,0x3c,0xf4,0xb0,0x65,0x78,0xcf,0xe0,0xa9,
    0x87,0x2d,0x03,0xda,0x06,0x0f,0x3d,0x6c,0x19,0xd6,0x36,0x78,0xea,0x61,0xcb,0x10,0xb7,0xc1,0x63,0x0f,0x5b,0x06,0xbc,0x0d,
    0x9e,0x7b,0xd8,0x32,0xd8,0x77,0xf0,0xd0,0xc3,0x96,0x21,0xbf,0x83,0xa7,0x1e,0xb6,0x0c,0x6e,0x28,0x3c,0xf4,0xb0,0x65,0x88,
    0x43,0xe1,0xa9,0x87,0x2d,0x83,0x1e,0x0a,0x8f,0x3d,0x6c,0x19,0x4e,0x56,0x78,0xf0,0x61,0xcb,0xd0,0xb3,0xc2,0x93,0x0f,0x5b,
    0x06,0xba,0x15,0x1e,0x7d,0xd8,0x32,0xec,0xad,0xf0,0xec,0xc3,0x96,0x21,0xc6,0x85,0x07,0x1f,0xb6,0x0c,0x67,0x2e,0x3c,0xf9,
    0xb0,0x65,0xf0,0x73,0xe1,0xd1,0x87,0x2d,0x43,0xa9,0x0b,0xcf,0x3e,0x00,0x00,0x00,0x00,0x00,0x00,0x00,0x00,0x00,0x00,0x00,
};
