// Generated by compile_native_shaders.py. Native payload; never a bgfx container.
static const unsigned char s_sdl_dxil_fs_ff_stage_volume_native[] = {
    0x44,0x58,0x42,0x43,0x06,0x6d,0x87,0x3d,0xd2,0x53,0x93,0x9d,0x1a,0x8b,0x63,0x66,0x93,0x76,0x38,0xcc,0x01,0x00,0x00,0x00,
    0x20,0x4c,0x00,0x00,0x07,0x00,0x00,0x00,0x3c,0x00,0x00,0x00,0x4c,0x00,0x00,0x00,0x54,0x02,0x00,0x00,0x90,0x02,0x00,0x00,
    0x58,0x07,0x00,0x00,0x4c,0x14,0x00,0x00,0x68,0x14,0x00,0x00,0x53,0x46,0x49,0x30,0x08,0x00,0x00,0x00,0x00,0x00,0x00,0x00,
    0x00,0x00,0x00,0x00,0x49,0x53,0x47,0x31,0x00,0x02,0x00,0x00,0x0f,0x00,0x00,0x00,0x08,0x00,0x00,0x00,0x00,0x00,0x00,0x00,
    0xe8,0x01,0x00,0x00,0x00,0x00,0x00,0x00,0x01,0x00,0x00,0x00,0x03,0x00,0x00,0x00,0x00,0x00,0x00,0x00,0x0f,0x08,0x00,0x00,
    0x00,0x00,0x00,0x00,0x00,0x00,0x00,0x00,0xf4,0x01,0x00,0x00,0x00,0x00,0x00,0x00,0x00,0x00,0x00,0x00,0x03,0x00,0x00,0x00,
    0x01,0x00,0x00,0x00,0x0f,0x0f,0x00,0x00,0x00,0x00,0x00,0x00,0x00,0x00,0x00,0x00,0xf4,0x01,0x00,0x00,0x01,0x00,0x00,0x00,
    0x00,0x00,0x00,0x00,0x03,0x00,0x00,0x00,0x02,0x00,0x00,0x00,0x0f,0x0f,0x00,0x00,0x00,0x00,0x00,0x00,0x00,0x00,0x00,0x00,
    0xf4,0x01,0x00,0x00,0x02,0x00,0x00,0x00,0x00,0x00,0x00,0x00,0x03,0x00,0x00,0x00,0x03,0x00,0x00,0x00,0x0f,0x0f,0x00,0x00,
    0x00,0x00,0x00,0x00,0x00,0x00,0x00,0x00,0xf4,0x01,0x00,0x00,0x03,0x00,0x00,0x00,0x00,0x00,0x00,0x00,0x03,0x00,0x00,0x00,
    0x04,0x00,0x00,0x00,0x0f,0x0f,0x00,0x00,0x00,0x00,0x00,0x00,0x00,0x00,0x00,0x00,0xf4,0x01,0x00,0x00,0x04,0x00,0x00,0x00,
    0x00,0x00,0x00,0x00,0x03,0x00,0x00,0x00,0x05,0x00,0x00,0x00,0x0f,0x0f,0x00,0x00,0x00,0x00,0x00,0x00,0x00,0x00,0x00,0x00,
    0xf4,0x01,0x00,0x00,0x05,0x00,0x00,0x00,0x00,0x00,0x00,0x00,0x03,0x00,0x00,0x00,0x06,0x00,0x00,0x00,0x0f,0x0f,0x00,0x00,
    0x00,0x00,0x00,0x00,0x00,0x00,0x00,0x00,0xf4,0x01,0x00,0x00,0x06,0x00,0x00,0x00,0x00,0x00,0x00,0x00,0x03,0x00,0x00,0x00,
    0x07,0x00,0x00,0x00,0x0f,0x0f,0x00,0x00,0x00,0x00,0x00,0x00,0x00,0x00,0x00,0x00,0xf4,0x01,0x00,0x00,0x07,0x00,0x00,0x00,
    0x00,0x00,0x00,0x00,0x03,0x00,0x00,0x00,0x08,0x00,0x00,0x00,0x0f,0x0f,0x00,0x00,0x00,0x00,0x00,0x00,0x00,0x00,0x00,0x00,
    0xf4,0x01,0x00,0x00,0x08,0x00,0x00,0x00,0x00,0x00,0x00,0x00,0x03,0x00,0x00,0x00,0x09,0x00,0x00,0x00,0x0f,0x0f,0x00,0x00,
    0x00,0x00,0x00,0x00,0x00,0x00,0x00,0x00,0xf4,0x01,0x00,0x00,0x09,0x00,0x00,0x00,0x00,0x00,0x00,0x00,0x03,0x00,0x00,0x00,
    0x0a,0x00,0x00,0x00,0x0f,0x0f,0x00,0x00,0x00,0x00,0x00,0x00,0x00,0x00,0x00,0x00,0xf4,0x01,0x00,0x00,0x0a,0x00,0x00,0x00,
    0x00,0x00,0x00,0x00,0x03,0x00,0x00,0x00,0x0b,0x00,0x00,0x00,0x0f,0x0f,0x00,0x00,0x00,0x00,0x00,0x00,0x00,0x00,0x00,0x00,
    0xf4,0x01,0x00,0x00,0x0b,0x00,0x00,0x00,0x00,0x00,0x00,0x00,0x03,0x00,0x00,0x00,0x0c,0x00,0x00,0x00,0x0f,0x0f,0x00,0x00,
    0x00,0x00,0x00,0x00,0x00,0x00,0x00,0x00,0xf4,0x01,0x00,0x00,0x0c,0x00,0x00,0x00,0x00,0x00,0x00,0x00,0x03,0x00,0x00,0x00,
    0x0d,0x00,0x00,0x00,0x0f,0x0d,0x00,0x00,0x00,0x00,0x00,0x00,0x00,0x00,0x00,0x00,0xf4,0x01,0x00,0x00,0x0d,0x00,0x00,0x00,
    0x00,0x00,0x00,0x00,0x03,0x00,0x00,0x00,0x0e,0x00,0x00,0x00,0x03,0x03,0x00,0x00,0x00,0x00,0x00,0x00,0x53,0x56,0x5f,0x50,
    0x6f,0x73,0x69,0x74,0x69,0x6f,0x6e,0x00,0x54,0x45,0x58,0x43,0x4f,0x4f,0x52,0x44,0x00,0x00,0x00,0x00,0x4f,0x53,0x47,0x31,
    0x34,0x00,0x00,0x00,0x01,0x00,0x00,0x00,0x08,0x00,0x00,0x00,0x00,0x00,0x00,0x00,0x28,0x00,0x00,0x00,0x00,0x00,0x00,0x00,
    0x40,0x00,0x00,0x00,0x03,0x00,0x00,0x00,0x00,0x00,0x00,0x00,0x0f,0x00,0x00,0x00,0x00,0x00,0x00,0x00,0x53,0x56,0x5f,0x54,
    0x61,0x72,0x67,0x65,0x74,0x00,0x00,0x00,0x50,0x53,0x56,0x30,0xc0,0x04,0x00,0x00,0x34,0x00,0x00,0x00,0x00,0x00,0x00,0x00,
    0x00,0x00,0x00,0x00,0x00,0x00,0x00,0x00,0x00,0x00,0x00,0x00,0x00,0x00,0x00,0x00,0xff,0xff,0xff,0xff,0x00,0x00,0x00,0x00,
    0x0f,0x01,0x00,0x0f,0x01,0x00,0x00,0x00,0x00,0x00,0x00,0x00,0x00,0x00,0x00,0x00,0x00,0x00,0x00,0x00,0x7f,0x00,0x00,0x00,
    0x13,0x00,0x00,0x00,0x18,0x00,0x00,0x00,0x02,0x00,0x00,0x00,0x03,0x00,0x00,0x00,0x00,0x00,0x00,0x00,0x00,0x00,0x00,0x00,
    0x0d,0x00,0x00,0x00,0x00,0x00,0x00,0x00,0x01,0x00,0x00,0x00,0x02,0x00,0x00,0x00,0x00,0x00,0x00,0x00,0x00,0x00,0x00,0x00,
    0x0e,0x00,0x00,0x00,0x00,0x00,0x00,0x00,0x01,0x00,0x00,0x00,0x02,0x00,0x00,0x00,0x01,0x00,0x00,0x00,0x01,0x00,0x00,0x00,
    0x0e,0x00,0x00,0x00,0x00,0x00,0x00,0x00,0x01,0x00,0x00,0x00,0x02,0x00,0x00,0x00,0x02,0x00,0x00,0x00,0x02,0x00,0x00,0x00,
    0x0e,0x00,0x00,0x00,0x00,0x00,0x00,0x00,0x01,0x00,0x00,0x00,0x02,0x00,0x00,0x00,0x03,0x00,0x00,0x00,0x03,0x00,0x00,0x00,
    0x0e,0x00,0x00,0x00,0x00,0x00,0x00,0x00,0x01,0x00,0x00,0x00,0x02,0x00,0x00,0x00,0x04,0x00,0x00,0x00,0x04,0x00,0x00,0x00,
    0x0e,0x00,0x00,0x00,0x00,0x00,0x00,0x00,0x01,0x00,0x00,0x00,0x02,0x00,0x00,0x00,0x05,0x00,0x00,0x00,0x05,0x00,0x00,0x00,
    0x0e,0x00,0x00,0x00,0x00,0x00,0x00,0x00,0x01,0x00,0x00,0x00,0x02,0x00,0x00,0x00,0x06,0x00,0x00,0x00,0x06,0x00,0x00,0x00,
    0x0e,0x00,0x00,0x00,0x00,0x00,0x00,0x00,0x01,0x00,0x00,0x00,0x02,0x00,0x00,0x00,0x07,0x00,0x00,0x00,0x07,0x00,0x00,0x00,
    0x0e,0x00,0x00,0x00,0x00,0x00,0x00,0x00,0x01,0x00,0x00,0x00,0x02,0x00,0x00,0x00,0x08,0x00,0x00,0x00,0x0f,0x00,0x00,0x00,
    0x0e,0x00,0x00,0x00,0x00,0x00,0x00,0x00,0x03,0x00,0x00,0x00,0x02,0x00,0x00,0x00,0x00,0x00,0x00,0x00,0x00,0x00,0x00,0x00,
    0x02,0x00,0x00,0x00,0x00,0x00,0x00,0x00,0x03,0x00,0x00,0x00,0x02,0x00,0x00,0x00,0x01,0x00,0x00,0x00,0x01,0x00,0x00,0x00,
    0x02,0x00,0x00,0x00,0x00,0x00,0x00,0x00,0x03,0x00,0x00,0x00,0x02,0x00,0x00,0x00,0x02,0x00,0x00,0x00,0x02,0x00,0x00,0x00,
    0x02,0x00,0x00,0x00,0x00,0x00,0x00,0x00,0x03,0x00,0x00,0x00,0x02,0x00,0x00,0x00,0x03,0x00,0x00,0x00,0x03,0x00,0x00,0x00,
    0x02,0x00,0x00,0x00,0x00,0x00,0x00,0x00,0x03,0x00,0x00,0x00,0x02,0x00,0x00,0x00,0x04,0x00,0x00,0x00,0x04,0x00,0x00,0x00,
    0x05,0x00,0x00,0x00,0x00,0x00,0x00,0x00,0x03,0x00,0x00,0x00,0x02,0x00,0x00,0x00,0x05,0x00,0x00,0x00,0x05,0x00,0x00,0x00,
    0x05,0x00,0x00,0x00,0x00,0x00,0x00,0x00,0x03,0x00,0x00,0x00,0x02,0x00,0x00,0x00,0x06,0x00,0x00,0x00,0x06,0x00,0x00,0x00,
    0x05,0x00,0x00,0x00,0x00,0x00,0x00,0x00,0x03,0x00,0x00,0x00,0x02,0x00,0x00,0x00,0x07,0x00,0x00,0x00,0x07,0x00,0x00,0x00,
    0x05,0x00,0x00,0x00,0x00,0x00,0x00,0x00,0x03,0x00,0x00,0x00,0x02,0x00,0x00,0x00,0x08,0x00,0x00,0x00,0x0f,0x00,0x00,0x00,
    0x04,0x00,0x00,0x00,0x00,0x00,0x00,0x00,0x84,0x00,0x00,0x00,0x00,0x54,0x45,0x58,0x43,0x4f,0x4f,0x52,0x44,0x00,0x54,0x45,
    0x58,0x43,0x4f,0x4f,0x52,0x44,0x00,0x54,0x45,0x58,0x43,0x4f,0x4f,0x52,0x44,0x00,0x54,0x45,0x58,0x43,0x4f,0x4f,0x52,0x44,
    0x00,0x54,0x45,0x58,0x43,0x4f,0x4f,0x52,0x44,0x00,0x54,0x45,0x58,0x43,0x4f,0x4f,0x52,0x44,0x00,0x54,0x45,0x58,0x43,0x4f,
    0x4f,0x52,0x44,0x00,0x54,0x45,0x58,0x43,0x4f,0x4f,0x52,0x44,0x00,0x54,0x45,0x58,0x43,0x4f,0x4f,0x52,0x44,0x00,0x54,0x45,
    0x58,0x43,0x4f,0x4f,0x52,0x44,0x00,0x54,0x45,0x58,0x43,0x4f,0x4f,0x52,0x44,0x00,0x54,0x45,0x58,0x43,0x4f,0x4f,0x52,0x44,
    0x00,0x54,0x45,0x58,0x43,0x4f,0x4f,0x52,0x44,0x00,0x54,0x45,0x58,0x43,0x4f,0x4f,0x52,0x44,0x00,0x6d,0x61,0x69,0x6e,0x00,
    0x0e,0x00,0x00,0x00,0x00,0x00,0x00,0x00,0x01,0x00,0x00,0x00,0x02,0x00,0x00,0x00,0x03,0x00,0x00,0x00,0x04,0x00,0x00,0x00,
    0x05,0x00,0x00,0x00,0x06,0x00,0x00,0x00,0x07,0x00,0x00,0x00,0x08,0x00,0x00,0x00,0x09,0x00,0x00,0x00,0x0a,0x00,0x00,0x00,
    0x0b,0x00,0x00,0x00,0x0c,0x00,0x00,0x00,0x0d,0x00,0x00,0x00,0x10,0x00,0x00,0x00,0x00,0x00,0x00,0x00,0x00,0x00,0x00,0x00,
    0x01,0x00,0x44,0x03,0x03,0x04,0x00,0x00,0x01,0x00,0x00,0x00,0x00,0x00,0x00,0x00,0x01,0x01,0x44,0x00,0x03,0x02,0x00,0x00,
    0x0a,0x00,0x00,0x00,0x01,0x00,0x00,0x00,0x01,0x02,0x44,0x00,0x03,0x02,0x00,0x00,0x13,0x00,0x00,0x00,0x02,0x00,0x00,0x00,
    0x01,0x03,0x44,0x00,0x03,0x01,0x00,0x00,0x1c,0x00,0x00,0x00,0x03,0x00,0x00,0x00,0x01,0x04,0x44,0x00,0x03,0x01,0x00,0x00,
    0x25,0x00,0x00,0x00,0x04,0x00,0x00,0x00,0x01,0x05,0x44,0x00,0x03,0x02,0x00,0x00,0x2e,0x00,0x00,0x00,0x05,0x00,0x00,0x00,
    0x01,0x06,0x44,0x00,0x03,0x02,0x00,0x00,0x37,0x00,0x00,0x00,0x06,0x00,0x00,0x00,0x01,0x07,0x44,0x00,0x03,0x02,0x00,0x00,
    0x40,0x00,0x00,0x00,0x07,0x00,0x00,0x00,0x01,0x08,0x44,0x00,0x03,0x02,0x00,0x00,0x49,0x00,0x00,0x00,0x08,0x00,0x00,0x00,
    0x01,0x09,0x44,0x00,0x03,0x02,0x00,0x00,0x52,0x00,0x00,0x00,0x09,0x00,0x00,0x00,0x01,0x0a,0x44,0x00,0x03,0x02,0x00,0x00,
    0x5b,0x00,0x00,0x00,0x0a,0x00,0x00,0x00,0x01,0x0b,0x44,0x00,0x03,0x02,0x00,0x00,0x64,0x00,0x00,0x00,0x0b,0x00,0x00,0x00,
    0x01,0x0c,0x44,0x00,0x03,0x02,0x00,0x00,0x6d,0x00,0x00,0x00,0x0c,0x00,0x00,0x00,0x01,0x0d,0x44,0x00,0x03,0x02,0x00,0x00,
    0x76,0x00,0x00,0x00,0x0d,0x00,0x00,0x00,0x01,0x0e,0x42,0x00,0x03,0x02,0x00,0x00,0x00,0x00,0x00,0x00,0x00,0x00,0x00,0x00,
    0x01,0x00,0x44,0x10,0x03,0x00,0x00,0x00,0x00,0x00,0x00,0x00,0x00,0x00,0x00,0x00,0x00,0x00,0x00,0x00,0x08,0x00,0x00,0x00,
    0x0f,0x00,0x00,0x00,0x0f,0x00,0x00,0x00,0x0f,0x00,0x00,0x00,0x0f,0x00,0x00,0x00,0x0f,0x00,0x00,0x00,0x0f,0x00,0x00,0x00,
    0x0f,0x00,0x00,0x00,0x0f,0x00,0x00,0x00,0x0f,0x00,0x00,0x00,0x0f,0x00,0x00,0x00,0x0f,0x00,0x00,0x00,0x0f,0x00,0x00,0x00,
    0x0f,0x00,0x00,0x00,0x0f,0x00,0x00,0x00,0x0f,0x00,0x00,0x00,0x0f,0x00,0x00,0x00,0x0f,0x00,0x00,0x00,0x0f,0x00,0x00,0x00,
    0x0f,0x00,0x00,0x00,0x0f,0x00,0x00,0x00,0x0f,0x00,0x00,0x00,0x0f,0x00,0x00,0x00,0x0f,0x00,0x00,0x00,0x0f,0x00,0x00,0x00,
    0x0f,0x00,0x00,0x00,0x0f,0x00,0x00,0x00,0x0f,0x00,0x00,0x00,0x0f,0x00,0x00,0x00,0x0f,0x00,0x00,0x00,0x0f,0x00,0x00,0x00,
    0x0f,0x00,0x00,0x00,0x0f,0x00,0x00,0x00,0x0f,0x00,0x00,0x00,0x0f,0x00,0x00,0x00,0x0f,0x00,0x00,0x00,0x0f,0x00,0x00,0x00,
    0x0f,0x00,0x00,0x00,0x0f,0x00,0x00,0x00,0x0f,0x00,0x00,0x00,0x0f,0x00,0x00,0x00,0x0f,0x00,0x00,0x00,0x0f,0x00,0x00,0x00,
    0x0f,0x00,0x00,0x00,0x0f,0x00,0x00,0x00,0x0f,0x00,0x00,0x00,0x0f,0x00,0x00,0x00,0x0f,0x00,0x00,0x00,0x0f,0x00,0x00,0x00,
    0x0f,0x00,0x00,0x00,0x00,0x00,0x00,0x00,0x07,0x00,0x00,0x00,0x07,0x00,0x00,0x00,0x08,0x00,0x00,0x00,0x08,0x00,0x00,0x00,
    0x00,0x00,0x00,0x00,0x00,0x00,0x00,0x00,0x53,0x54,0x41,0x54,0xec,0x0c,0x00,0x00,0x60,0x00,0x00,0x00,0x3b,0x03,0x00,0x00,
    0x44,0x58,0x49,0x4c,0x00,0x01,0x00,0x00,0x10,0x00,0x00,0x00,0xd4,0x0c,0x00,0x00,0x42,0x43,0xc0,0xde,0x21,0x0c,0x00,0x00,
    0x32,0x03,0x00,0x00,0x0b,0x82,0x20,0x00,0x02,0x00,0x00,0x00,0x13,0x00,0x00,0x00,0x07,0x81,0x23,0x91,0x41,0xc8,0x04,0x49,
    0x06,0x10,0x32,0x39,0x92,0x01,0x84,0x0c,0x25,0x05,0x08,0x19,0x1e,0x04,0x8b,0x62,0x80,0x18,0x45,0x02,0x42,0x92,0x0b,0x42,
    0xc4,0x10,0x32,0x14,0x38,0x08,0x18,0x4b,0x0a,0x32,0x62,0x88,0x48,0x90,0x14,0x20,0x43,0x46,0x88,0xa5,0x00,0x19,0x32,0x42,
    0xe4,0x48,0x0e,0x90,0x11,0x23,0xc4,0x50,0x41,0x51,0x81,0x8c,0xe1,0x83,0xe5,0x8a,0x04,0x31,0x46,0x06,0x51,0x18,0x00,0x00,
    0x08,0x00,0x00,0x00,0x1b,0x8c,0xe0,0xff,0xff,0xff,0xff,0x07,0x40,0x02,0xa8,0x0d,0x84,0xf0,0xff,0xff,0xff,0xff,0x03,0x20,
    0x6d,0x30,0x86,0xff,0xff,0xff,0xff,0x1f,0x00,0x09,0xa8,0x00,0x49,0x18,0x00,0x00,0x03,0x00,0x00,0x00,0x13,0x82,0x60,0x42,
    0x20,0x4c,0x08,0x06,0x00,0x00,0x00,0x00,0x89,0x20,0x00,0x00,0x8a,0x00,0x00,0x00,0x32,0x22,0x88,0x09,0x20,0x64,0x85,0x04,
    0x13,0x23,0xa4,0x84,0x04,0x13,0x23,0xe3,0x84,0xa1,0x90,0x14,0x12,0x4c,0x8c,0x8c,0x0b,0x84,0xc4,0x4c,0x10,0xd0,0xc1,0x08,
    0x40,0x09,0x00,0x0a,0x66,0x00,0xe6,0x08,0xc0,0x60,0x8e,0x00,0x29,0xc6,0x40,0x10,0x44,0x41,0x90,0x51,0x0c,0x80,0x20,0x88,
    0x62,0x20,0x64,0x8e,0x20,0x28,0x03,0x40,0x28,0xb4,0x14,0x62,0x20,0x86,0x81,0x9a,0x32,0x0c,0xc4,0x40,0x4f,0x31,0x06,0x62,
    0x18,0x86,0x81,0xa2,0x9b,0x86,0xcb,0x9f,0xb0,0x87,0x90,0xfc,0x95,0x90,0x56,0x62,0xf2,0x8b,0xdb,0x46,0xc5,0x30,0x0c,0x03,
    0x41,0xc5,0x3d,0xc3,0xe5,0x4f,0xd8,0x43,0x48,0x7e,0x08,0x34,0xc3,0x42,0xa0,0x80,0x2a,0xcd,0x44,0x54,0xd5,0x30,0x0c,0x03,
    0x41,0x10,0xc3,0x40,0x56,0x41,0x06,0x62,0x18,0x86,0x61,0x18,0x08,0x3b,0x6a,0xb8,0xfc,0x09,0x7b,0x08,0xc9,0xe7,0x36,0xaa,
    0x58,0x89,0xc9,0x2f,0x6e,0x1b,0x11,0xc3,0x30,0x0c,0x85,0xd0,0x88,0x8a,0xa0,0xad,0x18,0x15,0x51,0x10,0x84,0x42,0xdd,0x40,
    0xc0,0x30,0x02,0x31,0xcc,0xd4,0x06,0xe3,0xc0,0x0e,0xe1,0x30,0x0f,0xf3,0xe0,0x06,0xb4,0x50,0x0e,0xf8,0x40,0x0f,0xf5,0x20,
    0x0f,0xe5,0x20,0x07,0xa4,0xc0,0x07,0xf6,0x50,0x0e,0xe3,0x40,0x0f,0xef,0x20,0x0f,0x7c,0x60,0x0e,0xec,0xf0,0x0e,0xe1,0x40,
    0x0f,0x6c,0x00,0x06,0x74,0xe0,0x07,0x60,0xe0,0x07,0x7a,0xa0,0x07,0xed,0x90,0x0e,0xf0,0x30,0x0f,0xbf,0x40,0x0f,0xf9,0x00,
    0x0f,0xe5,0x80,0x02,0x62,0x26,0x31,0x18,0x07,0x76,0x08,0x87,0x79,0x98,0x07,0x37,0xa0,0x85,0x72,0xc0,0x07,0x7a,0xa8,0x07,
    0x79,0x28,0x07,0x39,0x20,0x05,0x3e,0xb0,0x87,0x72,0x18,0x07,0x7a,0x78,0x07,0x79,0xe0,0x03,0x73,0x60,0x87,0x77,0x08,0x07,
    0x7a,0x60,0x03,0x30,0xa0,0x03,0x3f,0x00,0x03,0x3f,0x40,0x02,0x18,0x92,0x38,0x13,0x19,0x8c,0x03,0x3b,0x84,0xc3,0x3c,0xcc,
    0x83,0x1b,0xd0,0x42,0x39,0xe0,0x03,0x3d,0xd4,0x83,0x3c,0x94,0xc3,0x28,0xd4,0x83,0x38,0x94,0x03,0x1f,0xd8,0x43,0x39,0x8c,
    0x03,0x3d,0xbc,0x83,0x3c,0xf0,0x81,0x39,0xb0,0xc3,0x3b,0x84,0x03,0x3d,0xb0,0x01,0x18,0xd0,0x81,0x1f,0x80,0x81,0x1f,0xa0,
    0x00,0x24,0x72,0xa6,0x36,0x18,0x07,0x76,0x08,0x87,0x79,0x98,0x07,0x37,0xa0,0x85,0x72,0xc0,0x07,0x7a,0xa8,0x07,0x79,0x28,
    0x87,0x39,0x20,0x05,0x3e,0xb0,0x87,0x72,0x18,0x07,0x7a,0x78,0x07,0x79,0xe0,0x03,0x73,0x60,0x87,0x77,0x08,0x07,0x7a,0x60,
    0x03,0x30,0xa0,0x03,0x3f,0x00,0x03,0x3f,0xd0,0x03,0x3d,0x68,0x87,0x74,0x80,0x87,0x79,0xf8,0x05,0x7a,0xc8,0x07,0x78,0x28,
    0x07,0x14,0x10,0x33,0x89,0xc1,0x38,0xb0,0x43,0x38,0xcc,0xc3,0x3c,0xb8,0x01,0x2d,0x94,0x03,0x3e,0xd0,0x43,0x3d,0xc8,0x43,
    0x39,0xcc,0x01,0x29,0xf0,0x81,0x3d,0x94,0xc3,0x38,0xd0,0xc3,0x3b,0xc8,0x03,0x1f,0x98,0x03,0x3b,0xbc,0x43,0x38,0xd0,0x03,
    0x1b,0x80,0x01,0x1d,0xf8,0x01,0x18,0xf8,0x01,0x12,0x40,0x33,0x11,0x4e,0x42,0x93,0x02,0x4c,0x08,0x30,0x0b,0xc0,0x53,0x38,
    0xf2,0x8b,0x00,0x83,0x21,0x9a,0x09,0x19,0xea,0xba,0xb2,0xeb,0x4a,0xed,0x4d,0xd2,0x14,0x51,0xc2,0xe4,0xb3,0x00,0xf3,0x2c,
    0x44,0xc4,0x4e,0xc0,0x44,0xa0,0x80,0xa0,0x37,0x11,0x5e,0x8a,0x93,0x87,0x00,0x00,0x13,0x14,0x72,0xc0,0x87,0x74,0x60,0x87,
    0x36,0x68,0x87,0x79,0x68,0x03,0x72,0xc0,0x87,0x0d,0xaf,0x50,0x0e,0x6d,0xd0,0x0e,0x7a,0x50,0x0e,0x6d,0x00,0x0f,0x7a,0x30,
    0x07,0x72,0xa0,0x07,0x73,0x20,0x07,0x6d,0x90,0x0e,0x71,0xa0,0x07,0x73,0x20,0x07,0x6d,0x90,0x0e,0x78,0xa0,0x07,0x73,0x20,
    0x07,0x6d,0x90,0x0e,0x71,0x60,0x07,0x7a,0x30,0x07,0x72,0xd0,0x06,0xe9,0x30,0x07,0x72,0xa0,0x07,0x73,0x20,0x07,0x6d,0x90,
    0x0e,0x76,0x40,0x07,0x7a,0x60,0x07,0x74,0xd0,0x06,0xe6,0x10,0x07,0x76,0xa0,0x07,0x73,0x20,0x07,0x6d,0x60,0x0e,0x73,0x20,
    0x07,0x7a,0x30,0x07,0x72,0xd0,0x06,0xe6,0x60,0x07,0x74,0xa0,0x07,0x76,0x40,0x07,0x6d,0xe0,0x0e,0x78,0xa0,0x07,0x71,0x60,
    0x07,0x7a,0x30,0x07,0x72,0xa0,0x07,0x76,0x40,0x07,0x43,0x9e,0x00,0x08,0x00,0x00,0x00,0x00,0x00,0x00,0x00,0x00,0x00,0x86,
    0x3c,0x06,0x10,0x00,0x01,0x00,0x00,0x00,0x00,0x00,0x00,0x00,0x0c,0x79,0x10,0x20,0x00,0x04,0x00,0x00,0x00,0x00,0x00,0x00,
    0x00,0x18,0xf2,0x2c,0x40,0x00,0x08,0x00,0x00,0x00,0x00,0x00,0x00,0x00,0x30,0xe4,0x69,0x80,0x00,0x08,0x00,0x00,0x00,0x00,
    0x00,0x00,0x00,0x60,0xc8,0xf3,0x00,0x01,0x10,0x00,0x00,0x00,0x00,0x00,0x00,0x00,0xc0,0x90,0x27,0x02,0x02,0x20,0x00,0x00,
    0x00,0x00,0x00,0x00,0x00,0x80,0x21,0x8f,0x05,0x04,0xc0,0x00,0x00,0x00,0x00,0x00,0x00,0x00,0x00,0x43,0x1e,0x0c,0x08,0x80,
    0x00,0x00,0x00,0x00,0x00,0x00,0x00,0x00,0x86,0x3c,0x1b,0x10,0x00,0x03,0x00,0x00,0x00,0x00,0x00,0x00,0x00,0x0c,0x79,0x3a,
    0x20,0x00,0x06,0x00,0x00,0x00,0x00,0x00,0x00,0x00,0xc8,0x02,0x01,0x00,0x00,0x00,0x27,0x00,0x00,0x00,0x32,0x1e,0x98,0x18,
    0x19,0x11,0x4c,0x90,0x8c,0x09,0x26,0x47,0xc6,0x04,0x43,0x22,0x4a,0x60,0x04,0xa0,0x18,0x8a,0xa0,0x24,0xca,0xa0,0x10,0x4a,
    0xa1,0x1c,0x0a,0xa2,0x40,0x2d,0x4a,0xa3,0x00,0x0b,0x0a,0x30,0xa1,0x00,0x1b,0x0a,0xd4,0xa1,0x40,0x25,0xca,0xa3,0x28,0xca,
    0xa2,0x30,0x8a,0xa3,0x6c,0x05,0xca,0xf6,0xa2,0xf8,0x05,0x8a,0xad,0x0c,0x03,0xa8,0x28,0x89,0x32,0x28,0x84,0x11,0x80,0x22,
    0x28,0x81,0x02,0x21,0xa5,0x06,0x68,0x9c,0x01,0xa0,0x72,0x06,0x80,0xd2,0x19,0x00,0x6a,0x67,0x00,0xc8,0x9d,0x01,0x20,0x78,
    0x06,0x80,0xe4,0x19,0x00,0x9a,0xc7,0xe2,0x03,0x3d,0x20,0x00,0x00,0x40,0x9e,0xe7,0x79,0x9e,0xe7,0x79,0x9e,0xe7,0x79,0x9e,
    0xe7,0x79,0x9e,0xe7,0x79,0x9e,0xe7,0x79,0x9e,0xe7,0x79,0x9e,0xe7,0x79,0x9e,0xe7,0x79,0x9e,0xe7,0x79,0x9e,0xe7,0x79,0x9e,
    0xe7,0x79,0x1e,0xe0,0x38,0x10,0x04,0x00,0x79,0x18,0x00,0x00,0x90,0x01,0x00,0x00,0x1a,0x03,0x4c,0x90,0x46,0x02,0x13,0xc4,
    0x31,0x20,0xc3,0x1b,0x43,0x81,0x93,0x4b,0xb3,0x0b,0xa3,0x2b,0x4b,0x01,0x89,0x71,0xc1,0x71,0x81,0x71,0xa1,0xb9,0x99,0xc9,
    0x01,0x41,0x21,0xcb,0x09,0xab,0x29,0xcb,0xb9,0x21,0x83,0x49,0xd9,0x10,0x04,0x13,0x04,0x62,0x99,0x20,0x10,0xcc,0x06,0x61,
    0x20,0x36,0x08,0x04,0x41,0x01,0x6e,0x6e,0x82,0x40,0x34,0x1b,0x86,0x03,0x21,0x26,0x08,0x63,0xe0,0x06,0x54,0xe6,0xbe,0xe8,
    0xca,0xf0,0xe8,0xea,0xe4,0xca,0x60,0x26,0x08,0x84,0x33,0x41,0x20,0x9e,0x0d,0x02,0xd1,0x6c,0x48,0x08,0x65,0x61,0x88,0x81,
    0x21,0x1c,0x2a,0x73,0x5f,0x74,0x65,0x78,0x74,0x75,0x72,0x65,0x31,0x1b,0x92,0x41,0x81,0x98,0x61,0x60,0x08,0x87,0xca,0xdc,
    0x17,0x5d,0x19,0x1e,0x5d,0x9d,0x5c,0x99,0xcc,0x86,0x84,0x51,0x24,0x86,0x19,0x18,0xc2,0x99,0x20,0x10,0x10,0x95,0xb9,0x2f,
    0xba,0x32,0x3c,0xba,0x3a,0xb9,0xb2,0x99,0x0d,0x09,0xa5,0x54,0x0c,0x35,0x30,0x84,0x33,0x41,0x20,0xa2,0x09,0x42,0x19,0xbc,
    0x01,0x9d,0xb9,0x2f,0xba,0x32,0x3c,0xba,0x3a,0xb9,0xb2,0xa1,0x3a,0xb1,0x32,0x98,0x09,0x02,0x21,0x6d,0x48,0x2e,0x2c,0x63,
    0xae,0x41,0x23,0x1c,0x3a,0x73,0x5f,0x74,0x65,0x78,0x74,0x75,0x72,0x65,0x43,0x75,0x62,0x65,0x31,0x1b,0x12,0x0d,0xe3,0x18,
    0x6d,0xd0,0x08,0x87,0xce,0xdc,0x17,0x5d,0x19,0x1e,0x5d,0x9d,0x5c,0xd9,0x50,0x9d,0x58,0x99,0xcc,0x86,0x04,0xc1,0x3c,0x06,
    0x19,0x34,0xc2,0x99,0x20,0x10,0x13,0x9d,0xb9,0x2f,0xba,0x32,0x3c,0xba,0x3a,0xb9,0xb2,0xa1,0x3a,0xb1,0xb2,0x99,0x0d,0x09,
    0x18,0x60,0x61,0xc0,0x80,0xc1,0xa0,0x11,0xce,0x04,0x81,0xa0,0x26,0x08,0x69,0x00,0x07,0x7c,0xe6,0xbe,0xe8,0xca,0xf0,0xe8,
    0xea,0xe4,0xca,0xac,0xde,0xd8,0xea,0xda,0xca,0x36,0x24,0x63,0x40,0x06,0x65,0xc0,0x8c,0xc1,0x18,0x5c,0x84,0xb3,0x21,0x79,
    0xa2,0xc9,0xda,0xba,0x4f,0x0c,0xcc,0x60,0x82,0xe0,0x06,0x72,0x40,0x65,0x68,0xc9,0x48,0x2e,0xec,0xac,0xad,0xcc,0x8d,0x6e,
    0x82,0x40,0x54,0x1b,0x10,0x02,0x0d,0xd2,0x80,0x22,0x06,0x35,0x00,0x36,0x04,0x6b,0x30,0x41,0x80,0x83,0x39,0x60,0x34,0xf7,
    0x45,0x57,0x86,0x47,0x57,0x27,0x57,0x06,0x33,0x15,0xd6,0x06,0xc7,0x56,0x26,0xb7,0x01,0x21,0xda,0xc0,0x0d,0x18,0x62,0x20,
    0x00,0x46,0x73,0x5f,0x74,0x65,0x78,0x74,0x75,0x72,0x65,0x31,0x53,0x61,0x6d,0x70,0x6c,0x65,0x72,0x1b,0x90,0xa1,0x0d,0xe0,
    0x80,0x19,0x06,0x02,0x60,0x34,0xf7,0x45,0x57,0x86,0x47,0x57,0x27,0x57,0x26,0x33,0x15,0xd6,0x06,0xc7,0x56,0x26,0xb7,0x01,
    0x61,0xda,0x40,0x0e,0x18,0x66,0x20,0x00,0x46,0x73,0x5f,0x74,0x65,0x78,0x74,0x75,0x72,0x65,0x33,0x53,0x61,0x6d,0x70,0x6c,
    0x65,0x72,0x1b,0x10,0xaa,0x0d,0xe8,0x80,0xa1,0x06,0x02,0x60,0x35,0xf7,0x45,0x57,0x86,0x47,0x57,0x27,0x57,0x36,0x54,0x27,
    0x56,0x06,0x33,0x15,0xd6,0x06,0xc7,0x56,0x26,0xb7,0x01,0xb9,0xda,0xc0,0x0e,0x98,0x6b,0x20,0x00,0x56,0x73,0x5f,0x74,0x65,
    0x78,0x74,0x75,0x72,0x65,0x43,0x75,0x62,0x65,0x31,0x53,0x61,0x6d,0x70,0x6c,0x65,0x72,0x1b,0x10,0xad,0x0d,0xf0,0x80,0xd1,
    0x06,0x02,0x60,0x35,0xf7,0x45,0x57,0x86,0x47,0x57,0x27,0x57,0x36,0x54,0x27,0x56,0x26,0x33,0x15,0xd6,0x06,0xc7,0x56,0x26,
    0xb7,0x01,0x41,0xda,0x40,0x0f,0x18,0x64,0x20,0x00,0x56,0x73,0x5f,0x74,0x65,0x78,0x74,0x75,0x72,0x65,0x43,0x75,0x62,0x65,
    0x33,0x53,0x61,0x6d,0x70,0x6c,0x65,0x72,0x1b,0x10,0x30,0x68,0x03,0x3e,0x60,0xc0,0x60,0x20,0x80,0x09,0x82,0x1c,0xd0,0x01,
    0xad,0xb9,0x2f,0xba,0x32,0x3c,0xba,0x3a,0xb9,0x32,0xab,0x37,0xb6,0xba,0xb6,0xb2,0xa9,0xb0,0x36,0x38,0xb6,0x32,0xb9,0x0d,
    0xc8,0x18,0xf8,0xc1,0x1f,0x30,0x63,0x30,0x06,0x04,0xb0,0x21,0x79,0x83,0x38,0x98,0x83,0x3a,0xb8,0x83,0x3c,0xd8,0x83,0x3e,
    0x00,0x85,0x0d,0xc4,0x19,0x00,0x6c,0x10,0x0a,0x13,0x84,0x36,0x88,0x03,0x3a,0x75,0x5f,0x66,0x66,0x44,0x72,0x61,0x77,0x50,
    0x61,0x72,0x61,0x6d,0x73,0x13,0x04,0xa5,0x0d,0x26,0x08,0x84,0xb5,0x41,0x41,0x48,0x81,0x22,0xc0,0xa0,0x69,0x4a,0xc1,0x14,
    0x2e,0x26,0x75,0x5f,0x62,0x75,0x6d,0x70,0x45,0x6e,0x76,0x13,0x04,0xe2,0xda,0xa0,0x20,0xa8,0x40,0xa5,0x02,0x18,0x34,0x4d,
    0x29,0x98,0xc2,0xc5,0xa6,0xee,0x6b,0x8e,0x2e,0xec,0xac,0x0c,0x2a,0x4c,0x2e,0xac,0x6d,0x6e,0x82,0x40,0x60,0x1b,0x14,0x64,
    0x15,0x28,0x56,0x00,0x83,0xa6,0x29,0x05,0x53,0xb8,0xb8,0xd4,0x7d,0x99,0x99,0x41,0xc9,0xbd,0x9d,0xc9,0x85,0xb5,0x4d,0x10,
    0x88,0x6c,0x83,0x82,0xb8,0x02,0xf5,0x0a,0x60,0xd0,0x34,0xa5,0x60,0x0a,0x17,0x9d,0xb1,0xb5,0x2f,0xb1,0x37,0x39,0xb2,0x32,
    0xb9,0xa1,0x37,0xb6,0x37,0xb9,0x09,0x02,0xa1,0x6d,0x40,0x90,0x58,0xa0,0x64,0x01,0x0c,0x1a,0x53,0xb8,0xe8,0x8c,0xad,0x7d,
    0xcd,0x85,0xb5,0xc1,0xb1,0x95,0xc9,0x25,0xb9,0x99,0xbd,0x4d,0x10,0x88,0x6d,0x03,0x82,0xd0,0x02,0x55,0x0b,0x60,0xd0,0x98,
    0xc2,0xb5,0xe1,0x50,0x83,0x53,0x50,0x85,0x56,0x80,0x85,0x59,0xb0,0x85,0x0d,0x03,0x31,0x0a,0xb7,0x30,0x41,0x10,0x80,0x0d,
    0xc0,0x86,0x81,0xd0,0x05,0x5d,0xd8,0x10,0xec,0xc2,0x86,0x61,0xc8,0x05,0x5e,0x98,0x20,0xcc,0x41,0x1d,0x6c,0x08,0x7c,0x81,
    0x44,0x5b,0x58,0x9a,0x1b,0x97,0x29,0xab,0x2f,0xa8,0xb7,0xb9,0x34,0xba,0xb4,0x37,0xb7,0x09,0x42,0x61,0x06,0x13,0x84,0xe2,
    0x0c,0x36,0x04,0xc4,0x04,0xa1,0x40,0x83,0x09,0x42,0x91,0x06,0x1b,0x04,0x6a,0x0c,0x36,0x2c,0x44,0x38,0x88,0xc3,0x38,0x90,
    0x43,0x39,0x0c,0xe5,0x40,0x98,0xc3,0x39,0x10,0xa1,0x2a,0xc2,0x1a,0x7a,0x7a,0x92,0x22,0x9a,0x20,0x14,0x6a,0x30,0x41,0x20,
    0xb8,0x0d,0x02,0xb5,0x0e,0x1b,0x96,0x21,0x1d,0xc4,0xc1,0x1c,0xc8,0x41,0x1d,0x86,0x72,0x18,0xcc,0x81,0x1d,0x36,0x04,0xc3,
    0x86,0x85,0x49,0x07,0x71,0x30,0x07,0x77,0x50,0x87,0xa1,0x1c,0x18,0x73,0x60,0x87,0x0d,0x01,0x33,0x41,0x28,0xd6,0x60,0xc3,
    0x42,0xa5,0x83,0x38,0x98,0x03,0x3c,0xc4,0xc3,0x50,0x0e,0x94,0x39,0xb0,0xc3,0x86,0x80,0xda,0xb0,0x5c,0xe9,0x20,0x0e,0xe6,
    0x30,0x0f,0xf1,0x30,0x94,0xc3,0x65,0x0e,0xec,0xb0,0x21,0xb8,0x36,0x2c,0x5a,0x3a,0x88,0x83,0x39,0xd4,0x83,0x3a,0x0c,0xe5,
    0xa0,0x99,0x03,0x3b,0x6c,0x08,0xb4,0x0d,0x0b,0x92,0x0e,0xe2,0x60,0x0e,0xf7,0xa0,0x0e,0x43,0x39,0x20,0xe6,0xc0,0x0e,0x1b,
    0x02,0x64,0xc3,0x02,0x06,0xe9,0x20,0x0e,0xe6,0x90,0x0f,0xea,0x30,0x94,0x03,0x18,0x98,0x03,0x3b,0x6c,0x08,0xc0,0x60,0xc3,
    0x32,0x06,0xe9,0x20,0x0e,0xe6,0xb0,0x0f,0xea,0x30,0x94,0xc3,0x18,0x98,0x03,0x3b,0x6c,0x08,0xc6,0x60,0xc3,0xd2,0xa4,0x83,
    0x38,0x98,0x43,0x3f,0xa8,0xc3,0x50,0x0e,0x8d,0x39,0xb0,0xc3,0x04,0x81,0xe8,0x36,0x04,0xcd,0x86,0xe5,0x1f,0xd2,0x41,0x1c,
    0xcc,0x01,0x24,0xd4,0x61,0x28,0x87,0x7f,0x30,0x07,0x76,0x98,0x20,0x10,0xde,0x86,0xe0,0x1f,0x36,0x2c,0x22,0x91,0x0e,0xe2,
    0x60,0x0e,0x23,0xa1,0x0e,0x43,0x39,0x88,0x84,0x39,0xb0,0xc3,0x04,0x81,0xf8,0x36,0x04,0x22,0xb1,0x61,0x29,0x89,0x74,0x10,
    0x07,0x73,0x30,0x09,0x75,0x18,0xca,0xa1,0x24,0xcc,0x81,0x1d,0x36,0x04,0x25,0xb1,0x41,0xa0,0x4c,0x61,0xc3,0x62,0x0a,0xe9,
    0x20,0x0e,0xe6,0x80,0x12,0xea,0x30,0x94,0x83,0x29,0x98,0x43,0x4a,0x4c,0x10,0x08,0x30,0xd8,0x10,0x98,0xc2,0x06,0x81,0xa2,
    0x36,0x2c,0x2b,0x91,0x0e,0xe2,0x60,0x0e,0x2c,0xa1,0x0e,0x83,0x3a,0xac,0x84,0x39,0xb4,0xc4,0x86,0x07,0x1d,0xda,0xe1,0x1d,
    0xe4,0x81,0x1e,0xec,0x01,0x1f,0xf4,0x81,0x1f,0xfc,0x21,0x24,0x48,0xe2,0x24,0x54,0xc2,0x25,0x98,0x4c,0x59,0x7d,0x51,0x85,
    0xc9,0x9d,0x95,0xd1,0x4d,0x10,0x0a,0x36,0xd8,0xb0,0x10,0x30,0x21,0x0e,0x31,0x41,0x0e,0xe6,0x30,0x94,0x03,0x61,0x0e,0xec,
    0xb0,0x21,0x90,0x89,0x0d,0xc3,0x4b,0xcc,0x04,0xb0,0xa1,0xc8,0x05,0x70,0xa0,0x09,0x51,0x00,0x88,0x88,0xc9,0x85,0xb9,0x8d,
    0xa1,0x95,0xcd,0x4d,0x10,0x88,0x30,0xa0,0x61,0xc6,0xf6,0x16,0x46,0x37,0xc7,0x22,0xcd,0x6d,0x8e,0x6e,0x6e,0x82,0x40,0x88,
    0x01,0x89,0x34,0x37,0xba,0xb9,0x09,0x02,0x31,0x06,0x34,0xe6,0xd2,0xce,0xbe,0xd8,0xc8,0x26,0x08,0x04,0x19,0xd0,0x98,0x4b,
    0x3b,0xfb,0x9a,0xa3,0x23,0x42,0x57,0x86,0xf7,0x25,0x96,0x16,0x36,0xc7,0xa2,0x2e,0xcd,0x8d,0x6e,0x6e,0x82,0x40,0x94,0xc1,
    0x06,0xc8,0x26,0x6e,0x02,0x27,0x58,0x21,0x27,0x74,0x62,0x27,0x78,0xa2,0x27,0x7c,0xe2,0x27,0x2e,0xb0,0x68,0xc2,0x42,0x2c,
    0xaa,0xb0,0xb1,0xd9,0xb5,0xb9,0xa4,0x91,0x95,0xb9,0xd1,0x4d,0x09,0x82,0x2a,0x64,0x78,0x2e,0x76,0x65,0x72,0x73,0x69,0x6f,
    0x6e,0x53,0x02,0xa2,0x09,0x19,0x9e,0x8b,0x5d,0x18,0x9b,0x5d,0x99,0xdc,0x94,0xa0,0xa8,0x43,0x86,0xe7,0x32,0x87,0x16,0x46,
    0x56,0x26,0xd7,0xf4,0x46,0x56,0xc6,0x36,0x25,0x40,0xca,0x90,0xe1,0xb9,0xc8,0x95,0xcd,0xbd,0xd5,0xc9,0x8d,0x95,0xcd,0x4d,
    0x09,0x42,0xa1,0x12,0x19,0x9e,0x0b,0x5d,0x1e,0x5c,0x59,0x90,0x9b,0xdb,0x1b,0x5d,0x18,0x5d,0xda,0x9b,0xdb,0xdc,0x14,0xe1,
    0x16,0x78,0xa1,0x0e,0x19,0x9e,0x8b,0x5d,0x5a,0xd9,0x5d,0x12,0xd9,0x14,0x5d,0x18,0x5d,0xd9,0x94,0xc0,0x17,0xea,0x90,0xe1,
    0xb9,0x94,0xb9,0xd1,0xc9,0xe5,0x41,0xbd,0xa5,0xb9,0xd1,0xcd,0x4d,0x09,0x68,0xa2,0x0b,0x19,0x9e,0xcb,0xd8,0x5b,0x9d,0x1b,
    0x5d,0x99,0xdc,0xdc,0x94,0x40,0x2c,0x00,0x79,0x18,0x00,0x00,0x51,0x00,0x00,0x00,0x33,0x08,0x80,0x1c,0xc4,0xe1,0x1c,0x66,
    0x14,0x01,0x3d,0x88,0x43,0x38,0x84,0xc3,0x8c,0x42,0x80,0x07,0x79,0x78,0x07,0x73,0x98,0x71,0x0c,0xe6,0x00,0x0f,0xed,0x10,
    0x0e,0xf4,0x80,0x0e,0x33,0x0c,0x42,0x1e,0xc2,0xc1,0x1d,0xce,0xa1,0x1c,0x66,0x30,0x05,0x3d,0x88,0x43,0x38,0x84,0x83,0x1b,
    0xcc,0x03,0x3d,0xc8,0x43,0x3d,0x8c,0x03,0x3d,0xcc,0x78,0x8c,0x74,0x70,0x07,0x7b,0x08,0x07,0x79,0x48,0x87,0x70,0x70,0x07,
    0x7a,0x70,0x03,0x76,0x78,0x87,0x70,0x20,0x87,0x19,0xcc,0x11,0x0e,0xec,0x90,0x0e,0xe1,0x30,0x0f,0x6e,0x30,0x0f,0xe3,0xf0,
    0x0e,0xf0,0x50,0x0e,0x33,0x10,0xc4,0x1d,0xde,0x21,0x1c,0xd8,0x21,0x1d,0xc2,0x61,0x1e,0x66,0x30,0x89,0x3b,0xbc,0x83,0x3b,
    0xd0,0x43,0x39,0xb4,0x03,0x3c,0xbc,0x83,0x3c,0x84,0x03,0x3b,0xcc,0xf0,0x14,0x76,0x60,0x07,0x7b,0x68,0x07,0x37,0x68,0x87,
    0x72,0x68,0x07,0x37,0x80,0x87,0x70,0x90,0x87,0x70,0x60,0x07,0x76,0x28,0x07,0x76,0xf8,0x05,0x76,0x78,0x87,0x77,0x80,0x87,
    0x5f,0x08,0x87,0x71,0x18,0x87,0x72,0x98,0x87,0x79,0x98,0x81,0x2c,0xee,0xf0,0x0e,0xee,0xe0,0x0e,0xf5,0xc0,0x0e,0xec,0x30,
    0x03,0x62,0xc8,0xa1,0x1c,0xe4,0xa1,0x1c,0xcc,0xa1,0x1c,0xe4,0xa1,0x1c,0xdc,0x61,0x1c,0xca,0x21,0x1c,0xc4,0x81,0x1d,0xca,
    0x61,0x06,0xd6,0x90,0x43,0x39,0xc8,0x43,0x39,0x98,0x43,0x39,0xc8,0x43,0x39,0xb8,0xc3,0x38,0x94,0x43,0x38,0x88,0x03,0x3b,
    0x94,0xc3,0x2f,0xbc,0x83,0x3c,0xfc,0x82,0x3b,0xd4,0x03,0x3b,0xb0,0xc3,0x0c,0xc4,0x21,0x07,0x7c,0x70,0x03,0x7a,0x28,0x87,
    0x76,0x80,0x87,0x19,0xd1,0x43,0x0e,0xf8,0xe0,0x06,0xe4,0x20,0x0e,0xe7,0xe0,0x06,0xf6,0x10,0x0e,0xf2,0xc0,0x0e,0xe1,0x90,
    0x0f,0xef,0x50,0x0f,0xf4,0x30,0x83,0x81,0xc8,0x01,0x1f,0xdc,0x40,0x1c,0xe4,0xa1,0x1c,0xc2,0x61,0x1d,0xdc,0x40,0x1c,0xe4,
    0x01,0x00,0x00,0x00,0x71,0x20,0x00,0x00,0x29,0x00,0x00,0x00,0x46,0x00,0x0d,0x97,0xef,0x3c,0x7e,0x80,0x34,0x40,0x84,0xf9,
    0xc5,0x6d,0x5b,0xc2,0x36,0x5c,0xbe,0xf3,0xf8,0x42,0x40,0x15,0x05,0x11,0x95,0x0e,0x30,0x94,0x84,0x01,0x08,0x98,0x5f,0xdc,
    0xb6,0x29,0x48,0xc3,0xe5,0x3b,0x8f,0x2f,0x44,0x04,0x30,0x11,0x21,0xd0,0x0c,0x0b,0x61,0x03,0xcd,0x70,0xf9,0xce,0xe3,0x0f,
    0x88,0x24,0x00,0xd1,0x60,0x06,0xce,0x70,0xf9,0xce,0xe3,0x0f,0xce,0x64,0xfb,0xc5,0x6d,0x1b,0x82,0x33,0x5c,0xbe,0xf3,0xf8,
    0x83,0x33,0xdd,0x7e,0x71,0xdb,0x16,0x30,0x0d,0x97,0xef,0x3c,0xfe,0xe2,0x00,0x83,0xd8,0x3c,0xd4,0xe4,0x17,0xb7,0x6d,0x07,
    0xd4,0x70,0xf9,0xce,0xe3,0x4b,0x00,0xf3,0x2c,0xc4,0x86,0x00,0x92,0x5f,0xdc,0xb6,0x09,0x54,0xc3,0xe5,0x3b,0x8f,0x2f,0x4d,
    0x4e,0x44,0xa0,0xd4,0xf4,0x50,0x93,0x5f,0xdc,0xb6,0x15,0x3c,0xc3,0xe5,0x3b,0x8f,0x4f,0x35,0x40,0x84,0xf9,0xc5,0x6d,0x1b,
    0x00,0xc1,0x00,0x48,0x03,0x00,0x00,0x00,0x00,0x00,0x00,0x00,0x48,0x41,0x53,0x48,0x14,0x00,0x00,0x00,0x00,0x00,0x00,0x00,
    0x01,0x47,0xa1,0xf1,0x4d,0x96,0x3e,0x06,0x15,0xb0,0xd9,0x33,0xf3,0xa5,0x62,0xe8,0x44,0x58,0x49,0x4c,0xb0,0x37,0x00,0x00,
    0x60,0x00,0x00,0x00,0xec,0x0d,0x00,0x00,0x44,0x58,0x49,0x4c,0x00,0x01,0x00,0x00,0x10,0x00,0x00,0x00,0x98,0x37,0x00,0x00,
    0x42,0x43,0xc0,0xde,0x21,0x0c,0x00,0x00,0xe3,0x0d,0x00,0x00,0x0b,0x82,0x20,0x00,0x02,0x00,0x00,0x00,0x13,0x00,0x00,0x00,
    0x07,0x81,0x23,0x91,0x41,0xc8,0x04,0x49,0x06,0x10,0x32,0x39,0x92,0x01,0x84,0x0c,0x25,0x05,0x08,0x19,0x1e,0x04,0x8b,0x62,
    0x80,0x18,0x45,0x02,0x42,0x92,0x0b,0x42,0xc4,0x10,0x32,0x14,0x38,0x08,0x18,0x4b,0x0a,0x32,0x62,0x88,0x48,0x90,0x14,0x20,
    0x43,0x46,0x88,0xa5,0x00,0x19,0x32,0x42,0xe4,0x48,0x0e,0x90,0x11,0x23,0xc4,0x50,0x41,0x51,0x81,0x8c,0xe1,0x83,0xe5,0x8a,
    0x04,0x31,0x46,0x06,0x51,0x18,0x00,0x00,0x08,0x00,0x00,0x00,0x1b,0x8c,0xe0,0xff,0xff,0xff,0xff,0x07,0x40,0x02,0xa8,0x0d,
    0x84,0xf0,0xff,0xff,0xff,0xff,0x03,0x20,0x6d,0x30,0x86,0xff,0xff,0xff,0xff,0x1f,0x00,0x09,0xa8,0x00,0x49,0x18,0x00,0x00,
    0x03,0x00,0x00,0x00,0x13,0x82,0x60,0x42,0x20,0x4c,0x08,0x06,0x00,0x00,0x00,0x00,0x89,0x20,0x00,0x00,0x8b,0x00,0x00,0x00,
    0x32,0x22,0x88,0x09,0x20,0x64,0x85,0x04,0x13,0x23,0xa4,0x84,0x04,0x13,0x23,0xe3,0x84,0xa1,0x90,0x14,0x12,0x4c,0x8c,0x8c,
    0x0b,0x84,0xc4,0x4c,0x10,0xd4,0xc1,0x08,0x40,0x09,0x00,0x0a,0x66,0x00,0xe6,0x08,0xc0,0x60,0x8e,0x00,0x29,0xc6,0x40,0x10,
    0x44,0x41,0x90,0x51,0x0c,0x80,0x20,0x88,0x62,0x20,0x64,0x8e,0x20,0x28,0x03,0x40,0x28,0xb4,0x14,0x62,0x20,0x86,0x81,0x9a,
    0x32,0x0c,0xc4,0x40,0x4f,0x31,0x06,0x62,0x18,0x86,0x81,0xa2,0x9b,0x86,0xcb,0x9f,0xb0,0x87,0x90,0xfc,0x95,0x90,0x56,0x62,
    0xf2,0x8b,0xdb,0x46,0xc5,0x30,0x0c,0x03,0x41,0xc5,0x3d,0xc3,0xe5,0x4f,0xd8,0x43,0x48,0x7e,0x08,0x34,0xc3,0x42,0xa0,0x80,
    0x2a,0xcd,0x44,0x54,0xd5,0x30,0x0c,0x03,0x41,0x10,0xc3,0x40,0x56,0x41,0x06,0x62,0x18,0x86,0x61,0x18,0x08,0x3b,0x6a,0xb8,
    0xfc,0x09,0x7b,0x08,0xc9,0xe7,0x36,0xaa,0x58,0x89,0xc9,0x2f,0x6e,0x1b,0x11,0xc3,0x30,0x0c,0x85,0xd0,0x88,0x8a,0xa0,0xad,
    0x18,0x15,0x51,0x10,0x84,0x42,0xdd,0x40,0xc0,0x30,0x02,0x31,0xcc,0xd4,0x06,0xe3,0xc0,0x0e,0xe1,0x30,0x0f,0xf3,0xe0,0x06,
    0xb4,0x50,0x0e,0xf8,0x40,0x0f,0xf5,0x20,0x0f,0xe5,0x20,0x07,0xa4,0xc0,0x07,0xf6,0x50,0x0e,0xe3,0x40,0x0f,0xef,0x20,0x0f,
    0x7c,0x60,0x0e,0xec,0xf0,0x0e,0xe1,0x40,0x0f,0x6c,0x00,0x06,0x74,0xe0,0x07,0x60,0xe0,0x07,0x7a,0xa0,0x07,0xed,0x90,0x0e,
    0xf0,0x30,0x0f,0xbf,0x40,0x0f,0xf9,0x00,0x0f,0xe5,0x80,0x02,0x62,0x26,0x31,0x18,0x07,0x76,0x08,0x87,0x79,0x98,0x07,0x37,
    0xa0,0x85,0x72,0xc0,0x07,0x7a,0xa8,0x07,0x79,0x28,0x07,0x39,0x20,0x05,0x3e,0xb0,0x87,0x72,0x18,0x07,0x7a,0x78,0x07,0x79,
    0xe0,0x03,0x73,0x60,0x87,0x77,0x08,0x07,0x7a,0x60,0x03,0x30,0xa0,0x03,0x3f,0x00,0x03,0x3f,0x40,0x02,0x18,0x92,0x38,0x13,
    0x19,0x8c,0x03,0x3b,0x84,0xc3,0x3c,0xcc,0x83,0x1b,0xd0,0x42,0x39,0xe0,0x03,0x3d,0xd4,0x83,0x3c,0x94,0xc3,0x28,0xd4,0x83,
    0x38,0x94,0x03,0x1f,0xd8,0x43,0x39,0x8c,0x03,0x3d,0xbc,0x83,0x3c,0xf0,0x81,0x39,0xb0,0xc3,0x3b,0x84,0x03,0x3d,0xb0,0x01,
    0x18,0xd0,0x81,0x1f,0x80,0x81,0x1f,0xa0,0x00,0x24,0x72,0xa6,0x36,0x18,0x07,0x76,0x08,0x87,0x79,0x98,0x07,0x37,0xa0,0x85,
    0x72,0xc0,0x07,0x7a,0xa8,0x07,0x79,0x28,0x87,0x39,0x20,0x05,0x3e,0xb0,0x87,0x72,0x18,0x07,0x7a,0x78,0x07,0x79,0xe0,0x03,
    0x73,0x60,0x87,0x77,0x08,0x07,0x7a,0x60,0x03,0x30,0xa0,0x03,0x3f,0x00,0x03,0x3f,0xd0,0x03,0x3d,0x68,0x87,0x74,0x80,0x87,
    0x79,0xf8,0x05,0x7a,0xc8,0x07,0x78,0x28,0x07,0x14,0x10,0x33,0x89,0xc1,0x38,0xb0,0x43,0x38,0xcc,0xc3,0x3c,0xb8,0x01,0x2d,
    0x94,0x03,0x3e,0xd0,0x43,0x3d,0xc8,0x43,0x39,0xcc,0x01,0x29,0xf0,0x81,0x3d,0x94,0xc3,0x38,0xd0,0xc3,0x3b,0xc8,0x03,0x1f,
    0x98,0x03,0x3b,0xbc,0x43,0x38,0xd0,0x03,0x1b,0x80,0x01,0x1d,0xf8,0x01,0x18,0xf8,0x01,0x12,0x40,0x33,0x11,0x4e,0x42,0x93,
    0x02,0x4c,0x08,0x30,0x0b,0xc0,0x53,0x38,0xf2,0x8b,0x00,0x83,0x21,0x9a,0x09,0x19,0xea,0xba,0xb2,0xeb,0x4a,0xed,0x4d,0xd2,
    0x14,0x51,0xc2,0xe4,0xb3,0x00,0xf3,0x2c,0x44,0xc4,0x4e,0xc0,0x44,0xa0,0x80,0xa0,0x37,0x11,0x5e,0x8a,0x93,0x87,0x98,0x02,
    0x00,0x00,0x00,0x00,0x13,0x14,0x72,0xc0,0x87,0x74,0x60,0x87,0x36,0x68,0x87,0x79,0x68,0x03,0x72,0xc0,0x87,0x0d,0xaf,0x50,
    0x0e,0x6d,0xd0,0x0e,0x7a,0x50,0x0e,0x6d,0x00,0x0f,0x7a,0x30,0x07,0x72,0xa0,0x07,0x73,0x20,0x07,0x6d,0x90,0x0e,0x71,0xa0,
    0x07,0x73,0x20,0x07,0x6d,0x90,0x0e,0x78,0xa0,0x07,0x73,0x20,0x07,0x6d,0x90,0x0e,0x71,0x60,0x07,0x7a,0x30,0x07,0x72,0xd0,
    0x06,0xe9,0x30,0x07,0x72,0xa0,0x07,0x73,0x20,0x07,0x6d,0x90,0x0e,0x76,0x40,0x07,0x7a,0x60,0x07,0x74,0xd0,0x06,0xe6,0x10,
    0x07,0x76,0xa0,0x07,0x73,0x20,0x07,0x6d,0x60,0x0e,0x73,0x20,0x07,0x7a,0x30,0x07,0x72,0xd0,0x06,0xe6,0x60,0x07,0x74,0xa0,
    0x07,0x76,0x40,0x07,0x6d,0xe0,0x0e,0x78,0xa0,0x07,0x71,0x60,0x07,0x7a,0x30,0x07,0x72,0xa0,0x07,0x76,0x40,0x07,0x43,0x9e,
    0x00,0x00,0x00,0x00,0x00,0x00,0x00,0x00,0x00,0x00,0x00,0x86,0x3c,0x06,0x10,0x00,0x01,0x00,0x00,0x00,0x00,0x00,0x00,0x00,
    0x0c,0x79,0x10,0x20,0x00,0x04,0x00,0x00,0x00,0x00,0x00,0x00,0x00,0x18,0xf2,0x2c,0x40,0x00,0x08,0x00,0x00,0x00,0x00,0x00,
    0x00,0x00,0x30,0xe4,0x69,0x80,0x00,0x08,0x00,0x00,0x00,0x00,0x00,0x00,0x00,0x60,0xc8,0xf3,0x00,0x01,0x10,0x00,0x00,0x00,
    0x00,0x00,0x00,0x00,0xc0,0x90,0x27,0x02,0x02,0x20,0x00,0x00,0x00,0x00,0x00,0x00,0x00,0x80,0x21,0x8f,0x05,0x04,0xc0,0x00,
    0x00,0x00,0x00,0x00,0x00,0x00,0x00,0x43,0x1e,0x0c,0x08,0x80,0x00,0x00,0x00,0x00,0x00,0x00,0x00,0x00,0x86,0x3c,0x1b,0x10,
    0x00,0x03,0x00,0x00,0x00,0x00,0x00,0x00,0x00,0x0c,0x79,0x3a,0x20,0x00,0x06,0x00,0x00,0x00,0x00,0x00,0x00,0x00,0xc8,0x02,
    0x01,0x00,0x00,0x00,0x20,0x00,0x00,0x00,0x32,0x1e,0x98,0x18,0x19,0x11,0x4c,0x90,0x8c,0x09,0x26,0x47,0xc6,0x04,0x43,0x22,
    0x4a,0x60,0x04,0xa0,0x20,0x8a,0xa1,0x08,0x4a,0xa2,0x0c,0x0a,0xa1,0x14,0xca,0xa1,0x40,0x2d,0xca,0xa3,0x28,0xca,0xa2,0x30,
    0x4a,0xa3,0x38,0xa8,0x28,0x89,0x32,0x28,0x84,0x11,0x80,0x22,0x28,0x81,0x02,0xa1,0x71,0x06,0x80,0xca,0x19,0x00,0x4a,0x67,
    0x00,0xc8,0x9d,0x01,0x20,0x78,0x06,0x80,0xe4,0x19,0x00,0x9a,0xc7,0xe2,0x03,0x3d,0x20,0x00,0x00,0x40,0x9e,0xe7,0x79,0x9e,
    0xe7,0x79,0x9e,0xe7,0x79,0x9e,0xe7,0x79,0x9e,0xe7,0x79,0x9e,0xe7,0x79,0x9e,0xe7,0x79,0x9e,0xe7,0x79,0x9e,0xe7,0x79,0x9e,
    0xe7,0x79,0x9e,0xe7,0x79,0x9e,0xe7,0x79,0x1e,0xe0,0x38,0x10,0x04,0x00,0x00,0x00,0x79,0x18,0x00,0x00,0xe1,0x00,0x00,0x00,
    0x1a,0x03,0x4c,0x90,0x46,0x02,0x13,0xc4,0x31,0x20,0xc3,0x1b,0x43,0x81,0x93,0x4b,0xb3,0x0b,0xa3,0x2b,0x4b,0x01,0x89,0x71,
    0xc1,0x71,0x81,0x71,0xa1,0xb9,0x99,0xc9,0x01,0x41,0x21,0xcb,0x09,0xab,0x29,0xcb,0xb9,0x21,0x83,0x49,0xd9,0x10,0x04,0x13,
    0x04,0x62,0x99,0x20,0x10,0xcc,0x06,0x61,0x20,0x26,0x08,0x44,0xb3,0x41,0x18,0x0c,0x0a,0x70,0x73,0x13,0x04,0xc2,0xd9,0x30,
    0x20,0x09,0x31,0x41,0x18,0x83,0x31,0x20,0x30,0x41,0x20,0x9e,0x09,0x02,0x01,0x6d,0x10,0x08,0x67,0x43,0x42,0x2c,0x4c,0x43,
    0x0c,0x0d,0xf1,0x6c,0x48,0x86,0x85,0x69,0x86,0xa1,0x21,0x9e,0x0d,0x49,0xb3,0x30,0x4d,0x33,0x34,0xc4,0x33,0x41,0x20,0xa2,
    0x0d,0xc9,0xb4,0x30,0xcd,0x34,0x34,0xc4,0x33,0x41,0x20,0xa4,0x09,0x42,0x19,0x90,0xc1,0x04,0x81,0x98,0x36,0x24,0x95,0xc5,
    0x34,0xd5,0x70,0x11,0xcf,0x86,0xe4,0xb2,0x98,0xe6,0x1a,0x2e,0xe2,0xd9,0x90,0x24,0x16,0xd3,0x24,0xc3,0x45,0x3c,0x13,0x04,
    0x82,0xda,0x90,0x6c,0x16,0xd3,0x6c,0xc3,0x45,0x3c,0x13,0x84,0x34,0x28,0x83,0x0d,0x89,0xd1,0x31,0x8d,0x61,0x54,0xc4,0xb3,
    0x21,0x81,0x22,0x89,0xc2,0x32,0x8d,0xf3,0x26,0x08,0x6e,0x60,0x06,0x13,0x04,0xa2,0xda,0x80,0x10,0x60,0xc0,0x4c,0xc4,0x10,
    0x06,0xc0,0x86,0x40,0x0c,0x26,0x08,0x70,0x70,0x06,0x1b,0x10,0x82,0x0c,0x98,0x86,0x18,0x08,0x60,0x03,0x32,0x90,0x01,0xd3,
    0x0c,0x03,0x01,0x6c,0x40,0x1a,0x32,0x60,0x9a,0x66,0x20,0x80,0x0d,0xc8,0x44,0x06,0x4c,0x33,0x0d,0x04,0xb0,0x01,0xa9,0xc8,
    0x80,0x69,0xaa,0x81,0x00,0x36,0x20,0x17,0x19,0x30,0xcd,0x35,0x10,0xc0,0x06,0x24,0x21,0x03,0xa6,0x49,0x06,0x02,0xd8,0x80,
    0x6c,0x64,0xc0,0x34,0xdb,0x40,0x00,0x13,0x04,0x39,0x40,0x83,0x0d,0x88,0xd1,0x06,0x4c,0x63,0x18,0x04,0xb0,0x21,0x29,0x03,
    0x33,0x38,0x03,0x34,0x48,0x03,0x35,0x58,0x03,0x36,0x70,0x83,0x0d,0xc4,0x07,0x8c,0xc1,0x1b,0x4c,0x10,0xe6,0x20,0x0d,0x36,
    0x04,0x71,0x30,0x41,0x10,0x00,0x12,0x6d,0x61,0x69,0x6e,0x5c,0xa6,0xac,0xbe,0xa0,0xde,0xe6,0xd2,0xe8,0xd2,0xde,0xdc,0x26,
    0x08,0x05,0x37,0x41,0x28,0xba,0x0d,0x01,0x31,0x41,0x28,0xbc,0x09,0x42,0xf1,0x6d,0x10,0x26,0x63,0xc3,0x42,0xd4,0x81,0x1d,
    0xdc,0x01,0x1e,0xe4,0xc1,0x90,0x07,0x84,0x1e,0xec,0x01,0x11,0xaa,0x22,0xac,0xa1,0xa7,0x27,0x29,0xa2,0x09,0x42,0x01,0x06,
    0x13,0x04,0xc2,0xda,0x20,0x4c,0x7f,0xb0,0x61,0x19,0xfa,0xc0,0x0e,0xf4,0x00,0x0f,0xfc,0x60,0xc8,0x83,0x41,0x0f,0x40,0x61,
    0x43,0x30,0x6c,0x58,0x9a,0x3e,0xb0,0x03,0x3d,0x10,0x05,0x3f,0x18,0xf2,0xa0,0xd1,0x03,0x50,0xd8,0x10,0x34,0x13,0x84,0x22,
    0x0c,0x36,0x2c,0x53,0x1f,0xd8,0x81,0x1e,0x90,0x42,0x29,0x0c,0x79,0x30,0xe9,0x01,0x28,0x6c,0x08,0xa6,0x0d,0x4b,0xd5,0x07,
    0x76,0xa0,0x07,0xa7,0x50,0x0a,0x43,0x1e,0x54,0x7a,0x00,0x0a,0x1b,0x82,0x6a,0xc3,0x72,0xf5,0x81,0x1d,0xe8,0x41,0x2a,0xf8,
    0xc1,0x90,0x07,0x97,0x1e,0x80,0xc2,0x86,0xe0,0xda,0xb0,0x24,0x7d,0x60,0x07,0x7a,0xb0,0x0a,0x7e,0x30,0xe4,0x41,0xa2,0x07,
    0xa0,0xb0,0x21,0x48,0x36,0x2c,0x5b,0x1f,0xd8,0x81,0x1e,0xb4,0x82,0x1f,0x0c,0x79,0xb0,0xe9,0x01,0x28,0x6c,0x08,0xb6,0x0d,
    0x8b,0xd1,0x07,0x76,0xa0,0x07,0xaf,0xe0,0x07,0x43,0x1e,0x18,0x7a,0x00,0x0a,0x1b,0x02,0x63,0xc3,0xe2,0xf4,0x81,0x1d,0xe8,
    0x41,0x2c,0xf8,0xc1,0x90,0x07,0x8e,0x1e,0x80,0xc2,0x04,0x81,0xb8,0x36,0x04,0xce,0x86,0x65,0x16,0xfa,0xc0,0x0e,0xf4,0x80,
    0x16,0xfc,0x60,0xc8,0x83,0x59,0xd0,0x03,0x50,0x98,0x20,0x10,0xd8,0x86,0x60,0x16,0x36,0x2c,0xb6,0xd0,0x07,0x76,0xa0,0x07,
    0xb7,0xe0,0x07,0x43,0x1e,0xd8,0x82,0x1e,0x80,0xc2,0x04,0x81,0xc8,0x36,0x04,0xb6,0xb0,0x61,0xc9,0x85,0x3e,0xb0,0x03,0x3d,
    0xd0,0x05,0x3f,0x18,0xf2,0x20,0x17,0xf4,0x00,0x14,0x26,0x08,0x84,0xb6,0x21,0xc8,0x85,0x0d,0xc2,0xc4,0x0b,0x1b,0x16,0x5e,
    0xe8,0x03,0x3b,0xd0,0x83,0x5e,0xf0,0x83,0x21,0x0f,0x78,0x41,0x0f,0x7c,0x61,0x82,0x40,0x6c,0x1b,0x02,0x5e,0xd8,0x20,0x4c,
    0xd3,0x86,0x05,0x1c,0xfa,0xc0,0x0e,0xf4,0x20,0x1c,0xfc,0x60,0xf0,0x03,0x70,0xd0,0x03,0x71,0xd8,0xf0,0xf0,0x41,0x28,0x8c,
    0x82,0x29,0xa0,0x82,0x2a,0xb0,0x82,0x2b,0xc0,0x82,0x2c,0xd4,0x02,0x2e,0xec,0xc2,0x2f,0x8c,0x03,0x93,0x29,0xab,0x2f,0xaa,
    0x30,0xb9,0xb3,0x32,0xba,0x09,0x42,0x21,0x06,0x1b,0x16,0xa2,0x1c,0xec,0xc0,0x1c,0xf0,0x40,0x0f,0x86,0x3c,0x20,0xf4,0x00,
    0x14,0x36,0x04,0xe7,0xb0,0x61,0x20,0x07,0x74,0x00,0x36,0x14,0x73,0x40,0x07,0xe9,0x00,0x07,0x40,0x15,0x36,0x36,0xbb,0x36,
    0x97,0x34,0xb2,0x32,0x37,0xba,0x29,0x41,0x50,0x85,0x0c,0xcf,0xc5,0xae,0x4c,0x6e,0x2e,0xed,0xcd,0x6d,0x4a,0x40,0x34,0x21,
    0xc3,0x73,0xb1,0x0b,0x63,0xb3,0x2b,0x93,0x9b,0x12,0x18,0x75,0xc8,0xf0,0x5c,0xe6,0xd0,0xc2,0xc8,0xca,0xe4,0x9a,0xde,0xc8,
    0xca,0xd8,0xa6,0x04,0x49,0x19,0x32,0x3c,0x17,0xb9,0xb2,0xb9,0xb7,0x3a,0xb9,0xb1,0xb2,0xb9,0x29,0xc1,0x1b,0xd4,0x21,0xc3,
    0x73,0xb1,0x4b,0x2b,0xbb,0x4b,0x22,0x9b,0xa2,0x0b,0xa3,0x2b,0x9b,0x12,0xc4,0x41,0x1d,0x32,0x3c,0x97,0x32,0x37,0x3a,0xb9,
    0x3c,0xa8,0xb7,0x34,0x37,0xba,0xb9,0x29,0x41,0x3a,0x00,0x00,0x79,0x18,0x00,0x00,0x51,0x00,0x00,0x00,0x33,0x08,0x80,0x1c,
    0xc4,0xe1,0x1c,0x66,0x14,0x01,0x3d,0x88,0x43,0x38,0x84,0xc3,0x8c,0x42,0x80,0x07,0x79,0x78,0x07,0x73,0x98,0x71,0x0c,0xe6,
    0x00,0x0f,0xed,0x10,0x0e,0xf4,0x80,0x0e,0x33,0x0c,0x42,0x1e,0xc2,0xc1,0x1d,0xce,0xa1,0x1c,0x66,0x30,0x05,0x3d,0x88,0x43,
    0x38,0x84,0x83,0x1b,0xcc,0x03,0x3d,0xc8,0x43,0x3d,0x8c,0x03,0x3d,0xcc,0x78,0x8c,0x74,0x70,0x07,0x7b,0x08,0x07,0x79,0x48,
    0x87,0x70,0x70,0x07,0x7a,0x70,0x03,0x76,0x78,0x87,0x70,0x20,0x87,0x19,0xcc,0x11,0x0e,0xec,0x90,0x0e,0xe1,0x30,0x0f,0x6e,
    0x30,0x0f,0xe3,0xf0,0x0e,0xf0,0x50,0x0e,0x33,0x10,0xc4,0x1d,0xde,0x21,0x1c,0xd8,0x21,0x1d,0xc2,0x61,0x1e,0x66,0x30,0x89,
    0x3b,0xbc,0x83,0x3b,0xd0,0x43,0x39,0xb4,0x03,0x3c,0xbc,0x83,0x3c,0x84,0x03,0x3b,0xcc,0xf0,0x14,0x76,0x60,0x07,0x7b,0x68,
    0x07,0x37,0x68,0x87,0x72,0x68,0x07,0x37,0x80,0x87,0x70,0x90,0x87,0x70,0x60,0x07,0x76,0x28,0x07,0x76,0xf8,0x05,0x76,0x78,
    0x87,0x77,0x80,0x87,0x5f,0x08,0x87,0x71,0x18,0x87,0x72,0x98,0x87,0x79,0x98,0x81,0x2c,0xee,0xf0,0x0e,0xee,0xe0,0x0e,0xf5,
    0xc0,0x0e,0xec,0x30,0x03,0x62,0xc8,0xa1,0x1c,0xe4,0xa1,0x1c,0xcc,0xa1,0x1c,0xe4,0xa1,0x1c,0xdc,0x61,0x1c,0xca,0x21,0x1c,
    0xc4,0x81,0x1d,0xca,0x61,0x06,0xd6,0x90,0x43,0x39,0xc8,0x43,0x39,0x98,0x43,0x39,0xc8,0x43,0x39,0xb8,0xc3,0x38,0x94,0x43,
    0x38,0x88,0x03,0x3b,0x94,0xc3,0x2f,0xbc,0x83,0x3c,0xfc,0x82,0x3b,0xd4,0x03,0x3b,0xb0,0xc3,0x0c,0xc4,0x21,0x07,0x7c,0x70,
    0x03,0x7a,0x28,0x87,0x76,0x80,0x87,0x19,0xd1,0x43,0x0e,0xf8,0xe0,0x06,0xe4,0x20,0x0e,0xe7,0xe0,0x06,0xf6,0x10,0x0e,0xf2,
    0xc0,0x0e,0xe1,0x90,0x0f,0xef,0x50,0x0f,0xf4,0x30,0x83,0x81,0xc8,0x01,0x1f,0xdc,0x40,0x1c,0xe4,0xa1,0x1c,0xc2,0x61,0x1d,
    0xdc,0x40,0x1c,0xe4,0x01,0x00,0x00,0x00,0x71,0x20,0x00,0x00,0x29,0x00,0x00,0x00,0x46,0x00,0x0d,0x97,0xef,0x3c,0x7e,0x80,
    0x34,0x40,0x84,0xf9,0xc5,0x6d,0x5b,0xc2,0x36,0x5c,0xbe,0xf3,0xf8,0x42,0x40,0x15,0x05,0x11,0x95,0x0e,0x30,0x94,0x84,0x01,
    0x08,0x98,0x5f,0xdc,0xb6,0x29,0x48,0xc3,0xe5,0x3b,0x8f,0x2f,0x44,0x04,0x30,0x11,0x21,0xd0,0x0c,0x0b,0x61,0x03,0xcd,0x70,
    0xf9,0xce,0xe3,0x0f,0x88,0x24,0x00,0xd1,0x60,0x06,0xce,0x70,0xf9,0xce,0xe3,0x0f,0xce,0x64,0xfb,0xc5,0x6d,0x1b,0x82,0x33,
    0x5c,0xbe,0xf3,0xf8,0x83,0x33,0xdd,0x7e,0x71,0xdb,0x16,0x30,0x0d,0x97,0xef,0x3c,0xfe,0xe2,0x00,0x83,0xd8,0x3c,0xd4,0xe4,
    0x17,0xb7,0x6d,0x07,0xd4,0x70,0xf9,0xce,0xe3,0x4b,0x00,0xf3,0x2c,0xc4,0x86,0x00,0x92,0x5f,0xdc,0xb6,0x09,0x54,0xc3,0xe5,
    0x3b,0x8f,0x2f,0x4d,0x4e,0x44,0xa0,0xd4,0xf4,0x50,0x93,0x5f,0xdc,0xb6,0x15,0x3c,0xc3,0xe5,0x3b,0x8f,0x4f,0x35,0x40,0x84,
    0xf9,0xc5,0x6d,0x1b,0x00,0xc1,0x00,0x48,0x03,0x00,0x00,0x00,0x61,0x20,0x00,0x00,0x64,0x0b,0x00,0x00,0x13,0x04,0x25,0x12,
    0x0b,0x04,0x00,0x00,0x2f,0x00,0x00,0x00,0xa4,0xd4,0xc0,0x08,0x00,0x11,0xe5,0x52,0x83,0x04,0x05,0x08,0x08,0x18,0x50,0x80,
    0x80,0x80,0x08,0x85,0x56,0x80,0x80,0x04,0x05,0x08,0x28,0x50,0x70,0x25,0x53,0x6e,0xc5,0x56,0x3e,0x45,0x1a,0x50,0x34,0x65,
    0x53,0x26,0x85,0x54,0x46,0x33,0x00,0x65,0x57,0x72,0xa5,0x57,0x20,0xa5,0x52,0x40,0x05,0x53,0x22,0x05,0x48,0x50,0x3c,0xc5,
    0x52,0x24,0x85,0x42,0xc3,0x18,0x01,0x08,0x82,0x20,0xde,0x8d,0x11,0x80,0x20,0xe8,0xdf,0x61,0x30,0x46,0xd0,0xf7,0x2d,0x8b,
    0xeb,0xc2,0x18,0x01,0x08,0x82,0xa0,0x08,0x06,0x63,0x04,0x7b,0xac,0xc6,0xfb,0x2f,0x8c,0x11,0x80,0x20,0x08,0xe2,0xbf,0x30,
    0x46,0x40,0xc2,0xa0,0x88,0xff,0xc2,0x18,0x81,0x88,0x82,0x21,0x08,0x06,0x63,0x04,0x37,0xde,0x8e,0x2d,0x2f,0x8c,0x11,0xf4,
    0x7d,0xcb,0xe2,0xda,0x18,0x01,0x08,0x82,0x20,0xfc,0x8d,0x11,0xdc,0x78,0x3b,0xb6,0xdc,0x18,0x01,0x08,0x82,0x20,0x0a,0x06,
    0x63,0x04,0x20,0x08,0x82,0x20,0x18,0x8c,0x11,0x80,0x20,0x08,0xc2,0xbf,0x30,0x03,0x30,0x02,0x30,0x46,0x00,0x82,0x20,0x88,
    0x7f,0x00,0x00,0x00,0x23,0x06,0x09,0x00,0x82,0x60,0xd0,0xd1,0x82,0xf7,0x07,0xaa,0xa0,0x0a,0x73,0x30,0x62,0x90,0x00,0x20,
    0x08,0x06,0x5d,0x2d,0x7c,0xa0,0x10,0x0b,0xb1,0x40,0x07,0x23,0x06,0x09,0x00,0x82,0x60,0xd0,0xd9,0x02,0x18,0x84,0x42,0x2b,
    0xb4,0x42,0x1d,0x8c,0x18,0x24,0x00,0x08,0x82,0x41,0x77,0x0b,0x61,0x20,0x0a,0xaf,0xf0,0x0a,0x76,0x30,0x62,0x90,0x00,0x20,
    0x08,0x06,0x1d,0x2e,0x88,0xc1,0x28,0xc4,0x42,0x2c,0xdc,0xc1,0x88,0x41,0x02,0x80,0x20,0x18,0x74,0xb9,0x30,0x06,0xa4,0x40,
    0x0b,0xb4,0x80,0x07,0x23,0x06,0x09,0x00,0x82,0x60,0xd0,0xe9,0x02,0x19,0x94,0x42,0x2e,0xe4,0x42,0x1e,0x8c,0x18,0x24,0x00,
    0x08,0x82,0x41,0xb7,0x0b,0x65,0x60,0x0a,0xb9,0x90,0x0b,0x7a,0x30,0x62,0x90,0x00,0x20,0x08,0x06,0x1d,0x2f,0x98,0x41,0x2a,
    0xc8,0x82,0x2c,0xec,0xc1,0x88,0x41,0x02,0x80,0x20,0x18,0x74,0xbd,0x70,0x06,0xaa,0x90,0x0b,0xb9,0xc0,0x07,0x23,0x06,0x09,
    0x00,0x82,0x60,0xd0,0xf9,0x02,0x1a,0xac,0x42,0x2d,0xd4,0x42,0x1f,0x8c,0x18,0x24,0x00,0x08,0x82,0x41,0xf7,0x0b,0x69,0xc0,
    0x0a,0xb7,0x70,0x0b,0x7e,0x30,0x62,0x90,0x00,0x20,0x08,0x06,0x1d,0x38,0xa8,0x41,0x2b,0xe4,0x42,0x2e,0xfc,0xc1,0x88,0x41,
    0x02,0x80,0x20,0x18,0x74,0xe1,0xb0,0x06,0xae,0xc0,0x0b,0xbc,0x00,0x0a,0x23,0x06,0x09,0x00,0x82,0x60,0xd0,0x89,0x03,0x1b,
    0xbc,0x42,0x38,0x84,0x43,0x28,0x8c,0x18,0x24,0x00,0x08,0x82,0x41,0x37,0x0e,0x6d,0x00,0x0b,0xe1,0x10,0x0e,0xa2,0x30,0x62,
    0x90,0x00,0x20,0x08,0x06,0x1d,0x39,0xb8,0x81,0x2b,0x88,0x83,0x38,0x8c,0xc2,0x88,0x41,0x02,0x80,0x20,0x18,0x18,0xee,0xd0,
    0x0b,0xb5,0x30,0x0e,0xb0,0x10,0x07,0x23,0x06,0x09,0x00,0x82,0x60,0x60,0xbc,0x83,0x2f,0xd8,0x02,0x39,0xc0,0x82,0x1c,0x8c,
    0x18,0x24,0x00,0x08,0x82,0x81,0x01,0x0f,0xbf,0x70,0x0b,0xe5,0x40,0x0b,0x73,0x30,0x62,0x90,0x00,0x20,0x08,0x06,0x46,0x3c,
    0x80,0x43,0x2e,0x98,0xc3,0x2c,0xd0,0xc1,0x88,0x41,0x02,0x80,0x20,0x18,0x18,0xf2,0x10,0x0e,0xba,0x70,0x0e,0xb2,0x50,0x07,
    0x23,0x06,0x09,0x00,0x82,0x60,0x60,0xcc,0x83,0x38,0xec,0x02,0x3a,0xd0,0x82,0x1d,0x8c,0x18,0x24,0x00,0x08,0x82,0x81,0x41,
    0x0f,0xe3,0xc0,0x0b,0xe9,0x80,0x0b,0x77,0x30,0x62,0x90,0x00,0x20,0x08,0x06,0x46,0x3d,0x90,0x83,0x2f,0xa8,0xc3,0x2d,0xe0,
    0xc1,0x88,0x41,0x02,0x80,0x20,0x18,0x18,0xf6,0x50,0x0e,0xbf,0xb0,0x0e,0xb6,0x90,0x07,0x23,0x06,0x09,0x00,0x82,0x60,0x60,
    0xdc,0x83,0x39,0x80,0x03,0x3b,0xe0,0x82,0x1e,0x8c,0x18,0x24,0x00,0x08,0x82,0x81,0x81,0x0f,0xe7,0x10,0x0e,0xed,0xc0,0x0b,
    0x7b,0x30,0x62,0x90,0x00,0x20,0x08,0x06,0x46,0x3e,0xa0,0xc3,0x38,0xb8,0xc3,0x2e,0xf0,0xc1,0x88,0x41,0x02,0x80,0x20,0x18,
    0x18,0xfa,0x90,0x0e,0xe4,0xf0,0x0e,0xba,0xd0,0x07,0x23,0x06,0x09,0x00,0x82,0x60,0x60,0xec,0x83,0x3a,0x94,0x03,0x3c,0xf0,
    0x82,0x1f,0x8c,0x18,0x24,0x00,0x08,0x82,0x81,0xc1,0x0f,0xeb,0x60,0x0e,0xf1,0x00,0x0e,0x7f,0x30,0x62,0x90,0x00,0x20,0x08,
    0x06,0x46,0x3f,0xb0,0x83,0x3b,0xc8,0xc3,0x2f,0x80,0xc2,0x88,0x41,0x02,0x80,0x20,0x18,0x18,0xfe,0xd0,0x0e,0xef,0x30,0x0f,
    0xbe,0x10,0x0a,0x23,0x06,0x09,0x00,0x82,0x60,0x60,0xfc,0x83,0x3b,0xc0,0x03,0x3d,0x80,0x83,0x28,0x8c,0x18,0x24,0x00,0x08,
    0x82,0x81,0x01,0x12,0xef,0x10,0x0f,0xf5,0x40,0x0e,0xa3,0x30,0x62,0x90,0x00,0x20,0x08,0x06,0x46,0x48,0xc0,0x43,0x3d,0xd8,
    0xc3,0x38,0x90,0xc2,0x88,0x41,0x02,0x80,0x20,0x18,0x18,0x22,0x11,0x0f,0xf6,0x70,0x0f,0xe2,0x50,0x0a,0x23,0x06,0x09,0x00,
    0x82,0x60,0x60,0x8c,0x84,0x3c,0xdc,0x03,0x3e,0x90,0x83,0x29,0x8c,0x18,0x24,0x00,0x08,0x82,0x81,0x41,0x12,0xf3,0x80,0x0f,
    0xf9,0x80,0x0e,0xa7,0x30,0x62,0x90,0x00,0x20,0x08,0x06,0x46,0x49,0xd0,0x83,0x3c,0xe8,0xc3,0x39,0xa0,0xc2,0x88,0x41,0x02,
    0x80,0x20,0x18,0x18,0x26,0x51,0x0f,0xf3,0xb0,0x0f,0xe6,0x90,0x0a,0x23,0x06,0x09,0x00,0x82,0x60,0x60,0x9c,0x84,0x3d,0xd0,
    0x03,0x3f,0xa0,0x83,0x2a,0x8c,0x18,0x24,0x00,0x08,0x82,0x81,0x81,0x12,0xf7,0x50,0x0f,0xfd,0xc0,0x0e,0xab,0x30,0x62,0x90,
    0x00,0x20,0x08,0x06,0x46,0x4a,0xe0,0x03,0x3f,0xf8,0xc3,0x3a,0xb0,0xc2,0x88,0x41,0x02,0x80,0x20,0x18,0x18,0x2a,0x91,0x0f,
    0xfd,0xf0,0x0f,0xea,0xd0,0x0a,0x23,0x06,0x09,0x00,0x82,0x60,0x60,0xac,0x84,0x3e,0xf8,0x03,0x48,0xb0,0x83,0x2b,0x8c,0x18,
    0x24,0x00,0x08,0x82,0x81,0xc1,0x12,0xfb,0xf0,0x0f,0x21,0x01,0x0f,0xaf,0x30,0x62,0x90,0x00,0x20,0x08,0x06,0x46,0x4b,0xf0,
    0xc3,0x3e,0x88,0xc4,0x3b,0xc0,0xc2,0x88,0x41,0x02,0x80,0x20,0x18,0x18,0x2e,0xd1,0x0f,0xfc,0x30,0x12,0xee,0x10,0x0b,0x23,
    0x06,0x09,0x00,0x82,0x60,0x60,0xbc,0x84,0x3f,0xf4,0x03,0x49,0xc0,0x83,0x2c,0x8c,0x18,0x24,0x00,0x08,0x82,0x81,0x01,0x13,
    0xff,0xe0,0x0f,0x25,0x41,0x0f,0xb3,0x30,0x62,0x90,0x00,0x20,0x08,0x06,0x46,0x4c,0x80,0x04,0x48,0x98,0xc4,0x3c,0xd0,0xc2,
    0x88,0x41,0x02,0x80,0x20,0x18,0x18,0x32,0x11,0x12,0x21,0x71,0x12,0xf2,0x50,0x0b,0x23,0x06,0x09,0x00,0x82,0x60,0x60,0xcc,
    0x84,0x48,0x88,0x04,0x4a,0xd0,0x83,0x2d,0x8c,0x18,0x24,0x00,0x08,0x82,0x81,0x41,0x13,0x23,0x31,0x12,0x29,0x81,0x0f,0xb7,
    0x30,0x62,0x90,0x00,0x20,0x08,0x06,0x46,0x4d,0x90,0x44,0x49,0xa8,0xc4,0x3d,0xe0,0xc2,0x88,0x41,0x02,0x80,0x20,0x18,0x18,
    0x36,0x51,0x12,0x26,0xb1,0x12,0xf6,0x90,0x0b,0x23,0x06,0x09,0x00,0x82,0x60,0x60,0xdc,0x84,0x49,0x9c,0x04,0x4b,0xe0,0x83,
    0x2e,0x8c,0x18,0x24,0x00,0x08,0x82,0x81,0x81,0x13,0x27,0x81,0x12,0x2d,0xc1,0x0f,0xbb,0x30,0x62,0x90,0x00,0x20,0x08,0x06,
    0x46,0x4e,0xa0,0xc4,0x4a,0xb8,0xc4,0x3e,0xf0,0xc2,0x88,0x41,0x02,0x80,0x20,0x18,0x18,0x3a,0x91,0x12,0x2c,0xf1,0x12,0xfa,
    0xd0,0x0b,0x23,0x06,0x09,0x00,0x82,0x60,0x60,0xec,0x84,0x4a,0xb4,0x04,0x4c,0xf0,0x83,0x2f,0x8c,0x18,0x24,0x00,0x08,0x82,
    0x81,0xc1,0x13,0x2b,0xe1,0x12,0x31,0x01,0x12,0xbf,0x30,0x62,0x90,0x00,0x20,0x08,0x06,0x46,0x4f,0xb0,0xc4,0x4c,0xc8,0xc4,
    0x3f,0x80,0xc3,0x88,0x41,0x02,0x80,0x20,0x18,0x18,0x3e,0xd1,0x12,0x34,0x31,0x13,0xfe,0x10,0x0e,0x23,0x06,0x09,0x00,0x82,
    0x60,0x60,0xfc,0x84,0x4b,0xd4,0x04,0x4d,0x80,0x84,0x38,0x8c,0x18,0x24,0x00,0x08,0x82,0x81,0x01,0x16,0x2f,0x61,0x13,0x35,
    0x41,0x12,0xe3,0x30,0x62,0x90,0x00,0x20,0x08,0x06,0x46,0x58,0xc0,0x84,0x4d,0xd8,0x44,0x49,0x90,0xc3,0x88,0xc1,0x01,0x80,
    0x20,0x18,0x6c,0x3a,0x41,0x0e,0x75,0x10,0x13,0xa3,0x09,0xc1,0x30,0x1c,0x11,0xd8,0x82,0xf0,0xcd,0x32,0x04,0x43,0x30,0x62,
    0x90,0x00,0x20,0x08,0x06,0x46,0x59,0xd0,0xc4,0x4a,0xe8,0x44,0x49,0xa0,0xc3,0x88,0x41,0x02,0x80,0x20,0x18,0x18,0x66,0x51,
    0x13,0x2c,0xb1,0x13,0x28,0x91,0x0e,0x16,0x18,0xf2,0xb1,0xe1,0x90,0x8f,0x09,0x82,0x7c,0x4c,0x10,0xe4,0x63,0x42,0x00,0x9f,
    0x11,0x03,0x03,0x00,0x41,0x30,0x78,0xd0,0x02,0x1d,0x02,0x8b,0x85,0x20,0x3e,0x23,0x06,0x07,0x00,0x82,0x60,0xd0,0xac,0x85,
    0x3c,0x04,0xb3,0x30,0x62,0x70,0x00,0x20,0x08,0x06,0x0d,0x5b,0xd0,0x43,0x30,0x0b,0xc3,0x11,0x41,0x2d,0x28,0xdf,0x2c,0xc3,
    0x20,0x04,0x23,0x06,0x06,0x00,0x82,0x60,0xb0,0xbc,0x85,0x3e,0xa0,0xc4,0x2c,0xc1,0x30,0xd0,0x31,0x10,0x02,0x11,0xa8,0x05,
    0x30,0x62,0x70,0x00,0x20,0x08,0x06,0x9b,0x5a,0xd0,0x43,0x29,0x80,0xc4,0x68,0x42,0x00,0x8c,0x26,0x08,0xc1,0x09,0x04,0x55,
    0x30,0x16,0x5a,0xc2,0x5a,0xe8,0x70,0x43,0xd0,0x16,0x60,0x50,0x04,0x5a,0x60,0x05,0x65,0xa1,0x65,0xd4,0x83,0x0e,0x37,0x04,
    0x71,0x01,0x06,0x85,0x98,0x05,0x56,0xe0,0x16,0x5a,0x8a,0x4b,0xe8,0x70,0x43,0x50,0x17,0x61,0x50,0x4c,0x4c,0xe8,0x70,0x43,
    0x70,0x17,0x60,0x70,0x0f,0x41,0xd3,0x0d,0x6f,0x70,0x06,0xc4,0x74,0xc3,0x1b,0x9c,0x41,0x31,0xdd,0xf0,0x06,0x67,0x60,0x4c,
    0x37,0xbc,0xc1,0x19,0x1c,0xd3,0x0d,0x77,0xf0,0x06,0xc8,0x74,0xc3,0x1d,0xbc,0x41,0x32,0xdd,0x70,0x07,0x6f,0xa0,0x4c,0x37,
    0xdc,0xc1,0x1b,0x2c,0xb3,0x04,0xc4,0x40,0xc5,0x00,0x0d,0xf7,0x1f,0xa4,0xc7,0x40,0xc5,0x00,0x0d,0xf7,0x1f,0xa4,0xc7,0x40,
    0xc5,0x00,0x0d,0xf7,0x1f,0xa4,0xc7,0x40,0xc5,0x00,0x0d,0xf7,0x1f,0xa4,0xc7,0x40,0xc5,0xa0,0x1e,0xc3,0xfd,0x07,0xe9,0x31,
    0x50,0x31,0xb0,0xc7,0x70,0xff,0x41,0x7a,0x0c,0x54,0x0c,0xee,0x31,0xdc,0x7f,0x90,0x1e,0x03,0x15,0x03,0x7c,0x0c,0xf7,0x1f,
    0xa4,0xc7,0x40,0xc5,0x20,0x1f,0xc3,0xeb,0xa4,0xc7,0x40,0xc5,0x40,0x1f,0xc3,0xeb,0xa4,0xc7,0x40,0xc5,0x60,0x1f,0xc3,0xeb,
    0xa4,0xc7,0x40,0x05,0x81,0x33,0xc3,0xfc,0x07,0xe9,0x31,0x50,0x41,0xe8,0xcc,0x90,0x06,0xe9,0x31,0x50,0x41,0xf0,0xcc,0x70,
    0x0a,0xe9,0x31,0x50,0x41,0xf8,0xcc,0xf0,0xfe,0x41,0x7a,0x0c,0x37,0x04,0x65,0x60,0x06,0xb3,0x0c,0xea,0x51,0x04,0x25,0xb8,
    0x06,0x59,0xe0,0x16,0x20,0x18,0x31,0x38,0x00,0x10,0x04,0x83,0xcd,0x36,0xc0,0x22,0x1e,0x82,0xd1,0x84,0x00,0x18,0x4d,0x10,
    0x82,0xd1,0x84,0x41,0x18,0x4d,0x20,0x86,0x4a,0x72,0x43,0x87,0x1b,0x82,0xdc,0x08,0x83,0xe9,0x86,0xa1,0x08,0x2e,0x20,0x68,
    0xba,0xc1,0x40,0x86,0x0b,0x08,0xb2,0x27,0x37,0x64,0x50,0x67,0x10,0x64,0x05,0xb8,0xa1,0x45,0xd8,0x85,0x56,0xb1,0x16,0x58,
    0x81,0x6f,0x68,0x1d,0xa1,0xa1,0xc3,0x0d,0x41,0x79,0x84,0x41,0x25,0xbc,0x81,0x15,0xfc,0x86,0x9a,0x90,0x1e,0x37,0x28,0x46,
    0x3c,0xb0,0x02,0xf1,0x50,0x13,0xd8,0xe3,0x06,0xf5,0x84,0x07,0x56,0x50,0x1e,0x6a,0xc2,0x7b,0xdc,0xa0,0xa4,0xd6,0xd0,0xe1,
    0x86,0x00,0x3e,0xc2,0xa0,0x2c,0xd3,0xd0,0xba,0xd0,0x03,0x2b,0x58,0x0f,0xad,0xac,0x3d,0xb0,0x82,0xf6,0x50,0x13,0xee,0xe3,
    0x06,0xc5,0xb1,0x07,0x56,0x00,0x1f,0x6a,0x82,0x7e,0xdc,0xa0,0xd6,0x60,0x3f,0xae,0x02,0xfe,0x58,0x0b,0x58,0x03,0x06,0x23,
    0x06,0x07,0x00,0x82,0x60,0xb0,0x81,0x88,0x6a,0xec,0x44,0x30,0x9a,0x10,0x00,0xa3,0x09,0x42,0x30,0x9a,0x30,0x08,0xa3,0x09,
    0xc4,0x60,0x88,0x6c,0xc0,0x60,0xc4,0xe0,0x00,0x40,0x10,0x0c,0x36,0x13,0x81,0x8d,0xb0,0x08,0x46,0x13,0x82,0xc1,0x82,0xbd,
    0x80,0xcf,0x05,0x04,0x8d,0x26,0x10,0xc1,0x68,0x42,0x21,0x9c,0x40,0x50,0x05,0xaf,0xb1,0x25,0xa8,0x87,0x4e,0x37,0x08,0xc1,
    0x19,0x0c,0x47,0x14,0xa3,0x21,0x7c,0xc3,0x0d,0x6d,0xf0,0x22,0x60,0x30,0xcb,0xa0,0x1e,0x46,0x30,0xdc,0x00,0x0a,0x30,0x02,
    0x06,0xb3,0x0c,0xcd,0x11,0x0c,0x37,0x84,0x42,0x8b,0x80,0xc1,0x2c,0x43,0x83,0x04,0xc3,0x0d,0xa2,0xc0,0x22,0x60,0x30,0xcb,
    0xd0,0x24,0xc1,0x70,0xc3,0x28,0xb0,0x08,0x18,0xcc,0x32,0x34,0x4a,0x30,0xdc,0x40,0x0a,0x2c,0x02,0x06,0xb3,0x0c,0xcd,0x12,
    0x0c,0x37,0x94,0x82,0x8c,0x80,0xc1,0x2c,0x43,0xc3,0x04,0xc3,0x0d,0xa6,0xd0,0x22,0x60,0x30,0xdd,0x00,0x17,0x34,0x11,0x4c,
    0x37,0xc0,0x05,0x4d,0x08,0xd3,0x0d,0x70,0x41,0x13,0xc3,0x74,0x03,0x5c,0xd0,0x04,0x31,0x4b,0xd0,0x0c,0xf4,0x0c,0x78,0x62,
    0x80,0xca,0x81,0x2a,0x08,0xac,0x24,0xb8,0xa2,0x80,0xcb,0x82,0x30,0x03,0x3d,0x03,0x9e,0x18,0xa0,0x72,0xa0,0x0a,0x02,0x2b,
    0x09,0xae,0x28,0xe0,0xb2,0x20,0xcc,0x40,0xcf,0x80,0x27,0x06,0xa8,0x1c,0xa8,0x82,0xc0,0x4a,0x82,0x2b,0x0a,0xb8,0x2c,0x08,
    0x33,0xd0,0x33,0xe0,0x89,0x01,0x2a,0x07,0xaa,0x20,0xb0,0x92,0xe0,0x8a,0x02,0x2e,0x0b,0xc2,0x8c,0x18,0x1c,0x00,0x08,0x82,
    0xc1,0x16,0x26,0xeb,0xc1,0x17,0x38,0x32,0x9a,0x10,0x08,0xc3,0x11,0x81,0x6d,0x08,0xdf,0x2c,0x83,0xf3,0x04,0x23,0x06,0x06,
    0x00,0x82,0x60,0xf0,0xa0,0xc9,0x8f,0xf8,0xc5,0x70,0x44,0x90,0x1b,0xc4,0x37,0x1c,0x01,0x1a,0xb3,0x41,0x7c,0xd3,0x0d,0xe2,
    0xb1,0x1b,0xc1,0x74,0x43,0x20,0x1a,0xc3,0x70,0xc3,0x2d,0xf8,0x08,0x18,0x58,0x23,0xd0,0xc7,0x9a,0x81,0x3e,0xc6,0x10,0xf4,
    0x31,0xa7,0xa0,0xcf,0x74,0xc3,0x13,0x14,0xb3,0x04,0xcf,0x40,0xc5,0x40,0x06,0x8d,0xe2,0x0c,0x54,0x0c,0x64,0xd0,0x28,0xce,
    0x40,0xc5,0x40,0x06,0x8d,0xe1,0x0c,0x54,0x0c,0x64,0xd0,0x30,0x4e,0x91,0x41,0x7d,0xe8,0x70,0x43,0x10,0x27,0x60,0x30,0xcb,
    0x10,0x41,0xc1,0x88,0x81,0x01,0x80,0x20,0x18,0x3c,0x79,0x02,0x27,0xc3,0x70,0x44,0x80,0x1e,0xc4,0x37,0x1c,0x51,0x90,0x07,
    0xf1,0x4d,0x37,0xb4,0x87,0x7a,0x04,0xd3,0x0d,0xc1,0x31,0xd8,0x12,0xd0,0xc7,0x16,0x81,0x3e,0xb6,0x0c,0xf4,0x99,0x25,0x88,
    0x06,0x2a,0x06,0x03,0xe2,0x9e,0x81,0x8a,0xc1,0x80,0xb8,0x67,0xa0,0x62,0x30,0x20,0xee,0x19,0x6e,0x70,0x87,0x3e,0x09,0x83,
    0x8a,0x07,0x11,0xd1,0xe1,0x86,0x40,0x44,0xc0,0xa0,0x82,0x41,0x67,0x19,0xa4,0x2a,0x18,0x6e,0xa8,0x87,0x50,0x01,0x83,0x59,
    0x06,0x6a,0x0a,0x2c,0x1f,0xf6,0x43,0x3e,0x16,0xf4,0x07,0x7c,0x4c,0x1f,0xfa,0x43,0x3e,0x16,0xfc,0x07,0x7c,0x46,0x0c,0x0e,
    0x00,0x04,0xc1,0xa0,0x71,0x95,0x1a,0x19,0x42,0x64,0xc4,0xe0,0x00,0x40,0x10,0x0c,0x9a,0x57,0xb1,0x11,0x41,0x44,0x46,0x0c,
    0x0e,0x00,0x04,0xc1,0xa0,0x81,0x15,0x1c,0x11,0xee,0x63,0xc4,0xe0,0x00,0x40,0x10,0x0c,0x9a,0x58,0xc9,0x11,0x01,0x3f,0x66,
    0x09,0xa8,0x81,0x8a,0x81,0x98,0x44,0x44,0x1a,0xa8,0x18,0x88,0x49,0x44,0x24,0x93,0x05,0x17,0x81,0xc1,0x88,0xc1,0x01,0x80,
    0x20,0x18,0x6c,0xb0,0xa2,0x23,0xeb,0x11,0x8c,0x26,0x04,0xc0,0x68,0x82,0x10,0x8c,0x18,0x24,0x00,0x08,0x82,0x41,0x64,0x2b,
    0x66,0x22,0x04,0x46,0x61,0xc1,0x05,0x9f,0xd1,0x84,0x42,0x18,0x4d,0x30,0x86,0x11,0x83,0x04,0x00,0x41,0x30,0x88,0x74,0x45,
    0x4d,0x84,0x40,0x49,0x2c,0xd0,0xe0,0x33,0x4b,0x50,0x0d,0x54,0x0c,0x0a,0x85,0x07,0xd1,0x40,0xc5,0x40,0x50,0x78,0x10,0xcd,
    0x32,0x58,0x6a,0xb0,0x0a,0xd6,0x0b,0x39,0x02,0x83,0x11,0x83,0x03,0x00,0x41,0x30,0xd8,0x78,0xc5,0x4c,0xee,0x23,0x18,0x4d,
    0x08,0x84,0xe1,0x06,0x7c,0xe0,0x15,0x30,0x98,0x65,0xb8,0xbe,0x60,0xb8,0x81,0x1f,0x78,0x05,0x0c,0x66,0x19,0xb0,0x2c,0x18,
    0x31,0x80,0x00,0x10,0x04,0x03,0x4b,0x5c,0xd0,0x04,0x45,0x40,0xe4,0x30,0xc2,0xc0,0x45,0xd6,0x64,0x4d,0xd6,0x64,0x70,0x91,
    0xd1,0x84,0x00,0x18,0x4d,0x10,0x82,0xd1,0x84,0x41,0x18,0x4d,0x20,0x86,0x59,0x02,0x35,0x18,0x6e,0x10,0x89,0x71,0x01,0x83,
    0x59,0x06,0x6d,0x0b,0x46,0x0c,0x20,0x00,0x04,0xc1,0xc0,0x42,0x17,0x37,0x79,0x91,0x13,0x69,0x98,0x33,0xa0,0x91,0x38,0x89,
    0x93,0x38,0x49,0x68,0x64,0x34,0x21,0x00,0x46,0x13,0x84,0x60,0x34,0x61,0x10,0x46,0x13,0x88,0x61,0x96,0x40,0x0d,0x86,0x1b,
    0x50,0xa2,0x5c,0xc0,0x60,0x96,0x81,0xeb,0x82,0x11,0x03,0x08,0x00,0x41,0x30,0xb0,0xdc,0x85,0x4e,0x6c,0xc4,0x45,0x26,0xa9,
    0x0d,0x74,0xe4,0x4e,0xee,0xe4,0x4e,0x1e,0x1d,0x19,0x4d,0x08,0x80,0xd1,0x04,0x21,0x18,0x4d,0x18,0x84,0xd1,0x04,0x62,0x98,
    0x25,0x50,0x83,0xe1,0x06,0x97,0x48,0x17,0x30,0x98,0x65,0xf0,0xd4,0x20,0x18,0x31,0x80,0x00,0x10,0x04,0x03,0x8b,0x5e,0xf4,
    0xa4,0x47,0x6a,0x24,0xc3,0xe6,0x00,0x4c,0xfa,0xa4,0x4f,0xfa,0xa4,0x02,0x93,0xd1,0x84,0x00,0x18,0x4d,0x10,0x82,0xd1,0x84,
    0x41,0x18,0x4d,0x20,0x86,0x59,0x02,0x35,0x18,0x6e,0x88,0x89,0x77,0x01,0x83,0x59,0x06,0x30,0x08,0x83,0xa0,0x6a,0x82,0x5e,
    0x60,0xc4,0x20,0x01,0x40,0x10,0x0c,0x3a,0x7c,0x11,0x95,0x71,0xa9,0x97,0xe0,0x56,0xea,0x26,0xec,0x05,0x46,0x0c,0x12,0x00,
    0x04,0xc1,0xa0,0xd3,0x17,0x52,0x39,0x97,0x7b,0x09,0x72,0x65,0xc4,0x00,0x02,0x40,0x10,0x0c,0x2c,0x7f,0x21,0x95,0x21,0x18,
    0x03,0x31,0xe8,0x03,0x35,0xc9,0x97,0x7c,0xc9,0x97,0x4f,0x4d,0x46,0x13,0x02,0x60,0x34,0x41,0x08,0x46,0x13,0x06,0x61,0x34,
    0x81,0x18,0x66,0x09,0xd4,0x60,0xb8,0xc1,0x27,0xfc,0x05,0x0c,0x66,0x19,0xc4,0x60,0x0c,0x82,0x11,0x03,0x08,0x00,0x41,0x30,
    0xb0,0x48,0x46,0x55,0xcc,0xc4,0x47,0xd2,0x00,0x0d,0xe0,0x04,0x4e,0xfe,0xe5,0x5f,0x5a,0xa5,0x0c,0xe0,0x64,0x34,0x21,0x00,
    0x46,0x13,0x84,0x60,0x34,0x61,0x10,0x46,0x13,0x88,0x61,0x96,0x20,0x0d,0x86,0x1b,0xc8,0xa2,0x64,0xc0,0x60,0x96,0x81,0x0c,
    0xca,0x20,0x18,0x31,0x80,0x00,0x10,0x04,0x03,0x4b,0x65,0x60,0xa5,0x4d,0xca,0xe4,0x0d,0xdc,0xc0,0x4e,0xec,0xa4,0x64,0x4a,
    0x66,0x56,0xd6,0xc0,0x4e,0x46,0x13,0x02,0x60,0x34,0x41,0x08,0x46,0x13,0x06,0x61,0x34,0x81,0x18,0x66,0x09,0xd2,0x60,0xb8,
    0x41,0x2d,0x4e,0x06,0x0c,0x66,0x19,0xcc,0xe0,0x0c,0x82,0x11,0x03,0x08,0x00,0x41,0x30,0xb0,0x60,0xc6,0x56,0xe8,0x84,0x4d,
    0xea,0x80,0x0e,0xf8,0x84,0x4f,0x56,0x66,0x65,0x72,0x25,0x0e,0xf8,0x64,0x34,0x21,0x00,0x46,0x13,0x84,0x60,0x34,0x61,0x10,
    0x46,0x13,0x88,0x61,0x96,0x20,0x0d,0x86,0x1b,0xe0,0x62,0x65,0xc0,0x60,0x96,0x01,0x0d,0xd2,0x20,0x18,0x31,0x80,0x00,0x10,
    0x04,0x03,0xcb,0x66,0x78,0x65,0x4f,0xe6,0x64,0x0f,0xf4,0x40,0x54,0x44,0x25,0x66,0x62,0xe6,0x57,0xee,0x40,0x54,0x46,0x13,
    0x02,0x60,0x34,0x41,0x08,0x46,0x13,0x06,0x61,0x34,0x81,0x18,0x66,0x09,0xd2,0x60,0xa0,0x65,0x60,0x03,0x31,0x00,0x03,0x32,
    0xa0,0xcc,0x00,0x41,0x03,0x96,0x3a,0x83,0x81,0x96,0x81,0x0d,0xc4,0x00,0x0c,0xc8,0x80,0x32,0x03,0x04,0x0d,0x5c,0xea,0x0c,
    0x06,0x5a,0x06,0x36,0x10,0x03,0x30,0x20,0x03,0xca,0x0c,0x10,0x34,0x80,0xa9,0x33,0x18,0x68,0x19,0xd8,0x40,0x0c,0xc0,0x80,
    0x0c,0x28,0x33,0x40,0xd0,0x40,0xa6,0xce,0x60,0xb8,0xe1,0x2e,0x6e,0x06,0x0c,0xa6,0x1b,0x0a,0x22,0x98,0x6e,0x30,0x08,0x61,
    0xba,0xe1,0x20,0x86,0x59,0x02,0x35,0x18,0x28,0x1a,0x50,0x01,0x0c,0xa0,0x34,0xe0,0xa9,0x0a,0x24,0x30,0x7a,0xd0,0xd0,0x81,
    0xe3,0x05,0x8f,0xa7,0xba,0x81,0xa2,0x01,0x15,0xc0,0x00,0x49,0x03,0x9f,0xaa,0x40,0x02,0xa3,0x07,0x0d,0x1d,0x38,0x5e,0xf0,
    0x7c,0xaa,0x1b,0x28,0x1a,0x50,0x01,0x0c,0x90,0x34,0x00,0xab,0x0a,0x24,0x30,0x7a,0xd0,0xd0,0x81,0xe3,0x05,0x0f,0xac,0xba,
    0x81,0xa2,0x01,0x15,0xc0,0x00,0x49,0x03,0xb0,0xaa,0x40,0x02,0xa3,0x07,0x0d,0x1d,0x38,0x5e,0xf0,0xc4,0xaa,0x1b,0x6e,0xa8,
    0x0d,0x91,0x01,0x83,0x0a,0xcc,0x41,0x67,0x19,0xd6,0x80,0x0d,0x02,0x53,0x8b,0x7a,0x81,0xc1,0x88,0xc1,0x01,0x80,0x20,0x18,
    0x6c,0x68,0x23,0x2f,0xa3,0x12,0x8c,0x26,0x04,0x80,0x05,0xbc,0x21,0x9f,0xd1,0x84,0x21,0x30,0x21,0x80,0xcf,0x88,0xc1,0x01,
    0x80,0x20,0x18,0x34,0x72,0x93,0x2f,0x81,0xae,0x8c,0x18,0x1c,0x00,0x08,0x82,0x41,0x33,0x37,0xfb,0x12,0xe8,0x8a,0x05,0x8e,
    0x7c,0x4c,0x70,0xe4,0x63,0x83,0x23,0x1f,0x23,0x1c,0xf9,0xcc,0x12,0xb0,0xc1,0x40,0xc5,0x80,0xac,0x01,0x19,0xa8,0xc1,0x40,
    0xc5,0x80,0xac,0x01,0x19,0xa8,0xc1,0x40,0xc5,0x80,0xac,0x01,0x19,0xa8,0xc1,0x40,0xc5,0x80,0xac,0x01,0x19,0xa8,0xc1,0x70,
    0xc3,0x79,0xe8,0x0b,0x18,0x54,0x80,0x16,0x3a,0xdc,0x80,0x1e,0xfc,0x02,0x06,0x15,0xa8,0x85,0x0e,0x37,0xb8,0x06,0xde,0x80,
    0xc1,0x2c,0x43,0x1d,0xb4,0x41,0x30,0xdc,0xf0,0x1a,0x7a,0x03,0x06,0xb3,0x0c,0x6e,0xf0,0x06,0x81,0x29,0xf9,0x21,0x1f,0x53,
    0xf2,0x43,0x3e,0xa6,0xe4,0x87,0x7c,0x4c,0xc9,0x0f,0xf9,0x4c,0x37,0x10,0xfd,0x91,0x4c,0x37,0x10,0xfd,0xa1,0x4c,0x37,0x10,
    0xfd,0xb1,0x4c,0x37,0x10,0xfd,0xc1,0xcc,0x12,0xd4,0xc1,0x70,0x03,0x6e,0xfc,0x0d,0x18,0xcc,0x32,0xd4,0x01,0x1c,0x04,0xc3,
    0x0d,0xb9,0xe1,0x37,0x60,0x30,0xcb,0x10,0x07,0x72,0x10,0x8c,0x18,0x1c,0x00,0x08,0x82,0xc1,0x76,0x3a,0x31,0x23,0x2e,0xa0,
    0x33,0x9a,0x10,0x00,0xa3,0x09,0x42,0x30,0x9a,0x30,0x08,0xa3,0x09,0xc4,0x30,0x4b,0x50,0x07,0xc3,0x0d,0xbf,0x31,0x3a,0x60,
    0x30,0xcb,0x50,0x07,0x73,0x10,0x0c,0x37,0x80,0xc7,0xe8,0x80,0xc1,0x2c,0x43,0x1d,0xd0,0x41,0x30,0xdc,0x10,0x1e,0xa9,0x03,
    0x06,0xd3,0x0d,0xae,0xb1,0x22,0xc1,0x74,0x83,0x6b,0xac,0x88,0x30,0xdd,0xe0,0x1a,0x2b,0x32,0x4c,0x37,0xb8,0xc6,0x8a,0x10,
    0xb3,0x04,0x75,0x30,0xd0,0x33,0x58,0x71,0xe0,0x46,0x6c,0x40,0x06,0x6e,0x00,0x0a,0x6f,0x60,0x46,0x72,0x60,0x43,0x73,0x80,
    0xd0,0xc1,0x40,0xcf,0x60,0xc5,0x81,0x1b,0xb1,0x01,0x19,0xb8,0x01,0x28,0xbc,0x81,0x19,0xc9,0x81,0x0d,0xcd,0x01,0x42,0x07,
    0x03,0x3d,0x83,0x15,0x07,0x6e,0xc4,0x06,0x64,0xe0,0x06,0xa0,0xf0,0x06,0x66,0x24,0x07,0x36,0x34,0x07,0x08,0x1d,0x0c,0xf4,
    0x0c,0x56,0x1c,0xb8,0x11,0x1b,0x90,0x81,0x1b,0x80,0xc2,0x1b,0x98,0x91,0x1c,0xd8,0xd0,0x1c,0x20,0x74,0x50,0xe9,0xe1,0x33,
    0x3a,0xdc,0x10,0xd4,0x0e,0x18,0xcc,0x32,0xdc,0x81,0x1d,0x04,0x56,0x32,0x46,0x7c,0xcc,0x64,0x8c,0xf8,0xd8,0xc9,0x18,0xf1,
    0x31,0x94,0x31,0xe2,0x33,0x4b,0x70,0x07,0x03,0x15,0x03,0x62,0x07,0x54,0x1d,0x0c,0x54,0x0c,0x88,0x1d,0x50,0x75,0x30,0x50,
    0x31,0x20,0x76,0x40,0xd5,0xc1,0x40,0xc5,0x80,0xd8,0x01,0x55,0x07,0x35,0x1f,0x66,0xa3,0xc3,0x0d,0xc1,0xef,0x84,0xc1,0x74,
    0xc3,0x60,0x04,0xd3,0x0d,0x84,0x21,0x4c,0x37,0x14,0xc6,0x30,0xdc,0x60,0x1f,0xe3,0x03,0x06,0xb3,0x0c,0xa0,0x80,0x07,0xc1,
    0x70,0xc3,0x7d,0x94,0x0f,0x18,0xcc,0x32,0xe4,0x81,0x1e,0x04,0x56,0x07,0x64,0x22,0x1f,0xab,0x03,0x32,0x91,0x8f,0xd5,0x01,
    0x99,0xc8,0xc7,0xea,0x80,0x4c,0xe4,0x33,0xdd,0x40,0xa0,0x09,0x1d,0x4c,0x37,0x10,0x68,0x52,0x07,0xd3,0x0d,0x04,0x9a,0xd8,
    0xc1,0x74,0x03,0x81,0x26,0x77,0x30,0x4b,0x00,0x0a,0xc3,0x0d,0x20,0xa2,0x3e,0x60,0x30,0xcb,0x00,0x0a,0x7b,0x10,0x0c,0x37,
    0x84,0x48,0xfa,0x80,0xc1,0x2c,0x03,0x1f,0xf4,0x41,0x30,0x62,0x70,0x00,0x20,0x08,0x06,0x9b,0xfc,0xf0,0x4d,0xcb,0xac,0xcf,
    0x68,0x42,0x00,0x8c,0x26,0x08,0xc1,0x68,0xc2,0x20,0x8c,0x26,0x10,0xc3,0x2c,0x01,0x28,0x0c,0x37,0x9c,0x88,0xfb,0x80,0xc1,
    0x2c,0x03,0x28,0xf8,0x41,0x30,0xdc,0x80,0x22,0xee,0x03,0x06,0xb3,0x0c,0xa0,0xf0,0x07,0xc1,0x70,0x43,0x8a,0xd0,0x0f,0x18,
    0x4c,0x37,0xe4,0x87,0x9d,0x04,0xd3,0x0d,0xf9,0x61,0x27,0xc2,0x74,0x43,0x7e,0xd8,0xc9,0x30,0xdd,0x90,0x1f,0x76,0x42,0xcc,
    0x12,0x80,0xc2,0x40,0xcf,0x60,0xf1,0x01,0x49,0xdd,0x01,0x19,0xe4,0x81,0x4d,0xe8,0x01,0x3f,0xf5,0x01,0x3b,0xf9,0x01,0xf2,
    0x07,0x03,0x3d,0x83,0xc5,0x07,0x24,0x75,0x07,0x64,0x90,0x07,0x36,0xa1,0x07,0xfc,0xd4,0x07,0xec,0xe4,0x07,0xc8,0x1f,0x0c,
    0xf4,0x0c,0x16,0x1f,0x90,0xd4,0x1d,0x90,0x41,0x1e,0xd8,0x84,0x1e,0xf0,0x53,0x1f,0xb0,0x93,0x1f,0x20,0x7f,0x30,0xd0,0x33,
    0x58,0x7c,0x40,0x52,0x77,0x40,0x06,0x79,0x60,0x13,0x7a,0xc0,0x4f,0x7d,0xc0,0x4e,0x7e,0x80,0xfc,0x41,0xc5,0x48,0xea,0xe8,
    0x70,0x43,0x00,0x42,0x60,0x30,0xcb,0x20,0x0a,0xa1,0x10,0x18,0xdc,0x18,0xf1,0xb1,0xb8,0x31,0xe2,0x63,0x72,0x63,0xc4,0xc7,
    0xe6,0xc6,0x88,0xcf,0x2c,0x81,0x28,0x0c,0x54,0x0c,0x48,0x28,0x50,0xa0,0x30,0x50,0x31,0x20,0xa1,0x40,0x81,0xc2,0x40,0xc5,
    0x80,0x84,0x02,0x05,0x0a,0x03,0x15,0x03,0x12,0x0a,0x14,0x28,0xd4,0x8e,0xc4,0x8e,0x0e,0x37,0x04,0x2a,0x14,0x06,0xd3,0x0d,
    0x83,0x11,0x4c,0x37,0x10,0x86,0x30,0xdd,0x50,0x18,0xc3,0x70,0xc3,0x99,0xb8,0x10,0x18,0xcc,0x32,0xac,0xc2,0x28,0x04,0xc3,
    0x0d,0x68,0x02,0x43,0x60,0x30,0xcb,0x40,0x0a,0xa5,0x10,0x18,0x38,0xbc,0x8a,0x7c,0x0c,0x1c,0x5e,0x45,0x3e,0x06,0x0e,0xaf,
    0x22,0x1f,0x03,0x87,0x57,0x91,0xcf,0x74,0x03,0x31,0x2b,0xbf,0x30,0xdd,0x40,0xcc,0x0a,0x38,0x4c,0x37,0x10,0xb3,0x12,0x0e,
    0xd3,0x0d,0xc4,0xac,0x88,0xc3,0x2c,0xc1,0x2a,0x0c,0x37,0xc4,0x49,0x0d,0x81,0xc1,0x2c,0xc3,0x2a,0x98,0x42,0x30,0xdc,0x20,
    0x27,0x34,0x04,0x06,0xb3,0x0c,0xa7,0x80,0x0a,0xc1,0x88,0xc1,0x01,0x80,0x20,0x18,0x6c,0x3d,0x74,0x3e,0x78,0x63,0x43,0xa3,
    0x09,0x01,0x30,0x9a,0x20,0x04,0xa3,0x09,0x83,0x30,0x9a,0x40,0x0c,0xb3,0x04,0xab,0x30,0xdc,0x80,0x27,0x39,0x04,0x06,0xb3,
    0x0c,0xab,0x90,0x0a,0xc1,0x70,0x43,0x9e,0xe4,0x10,0x18,0xcc,0x32,0xac,0x82,0x2a,0x04,0xc3,0x0d,0x7a,0xf2,0x43,0x60,0x30,
    0xdd,0x40,0x26,0xe1,0x12,0x4c,0x37,0x90,0x49,0xb8,0x08,0xd3,0x0d,0x64,0x12,0x2e,0xc3,0x74,0x03,0x99,0x84,0x0b,0x31,0x4b,
    0xb0,0x0a,0x03,0x3d,0x83,0x75,0x0a,0xba,0x25,0x0a,0x64,0x40,0x0a,0xec,0x51,0x0a,0xb2,0x85,0x0a,0xa2,0x95,0x0a,0x88,0x2a,
    0x0c,0xf4,0x0c,0xd6,0x29,0xe8,0x96,0x28,0x90,0x01,0x29,0xb0,0x47,0x29,0xc8,0x16,0x2a,0x88,0x56,0x2a,0x20,0xaa,0x30,0xd0,
    0x33,0x58,0xa7,0xa0,0x5b,0xa2,0x40,0x06,0xa4,0xc0,0x1e,0xa5,0x20,0x5b,0xa8,0x20,0x5a,0xa9,0x80,0xa8,0xc2,0x40,0xcf,0x60,
    0x9d,0x82,0x6e,0x89,0x02,0x19,0x90,0x02,0x7b,0x94,0x82,0x6c,0xa1,0x82,0x68,0xa5,0x02,0xa2,0x0a,0x25,0x2a,0xf4,0xa3,0xc3,
    0x0d,0xc1,0x1a,0x81,0xc1,0x2c,0x43,0x2b,0xb0,0x42,0x60,0xbb,0x63,0xc4,0xc7,0x78,0xc7,0x88,0x8f,0xf5,0x8e,0x11,0x1f,0xf3,
    0x1d,0x23,0x3e,0xb3,0x04,0xad,0x30,0x50,0x31,0x20,0xac,0x40,0xad,0xc2,0x40,0xc5,0x80,0xb0,0x02,0xb5,0x0a,0x03,0x15,0x03,
    0xc2,0x0a,0xd4,0x2a,0x0c,0x54,0x0c,0x08,0x2b,0x50,0xab,0x50,0xac,0xc2,0x3f,0x3a,0xdc,0x10,0xd4,0x51,0x18,0x4c,0x37,0x0c,
    0x46,0x30,0xdd,0x40,0x18,0xc2,0x74,0x43,0x61,0x0c,0xc3,0x0d,0xa4,0x92,0x47,0x60,0x30,0xcb,0x60,0x0b,0xae,0x10,0x0c,0x37,
    0x94,0xca,0x1e,0x81,0xc1,0x2c,0xc3,0x2b,0xc0,0x42,0x60,0x2b,0xa1,0x2f,0xf2,0xb1,0x95,0xd0,0x17,0xf9,0xd8,0x4a,0xe8,0x8b,
    0x7c,0x6c,0x25,0xf4,0x45,0x3e,0xd3,0x0d,0x84,0xbf,0xa0,0xc4,0x74,0x03,0xe1,0x2f,0x29,0x31,0xdd,0x40,0xf8,0x8b,0x4a,0x4c,
    0x37,0x10,0xfe,0xb2,0x12,0xb3,0x04,0xb6,0x30,0xdc,0xe0,0x2a,0xa0,0x04,0x06,0xb3,0x0c,0xb6,0x10,0x0b,0xc1,0x70,0xc3,0xab,
    0xfc,0x11,0x18,0xcc,0x32,0xc8,0xc2,0x2c,0x04,0x23,0x06,0x07,0x00,0x82,0x60,0xb0,0xa1,0x92,0x0c,0x8d,0x4f,0x28,0x8d,0x26,
    0x04,0xc0,0x68,0x82,0x10,0x8c,0x26,0x0c,0xc2,0x68,0x02,0x31,0xcc,0x12,0xd8,0xc2,0x70,0x43,0xad,0x90,0x12,0x18,0xcc,0x32,
    0xd8,0x02,0x2d,0x04,0xc3,0x0d,0xb6,0x42,0x4a,0x60,0x30,0xcb,0x60,0x0b,0xb5,0x10,0x0c,0x37,0xdc,0x8a,0x2a,0x81,0xc1,0x74,
    0xc3,0xab,0xb0,0x4c,0x30,0xdd,0xf0,0x2a,0x2c,0x23,0x4c,0x37,0xbc,0x0a,0xcb,0x0c,0xd3,0x0d,0xaf,0xc2,0x32,0xc4,0x2c,0x81,
    0x2d,0x0c,0xf4,0x0c,0x96,0x2c,0xc0,0x59,0x2b,0x90,0xc1,0x2b,0x88,0x0a,0x2c,0xa0,0xd9,0x2c,0xe0,0x18,0x2d,0x20,0xb5,0x30,
    0xd0,0x33,0x58,0xb2,0x00,0x67,0xad,0x40,0x06,0xaf,0x20,0x2a,0xb0,0x80,0x66,0xb3,0x80,0x63,0xb4,0x80,0xd4,0xc2,0x40,0xcf,
    0x60,0xc9,0x02,0x9c,0xb5,0x02,0x19,0xbc,0x82,0xa8,0xc0,0x02,0x9a,0xcd,0x02,0x8e,0xd1,0x02,0x52,0x0b,0x03,0x3d,0x83,0x25,
    0x0b,0x70,0xd6,0x0a,0x64,0xf0,0x0a,0xa2,0x02,0x0b,0x68,0x36,0x0b,0x38,0x46,0x0b,0x48,0x2d,0xd4,0xaf,0xfc,0x90,0x0e,0x37,
    0x04,0xb6,0x04,0x06,0xb3,0x0c,0xb8,0x70,0x0b,0x81,0x99,0x90,0x11,0x1f,0x3b,0x21,0x23,0x3e,0x86,0x42,0x46,0x7c,0x2c,0x85,
    0x8c,0xf8,0xcc,0x12,0xe0,0xc2,0x40,0xc5,0x80,0xdc,0x02,0x65,0x0b,0x03,0x15,0x03,0x72,0x0b,0x94,0x2d,0x0c,0x54,0x0c,0xc8,
    0x2d,0x50,0xb6,0x30,0x50,0x31,0x20,0xb7,0x40,0xd9,0x42,0xa5,0xcb,0x19,0xe9,0x70,0x43,0x00,0x4e,0x61,0x30,0xdd,0x30,0x18,
    0xc1,0x74,0x03,0x61,0x08,0xd3,0x0d,0x85,0x31,0x0c,0x37,0xb0,0x0b,0x39,0x81,0xc1,0x2c,0x43,0x38,0xe4,0x42,0x30,0xdc,0xd0,
    0x2e,0xe6,0x04,0x06,0xb3,0x0c,0xba,0xb0,0x0b,0x81,0xd9,0x45,0xd9,0xc8,0xc7,0xec,0xa2,0x6c,0xe4,0x63,0x76,0x51,0x36,0xf2,
    0x31,0xbb,0x28,0x1b,0xf9,0x4c,0x37,0x10,0x69,0x33,0x17,0xd3,0x0d,0x44,0xda,0xd0,0xc5,0x74,0x03,0x91,0x36,0x75,0x31,0xdd,
    0x40,0xa4,0x8d,0x5d,0xcc,0x12,0x84,0xc3,0x70,0x83,0xbd,0xac,0x13,0x18,0xcc,0x32,0x84,0x03,0x2f,0x04,0xc3,0x0d,0xf7,0xa2,
    0x4e,0x60,0x30,0xcb,0xd0,0x0b,0xbe,0x10,0x8c,0x18,0x1c,0x00,0x08,0x82,0xc1,0x36,0x4f,0x7d,0xe4,0x42,0xec,0x34,0x9a,0x10,
    0x00,0xa3,0x09,0x42,0x30,0x9a,0x30,0x08,0xa3,0x09,0xc4,0x30,0x4b,0x10,0x0e,0xc3,0x0d,0xfd,0xf2,0x4e,0x60,0x30,0xcb,0x10,
    0x0e,0xbf,0x10,0x0c,0x37,0xf8,0xcb,0x3b,0x81,0xc1,0x2c,0x43,0x38,0x80,0x43,0x30,0xdc,0xf0,0x2f,0xf5,0x04,0x06,0xd3,0x0d,
    0xfa,0x72,0x37,0xc1,0x74,0x83,0xbe,0xdc,0x8d,0x30,0xdd,0xa0,0x2f,0x77,0x33,0x4c,0x37,0xe8,0xcb,0xdd,0x10,0xb3,0x04,0xe1,
    0x30,0xd0,0x33,0x58,0xbd,0x60,0x72,0xb8,0x40,0x06,0xba,0x80,0x33,0xbb,0xe0,0x6f,0xbe,0xe0,0x6e,0xbf,0x80,0x80,0xc3,0x40,
    0xcf,0x60,0xf5,0x82,0xc9,0xe1,0x02,0x19,0xe8,0x02,0xce,0xec,0x82,0xbf,0xf9,0x82,0xbb,0xfd,0x02,0x02,0x0e,0x03,0x3d,0x83,
    0xd5,0x0b,0x26,0x87,0x0b,0x64,0xa0,0x0b,0x38,0xb3,0x0b,0xfe,0xe6,0x0b,0xee,0xf6,0x0b,0x08,0x38,0x0c,0xf4,0x0c,0x56,0x2f,
    0x98,0x1c,0x2e,0x90,0x81,0x2e,0xe0,0xcc,0x2e,0xf8,0x9b,0x2f,0xb8,0xdb,0x2f,0x20,0xe0,0x50,0x27,0xa3,0x4a,0x3a,0xdc,0x10,
    0x84,0x14,0x18,0xcc,0x32,0x8c,0x83,0x38,0x04,0x16,0x47,0x46,0x7c,0x4c,0x8e,0x8c,0xf8,0xd8,0x1c,0x19,0xf1,0x31,0x3a,0x32,
    0xe2,0x33,0x4b,0x30,0x0e,0x03,0x15,0x03,0x22,0x0e,0x54,0x38,0x0c,0x54,0x0c,0x88,0x38,0x50,0xe1,0x30,0x50,0x31,0x20,0xe2,
    0x40,0x85,0xc3,0x40,0xc5,0x80,0x88,0x03,0x15,0x0e,0x15,0x33,0xb2,0xa4,0xc3,0x0d,0xc1,0x4a,0x85,0xc1,0x74,0xc3,0x60,0x04,
    0xd3,0x0d,0x84,0x21,0x4c,0x37,0x14,0xc6,0x30,0xdc,0xc0,0x33,0x2f,0x05,0x06,0xb3,0x0c,0xec,0x40,0x0e,0xc1,0x70,0x43,0xcf,
    0xc4,0x14,0x18,0xcc,0x32,0x94,0x83,0x39,0x04,0xe6,0x1b,0xad,0x23,0x9f,0xe9,0x86,0xc0,0x75,0x76,0x63,0x96,0x80,0x1d,0x86,
    0x1b,0xc0,0x06,0xa6,0xc0,0x60,0x96,0x81,0x1d,0xce,0x21,0x18,0x6e,0x08,0x9b,0x97,0x02,0x83,0x59,0x06,0x74,0x48,0x87,0x60,
    0xc4,0xe0,0x00,0x40,0x10,0x0c,0x36,0x9c,0x12,0xa7,0x39,0x8a,0xa9,0xd1,0x84,0x60,0x98,0x25,0x60,0x87,0xe1,0x06,0xb2,0x89,
    0x29,0x30,0x98,0x65,0x60,0x07,0x75,0x08,0x86,0x1b,0xca,0x26,0xa6,0xc0,0x60,0x96,0x81,0x1d,0xd6,0x21,0x18,0x6e,0x30,0x9b,
    0x9b,0x02,0x83,0xe9,0x86,0x9c,0xb1,0x9d,0x60,0x96,0x80,0x1d,0x06,0x7a,0x06,0x05,0x1d,0xfc,0x6e,0x1c,0xa4,0x72,0x80,0x1d,
    0x73,0xb0,0xbb,0x74,0x30,0x3b,0x75,0x10,0xd6,0xa1,0xd4,0x66,0xa7,0x74,0xb8,0x21,0xe8,0xa9,0x30,0xb0,0x56,0x1a,0xe2,0x33,
    0xdd,0x10,0x10,0xc2,0x74,0xc3,0xee,0xfc,0x0e,0xdc,0x4c,0x37,0xec,0xce,0xef,0xc4,0xcd,0x74,0xc3,0xee,0xfc,0x8e,0xdc,0x4c,
    0x37,0xec,0xce,0xef,0xcc,0xcd,0x70,0xc3,0xe8,0xd8,0x13,0x18,0xcc,0x32,0xb4,0x03,0x4c,0x04,0xf5,0x33,0x3f,0x85,0x15,0xf0,
    0x94,0x0e,0x37,0x04,0x3a,0x05,0x06,0xb3,0x0c,0xef,0xe0,0x0e,0x41,0x89,0x8d,0x4f,0xe9,0x70,0xc3,0xb0,0x53,0x60,0x30,0xdd,
    0x80,0x56,0x44,0x30,0xdd,0x40,0x56,0x83,0x30,0x4b,0xf0,0x0e,0x03,0x15,0x84,0xaa,0x06,0xed,0x40,0xb8,0xc3,0x40,0x05,0x61,
    0xab,0x41,0x3b,0x10,0xee,0x30,0xdc,0x20,0xbc,0x15,0x18,0xcc,0x32,0xfc,0x03,0x3c,0x04,0xc3,0x0d,0x03,0x5b,0x81,0xc1,0x2c,
    0xc3,0x3f,0xc4,0x43,0x30,0xdc,0x40,0xac,0x15,0x18,0xcc,0x32,0xfc,0x83,0x3c,0x04,0xc3,0x0d,0xc5,0x5a,0x81,0xc1,0x2c,0xc3,
    0x3c,0xd0,0x43,0x60,0xe1,0x24,0x22,0xf1,0x31,0x71,0x12,0x91,0xf8,0xd8,0x38,0x89,0x48,0x7c,0x8c,0x9c,0x44,0x24,0x3e,0xb3,
    0x04,0xff,0x30,0xdc,0xa0,0xbc,0x15,0x18,0x0c,0x37,0x2c,0x6a,0x05,0x06,0x25,0x04,0x3b,0xcb,0xf0,0x0f,0xf5,0x10,0x0c,0x37,
    0x34,0x77,0x05,0x06,0xb3,0x0c,0xf6,0x70,0x0f,0x81,0xa5,0xd3,0x89,0xc4,0x67,0x96,0xe0,0x1f,0x86,0x1b,0x9e,0xb9,0x02,0x83,
    0x59,0x86,0x7f,0xc0,0x87,0x60,0xb8,0x01,0xda,0x2b,0x30,0x98,0x65,0xc8,0x07,0x7d,0x08,0x8c,0x9d,0xf2,0x27,0x3e,0xb3,0x04,
    0xff,0x30,0xdc,0x20,0xe9,0x15,0x18,0xcc,0x32,0xfc,0xc3,0x3e,0x04,0xc3,0x0d,0x13,0x5d,0x81,0xc1,0x2c,0x03,0x3f,0xf4,0x43,
    0x60,0xef,0xf4,0x3f,0xf1,0x31,0x78,0xfa,0x9f,0xf8,0x58,0x3c,0xfd,0x4f,0x7c,0x4c,0x9e,0xfe,0x27,0x3e,0xb3,0x04,0xff,0x30,
    0xdc,0x80,0xe1,0x15,0x18,0xcc,0x32,0xf8,0xc3,0x3f,0x04,0x46,0x4f,0x21,0x14,0x9f,0x11,0x83,0x03,0x00,0x41,0x30,0x68,0x5c,
    0xcb,0xa6,0x66,0x24,0x98,0x25,0xf8,0x87,0x81,0xb2,0x41,0x0d,0xe6,0x41,0xb3,0x07,0x2a,0x1f,0x1c,0x7e,0x10,0xfc,0xc1,0x3d,
    0x83,0x77,0x60,0xcf,0x00,0x1e,0xdc,0x28,0x1e,0x58,0x30,0xd0,0x07,0xf7,0x0c,0xfa,0x01,0x8d,0xe8,0xc1,0x04,0x83,0x7b,0x18,
    0x28,0x1b,0xd4,0x60,0x1e,0x38,0x7b,0xb0,0xf2,0xc1,0xe1,0x07,0xc2,0x1f,0xe0,0x33,0x78,0x07,0xf7,0x0c,0xe0,0xc1,0x8d,0xe2,
    0x81,0x05,0x03,0x7d,0x80,0xcf,0xa0,0x1f,0xd4,0x88,0x1e,0x50,0x30,0xb8,0x87,0x81,0xb2,0x41,0x0d,0xe6,0xc1,0xb3,0x07,0x2c,
    0x1f,0x1c,0x7e,0x30,0xfc,0x41,0x3e,0x83,0x77,0x80,0xcf,0x00,0x1e,0xdc,0x28,0x1e,0x58,0x30,0xd0,0x07,0xf9,0x0c,0xfa,0x81,
    0x8d,0xe8,0x41,0x05,0x83,0x7b,0x18,0x28,0x1b,0xd4,0x60,0x1e,0xc0,0xc0,0x1e,0xb4,0x7c,0x70,0xf8,0x41,0x3e,0x03,0x7f,0xa0,
    0xcf,0xe0,0x1d,0xe4,0x33,0x80,0x07,0x37,0x8a,0x07,0x16,0x0c,0xf4,0x81,0x3e,0x83,0x7e,0x70,0x23,0x7a,0x60,0xc1,0xe0,0x1e,
    0x8c,0xd8,0x11,0xf9,0x18,0xb1,0x23,0xf2,0x31,0x62,0x47,0xe4,0x63,0xc4,0x8e,0xc8,0x67,0xb8,0x41,0x0c,0x60,0x0b,0x0c,0x66,
    0x19,0x5e,0x02,0x24,0x82,0xe1,0x86,0x31,0x68,0x2d,0x30,0x98,0x65,0x78,0x89,0x90,0x08,0x86,0x1b,0xc8,0x80,0xb5,0xc0,0x60,
    0x96,0xe1,0x25,0x44,0x22,0x18,0x6e,0x28,0x03,0xd6,0x02,0x83,0x59,0x86,0x91,0x20,0x89,0xc0,0x44,0x6a,0x4c,0xe2,0x63,0x23,
    0x35,0x26,0xf1,0x31,0x92,0x1a,0x93,0xf8,0x58,0x49,0x8d,0x49,0x7c,0x66,0x09,0x5e,0x62,0xb8,0x41,0x0d,0x60,0x0b,0x0c,0x86,
    0x1b,0xd6,0x60,0xb5,0xc0,0xa0,0x84,0x60,0x67,0x19,0x5e,0xa2,0x24,0x82,0xe1,0x86,0x36,0xc0,0x2d,0x30,0x18,0x6e,0x70,0x83,
    0xd6,0x02,0x83,0x12,0x82,0x9d,0x65,0x30,0x89,0x93,0x08,0x8c,0xa5,0xd4,0x24,0x3e,0xb3,0x04,0x2f,0x31,0xdc,0x10,0x07,0xb6,
    0x05,0x06,0xb3,0x0c,0x2f,0x81,0x12,0xc1,0x70,0x83,0x1c,0xf8,0x16,0x18,0xcc,0x32,0xa4,0x84,0x4a,0x04,0xf6,0x52,0x3c,0x14,
    0x9f,0x59,0x82,0x97,0x18,0x6e,0xa0,0x83,0xde,0x02,0x83,0x59,0x86,0x97,0x58,0x89,0x60,0xb8,0xa1,0x0e,0x6e,0x0b,0x0c,0x66,
    0x19,0x58,0xa2,0x25,0x02,0x93,0x29,0x31,0x8a,0x8f,0xcd,0x94,0x18,0xc5,0xc7,0x68,0x4a,0x8c,0xe2,0x63,0x35,0x25,0x46,0xf1,
    0x99,0x25,0x78,0x89,0xe1,0x06,0x3d,0xd8,0x2d,0x30,0x98,0x65,0x70,0x89,0x97,0x08,0xec,0xa6,0xc8,0x28,0x3e,0x23,0x06,0x07,
    0x00,0x82,0x60,0xd0,0xc4,0x57,0x5e,0xd9,0x49,0x30,0x4b,0xf0,0x12,0x03,0x65,0x83,0x1b,0x8c,0x84,0x66,0x12,0x54,0x4a,0x38,
    0x2c,0x21,0xb8,0x04,0x9d,0x06,0xff,0x20,0xa7,0x01,0x48,0xd0,0x53,0x48,0xc8,0x62,0xa0,0x12,0x74,0x1a,0xb4,0x84,0x3b,0x91,
    0x04,0x2b,0x06,0x27,0x31,0x50,0x36,0xb8,0xc1,0x48,0x70,0x26,0x61,0xa5,0x84,0xc3,0x12,0x84,0x4b,0xd8,0x69,0xf0,0x0f,0x74,
    0x1a,0x80,0x04,0x3d,0x85,0x84,0x2c,0x06,0x2a,0x61,0xa7,0x41,0x4b,0xc0,0x13,0x49,0xb8,0x62,0x70,0x12,0x03,0x65,0x83,0x1b,
    0x8c,0x84,0x67,0x12,0x58,0x4a,0x38,0x2c,0x61,0xb8,0x04,0x9e,0x06,0xff,0x60,0xa7,0x01,0x48,0xd0,0x53,0x48,0xc8,0x62,0xa0,
    0x12,0x78,0x1a,0xb4,0x84,0x3c,0x91,0x04,0x2c,0x06,0x27,0x31,0x50,0x36,0xb8,0xc1,0x48,0x80,0x81,0x49,0x68,0x29,0xe1,0xb0,
    0x04,0x9e,0x06,0x2e,0xa1,0xa7,0xc1,0x3f,0xe0,0x69,0x00,0x12,0xf4,0x14,0x12,0xb2,0x18,0xa8,0x84,0x9e,0x06,0x2d,0x41,0x4f,
    0x24,0x21,0x8b,0xc1,0x49,0x18,0xd1,0x46,0xf2,0x31,0xa2,0x8d,0xe4,0x63,0x44,0x1b,0xc9,0xc7,0x88,0x36,0x92,0x8f,0x11,0x67,
    0x00,0x1f,0x23,0xce,0x00,0x3e,0x46,0x9c,0x01,0x7c,0x8c,0x38,0x03,0xf8,0x8c,0x18,0x1c,0x00,0x08,0x82,0x41,0xe3,0x5f,0xa5,
    0x45,0x98,0xd5,0x88,0xc1,0x01,0x80,0x20,0x18,0x34,0xff,0x65,0x5a,0xc4,0x59,0x8d,0x18,0x1c,0x00,0x08,0x82,0x41,0x03,0x62,
    0xa7,0x45,0xa0,0xd5,0x88,0xc1,0x01,0x80,0x20,0x18,0x34,0x21,0x86,0x5a,0x44,0x5a,0x8d,0x18,0x1c,0x00,0x08,0x82,0x41,0x23,
    0x62,0xaa,0x45,0xa4,0xd5,0x88,0xc1,0x01,0x80,0x20,0x18,0x34,0x23,0xb6,0x5a,0x84,0x5a,0x8d,0x18,0x1c,0x00,0x08,0x82,0x41,
    0x43,0x62,0xac,0x45,0xac,0xd5,0x88,0xc1,0x01,0x80,0x20,0x18,0x34,0x25,0xd6,0x5a,0x04,0x5b,0xcd,0x12,0xf0,0xc5,0x70,0x43,
    0x0f,0xed,0x17,0x18,0xcc,0x32,0xf0,0x45,0x4c,0x04,0xc3,0x0d,0x3e,0xa4,0x5f,0x60,0x30,0xcb,0xc0,0x17,0x32,0x11,0x0c,0x37,
    0xfc,0x90,0x7e,0x81,0xc1,0x2c,0xc3,0x4c,0xd0,0x44,0x60,0xf6,0x11,0x26,0xf2,0x31,0xfb,0x08,0x13,0xf9,0x98,0x7d,0x84,0x89,
    0x7c,0x8c,0x3f,0xce,0x44,0x3e,0xb3,0x04,0x7c,0x31,0xdc,0x40,0x46,0xfe,0x05,0x06,0xb3,0x0c,0x35,0x61,0x13,0x81,0xed,0x87,
    0x99,0xc8,0xc7,0xf6,0xc3,0x4c,0xe4,0x63,0xfb,0x61,0x26,0xf2,0xb1,0x10,0x61,0x13,0xf9,0x18,0xd1,0x57,0xf2,0x31,0xc2,0xaf,
    0xe4,0x63,0xc4,0x5f,0xc9,0xc7,0x08,0xd0,0x92,0xcf,0x88,0xc1,0x01,0x80,0x20,0x18,0x34,0x36,0xd6,0x5b,0x84,0x5f,0x8d,0x18,
    0x1c,0x00,0x08,0x82,0x41,0x73,0x63,0xbe,0x45,0xfc,0xd5,0x88,0xc1,0x01,0x80,0x20,0x18,0x34,0x38,0xf6,0x5b,0x04,0x68,0x8d,
    0x18,0x1c,0x00,0x08,0x82,0x41,0x93,0x63,0xe0,0x45,0x84,0xd6,0x88,0xc1,0x01,0x80,0x20,0x18,0x34,0x3a,0x26,0x5e,0x44,0x68,
    0x8d,0x18,0x1c,0x00,0x08,0x82,0x41,0xb3,0x63,0xe3,0x45,0x88,0xd6,0x88,0xc1,0x01,0x80,0x20,0x18,0x34,0x3c,0x46,0x5e,0xc4,
    0x68,0x8d,0x18,0x1c,0x00,0x08,0x82,0x41,0xd3,0x63,0xe5,0x45,0x90,0xd6,0x2c,0x01,0x5f,0x0c,0x37,0xd4,0x11,0x8d,0x81,0xc1,
    0x2c,0xc3,0x4d,0xe0,0x44,0x60,0x2c,0x72,0x27,0xf2,0x31,0x16,0xb9,0x13,0xf9,0x18,0x8b,0xdc,0x89,0x7c,0x4c,0x46,0xfa,0x44,
    0x3e,0x46,0xbc,0x96,0x7c,0x8c,0x80,0x2d,0xf9,0x18,0x11,0x5b,0xf2,0x31,0x42,0xb6,0xe4,0x33,0x62,0x70,0x00,0x20,0x08,0x06,
    0xcd,0x99,0xb9,0x17,0xf1,0x5a,0x23,0x06,0x07,0x00,0x82,0x60,0xd0,0xa0,0xd9,0x7b,0x11,0xb0,0x35,0x62,0x70,0x00,0x20,0x08,
    0x06,0x4d,0x9a,0xc1,0x17,0x11,0x5b,0x23,0x06,0x07,0x00,0x82,0x60,0xd0,0xa8,0x59,0x7c,0x11,0xb2,0x35,0x62,0x70,0x00,0x20,
    0x08,0x06,0xcd,0x9a,0xcd,0x17,0x21,0x5b,0x23,0x06,0x07,0x00,0x82,0x60,0xd0,0xb0,0x19,0x7d,0x11,0xb3,0x35,0x62,0x70,0x00,
    0x20,0x08,0x06,0x4d,0x9b,0xd5,0x17,0x41,0x5b,0x23,0x06,0x07,0x00,0x82,0x60,0xd0,0xb8,0x99,0x7d,0x11,0xb5,0x35,0x4b,0xc0,
    0x17,0xc3,0x0d,0xa6,0xf4,0x63,0x60,0x30,0xcb,0x90,0x13,0x3a,0x11,0x58,0x8f,0xa0,0x0a,0x7c,0xac,0x47,0x50,0x05,0x3e,0xd6,
    0x23,0xa8,0x02,0x1f,0x1b,0x13,0x57,0x81,0xcf,0x88,0xc1,0x01,0x80,0x20,0x18,0x34,0x74,0xb6,0x5f,0x04,0x6f,0x8d,0x18,0x1c,
    0x00,0x08,0x82,0x41,0x53,0x67,0xfc,0x45,0xf4,0xd6,0x88,0xc1,0x01,0x80,0x20,0x18,0x34,0x76,0xd6,0x5f,0x84,0x6f,0x8d,0x18,
    0x1c,0x00,0x08,0x82,0x41,0x73,0x67,0xfe,0x45,0xfc,0xd6,0x88,0xc1,0x01,0x80,0x20,0x18,0x34,0x78,0x06,0x62,0xc4,0x6f,0x8d,
    0x18,0x1c,0x00,0x08,0x82,0x41,0x93,0x67,0x21,0x46,0x80,0xd7,0x88,0xc1,0x01,0x80,0x20,0x18,0x34,0x7a,0x26,0x62,0x44,0x78,
    0x8d,0x18,0x1c,0x00,0x08,0x82,0x41,0xb3,0x67,0x23,0x46,0x88,0xd7,0x2c,0x01,0x5f,0x0c,0x37,0xcc,0xd2,0x9c,0x81,0xc1,0x2c,
    0xc3,0x4e,0xf0,0x44,0x60,0x6a,0x52,0x2b,0xf0,0x31,0x35,0xa9,0x15,0xf8,0x98,0x9a,0xd4,0x0a,0x7c,0x0c,0x4e,0x76,0x05,0x3e,
    0x46,0xac,0x17,0x7c,0x8c,0x60,0x2f,0xf8,0x18,0xd1,0x5e,0xf0,0x31,0xc2,0xbd,0xe0,0x33,0x62,0x70,0x00,0x20,0x08,0x06,0x4d,
    0xa9,0xb1,0x18,0xd1,0x5e,0x23,0x06,0x07,0x00,0x82,0x60,0xd0,0x98,0x5a,0x8b,0x11,0xee,0x35,0x62,0x70,0x00,0x20,0x08,0x06,
    0xcd,0xa9,0xb9,0x18,0xf1,0x5e,0x23,0x06,0x07,0x00,0x82,0x60,0xd0,0xa0,0xda,0x8b,0x11,0xf0,0x35,0x62,0x70,0x00,0x20,0x08,
    0x06,0x4d,0xaa,0xc5,0x18,0x01,0x5f,0x23,0x06,0x07,0x00,0x82,0x60,0xd0,0xa8,0x9a,0x8c,0x11,0xf1,0x35,0x62,0x70,0x00,0x20,
    0x08,0x06,0xcd,0xaa,0xcd,0x18,0x21,0x5f,0x23,0x06,0x07,0x00,0x82,0x60,0xd0,0xb0,0x1a,0x8d,0x11,0xf3,0x35,0x4b,0xc0,0x17,
    0xc3,0x0d,0xe4,0x14,0x6a,0x60,0x30,0xcb,0xd0,0x13,0x3e,0x11,0xd8,0x9e,0x98,0x0b,0x7c,0x6c,0x4f,0xcc,0x05,0x3e,0xb6,0x27,
    0xe6,0x02,0x1f,0x0b,0x15,0x76,0x81,0x8f,0x11,0xfc,0x05,0x1f,0x23,0xfa,0x0b,0x3e,0x46,0xf8,0x17,0x7c,0x8c,0xf8,0x2f,0xf8,
    0x18,0x11,0x62,0xf2,0x31,0x42,0xc4,0xe4,0x63,0xc4,0x88,0xc9,0xc7,0x08,0x12,0x93,0xcf,0x88,0xc1,0x01,0x80,0x20,0x18,0x34,
    0xba,0x16,0x66,0x84,0x88,0x8d,0x18,0x1c,0x00,0x08,0x82,0x41,0xb3,0x6b,0x62,0x46,0x8c,0xd8,0x88,0xc1,0x01,0x80,0x20,0x18,
    0x34,0xbc,0x36,0x66,0x04,0x89,0x8d,0x18,0x1c,0x00,0x08,0x82,0x41,0xd3,0x6b,0x64,0x46,0x94,0xd8,0x88,0xc1,0x01,0x80,0x20,
    0x18,0x34,0xbe,0x66,0x66,0x44,0x89,0x8d,0x18,0x1c,0x00,0x08,0x82,0x41,0xf3,0x6b,0x67,0x46,0x98,0xd8,0x88,0xc1,0x01,0x80,
    0x20,0x18,0x34,0xe0,0x86,0x66,0xc4,0x89,0x8d,0x18,0x1c,0x00,0x08,0x82,0x41,0x13,0x6e,0x69,0x46,0xa0,0xd8,0x2c,0x01,0x5f,
    0x0c,0x37,0xe4,0xd3,0xab,0x81,0xc1,0x2c,0xc3,0x4f,0x80,0x45,0x60,0xfb,0x02,0x2b,0xf1,0xb1,0x7d,0x81,0x95,0xf8,0xd8,0xbe,
    0xc0,0x4a,0x7c,0x2c,0x64,0x6c,0x25,0x3e,0x23,0x06,0x07,0x00,0x82,0x60,0xd0,0x9c,0x9b,0x9b,0x11,0x2f,0x36,0x62,0x70,0x00,
    0x20,0x08,0x06,0x0d,0xba,0xbd,0x19,0x01,0x63,0x23,0x06,0x07,0x00,0x82,0x60,0xd0,0xa4,0x1b,0x9c,0x11,0x31,0x36,0x62,0x70,
    0x00,0x20,0x08,0x06,0x8d,0xba,0xc5,0x19,0x21,0x63,0x23,0x06,0x07,0x00,0x82,0x60,0xd0,0xac,0xdb,0x9c,0x11,0x32,0x36,0x62,
    0x70,0x00,0x20,0x08,0x06,0x0d,0xbb,0xd1,0x19,0x31,0x63,0x23,0x06,0x07,0x00,0x82,0x60,0xd0,0xb4,0x5b,0x9d,0x11,0x34,0x36,
    0x62,0x70,0x00,0x20,0x08,0x06,0x8d,0xbb,0xd9,0x19,0x51,0x63,0xb3,0x04,0x7c,0x31,0xdc,0x60,0x52,0xbb,0x06,0x06,0xb3,0x0c,
    0x61,0x21,0x16,0x81,0xf5,0x0a,0xca,0xc0,0xc7,0x7a,0x05,0x65,0xe0,0x63,0xbd,0x82,0x32,0xf0,0xb1,0x71,0x71,0x19,0xf8,0x58,
    0xb8,0xb0,0x8c,0x7c,0x2c,0x5c,0x58,0x46,0x3e,0x16,0x2e,0x2c,0x23,0x1f,0x3b,0x17,0x99,0x91,0x8f,0x21,0x44,0x7c,0x0c,0x21,
    0xe2,0x63,0x08,0x11,0x1f,0x43,0x88,0xf8,0x8c,0x18,0x1c,0x00,0x08,0x82,0x41,0xc3,0x6f,0xa3,0x46,0x90,0xd9,0x88,0xc1,0x01,
    0x80,0x20,0x18,0x34,0xfd,0x46,0x6a,0x44,0x99,0x8d,0x18,0x1c,0x00,0x08,0x82,0x41,0xe3,0x6f,0xa5,0x46,0x98,0xd9,0x88,0xc1,
    0x01,0x80,0x20,0x18,0x34,0xff,0x66,0x6a,0xc4,0x99,0x8d,0x18,0x1c,0x00,0x08,0x82,0x41,0x03,0x72,0xa8,0x46,0x9c,0xd9,0x88,
    0xc1,0x01,0x80,0x20,0x18,0x34,0x21,0x97,0x6a,0x04,0x9a,0x8d,0x18,0x1c,0x00,0x08,0x82,0x41,0x23,0x72,0xaa,0x46,0xa4,0xd9,
    0x88,0xc1,0x01,0x80,0x20,0x18,0x34,0x23,0xb7,0x6a,0x84,0x9a,0xcd,0x12,0xf0,0xc5,0x70,0xc3,0x4e,0xbd,0x1b,0x18,0xcc,0x32,
    0x8c,0x05,0x59,0x04,0xd6,0x33,0xf2,0x12,0x1f,0xeb,0x19,0x79,0x89,0x8f,0xf5,0x8c,0xbc,0xc4,0xc7,0xc6,0x06,0x5f,0xe2,0x63,
    0x44,0x69,0xc9,0xc7,0x08,0xd3,0x92,0x8f,0x11,0xa7,0x25,0x1f,0x23,0x50,0x4b,0x3e,0x46,0xe8,0x0b,0x7c,0x8c,0xd0,0x17,0xf8,
    0x18,0xa1,0x2f,0xf0,0x31,0x02,0x64,0xe0,0x33,0x4b,0xc0,0x17,0xc3,0x0d,0x68,0xb5,0x6f,0x60,0x30,0xcb,0x50,0x16,0x66,0x11,
    0x98,0xda,0xfc,0x4b,0x7c,0x4c,0x6d,0xfe,0x25,0x3e,0xa6,0x36,0xff,0x12,0x1f,0x83,0x9b,0x92,0x89,0x8f,0x11,0xbb,0x23,0x1f,
    0x23,0x78,0x47,0x3e,0x46,0xf4,0x8e,0x7c,0x8c,0xf0,0x1d,0xf9,0x18,0x71,0x32,0xf0,0x31,0xe2,0x64,0xe0,0x63,0xc4,0xc9,0xc0,
    0xc7,0x88,0x96,0x81,0xcf,0x2c,0x01,0x5f,0x0c,0x37,0xd4,0xd5,0xc9,0x81,0xc1,0x2c,0xc3,0x59,0xa0,0x45,0x30,0x62,0x70,0x00,
    0x20,0x08,0x06,0x9b,0xce,0x91,0x5b,0x9d,0xcd,0xdc,0x68,0x42,0x30,0x58,0xde,0xb8,0x4c,0x7c,0x2c,0x6f,0x5c,0x26,0x3e,0x96,
    0x37,0x2e,0x13,0x1f,0xfb,0x1b,0x9a,0x89,0x8f,0x15,0x84,0x7c,0xcc,0x20,0xe4,0x63,0x07,0x21,0x1f,0x43,0x08,0xf9,0x18,0x61,
    0x33,0xf0,0x31,0xc2,0x66,0xe0,0x63,0x84,0xcd,0xc0,0xc7,0x08,0x9e,0x81,0xcf,0x2c,0x01,0x5f,0x0c,0x37,0x90,0xd6,0xce,0x81,
    0xc1,0x2c,0x43,0x5a,0xa8,0x45,0x60,0xb5,0x36,0x3f,0xf1,0x31,0x9e,0x09,0xe4,0x63,0x3c,0x23,0xc8,0xc7,0x78,0x66,0x90,0x8f,
    0x89,0x0d,0x21,0x1f,0x23,0x56,0x07,0x3e,0x46,0xac,0x0e,0x7c,0x8c,0x58,0x1d,0xf8,0x18,0x11,0x3b,0xf0,0x19,0x31,0x38,0x00,
    0x10,0x04,0x83,0xe6,0xee,0xfc,0x8d,0xf8,0xb5,0x11,0x83,0x03,0x00,0x41,0x30,0x68,0xf0,0xee,0xdf,0x08,0x70,0x1b,0x31,0x38,
    0x00,0x10,0x04,0x83,0x26,0xef,0x40,0x8e,0x08,0xb7,0x11,0x83,0x03,0x00,0x41,0x30,0x68,0xf4,0x2e,0xe4,0x08,0x71,0x1b,0x31,
    0x38,0x00,0x10,0x04,0x83,0x66,0xef,0x46,0x8e,0x10,0xb7,0x11,0x83,0x03,0x00,0x41,0x30,0x68,0xf8,0x8e,0xe4,0x88,0x71,0x1b,
    0x31,0x38,0x00,0x10,0x04,0x83,0xa6,0xef,0x4a,0x8e,0x20,0xb7,0x11,0x83,0x03,0x00,0x41,0x30,0x68,0xfc,0xce,0xe4,0x88,0x72,
    0x9b,0x25,0xe0,0x8b,0xe1,0x06,0xdb,0x0a,0x39,0x30,0x98,0x65,0x58,0x0b,0xb6,0x08,0x0c,0x77,0xda,0x26,0x3e,0x86,0x3b,0x6d,
    0x13,0x1f,0xc3,0x9d,0xb6,0x89,0x8f,0xf9,0xce,0xdc,0xc4,0xc7,0x08,0xfc,0x92,0x8f,0x11,0xf9,0x25,0x1f,0x23,0xf4,0x4b,0x3e,
    0x46,0xec,0x97,0x7c,0x8c,0xa8,0x1b,0xf8,0x18,0x51,0x37,0xf0,0x31,0xa2,0x6e,0xe0,0x63,0xc4,0xde,0xc0,0x67,0x96,0x80,0x2f,
    0x86,0x1b,0xc6,0x4b,0xe5,0xc0,0x60,0x96,0x81,0x2f,0xda,0x22,0x18,0x6e,0x20,0xaf,0x93,0x03,0x83,0x59,0x06,0xb7,0x78,0x8b,
    0xc0,0xf6,0x26,0x7d,0xe4,0x63,0x7b,0xa3,0x3e,0xf2,0xb1,0xbd,0x59,0x1f,0xf9,0x58,0xe8,0xb0,0x8f,0x7c,0x8c,0x50,0x1f,0xf8,
    0x18,0xa1,0x3e,0xf0,0x31,0x42,0x7d,0xe0,0x63,0x04,0xfc,0xc0,0x67,0xc4,0xe0,0x00,0x40,0x10,0x0c,0x1a,0xdb,0xeb,0x39,0xc2,
    0xdf,0x46,0x0c,0x0e,0x00,0x04,0xc1,0xa0,0xb9,0x3d,0x9f,0x23,0xfe,0x6d,0xc4,0xe0,0x00,0x40,0x10,0x0c,0x1a,0xdc,0xfb,0x39,
    0x02,0xe4,0x46,0x0c,0x0e,0x00,0x04,0xc1,0xa0,0xc9,0x3d,0xb0,0x23,0x42,0x6e,0xc4,0xe0,0x00,0x40,0x10,0x0c,0x1a,0xdd,0x13,
    0x3b,0x22,0xe4,0x46,0x0c,0x0e,0x00,0x04,0xc1,0xa0,0xd9,0xbd,0xb1,0x23,0x44,0x6e,0xc4,0xe0,0x00,0x40,0x10,0x0c,0x1a,0xde,
    0x23,0x3b,0x62,0xe4,0x46,0x0c,0x0e,0x00,0x04,0xc1,0xa0,0xe9,0xbd,0xb2,0x23,0x48,0x6e,0x96,0x80,0x2f,0x86,0x1b,0xea,0xeb,
    0xec,0xc0,0x60,0x96,0x01,0x2e,0xe2,0x22,0x30,0xd6,0xb9,0x1f,0xf9,0x18,0xeb,0xdc,0x8f,0x7c,0x8c,0x75,0xee,0x47,0x3e,0x26,
    0x3b,0xfd,0x23,0x1f,0x23,0xfc,0x07,0x3e,0x46,0xfc,0x0f,0x7c,0x8c,0x00,0x21,0xf8,0x18,0x11,0x42,0xf0,0x19,0x31,0x38,0x00,
    0x10,0x04,0x83,0xe6,0xfc,0xdc,0x8e,0x78,0xb9,0x11,0x83,0x03,0x00,0x41,0x30,0x68,0xd0,0xef,0xed,0x08,0x98,0x1b,0x31,0x38,
    0x00,0x10,0x04,0x83,0x26,0xfd,0xe0,0x8e,0x88,0xb9,0x11,0x83,0x03,0x00,0x41,0x30,0x68,0xd4,0x2f,0xee,0x08,0x99,0x1b,0x31,
    0x38,0x00,0x10,0x04,0x83,0x66,0xfd,0xe6,0x8e,0x90,0xb9,0x11,0x83,0x03,0x00,0x41,0x30,0x68,0xd8,0x8f,0xee,0x88,0x99,0x1b,
    0x31,0x38,0x00,0x10,0x04,0x83,0xa6,0xfd,0xea,0x8e,0xa0,0xb9,0x11,0x83,0x03,0x00,0x41,0x30,0x68,0xdc,0xcf,0xee,0x88,0x9a,
    0x9b,0x25,0xe0,0x8b,0xe1,0x06,0x13,0x43,0x3b,0x30,0x98,0x65,0x90,0x8b,0xb9,0x08,0xec,0xe6,0x56,0x28,0x3e,0xe6,0x3b,0x81,
    0x7c,0xcc,0x77,0x04,0xf9,0x98,0xef,0x0c,0xf2,0x31,0xf2,0x21,0xe4,0x63,0x44,0x0b,0xc1,0xc7,0x88,0x16,0x82,0x8f,0x11,0x2d,
    0x04,0x1f,0x23,0x66,0x08,0x3e,0x23,0x06,0x07,0x00,0x82,0x60,0xd0,0xe4,0x1f,0xe8,0x11,0x61,0x37,0x62,0x70,0x00,0x20,0x08,
    0x06,0x8d,0xfe,0x85,0x1e,0x21,0x76,0x23,0x06,0x07,0x00,0x82,0x60,0xd0,0xec,0x9f,0xe8,0x11,0x63,0x37,0x62,0x70,0x00,0x20,
    0x08,0x06,0x0d,0xff,0x8d,0x1e,0x41,0x76,0x23,0x06,0x07,0x00,0x82,0x60,0xd0,0xf4,0x5f,0xe9,0x11,0x64,0x37,0x62,0x70,0x00,
    0x20,0x08,0x06,0x8d,0xff,0x99,0x1e,0x51,0x76,0x23,0x06,0x07,0x00,0x82,0x60,0xd0,0xfc,0xdf,0xe9,0x11,0x66,0x37,0x62,0x70,
    0x00,0x20,0x08,0x06,0x0d,0x08,0x06,0xa8,0x47,0x9c,0xdd,0x2c,0x01,0x5f,0x0c,0x37,0xe0,0x98,0xe8,0x81,0xc1,0x2c,0x03,0x5d,
    0xd4,0x45,0x60,0x69,0xa7,0x43,0xf1,0x31,0xb5,0xd3,0xa1,0xf8,0xd8,0xda,0xe9,0x50,0x7c,0x8c,0xed,0xc0,0x28,0x3e,0x36,0x3f,
    0x84,0x7c,0x6c,0x7e,0x08,0xf9,0xd8,0xfc,0x10,0xf2,0xb1,0xfc,0x21,0xe4,0x63,0x44,0x19,0xc1,0xc7,0x08,0x33,0x82,0x8f,0x11,
    0x67,0x04,0x1f,0x23,0xd0,0x08,0x3e,0x23,0x06,0x07,0x00,0x82,0x60,0xd0,0xb8,0x60,0x50,0x7b,0x84,0xdd,0x8d,0x18,0x1c,0x00,
    0x08,0x82,0x41,0xf3,0x82,0x81,0xed,0x11,0x77,0x37,0x62,0x70,0x00,0x20,0x08,0x06,0x0d,0x0c,0x06,0xb7,0x47,0xe0,0xdd,0x88,
    0xc1,0x01,0x80,0x20,0x18,0x34,0x31,0x18,0xe0,0x1e,0x91,0x77,0x23,0x06,0x07,0x00,0x82,0x60,0xd0,0xc8,0x60,0xa0,0x7b,0x44,
    0xde,0x8d,0x18,0x1c,0x00,0x08,0x82,0x41,0x33,0x83,0xc1,0xee,0x11,0x7a,0x37,0x62,0x70,0x00,0x20,0x08,0x06,0x0d,0x0d,0x06,
    0xbc,0x47,0xec,0xdd,0x88,0xc1,0x01,0x80,0x20,0x18,0x34,0x35,0x18,0xf4,0x1e,0xc1,0x77,0xb3,0x04,0x7c,0x51,0x71,0x26,0x7b,
    0x3a,0xdc,0x10,0xc8,0x1e,0x18,0xcc,0x32,0xf0,0x85,0x5d,0x04,0xc3,0x0d,0x6f,0x76,0x7b,0x60,0x30,0xcb,0x70,0x17,0x78,0x11,
    0x98,0x09,0x8d,0x1e,0x7c,0xcc,0x84,0x48,0x0f,0x3e,0x66,0x42,0xa5,0x07,0x1f,0xa3,0x23,0xd3,0x83,0x8f,0xd1,0xd1,0xe9,0xc1,
    0xc7,0xe8,0x08,0xf5,0xe0,0x33,0x62,0xb0,0x00,0x20,0x08,0x06,0xd8,0x0e,0x06,0xee,0x37,0x08,0x81,0x51,0x10,0x16,0xb0,0x9e,
    0x7c,0x46,0x0c,0x0e,0x00,0x04,0xc1,0xa0,0x09,0xc3,0x00,0xfd,0x82,0xd4,0x1b,0x31,0x38,0x00,0x10,0x04,0x83,0x46,0x0c,0x03,
    0xf5,0x0b,0x52,0x6f,0x96,0x80,0x2f,0x86,0x1b,0xf4,0x6c,0xfe,0xc0,0x60,0x96,0x21,0x2f,0xf4,0x22,0xb0,0x18,0xe2,0x23,0xf9,
    0x58,0x0c,0xf1,0x91,0x7c,0x2c,0x86,0xf8,0x48,0x3e,0x76,0x43,0xa2,0x24,0x1f,0x53,0x1f,0x02,0x3e,0xa6,0x3e,0x04,0x7c,0x4c,
    0x7d,0x08,0xf8,0x18,0xfc,0x10,0xf0,0x19,0x31,0x38,0x00,0x10,0x04,0x83,0x86,0x0d,0x83,0xf9,0x23,0x68,0x6f,0xc4,0xe0,0x00,
    0x40,0x10,0x0c,0x9a,0x36,0x0c,0xe8,0x8f,0xa8,0xbd,0x11,0x83,0x03,0x00,0x41,0x30,0x68,0xdc,0x30,0xa8,0x3f,0xc2,0xf6,0x46,
    0x0c,0x0e,0x00,0x04,0xc1,0xa0,0x79,0xc3,0xc0,0xfe,0x88,0xdb,0x1b,0x31,0x38,0x00,0x10,0x04,0x83,0x06,0x0e,0x03,0xfc,0x23,
    0x6e,0x6f,0xc4,0xe0,0x00,0x40,0x10,0x0c,0x9a,0x38,0x0c,0xf2,0x8f,0xc0,0xbd,0x11,0x83,0x03,0x00,0x41,0x30,0x68,0xe4,0x30,
    0xd0,0x3f,0x22,0xf7,0x46,0x0c,0x0e,0x00,0x04,0xc1,0xa0,0x99,0xc3,0x60,0xff,0x08,0xdd,0x9b,0x25,0xe0,0x8b,0xe1,0x86,0x55,
    0xfb,0x3f,0x30,0x98,0x65,0xd8,0x0b,0xbe,0x08,0xec,0x7e,0x5a,0x49,0x3e,0x76,0x3f,0xad,0x24,0x1f,0xbb,0x9f,0x56,0x92,0x8f,
    0xf5,0xcf,0x2c,0xc9,0xc7,0xc0,0x6f,0x7f,0xe2,0x63,0xe1,0xb7,0x3f,0xf1,0x31,0xf1,0xdb,0x9f,0xf8,0xd8,0xf8,0x85,0x50,0x7c,
    0x8c,0x50,0x23,0xf9,0x18,0xa1,0x46,0xf2,0x31,0x42,0x8d,0xe4,0x63,0x04,0x1c,0xc9,0xc7,0x08,0x06,0x3e,0x46,0x30,0xf0,0x31,
    0x82,0x81,0x8f,0x11,0x0c,0x7c,0x46,0x0c,0x0e,0x00,0x04,0xc1,0xa0,0x29,0xc5,0x80,0x05,0x03,0xa2,0xfd,0x46,0x0c,0x0e,0x00,
    0x04,0xc1,0xa0,0x31,0xc5,0xa0,0x05,0x03,0xc2,0xfd,0x46,0x0c,0x0e,0x00,0x04,0xc1,0xa0,0x39,0xc5,0xc0,0x05,0x03,0xe2,0xfd,
    0x46,0x0c,0x0e,0x00,0x04,0xc1,0xa0,0x41,0xc5,0xe0,0x05,0x03,0x02,0xfe,0x46,0x0c,0x0e,0x00,0x04,0xc1,0xa0,0x49,0xc5,0x20,
    0x06,0x03,0x02,0xfe,0x46,0x0c,0x0e,0x00,0x04,0xc1,0xa0,0x51,0xc5,0x40,0x06,0x03,0x22,0xfe,0x46,0x0c,0x0e,0x00,0x04,0xc1,
    0xa0,0x59,0xc5,0x60,0x06,0x03,0x42,0xfe,0x46,0x0c,0x0e,0x00,0x04,0xc1,0xa0,0x61,0xc5,0x80,0x06,0x03,0x62,0xfe,0x66,0x09,
    0xf8,0x62,0xa0,0x3a,0x18,0x6c,0xea,0x25,0x50,0x6a,0x26,0xcc,0xa9,0x26,0x48,0xe9,0x26,0xd4,0x28,0x27,0x50,0x68,0x27,0x7c,
    0xa7,0x27,0x48,0xe7,0x27,0x74,0x26,0x2c,0x40,0x66,0x2c,0xcc,0xa5,0x2c,0x50,0xe5,0x2c,0xc8,0x24,0x2d,0x54,0x64,0x2d,0xcc,
    0xc3,0x2d,0x48,0x03,0x2e,0xc0,0x42,0x2e,0xec,0x81,0x2e,0x6c,0xe1,0x2e,0xf4,0x20,0x2f,0x90,0xbd,0x50,0xcd,0x00,0x26,0xe8,
    0x31,0x88,0x09,0xd5,0x0c,0xd8,0x42,0xd5,0xea,0x02,0xc5,0x03,0xbd,0x18,0xa8,0x0e,0x06,0x9b,0x7a,0x09,0x94,0x9a,0x09,0x73,
    0xaa,0x09,0x52,0xba,0x09,0x35,0xca,0x09,0x14,0xda,0x09,0xdf,0xe9,0x09,0xd2,0xf9,0x09,0x9d,0x09,0x0b,0x90,0x19,0x0b,0x73,
    0x29,0x0b,0x54,0x39,0x0b,0x32,0x49,0x0b,0x15,0x59,0x0b,0xf3,0x70,0x0b,0xd2,0x80,0x0b,0xb0,0x90,0x0b,0x7b,0xa0,0x0b,0x5c,
    0xb8,0x0b,0x3d,0xc8,0x0b,0x64,0x2f,0x54,0x33,0x80,0x09,0x7a,0x0c,0x62,0x42,0x35,0x03,0xb6,0x50,0xb5,0xba,0x40,0xf1,0x40,
    0x2f,0x06,0xaa,0x83,0xc1,0xa6,0x5e,0x02,0xa5,0x66,0xc2,0x9c,0x6a,0x82,0x94,0x6e,0x42,0x8d,0x72,0x02,0x85,0x76,0xc2,0x77,
    0x7a,0x82,0x74,0x7e,0x42,0x67,0xc2,0x02,0x64,0xc6,0xc2,0x5c,0xca,0x02,0x55,0xce,0x82,0x4c,0xd2,0x42,0x45,0xd6,0xc2,0x3c,
    0xdc,0x82,0x34,0xe0,0x02,0x2c,0xe4,0xc2,0x1e,0xe8,0x42,0x17,0xee,0x42,0x0f,0xf2,0x02,0xd9,0x0b,0xd5,0x0c,0x60,0x82,0x1e,
    0x83,0x98,0x50,0xcd,0x80,0x2d,0x54,0xad,0x2e,0x50,0x3c,0xd0,0x8b,0x81,0xea,0x60,0xb0,0xa9,0x97,0x40,0xa9,0x99,0x30,0xa7,
    0x9a,0x20,0xa5,0x9b,0x50,0xa3,0x9c,0x40,0xa1,0x9d,0xf0,0x9d,0x9e,0x20,0x9d,0x9f,0xd0,0x99,0xb0,0x00,0x99,0xb1,0x30,0x97,
    0xb2,0x40,0x95,0xb3,0x20,0x93,0xb4,0x50,0x91,0xb5,0x30,0x0f,0xb7,0x20,0x0d,0xb8,0x00,0x0b,0xb9,0xb0,0x07,0xba,0xe0,0x85,
    0xbb,0xd0,0x83,0xbc,0x40,0xf6,0xc2,0x36,0x03,0x98,0x00,0xc9,0x20,0x26,0x6c,0x33,0x60,0x0b,0x55,0xab,0x0b,0x14,0x0f,0xf4,
    0x62,0xb8,0x01,0xd7,0x54,0x31,0x00,0x83,0x59,0x86,0xf4,0xe8,0x8b,0x60,0xb8,0x21,0xd7,0x4e,0x31,0x00,0x83,0x59,0x86,0xf4,
    0xf0,0x8b,0x60,0xb8,0x41,0xd7,0x4c,0x31,0x00,0x83,0x59,0x86,0xf4,0xf8,0x8b,0x60,0xb8,0x61,0xd7,0x4c,0x31,0x00,0x83,0x59,
    0x06,0xd0,0x08,0x8d,0xc0,0x48,0xe7,0x7d,0xe4,0x33,0x4b,0x90,0x1e,0xc3,0x0d,0xbd,0x76,0x8a,0x01,0x18,0xcc,0x32,0x88,0xc6,
    0x68,0x04,0x66,0x3a,0xf1,0x23,0x1f,0x0b,0x46,0x30,0x90,0xcf,0x88,0xc1,0x01,0x80,0x20,0x18,0x34,0xb9,0x18,0x80,0x61,0x10,
    0x84,0x60,0x30,0x62,0x70,0x00,0x20,0x08,0x06,0x8d,0x2e,0x06,0x62,0x18,0x04,0x21,0x18,0xcc,0x12,0xa4,0xc7,0x70,0x83,0xb8,
    0xc5,0x62,0x00,0x06,0xb3,0x0c,0xa4,0x51,0x1a,0x81,0xad,0x8e,0xfd,0xc8,0xc7,0x82,0x14,0x0c,0xe4,0x33,0x62,0x70,0x00,0x20,
    0x08,0x06,0x8d,0x2f,0x06,0x65,0x18,0x04,0x26,0x18,0x8c,0x18,0x1c,0x00,0x08,0x82,0x41,0xf3,0x8b,0xc1,0x19,0x06,0x81,0x09,
    0x06,0xb3,0x04,0xe9,0x31,0xdc,0x70,0x6e,0xb0,0x18,0x80,0xc1,0x2c,0x83,0x69,0x9c,0x46,0x60,0xb0,0xb3,0x3f,0xf0,0x19,0x31,
    0x38,0x00,0x10,0x04,0x83,0x46,0x1c,0x83,0x34,0x0c,0x02,0x15,0x0c,0x46,0x0c,0x0e,0x00,0x04,0xc1,0xa0,0x19,0xc7,0x60,0x0d,
    0x83,0x40,0x05,0x83,0x59,0x82,0xf4,0x18,0x6e,0x58,0xb7,0x5d,0x0c,0xc0,0x60,0x96,0x01,0x35,0x52,0x23,0x30,0xda,0xf9,0x1f,
    0xf8,0x58,0x00,0x83,0x01,0x7c,0x46,0x0c,0x0e,0x00,0x04,0xc1,0xa0,0x39,0xc7,0xc0,0x0d,0x83,0xe0,0x05,0x83,0x11,0x83,0x03,
    0x00,0x41,0x30,0x68,0xd0,0x31,0x80,0xc3,0x20,0x78,0xc1,0x60,0x96,0x20,0x3d,0x86,0x1b,0xe0,0xad,0x17,0x03,0x30,0x98,0x65,
    0x50,0x8d,0xd5,0x08,0x2c,0x77,0x48,0x08,0x3e,0x16,0xd4,0x60,0x00,0x1f,0x0b,0x6e,0x30,0x90,0xcf,0x88,0xc1,0x01,0x80,0x20,
    0x18,0x34,0xed,0x18,0xd0,0x61,0x10,0xd4,0x60,0x30,0x62,0x70,0x00,0x20,0x08,0x06,0x8d,0x3b,0x06,0x76,0x18,0x04,0x35,0x18,
    0xcc,0x12,0xa4,0xc7,0x70,0x83,0xbd,0xf1,0x62,0x00,0x06,0xb3,0x0c,0xac,0xd1,0x1a,0x81,0xa9,0xd0,0xef,0xc4,0x67,0xc4,0xe0,
    0x00,0x40,0x10,0x0c,0x9a,0x78,0x0c,0xf0,0x30,0x08,0x72,0x30,0x18,0x31,0x38,0x00,0x10,0x04,0x83,0x46,0x1e,0x03,0x3d,0x0c,
    0x82,0x1c,0x0c,0x66,0x09,0xd2,0x63,0xb8,0x41,0xdf,0x7e,0x31,0x00,0x83,0x59,0x06,0xd7,0x78,0x8d,0xc0,0xc6,0xc7,0x85,0xe0,
    0x63,0xe4,0xf3,0x42,0xf2,0x31,0x21,0x88,0xcf,0x88,0xc1,0x01,0x80,0x20,0x18,0x34,0xf7,0x18,0xf8,0x61,0x10,0xfc,0x60,0x30,
    0x62,0x70,0x00,0x20,0x08,0x06,0x0d,0x3e,0x06,0xa0,0x18,0x04,0x3f,0x18,0xcc,0x12,0xa4,0xc7,0x70,0x03,0xc8,0x91,0x63,0x00,
    0x06,0xb3,0x0c,0xb0,0x11,0x1b,0x81,0xd1,0x50,0xfa,0xc4,0xc7,0x82,0xbb,0x93,0x8f,0x05,0xeb,0x03,0x9f,0x59,0x82,0xf4,0x18,
    0x6e,0x20,0xb9,0x73,0x0c,0xc0,0x60,0x96,0x41,0x36,0x66,0x23,0x30,0x1c,0x6a,0x9f,0xf8,0x58,0x40,0x5a,0xf2,0xb1,0xe0,0x7d,
    0xe0,0x33,0x4b,0x90,0x1e,0xc3,0x0d,0x28,0xa7,0x8e,0x01,0x18,0xcc,0x32,0xd0,0x46,0x6d,0x04,0x23,0x06,0x07,0x00,0x82,0x60,
    0xb0,0xf5,0x63,0x70,0x8a,0x01,0x0e,0x06,0xf6,0x18,0x8c,0x26,0x04,0x83,0xf9,0xd0,0xfc,0xc4,0xc7,0x84,0x40,0x3e,0x16,0xd4,
    0x0f,0x7c,0x66,0x09,0xd2,0x63,0xb8,0xc1,0xe5,0xea,0x31,0x00,0x83,0x59,0x06,0xdb,0xb8,0x8d,0xc0,0xde,0x30,0x68,0xad,0xf8,
    0x18,0xfe,0x04,0xf2,0xb1,0x80,0x8c,0xe0,0x33,0x62,0x70,0x00,0x20,0x08,0x06,0xcd,0x4a,0x06,0xb2,0x18,0x04,0x73,0x18,0x8c,
    0x18,0x1c,0x00,0x08,0x82,0x41,0xc3,0x92,0x01,0x2d,0x06,0xc1,0x1c,0x06,0xb3,0x04,0xe9,0x31,0xdc,0x40,0x73,0xaf,0x18,0x80,
    0xc1,0x2c,0x03,0x6e,0xe4,0x46,0x60,0x68,0xd4,0x3f,0xf1,0xb1,0x60,0xf4,0xe4,0x63,0xc1,0xff,0xc0,0x67,0x96,0x20,0x3d,0x86,
    0x1b,0x70,0xee,0x15,0x03,0x30,0x98,0x65,0x48,0x0f,0xdd,0x08,0x86,0x1b,0x72,0x8e,0x15,0x03,0x30,0x98,0x65,0xd8,0x0d,0xde,
    0x08,0x4c,0x84,0xda,0x48,0x3e,0x16,0xb8,0x11,0x7c,0x46,0x0c,0x0e,0x00,0x04,0xc1,0xa0,0xa9,0xc9,0x80,0x17,0x83,0xa0,0x0f,
    0x83,0x11,0x83,0x03,0x00,0x41,0x30,0x68,0x6c,0x32,0xf0,0xc5,0x20,0xe8,0xc3,0x60,0x96,0x20,0x3d,0x86,0x1b,0x7c,0x0e,0x1c,
    0x03,0x30,0x98,0x65,0xe8,0x0d,0xdf,0x08,0xec,0x84,0xe4,0x48,0x3e,0x16,0xcc,0x11,0x7c,0x46,0x0c,0x0e,0x00,0x04,0xc1,0xa0,
    0xd1,0xc9,0x20,0x1c,0x83,0x40,0x14,0x83,0x11,0x83,0x03,0x00,0x41,0x30,0x68,0x76,0x32,0x18,0xc7,0x20,0x10,0xc5,0x60,0x96,
    0x20,0x3d,0x86,0x1b,0xc6,0xae,0x16,0x03,0x30,0x98,0x65,0xf8,0x0d,0xf0,0x08,0x8c,0x14,0x83,0x3b,0x8a,0x8f,0xb5,0x50,0x20,
    0x1f,0x0b,0xf2,0x08,0x3e,0x23,0x06,0x07,0x00,0x82,0x60,0xd0,0x80,0x65,0x70,0x8e,0x41,0x80,0x8a,0xc1,0x88,0xc1,0x01,0x80,
    0x20,0x18,0x34,0x61,0x19,0xa4,0x63,0x10,0xa0,0x62,0x30,0x4b,0x90,0x1e,0xc3,0x0d,0x69,0x37,0x8e,0x01,0x18,0xcc,0x32,0x84,
    0x87,0x78,0x04,0xa6,0x8a,0x41,0x1f,0xc5,0xc7,0x66,0x28,0x90,0x8f,0x05,0x7f,0x04,0x9f,0x11,0x83,0x03,0x00,0x41,0x30,0x68,
    0xcc,0x32,0x68,0xc7,0x20,0x70,0xc5,0x60,0xc4,0xe0,0x00,0x40,0x10,0x0c,0x9a,0xb3,0x0c,0xde,0x31,0x08,0x5c,0x31,0x98,0x25,
    0x48,0x8f,0x2a,0x3d,0x72,0x0c,0x74,0xb8,0x21,0x20,0xc7,0x00,0x0c,0x66,0x19,0xd2,0x63,0x3c,0x82,0xe1,0x86,0xb8,0x4b,0xc7,
    0x00,0x0c,0x66,0x19,0xc8,0xa3,0x3c,0x02,0xbb,0xa1,0x5a,0x0c,0xe0,0x63,0x37,0x64,0x8b,0x01,0x7c,0xec,0x86,0x6e,0x31,0x80,
    0x8f,0x95,0x12,0x2e,0x06,0xf0,0xb1,0x52,0xca,0xc5,0x00,0x3e,0x56,0x4a,0xba,0x18,0xc0,0x67,0xc4,0x60,0x01,0x40,0x10,0x0c,
    0xb0,0xb6,0x0c,0x40,0x32,0x18,0x84,0xc0,0x28,0x08,0x0b,0x7c,0x31,0x90,0xcf,0x88,0xc1,0x01,0x80,0x20,0x18,0x34,0x73,0x19,
    0xe8,0x63,0x10,0xec,0x62,0x30,0x62,0x70,0x00,0x20,0x08,0x06,0x0d,0x5d,0x06,0xfc,0x18,0x04,0xbb,0x18,0xcc,0x12,0xa4,0xc7,
    0x70,0x03,0xdf,0x95,0x64,0x00,0x06,0xb3,0x0c,0xe6,0x71,0x1e,0x81,0x95,0x11,0x2c,0xc9,0xc7,0x60,0x28,0x80,0xcf,0x88,0xc1,
    0x01,0x80,0x20,0x18,0x34,0x78,0x19,0xfc,0x63,0x10,0x80,0x63,0x30,0x62,0x70,0x00,0x20,0x08,0x06,0x4d,0x5e,0x06,0x21,0x19,
    0x04,0xe0,0x18,0xcc,0x12,0xa4,0xc7,0x70,0x43,0xe8,0x95,0x64,0x00,0x06,0xb3,0x0c,0xe8,0x91,0x1e,0x81,0xd1,0x50,0x2d,0xc9,
    0xc7,0xc6,0x31,0xa8,0xa1,0xf8,0x58,0xc0,0x46,0xf2,0xb1,0x60,0x80,0xcf,0x88,0xc1,0x01,0x80,0x20,0x18,0x34,0x7f,0x19,0x98,
    0x64,0x10,0x9c,0x63,0x30,0x62,0x70,0x00,0x20,0x08,0x06,0x0d,0x68,0x06,0x28,0x19,0x04,0xe7,0x18,0xcc,0x12,0xa4,0xc7,0x40,
    0x75,0x30,0xe0,0x06,0x68,0xb8,0x86,0x68,0x90,0x06,0x69,0xf0,0x85,0x69,0xc8,0x05,0x6a,0x98,0x85,0x6a,0xf8,0x04,0x6b,0xc8,
    0x84,0x6b,0xa8,0x04,0x6c,0x88,0x84,0x6c,0xd8,0x03,0x6d,0xa8,0x83,0x6d,0x88,0x03,0x6e,0xd8,0xc2,0x6e,0xb0,0x42,0x6f,0x80,
    0xc2,0x6f,0xd0,0x41,0x78,0x68,0xe4,0x01,0x99,0x87,0x80,0x1e,0x6c,0x18,0xf0,0x85,0x5d,0x06,0x7d,0x01,0x8e,0x81,0x5f,0xd8,
    0x65,0x90,0x1b,0x6c,0x18,0x88,0x87,0xfa,0x07,0xe7,0x31,0xdc,0x90,0x7b,0x21,0x19,0x80,0xc1,0x74,0xc3,0x3c,0x08,0xc1,0x74,
    0xc3,0xfe,0xdd,0x03,0xeb,0x4d,0x37,0xec,0xdf,0x3d,0xb4,0xde,0x74,0xc3,0xfe,0xdd,0x83,0xeb,0x4d,0x37,0xec,0x1f,0xf1,0x7a,
    0xd3,0x0d,0xfb,0xb0,0x7f,0xb0,0x37,0xdd,0xb0,0x0f,0xfb,0x17,0x7b,0xd3,0x0d,0xfb,0xb0,0x7f,0xb2,0x37,0xdd,0x80,0xec,0xdf,
    0xec,0x15,0xde,0xd9,0x65,0x80,0x15,0x98,0x66,0xa0,0x76,0x7f,0xa7,0x19,0xc0,0x60,0xb8,0x21,0x30,0xcd,0x00,0x0d,0x66,0x19,
    0x08,0xf5,0x08,0x06,0x3a,0x06,0x17,0x14,0x0a,0x17,0x14,0x08,0x2c,0x3d,0x06,0x3a,0x06,0x17,0x14,0x0a,0x17,0x14,0x08,0x2c,
    0x3d,0x06,0x3a,0x06,0x17,0x14,0x0a,0x17,0x14,0x08,0x2c,0x3d,0x06,0x3a,0x06,0x17,0x14,0x0a,0x17,0x14,0x08,0x2c,0x3d,0x66,
    0x19,0xd8,0x63,0x3d,0x6a,0x30,0x30,0xe2,0x05,0x03,0xf8,0x18,0xf1,0x82,0x01,0x7c,0x8c,0x78,0xc1,0x00,0x3e,0xb3,0x04,0xec,
    0x31,0x50,0x31,0x18,0xeb,0xe1,0xa8,0xc7,0x40,0xc5,0x60,0xac,0x87,0xa3,0x1e,0x03,0x15,0x83,0xb1,0x1e,0x8e,0x7a,0xcc,0x32,
    0xf0,0x47,0x7b,0x94,0x61,0x30,0x62,0x70,0x00,0x20,0x08,0x06,0x5b,0x6d,0x06,0x3f,0x19,0xc0,0x63,0x10,0x9b,0xc1,0x68,0x42,
    0x00,0x58,0x32,0x93,0x81,0x7c,0x46,0x0c,0x0c,0x00,0x04,0xc1,0xe0,0xe1,0xcd,0x00,0x2d,0x83,0x60,0xc4,0xc0,0x00,0x40,0x10,
    0x0c,0x9e,0xde,0x0c,0xd0,0x32,0x18,0x2c,0xb8,0xc9,0x40,0x3e,0x23,0x06,0x06,0x00,0x82,0x60,0xf0,0xfc,0x66,0xa0,0x96,0x41,
    0x60,0xc1,0x00,0x9f,0x62,0xc3,0x40,0x36,0x03,0x1d,0x6e,0x08,0x76,0x33,0x00,0x83,0x59,0x06,0xfd,0x70,0x8f,0x60,0xb8,0xa1,
    0x0d,0x83,0xde,0x0c,0xc0,0x60,0x96,0x41,0x3f,0xde,0x23,0x18,0x6e,0x70,0xc3,0x40,0x37,0x03,0x30,0x98,0x65,0x80,0x8f,0xf8,
    0x08,0x86,0x23,0x92,0x82,0xf8,0x66,0x09,0xf4,0x63,0xb8,0x01,0x0e,0x03,0xdd,0x0c,0xc0,0x60,0x96,0x41,0x3e,0xe6,0x23,0x18,
    0x8e,0x58,0x8e,0xe0,0x9b,0x25,0xd0,0x8f,0xe1,0x06,0x39,0x0c,0x76,0x33,0x00,0x83,0x59,0x06,0xfa,0xa8,0x8f,0x60,0x38,0xa2,
    0x49,0x8a,0x6f,0x96,0x40,0x3f,0x86,0x1b,0xe8,0x30,0xe0,0xcd,0x00,0x0c,0x66,0x19,0xec,0xe3,0x3e,0x82,0xe1,0x88,0x67,0x11,
    0xbe,0x59,0x02,0xfd,0x18,0x6e,0xb0,0xc3,0x60,0x3c,0x03,0x30,0x98,0x65,0xc0,0x8f,0xfc,0x08,0x86,0x23,0xa2,0xc6,0xf9,0x66,
    0x09,0xf4,0x63,0x38,0x42,0x72,0x86,0x6f,0xb8,0x21,0x0f,0x03,0xf0,0x0c,0xc2,0xa0,0x02,0x61,0x67,0x09,0xf4,0x63,0xa0,0x48,
    0xc1,0xe0,0x83,0x92,0x0f,0x88,0x3e,0x18,0xfb,0x40,0xf0,0x03,0x67,0x85,0xf6,0xb0,0x59,0xc1,0x3d,0x84,0xfc,0x98,0x65,0xe0,
    0x8f,0xfd,0x08,0x46,0x0c,0x0c,0x00,0x04,0xc1,0x60,0xa1,0xcf,0xe0,0x2f,0x83,0xd6,0x0c,0x66,0x09,0xf8,0x63,0x96,0x81,0x44,
    0xfa,0x43,0x0f,0x83,0xe1,0x06,0x3c,0x0c,0xd6,0x33,0x00,0x83,0x59,0x86,0x11,0xf1,0x8f,0xc0,0x50,0x32,0x38,0xc9,0x80,0x3e,
    0x23,0x06,0x07,0x00,0x82,0x60,0xb0,0xc1,0x67,0xa0,0x97,0xc1,0x4a,0x06,0xe2,0x19,0x8c,0x26,0x04,0xc0,0x68,0x82,0x10,0x8c,
    0x26,0x0c,0xc2,0x70,0x83,0x1f,0x06,0xf2,0x19,0x80,0xc1,0x2c,0xc3,0x7f,0x80,0x48,0x60,0x82,0x21,0x1f,0x0b,0xde,0x32,0x90,
    0xcf,0x88,0x81,0x01,0x80,0x20,0x18,0x3c,0xfb,0x19,0xf4,0x65,0x10,0x8c,0x18,0x1c,0x00,0x08,0x82,0x41,0xd3,0x9f,0x01,0x69,
    0x06,0x41,0x59,0x06,0x23,0x06,0x07,0x00,0x82,0x60,0xd0,0xf8,0x67,0x60,0x9a,0x41,0x50,0x96,0xc1,0x2c,0xc1,0x88,0x0c,0x37,
    0x90,0x62,0x40,0x9f,0x01,0x18,0xcc,0x32,0x84,0x88,0x88,0x04,0x86,0x30,0xf2,0xb1,0x20,0x90,0x8f,0x05,0x76,0x19,0xc8,0x67,
    0xc4,0xc0,0x00,0x40,0x10,0x0c,0x1e,0x11,0x0d,0x48,0x33,0x08,0x46,0x0c,0x0e,0x00,0x04,0xc1,0xa0,0x21,0xd1,0x60,0x35,0x83,
    0x80,0x2d,0x83,0x11,0x83,0x03,0x00,0x41,0x30,0x68,0x4a,0x34,0x68,0xcd,0x20,0x60,0xcb,0x60,0x96,0x60,0x44,0xec,0x81,0xe2,
    0x33,0x62,0x60,0x00,0x20,0x08,0x06,0x8f,0x89,0x06,0xfd,0x19,0x04,0xc3,0x11,0x41,0x5d,0x06,0xc4,0x37,0x1c,0x31,0xc4,0x65,
    0x40,0x7c,0xd3,0x0d,0x7a,0x19,0xdc,0x65,0x10,0x4c,0x37,0x04,0xc5,0x60,0x15,0x16,0x1f,0x0b,0x04,0xfa,0x8c,0x18,0x1c,0x00,
    0x08,0x82,0x41,0xe3,0xa2,0x41,0x6d,0x06,0x81,0x5d,0x06,0x23,0x06,0x07,0x00,0x82,0x60,0xd0,0xbc,0x68,0x70,0x9b,0x41,0x60,
    0x97,0xc1,0x2c,0xc1,0x88,0x0c,0x94,0x0c,0x64,0xf0,0x1f,0x56,0x88,0x08,0x22,0x02,0xaa,0x42,0x7f,0x8c,0x18,0x1c,0x00,0x08,
    0x82,0xc1,0xc6,0xa2,0x81,0x6d,0x06,0x67,0x19,0xf4,0x67,0x30,0x9a,0x10,0x00,0xa3,0x09,0x42,0x30,0x9a,0x30,0x08,0xe6,0x07,
    0x43,0x7c,0xcc,0x0f,0x86,0xf8,0x98,0x1f,0x0c,0xf1,0xb1,0x01,0x91,0x8f,0x0d,0x89,0x7c,0x6c,0x50,0xe4,0x63,0x43,0x02,0x1f,
    0x1b,0x12,0xf8,0xd8,0x90,0xc0,0x67,0x96,0x80,0x44,0x06,0x2a,0x06,0x63,0x44,0x5c,0x82,0x3f,0x06,0x2a,0x06,0x63,0x44,0x5c,
    0x82,0x3f,0x06,0x2a,0x06,0x63,0x44,0x5c,0x82,0x3f,0xcc,0x15,0xe6,0x31,0x90,0xcf,0x88,0xc1,0x01,0x80,0x20,0x18,0x34,0x62,
    0x1a,0xa4,0x67,0x40,0xa8,0x66,0x30,0x62,0x70,0x00,0x20,0x08,0x06,0xcd,0x98,0x06,0xea,0x19,0x10,0xab,0x19,0x8c,0x18,0x1c,
    0x00,0x08,0x82,0x41,0x43,0xa6,0xc1,0x7a,0x06,0x04,0x6b,0x06,0x23,0x06,0x07,0x00,0x82,0x60,0xd0,0x94,0x69,0xc0,0x9e,0x01,
    0xd1,0x9a,0xc1,0x88,0xc1,0x01,0x80,0x20,0x18,0x34,0x66,0x1a,0xb8,0x67,0x40,0xb4,0x66,0x30,0x62,0x70,0x00,0x20,0x08,0x06,
    0xcd,0x99,0x06,0xef,0x19,0x10,0xae,0x19,0x8c,0x18,0x1c,0x00,0x08,0x82,0x41,0x83,0xa6,0x01,0x7c,0x06,0xc4,0x6b,0x06,0x23,
    0x06,0x07,0x00,0x82,0x60,0xd0,0xa4,0x69,0x10,0x9f,0x01,0x01,0x9b,0xc1,0x88,0x41,0x02,0x80,0x20,0x18,0x20,0x6c,0x1a,0xec,
    0x68,0x20,0xa6,0x81,0x98,0x06,0x2f,0x1a,0x10,0x23,0x06,0x09,0x00,0x82,0x60,0x80,0xb0,0x69,0xb0,0xa3,0x81,0x98,0x06,0x62,
    0x1a,0xb4,0x68,0x30,0x8c,0x18,0x24,0x00,0x08,0x82,0x01,0xc2,0xa6,0xc1,0x8e,0x06,0x62,0x1a,0x88,0x69,0xe0,0xa2,0x81,0x30,
    0x62,0x90,0x00,0x20,0x08,0x06,0x08,0x9b,0x06,0x3b,0x1a,0x88,0x69,0x20,0xa6,0x41,0x8c,0x06,0x01,0x02,0x00,0x00,0x00,0x00,
};
