// Generated by compile_native_shaders.py. Native payload; never a bgfx container.
static const unsigned char s_sdl_dxil_fs_ff_stage_volume_compare4[] = {
    0x44,0x58,0x42,0x43,0x12,0xde,0x6a,0xc9,0xef,0xea,0xc7,0xb3,0x87,0xa5,0x91,0xe7,0x9b,0x80,0xf6,0xb9,0x01,0x00,0x00,0x00,
    0xbc,0xa6,0x00,0x00,0x07,0x00,0x00,0x00,0x3c,0x00,0x00,0x00,0x4c,0x00,0x00,0x00,0x34,0x02,0x00,0x00,0x70,0x02,0x00,0x00,
    0x0c,0x07,0x00,0x00,0x28,0x15,0x00,0x00,0x44,0x15,0x00,0x00,0x53,0x46,0x49,0x30,0x08,0x00,0x00,0x00,0x00,0x00,0x00,0x00,
    0x00,0x00,0x00,0x00,0x49,0x53,0x47,0x31,0xe0,0x01,0x00,0x00,0x0e,0x00,0x00,0x00,0x08,0x00,0x00,0x00,0x00,0x00,0x00,0x00,
    0xc8,0x01,0x00,0x00,0x00,0x00,0x00,0x00,0x01,0x00,0x00,0x00,0x03,0x00,0x00,0x00,0x00,0x00,0x00,0x00,0x0f,0x00,0x00,0x00,
    0x00,0x00,0x00,0x00,0x00,0x00,0x00,0x00,0xd4,0x01,0x00,0x00,0x00,0x00,0x00,0x00,0x00,0x00,0x00,0x00,0x03,0x00,0x00,0x00,
    0x01,0x00,0x00,0x00,0x0f,0x0f,0x00,0x00,0x00,0x00,0x00,0x00,0x00,0x00,0x00,0x00,0xd4,0x01,0x00,0x00,0x01,0x00,0x00,0x00,
    0x00,0x00,0x00,0x00,0x03,0x00,0x00,0x00,0x02,0x00,0x00,0x00,0x0f,0x0f,0x00,0x00,0x00,0x00,0x00,0x00,0x00,0x00,0x00,0x00,
    0xd4,0x01,0x00,0x00,0x02,0x00,0x00,0x00,0x00,0x00,0x00,0x00,0x03,0x00,0x00,0x00,0x03,0x00,0x00,0x00,0x0f,0x0f,0x00,0x00,
    0x00,0x00,0x00,0x00,0x00,0x00,0x00,0x00,0xd4,0x01,0x00,0x00,0x03,0x00,0x00,0x00,0x00,0x00,0x00,0x00,0x03,0x00,0x00,0x00,
    0x04,0x00,0x00,0x00,0x0f,0x0f,0x00,0x00,0x00,0x00,0x00,0x00,0x00,0x00,0x00,0x00,0xd4,0x01,0x00,0x00,0x04,0x00,0x00,0x00,
    0x00,0x00,0x00,0x00,0x03,0x00,0x00,0x00,0x05,0x00,0x00,0x00,0x0f,0x0f,0x00,0x00,0x00,0x00,0x00,0x00,0x00,0x00,0x00,0x00,
    0xd4,0x01,0x00,0x00,0x05,0x00,0x00,0x00,0x00,0x00,0x00,0x00,0x03,0x00,0x00,0x00,0x06,0x00,0x00,0x00,0x0f,0x0f,0x00,0x00,
    0x00,0x00,0x00,0x00,0x00,0x00,0x00,0x00,0xd4,0x01,0x00,0x00,0x06,0x00,0x00,0x00,0x00,0x00,0x00,0x00,0x03,0x00,0x00,0x00,
    0x07,0x00,0x00,0x00,0x0f,0x0f,0x00,0x00,0x00,0x00,0x00,0x00,0x00,0x00,0x00,0x00,0xd4,0x01,0x00,0x00,0x07,0x00,0x00,0x00,
    0x00,0x00,0x00,0x00,0x03,0x00,0x00,0x00,0x08,0x00,0x00,0x00,0x0f,0x0f,0x00,0x00,0x00,0x00,0x00,0x00,0x00,0x00,0x00,0x00,
    0xd4,0x01,0x00,0x00,0x08,0x00,0x00,0x00,0x00,0x00,0x00,0x00,0x03,0x00,0x00,0x00,0x09,0x00,0x00,0x00,0x0f,0x0f,0x00,0x00,
    0x00,0x00,0x00,0x00,0x00,0x00,0x00,0x00,0xd4,0x01,0x00,0x00,0x09,0x00,0x00,0x00,0x00,0x00,0x00,0x00,0x03,0x00,0x00,0x00,
    0x0a,0x00,0x00,0x00,0x0f,0x0f,0x00,0x00,0x00,0x00,0x00,0x00,0x00,0x00,0x00,0x00,0xd4,0x01,0x00,0x00,0x0a,0x00,0x00,0x00,
    0x00,0x00,0x00,0x00,0x03,0x00,0x00,0x00,0x0b,0x00,0x00,0x00,0x0f,0x0f,0x00,0x00,0x00,0x00,0x00,0x00,0x00,0x00,0x00,0x00,
    0xd4,0x01,0x00,0x00,0x0b,0x00,0x00,0x00,0x00,0x00,0x00,0x00,0x03,0x00,0x00,0x00,0x0c,0x00,0x00,0x00,0x0f,0x0f,0x00,0x00,
    0x00,0x00,0x00,0x00,0x00,0x00,0x00,0x00,0xd4,0x01,0x00,0x00,0x0c,0x00,0x00,0x00,0x00,0x00,0x00,0x00,0x03,0x00,0x00,0x00,
    0x0d,0x00,0x00,0x00,0x0f,0x0d,0x00,0x00,0x00,0x00,0x00,0x00,0x53,0x56,0x5f,0x50,0x6f,0x73,0x69,0x74,0x69,0x6f,0x6e,0x00,
    0x54,0x45,0x58,0x43,0x4f,0x4f,0x52,0x44,0x00,0x00,0x00,0x00,0x4f,0x53,0x47,0x31,0x34,0x00,0x00,0x00,0x01,0x00,0x00,0x00,
    0x08,0x00,0x00,0x00,0x00,0x00,0x00,0x00,0x28,0x00,0x00,0x00,0x00,0x00,0x00,0x00,0x40,0x00,0x00,0x00,0x03,0x00,0x00,0x00,
    0x00,0x00,0x00,0x00,0x0f,0x00,0x00,0x00,0x00,0x00,0x00,0x00,0x53,0x56,0x5f,0x54,0x61,0x72,0x67,0x65,0x74,0x00,0x00,0x00,
    0x50,0x53,0x56,0x30,0x94,0x04,0x00,0x00,0x34,0x00,0x00,0x00,0x00,0x00,0x00,0x00,0x00,0x00,0x00,0x00,0x00,0x00,0x00,0x00,
    0x00,0x00,0x00,0x00,0x00,0x00,0x00,0x00,0xff,0xff,0xff,0xff,0x00,0x00,0x00,0x00,0x0e,0x01,0x00,0x0e,0x01,0x00,0x00,0x00,
    0x00,0x00,0x00,0x00,0x00,0x00,0x00,0x00,0x00,0x00,0x00,0x00,0x76,0x00,0x00,0x00,0x13,0x00,0x00,0x00,0x18,0x00,0x00,0x00,
    0x02,0x00,0x00,0x00,0x03,0x00,0x00,0x00,0x00,0x00,0x00,0x00,0x00,0x00,0x00,0x00,0x0d,0x00,0x00,0x00,0x00,0x00,0x00,0x00,
    0x01,0x00,0x00,0x00,0x02,0x00,0x00,0x00,0x00,0x00,0x00,0x00,0x00,0x00,0x00,0x00,0x0e,0x00,0x00,0x00,0x00,0x00,0x00,0x00,
    0x01,0x00,0x00,0x00,0x02,0x00,0x00,0x00,0x01,0x00,0x00,0x00,0x01,0x00,0x00,0x00,0x0e,0x00,0x00,0x00,0x00,0x00,0x00,0x00,
    0x01,0x00,0x00,0x00,0x02,0x00,0x00,0x00,0x02,0x00,0x00,0x00,0x02,0x00,0x00,0x00,0x0e,0x00,0x00,0x00,0x00,0x00,0x00,0x00,
    0x01,0x00,0x00,0x00,0x02,0x00,0x00,0x00,0x03,0x00,0x00,0x00,0x03,0x00,0x00,0x00,0x0e,0x00,0x00,0x00,0x00,0x00,0x00,0x00,
    0x01,0x00,0x00,0x00,0x02,0x00,0x00,0x00,0x04,0x00,0x00,0x00,0x04,0x00,0x00,0x00,0x0e,0x00,0x00,0x00,0x00,0x00,0x00,0x00,
    0x01,0x00,0x00,0x00,0x02,0x00,0x00,0x00,0x05,0x00,0x00,0x00,0x05,0x00,0x00,0x00,0x0e,0x00,0x00,0x00,0x00,0x00,0x00,0x00,
    0x01,0x00,0x00,0x00,0x02,0x00,0x00,0x00,0x06,0x00,0x00,0x00,0x06,0x00,0x00,0x00,0x0e,0x00,0x00,0x00,0x00,0x00,0x00,0x00,
    0x01,0x00,0x00,0x00,0x02,0x00,0x00,0x00,0x07,0x00,0x00,0x00,0x07,0x00,0x00,0x00,0x0e,0x00,0x00,0x00,0x00,0x00,0x00,0x00,
    0x01,0x00,0x00,0x00,0x02,0x00,0x00,0x00,0x08,0x00,0x00,0x00,0x0f,0x00,0x00,0x00,0x0e,0x00,0x00,0x00,0x00,0x00,0x00,0x00,
    0x03,0x00,0x00,0x00,0x02,0x00,0x00,0x00,0x00,0x00,0x00,0x00,0x00,0x00,0x00,0x00,0x02,0x00,0x00,0x00,0x00,0x00,0x00,0x00,
    0x03,0x00,0x00,0x00,0x02,0x00,0x00,0x00,0x01,0x00,0x00,0x00,0x01,0x00,0x00,0x00,0x02,0x00,0x00,0x00,0x00,0x00,0x00,0x00,
    0x03,0x00,0x00,0x00,0x02,0x00,0x00,0x00,0x02,0x00,0x00,0x00,0x02,0x00,0x00,0x00,0x02,0x00,0x00,0x00,0x00,0x00,0x00,0x00,
    0x03,0x00,0x00,0x00,0x02,0x00,0x00,0x00,0x03,0x00,0x00,0x00,0x03,0x00,0x00,0x00,0x02,0x00,0x00,0x00,0x00,0x00,0x00,0x00,
    0x03,0x00,0x00,0x00,0x02,0x00,0x00,0x00,0x04,0x00,0x00,0x00,0x04,0x00,0x00,0x00,0x05,0x00,0x00,0x00,0x00,0x00,0x00,0x00,
    0x03,0x00,0x00,0x00,0x02,0x00,0x00,0x00,0x05,0x00,0x00,0x00,0x05,0x00,0x00,0x00,0x05,0x00,0x00,0x00,0x00,0x00,0x00,0x00,
    0x03,0x00,0x00,0x00,0x02,0x00,0x00,0x00,0x06,0x00,0x00,0x00,0x06,0x00,0x00,0x00,0x05,0x00,0x00,0x00,0x00,0x00,0x00,0x00,
    0x03,0x00,0x00,0x00,0x02,0x00,0x00,0x00,0x07,0x00,0x00,0x00,0x07,0x00,0x00,0x00,0x05,0x00,0x00,0x00,0x00,0x00,0x00,0x00,
    0x03,0x00,0x00,0x00,0x02,0x00,0x00,0x00,0x08,0x00,0x00,0x00,0x0f,0x00,0x00,0x00,0x04,0x00,0x00,0x00,0x00,0x00,0x00,0x00,
    0x7c,0x00,0x00,0x00,0x00,0x54,0x45,0x58,0x43,0x4f,0x4f,0x52,0x44,0x00,0x54,0x45,0x58,0x43,0x4f,0x4f,0x52,0x44,0x00,0x54,
    0x45,0x58,0x43,0x4f,0x4f,0x52,0x44,0x00,0x54,0x45,0x58,0x43,0x4f,0x4f,0x52,0x44,0x00,0x54,0x45,0x58,0x43,0x4f,0x4f,0x52,
    0x44,0x00,0x54,0x45,0x58,0x43,0x4f,0x4f,0x52,0x44,0x00,0x54,0x45,0x58,0x43,0x4f,0x4f,0x52,0x44,0x00,0x54,0x45,0x58,0x43,
    0x4f,0x4f,0x52,0x44,0x00,0x54,0x45,0x58,0x43,0x4f,0x4f,0x52,0x44,0x00,0x54,0x45,0x58,0x43,0x4f,0x4f,0x52,0x44,0x00,0x54,
    0x45,0x58,0x43,0x4f,0x4f,0x52,0x44,0x00,0x54,0x45,0x58,0x43,0x4f,0x4f,0x52,0x44,0x00,0x54,0x45,0x58,0x43,0x4f,0x4f,0x52,
    0x44,0x00,0x6d,0x61,0x69,0x6e,0x00,0x00,0x0d,0x00,0x00,0x00,0x00,0x00,0x00,0x00,0x01,0x00,0x00,0x00,0x02,0x00,0x00,0x00,
    0x03,0x00,0x00,0x00,0x04,0x00,0x00,0x00,0x05,0x00,0x00,0x00,0x06,0x00,0x00,0x00,0x07,0x00,0x00,0x00,0x08,0x00,0x00,0x00,
    0x09,0x00,0x00,0x00,0x0a,0x00,0x00,0x00,0x0b,0x00,0x00,0x00,0x0c,0x00,0x00,0x00,0x10,0x00,0x00,0x00,0x00,0x00,0x00,0x00,
    0x00,0x00,0x00,0x00,0x01,0x00,0x44,0x03,0x03,0x04,0x00,0x00,0x01,0x00,0x00,0x00,0x00,0x00,0x00,0x00,0x01,0x01,0x44,0x00,
    0x03,0x02,0x00,0x00,0x0a,0x00,0x00,0x00,0x01,0x00,0x00,0x00,0x01,0x02,0x44,0x00,0x03,0x02,0x00,0x00,0x13,0x00,0x00,0x00,
    0x02,0x00,0x00,0x00,0x01,0x03,0x44,0x00,0x03,0x01,0x00,0x00,0x1c,0x00,0x00,0x00,0x03,0x00,0x00,0x00,0x01,0x04,0x44,0x00,
    0x03,0x01,0x00,0x00,0x25,0x00,0x00,0x00,0x04,0x00,0x00,0x00,0x01,0x05,0x44,0x00,0x03,0x02,0x00,0x00,0x2e,0x00,0x00,0x00,
    0x05,0x00,0x00,0x00,0x01,0x06,0x44,0x00,0x03,0x02,0x00,0x00,0x37,0x00,0x00,0x00,0x06,0x00,0x00,0x00,0x01,0x07,0x44,0x00,
    0x03,0x02,0x00,0x00,0x40,0x00,0x00,0x00,0x07,0x00,0x00,0x00,0x01,0x08,0x44,0x00,0x03,0x02,0x00,0x00,0x49,0x00,0x00,0x00,
    0x08,0x00,0x00,0x00,0x01,0x09,0x44,0x00,0x03,0x02,0x00,0x00,0x52,0x00,0x00,0x00,0x09,0x00,0x00,0x00,0x01,0x0a,0x44,0x00,
    0x03,0x02,0x00,0x00,0x5b,0x00,0x00,0x00,0x0a,0x00,0x00,0x00,0x01,0x0b,0x44,0x00,0x03,0x02,0x00,0x00,0x64,0x00,0x00,0x00,
    0x0b,0x00,0x00,0x00,0x01,0x0c,0x44,0x00,0x03,0x02,0x00,0x00,0x6d,0x00,0x00,0x00,0x0c,0x00,0x00,0x00,0x01,0x0d,0x44,0x00,
    0x03,0x02,0x00,0x00,0x00,0x00,0x00,0x00,0x00,0x00,0x00,0x00,0x01,0x00,0x44,0x10,0x03,0x00,0x00,0x00,0x00,0x00,0x00,0x00,
    0x00,0x00,0x00,0x00,0x00,0x00,0x00,0x00,0x00,0x00,0x00,0x00,0x0f,0x00,0x00,0x00,0x0f,0x00,0x00,0x00,0x0f,0x00,0x00,0x00,
    0x0f,0x00,0x00,0x00,0x0f,0x00,0x00,0x00,0x0f,0x00,0x00,0x00,0x0f,0x00,0x00,0x00,0x0f,0x00,0x00,0x00,0x0f,0x00,0x00,0x00,
    0x0f,0x00,0x00,0x00,0x0f,0x00,0x00,0x00,0x0f,0x00,0x00,0x00,0x0f,0x00,0x00,0x00,0x0f,0x00,0x00,0x00,0x0f,0x00,0x00,0x00,
    0x0f,0x00,0x00,0x00,0x0f,0x00,0x00,0x00,0x0f,0x00,0x00,0x00,0x0f,0x00,0x00,0x00,0x0f,0x00,0x00,0x00,0x0f,0x00,0x00,0x00,
    0x0f,0x00,0x00,0x00,0x0f,0x00,0x00,0x00,0x0f,0x00,0x00,0x00,0x0f,0x00,0x00,0x00,0x0f,0x00,0x00,0x00,0x0f,0x00,0x00,0x00,
    0x0f,0x00,0x00,0x00,0x0f,0x00,0x00,0x00,0x0f,0x00,0x00,0x00,0x0f,0x00,0x00,0x00,0x0f,0x00,0x00,0x00,0x0f,0x00,0x00,0x00,
    0x0f,0x00,0x00,0x00,0x0f,0x00,0x00,0x00,0x0f,0x00,0x00,0x00,0x0f,0x00,0x00,0x00,0x0f,0x00,0x00,0x00,0x0f,0x00,0x00,0x00,
    0x0f,0x00,0x00,0x00,0x0f,0x00,0x00,0x00,0x0f,0x00,0x00,0x00,0x0f,0x00,0x00,0x00,0x0f,0x00,0x00,0x00,0x0f,0x00,0x00,0x00,
    0x0f,0x00,0x00,0x00,0x0f,0x00,0x00,0x00,0x0f,0x00,0x00,0x00,0x0f,0x00,0x00,0x00,0x00,0x00,0x00,0x00,0x07,0x00,0x00,0x00,
    0x07,0x00,0x00,0x00,0x53,0x54,0x41,0x54,0x14,0x0e,0x00,0x00,0x60,0x00,0x00,0x00,0x85,0x03,0x00,0x00,0x44,0x58,0x49,0x4c,
    0x00,0x01,0x00,0x00,0x10,0x00,0x00,0x00,0xfc,0x0d,0x00,0x00,0x42,0x43,0xc0,0xde,0x21,0x0c,0x00,0x00,0x7c,0x03,0x00,0x00,
    0x0b,0x82,0x20,0x00,0x02,0x00,0x00,0x00,0x13,0x00,0x00,0x00,0x07,0x81,0x23,0x91,0x41,0xc8,0x04,0x49,0x06,0x10,0x32,0x39,
    0x92,0x01,0x84,0x0c,0x25,0x05,0x08,0x19,0x1e,0x04,0x8b,0x62,0x80,0x1c,0x45,0x02,0x42,0x92,0x0b,0x42,0xe4,0x10,0x32,0x14,
    0x38,0x08,0x18,0x4b,0x0a,0x32,0x72,0x88,0x48,0x90,0x14,0x20,0x43,0x46,0x88,0xa5,0x00,0x19,0x32,0x42,0xe4,0x48,0x0e,0x90,
    0x91,0x23,0xc4,0x50,0x41,0x51,0x81,0x8c,0xe1,0x83,0xe5,0x8a,0x04,0x39,0x46,0x06,0x51,0x18,0x00,0x00,0x08,0x00,0x00,0x00,
    0x1b,0x8c,0xe0,0xff,0xff,0xff,0xff,0x07,0x40,0x02,0xa8,0x0d,0x84,0xf0,0xff,0xff,0xff,0xff,0x03,0x20,0x6d,0x30,0x86,0xff,
    0xff,0xff,0xff,0x1f,0x00,0x09,0xa8,0x00,0x49,0x18,0x00,0x00,0x03,0x00,0x00,0x00,0x13,0x82,0x60,0x42,0x20,0x4c,0x08,0x06,
    0x00,0x00,0x00,0x00,0x89,0x20,0x00,0x00,0x9c,0x00,0x00,0x00,0x32,0x22,0xc8,0x09,0x20,0x64,0x85,0x04,0x93,0x23,0xa4,0x84,
    0x04,0x93,0x23,0xe3,0x84,0xa1,0x90,0x14,0x12,0x4c,0x8e,0x8c,0x0b,0x84,0xe4,0x4c,0x10,0x84,0xc2,0x08,0x40,0x09,0x00,0x14,
    0x98,0x01,0x98,0x23,0x00,0x83,0x39,0x02,0xa4,0x18,0x03,0x02,0x81,0x50,0x20,0x90,0xa1,0x18,0x00,0x02,0x81,0x50,0x18,0x10,
    0x62,0x8e,0x20,0x28,0x03,0x80,0xa0,0xa0,0x45,0x19,0x06,0x84,0x01,0x35,0x8a,0x31,0x20,0x0c,0x06,0x83,0x01,0x3d,0x0a,0x31,
    0x20,0x0c,0x06,0x14,0xb9,0x69,0xb8,0xfc,0x09,0x7b,0x08,0xc9,0x5f,0x09,0x69,0x25,0x26,0xbf,0xb8,0x6d,0x54,0x0c,0x06,0x83,
    0x01,0x81,0x0a,0xf7,0x0c,0x97,0x3f,0x61,0x0f,0x21,0xf9,0x21,0xd0,0x0c,0x0b,0x81,0x02,0x4a,0x69,0x26,0x84,0x4a,0x65,0x30,
    0x18,0x0c,0x08,0x04,0xc2,0x60,0x40,0x96,0xc2,0x4c,0x08,0x95,0xca,0x60,0x30,0x18,0x10,0x08,0x84,0x01,0x61,0x6e,0x1a,0x2e,
    0x7f,0xc2,0x1e,0x42,0xf2,0x3b,0x84,0x21,0x1a,0x09,0x71,0x1a,0x09,0x11,0x04,0x02,0x81,0x50,0x08,0x0d,0xa1,0x42,0xa0,0x4d,
    0x21,0x08,0x04,0x02,0x81,0x3a,0x05,0x19,0x10,0x2a,0x95,0xc1,0x60,0xa0,0xa0,0x4f,0x51,0x26,0x84,0x0a,0x81,0x40,0x20,0x10,
    0x08,0x04,0x0a,0x15,0x64,0x40,0x18,0x0c,0x06,0x83,0xc1,0x80,0x46,0x47,0x0d,0x97,0x3f,0x61,0x0f,0x21,0xf9,0xdc,0x46,0x15,
    0x2b,0x31,0xf9,0xc5,0x6d,0x23,0x62,0x30,0x18,0x0c,0x0a,0x51,0x22,0x54,0x08,0x64,0x2a,0x46,0x85,0x50,0x20,0x10,0x14,0x84,
    0x1a,0x08,0x98,0x29,0x0c,0xc6,0x81,0x1d,0xc2,0x61,0x1e,0xe6,0xc1,0x0d,0x68,0xa1,0x1c,0xf0,0x81,0x1e,0xea,0x41,0x1e,0xca,
    0x41,0x0e,0x48,0x81,0x0f,0xcc,0x81,0x1d,0xde,0x21,0x1c,0xe8,0xc1,0x0f,0xf4,0x40,0x0f,0xda,0x21,0x1d,0xe0,0x61,0x1e,0x7e,
    0x81,0x1e,0xf2,0x01,0x1e,0xca,0x01,0x05,0x84,0x99,0xac,0x71,0x60,0x87,0x70,0x98,0x87,0x79,0x70,0x03,0x5a,0x28,0x07,0x7c,
    0xa0,0x87,0x7a,0x90,0x87,0x72,0x90,0x03,0x52,0xe0,0x03,0x73,0x60,0x87,0x77,0x08,0x07,0x7a,0xf0,0x03,0x24,0x0c,0x56,0xc4,
    0x1a,0x46,0x20,0x86,0x99,0xc8,0x60,0x1c,0xd8,0x21,0x1c,0xe6,0x61,0x1e,0xdc,0x80,0x16,0xca,0x01,0x1f,0xe8,0xa1,0x1e,0xe4,
    0xa1,0x1c,0x46,0xa1,0x1e,0xc4,0xa1,0x1c,0xf8,0xc0,0x1e,0xca,0x61,0x1c,0xe8,0xe1,0x1d,0xe4,0x81,0x0f,0xcc,0x81,0x1d,0xde,
    0x21,0x1c,0xe8,0x81,0x0d,0xc0,0x80,0x0e,0xfc,0x00,0x0c,0xfc,0x00,0x05,0x2e,0x7a,0xcd,0xd4,0x06,0xe3,0xc0,0x0e,0xe1,0x30,
    0x0f,0xf3,0xe0,0x06,0xb4,0x50,0x0e,0xf8,0x40,0x0f,0xf5,0x20,0x0f,0xe5,0x30,0x07,0xa4,0xc0,0x07,0xf6,0x50,0x0e,0xe3,0x40,
    0x0f,0xef,0x20,0x0f,0x7c,0x60,0x0e,0xec,0xf0,0x0e,0xe1,0x40,0x0f,0x6c,0x00,0x06,0x74,0xe0,0x07,0x60,0xe0,0x07,0x7a,0xa0,
    0x07,0xed,0x90,0x0e,0xf0,0x30,0x0f,0xbf,0x40,0x0f,0xf9,0x00,0x0f,0xe5,0x80,0x02,0xc2,0x4c,0x62,0x30,0x0e,0xec,0x10,0x0e,
    0xf3,0x30,0x0f,0x6e,0x40,0x0b,0xe5,0x80,0x0f,0xf4,0x50,0x0f,0xf2,0x50,0x0e,0x73,0x40,0x0a,0x7c,0x60,0x0f,0xe5,0x30,0x0e,
    0xf4,0xf0,0x0e,0xf2,0xc0,0x07,0xe6,0xc0,0x0e,0xef,0x10,0x0e,0xf4,0xc0,0x06,0x60,0x40,0x07,0x7e,0x00,0x06,0x7e,0x80,0x04,
    0x57,0x2c,0x11,0x64,0x34,0x4b,0x0a,0x57,0x42,0xb8,0xb2,0xc0,0x75,0x0a,0x47,0x7e,0x11,0x60,0x30,0x44,0x33,0x21,0xa3,0x66,
    0xb3,0xdd,0x6c,0x36,0xc2,0x5d,0x27,0x4d,0x11,0x25,0x4c,0x3e,0x0b,0x30,0xcf,0x42,0x44,0x9c,0xc3,0x3c,0x40,0x84,0x48,0x4e,
    0xc3,0x4e,0xc0,0x44,0xa0,0x80,0x40,0xba,0x9b,0xa4,0x29,0xa2,0x84,0xc9,0x67,0x01,0xe6,0x59,0x88,0x88,0x9d,0x80,0x89,0x40,
    0x01,0x81,0x78,0x89,0xc0,0x23,0x5f,0xea,0x10,0x00,0x00,0x00,0x13,0x14,0x72,0xc0,0x87,0x74,0x60,0x87,0x36,0x68,0x87,0x79,
    0x68,0x03,0x72,0xc0,0x87,0x0d,0xaf,0x50,0x0e,0x6d,0xd0,0x0e,0x7a,0x50,0x0e,0x6d,0x00,0x0f,0x7a,0x30,0x07,0x72,0xa0,0x07,
    0x73,0x20,0x07,0x6d,0x90,0x0e,0x71,0xa0,0x07,0x73,0x20,0x07,0x6d,0x90,0x0e,0x78,0xa0,0x07,0x73,0x20,0x07,0x6d,0x90,0x0e,
    0x71,0x60,0x07,0x7a,0x30,0x07,0x72,0xd0,0x06,0xe9,0x30,0x07,0x72,0xa0,0x07,0x73,0x20,0x07,0x6d,0x90,0x0e,0x76,0x40,0x07,
    0x7a,0x60,0x07,0x74,0xd0,0x06,0xe6,0x10,0x07,0x76,0xa0,0x07,0x73,0x20,0x07,0x6d,0x60,0x0e,0x73,0x20,0x07,0x7a,0x30,0x07,
    0x72,0xd0,0x06,0xe6,0x60,0x07,0x74,0xa0,0x07,0x76,0x40,0x07,0x6d,0xe0,0x0e,0x78,0xa0,0x07,0x71,0x60,0x07,0x7a,0x30,0x07,
    0x72,0xa0,0x07,0x76,0x40,0x07,0x43,0x9e,0x00,0x08,0x00,0x00,0x00,0x00,0x00,0x00,0x00,0x00,0x00,0x86,0x3c,0x06,0x10,0x00,
    0x01,0x00,0x00,0x00,0x00,0x00,0x00,0x00,0x0c,0x79,0x10,0x20,0x00,0x04,0x00,0x00,0x00,0x00,0x00,0x00,0x00,0x18,0xf2,0x2c,
    0x40,0x00,0x08,0x00,0x00,0x00,0x00,0x00,0x00,0x00,0x30,0xe4,0x69,0x80,0x00,0x08,0x00,0x00,0x00,0x00,0x00,0x00,0x00,0x60,
    0xc8,0xf3,0x00,0x01,0x10,0x00,0x00,0x00,0x00,0x00,0x00,0x00,0xc0,0x90,0x27,0x02,0x02,0x20,0x00,0x00,0x00,0x00,0x00,0x00,
    0x00,0x80,0x21,0x8f,0x05,0x04,0xc0,0x00,0x00,0x00,0x00,0x00,0x00,0x00,0x00,0x43,0x1e,0x0c,0x08,0x80,0x01,0x00,0x00,0x00,
    0x00,0x00,0x00,0x00,0x86,0x3c,0x16,0x10,0x00,0x03,0x00,0x00,0x00,0x00,0x00,0x00,0x00,0x0c,0x79,0x36,0x20,0x00,0x06,0x00,
    0x00,0x00,0x00,0x00,0x00,0x00,0x18,0xf2,0x74,0x40,0x00,0x04,0x00,0x00,0x00,0x00,0x00,0x00,0x00,0x30,0xe4,0xf9,0x80,0x00,
    0x18,0x00,0x00,0x00,0x00,0x00,0x00,0x00,0x60,0xc8,0x13,0x06,0x40,0x00,0x0c,0x00,0x00,0x00,0x00,0x00,0x00,0x00,0x30,0xe4,
    0x19,0x03,0x20,0x00,0x02,0x00,0x00,0x00,0x00,0x00,0x00,0x00,0x18,0xf2,0x98,0x01,0x10,0x00,0x03,0x00,0x00,0x00,0x00,0x00,
    0x00,0x00,0x0c,0x79,0xd0,0x00,0x08,0x80,0x01,0x00,0x00,0x00,0x00,0x00,0x00,0x00,0xb2,0x40,0x00,0x00,0x29,0x00,0x00,0x00,
    0x32,0x1e,0x98,0x18,0x19,0x11,0x4c,0x90,0x8c,0x09,0x26,0x47,0xc6,0x04,0x43,0x22,0x94,0xc0,0x08,0x40,0x31,0x14,0x41,0x49,
    0x94,0x41,0x21,0x94,0x42,0x39,0x14,0x44,0x81,0x5a,0x94,0x46,0x01,0x16,0x14,0x60,0x42,0x01,0x36,0x14,0xa8,0x43,0x81,0x4a,
    0x94,0x47,0x51,0x94,0x45,0x61,0x94,0xec,0x41,0xa1,0x47,0x94,0x7f,0x55,0x41,0x67,0x94,0x59,0xd9,0x14,0xff,0x01,0x15,0x4a,
    0xa2,0x0c,0x0a,0x61,0x04,0xa0,0x08,0x4a,0xa0,0x40,0x48,0x51,0x03,0xd4,0x9a,0x01,0x20,0xd8,0x0c,0x00,0xd1,0x66,0x00,0x08,
    0x37,0x03,0x40,0xb9,0x19,0x00,0xda,0xcd,0x00,0x50,0x6f,0x06,0x80,0x7e,0x33,0x00,0x04,0x1c,0x4b,0x0f,0xf0,0x80,0x00,0x00,
    0x00,0x78,0x9e,0xe7,0x79,0x9e,0xe7,0x79,0x9e,0xe7,0x79,0x9e,0xe7,0x79,0x9e,0xe7,0x79,0x9e,0xe7,0x79,0x9e,0xe7,0x79,0x9e,
    0xe7,0x79,0x9e,0xe7,0x79,0x9e,0xe7,0x79,0x9e,0xe7,0x79,0x9e,0xe7,0x79,0x80,0xe3,0x00,0x00,0x00,0x00,0x79,0x18,0x00,0x00,
    0x95,0x01,0x00,0x00,0x1a,0x03,0x4c,0x90,0x46,0x02,0x13,0xc4,0x31,0x20,0xc3,0x1b,0x43,0x81,0x93,0x4b,0xb3,0x0b,0xa3,0x2b,
    0x4b,0x01,0x89,0x71,0xc1,0x71,0x81,0x71,0xa1,0xb9,0x99,0xc9,0x01,0x41,0x21,0xcb,0x09,0xab,0x29,0xcb,0xb9,0x21,0x83,0x49,
    0xd9,0x10,0x04,0x13,0x04,0x22,0x9a,0x20,0x10,0xd2,0x06,0x61,0x20,0x36,0x08,0x04,0x41,0x01,0x6e,0x6e,0x82,0x40,0x4c,0x1b,
    0x86,0x03,0x21,0x26,0x08,0x6d,0x50,0x07,0x54,0xe6,0xbe,0xe8,0xca,0xf0,0xe8,0xea,0xe4,0xca,0x60,0x26,0x08,0x04,0x35,0x41,
    0x20,0xaa,0x0d,0x02,0xd1,0x6c,0x48,0x08,0x65,0x61,0x88,0x81,0x21,0x1c,0x2a,0x73,0x5f,0x74,0x65,0x78,0x74,0x75,0x72,0x65,
    0x31,0x1b,0x92,0x41,0x81,0x98,0x61,0x60,0x08,0x87,0xca,0xdc,0x17,0x5d,0x19,0x1e,0x5d,0x9d,0x5c,0x99,0xcc,0x86,0x84,0x51,
    0x24,0x86,0x19,0x18,0xc2,0x99,0x20,0x10,0x16,0x95,0xb9,0x2f,0xba,0x32,0x3c,0xba,0x3a,0xb9,0xb2,0x99,0x0d,0x09,0xa5,0x54,
    0x0c,0x35,0x30,0x84,0x33,0x41,0x20,0xae,0x09,0x02,0x1c,0xd8,0x01,0x9d,0xb9,0x2f,0xba,0x32,0x3c,0xba,0x3a,0xb9,0xb2,0xa1,
    0x3a,0xb1,0x32,0x98,0x09,0x02,0x81,0x6d,0x48,0x2e,0x2c,0x63,0xae,0x41,0x23,0x1c,0x3a,0x73,0x5f,0x74,0x65,0x78,0x74,0x75,
    0x72,0x65,0x43,0x75,0x62,0x65,0x31,0x1b,0x12,0x0d,0xe3,0x18,0x6d,0xd0,0x08,0x87,0xce,0xdc,0x17,0x5d,0x19,0x1e,0x5d,0x9d,
    0x5c,0xd9,0x50,0x9d,0x58,0x99,0xcc,0x86,0x04,0xc1,0x3c,0x06,0x19,0x34,0xc2,0x99,0x20,0x10,0x19,0x9d,0xb9,0x2f,0xba,0x32,
    0x3c,0xba,0x3a,0xb9,0xb2,0xa1,0x3a,0xb1,0xb2,0x99,0x0d,0x09,0x18,0x60,0x61,0xc0,0x80,0xc1,0xa0,0x11,0xce,0x04,0x81,0xd0,
    0x26,0x08,0x74,0x70,0x07,0x7c,0xe6,0xbe,0xe8,0xca,0xf0,0xe8,0xea,0xe4,0xca,0xac,0xde,0xd8,0xea,0xda,0xca,0x36,0x24,0x63,
    0x40,0x06,0x65,0xc0,0x8c,0xc1,0x18,0x5c,0x84,0xb3,0x21,0x79,0xa2,0xc9,0xda,0xba,0x4f,0x0c,0xcc,0x60,0x82,0x90,0x07,0x79,
    0x40,0x65,0x68,0xc9,0x48,0x2e,0xec,0xac,0xad,0xcc,0x8d,0x6e,0x82,0x40,0x6c,0x1b,0x10,0x02,0x0d,0xd2,0x80,0x22,0x06,0x35,
    0x00,0x36,0x04,0x6b,0x30,0x41,0xd8,0x03,0x3d,0x60,0x34,0xf7,0x45,0x57,0x86,0x47,0x57,0x27,0x57,0x06,0x33,0x15,0xd6,0x06,
    0xc7,0x56,0x26,0xb7,0x01,0x21,0xda,0xc0,0x0d,0x18,0x62,0x18,0x00,0x46,0x73,0x5f,0x74,0x65,0x78,0x74,0x75,0x72,0x65,0x31,
    0x53,0x61,0x6d,0x70,0x6c,0x65,0x72,0x1b,0x90,0xa1,0x0d,0xe0,0x80,0x19,0x86,0x01,0x60,0x34,0xf7,0x45,0x57,0x86,0x47,0x57,
    0x27,0x57,0x26,0x33,0x15,0xd6,0x06,0xc7,0x56,0x26,0xb7,0x01,0x61,0xda,0x40,0x0e,0x18,0x66,0x18,0x00,0x46,0x73,0x5f,0x74,
    0x65,0x78,0x74,0x75,0x72,0x65,0x33,0x53,0x61,0x6d,0x70,0x6c,0x65,0x72,0x1b,0x10,0xaa,0x0d,0xe8,0x80,0xa1,0x86,0x01,0x98,
    0x20,0xf4,0xc1,0x1e,0xb0,0x9a,0xfb,0xa2,0x2b,0xc3,0xa3,0xab,0x93,0x2b,0x1b,0xaa,0x13,0x2b,0x83,0x99,0x0a,0x6b,0x83,0x63,
    0x2b,0x93,0xdb,0x80,0x5c,0x76,0x70,0x07,0xcc,0x35,0x10,0x00,0xab,0xb9,0x2f,0xba,0x32,0x3c,0xba,0x3a,0xb9,0xb2,0xa1,0x3a,
    0xb1,0xb2,0x98,0xa9,0xb0,0x36,0x38,0xb6,0x32,0xb9,0x0d,0x88,0x66,0x07,0x79,0xc0,0x68,0x03,0x01,0xb0,0x9a,0xfb,0xa2,0x2b,
    0xc3,0xa3,0xab,0x93,0x2b,0x1b,0xaa,0x13,0x2b,0x93,0x99,0x0a,0x6b,0x83,0x63,0x2b,0x93,0xdb,0x80,0x20,0x76,0xb0,0x07,0x0c,
    0x32,0x10,0x00,0xab,0xb9,0x2f,0xba,0x32,0x3c,0xba,0x3a,0xb9,0xb2,0xa1,0x3a,0xb1,0xb2,0x99,0xa9,0xb0,0x36,0x38,0xb6,0x32,
    0xb9,0x0d,0x08,0x18,0xd8,0x41,0x1f,0x30,0x60,0x30,0x10,0xc0,0x04,0xe1,0x0f,0xf8,0x80,0xd6,0xdc,0x17,0x5d,0x19,0x1e,0x5d,
    0x9d,0x5c,0x99,0xd5,0x1b,0x5b,0x5d,0x5b,0xd9,0x54,0x58,0x1b,0x1c,0x5b,0x99,0xdc,0x06,0x64,0x0c,0xfe,0x00,0x14,0x98,0x31,
    0x18,0x03,0x02,0xd8,0x90,0xbc,0x41,0x1c,0xcc,0x41,0x1d,0xe0,0x81,0x1e,0xf0,0x81,0x1f,0x84,0xc2,0x06,0xe2,0x0c,0x00,0x36,
    0x10,0x85,0x09,0x02,0x1e,0xe0,0x01,0x9d,0xba,0x2f,0x33,0x33,0x22,0xb9,0xb0,0x3b,0xa8,0x30,0xb9,0xb0,0xb6,0xb9,0x09,0x82,
    0x42,0x07,0x13,0x04,0x82,0xdb,0xa0,0x20,0xa5,0x40,0x11,0x60,0xd0,0x34,0xa6,0x70,0x0a,0x17,0x93,0xba,0x2f,0xb1,0xba,0x36,
    0xb8,0x22,0x37,0xbb,0x09,0x02,0xd1,0x6d,0x50,0x90,0x54,0xa0,0x54,0x01,0x0c,0x9a,0xc6,0x14,0x4e,0xe1,0x62,0x53,0xf7,0x35,
    0x47,0x17,0x76,0x56,0x06,0x15,0x26,0x17,0xd6,0x36,0x37,0x41,0x20,0xbc,0x0d,0x0a,0xc2,0x0a,0x54,0x2b,0x80,0x41,0xd3,0x98,
    0xc2,0x29,0x5c,0x44,0xea,0xbe,0xcc,0xcc,0xa6,0xe0,0xca,0xc6,0x26,0x08,0xc4,0xb7,0x41,0x41,0x5e,0x81,0x82,0x05,0x30,0x68,
    0x1a,0x53,0x38,0x85,0x8b,0xce,0xd8,0xda,0x97,0xd8,0x9b,0x1c,0x59,0x99,0xdc,0xd0,0x1b,0xdb,0x9b,0xdc,0x04,0x81,0x00,0x83,
    0x0d,0x0a,0x22,0x0b,0xd4,0x2c,0x80,0x41,0xd3,0x98,0xc2,0x29,0x5c,0x74,0xc6,0xd6,0xbe,0xe6,0xc2,0xda,0xe0,0xd8,0xca,0xe4,
    0x92,0xdc,0xcc,0xde,0x26,0x08,0x44,0x18,0x6c,0x50,0x90,0x5a,0xa0,0x6c,0x01,0x0c,0x9a,0xc6,0x14,0x4e,0xe1,0xda,0x70,0xa8,
    0x01,0x2a,0xac,0x82,0x2b,0xc4,0x02,0x2d,0xdc,0xc2,0x86,0x81,0x20,0x05,0x5c,0x98,0x20,0x08,0xc0,0x06,0x60,0xc3,0x40,0xec,
    0xc2,0x2e,0x6c,0x08,0x78,0x61,0xc3,0x30,0xe8,0x42,0x2f,0x4c,0x10,0x40,0xa1,0x0f,0x36,0x04,0xbf,0x40,0xa2,0x2d,0x2c,0xcd,
    0x8d,0xcb,0x94,0xd5,0x17,0xd4,0xdb,0x5c,0x1a,0x5d,0xda,0x9b,0xdb,0x04,0xa1,0x68,0x83,0x09,0x42,0xe1,0x06,0x1b,0x02,0x62,
    0x82,0x50,0xbc,0xc1,0x04,0xa1,0x80,0x83,0x0d,0x0b,0x21,0x0e,0xe3,0x40,0x0e,0xe5,0x60,0x0e,0x83,0x39,0x10,0xe7,0x00,0x10,
    0xa1,0x2a,0xc2,0x1a,0x7a,0x7a,0x92,0x22,0x9a,0x20,0x14,0x71,0x30,0x41,0x20,0xc4,0x60,0x83,0x40,0xad,0xc3,0x86,0x65,0x48,
    0x87,0x71,0x38,0x87,0x72,0x50,0x87,0xc1,0x1c,0x86,0x73,0x60,0x87,0x0d,0xc1,0xb0,0x61,0x61,0xd2,0x61,0x1c,0xce,0xc1,0x1d,
    0xd4,0x61,0x30,0x07,0xe6,0x1c,0xd8,0x61,0x43,0xc0,0x4c,0x10,0x0a,0x39,0xd8,0xb0,0x50,0xe9,0x30,0x0e,0xe7,0x00,0x0f,0xf1,
    0x30,0x98,0x03,0x75,0x0e,0xec,0xb0,0x21,0xa0,0x36,0x2c,0x57,0x3a,0x8c,0xc3,0x39,0xcc,0x43,0x3c,0x0c,0xe6,0x70,0x9d,0x03,
    0x3b,0x6c,0x08,0xae,0x0d,0x8b,0x96,0x0e,0xe3,0x70,0x0e,0xf5,0xa0,0x0e,0x83,0x39,0x68,0xe7,0xc0,0x0e,0x1b,0x02,0x6d,0xc3,
    0x82,0xa4,0xc3,0x38,0x9c,0xc3,0x3d,0xa8,0xc3,0x60,0x0e,0xc8,0x39,0xb0,0xc3,0x86,0x00,0xd9,0xb0,0x80,0x41,0x3a,0x8c,0xc3,
    0x39,0xe4,0x83,0x3a,0x0c,0xe6,0x00,0x06,0xe7,0xc0,0x0e,0x1b,0x02,0x30,0xd8,0xb0,0x8c,0x41,0x3a,0x8c,0xc3,0x39,0xec,0x83,
    0x3a,0x0c,0xe6,0x30,0x06,0xe7,0xc0,0x0e,0x1b,0x82,0x31,0xd8,0xb0,0x34,0xe9,0x30,0x0e,0xe7,0xd0,0x0f,0xea,0x30,0x98,0x43,
    0x73,0x0e,0xec,0x30,0x41,0x20,0xc6,0x60,0x43,0xd0,0x6c,0x58,0xfe,0x21,0x1d,0xc6,0xe1,0x1c,0x40,0x42,0x1d,0x06,0x73,0xf8,
    0x87,0x73,0x60,0x87,0x09,0x02,0x41,0x06,0x1b,0x82,0x7f,0xd8,0xb0,0x88,0x44,0x3a,0x8c,0xc3,0x39,0x8c,0x84,0x3a,0x0c,0xe6,
    0x20,0x12,0xe7,0xc0,0x0e,0x13,0x04,0xa2,0x0c,0x36,0x04,0x22,0xb1,0x61,0x29,0x89,0x74,0x18,0x87,0x73,0x30,0x09,0x75,0x18,
    0xcc,0xa1,0x24,0xce,0x81,0x1d,0x36,0x04,0x25,0xb1,0x41,0xa0,0x4e,0x61,0xc3,0x72,0x0a,0xe9,0x30,0x0e,0xe7,0x80,0x12,0xea,
    0x30,0x98,0xc3,0x29,0x9c,0x43,0x4a,0x6c,0x70,0xd0,0xa1,0x1d,0xde,0x41,0x1e,0xe8,0xc1,0x1e,0xf0,0x41,0x1f,0xf8,0xc1,0x1f,
    0x42,0x82,0x24,0x4e,0x42,0x25,0x98,0x4c,0x59,0x7d,0x51,0x85,0xc9,0x9d,0x95,0xd1,0x4d,0x10,0x8a,0x39,0xd8,0xb0,0x10,0x2c,
    0x31,0x0e,0x2d,0x51,0x0e,0xe7,0x30,0x98,0x03,0x71,0x0e,0xec,0xb0,0x21,0x70,0x89,0x0d,0xc3,0x4a,0xbc,0x04,0xb0,0xa1,0xd0,
    0x85,0x70,0x80,0x89,0x51,0x00,0x88,0x88,0xc9,0x85,0xb9,0x8d,0xa1,0x95,0xcd,0x4d,0x10,0x08,0x33,0xa0,0x61,0xc6,0xf6,0x16,
    0x46,0x37,0x37,0x41,0x20,0xce,0x80,0x45,0x9a,0xdb,0x1c,0xdd,0xdc,0x04,0x81,0x40,0x03,0x12,0x69,0x6e,0x74,0x73,0x13,0x04,
    0x22,0x0d,0x68,0xcc,0xa5,0x9d,0x7d,0xb1,0x91,0x4d,0x10,0x08,0x35,0xa0,0x31,0x97,0x76,0xf6,0x35,0x47,0x47,0x84,0xae,0x0c,
    0xef,0x4b,0x2c,0x2d,0x6c,0x8e,0x07,0x5d,0x19,0xde,0xd7,0x58,0x1b,0x1c,0x11,0xba,0x32,0xbc,0x2f,0xb6,0xb7,0x30,0xb2,0x09,
    0x02,0xb1,0x06,0x44,0xe8,0xca,0xf0,0xbe,0xdc,0xde,0xe4,0xda,0x58,0xd4,0xa5,0xb9,0xd1,0xcd,0x4d,0x10,0x08,0x36,0xd8,0x60,
    0xc9,0xc4,0x4c,0xd0,0x44,0x4d,0xd8,0xc4,0x4d,0xe0,0x44,0x4e,0xe8,0xc4,0x4e,0xf0,0xc4,0xd5,0x13,0x9a,0x4f,0x5c,0x3f,0x01,
    0x16,0x61,0xa1,0x89,0xc5,0x58,0x54,0x61,0x63,0xb3,0x6b,0x73,0x49,0x23,0x2b,0x73,0xa3,0x9b,0x12,0x04,0x55,0xc8,0xf0,0x5c,
    0xec,0xca,0xe4,0xe6,0xd2,0xde,0xdc,0xa6,0x04,0x44,0x13,0x32,0x3c,0x17,0xbb,0x30,0x36,0xbb,0x32,0xb9,0x29,0x41,0x51,0x87,
    0x0c,0xcf,0x65,0x0e,0x2d,0x8c,0xac,0x4c,0xae,0xe9,0x8d,0xac,0x8c,0x6d,0x4a,0x80,0x94,0x21,0xc3,0x73,0x91,0x2b,0x9b,0x7b,
    0xab,0x93,0x1b,0x2b,0x9b,0x9b,0x12,0x88,0x42,0x25,0x32,0x3c,0x17,0xba,0x3c,0xb8,0xb2,0x20,0x37,0xb7,0x37,0xba,0x30,0xba,
    0xb4,0x37,0xb7,0xb9,0x29,0x02,0x2e,0xf4,0x42,0x1d,0x32,0x3c,0x17,0xbb,0xb4,0xb2,0xbb,0x24,0xb2,0x29,0xba,0x30,0xba,0xb2,
    0x29,0xc1,0x2f,0xd4,0x21,0xc3,0x73,0x29,0x73,0xa3,0x93,0xcb,0x83,0x7a,0x4b,0x73,0xa3,0x9b,0x9b,0x12,0xc0,0x44,0x17,0x32,
    0x3c,0x97,0xb1,0xb7,0x3a,0x37,0xba,0x32,0xb9,0xb9,0x29,0xc1,0x58,0x00,0x00,0x00,0x79,0x18,0x00,0x00,0x55,0x00,0x00,0x00,
    0x33,0x08,0x80,0x1c,0xc4,0xe1,0x1c,0x66,0x14,0x01,0x3d,0x88,0x43,0x38,0x84,0xc3,0x8c,0x42,0x80,0x07,0x79,0x78,0x07,0x73,
    0x98,0x71,0x0c,0xe6,0x00,0x0f,0xed,0x10,0x0e,0xf4,0x80,0x0e,0x33,0x0c,0x42,0x1e,0xc2,0xc1,0x1d,0xce,0xa1,0x1c,0x66,0x30,
    0x05,0x3d,0x88,0x43,0x38,0x84,0x83,0x1b,0xcc,0x03,0x3d,0xc8,0x43,0x3d,0x8c,0x03,0x3d,0xcc,0x78,0x8c,0x74,0x70,0x07,0x7b,
    0x08,0x07,0x79,0x48,0x87,0x70,0x70,0x07,0x7a,0x70,0x03,0x76,0x78,0x87,0x70,0x20,0x87,0x19,0xcc,0x11,0x0e,0xec,0x90,0x0e,
    0xe1,0x30,0x0f,0x6e,0x30,0x0f,0xe3,0xf0,0x0e,0xf0,0x50,0x0e,0x33,0x10,0xc4,0x1d,0xde,0x21,0x1c,0xd8,0x21,0x1d,0xc2,0x61,
    0x1e,0x66,0x30,0x89,0x3b,0xbc,0x83,0x3b,0xd0,0x43,0x39,0xb4,0x03,0x3c,0xbc,0x83,0x3c,0x84,0x03,0x3b,0xcc,0xf0,0x14,0x76,
    0x60,0x07,0x7b,0x68,0x07,0x37,0x68,0x87,0x72,0x68,0x07,0x37,0x80,0x87,0x70,0x90,0x87,0x70,0x60,0x07,0x76,0x28,0x07,0x76,
    0xf8,0x05,0x76,0x78,0x87,0x77,0x80,0x87,0x5f,0x08,0x87,0x71,0x18,0x87,0x72,0x98,0x87,0x79,0x98,0x81,0x2c,0xee,0xf0,0x0e,
    0xee,0xe0,0x0e,0xf5,0xc0,0x0e,0xec,0x30,0x03,0x62,0xc8,0xa1,0x1c,0xe4,0xa1,0x1c,0xcc,0xa1,0x1c,0xe4,0xa1,0x1c,0xdc,0x61,
    0x1c,0xca,0x21,0x1c,0xc4,0x81,0x1d,0xca,0x61,0x06,0xd6,0x90,0x43,0x39,0xc8,0x43,0x39,0x98,0x43,0x39,0xc8,0x43,0x39,0xb8,
    0xc3,0x38,0x94,0x43,0x38,0x88,0x03,0x3b,0x94,0xc3,0x2f,0xbc,0x83,0x3c,0xfc,0x82,0x3b,0xd4,0x03,0x3b,0xb0,0xc3,0x0c,0xc4,
    0x21,0x07,0x7c,0x70,0x03,0x7a,0x28,0x87,0x76,0x80,0x87,0x19,0xca,0xc3,0x0e,0xec,0x60,0x0f,0xed,0xe0,0x06,0xec,0xf0,0x0e,
    0xef,0x00,0x0f,0x33,0x22,0x88,0x1c,0xf0,0xc1,0x0d,0xc8,0x41,0x1c,0xce,0xc1,0x0d,0xec,0x21,0x1c,0xe4,0x81,0x1d,0xc2,0x21,
    0x1f,0xde,0xa1,0x1e,0xe8,0x61,0x06,0x13,0x91,0x03,0x3e,0xb8,0x81,0x38,0xc8,0x43,0x39,0x84,0xc3,0x3a,0xb8,0x81,0x38,0xc8,
    0x03,0x00,0x00,0x00,0x71,0x20,0x00,0x00,0x42,0x00,0x00,0x00,0x66,0x00,0x0d,0x97,0xef,0x3c,0x7e,0x80,0x34,0x40,0x84,0xf9,
    0xc5,0x6d,0xdb,0x02,0x34,0x5c,0xbe,0xf3,0xf8,0x01,0xd2,0x00,0x11,0xe6,0x23,0xb7,0x6d,0x0c,0xd6,0x70,0xf9,0xce,0xe3,0x0b,
    0xc0,0x22,0x50,0x0b,0x30,0x11,0x25,0xda,0xf9,0xc5,0x6d,0xdb,0xc3,0x36,0x5c,0xbe,0xf3,0xf8,0x42,0x40,0x15,0x05,0x11,0x95,
    0x0e,0x30,0x94,0x84,0x01,0x08,0x98,0x5f,0xdc,0xb6,0x41,0x48,0xc3,0xe5,0x3b,0x8f,0x2f,0x44,0x04,0x30,0x11,0x21,0xd0,0x0c,
    0x0b,0x61,0x03,0xcd,0x70,0xf9,0xce,0xe3,0x0f,0x88,0x24,0x00,0xd1,0x60,0x05,0xce,0x70,0xf9,0xce,0xe3,0x0f,0xce,0x64,0xfb,
    0xc5,0x6d,0x9b,0x83,0x33,0x5c,0xbe,0xf3,0xf8,0x83,0x33,0xdd,0x7e,0x71,0xdb,0xa6,0x30,0x0d,0x97,0xef,0x3c,0xbe,0x41,0x4c,
    0x1d,0xc2,0x10,0x8d,0x84,0x38,0x8d,0x64,0x01,0xd3,0x70,0xf9,0xce,0xe3,0x2f,0x0e,0x30,0x88,0xcd,0x43,0x4d,0x7e,0x71,0xdb,
    0x76,0x40,0x0d,0x97,0xef,0x3c,0xbe,0x04,0x30,0xcf,0x42,0x6c,0x08,0x20,0xf9,0xc5,0x6d,0x5b,0xc2,0x34,0x5c,0xbe,0xf3,0xf8,
    0x12,0xc0,0x3c,0x0b,0xc1,0x31,0x8f,0x5f,0xdc,0xb6,0x21,0x54,0xc3,0xe5,0x3b,0x8f,0x2f,0x01,0xcc,0xb3,0x10,0x25,0x51,0x11,
    0x8b,0x5f,0xdc,0xb6,0x09,0x54,0xc3,0xe5,0x3b,0x8f,0x2f,0x4d,0x4e,0x44,0xa0,0xd4,0xf4,0x50,0x93,0x5f,0xdc,0xb6,0x35,0x54,
    0xc3,0xe5,0x3b,0x8f,0x3f,0x11,0xd7,0x44,0x45,0x44,0xe9,0x00,0x83,0x5f,0xdc,0xb6,0x11,0x3c,0xc3,0xe5,0x3b,0x8f,0x4f,0x35,
    0x40,0x84,0xf9,0xc5,0x6d,0x1b,0x00,0xc1,0x00,0x48,0x03,0x00,0x00,0x00,0x00,0x00,0x48,0x41,0x53,0x48,0x14,0x00,0x00,0x00,
    0x00,0x00,0x00,0x00,0xf3,0x8e,0x50,0x25,0x70,0xa2,0x8e,0xcd,0x44,0xe7,0xdb,0xec,0x0e,0x92,0x23,0x14,0x44,0x58,0x49,0x4c,
    0x70,0x91,0x00,0x00,0x60,0x00,0x00,0x00,0x5c,0x24,0x00,0x00,0x44,0x58,0x49,0x4c,0x00,0x01,0x00,0x00,0x10,0x00,0x00,0x00,
    0x58,0x91,0x00,0x00,0x42,0x43,0xc0,0xde,0x21,0x0c,0x00,0x00,0x53,0x24,0x00,0x00,0x0b,0x82,0x20,0x00,0x02,0x00,0x00,0x00,
    0x13,0x00,0x00,0x00,0x07,0x81,0x23,0x91,0x41,0xc8,0x04,0x49,0x06,0x10,0x32,0x39,0x92,0x01,0x84,0x0c,0x25,0x05,0x08,0x19,
    0x1e,0x04,0x8b,0x62,0x80,0x1c,0x45,0x02,0x42,0x92,0x0b,0x42,0xe4,0x10,0x32,0x14,0x38,0x08,0x18,0x4b,0x0a,0x32,0x72,0x88,
    0x48,0x90,0x14,0x20,0x43,0x46,0x88,0xa5,0x00,0x19,0x32,0x42,0xe4,0x48,0x0e,0x90,0x91,0x23,0xc4,0x50,0x41,0x51,0x81,0x8c,
    0xe1,0x83,0xe5,0x8a,0x04,0x39,0x46,0x06,0x51,0x18,0x00,0x00,0x08,0x00,0x00,0x00,0x1b,0x8c,0xe0,0xff,0xff,0xff,0xff,0x07,
    0x40,0x02,0xa8,0x0d,0x84,0xf0,0xff,0xff,0xff,0xff,0x03,0x20,0x6d,0x30,0x86,0xff,0xff,0xff,0xff,0x1f,0x00,0x09,0xa8,0x00,
    0x49,0x18,0x00,0x00,0x03,0x00,0x00,0x00,0x13,0x82,0x60,0x42,0x20,0x4c,0x08,0x06,0x00,0x00,0x00,0x00,0x89,0x20,0x00,0x00,
    0x9c,0x00,0x00,0x00,0x32,0x22,0xc8,0x09,0x20,0x64,0x85,0x04,0x93,0x23,0xa4,0x84,0x04,0x93,0x23,0xe3,0x84,0xa1,0x90,0x14,
    0x12,0x4c,0x8e,0x8c,0x0b,0x84,0xe4,0x4c,0x10,0x88,0xc2,0x08,0x40,0x09,0x00,0x14,0x98,0x01,0x98,0x23,0x00,0x83,0x39,0x02,
    0xa4,0x18,0x03,0x02,0x81,0x50,0x20,0x90,0xa1,0x18,0x00,0x02,0x81,0x50,0x18,0x10,0x62,0x8e,0x20,0x28,0x03,0x80,0xa0,0xa0,
    0x45,0x19,0x06,0x84,0x01,0x35,0x8a,0x31,0x20,0x0c,0x06,0x83,0x01,0x3d,0x0a,0x31,0x20,0x0c,0x06,0x14,0xb9,0x69,0xb8,0xfc,
    0x09,0x7b,0x08,0xc9,0x5f,0x09,0x69,0x25,0x26,0xbf,0xb8,0x6d,0x54,0x0c,0x06,0x83,0x01,0x81,0x0a,0xf7,0x0c,0x97,0x3f,0x61,
    0x0f,0x21,0xf9,0x21,0xd0,0x0c,0x0b,0x81,0x02,0x4a,0x69,0x26,0x84,0x4a,0x65,0x30,0x18,0x0c,0x08,0x04,0xc2,0x60,0x40,0x96,
    0xc2,0x4c,0x08,0x95,0xca,0x60,0x30,0x18,0x10,0x08,0x84,0x01,0x61,0x6e,0x1a,0x2e,0x7f,0xc2,0x1e,0x42,0xf2,0x3b,0x84,0x21,
    0x1a,0x09,0x71,0x1a,0x09,0x11,0x04,0x02,0x81,0x50,0x08,0x0d,0xa1,0x42,0xa0,0x4d,0x21,0x08,0x04,0x02,0x81,0x3a,0x05,0x19,
    0x10,0x2a,0x95,0xc1,0x60,0xa0,0xa0,0x4f,0x51,0x26,0x84,0x0a,0x81,0x40,0x20,0x10,0x08,0x04,0x0a,0x15,0x64,0x40,0x18,0x0c,
    0x06,0x83,0xc1,0x80,0x46,0x47,0x0d,0x97,0x3f,0x61,0x0f,0x21,0xf9,0xdc,0x46,0x15,0x2b,0x31,0xf9,0xc5,0x6d,0x23,0x62,0x30,
    0x18,0x0c,0x0a,0x51,0x22,0x54,0x08,0x64,0x2a,0x46,0x85,0x50,0x20,0x10,0x14,0x84,0x1a,0x08,0x98,0x29,0x0c,0xc6,0x81,0x1d,
    0xc2,0x61,0x1e,0xe6,0xc1,0x0d,0x68,0xa1,0x1c,0xf0,0x81,0x1e,0xea,0x41,0x1e,0xca,0x41,0x0e,0x48,0x81,0x0f,0xcc,0x81,0x1d,
    0xde,0x21,0x1c,0xe8,0xc1,0x0f,0xf4,0x40,0x0f,0xda,0x21,0x1d,0xe0,0x61,0x1e,0x7e,0x81,0x1e,0xf2,0x01,0x1e,0xca,0x01,0x05,
    0x84,0x99,0xac,0x71,0x60,0x87,0x70,0x98,0x87,0x79,0x70,0x03,0x5a,0x28,0x07,0x7c,0xa0,0x87,0x7a,0x90,0x87,0x72,0x90,0x03,
    0x52,0xe0,0x03,0x73,0x60,0x87,0x77,0x08,0x07,0x7a,0xf0,0x03,0x24,0x0c,0x56,0xc4,0x1a,0x46,0x20,0x86,0x99,0xc8,0x60,0x1c,
    0xd8,0x21,0x1c,0xe6,0x61,0x1e,0xdc,0x80,0x16,0xca,0x01,0x1f,0xe8,0xa1,0x1e,0xe4,0xa1,0x1c,0x46,0xa1,0x1e,0xc4,0xa1,0x1c,
    0xf8,0xc0,0x1e,0xca,0x61,0x1c,0xe8,0xe1,0x1d,0xe4,0x81,0x0f,0xcc,0x81,0x1d,0xde,0x21,0x1c,0xe8,0x81,0x0d,0xc0,0x80,0x0e,
    0xfc,0x00,0x0c,0xfc,0x00,0x05,0x2e,0x7a,0xcd,0xd4,0x06,0xe3,0xc0,0x0e,0xe1,0x30,0x0f,0xf3,0xe0,0x06,0xb4,0x50,0x0e,0xf8,
    0x40,0x0f,0xf5,0x20,0x0f,0xe5,0x30,0x07,0xa4,0xc0,0x07,0xf6,0x50,0x0e,0xe3,0x40,0x0f,0xef,0x20,0x0f,0x7c,0x60,0x0e,0xec,
    0xf0,0x0e,0xe1,0x40,0x0f,0x6c,0x00,0x06,0x74,0xe0,0x07,0x60,0xe0,0x07,0x7a,0xa0,0x07,0xed,0x90,0x0e,0xf0,0x30,0x0f,0xbf,
    0x40,0x0f,0xf9,0x00,0x0f,0xe5,0x80,0x02,0xc2,0x4c,0x62,0x30,0x0e,0xec,0x10,0x0e,0xf3,0x30,0x0f,0x6e,0x40,0x0b,0xe5,0x80,
    0x0f,0xf4,0x50,0x0f,0xf2,0x50,0x0e,0x73,0x40,0x0a,0x7c,0x60,0x0f,0xe5,0x30,0x0e,0xf4,0xf0,0x0e,0xf2,0xc0,0x07,0xe6,0xc0,
    0x0e,0xef,0x10,0x0e,0xf4,0xc0,0x06,0x60,0x40,0x07,0x7e,0x00,0x06,0x7e,0x80,0x04,0x57,0x2c,0x11,0x64,0x34,0x4b,0x0a,0x57,
    0x42,0xb8,0xb2,0xc0,0x75,0x0a,0x47,0x7e,0x11,0x60,0x30,0x44,0x33,0x21,0xa3,0x66,0xb3,0xdd,0x6c,0x36,0xc2,0x5d,0x27,0x4d,
    0x11,0x25,0x4c,0x3e,0x0b,0x30,0xcf,0x42,0x44,0x9c,0xc3,0x3c,0x40,0x84,0x48,0x4e,0xc3,0x4e,0xc0,0x44,0xa0,0x80,0x40,0xba,
    0x9b,0xa4,0x29,0xa2,0x84,0xc9,0x67,0x01,0xe6,0x59,0x88,0x88,0x9d,0x80,0x89,0x40,0x01,0x81,0x78,0x89,0xc0,0x23,0x5f,0xea,
    0x10,0xa6,0x00,0x00,0x13,0x14,0x72,0xc0,0x87,0x74,0x60,0x87,0x36,0x68,0x87,0x79,0x68,0x03,0x72,0xc0,0x87,0x0d,0xaf,0x50,
    0x0e,0x6d,0xd0,0x0e,0x7a,0x50,0x0e,0x6d,0x00,0x0f,0x7a,0x30,0x07,0x72,0xa0,0x07,0x73,0x20,0x07,0x6d,0x90,0x0e,0x71,0xa0,
    0x07,0x73,0x20,0x07,0x6d,0x90,0x0e,0x78,0xa0,0x07,0x73,0x20,0x07,0x6d,0x90,0x0e,0x71,0x60,0x07,0x7a,0x30,0x07,0x72,0xd0,
    0x06,0xe9,0x30,0x07,0x72,0xa0,0x07,0x73,0x20,0x07,0x6d,0x90,0x0e,0x76,0x40,0x07,0x7a,0x60,0x07,0x74,0xd0,0x06,0xe6,0x10,
    0x07,0x76,0xa0,0x07,0x73,0x20,0x07,0x6d,0x60,0x0e,0x73,0x20,0x07,0x7a,0x30,0x07,0x72,0xd0,0x06,0xe6,0x60,0x07,0x74,0xa0,
    0x07,0x76,0x40,0x07,0x6d,0xe0,0x0e,0x78,0xa0,0x07,0x71,0x60,0x07,0x7a,0x30,0x07,0x72,0xa0,0x07,0x76,0x40,0x07,0x43,0x9e,
    0x00,0x00,0x00,0x00,0x00,0x00,0x00,0x00,0x00,0x00,0x00,0x86,0x3c,0x06,0x10,0x00,0x01,0x00,0x00,0x00,0x00,0x00,0x00,0x00,
    0x0c,0x79,0x10,0x20,0x00,0x04,0x00,0x00,0x00,0x00,0x00,0x00,0x00,0x18,0xf2,0x2c,0x40,0x00,0x08,0x00,0x00,0x00,0x00,0x00,
    0x00,0x00,0x30,0xe4,0x69,0x80,0x00,0x08,0x00,0x00,0x00,0x00,0x00,0x00,0x00,0x60,0xc8,0xf3,0x00,0x01,0x10,0x00,0x00,0x00,
    0x00,0x00,0x00,0x00,0xc0,0x90,0x27,0x02,0x02,0x20,0x00,0x00,0x00,0x00,0x00,0x00,0x00,0x80,0x21,0x8f,0x05,0x04,0xc0,0x00,
    0x00,0x00,0x00,0x00,0x00,0x00,0x00,0x43,0x1e,0x0c,0x08,0x80,0x01,0x00,0x00,0x00,0x00,0x00,0x00,0x00,0x86,0x3c,0x16,0x10,
    0x00,0x03,0x00,0x00,0x00,0x00,0x00,0x00,0x00,0x0c,0x79,0x36,0x20,0x00,0x06,0x00,0x00,0x00,0x00,0x00,0x00,0x00,0x18,0xf2,
    0x74,0x40,0x00,0x04,0x00,0x00,0x00,0x00,0x00,0x00,0x00,0x30,0xe4,0xf9,0x80,0x00,0x18,0x00,0x00,0x00,0x00,0x00,0x00,0x00,
    0x60,0xc8,0x13,0x06,0x40,0x00,0x0c,0x00,0x00,0x00,0x00,0x00,0x00,0x00,0x30,0xe4,0x19,0x03,0x20,0x00,0x02,0x00,0x00,0x00,
    0x00,0x00,0x00,0x00,0x18,0xf2,0x98,0x01,0x10,0x00,0x03,0x00,0x00,0x00,0x00,0x00,0x00,0x00,0x0c,0x79,0xd0,0x00,0x08,0x80,
    0x01,0x00,0x00,0x00,0x00,0x00,0x00,0x00,0xb2,0x40,0x00,0x00,0x20,0x00,0x00,0x00,0x32,0x1e,0x98,0x18,0x19,0x11,0x4c,0x90,
    0x8c,0x09,0x26,0x47,0xc6,0x04,0x43,0x22,0x94,0xc0,0x08,0x40,0x41,0x14,0x43,0x11,0x94,0x44,0x19,0x14,0x42,0x29,0x94,0x43,
    0x81,0x5a,0x94,0x47,0x51,0x94,0x45,0x61,0x94,0x06,0x15,0x4a,0xa2,0x0c,0x0a,0x61,0x04,0xa0,0x08,0x4a,0xa0,0x40,0xa8,0x35,
    0x03,0x40,0xb0,0x19,0x00,0xa2,0xcd,0x00,0x50,0x6e,0x06,0x80,0x76,0x33,0x00,0xd4,0x9b,0x01,0xa0,0xdf,0x0c,0x00,0x01,0xc7,
    0xd2,0x03,0x3c,0x20,0x00,0x00,0x00,0x9e,0xe7,0x79,0x9e,0xe7,0x79,0x9e,0xe7,0x79,0x9e,0xe7,0x79,0x9e,0xe7,0x79,0x9e,0xe7,
    0x79,0x9e,0xe7,0x79,0x9e,0xe7,0x79,0x9e,0xe7,0x79,0x9e,0xe7,0x79,0x9e,0xe7,0x79,0x9e,0xe7,0x79,0x1e,0xe0,0x38,0x00,0x00,
    0x79,0x18,0x00,0x00,0xdb,0x00,0x00,0x00,0x1a,0x03,0x4c,0x90,0x46,0x02,0x13,0xc4,0x31,0x20,0xc3,0x1b,0x43,0x81,0x93,0x4b,
    0xb3,0x0b,0xa3,0x2b,0x4b,0x01,0x89,0x71,0xc1,0x71,0x81,0x71,0xa1,0xb9,0x99,0xc9,0x01,0x41,0x21,0xcb,0x09,0xab,0x29,0xcb,
    0xb9,0x21,0x83,0x49,0xd9,0x10,0x04,0x13,0x04,0x22,0x9a,0x20,0x10,0xd2,0x06,0x61,0x20,0x26,0x08,0xc4,0xb4,0x41,0x18,0x0c,
    0x0a,0x70,0x73,0x13,0x04,0x82,0xda,0x30,0x20,0x09,0x31,0x41,0x68,0x03,0x34,0x20,0x30,0x41,0x20,0xaa,0x09,0x02,0x61,0x6d,
    0x10,0x08,0x67,0x43,0x42,0x2c,0x4c,0x43,0x0c,0x0d,0xf1,0x6c,0x48,0x86,0x85,0x69,0x86,0xa1,0x21,0x9e,0x0d,0x49,0xb3,0x30,
    0x4d,0x33,0x34,0xc4,0x33,0x41,0x20,0xae,0x0d,0xc9,0xb4,0x30,0xcd,0x34,0x34,0xc4,0x33,0x41,0x20,0xb0,0x09,0x02,0x1c,0xa4,
    0xc1,0x04,0x81,0xc8,0x36,0x24,0x95,0xc5,0x34,0xd5,0x70,0x11,0xcf,0x86,0xe4,0xb2,0x98,0xe6,0x1a,0x2e,0xe2,0xd9,0x90,0x24,
    0x16,0xd3,0x24,0xc3,0x45,0x3c,0x13,0x04,0x42,0xdb,0x90,0x6c,0x16,0xd3,0x6c,0xc3,0x45,0x3c,0x13,0x04,0x3a,0x50,0x83,0x0d,
    0x89,0xd1,0x31,0x8d,0x61,0x54,0xc4,0xb3,0x21,0x81,0x22,0x89,0xc2,0x32,0x8d,0xf3,0x26,0x08,0x79,0xb0,0x06,0x13,0x04,0x62,
    0xdb,0x80,0x10,0x60,0xc0,0x4c,0xc4,0x10,0x06,0xc0,0x86,0x40,0x0c,0x26,0x08,0x7b,0xc0,0x06,0x1b,0x10,0x82,0x0c,0x98,0x86,
    0x18,0x06,0x60,0x03,0x32,0x90,0x01,0xd3,0x0c,0xc3,0x00,0x6c,0x40,0x1a,0x32,0x60,0x9a,0x66,0x18,0x80,0x0d,0xc8,0x44,0x06,
    0x4c,0x33,0x0d,0x03,0x30,0x41,0xe8,0x83,0x36,0xd8,0x80,0x54,0x69,0xc0,0x34,0xd5,0x40,0x00,0x1b,0x90,0x2b,0x0d,0x98,0xe6,
    0x1a,0x08,0x60,0x03,0x92,0xa4,0x01,0xd3,0x24,0x03,0x01,0x6c,0x40,0xb6,0x34,0x60,0x9a,0x6d,0x20,0x80,0x09,0xc2,0x1f,0xb8,
    0xc1,0x06,0xc4,0x70,0x03,0xa6,0x31,0x0c,0x02,0xd8,0x90,0x94,0x81,0x19,0x9c,0x01,0x1a,0xa8,0xc1,0x1a,0xb0,0x41,0x1b,0xbc,
    0xc1,0x06,0xe2,0x03,0xc6,0x00,0x0e,0x26,0x08,0xa0,0xf0,0x06,0x1b,0x02,0x39,0x98,0x20,0x08,0x00,0x89,0xb6,0xb0,0x34,0x37,
    0x2e,0x53,0x56,0x5f,0x50,0x6f,0x73,0x69,0x74,0x69,0x6f,0x6e,0x13,0x84,0x22,0x0c,0x26,0x08,0x85,0x18,0x6c,0x08,0x88,0x09,
    0x42,0x31,0x06,0x13,0x84,0x82,0x0c,0x36,0x2c,0x84,0x1d,0xdc,0x01,0x1e,0xe4,0x81,0x1e,0x0c,0x7a,0x40,0xec,0x01,0x40,0x84,
    0xaa,0x08,0x6b,0xe8,0xe9,0x49,0x8a,0x68,0x82,0x50,0x94,0xc1,0x04,0x81,0xe0,0x36,0x08,0xd3,0x1f,0x6c,0x58,0x86,0x3e,0xb8,
    0x83,0x3d,0xc8,0x03,0x3f,0x18,0xf4,0x60,0xd8,0x03,0x50,0xd8,0x10,0x0c,0x1b,0x96,0xa6,0x0f,0xee,0x60,0x0f,0x44,0xc1,0x0f,
    0x06,0x3d,0x68,0xf6,0x00,0x14,0x36,0x04,0xcd,0x04,0xa1,0x30,0x83,0x0d,0xcb,0xd4,0x07,0x77,0xb0,0x07,0xa4,0x50,0x0a,0x83,
    0x1e,0x4c,0x7b,0x00,0x0a,0x1b,0x82,0x69,0xc3,0x52,0xf5,0xc1,0x1d,0xec,0xc1,0x29,0x94,0xc2,0xa0,0x07,0xd5,0x1e,0x80,0xc2,
    0x86,0xa0,0xda,0xb0,0x5c,0x7d,0x70,0x07,0x7b,0x90,0x0a,0x7e,0x30,0xe8,0xc1,0xb5,0x07,0xa0,0xb0,0x21,0xb8,0x36,0x2c,0x49,
    0x1f,0xdc,0xc1,0x1e,0xac,0x82,0x1f,0x0c,0x7a,0x90,0xec,0x01,0x28,0x6c,0x08,0x92,0x0d,0xcb,0xd6,0x07,0x77,0xb0,0x07,0xad,
    0xe0,0x07,0x83,0x1e,0x6c,0x7b,0x00,0x0a,0x1b,0x82,0x6d,0xc3,0x62,0xf4,0xc1,0x1d,0xec,0xc1,0x2b,0xf8,0xc1,0xa0,0x07,0xc6,
    0x1e,0x80,0xc2,0x86,0xc0,0xd8,0xb0,0x38,0x7d,0x70,0x07,0x7b,0x10,0x0b,0x7e,0x30,0xe8,0x81,0xb3,0x07,0xa0,0x30,0x41,0x20,
    0xba,0x0d,0x81,0xb3,0x61,0x99,0x85,0x3e,0xb8,0x83,0x3d,0xa0,0x05,0x3f,0x18,0xf4,0x60,0x16,0xf6,0x00,0x14,0x26,0x08,0x84,
    0xb7,0x21,0x98,0x85,0x0d,0x8b,0x2d,0xf4,0xc1,0x1d,0xec,0xc1,0x2d,0xf8,0xc1,0xa0,0x07,0xb6,0xb0,0x07,0xa0,0x30,0x41,0x20,
    0xbe,0x0d,0x81,0x2d,0x6c,0x58,0x72,0xa1,0x0f,0xee,0x60,0x0f,0x74,0xc1,0x0f,0x06,0x3d,0xc8,0x85,0x3d,0x00,0x85,0x09,0x02,
    0x01,0x06,0x1b,0x82,0x5c,0xd8,0x20,0x4c,0xbc,0xb0,0x61,0xe1,0x85,0x3e,0xb8,0x83,0x3d,0xe8,0x05,0x3f,0x18,0xf4,0x80,0x17,
    0xf6,0xc0,0x17,0x36,0x38,0x7c,0x10,0x0a,0xa3,0x60,0x0a,0xa8,0xa0,0x0a,0xac,0xe0,0x0a,0xb0,0x20,0x0b,0xb5,0x80,0x0b,0xbb,
    0xf0,0x0b,0x4c,0xa6,0xac,0xbe,0xa8,0xc2,0xe4,0xce,0xca,0xe8,0x26,0x08,0xc5,0x19,0x6c,0x58,0x88,0x70,0xb8,0x03,0x71,0xc8,
    0x83,0x3d,0x18,0xf4,0x80,0xd8,0x03,0x50,0xd8,0x10,0x8c,0xc3,0x86,0x01,0x1c,0xc8,0x01,0xd8,0x50,0xd0,0x41,0x1d,0x94,0x43,
    0x1c,0x00,0x55,0xd8,0xd8,0xec,0xda,0x5c,0xd2,0xc8,0xca,0xdc,0xe8,0xa6,0x04,0x41,0x15,0x32,0x3c,0x17,0xbb,0x32,0xb9,0xb9,
    0xb4,0x37,0xb7,0x29,0x01,0xd1,0x84,0x0c,0xcf,0xc5,0x2e,0x8c,0xcd,0xae,0x4c,0x6e,0x4a,0x60,0xd4,0x21,0xc3,0x73,0x99,0x43,
    0x0b,0x23,0x2b,0x93,0x6b,0x7a,0x23,0x2b,0x63,0x9b,0x12,0x24,0x65,0xc8,0xf0,0x5c,0xe4,0xca,0xe6,0xde,0xea,0xe4,0xc6,0xca,
    0xe6,0xa6,0x04,0x70,0x50,0x87,0x0c,0xcf,0xc5,0x2e,0xad,0xec,0x2e,0x89,0x6c,0x8a,0x2e,0x8c,0xae,0x6c,0x4a,0x20,0x07,0x75,
    0xc8,0xf0,0x5c,0xca,0xdc,0xe8,0xe4,0xf2,0xa0,0xde,0xd2,0xdc,0xe8,0xe6,0xa6,0x04,0xe5,0x00,0x00,0x00,0x79,0x18,0x00,0x00,
    0x55,0x00,0x00,0x00,0x33,0x08,0x80,0x1c,0xc4,0xe1,0x1c,0x66,0x14,0x01,0x3d,0x88,0x43,0x38,0x84,0xc3,0x8c,0x42,0x80,0x07,
    0x79,0x78,0x07,0x73,0x98,0x71,0x0c,0xe6,0x00,0x0f,0xed,0x10,0x0e,0xf4,0x80,0x0e,0x33,0x0c,0x42,0x1e,0xc2,0xc1,0x1d,0xce,
    0xa1,0x1c,0x66,0x30,0x05,0x3d,0x88,0x43,0x38,0x84,0x83,0x1b,0xcc,0x03,0x3d,0xc8,0x43,0x3d,0x8c,0x03,0x3d,0xcc,0x78,0x8c,
    0x74,0x70,0x07,0x7b,0x08,0x07,0x79,0x48,0x87,0x70,0x70,0x07,0x7a,0x70,0x03,0x76,0x78,0x87,0x70,0x20,0x87,0x19,0xcc,0x11,
    0x0e,0xec,0x90,0x0e,0xe1,0x30,0x0f,0x6e,0x30,0x0f,0xe3,0xf0,0x0e,0xf0,0x50,0x0e,0x33,0x10,0xc4,0x1d,0xde,0x21,0x1c,0xd8,
    0x21,0x1d,0xc2,0x61,0x1e,0x66,0x30,0x89,0x3b,0xbc,0x83,0x3b,0xd0,0x43,0x39,0xb4,0x03,0x3c,0xbc,0x83,0x3c,0x84,0x03,0x3b,
    0xcc,0xf0,0x14,0x76,0x60,0x07,0x7b,0x68,0x07,0x37,0x68,0x87,0x72,0x68,0x07,0x37,0x80,0x87,0x70,0x90,0x87,0x70,0x60,0x07,
    0x76,0x28,0x07,0x76,0xf8,0x05,0x76,0x78,0x87,0x77,0x80,0x87,0x5f,0x08,0x87,0x71,0x18,0x87,0x72,0x98,0x87,0x79,0x98,0x81,
    0x2c,0xee,0xf0,0x0e,0xee,0xe0,0x0e,0xf5,0xc0,0x0e,0xec,0x30,0x03,0x62,0xc8,0xa1,0x1c,0xe4,0xa1,0x1c,0xcc,0xa1,0x1c,0xe4,
    0xa1,0x1c,0xdc,0x61,0x1c,0xca,0x21,0x1c,0xc4,0x81,0x1d,0xca,0x61,0x06,0xd6,0x90,0x43,0x39,0xc8,0x43,0x39,0x98,0x43,0x39,
    0xc8,0x43,0x39,0xb8,0xc3,0x38,0x94,0x43,0x38,0x88,0x03,0x3b,0x94,0xc3,0x2f,0xbc,0x83,0x3c,0xfc,0x82,0x3b,0xd4,0x03,0x3b,
    0xb0,0xc3,0x0c,0xc4,0x21,0x07,0x7c,0x70,0x03,0x7a,0x28,0x87,0x76,0x80,0x87,0x19,0xca,0xc3,0x0e,0xec,0x60,0x0f,0xed,0xe0,
    0x06,0xec,0xf0,0x0e,0xef,0x00,0x0f,0x33,0x22,0x88,0x1c,0xf0,0xc1,0x0d,0xc8,0x41,0x1c,0xce,0xc1,0x0d,0xec,0x21,0x1c,0xe4,
    0x81,0x1d,0xc2,0x21,0x1f,0xde,0xa1,0x1e,0xe8,0x61,0x06,0x13,0x91,0x03,0x3e,0xb8,0x81,0x38,0xc8,0x43,0x39,0x84,0xc3,0x3a,
    0xb8,0x81,0x38,0xc8,0x03,0x00,0x00,0x00,0x71,0x20,0x00,0x00,0x42,0x00,0x00,0x00,0x66,0x00,0x0d,0x97,0xef,0x3c,0x7e,0x80,
    0x34,0x40,0x84,0xf9,0xc5,0x6d,0xdb,0x02,0x34,0x5c,0xbe,0xf3,0xf8,0x01,0xd2,0x00,0x11,0xe6,0x23,0xb7,0x6d,0x0c,0xd6,0x70,
    0xf9,0xce,0xe3,0x0b,0xc0,0x22,0x50,0x0b,0x30,0x11,0x25,0xda,0xf9,0xc5,0x6d,0xdb,0xc3,0x36,0x5c,0xbe,0xf3,0xf8,0x42,0x40,
    0x15,0x05,0x11,0x95,0x0e,0x30,0x94,0x84,0x01,0x08,0x98,0x5f,0xdc,0xb6,0x41,0x48,0xc3,0xe5,0x3b,0x8f,0x2f,0x44,0x04,0x30,
    0x11,0x21,0xd0,0x0c,0x0b,0x61,0x03,0xcd,0x70,0xf9,0xce,0xe3,0x0f,0x88,0x24,0x00,0xd1,0x60,0x05,0xce,0x70,0xf9,0xce,0xe3,
    0x0f,0xce,0x64,0xfb,0xc5,0x6d,0x9b,0x83,0x33,0x5c,0xbe,0xf3,0xf8,0x83,0x33,0xdd,0x7e,0x71,0xdb,0xa6,0x30,0x0d,0x97,0xef,
    0x3c,0xbe,0x41,0x4c,0x1d,0xc2,0x10,0x8d,0x84,0x38,0x8d,0x64,0x01,0xd3,0x70,0xf9,0xce,0xe3,0x2f,0x0e,0x30,0x88,0xcd,0x43,
    0x4d,0x7e,0x71,0xdb,0x76,0x40,0x0d,0x97,0xef,0x3c,0xbe,0x04,0x30,0xcf,0x42,0x6c,0x08,0x20,0xf9,0xc5,0x6d,0x5b,0xc2,0x34,
    0x5c,0xbe,0xf3,0xf8,0x12,0xc0,0x3c,0x0b,0xc1,0x31,0x8f,0x5f,0xdc,0xb6,0x21,0x54,0xc3,0xe5,0x3b,0x8f,0x2f,0x01,0xcc,0xb3,
    0x10,0x25,0x51,0x11,0x8b,0x5f,0xdc,0xb6,0x09,0x54,0xc3,0xe5,0x3b,0x8f,0x2f,0x4d,0x4e,0x44,0xa0,0xd4,0xf4,0x50,0x93,0x5f,
    0xdc,0xb6,0x35,0x54,0xc3,0xe5,0x3b,0x8f,0x3f,0x11,0xd7,0x44,0x45,0x44,0xe9,0x00,0x83,0x5f,0xdc,0xb6,0x11,0x3c,0xc3,0xe5,
    0x3b,0x8f,0x4f,0x35,0x40,0x84,0xf9,0xc5,0x6d,0x1b,0x00,0xc1,0x00,0x48,0x03,0x00,0x61,0x20,0x00,0x00,0x98,0x21,0x00,0x00,
    0x13,0x04,0xf3,0x17,0x0b,0x04,0x00,0x00,0x3b,0x00,0x00,0x00,0xa4,0xa8,0x81,0x11,0x00,0x22,0x14,0x69,0x40,0x01,0x02,0x12,
    0x14,0x4e,0x01,0x02,0x02,0x0a,0x14,0x20,0x20,0xe0,0x43,0xf9,0xff,0xff,0x3f,0xd4,0x20,0x41,0x01,0x02,0x02,0x22,0x14,0x20,
    0x20,0x60,0x40,0x01,0x02,0x0a,0x94,0x4c,0xb9,0x15,0x47,0x41,0x15,0xf8,0x40,0x0d,0xcc,0x00,0x94,0x51,0x21,0x95,0x52,0x31,
    0x95,0x5d,0xd9,0x94,0x4f,0x09,0x06,0x14,0x61,0x40,0xb1,0x94,0x5c,0x41,0x06,0x54,0x41,0x81,0x14,0x60,0x40,0xa9,0x94,0x5e,
    0xc1,0x14,0x5f,0x01,0x15,0x5c,0xa1,0x15,0x20,0x4f,0x01,0x42,0x94,0x48,0x01,0x12,0x14,0x4f,0x91,0x14,0x4a,0x99,0x06,0x14,
    0x6a,0x40,0x01,0x02,0x02,0x1a,0x94,0x68,0x40,0x99,0x14,0x4d,0xb1,0x95,0x0b,0x0d,0xc6,0x08,0x40,0x10,0x04,0xf1,0x6e,0x8c,
    0x00,0x04,0x41,0xff,0x0e,0x83,0x31,0x82,0xbe,0x6f,0x59,0x5c,0x17,0xc6,0x08,0xf6,0x58,0x8d,0xf7,0x5f,0x18,0x23,0x00,0x41,
    0x10,0xc4,0x7f,0x61,0x8c,0x80,0x84,0x41,0x11,0xff,0x85,0x31,0x02,0x11,0x05,0x43,0x10,0x0c,0xc6,0x08,0x6e,0xbc,0x1d,0x5b,
    0x5e,0x18,0x23,0xe8,0xfb,0x96,0xc5,0xb5,0x31,0x82,0x1b,0x6f,0xc7,0x96,0x1b,0x23,0x00,0x41,0x10,0x84,0xbf,0x31,0x02,0x10,
    0x04,0x41,0x14,0x0c,0xc6,0x08,0x40,0x10,0x04,0x41,0x30,0x98,0x01,0x18,0x23,0x00,0x41,0x10,0x84,0x7f,0x61,0x04,0x60,0x8c,
    0x00,0x04,0x41,0x10,0xff,0x00,0x00,0x00,0x23,0x06,0x09,0x00,0x82,0x60,0x80,0x06,0xe9,0xc0,0x06,0xb5,0xf0,0x0b,0xbf,0x80,
    0x0a,0x23,0x06,0x09,0x00,0x82,0x60,0x80,0x06,0xea,0xd0,0x06,0xb6,0x60,0x0e,0xe6,0x90,0x0a,0x23,0x06,0x09,0x00,0x82,0x60,
    0x80,0x06,0xeb,0xe0,0x06,0xb7,0x20,0x0e,0xe2,0xa0,0x0a,0x23,0x06,0x09,0x00,0x82,0x60,0x80,0x06,0xec,0xf0,0x06,0xb8,0x40,
    0x0e,0xe4,0xb0,0x0a,0x23,0x06,0x09,0x00,0x82,0x60,0x80,0x06,0xed,0x00,0x07,0xb9,0x60,0x0e,0xe6,0xc0,0x0a,0x23,0x06,0x09,
    0x00,0x82,0x60,0x80,0x06,0xee,0x10,0x07,0xba,0x90,0x0e,0xe9,0xd0,0x0a,0x23,0x06,0x09,0x00,0x82,0x60,0x80,0x06,0xef,0x20,
    0x07,0xbb,0xe0,0x0e,0xee,0xe0,0x0a,0x23,0x06,0x09,0x00,0x82,0x60,0x80,0x06,0xf0,0x30,0x07,0xbc,0xe0,0x0e,0xee,0xf0,0x0a,
    0x23,0x06,0x09,0x00,0x82,0x60,0x80,0x06,0xf1,0x40,0x07,0xbf,0x70,0x0e,0xe7,0x00,0x0b,0x23,0x06,0x09,0x00,0x82,0x60,0x80,
    0x06,0xf2,0x50,0x07,0xe0,0xe0,0x0e,0xee,0x10,0x0b,0x23,0x06,0x09,0x00,0x82,0x60,0x80,0x06,0xf3,0x60,0x07,0xe1,0xa0,0x0e,
    0xea,0x20,0x0b,0x23,0x06,0x09,0x00,0x82,0x60,0x80,0x06,0xf4,0x70,0x07,0xe2,0xc0,0x0e,0xec,0x30,0x0b,0x23,0x06,0x09,0x00,
    0x82,0x60,0x80,0x06,0xf5,0x80,0x07,0xe3,0xe0,0x0e,0xee,0x40,0x0b,0x23,0x06,0x09,0x00,0x82,0x60,0x80,0x06,0xf6,0x90,0x07,
    0xe4,0x10,0x0f,0xf1,0x50,0x0b,0x23,0x06,0x09,0x00,0x82,0x60,0x80,0x06,0xf7,0xa0,0x07,0xe5,0x60,0x0f,0xf6,0x60,0x0b,0x23,
    0x06,0x09,0x00,0x82,0x60,0x80,0x06,0xf8,0xb0,0x07,0xe6,0x60,0x0f,0xf6,0x70,0x0b,0x23,0x06,0x09,0x00,0x82,0x60,0x80,0x06,
    0xf9,0xc0,0x07,0xe4,0x70,0x0f,0xf7,0x80,0x0b,0x23,0x06,0x09,0x00,0x82,0x60,0x60,0xa4,0x84,0x3c,0xa8,0x03,0x3e,0x98,0x03,
    0x2a,0x8c,0x18,0x24,0x00,0x08,0x82,0x81,0xa1,0x12,0xf3,0xb0,0x0e,0xf9,0x60,0x0e,0xa9,0x30,0x62,0x90,0x00,0x20,0x08,0x06,
    0xc6,0x4a,0xd0,0x03,0x3b,0xe8,0x83,0x3a,0xa8,0xc2,0x88,0x41,0x02,0x80,0x20,0x18,0x18,0x2c,0x51,0x0f,0xee,0xb0,0x0f,0xe9,
    0xb0,0x0a,0x23,0x06,0x09,0x00,0x82,0x60,0x60,0xb4,0x84,0x3d,0xbc,0x03,0x3f,0xa0,0x03,0x2b,0x8c,0x18,0x24,0x00,0x08,0x82,
    0x81,0xe1,0x12,0xf7,0x00,0x0f,0xfd,0xa0,0x0e,0xad,0x30,0x62,0x90,0x00,0x20,0x08,0x06,0xc6,0x4b,0xe0,0x43,0x3c,0xf8,0x83,
    0x3b,0xb8,0xc2,0x88,0x41,0x02,0x80,0x20,0x18,0x18,0x30,0x91,0x0f,0xf3,0xf0,0x0f,0xed,0xf0,0x0a,0x23,0x06,0x09,0x00,0x82,
    0x60,0x60,0xc4,0x84,0x3e,0xd0,0x03,0x48,0xb0,0x03,0x2c,0x8c,0x18,0x24,0x00,0x08,0x82,0x81,0x21,0x13,0xfb,0x50,0x0f,0x21,
    0xe1,0x0e,0xb1,0x30,0x62,0x90,0x00,0x20,0x08,0x06,0xc6,0x4c,0xf0,0x83,0x3d,0x88,0x84,0x3c,0xc8,0xc2,0x88,0x41,0x02,0x80,
    0x20,0x18,0x18,0x34,0xd1,0x0f,0xf8,0x30,0x12,0xf1,0x30,0x0b,0x23,0x06,0x09,0x00,0x82,0x60,0x60,0xd4,0x84,0x3f,0xe4,0x03,
    0x49,0xc0,0x03,0x2d,0x8c,0x18,0x24,0x00,0x08,0x82,0x81,0x61,0x13,0xff,0xa0,0x0f,0x25,0x21,0x0f,0xb5,0x30,0x62,0x90,0x00,
    0x20,0x08,0x06,0xc6,0x4d,0x80,0xc4,0x3e,0x98,0x84,0x3d,0xd8,0xc2,0x88,0x41,0x02,0x80,0x20,0x18,0x18,0x38,0x11,0x12,0x23,
    0x71,0x12,0xf5,0x70,0x0b,0x23,0x06,0x09,0x00,0x82,0x60,0x60,0xe4,0x84,0x48,0x90,0x04,0x4a,0xd0,0x03,0x2e,0x8c,0x18,0x24,
    0x00,0x08,0x82,0x81,0xa1,0x13,0x23,0x51,0x12,0x29,0x61,0x0f,0xb9,0x30,0x62,0x90,0x00,0x20,0x08,0x06,0xc6,0x4e,0x90,0x84,
    0x49,0xa8,0x84,0x3e,0xe8,0xc2,0x88,0x41,0x02,0x80,0x20,0x18,0x18,0x3c,0x51,0x12,0x2a,0xb1,0x12,0xf9,0xb0,0x0b,0x23,0x06,
    0x09,0x00,0x82,0x60,0x60,0xf4,0x84,0x49,0xac,0x04,0x4b,0xe0,0x03,0x2f,0x8c,0x18,0x24,0x00,0x08,0x82,0x81,0xe1,0x13,0x27,
    0xc1,0x12,0x2d,0xa1,0x0f,0xbd,0x30,0x62,0x90,0x00,0x20,0x08,0x06,0xc6,0x4f,0xa0,0x44,0x4b,0xb8,0x84,0x3f,0xf8,0xc2,0x88,
    0x41,0x02,0x80,0x20,0x18,0x18,0x60,0x91,0x12,0x27,0xf1,0x12,0xfd,0xf0,0x0b,0x23,0x06,0x09,0x00,0x82,0x60,0x60,0x84,0x85,
    0x4a,0xa0,0x04,0x4c,0xf0,0x03,0x38,0x8c,0x18,0x24,0x00,0x08,0x82,0x81,0x21,0x16,0x2b,0x91,0x12,0x31,0xe1,0x0f,0xe1,0x30,
    0x62,0x90,0x00,0x20,0x08,0x06,0xc6,0x58,0xb0,0x84,0x4a,0xc8,0x84,0x48,0x88,0xc3,0x88,0x41,0x02,0x80,0x20,0x18,0x18,0x64,
    0xd1,0x12,0x31,0x31,0x13,0x21,0x31,0x0e,0x23,0x06,0x09,0x00,0x82,0x60,0x60,0x94,0x85,0x4b,0xc8,0x04,0x4d,0x80,0x04,0x39,
    0x8c,0x18,0x24,0x00,0x08,0x82,0x81,0x61,0x16,0x2f,0x31,0x13,0x35,0x21,0x12,0xe5,0x30,0x62,0x90,0x00,0x20,0x08,0x06,0xc6,
    0x59,0xc0,0x04,0x4d,0xd8,0x84,0x49,0x98,0xc3,0x88,0x41,0x02,0x80,0x20,0x18,0x18,0x68,0x11,0x13,0x30,0x71,0x13,0x25,0x71,
    0x0e,0x23,0x06,0x09,0x00,0x82,0x60,0x60,0xa4,0x85,0x4c,0xc4,0x04,0x4e,0x90,0x04,0x3a,0x8c,0x18,0x24,0x00,0x08,0x82,0x81,
    0xa1,0x16,0x33,0x21,0x13,0x39,0x61,0x12,0xe9,0x30,0x62,0x90,0x00,0x20,0x08,0x06,0xc6,0x5a,0xd0,0xc4,0x4c,0xe8,0x84,0x4a,
    0xa8,0xc3,0x88,0x41,0x02,0x80,0x20,0x18,0x18,0x6c,0x51,0x13,0x35,0xb1,0x13,0x29,0xb1,0x0e,0x23,0x06,0x09,0x00,0x82,0x60,
    0x60,0xb4,0x85,0x4d,0xd8,0x04,0x4f,0xa0,0x04,0x3b,0x8c,0x18,0x24,0x00,0x08,0x82,0x81,0xe1,0x16,0x37,0x71,0x13,0x3d,0xa1,
    0x12,0xed,0x30,0x62,0x90,0x00,0x20,0x08,0x06,0xc6,0x5b,0xe0,0x04,0x4e,0xf8,0x84,0x4b,0xb8,0xc3,0x88,0x41,0x02,0x80,0x20,
    0x18,0x18,0x70,0x91,0x13,0x3a,0xf1,0x13,0x2d,0xf1,0x0e,0x23,0x06,0x09,0x00,0x82,0x60,0x60,0xc4,0x85,0x4e,0xec,0x04,0x58,
    0xb0,0x04,0x3c,0x8c,0x18,0x24,0x00,0x08,0x82,0x81,0x21,0x17,0x3b,0xc1,0x13,0x61,0xe1,0x12,0xf1,0x30,0x62,0x90,0x00,0x20,
    0x08,0x06,0xc6,0x5c,0xf0,0x44,0x4f,0x88,0x85,0x4c,0xc8,0xc3,0x88,0x41,0x02,0x80,0x20,0x18,0x18,0x74,0xd1,0x13,0x60,0x31,
    0x16,0x31,0x31,0x0f,0x23,0x06,0x09,0x00,0x82,0x60,0x60,0xd4,0x85,0x4f,0x84,0x05,0x59,0xc0,0x04,0x3d,0x8c,0x18,0x24,0x00,
    0x08,0x82,0x81,0x61,0x17,0x3f,0x21,0x16,0x65,0x21,0x13,0xf5,0x30,0x62,0x90,0x00,0x20,0x08,0x06,0xc6,0x5d,0x80,0xc5,0x58,
    0x98,0x85,0x4d,0xd8,0xc3,0x88,0x41,0x02,0x80,0x20,0x18,0x18,0x78,0x11,0x16,0x68,0x71,0x16,0x35,0x71,0x0f,0x23,0x06,0x09,
    0x00,0x82,0x60,0x60,0xe4,0x85,0x58,0xa4,0x05,0x5a,0xd0,0x04,0x3e,0x8c,0x18,0x24,0x00,0x08,0x82,0x81,0xa1,0x17,0x63,0xa1,
    0x16,0x69,0x61,0x13,0xf9,0x30,0x62,0x90,0x00,0x20,0x08,0x06,0xc6,0x5e,0x90,0xc5,0x5a,0xa8,0x85,0x4e,0xe8,0xc3,0x88,0xc1,
    0x01,0x80,0x20,0x18,0x98,0x81,0x5b,0xd8,0x03,0x1d,0x98,0xc3,0x68,0x42,0x00,0x5c,0x40,0xa0,0x0a,0x4a,0x42,0x87,0x1b,0x82,
    0xb7,0x08,0x83,0x1a,0xd0,0x42,0xa7,0x1b,0x24,0x45,0x98,0x6e,0x90,0x94,0x61,0xba,0x41,0x52,0x88,0xe9,0x06,0x49,0x29,0xa6,
    0x1b,0x34,0xc9,0x98,0x6e,0xd0,0xa4,0x63,0xba,0x41,0x93,0x90,0xe9,0x06,0x4d,0x4a,0x66,0x09,0x82,0x81,0x8a,0x01,0x02,0x42,
    0x16,0xb9,0xbd,0x81,0x8a,0x01,0x02,0x42,0x16,0xb9,0xbd,0x81,0x8a,0x01,0x02,0x42,0x16,0xb9,0xbd,0x81,0x8a,0x01,0x02,0x42,
    0x16,0xb9,0xbd,0x81,0x8a,0x01,0x2e,0x80,0x90,0x45,0x6e,0x6f,0xa0,0x62,0x90,0x0b,0x20,0x64,0x91,0xdb,0x1b,0xa8,0x18,0xe8,
    0x02,0x08,0x59,0xe4,0xf6,0x06,0x2a,0x06,0xbb,0x00,0x42,0x16,0xb9,0xbd,0x81,0x8a,0x01,0x2f,0x80,0x5c,0x37,0x6e,0x6f,0xa0,
    0x62,0xd0,0x0b,0x20,0xd7,0x8d,0xdb,0x1b,0xa8,0x18,0xf8,0x02,0xc8,0x75,0xe3,0xf6,0x06,0x2a,0x08,0x94,0x01,0xfa,0x15,0xb9,
    0xbd,0x81,0x0a,0x42,0x65,0x80,0x3e,0xb8,0xbd,0x81,0x0a,0x82,0x65,0x80,0x99,0xb8,0xbd,0x81,0x0a,0xc2,0x65,0x80,0x7c,0x45,
    0x6e,0x6f,0xb8,0x21,0xc0,0xcc,0x60,0x96,0x01,0xf7,0x84,0xa0,0x04,0xd5,0xb8,0x0a,0x56,0x63,0x2d,0xc8,0x09,0x18,0x8c,0x18,
    0x1c,0x00,0x08,0x82,0x81,0x19,0xbc,0xc6,0x4d,0xd4,0x42,0x30,0x9a,0x10,0x00,0xa3,0x09,0x42,0x30,0x9a,0x30,0x08,0xa3,0x09,
    0xc4,0x60,0xc8,0x4f,0xc0,0x60,0xc4,0xe0,0x00,0x40,0x10,0x0c,0xcc,0xa0,0x36,0x7a,0x62,0x17,0x82,0xd1,0x84,0x20,0x18,0x4d,
    0x10,0x84,0xd1,0x84,0x61,0xa8,0x67,0x36,0xc8,0x82,0x98,0x00,0xc1,0x88,0xc1,0x01,0x80,0x20,0x18,0x98,0xc1,0x6e,0x8c,0x45,
    0x38,0x04,0x36,0xd8,0xc6,0x09,0x86,0x1b,0xa2,0x00,0x0c,0x66,0x19,0x06,0x22,0x18,0x4d,0x18,0x80,0x59,0x82,0x62,0x34,0x81,
    0x18,0x46,0x13,0x0a,0xc1,0xaa,0x22,0x04,0xc3,0x0d,0x01,0x6f,0x80,0xc1,0x74,0xc3,0x40,0x04,0xb3,0x04,0xc5,0x40,0xc5,0xc0,
    0x0c,0x02,0x71,0x01,0x81,0x2a,0x60,0x0b,0x9d,0x65,0x30,0x0e,0x65,0x34,0x81,0x01,0x66,0x09,0x90,0xd1,0x84,0x66,0x18,0x4d,
    0x70,0x04,0xf3,0x9c,0x10,0x0c,0x37,0x04,0xe5,0x01,0x06,0xd3,0x0d,0x03,0x11,0xcc,0x12,0x20,0x03,0x15,0x03,0x63,0x08,0xc7,
    0x05,0x04,0xaa,0x40,0x3c,0xb0,0x82,0xf2,0x50,0x13,0xde,0xe3,0x06,0xb3,0x0c,0x89,0x52,0x8d,0x26,0x5c,0xc0,0x2c,0xc1,0x32,
    0x9a,0x80,0x0d,0xa3,0x09,0x99,0x60,0x69,0x90,0x85,0x60,0xb8,0x21,0x80,0x0f,0x30,0x98,0x6e,0x18,0x88,0x60,0x96,0x60,0x19,
    0xa8,0x18,0x98,0x44,0x50,0x2e,0x20,0x50,0x05,0xf0,0x81,0x15,0xc0,0x87,0x9a,0xa0,0x1f,0x37,0x98,0x65,0x60,0x1a,0x30,0x18,
    0x4d,0x10,0x03,0x60,0x96,0xc0,0x19,0x4d,0x18,0x83,0x61,0x34,0x81,0x0c,0x04,0xa3,0x03,0x32,0x08,0xc1,0x70,0x43,0xb0,0x1f,
    0x60,0x30,0xdd,0x30,0x10,0xc1,0x2c,0x81,0x33,0x50,0x31,0x30,0x8c,0xd0,0x5c,0x40,0xa0,0x0a,0xee,0x03,0x2b,0xd8,0x0f,0x35,
    0xa1,0x44,0x6e,0x50,0x7b,0xf0,0x1f,0x64,0x01,0x68,0x80,0x60,0xc4,0xe0,0x00,0x40,0x10,0x0c,0xcc,0x40,0x45,0x64,0x03,0x26,
    0x82,0xd1,0x84,0x20,0x18,0x4d,0x10,0x06,0x2b,0x4e,0xe4,0x04,0x16,0x0a,0x41,0x08,0x86,0x1b,0x82,0x16,0x01,0x83,0xe9,0x86,
    0x82,0x08,0x2e,0x20,0x50,0x05,0xb8,0xa1,0x25,0x98,0x08,0x56,0x90,0x22,0x5a,0xc4,0x8a,0x60,0x05,0x2b,0xa2,0x26,0xd4,0xc8,
    0x0d,0xea,0x50,0x11,0xac,0xc0,0x45,0xd4,0x04,0x1c,0xb9,0xc1,0x2c,0xc3,0x03,0xf9,0xc1,0x68,0x02,0x28,0x00,0xb3,0x04,0xd1,
    0x68,0x42,0x28,0x0c,0xa3,0x09,0xa2,0x20,0x98,0x2c,0x88,0x42,0x08,0x86,0x1b,0x82,0x1c,0x01,0x83,0xe9,0x86,0x81,0x08,0x66,
    0x09,0xa2,0x81,0x8a,0x81,0x79,0x04,0xe8,0x02,0x02,0x55,0x80,0x1f,0x3a,0xdc,0x10,0x84,0x49,0x18,0xdc,0x2b,0x10,0x68,0x96,
    0x41,0x9a,0x52,0x61,0x34,0x61,0x15,0x80,0x59,0x02,0x6a,0x34,0x81,0x15,0x86,0xd1,0x84,0x56,0x10,0xac,0x17,0x5a,0x21,0x04,
    0xc3,0x0d,0x01,0x99,0x80,0xc1,0x74,0xc3,0x40,0x04,0xb3,0x04,0xd4,0x40,0xc5,0xc0,0x48,0xc2,0x74,0x01,0x81,0x2a,0x20,0x11,
    0x1d,0x6e,0x08,0xd8,0x24,0x0c,0x6a,0x19,0x8f,0x2d,0x06,0x45,0x74,0xba,0x41,0x08,0x86,0x11,0x83,0x03,0x00,0x41,0x30,0x30,
    0x83,0x39,0xd9,0x8f,0xbc,0x58,0x8f,0xd1,0x84,0x20,0xb8,0x80,0x40,0x15,0xb8,0x88,0x5a,0x3b,0xbc,0x89,0x0c,0x4a,0x08,0xb0,
    0x02,0x37,0xd1,0x59,0x86,0xca,0xea,0x85,0xd1,0x84,0x5f,0x00,0x66,0x09,0xae,0xd1,0x04,0x70,0x18,0x46,0x13,0xc2,0x41,0xb0,
    0x78,0x08,0x87,0x10,0x0c,0x37,0x04,0x78,0x02,0x06,0xd3,0x0d,0x03,0x11,0xcc,0x12,0x5c,0x03,0x15,0x03,0x53,0x09,0xd6,0x05,
    0x04,0xaa,0xe0,0x3f,0xb0,0x82,0x3d,0xd1,0x9a,0x83,0x1e,0xd1,0xe1,0x08,0x77,0x10,0x0f,0xe1,0x33,0x77,0x18,0x0f,0xf8,0x5c,
    0x40,0xa0,0xe1,0x06,0x71,0x30,0x15,0x30,0x98,0x65,0xc0,0x3d,0x2c,0x18,0x6e,0xf8,0x87,0x53,0x01,0x83,0x59,0x86,0x2f,0x0b,
    0x86,0x1b,0x40,0x82,0x54,0xc0,0x60,0x96,0xe1,0xd3,0x82,0xe1,0x86,0x90,0x18,0x15,0x30,0x98,0x65,0xf8,0xb6,0x60,0xb8,0x41,
    0x24,0x46,0x05,0x0c,0x66,0x19,0x3e,0x2e,0x18,0x6e,0x18,0x89,0x51,0x01,0x83,0x59,0x86,0xaf,0x0b,0x86,0x1b,0x48,0x22,0x55,
    0xc0,0x60,0x96,0xe1,0xf3,0x82,0xe1,0x86,0x92,0x20,0x15,0x30,0x98,0x6e,0x90,0x0d,0xbb,0x08,0xa6,0x1b,0x64,0xc3,0x2e,0x84,
    0xe9,0x06,0xd9,0xb0,0x8b,0x61,0xba,0x41,0x36,0xec,0x82,0x98,0x25,0xf8,0x06,0x7a,0x06,0x7e,0xc1,0x48,0x26,0x63,0x19,0x8d,
    0x66,0x36,0x9e,0xe1,0xc8,0xa6,0x43,0xbc,0x81,0x9e,0x81,0x5f,0x30,0x92,0xc9,0x58,0x46,0xa3,0x99,0x8d,0x67,0x38,0xb2,0xe9,
    0x10,0x6f,0xa0,0x67,0xe0,0x17,0x8c,0x64,0x32,0x96,0xd1,0x68,0x66,0xe3,0x19,0x8e,0x6c,0x3a,0xc4,0x1b,0xe8,0x19,0xf8,0x05,
    0x23,0x99,0x8c,0x65,0x34,0x9a,0xd9,0x78,0x86,0x23,0x9b,0x0e,0xf1,0x46,0x0c,0x0e,0x00,0x04,0xc1,0xc0,0x0c,0x70,0x05,0x4c,
    0x7c,0xe3,0x55,0x46,0x13,0x02,0x61,0x38,0x22,0xb8,0x0f,0xe1,0x9b,0x65,0x00,0x83,0x30,0x08,0x46,0x0c,0x0c,0x00,0x04,0xc1,
    0xa0,0x31,0x17,0x5b,0x01,0x8f,0xe1,0x88,0x60,0x3f,0x88,0x6f,0x38,0x42,0x3c,0xea,0x83,0xf8,0xa6,0x1b,0x46,0xa4,0x3f,0x82,
    0xe9,0x86,0x80,0x3c,0x86,0xe1,0x06,0x9b,0xa8,0x15,0x30,0xb0,0x46,0xa0,0x8f,0x35,0x03,0x7d,0x8c,0x21,0xe8,0x63,0x4e,0x41,
    0x9f,0xe9,0x86,0x27,0x28,0x66,0x09,0xc2,0x60,0xa0,0x62,0x20,0x83,0x4f,0x01,0x83,0x81,0x8a,0x81,0x0c,0x3e,0x05,0x0c,0x06,
    0x2a,0x06,0x32,0xf8,0x0c,0x30,0x18,0xa8,0x18,0xc8,0xe0,0x63,0xc0,0xa0,0xf0,0xa0,0x47,0x74,0xb8,0x21,0x40,0x17,0x30,0x98,
    0x65,0x18,0x03,0x31,0x08,0x46,0x0c,0x0c,0x00,0x04,0xc1,0xa0,0xb9,0x97,0x73,0x19,0x86,0x23,0x82,0x15,0x21,0xbe,0xe1,0x88,
    0xc2,0x44,0x88,0x6f,0xba,0xe1,0x45,0x5a,0x24,0x98,0x6e,0x08,0x8e,0xc1,0x96,0x80,0x3e,0xb6,0x08,0xf4,0xb1,0x65,0xa0,0xcf,
    0x2c,0xc1,0x18,0x0c,0x54,0x0c,0x86,0x18,0x70,0x61,0x30,0x50,0x31,0x18,0x62,0xc0,0x85,0xc1,0x40,0xc5,0x60,0x88,0x01,0x17,
    0x06,0xc3,0x0d,0x6d,0x41,0x2f,0x61,0x50,0x70,0xa1,0x26,0x3a,0xdc,0x10,0xf0,0x09,0x18,0x54,0x30,0xe8,0x2c,0x03,0x19,0x9c,
    0x41,0x30,0xdc,0x40,0x17,0xf8,0x02,0x06,0xb3,0x0c,0x66,0x50,0x06,0x81,0xe1,0x45,0x8f,0xc8,0xc7,0x82,0x1f,0x81,0x8f,0xe5,
    0xc5,0x8f,0xc8,0xc7,0x82,0x30,0x81,0xcf,0x88,0xc1,0x01,0x80,0x20,0x18,0x44,0x29,0xc3,0x2a,0xc3,0x98,0x8c,0x18,0x1c,0x00,
    0x08,0x82,0x41,0xa4,0x32,0xad,0x22,0x90,0xc9,0x88,0xc1,0x01,0x80,0x20,0x18,0x44,0x2b,0xd3,0x2a,0x42,0x8e,0x8c,0x18,0x1c,
    0x00,0x08,0x82,0x41,0xc4,0x32,0xae,0x22,0xe8,0xc8,0x2c,0x81,0x19,0x0c,0x54,0x0c,0x44,0x19,0x80,0x0c,0x19,0x0c,0x54,0x0c,
    0x44,0x19,0x80,0x0c,0x19,0x98,0x5e,0xdc,0x09,0x0c,0x46,0x0c,0x0e,0x00,0x04,0xc1,0xc0,0x0c,0x4e,0xe6,0x55,0x5a,0x24,0x18,
    0x4d,0x08,0x80,0xd1,0x04,0x21,0x18,0x31,0x48,0x00,0x10,0x04,0x83,0x87,0x66,0xe6,0x44,0x08,0x8c,0xc2,0x82,0x0b,0x3e,0xa3,
    0x09,0x85,0x30,0x9a,0x60,0x0c,0x23,0x06,0x09,0x00,0x82,0x60,0xf0,0xe0,0xcc,0x9d,0x08,0x81,0x92,0x58,0xa0,0xc1,0x67,0x96,
    0xe0,0x0c,0x06,0x2a,0x06,0xc5,0x0c,0xf0,0x60,0x0c,0x06,0x2a,0x06,0xc2,0x0c,0xf0,0x60,0x0c,0x66,0x19,0xd0,0x00,0xc7,0x5a,
    0xc1,0x4a,0x43,0x54,0x60,0x30,0x62,0x70,0x00,0x20,0x08,0x06,0x66,0x30,0x33,0xbb,0x92,0x23,0xc1,0x68,0x42,0x20,0x8c,0x26,
    0x08,0xc3,0x05,0x04,0xaa,0xa0,0x57,0xf4,0x82,0x81,0xd5,0xc0,0x32,0x58,0xc1,0xcb,0x68,0x15,0x31,0x83,0x15,0x88,0x8b,0x5e,
    0x30,0xb0,0x11,0x03,0x03,0x00,0x41,0x30,0x68,0xd2,0xa6,0x55,0x9c,0x11,0x03,0x03,0x00,0x41,0x30,0x68,0xd4,0xc6,0x55,0x9c,
    0x11,0x03,0x03,0x00,0x41,0x30,0x68,0xd6,0xe6,0x55,0xd4,0x60,0xc4,0xc0,0x00,0x40,0x10,0x0c,0x1a,0xb6,0x79,0x95,0x68,0xc4,
    0xc0,0x00,0x40,0x10,0x0c,0x9a,0xb6,0x81,0x95,0x68,0xc4,0xc0,0x00,0x40,0x10,0x0c,0x1a,0xb7,0x89,0x95,0x36,0x18,0x6e,0x08,
    0x07,0xb1,0x01,0x83,0xe1,0x06,0x76,0x10,0x1b,0x30,0xa8,0x40,0xd8,0x59,0x86,0x37,0x48,0x83,0xa0,0xde,0xa1,0x6c,0x74,0xb8,
    0x21,0x28,0x1b,0x30,0x98,0x65,0x58,0x03,0x35,0x08,0x46,0x0c,0x0c,0x00,0x04,0xc1,0xa0,0xa1,0x1b,0xb2,0xc9,0x46,0x0c,0x0e,
    0x00,0x04,0xc1,0x20,0x9a,0x1b,0x7b,0x09,0x44,0x65,0xc4,0xe0,0x00,0x40,0x10,0x0c,0x22,0xba,0xb1,0x97,0x40,0x54,0x66,0x09,
    0xd6,0x60,0xa0,0x62,0x10,0xd4,0x00,0x0f,0xd2,0xa0,0xea,0xe1,0x6c,0x74,0xb8,0x21,0x58,0x1b,0x30,0x98,0x65,0x68,0x03,0x36,
    0x08,0x46,0x0c,0x0c,0x00,0x04,0xc1,0xa0,0xd1,0x1b,0xb5,0xf1,0x46,0x0c,0x0e,0x00,0x04,0xc1,0x20,0xca,0x1b,0x7e,0x09,0x50,
    0x65,0xc4,0xe0,0x00,0x40,0x10,0x0c,0x22,0xbd,0xe1,0x97,0x00,0x55,0x66,0x09,0xda,0x60,0xa0,0x62,0x10,0xd8,0x40,0x14,0xd6,
    0x60,0xb8,0x01,0x1e,0xd6,0x06,0x0c,0x8a,0x1f,0xd6,0x46,0x87,0x1b,0x02,0xb9,0x09,0x83,0x0a,0x06,0x9d,0x65,0x70,0x83,0x37,
    0x08,0x46,0x0c,0x0c,0x00,0x04,0xc1,0xa0,0x11,0x1d,0xb9,0x09,0x85,0x11,0x83,0x03,0x00,0x41,0x30,0x88,0x42,0x87,0x64,0x02,
    0x58,0x19,0x31,0x38,0x00,0x10,0x04,0x83,0x48,0x74,0x48,0x26,0x80,0x95,0x59,0x82,0x37,0x18,0xe8,0x18,0x68,0x01,0x0d,0x38,
    0x37,0xe0,0xda,0x60,0xa0,0x63,0xa0,0x05,0x34,0x90,0xdc,0x40,0x6a,0x83,0x81,0x8e,0x81,0x25,0xd0,0xc0,0x70,0x03,0x96,0x68,
    0x83,0x59,0x06,0x38,0xe8,0x83,0x6c,0x96,0x20,0x0e,0x06,0x2a,0x88,0x34,0xa8,0x03,0x7a,0x83,0x83,0x81,0x0a,0x22,0x0d,0xea,
    0xc0,0xde,0xe0,0x60,0xb8,0x21,0xa8,0x0f,0x34,0x98,0x65,0x90,0x03,0x3b,0x08,0x4c,0xf0,0x9b,0x13,0xd4,0xb0,0x37,0x64,0x41,
    0xbe,0x80,0x60,0xc4,0xe0,0x00,0x40,0x10,0x0c,0xcc,0x60,0x74,0x56,0x26,0x55,0x02,0x1b,0xfc,0xe6,0x04,0xc3,0x0d,0x45,0x00,
    0x06,0xb3,0x0c,0x73,0x40,0x07,0xc1,0x68,0xc2,0x00,0xcc,0x12,0xd4,0xc1,0x68,0x02,0x31,0x8c,0x26,0x14,0x82,0x25,0x45,0x08,
    0x86,0x1b,0x02,0xd2,0x01,0x83,0xe9,0x86,0x81,0x08,0x66,0x09,0xea,0x60,0xa0,0x62,0x60,0xe6,0x40,0xa0,0x83,0x0b,0x08,0x54,
    0xc1,0xbe,0xe8,0x70,0x43,0x90,0x36,0x60,0x70,0x01,0x21,0x2c,0xa0,0x40,0x60,0x14,0xec,0xc0,0x60,0xb8,0x21,0x78,0x1d,0x34,
    0x98,0x65,0x88,0x03,0x3b,0x08,0x06,0x2a,0x08,0x37,0x88,0x03,0xa3,0x0e,0x86,0x1b,0x02,0xd9,0x01,0x83,0x59,0x86,0x3b,0xc0,
    0x83,0x60,0xc4,0x00,0x02,0x40,0x10,0x0c,0x2c,0xdf,0x91,0x99,0x74,0x09,0x17,0x6e,0xd3,0xe0,0x65,0x6c,0xc6,0x66,0x6c,0x44,
    0x01,0x5e,0x46,0x13,0x02,0x60,0x34,0x41,0x08,0x46,0x13,0x06,0x61,0x34,0x81,0x18,0x66,0x09,0x70,0x6c,0xb8,0xe1,0xc8,0x1d,
    0x30,0x98,0x65,0xc8,0x03,0x3d,0x08,0x46,0x0c,0x20,0x00,0x04,0xc1,0xc0,0x22,0x1f,0x9c,0x81,0x17,0x74,0x11,0x83,0x30,0x00,
    0x03,0x7b,0x49,0x9b,0xb4,0x49,0x1b,0x54,0xb0,0x97,0xd1,0x84,0x00,0x18,0x4d,0x10,0x82,0xd1,0x84,0x41,0x18,0x4d,0x20,0x86,
    0x59,0x02,0x1c,0x1b,0x6e,0x68,0x76,0x07,0x0c,0x66,0x19,0xf6,0x80,0x0f,0x82,0x11,0x03,0x08,0x00,0x41,0x30,0xb0,0xd4,0xc7,
    0x67,0xee,0xe5,0x5d,0xd0,0xe0,0x0c,0xcc,0x80,0x5f,0xde,0xe6,0x6d,0xde,0xc6,0x15,0xf8,0x65,0x34,0x21,0x00,0x46,0x13,0x84,
    0x60,0x34,0x61,0x10,0x46,0x13,0x88,0x61,0x96,0x00,0xc7,0x46,0x0c,0x20,0x00,0x04,0xc1,0xc0,0x7a,0x9f,0xb1,0xe9,0x97,0x7a,
    0x69,0x03,0x36,0x58,0x83,0x90,0xa1,0x1b,0xba,0xa1,0x9b,0x59,0x08,0x99,0xd1,0x84,0x00,0x18,0x4d,0x10,0x82,0xd1,0x84,0x41,
    0x18,0x4d,0x20,0x86,0x59,0x02,0x1c,0x1b,0x6e,0x48,0x0b,0xf2,0x01,0x83,0x59,0x06,0x3f,0x78,0xb1,0x60,0x96,0xe0,0x0f,0x06,
    0x2a,0x88,0x34,0x18,0x05,0xda,0xf3,0x83,0x81,0x0a,0x22,0x0d,0x46,0xc1,0xf6,0xfc,0x60,0xb8,0x21,0x28,0x13,0x34,0x98,0x65,
    0x00,0x05,0x52,0x08,0x4c,0x70,0x9f,0x13,0xd4,0xb0,0x3e,0x64,0x41,0xda,0x80,0x60,0xc4,0xe0,0x00,0x40,0x10,0x0c,0xcc,0x60,
    0x7e,0xf6,0x26,0x5f,0x02,0x1b,0xdc,0xe7,0x04,0xc3,0x0d,0x45,0x00,0x06,0xb3,0x0c,0xa1,0x20,0x0a,0xc1,0x68,0xc2,0x00,0xcc,
    0x12,0x8c,0xc2,0x68,0x02,0x31,0x8c,0x26,0x14,0x82,0x25,0x45,0x08,0x86,0x1b,0x02,0xfa,0x01,0x83,0xe9,0x86,0x81,0x08,0x66,
    0x09,0x46,0x61,0xa0,0x62,0x60,0x42,0x41,0x10,0x85,0x0b,0x08,0x54,0xc1,0xda,0xe8,0x70,0x43,0xc0,0x36,0x60,0x70,0x01,0x21,
    0x2c,0xa0,0x40,0x60,0x14,0x08,0xc1,0x60,0xb8,0x21,0xf8,0x1f,0x34,0x98,0x65,0xf8,0x03,0x52,0x08,0x06,0x2a,0x08,0x37,0xf8,
    0x03,0x63,0x14,0x2a,0x08,0x21,0x18,0x31,0x48,0x00,0x10,0x04,0x03,0x34,0x28,0x21,0xd4,0x99,0x1f,0x11,0x0a,0xc8,0xa7,0x86,
    0x11,0x82,0x11,0x83,0x04,0x00,0x41,0x30,0x40,0x83,0x13,0x52,0x9d,0xf9,0x21,0xa1,0xc0,0x7c,0x86,0x23,0xd8,0x01,0x6c,0x84,
    0x6f,0x96,0xa1,0x14,0xf2,0x21,0x18,0x31,0x38,0x00,0x10,0x04,0x83,0xed,0x85,0x56,0x47,0x38,0xa1,0xd1,0x84,0x00,0x18,0x4d,
    0x10,0x82,0xd1,0x84,0x41,0xb8,0x61,0x50,0x37,0x0c,0xea,0x86,0x41,0xd9,0x00,0x0f,0xf2,0xb1,0x01,0x1e,0xe4,0x63,0x03,0x3c,
    0xc8,0xc7,0x86,0x41,0x3e,0x36,0x0c,0xf2,0x31,0x21,0x80,0x8f,0x11,0x84,0x7c,0x4c,0x08,0xe0,0x33,0x62,0x60,0x00,0x20,0x08,
    0x06,0x0d,0x19,0xd1,0x4e,0x60,0x0c,0x3f,0xc8,0xc7,0x18,0x7e,0x90,0x8f,0x31,0xfc,0x20,0x1f,0x1b,0x06,0xf9,0xd8,0x30,0xc8,
    0xc7,0x84,0x00,0x3e,0x46,0x10,0xf2,0x31,0x21,0x80,0xcf,0x88,0x81,0x01,0x80,0x20,0x18,0x34,0x6d,0xd4,0x3b,0xc1,0x88,0xc1,
    0x01,0x80,0x20,0x18,0x44,0x6c,0xf4,0x3e,0x81,0x32,0x62,0x70,0x00,0x20,0x08,0x06,0x51,0x1b,0xbd,0x8f,0xb0,0x0c,0x47,0x08,
    0x7c,0xa3,0x7c,0xb3,0x0c,0xa6,0x70,0x0a,0xc1,0x88,0xc1,0x01,0x80,0x20,0x18,0x44,0x6f,0x24,0x3f,0x02,0xe9,0x18,0x11,0xd0,
    0x67,0xc4,0xc0,0x00,0x40,0x10,0x0c,0x9a,0x39,0x1a,0xa1,0x60,0xc4,0xe0,0x00,0x40,0x10,0x0c,0x22,0x39,0xaa,0x1f,0xd0,0x09,
    0x46,0x0c,0x0e,0x00,0x04,0xc1,0x20,0x9a,0xa3,0xfa,0x69,0x89,0x60,0x96,0xe0,0x14,0x06,0x2a,0x06,0xc1,0x14,0x48,0xae,0x14,
    0x2c,0x09,0xe8,0x33,0x62,0x70,0x00,0x20,0x08,0x06,0x91,0x1d,0xe5,0x4f,0x90,0x8c,0x18,0x1c,0x00,0x08,0x82,0x41,0x74,0x47,
    0xfa,0x13,0xb4,0xce,0x88,0x81,0x01,0x80,0x20,0x18,0x34,0x7a,0x74,0x3b,0x81,0x05,0x3c,0x01,0x9f,0x11,0x83,0x03,0x00,0x41,
    0x30,0x88,0xf4,0xa8,0x7f,0x82,0x9c,0x18,0x8e,0x80,0xb2,0xe1,0x9b,0x6e,0xa8,0x09,0x99,0x08,0xa6,0x1b,0x6a,0x42,0x26,0x84,
    0xe9,0x86,0x9a,0x90,0x89,0xa1,0xe4,0x40,0x7c,0x60,0xc4,0xe0,0x00,0x40,0x10,0x0c,0xcc,0xe0,0x8e,0xfe,0xa7,0x6f,0x82,0xd1,
    0x84,0x00,0xb8,0x80,0x30,0x15,0xb4,0x91,0x0e,0x37,0x04,0x72,0x04,0x06,0x35,0xac,0x90,0x0e,0x37,0x04,0xfb,0x03,0x06,0x35,
    0x04,0x3b,0xcb,0x90,0x0a,0xa8,0x10,0x94,0x51,0x3f,0x3a,0xdc,0x10,0xd4,0x0f,0x18,0xcc,0x12,0xa4,0xc2,0x40,0x85,0x02,0x8a,
    0xc1,0x29,0x08,0xa8,0x70,0x17,0x81,0x86,0x1b,0x02,0x50,0x32,0x83,0x59,0x06,0x55,0xc0,0x87,0x60,0x96,0x60,0x15,0x06,0x2a,
    0x86,0xba,0xb2,0x07,0xbc,0x53,0x85,0x81,0x8a,0xa1,0xae,0xec,0x41,0xef,0x54,0x61,0xa0,0x62,0xa8,0x2b,0x7b,0xe0,0x3b,0x55,
    0x18,0xa8,0x18,0xea,0xca,0x1e,0xfc,0x4e,0x15,0x06,0x2a,0x88,0xba,0xb2,0x07,0x95,0x0c,0x54,0xe1,0x82,0x81,0x59,0x70,0x3e,
    0xf0,0xb1,0x00,0x0c,0xe8,0x63,0x41,0xf9,0xc0,0xc7,0x02,0x4d,0x3e,0x26,0x68,0xf2,0xb1,0x41,0x93,0x8f,0x0d,0x36,0x01,0x1f,
    0x1b,0x6c,0x02,0x3e,0x36,0xd8,0x04,0x7c,0x66,0x19,0x58,0xa1,0x1e,0xa4,0x11,0x83,0x03,0x00,0x41,0x30,0xd8,0x70,0x89,0x86,
    0x56,0x01,0x96,0x46,0x13,0x82,0x61,0xc4,0xe0,0x00,0x40,0x10,0x0c,0xcc,0xa0,0x96,0x7a,0x68,0x77,0xbe,0xd1,0x84,0x60,0xb8,
    0x80,0x30,0xc3,0x0d,0x41,0x2d,0x81,0xc1,0x2c,0x83,0x2b,0xb4,0x42,0x50,0xc5,0x19,0xc1,0x05,0x83,0x1a,0x31,0x38,0x00,0x10,
    0x04,0x83,0x88,0x9c,0xce,0x48,0x0d,0xe6,0x67,0xc4,0xe0,0x00,0x40,0x10,0x0c,0xa2,0x72,0x3a,0xa3,0x40,0x98,0x25,0x70,0x85,
    0x81,0x8a,0x41,0x68,0x05,0xf5,0x63,0x85,0xe1,0x88,0xc0,0x7e,0x84,0x6f,0x34,0x41,0x09,0x46,0x13,0x16,0x61,0xba,0x41,0x08,
    0x86,0xe1,0x88,0x20,0x7f,0x9c,0x6f,0xb8,0x81,0xe9,0xa5,0x30,0x18,0x6e,0x68,0x72,0x29,0x0c,0x4a,0x08,0x74,0x96,0xe1,0x15,
    0x78,0x21,0xb0,0x64,0x84,0xe0,0x33,0x62,0x60,0x00,0x20,0x08,0x06,0x8d,0x3c,0xb9,0x51,0x70,0x01,0x61,0x46,0x0c,0x0e,0x00,
    0x04,0xc1,0x60,0x73,0x27,0x35,0x0a,0x87,0x60,0x34,0x21,0x00,0x46,0x13,0x84,0x60,0x34,0x61,0x10,0x66,0x19,0x60,0x61,0x16,
    0xe4,0x60,0x96,0x41,0x16,0x62,0x61,0x19,0x8e,0xe8,0x4a,0x68,0xf8,0x86,0x23,0xbc,0x12,0x22,0xbe,0x12,0x02,0x9d,0x6e,0x38,
    0x21,0x14,0x0a,0x66,0x09,0x66,0xe1,0x8e,0x41,0x59,0x20,0x06,0xf2,0xb1,0x80,0x85,0xe0,0x33,0x62,0x60,0x00,0x20,0x08,0x06,
    0xcd,0x3f,0xed,0x51,0x70,0x01,0x81,0x46,0x0c,0x0c,0x00,0x04,0xc1,0xa0,0x09,0xa9,0x3c,0x1a,0x86,0x1b,0x84,0x52,0x32,0x83,
    0xe1,0x86,0xc1,0x41,0x83,0x12,0x02,0xb5,0x18,0x22,0xe2,0x33,0xdd,0x10,0xcc,0x90,0x60,0x87,0x3e,0x81,0x60,0xb8,0x01,0xe9,
    0x23,0x33,0x18,0x6e,0x10,0x28,0x34,0x28,0x21,0xd0,0xe9,0x06,0x05,0x87,0x02,0x0b,0x0c,0xf8,0xcc,0x12,0xcc,0xc2,0x40,0xc7,
    0x20,0xc8,0x02,0x19,0xc4,0x82,0x1c,0x06,0xaf,0x30,0xcb,0x40,0x0b,0xb7,0x60,0x0a,0xb3,0x0c,0xb6,0x50,0x0b,0x61,0x30,0x1c,
    0x21,0x07,0x3b,0x34,0x7c,0xc3,0x11,0x73,0xb0,0x43,0xc4,0x57,0x42,0xa0,0xd3,0x0d,0x3d,0xe4,0x43,0xc1,0x2c,0xc1,0x2d,0x1c,
    0x37,0x28,0x0b,0xee,0x40,0x3e,0x16,0x88,0x11,0x7c,0x46,0x0c,0x0c,0x00,0x04,0xc1,0xa0,0xa9,0xa9,0x58,0x0a,0x2e,0x20,0xd0,
    0x88,0x81,0x01,0x80,0x20,0x18,0x34,0x37,0xf5,0x4a,0xc3,0x70,0x83,0xb0,0x4b,0x66,0x30,0xdc,0x30,0x8c,0x01,0x1a,0x94,0x10,
    0xa8,0x9d,0x11,0x11,0x9f,0xe9,0x86,0x20,0x8d,0x04,0x3b,0x60,0x0a,0x04,0xc3,0x0d,0xc8,0x2c,0x99,0xc1,0x70,0x83,0x90,0x06,
    0x68,0x50,0x42,0xa0,0xd3,0x0d,0x8a,0x1b,0x05,0x16,0x18,0xf0,0x99,0x25,0xb8,0x85,0x81,0x8e,0x41,0xb0,0x05,0x32,0xa8,0x05,
    0x5f,0x0c,0x66,0xc1,0x82,0x4b,0x3e,0x15,0x0e,0xb0,0xa4,0xc3,0x0d,0x01,0x2c,0x81,0xc1,0x2c,0x03,0x2e,0xec,0x42,0x30,0xcb,
    0xa0,0x0b,0xb9,0xa0,0x07,0xc3,0x11,0xaa,0x40,0x47,0xc3,0x37,0x1c,0xb1,0x0a,0x74,0x44,0x7c,0x25,0x04,0x3a,0xdd,0x60,0x47,
    0x77,0x14,0xcc,0x12,0xec,0xc2,0xd1,0xc1,0xa0,0x2c,0x78,0x05,0xf9,0x58,0xb0,0x47,0xf0,0x19,0x31,0x30,0x00,0x10,0x04,0x83,
    0xc6,0xad,0xd4,0x29,0xb8,0x80,0x40,0x23,0x06,0x06,0x00,0x82,0x60,0xd0,0xc0,0x15,0x3a,0x0d,0xc3,0x0d,0x02,0x3d,0x99,0xc1,
    0x70,0xc3,0xb0,0x07,0x68,0x50,0x42,0xa0,0x06,0x4a,0x44,0x7c,0xa6,0x1b,0x02,0x51,0x12,0xec,0x48,0x2b,0x10,0x0c,0x37,0x20,
    0xec,0x64,0x06,0xc3,0x0d,0x42,0x28,0xa0,0x41,0x09,0x81,0x4e,0x37,0x28,0xa7,0x14,0x58,0x60,0xc0,0x67,0x96,0x60,0x17,0x06,
    0x3a,0x06,0x41,0x17,0xc8,0x20,0x17,0x60,0x32,0xb8,0x05,0xcb,0x02,0xf9,0xdc,0x2a,0x0c,0x6a,0xc4,0xe0,0x01,0x40,0x10,0x0c,
    0xb0,0xbd,0x72,0x27,0xb6,0x70,0x0b,0x72,0x18,0x07,0x71,0x70,0xa5,0xb8,0x8a,0xab,0xb8,0x0a,0x46,0x13,0x02,0x60,0x34,0x41,
    0x08,0x46,0x13,0x06,0x61,0x34,0x81,0x18,0xaa,0x2e,0xfc,0x09,0x46,0x0c,0x0e,0x00,0x04,0xc1,0xc0,0x0c,0xf4,0x4a,0xa4,0x40,
    0x29,0x18,0x4d,0x08,0x80,0xd1,0x04,0x21,0x18,0x4d,0x18,0x84,0xd1,0x04,0x62,0x30,0x85,0x88,0x8f,0x29,0x44,0x7c,0x4c,0x21,
    0xe2,0x63,0x0a,0x11,0x1f,0x23,0x22,0xf9,0x18,0x21,0xc9,0xc7,0x88,0x49,0x3e,0x46,0x50,0xf2,0x31,0x82,0x81,0x8f,0x11,0x0c,
    0x7c,0x8c,0x60,0xe0,0x63,0x04,0x03,0x9f,0x59,0x02,0x7b,0x18,0x31,0x30,0x00,0x10,0x04,0x83,0xc6,0xb6,0x64,0xca,0x1d,0x2e,
    0x20,0x4c,0xe5,0xc3,0x4e,0x41,0x09,0xac,0x05,0x23,0x06,0x07,0x00,0x82,0x60,0xd0,0xcd,0xd6,0x4f,0x05,0xc2,0x88,0x81,0x01,
    0x80,0x20,0x18,0x34,0xbb,0x35,0x53,0xf3,0x30,0x62,0x70,0x00,0x20,0x08,0x06,0x9b,0x6d,0xc9,0x54,0x6a,0x08,0xa3,0x09,0x01,
    0x30,0x9a,0x20,0x04,0xa3,0x09,0x83,0x30,0xcb,0xd0,0x0b,0xe0,0xa0,0x13,0xb3,0x0c,0xbf,0xe0,0x0b,0xf3,0x30,0x1c,0x51,0x12,
    0xed,0x34,0x7c,0xc3,0x11,0x26,0xd1,0x4e,0xc4,0x57,0x42,0xa0,0xd3,0x0d,0xef,0x04,0x4f,0xc1,0x2c,0x01,0x38,0xdc,0x31,0x28,
    0x0b,0x54,0x42,0x3e,0x16,0xd0,0x13,0x7c,0x46,0x0c,0x0c,0x00,0x04,0xc1,0xa0,0x39,0xaf,0xb1,0x0a,0x2e,0x20,0xd0,0x88,0x81,
    0x01,0x80,0x20,0x18,0x34,0xe9,0x15,0x56,0xc3,0x70,0x83,0xd0,0x56,0x66,0x30,0xdc,0x30,0x38,0x68,0x50,0x42,0xa0,0x96,0x4f,
    0x44,0x7c,0xa6,0x1b,0x82,0x7d,0x12,0xec,0x10,0x2f,0x10,0x0c,0x37,0x20,0x65,0x65,0x06,0xc3,0x0d,0x02,0x85,0x06,0x25,0x04,
    0x3a,0xdd,0xa0,0x80,0x54,0x60,0x81,0x01,0x9f,0x59,0x02,0x70,0x18,0xe8,0x18,0x84,0x5f,0x20,0x03,0x5f,0x10,0xd1,0x80,0x17,
    0x66,0x19,0xc2,0x81,0x1c,0xdc,0x62,0x96,0x61,0x1c,0xc4,0x21,0x25,0x86,0x23,0x74,0x62,0xa4,0x86,0x6f,0x38,0x62,0x27,0x46,
    0x8a,0xf8,0x4a,0x08,0x74,0xba,0xa1,0xa4,0x4c,0x2a,0x98,0x25,0x20,0x87,0xe3,0x06,0x65,0xc1,0x4f,0xc8,0xc7,0x02,0x95,0x82,
    0xcf,0x88,0x81,0x01,0x80,0x20,0x18,0x34,0xfd,0x95,0x57,0xc1,0x05,0x04,0x1a,0x31,0x30,0x00,0x10,0x04,0x83,0xe6,0xbf,0xee,
    0x6a,0x18,0x6e,0x10,0x46,0xcb,0x0c,0x86,0x1b,0x86,0x31,0x40,0x83,0x12,0x02,0xb5,0x97,0x22,0xe2,0x33,0xdd,0x10,0xc4,0x94,
    0x60,0x07,0x7e,0x81,0x60,0xb8,0x01,0xd9,0x2b,0x33,0x18,0x6e,0x10,0xd2,0x00,0x0d,0x4a,0x08,0x74,0xba,0x41,0xb1,0xa9,0xc0,
    0x02,0x03,0x3e,0xb3,0x04,0xe4,0x30,0xd0,0x31,0x08,0xe3,0x40,0x06,0xe2,0xe0,0xa6,0x01,0x38,0x58,0x70,0xc9,0xa7,0x52,0x03,
    0xaf,0x74,0xb8,0x21,0xc0,0x2b,0x30,0x98,0x65,0x28,0x07,0x74,0x08,0x66,0x19,0xce,0xc1,0x1c,0xc4,0x62,0x38,0x42,0x2e,0x78,
    0x6a,0xf8,0x86,0x23,0xe6,0x82,0xa7,0x88,0xaf,0x84,0x40,0xa7,0x1b,0x7c,0xea,0xa7,0x82,0x59,0x02,0x74,0x38,0x3a,0x18,0x94,
    0x05,0x77,0x21,0x1f,0x0b,0xc6,0x0a,0x3e,0x23,0x06,0x06,0x00,0x82,0x60,0xd0,0xd8,0x98,0x6c,0x05,0x17,0x10,0x68,0xc4,0xc0,
    0x00,0x40,0x10,0x0c,0x1a,0x1c,0x83,0xad,0x61,0xb8,0x41,0xe0,0x2d,0x33,0x18,0x6e,0x18,0xf6,0x00,0x0d,0x4a,0x08,0xd4,0xd0,
    0x8a,0x88,0xcf,0x74,0x43,0xa0,0x56,0x82,0x1d,0x31,0x06,0x82,0xe1,0x06,0x84,0xb6,0xcc,0x60,0xb8,0x41,0x08,0x05,0x34,0x28,
    0x21,0xd0,0xe9,0x06,0xe5,0xad,0x02,0x0b,0x0c,0xf8,0xcc,0x12,0xa0,0xc3,0x40,0xc7,0x20,0x9c,0x03,0x19,0x98,0x03,0xb8,0x06,
    0xe4,0x60,0x59,0x20,0x9f,0x63,0x85,0x41,0x8d,0x18,0x3c,0x00,0x08,0x82,0x01,0x36,0x66,0xb6,0x45,0x23,0x36,0xc2,0x1a,0xab,
    0xa1,0x1a,0x76,0x95,0x63,0x39,0x96,0x63,0xc1,0x68,0x42,0x00,0x8c,0x26,0x08,0xc1,0x68,0xc2,0x20,0x8c,0x26,0x10,0x43,0xf5,
    0x88,0x79,0xc1,0x88,0xc1,0x01,0x80,0x20,0x18,0x98,0x81,0x98,0xa9,0x17,0x5a,0x05,0xa3,0x09,0x01,0x30,0x9a,0x20,0x04,0xa3,
    0x09,0x83,0x30,0x9a,0x40,0x0c,0xa6,0x10,0xf1,0x31,0x85,0x88,0x8f,0x29,0x44,0x7c,0x4c,0x21,0xe2,0x63,0x44,0x24,0x1f,0x23,
    0x24,0xf9,0x18,0x31,0xc9,0xc7,0x08,0x4a,0x3e,0x23,0x06,0x07,0x00,0x82,0x60,0xb0,0xd1,0x19,0x7c,0x9d,0xc9,0x38,0x8c,0x26,
    0x04,0xc0,0x68,0x82,0x10,0x8c,0x26,0x0c,0xc2,0x2c,0x43,0x3a,0xb0,0x03,0x7e,0xcc,0x32,0xac,0x83,0x3a,0xc4,0xc6,0x70,0xc4,
    0x78,0xac,0xd6,0xf0,0x0d,0x47,0x90,0xc7,0x6a,0x11,0x5f,0x09,0x81,0x4e,0x37,0xb4,0x96,0x6b,0x05,0xb3,0x04,0xec,0x70,0xc7,
    0xa0,0x2c,0x40,0x0f,0xf9,0x58,0x20,0x5b,0xf0,0x19,0x31,0x30,0x00,0x10,0x04,0x83,0xa6,0xd4,0x42,0x2c,0xb8,0x80,0x40,0x23,
    0x06,0x06,0x00,0x82,0x60,0xd0,0x9c,0xda,0x7f,0x0d,0xc3,0x0d,0xc2,0x8a,0x99,0xc1,0x70,0xc3,0xe0,0xa0,0x41,0x09,0x81,0xda,
    0x6d,0x11,0xf1,0x99,0x6e,0x08,0x72,0x4b,0xb0,0x03,0xd4,0x40,0x30,0xdc,0x80,0x8c,0x98,0x19,0x0c,0x37,0x08,0x14,0x1a,0x94,
    0x10,0xe8,0x74,0x83,0xe2,0x5b,0x81,0x05,0x06,0x7c,0x66,0x09,0xd8,0x61,0xa0,0x63,0x10,0xd6,0x81,0x0c,0xd4,0xc1,0x6f,0x03,
    0x74,0x98,0x65,0x68,0x07,0x78,0x60,0x91,0x59,0x86,0x77,0x70,0x87,0xf3,0x18,0x8e,0xc0,0x8f,0xf0,0x1a,0xbe,0xe1,0x88,0xfc,
    0x08,0x2f,0xe2,0x2b,0x21,0xd0,0xe9,0x86,0xf1,0x22,0xaf,0x60,0x96,0x00,0x1e,0x8e,0x1b,0x94,0x05,0xfd,0x21,0x1f,0x0b,0xd0,
    0x0b,0x3e,0x23,0x06,0x06,0x00,0x82,0x60,0xd0,0xec,0xda,0x8d,0x05,0x17,0x10,0x68,0xc4,0xc0,0x00,0x40,0x10,0x0c,0x9a,0x5e,
    0xab,0xb1,0x61,0xb8,0x41,0x08,0x33,0x33,0x18,0x6e,0x18,0xc6,0x00,0x0d,0x4a,0x08,0xd4,0xda,0x8b,0x88,0xcf,0x74,0x43,0xf0,
    0x5e,0x82,0x1d,0xb6,0x06,0x82,0xe1,0x06,0x24,0xc7,0xcc,0x60,0xb8,0x41,0x48,0x03,0x34,0x28,0x21,0xd0,0xe9,0x06,0x85,0xbe,
    0x02,0x0b,0x0c,0xf8,0xcc,0x12,0xc0,0xc3,0x40,0xc7,0x20,0xbc,0x03,0x19,0xb8,0x83,0xfa,0x06,0xec,0x60,0xc1,0x25,0x9f,0x59,
    0x86,0x78,0xa0,0x87,0x5e,0x98,0x65,0x98,0x07,0x79,0xf0,0x8f,0xe1,0x08,0x17,0xc1,0xaf,0xe1,0x1b,0x8e,0x78,0x11,0xfc,0x22,
    0xbe,0x12,0x02,0x9d,0x6e,0xd0,0xaf,0xfd,0x0a,0x66,0x09,0xe8,0xe1,0xe4,0x60,0x50,0x16,0xcc,0x88,0x7c,0x2c,0xf8,0x2f,0xf8,
    0x8c,0x18,0x18,0x00,0x08,0x82,0x41,0x23,0x6f,0x6e,0x16,0x5c,0x40,0xa0,0x11,0x03,0x03,0x00,0x41,0x30,0x68,0xe8,0x8d,0xcd,
    0x86,0xe1,0x06,0x01,0xcf,0xcc,0x60,0xb8,0x61,0xc8,0x03,0x34,0x28,0x21,0x50,0x23,0x31,0x22,0x3e,0xd3,0x0d,0x81,0x89,0x09,
    0x76,0xb4,0x1b,0x08,0x86,0x1b,0x10,0x38,0x33,0x83,0xe1,0x06,0xe1,0x0f,0xd0,0xa0,0x84,0x40,0xa7,0x1b,0x94,0x15,0x0b,0x2c,
    0x30,0xe0,0x33,0x4b,0x40,0x0f,0x03,0x1d,0x83,0x30,0x0f,0x64,0x20,0x0f,0x38,0x1c,0xc0,0x83,0x5d,0x81,0x7c,0x6e,0x2d,0x06,
    0x35,0x62,0xf0,0x00,0x20,0x08,0x06,0xd8,0xbf,0xc9,0x19,0xbc,0xc8,0x0b,0x9a,0x9c,0x89,0x99,0xc8,0x58,0xbd,0xd5,0x5b,0xbd,
    0x05,0xa3,0x09,0x01,0x30,0x9a,0x20,0x04,0xa3,0x09,0x83,0x30,0x9a,0x40,0x0c,0x46,0xe8,0x42,0x7c,0x8c,0xd0,0x85,0xf8,0x18,
    0xa1,0x0b,0xf1,0x31,0x42,0x17,0xe2,0x63,0xc4,0x22,0x1f,0x23,0x18,0xf9,0x18,0xd1,0xc8,0xc7,0x08,0x47,0x3e,0x46,0x88,0x03,
    0x7c,0x8c,0x10,0x07,0xf8,0x18,0x21,0x0e,0xf0,0x31,0x42,0x1c,0xe0,0x63,0xbe,0x80,0xc4,0xc7,0x7c,0x01,0x89,0x8f,0xf9,0x02,
    0x12,0x1f,0xf3,0x05,0x24,0x3e,0x46,0xf4,0x85,0x7c,0x8c,0xf0,0x0b,0xf9,0x18,0xf1,0x17,0xf2,0x31,0x02,0x34,0xe4,0x63,0x04,
    0x03,0x1f,0x23,0x18,0xf8,0x18,0xc1,0xc0,0xc7,0x08,0x06,0x3e,0xb3,0x04,0xf6,0x30,0x62,0xf0,0x00,0x20,0x08,0x06,0x18,0xcf,
    0xbd,0x5a,0xcb,0xbc,0x4c,0xa9,0x90,0xca,0xa8,0xbc,0x99,0xcc,0xc9,0x9c,0xcc,0x91,0xcb,0x68,0x42,0x00,0x8c,0x26,0x08,0xc1,
    0x68,0xc2,0x20,0x8c,0x26,0x10,0xc3,0x2c,0x81,0x3d,0x0c,0x74,0x0c,0x48,0x3d,0x98,0xcd,0x2e,0x48,0xf4,0x30,0xd0,0x31,0x20,
    0xf5,0x60,0x36,0xbb,0x20,0xd1,0xc3,0x40,0xc7,0x80,0xd4,0x83,0xd9,0xec,0x82,0x44,0x0f,0x03,0x1d,0x03,0x52,0x0f,0x66,0xb3,
    0x0b,0x12,0x3d,0x18,0xa1,0x2b,0xf0,0x31,0x42,0x57,0xe0,0x63,0x84,0xae,0xc0,0xc7,0x08,0x5d,0x81,0x8f,0xe9,0x0a,0xd8,0xc1,
    0x60,0xb8,0x21,0x08,0x17,0x34,0x98,0x65,0x58,0x85,0x7b,0x08,0x66,0x09,0xf0,0x61,0xa0,0x62,0xc0,0xe7,0x20,0x15,0x98,0x7b,
    0x18,0xa8,0x18,0xf4,0x39,0x48,0x05,0xe6,0x1e,0x06,0x2a,0x06,0x7e,0x0e,0x52,0x81,0xb9,0x87,0x81,0x8a,0xc1,0x9f,0x83,0x54,
    0x60,0xee,0xc1,0x88,0x7e,0xa1,0x8f,0x11,0xfe,0x42,0x1f,0x23,0xfe,0x85,0x3e,0x46,0x80,0x0c,0x7d,0x66,0x09,0x70,0xac,0xd0,
    0x06,0xd7,0x60,0xc4,0xe0,0x00,0x40,0x10,0x0c,0xcc,0xa0,0xed,0xea,0x6d,0xce,0x82,0xd1,0x84,0x00,0xb8,0x80,0x30,0x15,0x8c,
    0x9d,0x0e,0x37,0xe0,0x93,0xdb,0x85,0xc1,0x70,0x83,0x90,0x76,0x60,0x50,0x42,0xb0,0x55,0x8c,0x9c,0x0e,0x37,0x04,0xf3,0x06,
    0x06,0x15,0x0c,0x5b,0x48,0xbb,0xe9,0x70,0x43,0xd0,0x6e,0x60,0x50,0xc1,0xb0,0xb3,0x0c,0xfb,0xa0,0x0f,0xc1,0x88,0x01,0x04,
    0x80,0x20,0x18,0x58,0xa2,0x67,0x6f,0x72,0x43,0x37,0x20,0xf4,0x3f,0xfe,0x43,0x6b,0x77,0x77,0x77,0x77,0x67,0x46,0xb4,0x36,
    0x9a,0x10,0x00,0xa3,0x09,0x42,0x30,0x9a,0x30,0x08,0xa3,0x09,0xc4,0x30,0x4b,0x80,0x63,0x23,0x06,0x0b,0x00,0x82,0x60,0xf0,
    0x89,0xde,0xba,0xdd,0x4d,0xde,0xbc,0x91,0x1b,0xa5,0x52,0xcf,0x59,0xc0,0x46,0xf0,0x19,0x31,0x38,0x00,0x10,0x04,0x83,0x48,
    0xf5,0x5a,0x2e,0x48,0xa3,0x82,0x9a,0xad,0x25,0xd8,0x59,0x06,0x7e,0x70,0xb1,0x60,0xc4,0xe0,0x00,0x40,0x10,0x0c,0xb6,0xd4,
    0x2b,0x39,0xbe,0x09,0xbd,0xd1,0x84,0x60,0x18,0x8e,0x28,0x7c,0x4d,0xf8,0x46,0x0c,0x0e,0x00,0x04,0xc1,0xc0,0x0c,0x4e,0xef,
    0xe5,0x5a,0x6d,0x1b,0x4d,0x08,0x82,0xd1,0x04,0x41,0x98,0x6e,0x10,0x02,0x62,0x38,0x22,0x10,0x37,0xe7,0x1b,0x4d,0x28,0x86,
    0x0b,0x08,0x33,0xdc,0x10,0xac,0x1e,0x18,0xcc,0x32,0xf8,0x43,0x3f,0x04,0xa5,0xf4,0x1c,0x5c,0x30,0xa8,0x11,0x83,0x03,0x00,
    0x41,0x30,0x88,0x74,0xaf,0xe7,0xa0,0x74,0x1b,0x31,0x38,0x00,0x10,0x04,0x83,0x68,0xf7,0x7a,0x2e,0x10,0x66,0x09,0xfc,0x61,
    0xa0,0x62,0x10,0xfa,0xc1,0xb6,0x03,0x7e,0x18,0x6e,0x38,0x5c,0x2f,0x0c,0x86,0x1b,0x10,0xd5,0x0b,0x83,0x12,0x02,0x9d,0x65,
    0xf8,0x87,0x5c,0x09,0x8c,0xa0,0x37,0xf8,0x8c,0x18,0x18,0x00,0x08,0x82,0x41,0x33,0x7e,0x3f,0x17,0x5c,0x40,0x98,0x11,0x83,
    0x03,0x00,0x41,0x30,0xd8,0x7e,0x6f,0xe7,0x64,0x27,0x18,0x4d,0x08,0x80,0xd1,0x04,0x21,0x18,0x4d,0x18,0x84,0x1b,0x06,0x75,
    0xc3,0xa0,0x6e,0x18,0x94,0x0d,0x67,0x24,0x1f,0x1b,0xce,0x48,0x3e,0x36,0x9c,0x91,0x7c,0x66,0x19,0x70,0x02,0x24,0xb2,0x11,
    0x03,0x03,0x00,0x41,0x30,0x68,0xde,0x6f,0xed,0x86,0x11,0x03,0x03,0x00,0x41,0x30,0x68,0xe0,0x8f,0xed,0x86,0x11,0x03,0x03,
    0x00,0x41,0x30,0x68,0xe2,0xaf,0xed,0x86,0x1b,0x08,0x74,0x03,0x81,0x6e,0x20,0xd0,0x2c,0x43,0x48,0x88,0x04,0x1e,0x0c,0x37,
    0x0c,0xcf,0x19,0x14,0x11,0x77,0x78,0x02,0x21,0x2a,0x10,0x76,0x96,0x40,0x24,0x06,0x2a,0x08,0x21,0x24,0x6c,0x3f,0x00,0x89,
    0xe1,0x86,0x3f,0x68,0x3f,0x30,0x98,0x65,0x18,0x09,0x92,0x08,0x2a,0xa9,0xcc,0x02,0x0b,0x04,0x15,0x5c,0x36,0x4b,0x70,0x12,
    0xc3,0x0d,0xa3,0xd0,0x7e,0x60,0x30,0xcb,0x50,0x12,0x26,0x11,0x54,0x26,0x7f,0x57,0x4e,0x60,0x16,0x08,0x20,0xa8,0x60,0xb0,
    0xe1,0x86,0xa0,0x43,0x83,0x2a,0x4e,0x0f,0x2a,0x18,0x62,0xba,0x81,0x08,0x86,0x59,0x82,0x93,0xb0,0x30,0x50,0x3d,0x10,0x8c,
    0x18,0x1c,0x00,0x08,0x82,0x41,0x17,0x82,0xc1,0xe9,0x59,0xfa,0x37,0x62,0x70,0x00,0x20,0x08,0x06,0x9d,0x08,0x06,0xa7,0x17,
    0x08,0xb3,0x04,0x27,0x31,0xd0,0x41,0x68,0x23,0x21,0x98,0x04,0x52,0x12,0x15,0x0b,0xf7,0x87,0x15,0xd0,0x9f,0x0e,0x37,0x04,
    0xf9,0x07,0x06,0xb3,0x0c,0x28,0x91,0x12,0xc1,0x70,0x43,0x05,0x82,0x41,0x18,0x0c,0x37,0x70,0x21,0x18,0xa0,0x41,0x05,0xc2,
    0x0e,0x37,0x78,0x6a,0x70,0x06,0x15,0x08,0x7b,0x01,0x21,0x66,0x09,0x52,0x62,0xa0,0x82,0x10,0x50,0xc2,0x0e,0x4e,0x62,0xb8,
    0x21,0x41,0xc1,0x00,0x0c,0x66,0x19,0x54,0x62,0x25,0x82,0x1a,0x83,0x37,0x30,0x0b,0xe0,0x00,0x04,0x15,0xc4,0x81,0xcd,0x12,
    0xb8,0xc4,0x70,0x43,0x83,0x82,0x01,0x18,0xcc,0x32,0xb0,0x44,0x4b,0x04,0x35,0x07,0x2d,0x18,0x5c,0xa1,0x41,0x60,0x16,0x08,
    0x20,0xa8,0x60,0xb0,0xe1,0x86,0xe0,0x0e,0xd0,0xa0,0x0a,0xf1,0x83,0x0a,0x86,0x98,0x6e,0x20,0x82,0x61,0x96,0xc0,0x25,0x6c,
    0x0f,0xca,0x0f,0x04,0x23,0x06,0x07,0x00,0x82,0x60,0xd0,0xf1,0x60,0x20,0x7e,0x70,0x50,0x83,0xc1,0x88,0xc1,0x01,0x80,0x20,
    0x18,0x74,0x3d,0x18,0x88,0x5f,0x20,0xcc,0x12,0xb8,0xc4,0x40,0x07,0xa1,0xa9,0x84,0xd0,0x12,0x08,0x4b,0x0c,0x37,0x48,0x38,
    0x18,0x84,0xc1,0x05,0x84,0x28,0x77,0xc8,0xc1,0x00,0x2b,0x88,0xc1,0x40,0x87,0x1b,0x02,0x1b,0x0c,0xc0,0x60,0x96,0xe1,0x25,
    0x60,0x22,0x18,0x6e,0xb8,0x83,0x1e,0x0c,0xd0,0xa0,0x02,0x63,0x87,0x1b,0xf2,0xa0,0x14,0xce,0xa0,0x02,0x61,0x2f,0x20,0xc4,
    0x2c,0x01,0x4c,0x0c,0x54,0x10,0xc2,0x4b,0x48,0x2e,0x31,0xdc,0x80,0x90,0x61,0x00,0x06,0xb3,0x0c,0x31,0x21,0x13,0x41,0xf9,
    0x81,0x2a,0x98,0x05,0xab,0x00,0x82,0x0a,0x58,0xc1,0x66,0x09,0x6a,0x62,0xb8,0x81,0x21,0xc3,0x00,0x0c,0x66,0x19,0x66,0x82,
    0x26,0x82,0x72,0x85,0x34,0x0c,0xae,0x46,0x21,0x30,0x0b,0x04,0x10,0x54,0x30,0xd8,0x70,0x43,0x20,0x0b,0x68,0x50,0x85,0xff,
    0x41,0x05,0x43,0x4c,0x37,0x10,0xc1,0x30,0x4b,0x50,0x13,0x66,0x0b,0x21,0x18,0x80,0x60,0xc4,0xe0,0x00,0x40,0x10,0x0c,0x3a,
    0x3c,0x0c,0xfc,0x6f,0x15,0xe2,0x30,0x18,0x31,0x38,0x00,0x10,0x04,0x83,0x2e,0x0f,0x03,0xff,0x0b,0x84,0x59,0x82,0x9a,0x18,
    0xe8,0x20,0xb4,0x98,0x10,0x68,0x02,0x99,0x89,0xe1,0x06,0x89,0x0e,0x03,0x30,0x98,0x65,0xb8,0x09,0x9b,0x08,0x8a,0x8e,0xfa,
    0x0f,0x46,0x0c,0x0e,0x00,0x04,0xc1,0xc0,0x0c,0xf2,0x30,0x08,0xc1,0xe0,0xef,0x82,0xd1,0x84,0x00,0x18,0x4d,0x10,0x82,0xd1,
    0x84,0x41,0x18,0x4d,0x20,0x86,0x59,0x02,0x1c,0x1b,0x31,0x68,0x00,0x10,0x04,0x83,0x30,0x00,0xc5,0x40,0x04,0x03,0x3b,0x2a,
    0x87,0x3f,0x20,0x03,0x64,0x05,0x83,0x15,0x0c,0x56,0x30,0x18,0x4d,0x08,0x80,0xd1,0x04,0x21,0x18,0x4d,0x18,0x84,0xd1,0x04,
    0x62,0x98,0x25,0xc0,0x31,0x13,0x07,0xde,0x83,0x8f,0x89,0x43,0xef,0xc1,0xc7,0xc4,0xc1,0xf7,0xe0,0x33,0x62,0x60,0x00,0x20,
    0x08,0x06,0x4d,0x2c,0x06,0x2d,0x18,0x0c,0x23,0x06,0x06,0x00,0x82,0x60,0xd0,0xc8,0x62,0xe0,0x82,0xc1,0x30,0x62,0x60,0x00,
    0x20,0x08,0x06,0xcd,0x2c,0x06,0x2f,0x18,0x0c,0x37,0x10,0xe8,0x06,0x02,0xdd,0x40,0xa0,0x11,0x03,0x03,0x00,0x41,0x30,0x68,
    0x6e,0x31,0x78,0xc1,0x20,0x19,0x31,0x30,0x00,0x10,0x04,0x83,0x06,0x17,0x03,0x18,0x0c,0x92,0x11,0x03,0x03,0x00,0x41,0x30,
    0x68,0x72,0x31,0x88,0xc1,0x20,0x99,0x65,0xc8,0x09,0x9d,0xe8,0x89,0xe1,0x06,0x83,0x1e,0xce,0xa0,0x0e,0x1b,0x0c,0xf0,0x04,
    0x42,0x54,0x20,0xec,0x2c,0x81,0x4e,0x0c,0x54,0x10,0x42,0x4e,0x80,0xa5,0x80,0x13,0xc3,0x0d,0x64,0x21,0x8b,0x01,0x18,0xcc,
    0x32,0xf8,0xc4,0x4e,0x04,0xc3,0x0d,0x65,0xf1,0x8a,0x01,0x18,0xcc,0x32,0xf4,0x04,0x4f,0x04,0xb6,0x0f,0x64,0x18,0x80,0x60,
    0xc4,0xe0,0x00,0x40,0x10,0x0c,0xba,0x5d,0x0c,0xc2,0x30,0x70,0x68,0x31,0x18,0x31,0x38,0x00,0x10,0x04,0x83,0x8e,0x17,0x83,
    0x30,0x0c,0x02,0x61,0x96,0xe0,0x27,0xca,0x1f,0x6e,0x31,0xb8,0x8a,0x02,0xb3,0x40,0x00,0x41,0x05,0x83,0x0d,0x37,0x04,0x22,
    0x81,0x06,0x55,0xb0,0x61,0x00,0x15,0x0c,0x31,0xdd,0x40,0x04,0xc3,0x2c,0xc1,0x4f,0x14,0x66,0x12,0x66,0xc1,0x49,0x80,0xa0,
    0x02,0x94,0xb0,0x59,0x82,0x9f,0x18,0xe8,0x20,0x04,0x9f,0xc0,0x78,0x02,0xe9,0x89,0xb2,0x0b,0x5e,0x0c,0xb0,0x82,0x5c,0x0c,
    0x74,0xb8,0x21,0xf0,0xc5,0x00,0x0c,0x66,0x19,0xc0,0x22,0x2c,0x82,0xe1,0x86,0xaa,0x1c,0x83,0x30,0x18,0x6e,0xf8,0xcc,0x31,
    0x40,0x83,0x0a,0x84,0x1d,0x6e,0x08,0x83,0x97,0x38,0x83,0x0a,0x84,0xbd,0x80,0x10,0xb3,0x04,0x61,0x31,0x50,0x41,0x08,0x60,
    0x61,0x07,0x3f,0x31,0xdc,0x90,0xb4,0x63,0x00,0x06,0xb3,0x0c,0x65,0x21,0x16,0xc1,0x70,0x83,0xa2,0x8e,0x01,0x18,0xcc,0x32,
    0x90,0xc5,0x58,0x04,0x56,0x13,0x7f,0x18,0x80,0x60,0xc4,0xe0,0x00,0x40,0x10,0x0c,0x3a,0x7b,0x0c,0xf8,0x30,0x40,0x83,0x77,
    0x0c,0x46,0x0c,0x0e,0x00,0x04,0xc1,0xa0,0xbb,0xc7,0x80,0x0f,0x83,0x40,0x98,0x25,0x30,0x8b,0xc2,0x09,0x79,0x0c,0xae,0xd6,
    0x20,0x30,0x0b,0x04,0x10,0x54,0x30,0xd8,0x70,0x43,0xc0,0x13,0x68,0x50,0xc5,0x29,0x06,0x50,0xc1,0x10,0xd3,0x0d,0x44,0x30,
    0xcc,0x12,0x98,0x45,0xc9,0x01,0x58,0x98,0x05,0x61,0x01,0x82,0x0a,0xc4,0xc2,0x66,0x09,0xcc,0x62,0xa0,0x83,0x10,0xca,0x02,
    0x1b,0x0b,0x84,0x2c,0x86,0x1b,0xa4,0x7e,0x0c,0xc2,0xe0,0x02,0x42,0xd4,0x6c,0xf8,0x63,0x80,0x15,0xd8,0x63,0xa0,0xc3,0x0d,
    0xc1,0x3e,0x06,0x60,0x30,0xcb,0x70,0x16,0x68,0x11,0x0c,0x37,0xe8,0x81,0x48,0x06,0x68,0x50,0x81,0xb1,0xc3,0x0d,0x7c,0xa0,
    0x16,0x67,0x50,0x81,0xb0,0x17,0x10,0x62,0x96,0x00,0x2d,0x06,0x2a,0x08,0xe1,0x2c,0x24,0xb3,0x18,0x6e,0x40,0x52,0x32,0x00,
    0x83,0x59,0x06,0xb6,0x48,0x8b,0x60,0xb8,0x21,0x31,0xc9,0x00,0x0c,0x66,0x19,0xd6,0x42,0x2d,0x02,0x83,0x8b,0x5d,0x0c,0x40,
    0x30,0x62,0x70,0x00,0x20,0x08,0x06,0x9d,0x4c,0x06,0xb8,0x18,0x8c,0xc2,0x4a,0x06,0x23,0x06,0x07,0x00,0x82,0x60,0xd0,0xcd,
    0x64,0x80,0x8b,0x41,0x20,0xcc,0x12,0xb4,0x45,0xcd,0x85,0x4b,0x06,0x57,0xa6,0x10,0x98,0x05,0x02,0x08,0x2a,0x18,0x6c,0xb8,
    0x21,0xb8,0x0b,0x34,0xa8,0x62,0x1c,0x03,0xa8,0x60,0x88,0xe9,0x06,0x22,0x18,0x66,0x09,0xda,0xa2,0x5a,0x61,0x2f,0xcc,0x02,
    0xbe,0x00,0x41,0x05,0x7d,0x61,0xb3,0x04,0x6d,0x31,0xd0,0x41,0x08,0x6c,0x81,0xa9,0x05,0xb2,0x16,0xc3,0x0d,0x52,0x4e,0x06,
    0x60,0x30,0xcb,0xe0,0x16,0x6f,0x11,0x8c,0x18,0x34,0x00,0x08,0x82,0x41,0x18,0xfc,0x64,0x10,0x8e,0x41,0x4d,0x91,0x46,0x1e,
    0x78,0x82,0x3a,0x06,0xea,0x18,0xa8,0x63,0x30,0x9a,0x10,0x00,0xa3,0x09,0x42,0x30,0x9a,0x30,0x08,0xa3,0x09,0xc4,0x30,0x4b,
    0x00,0x17,0xe5,0x53,0xe7,0x18,0xc0,0x88,0xc1,0x01,0x80,0x20,0x18,0x98,0xc1,0x58,0x06,0xeb,0x18,0xa4,0x61,0x10,0x8c,0x26,
    0x04,0xc0,0x68,0x82,0x10,0x8c,0x26,0x0c,0xc2,0x68,0x02,0x31,0xcc,0x12,0xc0,0xc5,0x40,0xc5,0x80,0xbc,0x05,0xe5,0x16,0x03,
    0x15,0x03,0xf2,0x16,0x94,0x5b,0x0c,0x54,0x0c,0xc8,0x5b,0x50,0x6e,0x31,0x50,0x31,0x20,0x6f,0x41,0xb9,0x85,0x8d,0x62,0x00,
    0x0e,0xf1,0x31,0x52,0x0c,0xc0,0x21,0x3e,0x56,0x8a,0x01,0x38,0xc4,0xc7,0x84,0x41,0x3e,0x16,0x08,0xf2,0xb1,0x24,0x90,0x8f,
    0x25,0x82,0x7c,0x2c,0x19,0xe4,0x63,0x09,0x21,0x9f,0x62,0x87,0xb9,0x0c,0x60,0x96,0x21,0x2e,0xe4,0x82,0x44,0x86,0x1b,0x82,
    0xdd,0x38,0x83,0x12,0xfa,0x31,0xc0,0x13,0x08,0x51,0x81,0xb0,0xb3,0x04,0x72,0x31,0x50,0x41,0x08,0x71,0xe1,0xae,0x02,0x5c,
    0xcc,0x32,0xd8,0xc5,0x5c,0x9c,0xc3,0x70,0xc3,0x8a,0xd4,0x65,0x00,0x06,0xb3,0x0c,0x75,0x41,0x17,0x81,0x85,0x87,0x4a,0x06,
    0x20,0x18,0x31,0x38,0x00,0x10,0x04,0x83,0x2e,0x34,0x83,0x93,0x0c,0x10,0xbd,0x0c,0x46,0x0c,0x0e,0x00,0x04,0xc1,0xa0,0x13,
    0xcd,0xe0,0x24,0x83,0x40,0x98,0x25,0xb8,0x8b,0x22,0x8f,0xbe,0x0c,0xae,0x96,0xc0,0x2c,0x10,0x40,0x50,0xc1,0x60,0xc3,0x0d,
    0x01,0x7a,0xa0,0x41,0x15,0x32,0x19,0x40,0x05,0x43,0x4c,0x37,0x10,0xc1,0x30,0x4b,0x70,0x17,0x25,0xb1,0x87,0x59,0xd0,0x1e,
    0x20,0xa8,0xc0,0x3d,0x6c,0x96,0xe0,0x2e,0x06,0x3a,0x08,0xc1,0x2e,0x30,0xba,0x40,0xea,0x62,0x96,0x01,0x2f,0xf2,0x82,0x1c,
    0x86,0x1b,0x22,0xd4,0x0c,0xc2,0x60,0xb8,0x41,0x24,0x52,0x33,0x40,0x83,0x0a,0x84,0x1d,0x6e,0x20,0x09,0xf9,0x38,0x83,0x0a,
    0x84,0xbd,0x80,0x10,0xb3,0x04,0x79,0x31,0x50,0x41,0x08,0x78,0xe1,0x06,0x77,0x31,0xcb,0xd0,0x17,0x7a,0x31,0x0e,0xc3,0x0d,
    0xec,0xc0,0x9a,0x01,0x18,0xcc,0x32,0xf0,0xc5,0x5e,0x04,0x76,0x1f,0x61,0x19,0x80,0x60,0xc4,0xe0,0x00,0x40,0x10,0x0c,0x3a,
    0xdc,0x0c,0x7c,0x32,0x50,0x89,0xd8,0x0c,0x46,0x0c,0x0e,0x00,0x04,0xc1,0xa0,0xcb,0xcd,0xc0,0x27,0x83,0x40,0x98,0x25,0xf0,
    0x8b,0xd2,0x0f,0xda,0x0c,0xae,0x5a,0x22,0x30,0x0b,0x04,0x10,0x54,0x30,0xd8,0x70,0x43,0xe0,0x1f,0x68,0x50,0x45,0x5a,0x06,
    0x50,0xc1,0x10,0xd3,0x0d,0x44,0x30,0xcc,0x12,0xf8,0x45,0xd1,0x84,0x88,0x98,0x05,0x23,0x02,0x82,0x0a,0x48,0xc4,0x66,0x09,
    0xfc,0x62,0xa0,0x83,0x10,0xfa,0x02,0xdb,0x0b,0x84,0x2f,0x86,0x1b,0xa2,0xdf,0x0c,0xc2,0xe0,0x02,0x42,0xcc,0x32,0xfc,0x05,
    0x68,0x80,0xc3,0x70,0x43,0x4e,0x84,0x67,0x80,0x06,0x15,0x0c,0x3b,0xdc,0xb0,0x13,0x29,0x72,0x06,0x15,0x08,0x7b,0x01,0x21,
    0x66,0x09,0x40,0x63,0xa0,0x82,0x10,0xfe,0x82,0xf1,0x8b,0x59,0x06,0xd2,0x08,0x8d,0x5f,0x18,0x6e,0x38,0x07,0xf2,0x0c,0xc0,
    0x60,0x96,0x61,0x34,0x44,0x23,0x30,0x17,0xc9,0xcb,0x00,0x04,0x23,0x06,0x07,0x00,0x82,0x60,0xd0,0xc1,0x67,0x60,0x97,0x41,
    0x58,0xa4,0x67,0x30,0x62,0x70,0x00,0x20,0x08,0x06,0x5d,0x7c,0x06,0x76,0x19,0x04,0xc2,0x2c,0x41,0x69,0x54,0x8c,0xb0,0x67,
    0x70,0x45,0x16,0x81,0x59,0x20,0x80,0xa0,0x82,0xc1,0x86,0x1b,0x82,0x1a,0x41,0x83,0x2a,0x42,0x33,0x80,0x0a,0x86,0x98,0x6e,
    0x20,0x82,0x61,0x96,0xa0,0x34,0x6a,0x2d,0x72,0xc4,0x2c,0xd0,0x11,0x10,0x54,0xb0,0x23,0x36,0x4b,0x50,0x1a,0x03,0x1d,0x84,
    0x40,0x1a,0x98,0x68,0x20,0xa3,0x31,0xdc,0x10,0xdd,0x67,0x00,0x06,0xb3,0x0c,0xa6,0x71,0x1a,0xc1,0x88,0x41,0x03,0x80,0x20,
    0x18,0x84,0x41,0x7f,0x06,0x7f,0x19,0xcc,0x97,0x98,0xc4,0x81,0x26,0xa0,0x66,0x80,0x9a,0x01,0x6a,0x06,0xa3,0x09,0x01,0x30,
    0x9a,0x20,0x04,0xa3,0x09,0x83,0x30,0x9a,0x40,0x0c,0xb3,0x04,0xa8,0x51,0xfc,0x55,0x9a,0x01,0x8c,0x18,0x1c,0x00,0x08,0x82,
    0x81,0x19,0x84,0x68,0x90,0x9a,0xc1,0x49,0x06,0xc1,0x68,0x42,0x00,0x8c,0x26,0x08,0xc1,0x68,0xc2,0x20,0x8c,0x26,0x10,0xc3,
    0x2c,0x01,0x6a,0x0c,0x54,0x0c,0xc8,0x69,0x50,0xa6,0x31,0x50,0x31,0x20,0xa7,0x41,0x99,0xc6,0x40,0xc5,0x80,0x9c,0x06,0x65,
    0x1a,0x03,0x15,0x03,0x72,0x1a,0x94,0x69,0x58,0x2f,0xf8,0x85,0x7c,0x2c,0xe8,0x05,0xf9,0x98,0x11,0xc8,0xc7,0x0c,0x41,0x3e,
    0x66,0x0c,0xf2,0x31,0x83,0x90,0x4f,0x99,0x86,0x8b,0x06,0x30,0xcb,0x90,0x1a,0xaa,0xf1,0x2b,0xc3,0x0d,0xa8,0x61,0x27,0x67,
    0x50,0xa9,0x81,0x9b,0x01,0x9e,0x40,0x88,0x0a,0x84,0x9d,0x25,0x50,0x8d,0x81,0x0a,0x42,0x48,0x0d,0x32,0x16,0x50,0x63,0x96,
    0xc1,0x35,0x56,0x43,0x34,0x86,0x1b,0xcc,0x05,0x46,0x03,0x30,0x98,0x65,0x68,0x0d,0xd6,0x08,0x8c,0x4f,0xca,0x33,0x00,0xc1,
    0x88,0xc1,0x01,0x80,0x20,0x18,0x74,0x3c,0x1a,0x88,0x67,0xf0,0x1a,0x35,0x1a,0x8c,0x18,0x1c,0x00,0x08,0x82,0x41,0xd7,0xa3,
    0x81,0x78,0x06,0x81,0x30,0x4b,0xf0,0x1a,0xf5,0x27,0x38,0x1a,0x5c,0xc9,0x46,0x60,0x16,0x08,0x20,0xa8,0x60,0xb0,0xe1,0x86,
    0x60,0x54,0xd0,0xa0,0x8a,0xf6,0x0c,0xa0,0x82,0x21,0xa6,0x1b,0x88,0x60,0x98,0x25,0x78,0x8d,0xca,0x8d,0x53,0x31,0x0b,0x50,
    0x05,0x04,0x15,0xa4,0x8a,0xcd,0x12,0xbc,0xc6,0x40,0x07,0x21,0xb8,0x06,0xc6,0x1a,0x48,0x6b,0xcc,0x32,0xc0,0x46,0x6c,0xfc,
    0xc5,0x70,0x43,0x34,0xa6,0x41,0x18,0x0c,0x37,0x5c,0x64,0x1a,0xa0,0x41,0x05,0xc2,0x0e,0x37,0x64,0xad,0x72,0x06,0x15,0x08,
    0x7b,0x01,0x21,0x66,0x09,0x62,0x63,0xa0,0x82,0x10,0x60,0xc3,0x0d,0x5e,0x63,0x96,0xa1,0x36,0x64,0xc3,0x2f,0x86,0x1b,0x4e,
    0xe3,0x4c,0x03,0x30,0x98,0x65,0xa0,0x8d,0xd9,0x08,0x4c,0x56,0xf8,0x33,0x00,0xc1,0x88,0xc1,0x01,0x80,0x20,0x18,0x74,0x73,
    0x1a,0xe4,0x67,0xf0,0xb1,0x69,0x30,0x62,0x70,0x00,0x20,0x08,0x06,0x1d,0x9d,0x06,0xf9,0x19,0x04,0xc2,0x2c,0x81,0x6d,0x54,
    0xad,0xbc,0x69,0x70,0x25,0x06,0x81,0x59,0x20,0x80,0xa0,0x82,0xc1,0x86,0x1b,0x82,0x5c,0x41,0x83,0x2a,0x48,0x34,0x80,0x0a,
    0x86,0x98,0x6e,0x20,0x82,0x61,0x96,0xc0,0x36,0x2a,0x0d,0x7a,0xc5,0x2c,0xf0,0x15,0x10,0x54,0xf0,0x2b,0x36,0x4b,0x60,0x1b,
    0x03,0x1d,0x84,0x50,0x1b,0xd8,0x6c,0x20,0xb4,0x31,0xdc,0x10,0xe9,0x69,0x10,0x06,0x17,0x10,0x62,0x96,0xe1,0x36,0x70,0x63,
    0x2f,0x86,0x1b,0xe8,0x83,0x4f,0x03,0x34,0xa8,0x60,0xd8,0xe1,0x06,0xfb,0x20,0x97,0x33,0xa8,0x40,0xd8,0x0b,0x08,0x31,0x4b,
    0x80,0x1b,0x03,0x15,0x84,0x70,0x1b,0x8c,0x6d,0xcc,0x32,0xf0,0x46,0x6e,0xe8,0xc5,0x70,0x83,0x68,0xfc,0x69,0x00,0x06,0xb3,
    0x0c,0xbb,0xa1,0x1b,0x81,0xa5,0x0b,0x8d,0x06,0x20,0x18,0x31,0x38,0x00,0x10,0x04,0x83,0x6e,0x55,0x83,0x18,0x0d,0xf8,0x83,
    0x54,0x83,0x11,0x83,0x03,0x00,0x41,0x30,0xe8,0x58,0x35,0x88,0xd1,0x20,0x10,0x66,0x09,0x7a,0xa3,0xd8,0xe5,0x54,0x83,0xab,
    0xff,0x08,0xcc,0x02,0x01,0x04,0x15,0x0c,0x36,0xdc,0x10,0xc0,0x0b,0x1a,0x54,0xc1,0xa3,0x01,0x54,0x30,0xc4,0x74,0x03,0x11,
    0x0c,0xb3,0x04,0xbd,0x51,0x26,0x42,0x2f,0x66,0x41,0xbd,0x80,0xa0,0x02,0x7b,0xb1,0x59,0x82,0xde,0x18,0xe8,0x20,0x04,0xde,
    0xc0,0x74,0x03,0xd9,0x8d,0xe1,0x86,0x48,0x56,0x03,0x30,0x98,0x65,0xf0,0x8d,0xdf,0x08,0x46,0x0c,0x1a,0x00,0x04,0xc1,0x20,
    0x0c,0x70,0x35,0xd0,0xd1,0xc0,0xd5,0xfa,0x25,0x0e,0x34,0x61,0x4c,0x83,0x31,0x0d,0xc6,0x34,0x18,0x4d,0x08,0x80,0xd1,0x04,
    0x21,0x18,0x4d,0x18,0x84,0xd1,0x04,0x62,0x98,0x25,0x00,0x8f,0xba,0x35,0x30,0x0d,0x60,0xc4,0xe0,0x00,0x40,0x10,0x0c,0xcc,
    0x80,0x57,0x03,0x32,0x0d,0xc4,0x33,0x08,0x46,0x13,0x02,0x60,0x34,0x41,0x08,0x46,0x13,0x06,0x61,0x34,0x81,0x18,0x66,0x09,
    0xc0,0x63,0xa0,0x62,0x40,0x7e,0x83,0xf2,0x8d,0x81,0x8a,0x01,0xf9,0x0d,0xca,0x37,0x06,0x2a,0x06,0xe4,0x37,0x28,0xdf,0x18,
    0xa8,0x18,0x90,0xdf,0xa0,0x7c,0xc3,0xee,0x22,0x2f,0xe4,0x63,0x45,0x20,0x1f,0x2b,0x04,0xf9,0x58,0x31,0xc8,0xc7,0x0a,0x42,
    0x3e,0xb3,0x0c,0xe1,0x21,0x1e,0x78,0x33,0xdc,0x50,0x17,0x2f,0x73,0x06,0x65,0x17,0x71,0x1a,0xe0,0x09,0x84,0xa8,0x40,0xd8,
    0x59,0x02,0xf1,0x18,0xa8,0x20,0x84,0xf0,0xb0,0x6d,0x01,0x3c,0x66,0x19,0xcc,0x63,0x3c,0x76,0x64,0xb8,0xe1,0x6f,0xd2,0x35,
    0x00,0x83,0x59,0x86,0xf2,0x20,0x8f,0xc0,0x6a,0xc6,0x4f,0x03,0x10,0x8c,0x18,0x1c,0x00,0x08,0x82,0x41,0x57,0xaf,0xc1,0x9e,
    0x06,0x7c,0xe1,0xae,0xc1,0x88,0xc1,0x01,0x80,0x20,0x18,0x74,0xf6,0x1a,0xec,0x69,0x10,0x08,0xb3,0x04,0xe7,0x51,0x38,0x13,
    0xaf,0xc1,0xd5,0x5f,0x04,0x66,0x81,0x00,0x82,0x0a,0x06,0x1b,0x6e,0x08,0x78,0x06,0x0d,0xaa,0x30,0xd5,0x00,0x2a,0x18,0x62,
    0xba,0x81,0x08,0x86,0x59,0x82,0xf3,0x28,0xd3,0x00,0x1b,0xb3,0x20,0x6c,0x40,0x50,0x81,0xd8,0xd8,0x2c,0xc1,0x79,0x0c,0x74,
    0x10,0x82,0x79,0x60,0xe4,0x81,0x94,0xc7,0x2c,0x03,0x7a,0xa4,0x07,0x8e,0x0c,0x37,0x44,0xfc,0x1a,0x84,0xc1,0x70,0x03,0x3c,
    0xf4,0x6b,0x80,0x06,0x15,0x08,0x3b,0xdc,0x20,0x0f,0x66,0x73,0x06,0x15,0x08,0x7b,0x01,0x21,0x66,0x09,0xd2,0x63,0xa0,0x82,
    0x10,0xd0,0xc3,0x0d,0xce,0x63,0x96,0xa1,0x3d,0xd4,0xe3,0x46,0x86,0x1b,0xc0,0x04,0x64,0x03,0x30,0x98,0x65,0x60,0x8f,0xf5,
    0x08,0x6c,0x6d,0x6a,0x35,0x00,0xc1,0x88,0xc1,0x01,0x80,0x20,0x18,0x74,0x2c,0x1b,0xc8,0x6a,0x80,0x0f,0x25,0x1b,0x8c,0x18,
    0x1c,0x00,0x08,0x82,0x41,0xd7,0xb2,0x81,0xac,0x06,0x81,0x30,0x4b,0xe0,0x1e,0xe5,0x36,0x28,0x1b,0x5c,0xed,0x43,0x60,0x16,
    0x08,0x20,0xa8,0x60,0xb0,0xe1,0x86,0x40,0x6e,0xd0,0xa0,0x8a,0x5e,0x0d,0xa0,0x82,0x21,0xa6,0x1b,0x88,0x60,0x98,0x25,0x70,
    0x8f,0x12,0x09,0xbb,0x31,0x0b,0xee,0x06,0x04,0x15,0xe0,0x8d,0xcd,0x12,0xb8,0xc7,0x40,0x07,0x21,0xb4,0x07,0xb6,0x1e,0x08,
    0x7b,0x0c,0x37,0x44,0x33,0x1b,0x84,0xc1,0x05,0x84,0x98,0x65,0x78,0x0f,0xf8,0xa0,0x91,0xe1,0x86,0x56,0xa9,0xd9,0x00,0x0d,
    0x2a,0x18,0x76,0xb8,0xe1,0x55,0xfa,0xe6,0x0c,0x2a,0x10,0xf6,0x02,0x42,0xcc,0x12,0xc0,0xc7,0x40,0x05,0x21,0xbc,0x07,0xe3,
    0x1e,0xb3,0x0c,0xf4,0x11,0x1f,0x33,0x32,0xdc,0xb0,0x23,0x38,0x1b,0x80,0xc1,0x2c,0xc3,0x7c,0xc8,0x47,0x60,0xa2,0xd3,0xae,
    0x01,0x08,0x46,0x0c,0x0e,0x00,0x04,0xc1,0xa0,0x23,0xdb,0x40,0x5d,0x83,0x5a,0xe9,0xd9,0x60,0xc4,0xe0,0x00,0x40,0x10,0x0c,
    0xba,0xb2,0x0d,0xd4,0x35,0x08,0x84,0x59,0x82,0xfa,0xa8,0xd2,0x01,0xdb,0xe0,0x0a,0x57,0x02,0xb3,0x40,0x00,0x41,0x05,0x83,
    0x0d,0x37,0x04,0xa9,0x83,0x06,0x55,0xd4,0x6b,0x00,0x15,0x0c,0x31,0xdd,0x40,0x04,0xc3,0x2c,0x41,0x7d,0xd4,0xaf,0xb4,0x8e,
    0x59,0xe0,0x3a,0x20,0xa8,0xe0,0x75,0x6c,0x96,0xa0,0x3e,0x06,0x3a,0x08,0x81,0x3e,0x30,0xf9,0x40,0xe6,0x63,0xb8,0x21,0x5a,
    0xdb,0x00,0x0c,0x66,0x19,0xec,0xe3,0x3e,0x82,0x11,0x83,0x06,0x00,0x41,0x30,0x08,0x83,0xb8,0x0d,0xe6,0x35,0x38,0x3b,0xdb,
    0x89,0x03,0x4d,0xe0,0xd7,0x80,0x5f,0x03,0x7e,0x0d,0x46,0x13,0x02,0x60,0x34,0x41,0x08,0x46,0x13,0x06,0x61,0x34,0x81,0x18,
    0x66,0x09,0xf0,0xa3,0xe0,0x2e,0x5f,0x03,0x18,0x31,0x38,0x00,0x10,0x04,0x03,0x33,0xa8,0xdb,0xa0,0x5f,0x83,0x3d,0x0d,0x82,
    0xd1,0x84,0x00,0x18,0x4d,0x10,0x82,0xd1,0x84,0x41,0x18,0x4d,0x20,0x86,0x59,0x02,0xfc,0x18,0xa8,0x18,0x90,0xfb,0xa0,0xec,
    0x63,0xa0,0x62,0x40,0xee,0x83,0xb2,0x8f,0x81,0x8a,0x01,0xb9,0x0f,0xca,0x3e,0x06,0x2a,0x06,0xe4,0x3e,0x28,0xfb,0x30,0x18,
    0x91,0x17,0xf9,0x58,0x11,0xc8,0xc7,0x0a,0x41,0x3e,0x56,0x0c,0xf2,0xb1,0x82,0x90,0x4f,0xe1,0x4b,0xe8,0x06,0x30,0xcb,0x90,
    0x1f,0xfa,0x21,0x43,0xc3,0x0d,0xfb,0x92,0x3e,0x67,0x50,0xfc,0xb2,0xb2,0x01,0x9e,0x40,0x88,0x0a,0x84,0x9d,0x25,0xd0,0x8f,
    0x81,0x0a,0x42,0xc8,0x0f,0x95,0x17,0xf0,0x63,0x96,0xc1,0x3f,0xf6,0xa3,0x5e,0x86,0x1b,0x72,0x68,0x74,0x03,0x30,0x98,0x65,
    0xe8,0x0f,0xfe,0x08,0xec,0x7d,0x70,0x36,0x00,0xc1,0x88,0xc1,0x01,0x80,0x20,0x18,0x74,0xaf,0x1b,0xd4,0x6c,0x20,0x32,0xa8,
    0x1b,0x8c,0x18,0x1c,0x00,0x08,0x82,0x41,0x07,0xbb,0x41,0xcd,0x06,0x81,0x30,0x4b,0xf0,0x1f,0x25,0x3f,0xab,0x1b,0x5c,0x95,
    0x4c,0x60,0x16,0x08,0x20,0xa8,0x60,0xb0,0xe1,0x86,0xc0,0x7e,0xd0,0xa0,0x0a,0xb0,0x0d,0xa0,0x82,0x21,0xa6,0x1b,0x88,0x60,
    0x98,0x25,0xf8,0x8f,0x62,0x19,0xfd,0x31,0x0b,0xf6,0x07,0x04,0x15,0xf0,0x8f,0xcd,0x12,0xfc,0xc7,0x40,0x07,0x21,0xf8,0x07,
    0xc6,0x1f,0x48,0x7f,0xcc,0x32,0x80,0x48,0x88,0xc8,0xcb,0x70,0x43,0x64,0xbb,0x41,0x18,0x0c,0x37,0xc0,0xcc,0xed,0x06,0x68,
    0x50,0x81,0xb0,0xc3,0x0d,0x32,0x03,0x42,0x67,0x50,0x81,0xb0,0x17,0x10,0x62,0x96,0x20,0x44,0x06,0x2a,0x08,0x01,0x44,0xdc,
    0xe0,0x3f,0x66,0x19,0x4a,0x44,0x44,0xe2,0x65,0xb8,0x41,0x5f,0x74,0x37,0x00,0x83,0x59,0x06,0x12,0x19,0x91,0xc0,0x4a,0xe8,
    0x6d,0x03,0x10,0x8c,0x18,0x1c,0x00,0x08,0x82,0x41,0x67,0xbe,0x01,0xdb,0x06,0x38,0xf3,0xbb,0xc1,0x88,0xc1,0x01,0x80,0x20,
    0x18,0x74,0xe7,0x1b,0xb0,0x6d,0x10,0x08,0xb3,0x04,0x26,0x52,0x28,0x24,0xbe,0xc1,0xd5,0xce,0x04,0x66,0x81,0x00,0x82,0x0a,
    0x06,0x1b,0x6e,0x08,0x58,0x08,0x0d,0xaa,0xb8,0xdb,0x00,0x2a,0x18,0x62,0xba,0x81,0x08,0x86,0x59,0x02,0x13,0x29,0xb1,0x81,
    0x21,0xb3,0x20,0x86,0x40,0x50,0x81,0x0c,0xd9,0x2c,0x81,0x89,0x0c,0x74,0x10,0x42,0x89,0x60,0x23,0x82,0x90,0xc8,0x70,0x43,
    0xd4,0xbe,0x41,0x18,0x5c,0x40,0x88,0x59,0x86,0x13,0x41,0x11,0x77,0x19,0x6e,0x78,0x83,0xf7,0x0d,0xd0,0xa0,0x82,0x61,0x87,
    0x1b,0xe2,0xe0,0x86,0xce,0xa0,0x02,0x61,0x2f,0x20,0xc4,0x2c,0x01,0x8a,0x0c,0x54,0x10,0xc2,0x89,0x30,0x26,0x32,0xcb,0xc0,
    0x22,0x29,0xd2,0x2e,0xc3,0x0d,0xf5,0x22,0xbf,0x01,0x18,0xcc,0x32,0xac,0x88,0x8a,0x04,0xc6,0x43,0xa7,0x1b,0x80,0x60,0xc4,
    0xe0,0x00,0x40,0x10,0x0c,0x3a,0xff,0x0d,0x48,0x37,0xb8,0x83,0xfb,0x0d,0x46,0x0c,0x0e,0x00,0x04,0xc1,0xa0,0xfb,0xdf,0x80,
    0x74,0x83,0x40,0x98,0x25,0x68,0x91,0xfa,0x21,0xfd,0x0d,0xae,0xf4,0x20,0x30,0x0b,0x04,0x10,0x54,0x30,0xd8,0x70,0x43,0x30,
    0x46,0x68,0x50,0xc5,0xeb,0x06,0x50,0xc1,0x10,0xd3,0x0d,0x44,0x30,0xcc,0x12,0xb4,0x48,0x85,0xc2,0x19,0x99,0x05,0x68,0x04,
    0x82,0x0a,0xd2,0xc8,0x66,0x09,0x5a,0x64,0xa0,0x83,0x10,0x58,0x04,0x53,0x11,0x64,0x45,0x86,0x1b,0xa2,0x12,0x0e,0xc0,0x60,
    0x96,0xc1,0x45,0x5e,0x24,0x18,0x31,0x68,0x00,0x10,0x04,0x83,0x30,0x58,0xe1,0xa0,0x75,0x83,0x10,0x0c,0xe0,0x28,0x0e,0x34,
    0xc1,0x76,0x03,0xdb,0x0d,0x6c,0x37,0x18,0x4d,0x08,0x80,0xd1,0x04,0x21,0x18,0x4d,0x18,0x84,0xd1,0x04,0x62,0x98,0x25,0x80,
    0x91,0x52,0xc1,0x60,0x76,0x03,0x18,0x31,0x38,0x00,0x10,0x04,0x03,0x33,0x78,0xe1,0xe0,0x76,0x83,0x9a,0x0d,0x82,0xd1,0x84,
    0x00,0x18,0x4d,0x10,0x82,0xd1,0x84,0x41,0x18,0x4d,0x20,0x86,0x59,0x02,0x18,0x19,0xa8,0x18,0x90,0x17,0xa1,0x5c,0x64,0xa0,
    0x62,0x40,0x5e,0x84,0x72,0x91,0x81,0x8a,0x01,0x79,0x11,0xca,0x45,0x06,0x2a,0x06,0xe4,0x45,0x28,0x17,0x31,0x22,0x5d,0xe4,
    0x63,0x84,0xba,0xc8,0xc7,0x88,0x75,0x91,0x8f,0x11,0xec,0x22,0x9f,0x59,0x86,0x18,0x91,0x11,0x75,0x1a,0x6e,0x38,0x97,0x50,
    0x3a,0x83,0x42,0x97,0xf1,0x0d,0xf0,0x04,0x42,0x54,0x20,0xec,0x2c,0x81,0x8c,0x0c,0x54,0x10,0x42,0x8c,0xe8,0xe1,0x00,0x23,
    0xb3,0x0c,0x36,0x32,0x23,0xad,0x33,0xdc,0x10,0x4f,0x3b,0x1c,0x80,0xc1,0x2c,0x43,0x8d,0xd0,0x48,0x60,0xa7,0x04,0xbf,0x01,
    0x08,0x46,0x0c,0x0e,0x00,0x04,0xc1,0xa0,0x3b,0xe3,0xa0,0x7d,0x03,0x77,0x01,0xe3,0x60,0xc4,0xe0,0x00,0x40,0x10,0x0c,0x3a,
    0x34,0x0e,0xda,0x37,0x08,0x84,0x59,0x82,0x1b,0x29,0x55,0x1a,0xe3,0xe0,0x2a,0x5e,0x02,0xb3,0x40,0x00,0x41,0x05,0x83,0x0d,
    0x37,0x04,0xae,0x84,0x06,0x55,0xe0,0x6f,0x00,0x15,0x0c,0x31,0xdd,0x40,0x04,0xc3,0x2c,0xc1,0x8d,0x14,0xbe,0xc8,0x92,0x59,
    0x30,0x4b,0x20,0xa8,0x80,0x96,0x6c,0x96,0xe0,0x46,0x06,0x3a,0x08,0xc1,0x46,0x30,0x1a,0x41,0x6a,0x64,0x96,0x01,0x47,0x72,
    0x44,0x75,0x86,0x1b,0x22,0x37,0x0e,0xc2,0x60,0xb8,0x01,0x7d,0xde,0x38,0x40,0x83,0x0a,0x84,0x1d,0x6e,0x50,0x1f,0x5c,0x3a,
    0x83,0x0a,0x84,0xbd,0x80,0x10,0xb3,0x04,0x39,0x32,0x50,0x41,0x08,0x38,0xe2,0x06,0x37,0x32,0xcb,0xd0,0x23,0x3a,0x92,0x3a,
    0xc3,0x0d,0xb2,0x23,0xc7,0x01,0x18,0xcc,0x32,0xf0,0xc8,0x8e,0x04,0xd6,0x4b,0x27,0x1c,0x80,0x60,0xc4,0xe0,0x00,0x40,0x10,
    0x0c,0x3a,0x3f,0x0e,0x48,0x38,0x80,0x9f,0x3b,0x0e,0x46,0x0c,0x0e,0x00,0x04,0xc1,0xa0,0xfb,0xe3,0x80,0x84,0x83,0x40,0x98,
    0x25,0xf0,0x91,0x02,0x27,0x3d,0x0e,0xae,0xe6,0x27,0x30,0x0b,0x04,0x10,0x54,0x30,0xd8,0x70,0x43,0x40,0x4e,0x68,0x50,0xc5,
    0x0b,0x07,0x50,0xc1,0x10,0xd3,0x0d,0x44,0x30,0xcc,0x12,0xf8,0x48,0xe9,0x0f,0x3a,0x99,0x05,0xe9,0x04,0x82,0x0a,0xd4,0xc9,
    0x66,0x09,0x7c,0x64,0xa0,0x83,0x10,0x7a,0x04,0xdb,0x11,0x84,0x47,0x86,0x1b,0xa2,0x52,0x0e,0xc2,0xe0,0x02,0x42,0xcc,0x32,
    0xfc,0x08,0x98,0x98,0xce,0x70,0xc3,0x49,0x9c,0x72,0x80,0x06,0x15,0x0c,0x3b,0xdc,0x90,0x12,0xef,0x74,0x06,0x15,0x08,0x7b,
    0x01,0x21,0x66,0x09,0xc0,0x64,0xa0,0x82,0x10,0x7e,0x84,0xf1,0x91,0x59,0x06,0x32,0x09,0x93,0xd2,0x19,0x6e,0x68,0x1d,0x55,
    0x0e,0xc0,0x60,0x96,0x61,0x4c,0xc4,0x24,0x30,0x7a,0xfa,0xe1,0x00,0x04,0x23,0x06,0x07,0x00,0x82,0x60,0xd0,0xd9,0x72,0xc0,
    0xc3,0xc1,0x4b,0xbc,0x72,0x30,0x62,0x70,0x00,0x20,0x08,0x06,0xdd,0x2d,0x07,0x3c,0x1c,0x04,0xc2,0x2c,0x41,0x99,0xd4,0x3d,
    0xc9,0x72,0x70,0x25,0x13,0x81,0x59,0x20,0x80,0xa0,0x82,0xc1,0x86,0x1b,0x82,0x7d,0x42,0x83,0x2a,0xce,0x38,0x80,0x0a,0x86,
    0x98,0x6e,0x20,0x82,0x61,0x96,0xa0,0x4c,0x2a,0x27,0xfe,0xc9,0x2c,0x00,0x29,0x10,0x54,0x10,0x52,0x36,0x4b,0x50,0x26,0x03,
    0x1d,0x84,0x40,0x26,0x98,0x98,0x20,0x63,0x32,0xdc,0x10,0xf5,0x72,0x00,0x06,0xb3,0x0c,0x66,0x72,0x26,0xc1,0x88,0x41,0x03,
    0x80,0x20,0x18,0x84,0xc1,0x38,0x07,0x65,0x1c,0xe4,0x62,0x80,0x52,0x71,0xa0,0x09,0x6e,0x1c,0xb8,0x71,0xe0,0xc6,0xc1,0x68,
    0x42,0x00,0x8c,0x26,0x08,0xc1,0x68,0xc2,0x20,0x8c,0x26,0x10,0xc3,0x2c,0x01,0x9a,0x94,0x38,0x06,0x6b,0x1c,0xc0,0x88,0xc1,
    0x01,0x80,0x20,0x18,0x98,0xc1,0x39,0x07,0x6f,0x1c,0xb4,0x6f,0x10,0x8c,0x26,0x04,0xc0,0x68,0x82,0x10,0x8c,0x26,0x0c,0xc2,
    0x68,0x02,0x31,0xcc,0x12,0xa0,0xc9,0x40,0xc5,0x80,0x9c,0x09,0x65,0x26,0x03,0x15,0x03,0x72,0x26,0x94,0x99,0x0c,0x54,0x0c,
    0xc8,0x99,0x50,0x66,0x32,0x50,0x31,0x20,0x67,0x42,0x99,0x89,0x11,0xe6,0x22,0x1f,0x23,0xce,0x45,0x3e,0x46,0xa0,0x8b,0x7c,
    0x8c,0x48,0x17,0xf9,0xcc,0x32,0xa4,0x89,0x9a,0x88,0xd6,0x70,0xc3,0x1a,0xe5,0xd4,0x19,0x14,0x1b,0xed,0x71,0x80,0x27,0x10,
    0xa2,0x02,0x61,0x67,0x09,0xd4,0x64,0xa0,0x82,0x10,0xd2,0x44,0x3d,0x07,0x34,0x99,0x65,0x70,0x93,0x35,0x29,0xa3,0xe1,0x86,
    0xd4,0x9a,0xe7,0x00,0x0c,0x66,0x19,0xda,0x84,0x4d,0x02,0xfb,0x29,0x54,0x0e,0x40,0x30,0x62,0x70,0x00,0x20,0x08,0x06,0xdd,
    0x3f,0x07,0xa5,0x1c,0xc8,0x11,0x3e,0x07,0x23,0x06,0x07,0x00,0x82,0x60,0xd0,0x81,0x74,0x50,0xca,0x41,0x20,0xcc,0x12,0xbc,
    0x49,0x89,0xd5,0x3e,0x07,0x57,0x75,0x14,0x98,0x05,0x02,0x08,0x2a,0x18,0x6c,0xb8,0x21,0x30,0x2b,0x34,0xa8,0x02,0x96,0x03,
    0xa8,0x60,0x88,0xe9,0x06,0x22,0x18,0x66,0x09,0xde,0xa4,0xf8,0x48,0xad,0xcc,0x82,0xb5,0x02,0x41,0x05,0x6c,0x65,0xb3,0x04,
    0x6f,0x32,0xd0,0x41,0x08,0x6e,0x82,0xb1,0x09,0xd2,0x26,0xb3,0x0c,0x70,0x12,0x27,0x62,0x34,0xdc,0x10,0x99,0x74,0x10,0x06,
    0xc3,0x0d,0xfa,0x72,0xd2,0x01,0x1a,0x54,0x20,0xec,0x70,0x03,0xbf,0xc0,0xd5,0x19,0x54,0x20,0xec,0x05,0x84,0x98,0x25,0x88,
    0x93,0x81,0x0a,0x42,0x80,0x13,0x37,0x78,0x93,0x59,0x86,0x3a,0x91,0x93,0x30,0x1a,0x6e,0x50,0x23,0x95,0x0e,0xc0,0x60,0x96,
    0x81,0x4e,0xe6,0x24,0xb0,0xba,0xfa,0xe5,0x00,0x04,0x23,0x06,0x07,0x00,0x82,0x60,0xd0,0xd9,0x74,0xc0,0xcb,0x81,0xc8,0xbc,
    0x74,0x30,0x62,0x70,0x00,0x20,0x08,0x06,0xdd,0x4d,0x07,0xbc,0x1c,0x04,0xc2,0x2c,0x81,0x9d,0x14,0x5e,0xc9,0x74,0x70,0x55,
    0x32,0x81,0x59,0x20,0x80,0xa0,0x82,0xc1,0x86,0x1b,0x02,0xbe,0x42,0x83,0x2a,0xce,0x39,0x80,0x0a,0x86,0x98,0x6e,0x20,0x82,
    0x61,0x96,0xc0,0x4e,0x8a,0x65,0x40,0xcb,0x2c,0x08,0x2d,0x10,0x54,0x20,0x5a,0x36,0x4b,0x60,0x27,0x03,0x1d,0x84,0x50,0x27,
    0xd8,0x9c,0x20,0x74,0x32,0xdc,0x10,0xf5,0x74,0x10,0x06,0x17,0x10,0x62,0x96,0xe1,0x4e,0xf0,0xc4,0x87,0x86,0x1b,0x7e,0xe3,
    0xa7,0x03,0x34,0xa8,0x60,0xd8,0xe1,0x86,0xf0,0x38,0xad,0x33,0xa8,0x40,0xd8,0x0b,0x08,0x31,0x4b,0x80,0x27,0x03,0x15,0x84,
    0x70,0x27,0x8c,0x9d,0xcc,0x32,0xf0,0x49,0x9e,0xf4,0xd0,0x70,0x43,0x19,0x89,0x75,0x00,0x06,0xb3,0x0c,0x7b,0xa2,0x27,0x81,
    0xb1,0xd6,0x3d,0x07,0x20,0x18,0x31,0x38,0x00,0x10,0x04,0x83,0xce,0xad,0x03,0x7a,0x0e,0xce,0xe3,0xac,0x83,0x11,0x83,0x03,
    0x00,0x41,0x30,0xe8,0xde,0x3a,0xa0,0xe7,0x20,0x10,0x66,0x09,0xfa,0xa4,0x5e,0x4b,0xad,0x83,0x2b,0xf5,0x08,0xcc,0x02,0x01,
    0x04,0x15,0x0c,0x36,0xdc,0x10,0xcc,0x16,0x1a,0x54,0xf1,0xcf,0x01,0x54,0x30,0xc4,0x74,0x03,0x11,0x0c,0xb3,0x04,0x7d,0x52,
    0xf1,0x71,0x5b,0x66,0x01,0x6e,0x81,0xa0,0x82,0xdc,0xb2,0x59,0x82,0x3e,0x19,0xe8,0x20,0x04,0x3e,0xc1,0xf4,0x04,0xd9,0x93,
    0xe1,0x86,0xa8,0xae,0x03,0x30,0x98,0x65,0xf0,0x93,0x3f,0x09,0x46,0x0c,0x1a,0x00,0x04,0xc1,0x20,0x0c,0xf6,0x3a,0xe8,0xe7,
    0x20,0x2e,0x03,0xf0,0x8a,0x03,0x4d,0x30,0xe9,0xc0,0xa4,0x03,0x93,0x0e,0x46,0x13,0x02,0x60,0x34,0x41,0x08,0x46,0x13,0x06,
    0x61,0x34,0x81,0x18,0x66,0x09,0x40,0xa5,0xf4,0x32,0x18,0xe9,0x00,0x46,0x0c,0x0e,0x00,0x04,0xc1,0xc0,0x0c,0xfe,0x3a,0x38,
    0xe9,0xa0,0x94,0x83,0x60,0x34,0x21,0x00,0x46,0x13,0x84,0x60,0x34,0x61,0x10,0x46,0x13,0x88,0x61,0x96,0x00,0x54,0x06,0x2a,
    0x06,0xe4,0x4f,0x28,0x3f,0x19,0xa8,0x18,0x90,0x3f,0xa1,0xfc,0x64,0xa0,0x62,0x40,0xfe,0x84,0xf2,0x93,0x81,0x8a,0x01,0xf9,
    0x13,0xca,0x4f,0x8c,0xe0,0x21,0xf9,0x18,0xd1,0x43,0xf2,0x31,0xc2,0x87,0xe4,0x63,0xc4,0x0f,0xc9,0x67,0x96,0x21,0x54,0x44,
    0x45,0xc7,0x86,0x1b,0x6e,0x28,0xbe,0xce,0xa0,0x70,0x68,0xa6,0x03,0x3c,0x81,0x10,0x15,0x08,0x3b,0x4b,0x20,0x2a,0x03,0x15,
    0x84,0x10,0x2a,0x3a,0x3b,0x80,0xca,0x2c,0x83,0xa9,0x8c,0x4a,0x3f,0x0d,0x37,0x84,0xd9,0x6a,0x07,0x60,0x30,0xcb,0x50,0x2a,
    0xa4,0x12,0xd8,0x7d,0x81,0x75,0x00,0x82,0x11,0x83,0x03,0x00,0x41,0x30,0xe8,0x6e,0x3b,0xe8,0xe9,0xc0,0x87,0x60,0x3b,0x18,
    0x31,0x38,0x00,0x10,0x04,0x83,0x0e,0xb7,0x83,0x9e,0x0e,0x02,0x61,0x96,0xe0,0x54,0x4a,0xbf,0x66,0x3b,0xb8,0x0a,0xa3,0xc0,
    0x2c,0x10,0x40,0x50,0xc1,0x60,0xc3,0x0d,0x81,0x7f,0xa1,0x41,0x15,0x68,0x1d,0x40,0x05,0x43,0x4c,0x37,0x10,0xc1,0x30,0x4b,
    0x70,0x2a,0x85,0x46,0x22,0x66,0x16,0x8c,0x18,0x08,0x2a,0x20,0x31,0x9b,0x25,0x38,0x95,0x81,0x0e,0x42,0x30,0x15,0x8c,0x54,
    0x90,0x52,0x99,0x65,0x40,0x95,0x54,0xd1,0xa7,0xe1,0x86,0xc8,0xb7,0x83,0x30,0x18,0x6e,0x90,0x9d,0xdf,0x0e,0xd0,0xa0,0x02,
    0x61,0x87,0x1b,0x68,0x07,0xc5,0xce,0xa0,0x02,0x61,0x2f,0x20,0xc4,0x2c,0x41,0xaa,0x0c,0x54,0x10,0x02,0xaa,0xb8,0xc1,0xa9,
    0xcc,0x32,0xb4,0x8a,0xaa,0xe4,0xd3,0x70,0x83,0x48,0x89,0x77,0x00,0x06,0xb3,0x0c,0xac,0xb2,0x2a,0x81,0xb5,0xd8,0x5d,0x07,
    0x20,0x18,0x31,0x38,0x00,0x10,0x04,0x83,0xce,0xbd,0x03,0xba,0x0e,0x74,0xe7,0xbc,0x83,0x11,0x83,0x03,0x00,0x41,0x30,0xe8,
    0xde,0x3b,0xa0,0xeb,0x20,0x10,0x66,0x09,0x5c,0xa5,0x60,0x4c,0xbd,0x83,0xab,0xde,0x09,0xcc,0x02,0x01,0x04,0x15,0x0c,0x36,
    0xdc,0x10,0xd0,0x18,0x1a,0x54,0xf1,0xd7,0x01,0x54,0x30,0xc4,0x74,0x03,0x11,0x0c,0xb3,0x04,0xae,0x52,0xe4,0x83,0x63,0x66,
    0x41,0x8e,0x81,0xa0,0x02,0x1d,0xb3,0x59,0x02,0x57,0x19,0xe8,0x20,0x84,0x56,0xc1,0x56,0x05,0x61,0x95,0xe1,0x86,0xa8,0xbe,
    0x83,0x30,0xb8,0x80,0x10,0xb3,0x0c,0xaf,0x02,0x2b,0xf6,0x34,0xdc,0x70,0x27,0xf7,0x1d,0xa0,0x41,0x05,0xc3,0x0e,0x37,0xe4,
    0xc9,0x8f,0x9d,0x41,0x05,0xc2,0x5e,0x40,0x88,0x59,0x02,0x58,0x19,0xa8,0x20,0x84,0x57,0x61,0x5c,0x65,0x96,0x81,0x56,0x62,
    0xa5,0x9e,0x86,0x1b,0xfa,0x49,0xbf,0x03,0x30,0x98,0x65,0x98,0x15,0x59,0x09,0x8c,0xcc,0x5e,0x3b,0x00,0xc1,0x88,0xc1,0x01,
    0x80,0x20,0x18,0x74,0x26,0x1e,0xb0,0x76,0xf0,0x27,0xff,0x1d,0x8c,0x18,0x1c,0x00,0x08,0x82,0x41,0x77,0xe2,0x01,0x6b,0x07,
    0x81,0x30,0x4b,0x50,0x2b,0x75,0x66,0x22,0x1e,0x5c,0x89,0x4a,0x60,0x16,0x08,0x20,0xa8,0x60,0xb0,0xe1,0x86,0x60,0xcd,0xd0,
    0xa0,0x8a,0xdb,0x0e,0xa0,0x82,0x21,0xa6,0x1b,0x88,0x60,0x98,0x25,0xa8,0x95,0x4a,0x95,0x37,0x33,0x0b,0xe0,0x0c,0x04,0x15,
    0xc4,0x99,0xcd,0x12,0xd4,0xca,0x40,0x07,0x21,0xd0,0x0a,0x26,0x2b,0xc8,0xac,0x0c,0x37,0x44,0x2d,0x1e,0x80,0xc1,0x2c,0x83,
    0xad,0xdc,0x4a,0x30,0x62,0xd0,0x00,0x20,0x08,0x06,0x61,0x30,0xe3,0x41,0x6d,0x07,0x29,0x1a,0xe0,0x59,0x1c,0x68,0x82,0x6f,
    0x07,0xbe,0x1d,0xf8,0x76,0x30,0x9a,0x10,0x00,0xa3,0x09,0x42,0x30,0x9a,0x30,0x08,0xa3,0x09,0xc4,0x30,0x4b,0x80,0x2b,0x25,
    0xa3,0xc1,0x6e,0x07,0x30,0x62,0x70,0x00,0x20,0x08,0x06,0x66,0x70,0xe3,0xc1,0x6f,0x07,0x3d,0x1d,0x04,0xa3,0x09,0x01,0x30,
    0x9a,0x20,0x04,0xa3,0x09,0x83,0x30,0x9a,0x40,0x0c,0xb3,0x04,0xb8,0x32,0x50,0x31,0x20,0xb7,0x42,0xd9,0xca,0x40,0xc5,0x80,
    0xdc,0x0a,0x65,0x2b,0x03,0x15,0x03,0x72,0x2b,0x94,0xad,0x0c,0x54,0x0c,0xc8,0xad,0x50,0xb6,0x62,0x04,0x6d,0xc9,0xc7,0x88,
    0xda,0x92,0x8f,0x11,0xb6,0x25,0x1f,0x23,0x6e,0x4b,0x3e,0x46,0xf0,0x02,0x7c,0x2c,0xc0,0x2d,0xf9,0x98,0x5d,0xb8,0x08,0x7c,
    0x2c,0x10,0xe0,0x63,0x81,0x6e,0xc9,0xc7,0xd4,0x65,0x74,0xe0,0x63,0x41,0x6f,0xc9,0xc7,0x7e,0x48,0x9f,0xe0,0x63,0x81,0x00,
    0x1f,0x0b,0x0a,0xf8,0x58,0x53,0x0e,0xf0,0xb1,0x40,0xbc,0xe4,0x63,0x7f,0x71,0x23,0xf0,0xb1,0x40,0x80,0x8f,0x05,0xe4,0x25,
    0x1f,0x9b,0x17,0xd6,0x81,0x8f,0x05,0xe7,0x25,0x1f,0x43,0xa3,0x91,0x82,0x8f,0x05,0x02,0x7c,0x2c,0x28,0xe0,0x63,0x96,0x3b,
    0xc0,0xc7,0x02,0xf6,0x92,0x8f,0xa1,0x06,0x98,0xc0,0xc7,0x02,0x01,0x3e,0x16,0xb8,0x97,0x7c,0x8c,0x5f,0x6a,0x07,0x3e,0x16,
    0xc4,0x97,0x7c,0x2c,0x8e,0x58,0x0a,0x3e,0x16,0x08,0xf0,0xb1,0xa0,0x80,0x8f,0x7d,0xf7,0x00,0x1f,0x0b,0xec,0x4b,0x3e,0x16,
    0x1b,0x69,0x02,0x1f,0x0b,0x04,0xf8,0x58,0x80,0x5f,0xf2,0xb1,0x92,0xf1,0x1d,0xf8,0x58,0xb0,0x5f,0xf2,0x31,0x3d,0xaa,0x29,
    0xf8,0x58,0x20,0xc0,0xc7,0x82,0x02,0x3e,0xb3,0x04,0x38,0x36,0x62,0x60,0x00,0x20,0x08,0x06,0xcd,0xad,0x07,0x33,0x1e,0xe4,
    0xdb,0x05,0x84,0xa9,0x94,0xe3,0xf1,0x00,0x4a,0x68,0xf5,0x00,0x46,0x0c,0x0e,0x00,0x04,0xc1,0xa0,0xa3,0xf5,0x00,0xcc,0x83,
    0x40,0x18,0x31,0x30,0x00,0x10,0x04,0x83,0x86,0xd7,0x03,0x1a,0x0f,0xfc,0x6d,0xc4,0xe0,0x00,0x40,0x10,0x0c,0xb6,0x5b,0x0f,
    0x66,0x3c,0x50,0xd5,0x40,0x18,0x4d,0x08,0x80,0xd1,0x04,0x21,0x18,0x4d,0x18,0x84,0x1b,0x06,0x75,0xc3,0xa0,0x6e,0x18,0x94,
    0x0d,0x3f,0x1b,0xc8,0xc7,0x86,0x9f,0x0d,0xe4,0x63,0xc3,0xcf,0x06,0xf2,0x99,0x65,0x90,0x17,0x5d,0x89,0xb9,0x11,0x03,0x03,
    0x00,0x41,0x30,0x68,0xce,0x3d,0x18,0xf3,0x60,0x18,0x31,0x30,0x00,0x10,0x04,0x83,0x06,0xdd,0x03,0x32,0x0f,0x86,0x11,0x03,
    0x03,0x00,0x41,0x30,0x68,0xd2,0x3d,0x28,0xf3,0x60,0xb8,0x81,0x40,0x37,0x10,0xe8,0x06,0x02,0xcd,0x32,0xec,0x0a,0xaf,0xc0,
    0xdd,0x70,0xc3,0xf0,0x9c,0x41,0x11,0x69,0x1e,0xe0,0x09,0x84,0xa8,0x40,0xd8,0x59,0x02,0x5e,0x19,0xa8,0x20,0x84,0x5d,0x31,
    0xed,0x41,0x57,0x86,0x1b,0xee,0xae,0xdc,0x03,0x30,0x98,0x65,0xe8,0x15,0x5f,0x09,0x2a,0xa9,0xcc,0x02,0x0b,0x04,0x15,0x5c,
    0x36,0x4b,0x10,0x2e,0xc3,0x0d,0x7b,0x57,0xee,0x01,0x18,0xcc,0x32,0xfc,0x0a,0xb8,0x04,0x95,0xa9,0x7b,0x70,0xe5,0x04,0x66,
    0x81,0x00,0x82,0x0a,0x06,0x1b,0x6e,0x08,0x3a,0x34,0xa8,0xe2,0xcf,0x03,0xa8,0x60,0x88,0xe9,0x06,0x22,0x18,0x66,0x09,0xc2,
    0xc5,0xc2,0x40,0xd4,0x03,0x10,0x8c,0x18,0x1c,0x00,0x08,0x82,0x41,0x97,0xef,0xc1,0x9f,0x07,0x96,0xbc,0x07,0x23,0x06,0x07,
    0x00,0x82,0x60,0xd0,0xe9,0x7b,0xf0,0xe7,0x41,0x20,0xcc,0x12,0x84,0xcb,0x40,0x07,0xa1,0xf5,0x8a,0x00,0x2e,0xc8,0xaf,0x54,
    0xea,0xbd,0x7b,0x80,0x15,0xb0,0x7b,0xa0,0xc3,0x0d,0x41,0xbc,0x07,0x60,0x30,0xcb,0x20,0x2e,0xe3,0x12,0x0c,0x37,0x54,0xf8,
    0x1e,0x84,0xc1,0x70,0x03,0x97,0xef,0x01,0x1a,0x54,0x20,0xec,0x70,0x83,0xa7,0x06,0x67,0x50,0x81,0xb0,0x17,0x10,0x62,0x96,
    0x60,0x5c,0x06,0x2a,0x08,0x41,0x5c,0xec,0x20,0x5c,0x86,0x1b,0x12,0x90,0x0f,0xc0,0x60,0x96,0x81,0x5c,0xca,0x25,0xa8,0x31,
    0x78,0x03,0xb3,0x00,0x0e,0x40,0x50,0x41,0x1c,0xd8,0x2c,0x01,0xba,0x0c,0x37,0x34,0x20,0x1f,0x80,0xc1,0x2c,0x83,0xb9,0x9c,
    0x4b,0x50,0x73,0x50,0xf2,0xc1,0x15,0x1a,0x04,0x66,0x81,0x00,0x82,0x0a,0x06,0x1b,0x6e,0x08,0xee,0x00,0x0d,0xaa,0xd0,0xf5,
    0x00,0x2a,0x18,0x62,0xba,0x81,0x08,0x86,0x59,0x02,0x74,0xb1,0x3d,0xe8,0xf5,0x00,0x04,0x23,0x06,0x07,0x00,0x82,0x60,0xd0,
    0xd1,0x7c,0xa0,0xeb,0x01,0x1c,0xb4,0x7c,0x30,0x62,0x70,0x00,0x20,0x08,0x06,0x5d,0xcd,0x07,0xba,0x1e,0x04,0xc2,0x2c,0x01,
    0xba,0x0c,0x74,0x10,0x1a,0xb9,0x08,0xe7,0x82,0x98,0xcb,0x70,0x83,0x04,0xf3,0x41,0x18,0x5c,0x40,0x88,0x32,0xbf,0x98,0x0f,
    0xb0,0x82,0x94,0x0f,0x74,0xb8,0x21,0x70,0xf9,0x00,0x0c,0x66,0x19,0xd2,0x45,0x5d,0x82,0xe1,0x86,0x3b,0xa8,0xf9,0x00,0x0d,
    0x2a,0x30,0x76,0xb8,0x21,0x0f,0x4a,0xe1,0x0c,0x2a,0x10,0xf6,0x02,0x42,0xcc,0x12,0xa8,0xcb,0x40,0x05,0x21,0xa4,0x8b,0x84,
    0x2e,0xc3,0x0d,0x08,0xcf,0x07,0x60,0x30,0xcb,0xb0,0x2e,0xec,0x12,0x94,0x1f,0xa8,0x82,0x59,0xb0,0x0a,0x20,0xa8,0x80,0x15,
    0x6c,0x96,0xe0,0x5d,0x86,0x1b,0x18,0x9e,0x0f,0xc0,0x60,0x96,0xa1,0x5d,0xdc,0x25,0x28,0x57,0x08,0xfb,0xe0,0x6a,0x14,0x02,
    0xb3,0x40,0x00,0x41,0x05,0x83,0x0d,0x37,0x04,0xb2,0x80,0x06,0x55,0xd8,0x7b,0x00,0x15,0x0c,0x31,0xdd,0x40,0x04,0xc3,0x2c,
    0xc1,0xbb,0x98,0x2d,0xe4,0x7b,0x00,0x82,0x11,0x83,0x03,0x00,0x41,0x30,0xe8,0xe0,0x3e,0xb0,0xf7,0x60,0x15,0xd2,0x3e,0x18,
    0x31,0x38,0x00,0x10,0x04,0x83,0x2e,0xee,0x03,0x7b,0x0f,0x02,0x61,0x96,0xe0,0x5d,0x06,0x3a,0x08,0x6d,0x5d,0x04,0x77,0x41,
    0xda,0x65,0xb8,0x41,0x62,0xfb,0x00,0x0c,0x66,0x19,0xe2,0x05,0x5e,0x82,0x62,0xdb,0xa0,0xde,0x03,0x18,0x31,0x38,0x00,0x10,
    0x04,0x03,0x33,0x88,0xfb,0x20,0xdf,0x83,0x3b,0x0f,0x82,0xd1,0x84,0x00,0x18,0x4d,0x10,0x82,0xd1,0x84,0x41,0x18,0x4d,0x20,
    0x86,0x59,0x82,0x39,0x1a,0x31,0x68,0x00,0x10,0x04,0x83,0x30,0xc0,0xfb,0x40,0xdf,0x03,0xb7,0x0d,0xcc,0xe1,0x0f,0xc8,0x00,
    0x19,0xf9,0x60,0xe4,0x83,0x91,0x0f,0x46,0x13,0x02,0x60,0x34,0x41,0x08,0x46,0x13,0x06,0x61,0x34,0x81,0x18,0x66,0x09,0xe6,
    0xc8,0xc4,0x81,0xd6,0x03,0xf8,0x98,0x38,0xd4,0x7a,0x00,0x1f,0x13,0x07,0x5b,0x0f,0xe0,0x33,0x62,0x60,0x00,0x20,0x08,0x06,
    0x4d,0xea,0x07,0x25,0x1f,0x0c,0x23,0x06,0x06,0x00,0x82,0x60,0xd0,0xa8,0x7e,0x60,0xf2,0xc1,0x30,0x62,0x60,0x00,0x20,0x08,
    0x06,0xcd,0xea,0x07,0x27,0x1f,0x0c,0x37,0x10,0xe8,0x06,0x02,0xdd,0x40,0xa0,0x11,0x03,0x03,0x00,0x41,0x30,0x68,0x5e,0x3f,
    0x38,0xf9,0x20,0x19,0x31,0x30,0x00,0x10,0x04,0x83,0x06,0xf6,0x03,0x94,0x0f,0x92,0x11,0x03,0x03,0x00,0x41,0x30,0x68,0x62,
    0x3f,0x48,0xf9,0x20,0x99,0x65,0x98,0x17,0x7a,0xa9,0xc1,0x60,0xb8,0xc1,0xa0,0x87,0x33,0xa8,0xc3,0xe5,0x03,0x3c,0x81,0x10,
    0x15,0x08,0x3b,0x4b,0x40,0x2f,0x03,0x15,0x84,0x30,0x2f,0x30,0x3f,0xc8,0xcb,0x70,0x03,0x0f,0x06,0xaa,0x1f,0x80,0xc1,0x2c,
    0x03,0xbe,0xd4,0x4b,0x30,0xdc,0xd0,0x83,0xc1,0xe9,0x07,0x60,0x30,0xcb,0x70,0x2f,0xf6,0x12,0xd8,0x3e,0xf0,0x7c,0x00,0x82,
    0x11,0x83,0x03,0x00,0x41,0x30,0xe8,0x66,0x3f,0xc8,0xf9,0xc0,0x61,0xfd,0x60,0xc4,0xe0,0x00,0x40,0x10,0x0c,0x3a,0xda,0x0f,
    0x72,0x3e,0x08,0x84,0x59,0x82,0x7c,0x29,0x7f,0x78,0xfd,0xe0,0x2a,0x0a,0xcc,0x02,0x01,0x04,0x15,0x0c,0x36,0xdc,0x10,0x88,
    0x04,0x1a,0x54,0x41,0xf6,0x01,0x54,0x30,0xc4,0x74,0x03,0x11,0x0c,0xb3,0x04,0xf9,0x52,0x98,0x49,0x98,0x05,0x27,0x01,0x82,
    0x0a,0x50,0xc2,0x66,0x09,0xf2,0x65,0xa0,0x83,0x10,0xf0,0x05,0xb3,0x17,0xe4,0x5e,0xca,0x0d,0x03,0xda,0x0f,0xb0,0x82,0xd8,
    0x0f,0x74,0xb8,0x21,0xb0,0xfd,0x00,0x0c,0x66,0x19,0xf4,0x65,0x5f,0x82,0xe1,0x86,0xaa,0xf7,0x83,0x30,0x18,0x6e,0xf8,0x7c,
    0x3f,0x40,0x83,0x0a,0x84,0x1d,0x6e,0x08,0x83,0x97,0x38,0x83,0x0a,0x84,0xbd,0x80,0x10,0xb3,0x04,0xfb,0x32,0x50,0x41,0x08,
    0xfa,0x62,0x07,0xf9,0x32,0xdc,0x90,0x94,0x7f,0x00,0x06,0xb3,0x0c,0xff,0xc2,0x2f,0xc1,0x70,0x83,0x22,0xfe,0x01,0x18,0xcc,
    0x32,0xf8,0x4b,0xbf,0x04,0x56,0x13,0x77,0x1f,0x80,0x60,0xc4,0xe0,0x00,0x40,0x10,0x0c,0x3a,0xf7,0x0f,0xe8,0x3e,0x40,0x83,
    0xf3,0x0f,0x46,0x0c,0x0e,0x00,0x04,0xc1,0xa0,0x7b,0xff,0x80,0xee,0x83,0x40,0x98,0x25,0x00,0x99,0xc2,0x09,0xf5,0x0f,0xae,
    0xd6,0x20,0x30,0x0b,0x04,0x10,0x54,0x30,0xd8,0x70,0x43,0xc0,0x13,0x68,0x50,0xc5,0xdf,0x07,0x50,0xc1,0x10,0xd3,0x0d,0x44,
    0x30,0xcc,0x12,0x80,0x4c,0xc9,0x01,0x58,0x98,0x05,0x61,0x01,0x82,0x0a,0xc4,0xc2,0x66,0x09,0x40,0x66,0xa0,0x83,0x10,0xfe,
    0x05,0xeb,0x17,0xc4,0x5f,0x86,0x1b,0xa4,0xfa,0x0f,0xc2,0xe0,0x02,0x42,0xd4,0x2a,0x06,0xf6,0x1f,0x60,0x05,0xee,0x1f,0xe8,
    0x70,0x43,0x30,0xff,0x01,0x18,0xcc,0x32,0x84,0x8c,0xc8,0x04,0xc3,0x0d,0x7a,0xa0,0xff,0x01,0x1a,0x54,0x60,0xec,0x70,0x03,
    0x1f,0xa8,0xc5,0x19,0x54,0x20,0xec,0x05,0x84,0x98,0x25,0x10,0x99,0x81,0x0a,0x42,0x08,0x19,0x09,0x64,0x86,0x1b,0x90,0x10,
    0x14,0xc0,0x60,0x96,0xc1,0x64,0x46,0x26,0x18,0x6e,0x48,0xfc,0x3f,0x00,0x83,0x59,0x86,0x92,0x21,0x99,0xc0,0xe0,0x62,0xf6,
    0x03,0x10,0x8c,0x18,0x1c,0x00,0x08,0x82,0x41,0xa7,0x82,0x02,0xec,0x07,0xa3,0x30,0x82,0xc2,0x88,0xc1,0x01,0x80,0x20,0x18,
    0x74,0x2b,0x28,0xc0,0x7e,0x10,0x08,0xb3,0x04,0x27,0x53,0x73,0x61,0x82,0xc2,0x95,0x29,0x04,0x66,0x81,0x00,0x82,0x0a,0x06,
    0x1b,0x6e,0x08,0xee,0x02,0x0d,0xaa,0xd8,0xfd,0x00,0x2a,0x18,0x62,0xba,0x81,0x08,0x86,0x59,0x82,0x93,0xa9,0x56,0xd8,0x0b,
    0xb3,0x80,0x2f,0x40,0x50,0x41,0x5f,0xd8,0x2c,0xc1,0xc9,0x0c,0x74,0x10,0x82,0xc9,0x60,0x24,0x83,0x94,0xcc,0x70,0x83,0x14,
    0x83,0x02,0x18,0xcc,0x32,0xa0,0x4c,0xca,0x04,0x23,0x06,0x0d,0x00,0x82,0x60,0x10,0x06,0x37,0x28,0xe4,0x7e,0xd0,0xc2,0x41,
    0x69,0xe4,0x81,0x27,0x88,0x7f,0x20,0xfe,0x81,0xf8,0x07,0xa3,0x09,0x01,0x30,0x9a,0x20,0x04,0xa3,0x09,0x83,0x30,0x9a,0x40,
    0x0c,0xb3,0x04,0x2a,0x53,0x36,0x1c,0xfc,0x7e,0x00,0x23,0x06,0x07,0x00,0x82,0x60,0x60,0x06,0x3b,0x28,0x8c,0x7f,0x10,0xf6,
    0x41,0x30,0x9a,0x10,0x00,0xa3,0x09,0x42,0x30,0x9a,0x30,0x08,0xa3,0x09,0xc4,0x30,0x4b,0xa0,0x32,0x03,0x15,0x03,0x92,0x32,
    0x14,0xca,0x0c,0x54,0x0c,0x48,0xca,0x50,0x28,0x33,0x50,0x31,0x20,0x29,0x43,0xa1,0xcc,0x40,0xc5,0x80,0xa4,0x0c,0x85,0x32,
    0xb6,0xf7,0x01,0x38,0xc4,0xc7,0xf8,0x3e,0x00,0x87,0xf8,0x58,0xdf,0x07,0xe0,0x10,0x1f,0x13,0x06,0xf9,0x58,0x20,0xc8,0xc7,
    0x92,0x40,0x3e,0x96,0x08,0xf2,0xb1,0x64,0x90,0x8f,0x25,0x84,0x7c,0x8a,0x1d,0xd6,0x50,0x80,0x59,0x86,0x95,0x61,0x19,0x7e,
    0x0c,0x86,0x1b,0x82,0xdd,0x38,0x83,0x12,0xea,0x3f,0xc0,0x13,0x08,0x51,0x81,0xb0,0xb3,0x04,0x2c,0x33,0x50,0x41,0x08,0x2b,
    0xe3,0x8b,0x84,0xca,0xcc,0x32,0xc0,0x4c,0xcb,0x9c,0xc3,0x70,0xc3,0x48,0x06,0x6d,0x28,0x80,0xc1,0x2c,0xc3,0xcb,0xb8,0x4c,
    0x60,0xe1,0x21,0x82,0x02,0x08,0x46,0x0c,0x0e,0x00,0x04,0xc1,0xa0,0xcb,0x43,0xe1,0xff,0x03,0x44,0x0e,0x85,0x11,0x83,0x03,
    0x00,0x41,0x30,0xe8,0xf4,0x50,0xf8,0xff,0x20,0x10,0x66,0x09,0x62,0xa6,0xc8,0xa3,0x0e,0x85,0xab,0x25,0x30,0x0b,0x04,0x10,
    0x54,0x30,0xd8,0x70,0x43,0x80,0x1e,0x68,0x50,0x85,0x0a,0x0a,0x50,0xc1,0x10,0xd3,0x0d,0x44,0x30,0xcc,0x12,0xc4,0x4c,0x49,
    0xec,0x61,0x16,0xb4,0x07,0x08,0x2a,0x70,0x0f,0x9b,0x25,0x88,0x99,0x81,0x0e,0x42,0x80,0x19,0xcc,0x65,0x90,0x97,0x99,0x65,
    0x90,0x99,0x99,0x21,0x87,0xe1,0x86,0x08,0x14,0x85,0x30,0x18,0x6e,0x10,0x89,0x50,0x14,0xd0,0xa0,0x02,0x61,0x87,0x1b,0x48,
    0x42,0x3e,0xce,0xa0,0x02,0x61,0x2f,0x20,0xc4,0x2c,0xc1,0xcc,0x0c,0x54,0x10,0x82,0xcc,0xb8,0x41,0xcc,0xcc,0x32,0xdc,0x0c,
    0xcd,0x8c,0xc3,0x70,0x03,0x3b,0x90,0xa2,0x00,0x06,0xb3,0x0c,0x36,0x53,0x33,0x81,0xdd,0x47,0x0e,0x0a,0x20,0x18,0x31,0x38,
    0x00,0x10,0x04,0x83,0x0e,0x16,0x05,0x1b,0x14,0x54,0x22,0x15,0x85,0x11,0x83,0x03,0x00,0x41,0x30,0xe8,0x62,0x51,0xb0,0x41,
    0x21,0x10,0x66,0x09,0x70,0xa6,0xf4,0x83,0x15,0x85,0xab,0x96,0x08,0xcc,0x02,0x01,0x04,0x15,0x0c,0x36,0xdc,0x10,0xf8,0x07,
    0x1a,0x54,0x11,0x86,0x02,0x54,0x30,0xc4,0x74,0x03,0x11,0x0c,0xb3,0x04,0x38,0x53,0x34,0x21,0x22,0x66,0xc1,0x88,0x80,0xa0,
    0x02,0x12,0xb1,0x59,0x02,0x9c,0x19,0xe8,0x20,0x84,0x9b,0xc1,0x6a,0x06,0xb1,0x99,0xe1,0x86,0xe8,0x16,0x85,0x30,0xb8,0x80,
    0x10,0xb3,0x0c,0x39,0xa3,0x33,0xe0,0x30,0xdc,0x90,0x13,0xb9,0x28,0xa0,0x41,0x05,0xc3,0x0e,0x37,0xec,0x44,0x8a,0x9c,0x41,
    0x05,0xc2,0x5e,0x40,0x88,0x59,0x02,0x9d,0x19,0xa8,0x20,0x84,0x9c,0x61,0x70,0x66,0x96,0xc1,0x67,0x76,0xe6,0x17,0x86,0x1b,
    0xce,0x81,0x17,0x05,0x30,0x98,0x65,0xe8,0x19,0x9e,0x09,0xcc,0x45,0xe2,0x50,0x00,0xc1,0x88,0xc1,0x01,0x80,0x20,0x18,0x74,
    0xe8,0x28,0xb8,0xa1,0x10,0x16,0xe1,0x28,0x8c,0x18,0x1c,0x00,0x08,0x82,0x41,0x97,0x8e,0x82,0x1b,0x0a,0x81,0x30,0x4b,0xf0,
    0x33,0x15,0x23,0xe4,0x28,0x5c,0x91,0x45,0x60,0x16,0x08,0x20,0xa8,0x60,0xb0,0xe1,0x86,0xa0,0x46,0xd0,0xa0,0x8a,0x3c,0x14,
    0xa0,0x82,0x21,0xa6,0x1b,0x88,0x60,0x98,0x25,0xf8,0x99,0x5a,0x8b,0x1c,0x31,0x0b,0x74,0x04,0x04,0x15,0xec,0x88,0xcd,0x12,
    0xfc,0xcc,0x40,0x07,0x21,0xf8,0x0c,0xc6,0x33,0x48,0xcf,0x0c,0x37,0x44,0xef,0x28,0x80,0xc1,0x2c,0x03,0xd8,0x84,0x4d,0x30,
    0x62,0xd0,0x00,0x20,0x08,0x06,0x61,0x50,0x8f,0xc2,0x1d,0x0a,0xeb,0x1c,0x8c,0x49,0x1c,0x68,0x02,0x28,0x0a,0xa0,0x28,0x80,
    0xa2,0x30,0x9a,0x10,0x00,0xa3,0x09,0x42,0x30,0x9a,0x30,0x08,0xa3,0x09,0xc4,0x30,0x4b,0x20,0x36,0x45,0xcf,0x41,0x1f,0x0a,
    0x30,0x62,0x70,0x00,0x20,0x08,0x06,0x66,0x90,0x8f,0x42,0x28,0x0a,0xff,0x1f,0x04,0xa3,0x09,0x01,0x30,0x9a,0x20,0x04,0xa3,
    0x09,0x83,0x30,0x9a,0x40,0x0c,0xb3,0x04,0x62,0x33,0x50,0x31,0x20,0x61,0x43,0x81,0xcd,0x40,0xc5,0x80,0x84,0x0d,0x05,0x36,
    0x03,0x15,0x03,0x12,0x36,0x14,0xd8,0x0c,0x54,0x0c,0x48,0xd8,0x50,0x60,0x63,0xbd,0xe0,0x17,0xf2,0xb1,0xa0,0x17,0xe4,0x63,
    0x46,0x20,0x1f,0x33,0x04,0xf9,0x98,0x31,0xc8,0xc7,0x0c,0x42,0x3e,0x65,0x1a,0x26,0x29,0xc0,0x2c,0xc3,0xd8,0x90,0xcd,0x6d,
    0x06,0xc3,0x0d,0xa8,0x61,0x27,0x67,0x50,0xa9,0x01,0x8b,0x02,0x9e,0x40,0x88,0x0a,0x84,0x9d,0x25,0x20,0x9b,0x81,0x0a,0x42,
    0x18,0x1b,0x1a,0x25,0xc4,0x66,0x96,0x01,0x6d,0xca,0x46,0x34,0x86,0x1b,0x7c,0x33,0x40,0x49,0x01,0x0c,0x66,0x19,0xce,0xc6,
    0x6c,0x02,0xe3,0x93,0x5e,0x14,0x40,0x30,0x62,0x70,0x00,0x20,0x08,0x06,0x1d,0x4d,0x0a,0xba,0x28,0xbc,0x46,0x4b,0x0a,0x23,
    0x06,0x07,0x00,0x82,0x60,0xd0,0xd5,0xa4,0xa0,0x8b,0x42,0x20,0xcc,0x12,0xa4,0x4d,0xfd,0x09,0x4c,0x0a,0x57,0xb2,0x11,0x98,
    0x05,0x02,0x08,0x2a,0x18,0x6c,0xb8,0x21,0x18,0x15,0x34,0xa8,0xa2,0x1c,0x05,0xa8,0x60,0x88,0xe9,0x06,0x22,0x18,0x66,0x09,
    0xd2,0xa6,0x72,0xe3,0x54,0xcc,0x02,0x54,0x01,0x41,0x05,0xa9,0x62,0xb3,0x04,0x69,0x33,0xd0,0x41,0x08,0x68,0x83,0x99,0x0d,
    0x72,0x36,0xb3,0x0c,0x6a,0xb3,0x36,0x7f,0x31,0xdc,0x10,0xed,0xa4,0x10,0x06,0xc3,0x0d,0x17,0x4f,0x0a,0x68,0x50,0x81,0xb0,
    0xc3,0x0d,0x59,0xab,0x9c,0x41,0x05,0xc2,0x5e,0x40,0x88,0x59,0x82,0xb5,0x19,0xa8,0x20,0x04,0xb5,0x71,0x83,0xb4,0x99,0x65,
    0x78,0x1b,0xb6,0xf1,0x8b,0xe1,0x86,0xd3,0xf8,0x49,0x01,0x0c,0x66,0x19,0xdc,0xa6,0x6d,0x02,0x93,0x15,0x7a,0x14,0x40,0x30,
    0x62,0x70,0x00,0x20,0x08,0x06,0xdd,0x5a,0x0a,0xf1,0x28,0x7c,0x64,0x29,0x8c,0x18,0x1c,0x00,0x08,0x82,0x41,0xc7,0x96,0x42,
    0x3c,0x0a,0x81,0x30,0x4b,0x00,0x37,0x55,0x2b,0x67,0x29,0x5c,0x89,0x41,0x60,0x16,0x08,0x20,0xa8,0x60,0xb0,0xe1,0x86,0x20,
    0x57,0xd0,0xa0,0x0a,0x7e,0x14,0xa0,0x82,0x21,0xa6,0x1b,0x88,0x60,0x98,0x25,0x80,0x9b,0x4a,0x83,0x5e,0x31,0x0b,0x7c,0x05,
    0x04,0x15,0xfc,0x8a,0xcd,0x12,0xc0,0xcd,0x40,0x07,0x21,0xbc,0x0d,0xd6,0x36,0x88,0xdb,0x0c,0x37,0x44,0x72,0x29,0x84,0xc1,
    0x05,0x84,0x98,0x65,0x88,0x1b,0xb9,0xd9,0x8b,0xe1,0x06,0xfa,0xa0,0x4b,0x01,0x0d,0x2a,0x18,0x76,0xb8,0xc1,0x3e,0xc8,0xe5,
    0x0c,0x2a,0x10,0xf6,0x02,0x42,0xcc,0x12,0xc8,0xcd,0x40,0x05,0x21,0xc4,0x0d,0x03,0x37,0xb3,0x0c,0x76,0x33,0x37,0x7a,0x31,
    0xdc,0x20,0x1a,0x77,0x29,0x80,0xc1,0x2c,0x43,0xdd,0xd0,0x4d,0x60,0xe9,0xc2,0x92,0x02,0x08,0x46,0x0c,0x0e,0x00,0x04,0xc1,
    0xa0,0x1b,0x4d,0x21,0x25,0x05,0xfe,0xe0,0x4b,0x61,0xc4,0xe0,0x00,0x40,0x10,0x0c,0x3a,0xd2,0x14,0x52,0x52,0x08,0x84,0x59,
    0x82,0xbb,0x29,0x76,0xf9,0x4b,0xe1,0xea,0x3f,0x02,0xb3,0x40,0x00,0x41,0x05,0x83,0x0d,0x37,0x04,0xf0,0x82,0x06,0x55,0xd0,
    0xa4,0x00,0x15,0x0c,0x31,0xdd,0x40,0x04,0xc3,0x2c,0xc1,0xdd,0x94,0x89,0xd0,0x8b,0x59,0x50,0x2f,0x20,0xa8,0xc0,0x5e,0x6c,
    0x96,0xe0,0x6e,0x06,0x3a,0x08,0xc1,0x6e,0x30,0xba,0x41,0xea,0x66,0xb8,0x21,0x52,0x4d,0x01,0x0c,0x66,0x19,0xf0,0x26,0x6f,
    0x82,0x11,0x83,0x06,0x00,0x41,0x30,0x08,0x03,0xd8,0x14,0x64,0x52,0x30,0xed,0xc0,0x5f,0xe2,0x40,0x13,0x76,0x52,0xd8,0x49,
    0x61,0x27,0x85,0xd1,0x84,0x00,0x18,0x4d,0x10,0x82,0xd1,0x84,0x41,0x18,0x4d,0x20,0x86,0x59,0x02,0xbd,0xa9,0xd7,0x0e,0x70,
    0x52,0x80,0x11,0x83,0x03,0x00,0x41,0x30,0x30,0x03,0xda,0x14,0x78,0x52,0xd0,0x45,0x21,0x18,0x4d,0x08,0x80,0xd1,0x04,0x21,
    0x18,0x4d,0x18,0x84,0xd1,0x04,0x62,0x98,0x25,0xd0,0x9b,0x81,0x8a,0x01,0xc9,0x1b,0x0a,0x6f,0x06,0x2a,0x06,0x24,0x6f,0x28,
    0xbc,0x19,0xa8,0x18,0x90,0xbc,0xa1,0xf0,0x66,0xa0,0x62,0x40,0xf2,0x86,0xc2,0x1b,0xbb,0x8b,0xbc,0x90,0x8f,0x15,0x81,0x7c,
    0xac,0x10,0xe4,0x63,0xc5,0x20,0x1f,0x2b,0x08,0xf9,0xcc,0x32,0xec,0x0d,0xdf,0xc0,0x69,0x30,0xdc,0x50,0x17,0x2f,0x73,0x06,
    0x65,0x17,0x69,0x29,0xe0,0x09,0x84,0xa8,0x40,0xd8,0x59,0x02,0xbe,0x19,0xa8,0x20,0x84,0xbd,0x31,0x5d,0x42,0x6f,0x66,0x19,
    0x40,0xa7,0x6f,0x76,0x64,0xb8,0xe1,0x4e,0x83,0xf0,0x14,0xc0,0x60,0x96,0xe1,0x6f,0xfc,0x26,0xb0,0x9a,0xb1,0x4b,0x01,0x04,
    0x23,0x06,0x07,0x00,0x82,0x60,0xd0,0xb5,0xa7,0x30,0x97,0x02,0x5f,0x98,0xa7,0x30,0x62,0x70,0x00,0x20,0x08,0x06,0x9d,0x7b,
    0x0a,0x73,0x29,0x04,0xc2,0x2c,0x41,0xe8,0x14,0xce,0xa4,0xa7,0x70,0xf5,0x17,0x81,0x59,0x20,0x80,0xa0,0x82,0xc1,0x86,0x1b,
    0x02,0x9e,0x41,0x83,0x2a,0xfc,0x52,0x80,0x0a,0x86,0x98,0x6e,0x20,0x82,0x61,0x96,0x20,0x74,0xca,0x34,0xc0,0xc6,0x2c,0x08,
    0x1b,0x10,0x54,0x20,0x36,0x36,0x4b,0x10,0x3a,0x03,0x1d,0x84,0x00,0x3a,0x98,0xdf,0x20,0x7f,0x33,0xcb,0x20,0x3a,0xa3,0x83,
    0x23,0xc3,0x0d,0x11,0x7d,0x0a,0x61,0x30,0xdc,0x00,0x0f,0xf5,0x29,0xa0,0x41,0x05,0xc2,0x0e,0x37,0xc8,0x83,0xd9,0x9c,0x41,
    0x05,0xc2,0x5e,0x40,0x88,0x59,0x82,0xd1,0x19,0xa8,0x20,0x04,0xd1,0x71,0x83,0xd0,0x99,0x65,0x38,0x1d,0xd2,0xb9,0x91,0xe1,
    0x06,0x30,0xc1,0x4f,0x01,0x0c,0x66,0x19,0x4c,0xa7,0x74,0x02,0x5b,0x9b,0xd6,0x14,0x40,0x30,0x62,0x70,0x00,0x20,0x08,0x06,
    0x1d,0x89,0x0a,0xaa,0x29,0xe0,0x43,0x7f,0x0a,0x23,0x06,0x07,0x00,0x82,0x60,0xd0,0x95,0xa8,0xa0,0x9a,0x42,0x20,0xcc,0x12,
    0xa0,0x4e,0xb9,0x0d,0x88,0x0a,0x57,0xfb,0x10,0x98,0x05,0x02,0x08,0x2a,0x18,0x6c,0xb8,0x21,0x90,0x1b,0x34,0xa8,0xa2,0x36,
    0x05,0xa8,0x60,0x88,0xe9,0x06,0x22,0x18,0x66,0x09,0x50,0xa7,0x44,0xc2,0x6e,0xcc,0x82,0xbb,0x01,0x41,0x05,0x78,0x63,0xb3,
    0x04,0xa8,0x33,0xd0,0x41,0x08,0xa7,0x83,0x95,0x0e,0x62,0x3a,0xc3,0x0d,0xd1,0x8a,0x0a,0x61,0x70,0x01,0x21,0x66,0x19,0x52,
    0x47,0x75,0x68,0x64,0xb8,0xa1,0x55,0x5a,0x54,0x40,0x83,0x0a,0x86,0x1d,0x6e,0x78,0x95,0xbe,0x39,0x83,0x0a,0x84,0xbd,0x80,
    0x10,0xb3,0x04,0xaa,0x33,0x50,0x41,0x08,0xa9,0xc3,0xa0,0xce,0x2c,0x83,0xeb,0xac,0xce,0x8c,0x0c,0x37,0xec,0x08,0x8c,0x0a,
    0x60,0x30,0xcb,0xd0,0x3a,0xac,0x13,0x98,0xe8,0x94,0xa7,0x00,0x82,0x11,0x83,0x03,0x00,0x41,0x30,0xe8,0x78,0x54,0x10,0x4f,
    0xa1,0x56,0x6a,0x54,0x18,0x31,0x38,0x00,0x10,0x04,0x83,0xae,0x47,0x05,0xf1,0x14,0x02,0x61,0x96,0xe0,0x75,0xaa,0x74,0x70,
    0x54,0xb8,0xc2,0x95,0xc0,0x2c,0x10,0x40,0x50,0xc1,0x60,0xc3,0x0d,0x41,0xea,0xa0,0x41,0x15,0xed,0x29,0x40,0x05,0x43,0x4c,
    0x37,0x10,0xc1,0x30,0x4b,0xf0,0x3a,0xf5,0x2b,0xad,0x63,0x16,0xb8,0x0e,0x08,0x2a,0x78,0x1d,0x9b,0x25,0x78,0x9d,0x81,0x0e,
    0x42,0x70,0x1d,0x8c,0x75,0x90,0xd6,0x19,0x6e,0x88,0xc6,0x54,0x00,0x83,0x59,0x06,0xd8,0x89,0x9d,0x60,0xc4,0xa0,0x01,0x40,
    0x10,0x0c,0xc2,0x20,0x4d,0x85,0xf5,0x14,0x7e,0x3c,0xb8,0x9d,0x38,0xd0,0x04,0xfa,0x14,0xe8,0x53,0xa0,0x4f,0x61,0x34,0x21,
    0x00,0x46,0x13,0x84,0x60,0x34,0x61,0x10,0x46,0x13,0x88,0x61,0x96,0x40,0x76,0x0a,0xcd,0x83,0xf8,0x14,0x60,0xc4,0xe0,0x00,
    0x40,0x10,0x0c,0xcc,0xa0,0x4d,0x85,0xfa,0x14,0xe6,0x52,0x08,0x46,0x13,0x02,0x60,0x34,0x41,0x08,0x46,0x13,0x06,0x61,0x34,
    0x81,0x18,0x66,0x09,0x64,0x67,0xa0,0x62,0x40,0x62,0x87,0x82,0x9d,0x81,0x8a,0x01,0x89,0x1d,0x0a,0x76,0x06,0x2a,0x06,0x24,
    0x76,0x28,0xd8,0x19,0xa8,0x18,0x90,0xd8,0xa1,0x60,0xc7,0x60,0x44,0x5e,0xe4,0x63,0x45,0x20,0x1f,0x2b,0x04,0xf9,0x58,0x31,
    0xc8,0xc7,0x0a,0x42,0x3e,0x85,0x2f,0x79,0x2a,0xc0,0x2c,0xc3,0xec,0xd0,0x8e,0xca,0x06,0xc3,0x0d,0xfb,0x92,0x3e,0x67,0x50,
    0xfc,0x32,0xa2,0x02,0x9e,0x40,0x88,0x0a,0x84,0x9d,0x25,0xa0,0x9d,0x81,0x0a,0x42,0x98,0x1d,0x7d,0x26,0x64,0x67,0x96,0x01,
    0x77,0x6a,0xa7,0x5e,0x86,0x1b,0x62,0x36,0xd8,0x53,0x01,0x0c,0x66,0x19,0x6e,0xc7,0x76,0x02,0x7b,0x1f,0x18,0x15,0x40,0x30,
    0x62,0x70,0x00,0x20,0x08,0x06,0xdd,0xa9,0x0a,0x2d,0x2a,0x88,0x0c,0xa8,0x0a,0x23,0x06,0x07,0x00,0x82,0x60,0xd0,0xa1,0xaa,
    0xd0,0xa2,0x42,0x20,0xcc,0x12,0xe4,0x4e,0xc9,0xcf,0xa8,0x0a,0x57,0x25,0x13,0x98,0x05,0x02,0x08,0x2a,0x18,0x6c,0xb8,0x21,
    0xb0,0x1f,0x34,0xa8,0x02,0x47,0x05,0xa8,0x60,0x88,0xe9,0x06,0x22,0x18,0x66,0x09,0x72,0xa7,0x58,0x46,0x7f,0xcc,0x82,0xfd,
    0x01,0x41,0x05,0xfc,0x63,0xb3,0x04,0xb9,0x33,0xd0,0x41,0x08,0xb8,0x83,0xd9,0x0e,0x72,0x3b,0xb3,0x0c,0xba,0xb3,0x3b,0xf2,
    0x32,0xdc,0x10,0xb9,0xaa,0x10,0x06,0xc3,0x0d,0x30,0xf3,0xaa,0x02,0x1a,0x54,0x20,0xec,0x70,0x83,0xcc,0x80,0xd0,0x19,0x54,
    0x20,0xec,0x05,0x84,0x98,0x25,0xd8,0x9d,0x81,0x0a,0x42,0xd0,0x1d,0x37,0xc8,0x9d,0x59,0x86,0xdf,0xe1,0x9d,0x78,0x19,0x6e,
    0xd0,0x17,0x59,0x15,0xc0,0x60,0x96,0xc1,0x77,0x7a,0x27,0xb0,0x12,0x3a,0x53,0x01,0x04,0x23,0x06,0x07,0x00,0x82,0x60,0xd0,
    0xf9,0xaa,0x40,0xa6,0x02,0xce,0xdc,0xaa,0x30,0x62,0x70,0x00,0x20,0x08,0x06,0xdd,0xaf,0x0a,0x64,0x2a,0x04,0xc2,0x2c,0x01,
    0xf8,0x14,0x0a,0xe9,0xaa,0x70,0xb5,0x33,0x81,0x59,0x20,0x80,0xa0,0x82,0xc1,0x86,0x1b,0x02,0x16,0x42,0x83,0x2a,0xde,0x54,
    0x80,0x0a,0x86,0x98,0x6e,0x20,0x82,0x61,0x96,0x00,0x7c,0x4a,0x6c,0x60,0xc8,0x2c,0x88,0x21,0x10,0x54,0x20,0x43,0x36,0x4b,
    0x00,0x3e,0x03,0x1d,0x84,0xf0,0x3b,0x58,0xef,0x20,0xbe,0x33,0xdc,0x10,0x95,0xab,0x10,0x06,0x17,0x10,0x62,0x96,0x21,0x7c,
    0xc4,0xc7,0x5d,0x86,0x1b,0xde,0xe0,0x5c,0x05,0x34,0xa8,0x60,0xd8,0xe1,0x86,0x38,0xb8,0xa1,0x33,0xa8,0x40,0xd8,0x0b,0x08,
    0x31,0x4b,0x20,0x3e,0x03,0x15,0x84,0x10,0x3e,0x0c,0xf8,0xcc,0x32,0x98,0xcf,0xf8,0xb4,0xcb,0x70,0x43,0xbd,0xa8,0xab,0x00,
    0x06,0xb3,0x0c,0xe5,0x43,0x3e,0x81,0xf1,0xd0,0x9f,0x0a,0x20,0x18,0x31,0x38,0x00,0x10,0x04,0x83,0xce,0x5e,0x05,0x3e,0x15,
    0xee,0xe0,0x5d,0x85,0x11,0x83,0x03,0x00,0x41,0x30,0xe8,0xee,0x55,0xe0,0x53,0x21,0x10,0x66,0x09,0xce,0xa7,0x7e,0x48,0x5e,
    0x85,0x2b,0x3d,0x08,0xcc,0x02,0x01,0x04,0x15,0x0c,0x36,0xdc,0x10,0x8c,0x11,0x1a,0x54,0x71,0xaa,0x02,0x54,0x30,0xc4,0x74,
    0x03,0x11,0x0c,0xb3,0x04,0xe7,0x53,0xa1,0x70,0x46,0x66,0x01,0x1a,0x81,0xa0,0x82,0x34,0xb2,0x59,0x82,0xf3,0x19,0xe8,0x20,
    0x04,0xf3,0xc1,0xc8,0x07,0x29,0x9f,0xe1,0x86,0xa8,0x5f,0x05,0x30,0x98,0x65,0x40,0x9f,0xf4,0x09,0x46,0x0c,0x1a,0x00,0x04,
    0xc1,0x20,0x0c,0x46,0x56,0x28,0x55,0x21,0xdf,0x83,0x38,0x8a,0x03,0x4d,0x70,0x55,0xc1,0x55,0x05,0x57,0x15,0x46,0x13,0x02,
    0x60,0x34,0x41,0x08,0x46,0x13,0x06,0x61,0x34,0x81,0x18,0x66,0x09,0xd4,0xa7,0x44,0x3e,0x58,0x55,0x01,0x46,0x0c,0x0e,0x00,
    0x04,0xc1,0xc0,0x0c,0x4e,0x56,0x78,0x55,0xa1,0x45,0x85,0x60,0x34,0x21,0x00,0x46,0x13,0x84,0x60,0x34,0x61,0x10,0x46,0x13,
    0x88,0x61,0x96,0x40,0x7d,0x06,0x2a,0x06,0x24,0x7d,0x28,0xf4,0x19,0xa8,0x18,0x90,0xf4,0xa1,0xd0,0x67,0xa0,0x62,0x40,0xd2,
    0x87,0x42,0x9f,0x81,0x8a,0x01,0x49,0x1f,0x0a,0x7d,0x8c,0x48,0x17,0xf9,0x18,0xa1,0x2e,0xf2,0x31,0x62,0x5d,0xe4,0x63,0x04,
    0xbb,0xc8,0x67,0x96,0x61,0x7d,0xd8,0x47,0x7c,0x83,0xe1,0x86,0x73,0x09,0xa5,0x33,0x28,0x74,0xd9,0x55,0x01,0x4f,0x20,0x44,
    0x05,0xc2,0xce,0x12,0xb0,0xcf,0x40,0x05,0x21,0xac,0x8f,0x9a,0x13,0xea,0x33,0xcb,0x00,0x3f,0xed,0xd3,0x3a,0xc3,0x0d,0xe9,
    0x1b,0xcc,0xac,0x00,0x06,0xb3,0x0c,0xef,0xe3,0x3e,0x81,0x9d,0x12,0xba,0x0a,0x20,0x18,0x31,0x38,0x00,0x10,0x04,0x83,0xee,
    0x67,0x85,0x72,0x15,0xdc,0x05,0x67,0x85,0x11,0x83,0x03,0x00,0x41,0x30,0xe8,0xc0,0x56,0x28,0x57,0x21,0x10,0x66,0x09,0xe2,
    0xa7,0x54,0x69,0x67,0x85,0xab,0x78,0x09,0xcc,0x02,0x01,0x04,0x15,0x0c,0x36,0xdc,0x10,0xb8,0x12,0x1a,0x54,0x01,0xaf,0x02,
    0x54,0x30,0xc4,0x74,0x03,0x11,0x0c,0xb3,0x04,0xf1,0x53,0xf8,0x22,0x4b,0x66,0xc1,0x2c,0x81,0xa0,0x02,0x5a,0xb2,0x59,0x82,
    0xf8,0x19,0xe8,0x20,0x04,0xf8,0xc1,0xdc,0x07,0x79,0x9f,0x59,0x06,0xf9,0x99,0x1f,0xd5,0x19,0x6e,0x88,0xcc,0x56,0x08,0x83,
    0xe1,0x06,0xf4,0x39,0x5b,0x01,0x0d,0x2a,0x10,0x76,0xb8,0x41,0x7d,0x70,0xe9,0x0c,0x2a,0x10,0xf6,0x02,0x42,0xcc,0x12,0xcc,
    0xcf,0x40,0x05,0x21,0xc8,0x8f,0x1b,0xc4,0xcf,0x2c,0xc3,0xfd,0xd0,0x4f,0xea,0x0c,0x37,0xc8,0x8e,0xda,0x0a,0x60,0x30,0xcb,
    0x60,0x3f,0xf5,0x13,0x58,0x2f,0xfd,0xab,0x00,0x82,0x11,0x83,0x03,0x00,0x41,0x30,0xe8,0xec,0x56,0xe0,0x57,0x01,0x7e,0xde,
    0x56,0x18,0x31,0x38,0x00,0x10,0x04,0x83,0xee,0x6e,0x05,0x7e,0x15,0x02,0x61,0x96,0x00,0x7f,0x0a,0x9c,0xe4,0x56,0xb8,0x9a,
    0x9f,0xc0,0x2c,0x10,0x40,0x50,0xc1,0x60,0xc3,0x0d,0x01,0x39,0xa1,0x41,0x15,0x27,0x2b,0x40,0x05,0x43,0x4c,0x37,0x10,0xc1,
    0x30,0x4b,0x80,0x3f,0xa5,0x3f,0xe8,0x64,0x16,0xa4,0x13,0x08,0x2a,0x50,0x27,0x9b,0x25,0xc0,0x9f,0x81,0x0e,0x42,0xb8,0x1f,
    0xac,0x7e,0x10,0xfb,0x19,0x6e,0x88,0xfa,0x56,0x08,0x83,0x0b,0x08,0x31,0xcb,0x90,0x3f,0xfa,0x63,0x3a,0xc3,0x0d,0x27,0xf1,
    0xb7,0x02,0x1a,0x54,0x30,0xec,0x70,0x43,0x4a,0xbc,0xd3,0x19,0x54,0x20,0xec,0x05,0x84,0x98,0x25,0xd0,0x9f,0x81,0x0a,0x42,
    0xc8,0x1f,0x06,0x7f,0x66,0x19,0xfc,0x67,0x7f,0x4a,0x67,0xb8,0xa1,0x75,0x44,0x57,0x00,0x83,0x59,0x86,0xfe,0xe1,0x9f,0xc0,
    0xe8,0xe9,0x66,0x05,0x10,0x8c,0x18,0x1c,0x00,0x08,0x82,0x41,0xe7,0xba,0x02,0xcd,0x0a,0x2f,0x71,0xba,0xc2,0x88,0xc1,0x01,
    0x80,0x20,0x18,0x74,0xaf,0x2b,0xd0,0xac,0x10,0x08,0xb3,0x04,0xff,0x53,0xf7,0xa4,0xba,0xc2,0x95,0x4c,0x04,0x66,0x81,0x00,
    0x82,0x0a,0x06,0x1b,0x6e,0x08,0xf6,0x09,0x0d,0xaa,0xf8,0x59,0x01,0x2a,0x18,0x62,0xba,0x81,0x08,0x86,0x59,0x82,0xff,0xa9,
    0x9c,0xf8,0x27,0xb3,0x00,0xa4,0x40,0x50,0x41,0x48,0xd9,0x2c,0xc1,0xff,0x0c,0x74,0x10,0x82,0xff,0x60,0xfc,0x83,0xf4,0xcf,
    0x70,0x43,0x54,0xbb,0x02,0x18,0xcc,0x32,0x80,0x50,0x08,0x05,0x23,0x06,0x0d,0x00,0x82,0x60,0x10,0x06,0xbb,0x2b,0xf4,0xac,
    0x10,0xfb,0x41,0x4a,0xc5,0x81,0x26,0x98,0xad,0x60,0xb6,0x82,0xd9,0x0a,0xa3,0x09,0x01,0x30,0x9a,0x20,0x04,0xa3,0x09,0x83,
    0x30,0x9a,0x40,0x0c,0xb3,0x04,0x22,0x54,0xba,0x1f,0x8c,0xad,0x00,0x23,0x06,0x07,0x00,0x82,0x60,0x60,0x06,0xbf,0x2b,0x9c,
    0xad,0x50,0xae,0x42,0x30,0x9a,0x10,0x00,0xa3,0x09,0x42,0x30,0x9a,0x30,0x08,0xa3,0x09,0xc4,0x30,0x4b,0x20,0x42,0x03,0x15,
    0x03,0x12,0x42,0x14,0x08,0x0d,0x54,0x0c,0x48,0x08,0x51,0x20,0x34,0x50,0x31,0x20,0x21,0x44,0x81,0xd0,0x40,0xc5,0x80,0x84,
    0x10,0x05,0x42,0x46,0x98,0x8b,0x7c,0x8c,0x38,0x17,0xf9,0x18,0x81,0x2e,0xf2,0x31,0x22,0x5d,0xe4,0x33,0xcb,0x30,0x42,0x24,
    0xa4,0xc7,0xc1,0x70,0xc3,0x1a,0xe5,0xd4,0x19,0x14,0x1b,0xcd,0xad,0x80,0x27,0x10,0xa2,0x02,0x61,0x67,0x09,0x48,0x68,0xa0,
    0x82,0x10,0x46,0x48,0xf7,0x09,0x11,0x9a,0x65,0x40,0xa1,0x12,0x2a,0xa3,0xe1,0x86,0x50,0x0e,0xd6,0x57,0x00,0x83,0x59,0x86,
    0x13,0x32,0xa1,0xc0,0x7e,0x0a,0x74,0x05,0x10,0x8c,0x18,0x1c,0x00,0x08,0x82,0x41,0x77,0xbf,0x42,0xdf,0x0a,0x72,0x04,0xbf,
    0xc2,0x88,0xc1,0x01,0x80,0x20,0x18,0x74,0xf8,0x2b,0xf4,0xad,0x10,0x08,0xb3,0x04,0x29,0x54,0x62,0x35,0xbf,0xc2,0x55,0x1d,
    0x05,0x66,0x81,0x00,0x82,0x0a,0x06,0x1b,0x6e,0x08,0xcc,0x0a,0x0d,0xaa,0x40,0x5d,0x01,0x2a,0x18,0x62,0xba,0x81,0x08,0x86,
    0x59,0x82,0x14,0x2a,0x3e,0x52,0x2b,0xb3,0x60,0xad,0x40,0x50,0x01,0x5b,0xd9,0x2c,0x41,0x0a,0x0d,0x74,0x10,0x02,0x0a,0x61,
    0x26,0x84,0x9c,0xd0,0x2c,0x83,0x0a,0xad,0x90,0x18,0x0d,0x37,0x44,0xfe,0x2b,0x84,0xc1,0x70,0x83,0xbe,0xfc,0xaf,0x80,0x06,
    0x15,0x08,0x3b,0xdc,0xc0,0x2f,0x70,0x75,0x06,0x15,0x08,0x7b,0x01,0x21,0x66,0x09,0x56,0x68,0xa0,0x82,0x10,0x54,0xc8,0x0d,
    0x52,0x68,0x96,0xe1,0x85,0x58,0x28,0x8c,0x86,0x1b,0xd4,0x48,0x84,0x05,0x30,0x98,0x65,0x70,0xa1,0x16,0x0a,0xac,0xae,0x6e,
    0x57,0x00,0xc1,0x88,0xc1,0x01,0x80,0x20,0x18,0x74,0x2e,0x2c,0xd0,0xae,0x20,0x32,0x27,0x2c,0x8c,0x18,0x1c,0x00,0x08,0x82,
    0x41,0xf7,0xc2,0x02,0xed,0x0a,0x81,0x30,0x4b,0x00,0x43,0x85,0x57,0x2a,0x2c,0x5c,0x95,0x4c,0x60,0x16,0x08,0x20,0xa8,0x60,
    0xb0,0xe1,0x86,0x80,0xaf,0xd0,0xa0,0x8a,0xdf,0x15,0xa0,0x82,0x21,0xa6,0x1b,0x88,0x60,0x98,0x25,0x80,0xa1,0x62,0x19,0xd0,
    0x32,0x0b,0x42,0x0b,0x04,0x15,0x88,0x96,0xcd,0x12,0xc0,0xd0,0x40,0x07,0x21,0xbc,0x10,0xd6,0x42,0x88,0x0b,0x0d,0x37,0x44,
    0x35,0x2c,0x84,0xc1,0x05,0x84,0x98,0x65,0x88,0x21,0x19,0xf2,0xa1,0xe1,0x86,0xdf,0xb8,0x61,0x01,0x0d,0x2a,0x18,0x76,0xb8,
    0x21,0x3c,0x4e,0xeb,0x0c,0x2a,0x10,0xf6,0x02,0x42,0xcc,0x12,0xc8,0xd0,0x40,0x05,0x21,0xc4,0x10,0x03,0x43,0xb3,0x0c,0x36,
    0x34,0x43,0x3d,0x34,0xdc,0x50,0x46,0x3a,0x2c,0x80,0xc1,0x2c,0x43,0x0d,0xd1,0x50,0x60,0xac,0xf5,0xbe,0x02,0x08,0x46,0x0c,
    0x0e,0x00,0x04,0xc1,0xa0,0x33,0x63,0x81,0x7d,0x85,0xf3,0xf8,0x61,0x61,0xc4,0xe0,0x00,0x40,0x10,0x0c,0xba,0x33,0x16,0xd8,
    0x57,0x08,0x84,0x59,0x82,0x1b,0xaa,0xd7,0x12,0x63,0xe1,0x4a,0x3d,0x02,0xb3,0x40,0x00,0x41,0x05,0x83,0x0d,0x37,0x04,0xb3,
    0x85,0x06,0x55,0xdc,0xaf,0x00,0x15,0x0c,0x31,0xdd,0x40,0x04,0xc3,0x2c,0xc1,0x0d,0x55,0x7c,0xdc,0x96,0x59,0x80,0x5b,0x20,
    0xa8,0x20,0xb7,0x6c,0x96,0xe0,0x86,0x06,0x3a,0x08,0xc1,0x86,0x30,0x1a,0x42,0x6a,0x68,0xb8,0x21,0x6a,0x63,0x01,0x0c,0x66,
    0x19,0x70,0x28,0x87,0x82,0x11,0x83,0x06,0x00,0x41,0x30,0x08,0x83,0x39,0x16,0xea,0x57,0x48,0x43,0x21,0xbc,0xe2,0x40,0x13,
    0xfc,0x57,0xf0,0x5f,0xc1,0x7f,0x85,0xd1,0x84,0x00,0x18,0x4d,0x10,0x82,0xd1,0x84,0x41,0x18,0x4d,0x20,0x86,0x59,0x02,0x1d,
    0x2a,0x39,0x14,0xf6,0x57,0x80,0x11,0x83,0x03,0x00,0x41,0x30,0x30,0x83,0x3b,0x16,0xfe,0x57,0xe8,0x5b,0x21,0x18,0x4d,0x08,
    0x80,0xd1,0x04,0x21,0x18,0x4d,0x18,0x84,0xd1,0x04,0x62,0x98,0x25,0xd0,0xa1,0x81,0x8a,0x01,0xc9,0x21,0x0a,0x87,0x06,0x2a,
    0x06,0x24,0x87,0x28,0x1c,0x1a,0xa8,0x18,0x90,0x1c,0xa2,0x70,0x68,0xa0,0x62,0x40,0x72,0x88,0xc2,0x21,0x23,0x78,0x48,0x3e,
    0x46,0xf4,0x90,0x7c,0x8c,0xf0,0x21,0xf9,0x18,0xf1,0x43,0xf2,0x99,0x65,0xd8,0x21,0x1e,0x92,0xe9,0x60,0xb8,0xe1,0x86,0xe2,
    0xeb,0x0c,0x0a,0x87,0x56,0x58,0xc0,0x13,0x08,0x51,0x81,0xb0,0xb3,0x04,0x3c,0x34,0x50,0x41,0x08,0x3b,0xa4,0x92,0x85,0x0e,
    0xcd,0x32,0x80,0x51,0x0f,0xf5,0xd3,0x70,0x43,0x4e,0x07,0xa3,0x2c,0x80,0xc1,0x2c,0xc3,0x0f,0xf9,0x50,0x60,0xf7,0x85,0xc3,
    0x02,0x08,0x46,0x0c,0x0e,0x00,0x04,0xc1,0xa0,0x7b,0x65,0xa1,0x86,0x05,0x1f,0x42,0x65,0x61,0xc4,0xe0,0x00,0x40,0x10,0x0c,
    0x3a,0x58,0x16,0x6a,0x58,0x08,0x84,0x59,0x82,0x30,0x2a,0xfd,0x5a,0x65,0xe1,0x2a,0x8c,0x02,0xb3,0x40,0x00,0x41,0x05,0x83,
    0x0d,0x37,0x04,0xfe,0x85,0x06,0x55,0x80,0xb1,0x00,0x15,0x0c,0x31,0xdd,0x40,0x04,0xc3,0x2c,0x41,0x18,0x15,0x1a,0x89,0x98,
    0x59,0x30,0x62,0x20,0xa8,0x80,0xc4,0x6c,0x96,0x20,0x8c,0x06,0x3a,0x08,0x01,0x8c,0x30,0x1f,0x42,0x7e,0x68,0x96,0x41,0x8c,
    0xc6,0x48,0x9f,0x86,0x1b,0x22,0x5b,0x16,0xc2,0x60,0xb8,0x41,0x76,0x6e,0x59,0x40,0x83,0x0a,0x84,0x1d,0x6e,0xa0,0x1d,0x14,
    0x3b,0x83,0x0a,0x84,0xbd,0x80,0x10,0xb3,0x04,0x63,0x34,0x50,0x41,0x08,0x62,0xe4,0x06,0x61,0x34,0xcb,0x70,0x46,0x64,0x94,
    0x4f,0xc3,0x0d,0x22,0xa5,0xcb,0x02,0x18,0xcc,0x32,0x98,0x51,0x19,0x05,0xd6,0x62,0x6f,0x2c,0x80,0x60,0xc4,0xe0,0x00,0x40,
    0x10,0x0c,0x3a,0x73,0x16,0xd8,0x58,0xd0,0x9d,0x5f,0x16,0x46,0x0c,0x0e,0x00,0x04,0xc1,0xa0,0x3b,0x67,0x81,0x8d,0x85,0x40,
    0x98,0x25,0x40,0xa3,0x82,0x31,0x71,0x16,0xae,0x7a,0x27,0x30,0x0b,0x04,0x10,0x54,0x30,0xd8,0x70,0x43,0x40,0x63,0x68,0x50,
    0xc5,0x1d,0x0b,0x50,0xc1,0x10,0xd3,0x0d,0x44,0x30,0xcc,0x12,0xa0,0x51,0x91,0x0f,0x8e,0x99,0x05,0x39,0x06,0x82,0x0a,0x74,
    0xcc,0x66,0x09,0xd0,0x68,0xa0,0x83,0x10,0xce,0x08,0x2b,0x23,0xc4,0x8c,0x86,0x1b,0xa2,0x76,0x16,0xc2,0xe0,0x02,0x42,0xcc,
    0x32,0xa4,0x91,0x1a,0xd9,0xd3,0x70,0xc3,0x9d,0xbc,0xb3,0x80,0x06,0x15,0x0c,0x3b,0xdc,0x90,0x27,0x3f,0x76,0x06,0x15,0x08,
    0x7b,0x01,0x21,0x66,0x09,0xd4,0x68,0xa0,0x82,0x10,0xd2,0x88,0x41,0xa3,0x59,0x06,0x37,0x5a,0xa3,0x7a,0x1a,0x6e,0xe8,0x27,
    0x79,0x16,0xc0,0x60,0x96,0xa1,0x8d,0xd8,0x28,0x30,0x32,0x3b,0x65,0x01,0x04,0x23,0x06,0x07,0x00,0x82,0x60,0xd0,0xf9,0xb3,
    0x40,0xca,0xc2,0x9f,0xdc,0xb3,0x30,0x62,0x70,0x00,0x20,0x08,0x06,0xdd,0x3f,0x0b,0xa4,0x2c,0x04,0xc2,0x2c,0xc1,0x1b,0xd5,
    0x99,0xe9,0xb3,0x70,0x25,0x2a,0x81,0x59,0x20,0x80,0xa0,0x82,0xc1,0x86,0x1b,0x82,0x35,0x43,0x83,0x2a,0x5e,0x59,0x80,0x0a,
    0x86,0x98,0x6e,0x20,0x82,0x61,0x96,0xe0,0x8d,0x2a,0x55,0xde,0xcc,0x2c,0x80,0x33,0x10,0x54,0x10,0x67,0x36,0x4b,0xf0,0x46,
    0x03,0x1d,0x84,0xe0,0x46,0x18,0x1b,0x21,0x6d,0x34,0xdc,0x10,0x95,0xb4,0x00,0x06,0xb3,0x0c,0x70,0x14,0x47,0xc1,0x88,0x41,
    0x03,0x80,0x20,0x18,0x84,0xc1,0x4a,0x0b,0xad,0x2c,0x84,0xa4,0x90,0x67,0x71,0xa0,0x09,0xb6,0x2c,0xd8,0xb2,0x60,0xcb,0xc2,
    0x68,0x42,0x00,0x8c,0x26,0x08,0xc1,0x68,0xc2,0x20,0x8c,0x26,0x10,0xc3,0x2c,0x81,0x1c,0x95,0x4a,0x0a,0xb3,0x2c,0xc0,0x88,
    0xc1,0x01,0x80,0x20,0x18,0x98,0xc1,0x4b,0x0b,0xb7,0x2c,0xd4,0xb0,0x10,0x8c,0x26,0x04,0xc0,0x68,0x82,0x10,0x8c,0x26,0x0c,
    0xc2,0x68,0x02,0x31,0xcc,0x12,0xc8,0xd1,0x40,0xc5,0x80,0xc4,0x11,0x05,0x47,0x03,0x15,0x03,0x12,0x47,0x14,0x1c,0x0d,0x54,
    0x0c,0x48,0x1c,0x51,0x70,0x34,0x50,0x31,0x20,0x71,0x44,0xc1,0x91,0x11,0xb4,0x25,0x1f,0x23,0x6a,0x4b,0x3e,0x46,0xd8,0x96,
    0x7c,0x8c,0xb8,0x2d,0xf9,0x18,0xc1,0x0b,0xf0,0xb1,0x00,0xb7,0xe4,0x63,0x76,0xe1,0x22,0xf0,0xb1,0x40,0x80,0x8f,0x05,0xba,
    0x25,0x1f,0x53,0x97,0xd1,0x81,0x8f,0x05,0xbd,0x25,0x1f,0xfb,0x21,0x7d,0x82,0x8f,0x05,0x02,0x7c,0x2c,0x28,0xe0,0x63,0x4d,
    0x39,0xc0,0xc7,0x02,0xf1,0x92,0x8f,0xfd,0xc5,0x8d,0xc0,0xc7,0x02,0x01,0x3e,0x16,0x90,0x97,0x7c,0x6c,0x5e,0x58,0x07,0x3e,
    0x16,0x9c,0x97,0x7c,0x0c,0x8d,0x46,0x0a,0x3e,0x16,0x08,0xf0,0xb1,0xa0,0x80,0x8f,0x59,0xee,0x00,0x1f,0x0b,0xd8,0x4b,0x3e,
    0x86,0x1a,0x60,0x02,0x1f,0x0b,0x04,0xf8,0x58,0xe0,0x5e,0xf2,0x31,0x7e,0xa9,0x1d,0xf8,0x58,0x10,0x5f,0xf2,0xb1,0x38,0x62,
    0x29,0xf8,0x58,0x20,0xc0,0xc7,0x82,0x02,0x3e,0xf6,0xdd,0x03,0x7c,0x2c,0xb0,0x2f,0xf9,0x58,0x6c,0xa4,0x09,0x7c,0x2c,0x10,
    0xe0,0x63,0x01,0x7e,0xc9,0xc7,0x4a,0xc6,0x77,0xe0,0x63,0xc1,0x7e,0xc9,0xc7,0xf4,0xa8,0xa6,0xe0,0x63,0x81,0x00,0x1f,0x0b,
    0x0a,0xf8,0xcc,0x12,0xcc,0xd1,0x40,0xc7,0x40,0xc6,0x01,0xbc,0xe8,0x70,0x10,0x2f,0x7e,0x20,0x47,0x03,0x1d,0x03,0x19,0x07,
    0xf0,0xa2,0xc3,0x41,0xbc,0xb0,0x81,0x1c,0x0d,0x74,0x0c,0x64,0x1c,0xc0,0x8b,0x0e,0x07,0xf1,0xa2,0xc9,0xd1,0x40,0xc7,0x40,
    0xc6,0x01,0xbc,0xe8,0x70,0x10,0x2f,0x88,0x1c,0x8d,0x18,0x1c,0x00,0x08,0x82,0xc1,0xd6,0xda,0x42,0x4a,0x0b,0xa0,0x29,0xec,
    0xdb,0x68,0x42,0x00,0x8c,0x26,0x08,0xc1,0x68,0xc2,0x20,0xdc,0x30,0xa8,0x1b,0x06,0x75,0xc3,0xa0,0x6c,0xa8,0x51,0x41,0x3e,
    0x36,0xd4,0xa8,0x20,0x1f,0x1b,0x6a,0x54,0x90,0xcf,0x2c,0x03,0x2b,0xd1,0xd1,0x89,0x07,0x23,0x06,0x06,0x00,0x82,0x60,0xd0,
    0xf4,0xb6,0x90,0xd3,0xc2,0x30,0x62,0x60,0x00,0x20,0x08,0x06,0x8d,0x6f,0x0b,0x3a,0x2d,0x0c,0x23,0x06,0x06,0x00,0x82,0x60,
    0xd0,0xfc,0xb6,0xb0,0xd3,0xc2,0x70,0x03,0x81,0x6e,0x20,0xd0,0x0d,0x04,0x9a,0x65,0xa8,0x23,0x3b,0x32,0xf3,0x60,0xb8,0x61,
    0x78,0xce,0xa0,0x88,0x9f,0x16,0xf0,0x04,0x42,0x54,0x20,0xec,0x2c,0x81,0x1d,0x0d,0x54,0x10,0x42,0x1d,0xc9,0x6d,0x41,0x47,
    0xc3,0x0d,0x6d,0x1e,0xec,0xb6,0x00,0x06,0xb3,0x0c,0x77,0x84,0x47,0x41,0x25,0x95,0x59,0x60,0x81,0xa0,0x82,0xcb,0x66,0x09,
    0xf6,0x68,0xb8,0x21,0xce,0x83,0xdd,0x16,0xc0,0x60,0x96,0x21,0x8f,0xf4,0x28,0xa8,0x0c,0xbc,0x85,0x2b,0x27,0x30,0x0b,0x04,
    0x10,0x54,0x30,0xd8,0x70,0x43,0xd0,0xa1,0x41,0x15,0x75,0x2d,0x40,0x05,0x43,0x4c,0x37,0x10,0xc1,0x30,0x4b,0xb0,0x47,0x16,
    0x06,0x78,0x2d,0x80,0x60,0xc4,0xe0,0x00,0x40,0x10,0x0c,0xba,0xf7,0x16,0xea,0x5a,0xb0,0xd0,0x5b,0x18,0x31,0x38,0x00,0x10,
    0x04,0x83,0x0e,0xbe,0x85,0xba,0x16,0x02,0x61,0x96,0x60,0x8f,0x06,0x3a,0x08,0xed,0x8e,0x04,0x3d,0x42,0xf2,0xa8,0xfe,0x3c,
    0x28,0x6f,0x01,0x2b,0x10,0x6f,0x41,0x87,0x1b,0x82,0xf3,0x16,0xc0,0x60,0x96,0x81,0x8f,0xfa,0x28,0x18,0x6e,0xa8,0xdc,0x5b,
    0x08,0x83,0xe1,0x06,0xee,0xbd,0x05,0x34,0xa8,0x40,0xd8,0xe1,0x06,0x4f,0x0d,0xce,0xa0,0x02,0x61,0x2f,0x20,0xc4,0x2c,0x41,
    0x1f,0x0d,0x54,0x10,0x02,0x1f,0xd9,0xc1,0x1e,0x0d,0x37,0x24,0xf6,0x2d,0x80,0xc1,0x2c,0x83,0x1f,0xfd,0x51,0x50,0x63,0xf0,
    0x06,0x66,0x01,0x1c,0x80,0xa0,0x82,0x38,0xb0,0x59,0x02,0x51,0x1a,0x6e,0x68,0xec,0x5b,0x00,0x83,0x59,0x06,0x50,0x0a,0xa5,
    0xa0,0xe6,0x60,0xbf,0x85,0x2b,0x34,0x08,0xcc,0x02,0x01,0x04,0x15,0x0c,0x36,0xdc,0x10,0xdc,0x01,0x1a,0x54,0x01,0xdb,0x02,
    0x54,0x30,0xc4,0x74,0x03,0x11,0x0c,0xb3,0x04,0xa2,0x64,0x7b,0x30,0xdb,0x02,0x08,0x46,0x0c,0x0e,0x00,0x04,0xc1,0xa0,0x53,
    0x71,0x01,0xb6,0x05,0x38,0x18,0x71,0x61,0xc4,0xe0,0x00,0x40,0x10,0x0c,0xba,0x15,0x17,0x60,0x5b,0x08,0x84,0x59,0x02,0x51,
    0x1a,0xe8,0x20,0x34,0x3f,0x12,0x42,0x09,0x01,0xa5,0xe1,0x06,0xc9,0xc4,0x85,0x30,0xb8,0x80,0x10,0xc5,0xeb,0xc1,0x89,0x0b,
    0x58,0xc1,0x7f,0x0b,0x3a,0xdc,0x10,0x90,0xb8,0x00,0x06,0xb3,0x0c,0xa3,0x44,0x4a,0xc1,0x70,0xc3,0x1d,0xac,0xb8,0x80,0x06,
    0x15,0x18,0x3b,0xdc,0x90,0x07,0xa5,0x70,0x06,0x15,0x08,0x7b,0x01,0x21,0x66,0x09,0x48,0x69,0xa0,0x82,0x10,0x46,0x49,0x12,
    0xa5,0xe1,0x06,0x44,0xc6,0x05,0x30,0x98,0x65,0x28,0x25,0x53,0x0a,0xca,0x0f,0x54,0xc1,0x2c,0x58,0x05,0x10,0x54,0xc0,0x0a,
    0x36,0x4b,0x90,0x4a,0xc3,0x0d,0x8c,0x8c,0x0b,0x60,0x30,0xcb,0x70,0x4a,0xa8,0x14,0x94,0x2b,0xdc,0xb8,0x70,0x35,0x0a,0x81,
    0x59,0x20,0x80,0xa0,0x82,0xc1,0x86,0x1b,0x02,0x59,0x40,0x83,0x2a,0xd8,0x5b,0x80,0x0a,0x86,0x98,0x6e,0x20,0x82,0x61,0x96,
    0x20,0x95,0xcc,0x16,0xde,0x5b,0x00,0xc1,0x88,0xc1,0x01,0x80,0x20,0x18,0x74,0x66,0x2e,0xb0,0xb7,0xb0,0x0a,0x3f,0x2e,0x8c,
    0x18,0x1c,0x00,0x08,0x82,0x41,0x77,0xe6,0x02,0x7b,0x0b,0x81,0x30,0x4b,0x90,0x4a,0x03,0x1d,0x84,0x56,0x4a,0x02,0x2a,0x21,
    0xa7,0x34,0xdc,0x20,0x89,0xb9,0x00,0x06,0xb3,0x0c,0xab,0xa4,0x4a,0x41,0x89,0xa9,0xb0,0xde,0x02,0x8c,0x18,0x1c,0x00,0x08,
    0x82,0x81,0x19,0x9c,0xb9,0xf0,0xde,0x42,0x5b,0x0b,0xc1,0x68,0x42,0x00,0x8c,0x26,0x08,0xc1,0x68,0xc2,0x20,0x8c,0x26,0x10,
    0xc3,0x2c,0x41,0x8b,0x8d,0x18,0x34,0x00,0x08,0x82,0x41,0x18,0xb8,0xb9,0x00,0xdf,0x02,0x99,0x0a,0xbf,0xf7,0x07,0x64,0x80,
    0xe4,0xb7,0x90,0xdf,0x42,0x7e,0x0b,0xa3,0x09,0x01,0x30,0x9a,0x20,0x04,0xa3,0x09,0x83,0x30,0x9a,0x40,0x0c,0xb3,0x04,0x2d,
    0x66,0xe2,0xa0,0xda,0x02,0x7c,0x4c,0x1c,0x56,0x5b,0x80,0x8f,0x89,0x03,0x6b,0x0b,0xf0,0x19,0x31,0x30,0x00,0x10,0x04,0x83,
    0xe6,0xcf,0x85,0xfd,0x16,0x86,0x11,0x03,0x03,0x00,0x41,0x30,0x68,0x40,0x5d,0xe0,0x6f,0x61,0x18,0x31,0x30,0x00,0x10,0x04,
    0x83,0x26,0xd4,0x85,0xfe,0x16,0x86,0x1b,0x08,0x74,0x03,0x81,0x6e,0x20,0xd0,0x88,0x81,0x01,0x80,0x20,0x18,0x34,0xa5,0x2e,
    0xf4,0xb7,0x90,0x8c,0x18,0x18,0x00,0x08,0x82,0x41,0x63,0xea,0x82,0x7f,0x0b,0xc9,0x88,0x81,0x01,0x80,0x20,0x18,0x34,0xa7,
    0x2e,0xfc,0xb7,0x90,0xcc,0x32,0xb4,0x92,0x2b,0xad,0x7c,0x30,0xdc,0x60,0xd0,0xc3,0x19,0xd4,0x41,0xe2,0x02,0x9e,0x40,0x88,
    0x0a,0x84,0x9d,0x25,0x70,0xa5,0x81,0x0a,0x42,0x68,0x25,0x7e,0x2e,0x58,0x69,0xb8,0x41,0xe6,0x03,0x50,0x17,0xc0,0x60,0x96,
    0x41,0x96,0x5e,0x29,0x18,0x6e,0x98,0xf9,0xa0,0xcf,0x05,0x30,0x98,0x65,0x88,0x25,0x58,0x0a,0x6c,0x1f,0x64,0x5c,0x00,0xc1,
    0x88,0xc1,0x01,0x80,0x20,0x18,0x74,0xa9,0x2e,0xbc,0xb8,0xe0,0x88,0xba,0x30,0x62,0x70,0x00,0x20,0x08,0x06,0x9d,0xaa,0x0b,
    0x2f,0x2e,0x04,0xc2,0x2c,0xc1,0x2c,0x95,0x3f,0x94,0xba,0x70,0x15,0x05,0x66,0x81,0x00,0x82,0x0a,0x06,0x1b,0x6e,0x08,0x44,
    0x02,0x0d,0xaa,0xd0,0x71,0x01,0x2a,0x18,0x62,0xba,0x81,0x08,0x86,0x59,0x82,0x59,0x2a,0xcc,0x24,0xcc,0x82,0x93,0x00,0x41,
    0x05,0x28,0x61,0xb3,0x04,0xb3,0x34,0xd0,0x41,0x08,0xb2,0x84,0xc1,0x12,0x12,0x4b,0x45,0xf6,0x81,0xaa,0x0b,0x58,0xc1,0xa9,
    0x0b,0x3a,0xdc,0x10,0xb0,0xba,0x00,0x06,0xb3,0x0c,0xb4,0x54,0x4b,0xc1,0x70,0x43,0x35,0xeb,0x42,0x18,0x0c,0x37,0x7c,0xb4,
    0x2e,0xa0,0x41,0x05,0xc2,0x0e,0x37,0x84,0xc1,0x4b,0x9c,0x41,0x05,0xc2,0x5e,0x40,0x88,0x59,0x82,0x5a,0x1a,0xa8,0x20,0x04,
    0x5a,0xb2,0x83,0x59,0x1a,0x6e,0x48,0x76,0x5d,0x00,0x83,0x59,0x86,0x5c,0xb2,0xa5,0x60,0xb8,0x41,0xc1,0x75,0x01,0x0c,0x66,
    0x19,0x70,0xe9,0x96,0x02,0xab,0x89,0x36,0x17,0x40,0x30,0x62,0x70,0x00,0x20,0x08,0x06,0x1d,0xb9,0x0b,0x6a,0x2e,0xa0,0x41,
    0xaf,0x0b,0x23,0x06,0x07,0x00,0x82,0x60,0xd0,0x95,0xbb,0xa0,0xe6,0x42,0x20,0xcc,0x12,0xe8,0x52,0xe1,0x04,0xb8,0x0b,0x57,
    0x6b,0x10,0x98,0x05,0x02,0x08,0x2a,0x18,0x6c,0xb8,0x21,0xe0,0x09,0x34,0xa8,0xa2,0xce,0x05,0xa8,0x60,0x88,0xe9,0x06,0x22,
    0x18,0x66,0x09,0x74,0xa9,0xe4,0x00,0x2c,0xcc,0x82,0xb0,0x00,0x41,0x05,0x62,0x61,0xb3,0x04,0xba,0x34,0xd0,0x41,0x08,0xb9,
    0x84,0xdd,0x12,0x82,0x4b,0xc3,0x0d,0xd2,0xba,0x0b,0x61,0x70,0x01,0x21,0x2a,0xf4,0x03,0x76,0x17,0xb0,0x02,0x72,0x17,0x74,
    0xb8,0x21,0x48,0x77,0x01,0x0c,0x66,0x19,0x76,0x89,0x97,0x82,0xe1,0x06,0x3d,0x80,0x77,0x01,0x0d,0x2a,0x30,0x76,0xb8,0x81,
    0x0f,0xd4,0xe2,0x0c,0x2a,0x10,0xf6,0x02,0x42,0xcc,0x12,0xf0,0xd2,0x40,0x05,0x21,0xec,0x92,0xa4,0x4b,0xc3,0x0d,0xc8,0xbd,
    0x0b,0x60,0x30,0xcb,0x00,0x4e,0xbd,0x14,0x0c,0x37,0x24,0xf4,0x2e,0x80,0xc1,0x2c,0xc3,0x2f,0xf9,0x52,0x60,0x70,0x91,0xea,
    0x02,0x08,0x46,0x0c,0x0e,0x00,0x04,0xc1,0xa0,0x03,0x79,0xc1,0xd4,0x85,0x51,0xc8,0x77,0x61,0xc4,0xe0,0x00,0x40,0x10,0x0c,
    0xba,0x90,0x17,0x4c,0x5d,0x08,0x84,0x59,0x82,0x70,0xaa,0xb9,0xe0,0x77,0xe1,0xca,0x14,0x02,0xb3,0x40,0x00,0x41,0x05,0x83,
    0x0d,0x37,0x04,0x77,0x81,0x06,0x55,0xc4,0xba,0x00,0x15,0x0c,0x31,0xdd,0x40,0x04,0xc3,0x2c,0x41,0x38,0x55,0x2b,0xec,0x85,
    0x59,0xc0,0x17,0x20,0xa8,0xa0,0x2f,0x6c,0x96,0x20,0x9c,0x06,0x3a,0x08,0x01,0x9c,0x30,0x5f,0x42,0x7e,0x69,0xb8,0x41,0x3a,
    0x79,0x01,0x0c,0x66,0x19,0xc4,0x69,0x9c,0x82,0x11,0x83,0x06,0x00,0x41,0x30,0x08,0x83,0x96,0x17,0x5e,0x5d,0x18,0x59,0xc1,
    0x0f,0x83,0x3c,0xf0,0x04,0x5c,0x17,0x70,0x5d,0xc0,0x75,0x61,0x34,0x21,0x00,0x46,0x13,0x84,0x60,0x34,0x61,0x10,0x46,0x13,
    0x88,0x61,0x96,0x80,0x9c,0x8a,0x65,0x85,0x5a,0x17,0x60,0xc4,0xe0,0x00,0x40,0x10,0x0c,0xcc,0x20,0xe6,0x85,0x5c,0x17,0x6e,
    0x5c,0x08,0x46,0x13,0x02,0x60,0x34,0x41,0x08,0x46,0x13,0x06,0x61,0x34,0x81,0x18,0x66,0x09,0xc8,0x69,0xa0,0x62,0x40,0xc6,
    0x89,0x12,0xa7,0x81,0x8a,0x01,0x19,0x27,0x4a,0x9c,0x06,0x2a,0x06,0x64,0x9c,0x28,0x71,0x1a,0xa8,0x18,0x90,0x71,0xa2,0xc4,
    0xc9,0xe2,0x5c,0x00,0x87,0xf8,0x98,0x9c,0x0b,0xe0,0x10,0x1f,0x9b,0x73,0x01,0x1c,0xe2,0x63,0xc2,0x20,0x1f,0x0b,0x04,0xf9,
    0x58,0x12,0xc8,0xc7,0x12,0x41,0x3e,0x96,0x0c,0xf2,0xb1,0x84,0x90,0x4f,0xb1,0x43,0xd8,0x0b,0x30,0xcb,0x50,0x4e,0xe6,0x24,
    0xff,0xc1,0x70,0x43,0xb0,0x1b,0x67,0x50,0xc2,0xba,0x0b,0x78,0x02,0x21,0x2a,0x10,0x76,0x96,0xc0,0x9c,0x06,0x2a,0x08,0xa1,
    0x9c,0x54,0xbd,0x20,0xa7,0x59,0x06,0x75,0x3a,0xa7,0x73,0x18,0x6e,0xc8,0xff,0x60,0xec,0x05,0x30,0x98,0x65,0x48,0x27,0x74,
    0x0a,0x2c,0x3c,0xf0,0x5d,0x00,0xc1,0x88,0xc1,0x01,0x80,0x20,0x18,0x74,0x6f,0x2f,0xd4,0xbb,0x80,0xa0,0xbd,0x30,0x62,0x70,
    0x00,0x20,0x08,0x06,0x1d,0xdc,0x0b,0xf5,0x2e,0x04,0xc2,0x2c,0xc1,0x3a,0x15,0x79,0xac,0xbd,0x70,0xb5,0x04,0x66,0x81,0x00,
    0x82,0x0a,0x06,0x1b,0x6e,0x08,0xd0,0x03,0x0d,0xaa,0x00,0x79,0x01,0x2a,0x18,0x62,0xba,0x81,0x08,0x86,0x59,0x82,0x75,0x2a,
    0x89,0x3d,0xcc,0x82,0xf6,0x00,0x41,0x05,0xee,0x61,0xb3,0x04,0xeb,0x34,0xd0,0x41,0x08,0xea,0x84,0xa1,0x13,0x92,0x4e,0xb3,
    0x0c,0xec,0xd4,0x4e,0xe4,0x30,0xdc,0x10,0xd9,0xbd,0x10,0x06,0xc3,0x0d,0x22,0x71,0xf7,0x02,0x1a,0x54,0x20,0xec,0x70,0x03,
    0x49,0xc8,0xc7,0x19,0x54,0x20,0xec,0x05,0x84,0x98,0x25,0x68,0xa7,0x81,0x0a,0x42,0x60,0x27,0x37,0x58,0xa7,0x59,0x86,0x78,
    0x72,0xa7,0x71,0x18,0x6e,0x60,0x07,0xbd,0x17,0xc0,0x60,0x96,0x01,0x9e,0xde,0x29,0xb0,0xfb,0x78,0x79,0x01,0x04,0x23,0x06,
    0x07,0x00,0x82,0x60,0xd0,0x99,0xbe,0xc0,0xf2,0x82,0x4a,0xfc,0xbd,0x30,0x62,0x70,0x00,0x20,0x08,0x06,0xdd,0xe9,0x0b,0x2c,
    0x2f,0x04,0xc2,0x2c,0x81,0x3c,0x95,0x7e,0x88,0xbe,0x70,0xd5,0x12,0x81,0x59,0x20,0x80,0xa0,0x82,0xc1,0x86,0x1b,0x02,0xff,
    0x40,0x83,0x2a,0x6e,0x5e,0x80,0x0a,0x86,0x98,0x6e,0x20,0x82,0x61,0x96,0x40,0x9e,0x8a,0x26,0x44,0xc4,0x2c,0x18,0x11,0x10,
    0x54,0x40,0x22,0x36,0x4b,0x20,0x4f,0x03,0x1d,0x84,0x10,0x4f,0xd8,0x3b,0x21,0xf0,0x34,0xdc,0x10,0xb5,0xbe,0x10,0x06,0x17,
    0x10,0x62,0x96,0x61,0x9e,0xe8,0x09,0x1c,0x86,0x1b,0x72,0xe2,0xf5,0x05,0x34,0xa8,0x60,0xd8,0xe1,0x86,0x9d,0x48,0x91,0x33,
    0xa8,0x40,0xd8,0x0b,0x08,0x31,0x4b,0x40,0x4f,0x03,0x15,0x84,0x30,0x4f,0x8c,0x3c,0xcd,0x32,0xe0,0x53,0x3d,0xfd,0xc2,0x70,
    0xc3,0x39,0xc8,0xbe,0x00,0x06,0xb3,0x0c,0xf7,0x64,0x4f,0x81,0xb9,0xc8,0xd9,0x0b,0x20,0x18,0x31,0x38,0x00,0x10,0x04,0x83,
    0xce,0xf7,0x05,0xb2,0x17,0xc2,0xe2,0xf6,0x85,0x11,0x83,0x03,0x00,0x41,0x30,0xe8,0x7e,0x5f,0x20,0x7b,0x21,0x10,0x66,0x09,
    0xf2,0xa9,0x62,0x44,0xf7,0x85,0x2b,0xb2,0x08,0xcc,0x02,0x01,0x04,0x15,0x0c,0x36,0xdc,0x10,0xd4,0x08,0x1a,0x54,0xf1,0xf6,
    0x02,0x54,0x30,0xc4,0x74,0x03,0x11,0x0c,0xb3,0x04,0xf9,0x54,0x6b,0x91,0x23,0x66,0x81,0x8e,0x80,0xa0,0x82,0x1d,0xb1,0x59,
    0x82,0x7c,0x1a,0xe8,0x20,0x04,0x7c,0xc2,0xec,0x09,0xb9,0xa7,0xe1,0x86,0xa8,0xfc,0x05,0x30,0x98,0x65,0xd0,0xa7,0x7d,0x0a,
    0x46,0x0c,0x1a,0x00,0x04,0xc1,0x20,0x0c,0xd6,0x5f,0x68,0x7b,0x21,0x7c,0x05,0x9e,0x0c,0xe2,0x40,0x13,0xec,0x5e,0xb0,0x7b,
    0xc1,0xee,0x85,0xd1,0x84,0x00,0x18,0x4d,0x10,0x82,0xd1,0x84,0x41,0x18,0x4d,0x20,0x86,0x59,0x02,0x7e,0x2a,0xf5,0x15,0xe6,
    0x5e,0x80,0x11,0x83,0x03,0x00,0x41,0x30,0x30,0x83,0xf7,0x17,0xee,0x5e,0xa8,0x77,0x21,0x18,0x4d,0x08,0x80,0xd1,0x04,0x21,
    0x18,0x4d,0x18,0x84,0xd1,0x04,0x62,0x98,0x25,0xe0,0xa7,0x81,0x8a,0x01,0xd9,0x27,0x4a,0x9f,0x06,0x2a,0x06,0x64,0x9f,0x28,
    0x7d,0x1a,0xa8,0x18,0x90,0x7d,0xa2,0xf4,0x69,0xa0,0x62,0x40,0xf6,0x89,0xd2,0x27,0xeb,0x05,0xbf,0x90,0x8f,0x05,0xbd,0x20,
    0x1f,0x33,0x02,0xf9,0x98,0x21,0xc8,0xc7,0x8c,0x41,0x3e,0x66,0x10,0xf2,0x29,0xd3,0xe0,0x7f,0x01,0x66,0x19,0xfa,0xc9,0x9f,
    0x5a,0x51,0x18,0x6e,0x40,0x0d,0x3b,0x39,0x83,0x4a,0x0d,0xd3,0x17,0xf0,0x04,0x42,0x54,0x20,0xec,0x2c,0x81,0x3f,0x0d,0x54,
    0x10,0x42,0x3f,0x81,0xa0,0xc1,0x4f,0xb3,0x0c,0x22,0xf5,0x4f,0xa2,0x31,0xdc,0x40,0x8b,0x82,0xff,0x0b,0x60,0x30,0xcb,0x10,
    0x52,0x20,0x15,0x18,0x9f,0xcc,0xbe,0x00,0x82,0x11,0x83,0x03,0x00,0x41,0x30,0xe8,0x54,0x70,0x80,0x7d,0xe1,0x35,0x46,0x70,
    0x18,0x31,0x38,0x00,0x10,0x04,0x83,0x6e,0x05,0x07,0xd8,0x17,0x02,0x61,0x96,0x60,0xa4,0xea,0x4f,0x4c,0x70,0xb8,0x92,0x8d,
    0xc0,0x2c,0x10,0x40,0x50,0xc1,0x60,0xc3,0x0d,0xc1,0xa8,0xa0,0x41,0x15,0xbb,0x2f,0x40,0x05,0x43,0x4c,0x37,0x10,0xc1,0x30,
    0x4b,0x30,0x52,0x95,0x1b,0xa7,0x62,0x16,0xa0,0x0a,0x08,0x2a,0x48,0x15,0x9b,0x25,0x18,0xa9,0x81,0x0e,0x42,0x10,0x29,0x0c,
    0xa4,0x90,0x90,0x9a,0x65,0x20,0xa9,0x92,0xfa,0x8b,0xe1,0x86,0x28,0x06,0x87,0x30,0x18,0x6e,0xb8,0x64,0x70,0x40,0x83,0x0a,
    0x84,0x1d,0x6e,0xc8,0x5a,0xe5,0x0c,0x2a,0x10,0xf6,0x02,0x42,0xcc,0x12,0x94,0xd4,0x40,0x05,0x21,0x90,0x94,0x1b,0x8c,0xd4,
    0x2c,0x43,0x4a,0x99,0x94,0x5f,0x0c,0x37,0x9c,0x46,0x0d,0x0e,0x60,0x30,0xcb,0x80,0x52,0x27,0x15,0x98,0xac,0xa8,0xbf,0x00,
    0x82,0x11,0x83,0x03,0x00,0x41,0x30,0xe8,0xc2,0x70,0x38,0x7f,0xe1,0xd3,0xc1,0x61,0xc4,0xe0,0x00,0x40,0x10,0x0c,0x3a,0x31,
    0x1c,0xce,0x5f,0x08,0x84,0x59,0x02,0x95,0xaa,0x5a,0xe9,0xc1,0xe1,0x4a,0x0c,0x02,0xb3,0x40,0x00,0x41,0x05,0x83,0x0d,0x37,
    0x04,0xb9,0x82,0x06,0x55,0xc8,0xbf,0x00,0x15,0x0c,0x31,0xdd,0x40,0x04,0xc3,0x2c,0x81,0x4a,0x55,0x1a,0xf4,0x8a,0x59,0xe0,
    0x2b,0x20,0xa8,0xe0,0x57,0x6c,0x96,0x40,0xa5,0x06,0x3a,0x08,0x21,0xa5,0xb0,0x93,0x42,0x50,0x6a,0xb8,0x21,0x42,0xc3,0x21,
    0x0c,0x2e,0x20,0xc4,0x2c,0xc3,0x4a,0xb1,0xd4,0x5e,0x0c,0x37,0xd0,0x87,0x1a,0x0e,0x68,0x50,0xc1,0xb0,0xc3,0x0d,0xf6,0x41,
    0x2e,0x67,0x50,0x81,0xb0,0x17,0x10,0x62,0x96,0x80,0xa5,0x06,0x2a,0x08,0x61,0xa5,0x18,0x95,0x9a,0x65,0x80,0xa9,0x96,0xd2,
    0x8b,0xe1,0x06,0xd1,0x68,0xc3,0x01,0x0c,0x66,0x19,0x5e,0xca,0xa5,0x02,0x4b,0x17,0x11,0x1c,0x40,0x30,0x62,0x70,0x00,0x20,
    0x08,0x06,0x5d,0x1e,0x0e,0xff,0x2f,0xf0,0x87,0x1c,0x0e,0x23,0x06,0x07,0x00,0x82,0x60,0xd0,0xe9,0xe1,0xf0,0xff,0x42,0x20,
    0xcc,0x12,0xc4,0x54,0xb1,0x4b,0x1d,0x0e,0x57,0xff,0x11,0x98,0x05,0x02,0x08,0x2a,0x18,0x6c,0xb8,0x21,0x80,0x17,0x34,0xa8,
    0x42,0x05,0x07,0xa8,0x60,0x88,0xe9,0x06,0x22,0x18,0x66,0x09,0x62,0xaa,0x4c,0x84,0x5e,0xcc,0x82,0x7a,0x01,0x41,0x05,0xf6,
    0x62,0xb3,0x04,0x31,0x35,0xd0,0x41,0x08,0x30,0x85,0xb9,0x14,0xf2,0x52,0xc3,0x0d,0x11,0x28,0x0e,0x60,0x30,0xcb,0x20,0x53,
    0x33,0x15,0x8c,0x18,0x34,0x00,0x08,0x82,0x41,0x18,0x98,0xe2,0x80,0x82,0x03,0x1f,0x0b,0xf7,0x19,0xc4,0x81,0x26,0xc4,0xe0,
    0x10,0x83,0x43,0x0c,0x0e,0xa3,0x09,0x01,0x30,0x9a,0x20,0x04,0xa3,0x09,0x83,0x30,0x9a,0x40,0x0c,0xb3,0x04,0x34,0x55,0xa5,
    0x2c,0xb8,0xe0,0x00,0x23,0x06,0x07,0x00,0x82,0x60,0x60,0x06,0xaa,0x38,0xc8,0xe0,0x00,0xfb,0x42,0x30,0x9a,0x10,0x00,0xa3,
    0x09,0x42,0x30,0x9a,0x30,0x08,0xa3,0x09,0xc4,0x30,0x4b,0x40,0x53,0x03,0x15,0x03,0x32,0x53,0x94,0x4c,0x0d,0x54,0x0c,0xc8,
    0x4c,0x51,0x32,0x35,0x50,0x31,0x20,0x33,0x45,0xc9,0xd4,0x40,0xc5,0x80,0xcc,0x14,0x25,0x53,0x76,0x17,0x79,0x21,0x1f,0x2b,
    0x02,0xf9,0x58,0x21,0xc8,0xc7,0x8a,0x41,0x3e,0x56,0x10,0xf2,0x99,0x65,0xa8,0x29,0x9b,0x32,0x4b,0x61,0xb8,0xa1,0x2e,0x5e,
    0xe6,0x0c,0xca,0x2e,0x7e,0x70,0xc0,0x13,0x08,0x51,0x81,0xb0,0xb3,0x04,0x36,0x35,0x50,0x41,0x08,0x35,0x25,0x97,0x06,0x4d,
    0xcd,0x32,0xe8,0xd4,0x4d,0xed,0xc8,0x70,0x43,0x5b,0x0a,0xb7,0x38,0x80,0xc1,0x2c,0x43,0x4e,0xe1,0x54,0x60,0x35,0xc3,0x86,
    0x03,0x08,0x46,0x0c,0x0e,0x00,0x04,0xc1,0xa0,0x1b,0xc7,0x21,0x0d,0x07,0xbe,0xe0,0xc5,0x61,0xc4,0xe0,0x00,0x40,0x10,0x0c,
    0x3a,0x72,0x1c,0xd2,0x70,0x08,0x84,0x59,0x82,0x9d,0x2a,0x9c,0xf9,0xc5,0xe1,0xea,0x2f,0x02,0xb3,0x40,0x00,0x41,0x05,0x83,
    0x0d,0x37,0x04,0x3c,0x83,0x06,0x55,0xd0,0xe1,0x00,0x15,0x0c,0x31,0xdd,0x40,0x04,0xc3,0x2c,0xc1,0x4e,0x95,0x69,0x80,0x8d,
    0x59,0x10,0x36,0x20,0xa8,0x40,0x6c,0x6c,0x96,0x60,0xa7,0x06,0x3a,0x08,0x41,0xa7,0x30,0x9c,0x42,0x72,0x6a,0x96,0x81,0xa7,
    0x7a,0x0a,0x47,0x86,0x1b,0x22,0x75,0x1c,0xc2,0x60,0xb8,0x01,0x1e,0xd6,0x71,0x40,0x83,0x0a,0x84,0x1d,0x6e,0x90,0x07,0xb3,
    0x39,0x83,0x0a,0x84,0xbd,0x80,0x10,0xb3,0x04,0x3d,0x35,0x50,0x41,0x08,0x3c,0xe5,0x06,0x3b,0x35,0xcb,0x10,0x56,0x3e,0x75,
    0x23,0xc3,0x0d,0x60,0xe2,0x8e,0x03,0x18,0xcc,0x32,0x80,0xd5,0x4f,0x05,0xb6,0x36,0xa3,0x38,0x80,0x60,0xc4,0xe0,0x00,0x40,
    0x10,0x0c,0x3a,0x7d,0x1c,0x40,0x71,0xc0,0x87,0x79,0x1c,0x46,0x0c,0x0e,0x00,0x04,0xc1,0xa0,0xdb,0xc7,0x01,0x14,0x87,0x40,
    0x98,0x25,0x10,0xab,0x72,0x1b,0x7b,0x1c,0xae,0xf6,0x21,0x30,0x0b,0x04,0x10,0x54,0x30,0xd8,0x70,0x43,0x20,0x37,0x68,0x50,
    0xc5,0x2a,0x0e,0x50,0xc1,0x10,0xd3,0x0d,0x44,0x30,0xcc,0x12,0x88,0x55,0x89,0x84,0xdd,0x98,0x05,0x77,0x03,0x82,0x0a,0xf0,
    0xc6,0x66,0x09,0xc4,0x6a,0xa0,0x83,0x10,0xc2,0x0a,0xfb,0x29,0x04,0xac,0x86,0x1b,0xa2,0x90,0x1c,0xc2,0xe0,0x02,0x42,0xcc,
    0x32,0x8c,0x15,0x59,0xd1,0xc8,0x70,0x43,0xab,0x8c,0xe4,0x80,0x06,0x15,0x0c,0x3b,0xdc,0xf0,0x2a,0x7d,0x73,0x06,0x15,0x08,
    0x7b,0x01,0x21,0x66,0x09,0xc8,0x6a,0xa0,0x82,0x10,0xc6,0x8a,0x11,0xab,0x59,0x06,0xb4,0x2a,0xab,0x19,0x19,0x6e,0xd8,0x11,
    0x93,0x1c,0xc0,0x60,0x96,0xe1,0xac,0xcc,0x2a,0x30,0xd1,0xd9,0xc5,0x01,0x04,0x23,0x06,0x07,0x00,0x82,0x60,0xd0,0xc9,0xe4,
    0x80,0x8b,0x43,0xad,0xac,0xe4,0x30,0x62,0x70,0x00,0x20,0x08,0x06,0xdd,0x4c,0x0e,0xb8,0x38,0x04,0xc2,0x2c,0x41,0x5a,0x55,
    0xe9,0xb8,0xe4,0x70,0x85,0x2b,0x81,0x59,0x20,0x80,0xa0,0x82,0xc1,0x86,0x1b,0x82,0xd4,0x41,0x83,0x2a,0xc6,0x71,0x80,0x0a,
    0x86,0x98,0x6e,0x20,0x82,0x61,0x96,0x20,0xad,0xea,0x57,0x5a,0xc7,0x2c,0x70,0x1d,0x10,0x54,0xf0,0x3a,0x36,0x4b,0x90,0x56,
    0x03,0x1d,0x84,0x80,0x56,0x98,0x59,0x21,0x67,0x35,0xdc,0x10,0xe5,0xe4,0x00,0x06,0xb3,0x0c,0x6a,0xb5,0x56,0xc1,0x88,0x41,
    0x03,0x80,0x20,0x18,0x84,0xc1,0x4f,0x0e,0xe1,0x38,0xd4,0xb4,0x00,0xab,0x41,0x1c,0x68,0x82,0x3a,0x0e,0xea,0x38,0xa8,0xe3,
    0x30,0x9a,0x10,0x00,0xa3,0x09,0x42,0x30,0x9a,0x30,0x08,0xa3,0x09,0xc4,0x30,0x4b,0xc0,0x56,0xe5,0xd3,0xc2,0x39,0x0e,0x30,
    0x62,0x70,0x00,0x20,0x08,0x06,0x66,0x30,0x96,0xc3,0x3a,0x0e,0x69,0x38,0x04,0xa3,0x09,0x01,0x30,0x9a,0x20,0x04,0xa3,0x09,
    0x83,0x30,0x9a,0x40,0x0c,0xb3,0x04,0x6c,0x35,0x50,0x31,0x20,0x6b,0x45,0xa9,0xd5,0x40,0xc5,0x80,0xac,0x15,0xa5,0x56,0x03,
    0x15,0x03,0xb2,0x56,0x94,0x5a,0x0d,0x54,0x0c,0xc8,0x5a,0x51,0x6a,0x65,0x30,0x22,0x2f,0xf2,0xb1,0x22,0x90,0x8f,0x15,0x82,
    0x7c,0xac,0x18,0xe4,0x63,0x05,0x21,0x9f,0xc2,0x97,0xb7,0x1c,0x60,0x96,0xa1,0xad,0xdc,0x0a,0x44,0x85,0xe1,0x86,0x7d,0x49,
    0x9f,0x33,0x28,0x7e,0xc9,0xc7,0x01,0x4f,0x20,0x44,0x05,0xc2,0xce,0x12,0xb8,0xd5,0x40,0x05,0x21,0xb4,0x95,0xb9,0x1a,0x6c,
    0x35,0xcb,0x20,0x57,0x6f,0x55,0x2f,0xc3,0x0d,0x27,0x2a,0xc4,0xe5,0x00,0x06,0xb3,0x0c,0x71,0x05,0x57,0x81,0xbd,0x8f,0x49,
    0x0e,0x20,0x18,0x31,0x38,0x00,0x10,0x04,0x83,0xae,0x2f,0x87,0x91,0x1c,0x44,0xc6,0x2e,0x87,0x11,0x83,0x03,0x00,0x41,0x30,
    0xe8,0xfc,0x72,0x18,0xc9,0x21,0x10,0x66,0x09,0xe6,0xaa,0xe4,0x27,0x2f,0x87,0xab,0x92,0x09,0xcc,0x02,0x01,0x04,0x15,0x0c,
    0x36,0xdc,0x10,0xd8,0x0f,0x1a,0x54,0xe1,0x92,0x03,0x54,0x30,0xc4,0x74,0x03,0x11,0x0c,0xb3,0x04,0x73,0x55,0x2c,0xa3,0x3f,
    0x66,0xc1,0xfe,0x80,0xa0,0x02,0xfe,0xb1,0x59,0x82,0xb9,0x1a,0xe8,0x20,0x04,0xb9,0xc2,0xe0,0x0a,0x89,0xab,0x59,0x06,0xba,
    0xaa,0x2b,0x79,0x19,0x6e,0x88,0x48,0x73,0x08,0x83,0xe1,0x06,0x98,0x29,0xcd,0x01,0x0d,0x2a,0x10,0x76,0xb8,0x41,0x66,0x40,
    0xe8,0x0c,0x2a,0x10,0xf6,0x02,0x42,0xcc,0x12,0xd4,0xd5,0x40,0x05,0x21,0xd0,0x95,0x1b,0xcc,0xd5,0x2c,0x43,0x5e,0xd9,0x55,
    0xbc,0x0c,0x37,0xe8,0x0b,0x6a,0x0e,0x60,0x30,0xcb,0x80,0x57,0x77,0x15,0x58,0x09,0xf5,0xe4,0x00,0x82,0x11,0x83,0x03,0x00,
    0x41,0x30,0xe8,0x68,0x73,0xd0,0xc9,0x01,0x67,0x5a,0x73,0x18,0x31,0x38,0x00,0x10,0x04,0x83,0xae,0x36,0x07,0x9d,0x1c,0x02,
    0x61,0x96,0x40,0xaf,0x0a,0x85,0x60,0x73,0xb8,0xda,0x99,0xc0,0x2c,0x10,0x40,0x50,0xc1,0x60,0xc3,0x0d,0x01,0x0b,0xa1,0x41,
    0x15,0x65,0x39,0x40,0x05,0x43,0x4c,0x37,0x10,0xc1,0x30,0x4b,0xa0,0x57,0x25,0x36,0x30,0x64,0x16,0xc4,0x10,0x08,0x2a,0x90,
    0x21,0x9b,0x25,0xd0,0xab,0x81,0x0e,0x42,0xc8,0x2b,0xec,0xae,0x10,0xbc,0x1a,0x6e,0x88,0x76,0x73,0x08,0x83,0x0b,0x08,0x31,
    0xcb,0xb0,0x57,0x7c,0xe5,0x2e,0xc3,0x0d,0x6f,0xd0,0x9b,0x03,0x1a,0x54,0x30,0xec,0x70,0x43,0x1c,0xdc,0xd0,0x19,0x54,0x20,
    0xec,0x05,0x84,0x98,0x25,0xe0,0xab,0x81,0x0a,0x42,0xd8,0x2b,0x46,0xaf,0x66,0x19,0x40,0xab,0xaf,0xda,0x65,0xb8,0xa1,0x5e,
    0xc0,0x73,0x00,0x83,0x59,0x86,0xbf,0xf2,0xab,0xc0,0x78,0xa8,0x2e,0x07,0x10,0x8c,0x18,0x1c,0x00,0x08,0x82,0x41,0xc7,0x9e,
    0x83,0x5c,0x0e,0x77,0x50,0x9e,0xc3,0x88,0xc1,0x01,0x80,0x20,0x18,0x74,0xed,0x39,0xc8,0xe5,0x10,0x08,0xb3,0x04,0xa1,0x55,
    0x3f,0x84,0x9e,0xc3,0x95,0x1e,0x04,0x66,0x81,0x00,0x82,0x0a,0x06,0x1b,0x6e,0x08,0xc6,0x08,0x0d,0xaa,0xe8,0xcb,0x01,0x2a,
    0x18,0x62,0xba,0x81,0x08,0x86,0x59,0x82,0xd0,0xaa,0x50,0x38,0x23,0xb3,0x00,0x8d,0x40,0x50,0x41,0x1a,0xd9,0x2c,0x41,0x68,
    0x0d,0x74,0x10,0x02,0x68,0x61,0x7e,0x85,0xfc,0xd5,0x70,0x43,0x34,0x9f,0x03,0x18,0xcc,0x32,0x88,0xd6,0x68,0x05,0x23,0x06,
    0x0d,0x00,0x82,0x60,0x10,0x06,0xf9,0x39,0xec,0xe5,0xf0,0xde,0x82,0xda,0x06,0x71,0xa0,0x09,0xa4,0x39,0x90,0xe6,0x40,0x9a,
    0xc3,0x68,0x42,0x00,0x8c,0x26,0x08,0xc1,0x68,0xc2,0x20,0x8c,0x26,0x10,0xc3,0x2c,0x01,0x69,0x15,0x7e,0x0b,0xa1,0x39,0xc0,
    0x88,0xc1,0x01,0x80,0x20,0x18,0x98,0x41,0x7f,0x0e,0xa5,0x39,0x8c,0xe4,0x10,0x8c,0x26,0x04,0xc0,0x68,0x82,0x10,0x8c,0x26,
    0x0c,0xc2,0x68,0x02,0x31,0xcc,0x12,0x90,0xd6,0x40,0xc5,0x80,0x8c,0x16,0x25,0x5a,0x03,0x15,0x03,0x32,0x5a,0x94,0x68,0x0d,
    0x54,0x0c,0xc8,0x68,0x51,0xa2,0x35,0x50,0x31,0x20,0xa3,0x45,0x89,0x96,0x11,0xe9,0x22,0x1f,0x23,0xd4,0x45,0x3e,0x46,0xac,
    0x8b,0x7c,0x8c,0x60,0x17,0xf9,0xcc,0x32,0x94,0x96,0x69,0xe1,0xaa,0x30,0xdc,0x70,0x2e,0xa1,0x74,0x06,0x85,0x2e,0xb1,0x39,
    0xe0,0x09,0x84,0xa8,0x40,0xd8,0x59,0x02,0xd3,0x1a,0xa8,0x20,0x84,0xd2,0xb2,0x61,0x83,0xb4,0x66,0x19,0x54,0xeb,0xb4,0x5a,
    0x67,0xb8,0xe1,0x57,0x85,0x14,0x1d,0xc0,0x60,0x96,0x21,0xb5,0x50,0x2b,0xb0,0x53,0xf2,0xcd,0x01,0x04,0x23,0x06,0x07,0x00,
    0x82,0x60,0xd0,0xd5,0xe8,0xb0,0x9b,0x83,0xbb,0xb8,0xe8,0x30,0x62,0x70,0x00,0x20,0x08,0x06,0x9d,0x8d,0x0e,0xbb,0x39,0x04,
    0xc2,0x2c,0xc1,0x6a,0x95,0x2a,0xc5,0xe8,0x70,0x15,0x2f,0x81,0x59,0x20,0x80,0xa0,0x82,0xc1,0x86,0x1b,0x02,0x57,0x42,0x83,
    0x2a,0xcc,0x73,0x80,0x0a,0x86,0x98,0x6e,0x20,0x82,0x61,0x96,0x60,0xb5,0x0a,0x5f,0x64,0xc9,0x2c,0x98,0x25,0x10,0x54,0x40,
    0x4b,0x36,0x4b,0xb0,0x5a,0x03,0x1d,0x84,0xa0,0x5a,0x18,0x6a,0x21,0xa9,0x35,0xcb,0xc0,0x5a,0xad,0xa5,0x3a,0xc3,0x0d,0x11,
    0x8f,0x0e,0x61,0x30,0xdc,0x80,0x3e,0x3d,0x3a,0xa0,0x41,0x05,0xc2,0x0e,0x37,0xa8,0x0f,0x2e,0x9d,0x41,0x05,0xc2,0x5e,0x40,
    0x88,0x59,0x82,0xd6,0x1a,0xa8,0x20,0x04,0xd6,0x72,0x83,0xd5,0x9a,0x65,0x88,0x2d,0xd7,0x4a,0x9d,0xe1,0x06,0xd9,0x01,0xd3,
    0x01,0x0c,0x66,0x19,0x60,0xeb,0xb5,0x02,0xeb,0xa5,0xfa,0x1c,0x40,0x30,0x62,0x70,0x00,0x20,0x08,0x06,0x1d,0x9b,0x0e,0xf2,
    0x39,0xc0,0x4f,0x99,0x0e,0x23,0x06,0x07,0x00,0x82,0x60,0xd0,0xb5,0xe9,0x20,0x9f,0x43,0x20,0xcc,0x12,0xc8,0x56,0x81,0x13,
    0x9a,0x0e,0x57,0xf3,0x13,0x98,0x05,0x02,0x08,0x2a,0x18,0x6c,0xb8,0x21,0x20,0x27,0x34,0xa8,0xa2,0x3f,0x07,0xa8,0x60,0x88,
    0xe9,0x06,0x22,0x18,0x66,0x09,0x64,0xab,0xf4,0x07,0x9d,0xcc,0x82,0x74,0x02,0x41,0x05,0xea,0x64,0xb3,0x04,0xb2,0x35,0xd0,
    0x41,0x08,0xb1,0x85,0xbd,0x16,0x02,0x5b,0xc3,0x0d,0xd1,0x9c,0x0e,0x61,0x70,0x01,0x21,0x66,0x19,0x66,0x8b,0xb6,0x4c,0x67,
    0xb8,0xe1,0x24,0xea,0x74,0x40,0x83,0x0a,0x86,0x1d,0x6e,0x48,0x89,0x77,0x3a,0x83,0x0a,0x84,0xbd,0x80,0x10,0xb3,0x04,0xb4,
    0x35,0x50,0x41,0x08,0xb3,0xc5,0xc8,0xd6,0x2c,0x03,0x6e,0xd5,0x56,0xe9,0x0c,0x37,0xb4,0x0e,0x9e,0x0e,0x60,0x30,0xcb,0x70,
    0x5b,0xb6,0x15,0x18,0x3d,0xb5,0xe8,0x00,0x82,0x11,0x83,0x03,0x00,0x41,0x30,0xe8,0x48,0x75,0x50,0xd1,0xe1,0x25,0xfa,0x74,
    0x18,0x31,0x38,0x00,0x10,0x04,0x83,0xae,0x54,0x07,0x15,0x1d,0x02,0x61,0x96,0x20,0xb7,0xea,0x9e,0x40,0x75,0xb8,0x92,0x89,
    0xc0,0x2c,0x10,0x40,0x50,0xc1,0x60,0xc3,0x0d,0xc1,0x3e,0xa1,0x41,0x15,0x35,0x3a,0x40,0x05,0x43,0x4c,0x37,0x10,0xc1,0x30,
    0x4b,0x90,0x5b,0x95,0x13,0xff,0x64,0x16,0x80,0x14,0x08,0x2a,0x08,0x29,0x9b,0x25,0xc8,0xad,0x81,0x0e,0x42,0xc0,0x2d,0xcc,
    0xb6,0x90,0xdb,0x1a,0x6e,0x88,0x56,0x75,0x00,0x83,0x59,0x06,0xdd,0xda,0xad,0x60,0xc4,0xa0,0x01,0x40,0x10,0x0c,0xc2,0x20,
    0x56,0x87,0x19,0x1d,0x4e,0x5d,0x10,0xe1,0x20,0x0e,0x34,0x81,0x47,0x07,0x1e,0x1d,0x78,0x74,0x18,0x4d,0x08,0x80,0xd1,0x04,
    0x21,0x18,0x4d,0x18,0x84,0xd1,0x04,0x62,0x98,0x25,0xe0,0xad,0x82,0x75,0x21,0x47,0x07,0x18,0x31,0x38,0x00,0x10,0x04,0x03,
    0x33,0xa8,0xd5,0xa1,0x47,0x87,0xdd,0x1c,0x82,0xd1,0x84,0x00,0x18,0x4d,0x10,0x82,0xd1,0x84,0x41,0x18,0x4d,0x20,0x86,0x59,
    0x02,0xde,0x1a,0xa8,0x18,0x90,0xdd,0xa2,0x74,0x6b,0xa0,0x62,0x40,0x76,0x8b,0xd2,0xad,0x81,0x8a,0x01,0xd9,0x2d,0x4a,0xb7,
    0x06,0x2a,0x06,0x64,0xb7,0x28,0xdd,0x32,0xc2,0x5c,0xe4,0x63,0xc4,0xb9,0xc8,0xc7,0x08,0x74,0x91,0x8f,0x11,0xe9,0x22,0x9f,
    0x59,0x86,0xde,0xf2,0x2d,0xb8,0x15,0x86,0x1b,0xd6,0x28,0xa7,0xce,0xa0,0xd8,0x28,0x4d,0x07,0x3c,0x81,0x10,0x15,0x08,0x3b,
    0x4b,0xe0,0x5b,0x03,0x15,0x84,0xd0,0x5b,0xa6,0x6d,0xf0,0xd6,0x2c,0x83,0x78,0xfd,0x56,0x19,0x0d,0x37,0xdc,0xad,0x10,0xae,
    0x03,0x18,0xcc,0x32,0x84,0x17,0x78,0x05,0xf6,0x53,0x76,0x3a,0x80,0x60,0xc4,0xe0,0x00,0x40,0x10,0x0c,0xba,0x76,0x1d,0xe6,
    0x74,0x90,0x23,0x73,0x1d,0x46,0x0c,0x0e,0x00,0x04,0xc1,0xa0,0x73,0xd7,0x61,0x4e,0x87,0x40,0x98,0x25,0x18,0xaf,0x12,0xab,
    0x74,0x1d,0xae,0xea,0x28,0x30,0x0b,0x04,0x10,0x54,0x30,0xd8,0x70,0x43,0x60,0x56,0x68,0x50,0x85,0x9f,0x0e,0x50,0xc1,0x10,
    0xd3,0x0d,0x44,0x30,0xcc,0x12,0x8c,0x57,0xf1,0x91,0x5a,0x99,0x05,0x6b,0x05,0x82,0x0a,0xd8,0xca,0x66,0x09,0xc6,0x6b,0xa0,
    0x83,0x10,0xc4,0x0b,0x03,0x2f,0x24,0xbc,0x66,0x19,0xc8,0xab,0xbc,0xc4,0x68,0xb8,0x21,0xa2,0xd7,0x21,0x0c,0x86,0x1b,0xf4,
    0xa5,0x5e,0x07,0x34,0xa8,0x40,0xd8,0xe1,0x06,0x7e,0x81,0xab,0x33,0xa8,0x40,0xd8,0x0b,0x08,0x31,0x4b,0x50,0x5e,0x03,0x15,
    0x84,0x40,0x5e,0x6e,0x30,0x5e,0xb3,0x0c,0xe9,0x65,0x5e,0x61,0x34,0xdc,0xa0,0x46,0xf8,0x3a,0x80,0xc1,0x2c,0x03,0x7a,0x9d,
    0x57,0x60,0x75,0xd5,0xaa,0x03,0x08,0x46,0x0c,0x0e,0x00,0x04,0xc1,0xa0,0x23,0xd9,0x41,0x55,0x07,0x91,0xe9,0xd7,0x61,0xc4,
    0xe0,0x00,0x40,0x10,0x0c,0xba,0x92,0x1d,0x54,0x75,0x08,0x84,0x59,0x02,0xf5,0x2a,0xbc,0x02,0xd9,0xe1,0xaa,0x64,0x02,0xb3,
    0x40,0x00,0x41,0x05,0x83,0x0d,0x37,0x04,0x7c,0x85,0x06,0x55,0xd4,0xea,0x00,0x15,0x0c,0x31,0xdd,0x40,0x04,0xc3,0x2c,0x81,
    0x7a,0x15,0xcb,0x80,0x96,0x59,0x10,0x5a,0x20,0xa8,0x40,0xb4,0x6c,0x96,0x40,0xbd,0x06,0x3a,0x08,0x21,0xbd,0xb0,0xf3,0x42,
    0xd0,0x6b,0xb8,0x21,0x5a,0xd9,0x21,0x0c,0x2e,0x20,0xc4,0x2c,0xc3,0x7a,0xb1,0x97,0x0f,0x0d,0x37,0xfc,0x46,0xcb,0x0e,0x68,
    0x50,0xc1,0xb0,0xc3,0x0d,0xe1,0x71,0x5a,0x67,0x50,0x81,0xb0,0x17,0x10,0x62,0x96,0x80,0xbd,0x06,0x2a,0x08,0x61,0xbd,0x18,
    0xf5,0x9a,0x65,0x80,0xaf,0xf6,0xea,0xa1,0xe1,0x86,0x32,0x82,0xd9,0x01,0x0c,0x66,0x19,0xde,0xcb,0xbd,0x02,0x63,0xad,0x72,
    0x1d,0x40,0x30,0x62,0x70,0x00,0x20,0x08,0x06,0x1d,0xcf,0x0e,0xe2,0x3a,0x9c,0x47,0xcd,0x0e,0x23,0x06,0x07,0x00,0x82,0x60,
    0xd0,0xf5,0xec,0x20,0xae,0x43,0x20,0xcc,0x12,0xc4,0x57,0xbd,0x16,0xce,0x0e,0x57,0xea,0x11,0x98,0x05,0x02,0x08,0x2a,0x18,
    0x6c,0xb8,0x21,0x98,0x2d,0x34,0xa8,0xa2,0x5d,0x07,0xa8,0x60,0x88,0xe9,0x06,0x22,0x18,0x66,0x09,0xe2,0xab,0xe2,0xe3,0xb6,
    0xcc,0x02,0xdc,0x02,0x41,0x05,0xb9,0x65,0xb3,0x04,0xf1,0x35,0xd0,0x41,0x08,0xf0,0x85,0xb9,0x17,0xf2,0x5e,0xc3,0x0d,0xd1,
    0xd8,0x0e,0x60,0x30,0xcb,0x20,0x5f,0xf3,0x15,0x8c,0x18,0x34,0x00,0x08,0x82,0x41,0x18,0xa4,0xed,0xb0,0xae,0xc3,0xcf,0x0b,
    0xba,0x1c,0xc4,0x81,0x26,0xd0,0xeb,0x40,0xaf,0x03,0xbd,0x0e,0xa3,0x09,0x01,0x30,0x9a,0x20,0x04,0xa3,0x09,0x83,0x30,0x9a,
    0x40,0x0c,0xb3,0x04,0xf4,0x55,0x68,0x2f,0xc4,0xeb,0x00,0x23,0x06,0x07,0x00,0x82,0x60,0x60,0x06,0x6d,0x3b,0xd4,0xeb,0x30,
    0xa7,0x43,0x30,0x9a,0x10,0x00,0xa3,0x09,0x42,0x30,0x9a,0x30,0x08,0xa3,0x09,0xc4,0x30,0x4b,0x40,0x5f,0x03,0x15,0x03,0x32,
    0x5f,0x94,0x7c,0x0d,0x54,0x0c,0xc8,0x7c,0x51,0xf2,0x35,0x50,0x31,0x20,0xf3,0x45,0xc9,0xd7,0x40,0xc5,0x80,0xcc,0x17,0x25,
    0x5f,0x46,0xf0,0x90,0x7c,0x8c,0xe8,0x21,0xf9,0x18,0xe1,0x43,0xf2,0x31,0xe2,0x87,0xe4,0x33,0xcb,0x50,0x5f,0xf6,0x85,0xc2,
    0xc2,0x70,0xc3,0x0d,0xc5,0xd7,0x19,0x14,0x0e,0x85,0xec,0x80,0x27,0x10,0xa2,0x02,0x61,0x67,0x09,0xec,0x6b,0xa0,0x82,0x10,
    0xea,0xcb,0xde,0x0d,0xfa,0x9a,0x65,0xd0,0xaf,0xfb,0xea,0xa7,0xe1,0x86,0x17,0x16,0xf2,0x76,0x00,0x83,0x59,0x86,0xfc,0xc2,
    0xaf,0xc0,0xee,0xcb,0x65,0x07,0x10,0x8c,0x18,0x1c,0x00,0x08,0x82,0x41,0x57,0xba,0xc3,0xca,0x0e,0x3e,0xe4,0xb7,0xc3,0x88,
    0xc1,0x01,0x80,0x20,0x18,0x74,0xa6,0x3b,0xac,0xec,0x10,0x08,0xb3,0x04,0xfb,0x55,0xfa,0x15,0xba,0xc3,0x55,0x18,0x05,0x66,
    0x81,0x00,0x82,0x0a,0x06,0x1b,0x6e,0x08,0xfc,0x0b,0x0d,0xaa,0xb0,0xd9,0x01,0x2a,0x18,0x62,0xba,0x81,0x08,0x86,0x59,0x82,
    0xfd,0x2a,0x34,0x12,0x31,0xb3,0x60,0xc4,0x40,0x50,0x01,0x89,0xd9,0x2c,0xc1,0x7e,0x0d,0x74,0x10,0x82,0x7e,0x61,0xf8,0x85,
    0xe4,0xd7,0x2c,0x03,0x7f,0xf5,0x97,0x3e,0x0d,0x37,0x44,0xac,0x3b,0x84,0xc1,0x70,0x83,0xec,0xb4,0xee,0x80,0x06,0x15,0x08,
    0x3b,0xdc,0x40,0x3b,0x28,0x76,0x06,0x15,0x08,0x7b,0x01,0x21,0x66,0x09,0xfa,0x6b,0xa0,0x82,0x10,0xf8,0xcb,0x0d,0xf6,0x6b,
    0x96,0x21,0xc4,0xfc,0x2b,0x9f,0x86,0x1b,0x44,0x0a,0x76,0x07,0x30,0x98,0x65,0x00,0xb1,0xff,0x0a,0xac,0xc5,0xca,0x76,0x00,
    0xc1,0x88,0xc1,0x01,0x80,0x20,0x18,0x74,0xbc,0x3b,0x88,0xed,0xa0,0x3b,0xb5,0x3b,0x8c,0x18,0x1c,0x00,0x08,0x82,0x41,0xd7,
    0xbb,0x83,0xd8,0x0e,0x81,0x30,0x4b,0x20,0x62,0x05,0x63,0xb8,0x3b,0x5c,0xf5,0x4e,0x60,0x16,0x08,0x20,0xa8,0x60,0xb0,0xe1,
    0x86,0x80,0xc6,0xd0,0xa0,0x8a,0xb6,0x1d,0xa0,0x82,0x21,0xa6,0x1b,0x88,0x60,0x98,0x25,0x10,0xb1,0x22,0x1f,0x1c,0x33,0x0b,
    0x72,0x0c,0x04,0x15,0xe8,0x98,0xcd,0x12,0x88,0xd8,0x40,0x07,0x21,0x84,0x18,0xf6,0x5f,0x08,0x88,0x0d,0x37,0x44,0xe3,0x3b,
    0x84,0xc1,0x05,0x84,0x98,0x65,0x18,0x31,0x12,0xb3,0xa7,0xe1,0x86,0x3b,0x29,0xdf,0x01,0x0d,0x2a,0x18,0x76,0xb8,0x21,0x4f,
    0x7e,0xec,0x0c,0x2a,0x10,0xf6,0x02,0x42,0xcc,0x12,0x90,0xd8,0x40,0x05,0x21,0x8c,0x18,0x23,0x62,0xb3,0x0c,0x28,0x56,0x62,
    0xf5,0x34,0xdc,0xd0,0x4f,0xe8,0x3b,0x80,0xc1,0x2c,0xc3,0x89,0x99,0x58,0x60,0x64,0xd6,0xb7,0x03,0x08,0x46,0x0c,0x0e,0x00,
    0x04,0xc1,0xa0,0xa3,0xdf,0x41,0x6f,0x87,0x3f,0x69,0xdf,0x61,0xc4,0xe0,0x00,0x40,0x10,0x0c,0xba,0xfa,0x1d,0xf4,0x76,0x08,
    0x84,0x59,0x82,0x14,0xab,0x33,0x83,0xdf,0xe1,0x4a,0x54,0x02,0xb3,0x40,0x00,0x41,0x05,0x83,0x0d,0x37,0x04,0x6b,0x86,0x06,
    0x55,0x94,0xee,0x00,0x15,0x0c,0x31,0xdd,0x40,0x04,0xc3,0x2c,0x41,0x8a,0x55,0xaa,0xbc,0x99,0x59,0x00,0x67,0x20,0xa8,0x20,
    0xce,0x6c,0x96,0x20,0xc5,0x06,0x3a,0x08,0x01,0xc5,0x30,0x13,0x43,0x4e,0x6c,0xb8,0x21,0xda,0xdf,0x01,0x0c,0x66,0x19,0x54,
    0x6c,0xc5,0x82,0x11,0x83,0x06,0x00,0x41,0x30,0x08,0x83,0x10,0x1e,0x46,0x77,0xb8,0x7f,0x41,0xae,0x83,0x38,0xd0,0x04,0xd6,
    0x1d,0x58,0x77,0x60,0xdd,0x61,0x34,0x21,0x00,0x46,0x13,0x84,0x60,0x34,0x61,0x10,0x46,0x13,0x88,0x61,0x96,0x80,0xc5,0x0a,
    0x04,0x87,0xd4,0x1d,0x60,0xc4,0xe0,0x00,0x40,0x10,0x0c,0xcc,0xa0,0x84,0x87,0xd6,0x1d,0x56,0x76,0x08,0x46,0x13,0x02,0x60,
    0x34,0x41,0x08,0x46,0x13,0x06,0x61,0x34,0x81,0x18,0x66,0x09,0x58,0x6c,0xa0,0x62,0x40,0x56,0x8c,0x52,0xb1,0x81,0x8a,0x01,
    0x59,0x31,0x4a,0xc5,0x06,0x2a,0x06,0x64,0xc5,0x28,0x15,0x1b,0xa8,0x18,0x90,0x15,0xa3,0x54,0xcc,0x08,0xda,0x92,0x8f,0x11,
    0xb5,0x25,0x1f,0x23,0x6c,0x4b,0x3e,0x46,0xdc,0x96,0x7c,0x8c,0xe0,0x05,0xf8,0x58,0x80,0x5b,0xf2,0x31,0xbb,0x70,0x11,0xf8,
    0x58,0x20,0xc0,0xc7,0x02,0xdd,0x92,0x8f,0xa9,0xcb,0xe8,0xc0,0xc7,0x82,0xde,0x92,0x8f,0xfd,0x90,0x3e,0xc1,0xc7,0x02,0x01,
    0x3e,0x16,0x14,0xf0,0xb1,0xa6,0x1c,0xe0,0x63,0x81,0x78,0xc9,0xc7,0xfe,0xe2,0x46,0xe0,0x63,0x81,0x00,0x1f,0x0b,0xc8,0x4b,
    0x3e,0x36,0x2f,0xac,0x03,0x1f,0x0b,0xce,0x4b,0x3e,0x86,0x46,0x23,0x05,0x1f,0x0b,0x04,0xf8,0x58,0x50,0xc0,0xc7,0x2c,0x77,
    0x80,0x8f,0x05,0xec,0x25,0x1f,0x43,0x0d,0x30,0x81,0x8f,0x05,0x02,0x7c,0x2c,0x70,0x2f,0xf9,0x18,0xbf,0xd4,0x0e,0x7c,0x2c,
    0x88,0x2f,0xf9,0x58,0x1c,0xb1,0x14,0x7c,0x2c,0x10,0xe0,0x63,0x41,0x01,0x1f,0xfb,0xee,0x01,0x3e,0x16,0xd8,0x97,0x7c,0x2c,
    0x36,0xd2,0x04,0x3e,0x16,0x08,0xf0,0xb1,0x00,0xbf,0xe4,0x63,0x25,0xe3,0x3b,0xf0,0xb1,0x60,0xbf,0xe4,0x63,0x7a,0x54,0x53,
    0xf0,0xb1,0x40,0x80,0x8f,0x05,0x05,0x7c,0x66,0x09,0x5a,0x6c,0xa0,0x63,0x20,0xe3,0x40,0x95,0x74,0x38,0x58,0x25,0x3f,0x60,
    0xb1,0x81,0x8e,0x81,0x8c,0x03,0x55,0xd2,0xe1,0x60,0x95,0xd8,0x80,0xc5,0x06,0x3a,0x06,0x32,0x0e,0x54,0x49,0x87,0x83,0x55,
    0xd2,0x58,0x6c,0xa0,0x63,0x20,0xe3,0x40,0x95,0x74,0x38,0x58,0x25,0x84,0xc5,0x4c,0xdf,0x88,0xf8,0x98,0xbe,0x11,0xf1,0x31,
    0x7d,0x23,0xe2,0x63,0xfa,0x46,0xc4,0xc7,0x88,0xf8,0x0e,0xe4,0x63,0x84,0x7c,0x07,0xf2,0x31,0x62,0xbe,0x03,0xf9,0x18,0x41,
    0xdf,0x81,0x7c,0x8c,0x60,0xe0,0x63,0x04,0x03,0x1f,0x23,0x18,0xf8,0x18,0xc1,0xc0,0x67,0x96,0x00,0xc7,0x46,0x0c,0x1e,0x00,
    0x04,0xc1,0x00,0x8b,0xe5,0x81,0x84,0x07,0x51,0x1c,0x48,0x71,0x80,0xc9,0xe1,0x25,0x07,0x97,0x1c,0xc8,0x77,0x38,0xe5,0xe1,
    0x94,0x87,0x53,0x1e,0x52,0x5a,0x18,0x4d,0x08,0x80,0xd1,0x04,0x21,0x18,0x4d,0x18,0x84,0xd1,0x04,0x62,0x98,0x25,0xc0,0xb1,
    0xe1,0x06,0x16,0x1d,0x52,0x79,0x00,0x83,0xe1,0x06,0x16,0x1d,0x5a,0x79,0x08,0x83,0x0a,0x04,0x9d,0x65,0x80,0x31,0x1c,0x0b,
    0x86,0x1b,0xf0,0x72,0x78,0xe5,0x01,0x0c,0x66,0x19,0x62,0x4c,0xc6,0x82,0x11,0x03,0x08,0x00,0x41,0x30,0xb0,0x72,0x79,0x88,
    0xe1,0x41,0x7c,0x07,0xdd,0x1d,0x72,0x72,0xc0,0xc9,0xa1,0x7d,0x87,0xf6,0x1d,0x60,0x79,0x80,0xe5,0x01,0x8c,0x87,0x9b,0x1c,
    0xda,0x77,0x18,0x4d,0x08,0x80,0x59,0x02,0x1c,0x1b,0x6e,0xd8,0xcb,0x61,0x96,0x07,0x30,0x98,0x65,0x98,0x31,0x1a,0x0b,0x46,
    0x0c,0x20,0x00,0x04,0xc1,0xc0,0xe2,0xe5,0x81,0x86,0x07,0xf3,0x1d,0x7c,0x77,0xe0,0xc9,0x61,0x27,0x07,0xf8,0x1d,0xe0,0x77,
    0x98,0xe5,0x61,0x96,0x87,0x31,0x1e,0x74,0x72,0x80,0xdf,0x61,0x34,0x21,0x00,0x66,0x09,0x70,0x6c,0xb8,0xc1,0x2f,0x07,0x59,
    0x1e,0xc0,0x60,0x96,0xa1,0xc6,0x6c,0x2c,0x18,0x31,0x80,0x00,0x10,0x04,0x03,0xeb,0x97,0x87,0x1b,0x1e,0xd4,0x77,0x10,0xdf,
    0xe1,0x27,0x07,0x9f,0x1c,0xe6,0x77,0x98,0xdf,0xc1,0x96,0x07,0x5b,0x1e,0xcc,0x78,0xe8,0xc9,0x61,0x7e,0x87,0xd1,0x84,0x00,
    0x98,0x25,0xc0,0xb1,0xe1,0x86,0xd0,0x1c,0x66,0x79,0x00,0x83,0x59,0x86,0x1b,0xc3,0xb1,0x60,0xc4,0x00,0x02,0x40,0x10,0x0c,
    0x2c,0x71,0x1e,0x74,0x78,0x70,0xdf,0xc1,0x7c,0x07,0xb1,0x1c,0xc2,0x72,0xb0,0xdf,0xc1,0x7e,0x87,0x5c,0x1e,0x72,0x79,0x48,
    0xe3,0x01,0x2c,0x07,0xfb,0x1d,0x46,0x13,0x02,0x60,0x96,0x00,0xc7,0x06,0x2a,0x83,0xc1,0x45,0x8d,0x3b,0x10,0x51,0x23,0x0f,
    0xec,0xd3,0xd8,0x03,0xf6,0x34,0xf8,0x80,0xfd,0x8d,0x33,0x60,0xd7,0x02,0x1f,0x4c,0xb5,0xd0,0x07,0x33,0x70,0x31,0x38,0x68,
    0x31,0x54,0x2c,0x6c,0xc2,0x0f,0x8b,0x9b,0x60,0x7f,0xe3,0xc5,0xc4,0x79,0xc0,0x15,0x2a,0xc6,0x9c,0x19,0x43,0x6a,0x4c,0xb8,
    0x31,0xf6,0x37,0x6c,0x6c,0xa0,0x32,0x18,0x5c,0xd4,0xb8,0x03,0x11,0x35,0xf2,0xc0,0x3e,0x8d,0x3d,0x60,0x4f,0x83,0x0f,0xdc,
    0xdf,0x38,0x03,0x76,0x2d,0xf0,0xc1,0x54,0x0b,0x7d,0x30,0x03,0x17,0x83,0x83,0x16,0x43,0xc5,0xc2,0x26,0xfc,0xb0,0xb8,0x09,
    0xf7,0x37,0x5e,0x0c,0x96,0x07,0x5c,0xb1,0x62,0x0c,0x9a,0x31,0xa5,0xc6,0x88,0x1b,0x73,0x7f,0xc3,0xc6,0x06,0x2a,0x83,0xc1,
    0x45,0x8d,0x3b,0x10,0x51,0x23,0x0f,0xec,0xd3,0xd8,0x03,0xf6,0x34,0xf8,0x00,0xfe,0x8d,0x33,0x60,0xd7,0x02,0x1f,0x4c,0xb5,
    0xd0,0x07,0x33,0x70,0x31,0x38,0x68,0x31,0x54,0x2c,0x6c,0xc2,0x0f,0x8b,0x9b,0x80,0x7f,0xe3,0xc5,0xfc,0x78,0xc0,0x15,0x2c,
    0xc6,0xa4,0x19,0x63,0x6a,0xcc,0xb8,0x31,0xf8,0x37,0x6c,0x6c,0xa0,0x32,0x18,0x5c,0xd4,0xb8,0x03,0x11,0x35,0xf2,0xc0,0x3e,
    0x8d,0x3d,0x60,0x4f,0x83,0x0f,0xe0,0xdf,0x38,0x03,0x76,0x2d,0xf0,0xc1,0x54,0x0b,0x7d,0x30,0x03,0x17,0x83,0x83,0x16,0x43,
    0xc5,0xc2,0x26,0xfc,0xb0,0xb8,0x09,0xf9,0x37,0x5e,0x8c,0x8d,0x07,0x5c,0xd1,0x62,0x8c,0x9a,0x31,0xa7,0xc6,0x90,0x1b,0x93,
    0x7f,0xc3,0xc6,0x86,0x1b,0x74,0x76,0x50,0xe1,0x01,0x0c,0x2a,0x60,0xcf,0x41,0x67,0x19,0x72,0x4c,0xc7,0x02,0xc3,0xd9,0xe1,
    0x85,0x07,0x18,0x8c,0x18,0x1c,0x00,0x08,0x82,0x81,0x19,0x94,0xf3,0xd0,0xc6,0xc3,0xfa,0x0e,0xc1,0x68,0x42,0x00,0x58,0x10,
    0xb6,0x83,0x7c,0x46,0x13,0x86,0xc0,0x84,0x00,0x3e,0x23,0x06,0x07,0x00,0x82,0x60,0x10,0xcd,0xf3,0x60,0xc7,0x43,0x20,0xc2,
    0xc3,0x88,0xc1,0x01,0x80,0x20,0x18,0x44,0xf4,0x3c,0xd8,0xf1,0x10,0x88,0xf0,0x60,0x81,0x23,0x1f,0x13,0x1c,0xf9,0xd8,0xe0,
    0xc8,0xc7,0x08,0x47,0x3e,0xb3,0x04,0x3a,0x36,0x50,0x31,0x20,0x39,0x46,0x06,0x38,0x36,0x50,0x31,0x20,0x39,0x46,0x06,0x38,
    0x36,0x50,0x31,0x20,0x39,0x46,0x06,0x38,0x36,0x50,0x31,0x20,0x39,0x46,0x06,0x38,0x36,0xdc,0xc0,0xb6,0x03,0x1a,0x0f,0x60,
    0x50,0x01,0x9c,0x0e,0x3a,0xdc,0xd0,0xb6,0x83,0x1a,0x0f,0x60,0x50,0x81,0x9c,0x0e,0x3a,0xdc,0xd0,0xaf,0x43,0x3d,0x0f,0x60,
    0x30,0xcb,0x30,0x66,0x3b,0x16,0x0c,0x37,0xf8,0xeb,0x70,0xcf,0x03,0x18,0xcc,0x32,0xf0,0x58,0x8f,0x05,0xa6,0xf8,0xed,0x20,
    0x1f,0x53,0xfc,0x76,0x90,0x8f,0x29,0x7e,0x3b,0xc8,0xc7,0x14,0xbf,0x1d,0xe4,0x33,0xdd,0x40,0x88,0xee,0x90,0x4c,0x37,0x10,
    0xa2,0x3b,0x28,0xd3,0x0d,0x84,0xe8,0x0e,0xcb,0x74,0x03,0x21,0xba,0x03,0x33,0x4b,0x30,0x66,0xc3,0x0d,0x27,0x3b,0xf0,0xf3,
    0x00,0x06,0xb3,0x0c,0x63,0xe6,0x63,0xc1,0x70,0x03,0xca,0x0e,0xfb,0x3c,0x80,0xc1,0x2c,0xc3,0x8f,0x81,0x59,0x30,0x62,0x70,
    0x00,0x20,0x08,0x06,0x66,0x40,0xd2,0x03,0x2b,0x0f,0x2a,0x3c,0xf4,0xf3,0x30,0x9a,0x10,0x00,0xa3,0x09,0x42,0x30,0x9a,0x30,
    0x08,0xa3,0x09,0xc4,0x30,0x4b,0x30,0x66,0xc3,0x0d,0x2e,0x3b,0x80,0xf4,0x00,0x06,0xb3,0x0c,0x63,0x16,0x66,0xc1,0x70,0xc3,
    0xcb,0x0e,0x20,0x3d,0x80,0xc1,0x2c,0xc3,0x98,0x89,0x59,0x30,0xdc,0x00,0xb3,0x83,0x49,0x0f,0x60,0x30,0xdd,0xc0,0xb7,0x03,
    0xec,0x0e,0xc1,0x74,0x03,0xdf,0x0e,0xb0,0x3b,0x08,0xd3,0x0d,0x7c,0x3b,0xc0,0xee,0x30,0x4c,0x37,0xf0,0xed,0x00,0xbb,0x03,
    0x31,0x4b,0x30,0x66,0x03,0x3d,0x83,0xf5,0x63,0x78,0x6f,0xe8,0x18,0x19,0xf0,0x18,0x28,0xf4,0x18,0xdc,0x1b,0x60,0x06,0xf6,
    0x46,0x98,0x21,0x62,0x36,0xd0,0x33,0x58,0x3f,0x86,0xf7,0x86,0x8e,0x91,0x01,0x8f,0x81,0x42,0x8f,0xc1,0xbd,0x01,0x66,0x60,
    0x6f,0x84,0x19,0x22,0x66,0x03,0x3d,0x83,0xf5,0x63,0x78,0x6f,0xe8,0x18,0x19,0xf0,0x18,0x28,0xf4,0x18,0xdc,0x1b,0x60,0x06,
    0xf6,0x46,0x98,0x21,0x62,0x36,0xd0,0x33,0x58,0x3f,0x86,0xf7,0x86,0x8e,0x91,0x01,0x8f,0x81,0x42,0x8f,0xc1,0xbd,0x01,0x66,
    0x60,0x6f,0x84,0x19,0x22,0x66,0x85,0xb3,0xc3,0x2c,0x0f,0x3a,0xdc,0x10,0xc8,0xf4,0x00,0x06,0xb3,0x0c,0x65,0x46,0x66,0x81,
    0xb5,0xf1,0x60,0xc4,0xc7,0xdc,0x78,0x30,0xe2,0x63,0x6f,0x3c,0x18,0xf1,0x31,0x38,0x1e,0x8c,0xf8,0xcc,0x12,0x94,0xd9,0x40,
    0xc5,0x80,0x90,0x19,0x35,0x66,0x03,0x15,0x03,0x42,0x66,0xd4,0x98,0x0d,0x54,0x0c,0x08,0x99,0x51,0x63,0x36,0x50,0x31,0x20,
    0x64,0x46,0x8d,0x59,0x89,0xed,0x70,0xcb,0x83,0x0e,0x37,0x04,0x3c,0x3d,0x84,0xc1,0x74,0xc3,0x60,0x04,0xd3,0x0d,0x84,0x21,
    0x4c,0x37,0x14,0xc6,0x30,0xdc,0xd0,0xb3,0x03,0x58,0x0f,0x60,0x30,0xcb,0xe0,0x66,0x66,0x16,0x0c,0x37,0xf8,0xec,0x20,0xd6,
    0x03,0x18,0xcc,0x32,0x9c,0x19,0x9a,0x05,0x56,0x07,0xe9,0x3b,0xc8,0xc7,0xea,0x20,0x7d,0x07,0xf9,0x58,0x1d,0xa4,0xef,0x20,
    0x1f,0xab,0x83,0xf4,0x1d,0xe4,0x33,0xdd,0x40,0xb4,0xef,0x40,0x07,0xd3,0x0d,0x44,0xfb,0x0e,0x75,0x30,0xdd,0x40,0xb4,0xef,
    0x60,0x07,0xd3,0x0d,0x44,0xfb,0x0e,0x77,0x30,0x4b,0xe0,0x66,0xc3,0x0d,0x67,0x3b,0x9c,0xf5,0x00,0x06,0xb3,0x0c,0x6e,0x96,
    0x66,0xc1,0x70,0x03,0xda,0x0e,0x66,0x3d,0x80,0xc1,0x2c,0x83,0x9a,0xad,0x59,0x30,0x62,0x70,0x00,0x20,0x08,0x06,0x66,0xf0,
    0xd6,0xc3,0x3d,0x0f,0x75,0x3c,0xa0,0xf5,0x30,0x9a,0x10,0x00,0xa3,0x09,0x42,0x30,0x9a,0x30,0x08,0xa3,0x09,0xc4,0x30,0x4b,
    0xe0,0x66,0xc3,0x0d,0x6e,0x3b,0xac,0xf5,0x00,0x06,0xb3,0x0c,0x6e,0xc6,0x66,0xc1,0x70,0xc3,0xdb,0x0e,0x6b,0x3d,0x80,0xc1,
    0x2c,0x83,0x9b,0xb5,0x59,0x30,0xdc,0x00,0xb7,0x43,0x5c,0x0f,0x60,0x30,0xdd,0x70,0xbe,0xc3,0xfe,0x0e,0xc1,0x74,0xc3,0xf9,
    0x0e,0xfb,0x3b,0x08,0xd3,0x0d,0xe7,0x3b,0xec,0xef,0x30,0x4c,0x37,0x9c,0xef,0xb0,0xbf,0x03,0x31,0x4b,0xe0,0x66,0x03,0x3d,
    0x83,0xa5,0x66,0x2e,0x78,0x94,0x19,0x19,0x9c,0x99,0x4d,0xa0,0x99,0x09,0x1e,0x6b,0x66,0xff,0x06,0x9b,0x21,0x6d,0x36,0xd0,
    0x33,0x58,0x6a,0xe6,0x82,0x47,0x99,0x91,0xc1,0x99,0xd9,0x04,0x9a,0x99,0xe0,0xb1,0x66,0xf6,0x6f,0xb0,0x19,0xd2,0x66,0x03,
    0x3d,0x83,0xa5,0x66,0x2e,0x78,0x94,0x19,0x19,0x9c,0x99,0x4d,0xa0,0x99,0x09,0x1e,0x6b,0x66,0xff,0x06,0x9b,0x21,0x6d,0x36,
    0xd0,0x33,0x58,0x6a,0xe6,0x82,0x47,0x99,0x91,0xc1,0x99,0xd9,0x04,0x9a,0x99,0xe0,0xb1,0x66,0xf6,0x6f,0xb0,0x19,0xd2,0x66,
    0x85,0xb7,0x83,0x3f,0x0f,0x3a,0xdc,0x10,0xf4,0xf5,0x00,0x06,0xb3,0x0c,0x70,0xf6,0x66,0x81,0xe1,0xf2,0x60,0xc4,0xc7,0x72,
    0x79,0x30,0xe2,0x63,0xba,0x3c,0x18,0xf1,0xb1,0x5d,0x1e,0x8c,0xf8,0xcc,0x12,0xc0,0xd9,0x40,0xc5,0x80,0xbc,0x19,0xe5,0x66,
    0x03,0x15,0x03,0xf2,0x66,0x94,0x9b,0x0d,0x54,0x0c,0xc8,0x9b,0x51,0x6e,0x36,0x50,0x31,0x20,0x6f,0x46,0xb9,0x59,0x89,0xee,
    0x20,0xd2,0x83,0x0e,0x37,0x04,0xa7,0x3d,0x84,0xc1,0x74,0xc3,0x60,0x04,0xd3,0x0d,0x84,0x21,0x4c,0x37,0x14,0xc6,0x30,0xdc,
    0xe0,0xbb,0xc3,0x6a,0x0f,0x60,0x30,0xcb,0x90,0x67,0x71,0x16,0x0c,0x37,0xfc,0xee,0xd0,0xda,0x03,0x18,0xcc,0x32,0xc8,0xd9,
    0x9c,0x05,0x06,0x0e,0x34,0x3c,0xc8,0xc7,0xc0,0x81,0x86,0x07,0xf9,0x18,0x38,0xd0,0xf0,0x20,0x1f,0x03,0x07,0x1a,0x1e,0xe4,
    0x33,0xdd,0x40,0xe0,0xf0,0xf0,0x0b,0xd3,0x0d,0x04,0x0e,0x0f,0xe0,0x30,0xdd,0x40,0xe0,0xf0,0x10,0x0e,0xd3,0x0d,0x04,0x0e,
    0x0f,0xe2,0x30,0x4b,0x90,0x67,0xc3,0x0d,0xe8,0x3b,0xc8,0xf6,0x00,0x06,0xb3,0x0c,0x79,0x46,0x67,0xc1,0x70,0x43,0xfa,0x0e,
    0xb1,0x3d,0x80,0xc1,0x2c,0x43,0x9d,0xd9,0x59,0x30,0x62,0x70,0x00,0x20,0x08,0x06,0x66,0xa0,0xdb,0x83,0x58,0x0f,0xe0,0x3c,
    0xcc,0xf6,0x30,0x9a,0x10,0x00,0xa3,0x09,0x42,0x30,0x9a,0x30,0x08,0xa3,0x09,0xc4,0x30,0x4b,0x90,0x67,0xc3,0x0d,0xef,0x3b,
    0xd8,0xf6,0x00,0x06,0xb3,0x0c,0x79,0x76,0x67,0xc1,0x70,0x03,0xfc,0x0e,0xb6,0x3d,0x80,0xc1,0x2c,0x43,0x9e,0xe1,0x59,0x30,
    0xdc,0x10,0xbf,0x03,0x6f,0x0f,0x60,0x30,0xdd,0x20,0xc3,0x83,0x19,0x0f,0xc1,0x74,0x83,0x0c,0x0f,0x66,0x3c,0x08,0xd3,0x0d,
    0x32,0x3c,0x98,0xf1,0x30,0x4c,0x37,0xc8,0xf0,0x60,0xc6,0x03,0x31,0x4b,0x90,0x67,0x03,0x3d,0x83,0x55,0x67,0xe4,0x78,0xc0,
    0x19,0x19,0xc8,0x19,0x7b,0xcc,0x19,0x2f,0x1e,0x76,0xc6,0x8a,0xc7,0x9d,0x21,0x78,0x36,0xd0,0x33,0x58,0x75,0x46,0x8e,0x07,
    0x9c,0x91,0x81,0x9c,0xb1,0xc7,0x9c,0xf1,0xe2,0x61,0x67,0xac,0x78,0xdc,0x19,0x82,0x67,0x03,0x3d,0x83,0x55,0x67,0xe4,0x78,
    0xc0,0x19,0x19,0xc8,0x19,0x7b,0xcc,0x19,0x2f,0x1e,0x76,0xc6,0x8a,0xc7,0x9d,0x21,0x78,0x36,0xd0,0x33,0x58,0x75,0x46,0x8e,
    0x07,0x9c,0x91,0x81,0x9c,0xb1,0xc7,0x9c,0xf1,0xe2,0x61,0x67,0xac,0x78,0xdc,0x19,0x82,0x67,0x95,0xbf,0x43,0x5a,0x0f,0x3a,
    0xdc,0x10,0xa0,0xf7,0x00,0x06,0xb3,0x0c,0x7b,0xa6,0x67,0x81,0x8d,0xf4,0x60,0xc4,0xc7,0x48,0x7a,0x30,0xe2,0x63,0x25,0x3d,
    0x18,0xf1,0x31,0x93,0x1e,0x8c,0xf8,0xcc,0x12,0xec,0xd9,0x40,0xc5,0x80,0xe8,0x19,0x95,0x67,0x03,0x15,0x03,0xa2,0x67,0x54,
    0x9e,0x0d,0x54,0x0c,0x88,0x9e,0x51,0x79,0x36,0x50,0x31,0x20,0x7a,0x46,0xe5,0x59,0x8d,0xf0,0xd0,0xd6,0x83,0x0e,0x37,0x04,
    0xf2,0x3d,0x84,0xc1,0x74,0xc3,0x60,0x04,0xd3,0x0d,0x84,0x21,0x4c,0x37,0x14,0xc6,0x30,0xdc,0x30,0xbe,0x83,0x7d,0x0f,0x60,
    0x30,0xcb,0x40,0x6a,0x7c,0x16,0x0c,0x37,0x90,0xef,0x80,0xdf,0x03,0x18,0xcc,0x32,0xf4,0x99,0x9f,0x05,0xb6,0x12,0x7f,0x3c,
    0xc8,0xc7,0x56,0xe2,0x8f,0x07,0xf9,0xd8,0x4a,0xfc,0xf1,0x20,0x1f,0x5b,0x89,0x3f,0x1e,0xe4,0x33,0xdd,0x40,0x8c,0xf2,0x80,
    0x12,0xd3,0x0d,0xc4,0x28,0x0f,0x29,0x31,0xdd,0x40,0x8c,0xf2,0xa0,0x12,0xd3,0x0d,0xc4,0x28,0x0f,0x2b,0x31,0x4b,0x40,0x6a,
    0xc3,0x0d,0xed,0x3b,0xf4,0xf7,0x00,0x06,0xb3,0x0c,0xa4,0xf6,0x67,0xc1,0x70,0x83,0xfb,0x0e,0xfc,0x3d,0x80,0xc1,0x2c,0x03,
    0xa8,0x85,0x5a,0x30,0x62,0x70,0x00,0x20,0x08,0x06,0x66,0x50,0xe2,0x43,0x6b,0x0f,0x2b,0x3d,0xf8,0xf7,0x30,0x9a,0x10,0x00,
    0xa3,0x09,0x42,0x30,0x9a,0x30,0x08,0xa3,0x09,0xc4,0x30,0x4b,0x40,0x6a,0xc3,0x0d,0xf4,0x3b,0x84,0xf8,0x00,0x06,0xb3,0x0c,
    0xa4,0x26,0x6a,0xc1,0x70,0x43,0xfd,0x0e,0x21,0x3e,0x80,0xc1,0x2c,0x03,0xa9,0x8d,0x5a,0x30,0xdc,0x60,0xbf,0xc3,0x89,0x0f,
    0x60,0x30,0xdd,0xd0,0xc7,0x43,0x2c,0x0f,0xc1,0x74,0x43,0x1f,0x0f,0xb1,0x3c,0x08,0xd3,0x0d,0x7d,0x3c,0xc4,0xf2,0x30,0x4c,
    0x37,0xf4,0xf1,0x10,0xcb,0x03,0x31,0x4b,0x40,0x6a,0x03,0x3d,0x83,0x05,0x6a,0x7a,0x79,0xec,0x19,0x19,0xf4,0x99,0xa8,0xf8,
    0x99,0x5c,0x1e,0xa1,0x26,0x96,0x87,0xa8,0x21,0xa3,0x36,0xd0,0x33,0x58,0xa0,0xa6,0x97,0xc7,0x9e,0x91,0x41,0x9f,0x89,0x8a,
    0x9f,0xc9,0xe5,0x11,0x6a,0x62,0x79,0x88,0x1a,0x32,0x6a,0x03,0x3d,0x83,0x05,0x6a,0x7a,0x79,0xec,0x19,0x19,0xf4,0x99,0xa8,
    0xf8,0x99,0x5c,0x1e,0xa1,0x26,0x96,0x87,0xa8,0x21,0xa3,0x36,0xd0,0x33,0x58,0xa0,0xa6,0x97,0xc7,0x9e,0x91,0x41,0x9f,0x89,
    0x8a,0x9f,0xc9,0xe5,0x11,0x6a,0x62,0x79,0x88,0x1a,0x32,0x6a,0xe5,0xbf,0x03,0x6d,0x0f,0x3a,0xdc,0x10,0xcc,0xf8,0x00,0x06,
    0xb3,0x0c,0xa6,0x56,0x6a,0x81,0xb9,0xf5,0x60,0xc4,0xc7,0xde,0x7a,0x30,0xe2,0x63,0x70,0x3d,0x18,0xf1,0xb1,0xb8,0x1e,0x8c,
    0xf8,0xcc,0x12,0x98,0xda,0x40,0xc5,0x80,0x94,0x1a,0x45,0x6a,0x03,0x15,0x03,0x52,0x6a,0x14,0xa9,0x0d,0x54,0x0c,0x48,0xa9,
    0x51,0xa4,0x36,0x50,0x31,0x20,0xa5,0x46,0x91,0x5a,0xa1,0xf0,0x80,0xdb,0x83,0x0e,0x37,0x04,0x3d,0x3e,0x84,0xc1,0x74,0xc3,
    0x60,0x04,0xd3,0x0d,0x84,0x21,0x4c,0x37,0x14,0xc6,0x30,0xdc,0xb0,0xc2,0x43,0x98,0x0f,0x60,0x30,0xcb,0xf0,0x6a,0xa7,0x16,
    0x0c,0x37,0xb0,0xf0,0x30,0xe6,0x03,0x18,0xcc,0x32,0xa0,0x5a,0xaa,0x05,0x66,0x17,0xea,0x3c,0xc8,0xc7,0xec,0x42,0x9d,0x07,
    0xf9,0x98,0x5d,0xa8,0xf3,0x20,0x1f,0xb3,0x0b,0x75,0x1e,0xe4,0x33,0xdd,0x40,0xb8,0xf3,0x30,0x17,0xd3,0x0d,0x84,0x3b,0x0f,
    0x74,0x31,0xdd,0x40,0xb8,0xf3,0x50,0x17,0xd3,0x0d,0x84,0x3b,0x0f,0x76,0x31,0x4b,0xf0,0x6a,0xc3,0x0d,0x35,0x3c,0xa0,0xf9,
    0x00,0x06,0xb3,0x0c,0xaf,0xa6,0x6a,0xc1,0x70,0x83,0x0d,0x0f,0x67,0x3e,0x80,0xc1,0x2c,0xc3,0xaa,0xb1,0x5a,0x30,0x62,0x70,
    0x00,0x20,0x08,0x06,0x66,0x00,0xe7,0x03,0x7e,0x0f,0x76,0x3d,0xa4,0xf9,0x30,0x9a,0x10,0x00,0xa3,0x09,0x42,0x30,0x9a,0x30,
    0x08,0xa3,0x09,0xc4,0x30,0x4b,0xf0,0x6a,0xc3,0x0d,0x3c,0x3c,0xb0,0xf9,0x00,0x06,0xb3,0x0c,0xaf,0xd6,0x6a,0xc1,0x70,0x43,
    0x0f,0x0f,0x6c,0x3e,0x80,0xc1,0x2c,0xc3,0xab,0xb9,0x5a,0x30,0xdc,0xe0,0xc3,0x83,0x9c,0x0f,0x60,0x30,0xdd,0x80,0xce,0x03,
    0x3f,0x0f,0xc1,0x74,0x03,0x3a,0x0f,0xfc,0x3c,0x08,0xd3,0x0d,0xe8,0x3c,0xf0,0xf3,0x30,0x4c,0x37,0xa0,0xf3,0xc0,0xcf,0x03,
    0x31,0x4b,0xf0,0x6a,0x03,0x3d,0x83,0xb5,0x6a,0x30,0x7a,0x98,0x1a,0x19,0xa0,0x1a,0xce,0xa4,0x1a,0x8a,0x1e,0xac,0x86,0x9f,
    0x47,0xab,0x21,0xae,0x36,0xd0,0x33,0x58,0xab,0x06,0xa3,0x87,0xa9,0x91,0x01,0xaa,0xe1,0x4c,0xaa,0xa1,0xe8,0xc1,0x6a,0xf8,
    0x79,0xb4,0x1a,0xe2,0x6a,0x03,0x3d,0x83,0xb5,0x6a,0x30,0x7a,0x98,0x1a,0x19,0xa0,0x1a,0xce,0xa4,0x1a,0x8a,0x1e,0xac,0x86,
    0x9f,0x47,0xab,0x21,0xae,0x36,0xd0,0x33,0x58,0xab,0x06,0xa3,0x87,0xa9,0x91,0x01,0xaa,0xe1,0x4c,0xaa,0xa1,0xe8,0xc1,0x6a,
    0xf8,0x79,0xb4,0x1a,0xe2,0x6a,0x65,0xc6,0xc3,0x7f,0x0f,0x3a,0xdc,0x10,0xf8,0xf9,0x00,0x06,0xb3,0x0c,0xb1,0x06,0x6b,0x81,
    0xe5,0xf6,0x60,0xc4,0xc7,0x74,0x7b,0x30,0xe2,0x63,0xbb,0x3d,0x18,0xf1,0x31,0xde,0x1e,0x8c,0xf8,0xcc,0x12,0xc4,0xda,0x40,
    0xc5,0x80,0xc0,0x1a,0xf5,0x6a,0x03,0x15,0x03,0x02,0x6b,0xd4,0xab,0x0d,0x54,0x0c,0x08,0xac,0x51,0xaf,0x36,0x50,0x31,0x20,
    0xb0,0x46,0xbd,0x5a,0xc1,0xf1,0x30,0xe2,0x83,0x0e,0x37,0x04,0xa8,0x3e,0x84,0xc1,0x74,0xc3,0x60,0x04,0xd3,0x0d,0x84,0x21,
    0x4c,0x37,0x14,0xc6,0x30,0xdc,0xb0,0xc7,0x03,0xab,0x0f,0x60,0x30,0xcb,0xa0,0x6b,0xb2,0x16,0x0c,0x37,0xf0,0xf1,0xe0,0xea,
    0x03,0x18,0xcc,0x32,0xcc,0x1a,0xad,0x05,0xe6,0x1b,0x32,0x3d,0xc8,0x67,0xba,0x21,0x98,0xe9,0x61,0x37,0x66,0x09,0x74,0x6d,
    0xb8,0xe1,0x8f,0x87,0x56,0x1f,0xc0,0x60,0x96,0x41,0xd7,0x6a,0x2d,0x18,0x6e,0x00,0xe5,0x81,0xd5,0x07,0x30,0x98,0x65,0xb0,
    0xb5,0x5b,0x0b,0x46,0x0c,0x0e,0x00,0x04,0xc1,0xc0,0x0c,0x6a,0x7d,0xe8,0xf1,0x61,0xb7,0x07,0x57,0x1f,0x46,0x13,0x82,0x61,
    0x96,0x40,0xd7,0x86,0x1b,0x46,0x79,0x70,0xf5,0x01,0x0c,0x66,0x19,0x74,0x0d,0xd7,0x82,0xe1,0x06,0x52,0x1e,0x5c,0x7d,0x00,
    0x83,0x59,0x06,0x5d,0xcb,0xb5,0x60,0xb8,0xa1,0x94,0x07,0x5a,0x1f,0xc0,0x60,0xba,0xe1,0xa4,0x87,0x9d,0x1e,0x82,0x59,0x02,
    0x5d,0x1b,0xe8,0x19,0x14,0x5b,0x43,0xd5,0x23,0xd6,0xa4,0x59,0x83,0x1d,0x5a,0x03,0xd5,0xe3,0xd6,0xe0,0xf4,0xc0,0x35,0x21,
    0xd7,0x2a,0x95,0x07,0x5c,0x1f,0x74,0xb8,0x21,0xd0,0xf5,0x21,0x0c,0xac,0xbe,0x87,0x21,0x3e,0xd3,0x0d,0x01,0x21,0x4c,0x37,
    0x80,0xf5,0x40,0xd6,0x03,0x1f,0x0f,0xd3,0x0d,0x60,0x3d,0x90,0xf5,0xd0,0xc7,0xc3,0x74,0x03,0x58,0x0f,0x64,0x3d,0xf8,0xf1,
    0x30,0xdd,0x00,0xd6,0x03,0x59,0x0f,0x7f,0x3c,0x0c,0x37,0xf8,0xf3,0xb0,0xe6,0x03,0x18,0xcc,0x32,0xec,0x9a,0xbf,0x05,0xe5,
    0xc3,0x03,0xaf,0x0f,0x58,0x41,0xae,0x0f,0x3a,0xdc,0x10,0xdc,0xfa,0x00,0x06,0xb3,0x0c,0xbd,0xc6,0x6b,0x41,0x85,0xf1,0xb0,
    0xeb,0x83,0x0e,0x37,0x0c,0xb8,0x3e,0x80,0xc1,0x74,0x03,0xb8,0x0f,0x42,0x30,0xdd,0x60,0xee,0x43,0x21,0xcc,0x12,0xf4,0xda,
    0x40,0x05,0xe1,0xda,0xc7,0xae,0x11,0xbc,0x36,0x50,0x41,0x98,0xf6,0xb1,0x6b,0x04,0xaf,0x0d,0x37,0x04,0xec,0x3e,0x80,0xc1,
    0x2c,0x43,0xbb,0xf9,0x5a,0x30,0xdc,0x20,0xa4,0xfb,0x00,0x06,0xb3,0x0c,0xed,0xf6,0x6b,0xc1,0x70,0xc3,0x80,0xee,0x03,0x18,
    0xcc,0x32,0xb4,0x1b,0xb8,0x05,0xc3,0x0d,0x04,0xba,0x0f,0x60,0x30,0xcb,0x10,0x6e,0xe2,0x16,0x58,0x8a,0x0f,0x22,0x12,0x1f,
    0x53,0xf1,0x41,0x44,0xe2,0x63,0x2b,0x3e,0x88,0x48,0x7c,0x8c,0xc5,0x07,0x11,0x89,0xcf,0x2c,0x41,0xbb,0x0d,0x37,0x24,0xec,
    0x3e,0x80,0xc1,0x70,0x83,0x72,0xee,0x03,0x18,0x94,0x10,0xec,0x2c,0x43,0xbb,0x8d,0x5b,0x30,0xdc,0xc0,0xd0,0xfb,0x00,0x06,
    0xb3,0x0c,0xe4,0x56,0x6e,0x81,0xc5,0xf8,0x70,0x22,0xf1,0x99,0x25,0x68,0xb7,0xe1,0x06,0x07,0xde,0x07,0x30,0x98,0x65,0x68,
    0x37,0x73,0x0b,0x86,0x1b,0x1e,0x7c,0x1f,0xc0,0x60,0x96,0xe1,0xdc,0xd0,0x2d,0x30,0x1a,0x1f,0xfc,0x7a,0x88,0xcf,0x2c,0x41,
    0xbb,0x0d,0x37,0x44,0xf7,0x3e,0x80,0xc1,0x2c,0x43,0xbb,0xa5,0x5b,0x30,0xdc,0x20,0xc5,0xfb,0x00,0x06,0xb3,0x0c,0xea,0xb6,
    0x6e,0x81,0xdd,0xf8,0x40,0xda,0x43,0x7c,0x0c,0xc7,0x07,0xd2,0x1e,0xe2,0x63,0x39,0x3e,0x90,0xf6,0x10,0x1f,0xd3,0xf1,0x81,
    0xb4,0x87,0xf8,0xcc,0x12,0xb4,0xdb,0x70,0xc3,0x55,0xef,0x03,0x18,0xcc,0x32,0xb0,0x5b,0xbb,0x05,0xc6,0xe3,0x83,0x69,0x0f,
    0xf1,0x19,0x31,0x38,0x00,0x10,0x04,0x83,0xe8,0xe5,0x87,0x58,0x1f,0x66,0x24,0x98,0x25,0x68,0xb7,0x81,0xb2,0x41,0x0d,0xc2,
    0x4d,0x23,0x37,0xea,0xdc,0x1c,0x75,0x13,0xd8,0xcd,0x8f,0x8f,0x5e,0xe3,0xe3,0xc3,0xd7,0xdc,0xe8,0xd7,0x6c,0xf6,0x40,0x37,
    0x3f,0x3e,0xd6,0x0d,0x8d,0xc4,0x0d,0x66,0x8f,0x72,0x1b,0x28,0x1b,0xd4,0x20,0xdc,0x38,0x72,0xb3,0xce,0xcd,0x51,0x37,0x82,
    0xdd,0x40,0xf9,0xe8,0x35,0x3f,0x3e,0x7c,0xcd,0x8d,0x7e,0xcd,0x66,0x0f,0x74,0x03,0xe5,0x63,0xdd,0xd4,0x48,0xdc,0x64,0xf6,
    0x28,0xb7,0x81,0xb2,0x41,0x0d,0xc2,0xcd,0x23,0x37,0xec,0xdc,0x1c,0x75,0x33,0xd8,0x4d,0x94,0x8f,0x5e,0x03,0xe5,0xc3,0xd7,
    0xdc,0xe8,0xd7,0x6c,0xf6,0x40,0x37,0x51,0x3e,0xd6,0x8d,0x8d,0xc4,0x8d,0x66,0x8f,0x72,0x1b,0x28,0x1b,0xd4,0x20,0xdc,0xc0,
    0x80,0xdc,0xb4,0x73,0x73,0xd4,0x4d,0x94,0x0f,0x76,0x23,0xe5,0xa3,0xd7,0x44,0xf9,0xf0,0x35,0x37,0xfa,0x35,0x9b,0x3d,0xd0,
    0x8d,0x94,0x8f,0x75,0x73,0x23,0x71,0xb3,0xd9,0xa3,0xdc,0x8c,0xd8,0x11,0xf9,0x18,0xb1,0x23,0xf2,0x31,0x62,0x47,0xe4,0x63,
    0xc4,0x8e,0xc8,0x67,0xb8,0x61,0x0c,0x5a,0x7e,0x00,0x83,0x59,0x86,0x7e,0x73,0xb7,0x60,0xb8,0x81,0x0c,0x54,0x7e,0x00,0x83,
    0x59,0x86,0x7e,0x7b,0xb7,0x60,0xb8,0xa1,0x0c,0x52,0x7e,0x00,0x83,0x59,0x86,0x7e,0x83,0xb7,0x60,0xb8,0xc1,0x0c,0x52,0x7e,
    0x00,0x83,0x59,0x86,0x78,0x93,0xb7,0xc0,0xd4,0x7c,0x18,0x93,0xf8,0xd8,0x9a,0x0f,0x63,0x12,0x1f,0x63,0xf3,0x61,0x4c,0xe2,
    0x63,0x6d,0x3e,0x8c,0x49,0x7c,0x66,0x09,0xfa,0x6d,0xb8,0x61,0x0d,0x5a,0x7e,0x00,0x83,0xe1,0x06,0x36,0x40,0xf9,0x01,0x0c,
    0x4a,0x08,0x76,0x96,0xa1,0xdf,0xe6,0x2d,0x18,0x6e,0x70,0x83,0x9a,0x1f,0xc0,0x60,0xb8,0xe1,0x0d,0x54,0x7e,0x00,0x83,0x12,
    0x82,0x9d,0x65,0xa0,0xb7,0x7a,0x0b,0x8c,0xce,0x07,0x35,0x89,0xcf,0x2c,0x41,0xbf,0x0d,0x37,0xc8,0xc1,0xcc,0x0f,0x60,0x30,
    0xcb,0xd0,0x6f,0xf6,0x16,0x0c,0x37,0xcc,0xc1,0xce,0x0f,0x60,0x30,0xcb,0x70,0x6f,0xf8,0x16,0xd8,0x9d,0x0f,0xe1,0x3d,0xc4,
    0x67,0x96,0xa0,0xdf,0x86,0x1b,0xea,0x40,0xe7,0x07,0x30,0x98,0x65,0xe8,0xb7,0x7c,0x0b,0x86,0x1b,0xec,0x80,0xe6,0x07,0x30,
    0x98,0x65,0xd0,0xb7,0x7d,0x0b,0x4c,0xcf,0x87,0xf3,0x1e,0xe2,0x63,0x7b,0x3e,0x9c,0xf7,0x10,0x1f,0xe3,0xf3,0xe1,0xbc,0x87,
    0xf8,0x58,0x9f,0x0f,0xe7,0x3d,0xc4,0x67,0x96,0xa0,0xdf,0x86,0x1b,0xf6,0x00,0xe7,0x07,0x30,0x98,0x65,0xe0,0xb7,0x7e,0x0b,
    0xec,0xcf,0x87,0xf4,0x1e,0xe2,0x33,0x62,0x70,0x00,0x20,0x08,0x06,0x91,0xdc,0x0f,0xf4,0x3e,0xd8,0x49,0x30,0x4b,0xd0,0x6f,
    0x03,0x65,0x83,0x1b,0xc4,0x9b,0x46,0x6f,0xd4,0xbd,0x39,0xfa,0x26,0xf0,0x1b,0x49,0x1f,0xed,0x26,0xd2,0x87,0xbb,0xd1,0xd3,
    0xbb,0xf1,0xee,0x81,0x6f,0x24,0x7d,0xec,0x9b,0x3b,0xc9,0x9b,0xed,0x1e,0xf5,0x36,0x50,0x36,0xb8,0x41,0xbc,0x71,0xf4,0x66,
    0xdd,0x9b,0xa3,0x6f,0x04,0xbf,0x99,0xf4,0xd1,0x6e,0x24,0x7d,0xb8,0x1b,0x3d,0xbd,0x1b,0xef,0x1e,0xf8,0x66,0xd2,0xc7,0xbe,
    0xc1,0x93,0xbc,0xe1,0xee,0x51,0x6f,0x03,0x65,0x83,0x1b,0xc4,0x9b,0x47,0x6f,0xd8,0xbd,0x39,0xfa,0x66,0xf0,0x1b,0x4a,0x1f,
    0xed,0x66,0xd2,0x87,0xbb,0xd1,0xd3,0xbb,0xf1,0xee,0x81,0x6f,0x28,0x7d,0xec,0x9b,0x3c,0xc9,0x9b,0xee,0x1e,0xf5,0x36,0x50,
    0x36,0xb8,0x41,0xbc,0x81,0x01,0xbd,0x69,0xf7,0xe6,0xe8,0x1b,0x4a,0x1f,0xfc,0xa6,0xd2,0x47,0xbb,0xa1,0xf4,0xe1,0x6e,0xf4,
    0xf4,0x6e,0xbc,0x7b,0xe0,0x9b,0x4a,0x1f,0xfb,0x46,0x4f,0xf2,0xc6,0xbb,0x47,0xbd,0x19,0x21,0xdf,0x83,0x7c,0x8c,0x90,0xef,
    0x41,0x3e,0x46,0xc8,0xf7,0x20,0x1f,0x23,0xe4,0x7b,0x90,0x8f,0x11,0x67,0x00,0x1f,0x23,0xce,0x00,0x3e,0x46,0x9c,0x01,0x7c,
    0x8c,0x38,0x03,0xf8,0x8c,0x18,0x1c,0x00,0x08,0x82,0x41,0xf4,0xf7,0x83,0xc8,0x0f,0x84,0xab,0x0f,0x23,0x06,0x07,0x00,0x82,
    0x60,0x10,0x81,0xfe,0x30,0xf2,0x03,0xf1,0xea,0xc3,0x88,0xc1,0x01,0x80,0x20,0x18,0x44,0xa1,0x3f,0x90,0xfc,0x40,0xc0,0xfa,
    0x30,0x62,0x70,0x00,0x20,0x08,0x06,0x91,0xe8,0x0f,0x25,0x3f,0x10,0xb1,0x3e,0x8c,0x18,0x1c,0x00,0x08,0x82,0x41,0x34,0xfa,
    0x43,0xc9,0x0f,0x44,0xac,0x0f,0x23,0x06,0x07,0x00,0x82,0x60,0x10,0x91,0xfe,0x60,0xf2,0x03,0x21,0xeb,0xc3,0x88,0xc1,0x01,
    0x80,0x20,0x18,0x44,0xa5,0x3f,0x9c,0xfc,0x40,0xcc,0xfa,0x30,0x62,0x70,0x00,0x20,0x08,0x06,0x91,0xe9,0x0f,0x28,0x3f,0x10,
    0xb4,0x3e,0xcc,0x12,0xa8,0xdd,0x70,0x03,0x6e,0x0f,0x78,0x3f,0x80,0xc1,0x2c,0x83,0xda,0xfd,0x5b,0x30,0xdc,0x90,0xdb,0xc3,
    0xdd,0x0f,0x60,0x30,0xcb,0xa0,0x76,0x20,0x17,0x0c,0x37,0xe8,0xf6,0x70,0xf7,0x03,0x18,0xcc,0x32,0x84,0x9c,0xc8,0x05,0x66,
    0x1f,0x61,0x22,0x1f,0xb3,0x8f,0x30,0x91,0x8f,0xd9,0x47,0x98,0xc8,0xc7,0xf8,0xe3,0x4c,0xe4,0x33,0x4b,0xa0,0x76,0xc3,0x0d,
    0xbf,0x3d,0xec,0xfd,0x00,0x06,0xb3,0x0c,0x23,0x47,0x72,0x81,0xed,0x87,0x99,0xc8,0xc7,0xf6,0xc3,0x4c,0xe4,0x63,0xfb,0x61,
    0x26,0xf2,0xb1,0x10,0x61,0x13,0xf9,0x18,0x51,0xee,0x83,0x7c,0x8c,0x30,0xf7,0x41,0x3e,0x46,0x9c,0xfb,0x20,0x1f,0x23,0xd0,
    0x7d,0x90,0xcf,0x88,0xc1,0x01,0x80,0x20,0x18,0x44,0xb7,0x3f,0xe8,0xfc,0x40,0x98,0xfb,0x30,0x62,0x70,0x00,0x20,0x08,0x06,
    0x11,0xee,0x0f,0x3b,0x3f,0x10,0xe7,0x3e,0x8c,0x18,0x1c,0x00,0x08,0x82,0x41,0x94,0xfb,0x03,0xcf,0x0f,0x04,0xba,0x0f,0x23,
    0x06,0x07,0x00,0x82,0x60,0x10,0xe9,0xfe,0xd0,0xf3,0x03,0x91,0xee,0xc3,0x88,0xc1,0x01,0x80,0x20,0x18,0x44,0xbb,0x3f,0xf4,
    0xfc,0x40,0xa4,0xfb,0x30,0x62,0x70,0x00,0x20,0x08,0x06,0x11,0xef,0x0f,0x3e,0x3f,0x10,0xea,0x3e,0x8c,0x18,0x1c,0x00,0x08,
    0x82,0x41,0xd4,0xfb,0xc3,0xcf,0x0f,0xc4,0xba,0x0f,0x23,0x06,0x07,0x00,0x82,0x60,0x10,0xf9,0xfe,0x00,0xf6,0x03,0xc1,0xee,
    0xc3,0x2c,0x81,0xda,0x0d,0x37,0xc0,0xf7,0x10,0xfb,0x03,0x18,0xcc,0x32,0x94,0x9c,0xc9,0x05,0xc6,0x22,0x77,0x22,0x1f,0x63,
    0x91,0x3b,0x91,0x8f,0xb1,0xc8,0x9d,0xc8,0xc7,0x64,0xa4,0x4f,0xe4,0x63,0xc4,0xbd,0x0f,0xf2,0x31,0x02,0xdf,0x07,0xf9,0x18,
    0x91,0xef,0x83,0x7c,0x8c,0xd0,0xf7,0x41,0x3e,0x23,0x06,0x07,0x00,0x82,0x60,0x10,0xa1,0xff,0xb0,0xf6,0x03,0x71,0xef,0xc3,
    0x88,0xc1,0x01,0x80,0x20,0x18,0x44,0xe9,0x3f,0xb0,0xfd,0x40,0xe0,0xfb,0x30,0x62,0x70,0x00,0x20,0x08,0x06,0x91,0xfa,0x0f,
    0x6d,0x3f,0x10,0xf9,0x3e,0x8c,0x18,0x1c,0x00,0x08,0x82,0x41,0xb4,0xfe,0x83,0xdb,0x0f,0x84,0xbe,0x0f,0x23,0x06,0x07,0x00,
    0x82,0x60,0x10,0xb1,0xff,0xe0,0xf6,0x03,0xa1,0xef,0xc3,0x88,0xc1,0x01,0x80,0x20,0x18,0x44,0xed,0x3f,0xbc,0xfd,0x40,0xec,
    0xfb,0x30,0x62,0x70,0x00,0x20,0x08,0x06,0x91,0xfb,0x0f,0x70,0x3f,0x10,0xfc,0x3e,0x8c,0x18,0x1c,0x00,0x08,0x82,0x41,0xf4,
    0xfe,0x43,0xdc,0x0f,0x44,0xbf,0x0f,0xb3,0x04,0x6a,0x37,0xdc,0x10,0xe2,0x03,0xef,0x0f,0x60,0x30,0xcb,0x70,0x72,0x28,0x17,
    0x58,0x8f,0xa0,0x0a,0x7c,0xac,0x47,0x50,0x05,0x3e,0xd6,0x23,0xa8,0x02,0x1f,0x1b,0x13,0x57,0x81,0xcf,0x88,0xc1,0x01,0x80,
    0x20,0x18,0x44,0xf5,0x3f,0xe0,0xfd,0x40,0x90,0xfc,0x30,0x62,0x70,0x00,0x20,0x08,0x06,0x91,0xfd,0x0f,0x79,0x3f,0x10,0x25,
    0x3f,0x8c,0x18,0x1c,0x00,0x08,0x82,0x41,0x74,0xff,0x83,0xde,0x0f,0x84,0xc9,0x0f,0x23,0x06,0x07,0x00,0x82,0x60,0x10,0xe1,
    0xff,0xb0,0xf7,0x03,0x71,0xf2,0xc3,0x88,0xc1,0x01,0x80,0x20,0x18,0x44,0xf9,0x3f,0xec,0xfd,0x40,0x9c,0xfc,0x30,0x62,0x70,
    0x00,0x20,0x08,0x06,0x91,0xfe,0x0f,0x7c,0x3f,0x10,0x28,0x3f,0x8c,0x18,0x1c,0x00,0x08,0x82,0x41,0xb4,0xff,0x43,0xdf,0x0f,
    0x44,0xca,0x0f,0x23,0x06,0x07,0x00,0x82,0x60,0x10,0xf1,0xff,0xe0,0xf7,0x03,0xa1,0xf2,0xc3,0x2c,0x81,0xda,0x0d,0x37,0xb8,
    0xf8,0x00,0xff,0x03,0x18,0xcc,0x32,0xa4,0x9c,0xca,0x05,0xa6,0x26,0xb5,0x02,0x1f,0x53,0x93,0x5a,0x81,0x8f,0xa9,0x49,0xad,
    0xc0,0xc7,0xe0,0x64,0x57,0xe0,0x63,0x84,0xcc,0x0f,0xf0,0x31,0x62,0xe6,0x07,0xf8,0x18,0x41,0xf3,0x03,0x7c,0x8c,0xa8,0xf9,
    0x01,0x3e,0x23,0x06,0x07,0x00,0x82,0x60,0x10,0x99,0x20,0x91,0xfa,0x03,0x51,0xf3,0xc3,0x88,0xc1,0x01,0x80,0x20,0x18,0x44,
    0x27,0x48,0xa8,0xfe,0x40,0xd8,0xfc,0x30,0x62,0x70,0x00,0x20,0x08,0x06,0x11,0x0a,0x12,0xab,0x3f,0x10,0x37,0x3f,0x8c,0x18,
    0x1c,0x00,0x08,0x82,0x41,0x94,0x82,0x04,0xeb,0x0f,0x04,0xce,0x0f,0x23,0x06,0x07,0x00,0x82,0x60,0x10,0xa9,0x20,0xc1,0xfa,
    0x03,0x81,0xf3,0xc3,0x88,0xc1,0x01,0x80,0x20,0x18,0x44,0x2b,0x48,0xb4,0xfe,0x40,0xe4,0xfc,0x30,0x62,0x70,0x00,0x20,0x08,
    0x06,0x11,0x0b,0x12,0xae,0x3f,0x10,0x3a,0x3f,0x8c,0x18,0x1c,0x00,0x08,0x82,0x41,0xd4,0x82,0xc4,0xeb,0x0f,0xc4,0xce,0x0f,
    0xb3,0x04,0x6a,0x37,0xdc,0xf0,0xe3,0x83,0xff,0x0f,0x60,0x30,0xcb,0xb0,0x72,0x2c,0x17,0xd8,0x9e,0x98,0x0b,0x7c,0x6c,0x4f,
    0xcc,0x05,0x3e,0xb6,0x27,0xe6,0x02,0x1f,0x0b,0x15,0x76,0x81,0x8f,0x11,0x63,0x3f,0xc0,0xc7,0x08,0xb2,0x1f,0xe0,0x63,0x44,
    0xd9,0x0f,0xf0,0x31,0xc2,0xec,0x07,0xf8,0x18,0x91,0xf6,0x83,0x7c,0x8c,0x50,0xfb,0x41,0x3e,0x46,0xac,0xfd,0x20,0x1f,0x23,
    0xd8,0x7e,0x90,0xcf,0x88,0xc1,0x01,0x80,0x20,0x18,0x44,0x3b,0x48,0xf8,0xfe,0x40,0xa8,0xfd,0x30,0x62,0x70,0x00,0x20,0x08,
    0x06,0x11,0x0f,0x12,0xbf,0x3f,0x10,0x6b,0x3f,0x8c,0x18,0x1c,0x00,0x08,0x82,0x41,0xd4,0x83,0x04,0xf8,0x0f,0x04,0xdb,0x0f,
    0x23,0x06,0x07,0x00,0x82,0x60,0x10,0xf9,0x20,0x11,0xfe,0x03,0xd1,0xf6,0xc3,0x88,0xc1,0x01,0x80,0x20,0x18,0x44,0x3f,0x48,
    0x84,0xff,0x40,0xb4,0xfd,0x30,0x62,0x70,0x00,0x20,0x08,0x06,0x11,0x18,0x12,0xe2,0x3f,0x10,0x6e,0x3f,0x8c,0x18,0x1c,0x00,
    0x08,0x82,0x41,0x14,0x86,0xc4,0xf8,0x0f,0xc4,0xdb,0x0f,0x23,0x06,0x07,0x00,0x82,0x60,0x10,0x89,0x21,0x41,0xfe,0x03,0x01,
    0xf7,0xc3,0x2c,0x81,0xda,0x0d,0x37,0xd0,0xf9,0xc0,0x82,0x04,0x18,0xcc,0x32,0xb4,0x9c,0xcb,0x05,0xb6,0x2f,0xb0,0x12,0x1f,
    0xdb,0x17,0x58,0x89,0x8f,0xed,0x0b,0xac,0xc4,0xc7,0x42,0xc6,0x56,0xe2,0x33,0x62,0x70,0x00,0x20,0x08,0x06,0x11,0x1a,0x12,
    0xeb,0x3f,0x10,0x77,0x3f,0x8c,0x18,0x1c,0x00,0x08,0x82,0x41,0x94,0x86,0x04,0xfb,0x0f,0x04,0xde,0x0f,0x23,0x06,0x07,0x00,
    0x82,0x60,0x10,0xa9,0x21,0xd1,0xfe,0x03,0x91,0xf7,0xc3,0x88,0xc1,0x01,0x80,0x20,0x18,0x44,0x6b,0x48,0xb8,0xff,0x40,0xe8,
    0xfd,0x30,0x62,0x70,0x00,0x20,0x08,0x06,0x11,0x1b,0x12,0xee,0x3f,0x10,0x7a,0x3f,0x8c,0x18,0x1c,0x00,0x08,0x82,0x41,0xd4,
    0x86,0xc4,0xfb,0x0f,0xc4,0xde,0x0f,0x23,0x06,0x07,0x00,0x82,0x60,0x10,0xb9,0x21,0x01,0xff,0x03,0xc1,0xf7,0xc3,0x88,0xc1,
    0x01,0x80,0x20,0x18,0x44,0x6f,0x48,0xc4,0xff,0x40,0xf4,0xfd,0x30,0x4b,0xa0,0x76,0xc3,0x0d,0xa1,0x3e,0xe0,0x20,0x01,0x06,
    0xb3,0x0c,0x2f,0x07,0x73,0x81,0xf5,0x0a,0xca,0xc0,0xc7,0x7a,0x05,0x65,0xe0,0x63,0xbd,0x82,0x32,0xf0,0xb1,0x71,0x71,0x19,
    0xf8,0x58,0xb8,0xb0,0x8c,0x7c,0x2c,0x5c,0x58,0x46,0x3e,0x16,0x2e,0x2c,0x23,0x1f,0x3b,0x17,0x99,0x91,0x8f,0x21,0x44,0x7c,
    0x0c,0x21,0xe2,0x63,0x08,0x11,0x1f,0x43,0x88,0xf8,0x8c,0x18,0x1c,0x00,0x08,0x82,0x41,0xd4,0x87,0x04,0x08,0x12,0x04,0xeb,
    0x0f,0x23,0x06,0x07,0x00,0x82,0x60,0x10,0xf9,0x21,0x11,0x82,0x04,0xd1,0xfa,0xc3,0x88,0xc1,0x01,0x80,0x20,0x18,0x44,0x7f,
    0x48,0x88,0x20,0x41,0xb8,0xfe,0x30,0x62,0x70,0x00,0x20,0x08,0x06,0x11,0x28,0x12,0x23,0x48,0x10,0xaf,0x3f,0x8c,0x18,0x1c,
    0x00,0x08,0x82,0x41,0x14,0x8a,0xc4,0x08,0x12,0xc4,0xeb,0x0f,0x23,0x06,0x07,0x00,0x82,0x60,0x10,0x89,0x22,0x41,0x82,0x04,
    0x01,0xfb,0xc3,0x88,0xc1,0x01,0x80,0x20,0x18,0x44,0xa3,0x48,0x94,0x20,0x41,0xc4,0xfe,0x30,0x62,0x70,0x00,0x20,0x08,0x06,
    0x11,0x29,0x12,0x26,0x48,0x10,0xb2,0x3f,0xcc,0x12,0xa8,0xdd,0x70,0x83,0xad,0x0f,0x6c,0x48,0x80,0xc1,0x2c,0x43,0xcc,0xc9,
    0x5c,0x60,0x3d,0x23,0x2f,0xf1,0xb1,0x9e,0x91,0x97,0xf8,0x58,0xcf,0xc8,0x4b,0x7c,0x6c,0x6c,0xf0,0x25,0x3e,0x46,0xa8,0xfc,
    0x20,0x1f,0x23,0x56,0x7e,0x90,0x8f,0x11,0x2c,0x3f,0xc8,0xc7,0x88,0x96,0x1f,0xe4,0x63,0x84,0xbe,0xc0,0xc7,0x08,0x7d,0x81,
    0x8f,0x11,0xfa,0x02,0x1f,0x23,0x40,0x06,0x3e,0xb3,0x04,0x6a,0x37,0xdc,0x30,0xee,0x03,0x1e,0x12,0x60,0x30,0xcb,0x30,0x73,
    0x34,0x17,0x98,0xda,0xfc,0x4b,0x7c,0x4c,0x6d,0xfe,0x25,0x3e,0xa6,0x36,0xff,0x12,0x1f,0x83,0x9b,0x92,0x89,0x8f,0x11,0xbb,
    0x23,0x1f,0x23,0x78,0x47,0x3e,0x46,0xf4,0x8e,0x7c,0x8c,0xf0,0x1d,0xf9,0x18,0x71,0x32,0xf0,0x31,0xe2,0x64,0xe0,0x63,0xc4,
    0xc9,0xc0,0xc7,0x88,0x96,0x81,0xcf,0x2c,0x81,0xda,0x0d,0x37,0xc0,0xfb,0x70,0x86,0x04,0x18,0xcc,0x32,0xd4,0x9c,0xcd,0x05,
    0x23,0x06,0x07,0x00,0x82,0x60,0x60,0x06,0xb7,0x48,0xfc,0x20,0xd1,0xfb,0x03,0x2c,0x12,0xa3,0x09,0xc1,0x60,0x79,0xe3,0x32,
    0xf1,0xb1,0xbc,0x71,0x99,0xf8,0x58,0xde,0xb8,0x4c,0x7c,0xec,0x6f,0x68,0x26,0x3e,0x56,0x10,0xf2,0x31,0x83,0x90,0x8f,0x1d,
    0x84,0x7c,0x0c,0x21,0xe4,0x63,0x84,0xcd,0xc0,0xc7,0x08,0x9b,0x81,0x8f,0x11,0x36,0x03,0x1f,0x23,0x78,0x06,0x3e,0xb3,0x04,
    0x6a,0x37,0xdc,0xf0,0xef,0x03,0x2e,0x12,0x60,0x30,0xcb,0x70,0x73,0x38,0x17,0x58,0xff,0x0f,0xf3,0x13,0x1f,0xe3,0x99,0x40,
    0x3e,0xc6,0x33,0x82,0x7c,0x8c,0x67,0x06,0xf9,0x98,0xd8,0x10,0xf2,0x31,0x62,0x75,0xe0,0x63,0xc4,0xea,0xc0,0xc7,0x88,0xd5,
    0x81,0x8f,0x11,0xb1,0x03,0x9f,0x11,0x83,0x03,0x00,0x41,0x30,0x88,0xf0,0x91,0xd8,0x43,0x82,0x38,0x41,0x62,0xc4,0xe0,0x00,
    0x40,0x10,0x0c,0xa2,0x7c,0x24,0xf8,0x90,0x20,0x50,0x90,0x18,0x31,0x38,0x00,0x10,0x04,0x83,0x48,0x1f,0x89,0x3e,0x24,0x88,
    0x14,0x24,0x46,0x0c,0x0e,0x00,0x04,0xc1,0x20,0xda,0x47,0xc2,0x0f,0x09,0x42,0x05,0x89,0x11,0x83,0x03,0x00,0x41,0x30,0x88,
    0xf8,0x91,0xf0,0x43,0x82,0x50,0x41,0x62,0xc4,0xe0,0x00,0x40,0x10,0x0c,0xa2,0x7e,0x24,0xfe,0x90,0x20,0x56,0x90,0x18,0x31,
    0x38,0x00,0x10,0x04,0x83,0xc8,0x1f,0x09,0x50,0x24,0x08,0x16,0x24,0x46,0x0c,0x0e,0x00,0x04,0xc1,0x20,0xfa,0x47,0x22,0x14,
    0x09,0xa2,0x05,0x89,0x59,0x02,0xb5,0x1b,0x6e,0x88,0xf9,0xc1,0x0e,0x09,0x30,0x98,0x65,0xc8,0x39,0x9d,0x0b,0x0c,0x77,0xda,
    0x26,0x3e,0x86,0x3b,0x6d,0x13,0x1f,0xc3,0x9d,0xb6,0x89,0x8f,0xf9,0xce,0xdc,0xc4,0xc7,0x88,0xbe,0x1f,0xe4,0x63,0x84,0xdf,
    0x0f,0xf2,0x31,0xe2,0xef,0x07,0xf9,0x18,0x01,0xfa,0x83,0x7c,0x8c,0xa8,0x1b,0xf8,0x18,0x51,0x37,0xf0,0x31,0xa2,0x6e,0xe0,
    0x63,0xc4,0xde,0xc0,0x67,0x96,0x40,0xed,0x86,0x1b,0x7c,0x7e,0xc0,0x43,0x02,0x0c,0x66,0x19,0xd4,0x6e,0xe7,0x82,0xe1,0x86,
    0x9f,0x1f,0xec,0x90,0x00,0x83,0x59,0x06,0x9e,0xeb,0xb9,0xc0,0xf6,0x26,0x7d,0xe4,0x63,0x7b,0xa3,0x3e,0xf2,0xb1,0xbd,0x59,
    0x1f,0xf9,0x58,0xe8,0xb0,0x8f,0x7c,0x8c,0x50,0x1f,0xf8,0x18,0xa1,0x3e,0xf0,0x31,0x42,0x7d,0xe0,0x63,0x04,0xfc,0xc0,0x67,
    0xc4,0xe0,0x00,0x40,0x10,0x0c,0xa2,0x9b,0x24,0x74,0x91,0x20,0xcc,0x90,0x18,0x31,0x38,0x00,0x10,0x04,0x83,0x08,0x27,0x89,
    0x5d,0x24,0x88,0x33,0x24,0x46,0x0c,0x0e,0x00,0x04,0xc1,0x20,0xca,0x49,0x82,0x17,0x09,0x02,0x0d,0x89,0x11,0x83,0x03,0x00,
    0x41,0x30,0x88,0x74,0x92,0xe8,0x45,0x82,0x48,0x43,0x62,0xc4,0xe0,0x00,0x40,0x10,0x0c,0xa2,0x9d,0x24,0x7a,0x91,0x20,0xd2,
    0x90,0x18,0x31,0x38,0x00,0x10,0x04,0x83,0x88,0x27,0x09,0x5f,0x24,0x08,0x35,0x24,0x46,0x0c,0x0e,0x00,0x04,0xc1,0x20,0xea,
    0x49,0xe2,0x17,0x09,0x62,0x0d,0x89,0x11,0x83,0x03,0x00,0x41,0x30,0x88,0x7c,0x92,0x00,0x47,0x82,0x60,0x43,0x62,0x96,0x40,
    0xed,0x86,0x1b,0xe0,0x7e,0x08,0x45,0x02,0x0c,0x66,0x19,0x7c,0xee,0xe7,0x02,0x63,0x9d,0xfb,0x91,0x8f,0xb1,0xce,0xfd,0xc8,
    0xc7,0x58,0xe7,0x7e,0xe4,0x63,0xb2,0xd3,0x3f,0xf2,0x31,0xc2,0x7f,0xe0,0x63,0xc4,0xff,0xc0,0xc7,0x08,0x10,0x82,0x8f,0x11,
    0x21,0x04,0x9f,0x11,0x83,0x03,0x00,0x41,0x30,0x88,0xd0,0x92,0x58,0x47,0x82,0xb8,0x43,0x62,0xc4,0xe0,0x00,0x40,0x10,0x0c,
    0xa2,0xb4,0x24,0xd8,0x91,0x20,0xf0,0x90,0x18,0x31,0x38,0x00,0x10,0x04,0x83,0x48,0x2d,0x89,0x76,0x24,0x88,0x3c,0x24,0x46,
    0x0c,0x0e,0x00,0x04,0xc1,0x20,0x5a,0x4b,0xc2,0x1d,0x09,0x42,0x0f,0x89,0x11,0x83,0x03,0x00,0x41,0x30,0x88,0xd8,0x92,0x70,
    0x47,0x82,0xd0,0x43,0x62,0xc4,0xe0,0x00,0x40,0x10,0x0c,0xa2,0xb6,0x24,0xde,0x91,0x20,0xf6,0x90,0x18,0x31,0x38,0x00,0x10,
    0x04,0x83,0xc8,0x2d,0x09,0x78,0x24,0x08,0x3e,0x24,0x46,0x0c,0x0e,0x00,0x04,0xc1,0x20,0x7a,0x4b,0x22,0x1e,0x09,0xa2,0x0f,
    0x89,0x59,0x02,0xb5,0x1b,0x6e,0x08,0xfd,0xe1,0x16,0x09,0x30,0x98,0x65,0x00,0xbb,0xb0,0x0b,0xec,0x0f,0x89,0x15,0x8a,0x8f,
    0xf9,0x4e,0x20,0x1f,0xf3,0x1d,0x41,0x3e,0xe6,0x3b,0x83,0x7c,0x8c,0x7c,0x08,0xf9,0x18,0xd1,0x42,0xf0,0x31,0xa2,0x85,0xe0,
    0x63,0x44,0x0b,0xc1,0xc7,0x88,0x19,0x82,0xcf,0x88,0xc1,0x01,0x80,0x20,0x18,0x44,0x7a,0x49,0xf4,0x23,0x41,0xa4,0x22,0x31,
    0x62,0x70,0x00,0x20,0x08,0x06,0xd1,0x5e,0x12,0xfe,0x48,0x10,0xaa,0x48,0x8c,0x18,0x1c,0x00,0x08,0x82,0x41,0xc4,0x97,0xc4,
    0x3f,0x12,0xc4,0x2a,0x12,0x23,0x06,0x07,0x00,0x82,0x60,0x10,0xf5,0x25,0x01,0x92,0x04,0xc1,0x8a,0xc4,0x88,0xc1,0x01,0x80,
    0x20,0x18,0x44,0x7e,0x49,0x80,0x24,0x41,0xb0,0x22,0x31,0x62,0x70,0x00,0x20,0x08,0x06,0xd1,0x5f,0x12,0x21,0x49,0x10,0xad,
    0x48,0x8c,0x18,0x1c,0x00,0x08,0x82,0x41,0x04,0x9a,0x84,0x48,0x12,0x84,0x2b,0x12,0x23,0x06,0x07,0x00,0x82,0x60,0x10,0x85,
    0x26,0x31,0x92,0x04,0xf1,0x8a,0xc4,0x2c,0x81,0xda,0x0d,0x37,0xcc,0xfe,0x60,0x8f,0x04,0x18,0xcc,0x32,0x88,0xdd,0xd8,0x05,
    0x16,0x8b,0x84,0x0e,0xc5,0xc7,0x64,0x91,0xd0,0xa1,0xf8,0xd8,0x2c,0x12,0x3a,0x14,0x1f,0xa3,0x45,0x02,0x8c,0xe2,0x63,0xf3,
    0x43,0xc8,0xc7,0xe6,0x87,0x90,0x8f,0xcd,0x0f,0x21,0x1f,0xcb,0x1f,0x42,0x3e,0x46,0x94,0x11,0x7c,0x8c,0x30,0x23,0xf8,0x18,
    0x71,0x46,0xf0,0x31,0x02,0x8d,0xe0,0x33,0x62,0x70,0x00,0x20,0x08,0x06,0xd1,0x6b,0x12,0x32,0x49,0x10,0xbe,0x48,0x8c,0x18,
    0x1c,0x00,0x08,0x82,0x41,0x04,0x9b,0xc4,0x4c,0x12,0xc4,0x2f,0x12,0x23,0x06,0x07,0x00,0x82,0x60,0x10,0xc5,0x26,0x41,0x93,
    0x04,0x01,0x8e,0xc4,0x88,0xc1,0x01,0x80,0x20,0x18,0x44,0xb2,0x49,0xd4,0x24,0x41,0x84,0x23,0x31,0x62,0x70,0x00,0x20,0x08,
    0x06,0xd1,0x6c,0x12,0x35,0x49,0x10,0xe1,0x48,0x8c,0x18,0x1c,0x00,0x08,0x82,0x41,0x44,0x9b,0x84,0x4d,0x12,0x84,0x38,0x12,
    0x23,0x06,0x07,0x00,0x82,0x60,0x10,0xd5,0x26,0x71,0x93,0x04,0x31,0x8e,0xc4,0x88,0xc1,0x01,0x80,0x20,0x18,0x44,0xb6,0x49,
    0xe0,0x24,0x41,0x90,0x23,0x31,0x4b,0xa0,0x76,0x95,0xfe,0x03,0x48,0x12,0x3a,0xdc,0x10,0xc8,0x24,0x01,0x06,0xb3,0x0c,0x6a,
    0x47,0x76,0xc1,0x70,0x83,0xfa,0x0f,0x2b,0x49,0x80,0xc1,0x2c,0x43,0xd9,0x99,0x5d,0x60,0x26,0xa4,0x8e,0x04,0x7c,0xcc,0x84,
    0xd6,0x91,0x80,0x8f,0x99,0x10,0x3b,0x12,0xf0,0x31,0x3a,0x6a,0x47,0x02,0x3e,0x46,0x47,0xee,0x48,0xc0,0xc7,0xe8,0xe8,0x1d,
    0x09,0xf8,0x8c,0x18,0x2c,0x00,0x08,0x82,0xc1,0x18,0xe0,0x26,0x91,0x96,0xc4,0x20,0x04,0x46,0x41,0x58,0x40,0x8f,0x84,0x7c,
    0x46,0x0c,0x0e,0x00,0x04,0xc1,0x20,0x12,0x4f,0xa2,0x2c,0x89,0x20,0x1e,0x89,0x11,0x83,0x03,0x00,0x41,0x30,0x88,0xc6,0x93,
    0x28,0x4b,0x22,0x88,0x47,0x62,0x96,0x40,0xed,0x86,0x1b,0xea,0x7f,0x70,0x4b,0x02,0x0c,0x66,0x19,0xce,0x0e,0xed,0x02,0x8b,
    0x21,0x3e,0x92,0x8f,0xc5,0x10,0x1f,0xc9,0xc7,0x62,0x88,0x8f,0xe4,0x63,0x37,0x24,0x4a,0xf2,0x31,0xf5,0x21,0xe0,0x63,0xea,
    0x43,0xc0,0xc7,0xd4,0x87,0x80,0x8f,0xc1,0x0f,0x01,0x9f,0x11,0x83,0x03,0x00,0x41,0x30,0x88,0xda,0x93,0x80,0x4b,0x82,0xe0,
    0x47,0x62,0xc4,0xe0,0x00,0x40,0x10,0x0c,0x22,0xf7,0x24,0xe2,0x92,0x20,0xfa,0x91,0x18,0x31,0x38,0x00,0x10,0x04,0x83,0xe8,
    0x3d,0x09,0xb9,0x24,0x08,0x7f,0x24,0x46,0x0c,0x0e,0x00,0x04,0xc1,0x20,0x82,0x4f,0x62,0x2e,0x09,0xe2,0x1f,0x89,0x11,0x83,
    0x03,0x00,0x41,0x30,0x88,0xe2,0x93,0x98,0x4b,0x82,0xf8,0x47,0x62,0xc4,0xe0,0x00,0x40,0x10,0x0c,0x22,0xf9,0x24,0xe8,0x92,
    0x20,0x40,0x92,0x18,0x31,0x38,0x00,0x10,0x04,0x83,0x68,0x3e,0x89,0xba,0x24,0x88,0x90,0x24,0x46,0x0c,0x0e,0x00,0x04,0xc1,
    0x20,0xa2,0x4f,0xc2,0x2e,0x09,0x42,0x24,0x89,0x59,0x02,0xb5,0x1b,0x6e,0x30,0x41,0xc2,0x26,0x09,0x30,0x98,0x65,0x48,0x3b,
    0xb5,0x0b,0xec,0x7e,0x5a,0x49,0x3e,0x76,0x3f,0xad,0x24,0x1f,0xbb,0x9f,0x56,0x92,0x8f,0xf5,0xcf,0x2c,0xc9,0xc7,0x50,0x92,
    0xd8,0x9f,0xf8,0x58,0x4a,0x12,0xfb,0x13,0x1f,0x53,0x49,0x62,0x7f,0xe2,0x63,0x2b,0x49,0x84,0x50,0x7c,0x8c,0x50,0x23,0xf9,
    0x18,0xa1,0x46,0xf2,0x31,0x42,0x8d,0xe4,0x63,0x04,0x1c,0xc9,0xc7,0x08,0x06,0x3e,0x46,0x30,0xf0,0x31,0x82,0x81,0x8f,0x11,
    0x0c,0x7c,0x46,0x0c,0x0e,0x00,0x04,0xc1,0x20,0x32,0x51,0x22,0x35,0x09,0xa2,0x26,0x89,0x11,0x83,0x03,0x00,0x41,0x30,0x88,
    0x4e,0x94,0x50,0x4d,0x82,0xb0,0x49,0x62,0xc4,0xe0,0x00,0x40,0x10,0x0c,0x22,0x14,0x25,0x56,0x93,0x20,0x6e,0x92,0x18,0x31,
    0x38,0x00,0x10,0x04,0x83,0x28,0x45,0x09,0xd6,0x24,0x08,0x9c,0x24,0x46,0x0c,0x0e,0x00,0x04,0xc1,0x20,0x52,0x51,0x82,0x35,
    0x09,0x02,0x27,0x89,0x11,0x83,0x03,0x00,0x41,0x30,0x88,0x56,0x94,0x68,0x4d,0x82,0xc8,0x49,0x62,0xc4,0xe0,0x00,0x40,0x10,
    0x0c,0x22,0x16,0x25,0x5c,0x93,0x20,0x74,0x92,0x18,0x31,0x38,0x00,0x10,0x04,0x83,0xa8,0x45,0x89,0xd7,0x24,0x88,0x9d,0x24,
    0x66,0x09,0xd4,0x6e,0xa0,0x3a,0x18,0x6c,0xaa,0xdf,0x50,0x2a,0xe4,0xcc,0x69,0xe4,0x48,0xa9,0xe4,0xd4,0xe8,0xe4,0x50,0x28,
    0xe5,0x7c,0x67,0xe5,0x48,0xa7,0xe5,0x74,0xe6,0xe5,0x40,0x26,0xe6,0xcc,0x65,0xe6,0x50,0xa5,0xe6,0xc8,0xe4,0xe6,0x54,0x24,
    0xe7,0xcc,0x83,0xe7,0x48,0xc3,0xe7,0xc0,0x02,0xec,0xec,0x41,0xec,0x6c,0xa1,0xec,0xf4,0xe0,0xec,0x90,0xb4,0x53,0xcd,0xc0,
    0xdf,0xe8,0x31,0xf8,0x37,0xd5,0x0c,0x74,0x4e,0xd5,0xc6,0x4e,0x26,0x11,0xb4,0x1b,0xa8,0x0e,0x06,0x9b,0xea,0x37,0x94,0x0a,
    0x39,0x73,0x1a,0x39,0x52,0x2a,0x39,0x35,0x3a,0x39,0x14,0x4a,0x39,0xdf,0x59,0x39,0xd2,0x69,0x39,0x9d,0x79,0x39,0x90,0x89,
    0x39,0x73,0x99,0x39,0x54,0xa9,0x39,0x32,0xb9,0x39,0x15,0xc9,0x39,0xf3,0xe0,0x39,0xd2,0xf0,0x39,0xb0,0x00,0x3b,0x7b,0x10,
    0x3b,0x5c,0x28,0x3b,0x3d,0x38,0x3b,0x24,0xed,0x54,0x33,0xf0,0x37,0x7a,0x0c,0xfe,0x4d,0x35,0x03,0x9d,0x53,0xb5,0xb1,0x93,
    0x49,0x04,0xed,0x06,0xaa,0x83,0xc1,0xa6,0xfa,0x0d,0xa5,0x42,0xce,0x9c,0x46,0x8e,0x94,0x4a,0x4e,0x8d,0x4e,0x0e,0x85,0x52,
    0xce,0x77,0x56,0x8e,0x74,0x5a,0x4e,0x67,0x5e,0x0e,0x64,0x62,0xce,0x5c,0x66,0x0e,0x55,0x6a,0x8e,0x4c,0x6e,0x4e,0x45,0x72,
    0xce,0x3c,0x78,0x8e,0x34,0x7c,0x0e,0x2c,0xc0,0xce,0x1e,0xc4,0x4e,0x17,0xca,0x4e,0x0f,0xce,0x0e,0x49,0x3b,0xd5,0x0c,0xfc,
    0x8d,0x1e,0x83,0x7f,0x53,0xcd,0x40,0xe7,0x54,0x6d,0xec,0x64,0x12,0x41,0xbb,0x81,0xea,0x60,0xb0,0xa9,0x7e,0x43,0xa9,0x90,
    0x33,0xa7,0x91,0x23,0xa5,0x92,0x53,0xa3,0x93,0x43,0xa1,0x94,0xf3,0x9d,0x95,0x23,0x9d,0x96,0xd3,0x99,0x97,0x03,0x99,0x98,
    0x33,0x97,0x99,0x43,0x95,0x9a,0x23,0x93,0x9b,0x53,0x91,0x9c,0x33,0x0f,0x9e,0x23,0x0d,0x9f,0x03,0x0b,0xb0,0xb3,0x07,0xb1,
    0xe3,0x85,0xb2,0xd3,0x83,0xb3,0x43,0xd2,0xce,0x36,0x03,0x7f,0x03,0xc9,0xe0,0xdf,0x6c,0x33,0xd0,0x39,0x55,0x1b,0x3b,0x99,
    0x44,0xd0,0x6e,0xb8,0xe1,0xfe,0x87,0x13,0x25,0xc0,0x60,0x96,0xe1,0xf6,0xd6,0x2e,0x18,0x6e,0xc0,0xff,0x81,0x44,0x09,0x30,
    0x98,0x65,0xb8,0x3d,0xb6,0x0b,0x86,0x1b,0xf2,0x7f,0x18,0x51,0x02,0x0c,0x66,0x19,0x6e,0xaf,0xed,0x82,0xe1,0x06,0xfd,0x1f,
    0x46,0x94,0x00,0x83,0x59,0x06,0xb7,0x7b,0xbb,0xc0,0x48,0xe7,0x7d,0xe4,0x33,0x4b,0x70,0x7b,0xc3,0x0d,0xfc,0x3f,0x90,0x28,
    0x01,0x06,0xb3,0x0c,0x70,0x17,0x77,0x81,0x99,0x4e,0xfc,0xc8,0xc7,0x82,0xb5,0x24,0xe4,0x33,0x62,0x70,0x00,0x20,0x08,0x06,
    0x91,0x8e,0x12,0xbd,0x49,0x04,0x69,0x49,0x8c,0x18,0x1c,0x00,0x08,0x82,0x41,0xb4,0xa3,0x44,0x6f,0x12,0x41,0x5a,0x12,0xb3,
    0x04,0xb7,0x37,0xdc,0x10,0x82,0x84,0x8b,0x12,0x60,0x30,0xcb,0x20,0x77,0x73,0x17,0xd8,0xea,0xd8,0x8f,0x7c,0x2c,0x88,0x4b,
    0x42,0x3e,0x23,0x06,0x07,0x00,0x82,0x60,0x10,0xfd,0x28,0x21,0x9e,0x44,0xe0,0x96,0xc4,0x88,0xc1,0x01,0x80,0x20,0x18,0x44,
    0x60,0x4a,0x88,0x27,0x11,0xb8,0x25,0x31,0x4b,0x70,0x7b,0xc3,0x0d,0x26,0x48,0xb4,0x28,0x01,0x06,0xb3,0x0c,0x74,0x57,0x77,
    0x81,0xc1,0xce,0xfe,0xc0,0x67,0xc4,0xe0,0x00,0x40,0x10,0x0c,0xa2,0x31,0x25,0xcc,0x93,0x08,0xe4,0x92,0x18,0x31,0x38,0x00,
    0x10,0x04,0x83,0x88,0x4c,0x09,0xf3,0x24,0x02,0xb9,0x24,0x66,0x09,0x6e,0x6f,0xb8,0x41,0x05,0x09,0x1c,0x25,0xc0,0x60,0x96,
    0xc1,0xee,0xee,0x2e,0x30,0xda,0xf9,0x1f,0xf8,0x58,0x70,0x97,0x04,0x7c,0x46,0x0c,0x0e,0x00,0x04,0xc1,0x20,0x42,0x53,0x62,
    0x3d,0x89,0xe0,0x2e,0x89,0x11,0x83,0x03,0x00,0x41,0x30,0x88,0xd2,0x94,0x58,0x4f,0x22,0xb8,0x4b,0x62,0x96,0xe0,0xf6,0x86,
    0x1b,0x5e,0x90,0xd0,0x51,0x02,0x0c,0x66,0x19,0xf0,0x2e,0xef,0x02,0xcb,0x1d,0x12,0x82,0x8f,0x05,0x7c,0x49,0xc0,0xc7,0x82,
    0xbf,0x24,0xe4,0x33,0x62,0x70,0x00,0x20,0x08,0x06,0x91,0x9b,0x12,0xf1,0x49,0x04,0x7d,0x49,0x8c,0x18,0x1c,0x00,0x08,0x82,
    0x41,0xf4,0xa6,0x44,0x7c,0x12,0x41,0x5f,0x12,0xb3,0x04,0xb7,0x37,0xdc,0x50,0x83,0x44,0x8e,0x12,0x60,0x30,0xcb,0xa0,0x77,
    0x7b,0x17,0x98,0x0a,0xfd,0x4e,0x7c,0x46,0x0c,0x0e,0x00,0x04,0xc1,0x20,0x92,0x53,0xa2,0x3e,0x89,0x20,0x34,0x89,0x11,0x83,
    0x03,0x00,0x41,0x30,0x88,0xe6,0x94,0xa8,0x4f,0x22,0x08,0x4d,0x62,0x96,0xe0,0xf6,0x86,0x1b,0x72,0x90,0xe0,0x51,0x02,0x0c,
    0x66,0x19,0xf8,0xae,0xef,0x02,0x1b,0x1f,0x17,0x82,0x8f,0x91,0xcf,0x0b,0xc9,0xc7,0x84,0x20,0x3e,0x23,0x06,0x07,0x00,0x82,
    0x60,0x10,0xe1,0x29,0xb1,0x9f,0x44,0x70,0x9a,0xc4,0x88,0xc1,0x01,0x80,0x20,0x18,0x44,0x79,0x4a,0xec,0x27,0x11,0x9c,0x26,
    0x31,0x4b,0x70,0x7b,0xc3,0x0d,0x3f,0x48,0x84,0x29,0x01,0x06,0xb3,0x0c,0x7e,0xf7,0x77,0x81,0xd1,0x50,0xfa,0xc4,0xc7,0x02,
    0x7e,0x24,0xe4,0x63,0xc1,0xfa,0xc0,0x67,0x96,0xe0,0xf6,0x86,0x1b,0xc6,0x90,0x20,0x53,0x02,0x0c,0x66,0x19,0x40,0x2f,0xf4,
    0x02,0xc3,0xa1,0xf6,0x89,0x8f,0x05,0xa4,0x25,0x1f,0x0b,0xde,0x07,0x3e,0xb3,0x04,0xb7,0x37,0xdc,0x70,0x86,0x84,0x8a,0x12,
    0x60,0x30,0xcb,0x20,0x7a,0xa3,0x17,0x8c,0x18,0x1c,0x00,0x08,0x82,0x81,0x19,0xe8,0x29,0x21,0xa2,0x04,0x68,0x12,0x73,0x4a,
    0x8c,0x26,0x04,0x83,0xf9,0xd0,0xfc,0xc4,0xc7,0x84,0x40,0x3e,0x16,0xd4,0x0f,0x7c,0x66,0x09,0x6e,0x6f,0xb8,0xa1,0x0d,0x09,
    0x39,0x25,0xc0,0x60,0x96,0x81,0xf4,0x4a,0x2f,0xb0,0xdb,0x24,0x5a,0x2b,0x3e,0x86,0x3f,0x81,0x7c,0x2c,0x20,0x23,0xf8,0x8c,
    0x18,0x1c,0x00,0x08,0x82,0x41,0xc4,0xaa,0xc4,0x8b,0x12,0xc1,0x6e,0x12,0x23,0x06,0x07,0x00,0x82,0x60,0x10,0xb5,0x2a,0xf1,
    0xa2,0x44,0xb0,0x9b,0xc4,0x2c,0xc1,0xed,0x0d,0x37,0xcc,0x21,0x41,0xa2,0x04,0x18,0xcc,0x32,0x98,0xde,0xe9,0x05,0x86,0x46,
    0xfd,0x13,0x1f,0x0b,0x50,0x92,0x90,0x8f,0x05,0xff,0x03,0x9f,0x59,0x82,0xdb,0x1b,0x6e,0xb8,0x43,0xa2,0x3f,0x09,0x30,0x98,
    0x65,0xb8,0x3d,0xd4,0x0b,0x86,0x1b,0xf0,0x90,0xd8,0x4f,0x02,0x0c,0x66,0x19,0x52,0x4f,0xf5,0x02,0x13,0xa1,0x36,0x92,0x8f,
    0x05,0x6e,0x04,0x9f,0x11,0x83,0x03,0x00,0x41,0x30,0x88,0x6c,0x95,0xc8,0x51,0x22,0x28,0x4f,0x62,0xc4,0xe0,0x00,0x40,0x10,
    0x0c,0xa2,0x5b,0x25,0x72,0x94,0x08,0xca,0x93,0x98,0x25,0xb8,0xbd,0xe1,0x86,0x3e,0x24,0xf4,0x93,0x00,0x83,0x59,0x86,0xd5,
    0x63,0xbd,0xc0,0x4e,0x48,0x8e,0xe4,0x63,0xc1,0x1c,0xc1,0x67,0xc4,0xe0,0x00,0x40,0x10,0x0c,0xa2,0x5d,0x25,0x7c,0x94,0x08,
    0xd4,0x93,0x18,0x31,0x38,0x00,0x10,0x04,0x83,0x88,0x57,0x09,0x1f,0x25,0x02,0xf5,0x24,0x66,0x09,0x6e,0x6f,0xb8,0x41,0x14,
    0x09,0x12,0x25,0xc0,0x60,0x96,0xa1,0xf5,0x5c,0x2f,0x30,0xf6,0x24,0xee,0x28,0x3e,0xd6,0x42,0x81,0x7c,0x2c,0xc8,0x23,0xf8,
    0x8c,0x18,0x1c,0x00,0x08,0x82,0x41,0x14,0xae,0x04,0x99,0x12,0x01,0x7c,0x12,0x23,0x06,0x07,0x00,0x82,0x60,0x10,0x89,0x2b,
    0x41,0xa6,0x44,0x00,0x9f,0xc4,0x2c,0xc1,0xed,0x0d,0x37,0xa0,0x22,0x71,0xa3,0x04,0x18,0xcc,0x32,0xbc,0x1e,0xec,0x05,0x26,
    0x9f,0x44,0x1f,0xc5,0xc7,0x66,0x28,0x90,0x8f,0x05,0x7f,0x04,0x9f,0x11,0x83,0x03,0x00,0x41,0x30,0x88,0xce,0x95,0x50,0x53,
    0x22,0xb0,0x4f,0x62,0xc4,0xe0,0x00,0x40,0x10,0x0c,0x22,0x74,0x25,0xd4,0x94,0x08,0xec,0x93,0x98,0x25,0xb8,0xbd,0x7a,0x45,
    0x42,0x46,0x09,0x1d,0x6e,0x08,0xc8,0x94,0x00,0x83,0x59,0x86,0xdb,0x8b,0xbd,0x60,0xb8,0x01,0x16,0x89,0x1e,0x25,0xc0,0x60,
    0x96,0x41,0xf6,0x66,0x2f,0xb0,0x1b,0xe2,0x4f,0x02,0x3e,0x76,0x43,0xfd,0x49,0xc0,0xc7,0x6e,0xc8,0x3f,0x09,0xf8,0x58,0x29,
    0xfd,0x27,0x01,0x1f,0x2b,0x25,0x10,0x25,0xe0,0x63,0xa5,0x14,0xa2,0x04,0x7c,0x46,0x0c,0x16,0x00,0x04,0xc1,0x60,0x0c,0xd4,
    0x95,0xd8,0x53,0x62,0x10,0x02,0xa3,0x20,0x2c,0x30,0x51,0x42,0x3e,0x23,0x06,0x07,0x00,0x82,0x60,0x10,0xd1,0x2b,0x71,0xa7,
    0x44,0x30,0xa2,0xc4,0x88,0xc1,0x01,0x80,0x20,0x18,0x44,0xf5,0x4a,0xdc,0x29,0x11,0x8c,0x28,0x31,0x4b,0x70,0x7b,0xc3,0x0d,
    0xbb,0x48,0x80,0x2a,0x01,0x06,0xb3,0x0c,0xb4,0x57,0x7b,0x81,0x95,0x11,0x2c,0xc9,0xc7,0x60,0x28,0x80,0xcf,0x88,0xc1,0x01,
    0x80,0x20,0x18,0x44,0xf9,0x4a,0xf0,0x29,0x11,0xa0,0x28,0x31,0x62,0x70,0x00,0x20,0x08,0x06,0x91,0xbe,0x12,0x7c,0x4a,0x04,
    0x28,0x4a,0xcc,0x12,0xdc,0xde,0x70,0x03,0x38,0x12,0x3c,0x4a,0x80,0xc1,0x2c,0x83,0xed,0xdd,0x5e,0x60,0x34,0x54,0x4b,0xf2,
    0xb1,0x15,0x25,0x6a,0x28,0x3e,0x16,0xb0,0x91,0x7c,0x2c,0x18,0xe0,0x33,0x62,0x70,0x00,0x20,0x08,0x06,0x11,0xc8,0x12,0xa3,
    0x4a,0x04,0x2f,0x4a,0x8c,0x18,0x1c,0x00,0x08,0x82,0x41,0x14,0xb2,0xc4,0xa8,0x12,0xc1,0x8b,0x12,0xb3,0x04,0xb7,0x37,0x50,
    0x1d,0x0c,0xb8,0xe1,0x76,0xae,0x01,0x77,0xa4,0x21,0x77,0x7c,0x41,0x77,0x72,0x61,0x77,0x66,0x81,0x77,0x3e,0xa1,0x77,0x32,
    0xc1,0x77,0x2a,0xe1,0x77,0x22,0x01,0x7a,0xf6,0x20,0x7a,0xea,0x40,0x7a,0xe2,0x60,0x7a,0xb6,0x90,0x7a,0xac,0xb0,0x7a,0xa0,
    0xd0,0x7a,0x74,0xf0,0x7a,0x9a,0xec,0x41,0xb4,0x27,0xd8,0x1e,0x1b,0x06,0x6a,0x67,0x97,0xc1,0xda,0x81,0x63,0xc0,0x76,0x76,
    0x19,0x9c,0x1e,0x1b,0x06,0xb0,0x47,0xaf,0x48,0xed,0x0d,0x37,0xd0,0x24,0x51,0xa7,0x04,0x18,0x4c,0x37,0xcc,0x83,0x10,0x4c,
    0x37,0x80,0x26,0x71,0x0f,0xb8,0x48,0x4c,0x37,0x80,0x26,0x71,0x0f,0xb9,0x48,0x4c,0x37,0x80,0x26,0x71,0x0f,0xba,0x48,0x4c,
    0x37,0x80,0x26,0x41,0xec,0x22,0x31,0xdd,0xb0,0x0f,0xa0,0x49,0xf0,0x22,0x31,0xdd,0xb0,0x0f,0xa0,0x49,0xf4,0x22,0x31,0xdd,
    0xb0,0x0f,0xa0,0x49,0xf8,0x22,0x31,0xdd,0x80,0x80,0x26,0xf1,0x8b,0x44,0xc9,0x22,0x31,0xaf,0x04,0x56,0x30,0xb2,0x84,0x1a,
    0x5f,0x12,0x24,0x4b,0xc0,0x60,0xb8,0x21,0x18,0x59,0x02,0x0d,0x66,0x19,0x02,0xdc,0x0b,0x06,0x3a,0x06,0x9c,0x45,0x2e,0x9c,
    0x45,0x02,0xec,0xf6,0x06,0x3a,0x06,0x9c,0x45,0x2e,0x9c,0x45,0x02,0xec,0xf6,0x06,0x3a,0x06,0x9c,0x45,0x2e,0x9c,0x45,0x02,
    0xec,0xf6,0x06,0x3a,0x06,0x9c,0x45,0x2e,0x9c,0x45,0x02,0xec,0xf6,0x46,0x0c,0x0e,0x00,0x04,0xc1,0xc0,0x0c,0x58,0x96,0xa0,
    0x55,0x42,0x46,0x09,0x52,0x25,0x46,0x13,0x02,0xe0,0x02,0x02,0x55,0xb0,0xae,0x84,0x0e,0x37,0x04,0x2d,0x4b,0x80,0xc1,0x2c,
    0x83,0xee,0xe5,0x5e,0x60,0x49,0x6e,0x12,0xf0,0xb1,0x24,0x37,0x09,0xf8,0x58,0x92,0x9b,0x04,0x7c,0x66,0x09,0x74,0x6f,0xa0,
    0x62,0x30,0x72,0x0f,0xc3,0xbd,0x81,0x8a,0xc1,0xc8,0x3d,0x0c,0xf7,0x06,0x2a,0x06,0x23,0xf7,0x30,0xdc,0xab,0x64,0x66,0x09,
    0x1d,0x6e,0x08,0x6a,0x96,0x00,0x83,0x59,0x06,0xf5,0xdb,0xbd,0xa0,0x16,0x98,0x25,0xb0,0x82,0x96,0x25,0x74,0xc4,0xe0,0x00,
    0x40,0x10,0x0c,0xcc,0x60,0x67,0x89,0x71,0x25,0xc2,0x94,0xb8,0x59,0x62,0x34,0x21,0x00,0x4c,0x1a,0x55,0x42,0x3e,0x23,0x06,
    0x06,0x00,0x82,0x60,0xd0,0xa4,0x2d,0x81,0xaa,0x44,0x30,0x62,0x60,0x00,0x20,0x08,0x06,0x8d,0xda,0x12,0xe6,0x4a,0x0c,0x16,
    0x9c,0x2a,0x21,0x9f,0x11,0x03,0x03,0x00,0x41,0x30,0x68,0xd8,0x96,0x40,0x57,0x22,0xb0,0x60,0x80,0x4f,0x29,0x38,0x4b,0xe8,
    0x70,0x43,0x10,0xb6,0x04,0x18,0xcc,0x32,0xa0,0x1f,0xef,0x05,0xc3,0x0d,0xcb,0xd8,0x12,0x60,0x30,0xcb,0x80,0x7e,0xbd,0x17,
    0x0c,0x37,0x30,0x60,0x4b,0x80,0xc1,0x2c,0x83,0xef,0xfd,0x5e,0x30,0x1c,0x91,0x14,0xc4,0x37,0x4b,0x80,0x7e,0xc3,0x0d,0x0e,
    0xd8,0x12,0x60,0x30,0xcb,0x00,0x7e,0xe1,0x17,0x0c,0x47,0x2c,0x47,0xf0,0xcd,0x12,0xa0,0xdf,0x70,0x03,0x14,0xb6,0x04,0x18,
    0xcc,0x32,0x88,0xdf,0xf8,0x05,0xc3,0x11,0x4d,0x52,0x7c,0xb3,0x04,0xe8,0x37,0xdc,0x20,0x89,0x2d,0x01,0x06,0xb3,0x0c,0xe4,
    0x57,0x7e,0xc1,0x70,0xc4,0xb3,0x08,0xdf,0x2c,0x01,0xfa,0x0d,0x37,0x50,0x69,0x4b,0x80,0xc1,0x2c,0x83,0xf9,0x9d,0x5f,0x30,
    0x1c,0x11,0x35,0xce,0x37,0x4b,0x80,0x7e,0xc3,0x11,0x92,0x33,0x7c,0xc3,0x0d,0x97,0xd9,0x12,0x61,0x50,0x81,0xb0,0xb3,0x04,
    0xe8,0x37,0x50,0xa4,0x60,0xbe,0x47,0x81,0x1f,0x24,0x7e,0x0c,0xf9,0x21,0xe6,0x47,0xe6,0xc8,0xee,0x89,0x39,0xc2,0x7b,0xc2,
    0xf9,0xcd,0x32,0xa8,0x5f,0xfa,0x05,0x23,0x06,0x06,0x00,0x82,0x60,0xb0,0x80,0x2e,0x11,0xb3,0xc4,0xcc,0x12,0xb3,0x04,0xea,
    0x37,0x62,0x70,0x00,0x20,0x08,0x06,0x66,0x40,0xb7,0x04,0xbf,0x12,0x7a,0x4a,0xb0,0x2b,0x31,0x9a,0x10,0x00,0x17,0x10,0xa8,
    0x02,0x75,0x25,0x74,0xb8,0x21,0xa8,0x5b,0x02,0x0c,0x66,0x19,0xe4,0x6f,0xfd,0x82,0x1a,0xd4,0x96,0xc0,0x0a,0xe4,0x96,0xd0,
    0xe1,0x86,0x00,0x6f,0x09,0x30,0x98,0x65,0x88,0x3f,0xf6,0x0b,0x0c,0x54,0x89,0x3f,0x25,0xe8,0x33,0x62,0x70,0x00,0x20,0x08,
    0x06,0x66,0xd0,0xb7,0x44,0xc9,0x12,0xa3,0x4a,0xbc,0x2d,0x31,0x9a,0x10,0x00,0xa3,0x09,0x42,0x30,0x9a,0x30,0x08,0xc3,0x0d,
    0xc7,0xdf,0x12,0x60,0x30,0xcb,0xd0,0x7e,0xee,0x17,0x98,0x60,0xc8,0xc7,0x82,0x73,0x25,0xe4,0x33,0x62,0x60,0x00,0x20,0x08,
    0x06,0xcd,0xeb,0x12,0x21,0x4b,0x04,0x23,0x06,0x07,0x00,0x82,0x60,0x10,0xb9,0x2e,0x11,0xb3,0x44,0xd0,0xab,0xc4,0x88,0xc1,
    0x01,0x80,0x20,0x18,0x44,0xaf,0x4b,0xc4,0x2c,0x11,0xf4,0x2a,0x31,0x4b,0x10,0x7f,0xc3,0x0d,0x4d,0xe8,0x12,0x60,0x30,0xcb,
    0xf0,0x7e,0xf0,0x17,0x18,0xc2,0xc8,0xc7,0x82,0x40,0x3e,0x16,0xb8,0x2b,0x21,0x9f,0x11,0x03,0x03,0x00,0x41,0x30,0x68,0x6c,
    0x97,0x40,0x59,0x22,0x18,0x31,0x38,0x00,0x10,0x04,0x83,0xa8,0x76,0x09,0x9c,0x25,0x02,0x72,0x25,0x46,0x0c,0x0e,0x00,0x04,
    0xc1,0x20,0xb2,0x5d,0x02,0x67,0x89,0x80,0x5c,0x89,0x59,0x82,0xf8,0xb3,0x07,0x8a,0xcf,0x88,0x81,0x01,0x80,0x20,0x18,0x34,
    0xba,0x4b,0xa8,0x2e,0x11,0x0c,0x47,0x04,0xee,0x4a,0x10,0xdf,0x70,0xc4,0x90,0xae,0x04,0xf1,0x4d,0x37,0xc8,0x2b,0x01,0xaf,
    0x44,0x30,0xdd,0x10,0x14,0x83,0x55,0x58,0x7c,0x2c,0x10,0xe8,0x33,0x62,0x70,0x00,0x20,0x08,0x06,0xd1,0xef,0x12,0x62,0x4b,
    0x04,0xee,0x4a,0x8c,0x18,0x1c,0x00,0x08,0x82,0x41,0x04,0xbe,0x84,0xd8,0x12,0x81,0xbb,0x12,0xb3,0x04,0xf1,0x37,0x50,0x32,
    0x90,0x41,0xfb,0x59,0xef,0x27,0xc0,0x1f,0x5c,0x23,0xeb,0x37,0x62,0x70,0x00,0x20,0x08,0x06,0x66,0x90,0xbb,0x44,0xd8,0x12,
    0xbf,0x4a,0xa8,0x2e,0x31,0x9a,0x10,0x00,0xa3,0x09,0x42,0x30,0x9a,0x30,0x08,0x96,0x0a,0x43,0x7c,0x2c,0x15,0x86,0xf8,0x58,
    0x2a,0x0c,0xf1,0xb1,0x01,0x91,0x8f,0x0d,0x89,0x7c,0x6c,0x50,0xe4,0x63,0x43,0x02,0x1f,0x1b,0x12,0xf8,0xd8,0x90,0xc0,0x67,
    0x96,0x40,0xfe,0x06,0x2a,0x06,0x23,0xfe,0xc8,0x42,0xfd,0x06,0x2a,0x06,0x23,0xfe,0xc8,0x42,0xfd,0x06,0x2a,0x06,0x23,0xfe,
    0xc8,0x42,0xfd,0x46,0x0c,0x0e,0x00,0x04,0xc1,0x20,0x92,0x5f,0xa2,0x6e,0x89,0x21,0x64,0x89,0x11,0x83,0x03,0x00,0x41,0x30,
    0x88,0xe6,0x97,0xb0,0x5b,0x62,0x10,0x59,0x62,0xc4,0xe0,0x00,0x40,0x10,0x0c,0x22,0xfa,0x25,0xee,0x96,0x18,0x46,0x96,0x18,
    0x31,0x38,0x00,0x10,0x04,0x83,0xa8,0x7e,0x09,0xbc,0x25,0xc2,0x81,0x64,0x89,0x11,0x83,0x03,0x00,0x41,0x30,0x88,0xec,0x97,
    0xc0,0x5b,0x82,0x20,0x59,0x62,0xc4,0xe0,0x00,0x40,0x10,0x0c,0xa2,0xfb,0x25,0xf2,0x96,0x20,0x4a,0x96,0x18,0x31,0x38,0x00,
    0x10,0x04,0x83,0x08,0x7f,0x09,0xbd,0x25,0x08,0x93,0x25,0x46,0x0c,0x0e,0x00,0x04,0xc1,0x20,0xca,0x5f,0x62,0x6f,0x09,0xe2,
    0x64,0x89,0x11,0x83,0x04,0x00,0x41,0x30,0x40,0xfc,0x97,0x38,0x5f,0xc2,0x7d,0x09,0xf7,0x25,0x78,0x97,0x20,0x46,0x0c,0x12,
    0x00,0x04,0xc1,0x00,0xf1,0x5f,0xe2,0x7c,0x09,0xf7,0x25,0xdc,0x97,0xd0,0x5d,0x62,0x18,0x31,0x48,0x00,0x10,0x04,0x03,0xc4,
    0x7f,0x89,0xf3,0x25,0xdc,0x97,0x70,0x5f,0x62,0x77,0x09,0x61,0xc4,0x20,0x01,0x40,0x10,0x0c,0x10,0xff,0x25,0xce,0x97,0x70,
    0x5f,0xc2,0x7d,0x09,0xdf,0x25,0x02,0x04,0x00,0x00,0x00,0x00,
};
