// Generated by compile_native_shaders.py. Native payload; never a bgfx container.
static const unsigned char s_sdl_dxil_fs_ff_stage_cube_native[] = {
    0x44,0x58,0x42,0x43,0x98,0x5b,0x9f,0x36,0x42,0x94,0x57,0x2f,0xd0,0x79,0xdc,0x8f,0xa7,0x70,0xb4,0x7a,0x01,0x00,0x00,0x00,
    0xc4,0x52,0x00,0x00,0x07,0x00,0x00,0x00,0x3c,0x00,0x00,0x00,0x4c,0x00,0x00,0x00,0x54,0x02,0x00,0x00,0x90,0x02,0x00,0x00,
    0xa8,0x08,0x00,0x00,0x58,0x17,0x00,0x00,0x74,0x17,0x00,0x00,0x53,0x46,0x49,0x30,0x08,0x00,0x00,0x00,0x00,0x00,0x00,0x00,
    0x00,0x00,0x00,0x00,0x49,0x53,0x47,0x31,0x00,0x02,0x00,0x00,0x0f,0x00,0x00,0x00,0x08,0x00,0x00,0x00,0x00,0x00,0x00,0x00,
    0xe8,0x01,0x00,0x00,0x00,0x00,0x00,0x00,0x01,0x00,0x00,0x00,0x03,0x00,0x00,0x00,0x00,0x00,0x00,0x00,0x0f,0x08,0x00,0x00,
    0x00,0x00,0x00,0x00,0x00,0x00,0x00,0x00,0xf4,0x01,0x00,0x00,0x00,0x00,0x00,0x00,0x00,0x00,0x00,0x00,0x03,0x00,0x00,0x00,
    0x01,0x00,0x00,0x00,0x0f,0x0f,0x00,0x00,0x00,0x00,0x00,0x00,0x00,0x00,0x00,0x00,0xf4,0x01,0x00,0x00,0x01,0x00,0x00,0x00,
    0x00,0x00,0x00,0x00,0x03,0x00,0x00,0x00,0x02,0x00,0x00,0x00,0x0f,0x0f,0x00,0x00,0x00,0x00,0x00,0x00,0x00,0x00,0x00,0x00,
    0xf4,0x01,0x00,0x00,0x02,0x00,0x00,0x00,0x00,0x00,0x00,0x00,0x03,0x00,0x00,0x00,0x03,0x00,0x00,0x00,0x0f,0x0f,0x00,0x00,
    0x00,0x00,0x00,0x00,0x00,0x00,0x00,0x00,0xf4,0x01,0x00,0x00,0x03,0x00,0x00,0x00,0x00,0x00,0x00,0x00,0x03,0x00,0x00,0x00,
    0x04,0x00,0x00,0x00,0x0f,0x0f,0x00,0x00,0x00,0x00,0x00,0x00,0x00,0x00,0x00,0x00,0xf4,0x01,0x00,0x00,0x04,0x00,0x00,0x00,
    0x00,0x00,0x00,0x00,0x03,0x00,0x00,0x00,0x05,0x00,0x00,0x00,0x0f,0x0f,0x00,0x00,0x00,0x00,0x00,0x00,0x00,0x00,0x00,0x00,
    0xf4,0x01,0x00,0x00,0x05,0x00,0x00,0x00,0x00,0x00,0x00,0x00,0x03,0x00,0x00,0x00,0x06,0x00,0x00,0x00,0x0f,0x0f,0x00,0x00,
    0x00,0x00,0x00,0x00,0x00,0x00,0x00,0x00,0xf4,0x01,0x00,0x00,0x06,0x00,0x00,0x00,0x00,0x00,0x00,0x00,0x03,0x00,0x00,0x00,
    0x07,0x00,0x00,0x00,0x0f,0x0f,0x00,0x00,0x00,0x00,0x00,0x00,0x00,0x00,0x00,0x00,0xf4,0x01,0x00,0x00,0x07,0x00,0x00,0x00,
    0x00,0x00,0x00,0x00,0x03,0x00,0x00,0x00,0x08,0x00,0x00,0x00,0x0f,0x0f,0x00,0x00,0x00,0x00,0x00,0x00,0x00,0x00,0x00,0x00,
    0xf4,0x01,0x00,0x00,0x08,0x00,0x00,0x00,0x00,0x00,0x00,0x00,0x03,0x00,0x00,0x00,0x09,0x00,0x00,0x00,0x0f,0x0f,0x00,0x00,
    0x00,0x00,0x00,0x00,0x00,0x00,0x00,0x00,0xf4,0x01,0x00,0x00,0x09,0x00,0x00,0x00,0x00,0x00,0x00,0x00,0x03,0x00,0x00,0x00,
    0x0a,0x00,0x00,0x00,0x0f,0x0f,0x00,0x00,0x00,0x00,0x00,0x00,0x00,0x00,0x00,0x00,0xf4,0x01,0x00,0x00,0x0a,0x00,0x00,0x00,
    0x00,0x00,0x00,0x00,0x03,0x00,0x00,0x00,0x0b,0x00,0x00,0x00,0x0f,0x0f,0x00,0x00,0x00,0x00,0x00,0x00,0x00,0x00,0x00,0x00,
    0xf4,0x01,0x00,0x00,0x0b,0x00,0x00,0x00,0x00,0x00,0x00,0x00,0x03,0x00,0x00,0x00,0x0c,0x00,0x00,0x00,0x0f,0x0f,0x00,0x00,
    0x00,0x00,0x00,0x00,0x00,0x00,0x00,0x00,0xf4,0x01,0x00,0x00,0x0c,0x00,0x00,0x00,0x00,0x00,0x00,0x00,0x03,0x00,0x00,0x00,
    0x0d,0x00,0x00,0x00,0x0f,0x0d,0x00,0x00,0x00,0x00,0x00,0x00,0x00,0x00,0x00,0x00,0xf4,0x01,0x00,0x00,0x0d,0x00,0x00,0x00,
    0x00,0x00,0x00,0x00,0x03,0x00,0x00,0x00,0x0e,0x00,0x00,0x00,0x03,0x03,0x00,0x00,0x00,0x00,0x00,0x00,0x53,0x56,0x5f,0x50,
    0x6f,0x73,0x69,0x74,0x69,0x6f,0x6e,0x00,0x54,0x45,0x58,0x43,0x4f,0x4f,0x52,0x44,0x00,0x00,0x00,0x00,0x4f,0x53,0x47,0x31,
    0x34,0x00,0x00,0x00,0x01,0x00,0x00,0x00,0x08,0x00,0x00,0x00,0x00,0x00,0x00,0x00,0x28,0x00,0x00,0x00,0x00,0x00,0x00,0x00,
    0x40,0x00,0x00,0x00,0x03,0x00,0x00,0x00,0x00,0x00,0x00,0x00,0x0f,0x00,0x00,0x00,0x00,0x00,0x00,0x00,0x53,0x56,0x5f,0x54,
    0x61,0x72,0x67,0x65,0x74,0x00,0x00,0x00,0x50,0x53,0x56,0x30,0x10,0x06,0x00,0x00,0x34,0x00,0x00,0x00,0x00,0x00,0x00,0x00,
    0x00,0x00,0x00,0x00,0x00,0x00,0x00,0x00,0x00,0x00,0x00,0x00,0x00,0x00,0x00,0x00,0xff,0xff,0xff,0xff,0x00,0x00,0x00,0x00,
    0x0f,0x01,0x00,0x0f,0x01,0x00,0x00,0x00,0x00,0x00,0x00,0x00,0x00,0x00,0x00,0x00,0x00,0x00,0x00,0x00,0x7f,0x00,0x00,0x00,
    0x21,0x00,0x00,0x00,0x18,0x00,0x00,0x00,0x02,0x00,0x00,0x00,0x03,0x00,0x00,0x00,0x00,0x00,0x00,0x00,0x00,0x00,0x00,0x00,
    0x0d,0x00,0x00,0x00,0x00,0x00,0x00,0x00,0x01,0x00,0x00,0x00,0x02,0x00,0x00,0x00,0x00,0x00,0x00,0x00,0x00,0x00,0x00,0x00,
    0x0e,0x00,0x00,0x00,0x00,0x00,0x00,0x00,0x01,0x00,0x00,0x00,0x02,0x00,0x00,0x00,0x01,0x00,0x00,0x00,0x01,0x00,0x00,0x00,
    0x0e,0x00,0x00,0x00,0x00,0x00,0x00,0x00,0x01,0x00,0x00,0x00,0x02,0x00,0x00,0x00,0x02,0x00,0x00,0x00,0x02,0x00,0x00,0x00,
    0x0e,0x00,0x00,0x00,0x00,0x00,0x00,0x00,0x01,0x00,0x00,0x00,0x02,0x00,0x00,0x00,0x03,0x00,0x00,0x00,0x03,0x00,0x00,0x00,
    0x0e,0x00,0x00,0x00,0x00,0x00,0x00,0x00,0x01,0x00,0x00,0x00,0x02,0x00,0x00,0x00,0x04,0x00,0x00,0x00,0x04,0x00,0x00,0x00,
    0x0e,0x00,0x00,0x00,0x00,0x00,0x00,0x00,0x01,0x00,0x00,0x00,0x02,0x00,0x00,0x00,0x05,0x00,0x00,0x00,0x05,0x00,0x00,0x00,
    0x0e,0x00,0x00,0x00,0x00,0x00,0x00,0x00,0x01,0x00,0x00,0x00,0x02,0x00,0x00,0x00,0x06,0x00,0x00,0x00,0x06,0x00,0x00,0x00,
    0x0e,0x00,0x00,0x00,0x00,0x00,0x00,0x00,0x01,0x00,0x00,0x00,0x02,0x00,0x00,0x00,0x07,0x00,0x00,0x00,0x07,0x00,0x00,0x00,
    0x0e,0x00,0x00,0x00,0x00,0x00,0x00,0x00,0x01,0x00,0x00,0x00,0x02,0x00,0x00,0x00,0x08,0x00,0x00,0x00,0x08,0x00,0x00,0x00,
    0x0e,0x00,0x00,0x00,0x00,0x00,0x00,0x00,0x01,0x00,0x00,0x00,0x02,0x00,0x00,0x00,0x09,0x00,0x00,0x00,0x09,0x00,0x00,0x00,
    0x0e,0x00,0x00,0x00,0x00,0x00,0x00,0x00,0x01,0x00,0x00,0x00,0x02,0x00,0x00,0x00,0x0a,0x00,0x00,0x00,0x0a,0x00,0x00,0x00,
    0x0e,0x00,0x00,0x00,0x00,0x00,0x00,0x00,0x01,0x00,0x00,0x00,0x02,0x00,0x00,0x00,0x0b,0x00,0x00,0x00,0x0b,0x00,0x00,0x00,
    0x0e,0x00,0x00,0x00,0x00,0x00,0x00,0x00,0x01,0x00,0x00,0x00,0x02,0x00,0x00,0x00,0x0c,0x00,0x00,0x00,0x0c,0x00,0x00,0x00,
    0x0e,0x00,0x00,0x00,0x00,0x00,0x00,0x00,0x01,0x00,0x00,0x00,0x02,0x00,0x00,0x00,0x0d,0x00,0x00,0x00,0x0d,0x00,0x00,0x00,
    0x0e,0x00,0x00,0x00,0x00,0x00,0x00,0x00,0x01,0x00,0x00,0x00,0x02,0x00,0x00,0x00,0x0e,0x00,0x00,0x00,0x0e,0x00,0x00,0x00,
    0x0e,0x00,0x00,0x00,0x00,0x00,0x00,0x00,0x01,0x00,0x00,0x00,0x02,0x00,0x00,0x00,0x0f,0x00,0x00,0x00,0x0f,0x00,0x00,0x00,
    0x0e,0x00,0x00,0x00,0x00,0x00,0x00,0x00,0x03,0x00,0x00,0x00,0x02,0x00,0x00,0x00,0x00,0x00,0x00,0x00,0x00,0x00,0x00,0x00,
    0x02,0x00,0x00,0x00,0x00,0x00,0x00,0x00,0x03,0x00,0x00,0x00,0x02,0x00,0x00,0x00,0x01,0x00,0x00,0x00,0x01,0x00,0x00,0x00,
    0x02,0x00,0x00,0x00,0x00,0x00,0x00,0x00,0x03,0x00,0x00,0x00,0x02,0x00,0x00,0x00,0x02,0x00,0x00,0x00,0x02,0x00,0x00,0x00,
    0x02,0x00,0x00,0x00,0x00,0x00,0x00,0x00,0x03,0x00,0x00,0x00,0x02,0x00,0x00,0x00,0x03,0x00,0x00,0x00,0x03,0x00,0x00,0x00,
    0x02,0x00,0x00,0x00,0x00,0x00,0x00,0x00,0x03,0x00,0x00,0x00,0x02,0x00,0x00,0x00,0x04,0x00,0x00,0x00,0x04,0x00,0x00,0x00,
    0x05,0x00,0x00,0x00,0x00,0x00,0x00,0x00,0x03,0x00,0x00,0x00,0x02,0x00,0x00,0x00,0x05,0x00,0x00,0x00,0x05,0x00,0x00,0x00,
    0x05,0x00,0x00,0x00,0x00,0x00,0x00,0x00,0x03,0x00,0x00,0x00,0x02,0x00,0x00,0x00,0x06,0x00,0x00,0x00,0x06,0x00,0x00,0x00,
    0x05,0x00,0x00,0x00,0x00,0x00,0x00,0x00,0x03,0x00,0x00,0x00,0x02,0x00,0x00,0x00,0x07,0x00,0x00,0x00,0x07,0x00,0x00,0x00,
    0x05,0x00,0x00,0x00,0x00,0x00,0x00,0x00,0x03,0x00,0x00,0x00,0x02,0x00,0x00,0x00,0x08,0x00,0x00,0x00,0x08,0x00,0x00,0x00,
    0x05,0x00,0x00,0x00,0x00,0x00,0x00,0x00,0x03,0x00,0x00,0x00,0x02,0x00,0x00,0x00,0x09,0x00,0x00,0x00,0x09,0x00,0x00,0x00,
    0x05,0x00,0x00,0x00,0x00,0x00,0x00,0x00,0x03,0x00,0x00,0x00,0x02,0x00,0x00,0x00,0x0a,0x00,0x00,0x00,0x0a,0x00,0x00,0x00,
    0x05,0x00,0x00,0x00,0x00,0x00,0x00,0x00,0x03,0x00,0x00,0x00,0x02,0x00,0x00,0x00,0x0b,0x00,0x00,0x00,0x0b,0x00,0x00,0x00,
    0x05,0x00,0x00,0x00,0x00,0x00,0x00,0x00,0x03,0x00,0x00,0x00,0x02,0x00,0x00,0x00,0x0c,0x00,0x00,0x00,0x0c,0x00,0x00,0x00,
    0x04,0x00,0x00,0x00,0x00,0x00,0x00,0x00,0x03,0x00,0x00,0x00,0x02,0x00,0x00,0x00,0x0d,0x00,0x00,0x00,0x0d,0x00,0x00,0x00,
    0x04,0x00,0x00,0x00,0x00,0x00,0x00,0x00,0x03,0x00,0x00,0x00,0x02,0x00,0x00,0x00,0x0e,0x00,0x00,0x00,0x0e,0x00,0x00,0x00,
    0x04,0x00,0x00,0x00,0x00,0x00,0x00,0x00,0x03,0x00,0x00,0x00,0x02,0x00,0x00,0x00,0x0f,0x00,0x00,0x00,0x0f,0x00,0x00,0x00,
    0x04,0x00,0x00,0x00,0x00,0x00,0x00,0x00,0x84,0x00,0x00,0x00,0x00,0x54,0x45,0x58,0x43,0x4f,0x4f,0x52,0x44,0x00,0x54,0x45,
    0x58,0x43,0x4f,0x4f,0x52,0x44,0x00,0x54,0x45,0x58,0x43,0x4f,0x4f,0x52,0x44,0x00,0x54,0x45,0x58,0x43,0x4f,0x4f,0x52,0x44,
    0x00,0x54,0x45,0x58,0x43,0x4f,0x4f,0x52,0x44,0x00,0x54,0x45,0x58,0x43,0x4f,0x4f,0x52,0x44,0x00,0x54,0x45,0x58,0x43,0x4f,
    0x4f,0x52,0x44,0x00,0x54,0x45,0x58,0x43,0x4f,0x4f,0x52,0x44,0x00,0x54,0x45,0x58,0x43,0x4f,0x4f,0x52,0x44,0x00,0x54,0x45,
    0x58,0x43,0x4f,0x4f,0x52,0x44,0x00,0x54,0x45,0x58,0x43,0x4f,0x4f,0x52,0x44,0x00,0x54,0x45,0x58,0x43,0x4f,0x4f,0x52,0x44,
    0x00,0x54,0x45,0x58,0x43,0x4f,0x4f,0x52,0x44,0x00,0x54,0x45,0x58,0x43,0x4f,0x4f,0x52,0x44,0x00,0x6d,0x61,0x69,0x6e,0x00,
    0x0e,0x00,0x00,0x00,0x00,0x00,0x00,0x00,0x01,0x00,0x00,0x00,0x02,0x00,0x00,0x00,0x03,0x00,0x00,0x00,0x04,0x00,0x00,0x00,
    0x05,0x00,0x00,0x00,0x06,0x00,0x00,0x00,0x07,0x00,0x00,0x00,0x08,0x00,0x00,0x00,0x09,0x00,0x00,0x00,0x0a,0x00,0x00,0x00,
    0x0b,0x00,0x00,0x00,0x0c,0x00,0x00,0x00,0x0d,0x00,0x00,0x00,0x10,0x00,0x00,0x00,0x00,0x00,0x00,0x00,0x00,0x00,0x00,0x00,
    0x01,0x00,0x44,0x03,0x03,0x04,0x00,0x00,0x01,0x00,0x00,0x00,0x00,0x00,0x00,0x00,0x01,0x01,0x44,0x00,0x03,0x02,0x00,0x00,
    0x0a,0x00,0x00,0x00,0x01,0x00,0x00,0x00,0x01,0x02,0x44,0x00,0x03,0x02,0x00,0x00,0x13,0x00,0x00,0x00,0x02,0x00,0x00,0x00,
    0x01,0x03,0x44,0x00,0x03,0x01,0x00,0x00,0x1c,0x00,0x00,0x00,0x03,0x00,0x00,0x00,0x01,0x04,0x44,0x00,0x03,0x01,0x00,0x00,
    0x25,0x00,0x00,0x00,0x04,0x00,0x00,0x00,0x01,0x05,0x44,0x00,0x03,0x02,0x00,0x00,0x2e,0x00,0x00,0x00,0x05,0x00,0x00,0x00,
    0x01,0x06,0x44,0x00,0x03,0x02,0x00,0x00,0x37,0x00,0x00,0x00,0x06,0x00,0x00,0x00,0x01,0x07,0x44,0x00,0x03,0x02,0x00,0x00,
    0x40,0x00,0x00,0x00,0x07,0x00,0x00,0x00,0x01,0x08,0x44,0x00,0x03,0x02,0x00,0x00,0x49,0x00,0x00,0x00,0x08,0x00,0x00,0x00,
    0x01,0x09,0x44,0x00,0x03,0x02,0x00,0x00,0x52,0x00,0x00,0x00,0x09,0x00,0x00,0x00,0x01,0x0a,0x44,0x00,0x03,0x02,0x00,0x00,
    0x5b,0x00,0x00,0x00,0x0a,0x00,0x00,0x00,0x01,0x0b,0x44,0x00,0x03,0x02,0x00,0x00,0x64,0x00,0x00,0x00,0x0b,0x00,0x00,0x00,
    0x01,0x0c,0x44,0x00,0x03,0x02,0x00,0x00,0x6d,0x00,0x00,0x00,0x0c,0x00,0x00,0x00,0x01,0x0d,0x44,0x00,0x03,0x02,0x00,0x00,
    0x76,0x00,0x00,0x00,0x0d,0x00,0x00,0x00,0x01,0x0e,0x42,0x00,0x03,0x02,0x00,0x00,0x00,0x00,0x00,0x00,0x00,0x00,0x00,0x00,
    0x01,0x00,0x44,0x10,0x03,0x00,0x00,0x00,0x00,0x00,0x00,0x00,0x00,0x00,0x00,0x00,0x00,0x00,0x00,0x00,0x08,0x00,0x00,0x00,
    0x0f,0x00,0x00,0x00,0x0f,0x00,0x00,0x00,0x0f,0x00,0x00,0x00,0x0f,0x00,0x00,0x00,0x0f,0x00,0x00,0x00,0x0f,0x00,0x00,0x00,
    0x0f,0x00,0x00,0x00,0x0f,0x00,0x00,0x00,0x0f,0x00,0x00,0x00,0x0f,0x00,0x00,0x00,0x0f,0x00,0x00,0x00,0x0f,0x00,0x00,0x00,
    0x0f,0x00,0x00,0x00,0x0f,0x00,0x00,0x00,0x0f,0x00,0x00,0x00,0x0f,0x00,0x00,0x00,0x0f,0x00,0x00,0x00,0x0f,0x00,0x00,0x00,
    0x0f,0x00,0x00,0x00,0x0f,0x00,0x00,0x00,0x0f,0x00,0x00,0x00,0x0f,0x00,0x00,0x00,0x0f,0x00,0x00,0x00,0x0f,0x00,0x00,0x00,
    0x0f,0x00,0x00,0x00,0x0f,0x00,0x00,0x00,0x0f,0x00,0x00,0x00,0x0f,0x00,0x00,0x00,0x0f,0x00,0x00,0x00,0x0f,0x00,0x00,0x00,
    0x0f,0x00,0x00,0x00,0x0f,0x00,0x00,0x00,0x0f,0x00,0x00,0x00,0x0f,0x00,0x00,0x00,0x0f,0x00,0x00,0x00,0x0f,0x00,0x00,0x00,
    0x0f,0x00,0x00,0x00,0x0f,0x00,0x00,0x00,0x0f,0x00,0x00,0x00,0x0f,0x00,0x00,0x00,0x0f,0x00,0x00,0x00,0x0f,0x00,0x00,0x00,
    0x0f,0x00,0x00,0x00,0x0f,0x00,0x00,0x00,0x0f,0x00,0x00,0x00,0x0f,0x00,0x00,0x00,0x0f,0x00,0x00,0x00,0x0f,0x00,0x00,0x00,
    0x0f,0x00,0x00,0x00,0x00,0x00,0x00,0x00,0x07,0x00,0x00,0x00,0x07,0x00,0x00,0x00,0x08,0x00,0x00,0x00,0x08,0x00,0x00,0x00,
    0x00,0x00,0x00,0x00,0x00,0x00,0x00,0x00,0x53,0x54,0x41,0x54,0xa8,0x0e,0x00,0x00,0x60,0x00,0x00,0x00,0xaa,0x03,0x00,0x00,
    0x44,0x58,0x49,0x4c,0x00,0x01,0x00,0x00,0x10,0x00,0x00,0x00,0x90,0x0e,0x00,0x00,0x42,0x43,0xc0,0xde,0x21,0x0c,0x00,0x00,
    0xa1,0x03,0x00,0x00,0x0b,0x82,0x20,0x00,0x02,0x00,0x00,0x00,0x13,0x00,0x00,0x00,0x07,0x81,0x23,0x91,0x41,0xc8,0x04,0x49,
    0x06,0x10,0x32,0x39,0x92,0x01,0x84,0x0c,0x25,0x05,0x08,0x19,0x1e,0x04,0x8b,0x62,0x80,0x18,0x45,0x02,0x42,0x92,0x0b,0x42,
    0xc4,0x10,0x32,0x14,0x38,0x08,0x18,0x4b,0x0a,0x32,0x62,0x88,0x48,0x90,0x14,0x20,0x43,0x46,0x88,0xa5,0x00,0x19,0x32,0x42,
    0xe4,0x48,0x0e,0x90,0x11,0x23,0xc4,0x50,0x41,0x51,0x81,0x8c,0xe1,0x83,0xe5,0x8a,0x04,0x31,0x46,0x06,0x51,0x18,0x00,0x00,
    0x08,0x00,0x00,0x00,0x1b,0x8c,0xe0,0xff,0xff,0xff,0xff,0x07,0x40,0x02,0xa8,0x0d,0x84,0xf0,0xff,0xff,0xff,0xff,0x03,0x20,
    0x6d,0x30,0x86,0xff,0xff,0xff,0xff,0x1f,0x00,0x09,0xa8,0x00,0x49,0x18,0x00,0x00,0x03,0x00,0x00,0x00,0x13,0x82,0x60,0x42,
    0x20,0x4c,0x08,0x06,0x00,0x00,0x00,0x00,0x89,0x20,0x00,0x00,0x89,0x00,0x00,0x00,0x32,0x22,0x88,0x09,0x20,0x64,0x85,0x04,
    0x13,0x23,0xa4,0x84,0x04,0x13,0x23,0xe3,0x84,0xa1,0x90,0x14,0x12,0x4c,0x8c,0x8c,0x0b,0x84,0xc4,0x4c,0x10,0xc4,0xc1,0x08,
    0x40,0x09,0x00,0x0a,0x66,0x00,0xe6,0x08,0xc0,0x60,0x8e,0x00,0x29,0xc6,0x40,0x10,0x44,0x41,0x90,0x51,0x0c,0x80,0x20,0x88,
    0x62,0x20,0x64,0x8e,0x20,0x28,0x03,0x40,0x28,0xb4,0x14,0x62,0x20,0x86,0x81,0x9a,0x32,0x0c,0xc4,0x40,0x4f,0x31,0x06,0x62,
    0x18,0x86,0x81,0xa2,0x9b,0x86,0xcb,0x9f,0xb0,0x87,0x90,0xfc,0x95,0x90,0x56,0x62,0xf2,0x8b,0xdb,0x46,0xc5,0x30,0x0c,0x03,
    0x41,0xc5,0x3d,0xc3,0xe5,0x4f,0xd8,0x43,0x48,0x7e,0x08,0x34,0xc3,0x42,0xa0,0x80,0x2a,0xcd,0x44,0x54,0xd5,0x30,0x0c,0x03,
    0x41,0x10,0xc3,0x40,0x56,0x41,0x06,0x62,0x18,0x86,0x61,0x18,0x08,0x3b,0x6a,0xb8,0xfc,0x09,0x7b,0x08,0xc9,0xe7,0x36,0xaa,
    0x58,0x89,0xc9,0x2f,0x6e,0x1b,0x11,0xc3,0x30,0x0c,0x85,0xd0,0x88,0x8a,0xa0,0xad,0x18,0x15,0x51,0x10,0x84,0x42,0xdd,0x40,
    0xc0,0x30,0x02,0x31,0xcc,0xd4,0x06,0xe3,0xc0,0x0e,0xe1,0x30,0x0f,0xf3,0xe0,0x06,0xb4,0x50,0x0e,0xf8,0x40,0x0f,0xf5,0x20,
    0x0f,0xe5,0x20,0x07,0xa4,0xc0,0x07,0xf6,0x50,0x0e,0xe3,0x40,0x0f,0xef,0x20,0x0f,0x7c,0x60,0x0e,0xec,0xf0,0x0e,0xe1,0x40,
    0x0f,0x6c,0x00,0x06,0x74,0xe0,0x07,0x60,0xe0,0x07,0x7a,0xa0,0x07,0xed,0x90,0x0e,0xf0,0x30,0x0f,0xbf,0x40,0x0f,0xf9,0x00,
    0x0f,0xe5,0x80,0x02,0x62,0x26,0x31,0x18,0x07,0x76,0x08,0x87,0x79,0x98,0x07,0x37,0xa0,0x85,0x72,0xc0,0x07,0x7a,0xa8,0x07,
    0x79,0x28,0x07,0x39,0x20,0x05,0x3e,0xb0,0x87,0x72,0x18,0x07,0x7a,0x78,0x07,0x79,0xe0,0x03,0x73,0x60,0x87,0x77,0x08,0x07,
    0x7a,0x60,0x03,0x30,0xa0,0x03,0x3f,0x00,0x03,0x3f,0x40,0x02,0x18,0x92,0x38,0x13,0x19,0x8c,0x03,0x3b,0x84,0xc3,0x3c,0xcc,
    0x83,0x1b,0xd0,0x42,0x39,0xe0,0x03,0x3d,0xd4,0x83,0x3c,0x94,0xc3,0x28,0xd4,0x83,0x38,0x94,0x03,0x1f,0xd8,0x43,0x39,0x8c,
    0x03,0x3d,0xbc,0x83,0x3c,0xf0,0x81,0x39,0xb0,0xc3,0x3b,0x84,0x03,0x3d,0xb0,0x01,0x18,0xd0,0x81,0x1f,0x80,0x81,0x1f,0xa0,
    0x00,0x24,0x72,0xa6,0x36,0x18,0x07,0x76,0x08,0x87,0x79,0x98,0x07,0x37,0xa0,0x85,0x72,0xc0,0x07,0x7a,0xa8,0x07,0x79,0x28,
    0x87,0x39,0x20,0x05,0x3e,0xb0,0x87,0x72,0x18,0x07,0x7a,0x78,0x07,0x79,0xe0,0x03,0x73,0x60,0x87,0x77,0x08,0x07,0x7a,0x60,
    0x03,0x30,0xa0,0x03,0x3f,0x00,0x03,0x3f,0xd0,0x03,0x3d,0x68,0x87,0x74,0x80,0x87,0x79,0xf8,0x05,0x7a,0xc8,0x07,0x78,0x28,
    0x07,0x14,0x10,0x33,0x89,0xc1,0x38,0xb0,0x43,0x38,0xcc,0xc3,0x3c,0xb8,0x01,0x2d,0x94,0x03,0x3e,0xd0,0x43,0x3d,0xc8,0x43,
    0x39,0xcc,0x01,0x29,0xf0,0x81,0x3d,0x94,0xc3,0x38,0xd0,0xc3,0x3b,0xc8,0x03,0x1f,0x98,0x03,0x3b,0xbc,0x43,0x38,0xd0,0x03,
    0x1b,0x80,0x01,0x1d,0xf8,0x01,0x18,0xf8,0x01,0x12,0x40,0x93,0xce,0xa4,0x00,0x13,0x02,0xcc,0x02,0xf0,0x14,0x8e,0xfc,0x22,
    0xc0,0x60,0x88,0x66,0x42,0x46,0xaa,0xaa,0xab,0xaa,0x12,0x7b,0x93,0x34,0x45,0x94,0x30,0xf9,0x2c,0xc0,0x3c,0x0b,0x11,0xb1,
    0x13,0x30,0x11,0x28,0x20,0xc8,0x4d,0x1e,0x02,0x00,0x00,0x00,0x13,0x14,0x72,0xc0,0x87,0x74,0x60,0x87,0x36,0x68,0x87,0x79,
    0x68,0x03,0x72,0xc0,0x87,0x0d,0xaf,0x50,0x0e,0x6d,0xd0,0x0e,0x7a,0x50,0x0e,0x6d,0x00,0x0f,0x7a,0x30,0x07,0x72,0xa0,0x07,
    0x73,0x20,0x07,0x6d,0x90,0x0e,0x71,0xa0,0x07,0x73,0x20,0x07,0x6d,0x90,0x0e,0x78,0xa0,0x07,0x73,0x20,0x07,0x6d,0x90,0x0e,
    0x71,0x60,0x07,0x7a,0x30,0x07,0x72,0xd0,0x06,0xe9,0x30,0x07,0x72,0xa0,0x07,0x73,0x20,0x07,0x6d,0x90,0x0e,0x76,0x40,0x07,
    0x7a,0x60,0x07,0x74,0xd0,0x06,0xe6,0x10,0x07,0x76,0xa0,0x07,0x73,0x20,0x07,0x6d,0x60,0x0e,0x73,0x20,0x07,0x7a,0x30,0x07,
    0x72,0xd0,0x06,0xe6,0x60,0x07,0x74,0xa0,0x07,0x76,0x40,0x07,0x6d,0xe0,0x0e,0x78,0xa0,0x07,0x71,0x60,0x07,0x7a,0x30,0x07,
    0x72,0xa0,0x07,0x76,0x40,0x07,0x43,0x9e,0x00,0x08,0x00,0x00,0x00,0x00,0x00,0x00,0x00,0x00,0x00,0x86,0x3c,0x06,0x10,0x00,
    0x01,0x00,0x00,0x00,0x00,0x00,0x00,0x00,0x0c,0x79,0x10,0x20,0x00,0x04,0x00,0x00,0x00,0x00,0x00,0x00,0x00,0x18,0xf2,0x2c,
    0x40,0x00,0x08,0x00,0x00,0x00,0x00,0x00,0x00,0x00,0x30,0xe4,0x69,0x80,0x00,0x08,0x00,0x00,0x00,0x00,0x00,0x00,0x00,0x60,
    0xc8,0xf3,0x00,0x01,0x10,0x00,0x00,0x00,0x00,0x00,0x00,0x00,0xc0,0x90,0x27,0x02,0x02,0x20,0x00,0x00,0x00,0x00,0x00,0x00,
    0x00,0x80,0x21,0x8f,0x05,0x04,0xc0,0x00,0x00,0x00,0x00,0x00,0x00,0x00,0x00,0x43,0x1e,0x0c,0x08,0x80,0x00,0x00,0x00,0x00,
    0x00,0x00,0x00,0x00,0x86,0x3c,0x1b,0x10,0x00,0x03,0x00,0x00,0x00,0x00,0x00,0x00,0x00,0x0c,0x79,0x3a,0x20,0x00,0x06,0x00,
    0x00,0x00,0x00,0x00,0x00,0x00,0xc8,0x02,0x01,0x00,0x00,0x00,0x27,0x00,0x00,0x00,0x32,0x1e,0x98,0x18,0x19,0x11,0x4c,0x90,
    0x8c,0x09,0x26,0x47,0xc6,0x04,0x43,0x22,0x4a,0x60,0x04,0xa0,0x18,0x8a,0xa0,0x24,0xca,0xa0,0x10,0x4a,0xa1,0x1c,0x0a,0xa2,
    0x28,0xca,0xa2,0x30,0x4a,0xa3,0x38,0xca,0xa3,0x40,0x2d,0x0a,0xb0,0xa0,0x00,0x13,0x0a,0xb0,0xa1,0x40,0x1d,0x0a,0x54,0xa2,
    0x8c,0x05,0xca,0x17,0xa3,0x08,0x07,0x8a,0xad,0x40,0xca,0x30,0x80,0x8a,0x92,0x28,0x83,0x42,0x18,0x01,0x28,0x82,0x12,0x28,
    0x10,0x52,0x6a,0x80,0xc6,0x19,0x00,0x2a,0x67,0x00,0x08,0x9d,0x01,0x20,0x76,0x06,0x80,0xda,0x19,0x00,0x7a,0x67,0x00,0x08,
    0x1e,0x8b,0x0f,0xf4,0x80,0x00,0x00,0x00,0x79,0x9e,0xe7,0x79,0x9e,0xe7,0x79,0x9e,0xe7,0x79,0x9e,0xe7,0x79,0x9e,0xe7,0x79,
    0x9e,0xe7,0x79,0x9e,0xe7,0x79,0x9e,0xe7,0x79,0x9e,0xe7,0x79,0x9e,0xe7,0x79,0x9e,0xe7,0x79,0x9e,0xe7,0x79,0x80,0xe3,0x40,
    0x10,0x00,0x00,0x00,0x79,0x18,0x00,0x00,0x00,0x02,0x00,0x00,0x1a,0x03,0x4c,0x90,0x46,0x02,0x13,0xc4,0x31,0x20,0xc3,0x1b,
    0x43,0x81,0x93,0x4b,0xb3,0x0b,0xa3,0x2b,0x4b,0x01,0x89,0x71,0xc1,0x71,0x81,0x71,0xa1,0xb9,0x99,0xc9,0x01,0x41,0x21,0xcb,
    0x09,0xab,0x29,0xcb,0xb9,0x21,0x83,0x49,0xd9,0x10,0x04,0x13,0x04,0x62,0x99,0x20,0x10,0xcc,0x06,0x61,0x20,0x36,0x08,0x04,
    0x41,0x01,0x6e,0x6e,0x82,0x40,0x34,0x1b,0x86,0x03,0x21,0x26,0x08,0x63,0xf0,0x06,0x54,0xe6,0xbe,0xe8,0xca,0xf0,0xe8,0xea,
    0xe4,0xca,0x60,0x26,0x08,0x84,0x33,0x41,0x20,0x9e,0x0d,0x02,0xd1,0x6c,0x48,0x08,0x65,0x61,0x88,0x81,0x21,0x1c,0x2a,0x73,
    0x5f,0x74,0x65,0x78,0x74,0x75,0x72,0x65,0x31,0x1b,0x92,0x41,0x81,0x98,0x61,0x60,0x08,0x87,0xca,0xdc,0x17,0x5d,0x19,0x1e,
    0x5d,0x9d,0x5c,0x99,0xcc,0x86,0x84,0x51,0x24,0x86,0x19,0x18,0xc2,0x99,0x20,0x10,0x10,0x95,0xb9,0x2f,0xba,0x32,0x3c,0xba,
    0x3a,0xb9,0xb2,0x99,0x0d,0x09,0xa5,0x54,0x0c,0x35,0x30,0x84,0x33,0x41,0x20,0xa2,0x09,0x42,0x19,0xc0,0x01,0x9d,0xb9,0x2f,
    0xba,0x32,0x3c,0xba,0x3a,0xb9,0xb2,0xa1,0x3a,0xb1,0x32,0x98,0x09,0x02,0x21,0x6d,0x48,0x2e,0x2c,0x63,0xae,0x41,0x23,0x1c,
    0x3a,0x73,0x5f,0x74,0x65,0x78,0x74,0x75,0x72,0x65,0x43,0x75,0x62,0x65,0x31,0x1b,0x12,0x0d,0xe3,0x18,0x6d,0xd0,0x08,0x87,
    0xce,0xdc,0x17,0x5d,0x19,0x1e,0x5d,0x9d,0x5c,0xd9,0x50,0x9d,0x58,0x99,0xcc,0x86,0x04,0xc1,0x3c,0x06,0x19,0x34,0xc2,0x99,
    0x20,0x10,0x13,0x9d,0xb9,0x2f,0xba,0x32,0x3c,0xba,0x3a,0xb9,0xb2,0xa1,0x3a,0xb1,0xb2,0x99,0x0d,0x09,0x18,0x60,0x61,0xc0,
    0x80,0xc1,0xa0,0x11,0xce,0x04,0x81,0xa0,0xe8,0xcc,0x7d,0xd1,0x95,0xe1,0xd1,0xd5,0xc9,0x95,0x0d,0xd5,0x89,0x95,0xd1,0x6c,
    0x48,0xc6,0x00,0x23,0x03,0x66,0x0c,0x06,0x8d,0x70,0xe8,0xcc,0x7d,0xd1,0x95,0xe1,0xd1,0xd5,0xc9,0x95,0x0d,0xd5,0x89,0x95,
    0xd5,0x6c,0x48,0x1a,0xcc,0x0c,0x98,0x66,0xd0,0x08,0x67,0x82,0x40,0x54,0x74,0xe6,0xbe,0xe8,0xca,0xf0,0xe8,0xea,0xe4,0xca,
    0x86,0xea,0xc4,0xca,0x6c,0x36,0x24,0x68,0x80,0xa5,0x01,0x83,0x06,0x83,0x46,0x38,0x13,0x04,0xc2,0xa2,0x33,0xf7,0x45,0x57,
    0x86,0x47,0x57,0x27,0x57,0x36,0x54,0x27,0x56,0x76,0xb3,0x21,0x59,0x03,0x8c,0x0d,0x98,0x35,0x18,0x34,0xc2,0x99,0x20,0x10,
    0xd7,0x04,0x01,0x0d,0xe2,0x80,0xd0,0xdc,0x17,0x5d,0x19,0x1e,0x5d,0x9d,0x5c,0x99,0xd5,0x1b,0x5b,0x5d,0x5b,0x19,0xcc,0x86,
    0xc4,0x0d,0xde,0x00,0x0e,0x18,0x37,0x18,0x2e,0xc2,0x99,0x20,0x10,0x18,0xa1,0xb9,0x2f,0xba,0x32,0x3c,0xba,0x3a,0xb9,0x32,
    0xab,0x37,0xb6,0xba,0xb6,0xb2,0x98,0x0d,0x89,0x1c,0xbc,0xc1,0x1c,0x30,0x72,0x30,0x5c,0x84,0x33,0x41,0x20,0x32,0x42,0x73,
    0x5f,0x74,0x65,0x78,0x74,0x75,0x72,0x65,0x56,0x6f,0x6c,0x75,0x6d,0x65,0x32,0x1b,0x92,0x3a,0x78,0x03,0x3b,0x60,0xea,0x60,
    0xb8,0x08,0x67,0x82,0x40,0x68,0x84,0xe6,0xbe,0xe8,0xca,0xf0,0xe8,0xea,0xe4,0xca,0xac,0xde,0xd8,0xea,0xda,0xca,0x66,0x36,
    0x24,0x78,0xf0,0x06,0x79,0xc0,0xe0,0xc1,0x70,0x11,0xce,0x06,0xe8,0x89,0x26,0x6b,0xeb,0x3e,0x31,0x28,0x83,0x33,0x50,0x83,
    0x36,0x88,0x03,0x3a,0xb8,0x03,0x3d,0x98,0x20,0xb4,0xc1,0x1c,0x50,0x19,0x5a,0x32,0x92,0x0b,0x3b,0x6b,0x2b,0x73,0xa3,0x9b,
    0x20,0x10,0xdb,0x06,0x84,0xe0,0x83,0x3e,0xa0,0x88,0xc1,0x0f,0x80,0x0d,0xc1,0x1f,0x4c,0x10,0xde,0x80,0x0e,0x18,0xcd,0x7d,
    0xd1,0x95,0xe1,0xd1,0xd5,0xc9,0x95,0xc1,0x4c,0x85,0xb5,0xc1,0xb1,0x95,0xc9,0x6d,0x40,0x88,0x50,0x10,0x05,0x86,0x18,0x08,
    0x80,0xd1,0xdc,0x17,0x5d,0x19,0x1e,0x5d,0x9d,0x5c,0x59,0xcc,0x54,0x58,0x1b,0x1c,0x5b,0x99,0xdc,0x06,0x64,0x08,0x05,0x52,
    0x60,0x86,0x81,0x00,0x18,0xcd,0x7d,0xd1,0x95,0xe1,0xd1,0xd5,0xc9,0x95,0xc9,0x4c,0x85,0xb5,0xc1,0xb1,0x95,0xc9,0x6d,0x40,
    0x98,0x50,0x30,0x05,0x86,0x19,0x08,0x80,0xd1,0xdc,0x17,0x5d,0x19,0x1e,0x5d,0x9d,0x5c,0xd9,0xcc,0x54,0x58,0x1b,0x1c,0x5b,
    0x99,0xdc,0x06,0x84,0x0a,0x05,0x54,0x60,0xa8,0x81,0x00,0x58,0xcd,0x7d,0xd1,0x95,0xe1,0xd1,0xd5,0xc9,0x95,0x0d,0xd5,0x89,
    0x95,0xc1,0x4c,0x85,0xb5,0xc1,0xb1,0x95,0xc9,0x6d,0x40,0xae,0x50,0x50,0x05,0xe6,0x1a,0x08,0x80,0xd5,0xdc,0x17,0x5d,0x19,
    0x1e,0x5d,0x9d,0x5c,0xd9,0x50,0x9d,0x58,0x59,0xcc,0x54,0x58,0x1b,0x1c,0x5b,0x99,0xdc,0x06,0x44,0x0b,0x05,0x56,0x60,0xb4,
    0x81,0x00,0x58,0xcd,0x7d,0xd1,0x95,0xe1,0xd1,0xd5,0xc9,0x95,0x0d,0xd5,0x89,0x95,0xc9,0x4c,0x85,0xb5,0xc1,0xb1,0x95,0xc9,
    0x6d,0x40,0x90,0x50,0x70,0x05,0x06,0x19,0x08,0x80,0xd5,0xdc,0x17,0x5d,0x19,0x1e,0x5d,0x9d,0x5c,0xd9,0x50,0x9d,0x58,0xd9,
    0xcc,0x54,0x58,0x1b,0x1c,0x5b,0x99,0xdc,0x06,0x04,0x0c,0x42,0x01,0x16,0x18,0x30,0x18,0x08,0x80,0xd5,0xdc,0x17,0x5d,0x19,
    0x1e,0x5d,0x9d,0x5c,0xd9,0x50,0x9d,0x58,0x19,0xcd,0x54,0x58,0x1b,0x1c,0x5b,0x99,0xdc,0x06,0x64,0x0c,0x42,0x41,0x16,0x98,
    0x31,0x18,0x08,0x80,0xd5,0xdc,0x17,0x5d,0x19,0x1e,0x5d,0x9d,0x5c,0xd9,0x50,0x9d,0x58,0x59,0xcd,0x54,0x58,0x1b,0x1c,0x5b,
    0x99,0xdc,0x06,0xa4,0x09,0x05,0x5a,0x60,0x9a,0x81,0x00,0x58,0xcd,0x7d,0xd1,0x95,0xe1,0xd1,0xd5,0xc9,0x95,0x0d,0xd5,0x89,
    0x95,0xd9,0x4c,0x85,0xb5,0xc1,0xb1,0x95,0xc9,0x6d,0x40,0xd0,0x20,0x14,0x6c,0x81,0x41,0x83,0x81,0x00,0x58,0xcd,0x7d,0xd1,
    0x95,0xe1,0xd1,0xd5,0xc9,0x95,0x0d,0xd5,0x89,0x95,0xdd,0x4c,0x85,0xb5,0xc1,0xb1,0x95,0xc9,0x6d,0x40,0xd6,0x20,0x14,0x70,
    0x81,0x59,0x83,0x81,0x00,0x78,0xcd,0x7d,0xd1,0x95,0xe1,0xd1,0xd5,0xc9,0x95,0x59,0xbd,0xb1,0xd5,0xb5,0x95,0xc1,0x4c,0x85,
    0xb5,0xc1,0xb1,0x95,0xc9,0x6d,0x40,0xdc,0x20,0x14,0x74,0x81,0x71,0x83,0x81,0x00,0x78,0xcd,0x7d,0xd1,0x95,0xe1,0xd1,0xd5,
    0xc9,0x95,0x59,0xbd,0xb1,0xd5,0xb5,0x95,0xc5,0x4c,0x85,0xb5,0xc1,0xb1,0x95,0xc9,0x6d,0x40,0xe4,0x20,0x14,0x78,0x81,0x91,
    0x83,0x81,0x00,0x78,0xcd,0x7d,0xd1,0x95,0xe1,0xd1,0xd5,0xc9,0x95,0x59,0xbd,0xb1,0xd5,0xb5,0x95,0xc9,0x4c,0x85,0xb5,0xc1,
    0xb1,0x95,0xc9,0x6d,0x40,0xea,0x20,0x14,0x7c,0x81,0xa9,0x83,0x81,0x00,0x78,0xcd,0x7d,0xd1,0x95,0xe1,0xd1,0xd5,0xc9,0x95,
    0x59,0xbd,0xb1,0xd5,0xb5,0x95,0xcd,0x4c,0x85,0xb5,0xc1,0xb1,0x95,0xc9,0x6d,0x40,0xf0,0x20,0x14,0xc0,0x81,0xc1,0x83,0x81,
    0x00,0x36,0x40,0xa3,0x50,0x0a,0xa7,0x90,0x0a,0xab,0xd0,0x0a,0xaf,0x10,0x0b,0xb3,0x50,0x0b,0xb7,0x90,0x0b,0xbb,0xd0,0x0b,
    0xbf,0x10,0x0e,0x1b,0x88,0x3d,0x00,0x40,0x41,0x1c,0x26,0x08,0x6c,0x20,0x07,0x74,0xea,0xbe,0xcc,0xcc,0x88,0xe4,0xc2,0xee,
    0xa0,0xc2,0xe4,0xc2,0xda,0xe6,0x26,0x08,0x8a,0x1b,0x6c,0x50,0x90,0x72,0xa0,0x08,0x30,0x68,0x1a,0x73,0x90,0x83,0x8b,0x49,
    0xdd,0x97,0x58,0x5d,0x1b,0x5c,0x91,0x9b,0xdd,0x04,0x81,0xe0,0x36,0x28,0x08,0x3a,0x50,0xe9,0x00,0x06,0x4d,0x63,0x0e,0x72,
    0x70,0xb1,0xa9,0xfb,0x9a,0xa3,0x0b,0x3b,0x2b,0x83,0x0a,0x93,0x0b,0x6b,0x9b,0x9b,0x20,0x10,0xdd,0x06,0x05,0x59,0x07,0x8a,
    0x1d,0xc0,0xa0,0x69,0xcc,0x41,0x0e,0x2e,0x2e,0x75,0x5f,0x66,0x66,0x50,0x72,0x6f,0x67,0x72,0x61,0x6d,0x13,0x04,0xc2,0xdb,
    0xa0,0x20,0xee,0x40,0xbd,0x03,0x18,0x34,0x8d,0x39,0xc8,0xc1,0x45,0x67,0x6c,0xed,0x4b,0xec,0x4d,0x8e,0xac,0x4c,0x6e,0xe8,
    0x8d,0xed,0x4d,0x6e,0x82,0x40,0x7c,0x1b,0x10,0x24,0x1e,0x28,0x79,0x00,0x83,0x46,0x0e,0x2e,0x3a,0x63,0x6b,0x5f,0x73,0x61,
    0x6d,0x70,0x6c,0x65,0x72,0x49,0x6e,0x66,0x6f,0x13,0x04,0x02,0x0c,0x36,0x20,0x08,0x3d,0x50,0xf5,0x00,0x06,0x8d,0x1c,0x5c,
    0x1b,0x0e,0x3f,0x38,0x07,0x75,0x68,0x07,0x78,0x98,0x07,0x7b,0xd8,0x30,0x10,0xe4,0x70,0x0f,0x13,0x04,0x01,0xd8,0x00,0x6c,
    0x18,0x08,0x7d,0xd0,0x87,0x0d,0xc1,0x3e,0x6c,0x18,0x86,0x7c,0xe0,0x87,0x09,0x02,0x1c,0xd4,0xc1,0x86,0xc0,0x1f,0x48,0xb4,
    0x85,0xa5,0xb9,0x71,0x99,0xb2,0xfa,0x82,0x7a,0x9b,0x4b,0xa3,0x4b,0x7b,0x73,0x9b,0x20,0x14,0x67,0x30,0x41,0x28,0xd0,0x60,
    0x43,0x40,0x4c,0x10,0x8a,0x34,0x98,0x20,0x14,0x6a,0xb0,0x41,0xa0,0xc6,0x60,0xc3,0x42,0x84,0x84,0x48,0x8c,0x04,0x49,0x94,
    0xc4,0x50,0x12,0x84,0x49,0x9c,0x04,0x11,0xaa,0x22,0xac,0xa1,0xa7,0x27,0x29,0xa2,0x09,0x42,0xb1,0x06,0x1b,0x04,0x0a,0x0f,
    0x36,0x2c,0x43,0x4a,0x88,0x84,0x49,0x90,0x84,0x4a,0x0c,0x25,0x31,0x98,0xc4,0x4a,0x6c,0x08,0x86,0x0d,0x0b,0x93,0x12,0x22,
    0x61,0x12,0x2d,0xa1,0x12,0x43,0x49,0x30,0x26,0xb1,0x12,0x1b,0x02,0x66,0x82,0x50,0xb0,0xc1,0x86,0x85,0x4a,0x09,0x91,0x30,
    0x89,0x97,0x80,0x89,0xa1,0x24,0x28,0x93,0x58,0x89,0x0d,0x01,0xb5,0x61,0xb9,0x52,0x42,0x24,0x4c,0x42,0x26,0x60,0x62,0x28,
    0x89,0xcb,0x24,0x56,0x62,0x43,0x70,0x6d,0x58,0xb4,0x94,0x10,0x09,0x93,0xa0,0x09,0x95,0x18,0x4a,0x42,0x33,0x89,0x95,0xd8,
    0x10,0x68,0x1b,0x16,0x24,0x25,0x44,0xc2,0x24,0x6c,0x42,0x25,0x86,0x92,0x40,0x4c,0x62,0x25,0x36,0x04,0xc8,0x86,0x05,0x0c,
    0x52,0x42,0x24,0x4c,0x02,0x27,0x54,0x62,0x28,0x09,0x30,0x30,0x89,0x95,0xd8,0x10,0x80,0xc1,0x86,0x65,0x0c,0x52,0x42,0x24,
    0x4c,0x42,0x27,0x54,0x62,0x28,0x89,0x31,0x30,0x89,0x95,0xd8,0x10,0x8c,0xc1,0x86,0xa5,0x49,0x09,0x91,0x30,0x09,0x9e,0x50,
    0x89,0xa1,0x24,0x1a,0x93,0x58,0x89,0x0d,0x41,0xb3,0x61,0x41,0x83,0x94,0x10,0x09,0x93,0xf0,0x09,0x95,0x18,0x4a,0x02,0x0d,
    0x4c,0x62,0x25,0x36,0x04,0x68,0xb0,0x61,0x59,0x83,0x94,0x10,0x09,0x93,0x00,0x0b,0x95,0x18,0x4a,0x62,0x0d,0x4c,0x62,0x25,
    0x36,0x04,0x6b,0xb0,0x61,0x71,0x83,0x94,0x10,0x09,0x93,0x10,0x0b,0x95,0x18,0x4a,0xc2,0x0d,0x4c,0x62,0x25,0x36,0x04,0x6e,
    0xb0,0x41,0xa0,0xe4,0x60,0xc3,0x22,0x07,0x29,0x21,0x12,0x26,0x41,0x16,0x2a,0x31,0x94,0x84,0x1c,0x98,0x44,0x59,0x6c,0x08,
    0xe4,0x60,0x83,0x40,0x51,0x1b,0x96,0x3a,0x48,0x09,0x91,0x30,0x89,0xb3,0x50,0x89,0x41,0x25,0xea,0xc0,0x24,0xd0,0x62,0xc3,
    0x83,0x12,0x2c,0xe1,0x12,0x31,0x31,0x13,0x35,0x71,0x13,0x39,0xb1,0x13,0x3d,0xf1,0x13,0x61,0x31,0x16,0x66,0x91,0x16,0x4c,
    0xa6,0xac,0xbe,0xa8,0xc2,0xe4,0xce,0xca,0xe8,0x26,0x08,0x45,0x1b,0x6c,0x58,0x88,0xb5,0x10,0x09,0xb6,0x20,0x09,0x93,0x18,
    0x4a,0x82,0x30,0x89,0x95,0xd8,0x10,0xb4,0xc5,0x86,0x41,0x2d,0xdc,0x02,0xd8,0x50,0xe4,0x03,0x48,0xbc,0xc5,0x38,0x00,0x44,
    0xc4,0xe4,0xc2,0xdc,0xc6,0xd0,0xca,0xe6,0x26,0x08,0x44,0x18,0xd0,0x30,0x63,0x7b,0x0b,0xa3,0x9b,0x63,0x91,0xe6,0x36,0x47,
    0x37,0x37,0x41,0x20,0xc4,0x80,0x44,0x9a,0x1b,0xdd,0xdc,0x04,0x81,0x18,0x03,0x1a,0x73,0x69,0x67,0x5f,0x6c,0x64,0x13,0x04,
    0x82,0x0c,0x68,0xcc,0xa5,0x9d,0x7d,0xcd,0xd1,0x11,0xa1,0x2b,0xc3,0xfb,0x12,0x4b,0x0b,0x9b,0x9b,0x20,0x10,0x65,0xc0,0xa2,
    0x2e,0xcd,0x8d,0x6e,0x6e,0x82,0x40,0x98,0xc1,0x06,0x28,0x2e,0xe4,0x62,0x2e,0xd8,0x81,0x2e,0xea,0xc2,0x2e,0xee,0x02,0x2f,
    0xf2,0x42,0x2f,0xae,0xbd,0xe0,0x8b,0xbe,0xf0,0x8b,0x2a,0x6c,0x6c,0x76,0x6d,0x2e,0x69,0x64,0x65,0x6e,0x74,0x53,0x82,0xa0,
    0x0a,0x19,0x9e,0x8b,0x5d,0x99,0xdc,0x5c,0xda,0x9b,0xdb,0x94,0x80,0x68,0x42,0x86,0xe7,0x62,0x17,0xc6,0x66,0x57,0x26,0x37,
    0x25,0x28,0xea,0x90,0xe1,0xb9,0xcc,0xa1,0x85,0x91,0x95,0xc9,0x35,0xbd,0x91,0x95,0xb1,0x4d,0x09,0x90,0x32,0x64,0x78,0x2e,
    0x72,0x65,0x73,0x6f,0x75,0x72,0x63,0x65,0x73,0x53,0x02,0x71,0xa8,0x44,0x86,0xe7,0x42,0x97,0x07,0x57,0x16,0xe4,0xe6,0xf6,
    0x46,0x17,0x46,0x97,0xf6,0xe6,0x36,0x37,0x45,0xb8,0x07,0x7e,0xa8,0x43,0x86,0xe7,0x62,0x97,0x56,0x76,0x97,0x44,0x36,0x45,
    0x17,0x46,0x57,0x36,0x25,0xf0,0x87,0x3a,0x64,0x78,0x2e,0x65,0x6e,0x74,0x72,0x79,0x50,0x6f,0x69,0x6e,0x74,0x73,0x53,0x82,
    0xb7,0xe8,0x42,0x86,0xe7,0x32,0xf6,0x56,0xe7,0x46,0x57,0x26,0x37,0x37,0x25,0xf0,0x0b,0x00,0x00,0x00,0x79,0x18,0x00,0x00,
    0x51,0x00,0x00,0x00,0x33,0x08,0x80,0x1c,0xc4,0xe1,0x1c,0x66,0x14,0x01,0x3d,0x88,0x43,0x38,0x84,0xc3,0x8c,0x42,0x80,0x07,
    0x79,0x78,0x07,0x73,0x98,0x71,0x0c,0xe6,0x00,0x0f,0xed,0x10,0x0e,0xf4,0x80,0x0e,0x33,0x0c,0x42,0x1e,0xc2,0xc1,0x1d,0xce,
    0xa1,0x1c,0x66,0x30,0x05,0x3d,0x88,0x43,0x38,0x84,0x83,0x1b,0xcc,0x03,0x3d,0xc8,0x43,0x3d,0x8c,0x03,0x3d,0xcc,0x78,0x8c,
    0x74,0x70,0x07,0x7b,0x08,0x07,0x79,0x48,0x87,0x70,0x70,0x07,0x7a,0x70,0x03,0x76,0x78,0x87,0x70,0x20,0x87,0x19,0xcc,0x11,
    0x0e,0xec,0x90,0x0e,0xe1,0x30,0x0f,0x6e,0x30,0x0f,0xe3,0xf0,0x0e,0xf0,0x50,0x0e,0x33,0x10,0xc4,0x1d,0xde,0x21,0x1c,0xd8,
    0x21,0x1d,0xc2,0x61,0x1e,0x66,0x30,0x89,0x3b,0xbc,0x83,0x3b,0xd0,0x43,0x39,0xb4,0x03,0x3c,0xbc,0x83,0x3c,0x84,0x03,0x3b,
    0xcc,0xf0,0x14,0x76,0x60,0x07,0x7b,0x68,0x07,0x37,0x68,0x87,0x72,0x68,0x07,0x37,0x80,0x87,0x70,0x90,0x87,0x70,0x60,0x07,
    0x76,0x28,0x07,0x76,0xf8,0x05,0x76,0x78,0x87,0x77,0x80,0x87,0x5f,0x08,0x87,0x71,0x18,0x87,0x72,0x98,0x87,0x79,0x98,0x81,
    0x2c,0xee,0xf0,0x0e,0xee,0xe0,0x0e,0xf5,0xc0,0x0e,0xec,0x30,0x03,0x62,0xc8,0xa1,0x1c,0xe4,0xa1,0x1c,0xcc,0xa1,0x1c,0xe4,
    0xa1,0x1c,0xdc,0x61,0x1c,0xca,0x21,0x1c,0xc4,0x81,0x1d,0xca,0x61,0x06,0xd6,0x90,0x43,0x39,0xc8,0x43,0x39,0x98,0x43,0x39,
    0xc8,0x43,0x39,0xb8,0xc3,0x38,0x94,0x43,0x38,0x88,0x03,0x3b,0x94,0xc3,0x2f,0xbc,0x83,0x3c,0xfc,0x82,0x3b,0xd4,0x03,0x3b,
    0xb0,0xc3,0x0c,0xc4,0x21,0x07,0x7c,0x70,0x03,0x7a,0x28,0x87,0x76,0x80,0x87,0x19,0xd1,0x43,0x0e,0xf8,0xe0,0x06,0xe4,0x20,
    0x0e,0xe7,0xe0,0x06,0xf6,0x10,0x0e,0xf2,0xc0,0x0e,0xe1,0x90,0x0f,0xef,0x50,0x0f,0xf4,0x30,0x83,0x81,0xc8,0x01,0x1f,0xdc,
    0x40,0x1c,0xe4,0xa1,0x1c,0xc2,0x61,0x1d,0xdc,0x40,0x1c,0xe4,0x01,0x00,0x00,0x00,0x71,0x20,0x00,0x00,0x29,0x00,0x00,0x00,
    0x46,0x00,0x0d,0x97,0xef,0x3c,0x7e,0x80,0x34,0x40,0x84,0xf9,0xc5,0x6d,0x5b,0xc2,0x36,0x5c,0xbe,0xf3,0xf8,0x42,0x40,0x15,
    0x05,0x11,0x95,0x0e,0x30,0x94,0x84,0x01,0x08,0x98,0x5f,0xdc,0xb6,0x29,0x48,0xc3,0xe5,0x3b,0x8f,0x2f,0x44,0x04,0x30,0x11,
    0x21,0xd0,0x0c,0x0b,0x61,0x03,0xcd,0x70,0xf9,0xce,0xe3,0x0f,0x88,0x24,0x00,0xd1,0x60,0x06,0xce,0x70,0xf9,0xce,0xe3,0x0f,
    0xce,0x64,0xfb,0xc5,0x6d,0x1b,0x82,0x33,0x5c,0xbe,0xf3,0xf8,0x83,0x33,0xdd,0x7e,0x71,0xdb,0x16,0x30,0x0d,0x97,0xef,0x3c,
    0xfe,0xe2,0x00,0x83,0xd8,0x3c,0xd4,0xe4,0x17,0xb7,0x6d,0x07,0xd4,0x70,0xf9,0xce,0xe3,0x4b,0x00,0xf3,0x2c,0xc4,0x86,0x00,
    0x92,0x5f,0xdc,0xb6,0x09,0x54,0xc3,0xe5,0x3b,0x8f,0x2f,0x4d,0x4e,0x44,0xa0,0xd4,0xf4,0x50,0x93,0x5f,0xdc,0xb6,0x15,0x3c,
    0xc3,0xe5,0x3b,0x8f,0x4f,0x35,0x40,0x84,0xf9,0xc5,0x6d,0x1b,0x00,0xc1,0x00,0x48,0x03,0x00,0x00,0x00,0x00,0x00,0x00,0x00,
    0x48,0x41,0x53,0x48,0x14,0x00,0x00,0x00,0x00,0x00,0x00,0x00,0x73,0x0c,0x56,0x57,0x0b,0xc5,0xe5,0xa8,0x76,0x75,0xbb,0xb7,
    0x3b,0x9c,0x87,0x0f,0x44,0x58,0x49,0x4c,0x48,0x3b,0x00,0x00,0x60,0x00,0x00,0x00,0xd2,0x0e,0x00,0x00,0x44,0x58,0x49,0x4c,
    0x00,0x01,0x00,0x00,0x10,0x00,0x00,0x00,0x30,0x3b,0x00,0x00,0x42,0x43,0xc0,0xde,0x21,0x0c,0x00,0x00,0xc9,0x0e,0x00,0x00,
    0x0b,0x82,0x20,0x00,0x02,0x00,0x00,0x00,0x13,0x00,0x00,0x00,0x07,0x81,0x23,0x91,0x41,0xc8,0x04,0x49,0x06,0x10,0x32,0x39,
    0x92,0x01,0x84,0x0c,0x25,0x05,0x08,0x19,0x1e,0x04,0x8b,0x62,0x80,0x18,0x45,0x02,0x42,0x92,0x0b,0x42,0xc4,0x10,0x32,0x14,
    0x38,0x08,0x18,0x4b,0x0a,0x32,0x62,0x88,0x48,0x90,0x14,0x20,0x43,0x46,0x88,0xa5,0x00,0x19,0x32,0x42,0xe4,0x48,0x0e,0x90,
    0x11,0x23,0xc4,0x50,0x41,0x51,0x81,0x8c,0xe1,0x83,0xe5,0x8a,0x04,0x31,0x46,0x06,0x51,0x18,0x00,0x00,0x08,0x00,0x00,0x00,
    0x1b,0x8c,0xe0,0xff,0xff,0xff,0xff,0x07,0x40,0x02,0xa8,0x0d,0x84,0xf0,0xff,0xff,0xff,0xff,0x03,0x20,0x6d,0x30,0x86,0xff,
    0xff,0xff,0xff,0x1f,0x00,0x09,0xa8,0x00,0x49,0x18,0x00,0x00,0x03,0x00,0x00,0x00,0x13,0x82,0x60,0x42,0x20,0x4c,0x08,0x06,
    0x00,0x00,0x00,0x00,0x89,0x20,0x00,0x00,0x89,0x00,0x00,0x00,0x32,0x22,0x88,0x09,0x20,0x64,0x85,0x04,0x13,0x23,0xa4,0x84,
    0x04,0x13,0x23,0xe3,0x84,0xa1,0x90,0x14,0x12,0x4c,0x8c,0x8c,0x0b,0x84,0xc4,0x4c,0x10,0xc8,0xc1,0x08,0x40,0x09,0x00,0x0a,
    0x66,0x00,0xe6,0x08,0xc0,0x60,0x8e,0x00,0x29,0xc6,0x40,0x10,0x44,0x41,0x90,0x51,0x0c,0x80,0x20,0x88,0x62,0x20,0x64,0x8e,
    0x20,0x28,0x03,0x40,0x28,0xb4,0x14,0x62,0x20,0x86,0x81,0x9a,0x32,0x0c,0xc4,0x40,0x4f,0x31,0x06,0x62,0x18,0x86,0x81,0xa2,
    0x9b,0x86,0xcb,0x9f,0xb0,0x87,0x90,0xfc,0x95,0x90,0x56,0x62,0xf2,0x8b,0xdb,0x46,0xc5,0x30,0x0c,0x03,0x41,0xc5,0x3d,0xc3,
    0xe5,0x4f,0xd8,0x43,0x48,0x7e,0x08,0x34,0xc3,0x42,0xa0,0x80,0x2a,0xcd,0x44,0x54,0xd5,0x30,0x0c,0x03,0x41,0x10,0xc3,0x40,
    0x56,0x41,0x06,0x62,0x18,0x86,0x61,0x18,0x08,0x3b,0x6a,0xb8,0xfc,0x09,0x7b,0x08,0xc9,0xe7,0x36,0xaa,0x58,0x89,0xc9,0x2f,
    0x6e,0x1b,0x11,0xc3,0x30,0x0c,0x85,0xd0,0x88,0x8a,0xa0,0xad,0x18,0x15,0x51,0x10,0x84,0x42,0xdd,0x40,0xc0,0x30,0x02,0x31,
    0xcc,0xd4,0x06,0xe3,0xc0,0x0e,0xe1,0x30,0x0f,0xf3,0xe0,0x06,0xb4,0x50,0x0e,0xf8,0x40,0x0f,0xf5,0x20,0x0f,0xe5,0x20,0x07,
    0xa4,0xc0,0x07,0xf6,0x50,0x0e,0xe3,0x40,0x0f,0xef,0x20,0x0f,0x7c,0x60,0x0e,0xec,0xf0,0x0e,0xe1,0x40,0x0f,0x6c,0x00,0x06,
    0x74,0xe0,0x07,0x60,0xe0,0x07,0x7a,0xa0,0x07,0xed,0x90,0x0e,0xf0,0x30,0x0f,0xbf,0x40,0x0f,0xf9,0x00,0x0f,0xe5,0x80,0x02,
    0x62,0x26,0x31,0x18,0x07,0x76,0x08,0x87,0x79,0x98,0x07,0x37,0xa0,0x85,0x72,0xc0,0x07,0x7a,0xa8,0x07,0x79,0x28,0x07,0x39,
    0x20,0x05,0x3e,0xb0,0x87,0x72,0x18,0x07,0x7a,0x78,0x07,0x79,0xe0,0x03,0x73,0x60,0x87,0x77,0x08,0x07,0x7a,0x60,0x03,0x30,
    0xa0,0x03,0x3f,0x00,0x03,0x3f,0x40,0x02,0x18,0x92,0x38,0x13,0x19,0x8c,0x03,0x3b,0x84,0xc3,0x3c,0xcc,0x83,0x1b,0xd0,0x42,
    0x39,0xe0,0x03,0x3d,0xd4,0x83,0x3c,0x94,0xc3,0x28,0xd4,0x83,0x38,0x94,0x03,0x1f,0xd8,0x43,0x39,0x8c,0x03,0x3d,0xbc,0x83,
    0x3c,0xf0,0x81,0x39,0xb0,0xc3,0x3b,0x84,0x03,0x3d,0xb0,0x01,0x18,0xd0,0x81,0x1f,0x80,0x81,0x1f,0xa0,0x00,0x24,0x72,0xa6,
    0x36,0x18,0x07,0x76,0x08,0x87,0x79,0x98,0x07,0x37,0xa0,0x85,0x72,0xc0,0x07,0x7a,0xa8,0x07,0x79,0x28,0x87,0x39,0x20,0x05,
    0x3e,0xb0,0x87,0x72,0x18,0x07,0x7a,0x78,0x07,0x79,0xe0,0x03,0x73,0x60,0x87,0x77,0x08,0x07,0x7a,0x60,0x03,0x30,0xa0,0x03,
    0x3f,0x00,0x03,0x3f,0xd0,0x03,0x3d,0x68,0x87,0x74,0x80,0x87,0x79,0xf8,0x05,0x7a,0xc8,0x07,0x78,0x28,0x07,0x14,0x10,0x33,
    0x89,0xc1,0x38,0xb0,0x43,0x38,0xcc,0xc3,0x3c,0xb8,0x01,0x2d,0x94,0x03,0x3e,0xd0,0x43,0x3d,0xc8,0x43,0x39,0xcc,0x01,0x29,
    0xf0,0x81,0x3d,0x94,0xc3,0x38,0xd0,0xc3,0x3b,0xc8,0x03,0x1f,0x98,0x03,0x3b,0xbc,0x43,0x38,0xd0,0x03,0x1b,0x80,0x01,0x1d,
    0xf8,0x01,0x18,0xf8,0x01,0x12,0x40,0x93,0xce,0xa4,0x00,0x13,0x02,0xcc,0x02,0xf0,0x14,0x8e,0xfc,0x22,0xc0,0x60,0x88,0x66,
    0x42,0x46,0xaa,0xaa,0xab,0xaa,0x12,0x7b,0x93,0x34,0x45,0x94,0x30,0xf9,0x2c,0xc0,0x3c,0x0b,0x11,0xb1,0x13,0x30,0x11,0x28,
    0x20,0xc8,0x4d,0x1e,0x62,0x0a,0x00,0x00,0x13,0x14,0x72,0xc0,0x87,0x74,0x60,0x87,0x36,0x68,0x87,0x79,0x68,0x03,0x72,0xc0,
    0x87,0x0d,0xaf,0x50,0x0e,0x6d,0xd0,0x0e,0x7a,0x50,0x0e,0x6d,0x00,0x0f,0x7a,0x30,0x07,0x72,0xa0,0x07,0x73,0x20,0x07,0x6d,
    0x90,0x0e,0x71,0xa0,0x07,0x73,0x20,0x07,0x6d,0x90,0x0e,0x78,0xa0,0x07,0x73,0x20,0x07,0x6d,0x90,0x0e,0x71,0x60,0x07,0x7a,
    0x30,0x07,0x72,0xd0,0x06,0xe9,0x30,0x07,0x72,0xa0,0x07,0x73,0x20,0x07,0x6d,0x90,0x0e,0x76,0x40,0x07,0x7a,0x60,0x07,0x74,
    0xd0,0x06,0xe6,0x10,0x07,0x76,0xa0,0x07,0x73,0x20,0x07,0x6d,0x60,0x0e,0x73,0x20,0x07,0x7a,0x30,0x07,0x72,0xd0,0x06,0xe6,
    0x60,0x07,0x74,0xa0,0x07,0x76,0x40,0x07,0x6d,0xe0,0x0e,0x78,0xa0,0x07,0x71,0x60,0x07,0x7a,0x30,0x07,0x72,0xa0,0x07,0x76,
    0x40,0x07,0x43,0x9e,0x00,0x00,0x00,0x00,0x00,0x00,0x00,0x00,0x00,0x00,0x00,0x86,0x3c,0x06,0x10,0x00,0x01,0x00,0x00,0x00,
    0x00,0x00,0x00,0x00,0x0c,0x79,0x10,0x20,0x00,0x04,0x00,0x00,0x00,0x00,0x00,0x00,0x00,0x18,0xf2,0x2c,0x40,0x00,0x08,0x00,
    0x00,0x00,0x00,0x00,0x00,0x00,0x30,0xe4,0x69,0x80,0x00,0x08,0x00,0x00,0x00,0x00,0x00,0x00,0x00,0x60,0xc8,0xf3,0x00,0x01,
    0x10,0x00,0x00,0x00,0x00,0x00,0x00,0x00,0xc0,0x90,0x27,0x02,0x02,0x20,0x00,0x00,0x00,0x00,0x00,0x00,0x00,0x80,0x21,0x8f,
    0x05,0x04,0xc0,0x00,0x00,0x00,0x00,0x00,0x00,0x00,0x00,0x43,0x1e,0x0c,0x08,0x80,0x00,0x00,0x00,0x00,0x00,0x00,0x00,0x00,
    0x86,0x3c,0x1b,0x10,0x00,0x03,0x00,0x00,0x00,0x00,0x00,0x00,0x00,0x0c,0x79,0x3a,0x20,0x00,0x06,0x00,0x00,0x00,0x00,0x00,
    0x00,0x00,0xc8,0x02,0x01,0x00,0x00,0x00,0x1f,0x00,0x00,0x00,0x32,0x1e,0x98,0x18,0x19,0x11,0x4c,0x90,0x8c,0x09,0x26,0x47,
    0xc6,0x04,0x43,0x22,0x4a,0x60,0x04,0xa0,0x20,0x8a,0xa1,0x08,0x4a,0xa2,0x0c,0x0a,0xa1,0x14,0xca,0xa1,0x28,0xca,0xa2,0x30,
    0x4a,0xa3,0x38,0xca,0xa3,0x40,0x2d,0xa8,0x28,0x89,0x32,0x28,0x84,0x11,0x80,0x22,0x28,0x81,0x02,0xa1,0x71,0x06,0x80,0xca,
    0x19,0x00,0x42,0x67,0x00,0xa8,0x9d,0x01,0xa0,0x77,0x06,0x80,0xe0,0xb1,0xf8,0x40,0x0f,0x08,0x00,0x00,0x90,0xe7,0x79,0x9e,
    0xe7,0x79,0x9e,0xe7,0x79,0x9e,0xe7,0x79,0x9e,0xe7,0x79,0x9e,0xe7,0x79,0x9e,0xe7,0x79,0x9e,0xe7,0x79,0x9e,0xe7,0x79,0x9e,
    0xe7,0x79,0x9e,0xe7,0x79,0x9e,0xe7,0x79,0x9e,0x07,0x38,0x0e,0x04,0x01,0x00,0x00,0x79,0x18,0x00,0x00,0x07,0x01,0x00,0x00,
    0x1a,0x03,0x4c,0x90,0x46,0x02,0x13,0xc4,0x31,0x20,0xc3,0x1b,0x43,0x81,0x93,0x4b,0xb3,0x0b,0xa3,0x2b,0x4b,0x01,0x89,0x71,
    0xc1,0x71,0x81,0x71,0xa1,0xb9,0x99,0xc9,0x01,0x41,0x21,0xcb,0x09,0xab,0x29,0xcb,0xb9,0x21,0x83,0x49,0xd9,0x10,0x04,0x13,
    0x04,0x62,0x99,0x20,0x10,0xcc,0x06,0x61,0x20,0x26,0x08,0x44,0xb3,0x41,0x18,0x0c,0x0a,0x70,0x73,0x13,0x04,0xc2,0xd9,0x30,
    0x20,0x09,0x31,0x41,0x18,0x83,0x31,0x20,0x30,0x41,0x20,0x9e,0x09,0x02,0x01,0x6d,0x10,0x08,0x67,0x43,0x42,0x2c,0x4c,0x43,
    0x0c,0x0d,0xf1,0x6c,0x48,0x86,0x85,0x69,0x86,0xa1,0x21,0x9e,0x0d,0x49,0xb3,0x30,0x4d,0x33,0x34,0xc4,0x33,0x41,0x20,0xa2,
    0x0d,0xc9,0xb4,0x30,0xcd,0x34,0x34,0xc4,0x33,0x41,0x20,0xa4,0x09,0x42,0x19,0x90,0xc1,0x04,0x81,0x98,0x36,0x24,0x95,0xc5,
    0x34,0xd5,0x70,0x11,0xcf,0x86,0xe4,0xb2,0x98,0xe6,0x1a,0x2e,0xe2,0xd9,0x90,0x24,0x16,0xd3,0x24,0xc3,0x45,0x3c,0x13,0x04,
    0x82,0xda,0x90,0x6c,0x16,0xd3,0x6c,0xc3,0x45,0x3c,0x1b,0x12,0xc3,0x62,0x1a,0x63,0xb8,0x88,0x67,0x43,0xe2,0x58,0x4c,0xe3,
    0x0c,0x17,0xf1,0x4c,0x10,0x88,0x6a,0x43,0xf2,0x59,0x4c,0xf3,0x0d,0x17,0xf1,0x4c,0x10,0x08,0x6b,0x43,0x12,0x06,0x16,0xd3,
    0x84,0xc1,0x70,0x11,0xcf,0x04,0x81,0xb8,0x26,0x08,0x68,0x50,0x06,0x1b,0x92,0x31,0x20,0x03,0xa6,0x19,0x83,0xa1,0x22,0x9e,
    0x09,0x02,0x81,0x6d,0x48,0xcc,0x80,0x0c,0x98,0xc6,0x0c,0x86,0x8a,0x78,0x26,0x08,0x44,0xb6,0x21,0x41,0x03,0x32,0x60,0x1a,
    0x34,0x18,0x2a,0xe2,0x99,0x20,0x10,0xda,0x86,0x44,0x0d,0xc8,0x80,0x69,0xd4,0x60,0xa8,0x88,0x67,0x03,0x04,0x45,0x12,0x85,
    0x65,0x1a,0xd7,0x79,0x60,0x20,0x06,0x65,0x70,0x06,0x69,0xb0,0x06,0x13,0x84,0x36,0x30,0x83,0x09,0x02,0xb1,0x6d,0x40,0x88,
    0x36,0x60,0x26,0x62,0x70,0x03,0x60,0x43,0xf0,0x06,0x13,0x84,0x37,0x38,0x83,0x0d,0x08,0x11,0x07,0x4c,0x43,0x0c,0x04,0xb0,
    0x01,0x19,0xe2,0x80,0x69,0x86,0x81,0x00,0x36,0x20,0x4d,0x1c,0x30,0x4d,0x33,0x10,0xc0,0x06,0x64,0x8a,0x03,0xa6,0x99,0x06,
    0x02,0xd8,0x80,0x54,0x71,0xc0,0x34,0xd5,0x40,0x00,0x1b,0x90,0x2b,0x0e,0x98,0xe6,0x1a,0x08,0x60,0x03,0x92,0xc4,0x01,0xd3,
    0x24,0x03,0x01,0x6c,0x40,0xb6,0x38,0x60,0x9a,0x6d,0x20,0x80,0x0d,0x88,0x11,0x07,0x4c,0x63,0x0c,0x04,0xb0,0x01,0x71,0xe2,
    0x80,0x69,0x9c,0x81,0x00,0x36,0x20,0x5f,0x1c,0x30,0xcd,0x37,0x10,0xc0,0x06,0x24,0x0c,0xe2,0x80,0x69,0xc2,0x60,0x20,0x80,
    0x0d,0xc8,0x18,0xc4,0x01,0xd3,0x8c,0xc1,0x40,0x00,0x1b,0x10,0x33,0x88,0x03,0xa6,0x31,0x83,0x81,0x00,0x36,0x20,0x68,0x10,
    0x07,0x4c,0x83,0x06,0x03,0x01,0x6c,0x40,0xd4,0x20,0x0e,0x98,0x46,0x0d,0x06,0x02,0xd8,0x00,0xc9,0xc1,0x1c,0xd0,0x41,0x1d,
    0xd8,0xc1,0x1d,0xe0,0x41,0x1e,0xe8,0xc1,0x1e,0xf0,0x41,0x1f,0xf8,0xc1,0x1f,0x80,0x42,0x28,0x6c,0x20,0xd8,0x00,0x80,0x03,
    0x51,0x98,0x20,0xc0,0x01,0x1a,0x6c,0x08,0x48,0x61,0x82,0x20,0x00,0x24,0xda,0xc2,0xd2,0xdc,0xb8,0x4c,0x59,0x7d,0x41,0xbd,
    0xcd,0xa5,0xd1,0xa5,0xbd,0xb9,0x4d,0x10,0x0a,0x6e,0x82,0x50,0x74,0x1b,0x02,0x62,0x82,0x50,0x78,0x13,0x84,0xe2,0xdb,0x20,
    0x4c,0xc6,0x86,0x85,0x40,0x85,0x54,0x50,0x85,0x55,0x60,0x85,0x81,0x15,0x88,0x56,0x70,0x05,0x22,0x54,0x45,0x58,0x43,0x4f,
    0x4f,0x52,0x44,0x13,0x84,0x02,0x0c,0x36,0x08,0x93,0x1a,0x6c,0x58,0x06,0x58,0x48,0x85,0x56,0x58,0x85,0x58,0x18,0x58,0x61,
    0x68,0x05,0x59,0xd8,0x10,0x0c,0x1b,0x96,0x06,0x16,0x52,0xa1,0x15,0x68,0x21,0x16,0x06,0x56,0x68,0x5a,0x41,0x16,0x36,0x04,
    0xcd,0x04,0xa1,0x08,0x83,0x0d,0xcb,0x04,0x0b,0xa9,0xd0,0x0a,0xb6,0x70,0x0b,0x03,0x2b,0x4c,0xad,0x20,0x0b,0x1b,0x82,0x69,
    0xc3,0x52,0xc1,0x42,0x2a,0xb4,0x42,0x2e,0xdc,0xc2,0xc0,0x0a,0x55,0x2b,0xc8,0xc2,0x86,0xa0,0xda,0xb0,0x5c,0xb0,0x90,0x0a,
    0xad,0xb0,0x0b,0xb1,0x30,0xb0,0xc2,0xd5,0x0a,0xb2,0xb0,0x21,0xb8,0x36,0x2c,0x09,0x2c,0xa4,0x42,0x2b,0xf4,0x42,0x2c,0x0c,
    0xac,0x90,0xb4,0x82,0x2c,0x6c,0x08,0x92,0x0d,0xcb,0x06,0x0b,0xa9,0xd0,0x0a,0xbf,0x10,0x0b,0x03,0x2b,0x6c,0xad,0x20,0x0b,
    0x1b,0x82,0x6d,0xc3,0x62,0xc0,0x42,0x2a,0xb4,0x42,0x38,0xc4,0xc2,0xc0,0x0a,0x46,0x2b,0xc8,0xc2,0x86,0xc0,0xd8,0xb0,0x38,
    0xb0,0x90,0x0a,0xad,0x30,0x0e,0xb1,0x30,0xb0,0x82,0xd3,0x0a,0xb2,0xb0,0x21,0x70,0x36,0x2c,0x1f,0x2c,0xa4,0x42,0x2b,0x94,
    0x43,0x2c,0x0c,0xac,0xf0,0xb5,0x82,0x2c,0x6c,0x08,0xbe,0x0d,0x4b,0x18,0xc0,0x42,0x2a,0xb4,0xc2,0x39,0xc4,0xc2,0xc0,0x0a,
    0x61,0xd0,0x0a,0xb2,0xb0,0x21,0x08,0x83,0x0d,0xcb,0x18,0xc0,0x42,0x2a,0xb4,0x42,0x3a,0xc4,0xc2,0xc0,0x0a,0x63,0xd0,0x0a,
    0xb2,0xb0,0x21,0x18,0x83,0x0d,0xc2,0x64,0x06,0x1b,0x16,0x33,0x80,0x85,0x54,0x68,0x85,0x75,0x88,0x85,0x81,0x15,0xcc,0xa0,
    0x15,0xd8,0x61,0x43,0x60,0x06,0x1b,0x84,0x69,0xda,0xb0,0xa0,0x01,0x2c,0xa4,0x42,0x2b,0xb8,0x43,0x2c,0x0c,0xb1,0x80,0x06,
    0xad,0xf0,0x0e,0x1b,0x9e,0x57,0x98,0x85,0x5a,0xc0,0x05,0x5d,0xe0,0x05,0x5f,0x00,0x07,0x71,0x20,0x07,0x73,0x40,0x07,0x75,
    0x68,0x07,0x78,0x60,0x32,0x65,0xf5,0x45,0x15,0x26,0x77,0x56,0x46,0x37,0x41,0x28,0xc4,0x60,0xc3,0x42,0xc8,0x43,0x2a,0xcc,
    0xc3,0x2a,0xb4,0xc2,0xc0,0x0a,0x44,0x2b,0xc8,0xc2,0x86,0x80,0x1e,0x36,0x0c,0xf1,0x50,0x0f,0xc0,0x86,0xc2,0x14,0x4e,0xc1,
    0x1e,0x46,0x01,0xa8,0xc2,0xc6,0x66,0xd7,0xe6,0x92,0x46,0x56,0xe6,0x46,0x37,0x25,0x08,0xaa,0x90,0xe1,0xb9,0xd8,0x95,0xc9,
    0xcd,0xa5,0xbd,0xb9,0x4d,0x09,0x88,0x26,0x64,0x78,0x2e,0x76,0x61,0x6c,0x76,0x65,0x72,0x53,0x02,0xa3,0x0e,0x19,0x9e,0xcb,
    0x1c,0x5a,0x18,0x59,0x99,0x5c,0xd3,0x1b,0x59,0x19,0xdb,0x94,0x20,0x29,0x43,0x86,0xe7,0x22,0x57,0x36,0xf7,0x56,0x27,0x37,
    0x56,0x36,0x37,0x25,0x10,0x85,0x3a,0x64,0x78,0x2e,0x76,0x69,0x65,0x77,0x49,0x64,0x53,0x74,0x61,0x74,0x65,0x53,0x02,0x52,
    0xa8,0x43,0x86,0xe7,0x52,0xe6,0x46,0x27,0x97,0x07,0xf5,0x96,0xe6,0x46,0x37,0x37,0x25,0xb0,0x07,0x00,0x79,0x18,0x00,0x00,
    0x51,0x00,0x00,0x00,0x33,0x08,0x80,0x1c,0xc4,0xe1,0x1c,0x66,0x14,0x01,0x3d,0x88,0x43,0x38,0x84,0xc3,0x8c,0x42,0x80,0x07,
    0x79,0x78,0x07,0x73,0x98,0x71,0x0c,0xe6,0x00,0x0f,0xed,0x10,0x0e,0xf4,0x80,0x0e,0x33,0x0c,0x42,0x1e,0xc2,0xc1,0x1d,0xce,
    0xa1,0x1c,0x66,0x30,0x05,0x3d,0x88,0x43,0x38,0x84,0x83,0x1b,0xcc,0x03,0x3d,0xc8,0x43,0x3d,0x8c,0x03,0x3d,0xcc,0x78,0x8c,
    0x74,0x70,0x07,0x7b,0x08,0x07,0x79,0x48,0x87,0x70,0x70,0x07,0x7a,0x70,0x03,0x76,0x78,0x87,0x70,0x20,0x87,0x19,0xcc,0x11,
    0x0e,0xec,0x90,0x0e,0xe1,0x30,0x0f,0x6e,0x30,0x0f,0xe3,0xf0,0x0e,0xf0,0x50,0x0e,0x33,0x10,0xc4,0x1d,0xde,0x21,0x1c,0xd8,
    0x21,0x1d,0xc2,0x61,0x1e,0x66,0x30,0x89,0x3b,0xbc,0x83,0x3b,0xd0,0x43,0x39,0xb4,0x03,0x3c,0xbc,0x83,0x3c,0x84,0x03,0x3b,
    0xcc,0xf0,0x14,0x76,0x60,0x07,0x7b,0x68,0x07,0x37,0x68,0x87,0x72,0x68,0x07,0x37,0x80,0x87,0x70,0x90,0x87,0x70,0x60,0x07,
    0x76,0x28,0x07,0x76,0xf8,0x05,0x76,0x78,0x87,0x77,0x80,0x87,0x5f,0x08,0x87,0x71,0x18,0x87,0x72,0x98,0x87,0x79,0x98,0x81,
    0x2c,0xee,0xf0,0x0e,0xee,0xe0,0x0e,0xf5,0xc0,0x0e,0xec,0x30,0x03,0x62,0xc8,0xa1,0x1c,0xe4,0xa1,0x1c,0xcc,0xa1,0x1c,0xe4,
    0xa1,0x1c,0xdc,0x61,0x1c,0xca,0x21,0x1c,0xc4,0x81,0x1d,0xca,0x61,0x06,0xd6,0x90,0x43,0x39,0xc8,0x43,0x39,0x98,0x43,0x39,
    0xc8,0x43,0x39,0xb8,0xc3,0x38,0x94,0x43,0x38,0x88,0x03,0x3b,0x94,0xc3,0x2f,0xbc,0x83,0x3c,0xfc,0x82,0x3b,0xd4,0x03,0x3b,
    0xb0,0xc3,0x0c,0xc4,0x21,0x07,0x7c,0x70,0x03,0x7a,0x28,0x87,0x76,0x80,0x87,0x19,0xd1,0x43,0x0e,0xf8,0xe0,0x06,0xe4,0x20,
    0x0e,0xe7,0xe0,0x06,0xf6,0x10,0x0e,0xf2,0xc0,0x0e,0xe1,0x90,0x0f,0xef,0x50,0x0f,0xf4,0x30,0x83,0x81,0xc8,0x01,0x1f,0xdc,
    0x40,0x1c,0xe4,0xa1,0x1c,0xc2,0x61,0x1d,0xdc,0x40,0x1c,0xe4,0x01,0x00,0x00,0x00,0x71,0x20,0x00,0x00,0x29,0x00,0x00,0x00,
    0x46,0x00,0x0d,0x97,0xef,0x3c,0x7e,0x80,0x34,0x40,0x84,0xf9,0xc5,0x6d,0x5b,0xc2,0x36,0x5c,0xbe,0xf3,0xf8,0x42,0x40,0x15,
    0x05,0x11,0x95,0x0e,0x30,0x94,0x84,0x01,0x08,0x98,0x5f,0xdc,0xb6,0x29,0x48,0xc3,0xe5,0x3b,0x8f,0x2f,0x44,0x04,0x30,0x11,
    0x21,0xd0,0x0c,0x0b,0x61,0x03,0xcd,0x70,0xf9,0xce,0xe3,0x0f,0x88,0x24,0x00,0xd1,0x60,0x06,0xce,0x70,0xf9,0xce,0xe3,0x0f,
    0xce,0x64,0xfb,0xc5,0x6d,0x1b,0x82,0x33,0x5c,0xbe,0xf3,0xf8,0x83,0x33,0xdd,0x7e,0x71,0xdb,0x16,0x30,0x0d,0x97,0xef,0x3c,
    0xfe,0xe2,0x00,0x83,0xd8,0x3c,0xd4,0xe4,0x17,0xb7,0x6d,0x07,0xd4,0x70,0xf9,0xce,0xe3,0x4b,0x00,0xf3,0x2c,0xc4,0x86,0x00,
    0x92,0x5f,0xdc,0xb6,0x09,0x54,0xc3,0xe5,0x3b,0x8f,0x2f,0x4d,0x4e,0x44,0xa0,0xd4,0xf4,0x50,0x93,0x5f,0xdc,0xb6,0x15,0x3c,
    0xc3,0xe5,0x3b,0x8f,0x4f,0x35,0x40,0x84,0xf9,0xc5,0x6d,0x1b,0x00,0xc1,0x00,0x48,0x03,0x00,0x00,0x00,0x61,0x20,0x00,0x00,
    0x27,0x0c,0x00,0x00,0x13,0x04,0x34,0x12,0x0b,0x04,0x00,0x00,0x2f,0x00,0x00,0x00,0xa4,0xd4,0xc0,0x08,0x00,0x11,0xe5,0x52,
    0x83,0x04,0x05,0x08,0x08,0x18,0x50,0x80,0x80,0x80,0x08,0x85,0x56,0x80,0x80,0x04,0x05,0x08,0x28,0x50,0x70,0x25,0x53,0x6e,
    0xc5,0x56,0x3e,0x45,0x1a,0x50,0x34,0x65,0x53,0x26,0x85,0x54,0x46,0x33,0x00,0x25,0x57,0x76,0xa5,0x57,0x20,0xa5,0x52,0x40,
    0x05,0x53,0x22,0x05,0x48,0x50,0x3c,0xc5,0x52,0x24,0x85,0x42,0xc3,0x18,0x01,0x08,0x82,0x20,0xde,0x8d,0x11,0x80,0x20,0xe8,
    0xdf,0x61,0x30,0x46,0xd0,0xf7,0x2d,0x8b,0xeb,0xc2,0x18,0x01,0x08,0x82,0xa0,0x08,0x06,0x63,0x04,0x7b,0xac,0xc6,0xfb,0x2f,
    0x8c,0x11,0x80,0x20,0x08,0xe2,0xbf,0x30,0x46,0x40,0xc2,0xa0,0x88,0xff,0xc2,0x18,0x81,0x88,0x82,0x21,0x08,0x06,0x63,0x04,
    0x37,0xde,0x8e,0x2d,0x2f,0x8c,0x11,0xf4,0x7d,0xcb,0xe2,0xda,0x18,0x01,0x08,0x82,0x20,0xfc,0x8d,0x11,0xdc,0x78,0x3b,0xb6,
    0xdc,0x18,0x01,0x08,0x82,0x20,0x0a,0x06,0x63,0x04,0x20,0x08,0x82,0x20,0x18,0x8c,0x11,0x80,0x20,0x08,0xc2,0xbf,0x30,0x03,
    0x30,0x02,0x30,0x46,0x00,0x82,0x20,0x88,0x7f,0x00,0x00,0x00,0x23,0x06,0x09,0x00,0x82,0x60,0xd0,0xcd,0xc2,0xe7,0x07,0xa3,
    0x30,0x0a,0x73,0x30,0x62,0x90,0x00,0x20,0x08,0x06,0x1d,0x2d,0x80,0xc1,0x1f,0x94,0x42,0x29,0xd0,0xc1,0x88,0x41,0x02,0x80,
    0x20,0x18,0x74,0xb5,0x10,0x06,0xa0,0x70,0x0a,0xa7,0x50,0x07,0x23,0x06,0x09,0x00,0x82,0x60,0xd0,0xd9,0x82,0x18,0x84,0x42,
    0x2a,0xa4,0x82,0x1d,0x8c,0x18,0x24,0x00,0x08,0x82,0x41,0x77,0x0b,0x63,0x20,0x0a,0xab,0xb0,0x0a,0x77,0x30,0x62,0x90,0x00,
    0x20,0x08,0x06,0x1d,0x2e,0x90,0xc1,0x28,0xb4,0x42,0x2b,0xe0,0xc1,0x88,0x41,0x02,0x80,0x20,0x18,0x74,0xb9,0x50,0x06,0xa4,
    0x30,0x0b,0xb3,0x90,0x07,0x23,0x06,0x09,0x00,0x82,0x60,0xd0,0xe9,0x82,0x19,0x94,0xc2,0x2d,0xdc,0x82,0x1e,0x8c,0x18,0x24,
    0x00,0x08,0x82,0x41,0xb7,0x0b,0x67,0x60,0x0a,0xb1,0x10,0x0b,0x7b,0x30,0x62,0x90,0x00,0x20,0x08,0x06,0x1d,0x2f,0xa0,0xc1,
    0x29,0xe0,0x02,0x2e,0xf0,0xc1,0x88,0x41,0x02,0x80,0x20,0x18,0x74,0xbd,0x90,0x06,0xa8,0x40,0x0b,0xb4,0xd0,0x07,0x23,0x06,
    0x09,0x00,0x82,0x60,0xd0,0xf9,0x82,0x1a,0xa4,0x82,0x2d,0xd8,0x82,0x1f,0x8c,0x18,0x24,0x00,0x08,0x82,0x41,0xf7,0x0b,0x6b,
    0xa0,0x0a,0xb8,0x80,0x0b,0x7f,0x30,0x62,0x90,0x00,0x20,0x08,0x06,0x1d,0x38,0xb0,0xc1,0x2a,0xec,0xc2,0x2e,0x80,0xc2,0x88,
    0x41,0x02,0x80,0x20,0x18,0x74,0xe1,0xd0,0x06,0xac,0x00,0x0e,0xe0,0x10,0x0a,0x23,0x06,0x09,0x00,0x82,0x60,0xd0,0x89,0x83,
    0x1b,0xb4,0x02,0x38,0x80,0x83,0x28,0x8c,0x18,0x24,0x00,0x08,0x82,0x41,0x37,0x0e,0x6f,0x00,0x0b,0xb3,0x30,0x0b,0xa3,0x30,
    0x62,0x90,0x00,0x20,0x08,0x06,0x1d,0x39,0xc0,0x41,0x2c,0xd4,0x42,0x2d,0x90,0xc2,0x88,0x41,0x02,0x80,0x20,0x18,0x74,0xe5,
    0x10,0x07,0xb2,0x70,0x0b,0xb7,0x50,0x0a,0x23,0x06,0x09,0x00,0x82,0x60,0xd0,0x99,0x83,0x1c,0xcc,0x42,0x2e,0xe4,0x82,0x29,
    0x8c,0x18,0x24,0x00,0x08,0x82,0x41,0x77,0x0e,0x73,0x40,0x0b,0xbb,0xb0,0x0b,0xa7,0x30,0x62,0x90,0x00,0x20,0x08,0x06,0x1d,
    0x3a,0xd0,0x41,0x2d,0xf4,0x42,0x2f,0xa0,0xc2,0x88,0x41,0x02,0x80,0x20,0x18,0x74,0xe9,0x50,0x07,0xb6,0x30,0x0e,0xe3,0x90,
    0x0a,0x23,0x06,0x09,0x00,0x82,0x60,0xd0,0xa9,0x83,0x1d,0xdc,0xc2,0x39,0x9c,0x83,0x2a,0x8c,0x18,0x24,0x00,0x08,0x82,0x41,
    0xb7,0x0e,0x77,0x80,0x0b,0xe1,0x10,0x0e,0xab,0x30,0x62,0x90,0x00,0x20,0x08,0x06,0x1d,0x3b,0xe0,0x41,0x2e,0xa0,0x03,0x3a,
    0xb0,0xc2,0x88,0x41,0x02,0x80,0x20,0x18,0x74,0xed,0x90,0x07,0xba,0x40,0x0e,0xe4,0xd0,0x0a,0x23,0x06,0x09,0x00,0x82,0x60,
    0xd0,0xb9,0x83,0x1e,0xec,0x82,0x39,0x98,0x83,0x2b,0x8c,0x18,0x24,0x00,0x08,0x82,0x41,0xf7,0x0e,0x7b,0xc0,0x0b,0xe8,0x80,
    0x0e,0xaf,0x30,0x62,0x90,0x00,0x20,0x08,0x06,0x1d,0x3c,0xf0,0x41,0x2f,0xac,0xc3,0x3a,0xc0,0xc2,0x88,0x41,0x02,0x80,0x20,
    0x18,0x74,0xf1,0xd0,0x07,0xbe,0x00,0x0f,0xf0,0x10,0x0b,0x23,0x06,0x09,0x00,0x82,0x60,0xd0,0xc9,0x83,0x1f,0xfc,0x02,0x3c,
    0xc0,0x83,0x2c,0x8c,0x18,0x24,0x00,0x08,0x82,0x41,0x37,0x0f,0x7f,0xd0,0x0b,0xf1,0x10,0x0f,0xb3,0x30,0x62,0x90,0x00,0x20,
    0x08,0x06,0x46,0x3f,0xb0,0x83,0x39,0xc8,0xc3,0x2f,0x84,0xc2,0x88,0x41,0x02,0x80,0x20,0x18,0x18,0xfe,0xd0,0x0e,0xe7,0x30,
    0x0f,0xbf,0x20,0x0a,0x23,0x06,0x09,0x00,0x82,0x60,0x60,0xfc,0x83,0x3b,0xa0,0x03,0x3d,0x8c,0xc3,0x28,0x8c,0x18,0x24,0x00,
    0x08,0x82,0x81,0x01,0x12,0xef,0xa0,0x0e,0xf5,0x20,0x0e,0xa4,0x30,0x62,0x90,0x00,0x20,0x08,0x06,0x46,0x48,0xc0,0xc3,0x3a,
    0xd8,0x43,0x38,0x94,0xc2,0x88,0x41,0x02,0x80,0x20,0x18,0x18,0x22,0x11,0x0f,0xec,0x70,0x0f,0xe3,0x60,0x0a,0x23,0x06,0x09,
    0x00,0x82,0x60,0x60,0x8c,0x84,0x3c,0xb4,0x03,0x3e,0x9c,0xc3,0x29,0x8c,0x18,0x24,0x00,0x08,0x82,0x81,0x41,0x12,0xf3,0xf0,
    0x0e,0xf9,0x60,0x0e,0xa8,0x30,0x62,0x90,0x00,0x20,0x08,0x06,0x46,0x49,0xd0,0x03,0x3c,0xe8,0x43,0x39,0xa4,0xc2,0x88,0x41,
    0x02,0x80,0x20,0x18,0x18,0x26,0x51,0x0f,0xf1,0xb0,0x0f,0xe7,0xa0,0x0a,0x23,0x06,0x09,0x00,0x82,0x60,0x60,0x9c,0x84,0x3d,
    0xc8,0x03,0x3f,0xac,0xc3,0x2a,0x8c,0x18,0x24,0x00,0x08,0x82,0x81,0x81,0x12,0xf7,0x40,0x0f,0xfd,0xa0,0x0e,0xac,0x30,0x62,
    0x90,0x00,0x20,0x08,0x06,0x46,0x4a,0xe0,0x43,0x3d,0xf8,0x43,0x3a,0xb4,0xc2,0x88,0x41,0x02,0x80,0x20,0x18,0x18,0x2a,0x91,
    0x0f,0xf6,0xf0,0x0f,0xeb,0xe0,0x0a,0x23,0x06,0x09,0x00,0x82,0x60,0x60,0xac,0x84,0x3e,0xdc,0x03,0x48,0xbc,0xc3,0x2b,0x8c,
    0x18,0x24,0x00,0x08,0x82,0x81,0xc1,0x12,0xfb,0xd0,0x0f,0x21,0xe1,0x0e,0xb0,0x30,0x62,0x90,0x00,0x20,0x08,0x06,0x46,0x4b,
    0xf0,0x83,0x3f,0x88,0x44,0x3b,0xc4,0xc2,0x88,0x41,0x02,0x80,0x20,0x18,0x18,0x2e,0xd1,0x0f,0xff,0x30,0x12,0xef,0x20,0x0b,
    0x23,0x06,0x09,0x00,0x82,0x60,0x60,0xbc,0x84,0x3f,0x80,0x04,0x49,0xcc,0xc3,0x2c,0x8c,0x18,0x24,0x00,0x08,0x82,0x81,0x01,
    0x13,0xff,0x40,0x12,0x25,0x21,0x0f,0xb4,0x30,0x62,0x90,0x00,0x20,0x08,0x06,0x46,0x4c,0x80,0x44,0x49,0x98,0x44,0x3c,0xd4,
    0xc2,0x88,0x41,0x02,0x80,0x20,0x18,0x18,0x32,0x11,0x12,0x26,0x71,0x12,0xf3,0x60,0x0b,0x23,0x06,0x09,0x00,0x82,0x60,0x60,
    0xcc,0x84,0x48,0x9c,0x04,0x4a,0xdc,0xc3,0x2d,0x8c,0x18,0x24,0x00,0x08,0x82,0x81,0x41,0x13,0x23,0x11,0x12,0x29,0x61,0x0f,
    0xb8,0x30,0x62,0x90,0x00,0x20,0x08,0x06,0x46,0x4d,0x90,0x84,0x48,0xa8,0x44,0x3d,0xe4,0xc2,0x88,0x41,0x02,0x80,0x20,0x18,
    0x18,0x36,0x51,0x12,0x23,0xb1,0x12,0xf7,0xa0,0x0b,0x23,0x06,0x09,0x00,0x82,0x60,0x60,0xdc,0x84,0x49,0x90,0x04,0x4b,0xec,
    0xc3,0x2e,0x8c,0x18,0x24,0x00,0x08,0x82,0x81,0x81,0x13,0x27,0xb1,0x12,0x2d,0xa1,0x0f,0xbc,0x30,0x62,0x90,0x00,0x20,0x08,
    0x06,0x46,0x4e,0xa0,0x04,0x4b,0xb8,0x44,0x3e,0xf4,0xc2,0x88,0x41,0x02,0x80,0x20,0x18,0x18,0x3a,0x91,0x12,0x2d,0xf1,0x12,
    0xfb,0xe0,0x0b,0x23,0x06,0x09,0x00,0x82,0x60,0x60,0xec,0x84,0x4a,0xb8,0x04,0x4c,0xfc,0xc3,0x2f,0x8c,0x18,0x24,0x00,0x08,
    0x82,0x81,0xc1,0x13,0x2b,0xa1,0x12,0x31,0xe1,0x0f,0xe0,0x30,0x62,0x90,0x00,0x20,0x08,0x06,0x46,0x4f,0xb0,0xc4,0x4a,0xc8,
    0x44,0x3f,0x84,0xc3,0x88,0x41,0x02,0x80,0x20,0x18,0x18,0x3e,0xd1,0x12,0x2c,0x31,0x13,0xff,0x20,0x0e,0x23,0x06,0x09,0x00,
    0x82,0x60,0x60,0xfc,0x84,0x4b,0xb4,0x04,0x4d,0x8c,0xc4,0x38,0x8c,0x18,0x24,0x00,0x08,0x82,0x81,0x01,0x16,0x2f,0xf1,0x12,
    0x35,0x21,0x12,0xe4,0x30,0x62,0x90,0x00,0x20,0x08,0x06,0x46,0x58,0xc0,0x04,0x4c,0xd8,0x44,0x48,0x94,0xc3,0x88,0x41,0x02,
    0x80,0x20,0x18,0x18,0x62,0x11,0x13,0x31,0x71,0x13,0x23,0x61,0x0e,0x23,0x06,0x09,0x00,0x82,0x60,0x60,0x8c,0x85,0x4c,0xc8,
    0x04,0x4e,0x9c,0xc4,0x39,0x8c,0x18,0x24,0x00,0x08,0x82,0x81,0x41,0x16,0x33,0x41,0x13,0x39,0x61,0x12,0xe8,0x30,0x62,0x90,
    0x00,0x20,0x08,0x06,0x46,0x59,0xd0,0x44,0x4d,0xe8,0x44,0x49,0xa4,0xc3,0x88,0x41,0x02,0x80,0x20,0x18,0x18,0x66,0x51,0x13,
    0x36,0xb1,0x13,0x27,0xa1,0x0e,0x23,0x06,0x09,0x00,0x82,0x60,0x60,0x9c,0x85,0x4d,0xdc,0x04,0x4f,0xac,0xc4,0x3a,0x8c,0x18,
    0x24,0x00,0x08,0x82,0x81,0x81,0x16,0x37,0xa1,0x13,0x3d,0xa1,0x12,0xec,0x30,0x62,0x90,0x00,0x20,0x08,0x06,0x46,0x5a,0xe0,
    0xc4,0x4e,0xf8,0x44,0x4a,0xb4,0xc3,0x88,0x41,0x02,0x80,0x20,0x18,0x18,0x6a,0x91,0x13,0x3c,0xf1,0x13,0x2b,0xe1,0x0e,0x23,
    0x06,0x09,0x00,0x82,0x60,0x60,0xac,0x85,0x4e,0xf4,0x04,0x58,0xbc,0xc4,0x3b,0x8c,0x18,0x24,0x00,0x08,0x82,0x81,0xc1,0x16,
    0x3b,0x21,0x16,0x61,0xe1,0x12,0xf0,0x30,0x62,0x90,0x00,0x20,0x08,0x06,0x46,0x5b,0xf0,0xc4,0x58,0x88,0x45,0x4b,0xc4,0xc3,
    0x88,0x41,0x02,0x80,0x20,0x18,0x18,0x6e,0xd1,0x13,0x64,0x31,0x16,0x2f,0x21,0x0f,0x23,0x06,0x09,0x00,0x82,0x60,0x60,0xbc,
    0x85,0x4f,0x94,0x05,0x59,0xcc,0xc4,0x3c,0x8c,0x18,0x24,0x00,0x08,0x82,0x81,0x01,0x17,0x3f,0x51,0x16,0x65,0x41,0x13,0xf4,
    0x30,0x62,0x70,0x00,0x20,0x08,0x06,0x5b,0x5a,0xcc,0x43,0x1d,0x80,0xc5,0x68,0x42,0x30,0x0c,0x47,0x04,0xe6,0x20,0x7c,0xb3,
    0x0c,0xc1,0x10,0x8c,0x18,0x24,0x00,0x08,0x82,0x81,0x41,0x17,0x63,0xc1,0x13,0x69,0x41,0x13,0xf8,0x30,0x62,0x90,0x00,0x20,
    0x08,0x06,0x46,0x5d,0x90,0x45,0x4f,0xa8,0xc5,0x4d,0xe4,0x83,0x05,0x86,0x7c,0x6c,0x38,0xe4,0x63,0x82,0x20,0x1f,0x13,0x04,
    0xf9,0x98,0x10,0xc0,0x67,0xc4,0xc0,0x00,0x40,0x10,0x0c,0x9e,0xbb,0xc0,0x87,0xc0,0xc2,0x21,0x88,0xcf,0x88,0xc1,0x01,0x80,
    0x20,0x18,0x34,0x7a,0x21,0x12,0xc1,0x38,0x8c,0x18,0x1c,0x00,0x08,0x82,0x41,0xb3,0x17,0x24,0x11,0x8c,0xc3,0x70,0x44,0x50,
    0x0e,0xca,0x37,0xcb,0x30,0x08,0xc1,0x88,0x81,0x01,0x80,0x20,0x18,0x2c,0x7e,0xa1,0x12,0x38,0x31,0x4b,0x30,0x0c,0x74,0x0c,
    0x84,0x40,0x04,0xaa,0x01,0x8c,0x18,0x1c,0x00,0x08,0x82,0xc1,0x96,0x17,0x23,0x51,0x0a,0x30,0x31,0x9a,0x10,0x00,0xa3,0x09,
    0x42,0x70,0x02,0x41,0x15,0xc8,0x85,0x96,0xa0,0x17,0x3a,0xdc,0x10,0xf0,0x05,0x18,0x14,0x71,0x17,0x58,0x01,0x5c,0x68,0x19,
    0x25,0xa1,0xc3,0x0d,0x01,0x68,0x80,0x41,0x21,0x77,0x81,0x15,0xf4,0x85,0x96,0xe2,0x13,0x3a,0xdc,0x10,0x90,0x46,0x18,0x14,
    0x13,0x16,0x3a,0xdc,0x10,0x98,0x06,0x18,0xdc,0x43,0xd0,0x74,0xc3,0x1b,0x9c,0x01,0x31,0xdd,0xf0,0x06,0x67,0x50,0x4c,0x37,
    0xbc,0xc1,0x19,0x18,0xd3,0x0d,0x6f,0x70,0x06,0xc7,0x74,0xc3,0x1d,0xbc,0x01,0x32,0xdd,0x70,0x07,0x6f,0x90,0x4c,0x37,0xdc,
    0xc1,0x1b,0x28,0xd3,0x0d,0x77,0xf0,0x06,0xcb,0x2c,0x01,0x31,0x50,0x31,0x40,0x43,0x28,0x0a,0xf8,0x31,0x50,0x31,0x40,0x43,
    0x28,0x0a,0xf8,0x31,0x50,0x31,0x40,0x43,0x28,0x0a,0xf8,0x31,0x50,0x31,0x40,0x43,0x28,0x0a,0xf8,0x31,0x50,0x31,0xa8,0xc8,
    0x10,0x8a,0x02,0x7e,0x0c,0x54,0x0c,0x2c,0x32,0x84,0xa2,0x80,0x1f,0x03,0x15,0x83,0x8b,0x0c,0xa1,0x28,0xe0,0xc7,0x40,0xc5,
    0x00,0x23,0x43,0x28,0x0a,0xf8,0x31,0x50,0x31,0xc8,0xc8,0x90,0x43,0xf8,0x31,0x50,0x31,0xd0,0xc8,0x90,0x43,0xf8,0x31,0x50,
    0x31,0xd8,0xc8,0x90,0x43,0xf8,0x31,0x50,0x41,0xd8,0xcd,0xd0,0x87,0x02,0x7e,0x0c,0x54,0x10,0x78,0x33,0xa4,0x01,0x7e,0x0c,
    0x54,0x10,0x7a,0x33,0x9c,0x02,0x7e,0x0c,0x54,0x10,0x7c,0x33,0xe4,0xa1,0x80,0x1f,0xc3,0x0d,0x41,0x19,0x98,0xc1,0x2c,0x43,
    0x7e,0x14,0x41,0x09,0xbd,0x41,0x16,0xf8,0x05,0x08,0x46,0x0c,0x0e,0x00,0x04,0xc1,0x60,0x2b,0x8f,0xb7,0x88,0x87,0x60,0x34,
    0x21,0x00,0x46,0x13,0x84,0x60,0x34,0x61,0x10,0x46,0x13,0x88,0xa1,0x12,0xf4,0xd0,0xe1,0x86,0x00,0x3d,0xc2,0x60,0xba,0x61,
    0x28,0x82,0x0b,0x08,0x9a,0x6e,0x30,0x90,0xe1,0x02,0x82,0xec,0x41,0x0f,0x19,0xd4,0x19,0x04,0x59,0xc1,0x79,0x68,0x11,0xa6,
    0xa1,0x55,0xec,0x05,0x56,0xd0,0x1e,0x5a,0x47,0x6c,0xe8,0x70,0x43,0x40,0x1f,0x61,0x50,0xc9,0x79,0x60,0x05,0xee,0xa1,0x26,
    0xe0,0xc7,0x0d,0x8a,0x89,0x0f,0xac,0x20,0x3e,0xd4,0x84,0xfd,0xb8,0x41,0x3d,0xf2,0x81,0x15,0xd0,0x87,0x9a,0xe0,0x1f,0x37,
    0x28,0xa9,0x37,0x74,0xb8,0x21,0xf8,0x8f,0x30,0x28,0xcb,0x36,0xb4,0xae,0xf9,0xc0,0x0a,0xf4,0x43,0x2b,0xe3,0x0f,0xac,0x80,
    0x3f,0xd4,0x04,0x13,0xb9,0x41,0x71,0xfd,0x81,0x15,0xfc,0x87,0x9a,0x90,0x22,0x37,0xa8,0x35,0x50,0x91,0xab,0x60,0x45,0xd6,
    0x02,0xde,0x80,0xc1,0x88,0xc1,0x01,0x80,0x20,0x18,0x6c,0x2f,0x92,0x1b,0x3b,0x11,0x8c,0x26,0x04,0xc0,0x68,0x82,0x10,0x8c,
    0x26,0x0c,0xc2,0x68,0x02,0x31,0x18,0x22,0x1e,0x30,0x18,0x31,0x38,0x00,0x10,0x04,0x83,0xad,0x46,0x7e,0x23,0x2c,0x82,0xd1,
    0x84,0x60,0xb0,0x60,0x35,0xe0,0x73,0x01,0x41,0xa3,0x09,0x44,0x30,0x9a,0x50,0x08,0x27,0x10,0x54,0xc1,0x6f,0x6c,0x09,0xfa,
    0xa1,0xd3,0x0d,0x42,0x70,0x06,0xc3,0x11,0xc5,0x6c,0x08,0xdf,0x70,0x43,0x1b,0xf8,0x08,0x18,0xcc,0x32,0xe4,0x87,0x11,0x0c,
    0x37,0x80,0xc2,0x8f,0x80,0xc1,0x2c,0x43,0x73,0x04,0xc3,0x0d,0xa1,0xc0,0x23,0x60,0x30,0xcb,0xd0,0x20,0xc1,0x70,0x83,0x28,
    0xec,0x08,0x18,0xcc,0x32,0x34,0x49,0x30,0xdc,0x30,0x0a,0x3b,0x02,0x06,0xb3,0x0c,0x8d,0x12,0x0c,0x37,0x90,0xc2,0x8e,0x80,
    0xc1,0x2c,0x43,0xb3,0x04,0xc3,0x0d,0xa5,0x10,0x26,0x60,0x30,0xcb,0xd0,0x30,0xc1,0x70,0x83,0x29,0xf0,0x08,0x18,0x4c,0x37,
    0xc0,0x05,0x4d,0x04,0xd3,0x0d,0x70,0x41,0x13,0xc2,0x74,0x03,0x5c,0xd0,0xc4,0x30,0xdd,0x00,0x17,0x34,0x41,0xcc,0x12,0x34,
    0x03,0x3d,0x03,0x9e,0x18,0xa0,0x72,0xa0,0x0a,0x02,0x2b,0x09,0xae,0x28,0xe0,0xb2,0x20,0xcc,0x40,0xcf,0x80,0x27,0x06,0xa8,
    0x1c,0xa8,0x82,0xc0,0x4a,0x82,0x2b,0x0a,0xb8,0x2c,0x08,0x33,0xd0,0x33,0xe0,0x89,0x01,0x2a,0x07,0xaa,0x20,0xb0,0x92,0xe0,
    0x8a,0x02,0x2e,0x0b,0xc2,0x0c,0xf4,0x0c,0x78,0x62,0x80,0xca,0x81,0x2a,0x08,0xac,0x24,0xb8,0xa2,0x80,0xcb,0x82,0x30,0x23,
    0x06,0x07,0x00,0x82,0x60,0xb0,0xc1,0x89,0x7e,0xf0,0xc5,0x99,0x8c,0x26,0x04,0xc2,0x70,0x44,0x60,0x1e,0xc2,0x37,0xcb,0xe0,
    0x3c,0xc1,0x88,0x81,0x01,0x80,0x20,0x18,0x3c,0x77,0xe2,0x26,0x7e,0x31,0x1c,0x11,0xa4,0x07,0xf1,0x0d,0x47,0x80,0xc6,0x78,
    0x10,0xdf,0x74,0x83,0x7c,0xac,0x47,0x30,0xdd,0x10,0x88,0xc6,0x30,0xdc,0x70,0x0b,0x6d,0x02,0x06,0xd6,0x08,0xf4,0xb1,0x66,
    0xa0,0x8f,0x31,0x04,0x7d,0xcc,0x29,0xe8,0x33,0xdd,0xf0,0x04,0xc5,0x2c,0xc1,0x33,0x50,0x31,0x90,0x41,0xa3,0x38,0x03,0x15,
    0x03,0x19,0x34,0x8a,0x33,0x50,0x31,0x90,0x41,0x63,0x38,0x03,0x15,0x03,0x19,0x34,0x8c,0x53,0x64,0x50,0x22,0x3a,0xdc,0x10,
    0x80,0x0a,0x18,0xcc,0x32,0x44,0x50,0x30,0x62,0x60,0x00,0x20,0x08,0x06,0x0f,0xaa,0xfc,0xc9,0x30,0x1c,0x11,0xe0,0x07,0xf1,
    0x0d,0x47,0x14,0xf4,0x41,0x7c,0xd3,0x0d,0xfd,0xa1,0x1f,0xc1,0x74,0x43,0x70,0x0c,0xb6,0x04,0xf4,0xb1,0x45,0xa0,0x8f,0x2d,
    0x03,0x7d,0x66,0x09,0xa2,0x81,0x8a,0xc1,0x80,0xb8,0x67,0xa0,0x62,0x30,0x20,0xee,0x19,0xa8,0x18,0x0c,0x88,0x7b,0x86,0x1b,
    0xdc,0x81,0x55,0xc2,0xa0,0xe2,0x41,0x46,0x74,0xb8,0x21,0x90,0x11,0x30,0xa8,0x60,0xd0,0x59,0x06,0xa9,0x0a,0x86,0x1b,0xea,
    0x01,0x56,0xc0,0x60,0x96,0x81,0x9a,0x02,0xcb,0x87,0x15,0x91,0x8f,0x05,0x2d,0x02,0x1f,0xd3,0x87,0x16,0x91,0x8f,0x05,0x2f,
    0x02,0x9f,0x11,0x83,0x03,0x00,0x41,0x30,0x68,0x7a,0xa5,0x4c,0x86,0x18,0x19,0x31,0x38,0x00,0x10,0x04,0x83,0xc6,0x57,0xcc,
    0x44,0x90,0x91,0x11,0x83,0x03,0x00,0x41,0x30,0x68,0x7e,0x05,0x4d,0x84,0x13,0x19,0x31,0x38,0x00,0x10,0x04,0x83,0x06,0x5c,
    0xd2,0x44,0x40,0x91,0x59,0x02,0x6a,0xa0,0x62,0x20,0x26,0x11,0x91,0x06,0x2a,0x06,0x62,0x12,0x11,0xc9,0x64,0xc1,0x47,0x60,
    0x30,0x62,0x70,0x00,0x20,0x08,0x06,0xdb,0xaf,0xa4,0xc9,0x7a,0x04,0xa3,0x09,0x01,0x30,0x9a,0x20,0x04,0x23,0x06,0x09,0x00,
    0x82,0x60,0x10,0x95,0x8b,0x9d,0x08,0x81,0x51,0x58,0x70,0xc1,0x67,0x34,0xa1,0x10,0x46,0x13,0x8c,0x61,0xc4,0x20,0x01,0x40,
    0x10,0x0c,0xa2,0x74,0xd1,0x13,0x21,0x50,0x12,0x0b,0x34,0xf8,0xcc,0x12,0x54,0x03,0x15,0x83,0x42,0xe1,0x41,0x34,0x50,0x31,
    0x10,0x14,0x1e,0x44,0xb3,0x0c,0x56,0x1e,0xac,0x82,0xf5,0x42,0x9a,0xc0,0x60,0xc4,0xe0,0x00,0x40,0x10,0x0c,0xb6,0x75,0xa9,
    0x93,0xfb,0x08,0x46,0x13,0x02,0x61,0xb8,0x01,0x1f,0xd6,0x05,0x0c,0x86,0x1b,0xf8,0x61,0x5d,0xc0,0x60,0x96,0xe1,0x3a,0x03,
    0x61,0x96,0x01,0xcb,0x82,0x11,0x03,0x08,0x00,0x41,0x30,0xb0,0xe2,0x05,0x4f,0x60,0x04,0x44,0x0e,0x23,0x0c,0x7c,0x64,0x4f,
    0xf6,0x64,0x4f,0x06,0x1f,0x19,0x4d,0x08,0x80,0xd1,0x04,0x21,0x18,0x4d,0x18,0x84,0xd1,0x04,0x62,0x98,0x25,0xc8,0x83,0xe1,
    0x06,0x91,0x90,0x17,0x30,0x98,0x65,0xd0,0xb6,0x60,0xc4,0x00,0x02,0x40,0x10,0x0c,0xac,0x7b,0xf1,0x93,0x1b,0x39,0x91,0x86,
    0x39,0x03,0x32,0x09,0x95,0x50,0x09,0x95,0x84,0x4c,0x46,0x13,0x02,0x60,0x34,0x41,0x08,0x46,0x13,0x06,0x61,0x34,0x81,0x18,
    0x66,0x09,0xf2,0x60,0xb8,0x01,0x25,0xe8,0x05,0x0c,0x66,0x19,0xb8,0x2e,0x18,0x31,0x80,0x00,0x10,0x04,0x03,0xab,0x5f,0x48,
    0xc5,0x47,0x5c,0x64,0x92,0xda,0x40,0x4d,0x4e,0xe5,0x54,0x4e,0xe5,0x51,0x93,0xd1,0x84,0x00,0x18,0x4d,0x10,0x82,0xd1,0x84,
    0x41,0x18,0x4d,0x20,0x86,0x59,0x82,0x3c,0x18,0x6e,0x70,0x09,0x7c,0x01,0x83,0x59,0x06,0xef,0x0b,0x46,0x0c,0x20,0x00,0x04,
    0xc1,0xc0,0x1a,0x19,0x55,0x29,0x93,0x1a,0xc9,0xb0,0x39,0x80,0x93,0x56,0x69,0x95,0x56,0xa9,0xe0,0x64,0x34,0x21,0x00,0x46,
    0x13,0x84,0x60,0x34,0x61,0x10,0x46,0x13,0x88,0x61,0x96,0x20,0x0f,0x86,0x1b,0x68,0xa2,0x5f,0xc0,0x60,0x96,0x01,0x0c,0xc2,
    0x20,0x18,0x31,0x80,0x00,0x10,0x04,0x03,0x2b,0x65,0x60,0x85,0x4d,0x78,0xe4,0xf3,0xf2,0xc0,0x4e,0x66,0x65,0x56,0x66,0x65,
    0xb3,0x93,0xd1,0x84,0x00,0x18,0x4d,0x10,0x82,0xd1,0x84,0x41,0x18,0x4d,0x20,0x86,0x59,0x82,0x3c,0x18,0x6e,0xd0,0x09,0x91,
    0x01,0x83,0x59,0x06,0x31,0x18,0x83,0x60,0xc4,0x00,0x02,0x40,0x10,0x0c,0xac,0x97,0xb1,0x95,0x39,0x19,0x93,0x32,0x20,0x83,
    0x3f,0xe0,0x93,0x5c,0xc9,0x95,0x5c,0x09,0x03,0x3e,0x19,0x4d,0x08,0x80,0xd1,0x04,0x21,0x18,0x4d,0x18,0x84,0xd1,0x04,0x62,
    0x98,0x25,0xc8,0x83,0xe1,0x06,0xb0,0x68,0x19,0x30,0x98,0x65,0x20,0x83,0x32,0x08,0x46,0x0c,0x20,0x00,0x04,0xc1,0xc0,0xaa,
    0x19,0x5e,0xd1,0x13,0x35,0x59,0x03,0x35,0x28,0x05,0x51,0xf9,0x95,0x5f,0xf9,0x95,0x33,0x10,0x95,0xd1,0x84,0x00,0x18,0x4d,
    0x10,0x82,0xd1,0x84,0x41,0x18,0x4d,0x20,0x86,0x59,0x82,0x3c,0x18,0x6e,0x30,0x8b,0x96,0x01,0x83,0x59,0x06,0x33,0xc8,0x83,
    0x60,0xc4,0x00,0x02,0x40,0x10,0x0c,0xac,0x9d,0x11,0x97,0x50,0x89,0x93,0x38,0x80,0x83,0x55,0x40,0x95,0x72,0x29,0x97,0x72,
    0x69,0x03,0x54,0x19,0x4d,0x08,0x80,0xd1,0x04,0x21,0x18,0x4d,0x18,0x84,0xd1,0x04,0x62,0x98,0x25,0xc8,0x83,0xe1,0x86,0xb4,
    0xb0,0x19,0x30,0x98,0x65,0x40,0x03,0x38,0x08,0x66,0x19,0xd2,0x40,0x0d,0xe2,0x60,0xc4,0x00,0x02,0x40,0x10,0x0c,0xac,0xb0,
    0x41,0x17,0x54,0xc1,0x93,0x3b,0xb0,0x83,0x58,0x70,0x15,0x9e,0xe1,0x19,0x9e,0x99,0x03,0x57,0x19,0x4d,0x08,0x80,0xd1,0x04,
    0x21,0x18,0x4d,0x18,0x84,0xd1,0x04,0x62,0x98,0x25,0xc8,0x83,0xe1,0x06,0xb9,0x10,0x1b,0x30,0x98,0x65,0x58,0x03,0x36,0x08,
    0x46,0x0c,0x20,0x00,0x04,0xc1,0xc0,0x3a,0x1b,0x77,0x79,0x95,0x3f,0xe9,0x03,0x3e,0xb8,0x05,0x5a,0x11,0x1b,0xb1,0x11,0x9b,
    0x3c,0xa0,0x95,0xd1,0x84,0x00,0x18,0x4d,0x10,0x82,0xd1,0x84,0x41,0x18,0x4d,0x20,0x86,0x59,0x82,0x3c,0x18,0x6e,0xc0,0x0b,
    0xb2,0x01,0x83,0x59,0x86,0x36,0x70,0x83,0x60,0xc4,0x00,0x02,0x40,0x10,0x0c,0xac,0xb6,0xa1,0x17,0x5b,0x31,0x95,0x51,0x10,
    0x85,0x5e,0xd0,0x15,0xb4,0x41,0x1b,0xb4,0xf9,0x03,0x5d,0x19,0x4d,0x08,0x80,0xd1,0x04,0x21,0x18,0x4d,0x18,0x84,0xd1,0x04,
    0x62,0x98,0x25,0xc8,0x83,0xe1,0x06,0xbf,0x40,0x1b,0x30,0x98,0x65,0x78,0x83,0x3c,0x08,0x46,0x0c,0x20,0x00,0x04,0xc1,0xc0,
    0x9a,0x1b,0x7d,0xe9,0x95,0x56,0x49,0x05,0x54,0x18,0x07,0x70,0x71,0x1b,0xb7,0x71,0x9b,0x52,0x00,0x97,0xd1,0x84,0x00,0x18,
    0x4d,0x10,0x82,0xd1,0x84,0x41,0x18,0x4d,0x20,0x86,0x59,0x82,0x3c,0x98,0x65,0x88,0x03,0x39,0x40,0x85,0x11,0x03,0x08,0x00,
    0x41,0x30,0xb0,0xf0,0xe6,0x5f,0x66,0x65,0x54,0x5c,0xa1,0x15,0xca,0xa5,0x5c,0xe6,0x66,0x6e,0x44,0x46,0x15,0xca,0x65,0x34,
    0x21,0x00,0x46,0x13,0x84,0x60,0x34,0x61,0x10,0x46,0x13,0x88,0x61,0x96,0x00,0x0f,0x86,0x1b,0x52,0x23,0x6f,0xc0,0x60,0x96,
    0x61,0x0e,0xe8,0x20,0x18,0x31,0x80,0x00,0x10,0x04,0x03,0xcb,0x6f,0x4a,0x46,0x57,0x54,0x85,0x16,0x66,0x61,0x5d,0xd6,0x25,
    0x6f,0xf2,0x06,0x65,0x60,0x61,0x5d,0x46,0x13,0x02,0x60,0x34,0x41,0x08,0x46,0x13,0x06,0x61,0x34,0x81,0x18,0x66,0x09,0xf0,
    0x60,0xb8,0xe1,0x35,0xf6,0x06,0x0c,0x66,0x19,0xea,0xc0,0x0e,0x82,0x11,0x03,0x08,0x00,0x41,0x30,0xb0,0x48,0x67,0x65,0xc2,
    0x25,0x56,0x74,0x21,0x17,0xe2,0x25,0x5e,0xfe,0xe6,0x6f,0x5c,0xc6,0x16,0xe2,0x65,0x34,0x21,0x00,0x46,0x13,0x84,0x60,0x34,
    0x61,0x10,0x46,0x13,0x88,0x61,0x96,0x00,0x0f,0x86,0x1b,0x6a,0xe3,0x6f,0xc0,0x60,0x96,0xe1,0x0e,0xf0,0x20,0x18,0x31,0x80,
    0x00,0x10,0x04,0x03,0x4b,0x75,0x62,0x06,0x5d,0x70,0x05,0x1c,0x7e,0xe1,0x5e,0xee,0xa5,0x74,0x4a,0x87,0x66,0x78,0xe1,0x5e,
    0x46,0x13,0x02,0x60,0x34,0x41,0x08,0x46,0x13,0x06,0x61,0x34,0x81,0x18,0x66,0x09,0xf0,0x60,0xa0,0x65,0x60,0x83,0x38,0x00,
    0x83,0x39,0xa0,0xea,0x00,0xb9,0x03,0xfb,0xb2,0x83,0x81,0x96,0x81,0x0d,0xe2,0x00,0x0c,0xe6,0x80,0xaa,0x03,0xe4,0x0e,0xf0,
    0xcb,0x0e,0x06,0x5a,0x06,0x36,0x88,0x03,0x30,0x98,0x03,0xaa,0x0e,0x90,0x3b,0xd0,0x2f,0x3b,0x18,0x68,0x19,0xd8,0x20,0x0e,
    0xc0,0x60,0x0e,0xa8,0x3a,0x40,0xee,0x80,0xbf,0xec,0x60,0xb8,0x81,0x37,0x56,0x07,0x0c,0xa6,0x1b,0x0a,0x22,0x98,0x6e,0x30,
    0x08,0x61,0xba,0xe1,0x20,0x86,0x59,0x82,0x3c,0x18,0x28,0x0c,0x06,0x08,0x0f,0x4c,0xac,0x52,0x0d,0xcc,0x2f,0x34,0xb9,0xe0,
    0xcc,0xc2,0xd3,0x09,0x30,0x70,0x09,0x31,0x10,0x09,0x32,0xb0,0x07,0x33,0x30,0xb1,0x32,0x50,0x87,0x34,0xf0,0x85,0x35,0x90,
    0x85,0x36,0x30,0x85,0x37,0x30,0x31,0x37,0x18,0x28,0x0c,0x06,0x04,0x0f,0x50,0xac,0x52,0x0d,0xcc,0x2f,0x34,0xb9,0xe0,0xcc,
    0xc2,0xd3,0x09,0x30,0x70,0x09,0x31,0x10,0x09,0x32,0xb0,0x07,0x33,0x40,0xb1,0x32,0x50,0x87,0x34,0xf0,0x85,0x35,0x90,0x85,
    0x36,0x30,0x85,0x37,0x40,0x31,0x37,0x18,0x28,0x0c,0x06,0x04,0x0f,0x54,0xac,0x52,0x0d,0xcc,0x2f,0x34,0xb9,0xe0,0xcc,0xc2,
    0xd3,0x09,0x30,0x70,0x09,0x31,0x10,0x09,0x32,0xb0,0x07,0x33,0x50,0xb1,0x32,0x50,0x87,0x34,0xf0,0x85,0x35,0x90,0x85,0x36,
    0x30,0x85,0x37,0x50,0x31,0x37,0x18,0x28,0x0c,0x06,0x04,0x0f,0x54,0xac,0x52,0x0d,0xcc,0x2f,0x34,0xb9,0xe0,0xcc,0xc2,0xd3,
    0x09,0x30,0x70,0x09,0x31,0x10,0x09,0x32,0xb0,0x07,0x33,0x60,0xb1,0x32,0x50,0x87,0x34,0xf0,0x85,0x35,0x90,0x85,0x36,0x30,
    0x85,0x37,0x60,0x31,0x37,0x18,0x6e,0xd0,0x8f,0xbb,0x01,0x83,0x0a,0x56,0x42,0x67,0x19,0xf4,0x60,0x0f,0x02,0x7b,0x0d,0xb5,
    0x81,0xc1,0x88,0xc1,0x01,0x80,0x20,0x18,0x6c,0xbc,0x63,0x36,0xe8,0x12,0x8c,0x26,0x04,0x80,0x05,0x21,0x22,0x9f,0xd1,0x84,
    0x21,0x30,0x21,0x80,0xcf,0x88,0xc1,0x01,0x80,0x20,0x18,0x34,0xe6,0xe3,0x36,0xc1,0xcb,0x8c,0x18,0x1c,0x00,0x08,0x82,0x41,
    0x73,0x3e,0x70,0x13,0xbc,0x8c,0x05,0x8e,0x7c,0x4c,0x70,0xe4,0x63,0x83,0x23,0x1f,0x23,0x1c,0xf9,0xcc,0x12,0xec,0xc1,0x40,
    0xc5,0x80,0xe8,0x01,0x19,0xe4,0xc1,0x40,0xc5,0x80,0xe8,0x01,0x19,0xe4,0xc1,0x40,0xc5,0x80,0xe8,0x01,0x19,0xe4,0xc1,0x40,
    0xc5,0x80,0xe8,0x01,0x19,0xe4,0xc1,0x70,0x03,0x8b,0xbc,0x0d,0x18,0x54,0xd0,0x1a,0x3a,0xdc,0xd0,0x22,0x71,0x03,0x06,0x15,
    0xbc,0x86,0x0e,0x37,0xcc,0x07,0xfb,0x80,0xc1,0x2c,0x03,0x29,0xf0,0x41,0x30,0xdc,0x40,0x1f,0xee,0x03,0x06,0xb3,0x0c,0x7d,
    0xe0,0x07,0x81,0x29,0x3e,0x22,0x1f,0x53,0x7c,0x44,0x3e,0xa6,0xf8,0x88,0x7c,0x4c,0xf1,0x11,0xf9,0x4c,0x37,0x10,0x62,0x92,
    0x4c,0x37,0x10,0x62,0xa2,0x4c,0x37,0x10,0x62,0xb2,0x4c,0x37,0x10,0x62,0xc2,0xcc,0x12,0x90,0xc2,0x70,0x43,0x7f,0xcc,0x0f,
    0x18,0xcc,0x32,0x90,0xc2,0x1f,0x04,0xc3,0x0d,0xfe,0x21,0x3f,0x60,0x30,0xcb,0x00,0x0a,0xa1,0x10,0x8c,0x18,0x1c,0x00,0x08,
    0x82,0xc1,0xb6,0x3f,0xa5,0x73,0x32,0xf4,0x33,0x9a,0x10,0x00,0xa3,0x09,0x42,0x30,0x9a,0x30,0x08,0xa3,0x09,0xc4,0x30,0x4b,
    0x40,0x0a,0xc3,0x0d,0x24,0x72,0x3f,0x60,0x30,0xcb,0x40,0x0a,0xa2,0x10,0x0c,0x37,0x94,0xc8,0xfd,0x80,0xc1,0x2c,0x03,0x29,
    0x8c,0x42,0x30,0xdc,0x60,0x22,0xfd,0x03,0x06,0xd3,0x0d,0xf3,0x01,0x27,0xc1,0x74,0xc3,0x7c,0xc0,0x89,0x30,0xdd,0x30,0x1f,
    0x70,0x32,0x4c,0x37,0xcc,0x07,0x9c,0x10,0xb3,0x04,0xa4,0x30,0xd0,0x33,0x58,0xa0,0x80,0x4f,0x7b,0x40,0x06,0x7d,0x00,0x0a,
    0x7e,0x00,0x4f,0xa1,0x00,0x4e,0xa2,0x80,0x8c,0xc2,0x40,0xcf,0x60,0x81,0x02,0x3e,0xed,0x01,0x19,0xf4,0x01,0x28,0xf8,0x01,
    0x3c,0x85,0x02,0x38,0x89,0x02,0x32,0x0a,0x03,0x3d,0x83,0x05,0x0a,0xf8,0xb4,0x07,0x64,0xd0,0x07,0xa0,0xe0,0x07,0xf0,0x14,
    0x0a,0xe0,0x24,0x0a,0xc8,0x28,0x0c,0xf4,0x0c,0x16,0x28,0xe0,0xd3,0x1e,0x90,0x41,0x1f,0x80,0x82,0x1f,0xc0,0x53,0x28,0x80,
    0x93,0x28,0x20,0xa3,0x50,0x2e,0x32,0x3b,0x3a,0xdc,0x10,0xa4,0x10,0x18,0xcc,0x32,0x98,0x42,0x29,0x04,0xa6,0x37,0x46,0x7c,
    0x6c,0x6f,0x8c,0xf8,0x18,0xdf,0x18,0xf1,0xb1,0xbe,0x31,0xe2,0x33,0x4b,0x60,0x0a,0x03,0x15,0x03,0x52,0x0a,0x14,0x29,0x0c,
    0x54,0x0c,0x48,0x29,0x50,0xa4,0x30,0x50,0x31,0x20,0xa5,0x40,0x91,0xc2,0x40,0xc5,0x80,0x94,0x02,0x45,0x0a,0x85,0x23,0xbb,
    0xa3,0xc3,0x0d,0xc1,0x0c,0x85,0xc1,0x74,0xc3,0x60,0x04,0xd3,0x0d,0x84,0x21,0x4c,0x37,0x14,0xc6,0x30,0xdc,0xb0,0x23,0x37,
    0x04,0x06,0xb3,0x0c,0xaf,0x70,0x0a,0xc1,0x70,0x03,0x8f,0xe4,0x10,0x18,0xcc,0x32,0xa0,0x42,0x2a,0x04,0x56,0x07,0xa9,0x22,
    0x1f,0xab,0x83,0x54,0x91,0x8f,0xd5,0x41,0xaa,0xc8,0xc7,0xea,0x20,0x55,0xe4,0x33,0xdd,0x40,0xb4,0x0a,0x1d,0x4c,0x37,0x10,
    0xad,0x52,0x07,0xd3,0x0d,0x44,0xab,0xd8,0xc1,0x74,0x03,0xd1,0x2a,0x77,0x30,0x4b,0xf0,0x0a,0xc3,0x0d,0x65,0xe2,0x43,0x60,
    0x30,0xcb,0xf0,0x0a,0xaa,0x10,0x0c,0x37,0x98,0x49,0x0f,0x81,0xc1,0x2c,0xc3,0x2a,0xb0,0x42,0x30,0x62,0x70,0x00,0x20,0x08,
    0x06,0x9b,0x19,0xc1,0x8f,0xdc,0xfc,0xd0,0x68,0x42,0x00,0x8c,0x26,0x08,0xc1,0x68,0xc2,0x20,0x8c,0x26,0x10,0xc3,0x2c,0xc1,
    0x2b,0x0c,0x37,0xb0,0x89,0x18,0x81,0xc1,0x2c,0xc3,0x2b,0xb4,0x42,0x30,0xdc,0xd0,0x26,0x62,0x04,0x06,0xb3,0x0c,0xaf,0xe0,
    0x0a,0xc1,0x70,0x83,0x9b,0xa0,0x11,0x18,0x4c,0x37,0xf8,0xc8,0xae,0x04,0xd3,0x0d,0x3e,0xb2,0x2b,0xc2,0x74,0x83,0x8f,0xec,
    0xca,0x30,0xdd,0xe0,0x23,0xbb,0x42,0xcc,0x12,0xbc,0xc2,0x40,0xcf,0x60,0xad,0x82,0x6b,0x99,0x02,0x19,0xa0,0x82,0x4d,0xa4,
    0x82,0x69,0xb1,0x82,0x5d,0xb5,0x02,0xe2,0x0a,0x03,0x3d,0x83,0xb5,0x0a,0xae,0x65,0x0a,0x64,0x80,0x0a,0x36,0x91,0x0a,0xa6,
    0xc5,0x0a,0x76,0xd5,0x0a,0x88,0x2b,0x0c,0xf4,0x0c,0xd6,0x2a,0xb8,0x96,0x29,0x90,0x01,0x2a,0xd8,0x44,0x2a,0x98,0x16,0x2b,
    0xd8,0x55,0x2b,0x20,0xae,0x30,0xd0,0x33,0x58,0xab,0xe0,0x5a,0xa6,0x40,0x06,0xa8,0x60,0x13,0xa9,0x60,0x5a,0xac,0x60,0x57,
    0xad,0x80,0xb8,0x42,0xd9,0x89,0xff,0xe8,0x70,0x43,0x40,0x47,0x60,0x30,0xcb,0x10,0x0b,0xb0,0x10,0x58,0xf9,0x18,0xf1,0x31,
    0xf3,0x31,0xe2,0x63,0xe7,0x63,0xc4,0xc7,0xd0,0xc7,0x88,0xcf,0x2c,0x41,0x2c,0x0c,0x54,0x0c,0x08,0x2c,0x50,0xaf,0x30,0x50,
    0x31,0x20,0xb0,0x40,0xbd,0xc2,0x40,0xc5,0x80,0xc0,0x02,0xf5,0x0a,0x03,0x15,0x03,0x02,0x0b,0xd4,0x2b,0x14,0xa8,0x98,0x90,
    0x0e,0x37,0x04,0x7e,0x14,0x06,0xd3,0x0d,0x83,0x11,0x4c,0x37,0x10,0x86,0x30,0xdd,0x50,0x18,0xc3,0x70,0x03,0xab,0x88,0x12,
    0x18,0xcc,0x32,0xe8,0x82,0x2c,0x04,0xc3,0x0d,0xad,0x42,0x4a,0x60,0x30,0xcb,0x30,0x0b,0xb4,0x10,0x18,0x38,0xd0,0x8b,0x7c,
    0x0c,0x1c,0xe8,0x45,0x3e,0x06,0x0e,0xf4,0x22,0x1f,0x03,0x07,0x7a,0x91,0xcf,0x74,0x03,0x81,0x2f,0xbf,0x30,0xdd,0x40,0xe0,
    0x0b,0x38,0x4c,0x37,0x10,0xf8,0x12,0x0e,0xd3,0x0d,0x04,0xbe,0x88,0xc3,0x2c,0x81,0x2e,0x0c,0x37,0xd8,0x4a,0x2a,0x81,0xc1,
    0x2c,0x83,0x2e,0xd4,0x42,0x30,0xdc,0x70,0x2b,0xa8,0x04,0x06,0xb3,0x0c,0xb6,0x70,0x0b,0xc1,0x88,0xc1,0x01,0x80,0x20,0x18,
    0x6c,0xb1,0xb4,0x43,0xbd,0xa3,0x4a,0xa3,0x09,0x01,0x30,0x9a,0x20,0x04,0xa3,0x09,0x83,0x30,0x9a,0x40,0x0c,0xb3,0x04,0xba,
    0x30,0xdc,0xd0,0x2b,0xad,0x04,0x06,0xb3,0x0c,0xba,0x80,0x0b,0xc1,0x70,0x83,0xaf,0xb4,0x12,0x18,0xcc,0x32,0xe8,0x42,0x2e,
    0x04,0xc3,0x0d,0xbf,0x32,0x4b,0x60,0x30,0xdd,0x90,0x2a,0x26,0x13,0x4c,0x37,0xa4,0x8a,0xc9,0x08,0xd3,0x0d,0xa9,0x62,0x32,
    0xc3,0x74,0x43,0xaa,0x98,0x0c,0x31,0x4b,0xa0,0x0b,0x03,0x3d,0x83,0x65,0x0b,0x64,0x16,0x0b,0x64,0x30,0x0b,0xec,0x41,0x0b,
    0x3c,0x76,0x0b,0x2c,0x86,0x0b,0x48,0x2e,0x0c,0xf4,0x0c,0x96,0x2d,0x90,0x59,0x2c,0x90,0xc1,0x2c,0xb0,0x07,0x2d,0xf0,0xd8,
    0x2d,0xb0,0x18,0x2e,0x20,0xb9,0x30,0xd0,0x33,0x58,0xb6,0x40,0x66,0xb1,0x40,0x06,0xb3,0xc0,0x1e,0xb4,0xc0,0x63,0xb7,0xc0,
    0x62,0xb8,0x80,0xe4,0xc2,0x40,0xcf,0x60,0xd9,0x02,0x99,0xc5,0x02,0x19,0xcc,0x02,0x7b,0xd0,0x02,0x8f,0xdd,0x02,0x8b,0xe1,
    0x02,0x92,0x0b,0x75,0x2e,0x69,0xa4,0xc3,0x0d,0xc1,0x2f,0x81,0xc1,0x2c,0x03,0x2f,0xec,0x42,0x60,0x30,0x64,0xc4,0xc7,0x62,
    0xc8,0x88,0x8f,0xc9,0x90,0x11,0x1f,0x9b,0x21,0x23,0x3e,0xb3,0x04,0xbc,0x30,0x50,0x31,0x20,0xbb,0x40,0xe9,0xc2,0x40,0xc5,
    0x80,0xec,0x02,0xa5,0x0b,0x03,0x15,0x03,0xb2,0x0b,0x94,0x2e,0x0c,0x54,0x0c,0xc8,0x2e,0x50,0xba,0x50,0xf1,0x12,0x47,0x3a,
    0xdc,0x10,0xa4,0x53,0x18,0x4c,0x37,0x0c,0x46,0x30,0xdd,0x40,0x18,0xc2,0x74,0x43,0x61,0x0c,0xc3,0x0d,0xe9,0xd2,0x4e,0x60,
    0x30,0xcb,0x50,0x0e,0xbd,0x10,0x0c,0x37,0xa8,0xcb,0x3b,0x81,0xc1,0x2c,0x83,0x2f,0xfc,0x42,0x60,0x2b,0xf1,0x33,0xf2,0xb1,
    0x95,0xf8,0x19,0xf9,0xd8,0x4a,0xfc,0x8c,0x7c,0x6c,0x25,0x7e,0x46,0x3e,0xd3,0x0d,0xc4,0xd8,0xa0,0xc4,0x74,0x03,0x31,0x36,
    0x29,0x31,0xdd,0x40,0x8c,0x8d,0x4a,0x4c,0x37,0x10,0x63,0xb3,0x12,0xb3,0x04,0xe5,0x30,0xdc,0x30,0x2f,0xf4,0x04,0x06,0xb3,
    0x0c,0xe5,0x00,0x0e,0xc1,0x70,0x03,0xbd,0xcc,0x13,0x18,0xcc,0x32,0x84,0x83,0x38,0x04,0x23,0x06,0x07,0x00,0x82,0x60,0xb0,
    0xf1,0x93,0x29,0xa1,0x50,0x3d,0x8d,0x26,0x04,0xc0,0x68,0x82,0x10,0x8c,0x26,0x0c,0xc2,0x68,0x02,0x31,0xcc,0x12,0x94,0xc3,
    0x70,0x83,0xbe,0xe0,0x13,0x18,0xcc,0x32,0x94,0xc3,0x38,0x04,0xc3,0x0d,0xfb,0x82,0x4f,0x60,0x30,0xcb,0x50,0x0e,0xe4,0x10,
    0x0c,0x37,0xf0,0x8b,0x3f,0x81,0xc1,0x74,0x03,0xbd,0xc4,0x4d,0x30,0xdd,0x40,0x2f,0x71,0x23,0x4c,0x37,0xd0,0x4b,0xdc,0x0c,
    0xd3,0x0d,0xf4,0x12,0x37,0xc4,0x2c,0x41,0x39,0x0c,0xf4,0x0c,0x56,0x38,0xe8,0x1b,0x2f,0x90,0x81,0x2f,0x88,0xca,0x2f,0xc8,
    0x9b,0x38,0x88,0xdb,0x38,0x20,0xe4,0x30,0xd0,0x33,0x58,0xe1,0xa0,0x6f,0xbc,0x40,0x06,0xbe,0x20,0x2a,0xbf,0x20,0x6f,0xe2,
    0x20,0x6e,0xe3,0x80,0x90,0xc3,0x40,0xcf,0x60,0x85,0x83,0xbe,0xf1,0x02,0x19,0xf8,0x82,0xa8,0xfc,0x82,0xbc,0x89,0x83,0xb8,
    0x8d,0x03,0x42,0x0e,0x03,0x3d,0x83,0x15,0x0e,0xfa,0xc6,0x0b,0x64,0xe0,0x0b,0xa2,0xf2,0x0b,0xf2,0x26,0x0e,0xe2,0x36,0x0e,
    0x08,0x39,0x14,0xc9,0xd0,0x92,0x0e,0x37,0x04,0x2a,0x05,0x06,0xb3,0x0c,0xe7,0x60,0x0e,0x81,0xed,0x91,0x11,0x1f,0xe3,0x23,
    0x23,0x3e,0xd6,0x47,0x46,0x7c,0xcc,0x8f,0x8c,0xf8,0xcc,0x12,0x9c,0xc3,0x40,0xc5,0x80,0x98,0x03,0x55,0x0e,0x03,0x15,0x03,
    0x62,0x0e,0x54,0x39,0x0c,0x54,0x0c,0x88,0x39,0x50,0xe5,0x30,0x50,0x31,0x20,0xe6,0x40,0x95,0x43,0xb9,0x0c,0x2f,0xe9,0x70,
    0x43,0x40,0x53,0x61,0x30,0xdd,0x30,0x18,0xc1,0x74,0x03,0x61,0x08,0xd3,0x0d,0x85,0x31,0x0c,0x37,0xc4,0x0c,0x4e,0x81,0xc1,
    0x2c,0x03,0x3c,0xa0,0x43,0x30,0xdc,0x20,0x33,0x3a,0x05,0x06,0xb3,0x0c,0xe9,0xa0,0x0e,0x81,0xd9,0x85,0xea,0xc8,0xc7,0xec,
    0x42,0x75,0xe4,0x63,0x76,0xa1,0x3a,0xf2,0x31,0xbb,0x50,0x1d,0xf9,0x4c,0x37,0x10,0xae,0x33,0x17,0xd3,0x0d,0x84,0xeb,0xd0,
    0xc5,0x74,0x03,0xe1,0x3a,0x75,0x31,0xdd,0x40,0xb8,0x8e,0x5d,0xcc,0x12,0xc0,0xc3,0x70,0xc3,0xce,0xfc,0x14,0x18,0xcc,0x32,
    0xc0,0xc3,0x3a,0x04,0xc3,0x0d,0x3c,0xe3,0x53,0x60,0x30,0xcb,0xc0,0x0e,0xed,0x10,0x8c,0x18,0x1c,0x00,0x08,0x82,0xc1,0x76,
    0x56,0xf1,0x34,0x47,0x60,0x35,0x9a,0x10,0x00,0xa3,0x09,0x42,0x30,0x9a,0x30,0x08,0xa3,0x09,0xc4,0x30,0x4b,0x00,0x0f,0xc3,
    0x0d,0x62,0x33,0x56,0x60,0x30,0xcb,0x00,0x0f,0xee,0x10,0x0c,0x37,0x8c,0xcd,0x58,0x81,0xc1,0x2c,0x03,0x3c,0xbc,0x43,0x30,
    0xdc,0x40,0x36,0x69,0x05,0x06,0xd3,0x0d,0x3f,0xc3,0x3b,0xc1,0x74,0xc3,0xcf,0xf0,0x8e,0x30,0xdd,0xf0,0x33,0xbc,0x33,0x4c,
    0x37,0xfc,0x0c,0xef,0x10,0xb3,0x04,0xf0,0x30,0xd0,0x33,0x58,0xec,0x00,0x7b,0xe7,0x40,0x06,0xe9,0x80,0x33,0xea,0x80,0x7a,
    0xed,0x80,0x77,0xee,0x80,0xbc,0xc3,0x40,0xcf,0x60,0xb1,0x03,0xec,0x9d,0x03,0x19,0xa4,0x03,0xce,0xa8,0x03,0xea,0xb5,0x03,
    0xde,0xb9,0x03,0xf2,0x0e,0x03,0x3d,0x83,0xc5,0x0e,0xb0,0x77,0x0e,0x64,0x90,0x0e,0x38,0xa3,0x0e,0xa8,0xd7,0x0e,0x78,0xe7,
    0x0e,0xc8,0x3b,0x0c,0xf4,0x0c,0x16,0x3b,0xc0,0xde,0x39,0x90,0x41,0x3a,0xe0,0x8c,0x3a,0xa0,0x5e,0x3b,0xe0,0x9d,0x3b,0x20,
    0xef,0x50,0x6c,0xf3,0x4f,0x3a,0xdc,0x10,0xd4,0x15,0x18,0xcc,0x32,0xc8,0x43,0x3c,0x04,0x66,0x4e,0x46,0x7c,0xec,0x9c,0x8c,
    0xf8,0x18,0x3a,0x19,0xf1,0xb1,0x74,0x32,0xe2,0x33,0x4b,0x20,0x0f,0x03,0x15,0x03,0x12,0x0f,0x14,0x3c,0x0c,0x54,0x0c,0x48,
    0x3c,0x50,0xf0,0x30,0x50,0x31,0x20,0xf1,0x40,0xc1,0xc3,0x40,0xc5,0x80,0xc4,0x03,0x05,0x0f,0x65,0x37,0x27,0xa5,0xc3,0x0d,
    0xc1,0x5f,0x85,0xc1,0x74,0xc3,0x60,0x04,0xd3,0x0d,0x84,0x21,0x4c,0x37,0x14,0xc6,0x30,0xdc,0x10,0x3a,0xa3,0x05,0x06,0xb3,
    0x0c,0xfb,0x30,0x0f,0xc1,0x70,0x83,0xe8,0x94,0x16,0x18,0xcc,0x32,0xd0,0x43,0x3d,0x04,0xe6,0x1b,0xf2,0x23,0x9f,0xe9,0x86,
    0x60,0x7e,0x76,0x63,0x96,0x60,0x1f,0x86,0x1b,0x4a,0x87,0xb4,0xc0,0x60,0x96,0x61,0x1f,0xec,0x21,0x18,0x6e,0x30,0x9d,0xd1,
    0x02,0x83,0x59,0x86,0x7b,0xc0,0x87,0x60,0xc4,0xe0,0x00,0x40,0x10,0x0c,0x36,0xd6,0xb2,0x29,0x5c,0x2a,0xad,0xd1,0x84,0x60,
    0x98,0x25,0xd8,0x87,0xe1,0x86,0xd4,0x29,0x2d,0x30,0x98,0x65,0xd8,0x87,0x7c,0x08,0x86,0x1b,0x54,0xa7,0xb4,0xc0,0x60,0x96,
    0x61,0x1f,0xf4,0x21,0x18,0x6e,0x58,0x9d,0xd5,0x02,0x83,0xe9,0x06,0xbf,0xd9,0x9f,0x60,0x96,0x60,0x1f,0x06,0x7a,0x06,0xe5,
    0x1e,0x50,0x30,0x90,0x07,0x89,0x1e,0x60,0xa7,0x1e,0x40,0x30,0xc0,0x07,0xf8,0xcb,0x07,0x41,0x1f,0xea,0x75,0x5e,0x4b,0x87,
    0x1b,0x82,0xd8,0x0a,0x03,0x13,0xa9,0x21,0x3e,0xd3,0x0d,0x01,0x21,0x4c,0x37,0x80,0x10,0x09,0xd5,0xce,0x74,0x03,0x08,0x91,
    0x90,0xed,0x4c,0x37,0x80,0x10,0x09,0xdd,0xce,0x74,0x03,0x08,0x91,0x10,0xee,0x0c,0x37,0xa0,0xcf,0x5a,0x81,0xc1,0x2c,0x03,
    0x3f,0xfc,0x44,0x50,0xa4,0x33,0x5b,0x58,0x01,0x6b,0xe9,0x70,0x43,0x00,0x5b,0x60,0x30,0xcb,0xe0,0x0f,0xfd,0x10,0xd4,0xe9,
    0xb8,0x96,0x0e,0x37,0x0c,0xb1,0x05,0x06,0xd3,0x0d,0xbc,0x45,0x04,0xd3,0x0d,0xb8,0x35,0x08,0xb3,0x04,0xfe,0x30,0x50,0x41,
    0xc8,0x6d,0xc0,0x0f,0x44,0x3f,0x0c,0x54,0x10,0x7e,0x1b,0xf0,0x03,0xd1,0x0f,0xc3,0x0d,0xc2,0x78,0x81,0xc1,0x2c,0x83,0x4b,
    0xfc,0x43,0x30,0xdc,0x30,0x80,0x17,0x18,0xcc,0x32,0xb8,0x04,0x48,0x04,0xc3,0x0d,0xc4,0x6f,0x81,0xc1,0x2c,0x83,0x4b,0x84,
    0x44,0x30,0xdc,0x50,0xfc,0x16,0x18,0xcc,0x32,0x88,0xc4,0x48,0x04,0x66,0x53,0x22,0x12,0x1f,0xbb,0x29,0x11,0x89,0x8f,0xe1,
    0x94,0x88,0xc4,0xc7,0x72,0x4a,0x44,0xe2,0x33,0x4b,0xe0,0x12,0xc3,0x0d,0xca,0x78,0x81,0xc1,0x70,0xc3,0x02,0x5e,0x60,0x50,
    0x42,0xb0,0xb3,0x0c,0x2e,0x41,0x12,0xc1,0x70,0x43,0xb3,0x5e,0x60,0x30,0xcb,0x50,0x12,0x26,0x11,0x98,0x4f,0x9d,0x48,0x7c,
    0x66,0x09,0x5c,0x62,0xb8,0xe1,0x39,0x2f,0x30,0x98,0x65,0x70,0x89,0x93,0x08,0x86,0x1b,0xa0,0xf7,0x02,0x83,0x59,0x06,0x94,
    0x48,0x89,0xc0,0xc2,0xca,0x87,0xe2,0x33,0x4b,0xe0,0x12,0xc3,0x0d,0x92,0x7b,0x81,0xc1,0x2c,0x83,0x4b,0xa8,0x44,0x30,0xdc,
    0x30,0xa9,0x17,0x18,0xcc,0x32,0xac,0x04,0x4b,0x04,0x46,0x56,0x64,0x14,0x1f,0x2b,0x2b,0x32,0x8a,0x8f,0x99,0x15,0x19,0xc5,
    0xc7,0xce,0x8a,0x8c,0xe2,0x33,0x4b,0xe0,0x12,0xc3,0x0d,0x98,0x7b,0x81,0xc1,0x2c,0x43,0x4b,0xb8,0x44,0x60,0x69,0x65,0x46,
    0xf1,0x19,0x31,0x38,0x00,0x10,0x04,0x83,0x46,0xc4,0x56,0x6b,0x46,0x82,0x59,0x02,0x97,0x18,0x28,0x1b,0xd4,0x40,0x24,0xb4,
    0x92,0xa0,0x50,0xc2,0x59,0x09,0xa1,0x25,0x70,0x35,0xf0,0x07,0x5b,0x0d,0xfe,0xc1,0x8d,0x40,0xc2,0x16,0x83,0x94,0xc0,0xd5,
    0x80,0x25,0xd0,0x68,0x24,0x60,0x31,0x30,0x89,0x81,0xb2,0x41,0x0d,0x44,0x82,0x2b,0x09,0x0b,0x25,0x9c,0x95,0x20,0x5a,0x42,
    0x57,0x03,0x7f,0xc0,0xd5,0xe0,0x1f,0xdc,0x08,0x24,0x6c,0x31,0x48,0x09,0x5d,0x0d,0x58,0x42,0x8d,0x46,0x42,0x16,0x03,0x93,
    0x18,0x28,0x1b,0xd4,0x40,0x24,0xbc,0x92,0xc0,0x50,0xc2,0x59,0x09,0xa3,0x25,0x78,0x35,0xf0,0x07,0x5d,0x0d,0xfe,0xc1,0x8d,
    0x40,0xc2,0x16,0x83,0x94,0xe0,0xd5,0x80,0x25,0xd8,0x68,0x24,0x68,0x31,0x30,0x89,0x81,0xb2,0x41,0x0d,0x44,0x02,0x0c,0x4a,
    0x42,0x43,0x09,0x67,0x25,0x78,0x35,0x68,0x09,0x5f,0x0d,0xfc,0x81,0x57,0x83,0x7f,0x70,0x23,0x90,0xb0,0xc5,0x20,0x25,0x7c,
    0x35,0x60,0x09,0x37,0x1a,0x09,0x5b,0x0c,0x4c,0xc2,0x88,0x1d,0x91,0x8f,0x11,0x3b,0x22,0x1f,0x23,0x76,0x44,0x3e,0x46,0xec,
    0x88,0x7c,0x86,0x1b,0xc4,0x80,0xc4,0xc0,0x60,0x96,0xc1,0x27,0x5e,0x22,0x18,0x6e,0x18,0x83,0x10,0x03,0x83,0x59,0x06,0x9f,
    0x80,0x89,0x60,0xb8,0x81,0x0c,0x40,0x0c,0x0c,0x66,0x19,0x7c,0x22,0x26,0x82,0xe1,0x86,0x32,0x00,0x31,0x30,0x98,0x65,0x90,
    0x89,0x99,0x08,0xec,0xae,0xc6,0x24,0x3e,0x86,0x57,0x63,0x12,0x1f,0xcb,0xab,0x31,0x89,0x8f,0xe9,0xd5,0x98,0xc4,0x67,0x96,
    0xc0,0x27,0x86,0x1b,0xd4,0x80,0xc4,0xc0,0x60,0xb8,0x61,0x0d,0x42,0x0c,0x0c,0x4a,0x08,0x76,0x96,0xc1,0x27,0x68,0x22,0x18,
    0x6e,0x68,0x03,0x16,0x03,0x83,0xe1,0x06,0x37,0x18,0x31,0x30,0x28,0x21,0xd8,0x59,0x86,0x9a,0xb0,0x89,0xc0,0x42,0x4b,0x4d,
    0xe2,0x33,0x4b,0xe0,0x13,0xc3,0x0d,0x71,0xa0,0x62,0x60,0x30,0xcb,0xe0,0x13,0x37,0x11,0x0c,0x37,0xc8,0x81,0x8c,0x81,0xc1,
    0x2c,0x03,0x4e,0xe4,0x44,0x60,0xa4,0x15,0x4a,0xf1,0x99,0x25,0xf0,0x89,0xe1,0x06,0x3a,0x88,0x31,0x30,0x98,0x65,0xf0,0x09,
    0x9d,0x08,0x86,0x1b,0xea,0xa0,0xc5,0xc0,0x60,0x96,0x61,0x27,0x78,0x22,0xb0,0xd3,0x3a,0xa5,0xf8,0x18,0x6a,0x9d,0x52,0x7c,
    0x2c,0xb5,0x4e,0x29,0x3e,0xa6,0x5a,0xa7,0x14,0x9f,0x59,0x02,0x9f,0x18,0x6e,0xd0,0x83,0x18,0x03,0x83,0x59,0x86,0x9e,0xf0,
    0x89,0xc0,0x58,0x2b,0x95,0xe2,0x33,0x62,0x70,0x00,0x20,0x08,0x06,0x4d,0x99,0xb9,0x97,0x9d,0x04,0xb3,0x04,0x3e,0x31,0x50,
    0x36,0xb8,0x81,0x4c,0x68,0x35,0x41,0xe1,0x84,0xb3,0x13,0x42,0x4f,0xf8,0x6c,0xe0,0x12,0x3c,0x1b,0xbc,0x04,0x3d,0xc1,0x04,
    0x4f,0x06,0x39,0xe1,0xb3,0x01,0x4f,0xb8,0xd3,0x4c,0xd8,0x64,0x60,0x13,0x03,0x65,0x83,0x1b,0xc8,0x04,0x57,0x13,0x16,0x4e,
    0x38,0x3b,0x41,0xf4,0x04,0xd8,0x06,0x2e,0xe1,0xb3,0xc1,0x4b,0xd0,0x13,0x4c,0xf0,0x64,0x90,0x13,0x60,0x1b,0xf0,0x04,0x3c,
    0xcd,0x04,0x4e,0x06,0x36,0x31,0x50,0x36,0xb8,0x81,0x4c,0x78,0x35,0x81,0xe1,0x84,0xb3,0x13,0x46,0x4f,0x88,0x6d,0xe0,0x12,
    0x60,0x1b,0xbc,0x04,0x3d,0xc1,0x04,0x4f,0x06,0x39,0x21,0xb6,0x01,0x4f,0xc8,0xd3,0x4c,0xe8,0x64,0x60,0x13,0x03,0x65,0x83,
    0x1b,0xc8,0x04,0x18,0xd4,0x84,0x86,0x13,0xce,0x4e,0x88,0x6d,0xd0,0x13,0x64,0x1b,0xb8,0x84,0xd8,0x06,0x2f,0x41,0x4f,0x30,
    0xc1,0x93,0x41,0x4e,0x90,0x6d,0xc0,0x13,0xf4,0x34,0x13,0x3c,0x19,0xd8,0x84,0x11,0xb2,0x24,0x1f,0x23,0x64,0x49,0x3e,0x46,
    0xc8,0x92,0x7c,0x8c,0x90,0x25,0xf9,0x18,0x71,0x06,0xf0,0x31,0xe2,0x0c,0xe0,0x63,0xc4,0x19,0xc0,0xc7,0x88,0x33,0x80,0xcf,
    0x88,0xc1,0x01,0x80,0x20,0x18,0x34,0x72,0xa6,0x5f,0xc4,0x6e,0x8d,0x18,0x1c,0x00,0x08,0x82,0x41,0x33,0x67,0xfb,0x45,0xf0,
    0xd6,0x88,0xc1,0x01,0x80,0x20,0x18,0x34,0x74,0xc6,0x5f,0x44,0x6f,0x8d,0x18,0x1c,0x00,0x08,0x82,0x41,0x53,0x67,0xfd,0x45,
    0xf8,0xd6,0x88,0xc1,0x01,0x80,0x20,0x18,0x34,0x76,0xf6,0x5f,0x84,0x6f,0x8d,0x18,0x1c,0x00,0x08,0x82,0x41,0x73,0x67,0x20,
    0x46,0xfc,0xd6,0x88,0xc1,0x01,0x80,0x20,0x18,0x34,0x78,0x16,0x62,0x04,0x78,0x8d,0x18,0x1c,0x00,0x08,0x82,0x41,0x93,0x67,
    0x22,0x46,0x84,0xd7,0x2c,0xc1,0x6a,0x0c,0x37,0x88,0xd2,0x9b,0x81,0xc1,0x2c,0xc3,0x6a,0x80,0x45,0x30,0xdc,0x30,0x4a,0x6e,
    0x06,0x06,0xb3,0x0c,0xab,0x11,0x16,0xc1,0x70,0x03,0x29,0xb9,0x19,0x18,0xcc,0x32,0x88,0xc5,0x58,0x04,0x66,0x1f,0x61,0x22,
    0x1f,0xb3,0x8f,0x30,0x91,0x8f,0xd9,0x47,0x98,0xc8,0xc7,0xf8,0xe3,0x4c,0xe4,0x33,0x4b,0xb0,0x1a,0xc3,0x0d,0xa9,0x24,0x67,
    0x60,0x30,0xcb,0x40,0x16,0x65,0x11,0xd8,0x7e,0x98,0x89,0x7c,0x6c,0x3f,0xcc,0x44,0x3e,0xb6,0x1f,0x66,0x22,0x1f,0x0b,0x11,
    0x36,0x91,0x8f,0x11,0xf2,0x25,0x1f,0x23,0xe6,0x4b,0x3e,0x46,0xd0,0x97,0x7c,0x8c,0xa8,0x2f,0xf9,0x8c,0x18,0x1c,0x00,0x08,
    0x82,0x41,0xa3,0x6a,0x32,0x46,0xcc,0xd7,0x88,0xc1,0x01,0x80,0x20,0x18,0x34,0xab,0x36,0x63,0x04,0x7d,0x8d,0x18,0x1c,0x00,
    0x08,0x82,0x41,0xc3,0x6a,0x34,0x46,0xd4,0xd7,0x88,0xc1,0x01,0x80,0x20,0x18,0x34,0xad,0x56,0x63,0x84,0x7d,0x8d,0x18,0x1c,
    0x00,0x08,0x82,0x41,0xe3,0x6a,0x37,0x46,0xd8,0xd7,0x88,0xc1,0x01,0x80,0x20,0x18,0x34,0xaf,0x86,0x63,0xc4,0x7d,0x8d,0x18,
    0x1c,0x00,0x08,0x82,0x41,0x03,0x6b,0x39,0x46,0xe0,0xd7,0x88,0xc1,0x01,0x80,0x20,0x18,0x34,0xb1,0xa6,0x63,0x44,0x7e,0xcd,
    0x12,0xac,0xc6,0x70,0x83,0x2e,0xa1,0x1a,0x18,0xcc,0x32,0x98,0xc5,0x59,0x04,0xc6,0x22,0x77,0x22,0x1f,0x63,0x91,0x3b,0x91,
    0x8f,0xb1,0xc8,0x9d,0xc8,0xc7,0x64,0xa4,0x4f,0xe4,0x63,0x04,0x89,0xc9,0xc7,0x88,0x12,0x93,0x8f,0x11,0x26,0x26,0x1f,0x23,
    0x4e,0x4c,0x3e,0x23,0x06,0x07,0x00,0x82,0x60,0xd0,0xec,0xda,0x98,0x11,0x24,0x36,0x62,0x70,0x00,0x20,0x08,0x06,0x0d,0xaf,
    0x91,0x19,0x51,0x62,0x23,0x06,0x07,0x00,0x82,0x60,0xd0,0xf4,0x5a,0x99,0x11,0x26,0x36,0x62,0x70,0x00,0x20,0x08,0x06,0x8d,
    0xaf,0x99,0x19,0x71,0x62,0x23,0x06,0x07,0x00,0x82,0x60,0xd0,0xfc,0x1a,0x9a,0x11,0x27,0x36,0x62,0x70,0x00,0x20,0x08,0x06,
    0x0d,0xb8,0xa5,0x19,0x81,0x62,0x23,0x06,0x07,0x00,0x82,0x60,0xd0,0x84,0x9b,0x9a,0x11,0x29,0x36,0x62,0x70,0x00,0x20,0x08,
    0x06,0x8d,0xb8,0xad,0x19,0xa1,0x62,0xb3,0x04,0xab,0x31,0xdc,0xb0,0x4e,0xb3,0x06,0x06,0xb3,0x0c,0x68,0x91,0x16,0x81,0xf5,
    0x08,0xaa,0xc0,0xc7,0x7a,0x04,0x55,0xe0,0x63,0x3d,0x82,0x2a,0xf0,0xb1,0x31,0x71,0x15,0xf8,0x8c,0x18,0x1c,0x00,0x08,0x82,
    0x41,0x83,0x6e,0x70,0x46,0xc4,0xd8,0x88,0xc1,0x01,0x80,0x20,0x18,0x34,0xe9,0x16,0x67,0x84,0x8c,0x8d,0x18,0x1c,0x00,0x08,
    0x82,0x41,0xa3,0x6e,0x72,0x46,0xcc,0xd8,0x88,0xc1,0x01,0x80,0x20,0x18,0x34,0xeb,0x36,0x67,0x04,0x8d,0x8d,0x18,0x1c,0x00,
    0x08,0x82,0x41,0xc3,0x6e,0x75,0x46,0xd0,0xd8,0x88,0xc1,0x01,0x80,0x20,0x18,0x34,0xed,0x66,0x67,0x44,0x8d,0x8d,0x18,0x1c,
    0x00,0x08,0x82,0x41,0xe3,0x6e,0x77,0x46,0xd8,0xd8,0x88,0xc1,0x01,0x80,0x20,0x18,0x34,0xef,0x86,0x67,0xc4,0x8d,0xcd,0x12,
    0xac,0xc6,0x70,0x03,0x3e,0x9d,0x1b,0x18,0xcc,0x32,0xa8,0xc5,0x5a,0x04,0xa6,0x26,0xb5,0x02,0x1f,0x53,0x93,0x5a,0x81,0x8f,
    0xa9,0x49,0xad,0xc0,0xc7,0xe0,0x64,0x57,0xe0,0x63,0x04,0x98,0xc1,0xc7,0x88,0x30,0x83,0x8f,0x11,0x62,0x06,0x1f,0x23,0xc6,
    0x0c,0x3e,0x23,0x06,0x07,0x00,0x82,0x60,0xd0,0xe4,0x5b,0xa8,0x11,0x62,0x36,0x62,0x70,0x00,0x20,0x08,0x06,0x8d,0xbe,0x89,
    0x1a,0x31,0x66,0x23,0x06,0x07,0x00,0x82,0x60,0xd0,0xec,0xdb,0xa8,0x11,0x64,0x36,0x62,0x70,0x00,0x20,0x08,0x06,0x0d,0xbf,
    0x91,0x1a,0x51,0x66,0x23,0x06,0x07,0x00,0x82,0x60,0xd0,0xf4,0x9b,0xa9,0x11,0x65,0x36,0x62,0x70,0x00,0x20,0x08,0x06,0x8d,
    0xbf,0x9d,0x1a,0x61,0x66,0x23,0x06,0x07,0x00,0x82,0x60,0xd0,0xfc,0x1b,0xaa,0x11,0x67,0x36,0x62,0x70,0x00,0x20,0x08,0x06,
    0x0d,0xc8,0xa5,0x1a,0x81,0x66,0xb3,0x04,0xab,0x31,0xdc,0x90,0x52,0xf5,0x06,0x06,0xb3,0x0c,0x6c,0xd1,0x16,0x81,0xed,0x89,
    0xb9,0xc0,0xc7,0xf6,0xc4,0x5c,0xe0,0x63,0x7b,0x62,0x2e,0xf0,0xb1,0x50,0x61,0x17,0xf8,0x18,0x11,0x67,0xf0,0x31,0x42,0xce,
    0xe0,0x63,0xc4,0x9c,0xc1,0xc7,0x08,0x3a,0x83,0x8f,0x11,0x76,0x26,0x1f,0x23,0xee,0x4c,0x3e,0x46,0xe0,0x99,0x7c,0x8c,0xc8,
    0x33,0xf9,0x8c,0x18,0x1c,0x00,0x08,0x82,0x41,0xe3,0x72,0xb6,0x46,0xdc,0xd9,0x88,0xc1,0x01,0x80,0x20,0x18,0x34,0x2f,0x77,
    0x6b,0x04,0x9e,0x8d,0x18,0x1c,0x00,0x08,0x82,0x41,0x03,0x73,0xb8,0x46,0xe4,0xd9,0x88,0xc1,0x01,0x80,0x20,0x18,0x34,0x31,
    0x97,0x6b,0x84,0x9e,0x8d,0x18,0x1c,0x00,0x08,0x82,0x41,0x23,0x73,0xbb,0x46,0xe8,0xd9,0x88,0xc1,0x01,0x80,0x20,0x18,0x34,
    0x33,0xc7,0x6b,0xc4,0x9e,0x8d,0x18,0x1c,0x00,0x08,0x82,0x41,0x43,0x73,0xbd,0x46,0xf0,0xd9,0x88,0xc1,0x01,0x80,0x20,0x18,
    0x34,0x35,0xe7,0x6b,0x44,0x9f,0xcd,0x12,0xac,0xc6,0x70,0x83,0x4f,0x95,0x1c,0x18,0xcc,0x32,0xb8,0xc5,0x5b,0x04,0xb6,0x2f,
    0xb0,0x12,0x1f,0xdb,0x17,0x58,0x89,0x8f,0xed,0x0b,0xac,0xc4,0xc7,0x42,0xc6,0x56,0xe2,0x33,0x62,0x70,0x00,0x20,0x08,0x06,
    0xcd,0xce,0x8d,0x1b,0x41,0x6a,0x23,0x06,0x07,0x00,0x82,0x60,0xd0,0xf0,0x1c,0xb9,0x11,0xa5,0x36,0x62,0x70,0x00,0x20,0x08,
    0x06,0x4d,0xcf,0x95,0x1b,0x61,0x6a,0x23,0x06,0x07,0x00,0x82,0x60,0xd0,0xf8,0x9c,0xb9,0x11,0xa7,0x36,0x62,0x70,0x00,0x20,
    0x08,0x06,0xcd,0xcf,0xa1,0x1b,0x71,0x6a,0x23,0x06,0x07,0x00,0x82,0x60,0xd0,0x80,0x5d,0xba,0x11,0xa8,0x36,0x62,0x70,0x00,
    0x20,0x08,0x06,0x4d,0xd8,0xa9,0x1b,0x91,0x6a,0x23,0x06,0x07,0x00,0x82,0x60,0xd0,0x88,0xdd,0xba,0x11,0xaa,0x36,0x4b,0xb0,
    0x1a,0xc3,0x0d,0x6b,0x15,0x73,0x60,0x30,0xcb,0x00,0x17,0x71,0x11,0x58,0xaf,0xa0,0x0c,0x7c,0xac,0x57,0x50,0x06,0x3e,0xd6,
    0x2b,0x28,0x03,0x1f,0x1b,0x17,0x97,0x81,0x8f,0x85,0x0b,0xcb,0xc8,0xc7,0xc2,0x85,0x65,0xe4,0x63,0xe1,0xc2,0x32,0xf2,0xb1,
    0x73,0x91,0x19,0xf9,0x18,0x42,0xc4,0xc7,0x10,0x22,0x3e,0x86,0x10,0xf1,0x31,0x84,0x88,0xcf,0x88,0xc1,0x01,0x80,0x20,0x18,
    0x34,0x70,0x87,0x6f,0x44,0xae,0x8d,0x18,0x1c,0x00,0x08,0x82,0x41,0x13,0x77,0xf9,0x46,0xe8,0xda,0x88,0xc1,0x01,0x80,0x20,
    0x18,0x34,0x72,0xa7,0x6f,0xc4,0xae,0x8d,0x18,0x1c,0x00,0x08,0x82,0x41,0x33,0x77,0xfb,0x46,0xf0,0xda,0x88,0xc1,0x01,0x80,
    0x20,0x18,0x34,0x74,0xd7,0x6f,0x04,0xaf,0x8d,0x18,0x1c,0x00,0x08,0x82,0x41,0x53,0x77,0xfe,0x46,0xf4,0xda,0x88,0xc1,0x01,
    0x80,0x20,0x18,0x34,0x76,0xf7,0x6f,0x84,0xaf,0x8d,0x18,0x1c,0x00,0x08,0x82,0x41,0x73,0x77,0x20,0x47,0xfc,0xda,0x2c,0xc1,
    0x6a,0x0c,0x37,0x80,0x56,0xd9,0x81,0xc1,0x2c,0x83,0x5c,0xcc,0x45,0x60,0x3d,0x23,0x2f,0xf1,0xb1,0x9e,0x91,0x97,0xf8,0x58,
    0xcf,0xc8,0x4b,0x7c,0x6c,0x6c,0xf0,0x25,0x3e,0x46,0xa8,0x97,0x7c,0x8c,0x58,0x2f,0xf9,0x18,0xc1,0x5e,0xf2,0x31,0xa2,0xbd,
    0xe4,0x63,0x84,0xbe,0xc0,0xc7,0x08,0x7d,0x81,0x8f,0x11,0xfa,0x02,0x1f,0x23,0x40,0x06,0x3e,0xb3,0x04,0xab,0x31,0xdc,0xd0,
    0x5a,0x71,0x07,0x06,0xb3,0x0c,0x74,0x51,0x17,0x81,0xa9,0xcd,0xbf,0xc4,0xc7,0xd4,0xe6,0x5f,0xe2,0x63,0x6a,0xf3,0x2f,0xf1,
    0x31,0xb8,0x29,0x99,0xf8,0x18,0xb1,0x3b,0xf2,0x31,0x82,0x77,0xe4,0x63,0x44,0xef,0xc8,0xc7,0x08,0xdf,0x91,0x8f,0x11,0x27,
    0x03,0x1f,0x23,0x4e,0x06,0x3e,0x46,0x9c,0x0c,0x7c,0x8c,0x68,0x19,0xf8,0xcc,0x12,0xac,0xc6,0x70,0x83,0x6e,0xf5,0x1d,0x18,
    0xcc,0x32,0xd8,0xc5,0x5d,0x04,0x23,0x06,0x07,0x00,0x82,0x60,0xb0,0xb9,0x1e,0xce,0xe9,0xda,0xe9,0x8d,0x26,0x04,0x83,0xe5,
    0x8d,0xcb,0xc4,0xc7,0xf2,0xc6,0x65,0xe2,0x63,0x79,0xe3,0x32,0xf1,0xb1,0xbf,0xa1,0x99,0xf8,0x58,0x41,0xc8,0xc7,0x0c,0x42,
    0x3e,0x76,0x10,0xf2,0x31,0x84,0x90,0x8f,0x11,0x36,0x03,0x1f,0x23,0x6c,0x06,0x3e,0x46,0xd8,0x0c,0x7c,0x8c,0xe0,0x19,0xf8,
    0xcc,0x12,0xac,0xc6,0x70,0x43,0x7a,0xad,0x1e,0x18,0xcc,0x32,0xe0,0x45,0x5e,0x04,0xa6,0x72,0xf3,0x13,0x1f,0xe3,0x99,0x40,
    0x3e,0xc6,0x33,0x82,0x7c,0x8c,0x67,0x06,0xf9,0x98,0xd8,0x10,0xf2,0x31,0x62,0x75,0xe0,0x63,0xc4,0xea,0xc0,0xc7,0x88,0xd5,
    0x81,0x8f,0x11,0xb1,0x03,0x9f,0x11,0x83,0x03,0x00,0x41,0x30,0x68,0xd6,0x6f,0xee,0x08,0x9a,0x1b,0x31,0x38,0x00,0x10,0x04,
    0x83,0x86,0xfd,0xe8,0x8e,0xa8,0xb9,0x11,0x83,0x03,0x00,0x41,0x30,0x68,0xda,0xaf,0xee,0x08,0x9b,0x1b,0x31,0x38,0x00,0x10,
    0x04,0x83,0xc6,0xfd,0xec,0x8e,0xb8,0xb9,0x11,0x83,0x03,0x00,0x41,0x30,0x68,0xde,0x0f,0xef,0x88,0x9b,0x1b,0x31,0x38,0x00,
    0x10,0x04,0x83,0x06,0xfe,0xf2,0x8e,0xc0,0xb9,0x11,0x83,0x03,0x00,0x41,0x30,0x68,0xe2,0x4f,0xef,0x88,0x9c,0x1b,0x31,0x38,
    0x00,0x10,0x04,0x83,0x46,0xfe,0xf6,0x8e,0xd0,0xb9,0x59,0x82,0xd5,0x18,0x6e,0xd8,0x2f,0xbb,0x03,0x83,0x59,0x06,0xbd,0xd8,
    0x8b,0xc0,0x70,0xa7,0x6d,0xe2,0x63,0xb8,0xd3,0x36,0xf1,0x31,0xdc,0x69,0x9b,0xf8,0x98,0xef,0xcc,0x4d,0x7c,0x8c,0xe8,0x31,
    0xf9,0x18,0xe1,0x63,0xf2,0x31,0xe2,0xc7,0xe4,0x63,0x04,0x98,0xc9,0xc7,0x88,0xba,0x81,0x8f,0x11,0x75,0x03,0x1f,0x23,0xea,
    0x06,0x3e,0x46,0xec,0x0d,0x7c,0x66,0x09,0x56,0x63,0xb8,0x01,0xc5,0xfe,0x0e,0x0c,0x66,0x19,0x56,0x83,0x2f,0x82,0xe1,0x86,
    0x14,0xe3,0x3b,0x30,0x98,0x65,0xe8,0x0b,0xbf,0x08,0x6c,0x6f,0xd2,0x47,0x3e,0xb6,0x37,0xea,0x23,0x1f,0xdb,0x9b,0xf5,0x91,
    0x8f,0x85,0x0e,0xfb,0xc8,0xc7,0x08,0xf5,0x81,0x8f,0x11,0xea,0x03,0x1f,0x23,0xd4,0x07,0x3e,0x46,0xc0,0x0f,0x7c,0x46,0x0c,
    0x0e,0x00,0x04,0xc1,0xa0,0x51,0xc1,0x40,0xf6,0x88,0xb9,0x1b,0x31,0x38,0x00,0x10,0x04,0x83,0x66,0x05,0x83,0xd9,0x23,0xe8,
    0x6e,0xc4,0xe0,0x00,0x40,0x10,0x0c,0x1a,0x16,0x0c,0x68,0x8f,0xa8,0xbb,0x11,0x83,0x03,0x00,0x41,0x30,0x68,0x5a,0x30,0xa8,
    0x3d,0xc2,0xee,0x46,0x0c,0x0e,0x00,0x04,0xc1,0xa0,0x71,0xc1,0xe0,0xf6,0x08,0xbb,0x1b,0x31,0x38,0x00,0x10,0x04,0x83,0xe6,
    0x05,0x03,0xdc,0x23,0xee,0x6e,0xc4,0xe0,0x00,0x40,0x10,0x0c,0x1a,0x18,0x0c,0x72,0x8f,0xc0,0xbb,0x11,0x83,0x03,0x00,0x41,
    0x30,0x68,0x62,0x30,0xd0,0x3d,0x22,0xef,0x66,0x09,0x56,0x63,0xb8,0x41,0xc7,0x78,0x0f,0x0c,0x66,0x19,0xfe,0x02,0x34,0x02,
    0x63,0x9d,0xfb,0x91,0x8f,0xb1,0xce,0xfd,0xc8,0xc7,0x58,0xe7,0x7e,0xe4,0x63,0xb2,0xd3,0x3f,0xf2,0x31,0xc2,0x7f,0xe0,0x63,
    0xc4,0xff,0xc0,0xc7,0x08,0x10,0x82,0x8f,0x11,0x21,0x04,0x9f,0x11,0x83,0x03,0x00,0x41,0x30,0x68,0x76,0x30,0x18,0x3f,0x82,
    0xf4,0x46,0x0c,0x0e,0x00,0x04,0xc1,0xa0,0xe1,0xc1,0x80,0xfc,0x88,0xd2,0x1b,0x31,0x38,0x00,0x10,0x04,0x83,0xa6,0x07,0x83,
    0xf2,0x23,0x4c,0x6f,0xc4,0xe0,0x00,0x40,0x10,0x0c,0x1a,0x1f,0x0c,0xcc,0x8f,0x38,0xbd,0x11,0x83,0x03,0x00,0x41,0x30,0x68,
    0x7e,0x30,0x40,0x3f,0xe2,0xf4,0x46,0x0c,0x0e,0x00,0x04,0xc1,0xa0,0x01,0xc3,0x20,0xfd,0x08,0xd4,0x1b,0x31,0x38,0x00,0x10,
    0x04,0x83,0x26,0x0c,0x03,0xf5,0x23,0x52,0x6f,0xc4,0xe0,0x00,0x40,0x10,0x0c,0x1a,0x31,0x0c,0xd6,0x8f,0x50,0xbd,0x59,0x82,
    0xd5,0x18,0x6e,0x58,0xb3,0xde,0x03,0x83,0x59,0x86,0xd0,0x10,0x8d,0xc0,0x58,0x6f,0x85,0xe2,0x63,0xbe,0x13,0xc8,0xc7,0x7c,
    0x47,0x90,0x8f,0xf9,0xce,0x20,0x1f,0x23,0x1f,0x42,0x3e,0x46,0xb4,0x10,0x7c,0x8c,0x68,0x21,0xf8,0x18,0xd1,0x42,0xf0,0x31,
    0x62,0x86,0xe0,0x33,0x62,0x70,0x00,0x20,0x08,0x06,0x4d,0x1b,0x06,0xf5,0x47,0xd8,0xde,0x88,0xc1,0x01,0x80,0x20,0x18,0x34,
    0x6e,0x18,0xd8,0x1f,0x71,0x7b,0x23,0x06,0x07,0x00,0x82,0x60,0xd0,0xbc,0x61,0x70,0x7f,0x04,0xee,0x8d,0x18,0x1c,0x00,0x08,
    0x82,0x41,0x03,0x87,0x01,0xfe,0x11,0xb9,0x37,0x62,0x70,0x00,0x20,0x08,0x06,0x4d,0x1c,0x06,0xfa,0x47,0xe4,0xde,0x88,0xc1,
    0x01,0x80,0x20,0x18,0x34,0x72,0x18,0xec,0x1f,0xa1,0x7b,0x23,0x06,0x07,0x00,0x82,0x60,0xd0,0xcc,0x61,0xc0,0x7f,0xc4,0xee,
    0x8d,0x18,0x1c,0x00,0x08,0x82,0x41,0x43,0x87,0x41,0xff,0x11,0xbc,0x37,0x4b,0xb0,0x1a,0xc3,0x0d,0x7d,0x76,0x7f,0x60,0x30,
    0xcb,0x30,0x1a,0xa4,0x11,0x98,0xef,0xe9,0x50,0x7c,0xec,0xf7,0x74,0x28,0x3e,0x06,0x7e,0x3a,0x14,0x1f,0x0b,0x3f,0x30,0x8a,
    0x8f,0xcd,0x0f,0x21,0x1f,0x9b,0x1f,0x42,0x3e,0x36,0x3f,0x84,0x7c,0x2c,0x7f,0x08,0xf9,0x18,0x51,0x46,0xf0,0x31,0xc2,0x8c,
    0xe0,0x63,0xc4,0x19,0xc1,0xc7,0x08,0x34,0x82,0xcf,0x88,0xc1,0x01,0x80,0x20,0x18,0x34,0xa2,0x18,0xa8,0x60,0x40,0xac,0xdf,
    0x88,0xc1,0x01,0x80,0x20,0x18,0x34,0xa3,0x18,0xac,0x60,0x40,0xb0,0xdf,0x88,0xc1,0x01,0x80,0x20,0x18,0x34,0xa4,0x18,0xb0,
    0x60,0x40,0xb4,0xdf,0x88,0xc1,0x01,0x80,0x20,0x18,0x34,0xa5,0x18,0xb4,0x60,0x40,0xb8,0xdf,0x88,0xc1,0x01,0x80,0x20,0x18,
    0x34,0xa6,0x18,0xbc,0x60,0x40,0xb8,0xdf,0x88,0xc1,0x01,0x80,0x20,0x18,0x34,0xa7,0x18,0xc0,0x60,0x40,0xbc,0xdf,0x88,0xc1,
    0x01,0x80,0x20,0x18,0x34,0xa8,0x18,0xc4,0x60,0x40,0xc0,0xdf,0x88,0xc1,0x01,0x80,0x20,0x18,0x34,0xa9,0x18,0xc8,0x60,0x40,
    0xc4,0xdf,0x2c,0xc1,0x6a,0x94,0xad,0x9d,0x60,0xa0,0xc3,0x0d,0xc1,0x09,0x06,0x60,0x30,0xcb,0xb0,0x1a,0xa5,0x11,0x0c,0x37,
    0xd0,0x1a,0x0b,0x06,0x60,0x30,0xcb,0x60,0x1a,0xa7,0x11,0x98,0x09,0xe1,0x1f,0x7c,0xcc,0x84,0xf2,0x0f,0x3e,0x66,0x42,0xfa,
    0x07,0x1f,0xa3,0xa3,0xfd,0x83,0x8f,0xd1,0x11,0xff,0xc1,0xc7,0xe8,0xa8,0xff,0xe0,0x33,0x62,0xb0,0x00,0x20,0x08,0x06,0xd8,
    0x2b,0x06,0x63,0x18,0x0c,0x42,0x60,0x14,0x84,0x05,0x21,0x18,0xc8,0x67,0xc4,0xe0,0x00,0x40,0x10,0x0c,0x9a,0x5a,0x0c,0x7a,
    0x30,0x08,0xfc,0x6f,0xc4,0xe0,0x00,0x40,0x10,0x0c,0x1a,0x5b,0x0c,0x7e,0x30,0x08,0xfc,0x6f,0x96,0x60,0x35,0x86,0x1b,0x7e,
    0x0d,0x0d,0x03,0x30,0x98,0x65,0x40,0x8d,0xd4,0x08,0x2c,0x86,0xf8,0x48,0x3e,0x16,0x43,0x7c,0x24,0x1f,0x8b,0x21,0x3e,0x92,
    0x8f,0xdd,0x90,0x28,0xc9,0xc7,0xd4,0x87,0x80,0x8f,0xa9,0x0f,0x01,0x1f,0x53,0x1f,0x02,0x3e,0x06,0x3f,0x04,0x7c,0x46,0x0c,
    0x0e,0x00,0x04,0xc1,0xa0,0x01,0xc7,0x00,0x0d,0x03,0x22,0x05,0x83,0x11,0x83,0x03,0x00,0x41,0x30,0x68,0xc2,0x31,0x48,0xc3,
    0x80,0x50,0xc1,0x60,0xc4,0xe0,0x00,0x40,0x10,0x0c,0x1a,0x71,0x0c,0xd4,0x30,0x20,0x56,0x30,0x18,0x31,0x38,0x00,0x10,0x04,
    0x83,0x66,0x1c,0x83,0x35,0x0c,0x08,0x16,0x0c,0x46,0x0c,0x0e,0x00,0x04,0xc1,0xa0,0x21,0xc7,0xa0,0x0d,0x03,0x82,0x05,0x83,
    0x11,0x83,0x03,0x00,0x41,0x30,0x68,0xca,0x31,0x70,0xc3,0x80,0x68,0xc1,0x60,0xc4,0xe0,0x00,0x40,0x10,0x0c,0x1a,0x73,0x0c,
    0xde,0x30,0x20,0x5c,0x30,0x18,0x31,0x38,0x00,0x10,0x04,0x83,0xe6,0x1c,0x03,0x38,0x0c,0x88,0x17,0x0c,0x66,0x09,0x56,0x63,
    0xb8,0x01,0xde,0xe8,0x30,0x00,0x83,0x59,0x06,0xd5,0x58,0x8d,0xc0,0xee,0xa7,0x95,0xe4,0x63,0xf7,0xd3,0x4a,0xf2,0xb1,0xfb,
    0x69,0x25,0xf9,0x58,0xff,0xcc,0x92,0x7c,0xac,0x06,0x83,0xfd,0x89,0x8f,0xd9,0x60,0xb0,0x3f,0xf1,0xb1,0x1b,0x0c,0xf6,0x27,
    0x3e,0x86,0x83,0x41,0x08,0xc5,0xc7,0x08,0x35,0x92,0x8f,0x11,0x6a,0x24,0x1f,0x23,0xd4,0x48,0x3e,0x46,0xc0,0x91,0x7c,0x8c,
    0x60,0xe0,0x63,0x04,0x03,0x1f,0x23,0x18,0xf8,0x18,0xc1,0xc0,0x67,0xc4,0xe0,0x00,0x40,0x10,0x0c,0x9a,0x7c,0x0c,0x42,0x31,
    0x20,0xc4,0x30,0x18,0x31,0x38,0x00,0x10,0x04,0x83,0x46,0x1f,0x03,0x51,0x0c,0x88,0x31,0x0c,0x46,0x0c,0x0e,0x00,0x04,0xc1,
    0xa0,0xd9,0xc7,0x60,0x14,0x03,0x82,0x0c,0x83,0x11,0x83,0x03,0x00,0x41,0x30,0x68,0xf8,0x31,0x20,0xc5,0x80,0x28,0xc3,0x60,
    0xc4,0xe0,0x00,0x40,0x10,0x0c,0x9a,0x7e,0x0c,0x4c,0x31,0x20,0xca,0x30,0x18,0x31,0x38,0x00,0x10,0x04,0x83,0xc6,0x1f,0x83,
    0x53,0x0c,0x08,0x33,0x0c,0x46,0x0c,0x0e,0x00,0x04,0xc1,0xa0,0xf9,0xc7,0x00,0x15,0x03,0xe2,0x0c,0x83,0x11,0x83,0x03,0x00,
    0x41,0x30,0x68,0x40,0x32,0x48,0xc5,0x80,0x40,0xc3,0x60,0x96,0x60,0x35,0x06,0xaa,0x83,0xc1,0xa6,0x7c,0x02,0xa5,0xc4,0xc2,
    0x9c,0xc8,0x82,0x94,0xcc,0x42,0x8d,0xd0,0x02,0x85,0xd4,0xc2,0x77,0xd8,0x82,0x74,0xdc,0x42,0x67,0xe0,0x02,0x64,0xe4,0xc2,
    0x5c,0xe8,0x02,0x55,0xec,0x82,0x4c,0xf0,0x42,0x45,0xf4,0xc2,0x3c,0xfa,0x82,0x34,0xfe,0x02,0x2c,0x42,0xc3,0x1e,0x46,0xc3,
    0x16,0x4c,0x43,0x0f,0x50,0x03,0x51,0x0d,0xd5,0x0c,0x7e,0x82,0x1e,0x03,0xb0,0x50,0xcd,0x60,0x2f,0x54,0x8d,0x34,0x64,0x3d,
    0x48,0x8d,0x81,0xea,0x60,0xb0,0x29,0x9f,0x40,0x29,0xb1,0x30,0x27,0xb2,0x20,0x25,0xb3,0x50,0x23,0xb4,0x40,0x21,0xb5,0xf0,
    0x1d,0xb6,0x20,0x1d,0xb7,0xd0,0x19,0xb8,0x00,0x19,0xb9,0x30,0x17,0xba,0x40,0x15,0xbb,0x20,0x13,0xbc,0x50,0x11,0xbd,0x30,
    0x8f,0xbe,0x20,0x8d,0xbf,0x00,0x8b,0xd0,0xb0,0x87,0xd1,0xc0,0x05,0xd3,0xd0,0x03,0xd4,0x40,0x54,0x43,0x35,0x83,0x9f,0xa0,
    0xc7,0x00,0x2c,0x54,0x33,0xd8,0x0b,0x55,0x23,0x0d,0x59,0x0f,0x52,0x63,0xa0,0x3a,0x18,0x6c,0xca,0x27,0x50,0x4a,0x2c,0xcc,
    0x89,0x2c,0x48,0xc9,0x2c,0xd4,0x08,0x2d,0x50,0x48,0x2d,0x7c,0x87,0x2d,0x48,0xc7,0x2d,0x74,0x06,0x2e,0x40,0x46,0x2e,0xcc,
    0x85,0x2e,0x50,0xc5,0x2e,0xc8,0x04,0x2f,0x54,0x44,0x2f,0xcc,0xa3,0x2f,0x48,0xe3,0x2f,0xc0,0x22,0x34,0xec,0x61,0x34,0x74,
    0xc1,0x34,0xf4,0x00,0x35,0x10,0xd5,0x50,0xcd,0xe0,0x27,0xe8,0x31,0x00,0x0b,0xd5,0x0c,0xf6,0x42,0xd5,0x48,0x43,0xd6,0x83,
    0xd4,0x18,0xa8,0x0e,0x06,0x9b,0xf2,0x09,0x94,0x12,0x0b,0x73,0x22,0x0b,0x52,0x32,0x0b,0x35,0x42,0x0b,0x14,0x52,0x0b,0xdf,
    0x61,0x0b,0xd2,0x71,0x0b,0x9d,0x81,0x0b,0x90,0x91,0x0b,0x73,0xa1,0x0b,0x54,0xb1,0x0b,0x32,0xc1,0x0b,0x15,0xd1,0x0b,0xf3,
    0xe8,0x0b,0xd2,0xf8,0x0b,0xb0,0x08,0x0d,0x7b,0x18,0x0d,0x5e,0x30,0x0d,0x3d,0x40,0x0d,0x44,0x35,0x6c,0x33,0xf8,0x09,0x90,
    0x0c,0xc0,0xc2,0x36,0x83,0xbd,0x50,0x35,0xd2,0x90,0xf5,0x20,0x35,0x86,0x1b,0xfa,0xcd,0x1f,0x03,0x30,0x98,0x65,0xc0,0x0f,
    0xd6,0x08,0x86,0x1b,0xfc,0x6d,0x1f,0x03,0x30,0x98,0x65,0xc0,0x8f,0xd6,0x08,0x86,0x1b,0xfe,0x4d,0x1f,0x03,0x30,0x98,0x65,
    0xc0,0x0f,0xd7,0x08,0x86,0x1b,0x40,0x4e,0x1f,0x03,0x30,0x98,0x65,0x78,0x0d,0xd8,0x08,0x8c,0x74,0xde,0x47,0x3e,0xb3,0x04,
    0xf8,0x31,0xdc,0x20,0x72,0xfb,0x18,0x80,0xc1,0x2c,0x43,0x6c,0xc8,0x46,0x60,0xa6,0x13,0x3f,0xf2,0xb1,0x00,0x0f,0x03,0xf9,
    0x8c,0x18,0x1c,0x00,0x08,0x82,0x41,0xd3,0x92,0x41,0x2d,0x06,0x81,0x1d,0x06,0x23,0x06,0x07,0x00,0x82,0x60,0xd0,0xb8,0x64,
    0x70,0x8b,0x41,0x60,0x87,0xc1,0x2c,0x01,0x7e,0x0c,0x37,0x9c,0x5c,0x49,0x06,0x60,0x30,0xcb,0x30,0x1b,0xb4,0x11,0xd8,0xea,
    0xd8,0x8f,0x7c,0x2c,0xf0,0xc3,0x40,0x3e,0x23,0x06,0x07,0x00,0x82,0x60,0xd0,0xc8,0x64,0xa0,0x8b,0x41,0xb0,0x87,0xc1,0x88,
    0xc1,0x01,0x80,0x20,0x18,0x34,0x33,0x19,0xf0,0x62,0x10,0xec,0x61,0x30,0x4b,0x80,0x1f,0xc3,0x0d,0x2c,0x47,0x92,0x01,0x18,
    0xcc,0x32,0xd4,0x86,0x6d,0x04,0x06,0x3b,0xfb,0x03,0x9f,0x11,0x83,0x03,0x00,0x41,0x30,0x68,0x6c,0x32,0xf0,0xc5,0x20,0xf8,
    0xc3,0x60,0xc4,0xe0,0x00,0x40,0x10,0x0c,0x9a,0x9b,0x0c,0xc0,0x31,0x08,0xfe,0x30,0x98,0x25,0xc0,0x8f,0xe1,0x06,0x98,0x7b,
    0xc9,0x00,0x0c,0x66,0x19,0x6e,0x03,0x37,0x02,0xa3,0x9d,0xff,0x81,0x8f,0x05,0xa5,0x18,0xc0,0x67,0xc4,0xe0,0x00,0x40,0x10,
    0x0c,0x9a,0x9d,0x0c,0xc6,0x31,0x08,0x48,0x31,0x18,0x31,0x38,0x00,0x10,0x04,0x83,0x86,0x27,0x83,0x72,0x0c,0x02,0x52,0x0c,
    0x66,0x09,0xf0,0x63,0xb8,0xa1,0xe6,0x62,0x32,0x00,0x83,0x59,0x86,0xdc,0xd0,0x8d,0xc0,0x72,0x87,0x84,0xe0,0x63,0x81,0x2a,
    0x06,0xf0,0xb1,0x80,0x15,0x03,0xf9,0x8c,0x18,0x1c,0x00,0x08,0x82,0x41,0x13,0x96,0x41,0x3a,0x06,0x81,0x2a,0x06,0x23,0x06,
    0x07,0x00,0x82,0x60,0xd0,0x88,0x65,0xb0,0x8e,0x41,0xa0,0x8a,0xc1,0x2c,0x01,0x7e,0x0c,0x37,0xec,0x9c,0x4c,0x06,0x60,0x30,
    0xcb,0xb0,0x1b,0xbc,0x11,0x98,0x0a,0xfd,0x4e,0x7c,0x46,0x0c,0x0e,0x00,0x04,0xc1,0xa0,0x29,0xcb,0xa0,0x1d,0x83,0xc0,0x15,
    0x83,0x11,0x83,0x03,0x00,0x41,0x30,0x68,0xcc,0x32,0x78,0xc7,0x20,0x70,0xc5,0x60,0x96,0x00,0x3f,0x86,0x1b,0x7e,0xae,0x26,
    0x03,0x30,0x98,0x65,0xe8,0x0d,0xdf,0x08,0x6c,0x7c,0x5c,0x08,0x3e,0x46,0x3e,0x2f,0x24,0x1f,0x13,0x82,0xf8,0x8c,0x18,0x1c,
    0x00,0x08,0x82,0x41,0xb3,0x96,0xc1,0x3c,0x06,0x01,0x2d,0x06,0x23,0x06,0x07,0x00,0x82,0x60,0xd0,0xb0,0x65,0x50,0x8f,0x41,
    0x40,0x8b,0xc1,0x2c,0x01,0x7e,0x0c,0x37,0x94,0x9d,0x4e,0x06,0x60,0x30,0xcb,0xf0,0x1b,0xe0,0x11,0x18,0x0d,0xa5,0x4f,0x7c,
    0x2c,0xe0,0x3d,0xf9,0x58,0xb0,0x3e,0xf0,0x99,0x25,0xc0,0x8f,0xe1,0x86,0xb4,0xeb,0xc9,0x00,0x0c,0x66,0x19,0xc2,0x43,0x3c,
    0x02,0xc3,0xa1,0xf6,0x89,0x8f,0x05,0xa4,0x25,0x1f,0x0b,0xde,0x07,0x3e,0xb3,0x04,0xf8,0x31,0xdc,0xd0,0x76,0x60,0x19,0x80,
    0xc1,0x2c,0xc3,0x78,0x90,0x47,0x30,0x62,0x70,0x00,0x20,0x08,0x06,0x5b,0x5c,0x06,0xfb,0x18,0xf4,0x61,0xa0,0x96,0xc1,0x68,
    0x42,0x30,0x98,0x0f,0xcd,0x4f,0x7c,0x4c,0x08,0xe4,0x63,0x41,0xfd,0xc0,0x67,0x96,0x00,0x3f,0x86,0x1b,0xe6,0xae,0x2c,0x03,
    0x30,0x98,0x65,0x28,0x0f,0xf3,0x08,0x8c,0x1c,0x83,0xd6,0x8a,0x8f,0xe1,0x4f,0x20,0x1f,0x0b,0xc8,0x08,0x3e,0x23,0x06,0x07,
    0x00,0x82,0x60,0xd0,0xfc,0x65,0x70,0x92,0x41,0x80,0x8e,0xc1,0x88,0xc1,0x01,0x80,0x20,0x18,0x34,0xa0,0x19,0xa4,0x64,0x10,
    0xa0,0x63,0x30,0x4b,0x80,0x1f,0xc3,0x0d,0x79,0x47,0x92,0x01,0x18,0xcc,0x32,0x9c,0x07,0x7a,0x04,0x86,0x46,0xfd,0x13,0x1f,
    0x0b,0xd0,0x4f,0x3e,0x16,0xfc,0x0f,0x7c,0x66,0x09,0xf0,0x63,0xb8,0xa1,0xef,0x48,0x32,0x00,0x83,0x59,0x06,0xfc,0x48,0x8f,
    0x60,0xb8,0xc1,0xef,0x42,0x32,0x00,0x83,0x59,0x06,0xf5,0x58,0x8f,0xc0,0x44,0xa8,0x8d,0xe4,0x63,0x81,0x1b,0xc1,0x67,0xc4,
    0xe0,0x00,0x40,0x10,0x0c,0x9a,0xd4,0x0c,0x62,0x32,0x08,0xe4,0x31,0x18,0x31,0x38,0x00,0x10,0x04,0x83,0x46,0x35,0x83,0x99,
    0x0c,0x02,0x79,0x0c,0x66,0x09,0xf0,0x63,0xb8,0x61,0xf4,0x6a,0x32,0x00,0x83,0x59,0x06,0xf6,0x68,0x8f,0xc0,0x4e,0x48,0x8e,
    0xe4,0x63,0xc1,0x1c,0xc1,0x67,0xc4,0xe0,0x00,0x40,0x10,0x0c,0x1a,0xd7,0x0c,0x6c,0x32,0x08,0xee,0x31,0x18,0x31,0x38,0x00,
    0x10,0x04,0x83,0xe6,0x35,0x03,0x9c,0x0c,0x82,0x7b,0x0c,0x66,0x09,0xf0,0x63,0xb8,0x01,0xf5,0x54,0x32,0x00,0x83,0x59,0x06,
    0xf7,0x78,0x8f,0xc0,0xf2,0x31,0xb8,0xa3,0xf8,0x58,0x0b,0x05,0xf2,0xb1,0x20,0x8f,0xe0,0x33,0x62,0x70,0x00,0x20,0x08,0x06,
    0x0d,0x6d,0x06,0x3c,0x19,0x04,0xfd,0x18,0x8c,0x18,0x1c,0x00,0x08,0x82,0x41,0x53,0x9b,0x81,0x4f,0x06,0x41,0x3f,0x06,0xb3,
    0x04,0xf8,0x31,0xdc,0xe0,0x7a,0x38,0x19,0x80,0xc1,0x2c,0x03,0x7c,0xc4,0x47,0x60,0xff,0x18,0xf4,0x51,0x7c,0x6c,0x86,0x02,
    0xf9,0x58,0xf0,0x47,0xf0,0x19,0x31,0x38,0x00,0x10,0x04,0x83,0x46,0x37,0x03,0xb1,0x0c,0x82,0x91,0x0c,0x46,0x0c,0x0e,0x00,
    0x04,0xc1,0xa0,0xd9,0xcd,0x80,0x2c,0x83,0x60,0x24,0x83,0x59,0x02,0xfc,0x28,0xf5,0xcb,0xc9,0x40,0x87,0x1b,0x82,0x9c,0x0c,
    0xc0,0x60,0x96,0x01,0x3f,0xe4,0x23,0x18,0x6e,0xb0,0x3d,0x9f,0x0c,0xc0,0x60,0x96,0x61,0x3e,0xe8,0x23,0xb0,0x1b,0x52,0xc9,
    0x00,0x3e,0x76,0x43,0x2b,0x19,0xc0,0xc7,0x6e,0x88,0x25,0x03,0xf8,0x58,0x29,0xb5,0x64,0x00,0x1f,0x2b,0x25,0x97,0x0c,0xe0,
    0x63,0xa5,0xf4,0x92,0x01,0x7c,0x46,0x0c,0x16,0x00,0x04,0xc1,0x00,0x0b,0xcf,0xa0,0x2e,0x83,0x41,0x08,0x8c,0x82,0xb0,0x60,
    0x26,0x03,0xf9,0x8c,0x18,0x1c,0x00,0x08,0x82,0x41,0x73,0x9e,0xc1,0x5b,0x06,0x01,0x4c,0x06,0x23,0x06,0x07,0x00,0x82,0x60,
    0xd0,0xa0,0x67,0x10,0x97,0x41,0x00,0x93,0xc1,0x2c,0x01,0x7e,0x0c,0x37,0x84,0x9f,0x5e,0x06,0x60,0x30,0xcb,0x50,0x1f,0xf6,
    0x11,0x58,0x19,0xc1,0x92,0x7c,0x0c,0x86,0x02,0xf8,0x8c,0x18,0x1c,0x00,0x08,0x82,0x41,0xc3,0x9e,0x01,0x5d,0x06,0x41,0x4d,
    0x06,0x23,0x06,0x07,0x00,0x82,0x60,0xd0,0xb4,0x67,0x60,0x97,0x41,0x50,0x93,0xc1,0x2c,0x01,0x7e,0x0c,0x37,0x98,0x9f,0x5e,
    0x06,0x60,0x30,0xcb,0x70,0x1f,0xf8,0x11,0x18,0x0d,0xd5,0x92,0x7c,0x0c,0x27,0x83,0x1a,0x8a,0x8f,0x05,0x6c,0x24,0x1f,0x0b,
    0x06,0xf8,0x8c,0x18,0x1c,0x00,0x08,0x82,0x41,0x33,0x9f,0xc1,0x5e,0x06,0x01,0x4f,0x06,0x23,0x06,0x07,0x00,0x82,0x60,0xd0,
    0xd0,0x67,0xd0,0x97,0x41,0xc0,0x93,0xc1,0x2c,0x01,0x7e,0x0c,0x54,0x07,0x03,0x6e,0xbc,0x86,0x6b,0xc4,0x06,0x69,0xcc,0x06,
    0x5f,0xd4,0x86,0x5c,0xdc,0x86,0x59,0xe4,0x86,0x4f,0xec,0x86,0x4c,0xf4,0x86,0x4a,0xfc,0x86,0x48,0x84,0x87,0x3d,0x8c,0x87,
    0x3a,0x94,0x87,0x38,0x9c,0x87,0x2d,0xa8,0x07,0x2b,0xb0,0x07,0x28,0xb8,0x07,0x1d,0xc0,0x87,0x36,0x1f,0x50,0x7d,0x08,0xf7,
    0xc1,0x86,0xc1,0x6a,0xd8,0x65,0xc0,0x1a,0xe0,0x18,0xb4,0x86,0x5d,0x06,0xe8,0xc1,0x86,0x41,0x7c,0xd0,0xa1,0x60,0x1f,0xc3,
    0x0d,0xfe,0x67,0x97,0x01,0x18,0x4c,0x37,0xcc,0x83,0x10,0x4c,0x37,0x80,0x61,0x70,0x0f,0xf1,0x37,0xdd,0x00,0x86,0xc1,0x3d,
    0xc8,0xdf,0x74,0x03,0x18,0x06,0xf7,0x30,0x7f,0xd3,0x0d,0x60,0x18,0x10,0xf4,0x37,0xdd,0xb0,0x0f,0x60,0x18,0xd4,0xdf,0x74,
    0xc3,0x3e,0x80,0x61,0x60,0x7f,0xd3,0x0d,0xfb,0x00,0x86,0xc1,0xfd,0x4d,0x37,0x20,0x60,0x18,0xe0,0x5f,0xf5,0x1e,0x7b,0x06,
    0x58,0x81,0x7e,0x06,0x6a,0x3c,0x18,0xec,0x67,0x00,0x83,0xe1,0x86,0x40,0x3f,0x03,0x34,0x98,0x65,0x20,0xf2,0x23,0x18,0xe8,
    0x18,0x70,0x51,0x28,0x70,0x51,0x20,0x30,0xfc,0x18,0xe8,0x18,0x70,0x51,0x28,0x70,0x51,0x20,0x30,0xfc,0x18,0xe8,0x18,0x70,
    0x51,0x28,0x70,0x51,0x20,0x30,0xfc,0x18,0xe8,0x18,0x70,0x51,0x28,0x70,0x51,0x20,0x30,0xfc,0x98,0x65,0xd8,0x0f,0xfd,0xd0,
    0xc3,0xc0,0x08,0x3a,0x0c,0xe0,0x63,0x04,0x1d,0x06,0xf0,0x31,0x82,0x0e,0x03,0xf8,0xcc,0x12,0xec,0xc7,0x40,0xc5,0x60,0xe8,
    0x87,0x93,0x1f,0x03,0x15,0x83,0xa1,0x1f,0x4e,0x7e,0x0c,0x54,0x0c,0x86,0x7e,0x38,0xf9,0x31,0xcb,0xb0,0x22,0xfc,0xa1,0x8a,
    0xc1,0x88,0xc1,0x01,0x80,0x20,0x18,0x6c,0x29,0x1a,0xcc,0x66,0x50,0x93,0x41,0x89,0x06,0xa3,0x09,0x01,0x60,0x09,0x6a,0x06,
    0xf2,0x19,0x31,0x30,0x00,0x10,0x04,0x83,0x07,0x46,0x83,0xde,0x0c,0x82,0x11,0x03,0x03,0x00,0x41,0x30,0x78,0x62,0x34,0xe8,
    0xcd,0x60,0xb0,0x80,0x35,0x03,0xf9,0x8c,0x18,0x18,0x00,0x08,0x82,0xc1,0x33,0xa3,0xc1,0x6f,0x06,0x81,0x05,0x03,0x7c,0x2a,
    0x16,0x03,0x13,0x0d,0x74,0xb8,0x21,0x78,0xd1,0x00,0x0c,0x66,0x19,0x52,0xa4,0x3f,0x82,0xe1,0x06,0x59,0x0c,0x62,0x34,0x00,
    0x83,0x59,0x86,0x14,0xf1,0x8f,0x60,0xb8,0x61,0x16,0x03,0x17,0x0d,0xc0,0x60,0x96,0xe1,0x3f,0x40,0x24,0x18,0x8e,0x48,0x0a,
    0xe2,0x9b,0x25,0x48,0x91,0xe1,0x86,0x5a,0x0c,0x5c,0x34,0x00,0x83,0x59,0x86,0x10,0x11,0x91,0x60,0x38,0x62,0x39,0x82,0x6f,
    0x96,0x20,0x45,0x86,0x1b,0x6e,0x31,0x78,0xd1,0x00,0x0c,0x66,0x19,0x46,0x84,0x44,0x82,0xe1,0x88,0x26,0x29,0xbe,0x59,0x82,
    0x14,0x19,0x6e,0xc8,0xc5,0x00,0x46,0x03,0x30,0x98,0x65,0x28,0x11,0x13,0x09,0x86,0x23,0x9e,0x45,0xf8,0x66,0x09,0x52,0x64,
    0xb8,0x61,0x17,0x83,0x1b,0x0d,0xc0,0x60,0x96,0xe1,0x44,0x50,0x24,0x18,0x8e,0x88,0x1a,0xe7,0x9b,0x25,0x48,0x91,0xe1,0x08,
    0xc9,0x19,0xbe,0xe1,0x06,0x5f,0x0c,0x68,0x34,0x08,0x83,0x0a,0x84,0x9d,0x25,0x48,0x91,0x81,0x22,0x05,0xfb,0x0f,0x2a,0x44,
    0xa0,0x11,0x61,0x4a,0x04,0x39,0x11,0x11,0x16,0xf8,0x03,0x84,0x85,0xfe,0x10,0x50,0x64,0x96,0x61,0x45,0x54,0x24,0x18,0x31,
    0x30,0x00,0x10,0x04,0x83,0x05,0x4d,0x03,0xfa,0x0c,0x44,0x34,0x98,0x25,0x58,0x91,0x59,0x86,0x19,0x61,0x91,0x5f,0x0c,0x86,
    0x1b,0x7a,0x31,0xf8,0xd1,0x00,0x0c,0x66,0x19,0x64,0xa4,0x45,0x02,0x6b,0xcb,0x80,0x2d,0x03,0xfa,0x8c,0x18,0x1c,0x00,0x08,
    0x82,0xc1,0x46,0xa6,0x81,0x7b,0x06,0x70,0x19,0xe0,0x68,0x30,0x9a,0x10,0x00,0xa3,0x09,0x42,0x30,0x9a,0x30,0x08,0xc3,0x0d,
    0xe3,0x18,0x98,0x69,0x00,0x06,0xb3,0x0c,0x2e,0xf2,0x22,0x81,0x09,0x86,0x7c,0x2c,0x20,0xcf,0x40,0x3e,0x23,0x06,0x06,0x00,
    0x82,0x60,0xf0,0xbc,0x69,0x20,0x9f,0x41,0x30,0x62,0x70,0x00,0x20,0x08,0x06,0x4d,0x9c,0x06,0xf9,0x19,0x04,0xba,0x19,0x8c,
    0x18,0x1c,0x00,0x08,0x82,0x41,0x23,0xa7,0xc1,0x7e,0x06,0x81,0x6e,0x06,0xb3,0x04,0x32,0x32,0xdc,0x90,0x8e,0x01,0x9a,0x06,
    0x60,0x30,0xcb,0x00,0x23,0x31,0x12,0x18,0xc2,0xc8,0xc7,0x82,0x40,0x3e,0x16,0xac,0x67,0x20,0x9f,0x11,0x03,0x03,0x00,0x41,
    0x30,0x78,0xec,0x34,0xc8,0xcf,0x20,0x18,0x31,0x38,0x00,0x10,0x04,0x83,0x06,0x4f,0x03,0x10,0x0d,0x82,0xf0,0x0c,0x46,0x0c,
    0x0e,0x00,0x04,0xc1,0xa0,0xc9,0xd3,0x40,0x44,0x83,0x20,0x3c,0x83,0x59,0x02,0x19,0xb1,0x07,0x8a,0xcf,0x88,0x81,0x01,0x80,
    0x20,0x18,0x3c,0x7a,0x1a,0xc4,0x69,0x10,0x0c,0x47,0x04,0xea,0x19,0x10,0xdf,0x70,0xc4,0x60,0x9e,0x01,0xf1,0x4d,0x37,0xbc,
    0x67,0xc0,0x9e,0x41,0x30,0xdd,0x10,0x14,0x83,0x55,0x58,0x7c,0x2c,0x10,0xe8,0x33,0x62,0x70,0x00,0x20,0x08,0x06,0x8d,0xa8,
    0x06,0x2a,0x1a,0x04,0xeb,0x19,0x8c,0x18,0x1c,0x00,0x08,0x82,0x41,0x33,0xaa,0x01,0x8b,0x06,0xc1,0x7a,0x06,0xb3,0x04,0x32,
    0x32,0x50,0x32,0x90,0x81,0x8b,0x58,0x30,0x22,0xc4,0x88,0xca,0x0a,0x2c,0x32,0x62,0x70,0x00,0x20,0x08,0x06,0x1b,0xa8,0x06,
    0x2a,0x1a,0xb0,0x66,0x30,0xa7,0xc1,0x68,0x42,0x00,0x8c,0x26,0x08,0xc1,0x68,0xc2,0x20,0x98,0x1f,0x0c,0xf1,0x31,0x3f,0x18,
    0xe2,0x63,0x7e,0x30,0xc4,0xc7,0x06,0x44,0x3e,0x36,0x24,0xf2,0xb1,0x41,0x91,0x8f,0x0d,0x09,0x7c,0x6c,0x48,0xe0,0x63,0x43,
    0x02,0x9f,0x59,0x82,0x19,0x19,0xa8,0x18,0x0c,0x19,0x71,0x89,0x15,0x19,0xa8,0x18,0x0c,0x19,0x71,0x89,0x15,0x19,0xa8,0x18,
    0x0c,0x19,0x71,0x89,0x15,0x31,0x57,0xc0,0xc9,0x40,0x3e,0x23,0x06,0x07,0x00,0x82,0x60,0xd0,0xd8,0x6a,0xe0,0xa3,0x01,0xf1,
    0x9f,0xc1,0x88,0xc1,0x01,0x80,0x20,0x18,0x34,0xb7,0x1a,0xfc,0x68,0x40,0x80,0x68,0x30,0x62,0x70,0x00,0x20,0x08,0x06,0x0d,
    0xae,0x06,0x60,0x1a,0x10,0x21,0x1a,0x8c,0x18,0x1c,0x00,0x08,0x82,0x41,0x93,0xab,0x41,0x98,0x06,0x84,0x88,0x06,0x23,0x06,
    0x07,0x00,0x82,0x60,0xd0,0xe8,0x6a,0x30,0xa6,0x01,0x21,0xa2,0xc1,0x88,0xc1,0x01,0x80,0x20,0x18,0x34,0xbb,0x1a,0x90,0x69,
    0x40,0x8c,0x68,0x30,0x62,0x70,0x00,0x20,0x08,0x06,0x0d,0xaf,0x06,0x65,0x1a,0x10,0x24,0x1a,0x8c,0x18,0x1c,0x00,0x08,0x82,
    0x41,0xd3,0xab,0x81,0x99,0x06,0x44,0x89,0x06,0x23,0x06,0x09,0x00,0x82,0x60,0x80,0x80,0x6b,0xf0,0xaa,0x81,0xad,0x06,0xb6,
    0x1a,0x8c,0x6a,0x40,0x8c,0x18,0x24,0x00,0x08,0x82,0x01,0x02,0xae,0xc1,0xab,0x06,0xb6,0x1a,0xd8,0x6a,0x10,0xaa,0xc1,0x30,
    0x62,0x90,0x00,0x20,0x08,0x06,0x08,0xb8,0x06,0xaf,0x1a,0xd8,0x6a,0x60,0xab,0x81,0xa8,0x06,0xc2,0x88,0x41,0x02,0x80,0x20,
    0x18,0x20,0xe0,0x1a,0xbc,0x6a,0x60,0xab,0x81,0xad,0x06,0xa5,0x1a,0x04,0x08,0x00,0x00,0x00,0x00,0x00,
};
