// Generated by compile_native_shaders.py. Native payload; never a bgfx container.
static const unsigned char s_sdl_dxil_fs_ff_stage_cube[] = {
    0x44,0x58,0x42,0x43,0x55,0xed,0x9c,0x26,0xdb,0x70,0x38,0x27,0xaf,0x28,0xc7,0xbb,0x2c,0xc6,0x10,0x8f,0x01,0x00,0x00,0x00,
    0x60,0x94,0x00,0x00,0x06,0x00,0x00,0x00,0x38,0x00,0x00,0x00,0x48,0x00,0x00,0x00,0x50,0x02,0x00,0x00,0x8c,0x02,0x00,0x00,
    0xbc,0x08,0x00,0x00,0xd8,0x08,0x00,0x00,0x53,0x46,0x49,0x30,0x08,0x00,0x00,0x00,0x00,0x00,0x00,0x00,0x00,0x00,0x00,0x00,
    0x49,0x53,0x47,0x31,0x00,0x02,0x00,0x00,0x0f,0x00,0x00,0x00,0x08,0x00,0x00,0x00,0x00,0x00,0x00,0x00,0xe8,0x01,0x00,0x00,
    0x00,0x00,0x00,0x00,0x01,0x00,0x00,0x00,0x03,0x00,0x00,0x00,0x00,0x00,0x00,0x00,0x0f,0x08,0x00,0x00,0x00,0x00,0x00,0x00,
    0x00,0x00,0x00,0x00,0xf4,0x01,0x00,0x00,0x00,0x00,0x00,0x00,0x00,0x00,0x00,0x00,0x03,0x00,0x00,0x00,0x01,0x00,0x00,0x00,
    0x0f,0x0f,0x00,0x00,0x00,0x00,0x00,0x00,0x00,0x00,0x00,0x00,0xf4,0x01,0x00,0x00,0x01,0x00,0x00,0x00,0x00,0x00,0x00,0x00,
    0x03,0x00,0x00,0x00,0x02,0x00,0x00,0x00,0x0f,0x0f,0x00,0x00,0x00,0x00,0x00,0x00,0x00,0x00,0x00,0x00,0xf4,0x01,0x00,0x00,
    0x02,0x00,0x00,0x00,0x00,0x00,0x00,0x00,0x03,0x00,0x00,0x00,0x03,0x00,0x00,0x00,0x0f,0x0f,0x00,0x00,0x00,0x00,0x00,0x00,
    0x00,0x00,0x00,0x00,0xf4,0x01,0x00,0x00,0x03,0x00,0x00,0x00,0x00,0x00,0x00,0x00,0x03,0x00,0x00,0x00,0x04,0x00,0x00,0x00,
    0x0f,0x0f,0x00,0x00,0x00,0x00,0x00,0x00,0x00,0x00,0x00,0x00,0xf4,0x01,0x00,0x00,0x04,0x00,0x00,0x00,0x00,0x00,0x00,0x00,
    0x03,0x00,0x00,0x00,0x05,0x00,0x00,0x00,0x0f,0x0f,0x00,0x00,0x00,0x00,0x00,0x00,0x00,0x00,0x00,0x00,0xf4,0x01,0x00,0x00,
    0x05,0x00,0x00,0x00,0x00,0x00,0x00,0x00,0x03,0x00,0x00,0x00,0x06,0x00,0x00,0x00,0x0f,0x0f,0x00,0x00,0x00,0x00,0x00,0x00,
    0x00,0x00,0x00,0x00,0xf4,0x01,0x00,0x00,0x06,0x00,0x00,0x00,0x00,0x00,0x00,0x00,0x03,0x00,0x00,0x00,0x07,0x00,0x00,0x00,
    0x0f,0x0f,0x00,0x00,0x00,0x00,0x00,0x00,0x00,0x00,0x00,0x00,0xf4,0x01,0x00,0x00,0x07,0x00,0x00,0x00,0x00,0x00,0x00,0x00,
    0x03,0x00,0x00,0x00,0x08,0x00,0x00,0x00,0x0f,0x0f,0x00,0x00,0x00,0x00,0x00,0x00,0x00,0x00,0x00,0x00,0xf4,0x01,0x00,0x00,
    0x08,0x00,0x00,0x00,0x00,0x00,0x00,0x00,0x03,0x00,0x00,0x00,0x09,0x00,0x00,0x00,0x0f,0x0f,0x00,0x00,0x00,0x00,0x00,0x00,
    0x00,0x00,0x00,0x00,0xf4,0x01,0x00,0x00,0x09,0x00,0x00,0x00,0x00,0x00,0x00,0x00,0x03,0x00,0x00,0x00,0x0a,0x00,0x00,0x00,
    0x0f,0x0f,0x00,0x00,0x00,0x00,0x00,0x00,0x00,0x00,0x00,0x00,0xf4,0x01,0x00,0x00,0x0a,0x00,0x00,0x00,0x00,0x00,0x00,0x00,
    0x03,0x00,0x00,0x00,0x0b,0x00,0x00,0x00,0x0f,0x0f,0x00,0x00,0x00,0x00,0x00,0x00,0x00,0x00,0x00,0x00,0xf4,0x01,0x00,0x00,
    0x0b,0x00,0x00,0x00,0x00,0x00,0x00,0x00,0x03,0x00,0x00,0x00,0x0c,0x00,0x00,0x00,0x0f,0x0f,0x00,0x00,0x00,0x00,0x00,0x00,
    0x00,0x00,0x00,0x00,0xf4,0x01,0x00,0x00,0x0c,0x00,0x00,0x00,0x00,0x00,0x00,0x00,0x03,0x00,0x00,0x00,0x0d,0x00,0x00,0x00,
    0x0f,0x0d,0x00,0x00,0x00,0x00,0x00,0x00,0x00,0x00,0x00,0x00,0xf4,0x01,0x00,0x00,0x0d,0x00,0x00,0x00,0x00,0x00,0x00,0x00,
    0x03,0x00,0x00,0x00,0x0e,0x00,0x00,0x00,0x03,0x03,0x00,0x00,0x00,0x00,0x00,0x00,0x53,0x56,0x5f,0x50,0x6f,0x73,0x69,0x74,
    0x69,0x6f,0x6e,0x00,0x54,0x45,0x58,0x43,0x4f,0x4f,0x52,0x44,0x00,0x00,0x00,0x00,0x4f,0x53,0x47,0x31,0x34,0x00,0x00,0x00,
    0x01,0x00,0x00,0x00,0x08,0x00,0x00,0x00,0x00,0x00,0x00,0x00,0x28,0x00,0x00,0x00,0x00,0x00,0x00,0x00,0x40,0x00,0x00,0x00,
    0x03,0x00,0x00,0x00,0x00,0x00,0x00,0x00,0x0f,0x00,0x00,0x00,0x00,0x00,0x00,0x00,0x53,0x56,0x5f,0x54,0x61,0x72,0x67,0x65,
    0x74,0x00,0x00,0x00,0x50,0x53,0x56,0x30,0x28,0x06,0x00,0x00,0x34,0x00,0x00,0x00,0x00,0x00,0x00,0x00,0x00,0x00,0x00,0x00,
    0x00,0x00,0x00,0x00,0x00,0x00,0x00,0x00,0x00,0x00,0x00,0x00,0xff,0xff,0xff,0xff,0x00,0x00,0x00,0x00,0x0f,0x01,0x00,0x0f,
    0x01,0x00,0x00,0x00,0x00,0x00,0x00,0x00,0x00,0x00,0x00,0x00,0x00,0x00,0x00,0x00,0x7f,0x00,0x00,0x00,0x22,0x00,0x00,0x00,
    0x18,0x00,0x00,0x00,0x02,0x00,0x00,0x00,0x03,0x00,0x00,0x00,0x00,0x00,0x00,0x00,0x00,0x00,0x00,0x00,0x0d,0x00,0x00,0x00,
    0x00,0x00,0x00,0x00,0x02,0x00,0x00,0x00,0x03,0x00,0x00,0x00,0x01,0x00,0x00,0x00,0x01,0x00,0x00,0x00,0x0d,0x00,0x00,0x00,
    0x00,0x00,0x00,0x00,0x01,0x00,0x00,0x00,0x02,0x00,0x00,0x00,0x00,0x00,0x00,0x00,0x00,0x00,0x00,0x00,0x0e,0x00,0x00,0x00,
    0x00,0x00,0x00,0x00,0x01,0x00,0x00,0x00,0x02,0x00,0x00,0x00,0x01,0x00,0x00,0x00,0x01,0x00,0x00,0x00,0x0e,0x00,0x00,0x00,
    0x00,0x00,0x00,0x00,0x01,0x00,0x00,0x00,0x02,0x00,0x00,0x00,0x02,0x00,0x00,0x00,0x02,0x00,0x00,0x00,0x0e,0x00,0x00,0x00,
    0x00,0x00,0x00,0x00,0x01,0x00,0x00,0x00,0x02,0x00,0x00,0x00,0x03,0x00,0x00,0x00,0x03,0x00,0x00,0x00,0x0e,0x00,0x00,0x00,
    0x00,0x00,0x00,0x00,0x01,0x00,0x00,0x00,0x02,0x00,0x00,0x00,0x04,0x00,0x00,0x00,0x04,0x00,0x00,0x00,0x0e,0x00,0x00,0x00,
    0x00,0x00,0x00,0x00,0x01,0x00,0x00,0x00,0x02,0x00,0x00,0x00,0x05,0x00,0x00,0x00,0x05,0x00,0x00,0x00,0x0e,0x00,0x00,0x00,
    0x00,0x00,0x00,0x00,0x01,0x00,0x00,0x00,0x02,0x00,0x00,0x00,0x06,0x00,0x00,0x00,0x06,0x00,0x00,0x00,0x0e,0x00,0x00,0x00,
    0x00,0x00,0x00,0x00,0x01,0x00,0x00,0x00,0x02,0x00,0x00,0x00,0x07,0x00,0x00,0x00,0x07,0x00,0x00,0x00,0x0e,0x00,0x00,0x00,
    0x00,0x00,0x00,0x00,0x01,0x00,0x00,0x00,0x02,0x00,0x00,0x00,0x08,0x00,0x00,0x00,0x08,0x00,0x00,0x00,0x0e,0x00,0x00,0x00,
    0x00,0x00,0x00,0x00,0x01,0x00,0x00,0x00,0x02,0x00,0x00,0x00,0x09,0x00,0x00,0x00,0x09,0x00,0x00,0x00,0x0e,0x00,0x00,0x00,
    0x00,0x00,0x00,0x00,0x01,0x00,0x00,0x00,0x02,0x00,0x00,0x00,0x0a,0x00,0x00,0x00,0x0a,0x00,0x00,0x00,0x0e,0x00,0x00,0x00,
    0x00,0x00,0x00,0x00,0x01,0x00,0x00,0x00,0x02,0x00,0x00,0x00,0x0b,0x00,0x00,0x00,0x0b,0x00,0x00,0x00,0x0e,0x00,0x00,0x00,
    0x00,0x00,0x00,0x00,0x01,0x00,0x00,0x00,0x02,0x00,0x00,0x00,0x0c,0x00,0x00,0x00,0x0c,0x00,0x00,0x00,0x0e,0x00,0x00,0x00,
    0x00,0x00,0x00,0x00,0x01,0x00,0x00,0x00,0x02,0x00,0x00,0x00,0x0d,0x00,0x00,0x00,0x0d,0x00,0x00,0x00,0x0e,0x00,0x00,0x00,
    0x00,0x00,0x00,0x00,0x01,0x00,0x00,0x00,0x02,0x00,0x00,0x00,0x0e,0x00,0x00,0x00,0x0e,0x00,0x00,0x00,0x0e,0x00,0x00,0x00,
    0x00,0x00,0x00,0x00,0x01,0x00,0x00,0x00,0x02,0x00,0x00,0x00,0x0f,0x00,0x00,0x00,0x0f,0x00,0x00,0x00,0x0e,0x00,0x00,0x00,
    0x00,0x00,0x00,0x00,0x03,0x00,0x00,0x00,0x02,0x00,0x00,0x00,0x00,0x00,0x00,0x00,0x00,0x00,0x00,0x00,0x02,0x00,0x00,0x00,
    0x00,0x00,0x00,0x00,0x03,0x00,0x00,0x00,0x02,0x00,0x00,0x00,0x01,0x00,0x00,0x00,0x01,0x00,0x00,0x00,0x02,0x00,0x00,0x00,
    0x00,0x00,0x00,0x00,0x03,0x00,0x00,0x00,0x02,0x00,0x00,0x00,0x02,0x00,0x00,0x00,0x02,0x00,0x00,0x00,0x02,0x00,0x00,0x00,
    0x00,0x00,0x00,0x00,0x03,0x00,0x00,0x00,0x02,0x00,0x00,0x00,0x03,0x00,0x00,0x00,0x03,0x00,0x00,0x00,0x02,0x00,0x00,0x00,
    0x00,0x00,0x00,0x00,0x03,0x00,0x00,0x00,0x02,0x00,0x00,0x00,0x04,0x00,0x00,0x00,0x04,0x00,0x00,0x00,0x05,0x00,0x00,0x00,
    0x00,0x00,0x00,0x00,0x03,0x00,0x00,0x00,0x02,0x00,0x00,0x00,0x05,0x00,0x00,0x00,0x05,0x00,0x00,0x00,0x05,0x00,0x00,0x00,
    0x00,0x00,0x00,0x00,0x03,0x00,0x00,0x00,0x02,0x00,0x00,0x00,0x06,0x00,0x00,0x00,0x06,0x00,0x00,0x00,0x05,0x00,0x00,0x00,
    0x00,0x00,0x00,0x00,0x03,0x00,0x00,0x00,0x02,0x00,0x00,0x00,0x07,0x00,0x00,0x00,0x07,0x00,0x00,0x00,0x05,0x00,0x00,0x00,
    0x00,0x00,0x00,0x00,0x03,0x00,0x00,0x00,0x02,0x00,0x00,0x00,0x08,0x00,0x00,0x00,0x08,0x00,0x00,0x00,0x05,0x00,0x00,0x00,
    0x00,0x00,0x00,0x00,0x03,0x00,0x00,0x00,0x02,0x00,0x00,0x00,0x09,0x00,0x00,0x00,0x09,0x00,0x00,0x00,0x05,0x00,0x00,0x00,
    0x00,0x00,0x00,0x00,0x03,0x00,0x00,0x00,0x02,0x00,0x00,0x00,0x0a,0x00,0x00,0x00,0x0a,0x00,0x00,0x00,0x05,0x00,0x00,0x00,
    0x00,0x00,0x00,0x00,0x03,0x00,0x00,0x00,0x02,0x00,0x00,0x00,0x0b,0x00,0x00,0x00,0x0b,0x00,0x00,0x00,0x05,0x00,0x00,0x00,
    0x00,0x00,0x00,0x00,0x03,0x00,0x00,0x00,0x02,0x00,0x00,0x00,0x0c,0x00,0x00,0x00,0x0c,0x00,0x00,0x00,0x04,0x00,0x00,0x00,
    0x00,0x00,0x00,0x00,0x03,0x00,0x00,0x00,0x02,0x00,0x00,0x00,0x0d,0x00,0x00,0x00,0x0d,0x00,0x00,0x00,0x04,0x00,0x00,0x00,
    0x00,0x00,0x00,0x00,0x03,0x00,0x00,0x00,0x02,0x00,0x00,0x00,0x0e,0x00,0x00,0x00,0x0e,0x00,0x00,0x00,0x04,0x00,0x00,0x00,
    0x00,0x00,0x00,0x00,0x03,0x00,0x00,0x00,0x02,0x00,0x00,0x00,0x0f,0x00,0x00,0x00,0x0f,0x00,0x00,0x00,0x04,0x00,0x00,0x00,
    0x00,0x00,0x00,0x00,0x84,0x00,0x00,0x00,0x00,0x54,0x45,0x58,0x43,0x4f,0x4f,0x52,0x44,0x00,0x54,0x45,0x58,0x43,0x4f,0x4f,
    0x52,0x44,0x00,0x54,0x45,0x58,0x43,0x4f,0x4f,0x52,0x44,0x00,0x54,0x45,0x58,0x43,0x4f,0x4f,0x52,0x44,0x00,0x54,0x45,0x58,
    0x43,0x4f,0x4f,0x52,0x44,0x00,0x54,0x45,0x58,0x43,0x4f,0x4f,0x52,0x44,0x00,0x54,0x45,0x58,0x43,0x4f,0x4f,0x52,0x44,0x00,
    0x54,0x45,0x58,0x43,0x4f,0x4f,0x52,0x44,0x00,0x54,0x45,0x58,0x43,0x4f,0x4f,0x52,0x44,0x00,0x54,0x45,0x58,0x43,0x4f,0x4f,
    0x52,0x44,0x00,0x54,0x45,0x58,0x43,0x4f,0x4f,0x52,0x44,0x00,0x54,0x45,0x58,0x43,0x4f,0x4f,0x52,0x44,0x00,0x54,0x45,0x58,
    0x43,0x4f,0x4f,0x52,0x44,0x00,0x54,0x45,0x58,0x43,0x4f,0x4f,0x52,0x44,0x00,0x6d,0x61,0x69,0x6e,0x00,0x0e,0x00,0x00,0x00,
    0x00,0x00,0x00,0x00,0x01,0x00,0x00,0x00,0x02,0x00,0x00,0x00,0x03,0x00,0x00,0x00,0x04,0x00,0x00,0x00,0x05,0x00,0x00,0x00,
    0x06,0x00,0x00,0x00,0x07,0x00,0x00,0x00,0x08,0x00,0x00,0x00,0x09,0x00,0x00,0x00,0x0a,0x00,0x00,0x00,0x0b,0x00,0x00,0x00,
    0x0c,0x00,0x00,0x00,0x0d,0x00,0x00,0x00,0x10,0x00,0x00,0x00,0x00,0x00,0x00,0x00,0x00,0x00,0x00,0x00,0x01,0x00,0x44,0x03,
    0x03,0x04,0x00,0x00,0x01,0x00,0x00,0x00,0x00,0x00,0x00,0x00,0x01,0x01,0x44,0x00,0x03,0x02,0x00,0x00,0x0a,0x00,0x00,0x00,
    0x01,0x00,0x00,0x00,0x01,0x02,0x44,0x00,0x03,0x02,0x00,0x00,0x13,0x00,0x00,0x00,0x02,0x00,0x00,0x00,0x01,0x03,0x44,0x00,
    0x03,0x01,0x00,0x00,0x1c,0x00,0x00,0x00,0x03,0x00,0x00,0x00,0x01,0x04,0x44,0x00,0x03,0x01,0x00,0x00,0x25,0x00,0x00,0x00,
    0x04,0x00,0x00,0x00,0x01,0x05,0x44,0x00,0x03,0x02,0x00,0x00,0x2e,0x00,0x00,0x00,0x05,0x00,0x00,0x00,0x01,0x06,0x44,0x00,
    0x03,0x02,0x00,0x00,0x37,0x00,0x00,0x00,0x06,0x00,0x00,0x00,0x01,0x07,0x44,0x00,0x03,0x02,0x00,0x00,0x40,0x00,0x00,0x00,
    0x07,0x00,0x00,0x00,0x01,0x08,0x44,0x00,0x03,0x02,0x00,0x00,0x49,0x00,0x00,0x00,0x08,0x00,0x00,0x00,0x01,0x09,0x44,0x00,
    0x03,0x02,0x00,0x00,0x52,0x00,0x00,0x00,0x09,0x00,0x00,0x00,0x01,0x0a,0x44,0x00,0x03,0x02,0x00,0x00,0x5b,0x00,0x00,0x00,
    0x0a,0x00,0x00,0x00,0x01,0x0b,0x44,0x00,0x03,0x02,0x00,0x00,0x64,0x00,0x00,0x00,0x0b,0x00,0x00,0x00,0x01,0x0c,0x44,0x00,
    0x03,0x02,0x00,0x00,0x6d,0x00,0x00,0x00,0x0c,0x00,0x00,0x00,0x01,0x0d,0x44,0x00,0x03,0x02,0x00,0x00,0x76,0x00,0x00,0x00,
    0x0d,0x00,0x00,0x00,0x01,0x0e,0x42,0x00,0x03,0x02,0x00,0x00,0x00,0x00,0x00,0x00,0x00,0x00,0x00,0x00,0x01,0x00,0x44,0x10,
    0x03,0x00,0x00,0x00,0x00,0x00,0x00,0x00,0x00,0x00,0x00,0x00,0x00,0x00,0x00,0x00,0x08,0x00,0x00,0x00,0x0f,0x00,0x00,0x00,
    0x0f,0x00,0x00,0x00,0x0f,0x00,0x00,0x00,0x0f,0x00,0x00,0x00,0x0f,0x00,0x00,0x00,0x0f,0x00,0x00,0x00,0x0f,0x00,0x00,0x00,
    0x0f,0x00,0x00,0x00,0x0f,0x00,0x00,0x00,0x0f,0x00,0x00,0x00,0x0f,0x00,0x00,0x00,0x0f,0x00,0x00,0x00,0x0f,0x00,0x00,0x00,
    0x0f,0x00,0x00,0x00,0x0f,0x00,0x00,0x00,0x0f,0x00,0x00,0x00,0x0f,0x00,0x00,0x00,0x0f,0x00,0x00,0x00,0x0f,0x00,0x00,0x00,
    0x0f,0x00,0x00,0x00,0x0f,0x00,0x00,0x00,0x0f,0x00,0x00,0x00,0x0f,0x00,0x00,0x00,0x0f,0x00,0x00,0x00,0x0f,0x00,0x00,0x00,
    0x0f,0x00,0x00,0x00,0x0f,0x00,0x00,0x00,0x0f,0x00,0x00,0x00,0x0f,0x00,0x00,0x00,0x0f,0x00,0x00,0x00,0x0f,0x00,0x00,0x00,
    0x0f,0x00,0x00,0x00,0x0f,0x00,0x00,0x00,0x0f,0x00,0x00,0x00,0x0f,0x00,0x00,0x00,0x0f,0x00,0x00,0x00,0x0f,0x00,0x00,0x00,
    0x0f,0x00,0x00,0x00,0x0f,0x00,0x00,0x00,0x0f,0x00,0x00,0x00,0x0f,0x00,0x00,0x00,0x0f,0x00,0x00,0x00,0x0f,0x00,0x00,0x00,
    0x0f,0x00,0x00,0x00,0x0f,0x00,0x00,0x00,0x0f,0x00,0x00,0x00,0x0f,0x00,0x00,0x00,0x0f,0x00,0x00,0x00,0x0f,0x00,0x00,0x00,
    0x00,0x00,0x00,0x00,0x07,0x00,0x00,0x00,0x07,0x00,0x00,0x00,0x08,0x00,0x00,0x00,0x08,0x00,0x00,0x00,0x00,0x00,0x00,0x00,
    0x00,0x00,0x00,0x00,0x48,0x41,0x53,0x48,0x14,0x00,0x00,0x00,0x00,0x00,0x00,0x00,0xc1,0x18,0xab,0x78,0xe7,0xbb,0x8c,0x15,
    0x5a,0x84,0xa1,0xa6,0xc8,0x2c,0x2c,0x2d,0x44,0x58,0x49,0x4c,0x80,0x8b,0x00,0x00,0x60,0x00,0x00,0x00,0xe0,0x22,0x00,0x00,
    0x44,0x58,0x49,0x4c,0x00,0x01,0x00,0x00,0x10,0x00,0x00,0x00,0x68,0x8b,0x00,0x00,0x42,0x43,0xc0,0xde,0x21,0x0c,0x00,0x00,
    0xd7,0x22,0x00,0x00,0x0b,0x82,0x20,0x00,0x02,0x00,0x00,0x00,0x13,0x00,0x00,0x00,0x07,0x81,0x23,0x91,0x41,0xc8,0x04,0x49,
    0x06,0x10,0x32,0x39,0x92,0x01,0x84,0x0c,0x25,0x05,0x08,0x19,0x1e,0x04,0x8b,0x62,0x80,0x1c,0x45,0x02,0x42,0x92,0x0b,0x42,
    0xe4,0x10,0x32,0x14,0x38,0x08,0x18,0x4b,0x0a,0x32,0x72,0x88,0x48,0x90,0x14,0x20,0x43,0x46,0x88,0xa5,0x00,0x19,0x32,0x42,
    0xe4,0x48,0x0e,0x90,0x91,0x23,0xc4,0x50,0x41,0x51,0x81,0x8c,0xe1,0x83,0xe5,0x8a,0x04,0x39,0x46,0x06,0x51,0x18,0x00,0x00,
    0x08,0x00,0x00,0x00,0x1b,0x8c,0xe0,0xff,0xff,0xff,0xff,0x07,0x40,0x02,0xa8,0x0d,0x84,0xf0,0xff,0xff,0xff,0xff,0x03,0x20,
    0x6d,0x30,0x86,0xff,0xff,0xff,0xff,0x1f,0x00,0x09,0xa8,0x00,0x49,0x18,0x00,0x00,0x03,0x00,0x00,0x00,0x13,0x82,0x60,0x42,
    0x20,0x4c,0x08,0x06,0x00,0x00,0x00,0x00,0x89,0x20,0x00,0x00,0xa5,0x00,0x00,0x00,0x32,0x22,0xc8,0x09,0x20,0x64,0x85,0x04,
    0x93,0x23,0xa4,0x84,0x04,0x93,0x23,0xe3,0x84,0xa1,0x90,0x14,0x12,0x4c,0x8e,0x8c,0x0b,0x84,0xe4,0x4c,0x10,0x84,0xc2,0x08,
    0x40,0x09,0x00,0x14,0x98,0x01,0x98,0x23,0x00,0x83,0x39,0x02,0xa4,0x18,0x03,0x02,0x81,0x50,0x20,0x90,0xa1,0x18,0x00,0x02,
    0x81,0x50,0x18,0x10,0x62,0x8e,0x20,0x28,0x03,0x80,0xa0,0xa0,0x45,0x21,0x06,0x84,0xc1,0x80,0x1a,0x65,0x18,0x10,0x06,0xf4,
    0x28,0xc6,0x80,0x30,0x18,0x0c,0x06,0x14,0xb9,0x69,0xb8,0xfc,0x09,0x7b,0x08,0xc9,0x5f,0x09,0x69,0x25,0x26,0xbf,0xb8,0x6d,
    0x54,0x0c,0x06,0x83,0x01,0x81,0x0a,0xf7,0x0c,0x97,0x3f,0x61,0x0f,0x21,0xf9,0x21,0xd0,0x0c,0x0b,0x81,0x02,0x4a,0x69,0x26,
    0x84,0x4a,0x65,0x30,0x18,0x0c,0x08,0x04,0xc2,0x60,0x40,0x96,0xc2,0x4c,0x08,0x95,0xca,0x60,0x30,0x18,0x10,0x08,0x84,0x01,
    0x61,0x6e,0x1a,0x2e,0x7f,0xc2,0x1e,0x42,0xf2,0x3b,0x84,0x21,0x1a,0x09,0x71,0x1a,0x09,0x11,0x04,0x02,0x81,0x50,0x08,0x0d,
    0xa1,0x42,0xa0,0x4d,0x21,0x08,0x04,0x02,0x81,0x3a,0x05,0x19,0x10,0x2a,0x95,0xc1,0x60,0xa0,0xa0,0x4f,0x51,0x26,0x84,0x0a,
    0x81,0x40,0x20,0x10,0x08,0x04,0x0a,0x15,0x69,0x42,0xa8,0x54,0x06,0x83,0xc1,0x80,0x40,0x20,0x0c,0x06,0x83,0xc1,0x60,0x30,
    0xa0,0x51,0x41,0x06,0x84,0xc1,0x60,0x30,0x18,0x0c,0xa8,0x74,0xd4,0x70,0xf9,0x13,0xf6,0x10,0x92,0xcf,0x6d,0x54,0xb1,0x12,
    0x93,0x5f,0xdc,0x36,0x22,0x06,0x83,0xc1,0xa0,0x10,0x27,0x42,0x85,0x40,0xa8,0x62,0x54,0x08,0x05,0x02,0x41,0x41,0xaa,0x81,
    0x80,0x61,0x04,0x62,0x98,0xa9,0x0d,0xc6,0x81,0x1d,0xc2,0x61,0x1e,0xe6,0xc1,0x0d,0x68,0xa1,0x1c,0xf0,0x81,0x1e,0xea,0x41,
    0x1e,0xca,0x41,0x0e,0x48,0x81,0x0f,0xec,0xa1,0x1c,0xc6,0x81,0x1e,0xde,0x41,0x1e,0xf8,0xc0,0x1c,0xd8,0xe1,0x1d,0xc2,0x81,
    0x1e,0xd8,0x00,0x0c,0xe8,0xc0,0x0f,0xc0,0xc0,0x0f,0xf4,0x40,0x0f,0xda,0x21,0x1d,0xe0,0x61,0x1e,0x7e,0x81,0x1e,0xf2,0x01,
    0x1e,0xca,0x01,0x05,0x84,0x99,0xc4,0x60,0x1c,0xd8,0x21,0x1c,0xe6,0x61,0x1e,0xdc,0x80,0x16,0xca,0x01,0x1f,0xe8,0xa1,0x1e,
    0xe4,0xa1,0x1c,0xe4,0x80,0x14,0xf8,0xc0,0x1e,0xca,0x61,0x1c,0xe8,0xe1,0x1d,0xe4,0x81,0x0f,0xcc,0x81,0x1d,0xde,0x21,0x1c,
    0xe8,0x81,0x0d,0xc0,0x80,0x0e,0xfc,0x00,0x0c,0xfc,0x00,0x09,0x2d,0x17,0xbd,0x66,0x22,0x83,0x71,0x60,0x87,0x70,0x98,0x87,
    0x79,0x70,0x03,0x5a,0x28,0x07,0x7c,0xa0,0x87,0x7a,0x90,0x87,0x72,0x18,0x85,0x7a,0x10,0x87,0x72,0xe0,0x03,0x7b,0x28,0x87,
    0x71,0xa0,0x87,0x77,0x90,0x07,0x3e,0x30,0x07,0x76,0x78,0x87,0x70,0xa0,0x07,0x36,0x00,0x03,0x3a,0xf0,0x03,0x30,0xf0,0x03,
    0x14,0xb4,0x28,0x36,0x53,0x1b,0x8c,0x03,0x3b,0x84,0xc3,0x3c,0xcc,0x83,0x1b,0xd0,0x42,0x39,0xe0,0x03,0x3d,0xd4,0x83,0x3c,
    0x94,0xc3,0x1c,0x90,0x02,0x1f,0xd8,0x43,0x39,0x8c,0x03,0x3d,0xbc,0x83,0x3c,0xf0,0x81,0x39,0xb0,0xc3,0x3b,0x84,0x03,0x3d,
    0xb0,0x01,0x18,0xd0,0x81,0x1f,0x80,0x81,0x1f,0xe8,0x81,0x1e,0xb4,0x43,0x3a,0xc0,0xc3,0x3c,0xfc,0x02,0x3d,0xe4,0x03,0x3c,
    0x94,0x03,0x0a,0x08,0x33,0x89,0xc1,0x38,0xb0,0x43,0x38,0xcc,0xc3,0x3c,0xb8,0x01,0x2d,0x94,0x03,0x3e,0xd0,0x43,0x3d,0xc8,
    0x43,0x39,0xcc,0x01,0x29,0xf0,0x81,0x3d,0x94,0xc3,0x38,0xd0,0xc3,0x3b,0xc8,0x03,0x1f,0x98,0x03,0x3b,0xbc,0x43,0x38,0xd0,
    0x03,0x1b,0x80,0x01,0x1d,0xf8,0x01,0x18,0xf8,0x01,0x12,0x5a,0x33,0xa2,0x25,0x45,0xeb,0x16,0x8e,0xfc,0x22,0xc0,0x60,0x88,
    0x66,0xa2,0x51,0x60,0xa3,0x5b,0x42,0xb4,0xb2,0xa0,0x75,0x0b,0x47,0x7e,0x11,0x60,0x30,0x44,0x33,0xd5,0xa8,0xc8,0xe5,0x74,
    0xb9,0x1c,0xed,0x6e,0x92,0xa6,0x88,0x12,0x26,0x9f,0x05,0x98,0x67,0x21,0x22,0x76,0x02,0x26,0x02,0x05,0x04,0xea,0x25,0x0f,
    0x61,0x0a,0x00,0x00,0x13,0x14,0x72,0xc0,0x87,0x74,0x60,0x87,0x36,0x68,0x87,0x79,0x68,0x03,0x72,0xc0,0x87,0x0d,0xaf,0x50,
    0x0e,0x6d,0xd0,0x0e,0x7a,0x50,0x0e,0x6d,0x00,0x0f,0x7a,0x30,0x07,0x72,0xa0,0x07,0x73,0x20,0x07,0x6d,0x90,0x0e,0x71,0xa0,
    0x07,0x73,0x20,0x07,0x6d,0x90,0x0e,0x78,0xa0,0x07,0x73,0x20,0x07,0x6d,0x90,0x0e,0x71,0x60,0x07,0x7a,0x30,0x07,0x72,0xd0,
    0x06,0xe9,0x30,0x07,0x72,0xa0,0x07,0x73,0x20,0x07,0x6d,0x90,0x0e,0x76,0x40,0x07,0x7a,0x60,0x07,0x74,0xd0,0x06,0xe6,0x10,
    0x07,0x76,0xa0,0x07,0x73,0x20,0x07,0x6d,0x60,0x0e,0x73,0x20,0x07,0x7a,0x30,0x07,0x72,0xd0,0x06,0xe6,0x60,0x07,0x74,0xa0,
    0x07,0x76,0x40,0x07,0x6d,0xe0,0x0e,0x78,0xa0,0x07,0x71,0x60,0x07,0x7a,0x30,0x07,0x72,0xa0,0x07,0x76,0x40,0x07,0x43,0x9e,
    0x00,0x00,0x00,0x00,0x00,0x00,0x00,0x00,0x00,0x00,0x00,0x86,0x3c,0x06,0x10,0x00,0x01,0x00,0x00,0x00,0x00,0x00,0x00,0x00,
    0x0c,0x79,0x10,0x20,0x00,0x04,0x00,0x00,0x00,0x00,0x00,0x00,0x00,0x18,0xf2,0x2c,0x40,0x00,0x08,0x00,0x00,0x00,0x00,0x00,
    0x00,0x00,0x30,0xe4,0x69,0x80,0x00,0x08,0x00,0x00,0x00,0x00,0x00,0x00,0x00,0x60,0xc8,0xf3,0x00,0x01,0x10,0x00,0x00,0x00,
    0x00,0x00,0x00,0x00,0xc0,0x90,0x27,0x02,0x02,0x20,0x00,0x00,0x00,0x00,0x00,0x00,0x00,0x80,0x21,0x8f,0x05,0x04,0xc0,0x00,
    0x00,0x00,0x00,0x00,0x00,0x00,0x00,0x43,0x1e,0x0c,0x08,0x80,0x01,0x00,0x00,0x00,0x00,0x00,0x00,0x00,0x86,0x3c,0x1b,0x10,
    0x00,0x03,0x00,0x00,0x00,0x00,0x00,0x00,0x00,0x0c,0x79,0x3a,0x20,0x00,0x02,0x00,0x00,0x00,0x00,0x00,0x00,0x00,0x18,0xf2,
    0x7c,0x40,0x00,0x0c,0x00,0x00,0x00,0x00,0x00,0x00,0x00,0x30,0xe4,0x09,0x03,0x20,0x00,0x06,0x00,0x00,0x00,0x00,0x00,0x00,
    0x00,0x18,0xf2,0x8c,0x01,0x10,0x00,0x03,0x00,0x00,0x00,0x00,0x00,0x00,0x00,0x0c,0x79,0xca,0x00,0x08,0x80,0x00,0x00,0x00,
    0x00,0x00,0x00,0x00,0x00,0x86,0x3c,0x68,0x00,0x04,0xc0,0x00,0x00,0x00,0x00,0x00,0x00,0x00,0x00,0x43,0x1e,0x35,0x00,0x02,
    0x60,0x00,0x00,0x00,0x00,0x00,0x00,0x00,0x80,0x2c,0x10,0x00,0x21,0x00,0x00,0x00,0x32,0x1e,0x98,0x18,0x19,0x11,0x4c,0x90,
    0x8c,0x09,0x26,0x47,0xc6,0x04,0x43,0x22,0x94,0xc0,0x08,0x40,0x41,0x14,0x43,0x11,0x94,0x44,0x19,0x14,0x42,0x29,0x94,0x43,
    0x51,0x94,0x45,0x61,0x94,0x46,0x71,0x94,0x47,0x01,0x16,0x14,0x68,0x04,0x15,0x4a,0xa2,0x0c,0x0a,0x61,0x04,0xa0,0x08,0x4a,
    0xa0,0x40,0x08,0x36,0x03,0x40,0xb2,0x19,0x00,0xaa,0xcd,0x00,0x10,0x6e,0x06,0x80,0x78,0x33,0x00,0xe4,0x9b,0x01,0xa0,0xdf,
    0x58,0x7c,0xa0,0x07,0x04,0x00,0x00,0xc8,0xf3,0x3c,0xcf,0xf3,0x3c,0xcf,0xf3,0x3c,0xcf,0xf3,0x3c,0xcf,0xf3,0x3c,0xcf,0xf3,
    0x3c,0xcf,0xf3,0x3c,0xcf,0xf3,0x3c,0xcf,0xf3,0x3c,0xcf,0xf3,0x3c,0xcf,0xf3,0x3c,0xcf,0xf3,0x3c,0xcf,0x03,0x1c,0x07,0x82,
    0x00,0x00,0x00,0x00,0x79,0x18,0x00,0x00,0x24,0x01,0x00,0x00,0x1a,0x03,0x4c,0x90,0x46,0x02,0x13,0xc4,0x31,0x20,0xc3,0x1b,
    0x43,0x81,0x93,0x4b,0xb3,0x0b,0xa3,0x2b,0x4b,0x01,0x89,0x71,0xc1,0x71,0x81,0x71,0xa1,0xb9,0x99,0xc9,0x01,0x41,0x21,0xcb,
    0x09,0xab,0x29,0xcb,0xb9,0x21,0x83,0x49,0xd9,0x10,0x04,0x13,0x04,0x22,0x9a,0x20,0x10,0xd2,0x06,0x61,0x20,0x26,0x08,0xc4,
    0xb4,0x41,0x18,0x0c,0x0a,0x70,0x73,0x13,0x04,0x82,0xda,0x30,0x20,0x09,0x31,0x41,0x80,0x03,0x35,0x20,0x30,0x41,0x20,0xaa,
    0x09,0x02,0x61,0x6d,0x10,0x08,0x67,0x43,0x42,0x2c,0x4c,0x43,0x0c,0x0d,0xf1,0x6c,0x48,0x86,0x85,0x69,0x86,0xa1,0x21,0x9e,
    0x0d,0x49,0xb3,0x30,0x4d,0x33,0x34,0xc4,0x33,0x41,0x20,0xae,0x0d,0xc9,0xb4,0x30,0xcd,0x34,0x34,0xc4,0x33,0x41,0x20,0xb0,
    0x09,0x82,0x1c,0xac,0xc1,0x04,0x81,0xc8,0x36,0x24,0x95,0xc5,0x34,0xd5,0x70,0x11,0xcf,0x86,0xe4,0xb2,0x98,0xe6,0x1a,0x2e,
    0xe2,0xd9,0x90,0x24,0x16,0xd3,0x24,0xc3,0x45,0x3c,0x13,0x04,0x42,0xdb,0x90,0x6c,0x16,0xd3,0x6c,0xc3,0x45,0x3c,0x1b,0x12,
    0xc3,0x62,0x1a,0x63,0xb8,0x88,0x67,0x43,0xe2,0x58,0x4c,0xe3,0x0c,0x17,0xf1,0x4c,0x10,0x88,0x6d,0x43,0xf2,0x59,0x4c,0xf3,
    0x0d,0x17,0xf1,0x4c,0x10,0x08,0x6e,0x43,0x12,0x06,0x16,0xd3,0x84,0xc1,0x70,0x11,0xcf,0x04,0x81,0xe8,0x26,0x08,0x75,0xc0,
    0x06,0x1b,0x92,0x31,0x20,0x03,0xa6,0x19,0x83,0xa1,0x22,0x9e,0x09,0x02,0xe1,0x6d,0x48,0xcc,0x80,0x0c,0x98,0xc6,0x0c,0x86,
    0x8a,0x78,0x26,0x08,0xc4,0xb7,0x21,0x41,0x03,0x32,0x60,0x1a,0x34,0x18,0x2a,0xe2,0x99,0x20,0x10,0x60,0xb0,0x21,0x51,0x03,
    0x32,0x60,0x1a,0x35,0x18,0x2a,0xe2,0xd9,0x00,0x41,0x91,0x44,0x61,0x99,0xc6,0x75,0x1e,0x18,0x88,0x41,0x19,0x9c,0x41,0x1a,
    0xac,0xc1,0x04,0x01,0x0f,0xda,0x60,0x82,0x40,0x84,0xc1,0x06,0x84,0x68,0x03,0x66,0x22,0x06,0x37,0x00,0x26,0x08,0x7c,0xe0,
    0x06,0x13,0x04,0x42,0x0c,0x36,0x20,0x03,0x1c,0x30,0xd3,0x30,0xc4,0x01,0xb0,0x41,0x78,0x03,0x39,0x98,0x20,0xf8,0xc1,0x1b,
    0x6c,0x40,0x08,0x3a,0x60,0x1a,0x62,0x20,0x80,0x0d,0xc8,0x40,0x07,0x4c,0x33,0x0c,0x04,0xb0,0x01,0x69,0xe8,0x80,0x69,0x9a,
    0x81,0x00,0x36,0x20,0x13,0x1d,0x30,0xcd,0x34,0x10,0xc0,0x06,0xa4,0xa2,0x03,0xa6,0xa9,0x06,0x02,0xd8,0x80,0x5c,0x74,0xc0,
    0x34,0xd7,0x40,0x00,0x1b,0x90,0x84,0x0e,0x98,0x26,0x19,0x08,0x60,0x03,0xb2,0xd1,0x01,0xd3,0x6c,0x03,0x01,0x6c,0x40,0x0c,
    0x3a,0x60,0x1a,0x63,0x20,0x80,0x0d,0x88,0x43,0x07,0x4c,0xe3,0x0c,0x04,0xb0,0x01,0xf9,0xe8,0x80,0x69,0xbe,0x81,0x00,0x36,
    0x20,0x61,0x40,0x07,0x4c,0x13,0x06,0x03,0x01,0x6c,0x40,0xc6,0x80,0x0e,0x98,0x66,0x0c,0x06,0x02,0xd8,0x80,0x98,0x01,0x1d,
    0x30,0x8d,0x19,0x0c,0x04,0xb0,0x01,0x41,0x03,0x3a,0x60,0x1a,0x34,0x18,0x08,0x60,0x03,0xa2,0x06,0x74,0xc0,0x34,0x6a,0x30,
    0x10,0xc0,0x06,0xa8,0x0e,0xec,0xe0,0x0e,0xf0,0x20,0x0f,0xf4,0x60,0x0f,0xf8,0xa0,0x0f,0xfc,0xe0,0x0f,0x40,0x21,0x14,0x44,
    0x61,0x14,0x48,0x61,0x03,0xc1,0x06,0xc0,0x1c,0x94,0xc2,0x04,0xe1,0x0f,0xe0,0x60,0x43,0x70,0x0a,0x13,0x04,0x01,0x20,0xd1,
    0x16,0x96,0xe6,0xc6,0x65,0xca,0xea,0x0b,0xea,0x6d,0x2e,0x8d,0x2e,0xed,0xcd,0x6d,0x82,0x50,0x8c,0xc1,0x04,0xa1,0x20,0x83,
    0x0d,0x01,0x31,0x41,0x28,0xca,0x60,0x82,0x50,0x98,0xc1,0x06,0x61,0x32,0x36,0x2c,0xc4,0x2a,0xb0,0x42,0x2b,0xb8,0xc2,0x2b,
    0x0c,0xaf,0x40,0xc0,0x42,0x2c,0x10,0xa1,0x2a,0xc2,0x1a,0x7a,0x7a,0x92,0x22,0x9a,0x20,0x14,0x67,0xb0,0x41,0x98,0xd4,0x60,
    0xc3,0x32,0xcc,0x02,0x2b,0xc0,0x82,0x2b,0xd0,0xc2,0xf0,0x0a,0x03,0x2c,0xd4,0xc2,0x86,0x60,0xd8,0xb0,0x34,0xb3,0xc0,0x0a,
    0xb0,0x70,0x0b,0xb4,0x30,0xbc,0x42,0x03,0x0b,0xb5,0xb0,0x21,0x68,0x26,0x08,0x05,0x1a,0x6c,0x58,0xa6,0x59,0x60,0x05,0x58,
    0xc8,0x05,0x5d,0x18,0x5e,0x61,0x82,0x85,0x5a,0xd8,0x10,0x4c,0x1b,0x96,0x6a,0x16,0x58,0x01,0x16,0x78,0x41,0x17,0x86,0x57,
    0xa8,0x60,0xa1,0x16,0x36,0x04,0xd5,0x86,0xe5,0x9a,0x05,0x56,0x80,0x05,0x5f,0xa0,0x85,0xe1,0x15,0x2e,0x58,0xa8,0x85,0x0d,
    0xc1,0xb5,0x61,0x49,0x66,0x81,0x15,0x60,0x01,0x1c,0x68,0x61,0x78,0x85,0x04,0x16,0x6a,0x61,0x43,0x90,0x6c,0x58,0xb6,0x59,
    0x60,0x05,0x58,0x10,0x07,0x5a,0x18,0x5e,0x61,0x83,0x85,0x5a,0xd8,0x10,0x6c,0x1b,0x16,0x63,0x16,0x58,0x01,0x16,0xc8,0x81,
    0x16,0x86,0x57,0x30,0x60,0xa1,0x16,0x36,0x04,0xc6,0x86,0xc5,0x99,0x05,0x56,0x80,0x05,0x73,0xa0,0x85,0xe1,0x15,0x1c,0x58,
    0xa8,0x85,0x0d,0x81,0xb3,0x61,0xf9,0x66,0x81,0x15,0x60,0x01,0x1d,0x68,0x61,0x78,0x85,0x0f,0x16,0x6a,0x61,0x43,0xf0,0x6d,
    0x58,0xc2,0x60,0x16,0x58,0x01,0x16,0xd4,0x81,0x16,0x86,0x57,0x08,0x03,0x58,0xa8,0x85,0x0d,0x41,0x18,0x6c,0x58,0xc6,0x60,
    0x16,0x58,0x01,0x16,0xd8,0x81,0x16,0x86,0x57,0x18,0x03,0x58,0xa8,0x85,0x0d,0xc1,0x18,0x6c,0x10,0x26,0x33,0xd8,0xb0,0x98,
    0xc1,0x2c,0xb0,0x02,0x2c,0xb8,0x03,0x2d,0x0c,0xaf,0x60,0x06,0xb0,0xf0,0x0e,0x1b,0x02,0x33,0xd8,0x20,0x4c,0xd3,0x86,0x05,
    0x0d,0x66,0x81,0x15,0x60,0x21,0x1e,0x68,0x61,0xa0,0x05,0x34,0x80,0x05,0x79,0xd8,0xf0,0xc8,0x82,0x2d,0xe0,0xc2,0x2e,0xf4,
    0xc2,0x2f,0x84,0xc3,0x38,0x94,0xc3,0x39,0xa4,0xc3,0x3a,0xb4,0x03,0x3c,0xcc,0x03,0x93,0x29,0xab,0x2f,0xaa,0x30,0xb9,0xb3,
    0x32,0xba,0x09,0x42,0x91,0x06,0x1b,0x16,0xa2,0x1e,0x58,0xc1,0x1e,0x5c,0x01,0x16,0x86,0x57,0x20,0x60,0xa1,0x16,0x36,0x04,
    0xf7,0xb0,0x61,0xa0,0x07,0x7c,0x00,0x36,0x14,0xa9,0xa0,0x0a,0xf9,0x60,0x0a,0x00,0x31,0x36,0x36,0xbb,0x36,0x17,0xb6,0xb7,
    0x37,0x38,0x97,0x3a,0x37,0xb9,0x37,0x36,0x36,0x17,0xb2,0xb4,0xb9,0x30,0x31,0xb6,0xb2,0x0d,0xc1,0x3e,0xac,0x10,0xfa,0x81,
    0x1f,0x56,0x08,0xfe,0xc0,0x0f,0x2b,0x84,0x7f,0xe0,0x87,0x15,0x02,0x48,0xf0,0xc3,0x0a,0x21,0x24,0xf8,0x61,0x85,0x20,0x12,
    0xfc,0xb0,0x42,0x18,0x09,0x7e,0x58,0x21,0x90,0x04,0x3f,0xac,0x10,0x4a,0x82,0x1f,0x56,0x08,0x26,0xc1,0x0f,0x2b,0x84,0x93,
    0xe0,0x87,0x15,0x02,0x4a,0xf0,0xc3,0x0a,0x21,0x25,0xf8,0xa1,0x0a,0x1b,0x9b,0x5d,0x9b,0x4b,0x1a,0x59,0x99,0x1b,0xdd,0x94,
    0x20,0xa8,0x42,0x86,0xe7,0x62,0x57,0x26,0x37,0x97,0xf6,0xe6,0x36,0x25,0x20,0x9a,0x90,0xe1,0xb9,0xd8,0x85,0xb1,0xd9,0x95,
    0xc9,0x4d,0x09,0x8c,0x3a,0x64,0x78,0x2e,0x73,0x68,0x61,0x64,0x65,0x72,0x4d,0x6f,0x64,0x65,0x6c,0x53,0x82,0xa4,0x0c,0x19,
    0x9e,0x8b,0x5c,0xd9,0xdc,0x5b,0x9d,0xdc,0x58,0xd9,0xdc,0x94,0xa0,0x14,0xea,0x90,0xe1,0xb9,0xd8,0xa5,0x95,0xdd,0x25,0x91,
    0x4d,0xd1,0x85,0xd1,0x95,0x4d,0x09,0x4e,0xa1,0x0e,0x19,0x9e,0x4b,0x99,0x1b,0x9d,0x5c,0x1e,0xd4,0x5b,0x9a,0x1b,0xdd,0xdc,
    0x94,0x20,0x1f,0x00,0x79,0x18,0x00,0x00,0x55,0x00,0x00,0x00,0x33,0x08,0x80,0x1c,0xc4,0xe1,0x1c,0x66,0x14,0x01,0x3d,0x88,
    0x43,0x38,0x84,0xc3,0x8c,0x42,0x80,0x07,0x79,0x78,0x07,0x73,0x98,0x71,0x0c,0xe6,0x00,0x0f,0xed,0x10,0x0e,0xf4,0x80,0x0e,
    0x33,0x0c,0x42,0x1e,0xc2,0xc1,0x1d,0xce,0xa1,0x1c,0x66,0x30,0x05,0x3d,0x88,0x43,0x38,0x84,0x83,0x1b,0xcc,0x03,0x3d,0xc8,
    0x43,0x3d,0x8c,0x03,0x3d,0xcc,0x78,0x8c,0x74,0x70,0x07,0x7b,0x08,0x07,0x79,0x48,0x87,0x70,0x70,0x07,0x7a,0x70,0x03,0x76,
    0x78,0x87,0x70,0x20,0x87,0x19,0xcc,0x11,0x0e,0xec,0x90,0x0e,0xe1,0x30,0x0f,0x6e,0x30,0x0f,0xe3,0xf0,0x0e,0xf0,0x50,0x0e,
    0x33,0x10,0xc4,0x1d,0xde,0x21,0x1c,0xd8,0x21,0x1d,0xc2,0x61,0x1e,0x66,0x30,0x89,0x3b,0xbc,0x83,0x3b,0xd0,0x43,0x39,0xb4,
    0x03,0x3c,0xbc,0x83,0x3c,0x84,0x03,0x3b,0xcc,0xf0,0x14,0x76,0x60,0x07,0x7b,0x68,0x07,0x37,0x68,0x87,0x72,0x68,0x07,0x37,
    0x80,0x87,0x70,0x90,0x87,0x70,0x60,0x07,0x76,0x28,0x07,0x76,0xf8,0x05,0x76,0x78,0x87,0x77,0x80,0x87,0x5f,0x08,0x87,0x71,
    0x18,0x87,0x72,0x98,0x87,0x79,0x98,0x81,0x2c,0xee,0xf0,0x0e,0xee,0xe0,0x0e,0xf5,0xc0,0x0e,0xec,0x30,0x03,0x62,0xc8,0xa1,
    0x1c,0xe4,0xa1,0x1c,0xcc,0xa1,0x1c,0xe4,0xa1,0x1c,0xdc,0x61,0x1c,0xca,0x21,0x1c,0xc4,0x81,0x1d,0xca,0x61,0x06,0xd6,0x90,
    0x43,0x39,0xc8,0x43,0x39,0x98,0x43,0x39,0xc8,0x43,0x39,0xb8,0xc3,0x38,0x94,0x43,0x38,0x88,0x03,0x3b,0x94,0xc3,0x2f,0xbc,
    0x83,0x3c,0xfc,0x82,0x3b,0xd4,0x03,0x3b,0xb0,0xc3,0x0c,0xc4,0x21,0x07,0x7c,0x70,0x03,0x7a,0x28,0x87,0x76,0x80,0x87,0x19,
    0xca,0xc3,0x0e,0xec,0x60,0x0f,0xed,0xe0,0x06,0xec,0xf0,0x0e,0xef,0x00,0x0f,0x33,0x22,0x88,0x1c,0xf0,0xc1,0x0d,0xc8,0x41,
    0x1c,0xce,0xc1,0x0d,0xec,0x21,0x1c,0xe4,0x81,0x1d,0xc2,0x21,0x1f,0xde,0xa1,0x1e,0xe8,0x61,0x06,0x13,0x91,0x03,0x3e,0xb8,
    0x81,0x38,0xc8,0x43,0x39,0x84,0xc3,0x3a,0xb8,0x81,0x38,0xc8,0x03,0x00,0x00,0x00,0x71,0x20,0x00,0x00,0x42,0x00,0x00,0x00,
    0x46,0x00,0x0d,0x97,0xef,0x3c,0x7e,0x80,0x34,0x40,0x84,0xf9,0xc5,0x6d,0x9b,0x02,0x34,0x5c,0xbe,0xf3,0xf8,0x01,0xd2,0x00,
    0x11,0xe6,0x23,0xb7,0x6d,0x0b,0xd6,0x70,0xf9,0xce,0xe3,0x0b,0xc0,0x22,0x50,0x0b,0x30,0x11,0x25,0xda,0xf9,0xc5,0x6d,0xdb,
    0xc3,0x36,0x5c,0xbe,0xf3,0xf8,0x42,0x40,0x15,0x05,0x11,0x95,0x0e,0x30,0x94,0x84,0x01,0x08,0x98,0x5f,0xdc,0xb6,0x41,0x48,
    0xc3,0xe5,0x3b,0x8f,0x2f,0x44,0x04,0x30,0x11,0x21,0xd0,0x0c,0x0b,0x61,0x03,0xcd,0x70,0xf9,0xce,0xe3,0x0f,0x88,0x24,0x00,
    0xd1,0x60,0x06,0xce,0x70,0xf9,0xce,0xe3,0x0f,0xce,0x64,0xfb,0xc5,0x6d,0x9b,0x83,0x33,0x5c,0xbe,0xf3,0xf8,0x83,0x33,0xdd,
    0x7e,0x71,0xdb,0x96,0x30,0x0d,0x97,0xef,0x3c,0xbe,0x41,0x4c,0x1d,0xc2,0x10,0x8d,0x84,0x38,0x8d,0x64,0x01,0xd3,0x70,0xf9,
    0xce,0xe3,0x2f,0x0e,0x30,0x88,0xcd,0x43,0x4d,0x7e,0x71,0xdb,0x76,0x40,0x0d,0x97,0xef,0x3c,0xbe,0x04,0x30,0xcf,0x42,0x6c,
    0x08,0x20,0xf9,0xc5,0x6d,0x5b,0x03,0x35,0x5c,0xbe,0xf3,0xf8,0x12,0xc0,0x3c,0x0b,0x01,0x46,0xc0,0xe0,0x17,0xb7,0x6d,0x08,
    0xd5,0x70,0xf9,0xce,0xe3,0x4b,0x00,0xf3,0x2c,0x44,0x49,0x54,0xc4,0xe2,0x17,0xb7,0x6d,0x02,0xd5,0x70,0xf9,0xce,0xe3,0x4b,
    0x93,0x13,0x11,0x28,0x35,0x3d,0xd4,0xe4,0x17,0xb7,0x6d,0x0c,0xd5,0x70,0xf9,0xce,0xe3,0x4f,0xc4,0x35,0x51,0x11,0x51,0x3a,
    0xc0,0xe0,0x17,0xb7,0x6d,0x05,0xcf,0x70,0xf9,0xce,0xe3,0x53,0x0d,0x10,0x61,0x7e,0x71,0xdb,0x06,0x40,0x30,0x00,0xd2,0x00,
    0x61,0x20,0x00,0x00,0xc9,0x1f,0x00,0x00,0x13,0x04,0xae,0x16,0x0b,0x04,0x00,0x00,0x39,0x00,0x00,0x00,0xa4,0xa8,0x81,0x11,
    0x00,0x22,0x14,0x20,0x20,0x44,0x0d,0x12,0x14,0x20,0x20,0x60,0x40,0x01,0x02,0x02,0x22,0x14,0x20,0xa0,0x40,0xc9,0x94,0x5b,
    0x99,0x14,0x49,0xa9,0x95,0x58,0x09,0x06,0x14,0x5b,0x01,0x02,0x12,0x14,0x69,0x40,0xd1,0xcc,0x00,0x94,0x51,0x21,0x15,0x64,
    0x40,0x0d,0x94,0x5d,0x11,0x06,0x94,0x5c,0xd9,0x14,0x4b,0x29,0x15,0x53,0xe9,0x95,0x4f,0xc1,0x14,0x5f,0x81,0x94,0x69,0x40,
    0xa1,0x06,0x94,0x68,0x40,0xb9,0x14,0x50,0xa9,0x14,0x54,0x15,0x14,0x4e,0xf9,0x95,0x48,0x01,0x12,0x14,0x4a,0xf1,0x14,0xf8,
    0x40,0x01,0x06,0x14,0x20,0x4f,0x01,0x42,0xd0,0x60,0x8c,0x00,0x04,0x41,0x10,0xef,0xc6,0x08,0x40,0x10,0xf4,0xef,0x30,0x18,
    0x23,0xe8,0xfb,0x96,0xc5,0x75,0x61,0x8c,0x00,0x04,0x41,0x50,0x04,0x83,0x31,0x82,0x3d,0x56,0xe3,0xfd,0x17,0xc6,0x08,0x40,
    0x10,0x04,0xf1,0x5f,0x18,0x23,0x20,0x61,0x50,0xc4,0x7f,0x61,0x8c,0x40,0x44,0xc1,0x10,0x04,0x83,0x31,0x82,0x1b,0x6f,0xc7,
    0x96,0x17,0xc6,0x08,0x6e,0xbc,0x1d,0x5b,0x6e,0x8c,0xa0,0xef,0x5b,0x16,0xd7,0xc6,0x08,0x40,0x10,0x04,0x51,0x30,0x18,0x23,
    0x00,0x41,0x10,0x04,0xc1,0x60,0x8c,0x00,0x04,0x41,0x10,0xfe,0xc6,0x08,0x40,0x10,0x04,0xe1,0x5f,0x98,0x01,0x18,0x23,0x00,
    0x41,0x10,0xc4,0xbf,0x11,0x00,0x00,0x00,0x23,0x06,0x09,0x00,0x82,0x60,0xa0,0x06,0xe8,0xe0,0x06,0xb2,0x80,0x0b,0xb8,0x60,
    0x0a,0x23,0x06,0x09,0x00,0x82,0x60,0xa0,0x06,0xe9,0xf0,0x06,0xb3,0xa0,0x0b,0xba,0x70,0x0a,0x23,0x06,0x09,0x00,0x82,0x60,
    0xa0,0x06,0xea,0x00,0x07,0xb4,0xc0,0x0b,0xbc,0x80,0x0a,0x23,0x06,0x09,0x00,0x82,0x60,0xa0,0x06,0xeb,0x10,0x07,0xb5,0xe0,
    0x0b,0xbe,0x90,0x0a,0x23,0x06,0x09,0x00,0x82,0x60,0xa0,0x06,0xec,0x20,0x07,0xb6,0x00,0x0e,0xe0,0xa0,0x0a,0x23,0x06,0x09,
    0x00,0x82,0x60,0xa0,0x06,0xed,0x30,0x07,0xb7,0x20,0x0e,0xe2,0xb0,0x0a,0x23,0x06,0x09,0x00,0x82,0x60,0xa0,0x06,0xee,0x40,
    0x07,0xb8,0x80,0x0e,0xe8,0xc0,0x0a,0x23,0x06,0x09,0x00,0x82,0x60,0xa0,0x06,0xef,0x50,0x07,0xb9,0xc0,0x0e,0xec,0xd0,0x0a,
    0x23,0x06,0x09,0x00,0x82,0x60,0xa0,0x06,0xf0,0x60,0x07,0xba,0x60,0x0e,0xe6,0xe0,0x0a,0x23,0x06,0x09,0x00,0x82,0x60,0xa0,
    0x06,0xf1,0x70,0x07,0xbb,0xd0,0x0e,0xed,0xf0,0x0a,0x23,0x06,0x09,0x00,0x82,0x60,0xa0,0x06,0xf2,0x80,0x07,0xbc,0x90,0x0e,
    0xe9,0x00,0x0b,0x23,0x06,0x09,0x00,0x82,0x60,0xa0,0x06,0xf3,0x90,0x07,0xbd,0xb0,0x0e,0xeb,0x10,0x0b,0x23,0x06,0x09,0x00,
    0x82,0x60,0xa0,0x06,0xf4,0xa0,0x07,0xbe,0xd0,0x0e,0xed,0x20,0x0b,0x23,0x06,0x09,0x00,0x82,0x60,0xa0,0x06,0xf5,0xb0,0x07,
    0xbf,0x00,0x0f,0xf0,0x30,0x0b,0x23,0x06,0x09,0x00,0x82,0x60,0xa0,0x06,0xf6,0xc0,0x07,0xe0,0x50,0x0f,0xf5,0x40,0x0b,0x23,
    0x06,0x09,0x00,0x82,0x60,0xa0,0x06,0xf7,0xd0,0x07,0xe1,0x50,0x0f,0xf5,0x50,0x0b,0x23,0x06,0x09,0x00,0x82,0x60,0xa0,0x06,
    0xf8,0xe0,0x07,0xe4,0x80,0x0e,0xe8,0x60,0x0b,0x23,0x06,0x09,0x00,0x82,0x60,0xa0,0x06,0xf9,0xf0,0x07,0xe5,0xa0,0x0e,0xea,
    0x70,0x0b,0x23,0x06,0x09,0x00,0x82,0x60,0xa0,0x06,0xfa,0x00,0x0a,0xe6,0xc0,0x0e,0xec,0x80,0x0b,0x23,0x06,0x09,0x00,0x82,
    0x60,0xa0,0x06,0xfb,0x10,0x0a,0xe7,0xe0,0x0e,0xee,0x90,0x0b,0x23,0x06,0x09,0x00,0x82,0x60,0xa0,0x06,0xfc,0x20,0x0a,0xe8,
    0x00,0x0f,0xf0,0xa0,0x0b,0x23,0x06,0x09,0x00,0x82,0x60,0xa0,0x06,0xfd,0x30,0x0a,0xe9,0x20,0x0f,0xf2,0xb0,0x0b,0x23,0x06,
    0x09,0x00,0x82,0x60,0xa0,0x06,0xfe,0x40,0x0a,0xea,0x80,0x0f,0xf8,0xc0,0x0b,0x23,0x06,0x09,0x00,0x82,0x60,0xa0,0x06,0xff,
    0x50,0x0a,0xeb,0xc0,0x0f,0xfc,0xd0,0x0b,0x23,0x06,0x09,0x00,0x82,0x60,0xa0,0x06,0x20,0x61,0x0a,0xec,0x60,0x0f,0xf6,0xe0,
    0x0b,0x23,0x06,0x09,0x00,0x82,0x60,0xa0,0x06,0x21,0x71,0x0a,0xed,0xd0,0x0f,0xfd,0xf0,0x0b,0x23,0x06,0x09,0x00,0x82,0x60,
    0xa0,0x06,0x22,0x81,0x0a,0xee,0x90,0x0f,0xf9,0x00,0x0e,0x23,0x06,0x09,0x00,0x82,0x60,0xa0,0x06,0x23,0x91,0x0a,0xef,0xb0,
    0x0f,0xfb,0x10,0x0e,0x23,0x06,0x09,0x00,0x82,0x60,0xa0,0x06,0x24,0xa1,0x0a,0xf0,0xd0,0x0f,0xfd,0x20,0x0e,0x23,0x06,0x09,
    0x00,0x82,0x60,0xa0,0x06,0x25,0xb1,0x0a,0xf1,0x00,0x12,0x20,0x31,0x0e,0x23,0x06,0x09,0x00,0x82,0x60,0xa0,0x06,0x26,0xc1,
    0x0a,0xf2,0x50,0x12,0x25,0x41,0x0e,0x23,0x06,0x09,0x00,0x82,0x60,0xa0,0x06,0x27,0xd1,0x0a,0xf3,0x50,0x12,0x25,0x51,0x0e,
    0x23,0x06,0x09,0x00,0x82,0x60,0xa0,0x06,0x28,0xe1,0x0a,0xf1,0x70,0x12,0x27,0x61,0x0e,0x23,0x06,0x09,0x00,0x82,0x60,0xa0,
    0x06,0x29,0xf1,0x0a,0xf2,0x70,0x12,0x27,0x71,0x0e,0x23,0x06,0x09,0x00,0x82,0x60,0x60,0xe4,0x84,0x48,0xf0,0x03,0x4a,0xd0,
    0xc3,0x2d,0x8c,0x18,0x24,0x00,0x08,0x82,0x81,0xa1,0x13,0x23,0xd1,0x0f,0x29,0x41,0x0f,0xb8,0x30,0x62,0x90,0x00,0x20,0x08,
    0x06,0xc6,0x4e,0x90,0x84,0x3f,0xa8,0x04,0x3e,0xe4,0xc2,0x88,0x41,0x02,0x80,0x20,0x18,0x18,0x3c,0x51,0x12,0x20,0xb1,0x12,
    0xf7,0xa0,0x0b,0x23,0x06,0x09,0x00,0x82,0x60,0x60,0xf4,0x84,0x49,0x84,0x04,0x4b,0xd8,0xc3,0x2e,0x8c,0x18,0x24,0x00,0x08,
    0x82,0x81,0xe1,0x13,0x27,0x21,0x12,0x2d,0x81,0x0f,0xbc,0x30,0x62,0x90,0x00,0x20,0x08,0x06,0xc6,0x4f,0xa0,0xc4,0x48,0xb8,
    0x04,0x3f,0xf4,0xc2,0x88,0x41,0x02,0x80,0x20,0x18,0x18,0x60,0x91,0x12,0x25,0xf1,0x12,0xfb,0xe0,0x0b,0x23,0x06,0x09,0x00,
    0x82,0x60,0x60,0x84,0x85,0x4a,0x98,0x04,0x4c,0xe8,0xc3,0x2f,0x8c,0x18,0x24,0x00,0x08,0x82,0x81,0x21,0x16,0x2b,0x71,0x12,
    0x31,0xc1,0x0f,0xe0,0x30,0x62,0x90,0x00,0x20,0x08,0x06,0xc6,0x58,0xb0,0x04,0x4a,0xc8,0x04,0x48,0x84,0xc3,0x88,0x41,0x02,
    0x80,0x20,0x18,0x18,0x64,0xd1,0x12,0x2a,0x31,0x13,0xff,0x20,0x0e,0x23,0x06,0x09,0x00,0x82,0x60,0x60,0x94,0x85,0x4b,0xac,
    0x04,0x4d,0xf8,0xc3,0x38,0x8c,0x18,0x24,0x00,0x08,0x82,0x81,0x61,0x16,0x2f,0xc1,0x12,0x35,0x01,0x12,0xe4,0x30,0x62,0x90,
    0x00,0x20,0x08,0x06,0xc6,0x59,0xc0,0x44,0x4b,0xd8,0x04,0x49,0x94,0xc3,0x88,0x41,0x02,0x80,0x20,0x18,0x18,0x68,0x11,0x13,
    0x33,0x71,0x13,0x23,0x61,0x0e,0x23,0x06,0x09,0x00,0x82,0x60,0x60,0xa4,0x85,0x4c,0xd0,0x04,0x4e,0x88,0xc4,0x39,0x8c,0x18,
    0x24,0x00,0x08,0x82,0x81,0xa1,0x16,0x33,0x51,0x13,0x39,0x41,0x12,0xe8,0x30,0x62,0x90,0x00,0x20,0x08,0x06,0xc6,0x5a,0xd0,
    0x84,0x4d,0xe8,0x04,0x4a,0xa4,0xc3,0x88,0x41,0x02,0x80,0x20,0x18,0x18,0x6c,0x51,0x13,0x3a,0xb1,0x13,0x27,0xa1,0x0e,0x23,
    0x06,0x09,0x00,0x82,0x60,0x60,0xb4,0x85,0x4d,0xec,0x04,0x4f,0x98,0xc4,0x3a,0x8c,0x18,0x24,0x00,0x08,0x82,0x81,0xe1,0x16,
    0x37,0xc1,0x13,0x3d,0x81,0x12,0xec,0x30,0x62,0x90,0x00,0x20,0x08,0x06,0xc6,0x5b,0xe0,0x44,0x4f,0xf8,0x04,0x4b,0xb4,0xc3,
    0x88,0x41,0x02,0x80,0x20,0x18,0x18,0x70,0x91,0x13,0x37,0xf1,0x13,0x2b,0xe1,0x0e,0x23,0x06,0x09,0x00,0x82,0x60,0x60,0xc4,
    0x85,0x4e,0xe0,0x04,0x58,0xa8,0xc4,0x3b,0x8c,0x18,0x24,0x00,0x08,0x82,0x81,0x21,0x17,0x3b,0x91,0x13,0x61,0xc1,0x12,0xf0,
    0x30,0x62,0x90,0x00,0x20,0x08,0x06,0xc6,0x5c,0xf0,0x84,0x4e,0x88,0x05,0x4c,0xc4,0xc3,0x88,0x41,0x02,0x80,0x20,0x18,0x18,
    0x74,0xd1,0x13,0x61,0x31,0x16,0x2f,0x21,0x0f,0x23,0x06,0x09,0x00,0x82,0x60,0x60,0xd4,0x85,0x4f,0x88,0x05,0x59,0xb8,0xc4,
    0x3c,0x8c,0x18,0x24,0x00,0x08,0x82,0x81,0x61,0x17,0x3f,0x31,0x16,0x65,0x01,0x13,0xf4,0x30,0x62,0x90,0x00,0x20,0x08,0x06,
    0xc6,0x5d,0x80,0x05,0x59,0x98,0x05,0x4d,0xd4,0xc3,0x88,0x41,0x02,0x80,0x20,0x18,0x18,0x78,0x11,0x16,0x60,0x71,0x16,0x33,
    0x61,0x0f,0x23,0x06,0x09,0x00,0x82,0x60,0x60,0xe4,0x85,0x58,0x84,0x05,0x5a,0xc8,0xc4,0x3d,0x8c,0x18,0x24,0x00,0x08,0x82,
    0x81,0xa1,0x17,0x63,0x21,0x16,0x69,0x41,0x13,0xf8,0x30,0x62,0x90,0x00,0x20,0x08,0x06,0xc6,0x5e,0x90,0xc5,0x58,0xa8,0x05,
    0x4e,0xe4,0xc3,0x88,0x41,0x02,0x80,0x20,0x18,0x18,0x7c,0x51,0x16,0x65,0xb1,0x16,0x37,0xa1,0x0f,0x23,0x06,0x09,0x00,0x82,
    0x60,0x60,0xf4,0x85,0x59,0x98,0x05,0x5b,0xd8,0xc4,0x3e,0x8c,0x18,0x24,0x00,0x08,0x82,0x81,0xe1,0x17,0x67,0x71,0x16,0x6d,
    0x81,0x13,0xfc,0x30,0x62,0x90,0x00,0x20,0x08,0x06,0xc6,0x5f,0xa0,0x05,0x5a,0xb8,0x05,0x4f,0xf4,0xc3,0x88,0x41,0x02,0x80,
    0x20,0x18,0x18,0xa0,0x91,0x16,0x6a,0xf1,0x16,0x3b,0xe1,0x0f,0x23,0x06,0x09,0x00,0x82,0x60,0x60,0x84,0x86,0x5a,0xac,0x05,
    0x5c,0xe8,0xc4,0x3f,0x8c,0x18,0x24,0x00,0x08,0x82,0x81,0x21,0x1a,0x6b,0xc1,0x16,0x71,0xc1,0x13,0x20,0x31,0x62,0x90,0x00,
    0x20,0x08,0x06,0xc6,0x68,0xb0,0x45,0x5b,0xc8,0x05,0x58,0x84,0xc4,0x88,0x41,0x02,0x80,0x20,0x18,0x18,0xa4,0xd1,0x16,0x70,
    0x31,0x17,0x3f,0x21,0x12,0x23,0x06,0x09,0x00,0x82,0x60,0x60,0x94,0x86,0x5b,0xc4,0x05,0x5d,0xf8,0xc4,0x48,0x8c,0x18,0x24,
    0x00,0x08,0x82,0x81,0x61,0x1a,0x6f,0x21,0x17,0x75,0x01,0x16,0x24,0x31,0x62,0x90,0x00,0x20,0x08,0x06,0xc6,0x69,0xc0,0xc5,
    0x5c,0xd8,0x05,0x59,0x94,0xc4,0x88,0x41,0x02,0x80,0x20,0x18,0x18,0xa8,0x11,0x17,0x78,0x71,0x17,0x63,0x61,0x12,0x23,0x06,
    0x09,0x00,0x82,0x60,0x60,0xa4,0x86,0x5c,0xe4,0x05,0x5e,0x88,0xc5,0x49,0x8c,0x18,0x24,0x00,0x08,0x82,0x81,0xa1,0x1a,0x73,
    0xa1,0x17,0x79,0x41,0x16,0x28,0x31,0x62,0x90,0x00,0x20,0x08,0x06,0xc6,0x6a,0xd0,0xc5,0x5e,0xe8,0x05,0x5a,0xa4,0xc4,0x88,
    0x41,0x02,0x80,0x20,0x18,0x18,0xac,0x51,0x17,0x7b,0xb1,0x17,0x69,0xa1,0x12,0x23,0x06,0x07,0x00,0x82,0x60,0x80,0x06,0x7f,
    0x61,0x12,0x75,0x60,0x17,0xa3,0x09,0xc1,0x30,0x1c,0x11,0x9c,0x83,0xf0,0xcd,0x32,0x04,0x43,0x30,0x62,0x90,0x00,0x20,0x08,
    0x06,0x06,0x6c,0xe4,0x85,0x5c,0xfc,0x45,0x5a,0xb8,0xc4,0x88,0x41,0x02,0x80,0x20,0x18,0x18,0xb1,0xa1,0x17,0x73,0x01,0x1a,
    0x6c,0xf1,0x12,0x16,0x18,0xf2,0xb1,0xe1,0x90,0x8f,0x09,0x82,0x7c,0x4c,0x10,0xe4,0x63,0x42,0x00,0x9f,0x11,0x03,0x03,0x00,
    0x41,0x30,0x78,0x66,0xe3,0x24,0x02,0x1b,0x87,0x20,0x3e,0x23,0x06,0x07,0x00,0x82,0x60,0xd0,0xd8,0x86,0x4d,0x04,0xe3,0x30,
    0x62,0x70,0x00,0x20,0x08,0x06,0xcd,0x6d,0xd8,0x44,0x50,0x0e,0xc3,0x11,0x41,0x39,0x28,0xdf,0x2c,0xc3,0x20,0x04,0x23,0x06,
    0x06,0x00,0x82,0x60,0xb0,0xe8,0x06,0x4f,0xb0,0xc5,0x2c,0xc1,0x30,0xd0,0x31,0x10,0x02,0x11,0xb8,0x06,0x30,0x62,0x70,0x00,
    0x20,0x08,0x06,0x68,0xf0,0x1a,0x36,0x61,0x0a,0x39,0x31,0x9a,0x10,0x00,0xa3,0x09,0x42,0x70,0x02,0x81,0x2a,0x40,0x0d,0x2d,
    0x01,0x36,0x74,0xb8,0x21,0x90,0x0d,0x30,0x28,0xa2,0x35,0xb0,0x02,0xd3,0xd0,0x32,0x50,0x42,0x87,0x1b,0x02,0xdb,0x00,0x83,
    0x42,0x5a,0x03,0x2b,0x98,0x0d,0x2d,0x85,0x2e,0x74,0xb8,0x21,0xd0,0x8d,0x30,0x28,0xa6,0x2d,0x74,0xb8,0x21,0xe0,0x0d,0x30,
    0xb8,0x87,0x40,0xd3,0x0d,0x6f,0x70,0x06,0xc4,0x74,0xc3,0x1b,0x9c,0x41,0x31,0xdd,0xf0,0x06,0x67,0x60,0x4c,0x37,0xbc,0xc1,
    0x19,0x1c,0xd3,0x0d,0x77,0xf0,0x06,0xc8,0x74,0xc3,0x1d,0xbc,0x41,0x32,0xdd,0x70,0x07,0x6f,0xa0,0x4c,0x37,0xdc,0xc1,0x1b,
    0x2c,0xb3,0x04,0xc4,0x40,0xc5,0x00,0x0d,0xe3,0x6b,0xc8,0xd9,0x40,0xc5,0x00,0x0d,0xe3,0x6b,0xc8,0xd9,0x40,0xc5,0x00,0x0d,
    0xe3,0x6b,0xc8,0xd9,0x40,0xc5,0x00,0x0d,0xe3,0x6b,0xc8,0xd9,0x40,0xc5,0xa0,0x22,0xc3,0xf8,0x1a,0x72,0x36,0x50,0x31,0xb0,
    0xc8,0x30,0xbe,0x86,0x9c,0x0d,0x54,0x0c,0x2e,0x32,0x8c,0xaf,0x21,0x67,0x03,0x15,0x03,0x8c,0x0c,0xe3,0x6b,0xc8,0xd9,0x40,
    0xc5,0x20,0x23,0xc3,0xde,0x13,0x72,0x36,0x50,0x31,0xd0,0xc8,0xb0,0xf7,0x84,0x9c,0x0d,0x54,0x0c,0x36,0x32,0xec,0x3d,0x21,
    0x67,0x03,0x15,0x84,0xf8,0x0c,0xbf,0x6b,0xc8,0xd9,0x40,0x05,0x41,0x3e,0x43,0x1a,0xc8,0xd9,0x40,0x05,0x61,0x3e,0xc3,0x2a,
    0xc8,0xd9,0x40,0x05,0x81,0x3e,0xc3,0xee,0x1a,0x72,0x36,0xdc,0x10,0x94,0x81,0x19,0xcc,0x32,0xcc,0x59,0x11,0x94,0x30,0x1f,
    0x64,0x41,0x5c,0x80,0x60,0xc4,0xe0,0x00,0x40,0x10,0x0c,0xd0,0x60,0x3f,0x44,0x43,0x1e,0x82,0xd1,0x84,0x00,0x18,0x4d,0x10,
    0x82,0xd1,0x84,0x41,0x18,0x4d,0x20,0x86,0x4a,0xfc,0x43,0x87,0x1b,0x02,0xff,0x08,0x83,0xe9,0x86,0xa1,0x08,0x2e,0x20,0xd0,
    0x74,0x83,0x81,0x0c,0x17,0x10,0xc8,0x1e,0xff,0x90,0x41,0x9d,0x41,0x90,0x15,0xf4,0x87,0x16,0x81,0x1a,0x5a,0x05,0x68,0x60,
    0x05,0x23,0xa2,0x75,0x94,0x87,0x0e,0x37,0x04,0x2a,0x12,0x06,0xb5,0xf4,0x05,0x56,0xe0,0x1f,0x5a,0xcb,0x7f,0x60,0x05,0x26,
    0xa2,0x26,0xc0,0xc8,0x0d,0xca,0x49,0x11,0xac,0x20,0x45,0xd4,0x84,0x19,0xb9,0x41,0x45,0x2a,0x82,0x15,0xb0,0x88,0x9a,0x60,
    0x23,0x37,0x28,0x6a,0x3e,0x74,0xb8,0x21,0xb8,0x91,0x30,0x28,0x4c,0x37,0xb4,0xb2,0x15,0xc1,0x0a,0x64,0x44,0x6b,0xa3,0x11,
    0xac,0x80,0x46,0xd4,0x04,0x1f,0xb9,0x41,0x79,0x35,0x82,0x15,0xdc,0x88,0x9a,0x10,0x26,0x37,0xa8,0x36,0x10,0x93,0xab,0x60,
    0x4c,0xd6,0x02,0xf1,0x80,0xc1,0x88,0xc1,0x01,0x80,0x20,0x18,0xa0,0xc1,0x99,0xb8,0x87,0x4f,0x04,0xa3,0x09,0x01,0x30,0x9a,
    0x20,0x04,0xa3,0x09,0x83,0x30,0x9a,0x40,0x0c,0x86,0xa0,0x07,0x0c,0x46,0x0c,0x0e,0x00,0x04,0xc1,0x00,0x0d,0xda,0x84,0x3e,
    0xc8,0x22,0x18,0x4d,0x08,0x06,0x0b,0x56,0x03,0x3e,0x17,0x10,0x68,0x34,0x81,0x08,0x46,0x13,0x0a,0xe1,0x04,0x02,0x55,0x40,
    0x1e,0x5b,0x02,0x8c,0xe8,0x74,0x83,0x10,0xa4,0x41,0x05,0x70,0x82,0x15,0xb4,0x89,0x0e,0x47,0x1c,0xb5,0x21,0x7c,0xc3,0x0d,
    0x71,0x80,0x27,0x60,0x30,0xcb,0x30,0x67,0x46,0x30,0xdc,0x40,0x0a,0x79,0x02,0x06,0xb3,0x0c,0xcd,0x11,0x0c,0x37,0x94,0x82,
    0x9d,0x80,0xc1,0x2c,0x43,0x83,0x04,0xc3,0x0d,0xa6,0x50,0x27,0x60,0x30,0xcb,0xd0,0x24,0xc1,0x70,0xc3,0x29,0xd4,0x09,0x18,
    0xcc,0x32,0x34,0x4a,0x30,0xdc,0x80,0x0a,0x75,0x02,0x06,0xb3,0x0c,0xcd,0x12,0x0c,0x37,0xa4,0xc2,0x9e,0x80,0xc1,0x2c,0x43,
    0xc3,0x04,0xc3,0x0d,0xaa,0x60,0x27,0x60,0x30,0xdd,0x40,0x17,0x38,0x11,0x4c,0x37,0xd0,0x05,0x4e,0x08,0xd3,0x0d,0x74,0x81,
    0x13,0xc3,0x74,0x03,0x5d,0xe0,0x04,0x31,0x4b,0xd0,0x0c,0xf4,0x0c,0xa0,0x62,0xa0,0xca,0x01,0x2b,0x08,0xae,0x24,0xe0,0xa2,
    0xa0,0xcb,0x82,0x30,0x03,0x3d,0x03,0xa8,0x18,0xa8,0x72,0xc0,0x0a,0x82,0x2b,0x09,0xb8,0x28,0xe8,0xb2,0x20,0xcc,0x40,0xcf,
    0x00,0x2a,0x06,0xaa,0x1c,0xb0,0x82,0xe0,0x4a,0x02,0x2e,0x0a,0xba,0x2c,0x08,0x33,0xd0,0x33,0x80,0x8a,0x81,0x2a,0x07,0xac,
    0x20,0xb8,0x92,0x80,0x8b,0x82,0x2e,0x0b,0xc2,0x8c,0x18,0x1c,0x00,0x08,0x82,0x01,0x1a,0xa8,0x4a,0x8c,0x80,0x46,0xa8,0x8c,
    0x26,0x04,0xc2,0x70,0x44,0x80,0x1e,0xc2,0x37,0xcb,0xe0,0x3c,0xc1,0x88,0x81,0x01,0x80,0x20,0x18,0x3c,0xb7,0x82,0x2a,0xa2,
    0x31,0x1c,0x11,0xb4,0x07,0xf1,0x0d,0x47,0x90,0xc6,0x79,0x10,0xdf,0x74,0xc3,0x7d,0xbc,0x47,0x30,0xdd,0x10,0x98,0xc6,0x30,
    0xdc,0xb0,0x0b,0xa7,0x02,0x06,0xd6,0x08,0xf4,0xb1,0x66,0xa0,0x8f,0x31,0x04,0x7d,0xcc,0x29,0xe8,0x33,0xdd,0xf0,0x04,0xc5,
    0x2c,0xc1,0x33,0x50,0x31,0x90,0x41,0xa3,0x38,0x03,0x15,0x03,0x19,0x34,0x8a,0x33,0x50,0x31,0x90,0x41,0x63,0x38,0x03,0x15,
    0x03,0x19,0x34,0x8c,0x53,0x66,0xc0,0x22,0x3a,0xdc,0x10,0xe8,0x0a,0x18,0xcc,0x32,0x44,0x50,0x30,0x62,0x60,0x00,0x20,0x08,
    0x06,0x0f,0xba,0xe4,0xca,0x30,0x1c,0x11,0xfc,0x07,0xf1,0x0d,0x47,0x14,0xf8,0x41,0x7c,0xd3,0x0d,0x22,0x12,0x22,0xc1,0x74,
    0x43,0x70,0x0c,0xb6,0x04,0xf4,0xb1,0x45,0xa0,0x8f,0x2d,0x03,0x7d,0x66,0x09,0xa2,0x81,0x8a,0xc1,0x80,0xb8,0x67,0xa0,0x62,
    0x30,0x20,0xee,0x19,0xa8,0x18,0x0c,0x88,0x7b,0x86,0x1b,0xe4,0xc1,0x5c,0xc2,0xa0,0xea,0x01,0x47,0x74,0xb8,0x21,0x70,0x13,
    0x30,0xa8,0x60,0xd0,0x59,0x06,0xa9,0x0a,0x86,0x1b,0xf2,0x41,0x5d,0xc0,0x60,0x96,0x81,0x9a,0x02,0xeb,0x07,0x18,0x91,0x8f,
    0x05,0x32,0x02,0x1f,0xf3,0x07,0x19,0x91,0x8f,0x05,0x34,0x02,0x9f,0x11,0x83,0x03,0x00,0x41,0x30,0x68,0xfa,0xa5,0x4f,0x06,
    0x1b,0x19,0x31,0x38,0x00,0x10,0x04,0x83,0xc6,0x5f,0xfc,0x44,0xb8,0x91,0x11,0x83,0x03,0x00,0x41,0x30,0x68,0xfe,0xc5,0x4f,
    0x84,0x16,0x19,0x31,0x38,0x00,0x10,0x04,0x83,0x06,0x64,0xfe,0x44,0x70,0x91,0x59,0x02,0x6a,0xa0,0x62,0x20,0x26,0x15,0x91,
    0x06,0x2a,0x06,0x62,0x52,0x11,0xc9,0x68,0x81,0x4d,0x40,0x30,0x62,0x70,0x00,0x20,0x08,0x06,0x68,0x90,0x2f,0xa0,0x02,0x1f,
    0xc1,0x68,0x42,0x00,0x8c,0x26,0x08,0xc1,0x88,0x41,0x02,0x80,0x20,0x18,0x44,0x25,0xc3,0x2a,0x42,0x60,0x14,0x16,0x5c,0xf0,
    0x19,0x4d,0x28,0x84,0xd1,0x04,0x63,0x18,0x31,0x48,0x00,0x10,0x04,0x83,0x28,0x65,0x60,0x45,0x08,0x94,0xc4,0x02,0x0d,0x3e,
    0xb3,0x04,0xd5,0x40,0xc5,0xa0,0x50,0x78,0x10,0x0d,0x54,0x0c,0x04,0x85,0x07,0xd1,0x2c,0x83,0x35,0x4f,0xab,0x30,0x62,0x70,
    0x00,0x20,0x08,0x06,0x68,0x40,0x32,0xab,0xb2,0x1f,0xbf,0x30,0x9a,0x10,0x08,0xa3,0x09,0xc2,0x70,0x01,0x81,0x2a,0x38,0x15,
    0xbd,0x60,0x60,0x35,0x80,0x0c,0x56,0xa0,0x2a,0x7a,0xc1,0xc0,0xca,0xe0,0x15,0x1d,0x6e,0x08,0x56,0x26,0x0c,0x0a,0x59,0x17,
    0x1d,0x6e,0x08,0x5a,0x06,0x0c,0x86,0x1b,0x4c,0xe2,0x65,0xc0,0x60,0xb8,0x41,0x17,0x5e,0x06,0x0c,0x4a,0x08,0x76,0x96,0xa1,
    0xbb,0x82,0xea,0x05,0x99,0xd1,0xe1,0x86,0x40,0x66,0xc0,0x60,0x96,0x21,0xc3,0x82,0x11,0x03,0x03,0x00,0x41,0x30,0x78,0xc0,
    0x26,0x66,0xa8,0x11,0x83,0x03,0x00,0x41,0x30,0x68,0xc4,0x46,0x5c,0x82,0x37,0x19,0x31,0x38,0x00,0x10,0x04,0x83,0x66,0x6c,
    0xc4,0x25,0x88,0x93,0x59,0x82,0x6c,0xa0,0x62,0x10,0x30,0x37,0xb8,0x6a,0x1c,0x68,0x46,0x87,0x1b,0x02,0x9c,0x01,0x83,0x59,
    0x86,0x4d,0x0b,0x46,0x0c,0x0c,0x00,0x04,0xc1,0xe0,0x31,0x9b,0x9b,0xc9,0x46,0x0c,0x0e,0x00,0x04,0xc1,0xa0,0x41,0x1b,0x74,
    0x09,0xea,0x64,0xc4,0xe0,0x00,0x40,0x10,0x0c,0x9a,0xb4,0x41,0x97,0xe0,0x4e,0x66,0x09,0xb6,0x81,0x8a,0x41,0xd0,0xf0,0x20,
    0x1b,0x6e,0xa8,0x09,0x9c,0x01,0x83,0x52,0x07,0x9c,0xd1,0xe1,0x86,0xe0,0x67,0xc2,0xa0,0x86,0x40,0x67,0x19,0xb8,0x2e,0x18,
    0x31,0x30,0x00,0x10,0x04,0x83,0xc7,0x6d,0x7e,0x86,0x0f,0x46,0x0c,0x0e,0x00,0x04,0xc1,0xa0,0x81,0x1b,0x78,0x09,0xfa,0x64,
    0xc4,0xe0,0x00,0x40,0x10,0x0c,0x9a,0xb8,0x81,0x97,0xe0,0x4f,0x66,0x09,0xba,0x81,0x8e,0x41,0x15,0x2c,0x8e,0xe3,0xb6,0x81,
    0x8e,0x41,0x15,0x2c,0x89,0x93,0xb6,0x81,0x8e,0x41,0x24,0x2c,0x83,0x13,0x89,0x6d,0x96,0xc1,0x3b,0x83,0x6c,0x98,0x89,0x10,
    0x8b,0x79,0x92,0xbe,0x08,0x0c,0xaa,0x30,0xb8,0xc4,0x00,0x1b,0x83,0x8c,0x0c,0xa8,0x32,0xd0,0xcc,0x60,0xc4,0x00,0x02,0x40,
    0x10,0x0c,0x2c,0xb9,0x51,0x17,0x3b,0x31,0x93,0x41,0x08,0x48,0xc5,0x5e,0xec,0xc5,0x5e,0xca,0x80,0x54,0x46,0x13,0x02,0x60,
    0x34,0x41,0x08,0x46,0x13,0x06,0x61,0x34,0x81,0x18,0x66,0x09,0xe6,0x69,0xc4,0x00,0x02,0x40,0x10,0x0c,0xac,0xbb,0x79,0x17,
    0x3e,0x61,0x13,0xe4,0x30,0x52,0x65,0x5f,0xf6,0x65,0x5f,0xd4,0x20,0x55,0x46,0x13,0x02,0x60,0x34,0x41,0x08,0x46,0x13,0x06,
    0x61,0x34,0x81,0x18,0x66,0x09,0xe6,0x69,0xc4,0x00,0x02,0x40,0x10,0x0c,0x2c,0xbe,0xa1,0x17,0x51,0x91,0x93,0x86,0x59,0x5c,
    0x05,0x64,0x40,0x06,0x64,0xde,0xc0,0x55,0x46,0x13,0x02,0x60,0x34,0x41,0x08,0x46,0x13,0x06,0x61,0x34,0x81,0x18,0x66,0x09,
    0xe6,0x69,0xc4,0x00,0x02,0x40,0x10,0x0c,0xac,0xd0,0xc9,0x17,0x54,0xc1,0x13,0x29,0x82,0x66,0xa5,0x64,0x4a,0xa6,0x64,0xe8,
    0x60,0x56,0x46,0x13,0x02,0x60,0x34,0x41,0x08,0x46,0x13,0x06,0x61,0x34,0x81,0x18,0x66,0x09,0xe6,0x69,0xc4,0x00,0x02,0x40,
    0x10,0x0c,0x2c,0xd3,0xf1,0x17,0x57,0xf1,0x93,0xcb,0xaa,0x70,0x45,0x65,0x54,0x46,0x65,0xf2,0x00,0x57,0x46,0x13,0x02,0x60,
    0x34,0x41,0x08,0x46,0x13,0x06,0x61,0x34,0x81,0x18,0x66,0x09,0xe6,0x69,0xc4,0x00,0x02,0x40,0x10,0x0c,0xac,0xd5,0x19,0x19,
    0x5a,0x21,0x15,0x6e,0xd3,0x7a,0xe5,0x65,0x5e,0xe6,0x65,0xfc,0xa0,0x57,0x46,0x13,0x02,0x60,0x34,0x41,0x08,0x46,0x13,0x06,
    0x61,0x34,0x81,0x18,0x66,0x09,0xe6,0x69,0xc4,0x00,0x02,0x40,0x10,0x0c,0x2c,0xd8,0x41,0x19,0x5d,0x51,0x95,0x30,0x00,0x83,
    0x4f,0x5c,0x68,0x86,0x66,0x68,0x66,0x14,0xc4,0x65,0x34,0x21,0x00,0x46,0x13,0x84,0x60,0x34,0x61,0x10,0x46,0x13,0x88,0x61,
    0x96,0x60,0x9e,0x46,0x0c,0x20,0x00,0x04,0xc1,0xc0,0xaa,0x9d,0x96,0x01,0x17,0x58,0x31,0x83,0x32,0x20,0x83,0x73,0xc9,0x99,
    0x9c,0xc9,0x19,0x54,0x38,0x97,0xd1,0x84,0x00,0x18,0x4d,0x10,0x82,0xd1,0x84,0x41,0x18,0x4d,0x20,0x86,0x59,0x82,0x79,0x1a,
    0x6e,0x38,0x0d,0xd5,0x01,0x83,0x59,0x06,0x34,0x48,0x8b,0x60,0x96,0x21,0x0d,0xd4,0xa0,0x14,0x46,0x0c,0x0c,0x00,0x04,0xc1,
    0xe0,0xe9,0x1d,0x97,0x89,0x85,0x11,0x03,0x03,0x00,0x41,0x30,0x78,0x7c,0xe7,0x65,0x62,0x61,0xc4,0xc0,0x00,0x40,0x10,0x0c,
    0x9e,0xdf,0x81,0x99,0x76,0x18,0x31,0x30,0x00,0x10,0x04,0x83,0x07,0x7c,0x60,0x86,0x16,0x46,0x0c,0x0c,0x00,0x04,0xc1,0xe0,
    0x09,0x9f,0x98,0xa1,0x85,0x11,0x03,0x03,0x00,0x41,0x30,0x78,0xc4,0x47,0x66,0xe0,0x61,0x96,0x40,0x0d,0x06,0x2a,0x06,0x26,
    0x0d,0xc4,0x0b,0x0d,0x06,0x2a,0x06,0x26,0x0d,0xc8,0x0b,0x0d,0x06,0x2a,0x06,0x26,0x0d,0xcc,0x0b,0x0d,0x06,0x2a,0x06,0x26,
    0x0d,0xd0,0x0b,0x0d,0x06,0x2a,0x06,0x26,0x0d,0xd4,0x0b,0x0d,0x06,0x2a,0x06,0x26,0x0d,0xd8,0x0b,0x0d,0x86,0x1b,0x6e,0xc3,
    0x76,0xc8,0x60,0x96,0x61,0x0d,0xe6,0x29,0x98,0x65,0x10,0x07,0x36,0x80,0x85,0x61,0x16,0x02,0x37,0xe2,0x40,0x6a,0x83,0xc8,
    0x0d,0xaa,0x37,0xb8,0xe0,0x60,0xc4,0xe0,0x00,0x40,0x10,0x0c,0x36,0xf3,0x49,0x1b,0x7a,0xe9,0x9d,0xd1,0x84,0x00,0x18,0x4d,
    0x10,0x82,0xd1,0x84,0x41,0x98,0x25,0x88,0x83,0x11,0x83,0x03,0x00,0x41,0x30,0xd8,0xd4,0xa7,0x6d,0xf2,0x25,0x7c,0x46,0x13,
    0x02,0x60,0x34,0x41,0x08,0x46,0x13,0x06,0x61,0x96,0x20,0x0e,0x46,0x0c,0x0e,0x00,0x04,0xc1,0x60,0x73,0x9f,0xb8,0xf1,0x97,
    0xf2,0x19,0x4d,0x08,0x80,0xd1,0x04,0x21,0x18,0x4d,0x18,0x84,0x59,0x82,0x38,0x18,0x31,0x38,0x00,0x10,0x04,0x83,0x4d,0x7e,
    0xea,0x66,0x64,0xd2,0x67,0x34,0x21,0x00,0x46,0x13,0x84,0x60,0x34,0x61,0x10,0x66,0x09,0xe2,0x60,0xa0,0x85,0x10,0xe0,0x40,
    0x79,0x03,0xc9,0x0d,0xb4,0x36,0xd0,0x3d,0x36,0x18,0x68,0x21,0x0c,0x38,0x70,0xde,0xc0,0x72,0x03,0xaf,0x0d,0x78,0x8f,0x0d,
    0x06,0x5a,0x08,0x05,0x0e,0xa4,0x37,0xd0,0xdc,0x40,0x0c,0xda,0xc0,0xf7,0xd8,0xe0,0x82,0x41,0xdd,0x30,0xa8,0x2b,0x06,0x65,
    0x83,0x26,0x1f,0x1b,0x34,0xf9,0xd8,0xa0,0xc9,0xc7,0x86,0x41,0x3e,0x36,0x0c,0xf2,0xb1,0x61,0x90,0x8f,0x09,0x01,0x7c,0x2c,
    0x20,0xe0,0x33,0x62,0x60,0x00,0x20,0x08,0x06,0x0f,0x0a,0xf1,0x4d,0x60,0x8c,0x19,0xc8,0xc7,0x18,0x33,0x90,0x8f,0x31,0x66,
    0x20,0x1f,0x1b,0x06,0xf9,0xd8,0x30,0xc8,0xc7,0x86,0x41,0x3e,0x26,0x04,0xf0,0xb1,0x80,0x80,0xcf,0x88,0x81,0x01,0x80,0x20,
    0x18,0x3c,0x31,0x54,0x3a,0xc1,0x88,0xc1,0x01,0x80,0x20,0x18,0x34,0x33,0x34,0x3b,0x81,0x32,0x62,0x70,0x00,0x20,0x08,0x06,
    0x0d,0x0d,0xcd,0x8e,0xb0,0x0c,0x47,0x08,0x63,0xa3,0x7c,0xb3,0x0c,0x72,0x30,0x07,0xc1,0x88,0xc1,0x01,0x80,0x20,0x18,0x34,
    0x36,0x64,0x3b,0xc2,0xda,0x18,0x11,0xd0,0x67,0xc4,0xc0,0x00,0x40,0x10,0x0c,0x9e,0x1b,0x02,0x9d,0x60,0xc4,0xe0,0x00,0x40,
    0x10,0x0c,0x9a,0x1c,0xca,0x9d,0xb3,0x09,0x46,0x0c,0x0e,0x00,0x04,0xc1,0xa0,0xd1,0xa1,0xdc,0x19,0x89,0x60,0x96,0x60,0x0e,
    0x06,0x2a,0x06,0x41,0x0e,0x64,0x2d,0x0e,0x2c,0x09,0xe8,0x33,0x62,0x70,0x00,0x20,0x08,0x06,0x4d,0x0f,0xf5,0x4e,0x90,0x8c,
    0x18,0x1c,0x00,0x08,0x82,0x41,0xe3,0x43,0xbe,0x13,0xc8,0xcd,0x88,0x81,0x01,0x80,0x20,0x18,0x3c,0x3e,0xc4,0x3a,0x81,0x05,
    0x30,0x01,0x9f,0x11,0x83,0x03,0x00,0x41,0x30,0x68,0xc2,0x28,0x7c,0x82,0x96,0x18,0x8e,0x80,0xb2,0xe1,0x9b,0x6e,0xf8,0x03,
    0x3e,0x08,0xa6,0x1b,0xfe,0x80,0x0f,0x84,0xe9,0x86,0x3f,0xe0,0x83,0xc1,0x66,0x84,0x7d,0x60,0x30,0x62,0x70,0x00,0x20,0x08,
    0x06,0x68,0xc0,0x43,0xe3,0x33,0x33,0xc1,0x68,0x42,0x00,0x5c,0x40,0x98,0x0a,0x5c,0x48,0x87,0x1b,0x82,0x1b,0x02,0x83,0x1a,
    0x5c,0x47,0x87,0x1b,0x02,0xd7,0x01,0x83,0x1a,0x82,0x9d,0x65,0xa8,0x03,0x3a,0x08,0xca,0x78,0x1d,0x1d,0x6e,0x08,0x5e,0x07,
    0x0c,0x66,0x09,0xea,0x60,0xa0,0x42,0x41,0xc1,0x60,0x0e,0x04,0x3a,0xb8,0x8b,0x40,0xc3,0x0d,0x41,0x19,0x99,0xc1,0x2c,0x83,
    0x1d,0x84,0x43,0x30,0x4b,0x70,0x07,0x03,0x15,0x43,0xec,0xfc,0x82,0xc8,0xd9,0xc1,0x40,0xc5,0x10,0x3b,0xbf,0x40,0x72,0x76,
    0x30,0x50,0x31,0xc4,0xce,0x2f,0x98,0x9c,0x1d,0x0c,0x54,0x0c,0xb1,0xf3,0x0b,0x28,0x67,0x07,0x03,0x15,0x44,0xec,0xfc,0x02,
    0x2d,0x06,0x76,0x70,0xc1,0xc0,0x2c,0x58,0x1d,0xf8,0x58,0x00,0x06,0xf4,0xb1,0x80,0x75,0xe0,0x63,0x81,0x26,0x1f,0x13,0x34,
    0xf9,0xd8,0xa0,0xc9,0xc7,0x06,0x97,0x80,0x8f,0x0d,0x2e,0x01,0x1f,0x1b,0x5c,0x02,0x3e,0xb3,0x0c,0x78,0x90,0x0b,0xd2,0x30,
    0x0b,0x01,0x27,0x7d,0x20,0xe5,0x41,0xa4,0x07,0xd5,0x1e,0x5c,0x7c,0x30,0x62,0x70,0x00,0x20,0x08,0x06,0x9b,0x1f,0x85,0x10,
    0xeb,0xd4,0xd1,0x68,0x42,0x30,0xcc,0x12,0xf4,0xc1,0x88,0xc1,0x01,0x80,0x20,0x18,0x6c,0xa0,0x34,0x42,0xaf,0x73,0x47,0xa3,
    0x09,0xc1,0x30,0x4b,0xd0,0x07,0x23,0x06,0x07,0x00,0x82,0x60,0xb0,0x89,0x52,0x09,0xc9,0x4e,0x1e,0x8d,0x26,0x04,0xc3,0x2c,
    0x41,0x1f,0x8c,0x18,0x1c,0x00,0x08,0x82,0xc1,0x46,0x4a,0x27,0x54,0x3b,0x7b,0x34,0x9a,0x10,0x0c,0xb3,0x04,0x7d,0x30,0xd0,
    0x42,0x08,0x7c,0x60,0xec,0x81,0xa2,0x07,0x4e,0x1e,0xe8,0x63,0x80,0x07,0x23,0x06,0x07,0x00,0x82,0x60,0x80,0x06,0xa1,0x84,
    0x42,0x78,0x63,0x06,0xa3,0x09,0xc1,0x70,0x01,0x61,0x2a,0x98,0x23,0x1d,0x6e,0x08,0x44,0x09,0x0c,0x66,0x19,0xfe,0xc0,0x0f,
    0x82,0x32,0x5c,0x08,0x2e,0x18,0xd4,0x88,0xc1,0x01,0x80,0x20,0x18,0x34,0xb3,0x34,0x43,0x72,0x00,0x3e,0x23,0x06,0x07,0x00,
    0x82,0x60,0xd0,0xd0,0xd2,0x0c,0x05,0xc2,0x2c,0xc1,0x1f,0x0c,0x54,0x0c,0x82,0x1f,0x90,0x5e,0x1f,0x0c,0x47,0x04,0xe3,0x23,
    0x7c,0xa3,0x09,0x4b,0x30,0x9a,0xc0,0x08,0xd3,0x0d,0x42,0x30,0x0c,0x47,0x04,0xe8,0xe3,0x7c,0xc3,0x0d,0x8c,0x2a,0x81,0xc1,
    0x70,0x43,0x63,0x4a,0x60,0x50,0x42,0xb0,0x96,0xbc,0x0f,0x7c,0xa6,0x1b,0x94,0x40,0x18,0x31,0x30,0x00,0x10,0x04,0x83,0xe7,
    0x97,0x72,0x28,0xb8,0x80,0x30,0x75,0xfd,0x10,0x94,0x60,0x4b,0x30,0x62,0x70,0x00,0x20,0x08,0x06,0x9d,0x2f,0xb9,0x50,0x20,
    0xcc,0x12,0x80,0xc2,0x40,0xc5,0x40,0x7e,0x7f,0x10,0x27,0xb8,0x30,0x50,0x31,0x98,0xdf,0x1f,0xc4,0x09,0x2e,0x0c,0x54,0x0c,
    0xe8,0xf7,0x07,0x71,0x82,0x0b,0x03,0x15,0x83,0xfa,0xfd,0x41,0x9c,0xe0,0xc2,0x40,0x05,0x61,0x97,0xc1,0x1f,0xc4,0x09,0x2e,
    0x0c,0x37,0x04,0xbc,0x04,0x06,0xd3,0x0d,0xca,0x11,0x0c,0xb3,0x10,0xb9,0x52,0x0a,0x52,0x28,0x44,0xa2,0x50,0x8d,0xc2,0x45,
    0x0a,0x23,0x06,0x07,0x00,0x82,0x60,0xb0,0x9d,0x93,0x1a,0xd5,0x4f,0x30,0x9a,0x10,0x00,0xa3,0x09,0x42,0x30,0x9a,0x30,0x08,
    0xb3,0x04,0xa5,0x30,0x62,0x70,0x00,0x20,0x08,0x06,0xdb,0x3a,0xb9,0x91,0xfe,0x14,0xa3,0x09,0x01,0x30,0x9a,0x20,0x04,0xa3,
    0x09,0x83,0x30,0x4b,0x50,0x0a,0x23,0x06,0x07,0x00,0x82,0x60,0xb0,0xbd,0x93,0x1c,0xfd,0x4f,0x32,0x9a,0x10,0x00,0xa3,0x09,
    0x42,0x30,0x9a,0x30,0x08,0xb3,0x04,0xa5,0x30,0x62,0x70,0x00,0x20,0x08,0x06,0xdb,0x3c,0xd9,0x11,0x09,0x35,0xa3,0x09,0x01,
    0x30,0x9a,0x20,0x04,0xa3,0x09,0x83,0x30,0x4b,0x50,0x0a,0x03,0x2d,0x84,0x40,0x0a,0xca,0x28,0x48,0xa2,0xa0,0x85,0x02,0x6f,
    0x06,0xa0,0x30,0xd0,0x42,0x18,0xa4,0xe0,0x8c,0x82,0x25,0x0a,0x5e,0x28,0xf8,0x66,0x00,0x0a,0x03,0x2d,0x84,0x42,0x0a,0xd2,
    0x28,0x68,0xa2,0x20,0x06,0xa1,0x00,0x9e,0x01,0x28,0xcc,0x32,0x98,0x42,0x2a,0xd0,0xc2,0x2c,0x03,0x2a,0x9c,0x42,0x19,0x0c,
    0x47,0xfc,0x01,0x0b,0x0d,0xdf,0x70,0x04,0x28,0xb8,0x10,0xf1,0x95,0x10,0xe8,0x74,0x03,0x0c,0xbd,0x50,0x30,0x4b,0x90,0x0a,
    0x57,0x0c,0xca,0x02,0x52,0x90,0x8f,0x05,0x35,0x04,0x9f,0x11,0x03,0x03,0x00,0x41,0x30,0x78,0x4a,0xea,0x8f,0x82,0x0b,0x08,
    0x34,0x62,0x60,0x00,0x20,0x08,0x06,0xcf,0x49,0x81,0xd2,0x30,0xdc,0x20,0x98,0x92,0x19,0x0c,0x37,0x0c,0x0c,0x1a,0x94,0x10,
    0xa8,0xe9,0x10,0x11,0x9f,0xe9,0x86,0x40,0x87,0x04,0x3b,0x42,0x0a,0x04,0xc3,0x0d,0x08,0x1e,0x99,0xc1,0x70,0x83,0x20,0xa1,
    0x41,0x09,0x81,0x4e,0x37,0x28,0x3f,0x14,0x58,0x60,0xc0,0x67,0x96,0x20,0x15,0x06,0x3a,0x06,0x01,0x15,0xc8,0xe0,0x14,0x48,
    0x31,0x28,0x85,0x59,0x06,0x55,0x68,0x05,0x74,0x98,0x65,0x60,0x85,0x55,0xd8,0x83,0xe1,0x08,0x5a,0x10,0xa3,0xe1,0x1b,0x8e,
    0xa8,0x05,0x32,0x22,0xbe,0x12,0x02,0x9d,0x6e,0x30,0xa3,0x32,0x0a,0x66,0x09,0x5a,0xe1,0xb8,0x41,0x59,0x90,0x0b,0xf2,0xb1,
    0x60,0x8d,0xe0,0x33,0x62,0x60,0x00,0x20,0x08,0x06,0xcf,0x4e,0xd5,0x52,0x70,0x01,0x81,0x46,0x0c,0x0c,0x00,0x04,0xc1,0xe0,
    0xe9,0x29,0x5b,0x1a,0x86,0x1b,0x04,0x5e,0x32,0x83,0xe1,0x86,0x61,0x0c,0xd0,0xa0,0x84,0x40,0x0d,0x8e,0x88,0xf8,0x4c,0x37,
    0x04,0x70,0x24,0xd8,0x71,0x53,0x20,0x18,0x6e,0x40,0x5c,0xc9,0x0c,0x86,0x1b,0x84,0x34,0x40,0x83,0x12,0x02,0x9d,0x6e,0x50,
    0xea,0x28,0xb0,0xc0,0x80,0xcf,0x2c,0x41,0x2b,0x0c,0x74,0x0c,0x02,0x2b,0x90,0xc1,0x2a,0xc0,0x63,0x90,0x0a,0x16,0x5c,0xf2,
    0xa9,0x91,0x60,0x25,0x1d,0x6e,0x08,0x58,0x09,0x0c,0x66,0x19,0x5c,0x21,0x16,0x82,0x59,0x06,0x58,0x78,0x05,0x5a,0x18,0x8e,
    0x60,0x87,0x3d,0x1a,0xbe,0xe1,0x88,0x76,0xe8,0x23,0xe2,0x2b,0x21,0xd0,0xe9,0x86,0x3f,0xf2,0xa3,0x60,0x96,0x20,0x16,0xce,
    0x0e,0x06,0x65,0x41,0x3c,0xc8,0xc7,0x02,0x52,0x82,0xcf,0x88,0x81,0x01,0x80,0x20,0x18,0x3c,0x74,0xe5,0x4e,0xc1,0x05,0x04,
    0x1a,0x31,0x30,0x00,0x10,0x04,0x83,0xc7,0xae,0xde,0x69,0x18,0x6e,0x10,0xea,0xc9,0x0c,0x86,0x1b,0x86,0x3e,0x40,0x83,0x12,
    0x02,0xb5,0x54,0x22,0xe2,0x33,0xdd,0x10,0xa4,0x92,0x60,0x07,0x5c,0x81,0x60,0xb8,0x01,0x39,0x27,0x33,0x18,0x6e,0x10,0x46,
    0x01,0x0d,0x4a,0x08,0x74,0xba,0x41,0x71,0xa5,0xc0,0x02,0x03,0x3e,0xb3,0x04,0xb1,0x30,0xd0,0x31,0x08,0xb0,0x40,0x06,0xaf,
    0x20,0x96,0x41,0x2b,0x58,0x16,0xc8,0xe7,0x74,0x61,0x50,0xc3,0x2c,0xc4,0xdc,0xd8,0x82,0x24,0x0b,0xd1,0x2c,0x54,0xb4,0x70,
    0xd5,0xc2,0x88,0xc1,0x03,0x80,0x20,0x18,0x60,0xa2,0x85,0x4f,0xaf,0xf4,0x47,0x26,0x51,0x12,0x24,0x51,0x4b,0x78,0x85,0x57,
    0x78,0x15,0x8c,0x26,0x04,0xc0,0x68,0x82,0x10,0x8c,0x26,0x0c,0xc2,0x68,0x02,0x31,0xcc,0x12,0xd8,0xc2,0x88,0xc1,0x03,0x80,
    0x20,0x18,0x60,0xa7,0xd5,0x4f,0xb5,0x54,0x4a,0x2b,0xa1,0x12,0x29,0xa1,0x4b,0x7d,0xd5,0x57,0x7d,0x65,0x8c,0x26,0x04,0xc0,
    0x68,0x82,0x10,0x8c,0x26,0x0c,0xc2,0x68,0x02,0x31,0xcc,0x12,0xd8,0xc2,0x88,0xc1,0x03,0x80,0x20,0x18,0x60,0xac,0x25,0x52,
    0xbb,0xb4,0x4a,0x30,0xf1,0x12,0x2e,0xf1,0x4b,0xa2,0x25,0x5a,0xa2,0xb5,0x8c,0x26,0x04,0xc0,0x68,0x82,0x10,0x8c,0x26,0x0c,
    0xc2,0x68,0x02,0x31,0xcc,0x12,0xd8,0xc2,0x88,0xc1,0x03,0x80,0x20,0x18,0x60,0xb1,0x75,0x52,0xe1,0x14,0x4b,0x35,0x41,0x13,
    0x33,0x41,0x4e,0xa7,0x75,0x5a,0xa7,0x05,0x8d,0x26,0x04,0xc0,0x68,0x82,0x10,0x8c,0x26,0x0c,0xc2,0x68,0x02,0x31,0xcc,0x12,
    0xd8,0xc2,0x40,0xcb,0xe0,0x9a,0x41,0x2c,0x20,0xb5,0x20,0xd1,0x02,0x37,0x0b,0x66,0x20,0x0b,0x03,0x2d,0x03,0x6c,0x06,0xb1,
    0x80,0xd4,0x82,0x44,0x0b,0xdc,0x2c,0x98,0x81,0x2c,0x0c,0xb4,0x0c,0xb2,0x19,0xc4,0x02,0x52,0x0b,0x12,0x2d,0x70,0xb3,0x60,
    0x06,0xb2,0x30,0xd0,0x32,0xd0,0x66,0x10,0x0b,0x48,0x2d,0x48,0xb4,0xc0,0xcd,0x82,0x19,0xc8,0x82,0xad,0x4e,0x59,0xc1,0x60,
    0xc4,0xe0,0x00,0x40,0x10,0x0c,0xd0,0x80,0xb6,0x76,0x6a,0x95,0x82,0xd1,0x84,0x00,0x18,0x4d,0x10,0x82,0xd1,0x84,0x41,0x18,
    0x4d,0x20,0x06,0x53,0x88,0xf8,0x98,0x42,0xc4,0xc7,0x14,0x22,0x3e,0xa6,0x10,0xf1,0x31,0x82,0x0c,0xe4,0x63,0x44,0x19,0xc8,
    0xc7,0x08,0x33,0x90,0x8f,0x11,0x67,0x20,0x1f,0x23,0x18,0xf8,0x18,0xc1,0xc0,0xc7,0x08,0x06,0x3e,0x46,0x30,0xf0,0x99,0x65,
    0xc0,0x85,0x5b,0x30,0x89,0x11,0x03,0x03,0x00,0x41,0x30,0x78,0xde,0x0b,0xad,0x76,0xc2,0x0a,0x96,0x88,0x8f,0x15,0x2c,0x11,
    0x1f,0x2b,0x58,0x22,0x3e,0x56,0xb0,0x44,0x7c,0xac,0x20,0xe4,0x63,0x06,0x21,0x1f,0x3b,0x08,0xf9,0x18,0x42,0xc8,0xc7,0x08,
    0x9a,0x80,0x8f,0x11,0x34,0x01,0x1f,0x23,0x68,0x02,0x3e,0x46,0xd0,0x04,0x7c,0x66,0x09,0x70,0x61,0xa0,0x62,0x40,0x6e,0x41,
    0x0c,0x6c,0x61,0xa0,0x62,0x40,0x6e,0x41,0x0c,0x6c,0x61,0xa0,0x62,0x40,0x6e,0x41,0x0c,0x6c,0x61,0xa0,0x62,0x40,0x6e,0x41,
    0x0c,0x6c,0xa1,0x70,0x82,0xbe,0x60,0xba,0x21,0xbe,0xea,0xab,0x2c,0x86,0x1b,0x84,0x80,0x0c,0x66,0x19,0x40,0xc1,0x17,0x82,
    0x61,0x16,0x22,0x7e,0x7e,0x41,0xd2,0x85,0x68,0x17,0x2a,0x5e,0xb8,0x7a,0x61,0xc4,0xe0,0x01,0x40,0x10,0x0c,0x30,0x10,0xb3,
    0xab,0x96,0xea,0x27,0xd2,0x18,0x0d,0xd1,0x98,0x29,0xfb,0xb2,0x2f,0xfb,0x1a,0x8f,0xd1,0x84,0x00,0x18,0x4d,0x10,0x82,0xd1,
    0x84,0x41,0x18,0x4d,0x20,0x86,0x59,0x82,0x5f,0x18,0x31,0x78,0x00,0x10,0x04,0x03,0xac,0xc4,0xf6,0x6a,0xa6,0x46,0x2a,0x35,
    0x50,0xe3,0x34,0x70,0x6a,0xbf,0xf6,0x6b,0xbf,0xd0,0x63,0x34,0x21,0x00,0x46,0x13,0x84,0x60,0x34,0x61,0x10,0x46,0x13,0x88,
    0x61,0x96,0xe0,0x17,0x46,0x0c,0x1e,0x00,0x04,0xc1,0x00,0x53,0x31,0xd0,0xca,0xa9,0x94,0x72,0x8d,0xd6,0x60,0x8d,0x9e,0x02,
    0x31,0x10,0x03,0xb1,0xf6,0x18,0x4d,0x08,0x80,0xd1,0x04,0x21,0x18,0x4d,0x18,0x84,0xd1,0x04,0x62,0x98,0x25,0xf8,0x85,0x11,
    0x83,0x07,0x00,0x41,0x30,0xc0,0x5e,0xac,0xb4,0x7e,0xea,0xa5,0x66,0x43,0x36,0x62,0x43,0xac,0x4a,0xac,0xc4,0x4a,0x4c,0x3e,
    0x46,0x13,0x02,0x60,0x34,0x41,0x08,0x46,0x13,0x06,0x61,0x34,0x81,0x18,0x66,0x09,0x7e,0x61,0x96,0xe0,0x17,0x06,0x6a,0x06,
    0x55,0x0d,0x72,0x01,0xe9,0x05,0x89,0x17,0xb8,0x5d,0x30,0x03,0x5d,0xb0,0x03,0x5f,0x18,0xa8,0x19,0x58,0x35,0xc8,0x05,0xa4,
    0x17,0x24,0x5e,0xe0,0x76,0xc1,0x0c,0x74,0xc1,0x0e,0x7c,0x61,0xa0,0x66,0x70,0xd5,0x20,0x17,0x90,0x5e,0x90,0x78,0x81,0xdb,
    0x05,0x33,0xd0,0x05,0x3b,0xf0,0x85,0x81,0x9a,0x01,0x56,0x83,0x5c,0x40,0x7a,0x41,0xe2,0x05,0x6e,0x17,0xcc,0x40,0x17,0xec,
    0xc0,0x17,0x8c,0x40,0x0f,0xf8,0x18,0x81,0x1e,0xf0,0x31,0x02,0x3d,0xe0,0x63,0x04,0x7a,0xc0,0xc7,0xd0,0x63,0xc6,0x60,0x30,
    0xdc,0x10,0xbc,0x07,0x1a,0xcc,0x32,0xdc,0x01,0x38,0x04,0xb3,0x04,0xe1,0x30,0x50,0x31,0xf8,0x6a,0x50,0x07,0x0c,0x38,0x0c,
    0x54,0x0c,0xe0,0x1a,0xd4,0x01,0x03,0x0e,0x03,0x15,0x83,0xb8,0x06,0x75,0xc0,0x80,0xc3,0x40,0xc5,0x40,0xae,0x41,0x1d,0x30,
    0xe0,0x60,0xc4,0x8a,0xd0,0xc7,0x08,0x16,0xa1,0x8f,0x11,0x2d,0x42,0x1f,0x23,0x5c,0x84,0x3e,0xb3,0x04,0xf3,0x64,0x37,0x04,
    0x5f,0x30,0x18,0x31,0x38,0x00,0x10,0x04,0x03,0x34,0x00,0xb3,0xf3,0xba,0xa9,0x60,0x34,0x21,0x00,0x2e,0x20,0x4c,0xed,0xcc,
    0xfa,0x6c,0x09,0x33,0xa6,0xc3,0x0d,0x82,0x98,0x85,0xc1,0x70,0x83,0xd0,0x63,0x60,0x50,0x42,0xb0,0x65,0xd4,0x96,0x0e,0x37,
    0x04,0xb5,0x05,0x06,0x15,0x0c,0x5b,0x89,0x6d,0xe9,0x70,0x43,0x60,0x5b,0x60,0x50,0xc1,0xb0,0xb3,0x0c,0xe8,0x30,0x0e,0xc1,
    0x30,0x0b,0x61,0x46,0xf3,0x24,0x91,0x43,0x54,0x0e,0x95,0x39,0x5c,0xe7,0x30,0x62,0x00,0x01,0x20,0x08,0x06,0x96,0x9d,0xb9,
    0x97,0x68,0xc9,0xd5,0xc9,0x98,0x4c,0xc9,0xa0,0xd6,0x9a,0xad,0xd9,0x9a,0xa5,0x0d,0x6a,0x8d,0x26,0x04,0xc0,0x68,0x82,0x10,
    0x8c,0x26,0x0c,0xc2,0x68,0x02,0x31,0xcc,0x12,0xcc,0xd3,0x88,0x01,0x04,0x80,0x20,0x18,0x58,0x7b,0x36,0x5f,0xa8,0x85,0x57,
    0x2c,0xb3,0x32,0x2a,0xd3,0x5a,0x70,0x06,0x67,0x70,0xe6,0x36,0xad,0x35,0x9a,0x10,0x00,0xa3,0x09,0x42,0x30,0x9a,0x30,0x08,
    0xa3,0x09,0xc4,0x30,0x4b,0x30,0x4f,0x23,0x06,0x10,0x00,0x82,0x60,0x60,0x81,0x1a,0x7e,0xb9,0x96,0x5f,0xc5,0x0c,0xcc,0xbc,
    0x8c,0x6c,0xd5,0x59,0x9d,0xd5,0xd9,0xdc,0xc8,0xd6,0x68,0x42,0x00,0x8c,0x26,0x08,0xc1,0x68,0xc2,0x20,0x8c,0x26,0x10,0xc3,
    0x2c,0xc1,0x3c,0x8d,0x18,0x40,0x00,0x08,0x82,0x81,0x55,0x6a,0xfd,0x45,0x5b,0xa4,0x65,0x33,0x35,0x43,0x33,0xb7,0xa5,0x67,
    0x7a,0xa6,0x67,0x78,0x73,0x5b,0xa3,0x09,0x01,0x30,0x9a,0x20,0x04,0xa3,0x09,0x83,0x30,0x9a,0x40,0x0c,0xb3,0x04,0xf3,0x34,
    0xcc,0x42,0xe8,0x51,0x3b,0x48,0xe9,0x10,0xa9,0x43,0xb5,0x0e,0x17,0x3b,0x8c,0x18,0x2c,0x00,0x08,0x82,0xc1,0x67,0x6a,0xfb,
    0x65,0x5b,0xa6,0x05,0x3a,0x7f,0xa3,0x3b,0x3f,0x36,0x4b,0xd0,0x0e,0x23,0x06,0x0b,0x00,0x82,0x60,0xf0,0x9d,0x1a,0x7f,0xe1,
    0x16,0x6a,0x85,0x0e,0xe8,0xec,0x0e,0x98,0xcd,0x12,0xb4,0xc3,0x88,0xc1,0x02,0x80,0x20,0x18,0x7c,0xa8,0xd6,0x5f,0xba,0xa5,
    0x5a,0xa2,0x13,0x3a,0xbc,0x13,0x66,0xb3,0x04,0xed,0x30,0x62,0xb0,0x00,0x20,0x08,0x06,0x5f,0xaa,0xf9,0x17,0x6f,0xb1,0xd6,
    0xe8,0x88,0x4e,0xef,0x88,0xd9,0x2c,0x41,0x3b,0x0c,0xb4,0x0c,0x7c,0x1b,0xa0,0x83,0xc0,0x0e,0xc4,0x3a,0x18,0xea,0x80,0xa4,
    0x83,0x05,0xa2,0x03,0x9f,0x11,0x83,0x03,0x00,0x41,0x30,0x68,0x66,0x6d,0xc6,0x82,0xbf,0xa9,0x31,0x00,0x83,0x2d,0x2f,0xd8,
    0x59,0x06,0x77,0x20,0x8b,0x60,0x98,0x85,0x18,0xa5,0x79,0x90,0xde,0x21,0x82,0x87,0x2a,0x1e,0x2e,0x79,0x18,0x31,0x38,0x00,
    0x10,0x04,0x83,0x2d,0xd6,0x68,0xec,0xb7,0x50,0x6d,0x34,0x21,0x18,0x66,0x09,0xe6,0x61,0xc4,0xe0,0x00,0x40,0x10,0x0c,0xb6,
    0x59,0xb3,0x31,0xf1,0x52,0xb5,0xd1,0x84,0x60,0x98,0x25,0x98,0x87,0x11,0x83,0x03,0x00,0x41,0x30,0xd8,0x6a,0x0d,0xc7,0xca,
    0x8b,0xd5,0x46,0x13,0x82,0x61,0x96,0x60,0x1e,0x46,0x0c,0x0e,0x00,0x04,0xc1,0x60,0xbb,0x35,0x1d,0x43,0x2f,0x57,0x1b,0x4d,
    0x08,0x86,0x59,0x82,0x79,0x18,0x68,0x21,0x04,0x79,0x30,0xe2,0x41,0x81,0x07,0xe7,0x1d,0xc0,0x3a,0x70,0x87,0xe1,0x08,0x86,
    0xbd,0x84,0x6f,0x34,0xa1,0x0e,0x82,0xd1,0x04,0x3b,0x10,0xa6,0x1b,0x84,0x60,0x18,0x8e,0x08,0xe2,0xcb,0xf9,0x46,0x13,0xf2,
    0x60,0xb8,0x80,0x30,0x15,0xa8,0x9a,0x0e,0x37,0x04,0xb9,0x06,0x06,0xa5,0x94,0x19,0xcc,0x32,0xd4,0x03,0x3d,0x08,0x17,0x0c,
    0x6a,0xc4,0xe0,0x00,0x40,0x10,0x0c,0x1a,0x75,0x53,0xb3,0xeb,0xbe,0x46,0x0c,0x0e,0x00,0x04,0xc1,0xa0,0x59,0x37,0x35,0x0b,
    0x84,0x59,0x82,0x7a,0x18,0xa8,0x18,0x04,0x7a,0x90,0xdf,0x60,0x1e,0x86,0x1b,0x0e,0x5e,0x03,0x83,0xe1,0x06,0x04,0xd7,0xc0,
    0xa0,0x84,0x60,0x8d,0x08,0x31,0xf8,0x4c,0x37,0x14,0x81,0x30,0x62,0x60,0x00,0x20,0x08,0x06,0x4f,0xbc,0xad,0x59,0x70,0x01,
    0x61,0x2a,0x38,0x37,0x18,0x31,0x38,0x00,0x10,0x04,0x83,0xee,0xdd,0x7e,0x2c,0x68,0x66,0x09,0xec,0x61,0xa0,0x62,0x30,0xe1,
    0xa0,0x1e,0xde,0x66,0x2c,0x06,0x2a,0x06,0x14,0x0e,0xea,0xe1,0x6d,0xc6,0x62,0xa0,0x62,0x50,0xe1,0xa0,0x1e,0xde,0x66,0x2c,
    0x06,0x2a,0x06,0x16,0x0e,0xea,0xe1,0x6d,0xc6,0x62,0xa0,0x82,0xc0,0xed,0xa0,0x1e,0xde,0x66,0x2c,0x86,0x1b,0x82,0x76,0x03,
    0x83,0xe9,0x86,0xe4,0x08,0x86,0x59,0x08,0x75,0xda,0x07,0xe9,0x1e,0x22,0x7c,0xa8,0xf2,0xe1,0xd2,0x87,0x11,0x83,0x03,0x00,
    0x41,0x30,0xd8,0xf0,0x6d,0xcf,0x4c,0x2c,0x18,0x4d,0x08,0x80,0xd1,0x04,0x21,0x18,0x4d,0x18,0x84,0x59,0x82,0x7d,0x18,0x31,
    0x38,0x00,0x10,0x04,0x83,0x8d,0xdf,0xfe,0x6c,0xc5,0x8a,0xd1,0x84,0x00,0x18,0x4d,0x10,0x82,0xd1,0x84,0x41,0x98,0x25,0xd8,
    0x87,0x11,0x83,0x03,0x00,0x41,0x30,0xd8,0x40,0x6e,0xd4,0x60,0x2c,0x19,0x4d,0x08,0x80,0xd1,0x04,0x21,0x18,0x4d,0x18,0x84,
    0x59,0x82,0x7d,0x18,0x31,0x38,0x00,0x10,0x04,0x83,0x8d,0xe4,0x4e,0xad,0xc6,0x9a,0xd1,0x84,0x00,0x18,0x4d,0x10,0x82,0xd1,
    0x84,0x41,0x98,0x25,0xd8,0x87,0x81,0x16,0x42,0xd0,0x07,0x25,0x1f,0x24,0x7c,0xd0,0xee,0xc1,0xbf,0x03,0x7b,0x18,0x68,0x21,
    0x0c,0x7d,0x70,0xf2,0xc1,0xc2,0x07,0xef,0x1e,0x40,0x3c,0xb0,0x87,0x81,0x16,0x42,0xd1,0x07,0x29,0x1f,0x34,0x7c,0x10,0x83,
    0x7b,0x10,0xf1,0xc0,0x1e,0x2e,0x18,0xd4,0x0d,0x83,0xba,0x62,0x50,0x36,0x84,0x8f,0x7c,0x6c,0x08,0x1f,0xf9,0xd8,0x10,0x3e,
    0xf2,0x99,0x65,0xe0,0x87,0x7e,0x98,0x03,0x1b,0xcc,0x0c,0x3e,0x36,0x9c,0x19,0x7c,0x6c,0x40,0x33,0xf8,0xcc,0x12,0xf4,0xc3,
    0x40,0xc5,0x60,0xf0,0x03,0xb3,0x0f,0x03,0x15,0x83,0xc1,0x0f,0xcc,0x3e,0x0c,0x54,0x0c,0x06,0x3f,0x30,0xfb,0x30,0x62,0x60,
    0x00,0x20,0x08,0x06,0xcf,0xce,0xd5,0xda,0x30,0x62,0x60,0x00,0x20,0x08,0x06,0x0f,0xcf,0xd9,0xda,0x30,0x62,0x60,0x00,0x20,
    0x08,0x06,0x4f,0xcf,0xdd,0xda,0x70,0x03,0x81,0x6e,0x20,0xd0,0x0d,0x04,0x9a,0x65,0xf0,0x87,0x7f,0xf8,0x83,0x11,0x03,0x03,
    0x00,0x41,0x30,0x78,0xc2,0x4e,0xd7,0x92,0x11,0x03,0x03,0x00,0x41,0x30,0x78,0xc4,0x6e,0xd7,0x92,0x11,0x03,0x03,0x00,0x41,
    0x30,0x78,0xc6,0x8e,0xd7,0x92,0x59,0x82,0x7f,0x18,0xa8,0x18,0x0c,0x7f,0x20,0xe7,0xa0,0x1f,0x06,0x2a,0x06,0xc3,0x1f,0xcc,
    0x39,0xe8,0x87,0x81,0x8a,0xc1,0xf0,0x07,0x74,0x0e,0xfa,0x61,0xba,0xe1,0xe6,0x76,0xae,0x14,0x66,0x09,0x40,0x62,0xa0,0x62,
    0x60,0xe7,0xe0,0x1f,0x76,0x04,0x2c,0x06,0x2a,0x06,0x77,0x0e,0xfe,0x61,0x47,0xc0,0x62,0xa0,0x62,0x80,0xe7,0xe0,0x1f,0x76,
    0x04,0x2c,0x06,0x2a,0x06,0x79,0x0e,0xfe,0x61,0x47,0xc0,0x62,0xa0,0x82,0xf0,0xf3,0xe0,0x1f,0xc6,0x04,0x2c,0x66,0x09,0x42,
    0x62,0xa0,0x62,0x50,0x40,0x22,0x46,0x7e,0x62,0xa0,0x62,0x50,0x40,0x22,0x46,0x7e,0x62,0xa0,0x62,0x50,0x40,0x22,0x46,0x7e,
    0x62,0xa0,0x62,0x50,0x40,0x22,0x46,0x7e,0x62,0xa0,0x82,0x40,0xf5,0x00,0x24,0x6a,0xe4,0x27,0x86,0x1b,0x82,0xb2,0x0b,0x03,
    0x13,0x35,0x27,0x3e,0xd3,0x0d,0x4f,0x20,0x0c,0x37,0x24,0x68,0x17,0x06,0x56,0x6a,0x50,0x7c,0xa6,0x1b,0xa2,0x40,0x30,0x22,
    0x90,0xcf,0x2c,0x81,0x48,0x0c,0x54,0x0c,0x58,0x48,0xe4,0x87,0x4f,0x0c,0x54,0x0c,0x58,0x48,0xe4,0x87,0x4f,0x0c,0x54,0x0c,
    0x58,0x48,0xe4,0x87,0x4f,0x0c,0x54,0x0c,0x58,0x48,0xe4,0x87,0x4f,0x0c,0x54,0x10,0xe0,0x1e,0x84,0x44,0x7e,0xf8,0x44,0x05,
    0x60,0x00,0xe5,0x80,0x01,0x14,0x05,0x06,0x30,0xcb,0x30,0x12,0x24,0x11,0x13,0xc3,0x0d,0xc3,0x1c,0x9c,0x41,0x11,0xf7,0x86,
    0x27,0x10,0xa2,0x02,0x61,0x67,0x09,0x48,0x62,0xa0,0x82,0x10,0x46,0x02,0xde,0x03,0x91,0x18,0x6e,0xc0,0x09,0xbd,0x03,0x83,
    0x59,0x86,0x92,0x30,0x89,0xa0,0x92,0x3c,0x30,0x0b,0xf4,0x00,0x04,0x15,0xec,0x81,0xcd,0x12,0xa4,0xc4,0x70,0x03,0x4f,0xe8,
    0x1d,0x18,0xcc,0x32,0x9c,0x04,0x4a,0x04,0xd5,0x07,0x7f,0x77,0xe5,0x04,0x66,0x81,0x00,0x82,0x0a,0x06,0x1b,0x6e,0x08,0x42,
    0x01,0x0d,0xaa,0x70,0x39,0xa8,0x60,0x88,0xe9,0x06,0x22,0x18,0x66,0x09,0x52,0xc2,0x4a,0x21,0xe6,0x40,0x30,0x62,0x70,0x00,
    0x20,0x08,0x06,0xdd,0xeb,0xb1,0x9c,0x75,0x7a,0x23,0x06,0x07,0x00,0x82,0x60,0xd0,0xc1,0x1e,0xcb,0x05,0xc2,0x2c,0x41,0x4a,
    0x0c,0x74,0x10,0x5a,0x49,0x08,0x28,0x81,0x9c,0x44,0xad,0x05,0xe9,0x61,0x05,0x7d,0xa7,0xc3,0x0d,0x81,0xe9,0x81,0xc1,0x2c,
    0x83,0x4a,0xac,0x44,0x30,0xdc,0x50,0xb5,0x5e,0x18,0x0c,0x37,0x70,0xae,0x87,0x06,0x15,0x08,0x3b,0xdc,0xe0,0xc1,0xc2,0x19,
    0x54,0x20,0xec,0x05,0x84,0x98,0x25,0x58,0x89,0x81,0x0a,0x42,0x50,0x09,0x3b,0x48,0x89,0xe1,0x86,0xa4,0xf6,0xc0,0x60,0x96,
    0x81,0x25,0x5a,0x22,0xa8,0x31,0xa8,0x05,0xb3,0xc0,0x16,0x40,0x50,0xc1,0x2d,0xd8,0x2c,0x01,0x4c,0x0c,0x37,0x34,0xb5,0x07,
    0x06,0xb3,0x0c,0x2e,0xf1,0x12,0x41,0xe5,0x82,0xee,0x5d,0xa1,0x41,0x60,0x16,0x08,0x20,0xa8,0x60,0xb0,0xe1,0x86,0xa0,0x17,
    0xd0,0xa0,0x8a,0xb4,0x83,0x0a,0x86,0x98,0x6e,0x20,0x82,0x61,0x96,0x00,0x26,0x2c,0x1c,0xd8,0x0e,0x04,0x23,0x06,0x07,0x00,
    0x82,0x60,0xd0,0xa9,0xdf,0xd9,0xc1,0x81,0xf8,0x8d,0x18,0x1c,0x00,0x08,0x82,0x41,0xb7,0x7e,0x67,0x17,0x08,0xb3,0x04,0x30,
    0x31,0xd0,0x41,0x68,0x2c,0x21,0xbc,0x04,0xe2,0x12,0xc3,0x0d,0x52,0xf9,0x85,0xc1,0x05,0x84,0x28,0xd4,0x30,0x3f,0xac,0x40,
    0xf7,0x74,0xb8,0x21,0x18,0x3f,0x30,0x98,0x65,0x88,0x09,0x99,0x08,0x86,0x1b,0xee,0x40,0xfd,0xd0,0xa0,0x02,0x63,0x87,0x1b,
    0xf2,0xa0,0x1d,0xce,0xa0,0x02,0x61,0x2f,0x20,0xc4,0x2c,0x81,0x4c,0x0c,0x54,0x10,0x42,0x4c,0x48,0x30,0x31,0xdc,0x80,0xc4,
    0x1f,0x18,0xcc,0x32,0xcc,0x04,0x4d,0x04,0xe5,0x07,0xf2,0x60,0x16,0xcc,0x03,0x08,0x2a,0xa0,0x07,0x9b,0x25,0xb8,0x89,0xe1,
    0x06,0x26,0xfe,0xc0,0x60,0x96,0xa1,0x26,0x6c,0x22,0x28,0x7b,0xb0,0xbf,0xab,0x51,0x08,0xcc,0x02,0x01,0x04,0x15,0x0c,0x36,
    0xdc,0x10,0xe8,0x03,0x1a,0x54,0x51,0x7a,0x50,0xc1,0x10,0xd3,0x0d,0x44,0x30,0xcc,0x12,0xdc,0x84,0xf9,0x03,0xea,0x81,0x60,
    0xc4,0xe0,0x00,0x40,0x10,0x0c,0x3a,0x13,0x0c,0x46,0x6f,0x15,0xfc,0x6f,0xc4,0xe0,0x00,0x40,0x10,0x0c,0xba,0x13,0x0c,0x46,
    0x2f,0x10,0x66,0x09,0x6e,0x62,0xa0,0x83,0xd0,0x66,0x42,0xb0,0x09,0xa4,0x26,0x86,0x1b,0xa4,0x10,0x0c,0xc0,0x60,0x96,0x21,
    0x27,0x70,0x22,0xb0,0xfe,0xba,0x3d,0x18,0x8c,0x18,0x1c,0x00,0x08,0x82,0x01,0x1a,0x98,0x60,0xd0,0x7a,0xfd,0x16,0x8c,0x26,
    0x04,0xc0,0x68,0x82,0x10,0x8c,0x26,0x0c,0xc2,0x68,0x02,0x31,0xcc,0x12,0xf8,0xc4,0x30,0x0b,0x31,0x62,0x3e,0x21,0xe9,0x44,
    0xb4,0x13,0x15,0x4f,0x5c,0x3d,0x31,0x62,0xd0,0x00,0x20,0x08,0x06,0x61,0xe0,0x82,0x41,0xec,0xfd,0x9c,0x4e,0xfc,0x01,0x19,
    0x20,0xb7,0x77,0x7b,0xb7,0x37,0x9a,0x10,0x00,0xa3,0x09,0x42,0x30,0x9a,0x30,0x08,0xa3,0x09,0xc4,0x30,0x4b,0xe0,0x13,0x23,
    0x06,0x0d,0x00,0x82,0x60,0x10,0x06,0x33,0x18,0xd8,0x5e,0xd9,0xfd,0x04,0x29,0xa4,0x41,0xc3,0x7b,0xbc,0xc7,0x7b,0xa3,0x09,
    0x01,0x30,0x9a,0x20,0x04,0xa3,0x09,0x83,0x30,0x9a,0x40,0x0c,0xb3,0x04,0x3e,0x31,0x62,0xd0,0x00,0x20,0x08,0x06,0x61,0x80,
    0x83,0xc1,0xee,0xad,0x1d,0x59,0xa4,0x82,0x1b,0x48,0xe1,0x17,0x7e,0xe1,0x37,0x9a,0x10,0x00,0xa3,0x09,0x42,0x30,0x9a,0x30,
    0x08,0xa3,0x09,0xc4,0x30,0x4b,0xe0,0x13,0x23,0x06,0x0d,0x00,0x82,0x60,0x10,0x06,0x3d,0x18,0x80,0x5f,0xdc,0xa5,0x85,0x2b,
    0xcc,0xc1,0x65,0x7e,0xe6,0x67,0x7e,0xa3,0x09,0x01,0x30,0x9a,0x20,0x04,0xa3,0x09,0x83,0x30,0x9a,0x40,0x0c,0xb3,0x04,0x3e,
    0x31,0x50,0x33,0xc0,0x01,0x4e,0xb8,0x7b,0x90,0x13,0x48,0x4f,0x48,0x3c,0xc1,0xed,0x84,0x19,0xe8,0xc4,0x40,0xcd,0x00,0x07,
    0x38,0x01,0xef,0x41,0x4e,0x20,0x3d,0x21,0xf1,0x04,0xb7,0x13,0x66,0xa0,0x13,0x03,0x35,0x03,0x1c,0xe0,0x84,0xbc,0x07,0x39,
    0x81,0xf4,0x84,0xc4,0x13,0xdc,0x4e,0x98,0x81,0x4e,0x0c,0xd4,0x0c,0x70,0x80,0x13,0xf4,0x1e,0xe4,0x04,0xd2,0x13,0x12,0x4f,
    0x70,0x3b,0x61,0x06,0x3a,0x31,0xdc,0x00,0x0f,0x60,0x18,0x84,0x81,0xf5,0x9d,0x4a,0xc4,0x67,0xba,0x61,0x25,0x02,0xc1,0xf0,
    0x21,0x90,0x8f,0x21,0x81,0x7c,0x0c,0x11,0xe4,0x63,0xc8,0x20,0x1f,0x43,0x08,0xf9,0x18,0xc1,0x0f,0xf0,0x31,0x82,0x1f,0xe0,
    0x63,0x04,0x3f,0xc0,0xc7,0x08,0x7e,0x80,0x8f,0xf1,0x43,0x1b,0x06,0x30,0x18,0x6e,0x08,0x66,0x02,0x0d,0x66,0x19,0x44,0xe2,
    0x27,0x02,0x53,0x89,0x37,0x0c,0x60,0x30,0xdc,0x10,0xd4,0x04,0x1a,0xcc,0x32,0x84,0x04,0x58,0x04,0x16,0x13,0x71,0x18,0xc0,
    0x60,0xb8,0x21,0xb8,0x09,0x34,0x98,0x65,0x00,0x89,0xb0,0x08,0x66,0x19,0xc6,0x42,0x2c,0x4a,0x63,0xc4,0xc0,0x00,0x40,0x10,
    0x0c,0x9e,0x3f,0x0c,0xf0,0x8f,0x36,0x6c,0x59,0x8d,0xf8,0xd8,0xb2,0x1a,0xf1,0xb1,0x65,0x35,0xe2,0x63,0xcb,0x6a,0xc4,0xc7,
    0x0a,0x42,0x3e,0x66,0x10,0xf2,0xb1,0x83,0x90,0x8f,0x21,0x84,0x7c,0x8c,0x98,0x0d,0xf8,0x18,0x31,0x1b,0xf0,0x31,0x62,0x36,
    0xe0,0x63,0xc4,0x6c,0xc0,0x67,0x96,0x60,0x2c,0x06,0x2a,0x06,0x44,0x2c,0xdc,0x20,0x2c,0x06,0x2a,0x06,0x44,0x2c,0xdc,0x20,
    0x2c,0x06,0x2a,0x06,0x44,0x2c,0xdc,0x20,0x2c,0x06,0x2a,0x06,0x44,0x2c,0xdc,0x20,0x2c,0xea,0x36,0x48,0x31,0x80,0xe9,0x86,
    0x50,0x0c,0x4a,0x31,0x18,0x8f,0xe1,0x06,0x21,0x20,0x83,0x59,0x06,0x7b,0x80,0xa7,0x60,0x98,0x85,0x08,0xb5,0x79,0x92,0xca,
    0x22,0x32,0x8b,0xea,0x2c,0x2e,0xb4,0x18,0x31,0x78,0x00,0x10,0x04,0x03,0x0c,0x16,0x03,0x13,0x0c,0x7a,0xaf,0xf5,0xc4,0x2a,
    0xac,0xc0,0x6a,0xfc,0x4c,0x31,0x30,0xc5,0xc0,0x14,0x83,0x10,0x19,0x4d,0x08,0x80,0xd1,0x04,0x21,0x18,0x4d,0x18,0x84,0xd1,
    0x04,0x62,0x98,0x25,0x98,0xa7,0x11,0x83,0x07,0x00,0x41,0x30,0xc0,0x6a,0x31,0x58,0xc1,0x60,0xfc,0x66,0xef,0xac,0xcc,0xaa,
    0xac,0xd0,0x6f,0x15,0x83,0x55,0x0c,0x56,0x31,0x30,0x91,0xd1,0x84,0x00,0x18,0x4d,0x10,0x82,0xd1,0x84,0x41,0x18,0x4d,0x20,
    0x86,0x59,0x82,0x79,0x1a,0x31,0x78,0x00,0x10,0x04,0x03,0x4c,0x17,0x03,0x18,0x0c,0xd2,0x2f,0xf7,0xd8,0x6a,0xad,0xd4,0xaa,
    0xfd,0x60,0x31,0x80,0xc5,0x00,0x16,0x83,0x15,0x19,0x4d,0x08,0x80,0xd1,0x04,0x21,0x18,0x4d,0x18,0x84,0xd1,0x04,0x62,0x98,
    0x25,0x98,0xa7,0x11,0x83,0x07,0x00,0x41,0x30,0xc0,0x7e,0x31,0xa8,0xc1,0xe0,0xfd,0x7e,0x2f,0xae,0xe0,0xea,0xad,0xe4,0xaf,
    0x16,0x83,0x5a,0x0c,0x6a,0x31,0x80,0x91,0xd1,0x84,0x00,0x18,0x4d,0x10,0x82,0xd1,0x84,0x41,0x18,0x4d,0x20,0x86,0x59,0x82,
    0x79,0x9a,0x65,0x50,0x8b,0xb5,0x78,0xad,0x11,0x03,0x03,0x00,0x41,0x30,0x78,0xce,0x31,0xc0,0xc1,0x60,0xb7,0x46,0x0c,0x0c,
    0x00,0x04,0xc1,0xe0,0x41,0xc7,0x20,0x07,0x83,0xdd,0x1a,0x31,0x30,0x00,0x10,0x04,0x83,0x27,0x1d,0x83,0x1c,0x0c,0x7a,0x6b,
    0xc4,0xc0,0x00,0x40,0x10,0x0c,0x1e,0x75,0x0c,0x74,0x30,0xe8,0xad,0x59,0x82,0xb5,0x18,0xa8,0x18,0x10,0xb5,0x90,0xff,0x20,
    0x2d,0x06,0x2a,0x06,0x44,0x2d,0xe8,0x3f,0x48,0x8b,0x81,0x8a,0x01,0x51,0x0b,0xfb,0x0f,0xd2,0x62,0xa0,0x62,0x40,0xd4,0x02,
    0xff,0x83,0xb4,0x18,0x6e,0xd0,0xb5,0x5f,0x0c,0xc0,0x60,0xb8,0xe1,0xd6,0xc6,0x31,0x08,0x83,0x12,0x02,0x1d,0x6e,0x00,0xb7,
    0x5f,0x0c,0xc8,0x60,0x96,0x81,0x2d,0xf6,0x46,0x18,0x31,0x30,0x00,0x10,0x04,0x83,0x67,0x1e,0x03,0x32,0x0c,0xce,0x6b,0xc4,
    0xc0,0x00,0x40,0x10,0x0c,0x1e,0x7a,0x0c,0xca,0x30,0x38,0xaf,0x11,0x03,0x03,0x00,0x41,0x30,0x78,0xea,0x31,0x28,0xc3,0x20,
    0xbd,0x46,0x0c,0x0c,0x00,0x04,0xc1,0xe0,0xb1,0xc7,0xc0,0x0c,0x83,0xf4,0xb2,0x72,0x03,0xc5,0x00,0x06,0x23,0x06,0x07,0x00,
    0x82,0x60,0x80,0x06,0xee,0x18,0xd4,0x61,0x50,0x7e,0xc1,0x68,0x42,0x00,0x5c,0x40,0x98,0xd1,0x84,0x61,0xb8,0x80,0x30,0x15,
    0x88,0x63,0xa0,0x25,0xac,0x63,0x80,0x17,0x0c,0x6a,0xc4,0xe0,0x00,0x40,0x10,0x0c,0x9a,0x90,0x0c,0x42,0x31,0x78,0xc1,0x20,
    0x98,0x65,0x68,0x0b,0xb9,0x78,0x86,0x59,0x88,0x77,0x93,0x0b,0xc9,0x2d,0xa2,0xb7,0xa8,0xe0,0xe2,0x8a,0x8b,0x11,0x83,0x03,
    0x00,0x41,0x30,0xd8,0xfa,0x31,0x00,0xc5,0xe0,0xff,0xe8,0x31,0x18,0x4d,0x08,0x80,0xd1,0x04,0x21,0x18,0x4d,0x18,0x86,0x59,
    0x02,0xb9,0x18,0x31,0x38,0x00,0x10,0x04,0x83,0x2d,0x24,0x03,0x52,0x0c,0x48,0x30,0xc0,0xc7,0x60,0x34,0x21,0x00,0x46,0x13,
    0x84,0x60,0x34,0x61,0x18,0x66,0x09,0xe4,0x62,0xc4,0xe0,0x00,0x40,0x10,0x0c,0xb6,0x92,0x0c,0x50,0x31,0x48,0xc1,0x80,0x1f,
    0x83,0xd1,0x84,0x00,0x18,0x4d,0x10,0x82,0xd1,0x84,0x61,0x98,0x25,0x90,0x8b,0x11,0x83,0x03,0x00,0x41,0x30,0xd8,0x52,0x32,
    0x60,0xc5,0xc0,0x05,0x03,0x90,0x0c,0x46,0x13,0x02,0x60,0x34,0x41,0x08,0x46,0x13,0x86,0x61,0x96,0x40,0x2e,0x06,0x6a,0x08,
    0x15,0x15,0xd8,0xc2,0x88,0x0b,0x07,0x2e,0xac,0xb7,0xf0,0xdc,0x02,0x45,0x85,0xb6,0x18,0xa8,0x21,0x58,0x54,0x60,0x0b,0x23,
    0x2e,0x1c,0xb8,0xb0,0xde,0xc2,0x73,0x0b,0x15,0x15,0xda,0x62,0xa0,0x86,0x70,0x51,0x81,0x2d,0x8c,0xb8,0x70,0xe0,0xc2,0x7a,
    0x0b,0xcf,0x2d,0x58,0x54,0x68,0x8b,0x1b,0x06,0x75,0xc3,0xa0,0x4c,0x18,0x03,0xf9,0x98,0x30,0x06,0xf2,0x31,0x41,0x90,0x8f,
    0x09,0x82,0x7c,0x2c,0x10,0xe0,0x33,0x62,0x60,0x00,0x20,0x08,0x06,0xcf,0x4e,0x06,0xaf,0x18,0x04,0x86,0x9c,0x81,0x7c,0x0c,
    0x39,0x03,0xf9,0x98,0x20,0xc8,0xc7,0x04,0x41,0x3e,0x16,0x08,0xf0,0x19,0x31,0x30,0x00,0x10,0x04,0x83,0x27,0x2c,0x83,0x5a,
    0x0c,0x82,0x11,0x83,0x03,0x00,0x41,0x30,0x68,0xc6,0x32,0x18,0xc7,0xe0,0x08,0x46,0x0c,0x0e,0x00,0x04,0xc1,0xa0,0x21,0xcb,
    0x80,0x1c,0x83,0x00,0x0f,0x83,0x11,0x03,0x03,0x00,0x41,0x30,0x78,0xc8,0x32,0x90,0xc5,0x20,0xb0,0xc0,0xc6,0xe0,0x33,0x62,
    0x70,0x00,0x20,0x08,0x06,0xcd,0x59,0x06,0xe7,0x18,0x04,0x33,0x36,0x1c,0x11,0xd4,0x61,0x20,0x7c,0xa3,0x09,0x70,0x10,0x8c,
    0x26,0xc4,0x81,0x30,0xdd,0x20,0x04,0xc3,0x05,0x84,0x19,0x6e,0x08,0x6e,0x32,0x00,0x83,0xe1,0x88,0x36,0xe0,0xc3,0x40,0xf8,
    0x2a,0x10,0xb4,0x90,0x40,0x67,0x19,0xe6,0xe2,0x46,0x02,0x73,0xe0,0x80,0x3e,0x23,0x06,0x07,0x00,0x82,0x60,0xd0,0xc8,0x65,
    0x10,0x8f,0x81,0x05,0x8d,0x18,0x1c,0x00,0x08,0x82,0x41,0x33,0x97,0xc1,0x3c,0x06,0x81,0x30,0x62,0x70,0x00,0x20,0x08,0x06,
    0x0d,0x5d,0x06,0xf4,0x18,0x04,0xa2,0x18,0x98,0x14,0xd0,0x67,0xc4,0xc0,0x00,0x40,0x10,0x0c,0x9e,0xba,0x0c,0x7c,0x31,0x08,
    0x46,0x0c,0x0e,0x00,0x04,0xc1,0xa0,0xb9,0xcb,0xe0,0x1e,0x83,0xa0,0x14,0x83,0x11,0x83,0x03,0x00,0x41,0x30,0x68,0xf0,0x32,
    0xb8,0xc7,0x20,0xb8,0x83,0x0b,0x08,0x33,0x1c,0xe1,0x61,0xc2,0x37,0xdd,0x70,0x0a,0xa5,0x10,0x4c,0x37,0x9c,0x42,0x29,0x08,
    0x47,0x0c,0xca,0x86,0x80,0x3e,0x36,0x08,0xf4,0x19,0x31,0x30,0x00,0x10,0x04,0x83,0xe7,0x2f,0x83,0x76,0x0c,0x18,0x0b,0xe2,
    0x0c,0x3e,0x23,0x06,0x07,0x00,0x82,0x60,0xd0,0x88,0x66,0x20,0x92,0x41,0xe0,0x66,0xc3,0x0d,0x4a,0x5d,0x06,0x60,0x30,0xcb,
    0x60,0x23,0x74,0x11,0xcc,0x12,0xd4,0xc5,0x40,0xc5,0x10,0x4e,0x34,0x22,0x96,0x02,0x5d,0x0c,0x54,0x10,0xe1,0x44,0x23,0xee,
    0x2a,0xd0,0xc5,0x05,0x83,0x2a,0x87,0x24,0x03,0xb8,0x60,0x50,0x16,0xe8,0x62,0x20,0x1f,0x23,0x82,0xf8,0x58,0xd0,0xc8,0xc7,
    0x84,0x46,0x3e,0x26,0xec,0x18,0x7c,0x4c,0xd8,0x31,0xf8,0x0c,0x37,0xc4,0x42,0x68,0x06,0x60,0x30,0xcb,0x70,0x17,0x76,0x11,
    0x14,0x1f,0xb4,0x64,0x00,0x17,0x0c,0x6a,0xc4,0xe0,0x00,0x40,0x10,0x0c,0x1a,0xd9,0x0c,0x64,0x32,0x80,0x7e,0x31,0x18,0x31,
    0x38,0x00,0x10,0x04,0x83,0x66,0x36,0x03,0x99,0x0c,0x02,0x61,0x96,0xe0,0x2e,0x06,0x2a,0x06,0xc1,0x2e,0x44,0x53,0xa8,0x8b,
    0xe1,0x86,0x5b,0x20,0xcd,0x20,0x0c,0x86,0x1b,0x70,0x01,0x34,0x83,0x30,0x28,0x21,0xd0,0x59,0x06,0xbc,0x20,0x8f,0xc0,0x88,
    0x74,0x0c,0xe0,0x33,0x62,0x60,0x00,0x20,0x08,0x06,0x0f,0x6e,0x06,0x32,0x19,0x04,0x17,0x10,0x66,0x96,0x21,0x2f,0xfc,0x02,
    0x1d,0x86,0x59,0x08,0xd4,0xf3,0x0b,0x49,0x2f,0xa2,0xbd,0xa8,0xf8,0xe2,0xea,0x8b,0x11,0x83,0x03,0x00,0x41,0x30,0xd8,0x6c,
    0x33,0xc8,0xc9,0x00,0x17,0x83,0x60,0x34,0x21,0x00,0x46,0x13,0x84,0x60,0x96,0xc0,0x2f,0x46,0x0c,0x0e,0x00,0x04,0xc1,0x60,
    0xcb,0xcd,0x80,0x27,0x03,0x5e,0x0c,0x88,0xd1,0x84,0x00,0x18,0x4d,0x10,0x82,0x59,0x02,0xbf,0x18,0x31,0x38,0x00,0x10,0x04,
    0x83,0x8d,0x37,0x83,0x9f,0x0c,0xc0,0x31,0x38,0x46,0x13,0x02,0x60,0x34,0x41,0x08,0x66,0x09,0xfc,0x62,0xc4,0xe0,0x00,0x40,
    0x10,0x0c,0xb6,0xdf,0x0c,0xc4,0x32,0x20,0xc7,0x40,0x19,0x4d,0x08,0x80,0xd1,0x04,0x21,0x98,0x25,0xf0,0x8b,0x81,0x1a,0x82,
    0x6e,0x05,0xbc,0x20,0xfa,0x42,0xe1,0x0b,0x68,0x2f,0x2c,0xbd,0x90,0x5b,0x21,0x2f,0x06,0x6a,0x08,0xbb,0x15,0xf0,0x82,0xe8,
    0x0b,0x85,0x2f,0xa0,0xbd,0xb0,0xf4,0x82,0x6e,0x85,0xbc,0x38,0x61,0x50,0x27,0x0c,0xca,0x04,0x4f,0x3e,0x26,0x78,0xf2,0x31,
    0xa1,0x1f,0x03,0xf8,0x98,0xe0,0x8f,0x01,0x7c,0x46,0x0c,0x0c,0x00,0x04,0xc1,0xe0,0x71,0xcf,0x00,0x2d,0x03,0x61,0xc4,0xc0,
    0x00,0x40,0x10,0x0c,0x9e,0xf7,0x0c,0xd2,0x32,0x10,0x4e,0x20,0xd0,0x09,0x04,0x1a,0x31,0x30,0x00,0x10,0x04,0x83,0x47,0x3e,
    0x83,0xb5,0x0c,0x8c,0x11,0x03,0x03,0x00,0x41,0x30,0x78,0xe6,0x33,0x60,0xcb,0xc0,0x98,0x25,0xf8,0x8b,0x81,0x8a,0x81,0x44,
    0x05,0xbf,0x58,0x8d,0xf1,0x18,0xa8,0x20,0x60,0x57,0xf0,0x8b,0xd7,0x18,0x8f,0x59,0x02,0xd0,0x18,0xa8,0x18,0x88,0xbf,0x38,
    0x0d,0xf1,0x18,0xa8,0x20,0x68,0x57,0xf8,0x8b,0xd3,0x10,0x8f,0xe1,0x86,0x60,0x3d,0x83,0x30,0x30,0x94,0x0c,0x8e,0xf8,0x4c,
    0x37,0x20,0x81,0x30,0xdc,0x60,0xb8,0x67,0x10,0x06,0xb6,0x92,0x41,0x12,0x9f,0xe9,0x06,0x25,0x10,0x8c,0x08,0xe4,0x53,0xc8,
    0x03,0xb5,0x3c,0x50,0x27,0x61,0x9e,0x81,0x0e,0x37,0x04,0xef,0x19,0x80,0xc1,0x2c,0x43,0x68,0x88,0x46,0x30,0xdc,0x40,0x74,
    0x67,0x50,0x45,0x5e,0x06,0x78,0x02,0x21,0x2a,0x10,0x76,0x96,0x40,0x34,0x06,0x2a,0x08,0x21,0x34,0xe8,0x57,0x00,0x8d,0xe1,
    0x86,0x83,0x3f,0x03,0x30,0x98,0x65,0x18,0x0d,0xd2,0x08,0x4a,0x19,0x03,0xb3,0x80,0x0c,0x40,0x50,0x41,0x19,0xd8,0x2c,0xc1,
    0x69,0x0c,0x37,0x2c,0xfc,0x19,0x80,0xc1,0x2c,0x43,0x69,0x98,0x46,0x50,0x67,0x10,0xa2,0xc1,0xd5,0x13,0x98,0x05,0x02,0x08,
    0x2a,0x18,0x6c,0xb8,0x21,0x58,0x03,0x34,0xa8,0x02,0x36,0x03,0xa8,0x60,0x88,0xe9,0x06,0x22,0x18,0x66,0x09,0x4e,0xc3,0xde,
    0x60,0x36,0x03,0x10,0x8c,0x18,0x1c,0x00,0x08,0x82,0x41,0x17,0xa3,0x81,0x6b,0x06,0x57,0x8a,0x06,0x23,0x06,0x07,0x00,0x82,
    0x60,0xd0,0xc9,0x68,0xe0,0x9a,0x41,0x20,0xcc,0x12,0x9c,0xc6,0x40,0x07,0xa1,0x8d,0x86,0x60,0x1a,0x48,0x69,0xd4,0x4f,0x98,
    0x68,0x80,0x15,0xfc,0x67,0xa0,0xc3,0x0d,0x01,0x8a,0x06,0x60,0x30,0xcb,0x80,0x1a,0xa9,0x11,0x0c,0x37,0x54,0x2f,0x1a,0x84,
    0xc1,0x70,0x43,0x07,0xa3,0x01,0x1a,0x54,0x20,0xec,0x70,0xc3,0x87,0x07,0x67,0x50,0x81,0xb0,0x17,0x10,0x62,0x96,0x20,0x35,
    0x06,0x2a,0x08,0x01,0x35,0xec,0xe0,0x34,0x86,0x1b,0x92,0x1b,0x0d,0xc0,0x60,0x96,0x41,0x35,0x56,0x23,0x28,0x32,0xe8,0x03,
    0xb3,0xc0,0x0f,0x40,0x50,0xc1,0x1f,0xd8,0x2c,0x81,0x6b,0x0c,0x37,0x34,0x37,0x1a,0x80,0xc1,0x2c,0x03,0x6b,0xb4,0x46,0x50,
    0xa1,0xc0,0xa3,0xc1,0x55,0x1a,0x04,0x66,0x81,0x00,0x82,0x0a,0x06,0x1b,0x6e,0x08,0x4a,0x01,0x0d,0xaa,0x58,0xcf,0x00,0x2a,
    0x18,0x62,0xba,0x81,0x08,0x86,0x59,0x02,0xd7,0xb0,0x54,0x70,0xcf,0x00,0x04,0x23,0x06,0x07,0x00,0x82,0x60,0xd0,0xb1,0x69,
    0x90,0x9e,0x41,0x1c,0x90,0x69,0x30,0x62,0x70,0x00,0x20,0x08,0x06,0x5d,0x9b,0x06,0xe9,0x19,0x04,0xc2,0x2c,0x81,0x6b,0x0c,
    0x74,0x10,0x9a,0x6a,0x08,0xad,0x81,0xb0,0x86,0x89,0x61,0xc0,0x9e,0x01,0x0c,0x46,0x0c,0x0e,0x00,0x04,0xc1,0x00,0x0d,0xd6,
    0x34,0x90,0xcf,0x40,0x2c,0x83,0x60,0x34,0x21,0x00,0x86,0x1b,0x2a,0x35,0x0d,0xc0,0xa0,0x4c,0x23,0xd0,0x59,0x86,0xd7,0xa0,
    0x8d,0x60,0x98,0x85,0x38,0xc3,0x80,0x36,0x24,0xd8,0x88,0x62,0xa3,0x92,0x8d,0x6b,0x36,0x46,0x0c,0x1a,0x00,0x04,0xc1,0x20,
    0x0c,0xe4,0x34,0xa8,0xcf,0xe0,0x2e,0x03,0x70,0x08,0x03,0x63,0x3f,0x83,0xfd,0x0c,0xf6,0x33,0xd8,0xcf,0x60,0x34,0x21,0x00,
    0x66,0x09,0x68,0x63,0xc4,0xa0,0x01,0x40,0x10,0x0c,0xc2,0x80,0x4e,0x83,0xfb,0x0c,0xf4,0x32,0x10,0x87,0x31,0x40,0xfa,0x33,
    0xe8,0xcf,0xa0,0x3f,0x83,0xfe,0x0c,0x46,0x13,0x02,0x60,0x96,0x80,0x36,0x46,0x0c,0x1a,0x00,0x04,0xc1,0x20,0x0c,0xec,0x34,
    0xc8,0xcf,0xa0,0x2f,0x03,0x72,0x28,0x03,0xe5,0x3f,0x83,0xff,0x0c,0xfe,0x33,0xf8,0xcf,0x60,0x34,0x21,0x00,0x66,0x09,0x68,
    0x63,0xc4,0xa0,0x01,0x40,0x10,0x0c,0xc2,0x00,0x4f,0x83,0xfd,0x0c,0x40,0x33,0x30,0x87,0x33,0x60,0x42,0x34,0x08,0xd1,0x20,
    0x44,0x83,0x10,0x0d,0x46,0x13,0x02,0x60,0x96,0x80,0x36,0x06,0x6a,0x06,0xcb,0x35,0x7c,0x56,0x78,0x0d,0x61,0x36,0x0c,0xd9,
    0x50,0x62,0xc3,0x81,0x8d,0xe1,0x86,0x34,0x0c,0xec,0x34,0x00,0x83,0x59,0x86,0xda,0xb0,0x8d,0x60,0x38,0x02,0xe6,0x04,0xe2,
    0x9b,0x6e,0x98,0xcd,0x40,0x36,0x83,0x60,0x96,0x40,0x3c,0x86,0x1b,0xd8,0x30,0xa8,0xd3,0x00,0x0c,0x66,0x19,0x6e,0x03,0x37,
    0x82,0xe1,0x88,0x99,0x2b,0x8a,0x6f,0xba,0xc1,0x36,0x83,0xda,0x0c,0x82,0x59,0x02,0xf1,0x18,0x6e,0x78,0xc3,0xc0,0x4e,0x03,
    0x30,0x98,0x65,0xc8,0x0d,0xdd,0x08,0x86,0x23,0x6c,0x0e,0x09,0xbe,0xe9,0x86,0xdc,0x0c,0x70,0x33,0x08,0x66,0x09,0xc4,0x63,
    0xb8,0x41,0x0e,0x03,0x3c,0x0d,0xc0,0x60,0x96,0x61,0x37,0x78,0x23,0x18,0x8e,0xc8,0xb9,0x65,0xf8,0xa6,0x1b,0x78,0x33,0xd8,
    0xcd,0x20,0x98,0x25,0x10,0x8f,0xe1,0x86,0x3a,0x0c,0xf4,0x34,0x00,0x83,0x59,0x86,0xde,0xf0,0x8d,0x60,0x38,0x82,0xe7,0x1c,
    0xe1,0x9b,0x6e,0xf8,0xcd,0xc0,0x37,0x83,0x60,0x96,0x40,0x3c,0x86,0x1b,0xf0,0x30,0x10,0xd5,0x00,0x0c,0x66,0x19,0x7e,0x03,
    0x3c,0x82,0xe1,0x88,0x9f,0x8b,0x9c,0x6f,0xba,0x41,0x3c,0x83,0xf0,0x0c,0x82,0x59,0x02,0xf1,0x18,0x6e,0xd8,0xc3,0xe0,0x4f,
    0x03,0x30,0x98,0x65,0x10,0x8f,0xf0,0x08,0x86,0x1b,0xf8,0x30,0x38,0xd5,0x00,0x0c,0xa6,0x1b,0xca,0x33,0xa8,0x82,0x59,0x02,
    0xf1,0x18,0x28,0x1a,0xcc,0xa0,0x36,0xc0,0xe0,0x36,0xb4,0xdc,0xa0,0x76,0xc3,0xe9,0x0d,0xe4,0x37,0x54,0x57,0x00,0x0f,0x21,
    0x3c,0x4c,0x17,0x02,0xf9,0x58,0x30,0x0e,0xf0,0xb1,0x71,0x70,0xd5,0x00,0x06,0xc3,0x0d,0xc1,0xaa,0x06,0x60,0x30,0xcb,0x30,
    0x1e,0xa0,0x11,0xd8,0x39,0xc0,0x6a,0x00,0x83,0xe1,0x86,0xa0,0x55,0x03,0x30,0x98,0x65,0x90,0x91,0xbf,0x08,0x46,0x0c,0x0c,
    0x00,0x04,0xc1,0xe0,0xf1,0xd5,0x00,0x47,0x83,0x95,0xb8,0x80,0x30,0xd5,0x1a,0x3e,0x1a,0x40,0x09,0xb5,0x1a,0xc0,0x88,0xc1,
    0x01,0x80,0x20,0x18,0x74,0xbd,0x1a,0xb4,0x68,0x10,0x08,0x23,0x06,0x06,0x00,0x82,0x60,0xf0,0x8c,0x6b,0xc0,0xa3,0x01,0x4c,
    0xd8,0x7c,0x06,0x41,0x7c,0x66,0x09,0xca,0x63,0xa0,0x62,0x30,0x5f,0x81,0x3c,0x6a,0x24,0x46,0x06,0x2a,0x08,0xb9,0x16,0xc8,
    0xa3,0x46,0x62,0x64,0xb8,0x21,0xd0,0xd5,0x00,0x0c,0xa6,0x1b,0x12,0x23,0x98,0x65,0x30,0x8f,0xf5,0xb8,0x8f,0x61,0x16,0xe2,
    0x16,0x83,0xf5,0x90,0xce,0x23,0x42,0x8f,0x2a,0x3d,0x2e,0xf5,0x18,0x31,0x38,0x00,0x10,0x04,0x83,0xad,0x5c,0x03,0x34,0x0d,
    0xce,0x33,0x08,0x46,0x13,0x02,0x60,0x34,0x41,0x08,0x66,0x09,0xd6,0x63,0xc4,0xe0,0x00,0x40,0x10,0x0c,0x36,0x74,0x0d,0xd6,
    0x34,0x58,0xcf,0x80,0x18,0x4d,0x08,0x80,0xd1,0x04,0x21,0x98,0x25,0x58,0x8f,0x11,0x83,0x03,0x00,0x41,0x30,0xd8,0xd6,0x35,
    0x70,0xd3,0xe0,0x3d,0x83,0x63,0x34,0x21,0x00,0x46,0x13,0x84,0x60,0x96,0x60,0x3d,0x46,0x0c,0x0e,0x00,0x04,0xc1,0x60,0x73,
    0xd7,0x20,0x4e,0x83,0xf9,0x0c,0x94,0xd1,0x84,0x00,0x18,0x4d,0x10,0x82,0x59,0x82,0xf5,0x18,0xa8,0x21,0x64,0x5b,0x28,0x0f,
    0x42,0x3d,0x94,0xf4,0x80,0xd0,0xc3,0x3a,0x0f,0xd8,0x16,0xcc,0x63,0xa0,0x86,0xa0,0x6d,0xa1,0x3c,0x08,0xf5,0x50,0xd2,0x03,
    0x42,0x0f,0xeb,0x3c,0x64,0x5b,0x30,0x8f,0x13,0x06,0x75,0xc2,0xa0,0x4c,0x68,0x0b,0xf9,0x98,0xd0,0x16,0xf2,0x31,0x81,0x45,
    0x03,0xf8,0x98,0xd0,0xa2,0x01,0x7c,0x46,0x0c,0x0c,0x00,0x04,0xc1,0xe0,0xe9,0xd7,0xe0,0x4e,0x03,0x61,0xc4,0xc0,0x00,0x40,
    0x10,0x0c,0x1e,0x7f,0x0d,0xf0,0x34,0x10,0x4e,0x20,0xd0,0x09,0x04,0x1a,0x31,0x30,0x00,0x10,0x04,0x83,0x27,0x64,0x03,0x3d,
    0x0d,0x8c,0x11,0x03,0x03,0x00,0x41,0x30,0x78,0x44,0x36,0xd8,0xd3,0xc0,0x98,0x25,0x60,0x8f,0x81,0x8a,0x41,0x8c,0x85,0xf5,
    0x58,0x0d,0x18,0x19,0xa8,0x20,0xdc,0x5b,0x58,0x8f,0xd7,0x80,0x91,0x59,0x82,0xf6,0x18,0xa8,0x18,0x08,0xf6,0x38,0x8d,0x17,
    0x19,0xa8,0x20,0xe4,0x5b,0x60,0x8f,0xd3,0x78,0x91,0xe1,0x86,0x40,0x5f,0x83,0x30,0xb0,0x1b,0x0d,0x8e,0xf8,0x4c,0x37,0x20,
    0x81,0x30,0xdc,0x60,0xf4,0x6b,0x10,0x06,0xa6,0xa3,0x41,0x12,0x9f,0xe9,0x06,0x25,0x10,0x8c,0x08,0xe4,0x53,0xc8,0x03,0xb5,
    0x3c,0x50,0x36,0x52,0xaf,0x81,0x0e,0x37,0x04,0xfe,0x1a,0x80,0xc1,0x2c,0x83,0x7b,0xbc,0x47,0x30,0xdc,0x40,0x74,0x67,0x50,
    0x05,0xaa,0x06,0x78,0x02,0x21,0x2a,0x10,0x76,0x96,0xe0,0x3d,0x06,0x2a,0x08,0xc1,0x3d,0x64,0x5c,0x68,0x8f,0xe1,0x86,0x63,
    0x65,0x03,0x30,0x98,0x65,0x80,0x8f,0xf8,0x08,0x4a,0x19,0x03,0xb3,0x80,0x0c,0x40,0x50,0x41,0x19,0xd8,0x2c,0x01,0x7d,0x0c,
    0x37,0x2c,0x2b,0x1b,0x80,0xc1,0x2c,0x83,0x7c,0xcc,0x47,0x50,0x67,0x00,0xb3,0xc1,0xd5,0x13,0x98,0x05,0x02,0x08,0x2a,0x18,
    0x6c,0xb8,0x21,0x58,0x03,0x34,0xa8,0xe2,0x57,0x03,0xa8,0x60,0x88,0xe9,0x06,0x22,0x18,0x66,0x09,0xe8,0xc3,0xde,0x40,0x5c,
    0x03,0x10,0x8c,0x18,0x1c,0x00,0x08,0x82,0x41,0x07,0xb6,0x41,0xaf,0x06,0x17,0xce,0x06,0x23,0x06,0x07,0x00,0x82,0x60,0xd0,
    0x85,0x6d,0xd0,0xab,0x41,0x20,0xcc,0x12,0xd0,0xc7,0x40,0x07,0xa1,0xc1,0x87,0x30,0x1f,0x88,0x7c,0x94,0x9b,0xd4,0x6c,0x80,
    0x15,0xb8,0x6c,0xa0,0xc3,0x0d,0xc1,0xcd,0x06,0x60,0x30,0xcb,0x50,0x1f,0xf6,0x11,0x0c,0x37,0x54,0x3e,0x1b,0x84,0xc1,0x70,
    0x43,0xf7,0xb3,0x01,0x1a,0x54,0x20,0xec,0x70,0xc3,0x87,0x07,0x67,0x50,0x81,0xb0,0x17,0x10,0x62,0x96,0xc0,0x3e,0x06,0x2a,
    0x08,0xa1,0x3e,0xec,0x80,0x3e,0x86,0x1b,0x12,0xb3,0x0d,0xc0,0x60,0x96,0xe1,0x3e,0xf0,0x23,0x28,0x32,0xe8,0x03,0xb3,0xc0,
    0x0f,0x40,0x50,0xc1,0x1f,0xd8,0x2c,0xc1,0x7e,0x0c,0x37,0x34,0x66,0x1b,0x80,0xc1,0x2c,0x43,0x7e,0xe8,0x47,0x50,0xa1,0xb0,
    0xb6,0xc1,0x55,0x1a,0x04,0x66,0x81,0x00,0x82,0x0a,0x06,0x1b,0x6e,0x08,0x4a,0x01,0x0d,0xaa,0xd0,0xd7,0x00,0x2a,0x18,0x62,
    0xba,0x81,0x08,0x86,0x59,0x82,0xfd,0xb0,0x54,0xe8,0xd7,0x00,0x04,0x23,0x06,0x07,0x00,0x82,0x60,0xd0,0xed,0x6d,0x80,0xaf,
    0x41,0x1c,0xcc,0x6d,0x30,0x62,0x70,0x00,0x20,0x08,0x06,0x1d,0xdf,0x06,0xf8,0x1a,0x04,0xc2,0x2c,0xc1,0x7e,0x0c,0x74,0x10,
    0xda,0x7d,0x08,0xfa,0x81,0xe4,0x87,0xc5,0x65,0xb0,0xaf,0x01,0x0c,0x46,0x0c,0x0e,0x00,0x04,0xc1,0x00,0x0d,0xf4,0x36,0x08,
    0xd9,0x20,0x4e,0x83,0x60,0x34,0x21,0x00,0x86,0x1b,0xaa,0xbc,0x0d,0xc0,0xa0,0x6a,0x25,0xd0,0x59,0x06,0xfe,0x08,0x91,0x60,
    0x98,0x85,0xb0,0xcb,0x20,0x44,0xa4,0xfe,0x88,0xfc,0xa3,0xfa,0x8f,0x0b,0x44,0x46,0x0c,0x1a,0x00,0x04,0xc1,0x20,0x0c,0x42,
    0x37,0x20,0xd9,0xc0,0x54,0x03,0x70,0x08,0x03,0x43,0x65,0x03,0x95,0x0d,0x54,0x36,0x50,0xd9,0x60,0x34,0x21,0x00,0x66,0x09,
    0x42,0x64,0xc4,0xa0,0x01,0x40,0x10,0x0c,0xc2,0x60,0x74,0x03,0x93,0x0d,0x52,0x35,0x10,0x87,0x31,0x40,0x58,0x36,0x60,0xd9,
    0x80,0x65,0x03,0x96,0x0d,0x46,0x13,0x02,0x60,0x96,0x20,0x44,0x46,0x0c,0x1a,0x00,0x04,0xc1,0x20,0x0c,0x4a,0x37,0x40,0xd9,
    0x80,0x55,0x03,0x72,0x28,0x03,0xc5,0x65,0x03,0x97,0x0d,0x5c,0x36,0x70,0xd9,0x60,0x34,0x21,0x00,0x66,0x09,0x42,0x64,0xc4,
    0xa0,0x01,0x40,0x10,0x0c,0xc2,0xe0,0x74,0x03,0x95,0x0d,0x5e,0x35,0x30,0x87,0x33,0x60,0x60,0x36,0x80,0xd9,0x00,0x66,0x03,
    0x98,0x0d,0x46,0x13,0x02,0x60,0x96,0x20,0x44,0x06,0x6a,0x06,0x6b,0x3f,0xf8,0x5a,0xe0,0x0f,0x01,0x44,0x8c,0xff,0x50,0xfc,
    0xc3,0xe9,0x8f,0xe1,0x06,0xbc,0x0c,0x4a,0x37,0x00,0x83,0x59,0x06,0x11,0x19,0x91,0x60,0x38,0xe2,0x07,0x03,0x81,0xf8,0xa6,
    0x1b,0xc4,0x35,0x08,0xd7,0x20,0x98,0x25,0x78,0x91,0xe1,0x86,0xbd,0x0c,0x48,0x37,0x00,0x83,0x59,0x06,0x12,0x29,0x91,0x60,
    0x38,0x42,0x0c,0x83,0xa2,0xf8,0xa6,0x1b,0xca,0x35,0x20,0xd7,0x20,0x98,0x25,0x78,0x91,0xe1,0x06,0xbf,0x0c,0x4a,0x37,0x00,
    0x83,0x59,0x06,0x13,0x39,0x91,0x60,0x38,0xa2,0x0c,0x03,0x24,0xf8,0xa6,0x1b,0xd0,0x35,0x38,0xd7,0x20,0x98,0x25,0x78,0x91,
    0xe1,0x86,0xd0,0x0c,0x4e,0x37,0x00,0x83,0x59,0x06,0x14,0x49,0x91,0x60,0x38,0x02,0x0d,0x83,0x65,0xf8,0xa6,0x1b,0xd6,0x35,
    0x50,0xd7,0x20,0x98,0x25,0x78,0x91,0xe1,0x06,0xd2,0x0c,0x52,0x37,0x00,0x83,0x59,0x06,0x15,0x59,0x91,0x60,0x38,0x62,0x0d,
    0x03,0x47,0xf8,0xa6,0x1b,0xdc,0x35,0x68,0xd7,0x20,0x98,0x25,0x78,0x91,0xe1,0x86,0xd3,0x0c,0x62,0x37,0x00,0x83,0x59,0x06,
    0x16,0x69,0x91,0x60,0x38,0xc2,0x0d,0x83,0xc8,0xf9,0xa6,0x1b,0xe2,0x35,0x80,0xd7,0x20,0x98,0x25,0x78,0x91,0xe1,0x06,0xd5,
    0x0c,0x5c,0x37,0x00,0x83,0x59,0x86,0x17,0x71,0x91,0x60,0xb8,0x61,0x35,0x03,0xdb,0x0d,0xc0,0x60,0xba,0x81,0x5e,0x83,0x2a,
    0x98,0x25,0x78,0x91,0x81,0xa2,0xc1,0x0c,0x44,0x04,0x0c,0x48,0x44,0x33,0x11,0x0a,0x45,0x1c,0x15,0x41,0x58,0x04,0xbd,0x85,
    0x16,0x11,0x5c,0xc4,0x74,0x21,0x90,0x8f,0x05,0xe3,0x00,0x1f,0x1b,0x87,0xde,0x0d,0x60,0x30,0xdc,0x10,0xe8,0x6e,0x00,0x06,
    0xb3,0x0c,0x30,0xd2,0x1e,0x81,0x9d,0xc3,0xef,0x06,0x30,0x18,0x6e,0x08,0x78,0x37,0x00,0x83,0x59,0x86,0x18,0x61,0x8f,0x60,
    0xba,0x21,0x25,0x54,0xc2,0x24,0xcc,0x08,0xe4,0x63,0x81,0x4a,0xc0,0xc7,0x54,0x82,0x7c,0x03,0x18,0x0c,0x37,0x04,0xe1,0x1b,
    0x80,0xc1,0x2c,0xc3,0x8c,0x94,0x47,0x30,0x4b,0x40,0x23,0xb3,0x04,0x34,0x32,0x50,0x31,0xc8,0x89,0x8c,0x18,0x33,0x62,0x01,
    0x9c,0xc0,0xc7,0xe0,0x04,0x7d,0x03,0x08,0x0c,0x37,0x04,0x7d,0x02,0x06,0xb3,0x0c,0x35,0x52,0x17,0xc1,0x2c,0x81,0x8d,0x0c,
    0x54,0x0c,0x28,0x2e,0xcc,0x85,0x51,0x23,0x16,0xec,0x09,0x7d,0x66,0x09,0xe6,0x69,0xb8,0xa1,0x55,0xd8,0x37,0x08,0x83,0xe1,
    0x06,0x7e,0x61,0xdf,0x00,0x0c,0x66,0x19,0x72,0x04,0x47,0x82,0x3a,0x17,0xbc,0x0d,0xe0,0x82,0x41,0x8d,0x18,0x1c,0x00,0x08,
    0x82,0x41,0xd3,0xbf,0x41,0xdf,0x06,0xb6,0xa2,0xb2,0xc1,0x88,0xc1,0x01,0x80,0x20,0x18,0x34,0xfe,0x1b,0xf4,0x6d,0x10,0x08,
    0xb3,0x04,0x39,0x32,0x50,0x31,0x08,0x38,0x82,0xe3,0xc2,0x8d,0x0c,0x37,0x88,0xcc,0xfb,0x06,0x61,0x30,0xdc,0x30,0x32,0xeb,
    0x1b,0x84,0x41,0x09,0x81,0xce,0x32,0xe8,0x48,0xba,0x04,0x46,0xd0,0x6c,0x00,0x9f,0x11,0x03,0x03,0x00,0x41,0x30,0x78,0x46,
    0x38,0xe8,0xdb,0x20,0xb8,0x80,0x30,0xb3,0x0c,0x3b,0x02,0x26,0x33,0x33,0xcc,0x42,0xcc,0x67,0x00,0x26,0x12,0x8f,0x44,0x3d,
    0x52,0xf9,0xc8,0xf5,0x23,0x23,0x06,0x07,0x00,0x82,0x60,0xb0,0x85,0x70,0x40,0xba,0xc1,0xc8,0x06,0xc1,0x68,0x42,0x00,0x8c,
    0x26,0x08,0xc1,0x2c,0x01,0x98,0x8c,0x18,0x1c,0x00,0x08,0x82,0xc1,0x46,0xc2,0xc1,0xe9,0x06,0x27,0x1b,0x10,0xa3,0x09,0x01,
    0x30,0x9a,0x20,0x04,0xb3,0x04,0x60,0x32,0x62,0x70,0x00,0x20,0x08,0x06,0xdb,0x09,0x07,0xaa,0x1b,0xac,0x6c,0x70,0x8c,0x26,
    0x04,0xc0,0x68,0x82,0x10,0xcc,0x12,0x80,0xc9,0x88,0xc1,0x01,0x80,0x20,0x18,0x6c,0x2a,0x1c,0xb4,0x6e,0xf0,0xb2,0x81,0x32,
    0x9a,0x10,0x00,0xa3,0x09,0x42,0x30,0x4b,0x00,0x26,0x03,0x35,0x84,0x0a,0x0e,0x3a,0x42,0xfc,0x88,0xe2,0x23,0x50,0x8f,0x58,
    0x3c,0x82,0x82,0xc3,0x8e,0x0c,0xd4,0x10,0x2c,0x38,0xe8,0x08,0xf1,0x23,0x8a,0x8f,0x40,0x3d,0x62,0xf1,0x88,0x0a,0x0e,0x3b,
    0x72,0xc2,0xa0,0x4e,0x18,0x94,0x09,0xe4,0x18,0xc8,0xc7,0x04,0x72,0x0c,0xe4,0x33,0xcb,0x30,0x2a,0x61,0xf2,0x8d,0x18,0x18,
    0x00,0x08,0x82,0xc1,0x73,0xc3,0x41,0xec,0x06,0xc2,0x88,0x81,0x01,0x80,0x20,0x18,0x3c,0x38,0x1c,0xc8,0x6e,0x20,0x9c,0x40,
    0xa0,0x13,0x08,0x54,0x61,0x03,0xc2,0x81,0x0e,0x37,0x04,0x29,0x1c,0x80,0xc1,0x2c,0x83,0x98,0x8c,0x49,0x30,0xdc,0x40,0x30,
    0x67,0x50,0xc5,0xec,0x06,0x78,0x02,0x21,0x2a,0x10,0x76,0x96,0x60,0x4c,0x06,0x2a,0x08,0x41,0x4c,0xd0,0x70,0x08,0x93,0xe1,
    0x86,0xc3,0x86,0x03,0x30,0x98,0x65,0x20,0x93,0x32,0x09,0x4a,0x91,0xcc,0x82,0x09,0x04,0x15,0x50,0x36,0x4b,0x80,0x26,0xc3,
    0x0d,0x8b,0x0d,0x07,0x60,0x30,0xcb,0x60,0x26,0x67,0x12,0x94,0xb5,0xc3,0xc1,0xd5,0x13,0x98,0x05,0x02,0x08,0x2a,0x18,0x6c,
    0xb8,0x21,0xd0,0xd0,0xa0,0x0a,0xf5,0x0d,0xa0,0x82,0x21,0xa6,0x1b,0x88,0x60,0x98,0x25,0x40,0x13,0xf3,0xda,0x37,0x00,0xc1,
    0x88,0xc1,0x01,0x80,0x20,0x18,0x74,0x6b,0x1c,0xa0,0x6f,0x70,0x8d,0x71,0x30,0x62,0x70,0x00,0x20,0x08,0x06,0x1d,0x1b,0x07,
    0xe8,0x1b,0x04,0xc2,0x2c,0x01,0x9a,0x0c,0x74,0x10,0x1a,0x99,0x08,0x67,0x82,0x98,0x49,0xe5,0x0d,0x18,0x07,0x58,0x41,0x0e,
    0x07,0x3a,0xdc,0x10,0x88,0x71,0x00,0x06,0xb3,0x0c,0x69,0xa2,0x26,0xc1,0x70,0x43,0x95,0xc6,0x41,0x18,0x0c,0x37,0x74,0x6a,
    0x1c,0xa0,0x41,0x05,0xc2,0x0e,0x37,0x7c,0x67,0x70,0x06,0x15,0x08,0x7b,0x01,0x21,0x66,0x09,0xd4,0x64,0xa0,0x82,0x10,0xd2,
    0xc4,0x0e,0xd0,0x64,0xb8,0x21,0x89,0xe3,0x00,0x0c,0x66,0x19,0xd6,0x84,0x4d,0x82,0x22,0x03,0x36,0x30,0x0b,0xda,0x00,0x04,
    0x15,0xb8,0x81,0xcd,0x12,0xbc,0xc9,0x70,0x43,0x13,0xc7,0x01,0x18,0xcc,0x32,0xb4,0x89,0x9b,0x04,0x05,0x07,0x76,0x1c,0x5c,
    0xa5,0x41,0x60,0x16,0x08,0x20,0xa8,0x60,0xb0,0xe1,0x86,0x80,0x0e,0xd0,0xa0,0x8a,0x12,0x0e,0xa0,0x82,0x21,0xa6,0x1b,0x88,
    0x60,0x98,0x25,0x78,0x13,0xc3,0x03,0x14,0x0e,0x40,0x30,0x62,0x70,0x00,0x20,0x08,0x06,0x9d,0x29,0x07,0x23,0x1c,0xc4,0x81,
    0x1f,0x07,0x23,0x06,0x07,0x00,0x82,0x60,0xd0,0x9d,0x72,0x30,0xc2,0x41,0x20,0xcc,0x12,0xbc,0xc9,0x40,0x07,0xa1,0xad,0x89,
    0xe0,0x26,0x48,0x9b,0x18,0x9f,0x06,0x26,0x1c,0xc0,0x60,0xc4,0xe0,0x00,0x40,0x10,0x0c,0xd0,0xa0,0x94,0x03,0x16,0x0e,0xf8,
    0x36,0x08,0x46,0x13,0x02,0x60,0xb8,0xa1,0x22,0xe5,0x00,0x0c,0x0a,0x7c,0x02,0x9d,0x65,0x80,0x93,0x3a,0x09,0x86,0x59,0x88,
    0x50,0x0d,0xea,0x44,0x8a,0x93,0x48,0x4e,0xaa,0x39,0xb9,0xe8,0x64,0xc4,0xa0,0x01,0x40,0x10,0x0c,0xc2,0x80,0x95,0x83,0x17,
    0x0e,0x62,0x37,0x78,0x85,0x30,0x30,0x6a,0x38,0xa8,0xe1,0xa0,0x86,0x83,0x1a,0x0e,0x46,0x13,0x02,0x60,0x96,0xa0,0x4e,0x46,
    0x0c,0x1a,0x00,0x04,0xc1,0x20,0x0c,0x5c,0x39,0x88,0xe1,0x80,0x76,0x83,0x58,0x18,0x03,0xe4,0x86,0x83,0x1b,0x0e,0x6e,0x38,
    0xb8,0xe1,0x60,0x34,0x21,0x00,0x66,0x09,0xea,0x64,0xc4,0xa0,0x01,0x40,0x10,0x0c,0xc2,0x00,0x96,0x83,0x19,0x0e,0x6e,0x37,
    0x98,0x85,0x32,0x50,0x72,0x38,0xc8,0xe1,0x20,0x87,0x83,0x1c,0x0e,0x46,0x13,0x02,0x60,0x96,0xa0,0x4e,0x46,0x0c,0x1a,0x00,
    0x04,0xc1,0x20,0x0c,0x64,0x39,0xa8,0xe1,0x40,0x77,0x83,0x5a,0x38,0x03,0x66,0x87,0x83,0x1d,0x0e,0x76,0x38,0xd8,0xe1,0x60,
    0x34,0x21,0x00,0x66,0x09,0xea,0x64,0xa0,0x66,0xb0,0xde,0x44,0xf6,0x05,0x38,0x11,0xe8,0xc4,0x98,0x13,0x45,0x4e,0x9c,0x38,
    0x19,0x6e,0x18,0xd5,0x00,0x96,0x03,0x30,0x98,0x65,0xb0,0x93,0x3b,0x09,0x86,0x23,0xd4,0x32,0x10,0x88,0x6f,0xba,0xa1,0x7d,
    0x03,0xf6,0x0d,0x82,0x59,0x82,0x79,0x1a,0x6e,0x30,0xd5,0xe0,0x95,0x03,0x30,0x98,0x65,0xc0,0x93,0x3c,0x09,0x86,0x23,0xda,
    0x32,0x28,0x8a,0x6f,0xba,0x01,0x7e,0x83,0xf7,0x0d,0x82,0x59,0x82,0x79,0x1a,0x6e,0x48,0xd5,0x00,0x96,0x03,0x30,0x98,0x65,
    0xd0,0x93,0x3d,0x09,0x86,0x23,0xe0,0x32,0x40,0x82,0x6f,0xba,0x61,0x7e,0x03,0xf9,0x0d,0x82,0x59,0x82,0x79,0x1a,0x6e,0x60,
    0xd5,0x40,0x96,0x03,0x30,0x98,0x65,0xe0,0x93,0x3e,0x09,0x86,0x23,0xe6,0x32,0x58,0x86,0x6f,0xba,0xc1,0x7e,0x83,0xfa,0x0d,
    0x82,0x59,0x82,0x79,0x1a,0x6e,0x78,0xd5,0x80,0x96,0x03,0x30,0x98,0x65,0xf0,0x93,0x3f,0x09,0x86,0x23,0xec,0x32,0x70,0x84,
    0x6f,0xba,0x21,0x7f,0x03,0xfc,0x0d,0x82,0x59,0x82,0x79,0x1a,0x6e,0x90,0xd5,0x80,0x97,0x03,0x30,0x98,0x65,0x00,0x95,0x50,
    0x09,0x86,0x23,0xf2,0x32,0x88,0x9c,0x6f,0xba,0x81,0x7f,0x83,0xfd,0x0d,0x82,0x59,0x82,0x79,0x1a,0x6e,0xa8,0xd5,0x20,0x97,
    0x03,0x30,0x98,0x65,0x98,0x27,0x51,0x09,0x86,0x1b,0x6c,0x35,0x08,0xe7,0x00,0x0c,0xa6,0x1b,0xfe,0x37,0xa8,0x82,0x59,0x82,
    0x79,0x32,0x5e,0x10,0xe1,0x00,0x3e,0xc6,0x0b,0x23,0x1c,0xc0,0x67,0xc4,0xc0,0x00,0x40,0x10,0x0c,0x9e,0x79,0x0e,0xda,0x38,
    0x10,0x46,0x0c,0x0c,0x00,0x04,0xc1,0xe0,0xa1,0xe7,0xc0,0x8d,0x03,0xe1,0x04,0x02,0x9d,0x40,0xa0,0x11,0x03,0x03,0x00,0x41,
    0x30,0x78,0xee,0x39,0x80,0xe3,0xc0,0x18,0x31,0x30,0x00,0x10,0x04,0x83,0x07,0x9f,0x83,0x38,0x0e,0x8c,0x59,0x02,0x52,0x19,
    0xa8,0x18,0x5c,0x70,0x18,0x95,0xd5,0x40,0x97,0x81,0x0a,0x42,0x37,0x87,0x51,0x79,0x0d,0x74,0x99,0x25,0x28,0x95,0x81,0x8a,
    0x81,0x20,0x95,0xd3,0x38,0x97,0x81,0x0a,0xc2,0x37,0x07,0x52,0x39,0x8d,0x73,0x19,0x6e,0x08,0xe0,0x39,0x08,0x03,0x6b,0xe1,
    0xe0,0x88,0xcf,0x74,0x03,0x12,0x08,0xc3,0x0d,0xc6,0x3c,0x07,0x61,0x60,0x30,0x1c,0x24,0xf1,0x99,0x6e,0x50,0x02,0xc1,0x88,
    0x40,0x3e,0x85,0x3c,0x50,0xcb,0x03,0xc5,0x42,0xeb,0x1c,0xe8,0x70,0x43,0x40,0xcf,0x01,0x18,0xcc,0x32,0x98,0xca,0xa9,0x04,
    0xc3,0x0d,0xc4,0x3d,0x9c,0x41,0x15,0x7e,0x1c,0xe0,0x09,0x84,0xa8,0x40,0xd8,0x59,0x82,0x53,0x19,0xa8,0x20,0x04,0x53,0xf1,
    0xcf,0xa1,0x54,0x86,0x1b,0x8e,0x90,0x0e,0xc0,0x60,0x96,0x01,0x55,0x52,0x25,0x28,0xa5,0x1f,0xcc,0x02,0x7f,0x00,0x41,0x05,
    0xff,0x60,0xb3,0x04,0xac,0x32,0xdc,0xb0,0x84,0x74,0x00,0x06,0xb3,0x0c,0xaa,0xb2,0x2a,0x41,0x85,0x84,0x49,0x07,0x57,0x4f,
    0x60,0x16,0x08,0x20,0xa8,0x60,0xb0,0xe1,0x86,0xa0,0x24,0xd0,0xa0,0x8a,0x5a,0x0e,0xa0,0x82,0x21,0xa6,0x1b,0x88,0x60,0x98,
    0x25,0x60,0x15,0x4b,0x09,0x5c,0x0e,0x40,0x30,0x62,0x70,0x00,0x20,0x08,0x06,0x9d,0x4d,0x07,0xb3,0x1c,0x5c,0x2e,0x1d,0x8c,
    0x18,0x1c,0x00,0x08,0x82,0x41,0x77,0xd3,0xc1,0x2c,0x07,0x81,0x30,0x4b,0xc0,0x2a,0x03,0x1d,0x84,0x86,0x2a,0xc2,0xaa,0x20,
    0xaa,0x52,0x64,0xb4,0xd2,0x01,0x56,0x40,0xd2,0x81,0x0e,0x37,0x04,0x2d,0x1d,0x80,0xc1,0x2c,0x43,0xab,0xb8,0x4a,0x30,0xdc,
    0x50,0xd1,0x74,0x10,0x06,0xc3,0x0d,0x5d,0x4d,0x07,0x68,0x50,0x81,0xb0,0xc3,0x0d,0x9f,0x4c,0x9c,0x41,0x05,0xc2,0x5e,0x40,
    0x88,0x59,0x02,0x57,0x19,0xa8,0x20,0x84,0x56,0xb1,0x03,0x56,0x19,0x6e,0x48,0x78,0x3a,0x00,0x83,0x59,0x86,0x57,0x81,0x95,
    0xa0,0xc8,0xe0,0x26,0xcc,0x02,0x9c,0x00,0x41,0x05,0x39,0x61,0xb3,0x04,0xb3,0x32,0xdc,0xd0,0xf0,0x74,0x00,0x06,0xb3,0x0c,
    0xb1,0x22,0x2b,0x41,0xed,0x44,0x58,0x07,0x57,0x69,0x10,0x98,0x05,0x02,0x08,0x2a,0x18,0x6c,0xb8,0x21,0xf8,0x09,0x34,0xa8,
    0x02,0x9e,0x03,0xa8,0x60,0x88,0xe9,0x06,0x22,0x18,0x66,0x09,0x66,0xc5,0xc6,0x62,0x9e,0x03,0x10,0x8c,0x18,0x1c,0x00,0x08,
    0x82,0x41,0x17,0xd7,0x81,0x3b,0x07,0x71,0x90,0xd6,0xc1,0x88,0xc1,0x01,0x80,0x20,0x18,0x74,0x72,0x1d,0xb8,0x73,0x10,0x08,
    0xb3,0x04,0xb3,0x32,0xd0,0x41,0x68,0xaf,0x22,0xc8,0x0a,0x12,0x2b,0x76,0xb6,0x41,0x3c,0x07,0x30,0x18,0x31,0x38,0x00,0x10,
    0x04,0x03,0x34,0x80,0xeb,0xe0,0x9e,0x83,0x33,0x0e,0x82,0xd1,0x84,0x00,0x18,0x6e,0xa8,0xde,0x3a,0x00,0x83,0x5a,0xa5,0x40,
    0x67,0x19,0x68,0x25,0x57,0x82,0x61,0x16,0x82,0x6d,0x83,0x5c,0x91,0x6a,0x25,0xb2,0x95,0xea,0x56,0x2e,0x5c,0x19,0x31,0x68,
    0x00,0x10,0x04,0x83,0x30,0xb8,0xeb,0x40,0x9f,0x03,0x3e,0x0e,0xf4,0x22,0x0c,0x0c,0x90,0x0e,0x40,0x3a,0x00,0xe9,0x00,0xa4,
    0x83,0xd1,0x84,0x00,0x98,0x25,0xc8,0x95,0x11,0x83,0x06,0x00,0x41,0x30,0x08,0x83,0xbc,0x0e,0xf8,0x39,0xf8,0xe3,0x80,0x2f,
    0xc6,0x00,0x11,0xe9,0x40,0xa4,0x03,0x91,0x0e,0x44,0x3a,0x18,0x4d,0x08,0x80,0x59,0x82,0x5c,0x19,0x31,0x68,0x00,0x10,0x04,
    0x83,0x30,0xd8,0xeb,0xc0,0x9f,0x03,0x51,0x0e,0xfc,0xa2,0x0c,0x14,0x92,0x0e,0x48,0x3a,0x20,0xe9,0x80,0xa4,0x83,0xd1,0x84,
    0x00,0x98,0x25,0xc8,0x95,0x11,0x83,0x06,0x00,0x41,0x30,0x08,0x83,0xbe,0x0e,0x40,0x3a,0x28,0xe5,0x00,0x34,0xce,0x80,0x31,
    0xe9,0xc0,0xa4,0x03,0x93,0x0e,0x4c,0x3a,0x18,0x4d,0x08,0x80,0x59,0x82,0x5c,0x19,0xa8,0x19,0xac,0x59,0x41,0xcb,0x81,0x56,
    0x04,0x5c,0x31,0x6e,0x45,0xb1,0x15,0xa7,0x56,0x86,0x1b,0xdc,0x36,0xd8,0xeb,0x00,0x0c,0x66,0x19,0x74,0x65,0x57,0x82,0xe1,
    0x88,0x1a,0x0d,0x04,0xe2,0x9b,0x6e,0xc0,0xe5,0xe0,0x96,0x83,0x60,0x96,0xe0,0x5c,0x86,0x1b,0xe2,0x36,0xd0,0xeb,0x00,0x0c,
    0x66,0x19,0x78,0xa5,0x57,0x82,0xe1,0x08,0x1c,0x0d,0x8a,0xe2,0x9b,0x6e,0xd8,0xe5,0x40,0x97,0x83,0x60,0x96,0xe0,0x5c,0x86,
    0x1b,0xe8,0x36,0xd8,0xeb,0x00,0x0c,0x66,0x19,0x7c,0xe5,0x57,0x82,0xe1,0x88,0x1d,0x0d,0x90,0xe0,0x9b,0x6e,0xf0,0xe5,0xa0,
    0x97,0x83,0x60,0x96,0xe0,0x5c,0x86,0x1b,0xee,0x36,0xe8,0xeb,0x00,0x0c,0x66,0x19,0xc0,0x25,0x5c,0x82,0xe1,0x08,0x1f,0x0d,
    0x96,0xe1,0x9b,0x6e,0x08,0xe7,0x00,0x9c,0x83,0x60,0x96,0xe0,0x5c,0x86,0x1b,0xf4,0x36,0xf8,0xeb,0x00,0x0c,0x66,0x19,0xc4,
    0x65,0x5c,0x82,0xe1,0x88,0x30,0x0d,0x1c,0xe1,0x9b,0x6e,0x20,0xe7,0x60,0x9c,0x83,0x60,0x96,0xe0,0x5c,0x86,0x1b,0xfa,0x36,
    0x38,0xed,0x00,0x0c,0x66,0x19,0xc8,0xa5,0x5c,0x82,0xe1,0x08,0x32,0x0d,0x22,0xe7,0x9b,0x6e,0x38,0xe7,0xc0,0x9c,0x83,0x60,
    0x96,0xe0,0x5c,0x86,0x1b,0x40,0x37,0x20,0xed,0x00,0x0c,0x66,0x19,0xce,0xc5,0x5c,0x82,0xe1,0x86,0xd0,0x0d,0x58,0x3b,0x00,
    0x83,0xe9,0x06,0x75,0x0e,0xaa,0x60,0x96,0xe0,0x5c,0x06,0x8a,0x06,0x33,0xd0,0x15,0x30,0xe0,0x15,0xcd,0x57,0x28,0x70,0x71,
    0xc4,0x05,0x21,0x17,0xda,0x1c,0xca,0x45,0x30,0x17,0xd3,0x85,0x40,0x3e,0x16,0x8c,0x03,0x7c,0x6c,0x1c,0x66,0x3b,0x80,0xc1,
    0x70,0x43,0x00,0xdb,0x01,0x18,0xcc,0x32,0xa0,0x4b,0xa9,0x04,0x76,0x0e,0xb5,0x1d,0xc0,0x60,0xb8,0x21,0x90,0xed,0x00,0x0c,
    0x66,0x19,0xe2,0x89,0x54,0x82,0x11,0x03,0x03,0x00,0x41,0x30,0x78,0xc6,0x3b,0xe8,0xe9,0xa0,0x3c,0x2e,0x20,0x4c,0xc9,0xd2,
    0x58,0x07,0x50,0x82,0x6e,0x07,0x30,0x62,0x70,0x00,0x20,0x08,0x06,0x9d,0x78,0x07,0x32,0x1d,0x04,0xc2,0x88,0x81,0x01,0x80,
    0x20,0x18,0x3c,0xe8,0x1d,0x84,0x75,0xa0,0x1e,0xb3,0x04,0xea,0x32,0x50,0x31,0xb8,0xe7,0x90,0x2e,0xad,0xa3,0x37,0x03,0x15,
    0x84,0xde,0x0e,0xe9,0xd2,0x3a,0x7a,0x33,0xdc,0x10,0xf8,0x76,0x00,0x06,0xd3,0x0d,0x48,0x11,0xcc,0x32,0xac,0x0b,0xbc,0xec,
    0xd3,0x30,0x0b,0xb1,0xbb,0x01,0xbc,0x48,0xec,0x12,0xb5,0x4b,0xe5,0x2e,0xd7,0xbb,0x8c,0x18,0x1c,0x00,0x08,0x82,0xc1,0x96,
    0xde,0x01,0x5b,0x07,0xeb,0x1c,0x04,0xa3,0x09,0x01,0x30,0x9a,0x20,0x04,0xb3,0x04,0xf0,0x32,0x62,0x70,0x00,0x20,0x08,0x06,
    0x1b,0x7b,0x07,0x6f,0x1d,0xbc,0x73,0x40,0x8c,0x26,0x04,0xc0,0x68,0x82,0x10,0xcc,0x12,0xc0,0xcb,0x88,0xc1,0x01,0x80,0x20,
    0x18,0x6c,0xef,0x1d,0xc8,0x75,0x30,0xcf,0xc1,0x31,0x9a,0x10,0x00,0xa3,0x09,0x42,0x30,0x4b,0x00,0x2f,0x23,0x06,0x07,0x00,
    0x82,0x60,0xb0,0xc9,0x77,0x50,0xd7,0xc1,0x3d,0x07,0xca,0x68,0x42,0x00,0x8c,0x26,0x08,0xc1,0x2c,0x01,0xbc,0x0c,0xd4,0x10,
    0xba,0x3b,0xa8,0x0b,0xf1,0x2e,0x8a,0xbb,0x40,0xed,0x62,0xb1,0x0b,0xee,0x0e,0xeb,0x32,0x50,0x43,0xf0,0xee,0xa0,0x2e,0xc4,
    0xbb,0x28,0xee,0x02,0xb5,0x8b,0xc5,0x2e,0xba,0x3b,0xac,0xcb,0x09,0x83,0x3a,0x61,0x50,0x26,0xb0,0x6a,0x20,0x1f,0x13,0x58,
    0x35,0x90,0xcf,0x2c,0xc3,0xcc,0xc4,0xcb,0x89,0x8c,0x18,0x18,0x00,0x08,0x82,0xc1,0xf3,0xdf,0x41,0x5e,0x07,0xc2,0x88,0x81,
    0x01,0x80,0x20,0x18,0x3c,0x20,0x1e,0xe8,0x75,0x20,0x9c,0x40,0xa0,0x13,0x08,0x54,0x29,0x85,0xde,0x81,0x0e,0x37,0x04,0xf1,
    0x1d,0x80,0xc1,0x2c,0x83,0xbc,0xcc,0x4b,0x30,0xdc,0x40,0x30,0x67,0x50,0xc5,0x5e,0x07,0x78,0x02,0x21,0x2a,0x10,0x76,0x96,
    0x60,0x5e,0x06,0x2a,0x08,0x41,0x5e,0xf0,0x77,0x88,0x97,0xe1,0x86,0xc3,0xbf,0x03,0x30,0x98,0x65,0xa0,0x97,0x7a,0x09,0x4a,
    0x91,0xcc,0x82,0x09,0x04,0x15,0x50,0x36,0x4b,0x80,0x2f,0xc3,0x0d,0x8b,0x7f,0x07,0x60,0x30,0xcb,0x60,0x2f,0xf7,0x12,0x94,
    0x35,0xe2,0xc1,0xd5,0x13,0x98,0x05,0x02,0x08,0x2a,0x18,0x6c,0xb8,0x21,0xd0,0xd0,0xa0,0x0a,0xd9,0x0e,0xa0,0x82,0x21,0xa6,
    0x1b,0x88,0x60,0x98,0x25,0xc0,0x17,0xf3,0x6a,0x3b,0x00,0xc1,0x88,0xc1,0x01,0x80,0x20,0x18,0x74,0x33,0x1e,0xc0,0x76,0x70,
    0xad,0x78,0x30,0x62,0x70,0x00,0x20,0x08,0x06,0x1d,0x8d,0x07,0xb0,0x1d,0x04,0xc2,0x2c,0x01,0xbe,0x0c,0x74,0x10,0x1a,0xbd,
    0x08,0xf7,0x82,0xd8,0x4b,0x85,0x15,0x8a,0x07,0x58,0x41,0x88,0x07,0x3a,0xdc,0x10,0xa8,0x78,0x00,0x06,0xb3,0x0c,0xf9,0xa2,
    0x2f,0xc1,0x70,0x43,0x15,0xe3,0x41,0x18,0x0c,0x37,0x74,0x32,0x1e,0xa0,0x41,0x05,0xc2,0x0e,0x37,0x7c,0x67,0x70,0x06,0x15,
    0x08,0x7b,0x01,0x21,0x66,0x09,0xf4,0x65,0xa0,0x82,0x10,0xf2,0xc5,0x0e,0xf0,0x65,0xb8,0x21,0xc9,0xf1,0x00,0x0c,0x66,0x19,
    0xf6,0x85,0x5f,0x82,0x22,0x03,0x36,0x30,0x0b,0xda,0x00,0x04,0x15,0xb8,0x81,0xcd,0x12,0xfc,0xcb,0x70,0x43,0x93,0xe3,0x01,
    0x18,0xcc,0x32,0xf4,0x8b,0xbf,0x04,0x05,0x07,0x3e,0x1e,0x5c,0xa5,0x41,0x60,0x16,0x08,0x20,0xa8,0x60,0xb0,0xe1,0x86,0x80,
    0x0e,0xd0,0xa0,0x8a,0xf6,0x0e,0xa0,0x82,0x21,0xa6,0x1b,0x88,0x60,0x98,0x25,0xf8,0x17,0xc3,0x03,0xf8,0x0e,0x40,0x30,0x62,
    0x70,0x00,0x20,0x08,0x06,0x9d,0x9b,0x07,0xeb,0x1d,0xc4,0x81,0x99,0x07,0x23,0x06,0x07,0x00,0x82,0x60,0xd0,0xbd,0x79,0xb0,
    0xde,0x41,0x20,0xcc,0x12,0xfc,0xcb,0x40,0x07,0xa1,0xed,0x8b,0xe0,0x2f,0x48,0xbf,0x18,0x19,0x07,0xee,0x1d,0xc0,0x60,0xc4,
    0xe0,0x00,0x40,0x10,0x0c,0xd0,0xa0,0xcd,0x03,0xfa,0x0e,0xc8,0x3a,0x08,0x46,0x13,0x02,0x60,0xb8,0xa1,0x62,0xf3,0x00,0x0c,
    0x0a,0xb5,0x02,0x9d,0x65,0x00,0x99,0x92,0x09,0x86,0x59,0x88,0x34,0x0e,0x4a,0x46,0x0a,0x99,0x48,0x64,0xaa,0x91,0xb9,0x48,
    0x66,0xc4,0xa0,0x01,0x40,0x10,0x0c,0xc2,0x80,0xce,0x83,0xfb,0x0e,0xf2,0x3a,0x78,0x85,0x30,0x30,0xfa,0x3b,0xe8,0xef,0xa0,
    0xbf,0x83,0xfe,0x0e,0x46,0x13,0x02,0x60,0x96,0xa0,0x64,0x46,0x0c,0x1a,0x00,0x04,0xc1,0x20,0x0c,0xec,0x3c,0xc8,0xef,0x80,
    0xaf,0x83,0x58,0x18,0x03,0xe4,0xbf,0x83,0xff,0x0e,0xfe,0x3b,0xf8,0xef,0x60,0x34,0x21,0x00,0x66,0x09,0x4a,0x66,0xc4,0xa0,
    0x01,0x40,0x10,0x0c,0xc2,0x00,0xcf,0x83,0xfd,0x0e,0xfe,0x3a,0x98,0x85,0x32,0x50,0x42,0x3c,0x08,0xf1,0x20,0xc4,0x83,0x10,
    0x0f,0x46,0x13,0x02,0x60,0x96,0xa0,0x64,0x46,0x0c,0x1a,0x00,0x04,0xc1,0x20,0x0c,0xf4,0x3c,0xe8,0xef,0x40,0xb4,0x83,0x5a,
    0x38,0x03,0x66,0xc4,0x83,0x11,0x0f,0x46,0x3c,0x18,0xf1,0x60,0x34,0x21,0x00,0x66,0x09,0x4a,0x66,0xa0,0x66,0xb0,0xfe,0x45,
    0x6c,0x07,0x90,0x11,0x48,0xc6,0x18,0x19,0x45,0x64,0x9c,0x90,0x19,0x6e,0x58,0xe3,0x00,0xcf,0x03,0x30,0x98,0x65,0x30,0x99,
    0x93,0x09,0x86,0x23,0x64,0x36,0x10,0x88,0x6f,0xba,0xa1,0xb6,0x03,0xda,0x0e,0x82,0x59,0x02,0xbd,0x19,0x6e,0x70,0xe3,0xe0,
    0xce,0x03,0x30,0x98,0x65,0x40,0x99,0x94,0x09,0x86,0x23,0x6a,0x36,0x28,0x8a,0x6f,0xba,0x01,0xb7,0x83,0xdb,0x0e,0x82,0x59,
    0x02,0xbd,0x19,0x6e,0x88,0xe3,0x00,0xcf,0x03,0x30,0x98,0x65,0x50,0x99,0x95,0x09,0x86,0x23,0x70,0x36,0x40,0x82,0x6f,0xba,
    0x61,0xb7,0x03,0xdd,0x0e,0x82,0x59,0x02,0xbd,0x19,0x6e,0xa0,0xe3,0x40,0xcf,0x03,0x30,0x98,0x65,0x60,0x99,0x96,0x09,0x86,
    0x23,0x76,0x36,0x58,0x86,0x6f,0xba,0xc1,0xb7,0x83,0xde,0x0e,0x82,0x59,0x02,0xbd,0x19,0x6e,0xb8,0xe3,0x80,0xcf,0x03,0x30,
    0x98,0x65,0x70,0x99,0x97,0x09,0x86,0x23,0x7c,0x36,0x70,0x84,0x6f,0xba,0x21,0xbc,0x03,0xf0,0x0e,0x82,0x59,0x02,0xbd,0x19,
    0x6e,0xd0,0xe3,0x80,0xd4,0x03,0x30,0x98,0x65,0x80,0x99,0x98,0x09,0x86,0x23,0xc2,0x36,0x88,0x9c,0x6f,0xba,0x81,0xbc,0x83,
    0xf1,0x0e,0x82,0x59,0x02,0xbd,0x19,0x6e,0xe8,0xe3,0x20,0xd4,0x03,0x30,0x98,0x65,0xd0,0x1b,0x99,0x09,0x86,0x1b,0xfc,0x38,
    0x48,0xf5,0x00,0x0c,0xa6,0x1b,0xce,0x3b,0xa8,0x82,0x59,0x02,0xbd,0x31,0x5e,0x50,0xef,0x00,0x3e,0xc6,0x0b,0xeb,0x1d,0xc0,
    0x67,0xc4,0xc0,0x00,0x40,0x10,0x0c,0x9e,0x5d,0x0f,0x6a,0x3c,0x10,0x46,0x0c,0x0c,0x00,0x04,0xc1,0xe0,0xe1,0xf5,0xc0,0xc6,
    0x03,0xe1,0x04,0x02,0x9d,0x40,0xa0,0x11,0x03,0x03,0x00,0x41,0x30,0x78,0x7e,0x3d,0xc0,0xf1,0xc0,0x18,0x31,0x30,0x00,0x10,
    0x04,0x83,0x07,0xdc,0x83,0x1c,0x0f,0x8c,0x59,0x02,0x9a,0x19,0xa8,0x18,0x7c,0x77,0x98,0x99,0xd5,0xc0,0x9b,0x81,0x0a,0x42,
    0xad,0x87,0x99,0x79,0x0d,0xbc,0x99,0x25,0xa8,0x99,0x81,0x8a,0x81,0xa0,0x99,0xd3,0xb8,0x9b,0x81,0x0a,0xc2,0xad,0x07,0x9a,
    0x39,0x8d,0xbb,0x19,0x6e,0x08,0x70,0x3d,0x08,0x03,0xab,0xef,0xe0,0x88,0xcf,0x74,0x03,0x12,0x08,0xc3,0x0d,0xc6,0xae,0x07,
    0x61,0x60,0xf8,0x1d,0x24,0xf1,0x99,0x6e,0x50,0x02,0xc1,0x88,0x40,0x3e,0x85,0x3c,0x50,0xcb,0x03,0x45,0x5f,0xb3,0x1e,0xe8,
    0x70,0x43,0xc0,0xeb,0x01,0x18,0xcc,0x32,0xd8,0xcc,0xcd,0x04,0xc3,0x0d,0xc4,0x3d,0x9c,0x41,0x15,0x66,0x1e,0xe0,0x09,0x84,
    0xa8,0x40,0xd8,0x59,0x82,0x9b,0x19,0xa8,0x20,0x04,0x9b,0x71,0xed,0xa1,0x66,0x86,0x1b,0x8e,0x74,0x0f,0xc0,0x60,0x96,0x01,
    0x67,0x72,0x26,0x28,0xa5,0x1f,0xcc,0x02,0x7f,0x00,0x41,0x05,0xff,0x60,0xb3,0x04,0x3c,0x33,0xdc,0xb0,0xa4,0x7b,0x00,0x06,
    0xb3,0x0c,0x3a,0xb3,0x33,0x41,0x85,0x84,0xbb,0x07,0x57,0x4f,0x60,0x16,0x08,0x20,0xa8,0x60,0xb0,0xe1,0x86,0xa0,0x24,0xd0,
    0xa0,0x8a,0x3e,0x0f,0xa0,0x82,0x21,0xa6,0x1b,0x88,0x60,0x98,0x25,0xe0,0x19,0x4b,0x09,0x50,0x0f,0x40,0x30,0x62,0x70,0x00,
    0x20,0x08,0x06,0x9d,0xbf,0x07,0x7b,0x1e,0x5c,0xf6,0x1e,0x8c,0x18,0x1c,0x00,0x08,0x82,0x41,0xf7,0xef,0xc1,0x9e,0x07,0x81,
    0x30,0x4b,0xc0,0x33,0x03,0x1d,0x84,0x86,0x33,0xc2,0xce,0x20,0x3a,0x53,0x2c,0x36,0xef,0x01,0x56,0xc0,0xee,0x81,0x0e,0x37,
    0x04,0xf5,0x1e,0x80,0xc1,0x2c,0x43,0xcf,0xf8,0x4c,0x30,0xdc,0x50,0xf1,0x7b,0x10,0x06,0xc3,0x0d,0x5d,0xbf,0x07,0x68,0x50,
    0x81,0xb0,0xc3,0x0d,0x9f,0x4c,0x9c,0x41,0x05,0xc2,0x5e,0x40,0x88,0x59,0x02,0x9f,0x19,0xa8,0x20,0x84,0x9e,0xb1,0x03,0x9e,
    0x19,0x6e,0x48,0x48,0x3e,0x00,0x83,0x59,0x86,0x9f,0x01,0x9b,0xa0,0xc8,0xe0,0x26,0xcc,0x02,0x9c,0x00,0x41,0x05,0x39,0x61,
    0xb3,0x04,0x63,0x33,0xdc,0xd0,0x90,0x7c,0x00,0x06,0xb3,0x0c,0x61,0x23,0x36,0x41,0xed,0x44,0xca,0x07,0x57,0x69,0x10,0x98,
    0x05,0x02,0x08,0x2a,0x18,0x6c,0xb8,0x21,0xf8,0x09,0x34,0xa8,0x02,0xd7,0x03,0xa8,0x60,0x88,0xe9,0x06,0x22,0x18,0x66,0x09,
    0xc6,0xc6,0xc6,0x62,0xd7,0x03,0x10,0x8c,0x18,0x1c,0x00,0x08,0x82,0x41,0x97,0xf3,0x81,0xad,0x07,0x71,0x10,0xf3,0xc1,0x88,
    0xc1,0x01,0x80,0x20,0x18,0x74,0x3a,0x1f,0xd8,0x7a,0x10,0x08,0xb3,0x04,0x63,0x33,0xd0,0x41,0x68,0x3f,0x23,0x88,0x0d,0x12,
    0x36,0xf6,0xd2,0x41,0xae,0x07,0x30,0x18,0x31,0x38,0x00,0x10,0x04,0x03,0x34,0xc0,0xf9,0xe0,0xd7,0x83,0x17,0x0f,0x82,0xd1,
    0x84,0x00,0x18,0x6e,0xa8,0x6e,0x3e,0x00,0x83,0x9a,0xb3,0x40,0x67,0x19,0xc8,0x26,0x6d,0x82,0x61,0x16,0x82,0xa6,0x83,0xb4,
    0x91,0xca,0x26,0x32,0x9b,0xea,0x6c,0x2e,0xb4,0x19,0x31,0x68,0x00,0x10,0x04,0x83,0x30,0xf8,0xf9,0x40,0xdc,0x03,0x32,0x0f,
    0xf4,0x22,0x0c,0x0c,0x74,0x0f,0xd0,0x3d,0x40,0xf7,0x00,0xdd,0x83,0xd1,0x84,0x00,0x98,0x25,0x48,0x9b,0x11,0x83,0x06,0x00,
    0x41,0x30,0x08,0x83,0xb0,0x0f,0xc8,0x3d,0x38,0xf3,0x80,0x2f,0xc6,0x00,0x51,0xf7,0x40,0xdd,0x03,0x75,0x0f,0xd4,0x3d,0x18,
    0x4d,0x08,0x80,0x59,0x82,0xb4,0x19,0x31,0x68,0x00,0x10,0x04,0x83,0x30,0x18,0xfb,0xc0,0xdc,0x03,0x35,0x0f,0xfc,0xa2,0x0c,
    0x14,0x76,0x0f,0xd8,0x3d,0x60,0xf7,0x80,0xdd,0x83,0xd1,0x84,0x00,0x98,0x25,0x48,0x9b,0x11,0x83,0x06,0x00,0x41,0x30,0x08,
    0x83,0xb2,0x0f,0xd0,0x3d,0x68,0xf3,0x00,0x34,0xce,0x80,0x71,0xf7,0xc0,0xdd,0x03,0x77,0x0f,0xdc,0x3d,0x18,0x4d,0x08,0x80,
    0x59,0x82,0xb4,0x19,0xa8,0x19,0xac,0xb1,0xc1,0xe7,0x81,0x6c,0x04,0xb4,0x31,0xce,0x46,0x31,0x1b,0xa7,0x6c,0x86,0x1b,0x6c,
    0x3a,0x18,0xfb,0x00,0x0c,0x66,0x19,0xd4,0x66,0x6d,0x82,0xe1,0x88,0xfe,0x0d,0x04,0xe2,0x9b,0x6e,0x00,0xf5,0xe0,0xcf,0x83,
    0x60,0x96,0xe0,0x6e,0x86,0x1b,0x72,0x3a,0x10,0xfb,0x00,0x0c,0x66,0x19,0xd8,0xa6,0x6d,0x82,0xe1,0x08,0x10,0x0e,0x8a,0xe2,
    0x9b,0x6e,0x18,0xf5,0x40,0xd4,0x83,0x60,0x96,0xe0,0x6e,0x86,0x1b,0x78,0x3a,0x18,0xfb,0x00,0x0c,0x66,0x19,0xdc,0xe6,0x6d,
    0x82,0xe1,0x88,0x11,0x0e,0x90,0xe0,0x9b,0x6e,0x30,0xf5,0xa0,0xd4,0x83,0x60,0x96,0xe0,0x6e,0x86,0x1b,0x7e,0x3a,0x28,0xfb,
    0x00,0x0c,0x66,0x19,0xe0,0x26,0x6e,0x82,0xe1,0x08,0x13,0x0e,0x96,0xe1,0x9b,0x6e,0x48,0xf5,0x00,0xd5,0x83,0x60,0x96,0xe0,
    0x6e,0x86,0x1b,0xc4,0x3a,0x38,0xfb,0x00,0x0c,0x66,0x19,0xe4,0x66,0x6e,0x82,0xe1,0x88,0x14,0x0e,0x1c,0xe1,0x9b,0x6e,0x60,
    0xf5,0x60,0xd5,0x83,0x60,0x96,0xe0,0x6e,0x86,0x1b,0xca,0x3a,0x78,0xfb,0x00,0x0c,0x66,0x19,0xe8,0xa6,0x6e,0x82,0xe1,0x08,
    0x16,0x0e,0x22,0xe7,0x9b,0x6e,0x78,0xf5,0xc0,0xd5,0x83,0x60,0x96,0xe0,0x6e,0x86,0x1b,0xd0,0x3a,0x60,0xfb,0x00,0x0c,0x66,
    0x19,0xee,0xc6,0x6e,0x82,0xe1,0x86,0xb4,0x0e,0xe8,0x3e,0x00,0x83,0xe9,0x06,0x59,0x0f,0xaa,0x60,0x96,0xe0,0x6e,0x06,0x8a,
    0x06,0x33,0x50,0x1b,0x30,0x60,0x1b,0xcd,0x6d,0x28,0xb8,0x71,0xe4,0x06,0xa1,0x1b,0xb2,0x1e,0xea,0x46,0xb0,0x1b,0xd3,0x85,
    0x40,0x3e,0x16,0x8c,0x03,0x7c,0x6c,0x1c,0xf6,0x3e,0x80,0xc1,0x70,0x43,0x80,0xf7,0x01,0x18,0xcc,0x32,0xe0,0x4d,0xcd,0x04,
    0x76,0x0e,0x7d,0x1f,0xc0,0x60,0xb8,0x21,0xd0,0xfb,0x00,0x0c,0x66,0x19,0xf2,0x86,0x66,0x82,0x59,0x02,0xbd,0x19,0x68,0x1a,
    0x54,0xc4,0x64,0x48,0x04,0x65,0xfc,0x43,0x65,0xf0,0x83,0x65,0xe4,0xc3,0x65,0xd8,0x03,0x66,0xe4,0x7a,0x88,0x19,0xf3,0x90,
    0x19,0x25,0x6f,0x6c,0xd7,0x03,0xf2,0x88,0xcf,0x74,0x43,0x50,0x1e,0xe2,0x61,0x43,0x20,0x1f,0x0b,0xcc,0x03,0x3e,0x66,0x1e,
    0xa4,0x1f,0xc0,0x60,0xb8,0x21,0x08,0xfd,0x00,0x0c,0x66,0x19,0xe4,0x49,0x5d,0x82,0x59,0x06,0xbe,0xb1,0x23,0x70,0x33,0xd0,
    0x0e,0x76,0x3e,0x80,0xc1,0x88,0xc1,0x01,0x80,0x20,0x18,0xa0,0x41,0xea,0x07,0x30,0x1f,0x80,0x7a,0x10,0x8c,0x26,0x04,0xc0,
    0x05,0x84,0xa9,0x60,0xef,0x03,0x1d,0x6e,0x08,0x48,0x3f,0x00,0x83,0x1a,0xf6,0x3d,0xd0,0xe1,0x86,0x60,0xdf,0x03,0x30,0xa8,
    0x21,0xd8,0x59,0x86,0xbe,0xb9,0x9f,0x51,0x0e,0x46,0x0c,0x0c,0x00,0x04,0xc1,0xe0,0xd9,0xfd,0xe0,0xe4,0x03,0x56,0x0e,0x2c,
    0x78,0x37,0xf9,0x98,0xf0,0x6e,0xf2,0xb1,0x61,0xde,0xe4,0x63,0xc4,0xbc,0xc9,0x67,0x96,0x61,0x74,0xfc,0xc6,0x18,0x66,0x21,
    0x5c,0x3b,0xb0,0x23,0xe9,0x6f,0x22,0xd0,0xa9,0x42,0xe7,0x12,0x9d,0x11,0x83,0x0a,0x00,0x41,0x30,0x18,0x03,0xdc,0x0f,0x50,
    0x3e,0xf0,0xf5,0xc0,0xd5,0x83,0x37,0x0e,0xdc,0x38,0x80,0xf7,0x00,0xde,0x83,0xd9,0x0f,0x66,0x3f,0x10,0xfb,0x40,0x08,0xe0,
    0x3d,0x20,0x06,0x78,0x0f,0xe0,0x3d,0x18,0x4d,0x08,0x80,0xd1,0x04,0x21,0x18,0x4d,0x18,0x84,0xd1,0x04,0x62,0x98,0x25,0xb0,
    0xa3,0x11,0x83,0x0a,0x00,0x41,0x30,0x18,0x83,0xde,0x0f,0x5a,0x3e,0x20,0xf7,0x80,0xd6,0x03,0x3a,0x0e,0xe6,0x38,0xa8,0xf7,
    0xa0,0xde,0x03,0xdc,0x0f,0x70,0x3f,0x38,0xfb,0xe0,0x30,0xea,0x3d,0x48,0x90,0x7a,0x0f,0xea,0x3d,0x18,0x4d,0x08,0x80,0xd1,
    0x04,0x21,0x18,0x4d,0x18,0x84,0xd1,0x04,0x62,0x98,0x25,0xb0,0xa3,0x11,0x83,0x0a,0x00,0x41,0x30,0x18,0x03,0xf1,0x0f,0x64,
    0x3e,0x50,0xf7,0x40,0xd7,0x83,0x3c,0x0e,0xf0,0x38,0xd0,0xf7,0x40,0xdf,0x83,0xde,0x0f,0x7a,0x3f,0x60,0xfb,0x80,0x59,0xf4,
    0x3d,0x70,0x1a,0x7d,0x0f,0xf4,0x3d,0x18,0x4d,0x08,0x80,0xd1,0x04,0x21,0x18,0x4d,0x18,0x84,0xd1,0x04,0x62,0x98,0x25,0xb0,
    0xa3,0x11,0x83,0x0a,0x00,0x41,0x30,0x18,0x83,0xf3,0x0f,0x6e,0x3e,0x80,0xf7,0x00,0xdc,0x03,0x3f,0x0e,0xfa,0x38,0xf8,0xf7,
    0xe0,0xdf,0x03,0xf1,0x0f,0xc4,0x3f,0x88,0xfb,0x20,0x82,0xfe,0x3d,0x98,0xa4,0x7f,0x0f,0xfe,0x3d,0x18,0x4d,0x08,0x80,0xd1,
    0x04,0x21,0x18,0x4d,0x18,0x84,0xd1,0x04,0x62,0x98,0x25,0xb0,0xa3,0x61,0x16,0x42,0xbc,0x03,0xd4,0x91,0x48,0x27,0x2a,0x9d,
    0xca,0x74,0xae,0xd3,0x19,0x31,0x38,0x00,0x10,0x04,0x83,0x0d,0xfe,0x83,0xb9,0x0f,0xe4,0x3d,0x38,0xff,0x60,0x34,0x21,0x00,
    0x46,0x13,0x84,0x60,0x34,0x61,0x18,0x66,0x09,0x50,0x67,0xc4,0xe0,0x00,0x40,0x10,0x0c,0x36,0xfa,0x0f,0xee,0x3e,0xb8,0xf7,
    0x60,0xfd,0x83,0xd1,0x84,0x00,0x18,0x4d,0x10,0x82,0xd1,0x84,0x61,0x98,0x25,0x40,0x9d,0x11,0x83,0x03,0x00,0x41,0x30,0xd8,
    0xf0,0x3f,0xd8,0xfb,0x80,0xdf,0x83,0xf7,0x0f,0x46,0x13,0x02,0x60,0x34,0x41,0x08,0x46,0x13,0x86,0x61,0x96,0x00,0x75,0x46,
    0x0c,0x0e,0x00,0x04,0xc1,0x60,0xe3,0xff,0xe0,0xef,0x83,0x90,0x0f,0xe6,0x3f,0x18,0x4d,0x08,0x80,0xd1,0x04,0x21,0x18,0x4d,
    0x18,0x86,0x59,0x02,0xd4,0x19,0x68,0x21,0x84,0xd3,0x51,0x4c,0x47,0x2a,0x1d,0x8d,0x74,0xdc,0x7f,0x18,0x9d,0x81,0x16,0xc2,
    0x38,0x1d,0xc7,0x74,0xac,0xd2,0xf1,0x48,0x07,0xfe,0x87,0xd1,0x19,0x68,0x21,0x94,0xd3,0x91,0x4c,0x47,0x2b,0x1d,0x31,0x20,
    0x1d,0xf9,0x1f,0x46,0xe7,0x82,0x41,0xdd,0x30,0x28,0x13,0xd6,0x40,0x3e,0x26,0xac,0x81,0x7c,0x4c,0x10,0xe4,0x63,0x82,0x20,
    0x1f,0x13,0x02,0xf8,0x8c,0x18,0x18,0x00,0x08,0x82,0xc1,0xe3,0x82,0x82,0xe8,0x07,0x81,0x21,0x73,0x20,0x1f,0x43,0xe6,0x40,
    0x3e,0x26,0x08,0xf2,0x31,0x41,0x90,0x8f,0x09,0x01,0x7c,0x46,0x0c,0x0c,0x00,0x04,0xc1,0xe0,0xa1,0x41,0x01,0xf5,0x83,0x60,
    0xc4,0xe0,0x00,0x40,0x10,0x0c,0x1a,0x1b,0x14,0x6c,0x3f,0x38,0x82,0x11,0x83,0x03,0x00,0x41,0x30,0x68,0x6e,0x50,0xb8,0xfd,
    0x20,0x58,0xfb,0x60,0xc4,0xc0,0x00,0x40,0x10,0x0c,0x9e,0x1b,0x14,0x4a,0x3f,0x08,0x46,0x0c,0x0e,0x00,0x04,0xc1,0xa0,0xc9,
    0x41,0x21,0xf7,0x83,0xa0,0xa4,0x83,0xe1,0x88,0xe0,0xec,0x03,0xe1,0x1b,0x4d,0x38,0x85,0x60,0x34,0x01,0x15,0x84,0xe9,0x06,
    0x21,0x18,0x2e,0x20,0xcc,0x70,0x43,0x90,0x82,0x02,0x18,0x94,0x11,0xe8,0x2c,0x43,0xea,0xa8,0x4e,0x30,0x62,0x70,0x00,0x20,
    0x08,0x06,0x4d,0x18,0x0a,0xe1,0x1f,0xa8,0x74,0xf0,0xf6,0x81,0x31,0x01,0x7d,0x46,0x0c,0x0e,0x00,0x04,0xc1,0xa0,0x19,0x43,
    0x41,0xfc,0x03,0xca,0x19,0x31,0x38,0x00,0x10,0x04,0x83,0x86,0x0c,0x05,0xf2,0x0f,0x02,0x61,0xc4,0xe0,0x00,0x40,0x10,0x0c,
    0x9a,0x32,0x14,0xca,0x3f,0x08,0xe6,0x3e,0x30,0x28,0xa0,0xcf,0x88,0x81,0x01,0x80,0x20,0x18,0x3c,0x66,0x28,0xbc,0x7e,0x10,
    0x8c,0x18,0x1c,0x00,0x08,0x82,0x41,0x83,0x86,0x02,0xfa,0x07,0x81,0xdd,0x07,0x23,0x06,0x07,0x00,0x82,0x60,0xd0,0xa4,0xa1,
    0x80,0xfe,0x41,0x80,0x5c,0x40,0x98,0xe1,0x08,0xce,0x12,0xbe,0xe9,0x86,0x56,0x78,0x85,0x60,0xba,0xa1,0x15,0x5e,0x41,0x38,
    0x62,0x50,0x36,0x04,0xf4,0xb1,0x41,0xa0,0xcf,0x88,0x81,0x01,0x80,0x20,0x18,0x3c,0x70,0x28,0xf8,0x7e,0xc0,0x8c,0x18,0x1c,
    0x00,0x08,0x82,0x41,0x23,0x87,0x82,0xfc,0x07,0x81,0x4f,0x07,0xb3,0x04,0xaa,0x33,0x50,0x31,0x08,0xa9,0x43,0x07,0xa8,0x33,
    0x50,0x41,0x50,0xa9,0xe3,0x8a,0x04,0xea,0x0c,0x54,0x0c,0x4c,0xea,0x90,0xfc,0x80,0x3a,0x03,0x15,0x03,0x93,0x3a,0x26,0x3f,
    0xa0,0xce,0x70,0x43,0xa6,0x86,0x42,0x18,0x0c,0x37,0x10,0x6a,0x28,0x80,0xc1,0x2c,0x83,0xfd,0xac,0x4e,0x30,0x4b,0xc0,0x3a,
    0x03,0x15,0xc3,0xdd,0xd0,0x0f,0xcb,0x0f,0xab,0x33,0x50,0x31,0xdc,0x0d,0xfd,0xb8,0xfc,0xb0,0x3a,0x03,0x15,0xc3,0xdd,0xd0,
    0x0f,0xcc,0x0f,0xab,0x33,0x50,0x31,0xdc,0x0d,0xfd,0xc8,0xfc,0xb0,0x3a,0x03,0x15,0xc4,0xdd,0xd0,0x8f,0x2f,0x12,0xab,0x33,
    0x62,0x70,0x00,0x20,0x08,0x06,0x68,0x30,0x87,0x82,0xfe,0x07,0x6a,0x1f,0xac,0xc3,0x68,0x42,0x30,0x5c,0x40,0x98,0x23,0x06,
    0x55,0xce,0xff,0x07,0x70,0xc1,0xa0,0x2c,0xa8,0xfd,0x40,0x3e,0x46,0x04,0xf1,0xb1,0x20,0x92,0x8f,0x09,0x91,0x7c,0x4c,0xb0,
    0xe9,0x00,0x3e,0x26,0xd8,0x74,0x00,0x9f,0x52,0xdc,0x50,0xd0,0xe1,0x86,0xa0,0x0f,0x05,0x30,0xa8,0x53,0x48,0x41,0x01,0x66,
    0x19,0x5c,0xa7,0x75,0x84,0x0b,0x06,0x35,0x62,0x70,0x00,0x20,0x08,0x06,0x8d,0x2b,0x0a,0x2e,0x28,0x6c,0xbb,0x1f,0x8c,0x18,
    0x1c,0x00,0x08,0x82,0x41,0xf3,0x8a,0x82,0x0b,0x0a,0x81,0x30,0x4b,0xe0,0x3a,0x03,0x15,0x83,0xd0,0x3a,0x7a,0x3f,0xb0,0xce,
    0x70,0xc3,0x01,0x8a,0x02,0x18,0x0c,0x37,0x20,0x7c,0x28,0x80,0x41,0x09,0xc1,0x1a,0x51,0xfe,0x01,0x7c,0xa6,0x1b,0x8a,0x40,
    0x18,0x31,0x30,0x00,0x10,0x04,0x83,0xa7,0x16,0x85,0x17,0x14,0x82,0x0b,0x08,0x53,0xc1,0x2a,0x0a,0x30,0x62,0x70,0x00,0x20,
    0x08,0x06,0xdd,0x2c,0x0a,0x23,0x28,0x04,0xcd,0x2c,0xc1,0xeb,0x0c,0x54,0x0c,0xae,0x3f,0xb8,0xce,0xb9,0xcc,0xcf,0x40,0xc5,
    0x00,0xfb,0x83,0xeb,0x9c,0xcb,0xfc,0x0c,0x54,0x0c,0xb2,0x3f,0xb8,0xce,0xb9,0xcc,0xcf,0x40,0xc5,0x40,0xfb,0x83,0xeb,0x9c,
    0xcb,0xfc,0x0c,0x54,0x10,0x60,0x49,0xb8,0xce,0xb9,0xcc,0xcf,0x70,0x43,0x10,0x8b,0x02,0x18,0x4c,0x37,0x24,0x47,0x30,0xcc,
    0x42,0xb8,0x7a,0x40,0x3b,0x12,0xec,0x44,0xb1,0x53,0xc9,0xce,0x35,0x3b,0x23,0x06,0x07,0x00,0x82,0x60,0xb0,0xf1,0xa2,0xf0,
    0x83,0x82,0xef,0x07,0xc1,0x68,0x42,0x00,0x8c,0x26,0x08,0xc1,0x2c,0x01,0xed,0x8c,0x18,0x1c,0x00,0x08,0x82,0xc1,0xf6,0x8b,
    0x82,0x18,0x0a,0xe2,0x1f,0x10,0xa3,0x09,0x01,0x30,0x9a,0x20,0x04,0xb3,0x04,0xb4,0x33,0x62,0x70,0x00,0x20,0x08,0x06,0x9b,
    0x38,0x0a,0x65,0x28,0x98,0x7f,0x70,0x8c,0x26,0x04,0xc0,0x68,0x82,0x10,0xcc,0x12,0xd0,0xce,0x88,0xc1,0x01,0x80,0x20,0x18,
    0x6c,0xe5,0x28,0xa0,0xa1,0xa0,0xfe,0x81,0x32,0x9a,0x10,0x00,0xa3,0x09,0x42,0x30,0x4b,0x40,0x3b,0x03,0x2d,0x84,0x30,0x3b,
    0x88,0xec,0x38,0xb1,0x43,0xc1,0x8e,0x5f,0x12,0xaf,0x33,0xd0,0x42,0x18,0xb3,0xc3,0xc8,0x8e,0x14,0x3b,0x18,0xec,0x80,0x26,
    0xf1,0x3a,0x17,0x0c,0xea,0x86,0x41,0x99,0x90,0x06,0xf2,0x31,0x21,0x0d,0xe4,0x63,0xc2,0x08,0x0a,0xf0,0x31,0x81,0x04,0x05,
    0xf8,0x4c,0x37,0x08,0x84,0x1f,0x4c,0x37,0x08,0xc4,0x1f,0x8c,0x18,0x18,0x00,0x08,0x82,0xc1,0x63,0x8f,0x02,0x1c,0x0a,0xc2,
    0x88,0x81,0x01,0x80,0x20,0x18,0x3c,0xf7,0x28,0xc4,0xa1,0x20,0x9c,0x40,0xa0,0x13,0x08,0x34,0x62,0x60,0x00,0x20,0x08,0x06,
    0x8f,0x3e,0x0a,0x73,0x28,0x18,0x23,0x06,0x06,0x00,0x82,0x60,0xf0,0xec,0xa3,0x40,0x87,0x82,0x31,0xdd,0xc0,0x8e,0x02,0x3c,
    0x0a,0xa6,0x30,0x4b,0x50,0x3b,0x03,0x15,0x83,0x0d,0x12,0xb4,0x93,0x1f,0xf0,0x33,0x50,0x31,0xe0,0x20,0x41,0x3b,0xf9,0x01,
    0x3f,0x03,0x15,0x83,0x0e,0x12,0xb4,0x93,0x1f,0xf0,0x33,0x50,0x31,0xf0,0x20,0x41,0x3b,0xf9,0x01,0x3f,0x03,0x15,0x04,0x7a,
    0x12,0xb4,0x93,0x1f,0xf0,0x33,0x4b,0x60,0x3b,0x03,0x15,0x03,0x18,0x12,0xb5,0x93,0x1a,0xed,0x33,0x50,0x31,0x88,0x21,0x51,
    0x3b,0xa9,0xd1,0x3e,0x03,0x15,0x03,0x19,0x12,0xb5,0x93,0x1a,0xed,0x33,0x50,0x31,0x98,0x21,0x51,0x3b,0xa9,0xd1,0x3e,0x03,
    0x15,0x84,0x7c,0x12,0xb5,0x93,0x1a,0xed,0x53,0xc1,0x03,0x75,0x3c,0x30,0xcb,0x70,0x3b,0xb8,0x23,0x17,0xc3,0x0d,0x02,0x77,
    0x06,0x35,0xfc,0xa1,0x80,0x27,0x10,0xa2,0x02,0x61,0x67,0x09,0x70,0x67,0xa0,0x82,0x10,0x6e,0x07,0x44,0x09,0xdb,0x19,0x6e,
    0xc0,0x0b,0x91,0x14,0xc0,0x60,0x96,0x21,0x77,0x74,0x27,0x28,0x44,0x0c,0xcc,0x82,0x31,0x00,0x41,0x05,0x64,0x60,0xb3,0x04,
    0xbd,0x33,0xdc,0xc0,0x17,0x22,0x29,0x80,0xc1,0x2c,0xc3,0xee,0xf0,0x4e,0x50,0x66,0x70,0x92,0xc2,0x55,0x13,0x98,0x05,0x02,
    0x08,0x2a,0x18,0x6c,0xb8,0x21,0x50,0x03,0x34,0xa8,0xc2,0x16,0x05,0xa8,0x60,0x88,0xe9,0x06,0x22,0x18,0x66,0x09,0x7a,0xc7,
    0xdc,0x20,0x17,0x05,0x10,0x8c,0x18,0x1c,0x00,0x08,0x82,0x41,0x77,0x93,0x02,0x2d,0x0a,0xd5,0x4b,0x0a,0x23,0x06,0x07,0x00,
    0x82,0x60,0xd0,0xe1,0xa4,0x40,0x8b,0x42,0x20,0xcc,0x12,0xf4,0xce,0x40,0x07,0xa1,0xe5,0x8e,0xc0,0x3b,0xc8,0xee,0x94,0x6a,
    0xb0,0xa4,0x80,0x15,0x94,0xa4,0xa0,0xc3,0x0d,0x81,0x4b,0x0a,0x60,0x30,0xcb,0xe0,0x3b,0xbf,0x13,0x0c,0x37,0x54,0x35,0x29,
    0x84,0xc1,0x70,0xc3,0x66,0x93,0x02,0x1a,0x54,0x20,0xec,0x70,0x43,0x97,0x07,0x67,0x50,0x81,0xb0,0x17,0x10,0x62,0x96,0xe0,
    0x77,0x06,0x2a,0x08,0xc1,0x77,0xec,0xa0,0x77,0x86,0x1b,0x92,0x9e,0x14,0xc0,0x60,0x96,0x01,0x7c,0xc2,0x27,0x28,0x31,0xf0,
    0x03,0xb3,0xe0,0x0f,0x40,0x50,0x01,0x28,0xd8,0x2c,0x01,0xf9,0x0c,0x37,0x34,0x3d,0x29,0x80,0xc1,0x2c,0x83,0xf8,0x8c,0x4f,
    0x50,0xa2,0x20,0x96,0xc2,0xd5,0x19,0x04,0x66,0x81,0x00,0x82,0x0a,0x06,0x1b,0x6e,0x08,0x4c,0x01,0x0d,0xaa,0x88,0x47,0x01,
    0x2a,0x18,0x62,0xba,0x81,0x08,0x86,0x59,0x02,0xf2,0x31,0x55,0xa0,0x47,0x01,0x04,0x23,0x06,0x07,0x00,0x82,0x60,0xd0,0xc9,
    0xa5,0xf0,0x8e,0xc2,0x1b,0xa8,0xa5,0x30,0x62,0x70,0x00,0x20,0x08,0x06,0xdd,0x5c,0x0a,0xef,0x28,0x04,0xc2,0x2c,0x01,0xf9,
    0x0c,0x74,0x10,0x1a,0xf8,0x08,0xe3,0x83,0x88,0xcf,0x70,0x83,0xd4,0x96,0x02,0x18,0xcc,0x32,0x98,0x4f,0xf9,0x04,0x96,0xf6,
    0xc1,0x3c,0x0a,0x30,0x18,0x31,0x38,0x00,0x10,0x04,0x03,0x34,0x90,0x4b,0x21,0x1f,0x85,0x34,0x14,0x82,0xd1,0x84,0x00,0x18,
    0x4d,0x10,0x82,0xd1,0x84,0x41,0x18,0x4d,0x20,0x86,0x59,0x82,0xf5,0x19,0x66,0x21,0xde,0x3e,0x58,0x1f,0xe9,0x7c,0x22,0xf4,
    0xa9,0xd2,0xe7,0x52,0x9f,0x11,0x83,0x06,0x00,0x41,0x30,0x08,0x03,0xbd,0x14,0xfa,0x51,0xf8,0x43,0x41,0x1c,0xc6,0x00,0x19,
    0x49,0x61,0x24,0x85,0x91,0x14,0x46,0x52,0x18,0x4d,0x08,0x80,0xd1,0x04,0x21,0x18,0x4d,0x18,0x84,0xd1,0x04,0x62,0x98,0x25,
    0x58,0x9f,0x11,0x83,0x06,0x00,0x41,0x30,0x08,0x83,0xbf,0x14,0x44,0x52,0x28,0x45,0xe1,0x1c,0xd0,0xa0,0x41,0x49,0x01,0x25,
    0x05,0x94,0x14,0x50,0x52,0x18,0x4d,0x08,0x80,0xd1,0x04,0x21,0x18,0x4d,0x18,0x84,0xd1,0x04,0x62,0x98,0x25,0x58,0x9f,0x11,
    0x83,0x06,0x00,0x41,0x30,0x08,0x03,0xd2,0x14,0x4e,0x52,0x58,0x45,0x81,0x1d,0xda,0x40,0x6a,0x49,0xa1,0x25,0x85,0x96,0x14,
    0x5a,0x52,0x18,0x4d,0x08,0x80,0xd1,0x04,0x21,0x18,0x4d,0x18,0x84,0xd1,0x04,0x62,0x98,0x25,0x58,0x9f,0x11,0x83,0x06,0x00,
    0x41,0x30,0x08,0x83,0xd4,0x14,0x58,0x52,0x88,0x45,0x21,0x1e,0xe4,0xe0,0x92,0x49,0x41,0x26,0x05,0x99,0x14,0x64,0x52,0x18,
    0x4d,0x08,0x80,0xd1,0x04,0x21,0x18,0x4d,0x18,0x84,0xd1,0x04,0x62,0x98,0x25,0x58,0x9f,0x81,0x9a,0x01,0x0e,0xca,0xc7,0x34,
    0x09,0xf3,0x41,0xd4,0x47,0x4a,0x1f,0x0e,0x7d,0xcc,0xe0,0x7c,0x06,0x6a,0x06,0x38,0x28,0x1f,0xd4,0x24,0xcc,0x07,0x51,0x1f,
    0x29,0x7d,0x38,0xf4,0x31,0x83,0xf3,0x19,0xa8,0x19,0xe0,0xa0,0x7c,0x54,0x93,0x30,0x1f,0x44,0x7d,0xa4,0xf4,0xe1,0xd0,0xc7,
    0x0c,0xce,0x67,0xa0,0x66,0x80,0x83,0xf2,0x61,0x4d,0xc2,0x7c,0x10,0xf5,0x91,0xd2,0x87,0x43,0x1f,0x33,0x38,0x9f,0xe1,0x86,
    0x59,0x60,0x4d,0x01,0x0c,0x66,0x19,0xda,0x87,0x7d,0x02,0x2b,0x70,0x21,0x3e,0x56,0xe0,0x42,0x7c,0xac,0xc0,0x85,0xf8,0x58,
    0x81,0x0b,0xf1,0x31,0x82,0x1c,0xe4,0x63,0x44,0x39,0xc8,0xc7,0x08,0x73,0x90,0x8f,0x11,0xe7,0x20,0x1f,0x23,0xc0,0x01,0x3e,
    0x46,0x80,0x03,0x7c,0x8c,0x00,0x07,0xf8,0x18,0x01,0x0e,0xf0,0x99,0x25,0x68,0x9f,0x81,0x8a,0x01,0x61,0x1f,0x31,0x58,0x9f,
    0x81,0x8a,0x01,0x61,0x1f,0x31,0x58,0x9f,0x81,0x8a,0x01,0x61,0x1f,0x31,0x58,0x9f,0x81,0x8a,0x01,0x61,0x1f,0x31,0x58,0x1f,
    0x23,0x07,0xdf,0x14,0x60,0x30,0xdc,0x10,0xbc,0x03,0x1a,0xcc,0x32,0xd8,0x8e,0xfb,0x04,0xc3,0x0d,0xeb,0xf0,0x9b,0x02,0x18,
    0xcc,0x32,0xc0,0xcf,0xfb,0x04,0x76,0xc0,0x43,0x7c,0xec,0x80,0x87,0xf8,0xd8,0x01,0x0f,0xf1,0xb1,0x03,0x1e,0xe2,0x63,0x84,
    0x3d,0xc8,0xc7,0x88,0x7b,0x90,0x8f,0x11,0xf8,0x20,0x1f,0x23,0xf2,0x41,0x3e,0x46,0xe0,0x03,0x7c,0x8c,0xc0,0x07,0xf8,0x18,
    0x81,0x0f,0xf0,0x31,0x02,0x1f,0xe0,0x33,0x4b,0x00,0x3f,0x03,0x15,0x03,0xf2,0x3e,0x66,0xe0,0x3e,0x03,0x15,0x03,0xf2,0x3e,
    0x66,0xe0,0x3e,0x03,0x15,0x03,0xf2,0x3e,0x66,0xe0,0x3e,0x03,0x15,0x03,0xf2,0x3e,0x66,0xe0,0x3e,0xc6,0x0f,0xf1,0x29,0xc0,
    0x60,0xb8,0x21,0x10,0x09,0x34,0x98,0x65,0xa8,0x9d,0xf8,0x09,0x66,0x19,0xe6,0x47,0x7e,0xc2,0x62,0xc4,0xc0,0x00,0x40,0x10,
    0x0c,0x9e,0xff,0x14,0xf0,0x52,0x80,0x0b,0x3b,0xce,0x22,0x3e,0x76,0x9c,0x45,0x7c,0xec,0x38,0x8b,0xf8,0xd8,0x71,0x16,0xf1,
    0xb1,0x82,0x90,0x8f,0x19,0x84,0x7c,0xec,0x20,0xe4,0x63,0x08,0x21,0x1f,0x23,0xde,0x02,0x3e,0x46,0xbc,0x05,0x7c,0x8c,0x78,
    0x0b,0xf8,0x18,0xf1,0x16,0xf0,0x99,0x25,0x98,0x9f,0x81,0x8a,0x01,0x91,0x1f,0x33,0x88,0x9f,0x81,0x8a,0x01,0x91,0x1f,0x33,
    0x88,0x9f,0x81,0x8a,0x01,0x91,0x1f,0x33,0x88,0x9f,0x81,0x8a,0x01,0x91,0x1f,0x33,0x88,0x9f,0x9a,0x0b,0x12,0x15,0x60,0xba,
    0x21,0x44,0x85,0x12,0x15,0xfe,0x62,0xb8,0x41,0x08,0xc8,0x60,0x96,0xe1,0x75,0xe8,0x27,0xb0,0x63,0x37,0xe0,0x63,0xc7,0x6e,
    0xc0,0xc7,0x8e,0xdd,0x80,0x8f,0x1d,0xbb,0x01,0x1f,0xdb,0x8d,0x15,0x15,0x20,0x30,0xdc,0x10,0x94,0x07,0x18,0xcc,0x32,0xd4,
    0x0f,0xeb,0x04,0xb3,0x04,0xf6,0x33,0x50,0x31,0xb8,0x2a,0xa1,0x3a,0x4c,0xfd,0x0c,0x54,0x0c,0xb0,0x4a,0xa8,0x0e,0x53,0x3f,
    0x03,0x15,0x83,0xac,0x12,0xaa,0xc3,0xd4,0xcf,0x40,0xc5,0x40,0xab,0x84,0xea,0x30,0xf5,0x73,0xea,0x31,0x28,0x2b,0x02,0xfa,
    0x58,0x21,0xd0,0xc7,0x8a,0x81,0x3e,0x56,0x10,0xf4,0x99,0x25,0xb0,0xa3,0x59,0x86,0xfe,0xc1,0x1f,0x54,0x19,0x66,0x21,0x60,
    0x50,0xb0,0x23,0x29,0x7f,0x22,0xfd,0xa9,0xf6,0xe7,0xe2,0x9f,0x11,0x03,0x08,0x00,0x41,0x30,0xb0,0xc0,0x54,0xc0,0x4d,0x01,
    0x2c,0x05,0x98,0x14,0xe2,0x3d,0x80,0xf7,0x40,0x2e,0x05,0xb9,0x14,0x6a,0x54,0xa8,0x51,0x81,0x3c,0x85,0x99,0x0f,0xe4,0x52,
    0x18,0x4d,0x08,0x80,0xd1,0x04,0x21,0x18,0x4d,0x18,0x84,0xd1,0x04,0x62,0x98,0x25,0xb0,0xa3,0x11,0x03,0x08,0x00,0x41,0x30,
    0xb0,0xca,0x54,0xe8,0x4d,0xc1,0x2c,0x05,0x9b,0x14,0xec,0x3d,0xa8,0xf7,0xe0,0x2e,0x85,0xbb,0x14,0x74,0x54,0xd0,0x51,0x21,
    0x3d,0x05,0x9c,0x0f,0xee,0x52,0x18,0x4d,0x08,0x80,0xd1,0x04,0x21,0x18,0x4d,0x18,0x84,0xd1,0x04,0x62,0x98,0x25,0xb0,0xa3,
    0x11,0x03,0x08,0x00,0x41,0x30,0xb0,0xd4,0x54,0x10,0x4f,0x81,0x2d,0x05,0x9e,0x14,0xf6,0x3d,0xd0,0xf7,0x80,0x2f,0x05,0xbe,
    0x14,0x7e,0x54,0xf8,0x51,0xc1,0x3d,0x85,0x9e,0x0f,0xf8,0x52,0x18,0x4d,0x08,0x80,0xd1,0x04,0x21,0x18,0x4d,0x18,0x84,0xd1,
    0x04,0x62,0x98,0x25,0xb0,0xa3,0x11,0x03,0x08,0x00,0x41,0x30,0xb0,0xde,0x54,0x38,0x4f,0x41,0x2e,0x05,0xb1,0x14,0x40,0x3e,
    0xf8,0xf7,0x20,0x34,0x85,0xd0,0x14,0xc8,0x54,0x20,0x53,0x61,0x3e,0x05,0xb1,0x0f,0x42,0x53,0x18,0x4d,0x08,0x80,0xd1,0x04,
    0x21,0x18,0x4d,0x18,0x84,0xd1,0x04,0x62,0x98,0x25,0xb0,0xa3,0x61,0x16,0x82,0x0c,0x05,0x11,0x92,0xfc,0x27,0xfa,0x9f,0x0a,
    0x84,0xae,0x10,0x1a,0x31,0x38,0x00,0x10,0x04,0x83,0x4d,0x4e,0x85,0xfa,0x14,0xe8,0x52,0x48,0x53,0x61,0x34,0x21,0x00,0x46,
    0x13,0x84,0x60,0x34,0x61,0x18,0x66,0x09,0x44,0x68,0xc4,0xe0,0x00,0x40,0x10,0x0c,0x36,0x3b,0x15,0xf2,0x53,0xc8,0x4b,0xa1,
    0x4d,0x85,0xd1,0x84,0x00,0x18,0x4d,0x10,0x82,0xd1,0x84,0x61,0x98,0x25,0x10,0xa1,0x11,0x83,0x03,0x00,0x41,0x30,0xd8,0xf4,
    0x54,0xe8,0x4f,0xc1,0x2f,0x85,0x38,0x15,0x46,0x13,0x02,0x60,0x34,0x41,0x08,0x46,0x13,0x86,0x61,0x96,0x40,0x84,0x46,0x0c,
    0x0e,0x00,0x04,0xc1,0x60,0xf3,0x53,0x21,0x44,0x85,0xd1,0x14,0xea,0x54,0x18,0x4d,0x08,0x80,0xd1,0x04,0x21,0x18,0x4d,0x18,
    0x86,0x59,0x02,0x11,0x1a,0x68,0x21,0x84,0x10,0x52,0x40,0x48,0xfa,0x1f,0xcd,0x7f,0xe4,0x99,0xe8,0x9f,0x81,0x16,0xc2,0x08,
    0x21,0x07,0x84,0xac,0xff,0xf1,0xfc,0x87,0x9e,0x89,0xfe,0x19,0x68,0x21,0x94,0x10,0x92,0x40,0x48,0xfb,0x1f,0x31,0xf0,0x1f,
    0x7b,0x26,0xfa,0x67,0x98,0x85,0xb8,0x43,0xe1,0x84,0xa4,0x11,0x8a,0x48,0xa8,0x2a,0xa1,0xcb,0x84,0x46,0x0c,0x16,0x00,0x04,
    0xc1,0xe0,0x1b,0x55,0x01,0x3f,0x85,0xd3,0x14,0xee,0x52,0xc0,0xf9,0xe0,0xe6,0x83,0xdc,0x14,0x78,0x54,0x98,0x25,0x38,0xa1,
    0x11,0x83,0x05,0x00,0x41,0x30,0xf8,0x48,0x55,0xc8,0x4f,0x21,0x35,0x85,0xbc,0x14,0x72,0x3e,0xc0,0xf9,0x40,0x37,0x85,0x1e,
    0x15,0x66,0x09,0x4e,0x68,0xc4,0x60,0x01,0x40,0x10,0x0c,0xbe,0x52,0x15,0xf4,0x53,0x58,0x4d,0x61,0x2f,0x05,0x9d,0x0f,0x72,
    0x3e,0xd8,0x4d,0xc1,0x47,0x85,0x59,0x82,0x13,0x1a,0x31,0x58,0x00,0x10,0x04,0x83,0xcf,0x54,0x85,0xfd,0x14,0x5a,0x53,0xe8,
    0x4b,0x61,0xe7,0x03,0x9d,0x0f,0x78,0x53,0xf8,0x51,0x61,0x96,0xe0,0x84,0x06,0x5a,0x06,0xbb,0x25,0x44,0x48,0x30,0x21,0xa2,
    0x84,0x0c,0x12,0x42,0x46,0xc8,0x82,0xbf,0x0f,0xe0,0x33,0x62,0x70,0x00,0x20,0x08,0x06,0x0d,0xac,0x0a,0x30,0x2a,0x04,0x7c,
    0x1f,0x0c,0x47,0x04,0xbe,0x29,0x08,0xdf,0x68,0x82,0xbf,0x04,0xa3,0x09,0xff,0x22,0x4c,0x37,0x08,0xc1,0x70,0x01,0x61,0x86,
    0x1b,0x02,0x50,0x15,0xc0,0xa0,0x8c,0x40,0x67,0x19,0x50,0x28,0x85,0x82,0x11,0x03,0x03,0x00,0x41,0x30,0x78,0x6e,0x55,0x40,
    0x51,0xc1,0xec,0x83,0x11,0x03,0x03,0x00,0x41,0x30,0x78,0x70,0x55,0x48,0x51,0xc1,0xec,0x83,0x11,0x03,0x03,0x00,0x41,0x30,
    0x78,0x72,0x55,0x48,0x51,0x01,0xed,0x83,0x11,0x03,0x03,0x00,0x41,0x30,0x78,0x74,0x55,0x50,0x51,0x01,0xed,0x83,0x9b,0x06,
    0x75,0xd5,0xa0,0xcc,0x10,0xe4,0x63,0x86,0x20,0x1f,0x13,0x04,0xf9,0x98,0x20,0xc8,0xc7,0x02,0x01,0x3e,0x23,0x06,0x06,0x00,
    0x82,0x60,0xf0,0x88,0xab,0x60,0xa3,0x42,0x60,0x0a,0x22,0x1f,0x53,0x10,0xf9,0x98,0x20,0xc8,0xc7,0x04,0x41,0x3e,0x16,0x08,
    0xf0,0x19,0x31,0x30,0x00,0x10,0x04,0x83,0x07,0x5d,0x05,0x1e,0x15,0x82,0x11,0x83,0x03,0x00,0x41,0x30,0x68,0xd4,0x55,0x50,
    0x53,0xe1,0x08,0x46,0x0c,0x0e,0x00,0x04,0xc1,0xa0,0x59,0x57,0x61,0x4d,0x05,0xda,0x0f,0xf2,0x53,0x30,0x21,0xa0,0xcf,0x88,
    0xc1,0x01,0x80,0x20,0x18,0x34,0xed,0x2a,0xb0,0xa9,0xa0,0x10,0x23,0x06,0x07,0x00,0x82,0x60,0xd0,0xb8,0xab,0xe0,0xa6,0x42,
    0x20,0x8c,0x18,0x1c,0x00,0x08,0x82,0x41,0xf3,0xae,0xc2,0x9b,0x0a,0x41,0x7f,0x0a,0x66,0x04,0xf4,0x19,0x31,0x30,0x00,0x10,
    0x04,0x83,0x07,0x5e,0x85,0x1c,0x15,0x82,0x11,0x83,0x03,0x00,0x41,0x30,0x68,0xe4,0x55,0x90,0x53,0x21,0x00,0x51,0x61,0xc4,
    0xe0,0x00,0x40,0x10,0x0c,0x9a,0x79,0x15,0xe4,0x54,0x08,0x90,0x0b,0x08,0x33,0x1c,0x21,0x31,0xc2,0x37,0xdd,0xe0,0x71,0xc1,
    0x74,0x83,0xc7,0x09,0x47,0x0c,0xca,0x86,0x80,0x3e,0x36,0x08,0xf4,0x19,0x31,0x30,0x00,0x10,0x04,0x83,0x47,0x5f,0x05,0x34,
    0x15,0x18,0x0b,0xd8,0x3f,0x80,0xcf,0x88,0xc1,0x01,0x80,0x20,0x18,0x34,0xfd,0x2a,0xf4,0xa9,0x10,0xa4,0x7f,0x30,0x4b,0x90,
    0x42,0x03,0x15,0x83,0x80,0x42,0xbc,0x70,0x42,0x03,0x15,0x84,0x85,0x42,0xe4,0x4d,0x9c,0xd0,0x40,0xc5,0xe0,0xa0,0x90,0x0e,
    0x13,0x27,0x34,0x50,0x31,0x38,0x28,0xc4,0xc3,0xc4,0x09,0x0d,0x37,0xb4,0x41,0xbd,0x0a,0x61,0x30,0xdc,0x40,0xd4,0xab,0x00,
    0x06,0xb3,0x0c,0x75,0xa4,0x42,0xc1,0x2c,0xc1,0x0a,0x0d,0x54,0x0c,0x77,0x33,0x47,0x62,0x4c,0xa8,0xd0,0x40,0xc5,0x70,0x37,
    0x73,0x44,0xc6,0x84,0x0a,0x0d,0x54,0x0c,0x77,0x33,0x47,0x66,0x4c,0xa8,0xd0,0x40,0xc5,0x70,0x37,0x73,0x84,0xc6,0x84,0x0a,
    0x0d,0x54,0x10,0x77,0x33,0x47,0xf4,0x4d,0xa8,0xd0,0x88,0xc1,0x01,0x80,0x20,0x18,0xa0,0x81,0xbf,0x0a,0xa5,0x2a,0xd4,0xa7,
    0x60,0x37,0xa3,0x09,0xc1,0x70,0x01,0x61,0x8e,0x18,0x54,0x39,0xaa,0x2a,0xc0,0x05,0x83,0xb2,0x00,0x4c,0x05,0xf9,0x18,0x11,
    0xc4,0xc7,0x82,0x48,0x3e,0x26,0x44,0xf2,0x31,0x21,0xfc,0x03,0xf8,0x98,0x10,0xfe,0x01,0x7c,0x4a,0xc9,0x57,0x41,0x87,0x1b,
    0x02,0x94,0x15,0xc0,0xa0,0x60,0x81,0x56,0x05,0x98,0x65,0x68,0x21,0x16,0x12,0x2e,0x18,0xd4,0x88,0xc1,0x01,0x80,0x20,0x18,
    0x34,0x39,0x2b,0xe4,0xaa,0xb0,0x99,0xa9,0x30,0x62,0x70,0x00,0x20,0x08,0x06,0x8d,0xce,0x0a,0xb9,0x2a,0x04,0xc2,0x2c,0x41,
    0x0b,0x0d,0x54,0x0c,0x02,0x0b,0xc1,0x32,0xb1,0x42,0xc3,0x0d,0xc7,0xca,0x0a,0x60,0x30,0xdc,0x80,0x9c,0xac,0x00,0x06,0x25,
    0x04,0x6b,0x04,0x9c,0x0a,0xf0,0x99,0x6e,0x28,0x02,0x61,0xc4,0xc0,0x00,0x40,0x10,0x0c,0x1e,0xb0,0x15,0x74,0x55,0x08,0x2e,
    0x20,0x4c,0x05,0x36,0x2b,0xc0,0x88,0xc1,0x01,0x80,0x20,0x18,0x74,0x3e,0x2b,0xb8,0xaa,0x10,0x34,0xb3,0x04,0x2e,0x34,0x50,
    0x31,0x90,0x33,0xd1,0x42,0xe7,0x22,0x47,0x03,0x15,0x83,0x39,0x13,0x2d,0x74,0x2e,0x72,0x34,0x50,0x31,0xa0,0x33,0xd1,0x42,
    0xe7,0x22,0x47,0x03,0x15,0x83,0x3a,0x13,0x2d,0x74,0x2e,0x72,0x34,0x50,0x41,0xd8,0x39,0xd1,0x42,0xe7,0x22,0x47,0xc3,0x0d,
    0x01,0xcf,0x0a,0x60,0x30,0xdd,0x90,0x1c,0xc1,0x30,0x0b,0x91,0x93,0xc2,0x0c,0x49,0x2f,0x14,0xc1,0x50,0x15,0x43,0x97,0x0c,
    0x8d,0x18,0x1c,0x00,0x08,0x82,0xc1,0x76,0xb6,0x82,0xba,0x0a,0x69,0x2a,0x04,0xa3,0x09,0x01,0x30,0x9a,0x20,0x04,0xb3,0x04,
    0x33,0x34,0x62,0x70,0x00,0x20,0x08,0x06,0x9b,0xda,0x0a,0xed,0x2a,0xb4,0xa9,0x40,0x8c,0x26,0x04,0xc0,0x68,0x82,0x10,0xcc,
    0x12,0xcc,0xd0,0x88,0xc1,0x01,0x80,0x20,0x18,0x6c,0x6d,0x2b,0xc0,0xab,0x10,0xa7,0xc2,0x31,0x9a,0x10,0x00,0xa3,0x09,0x42,
    0x30,0x4b,0x30,0x43,0x23,0x06,0x07,0x00,0x82,0x60,0xb0,0xc1,0xad,0x30,0xaf,0x42,0x9d,0x0a,0xca,0x68,0x42,0x00,0x8c,0x26,
    0x08,0xc1,0x2c,0xc1,0x0c,0x0d,0xb4,0x10,0x82,0x0c,0x21,0x31,0xe4,0xc0,0x10,0xf5,0x42,0xb4,0x4e,0xb8,0xd0,0x40,0x0b,0x61,
    0xc8,0x10,0x13,0x43,0x12,0x0c,0x61,0x2f,0x64,0xeb,0x84,0x0b,0x5d,0x30,0xa8,0x1b,0x06,0x65,0x42,0x1a,0xc8,0xc7,0x84,0x34,
    0x90,0x8f,0x09,0xae,0x2a,0xc0,0xc7,0x84,0x57,0x15,0xe0,0x33,0xdd,0x20,0x10,0x7e,0x30,0xdd,0x20,0x10,0x7f,0x30,0x62,0x60,
    0x00,0x20,0x08,0x06,0x4f,0xe8,0x0a,0xfb,0x2a,0x08,0x23,0x06,0x06,0x00,0x82,0x60,0xf0,0x88,0xae,0xc0,0xaf,0x82,0x70,0x02,
    0x81,0x4e,0x20,0xd0,0x88,0x81,0x01,0x80,0x20,0x18,0x3c,0xa5,0x2b,0xf8,0xab,0x60,0x8c,0x18,0x18,0x00,0x08,0x82,0xc1,0x63,
    0xba,0xc2,0xbf,0x0a,0xc6,0x74,0xc3,0xdd,0x0a,0x7b,0x2b,0x98,0xc2,0x2c,0x01,0x0d,0x0d,0x54,0x0c,0x6c,0x4d,0xcc,0x50,0x7e,
    0xbc,0xd1,0x40,0xc5,0xe0,0xd6,0xc4,0x0c,0xe5,0xc7,0x1b,0x0d,0x54,0x0c,0x70,0x4d,0xcc,0x50,0x7e,0xbc,0xd1,0x40,0xc5,0x20,
    0xd7,0xc4,0x0c,0xe5,0xc7,0x1b,0x0d,0x54,0x10,0xfe,0x4e,0xcc,0x50,0x7e,0xbc,0xd1,0x2c,0x41,0x0d,0x0d,0x54,0x0c,0x76,0x4d,
    0xd0,0x50,0x6a,0xb0,0xd1,0x40,0xc5,0x80,0xd7,0x04,0x0d,0xa5,0x06,0x1b,0x0d,0x54,0x0c,0x7a,0x4d,0xd0,0x50,0x6a,0xb0,0xd1,
    0x40,0xc5,0xc0,0xd7,0x04,0x0d,0xa5,0x06,0x1b,0x0d,0x54,0x10,0x28,0x4f,0xd0,0x50,0x6a,0xb0,0x51,0x05,0x0f,0xd4,0xf1,0xc0,
    0x2c,0x83,0x0d,0xdd,0x50,0xff,0x0c,0x37,0x08,0xdc,0x19,0xd4,0xa0,0xb2,0x02,0x9e,0x40,0x88,0x0a,0x84,0x9d,0x25,0xb8,0xa1,
    0x81,0x0a,0x42,0xb0,0x21,0x9b,0x27,0x6a,0x68,0xb8,0x61,0x84,0x5a,0x57,0x00,0x83,0x59,0x06,0x1c,0xca,0xa1,0xa0,0x10,0x31,
    0x30,0x0b,0xc6,0x00,0x04,0x15,0x90,0x81,0xcd,0x12,0xf0,0xd0,0x70,0xc3,0x09,0xb5,0xae,0x00,0x06,0xb3,0x0c,0x3a,0xb4,0x43,
    0x41,0x99,0x81,0xec,0x0a,0x57,0x4d,0x60,0x16,0x08,0x20,0xa8,0x60,0xb0,0xe1,0x86,0x40,0x0d,0xd0,0xa0,0x8a,0xb0,0x15,0xa0,
    0x82,0x21,0xa6,0x1b,0x88,0x60,0x98,0x25,0xe0,0x21,0x73,0x03,0xb2,0x15,0x40,0x30,0x62,0x70,0x00,0x20,0x08,0x06,0x9d,0xf8,
    0x0a,0x3f,0x2b,0x54,0xba,0x2b,0x8c,0x18,0x1c,0x00,0x08,0x82,0x41,0x37,0xbe,0xc2,0xcf,0x0a,0x81,0x30,0x4b,0xc0,0x43,0x03,
    0x1d,0x84,0x86,0x43,0xc2,0x0e,0x21,0x3a,0x54,0x35,0x74,0xbb,0x02,0x56,0x00,0xbb,0x82,0x0e,0x37,0x04,0xb9,0x2b,0x80,0xc1,
    0x2c,0x43,0x0f,0xf9,0x50,0x30,0xdc,0x50,0x81,0xaf,0x10,0x06,0xc3,0x0d,0x5b,0xf8,0x0a,0x68,0x50,0x81,0xb0,0xc3,0x0d,0x5d,
    0x1e,0x9c,0x41,0x05,0xc2,0x5e,0x40,0x88,0x59,0x02,0x1f,0x1a,0xa8,0x20,0x84,0x1e,0xb2,0x03,0x1e,0x1a,0x6e,0x48,0xd0,0x57,
    0x00,0x83,0x59,0x86,0x1f,0x02,0xa3,0xa0,0xc4,0xc0,0x0f,0xcc,0x82,0x3f,0x00,0x41,0x05,0xa0,0x60,0xb3,0x04,0x63,0x34,0xdc,
    0xd0,0xa0,0xaf,0x00,0x06,0xb3,0x0c,0x61,0x24,0x46,0x41,0x89,0x42,0xfb,0x0a,0x57,0x67,0x10,0x98,0x05,0x02,0x08,0x2a,0x18,
    0x6c,0xb8,0x21,0x30,0x05,0x34,0xa8,0x82,0x6f,0x05,0xa8,0x60,0x88,0xe9,0x06,0x22,0x18,0x66,0x09,0xc6,0xc8,0x54,0xe1,0x6f,
    0x05,0x10,0x8c,0x18,0x1c,0x00,0x08,0x82,0x41,0xd7,0xbf,0x82,0xde,0x0a,0x6f,0x50,0xbf,0xc2,0x88,0xc1,0x01,0x80,0x20,0x18,
    0x74,0xfe,0x2b,0xe8,0xad,0x10,0x08,0xb3,0x04,0x63,0x34,0xd0,0x41,0x68,0x3f,0x24,0x88,0x11,0x12,0x46,0xc3,0x0d,0x12,0xfe,
    0x0a,0x60,0x30,0xcb,0x50,0x46,0x64,0x14,0x18,0x7d,0x0a,0x7e,0x2b,0xc0,0x60,0xc4,0xe0,0x00,0x40,0x10,0x0c,0xd0,0xa0,0x7f,
    0x05,0xd2,0x15,0xe8,0x55,0x08,0x46,0x13,0x02,0x60,0x34,0x41,0x08,0x46,0x13,0x06,0x61,0x34,0x81,0x18,0x66,0x09,0xd4,0x68,
    0x98,0x85,0xd0,0x4f,0x41,0x8d,0x24,0x33,0x8a,0xce,0xa8,0x42,0xa3,0x2b,0x8d,0x46,0x0c,0x1a,0x00,0x04,0xc1,0x20,0x0c,0x4a,
    0x58,0x40,0x5d,0x41,0x65,0x05,0x71,0x18,0x03,0xc4,0x75,0x05,0xd7,0x15,0x5c,0x57,0x70,0x5d,0x61,0x34,0x21,0x00,0x46,0x13,
    0x84,0x60,0x34,0x61,0x10,0x46,0x13,0x88,0x61,0x96,0x40,0x8d,0x46,0x0c,0x1a,0x00,0x04,0xc1,0x20,0x0c,0x54,0x58,0x68,0x5d,
    0x01,0x66,0x85,0x73,0x40,0x83,0x66,0x76,0x85,0xd9,0x15,0x66,0x57,0x98,0x5d,0x61,0x34,0x21,0x00,0x46,0x13,0x84,0x60,0x34,
    0x61,0x10,0x46,0x13,0x88,0x61,0x96,0x40,0x8d,0x46,0x0c,0x1a,0x00,0x04,0xc1,0x20,0x0c,0x5e,0x58,0x90,0x5d,0xc1,0x66,0x05,
    0x76,0x68,0x03,0x09,0x77,0x05,0xdc,0x15,0x70,0x57,0xc0,0x5d,0x61,0x34,0x21,0x00,0x46,0x13,0x84,0x60,0x34,0x61,0x10,0x46,
    0x13,0x88,0x61,0x96,0x40,0x8d,0x46,0x0c,0x1a,0x00,0x04,0xc1,0x20,0x0c,0x68,0x58,0xb8,0x5d,0x81,0x67,0x85,0x78,0x90,0x83,
    0xab,0x77,0x85,0xde,0x15,0x7a,0x57,0xe8,0x5d,0x61,0x34,0x21,0x00,0x46,0x13,0x84,0x60,0x34,0x61,0x10,0x46,0x13,0x88,0x61,
    0x96,0x40,0x8d,0x06,0x6a,0x06,0x38,0x20,0x23,0x5e,0x27,0xca,0x08,0x49,0x23,0x09,0x8d,0xb8,0x33,0x32,0x03,0x33,0x1a,0xa8,
    0x19,0xe0,0x80,0x8c,0x7c,0x9d,0x28,0x23,0x24,0x8d,0x24,0x34,0xe2,0xce,0xc8,0x0c,0xcc,0x68,0xa0,0x66,0x80,0x03,0x32,0x02,
    0x77,0xa2,0x8c,0x90,0x34,0x92,0xd0,0x88,0x3b,0x23,0x33,0x30,0xa3,0x81,0x9a,0x01,0x0e,0xc8,0x48,0xdc,0x89,0x32,0x42,0xd2,
    0x48,0x42,0x23,0xee,0x8c,0xcc,0xc0,0x8c,0x86,0x1b,0x66,0xe1,0x86,0x05,0x30,0x98,0x65,0x60,0xa3,0x35,0x0a,0xac,0xc0,0x85,
    0xf8,0x58,0x81,0x0b,0xf1,0xb1,0x02,0x17,0xe2,0x63,0x05,0x2e,0xc4,0xc7,0x08,0x72,0x90,0x8f,0x11,0xe5,0x20,0x1f,0x23,0xcc,
    0x41,0x3e,0x46,0x9c,0x83,0x7c,0x8c,0x00,0x07,0xf8,0x18,0x01,0x0e,0xf0,0x31,0x02,0x1c,0xe0,0x63,0x04,0x38,0xc0,0x67,0x96,
    0x80,0x8d,0x06,0x2a,0x06,0x64,0x8d,0xc4,0x40,0x8d,0x06,0x2a,0x06,0x64,0x8d,0xc4,0x40,0x8d,0x06,0x2a,0x06,0x64,0x8d,0xc4,
    0x40,0x8d,0x06,0x2a,0x06,0x64,0x8d,0xc4,0x40,0x8d,0x8c,0x1c,0xd2,0x58,0x80,0xc1,0x70,0x43,0xf0,0x0e,0x68,0x30,0xcb,0x50,
    0x43,0x6d,0x14,0x0c,0x37,0xac,0x83,0x1a,0x0b,0x60,0x30,0xcb,0xf0,0x46,0x6e,0x14,0xd8,0x01,0x0f,0xf1,0xb1,0x03,0x1e,0xe2,
    0x63,0x07,0x3c,0xc4,0xc7,0x0e,0x78,0x88,0x8f,0x11,0xf6,0x20,0x1f,0x23,0xee,0x41,0x3e,0x46,0xe0,0x83,0x7c,0x8c,0xc8,0x07,
    0xf9,0x18,0x81,0x0f,0xf0,0x31,0x02,0x1f,0xe0,0x63,0x04,0x3e,0xc0,0xc7,0x08,0x7c,0x80,0xcf,0x2c,0xc1,0x1b,0x0d,0x54,0x0c,
    0x88,0x1b,0x99,0x41,0x1b,0x0d,0x54,0x0c,0x88,0x1b,0x99,0x41,0x1b,0x0d,0x54,0x0c,0x88,0x1b,0x99,0x41,0x1b,0x0d,0x54,0x0c,
    0x88,0x1b,0x99,0x41,0x1b,0x19,0x3f,0xf0,0xb1,0x00,0x83,0xe1,0x86,0x40,0x24,0xd0,0x60,0x96,0x81,0x86,0xe0,0x28,0x98,0x65,
    0x90,0xa3,0x38,0x0a,0x8b,0x11,0x03,0x03,0x00,0x41,0x30,0x78,0x54,0x59,0x18,0x61,0x01,0x2e,0xec,0x38,0x8b,0xf8,0xd8,0x71,
    0x16,0xf1,0xb1,0xe3,0x2c,0xe2,0x63,0xc7,0x59,0xc4,0xc7,0x0a,0x42,0x3e,0x66,0x10,0xf2,0xb1,0x83,0x90,0x8f,0x21,0x84,0x7c,
    0x8c,0x78,0x0b,0xf8,0x18,0xf1,0x16,0xf0,0x31,0xe2,0x2d,0xe0,0x63,0xc4,0x5b,0xc0,0x67,0x96,0x40,0x8e,0x06,0x2a,0x06,0x24,
    0x8e,0xcc,0x00,0x8e,0x06,0x2a,0x06,0x24,0x8e,0xcc,0x00,0x8e,0x06,0x2a,0x06,0x24,0x8e,0xcc,0x00,0x8e,0x06,0x2a,0x06,0x24,
    0x8e,0xcc,0x00,0x8e,0x6a,0x2e,0x5e,0x59,0x80,0xe9,0x06,0x56,0x16,0x60,0x59,0xf8,0x8b,0xe1,0x06,0x21,0x20,0x83,0x59,0x06,
    0x17,0x9a,0xa3,0xc0,0x8e,0xdd,0x80,0x8f,0x1d,0xbb,0x01,0x1f,0x3b,0x76,0x03,0x3e,0x76,0xec,0x06,0x7c,0x6c,0x37,0x6c,0x59,
    0x80,0xc0,0x70,0x43,0x50,0x1e,0x60,0x30,0xcb,0x40,0x47,0x2b,0x14,0xcc,0x12,0xd4,0xd1,0x40,0xc5,0x40,0xfe,0x44,0x0a,0x31,
    0x74,0x34,0x50,0x31,0x98,0x3f,0x91,0x42,0x0c,0x1d,0x0d,0x54,0x0c,0xe8,0x4f,0xa4,0x10,0x43,0x47,0x03,0x15,0x83,0xfa,0x13,
    0x29,0xc4,0xd0,0xd1,0xa9,0xc7,0xa0,0xac,0x08,0xe8,0x63,0x85,0x40,0x1f,0x2b,0x06,0xfa,0x58,0x41,0xd0,0x67,0x96,0xc0,0x8e,
    0x06,0xda,0x06,0xfb,0x27,0xf6,0xc6,0xa7,0xec,0xc7,0xfe,0x09,0xbf,0xd1,0xcf,0x40,0x74,0x48,0x34,0x08,0x1d,0x17,0x0d,0x40,
    0x07,0x47,0x83,0xbf,0x41,0xea,0xc8,0xfe,0x09,0xfc,0xb1,0x27,0xfe,0x01,0xa9,0xfd,0x51,0x29,0xfd,0xa1,0xa9,0xfc,0x19,0x68,
    0x1b,0xf0,0x9f,0xd8,0x1b,0x9f,0xb2,0x1f,0xfc,0x27,0xfc,0x46,0x3f,0x03,0xd1,0x21,0xd1,0x20,0x74,0x5c,0x34,0x00,0x1d,0x1c,
    0x0d,0xfe,0x06,0xa9,0x23,0xfc,0x27,0xf0,0xc7,0x9e,0xf8,0x07,0xa4,0xf6,0x47,0xa5,0xf4,0x87,0xa6,0xf2,0x67,0xa0,0x6d,0xd0,
    0x7f,0x62,0x6f,0x7c,0xca,0x7e,0xf4,0x9f,0xf0,0x1b,0xfd,0x0c,0x44,0x87,0x44,0x83,0xd0,0x71,0xd1,0x00,0x74,0x70,0x34,0xf8,
    0x1b,0xa4,0x8e,0xf4,0x9f,0xc0,0x1f,0x7b,0xe2,0x1f,0x90,0xda,0x1f,0x95,0xd2,0x1f,0x9a,0xca,0x9f,0x81,0xb6,0x81,0xff,0x89,
    0xbd,0xf1,0x29,0xfb,0xe1,0x7f,0xc2,0x6f,0xf4,0x33,0x10,0x1d,0x12,0x0d,0x42,0xc7,0x45,0x03,0xd0,0xc1,0xd1,0xe0,0x6f,0x90,
    0x3a,0xe2,0x7f,0x02,0x7f,0xec,0x89,0x7f,0x40,0x6a,0x7f,0x54,0x4a,0x7f,0x68,0x2a,0x7f,0x66,0x19,0xee,0x68,0x9e,0x44,0x38,
    0x18,0x6e,0xc0,0x55,0x81,0x9c,0x05,0x30,0x98,0x65,0x98,0x27,0x3c,0x0a,0x86,0x1b,0x72,0x55,0x30,0x67,0x01,0x0c,0x66,0x19,
    0xf2,0x48,0x8f,0x82,0xe1,0x08,0xd0,0x14,0x0c,0xe2,0x9b,0x6e,0x18,0x61,0x41,0x84,0x85,0x60,0x96,0xc0,0x94,0x86,0x1b,0x78,
    0x55,0x28,0x67,0x01,0x0c,0x66,0x19,0xf6,0x88,0x8f,0x82,0xe1,0x88,0xd1,0x14,0x92,0xe2,0x9b,0x6e,0x30,0x61,0xa1,0x84,0x85,
    0x60,0x96,0xc0,0x94,0x86,0x1b,0x7e,0x55,0x30,0x67,0x01,0x0c,0x66,0x19,0xfa,0xc8,0x8f,0x82,0xe1,0x08,0xd3,0x14,0x98,0xe0,
    0x9b,0x6e,0x48,0x61,0x01,0x85,0x85,0x60,0x96,0xc0,0x94,0x86,0x1b,0xc4,0x55,0x40,0x67,0x01,0x0c,0x66,0x19,0xfe,0x08,0x94,
    0x82,0xe1,0x88,0xd4,0x14,0x9e,0xe1,0x9b,0x6e,0x60,0x61,0x61,0x85,0x85,0x60,0x96,0xc0,0x94,0x86,0x1b,0xca,0x55,0x50,0x67,
    0x01,0x0c,0x66,0x19,0x42,0x49,0x94,0x82,0xe1,0x08,0xd6,0x14,0x24,0xe1,0x9b,0x6e,0x78,0x61,0xc1,0x85,0x85,0x60,0x96,0xc0,
    0x94,0x86,0x1b,0xd0,0x55,0x90,0x67,0x01,0x0c,0x66,0x19,0x46,0x89,0x94,0x82,0xe1,0x88,0xd7,0x14,0x2a,0xe7,0x9b,0x6e,0x90,
    0x61,0x21,0x86,0x85,0x60,0x96,0xc0,0x94,0x86,0x1b,0xd6,0x55,0x78,0x67,0x01,0x0c,0x66,0x19,0x4c,0xa9,0x94,0x82,0xe1,0x06,
    0x76,0x15,0xee,0x59,0x00,0x83,0xe9,0x86,0x1a,0x16,0xb2,0x60,0x96,0xc0,0x94,0x06,0x8a,0x06,0x33,0xc8,0x23,0x30,0xd8,0x23,
    0xad,0x8f,0xa8,0x3f,0x72,0x42,0x09,0x19,0x25,0x35,0x2c,0x48,0x49,0x28,0xa5,0x59,0x86,0x53,0x42,0x25,0x6b,0x38,0xa2,0x36,
    0x85,0x8d,0xf8,0xa6,0x1b,0x70,0x58,0xb8,0x61,0x21,0x98,0x25,0xa0,0xa5,0xe1,0x86,0x78,0x15,0xf4,0x59,0x00,0x83,0x59,0x86,
    0x54,0x52,0xa5,0x60,0x38,0x02,0x37,0x05,0xaf,0xf8,0xa6,0x1b,0x76,0x58,0xd0,0x61,0x21,0x98,0x25,0xa0,0xa5,0xe1,0x06,0x7a,
    0x15,0xf6,0x59,0x00,0x83,0x59,0x86,0x55,0x62,0xa5,0x60,0x38,0x62,0x37,0x85,0x30,0x08,0xbe,0xe9,0x06,0x1f,0x16,0x7a,0x58,
    0x08,0x66,0x09,0x68,0x69,0xb8,0xe1,0x5e,0x85,0x7e,0x16,0xc0,0x60,0x96,0xa1,0x95,0x5c,0x29,0x18,0x8e,0xf0,0x4d,0x81,0x0c,
    0x86,0x6f,0xba,0x21,0x8c,0x05,0x30,0x16,0x82,0x59,0x02,0x5a,0x1a,0x6e,0xd0,0x57,0xe1,0x9f,0x05,0x30,0x98,0x65,0x78,0x25,
    0x58,0x0a,0x86,0x23,0xc2,0x53,0x38,0x03,0xe1,0x9b,0x6e,0x20,0x63,0x61,0x8c,0x85,0x60,0x96,0x80,0x96,0x86,0x1b,0xfa,0x55,
    0x38,0x69,0x01,0x0c,0x66,0x19,0x62,0x49,0x96,0x82,0xe1,0x08,0xf2,0x14,0xd4,0xc0,0xf9,0xa6,0x1b,0xce,0x58,0x30,0x63,0x21,
    0x98,0x25,0xa0,0xa5,0xe1,0x06,0x90,0x15,0x48,0x5a,0x00,0x83,0x59,0x06,0x5a,0x9a,0xa5,0x60,0xb8,0x21,0x64,0x05,0x96,0x16,
    0xc0,0x60,0xba,0x41,0x8d,0x05,0x37,0x08,0x66,0x09,0x68,0x69,0xa0,0x68,0x30,0x83,0x53,0x02,0x83,0x54,0xd2,0x56,0x89,0x6a,
    0x25,0xe7,0x95,0x90,0x58,0xa2,0xc5,0x42,0x96,0x84,0x59,0x9a,0x65,0xa8,0x25,0x5b,0x5a,0x83,0xe1,0x08,0xf5,0x14,0xe0,0x80,
    0xf8,0xa6,0x1b,0xda,0x58,0x60,0x63,0x21,0x98,0x25,0x10,0xa7,0xe1,0x06,0x93,0x15,0x5e,0x5a,0x00,0x83,0x59,0x86,0x5b,0xc2,
    0xa5,0x60,0x38,0xa2,0x3d,0x85,0x39,0x28,0xbe,0xe9,0x06,0x38,0x16,0xde,0x58,0x08,0x66,0x09,0xc4,0x69,0xb8,0x21,0x65,0x05,
    0x98,0x16,0xc0,0x60,0x96,0x21,0x97,0x74,0x29,0x18,0x8e,0x80,0x4f,0xc1,0x0e,0x82,0x6f,0xba,0x61,0x8e,0x05,0x39,0x16,0x82,
    0x59,0x02,0x71,0x1a,0x6e,0x60,0x59,0x41,0xa6,0x05,0x30,0x98,0x65,0xd8,0x25,0x5e,0x0a,0x86,0x23,0xe6,0x53,0xc8,0x83,0xe1,
    0x9b,0x6e,0xb0,0x63,0xa1,0x8e,0x85,0x60,0x96,0x40,0x9c,0x86,0x1b,0x5e,0x56,0xa0,0x69,0x01,0x0c,0x66,0x19,0x7a,0xc9,0x97,
    0x82,0xe1,0x08,0xfb,0x14,0xf8,0x40,0xf8,0xa6,0x1b,0xf2,0x58,0xc0,0x63,0x21,0x98,0x25,0x10,0xa7,0xe1,0x06,0x99,0x15,0x78,
    0x5a,0x00,0x83,0x59,0x86,0x5f,0x02,0xa7,0x60,0x38,0x22,0x3f,0x85,0x3f,0x70,0xbe,0xe9,0x06,0x3e,0x16,0xf6,0x58,0x08,0x66,
    0x09,0xc4,0x69,0xb8,0xa1,0x66,0x85,0x9c,0x16,0xc0,0x60,0x96,0x41,0x9c,0xc2,0x29,0x18,0x6e,0xb0,0x59,0x21,0xac,0x05,0x30,
    0x98,0x6e,0xf8,0x63,0x61,0x14,0x82,0x59,0x02,0x71,0x1a,0x28,0x1a,0xcc,0xa0,0x96,0xc0,0xe0,0x96,0xb4,0x5c,0xa2,0x76,0xc9,
    0xe9,0x25,0xe4,0x97,0xfc,0xb1,0x00,0x27,0x21,0x9c,0x66,0x19,0xc6,0x89,0x9c,0x40,0x61,0x38,0xe2,0x3f,0x85,0x52,0x20,0xbe,
    0xe9,0x06,0x51,0x16,0x42,0x59,0x08,0x66,0x09,0xe6,0x69,0xb8,0x61,0x67,0x05,0xb2,0x16,0xc0,0x60,0x96,0xa1,0x9c,0xcc,0x29,
    0x18,0x8e,0x10,0x51,0x01,0x15,0x8a,0x6f,0xba,0xa1,0x94,0x05,0x52,0x16,0x82,0x59,0x82,0x79,0x1a,0x6e,0xf0,0x59,0xa1,0xac,
    0x05,0x30,0x98,0x65,0x38,0x27,0x74,0x0a,0x86,0x23,0x4a,0x54,0x58,0x85,0xe0,0x9b,0x6e,0x40,0x65,0xe1,0x94,0x85,0x60,0x96,
    0x60,0x9e,0x86,0x1b,0xc2,0x56,0x38,0x6b,0x01,0x0c,0x66,0x19,0xd2,0x49,0x9d,0x82,0xe1,0x08,0x14,0x15,0x5c,0x61,0xf8,0xa6,
    0x1b,0x56,0x59,0x50,0x65,0x21,0x98,0x25,0x98,0xa7,0xe1,0x06,0xb2,0x15,0xd2,0x5a,0x00,0x83,0x59,0x86,0x75,0x62,0xa7,0x60,
    0x38,0x62,0x45,0x85,0x58,0x10,0xbe,0xe9,0x06,0x57,0x16,0x5a,0x59,0x08,0x66,0x09,0xe6,0x69,0xb8,0xe1,0x6c,0x85,0xb8,0x16,
    0xc0,0x60,0x96,0xa1,0x9d,0xdc,0x29,0x18,0x8e,0x70,0x51,0x81,0x16,0x9c,0x6f,0xba,0x21,0x96,0x05,0x58,0x16,0x82,0x59,0x82,
    0x79,0x1a,0x6e,0x50,0x5b,0xc1,0xad,0x05,0x30,0x98,0x65,0x98,0xa7,0x77,0x0a,0x86,0x1b,0xd6,0x56,0xb0,0x6b,0x01,0x0c,0xa6,
    0x1b,0x68,0x59,0xc0,0x85,0x60,0x96,0x60,0x9e,0x66,0x09,0xe6,0x69,0x96,0x60,0x9e,0x66,0x09,0xe6,0x69,0xa0,0x5c,0x18,0xd0,
    0xb2,0xa8,0xd0,0xb2,0xf0,0x78,0x97,0x30,0x03,0xf3,0x25,0xca,0x00,0x7e,0x09,0x32,0xd0,0x5f,0x62,0x0c,0x48,0x98,0x10,0x03,
    0x17,0x26,0xc2,0x00,0x87,0x09,0x30,0x10,0x63,0xe2,0x43,0xcb,0x42,0x0d,0x44,0x7d,0x08,0x07,0xb4,0x2c,0xc6,0x81,0xbf,0x87,
    0x73,0x30,0xf1,0xc1,0x1c,0x60,0x7c,0x28,0x07,0x1d,0x1f,0xc8,0x01,0x2d,0x0b,0xb2,0x30,0xcd,0x01,0x2d,0x60,0x73,0x38,0x0b,
    0xdd,0x1c,0xcc,0x82,0x3c,0x87,0xb2,0x90,0x0b,0x3b,0xf2,0x59,0xc1,0x46,0x60,0x53,0xb0,0x13,0xd5,0x14,0xf0,0x84,0x34,0x05,
    0x3d,0xf1,0x4b,0x81,0x4f,0xf0,0x52,0xf0,0x13,0xb9,0x14,0x40,0x05,0x2d,0x8b,0x50,0x61,0x4b,0x41,0x54,0xfc,0xe1,0x9d,0xfc,
    0xc1,0x9d,0xfc,0xa1,0x9d,0xfc,0x61,0x9d,0xfc,0x21,0x9d,0xfc,0xe1,0x9c,0xfc,0xa1,0x9c,0xfc,0x61,0x9c,0xe4,0xe2,0x8e,0xe8,
    0x73,0x80,0x27,0xd8,0x0f,0xe2,0xc9,0x7d,0x03,0x79,0x1a,0x28,0x17,0x06,0xb5,0x2c,0x2a,0xb5,0x2c,0x3c,0xde,0x25,0xcc,0xc0,
    0x7c,0x89,0x32,0x80,0x5f,0x82,0x0c,0xf4,0x97,0x18,0x03,0x12,0x26,0xc4,0xc0,0x85,0x89,0x30,0xc0,0x61,0x02,0x0c,0xc4,0x98,
    0xf8,0xd4,0xb2,0x50,0x03,0x51,0x1f,0xc2,0x41,0x2d,0x8b,0x71,0xe0,0xef,0xe1,0x1c,0x4c,0x7c,0x30,0x07,0x18,0x1f,0xca,0x41,
    0xc7,0x07,0x72,0x50,0xcb,0x82,0x2c,0x4c,0x73,0x40,0x0b,0xd8,0x1c,0xce,0x42,0x37,0x07,0xb3,0x20,0xcf,0xa1,0x2c,0xe4,0xc2,
    0x8e,0xc0,0x56,0xb0,0x11,0xd9,0x14,0xec,0x84,0x35,0x05,0x3c,0x31,0x4d,0x41,0x4f,0x40,0x53,0xe0,0x13,0xbd,0x14,0xfc,0x84,
    0x2e,0x05,0x50,0x51,0xcb,0x22,0x54,0xdc,0x52,0x10,0x15,0x5b,0x78,0x27,0x5b,0x70,0x27,0x5b,0x68,0x27,0x5b,0x58,0x27,0x5b,
    0x48,0x27,0x5b,0x38,0x27,0x5b,0x28,0x27,0x5b,0x18,0x27,0xba,0xb8,0x23,0xfa,0x1c,0xe0,0x49,0xf6,0x83,0x78,0x82,0xdf,0x40,
    0x9e,0x06,0xca,0x85,0x81,0x2d,0x8b,0x8a,0x2d,0x0b,0x8f,0x77,0x09,0x33,0x30,0x5f,0xa2,0x0c,0xe0,0x97,0x20,0x03,0xfd,0x25,
    0xc6,0x80,0x84,0x09,0x31,0x70,0x61,0x22,0x0c,0x70,0x98,0x00,0x03,0x31,0x26,0x3e,0xb6,0x2c,0xd4,0x40,0xd4,0x87,0x70,0x60,
    0xcb,0x62,0x1c,0xf8,0x7b,0x38,0x07,0x13,0x1f,0xcc,0x01,0xc6,0x87,0x72,0xd0,0xf1,0x81,0x1c,0xd8,0xb2,0x20,0x0b,0xd3,0x1c,
    0xd0,0x02,0x36,0x87,0xb3,0xd0,0xcd,0xc1,0x2c,0xc8,0x73,0x28,0x0b,0xb9,0xb0,0x23,0xb1,0x15,0x6c,0x84,0x36,0x05,0x3b,0x71,
    0x4d,0x01,0x4f,0x50,0x53,0xd0,0x13,0xd1,0x14,0xf8,0x84,0x2f,0x05,0x3f,0xb1,0x4b,0x01,0x54,0xd8,0xb2,0x08,0x15,0xb8,0x14,
    0x44,0xc5,0x0d,0xde,0xc9,0x0d,0xdc,0xc9,0x0d,0xda,0xc9,0x0d,0xd6,0xc9,0x0d,0xd2,0xc9,0x0d,0xce,0xc9,0x0d,0xca,0xc9,0x0d,
    0xc6,0xc9,0x2e,0xee,0x88,0x3e,0x07,0x78,0xa2,0xfd,0x20,0x9e,0xe4,0x37,0x90,0xa7,0x81,0x72,0x61,0x80,0xcb,0xa2,0x72,0xcb,
    0xc2,0xe3,0x5d,0xc2,0x0c,0xcc,0x97,0x28,0x03,0xf8,0x25,0xc8,0x40,0x7f,0x89,0x31,0x20,0x61,0x42,0x0c,0x5c,0x98,0x08,0x03,
    0x1c,0x26,0xc0,0x40,0x8c,0x89,0xcf,0x2d,0x0b,0x35,0x10,0xf5,0x21,0x1c,0xdc,0xb2,0x18,0x07,0xfe,0x1e,0xce,0xc1,0xc4,0x07,
    0x73,0x80,0xf1,0xa1,0x1c,0x74,0x7c,0x20,0x07,0xb7,0x2c,0xc8,0xc2,0x34,0x07,0xb4,0x80,0xcd,0xe1,0x2c,0x74,0x73,0x30,0x0b,
    0xf2,0x1c,0xca,0x42,0x2e,0xec,0x88,0x6c,0x05,0x1b,0xb1,0x4d,0xc1,0x4e,0x60,0x53,0xc0,0x13,0xd5,0x14,0xf4,0x84,0x34,0x05,
    0x3e,0xf1,0x4b,0xc1,0x4f,0xf0,0x52,0x00,0x15,0xb7,0x2c,0x42,0x45,0x2e,0x05,0x51,0x41,0xde,0xc9,0x2d,0x0b,0x77,0x72,0xda,
    0x89,0x5a,0x27,0x2d,0x9d,0xc0,0xe0,0x9c,0xcc,0xa0,0x9c,0xd8,0x60,0x9c,0xf0,0xe2,0x8e,0xe8,0x73,0x80,0x27,0xdb,0x0f,0xe2,
    0x89,0x7e,0x03,0x79,0x1a,0x6e,0x58,0x5d,0x01,0x9f,0x05,0x30,0xa8,0x00,0x57,0x05,0x9d,0x65,0xa0,0xa7,0x7a,0x0a,0xcc,0x67,
    0x05,0x95,0x16,0x40,0x30,0x62,0x70,0x00,0x20,0x08,0x06,0x68,0x30,0xda,0x82,0x4a,0x0b,0x7a,0x2c,0x04,0xa3,0x09,0x01,0x60,
    0x81,0xec,0x0a,0xf2,0x19,0x4d,0x18,0x02,0x13,0x02,0xf8,0x8c,0x18,0x1c,0x00,0x08,0x82,0x41,0x33,0xdb,0xc2,0x4c,0x0b,0x01,
    0x38,0x0b,0x23,0x06,0x07,0x00,0x82,0x60,0xd0,0xd0,0xb6,0x30,0xd3,0x42,0x20,0xce,0x82,0x05,0x8e,0x7c,0x4c,0x70,0xe4,0x63,
    0x83,0x23,0x1f,0x23,0x1c,0xf9,0xcc,0x12,0xd4,0xd3,0x40,0xc5,0x80,0xd0,0x13,0x19,0xcc,0xd3,0x40,0xc5,0x80,0xd0,0x13,0x19,
    0xcc,0xd3,0x40,0xc5,0x80,0xd0,0x13,0x19,0xcc,0xd3,0x40,0xc5,0x80,0xd0,0x13,0x19,0xcc,0xd3,0x70,0x43,0xef,0x0a,0x23,0x2d,
    0x80,0x41,0x05,0x3a,0x2b,0xe8,0x70,0x83,0xef,0x0a,0x25,0x2d,0x80,0x41,0x05,0x3c,0x2b,0xe8,0x70,0x83,0xe8,0x0a,0xb3,0x2d,
    0x80,0xc1,0x2c,0x83,0x3f,0xd9,0x53,0x30,0xdc,0x30,0xba,0x42,0x6d,0x0b,0x60,0x30,0xcb,0x70,0x4f,0xf8,0x14,0x98,0xf2,0xbe,
    0x82,0x7c,0x4c,0x79,0x5f,0x41,0x3e,0xa6,0xbc,0xaf,0x20,0x1f,0x53,0xde,0x57,0x90,0xcf,0x74,0x03,0x31,0xbf,0x42,0x32,0xdd,
    0x40,0xcc,0xaf,0xa0,0x4c,0x37,0x10,0xf3,0x2b,0x2c,0xd3,0x0d,0xc4,0xfc,0x0a,0xcc,0x2c,0x81,0x3f,0x0d,0x37,0xb0,0xae,0xa0,
    0xdb,0x02,0x18,0xcc,0x32,0xf8,0x53,0x3e,0x05,0xc3,0x0d,0xad,0x2b,0xe4,0xb6,0x00,0x06,0xb3,0x0c,0xfa,0xb4,0x4f,0xc1,0x88,
    0xc1,0x01,0x80,0x20,0x18,0xa0,0x81,0x78,0x0b,0x69,0x2d,0xe0,0xb2,0xb0,0xdb,0xc2,0x68,0x42,0x00,0x8c,0x26,0x08,0xc1,0x68,
    0xc2,0x20,0x8c,0x26,0x10,0xc3,0x2c,0x81,0x3f,0x0d,0x37,0xcc,0xae,0xe0,0xdb,0x02,0x18,0xcc,0x32,0xf8,0x13,0x3f,0x05,0xc3,
    0x0d,0xb4,0x2b,0xf8,0xb6,0x00,0x06,0xb3,0x0c,0xfe,0xd4,0x4f,0xc1,0x70,0x43,0xed,0x0a,0xe4,0x2d,0x80,0xc1,0x74,0x83,0xe8,
    0x0a,0x21,0x2c,0x04,0xd3,0x0d,0xa2,0x2b,0x84,0xb0,0x20,0x4c,0x37,0x88,0xae,0x10,0xc2,0xc2,0x30,0xdd,0x20,0xba,0x42,0x08,
    0x0b,0xc4,0x2c,0x81,0x3f,0x0d,0xf4,0x0c,0x96,0x3e,0xe9,0x60,0x51,0x4f,0x64,0x70,0x4f,0xa0,0x80,0x4f,0x32,0x58,0xec,0x93,
    0x08,0x16,0xfc,0x84,0xf4,0xd3,0x40,0xcf,0x60,0xe9,0x93,0x0e,0x16,0xf5,0x44,0x06,0xf7,0x04,0x0a,0xf8,0x24,0x83,0xc5,0x3e,
    0x89,0x60,0xc1,0x4f,0x48,0x3f,0x0d,0xf4,0x0c,0x96,0x3e,0xe9,0x60,0x51,0x4f,0x64,0x70,0x4f,0xa0,0x80,0x4f,0x32,0x58,0xec,
    0x93,0x08,0x16,0xfc,0x84,0xf4,0xd3,0x40,0xcf,0x60,0xe9,0x93,0x0e,0x16,0xf5,0x44,0x06,0xf7,0x04,0x0a,0xf8,0x24,0x83,0xc5,
    0x3e,0x89,0x60,0xc1,0x4f,0x48,0x3f,0x55,0xef,0x0a,0x6e,0x2d,0xe8,0x70,0x43,0x00,0xdf,0x02,0x18,0xcc,0x32,0x80,0xd4,0x3f,
    0x05,0xd6,0xd2,0x82,0x11,0x1f,0x73,0x69,0xc1,0x88,0x8f,0xbd,0xb4,0x60,0xc4,0xc7,0x60,0x5a,0x30,0xe2,0x33,0x4b,0x00,0x52,
    0x03,0x15,0x03,0xf2,0x4f,0x94,0x3f,0x0d,0x54,0x0c,0xc8,0x3f,0x51,0xfe,0x34,0x50,0x31,0x20,0xff,0x44,0xf9,0xd3,0x40,0xc5,
    0x80,0xfc,0x13,0xe5,0x4f,0x75,0xbe,0xc2,0x5c,0x0b,0x3a,0xdc,0x10,0xe8,0xb7,0x10,0x06,0xd3,0x0d,0x83,0x11,0x4c,0x37,0x10,
    0x86,0x30,0xdd,0x50,0x18,0xc3,0x70,0x83,0xfa,0x0a,0xfe,0x2d,0x80,0xc1,0x2c,0x43,0x4a,0x85,0x54,0x30,0xdc,0xb0,0xbe,0x02,
    0x88,0x0b,0x60,0x30,0xcb,0x20,0x52,0x23,0x15,0x58,0x1d,0xe8,0xb0,0x20,0x1f,0xab,0x03,0x1d,0x16,0xe4,0x63,0x75,0xa0,0xc3,
    0x82,0x7c,0xac,0x0e,0x74,0x58,0x90,0xcf,0x74,0x03,0xe1,0xc3,0x02,0x1d,0x4c,0x37,0x10,0x3e,0x2c,0xd4,0xc1,0x74,0x03,0xe1,
    0xc3,0x82,0x1d,0x4c,0x37,0x10,0x3e,0x2c,0xdc,0xc1,0x2c,0x41,0x4a,0x0d,0x37,0xd0,0xaf,0x50,0xe2,0x02,0x18,0xcc,0x32,0xa4,
    0x14,0x49,0x05,0xc3,0x0d,0xf5,0x2b,0x90,0xb8,0x00,0x06,0xb3,0x0c,0x25,0x65,0x52,0xc1,0x88,0xc1,0x01,0x80,0x20,0x18,0xa0,
    0x41,0x8b,0x0b,0xb4,0x2d,0x8c,0xb4,0x60,0xe2,0xc2,0x68,0x42,0x00,0x8c,0x26,0x08,0xc1,0x68,0xc2,0x20,0x8c,0x26,0x10,0xc3,
    0x2c,0x41,0x4a,0x0d,0x37,0xec,0xaf,0x90,0xe2,0x02,0x18,0xcc,0x32,0xa4,0xd4,0x49,0x05,0xc3,0x0d,0xfc,0x2b,0xa4,0xb8,0x00,
    0x06,0xb3,0x0c,0x29,0x85,0x52,0xc1,0x70,0x43,0xff,0x0a,0x2f,0x2e,0x80,0xc1,0x74,0x43,0xfb,0x0a,0x6c,0x2c,0x04,0xd3,0x0d,
    0xed,0x2b,0xb0,0xb1,0x20,0x4c,0x37,0xb4,0xaf,0xc0,0xc6,0xc2,0x30,0xdd,0xd0,0xbe,0x02,0x1b,0x0b,0xc4,0x2c,0x41,0x4a,0x0d,
    0xf4,0x0c,0x56,0x49,0xc1,0x63,0x01,0x52,0x64,0x20,0x52,0x36,0x31,0x52,0xe8,0x58,0x98,0x14,0x2e,0x16,0x27,0x85,0xa0,0xd4,
    0x40,0xcf,0x60,0x95,0x14,0x3c,0x16,0x20,0x45,0x06,0x22,0x65,0x13,0x23,0x85,0x8e,0x85,0x49,0xe1,0x62,0x71,0x52,0x08,0x4a,
    0x0d,0xf4,0x0c,0x56,0x49,0xc1,0x63,0x01,0x52,0x64,0x20,0x52,0x36,0x31,0x52,0xe8,0x58,0x98,0x14,0x2e,0x16,0x27,0x85,0xa0,
    0xd4,0x40,0xcf,0x60,0x95,0x14,0x3c,0x16,0x20,0x45,0x06,0x22,0x65,0x13,0x23,0x85,0x8e,0x85,0x49,0xe1,0x62,0x71,0x52,0x08,
    0x4a,0x55,0x09,0x0b,0xb9,0x2d,0xe8,0x70,0x43,0xb0,0xe3,0x02,0x18,0xcc,0x32,0xac,0x94,0x4a,0x05,0x86,0xd7,0x82,0x11,0x1f,
    0xcb,0x6b,0xc1,0x88,0x8f,0xe9,0xb5,0x60,0xc4,0xc7,0xf6,0x5a,0x30,0xe2,0x33,0x4b,0xb0,0x52,0x03,0x15,0x03,0xa2,0x52,0x54,
    0x4a,0x0d,0x54,0x0c,0x88,0x4a,0x51,0x29,0x35,0x50,0x31,0x20,0x2a,0x45,0xa5,0xd4,0x40,0xc5,0x80,0xa8,0x14,0x95,0x52,0xf5,
    0xc2,0x82,0x6f,0x0b,0x3a,0xdc,0x10,0x94,0xb9,0x10,0x06,0xd3,0x0d,0x83,0x11,0x4c,0x37,0x10,0x86,0x30,0xdd,0x50,0x18,0xc3,
    0x70,0xc3,0x0e,0x0b,0x69,0x2e,0x80,0xc1,0x2c,0x03,0x4d,0xb1,0x54,0x30,0xdc,0xc0,0xc3,0xc2,0x9a,0x0b,0x60,0x30,0xcb,0xd0,
    0x52,0x2e,0x15,0x18,0x38,0x94,0xb2,0x20,0x1f,0x03,0x87,0x52,0x16,0xe4,0x63,0xe0,0x50,0xca,0x82,0x7c,0x0c,0x1c,0x4a,0x59,
    0x90,0xcf,0x74,0x03,0x91,0xca,0xc2,0x2f,0x4c,0x37,0x10,0xa9,0x2c,0x80,0xc3,0x74,0x03,0x91,0xca,0x42,0x38,0x4c,0x37,0x10,
    0xa9,0x2c,0x88,0xc3,0x2c,0x01,0x4d,0x0d,0x37,0x94,0xb1,0x00,0xe7,0x02,0x18,0xcc,0x32,0xd0,0xd4,0x4b,0x05,0xc3,0x0d,0x66,
    0x2c,0xbc,0xb9,0x00,0x06,0xb3,0x0c,0x30,0x15,0x53,0xc1,0x88,0xc1,0x01,0x80,0x20,0x18,0xa0,0x01,0x9e,0x0b,0xff,0x2d,0xb8,
    0xb5,0x10,0xe7,0xc2,0x68,0x42,0x00,0x8c,0x26,0x08,0xc1,0x68,0xc2,0x20,0x8c,0x26,0x10,0xc3,0x2c,0x01,0x4d,0x0d,0x37,0xb0,
    0xb1,0x40,0xe7,0x02,0x18,0xcc,0x32,0xd0,0x94,0x4c,0x05,0xc3,0x0d,0x6d,0x2c,0xd0,0xb9,0x00,0x06,0xb3,0x0c,0x34,0x35,0x53,
    0xc1,0x70,0x83,0x1b,0x0b,0x7a,0x2e,0x80,0xc1,0x74,0x03,0x0e,0x0b,0xb7,0x2c,0x04,0xd3,0x0d,0x38,0x2c,0xdc,0xb2,0x20,0x4c,
    0x37,0xe0,0xb0,0x70,0xcb,0xc2,0x30,0xdd,0x80,0xc3,0xc2,0x2d,0x0b,0xc4,0x2c,0x01,0x4d,0x0d,0xf4,0x0c,0x16,0x4c,0x99,0x66,
    0xb1,0x52,0x64,0xd0,0x52,0xec,0xe1,0x52,0x7e,0x59,0xc4,0x94,0x5b,0x16,0x32,0x85,0xcc,0xd4,0x40,0xcf,0x60,0xc1,0x94,0x69,
    0x16,0x2b,0x45,0x06,0x2d,0xc5,0x1e,0x2e,0xe5,0x97,0x45,0x4c,0xb9,0x65,0x21,0x53,0xc8,0x4c,0x0d,0xf4,0x0c,0x16,0x4c,0x99,
    0x66,0xb1,0x52,0x64,0xd0,0x52,0xec,0xe1,0x52,0x7e,0x59,0xc4,0x94,0x5b,0x16,0x32,0x85,0xcc,0xd4,0x40,0xcf,0x60,0xc1,0x94,
    0x69,0x16,0x2b,0x45,0x06,0x2d,0xc5,0x1e,0x2e,0xe5,0x97,0x45,0x4c,0xb9,0x65,0x21,0x53,0xc8,0x4c,0x95,0x1d,0x0b,0x24,0x2e,
    0xe8,0x70,0x43,0x60,0xea,0x02,0x18,0xcc,0x32,0xd8,0x54,0x4d,0x05,0x36,0xde,0x82,0x11,0x1f,0x23,0x6f,0xc1,0x88,0x8f,0x95,
    0xb7,0x60,0xc4,0xc7,0xcc,0x5b,0x30,0xe2,0x33,0x4b,0x60,0x53,0x03,0x15,0x03,0x52,0x53,0x14,0x4d,0x0d,0x54,0x0c,0x48,0x4d,
    0x51,0x34,0x35,0x50,0x31,0x20,0x35,0x45,0xd1,0xd4,0x40,0xc5,0x80,0xd4,0x14,0x45,0x53,0x05,0xca,0x42,0x8a,0x0b,0x3a,0xdc,
    0x10,0xc0,0xba,0x10,0x06,0xd3,0x0d,0x83,0x11,0x4c,0x37,0x10,0x86,0x30,0xdd,0x50,0x18,0xc3,0x70,0x03,0x1e,0x0b,0xb4,0x2e,
    0x80,0xc1,0x2c,0xc3,0x4f,0xdd,0x54,0x30,0xdc,0x90,0xc7,0x82,0xad,0x0b,0x60,0x30,0xcb,0x80,0x53,0x39,0x15,0xd8,0x4a,0xc0,
    0xb3,0x20,0x1f,0x5b,0x09,0x78,0x16,0xe4,0x63,0x2b,0x01,0xcf,0x82,0x7c,0x6c,0x25,0xe0,0x59,0x90,0xcf,0x74,0x03,0x41,0xcf,
    0x02,0x4a,0x4c,0x37,0x10,0xf4,0x2c,0xa4,0xc4,0x74,0x03,0x41,0xcf,0x82,0x4a,0x4c,0x37,0x10,0xf4,0x2c,0xac,0xc4,0x2c,0xc1,
    0x4f,0x0d,0x37,0x88,0xb2,0xb0,0xeb,0x02,0x18,0xcc,0x32,0xfc,0x94,0x4e,0x05,0xc3,0x0d,0xa3,0x2c,0xe8,0xba,0x00,0x06,0xb3,
    0x0c,0x3b,0xc5,0x53,0xc1,0x88,0xc1,0x01,0x80,0x20,0x18,0xa0,0xc1,0xb8,0x0b,0x6a,0x2e,0xe4,0xb6,0xc0,0xeb,0xc2,0x68,0x42,
    0x00,0x8c,0x26,0x08,0xc1,0x68,0xc2,0x20,0x8c,0x26,0x10,0xc3,0x2c,0xc1,0x4f,0x0d,0x37,0xa4,0xb2,0xf0,0xeb,0x02,0x18,0xcc,
    0x32,0xfc,0x54,0x4f,0x05,0xc3,0x0d,0xaa,0x2c,0xfc,0xba,0x00,0x06,0xb3,0x0c,0x3f,0xe5,0x53,0xc1,0x70,0xc3,0x2a,0x0b,0xe5,
    0x2e,0x80,0xc1,0x74,0xc3,0x28,0x0b,0x22,0x2d,0x04,0xd3,0x0d,0xa3,0x2c,0x88,0xb4,0x20,0x4c,0x37,0x8c,0xb2,0x20,0xd2,0xc2,
    0x30,0xdd,0x30,0xca,0x82,0x48,0x0b,0xc4,0x2c,0xc1,0x4f,0x0d,0xf4,0x0c,0xd6,0x4e,0xf1,0x68,0x61,0x53,0x64,0x80,0x53,0xa2,
    0x92,0x53,0x34,0x5a,0xf0,0x14,0x89,0x16,0x3d,0x85,0xf8,0xd4,0x40,0xcf,0x60,0xed,0x14,0x8f,0x16,0x36,0x45,0x06,0x38,0x25,
    0x2a,0x39,0x45,0xa3,0x05,0x4f,0x91,0x68,0xd1,0x53,0x88,0x4f,0x0d,0xf4,0x0c,0xd6,0x4e,0xf1,0x68,0x61,0x53,0x64,0x80,0x53,
    0xa2,0x92,0x53,0x34,0x5a,0xf0,0x14,0x89,0x16,0x3d,0x85,0xf8,0xd4,0x40,0xcf,0x60,0xed,0x14,0x8f,0x16,0x36,0x45,0x06,0x38,
    0x25,0x2a,0x39,0x45,0xa3,0x05,0x4f,0x91,0x68,0xd1,0x53,0x88,0x4f,0xd5,0x2c,0x0b,0x6f,0x2e,0xe8,0x70,0x43,0x10,0xef,0x02,
    0x18,0xcc,0x32,0x84,0x15,0x58,0x05,0xe6,0xe2,0x82,0x11,0x1f,0x7b,0x71,0xc1,0x88,0x8f,0xc1,0xb8,0x60,0xc4,0xc7,0x62,0x5c,
    0x30,0xe2,0x33,0x4b,0x10,0x56,0x03,0x15,0x03,0x02,0x56,0xd4,0x4f,0x0d,0x54,0x0c,0x08,0x58,0x51,0x3f,0x35,0x50,0x31,0x20,
    0x60,0x45,0xfd,0xd4,0x40,0xc5,0x80,0x80,0x15,0xf5,0x53,0xd5,0xcb,0x02,0x9d,0x0b,0x3a,0xdc,0x10,0xec,0xbb,0x10,0x06,0xd3,
    0x0d,0x83,0x11,0x4c,0x37,0x10,0x86,0x30,0xdd,0x50,0x18,0xc3,0x70,0x03,0x38,0x0b,0xff,0x2e,0x80,0xc1,0x2c,0x83,0x5a,0x89,
    0x55,0x30,0xdc,0x10,0xce,0x42,0xc8,0x0b,0x60,0x30,0xcb,0x30,0x56,0x64,0x15,0x98,0x5d,0xec,0xb4,0x20,0x1f,0xb3,0x8b,0x9d,
    0x16,0xe4,0x63,0x76,0xb1,0xd3,0x82,0x7c,0xcc,0x2e,0x76,0x5a,0x90,0xcf,0x74,0x03,0xf1,0xd3,0xc2,0x5c,0x4c,0x37,0x10,0x3f,
    0x2d,0xd0,0xc5,0x74,0x03,0xf1,0xd3,0x42,0x5d,0x4c,0x37,0x10,0x3f,0x2d,0xd8,0xc5,0x2c,0x81,0x5a,0x0d,0x37,0xa8,0xb3,0x60,
    0xf2,0x02,0x18,0xcc,0x32,0xa8,0x55,0x59,0x05,0xc3,0x0d,0xeb,0x2c,0x94,0xbc,0x00,0x06,0xb3,0x0c,0x66,0x75,0x56,0xc1,0x88,
    0xc1,0x01,0x80,0x20,0x18,0xa0,0x81,0xcb,0x0b,0xb5,0x2e,0x90,0xb8,0x70,0xf2,0xc2,0x68,0x42,0x00,0x8c,0x26,0x08,0xc1,0x68,
    0xc2,0x20,0x8c,0x26,0x10,0xc3,0x2c,0x81,0x5a,0x0d,0x37,0xc4,0xb3,0xa0,0xf2,0x02,0x18,0xcc,0x32,0xa8,0x15,0x5a,0x05,0xc3,
    0x0d,0xf2,0x2c,0xa8,0xbc,0x00,0x06,0xb3,0x0c,0x6a,0x95,0x56,0xc1,0x70,0xc3,0x3c,0x0b,0x30,0x2f,0x80,0xc1,0x74,0x83,0x3b,
    0x0b,0x6d,0x2d,0x04,0xd3,0x0d,0xee,0x2c,0xb4,0xb5,0x20,0x4c,0x37,0xb8,0xb3,0xd0,0xd6,0xc2,0x30,0xdd,0xe0,0xce,0x42,0x5b,
    0x0b,0xc4,0x2c,0x81,0x5a,0x0d,0xf4,0x0c,0x96,0x59,0xc9,0x6b,0x11,0x56,0x64,0x30,0x56,0x38,0x43,0x56,0xea,0x5a,0x9c,0x95,
    0xae,0x16,0x68,0x85,0xa4,0xd5,0x40,0xcf,0x60,0x99,0x95,0xbc,0x16,0x61,0x45,0x06,0x63,0x85,0x33,0x64,0xa5,0xae,0xc5,0x59,
    0xe9,0x6a,0x81,0x56,0x48,0x5a,0x0d,0xf4,0x0c,0x96,0x59,0xc9,0x6b,0x11,0x56,0x64,0x30,0x56,0x38,0x43,0x56,0xea,0x5a,0x9c,
    0x95,0xae,0x16,0x68,0x85,0xa4,0xd5,0x40,0xcf,0x60,0x99,0x95,0xbc,0x16,0x61,0x45,0x06,0x63,0x85,0x33,0x64,0xa5,0xae,0xc5,
    0x59,0xe9,0x6a,0x81,0x56,0x48,0x5a,0xd5,0x3e,0x0b,0xba,0x2e,0xe8,0x70,0x43,0xc0,0xf3,0x02,0x18,0xcc,0x32,0xb0,0xd5,0x5a,
    0x05,0x96,0xe7,0x82,0x11,0x1f,0xd3,0x73,0xc1,0x88,0x8f,0xed,0xb9,0x60,0xc4,0xc7,0xf8,0x5c,0x30,0xe2,0x33,0x4b,0xc0,0x56,
    0x03,0x15,0x03,0xb2,0x56,0x94,0x5a,0x0d,0x54,0x0c,0xc8,0x5a,0x51,0x6a,0x35,0x50,0x31,0x20,0x6b,0x45,0xa9,0xd5,0x40,0xc5,
    0x80,0xac,0x15,0xa5,0x56,0x55,0xd2,0xc2,0xaf,0x0b,0x3a,0xdc,0x10,0x98,0xbd,0x10,0x06,0xd3,0x0d,0x83,0x11,0x4c,0x37,0x10,
    0x86,0x30,0xdd,0x50,0x18,0xc3,0x70,0x03,0x4c,0x0b,0x6a,0x2f,0x80,0xc1,0x2c,0x43,0x5d,0xb5,0x55,0x30,0xdc,0x10,0xd3,0x02,
    0xdb,0x0b,0x60,0x30,0xcb,0xe0,0x56,0x6f,0x15,0x98,0x6f,0x8c,0xb6,0x20,0x9f,0xe9,0x86,0x80,0xb4,0x85,0xdd,0x98,0x25,0xa8,
    0xab,0xe1,0x06,0x9a,0x16,0xd6,0x5e,0x00,0x83,0x59,0x86,0xba,0x82,0xab,0x60,0xb8,0xa1,0xa6,0x05,0xb5,0x17,0xc0,0x60,0x96,
    0x21,0xae,0xe4,0x2a,0x18,0x31,0x38,0x00,0x10,0x04,0x03,0x34,0x98,0x7b,0x41,0xdf,0x85,0x34,0x17,0xd8,0x5e,0x18,0x4d,0x08,
    0x86,0x59,0x82,0xba,0x1a,0x6e,0xc0,0x69,0x81,0xed,0x05,0x30,0x98,0x65,0xa8,0xab,0xb9,0x0a,0x86,0x1b,0x72,0x5a,0x60,0x7b,
    0x01,0x0c,0x66,0x19,0xea,0x8a,0xae,0x82,0xe1,0x06,0x9d,0x16,0xe4,0x5e,0x00,0x83,0xe9,0x86,0x96,0x16,0x58,0x5b,0x08,0x66,
    0x09,0xea,0x6a,0xa0,0x67,0x50,0xe2,0x4a,0x6d,0x0b,0xb6,0x92,0xdc,0x0a,0x76,0xde,0x4a,0x6c,0x0b,0xb9,0x92,0xd9,0x62,0xae,
    0x04,0xba,0x2a,0x9f,0x16,0xec,0x5e,0xd0,0xe1,0x86,0x00,0xef,0x85,0x30,0xb0,0x5a,0x17,0x86,0xf8,0x4c,0x37,0x04,0x84,0x30,
    0xdd,0x10,0xdb,0x42,0x6d,0x0b,0x64,0x2d,0x4c,0x37,0xc4,0xb6,0x50,0xdb,0x42,0x59,0x0b,0xd3,0x0d,0xb1,0x2d,0xd4,0xb6,0x60,
    0xd6,0xc2,0x74,0x43,0x6c,0x0b,0xb5,0x2d,0x9c,0xb5,0x30,0xdc,0x90,0xd7,0x82,0xc9,0x0b,0x60,0x30,0xcb,0x60,0x57,0xb9,0x15,
    0xd4,0x4c,0x0b,0x7a,0x2f,0x60,0x05,0x73,0x2f,0xe8,0x70,0x43,0x70,0xf7,0x02,0x18,0xcc,0x32,0xe0,0xd5,0x5d,0x05,0x65,0xd3,
    0x42,0xdd,0x0b,0x3a,0xdc,0x30,0xe0,0xbd,0x00,0x06,0xd3,0x0d,0x7e,0x2f,0x08,0xc1,0x74,0x03,0xe9,0x0b,0x85,0x30,0x4b,0x80,
    0x57,0x03,0x15,0x84,0xca,0x17,0x76,0x45,0xdc,0xd5,0x40,0x05,0x21,0xf2,0x85,0x5d,0x11,0x77,0x35,0xdc,0x10,0xa8,0xbe,0x00,
    0x06,0xb3,0x0c,0xa8,0x95,0x57,0xc1,0x70,0x83,0x70,0xfa,0x02,0x18,0xcc,0x32,0xa0,0x96,0x5e,0x05,0xc3,0x0d,0x83,0xe9,0x0b,
    0x60,0x30,0xcb,0x80,0x5a,0x7b,0x15,0x0c,0x37,0x10,0xa6,0x2f,0x80,0xc1,0x2c,0x03,0x5f,0xf5,0x55,0x60,0xe9,0x2e,0x88,0x48,
    0x7c,0x4c,0xdd,0x05,0x11,0x89,0x8f,0xad,0xbb,0x20,0x22,0xf1,0x31,0x76,0x17,0x44,0x24,0x3e,0xb3,0x04,0xa8,0x35,0xdc,0x90,
    0xa8,0xbe,0x00,0x06,0xc3,0x0d,0xca,0xe9,0x0b,0x60,0x50,0x42,0xb0,0xb3,0x0c,0xa8,0xe5,0x57,0xc1,0x70,0x03,0x23,0xfb,0x02,
    0x18,0xcc,0x32,0xfc,0x15,0x68,0x05,0x16,0xef,0xc2,0x89,0xc4,0x67,0x96,0x00,0xb5,0x86,0x1b,0x1c,0xd7,0x17,0xc0,0x60,0x96,
    0x01,0xb5,0x42,0x2b,0x18,0x6e,0x78,0x6c,0x5f,0x00,0x83,0x59,0x06,0xd1,0x1a,0xad,0xc0,0xe8,0x5d,0x78,0x6f,0x21,0x3e,0xb3,
    0x04,0xa8,0x35,0xdc,0x10,0xd5,0xbe,0x00,0x06,0xb3,0x0c,0xa8,0x45,0x5a,0xc1,0x70,0x83,0x14,0xfb,0x02,0x18,0xcc,0x32,0x94,
    0x96,0x69,0x05,0x76,0xef,0x42,0x7d,0x0b,0xf1,0x31,0x7c,0x17,0xea,0x5b,0x88,0x8f,0xe5,0xbb,0x50,0xdf,0x42,0x7c,0x4c,0xdf,
    0x85,0xfa,0x16,0xe2,0x33,0x4b,0x80,0x5a,0xc3,0x0d,0x57,0xed,0x0b,0x60,0x30,0xcb,0x70,0x5a,0xa8,0x15,0x18,0xbf,0x0b,0xf7,
    0x2d,0xc4,0x67,0xc4,0xe0,0x00,0x40,0x10,0x0c,0x9a,0xf7,0x17,0xdc,0x5e,0x98,0x91,0x60,0x96,0x00,0xb5,0x06,0xca,0x06,0x35,
    0xe0,0x2b,0xed,0xaf,0x28,0xd1,0x72,0x4a,0x4b,0x38,0x2d,0xfd,0x2e,0xf0,0x8a,0xbf,0x8b,0xbc,0x72,0x23,0xbd,0xc2,0xdf,0x62,
    0xb4,0xf4,0xbb,0x30,0x2d,0x34,0xea,0x2b,0xf9,0x2d,0x40,0x6b,0xa0,0x6c,0x50,0x03,0xbe,0xe2,0xfe,0xca,0x12,0x2d,0xa7,0xb4,
    0x88,0xd3,0xe2,0xef,0x02,0xaf,0xfc,0xbb,0xc8,0x2b,0x37,0xd2,0x2b,0xfc,0x2d,0x46,0x8b,0xbf,0x0b,0xd3,0x52,0xa3,0xbe,0xa2,
    0xdf,0x02,0xb4,0x06,0xca,0x06,0x35,0xe0,0x2b,0xef,0xaf,0x30,0xd1,0x72,0x4a,0xcb,0x38,0x2d,0xff,0x2e,0xf0,0x0a,0xc4,0x8b,
    0xbc,0x72,0x23,0xbd,0xc2,0xdf,0x62,0xb4,0xfc,0xbb,0x30,0x2d,0x36,0xea,0x2b,0xfb,0x2d,0x40,0x6b,0xa0,0x6c,0x50,0x03,0xbe,
    0x02,0x83,0xbf,0xd2,0x44,0xcb,0x29,0x2d,0x11,0x2f,0x4e,0x0b,0xc4,0x0b,0xbc,0x12,0xf1,0x22,0xaf,0xdc,0x48,0xaf,0xf0,0xb7,
    0x18,0x2d,0x10,0x2f,0x4c,0xcb,0x8d,0xfa,0x0a,0x7f,0x0b,0xd0,0x32,0x62,0x47,0xe4,0x63,0xc4,0x8e,0xc8,0xc7,0x88,0x1d,0x91,
    0x8f,0x11,0x3b,0x22,0x9f,0xe1,0x86,0x31,0x58,0x7f,0x01,0x0c,0x66,0x19,0x70,0x2b,0xb5,0x82,0xe1,0x06,0x32,0x40,0x7f,0x01,
    0x0c,0x66,0x19,0x70,0x4b,0xb5,0x82,0xe1,0x86,0x32,0x38,0x7f,0x01,0x0c,0x66,0x19,0x70,0x6b,0xb5,0x82,0xe1,0x06,0x33,0x38,
    0x7f,0x01,0x0c,0x66,0x19,0x58,0xab,0xb5,0x02,0x53,0x79,0x61,0x4c,0xe2,0x63,0x2b,0x2f,0x8c,0x49,0x7c,0x8c,0xe5,0x85,0x31,
    0x89,0x8f,0xb5,0xbc,0x30,0x26,0xf1,0x99,0x25,0xc0,0xad,0xe1,0x86,0x35,0x58,0x7f,0x01,0x0c,0x86,0x1b,0xd8,0x00,0xfd,0x05,
    0x30,0x28,0x21,0xd8,0x59,0x06,0xdc,0x72,0xad,0x60,0xb8,0xc1,0x0d,0xe6,0x5f,0x00,0x83,0xe1,0x86,0x37,0x50,0x7f,0x01,0x0c,
    0x4a,0x08,0x76,0x96,0xe1,0xb5,0x60,0x2b,0x30,0x9a,0x17,0xd4,0x24,0x3e,0xb3,0x04,0xb8,0x35,0xdc,0x20,0x07,0xf1,0x2f,0x80,
    0xc1,0x2c,0x03,0x6e,0xc5,0x56,0x30,0xdc,0x30,0x07,0xf9,0x2f,0x80,0xc1,0x2c,0x83,0x6c,0xcd,0x56,0x60,0x37,0x2f,0xc8,0xb8,
    0x10,0x9f,0x59,0x02,0xdc,0x1a,0x6e,0xa8,0x03,0xfc,0x17,0xc0,0x60,0x96,0x01,0xb7,0x68,0x2b,0x18,0x6e,0xb0,0x03,0xfa,0x17,
    0xc0,0x60,0x96,0xa1,0xb6,0x6c,0x2b,0x30,0x9d,0x17,0x70,0x5c,0x88,0x8f,0xed,0xbc,0x80,0xe3,0x42,0x7c,0x8c,0xe7,0x05,0x1c,
    0x17,0xe2,0x63,0x3d,0x2f,0xe0,0xb8,0x10,0x9f,0x59,0x02,0xdc,0x1a,0x6e,0xd8,0x03,0xfc,0x17,0xc0,0x60,0x96,0xe1,0xb6,0x70,
    0x2b,0xb0,0x9f,0x17,0x74,0x5c,0x88,0xcf,0x88,0xc1,0x01,0x80,0x20,0x18,0x34,0x32,0x38,0xc4,0xbe,0x60,0x27,0xc1,0x2c,0x01,
    0x6e,0x0d,0x94,0x0d,0x6e,0xc0,0x5a,0xda,0x6b,0x51,0xb2,0xe5,0xd4,0x96,0x70,0x5b,0xa0,0x5e,0xa0,0x96,0xa8,0x17,0xa9,0x45,
    0x4f,0xaa,0xe5,0xc7,0xc5,0x6c,0x81,0x7a,0x61,0x5b,0xee,0xd4,0x5a,0x78,0x5c,0xc0,0xd6,0x40,0xd9,0xe0,0x06,0xac,0xc5,0xbd,
    0x96,0x25,0x5b,0x4e,0x6d,0x11,0xb7,0x25,0xea,0x05,0x6a,0x91,0x7a,0x91,0x5a,0xf4,0xa4,0x5a,0x7e,0x5c,0xcc,0x96,0xa8,0x17,
    0xb6,0x05,0x4f,0xad,0xa5,0xc7,0x05,0x6c,0x0d,0x94,0x0d,0x6e,0xc0,0x5a,0xde,0x6b,0x61,0xb2,0xe5,0xd4,0x96,0x71,0x5b,0xa4,
    0x5e,0xa0,0x96,0xa9,0x17,0xa9,0x45,0x4f,0xaa,0xe5,0xc7,0xc5,0x6c,0x91,0x7a,0x61,0x5b,0xf2,0xd4,0x5a,0x7c,0x5c,0xc0,0xd6,
    0x40,0xd9,0xe0,0x06,0xac,0x05,0x06,0xaf,0xa5,0xc9,0x96,0x53,0x5b,0xa8,0x5e,0xdc,0x96,0xa9,0x17,0xa8,0x85,0xea,0x45,0x6a,
    0xd1,0x93,0x6a,0xf9,0x71,0x31,0x5b,0xa6,0x5e,0xd8,0x16,0x3d,0xb5,0x96,0x1f,0x17,0xb0,0x65,0xc4,0x98,0x0b,0xf2,0x31,0x62,
    0xcc,0x05,0xf9,0x18,0x31,0xe6,0x82,0x7c,0x8c,0x18,0x73,0x41,0x3e,0x46,0x9c,0x01,0x7c,0x8c,0x38,0x03,0xf8,0x18,0x71,0x06,
    0xf0,0x31,0xe2,0x0c,0xe0,0x33,0x62,0x70,0x00,0x20,0x08,0x06,0xcd,0x0f,0x0e,0xbf,0x2f,0x10,0x6c,0x2f,0x8c,0x18,0x1c,0x00,
    0x08,0x82,0x41,0x03,0x86,0x03,0xf8,0x0b,0x44,0xdb,0x0b,0x23,0x06,0x07,0x00,0x82,0x60,0xd0,0x84,0xe1,0x10,0xfe,0x02,0xe1,
    0xf6,0xc2,0x88,0xc1,0x01,0x80,0x20,0x18,0x34,0x62,0x38,0x88,0xbf,0x40,0xbc,0xbd,0x30,0x62,0x70,0x00,0x20,0x08,0x06,0xcd,
    0x18,0x0e,0xe2,0x2f,0x10,0x71,0x2f,0x8c,0x18,0x1c,0x00,0x08,0x82,0x41,0x43,0x86,0xc3,0xf8,0x0b,0x84,0xdc,0x0b,0x23,0x06,
    0x07,0x00,0x82,0x60,0xd0,0x94,0xe1,0x40,0xfe,0x02,0x31,0xf7,0xc2,0x88,0xc1,0x01,0x80,0x20,0x18,0x34,0x66,0x38,0x94,0xbf,
    0x40,0xd0,0xbd,0x30,0x4b,0x50,0x62,0xc3,0x0d,0x33,0x2e,0xd8,0xe0,0x00,0x06,0xb3,0x0c,0x25,0xa6,0x5b,0xc1,0x70,0x03,0x8d,
    0x0b,0x35,0x38,0x80,0xc1,0x2c,0x43,0x89,0xed,0x56,0x30,0xdc,0x50,0xe3,0x42,0x0d,0x0e,0x60,0x30,0xcb,0xc0,0x5b,0xbd,0x15,
    0x98,0x7d,0x84,0x89,0x7c,0xcc,0x3e,0xc2,0x44,0x3e,0x66,0x1f,0x61,0x22,0x1f,0xe3,0x8f,0x33,0x91,0xcf,0x2c,0x41,0x89,0x0d,
    0x37,0xe8,0xb8,0x90,0x83,0x03,0x18,0xcc,0x32,0xf8,0xd6,0x6f,0x05,0xb6,0x1f,0x66,0x22,0x1f,0xdb,0x0f,0x33,0x91,0x8f,0xed,
    0x87,0x99,0xc8,0xc7,0x42,0x84,0x4d,0xe4,0x63,0x44,0xe9,0x0b,0xf2,0x31,0xc2,0xf4,0x05,0xf9,0x18,0x71,0xfa,0x82,0x7c,0x8c,
    0x40,0x7d,0x41,0x3e,0x23,0x06,0x07,0x00,0x82,0x60,0xd0,0xdc,0xe1,0x70,0xff,0x02,0x41,0xfa,0xc2,0x88,0xc1,0x01,0x80,0x20,
    0x18,0x34,0x78,0x38,0xe0,0xbf,0x40,0x94,0xbe,0x30,0x62,0x70,0x00,0x20,0x08,0x06,0x4d,0x1e,0x0e,0xf9,0x2f,0x10,0xa6,0x2f,
    0x8c,0x18,0x1c,0x00,0x08,0x82,0x41,0xa3,0x87,0x83,0xfe,0x0b,0xc4,0xe9,0x0b,0x23,0x06,0x07,0x00,0x82,0x60,0xd0,0xec,0xe1,
    0xa0,0xff,0x02,0x91,0xfa,0xc2,0x88,0xc1,0x01,0x80,0x20,0x18,0x34,0x7c,0x38,0xec,0xbf,0x40,0xa8,0xbe,0x30,0x62,0x70,0x00,
    0x20,0x08,0x06,0x4d,0x1f,0x0e,0xfc,0x2f,0x10,0xab,0x2f,0x8c,0x18,0x1c,0x00,0x08,0x82,0x41,0xe3,0x87,0x43,0xff,0x0b,0x04,
    0xeb,0x0b,0xb3,0x04,0x25,0x36,0xdc,0xb0,0xe6,0xc2,0x1b,0x0e,0x60,0x30,0xcb,0x00,0x5e,0xe1,0x15,0x18,0x8b,0xdc,0x89,0x7c,
    0x8c,0x45,0xee,0x44,0x3e,0xc6,0x22,0x77,0x22,0x1f,0x93,0x91,0x3e,0x91,0x8f,0x11,0xb7,0x2f,0xc8,0xc7,0x08,0xdc,0x17,0xe4,
    0x63,0x44,0xee,0x0b,0xf2,0x31,0x42,0xf7,0x05,0xf9,0x8c,0x18,0x1c,0x00,0x08,0x82,0x41,0x83,0x8a,0x03,0x0a,0x0e,0x44,0xed,
    0x0b,0x23,0x06,0x07,0x00,0x82,0x60,0xd0,0xa4,0xe2,0x90,0x82,0x03,0x61,0xfb,0xc2,0x88,0xc1,0x01,0x80,0x20,0x18,0x34,0xaa,
    0x38,0xa8,0xe0,0x40,0xdc,0xbe,0x30,0x62,0x70,0x00,0x20,0x08,0x06,0xcd,0x2a,0x0e,0x2b,0x38,0x10,0xb8,0x2f,0x8c,0x18,0x1c,
    0x00,0x08,0x82,0x41,0xc3,0x8a,0xc3,0x0a,0x0e,0x84,0xee,0x0b,0x23,0x06,0x07,0x00,0x82,0x60,0xd0,0xb4,0xe2,0xc0,0x82,0x03,
    0xb1,0xfb,0xc2,0x88,0xc1,0x01,0x80,0x20,0x18,0x34,0xae,0x38,0xb4,0xe0,0x40,0xf0,0xbe,0x30,0x62,0x70,0x00,0x20,0x08,0x06,
    0xcd,0x2b,0x0e,0x2e,0x38,0x10,0xbd,0x2f,0xcc,0x12,0x94,0xd8,0x70,0x03,0x9f,0x0b,0x7a,0x38,0x80,0xc1,0x2c,0x83,0x78,0x8d,
    0x57,0x60,0x3d,0x82,0x2a,0xf0,0xb1,0x1e,0x41,0x15,0xf8,0x58,0x8f,0xa0,0x0a,0x7c,0x6c,0x4c,0x5c,0x05,0x3e,0x23,0x06,0x07,
    0x00,0x82,0x60,0xd0,0xd4,0xe2,0x50,0x83,0x03,0x21,0xfe,0xc2,0x88,0xc1,0x01,0x80,0x20,0x18,0x34,0xb6,0x38,0xd8,0xe0,0x40,
    0x8c,0xbf,0x30,0x62,0x70,0x00,0x20,0x08,0x06,0xcd,0x2d,0x0e,0x37,0x38,0x10,0xe4,0x2f,0x8c,0x18,0x1c,0x00,0x08,0x82,0x41,
    0x83,0x8b,0x03,0x0e,0x0e,0x44,0xf9,0x0b,0x23,0x06,0x07,0x00,0x82,0x60,0xd0,0xe4,0xe2,0x80,0x83,0x03,0x71,0xfe,0xc2,0x88,
    0xc1,0x01,0x80,0x20,0x18,0x34,0xba,0x38,0xe4,0xe0,0x40,0xa0,0xbf,0x30,0x62,0x70,0x00,0x20,0x08,0x06,0xcd,0x2e,0x0e,0x3a,
    0x38,0x10,0xe9,0x2f,0x8c,0x18,0x1c,0x00,0x08,0x82,0x41,0xc3,0x8b,0xc3,0x0e,0x0e,0x84,0xfa,0x0b,0xb3,0x04,0x25,0x36,0xdc,
    0x90,0xea,0x82,0x2b,0x0e,0x60,0x30,0xcb,0x40,0x5e,0xe5,0x15,0x98,0x9a,0xd4,0x0a,0x7c,0x4c,0x4d,0x6a,0x05,0x3e,0xa6,0x26,
    0xb5,0x02,0x1f,0x83,0x93,0x5d,0x81,0x8f,0x11,0xf2,0x2f,0xc0,0xc7,0x88,0xf9,0x17,0xe0,0x63,0x04,0xfd,0x0b,0xf0,0x31,0xa2,
    0xfe,0x05,0xf8,0x8c,0x18,0x1c,0x00,0x08,0x82,0x41,0x63,0x8e,0x83,0x19,0x0e,0xc4,0xfc,0x0b,0x23,0x06,0x07,0x00,0x82,0x60,
    0xd0,0x9c,0xe3,0x70,0x86,0x03,0x41,0xff,0xc2,0x88,0xc1,0x01,0x80,0x20,0x18,0x34,0xe8,0x38,0xa0,0xe1,0x40,0xd4,0xbf,0x30,
    0x62,0x70,0x00,0x20,0x08,0x06,0x4d,0x3a,0x0e,0x69,0x38,0x10,0xf6,0x2f,0x8c,0x18,0x1c,0x00,0x08,0x82,0x41,0xa3,0x8e,0x43,
    0x1a,0x0e,0x04,0xfe,0x0b,0x23,0x06,0x07,0x00,0x82,0x60,0xd0,0xac,0xe3,0xa0,0x86,0x03,0x91,0xff,0xc2,0x88,0xc1,0x01,0x80,
    0x20,0x18,0x34,0xec,0x38,0xac,0xe1,0x40,0xe8,0xbf,0x30,0x62,0x70,0x00,0x20,0x08,0x06,0x4d,0x3b,0x0e,0x6c,0x38,0x10,0xfb,
    0x2f,0xcc,0x12,0x94,0xd8,0x70,0x83,0xae,0x0b,0xbc,0x38,0x80,0xc1,0x2c,0x83,0x79,0x9d,0x57,0x60,0x7b,0x62,0x2e,0xf0,0xb1,
    0x3d,0x31,0x17,0xf8,0xd8,0x9e,0x98,0x0b,0x7c,0x2c,0x54,0xd8,0x05,0x3e,0x46,0x8c,0xe0,0x00,0x1f,0x23,0x48,0x70,0x80,0x8f,
    0x11,0x25,0x38,0xc0,0xc7,0x08,0x13,0x1c,0xe0,0x63,0x44,0x0a,0x0e,0xf2,0x31,0x42,0x05,0x07,0xf9,0x18,0xb1,0x82,0x83,0x7c,
    0x8c,0x60,0xc1,0x41,0x3e,0x23,0x06,0x07,0x00,0x82,0x60,0xd0,0xec,0xe3,0xb0,0x87,0x03,0x81,0x82,0xc3,0x88,0xc1,0x01,0x80,
    0x20,0x18,0x34,0xfc,0x38,0xf0,0xe1,0x40,0xa4,0xe0,0x30,0x62,0x70,0x00,0x20,0x08,0x06,0x4d,0x3f,0x0e,0x7d,0x38,0x10,0x2a,
    0x38,0x8c,0x18,0x1c,0x00,0x08,0x82,0x41,0xe3,0x8f,0x83,0x1f,0x0e,0xc4,0x0a,0x0e,0x23,0x06,0x07,0x00,0x82,0x60,0xd0,0xfc,
    0xe3,0xe0,0x87,0x03,0xd1,0x82,0xc3,0x88,0xc1,0x01,0x80,0x20,0x18,0x34,0x20,0x39,0xfc,0xe1,0x40,0xb8,0xe0,0x30,0x62,0x70,
    0x00,0x20,0x08,0x06,0x4d,0x48,0x0e,0xa0,0x38,0x10,0x2f,0x38,0x8c,0x18,0x1c,0x00,0x08,0x82,0x41,0x23,0x92,0x43,0x28,0x0e,
    0x04,0x0c,0x0e,0xb3,0x04,0x25,0x36,0xdc,0xf0,0xee,0x02,0x3b,0x0e,0x60,0x30,0xcb,0x80,0x5e,0xe9,0x15,0xd8,0xbe,0xc0,0x4a,
    0x7c,0x6c,0x5f,0x60,0x25,0x3e,0xb6,0x2f,0xb0,0x12,0x1f,0x0b,0x19,0x5b,0x89,0xcf,0x88,0xc1,0x01,0x80,0x20,0x18,0x34,0x28,
    0x39,0xa0,0xe2,0x40,0xd4,0xe0,0x30,0x62,0x70,0x00,0x20,0x08,0x06,0x4d,0x4a,0x0e,0xa9,0x38,0x10,0x36,0x38,0x8c,0x18,0x1c,
    0x00,0x08,0x82,0x41,0xa3,0x92,0x83,0x2a,0x0e,0xc4,0x0d,0x0e,0x23,0x06,0x07,0x00,0x82,0x60,0xd0,0xac,0xe4,0xb0,0x8a,0x03,
    0x81,0x83,0xc3,0x88,0xc1,0x01,0x80,0x20,0x18,0x34,0x2c,0x39,0xac,0xe2,0x40,0xe8,0xe0,0x30,0x62,0x70,0x00,0x20,0x08,0x06,
    0x4d,0x4b,0x0e,0xac,0x38,0x10,0x3b,0x38,0x8c,0x18,0x1c,0x00,0x08,0x82,0x41,0xe3,0x92,0x43,0x2b,0x0e,0x04,0x0f,0x0e,0x23,
    0x06,0x07,0x00,0x82,0x60,0xd0,0xbc,0xe4,0xe0,0x8a,0x03,0xd1,0x83,0xc3,0x2c,0x41,0x89,0x0d,0x37,0xf0,0xbb,0x80,0x8f,0x03,
    0x18,0xcc,0x32,0xa8,0xd7,0x7a,0x05,0xd6,0x2b,0x28,0x03,0x1f,0xeb,0x15,0x94,0x81,0x8f,0xf5,0x0a,0xca,0xc0,0xc7,0xc6,0xc5,
    0x65,0xe0,0x63,0xe1,0xc2,0x32,0xf2,0xb1,0x70,0x61,0x19,0xf9,0x58,0xb8,0xb0,0x8c,0x7c,0xec,0x5c,0x64,0x46,0x3e,0x86,0x10,
    0xf1,0x31,0x84,0x88,0x8f,0x21,0x44,0x7c,0x0c,0x21,0xe2,0x33,0x62,0x70,0x00,0x20,0x08,0x06,0x4d,0x4f,0x0e,0xbd,0x38,0x10,
    0x6a,0x38,0x8c,0x18,0x1c,0x00,0x08,0x82,0x41,0xe3,0x93,0x83,0x2f,0x0e,0xc4,0x1a,0x0e,0x23,0x06,0x07,0x00,0x82,0x60,0xd0,
    0xfc,0xe4,0xf0,0x8b,0x03,0xc1,0x86,0xc3,0x88,0xc1,0x01,0x80,0x20,0x18,0x34,0x60,0x39,0x80,0xe3,0x40,0xb4,0xe1,0x30,0x62,
    0x70,0x00,0x20,0x08,0x06,0x4d,0x58,0x0e,0xe0,0x38,0x10,0x6f,0x38,0x8c,0x18,0x1c,0x00,0x08,0x82,0x41,0x23,0x96,0x43,0x38,
    0x0e,0x04,0x1c,0x0e,0x23,0x06,0x07,0x00,0x82,0x60,0xd0,0x8c,0xe5,0x20,0x8e,0x03,0x11,0x87,0xc3,0x88,0xc1,0x01,0x80,0x20,
    0x18,0x34,0x64,0x39,0x8c,0xe3,0x40,0xc8,0xe1,0x30,0x4b,0x50,0x62,0xc3,0x0d,0x31,0x2f,0xb0,0xe4,0x00,0x06,0xb3,0x0c,0xec,
    0xd5,0x5e,0x81,0xf5,0x8c,0xbc,0xc4,0xc7,0x7a,0x46,0x5e,0xe2,0x63,0x3d,0x23,0x2f,0xf1,0xb1,0xb1,0xc1,0x97,0xf8,0x18,0xb1,
    0xf7,0x82,0x7c,0x8c,0xe0,0x7b,0x41,0x3e,0x46,0xf4,0xbd,0x20,0x1f,0x23,0xfc,0x5e,0x90,0x8f,0x11,0xfa,0x02,0x1f,0x23,0xf4,
    0x05,0x3e,0x46,0xe8,0x0b,0x7c,0x8c,0x00,0x19,0xf8,0xcc,0x12,0x94,0xd8,0x70,0x83,0xcf,0x0b,0x38,0x39,0x80,0xc1,0x2c,0x83,
    0x7b,0xbd,0x57,0x60,0x6a,0xf3,0x2f,0xf1,0x31,0xb5,0xf9,0x97,0xf8,0x98,0xda,0xfc,0x4b,0x7c,0x0c,0x6e,0x4a,0x26,0x3e,0x46,
    0xec,0x8e,0x7c,0x8c,0xe0,0x1d,0xf9,0x18,0xd1,0x3b,0xf2,0x31,0xc2,0x77,0xe4,0x63,0xc4,0xc9,0xc0,0xc7,0x88,0x93,0x81,0x8f,
    0x11,0x27,0x03,0x1f,0x23,0x5a,0x06,0x3e,0xb3,0x04,0x25,0x36,0xdc,0xb0,0xf6,0x02,0x59,0x0e,0x60,0x30,0xcb,0x00,0x5f,0xf1,
    0x15,0x8c,0x18,0x1c,0x00,0x08,0x82,0x01,0x1a,0xd4,0xe5,0xc0,0x8f,0xc3,0x1a,0x0e,0x6e,0x39,0x8c,0x26,0x04,0x83,0xe5,0x8d,
    0xcb,0xc4,0xc7,0xf2,0xc6,0x65,0xe2,0x63,0x79,0xe3,0x32,0xf1,0xb1,0xbf,0xa1,0x99,0xf8,0x58,0x41,0xc8,0xc7,0x0c,0x42,0x3e,
    0x76,0x10,0xf2,0x31,0x84,0x90,0x8f,0x11,0x36,0x03,0x1f,0x23,0x6c,0x06,0x3e,0x46,0xd8,0x0c,0x7c,0x8c,0xe0,0x19,0xf8,0xcc,
    0x12,0x94,0xd8,0x70,0x83,0xde,0x0b,0x72,0x39,0x80,0xc1,0x2c,0x83,0x7c,0xcd,0x57,0x60,0xbd,0x38,0xcc,0x4f,0x7c,0x8c,0x67,
    0x02,0xf9,0x18,0xcf,0x08,0xf2,0x31,0x9e,0x19,0xe4,0x63,0x62,0x43,0xc8,0xc7,0x88,0xd5,0x81,0x8f,0x11,0xab,0x03,0x1f,0x23,
    0x56,0x07,0x3e,0x46,0xc4,0x0e,0x7c,0x46,0x0c,0x0e,0x00,0x04,0xc1,0xa0,0xc1,0xcd,0x01,0x27,0x07,0xa2,0x1c,0x87,0x11,0x83,
    0x03,0x00,0x41,0x30,0x68,0x72,0x73,0xc8,0xc9,0x81,0x30,0xc7,0x61,0xc4,0xe0,0x00,0x40,0x10,0x0c,0x1a,0xdd,0x1c,0x74,0x72,
    0x20,0xce,0x71,0x18,0x31,0x38,0x00,0x10,0x04,0x83,0x66,0x37,0x87,0x9d,0x1c,0x08,0x74,0x1c,0x46,0x0c,0x0e,0x00,0x04,0xc1,
    0xa0,0xe1,0xcd,0x61,0x27,0x07,0x42,0x1d,0x87,0x11,0x83,0x03,0x00,0x41,0x30,0x68,0x7a,0x73,0xe0,0xc9,0x81,0x58,0xc7,0x61,
    0xc4,0xe0,0x00,0x40,0x10,0x0c,0x1a,0xdf,0x1c,0x7a,0x72,0x20,0xd8,0x71,0x18,0x31,0x38,0x00,0x10,0x04,0x83,0xe6,0x37,0x07,
    0x9f,0x1c,0x88,0x76,0x1c,0x66,0x09,0x4a,0x6c,0xb8,0x81,0xf5,0x85,0x98,0x1c,0xc0,0x60,0x96,0x81,0xbe,0xea,0x2b,0x30,0xdc,
    0x69,0x9b,0xf8,0x18,0xee,0xb4,0x4d,0x7c,0x0c,0x77,0xda,0x26,0x3e,0xe6,0x3b,0x73,0x13,0x1f,0x23,0xdc,0x5f,0x90,0x8f,0x11,
    0xef,0x2f,0xc8,0xc7,0x08,0xf8,0x17,0xe4,0x63,0x44,0xfc,0x0b,0xf2,0x31,0xa2,0x6e,0xe0,0x63,0x44,0xdd,0xc0,0xc7,0x88,0xba,
    0x81,0x8f,0x11,0x7b,0x03,0x9f,0x59,0x82,0x12,0x1b,0x6e,0xc8,0x7d,0x61,0x26,0x07,0x30,0x98,0x65,0x28,0x31,0xfb,0x0a,0x86,
    0x1b,0x74,0x5f,0xb8,0xcb,0x01,0x0c,0x66,0x19,0xee,0x0b,0xbf,0x02,0xdb,0x9b,0xf4,0x91,0x8f,0xed,0x8d,0xfa,0xc8,0xc7,0xf6,
    0x66,0x7d,0xe4,0x63,0xa1,0xc3,0x3e,0xf2,0x31,0x42,0x7d,0xe0,0x63,0x84,0xfa,0xc0,0xc7,0x08,0xf5,0x81,0x8f,0x11,0xf0,0x03,
    0x9f,0x11,0x83,0x03,0x00,0x41,0x30,0x68,0xee,0x73,0xb8,0xcb,0x81,0x20,0xc9,0x61,0xc4,0xe0,0x00,0x40,0x10,0x0c,0x1a,0xfc,
    0x1c,0xf0,0x72,0x20,0x4a,0x72,0x18,0x31,0x38,0x00,0x10,0x04,0x83,0x26,0x3f,0x87,0xbc,0x1c,0x08,0x93,0x1c,0x46,0x0c,0x0e,
    0x00,0x04,0xc1,0xa0,0xd1,0xcf,0x41,0x2f,0x07,0xe2,0x24,0x87,0x11,0x83,0x03,0x00,0x41,0x30,0x68,0xf6,0x73,0xd0,0xcb,0x81,
    0x48,0xc9,0x61,0xc4,0xe0,0x00,0x40,0x10,0x0c,0x1a,0xfe,0x1c,0xf6,0x72,0x20,0x54,0x72,0x18,0x31,0x38,0x00,0x10,0x04,0x83,
    0xa6,0x3f,0x07,0xbe,0x1c,0x88,0x95,0x1c,0x46,0x0c,0x0e,0x00,0x04,0xc1,0xa0,0xf1,0xcf,0xa1,0x2f,0x07,0x82,0x25,0x87,0x59,
    0x82,0x12,0x1b,0x6e,0x58,0x7f,0x21,0x35,0x07,0x30,0x98,0x65,0xc8,0x2f,0xfd,0x0a,0x8c,0x75,0xee,0x47,0x3e,0xc6,0x3a,0xf7,
    0x23,0x1f,0x63,0x9d,0xfb,0x91,0x8f,0xc9,0x4e,0xff,0xc8,0xc7,0x08,0xff,0x81,0x8f,0x11,0xff,0x03,0x1f,0x23,0x40,0x08,0x3e,
    0x46,0x84,0x10,0x7c,0x46,0x0c,0x0e,0x00,0x04,0xc1,0xa0,0x41,0xd1,0x01,0x35,0x07,0xa2,0x26,0x87,0x11,0x83,0x03,0x00,0x41,
    0x30,0x68,0x52,0x74,0x48,0xcd,0x81,0xb0,0xc9,0x61,0xc4,0xe0,0x00,0x40,0x10,0x0c,0x1a,0x15,0x1d,0x54,0x73,0x20,0x6e,0x72,
    0x18,0x31,0x38,0x00,0x10,0x04,0x83,0x66,0x45,0x87,0xd5,0x1c,0x08,0x9c,0x1c,0x46,0x0c,0x0e,0x00,0x04,0xc1,0xa0,0x61,0xd1,
    0x61,0x35,0x07,0x42,0x27,0x87,0x11,0x83,0x03,0x00,0x41,0x30,0x68,0x5a,0x74,0x60,0xcd,0x81,0xd8,0xc9,0x61,0xc4,0xe0,0x00,
    0x40,0x10,0x0c,0x1a,0x17,0x1d,0x5a,0x73,0x20,0x78,0x72,0x18,0x31,0x38,0x00,0x10,0x04,0x83,0xe6,0x45,0x07,0xd7,0x1c,0x88,
    0x9e,0x1c,0x66,0x09,0x4a,0x6c,0xb8,0x81,0xff,0x05,0xba,0x1c,0xc0,0x60,0x96,0x61,0xbf,0xf8,0x2b,0xb0,0x9f,0x1c,0x56,0x28,
    0x3e,0xe6,0x3b,0x81,0x7c,0xcc,0x77,0x04,0xf9,0x98,0xef,0x0c,0xf2,0x31,0xf2,0x21,0xe4,0x63,0x44,0x0b,0xc1,0xc7,0x88,0x16,
    0x82,0x8f,0x11,0x2d,0x04,0x1f,0x23,0x66,0x08,0x3e,0x23,0x06,0x07,0x00,0x82,0x60,0xd0,0xe8,0xe8,0xa0,0x9b,0x03,0x71,0x96,
    0xc3,0x88,0xc1,0x01,0x80,0x20,0x18,0x34,0x3b,0x3a,0xec,0xe6,0x40,0xa0,0xe5,0x30,0x62,0x70,0x00,0x20,0x08,0x06,0x0d,0x8f,
    0x0e,0xbc,0x39,0x10,0x69,0x39,0x8c,0x18,0x1c,0x00,0x08,0x82,0x41,0xd3,0xa3,0x43,0x6f,0x0e,0x84,0x5a,0x0e,0x23,0x06,0x07,
    0x00,0x82,0x60,0xd0,0xf8,0xe8,0xd0,0x9b,0x03,0xc1,0x96,0xc3,0x88,0xc1,0x01,0x80,0x20,0x18,0x34,0x3f,0x3a,0xf8,0xe6,0x40,
    0xb4,0xe5,0x30,0x62,0x70,0x00,0x20,0x08,0x06,0x0d,0x98,0x0e,0xbf,0x39,0x10,0x6e,0x39,0x8c,0x18,0x1c,0x00,0x08,0x82,0x41,
    0x13,0xa6,0x03,0x78,0x0e,0xc4,0x5b,0x0e,0xb3,0x04,0x25,0x36,0xdc,0xe0,0x82,0x43,0x6b,0x0e,0x60,0x30,0xcb,0xd0,0x5f,0xfe,
    0x15,0x58,0x5c,0x0e,0x3a,0x14,0x1f,0x93,0xcb,0x41,0x87,0xe2,0x63,0x73,0x39,0xe8,0x50,0x7c,0x8c,0x2e,0x07,0x30,0x8a,0x8f,
    0xcd,0x0f,0x21,0x1f,0x9b,0x1f,0x42,0x3e,0x36,0x3f,0x84,0x7c,0x2c,0x7f,0x08,0xf9,0x18,0x51,0x46,0xf0,0x31,0xc2,0x8c,0xe0,
    0x63,0xc4,0x19,0xc1,0xc7,0x08,0x34,0x82,0xcf,0x88,0xc1,0x01,0x80,0x20,0x18,0x34,0x6f,0x3a,0xbc,0xe7,0x40,0xf0,0xe5,0x30,
    0x62,0x70,0x00,0x20,0x08,0x06,0x0d,0x9c,0x0e,0xf0,0x39,0x10,0x7d,0x39,0x8c,0x18,0x1c,0x00,0x08,0x82,0x41,0x13,0xa7,0x43,
    0x7c,0x0e,0x84,0x5f,0x0e,0x23,0x06,0x07,0x00,0x82,0x60,0xd0,0xc8,0xe9,0x20,0x9f,0x03,0xf1,0x97,0xc3,0x88,0xc1,0x01,0x80,
    0x20,0x18,0x34,0x73,0x3a,0xc8,0xe7,0x40,0x84,0xe6,0x30,0x62,0x70,0x00,0x20,0x08,0x06,0x0d,0x9d,0x0e,0xf3,0x39,0x10,0xa2,
    0x39,0x8c,0x18,0x1c,0x00,0x08,0x82,0x41,0x53,0xa7,0x03,0x7d,0x0e,0xc4,0x68,0x0e,0x23,0x06,0x07,0x00,0x82,0x60,0xd0,0xd8,
    0xe9,0x50,0x9f,0x03,0x41,0x9a,0xc3,0x2c,0x41,0x89,0xd5,0x19,0x0e,0xba,0x39,0xe8,0x70,0x43,0x00,0x9f,0x03,0x18,0xcc,0x32,
    0x94,0xd8,0x7f,0x05,0xc3,0x0d,0x65,0x38,0xb0,0xe7,0x00,0x06,0xb3,0x0c,0x20,0x16,0x62,0x81,0x99,0x90,0x6a,0x0e,0xf0,0x31,
    0x13,0x5a,0xcd,0x01,0x3e,0x66,0x42,0xac,0x39,0xc0,0xc7,0xe8,0xa8,0x35,0x07,0xf8,0x18,0x1d,0xb9,0xe6,0x00,0x1f,0xa3,0xa3,
    0xd7,0x1c,0xe0,0x33,0x62,0xb0,0x00,0x20,0x08,0x06,0x65,0x60,0xa7,0xc3,0x8a,0x0e,0x83,0x10,0x18,0x05,0x61,0x01,0x6d,0x0e,
    0xf2,0x19,0x31,0x38,0x00,0x10,0x04,0x83,0x46,0x54,0x07,0x11,0x1d,0x82,0xd7,0x1c,0x46,0x0c,0x0e,0x00,0x04,0xc1,0xa0,0x19,
    0xd5,0x41,0x44,0x87,0x20,0x36,0x87,0x59,0x82,0x12,0x1b,0x6e,0x80,0xc3,0x01,0x46,0x07,0x30,0x98,0x65,0x10,0xb1,0x11,0x0b,
    0x2c,0x86,0xf8,0x48,0x3e,0x16,0x43,0x7c,0x24,0x1f,0x8b,0x21,0x3e,0x92,0x8f,0xdd,0x90,0x28,0xc9,0xc7,0xd4,0x87,0x80,0x8f,
    0xa9,0x0f,0x01,0x1f,0x53,0x1f,0x02,0x3e,0x06,0x3f,0x04,0x7c,0x46,0x0c,0x0e,0x00,0x04,0xc1,0xa0,0x69,0xd5,0xa1,0x45,0x07,
    0x42,0x37,0x87,0x11,0x83,0x03,0x00,0x41,0x30,0x68,0x5c,0x75,0x70,0xd1,0x81,0xd8,0xcd,0x61,0xc4,0xe0,0x00,0x40,0x10,0x0c,
    0x9a,0x57,0x1d,0x5e,0x74,0x20,0x78,0x73,0x18,0x31,0x38,0x00,0x10,0x04,0x83,0x06,0x56,0x07,0x18,0x1d,0x88,0xde,0x1c,0x46,
    0x0c,0x0e,0x00,0x04,0xc1,0xa0,0x89,0xd5,0x01,0x46,0x07,0xe2,0x37,0x87,0x11,0x83,0x03,0x00,0x41,0x30,0x68,0x64,0x75,0x88,
    0xd1,0x81,0x00,0xcf,0x61,0xc4,0xe0,0x00,0x40,0x10,0x0c,0x9a,0x59,0x1d,0x64,0x74,0x20,0xc2,0x73,0x18,0x31,0x38,0x00,0x10,
    0x04,0x83,0x86,0x56,0x87,0x19,0x1d,0x08,0xf1,0x1c,0x66,0x09,0x4a,0x6c,0xb8,0x21,0x14,0x87,0x1b,0x1d,0xc0,0x60,0x96,0x81,
    0xc4,0x4a,0x2c,0xb0,0xfb,0x69,0x25,0xf9,0xd8,0xfd,0xb4,0x92,0x7c,0xec,0x7e,0x5a,0x49,0x3e,0xd6,0x3f,0xb3,0x24,0x1f,0x43,
    0xcf,0x61,0x7f,0xe2,0x63,0xe9,0x39,0xec,0x4f,0x7c,0x4c,0x3d,0x87,0xfd,0x89,0x8f,0xad,0xe7,0x10,0x42,0xf1,0x31,0x42,0x8d,
    0xe4,0x63,0x84,0x1a,0xc9,0xc7,0x08,0x35,0x92,0x8f,0x11,0x70,0x24,0x1f,0x23,0x18,0xf8,0x18,0xc1,0xc0,0xc7,0x08,0x06,0x3e,
    0x46,0x30,0xf0,0x19,0x31,0x38,0x00,0x10,0x04,0x83,0xc6,0x5c,0x07,0x33,0x1d,0x88,0xf9,0x1c,0x46,0x0c,0x0e,0x00,0x04,0xc1,
    0xa0,0x39,0xd7,0xe1,0x4c,0x07,0x82,0x3e,0x87,0x11,0x83,0x03,0x00,0x41,0x30,0x68,0xd0,0x75,0x40,0xd3,0x81,0xa8,0xcf,0x61,
    0xc4,0xe0,0x00,0x40,0x10,0x0c,0x9a,0x74,0x1d,0xd2,0x74,0x20,0xec,0x73,0x18,0x31,0x38,0x00,0x10,0x04,0x83,0x46,0x5d,0x87,
    0x34,0x1d,0x08,0xfc,0x1c,0x46,0x0c,0x0e,0x00,0x04,0xc1,0xa0,0x59,0xd7,0x41,0x4d,0x07,0x22,0x3f,0x87,0x11,0x83,0x03,0x00,
    0x41,0x30,0x68,0xd8,0x75,0x58,0xd3,0x81,0xd0,0xcf,0x61,0xc4,0xe0,0x00,0x40,0x10,0x0c,0x9a,0x76,0x1d,0xd8,0x74,0x20,0xf6,
    0x73,0x98,0x25,0x28,0xb1,0x81,0xea,0x60,0xb0,0x29,0xdc,0x42,0x29,0xde,0x32,0x27,0xdf,0x22,0x25,0xf0,0x52,0x23,0xf1,0x42,
    0x21,0xf2,0xf2,0x1d,0xf3,0x22,0x1d,0xf4,0xd2,0x19,0xf5,0x02,0x19,0xf6,0x32,0x17,0xf7,0x42,0x15,0xf8,0x22,0x13,0xf9,0x52,
    0x11,0xfa,0x32,0x8f,0xfb,0x22,0x8d,0xfc,0x02,0x8b,0xfd,0xb2,0x87,0xfe,0xb2,0x05,0x10,0xd3,0x03,0x11,0x43,0x48,0x4c,0x35,
    0x83,0xdc,0xa2,0xc7,0x40,0xb7,0x54,0x33,0xa8,0x2f,0x55,0xf3,0x2f,0xfa,0x34,0x46,0x6c,0xa0,0x3a,0x18,0x6c,0x0a,0xb7,0x50,
    0x8a,0xb7,0xcc,0xc9,0xb7,0x48,0x09,0xbc,0xd4,0x48,0xbc,0x50,0x88,0xbc,0x7c,0xc7,0xbc,0x48,0x07,0xbd,0x74,0x46,0xbd,0x40,
    0x86,0xbd,0xcc,0xc5,0xbd,0x50,0x05,0xbe,0xc8,0x44,0xbe,0x54,0x84,0xbe,0xcc,0xe3,0xbe,0x48,0x23,0xbf,0xc0,0x62,0xbf,0xec,
    0xa1,0xbf,0x70,0x01,0xc4,0xf4,0x40,0xc4,0x10,0x12,0x53,0xcd,0x20,0xb7,0xe8,0x31,0xd0,0x2d,0xd5,0x0c,0xea,0x4b,0xd5,0xfc,
    0x8b,0x3e,0x8d,0x11,0x1b,0xa8,0x0e,0x06,0x9b,0xc2,0x2d,0x94,0xe2,0x2d,0x73,0xf2,0x2d,0x52,0x02,0x2f,0x35,0x12,0x2f,0x14,
    0x22,0x2f,0xdf,0x31,0x2f,0xd2,0x41,0x2f,0x9d,0x51,0x2f,0x90,0x61,0x2f,0x73,0x71,0x2f,0x54,0x81,0x2f,0x32,0x91,0x2f,0x15,
    0xa1,0x2f,0xf3,0xb8,0x2f,0xd2,0xc8,0x2f,0xb0,0xd8,0x2f,0x7b,0xe8,0x2f,0x5d,0x00,0x31,0x3d,0x10,0x31,0x84,0xc4,0x54,0x33,
    0xc8,0x2d,0x7a,0x0c,0x74,0x4b,0x35,0x83,0xfa,0x52,0x35,0xff,0xa2,0x4f,0x63,0xc4,0x06,0xaa,0x83,0xc1,0xa6,0x70,0x0b,0xa5,
    0x78,0xcb,0x9c,0x7c,0x8b,0x94,0xc0,0x4b,0x8d,0xc4,0x0b,0x85,0xc8,0xcb,0x77,0xcc,0x8b,0x74,0xd0,0x4b,0x67,0xd4,0x0b,0x64,
    0xd8,0xcb,0x5c,0xdc,0x0b,0x55,0xe0,0x8b,0x4c,0xe4,0x4b,0x45,0xe8,0xcb,0x3c,0xee,0x8b,0x34,0xf2,0x0b,0x2c,0xf6,0xcb,0x1e,
    0xfa,0x8b,0x17,0x40,0x4c,0x0f,0x44,0x0c,0x21,0x31,0xdb,0x0c,0x72,0x0b,0x24,0x03,0xdd,0xb2,0xcd,0xa0,0xbe,0x54,0xcd,0xbf,
    0xe8,0xd3,0x18,0xb1,0xe1,0x06,0x56,0x1c,0xca,0x75,0x00,0x83,0x59,0x06,0x39,0x33,0xb1,0x60,0xb8,0xa1,0x15,0x07,0x71,0x1d,
    0xc0,0x60,0x96,0x41,0xce,0x4e,0x2c,0x18,0x6e,0x70,0xc5,0x21,0x5c,0x07,0x30,0x98,0x65,0x90,0x33,0x14,0x0b,0x86,0x1b,0x5e,
    0x71,0x08,0xd7,0x01,0x0c,0x66,0x19,0x52,0x4c,0xc5,0x02,0x23,0x9d,0xf7,0x91,0xcf,0x2c,0x81,0x9c,0x0d,0x37,0xc4,0xe2,0x20,
    0xae,0x03,0x18,0xcc,0x32,0xac,0x18,0x8b,0x05,0x66,0x3a,0xf1,0x23,0x1f,0x0b,0x56,0x74,0x90,0xcf,0x88,0xc1,0x01,0x80,0x20,
    0x18,0x34,0xfa,0x3a,0xe8,0xe9,0x10,0x9c,0xe8,0x30,0x62,0x70,0x00,0x20,0x08,0x06,0xcd,0xbe,0x0e,0x7a,0x3a,0x04,0x29,0x3a,
    0xcc,0x12,0xc8,0xd9,0x70,0x83,0x2d,0x0e,0xec,0x3a,0x80,0xc1,0x2c,0x43,0x8b,0xb9,0x58,0x60,0xab,0x63,0x3f,0xf2,0xb1,0x20,
    0x46,0x07,0xf9,0x8c,0x18,0x1c,0x00,0x08,0x82,0x41,0xf3,0xaf,0xc3,0x9f,0x0e,0x01,0x8b,0x0e,0x23,0x06,0x07,0x00,0x82,0x60,
    0xd0,0x80,0xec,0xf0,0xa7,0x43,0xe0,0xa2,0xc3,0x2c,0x81,0x9c,0x0d,0x37,0xec,0xe2,0xb0,0xae,0x03,0x18,0xcc,0x32,0xbc,0x18,
    0x8c,0x05,0x06,0x3b,0xfb,0x03,0x9f,0x11,0x83,0x03,0x00,0x41,0x30,0x68,0x46,0x76,0x18,0xd5,0x21,0x80,0xd1,0x61,0xc4,0xe0,
    0x00,0x40,0x10,0x0c,0x1a,0x92,0x1d,0x46,0x75,0x08,0x64,0x74,0x98,0x25,0x90,0xb3,0xe1,0x86,0x5f,0x1c,0xec,0x75,0x00,0x83,
    0x59,0x86,0x18,0x93,0xb1,0xc0,0x68,0xe7,0x7f,0xe0,0x63,0xc1,0x8d,0x0e,0xf0,0x19,0x31,0x38,0x00,0x10,0x04,0x83,0x06,0x65,
    0x07,0x54,0x1d,0x82,0x1a,0x1d,0x46,0x0c,0x0e,0x00,0x04,0xc1,0xa0,0x49,0xd9,0x01,0x55,0x87,0xe0,0x46,0x87,0x59,0x02,0x39,
    0x1b,0x6e,0x20,0xc7,0x01,0x5f,0x07,0x30,0x98,0x65,0x98,0x31,0x1a,0x0b,0x2c,0x77,0x48,0x08,0x3e,0x16,0xf0,0xe8,0x00,0x1f,
    0x0b,0x7e,0x74,0x90,0xcf,0x88,0xc1,0x01,0x80,0x20,0x18,0x34,0x2e,0x3b,0xb8,0xea,0x10,0xec,0xe8,0x30,0x62,0x70,0x00,0x20,
    0x08,0x06,0xcd,0xcb,0x0e,0xae,0x3a,0x04,0x3d,0x3a,0xcc,0x12,0xc8,0xd9,0x70,0x83,0x3a,0x0e,0xf9,0x3a,0x80,0xc1,0x2c,0x43,
    0x8d,0xd9,0x58,0x60,0x2a,0xf4,0x3b,0xf1,0x19,0x31,0x38,0x00,0x10,0x04,0x83,0x46,0x66,0x07,0x59,0x1d,0x82,0x1f,0x1d,0x46,
    0x0c,0x0e,0x00,0x04,0xc1,0xa0,0x99,0xd9,0x41,0x56,0x87,0x20,0x4c,0x87,0x59,0x02,0x39,0x1b,0x6e,0x70,0xc7,0x81,0x5f,0x07,
    0x30,0x98,0x65,0xb8,0x31,0x1c,0x0b,0x6c,0x7c,0x5c,0x08,0x3e,0x46,0x3e,0x2f,0x24,0x1f,0x13,0x82,0xf8,0x8c,0x18,0x1c,0x00,
    0x08,0x82,0x41,0x83,0xb3,0x03,0xae,0x0e,0x41,0x99,0x0e,0x23,0x06,0x07,0x00,0x82,0x60,0xd0,0xe4,0xec,0x80,0xab,0x43,0x70,
    0xa6,0xc3,0x2c,0x81,0x9c,0x0d,0x37,0xd0,0xe3,0x10,0xb2,0x03,0x18,0xcc,0x32,0xe4,0x98,0x8e,0x05,0x46,0x43,0xe9,0x13,0x1f,
    0x0b,0xda,0x72,0x90,0x8f,0x05,0xeb,0x03,0x9f,0x59,0x02,0x39,0x1b,0x6e,0xc0,0xc7,0x81,0x64,0x07,0x30,0x98,0x65,0xd8,0x31,
    0x1e,0x0b,0x0c,0x87,0xda,0x27,0x3e,0x16,0x90,0x96,0x7c,0x2c,0x78,0x1f,0xf8,0xcc,0x12,0xc8,0xd9,0x70,0x03,0x3f,0x0e,0x27,
    0x3b,0x80,0xc1,0x2c,0x43,0x8f,0xf9,0x58,0x30,0x62,0x70,0x00,0x20,0x08,0x06,0x68,0x80,0xb3,0xc3,0xaf,0x0e,0x2e,0x3a,0xc4,
    0xec,0x30,0x9a,0x10,0x0c,0xe6,0x43,0xf3,0x13,0x1f,0x13,0x02,0xf9,0x58,0x50,0x3f,0xf0,0x99,0x25,0x90,0xb3,0xe1,0x06,0x91,
    0x1c,0x58,0x76,0x00,0x83,0x59,0x86,0x1f,0x03,0xb3,0xc0,0xee,0x74,0x68,0xad,0xf8,0x18,0xfe,0x04,0xf2,0xb1,0x80,0x8c,0xe0,
    0x33,0x62,0x70,0x00,0x20,0x08,0x06,0x0d,0xdb,0x0e,0xec,0x3a,0x04,0x79,0x3a,0x8c,0x18,0x1c,0x00,0x08,0x82,0x41,0xd3,0xb6,
    0x03,0xbb,0x0e,0xc1,0x9e,0x0e,0xb3,0x04,0x72,0x36,0xdc,0x80,0x92,0xc3,0xaf,0x0e,0x60,0x30,0xcb,0x10,0x66,0x62,0x16,0x18,
    0x1a,0xf5,0x4f,0x7c,0x2c,0xc8,0xcb,0x41,0x3e,0x16,0xfc,0x0f,0x7c,0x66,0x09,0xe4,0x6c,0xb8,0x81,0x25,0x07,0x5c,0x1d,0xc0,
    0x60,0x96,0x41,0xce,0xc6,0x2c,0x18,0x6e,0x68,0xc9,0x81,0x5f,0x07,0x30,0x98,0x65,0x20,0xb3,0x32,0x0b,0x4c,0x84,0xda,0x48,
    0x3e,0x16,0xb8,0x11,0x7c,0x46,0x0c,0x0e,0x00,0x04,0xc1,0xa0,0xb1,0xdb,0xc1,0x5e,0x87,0x60,0x54,0x87,0x11,0x83,0x03,0x00,
    0x41,0x30,0x68,0xee,0x76,0xb0,0xd7,0x21,0x28,0xd5,0x61,0x96,0x40,0xce,0x86,0x1b,0x64,0x72,0x10,0xd9,0x01,0x0c,0x66,0x19,
    0xcc,0xec,0xcc,0x02,0x3b,0x21,0x39,0x92,0x8f,0x05,0x73,0x04,0x9f,0x11,0x83,0x03,0x00,0x41,0x30,0x68,0xf6,0x76,0xd8,0xd7,
    0x21,0x40,0xd5,0x61,0xc4,0xe0,0x00,0x40,0x10,0x0c,0x1a,0xbe,0x1d,0xf6,0x75,0x08,0x54,0x75,0x98,0x25,0x90,0xb3,0xe1,0x86,
    0x9b,0x1c,0xc2,0x75,0x00,0x83,0x59,0x06,0x34,0x4b,0xb3,0xc0,0x58,0x75,0xb8,0xa3,0xf8,0x58,0x0b,0x05,0xf2,0xb1,0x20,0x8f,
    0xe0,0x33,0x62,0x70,0x00,0x20,0x08,0x06,0x4d,0xe8,0x0e,0x21,0x3b,0x04,0xae,0x3a,0x8c,0x18,0x1c,0x00,0x08,0x82,0x41,0x23,
    0xba,0x43,0xc8,0x0e,0x01,0xac,0x0e,0xb3,0x04,0x72,0x36,0xdc,0xd0,0x93,0x83,0xbb,0x0e,0x60,0x30,0xcb,0xa0,0x66,0x6b,0x16,
    0x98,0xac,0x0e,0x7d,0x14,0x1f,0x9b,0xa1,0x40,0x3e,0x16,0xfc,0x11,0x7c,0x46,0x0c,0x0e,0x00,0x04,0xc1,0xa0,0x39,0xdd,0xe1,
    0x64,0x87,0x80,0x56,0x87,0x11,0x83,0x03,0x00,0x41,0x30,0x68,0x50,0x77,0x38,0xd9,0x21,0xb0,0xd5,0x61,0x96,0x40,0xce,0x6a,
    0x2f,0x07,0x76,0x1d,0x74,0xb8,0x21,0x10,0xd9,0x01,0x0c,0x66,0x19,0xe4,0x8c,0xcd,0x82,0xe1,0x86,0xb2,0x1c,0xfc,0x75,0x00,
    0x83,0x59,0x86,0x36,0x73,0xb3,0xc0,0x6e,0x88,0x57,0x07,0xf8,0xd8,0x0d,0xf5,0xea,0x00,0x1f,0xbb,0x21,0x5f,0x1d,0xe0,0x63,
    0xa5,0xf4,0xab,0x03,0x7c,0xac,0x94,0xc0,0x75,0x80,0x8f,0x95,0x52,0xb8,0x0e,0xf0,0x19,0x31,0x58,0x00,0x10,0x04,0x83,0x32,
    0x40,0xdd,0xa1,0x67,0x87,0x41,0x08,0x8c,0x82,0xb0,0xc0,0x5c,0x07,0xf9,0x8c,0x18,0x1c,0x00,0x08,0x82,0x41,0x43,0xbb,0x03,
    0xcd,0x0e,0x41,0xb8,0x0e,0x23,0x06,0x07,0x00,0x82,0x60,0xd0,0xd4,0xee,0x40,0xb3,0x43,0x30,0xae,0xc3,0x2c,0x81,0x9c,0x0d,
    0x37,0xc0,0xe5,0x20,0xb6,0x03,0x18,0xcc,0x32,0xbc,0x19,0x9c,0x05,0x56,0x46,0xb0,0x24,0x1f,0x83,0xa1,0x00,0x3e,0x23,0x06,
    0x07,0x00,0x82,0x60,0xd0,0xe4,0xee,0x90,0xb3,0x43,0x60,0xae,0xc3,0x88,0xc1,0x01,0x80,0x20,0x18,0x34,0xba,0x3b,0xe4,0xec,
    0x10,0xa0,0xeb,0x30,0x4b,0x20,0x67,0xc3,0x0d,0x75,0x39,0xf4,0xec,0x00,0x06,0xb3,0x0c,0x71,0x26,0x67,0x81,0xd1,0x50,0x2d,
    0xc9,0xc7,0xd6,0x75,0xa8,0xa1,0xf8,0x58,0xc0,0x46,0xf2,0xb1,0x60,0x80,0xcf,0x88,0xc1,0x01,0x80,0x20,0x18,0x34,0xe0,0x3b,
    0x80,0xed,0x10,0xb4,0xeb,0x30,0x62,0x70,0x00,0x20,0x08,0x06,0x4d,0xf8,0x0e,0x60,0x3b,0x04,0xef,0x3a,0xcc,0x12,0xc8,0xd9,
    0x40,0x75,0x30,0xe0,0x46,0x8a,0xb9,0xc6,0x8a,0x91,0x46,0x8b,0xf1,0xc5,0x8b,0xc9,0x45,0x8c,0x99,0xc5,0x8c,0xf9,0x44,0x8d,
    0xc9,0xc4,0x8d,0xa9,0x44,0x8e,0x89,0xc4,0x8e,0xd9,0x43,0x8f,0xa9,0xc3,0x8f,0x89,0x43,0x98,0xd9,0x02,0x99,0xb1,0x82,0x99,
    0x81,0x02,0x9a,0xd1,0x81,0x9a,0x69,0x6d,0x06,0xbd,0x99,0x10,0x67,0x6c,0x18,0x94,0x98,0x5d,0x06,0x26,0x06,0x8e,0xc1,0x89,
    0xd9,0x65,0x20,0x66,0x6c,0x18,0xac,0x99,0xed,0x1a,0x70,0x36,0xdc,0xf0,0x9a,0x83,0xcd,0x0e,0x60,0x30,0xdd,0x30,0x0f,0x42,
    0x30,0xdd,0x10,0x9f,0xc3,0x3d,0x80,0xe6,0x30,0xdd,0x10,0x9f,0xc3,0x3d,0x84,0xe6,0x30,0xdd,0x10,0x9f,0xc3,0x3d,0x88,0xe6,
    0x30,0xdd,0x10,0x9f,0x03,0x31,0x9a,0xc3,0x74,0xc3,0x3e,0xc4,0xe7,0x40,0x9a,0xc3,0x74,0xc3,0x3e,0xc4,0xe7,0x50,0x9a,0xc3,
    0x74,0xc3,0x3e,0xc4,0xe7,0x60,0x9a,0xc3,0x74,0x03,0x12,0x9f,0xc3,0x69,0x0e,0xc5,0x96,0xc3,0xec,0x0e,0x58,0x41,0xf8,0x0e,
    0x6a,0xed,0x39,0x88,0xef,0x00,0x83,0xe1,0x86,0x20,0x7c,0x07,0x34,0x98,0x65,0x20,0xe6,0x2c,0x18,0xe8,0x18,0xf4,0xd7,0x28,
    0xf4,0xd7,0x20,0x30,0x39,0x1b,0xe8,0x18,0xf4,0xd7,0x28,0xf4,0xd7,0x20,0x30,0x39,0x1b,0xe8,0x18,0xf4,0xd7,0x28,0xf4,0xd7,
    0x20,0x30,0x39,0x1b,0xe8,0x18,0xf4,0xd7,0x28,0xf4,0xd7,0x20,0x30,0x39,0x9b,0x65,0xa8,0x33,0x3a,0x5b,0xd1,0xc1,0x88,0x12,
    0x1d,0xe0,0x63,0x44,0x89,0x0e,0xf0,0x31,0xa2,0x44,0x07,0xf8,0xcc,0x12,0xd4,0xd9,0x40,0xc5,0x60,0xd0,0x99,0x33,0x67,0x03,
    0x15,0x83,0x41,0x67,0xce,0x9c,0x0d,0x54,0x0c,0x06,0x9d,0x39,0x73,0x36,0xcb,0x50,0x6a,0x76,0xb6,0xa3,0xc3,0x88,0xc1,0x01,
    0x80,0x20,0x18,0xa0,0x01,0xfc,0x0e,0x77,0x3b,0x98,0xeb,0xc0,0xbe,0xc3,0x68,0x42,0x00,0x58,0xa2,0xb3,0x83,0x7c,0x46,0x0c,
    0x0c,0x00,0x04,0xc1,0xe0,0xe9,0xdf,0x01,0x74,0x87,0x60,0xc4,0xc0,0x00,0x40,0x10,0x0c,0x1e,0xff,0x1d,0xf0,0x76,0x18,0x2c,
    0xf0,0xd9,0x41,0x3e,0x23,0x06,0x06,0x00,0x82,0x60,0xf0,0x80,0xf0,0xa0,0xb7,0x43,0x60,0xc1,0x00,0x9f,0x12,0xd3,0xa1,0x7d,
    0x07,0x1d,0x6e,0x08,0xec,0x77,0x00,0x83,0x59,0x86,0x51,0xbb,0xb3,0x60,0xb8,0x61,0x4c,0x07,0xfc,0x1d,0xc0,0x60,0x96,0x61,
    0xd4,0xf0,0x2c,0x18,0x6e,0x20,0xd3,0xa1,0x7e,0x07,0x30,0x98,0x65,0xc8,0x33,0x3d,0x0b,0x86,0x23,0x92,0x82,0xf8,0x66,0x09,
    0x46,0x6d,0xb8,0xc1,0x4c,0x87,0xfa,0x1d,0xc0,0x60,0x96,0x61,0xcf,0xf8,0x2c,0x18,0x8e,0x58,0x8e,0xe0,0x9b,0x25,0x18,0xb5,
    0xe1,0x06,0x34,0x1d,0xec,0x77,0x00,0x83,0x59,0x86,0x3e,0xf3,0xb3,0x60,0x38,0xa2,0x49,0x8a,0x6f,0x96,0x60,0xd4,0x86,0x1b,
    0xd4,0x74,0xb8,0xdf,0x01,0x0c,0x66,0x19,0xfe,0x0c,0xd4,0x82,0xe1,0x88,0x67,0x11,0xbe,0x59,0x82,0x51,0x1b,0x6e,0x60,0xd3,
    0xc1,0x7f,0x07,0x30,0x98,0x65,0x08,0x35,0x51,0x0b,0x86,0x23,0xa2,0xc6,0xf9,0x66,0x09,0x46,0x6d,0x38,0x42,0x72,0x86,0x6f,
    0xb8,0xe1,0x4d,0x87,0xfd,0x1d,0xc2,0xa0,0x02,0x61,0x67,0x09,0x46,0x6d,0xa0,0x48,0xc1,0xf2,0x8c,0xda,0x33,0xa8,0xcf,0x98,
    0x3f,0x43,0x42,0x8d,0xf5,0x0d,0x3b,0x53,0x7d,0xe3,0xce,0x04,0x51,0x9b,0x65,0x28,0x35,0x52,0x0b,0x46,0x0c,0x0c,0x00,0x04,
    0xc1,0x60,0xa9,0xe1,0xe1,0x76,0x87,0xf3,0x1d,0x66,0x09,0x4a,0x6d,0x96,0xa1,0xd5,0x4c,0x0d,0x4e,0x87,0xe1,0x06,0x37,0x1d,
    0x4c,0x78,0x00,0x83,0x59,0x06,0x56,0x3b,0xb5,0xc0,0xfc,0x75,0xe8,0xd7,0x81,0x3e,0x23,0x06,0x07,0x00,0x82,0x60,0x80,0x06,
    0x2b,0x3c,0xc8,0xee,0x10,0xb2,0xc3,0xff,0x0e,0xa3,0x09,0x01,0x30,0x9a,0x20,0x04,0xa3,0x09,0x83,0x30,0xdc,0x40,0xa7,0x43,
    0x0b,0x0f,0x60,0x30,0xcb,0x80,0x6a,0xa9,0x16,0x98,0x60,0xc8,0xc7,0x02,0xbb,0x1d,0xe4,0x33,0x62,0x60,0x00,0x20,0x08,0x06,
    0x0f,0x0f,0x0f,0xa8,0x3b,0x04,0x23,0x06,0x07,0x00,0x82,0x60,0xd0,0xf8,0xf0,0xe0,0xbb,0x43,0xb0,0xb6,0xc3,0x88,0xc1,0x01,
    0x80,0x20,0x18,0x34,0x3f,0x3c,0xf8,0xee,0x10,0xb4,0xed,0x30,0x4b,0xc0,0x6a,0xc3,0x0d,0x7a,0x3a,0xbc,0xf0,0x00,0x06,0xb3,
    0x0c,0xaa,0xb6,0x6a,0x81,0x21,0x8c,0x7c,0x2c,0x08,0xe4,0x63,0x41,0xdf,0x0e,0xf2,0x19,0x31,0x30,0x00,0x10,0x04,0x83,0x67,
    0x8c,0x87,0xd7,0x1d,0x82,0x11,0x83,0x03,0x00,0x41,0x30,0x68,0xca,0x78,0x28,0xdf,0x21,0x90,0xdb,0x61,0xc4,0xe0,0x00,0x40,
    0x10,0x0c,0x1a,0x33,0x1e,0xca,0x77,0x08,0xe8,0x76,0x98,0x25,0x60,0x35,0x7b,0xa0,0xf8,0x8c,0x18,0x18,0x00,0x08,0x82,0xc1,
    0x73,0xc6,0x03,0x0e,0x0f,0xc1,0x70,0x44,0xe0,0xb7,0x03,0xf1,0x0d,0x47,0x0c,0x77,0x3b,0x10,0xdf,0x74,0x43,0xe8,0x0e,0xa0,
    0x3b,0x04,0xd3,0x0d,0x41,0x31,0x58,0x85,0xc5,0xc7,0x02,0x81,0x3e,0x23,0x06,0x07,0x00,0x82,0x60,0xd0,0xbc,0xf1,0xf0,0xbe,
    0x43,0xc0,0xb7,0xc3,0x88,0xc1,0x01,0x80,0x20,0x18,0x34,0x70,0x3c,0xbc,0xef,0x10,0xf8,0xed,0x30,0x4b,0xc0,0x6a,0x03,0x25,
    0x03,0x19,0xa0,0x9a,0xa5,0x6a,0xc2,0xaa,0xb1,0xb9,0x61,0x6a,0x23,0x06,0x07,0x00,0x82,0x60,0x80,0x06,0x67,0x3c,0xb8,0xef,
    0xd0,0xb3,0x83,0x0e,0x0f,0xa3,0x09,0x01,0x30,0x9a,0x20,0x04,0xa3,0x09,0x83,0x60,0x7e,0x30,0xc4,0xc7,0xfc,0x60,0x88,0x8f,
    0xf9,0xc1,0x10,0x1f,0x1b,0x10,0xf9,0xd8,0x90,0xc8,0xc7,0x06,0x45,0x3e,0x36,0x24,0xf0,0xb1,0x21,0x81,0x8f,0x0d,0x09,0x7c,
    0x66,0x09,0x5a,0x6d,0xa0,0x62,0x30,0x58,0xcd,0x25,0x4a,0x6d,0xa0,0x62,0x30,0x58,0xcd,0x25,0x4a,0x6d,0xa0,0x62,0x30,0x58,
    0xcd,0x25,0x4a,0xcd,0x5c,0x21,0x5d,0x07,0xf9,0x8c,0x18,0x1c,0x00,0x08,0x82,0x41,0x33,0xca,0xc3,0x08,0x0f,0x04,0xec,0x0e,
    0x23,0x06,0x07,0x00,0x82,0x60,0xd0,0x90,0xf2,0x40,0xc2,0x03,0x11,0xbb,0xc3,0x88,0xc1,0x01,0x80,0x20,0x18,0x34,0xa5,0x3c,
    0x94,0xf0,0x40,0xc8,0xee,0x30,0x62,0x70,0x00,0x20,0x08,0x06,0x8d,0x29,0x0f,0x26,0x3c,0x10,0xb3,0x3b,0x8c,0x18,0x1c,0x00,
    0x08,0x82,0x41,0x73,0xca,0x83,0x09,0x0f,0x44,0xed,0x0e,0x23,0x06,0x07,0x00,0x82,0x60,0xd0,0xa0,0xf2,0x70,0xc2,0x03,0x61,
    0xbb,0xc3,0x88,0xc1,0x01,0x80,0x20,0x18,0x34,0xa9,0x3c,0xa0,0xf0,0x40,0xdc,0xee,0x30,0x62,0x70,0x00,0x20,0x08,0x06,0x8d,
    0x2a,0x0f,0x29,0x3c,0x10,0xb8,0x3b,0x8c,0x18,0x24,0x00,0x08,0x82,0x01,0xd2,0xca,0x83,0x1d,0x0f,0x7d,0x3c,0xf4,0xf1,0x90,
    0xc6,0x03,0x31,0x62,0x90,0x00,0x20,0x08,0x06,0x48,0x2b,0x0f,0x76,0x3c,0xf4,0xf1,0xd0,0xc7,0xc3,0x19,0x0f,0xc3,0x88,0x41,
    0x02,0x80,0x20,0x18,0x20,0xad,0x3c,0xd8,0xf1,0xd0,0xc7,0x43,0x1f,0x0f,0x68,0x3c,0x08,0x23,0x06,0x09,0x00,0x82,0x60,0x80,
    0xb4,0xf2,0x60,0xc7,0x43,0x1f,0x0f,0x7d,0x3c,0xac,0xf1,0x10,0x60,0x40,0x0c,0x00,0x27,0x00,0x00,0x00,0x5b,0x86,0xf4,0x7a,
    0xf8,0x61,0xcb,0x70,0x8e,0xc1,0xd3,0x0f,0x5b,0x06,0x75,0x0c,0x1e,0x7f,0xd8,0x32,0xb4,0x63,0xf0,0xfc,0xc3,0x96,0x81,0x24,
    0x83,0x07,0x24,0xb6,0x0c,0xac,0x1b,0x3c,0x21,0xb1,0x65,0x78,0xdd,0xe0,0x11,0x89,0x2d,0x03,0x4a,0x07,0x4f,0x48,0x6c,0x19,
    0x56,0x3a,0x78,0x44,0x62,0xcb,0x10,0xd3,0xc1,0x33,0x12,0x5b,0x06,0x9c,0x0e,0x1e,0x92,0xd8,0x32,0xd8,0x7e,0xf0,0x84,0xc4,
    0x96,0x21,0xf7,0x83,0x47,0x24,0xb6,0x0c,0x2e,0x2a,0x3c,0x21,0xb1,0x65,0x88,0x51,0xe1,0x11,0x89,0x2d,0x83,0x8e,0x0a,0xcf,
    0x48,0x6c,0x19,0xce,0x59,0x78,0x4a,0x62,0xcb,0xd0,0xcf,0xc2,0x63,0x12,0x5b,0x06,0x9a,0x16,0x9e,0x93,0xd8,0x32,0xec,0xb4,
    0xf0,0xa0,0xc4,0x96,0x21,0xfe,0x85,0xa7,0x24,0xb6,0x0c,0x27,0x38,0x3c,0x26,0xb1,0x65,0xf0,0xc1,0xe1,0x39,0x89,0x2d,0x43,
    0x19,0x0e,0x0f,0x4a,0x00,0x00,0x00,0x00,0x00,0x00,0x00,0x00,0x00,0x00,0x00,0x00,
};
