// Generated by compile_native_shaders.py. Native payload; never a bgfx container.
static const unsigned char s_sdl_dxil_fs_ff_stage_compare2[] = {
    0x44,0x58,0x42,0x43,0x38,0xbd,0xed,0xae,0x75,0x02,0xa8,0xcd,0x29,0xff,0xb4,0x93,0x62,0x03,0x1c,0x4e,0x01,0x00,0x00,0x00,
    0x8c,0x9e,0x00,0x00,0x07,0x00,0x00,0x00,0x3c,0x00,0x00,0x00,0x4c,0x00,0x00,0x00,0x54,0x02,0x00,0x00,0x90,0x02,0x00,0x00,
    0xc0,0x08,0x00,0x00,0xa0,0x19,0x00,0x00,0xbc,0x19,0x00,0x00,0x53,0x46,0x49,0x30,0x08,0x00,0x00,0x00,0x00,0x00,0x00,0x00,
    0x00,0x00,0x00,0x00,0x49,0x53,0x47,0x31,0x00,0x02,0x00,0x00,0x0f,0x00,0x00,0x00,0x08,0x00,0x00,0x00,0x00,0x00,0x00,0x00,
    0xe8,0x01,0x00,0x00,0x00,0x00,0x00,0x00,0x01,0x00,0x00,0x00,0x03,0x00,0x00,0x00,0x00,0x00,0x00,0x00,0x0f,0x08,0x00,0x00,
    0x00,0x00,0x00,0x00,0x00,0x00,0x00,0x00,0xf4,0x01,0x00,0x00,0x00,0x00,0x00,0x00,0x00,0x00,0x00,0x00,0x03,0x00,0x00,0x00,
    0x01,0x00,0x00,0x00,0x0f,0x0f,0x00,0x00,0x00,0x00,0x00,0x00,0x00,0x00,0x00,0x00,0xf4,0x01,0x00,0x00,0x01,0x00,0x00,0x00,
    0x00,0x00,0x00,0x00,0x03,0x00,0x00,0x00,0x02,0x00,0x00,0x00,0x0f,0x0f,0x00,0x00,0x00,0x00,0x00,0x00,0x00,0x00,0x00,0x00,
    0xf4,0x01,0x00,0x00,0x02,0x00,0x00,0x00,0x00,0x00,0x00,0x00,0x03,0x00,0x00,0x00,0x03,0x00,0x00,0x00,0x0f,0x0f,0x00,0x00,
    0x00,0x00,0x00,0x00,0x00,0x00,0x00,0x00,0xf4,0x01,0x00,0x00,0x03,0x00,0x00,0x00,0x00,0x00,0x00,0x00,0x03,0x00,0x00,0x00,
    0x04,0x00,0x00,0x00,0x0f,0x0f,0x00,0x00,0x00,0x00,0x00,0x00,0x00,0x00,0x00,0x00,0xf4,0x01,0x00,0x00,0x04,0x00,0x00,0x00,
    0x00,0x00,0x00,0x00,0x03,0x00,0x00,0x00,0x05,0x00,0x00,0x00,0x0f,0x0f,0x00,0x00,0x00,0x00,0x00,0x00,0x00,0x00,0x00,0x00,
    0xf4,0x01,0x00,0x00,0x05,0x00,0x00,0x00,0x00,0x00,0x00,0x00,0x03,0x00,0x00,0x00,0x06,0x00,0x00,0x00,0x0f,0x0f,0x00,0x00,
    0x00,0x00,0x00,0x00,0x00,0x00,0x00,0x00,0xf4,0x01,0x00,0x00,0x06,0x00,0x00,0x00,0x00,0x00,0x00,0x00,0x03,0x00,0x00,0x00,
    0x07,0x00,0x00,0x00,0x0f,0x0f,0x00,0x00,0x00,0x00,0x00,0x00,0x00,0x00,0x00,0x00,0xf4,0x01,0x00,0x00,0x07,0x00,0x00,0x00,
    0x00,0x00,0x00,0x00,0x03,0x00,0x00,0x00,0x08,0x00,0x00,0x00,0x0f,0x0f,0x00,0x00,0x00,0x00,0x00,0x00,0x00,0x00,0x00,0x00,
    0xf4,0x01,0x00,0x00,0x08,0x00,0x00,0x00,0x00,0x00,0x00,0x00,0x03,0x00,0x00,0x00,0x09,0x00,0x00,0x00,0x0f,0x0f,0x00,0x00,
    0x00,0x00,0x00,0x00,0x00,0x00,0x00,0x00,0xf4,0x01,0x00,0x00,0x09,0x00,0x00,0x00,0x00,0x00,0x00,0x00,0x03,0x00,0x00,0x00,
    0x0a,0x00,0x00,0x00,0x0f,0x0f,0x00,0x00,0x00,0x00,0x00,0x00,0x00,0x00,0x00,0x00,0xf4,0x01,0x00,0x00,0x0a,0x00,0x00,0x00,
    0x00,0x00,0x00,0x00,0x03,0x00,0x00,0x00,0x0b,0x00,0x00,0x00,0x0f,0x0f,0x00,0x00,0x00,0x00,0x00,0x00,0x00,0x00,0x00,0x00,
    0xf4,0x01,0x00,0x00,0x0b,0x00,0x00,0x00,0x00,0x00,0x00,0x00,0x03,0x00,0x00,0x00,0x0c,0x00,0x00,0x00,0x0f,0x0f,0x00,0x00,
    0x00,0x00,0x00,0x00,0x00,0x00,0x00,0x00,0xf4,0x01,0x00,0x00,0x0c,0x00,0x00,0x00,0x00,0x00,0x00,0x00,0x03,0x00,0x00,0x00,
    0x0d,0x00,0x00,0x00,0x0f,0x0d,0x00,0x00,0x00,0x00,0x00,0x00,0x00,0x00,0x00,0x00,0xf4,0x01,0x00,0x00,0x0d,0x00,0x00,0x00,
    0x00,0x00,0x00,0x00,0x03,0x00,0x00,0x00,0x0e,0x00,0x00,0x00,0x03,0x03,0x00,0x00,0x00,0x00,0x00,0x00,0x53,0x56,0x5f,0x50,
    0x6f,0x73,0x69,0x74,0x69,0x6f,0x6e,0x00,0x54,0x45,0x58,0x43,0x4f,0x4f,0x52,0x44,0x00,0x00,0x00,0x00,0x4f,0x53,0x47,0x31,
    0x34,0x00,0x00,0x00,0x01,0x00,0x00,0x00,0x08,0x00,0x00,0x00,0x00,0x00,0x00,0x00,0x28,0x00,0x00,0x00,0x00,0x00,0x00,0x00,
    0x40,0x00,0x00,0x00,0x03,0x00,0x00,0x00,0x00,0x00,0x00,0x00,0x0f,0x00,0x00,0x00,0x00,0x00,0x00,0x00,0x53,0x56,0x5f,0x54,
    0x61,0x72,0x67,0x65,0x74,0x00,0x00,0x00,0x50,0x53,0x56,0x30,0x28,0x06,0x00,0x00,0x34,0x00,0x00,0x00,0x00,0x00,0x00,0x00,
    0x00,0x00,0x00,0x00,0x00,0x00,0x00,0x00,0x00,0x00,0x00,0x00,0x00,0x00,0x00,0x00,0xff,0xff,0xff,0xff,0x00,0x00,0x00,0x00,
    0x0f,0x01,0x00,0x0f,0x01,0x00,0x00,0x00,0x00,0x00,0x00,0x00,0x00,0x00,0x00,0x00,0x00,0x00,0x00,0x00,0x7f,0x00,0x00,0x00,
    0x22,0x00,0x00,0x00,0x18,0x00,0x00,0x00,0x02,0x00,0x00,0x00,0x03,0x00,0x00,0x00,0x00,0x00,0x00,0x00,0x00,0x00,0x00,0x00,
    0x0d,0x00,0x00,0x00,0x00,0x00,0x00,0x00,0x02,0x00,0x00,0x00,0x03,0x00,0x00,0x00,0x01,0x00,0x00,0x00,0x01,0x00,0x00,0x00,
    0x0d,0x00,0x00,0x00,0x00,0x00,0x00,0x00,0x01,0x00,0x00,0x00,0x02,0x00,0x00,0x00,0x00,0x00,0x00,0x00,0x00,0x00,0x00,0x00,
    0x0e,0x00,0x00,0x00,0x00,0x00,0x00,0x00,0x01,0x00,0x00,0x00,0x02,0x00,0x00,0x00,0x01,0x00,0x00,0x00,0x01,0x00,0x00,0x00,
    0x0e,0x00,0x00,0x00,0x00,0x00,0x00,0x00,0x01,0x00,0x00,0x00,0x02,0x00,0x00,0x00,0x02,0x00,0x00,0x00,0x02,0x00,0x00,0x00,
    0x0e,0x00,0x00,0x00,0x00,0x00,0x00,0x00,0x01,0x00,0x00,0x00,0x02,0x00,0x00,0x00,0x03,0x00,0x00,0x00,0x03,0x00,0x00,0x00,
    0x0e,0x00,0x00,0x00,0x00,0x00,0x00,0x00,0x01,0x00,0x00,0x00,0x02,0x00,0x00,0x00,0x04,0x00,0x00,0x00,0x04,0x00,0x00,0x00,
    0x0e,0x00,0x00,0x00,0x00,0x00,0x00,0x00,0x01,0x00,0x00,0x00,0x02,0x00,0x00,0x00,0x05,0x00,0x00,0x00,0x05,0x00,0x00,0x00,
    0x0e,0x00,0x00,0x00,0x00,0x00,0x00,0x00,0x01,0x00,0x00,0x00,0x02,0x00,0x00,0x00,0x06,0x00,0x00,0x00,0x06,0x00,0x00,0x00,
    0x0e,0x00,0x00,0x00,0x00,0x00,0x00,0x00,0x01,0x00,0x00,0x00,0x02,0x00,0x00,0x00,0x07,0x00,0x00,0x00,0x07,0x00,0x00,0x00,
    0x0e,0x00,0x00,0x00,0x00,0x00,0x00,0x00,0x01,0x00,0x00,0x00,0x02,0x00,0x00,0x00,0x08,0x00,0x00,0x00,0x08,0x00,0x00,0x00,
    0x0e,0x00,0x00,0x00,0x00,0x00,0x00,0x00,0x01,0x00,0x00,0x00,0x02,0x00,0x00,0x00,0x09,0x00,0x00,0x00,0x09,0x00,0x00,0x00,
    0x0e,0x00,0x00,0x00,0x00,0x00,0x00,0x00,0x01,0x00,0x00,0x00,0x02,0x00,0x00,0x00,0x0a,0x00,0x00,0x00,0x0a,0x00,0x00,0x00,
    0x0e,0x00,0x00,0x00,0x00,0x00,0x00,0x00,0x01,0x00,0x00,0x00,0x02,0x00,0x00,0x00,0x0b,0x00,0x00,0x00,0x0b,0x00,0x00,0x00,
    0x0e,0x00,0x00,0x00,0x00,0x00,0x00,0x00,0x01,0x00,0x00,0x00,0x02,0x00,0x00,0x00,0x0c,0x00,0x00,0x00,0x0c,0x00,0x00,0x00,
    0x0e,0x00,0x00,0x00,0x00,0x00,0x00,0x00,0x01,0x00,0x00,0x00,0x02,0x00,0x00,0x00,0x0d,0x00,0x00,0x00,0x0d,0x00,0x00,0x00,
    0x0e,0x00,0x00,0x00,0x00,0x00,0x00,0x00,0x01,0x00,0x00,0x00,0x02,0x00,0x00,0x00,0x0e,0x00,0x00,0x00,0x0e,0x00,0x00,0x00,
    0x0e,0x00,0x00,0x00,0x00,0x00,0x00,0x00,0x01,0x00,0x00,0x00,0x02,0x00,0x00,0x00,0x0f,0x00,0x00,0x00,0x0f,0x00,0x00,0x00,
    0x0e,0x00,0x00,0x00,0x00,0x00,0x00,0x00,0x03,0x00,0x00,0x00,0x02,0x00,0x00,0x00,0x00,0x00,0x00,0x00,0x00,0x00,0x00,0x00,
    0x02,0x00,0x00,0x00,0x00,0x00,0x00,0x00,0x03,0x00,0x00,0x00,0x02,0x00,0x00,0x00,0x01,0x00,0x00,0x00,0x01,0x00,0x00,0x00,
    0x02,0x00,0x00,0x00,0x00,0x00,0x00,0x00,0x03,0x00,0x00,0x00,0x02,0x00,0x00,0x00,0x02,0x00,0x00,0x00,0x02,0x00,0x00,0x00,
    0x02,0x00,0x00,0x00,0x00,0x00,0x00,0x00,0x03,0x00,0x00,0x00,0x02,0x00,0x00,0x00,0x03,0x00,0x00,0x00,0x03,0x00,0x00,0x00,
    0x02,0x00,0x00,0x00,0x00,0x00,0x00,0x00,0x03,0x00,0x00,0x00,0x02,0x00,0x00,0x00,0x04,0x00,0x00,0x00,0x04,0x00,0x00,0x00,
    0x02,0x00,0x00,0x00,0x00,0x00,0x00,0x00,0x03,0x00,0x00,0x00,0x02,0x00,0x00,0x00,0x05,0x00,0x00,0x00,0x05,0x00,0x00,0x00,
    0x02,0x00,0x00,0x00,0x00,0x00,0x00,0x00,0x03,0x00,0x00,0x00,0x02,0x00,0x00,0x00,0x06,0x00,0x00,0x00,0x06,0x00,0x00,0x00,
    0x02,0x00,0x00,0x00,0x00,0x00,0x00,0x00,0x03,0x00,0x00,0x00,0x02,0x00,0x00,0x00,0x07,0x00,0x00,0x00,0x07,0x00,0x00,0x00,
    0x02,0x00,0x00,0x00,0x00,0x00,0x00,0x00,0x03,0x00,0x00,0x00,0x02,0x00,0x00,0x00,0x08,0x00,0x00,0x00,0x08,0x00,0x00,0x00,
    0x05,0x00,0x00,0x00,0x00,0x00,0x00,0x00,0x03,0x00,0x00,0x00,0x02,0x00,0x00,0x00,0x09,0x00,0x00,0x00,0x09,0x00,0x00,0x00,
    0x05,0x00,0x00,0x00,0x00,0x00,0x00,0x00,0x03,0x00,0x00,0x00,0x02,0x00,0x00,0x00,0x0a,0x00,0x00,0x00,0x0a,0x00,0x00,0x00,
    0x05,0x00,0x00,0x00,0x00,0x00,0x00,0x00,0x03,0x00,0x00,0x00,0x02,0x00,0x00,0x00,0x0b,0x00,0x00,0x00,0x0b,0x00,0x00,0x00,
    0x05,0x00,0x00,0x00,0x00,0x00,0x00,0x00,0x03,0x00,0x00,0x00,0x02,0x00,0x00,0x00,0x0c,0x00,0x00,0x00,0x0c,0x00,0x00,0x00,
    0x04,0x00,0x00,0x00,0x00,0x00,0x00,0x00,0x03,0x00,0x00,0x00,0x02,0x00,0x00,0x00,0x0d,0x00,0x00,0x00,0x0d,0x00,0x00,0x00,
    0x04,0x00,0x00,0x00,0x00,0x00,0x00,0x00,0x03,0x00,0x00,0x00,0x02,0x00,0x00,0x00,0x0e,0x00,0x00,0x00,0x0e,0x00,0x00,0x00,
    0x04,0x00,0x00,0x00,0x00,0x00,0x00,0x00,0x03,0x00,0x00,0x00,0x02,0x00,0x00,0x00,0x0f,0x00,0x00,0x00,0x0f,0x00,0x00,0x00,
    0x04,0x00,0x00,0x00,0x00,0x00,0x00,0x00,0x84,0x00,0x00,0x00,0x00,0x54,0x45,0x58,0x43,0x4f,0x4f,0x52,0x44,0x00,0x54,0x45,
    0x58,0x43,0x4f,0x4f,0x52,0x44,0x00,0x54,0x45,0x58,0x43,0x4f,0x4f,0x52,0x44,0x00,0x54,0x45,0x58,0x43,0x4f,0x4f,0x52,0x44,
    0x00,0x54,0x45,0x58,0x43,0x4f,0x4f,0x52,0x44,0x00,0x54,0x45,0x58,0x43,0x4f,0x4f,0x52,0x44,0x00,0x54,0x45,0x58,0x43,0x4f,
    0x4f,0x52,0x44,0x00,0x54,0x45,0x58,0x43,0x4f,0x4f,0x52,0x44,0x00,0x54,0x45,0x58,0x43,0x4f,0x4f,0x52,0x44,0x00,0x54,0x45,
    0x58,0x43,0x4f,0x4f,0x52,0x44,0x00,0x54,0x45,0x58,0x43,0x4f,0x4f,0x52,0x44,0x00,0x54,0x45,0x58,0x43,0x4f,0x4f,0x52,0x44,
    0x00,0x54,0x45,0x58,0x43,0x4f,0x4f,0x52,0x44,0x00,0x54,0x45,0x58,0x43,0x4f,0x4f,0x52,0x44,0x00,0x6d,0x61,0x69,0x6e,0x00,
    0x0e,0x00,0x00,0x00,0x00,0x00,0x00,0x00,0x01,0x00,0x00,0x00,0x02,0x00,0x00,0x00,0x03,0x00,0x00,0x00,0x04,0x00,0x00,0x00,
    0x05,0x00,0x00,0x00,0x06,0x00,0x00,0x00,0x07,0x00,0x00,0x00,0x08,0x00,0x00,0x00,0x09,0x00,0x00,0x00,0x0a,0x00,0x00,0x00,
    0x0b,0x00,0x00,0x00,0x0c,0x00,0x00,0x00,0x0d,0x00,0x00,0x00,0x10,0x00,0x00,0x00,0x00,0x00,0x00,0x00,0x00,0x00,0x00,0x00,
    0x01,0x00,0x44,0x03,0x03,0x04,0x00,0x00,0x01,0x00,0x00,0x00,0x00,0x00,0x00,0x00,0x01,0x01,0x44,0x00,0x03,0x02,0x00,0x00,
    0x0a,0x00,0x00,0x00,0x01,0x00,0x00,0x00,0x01,0x02,0x44,0x00,0x03,0x02,0x00,0x00,0x13,0x00,0x00,0x00,0x02,0x00,0x00,0x00,
    0x01,0x03,0x44,0x00,0x03,0x01,0x00,0x00,0x1c,0x00,0x00,0x00,0x03,0x00,0x00,0x00,0x01,0x04,0x44,0x00,0x03,0x01,0x00,0x00,
    0x25,0x00,0x00,0x00,0x04,0x00,0x00,0x00,0x01,0x05,0x44,0x00,0x03,0x02,0x00,0x00,0x2e,0x00,0x00,0x00,0x05,0x00,0x00,0x00,
    0x01,0x06,0x44,0x00,0x03,0x02,0x00,0x00,0x37,0x00,0x00,0x00,0x06,0x00,0x00,0x00,0x01,0x07,0x44,0x00,0x03,0x02,0x00,0x00,
    0x40,0x00,0x00,0x00,0x07,0x00,0x00,0x00,0x01,0x08,0x44,0x00,0x03,0x02,0x00,0x00,0x49,0x00,0x00,0x00,0x08,0x00,0x00,0x00,
    0x01,0x09,0x44,0x00,0x03,0x02,0x00,0x00,0x52,0x00,0x00,0x00,0x09,0x00,0x00,0x00,0x01,0x0a,0x44,0x00,0x03,0x02,0x00,0x00,
    0x5b,0x00,0x00,0x00,0x0a,0x00,0x00,0x00,0x01,0x0b,0x44,0x00,0x03,0x02,0x00,0x00,0x64,0x00,0x00,0x00,0x0b,0x00,0x00,0x00,
    0x01,0x0c,0x44,0x00,0x03,0x02,0x00,0x00,0x6d,0x00,0x00,0x00,0x0c,0x00,0x00,0x00,0x01,0x0d,0x44,0x00,0x03,0x02,0x00,0x00,
    0x76,0x00,0x00,0x00,0x0d,0x00,0x00,0x00,0x01,0x0e,0x42,0x00,0x03,0x02,0x00,0x00,0x00,0x00,0x00,0x00,0x00,0x00,0x00,0x00,
    0x01,0x00,0x44,0x10,0x03,0x00,0x00,0x00,0x00,0x00,0x00,0x00,0x00,0x00,0x00,0x00,0x00,0x00,0x00,0x00,0x08,0x00,0x00,0x00,
    0x0f,0x00,0x00,0x00,0x0f,0x00,0x00,0x00,0x0f,0x00,0x00,0x00,0x0f,0x00,0x00,0x00,0x0f,0x00,0x00,0x00,0x0f,0x00,0x00,0x00,
    0x0f,0x00,0x00,0x00,0x0f,0x00,0x00,0x00,0x0f,0x00,0x00,0x00,0x0f,0x00,0x00,0x00,0x0f,0x00,0x00,0x00,0x0f,0x00,0x00,0x00,
    0x0f,0x00,0x00,0x00,0x0f,0x00,0x00,0x00,0x0f,0x00,0x00,0x00,0x0f,0x00,0x00,0x00,0x0f,0x00,0x00,0x00,0x0f,0x00,0x00,0x00,
    0x0f,0x00,0x00,0x00,0x0f,0x00,0x00,0x00,0x0f,0x00,0x00,0x00,0x0f,0x00,0x00,0x00,0x0f,0x00,0x00,0x00,0x0f,0x00,0x00,0x00,
    0x0f,0x00,0x00,0x00,0x0f,0x00,0x00,0x00,0x0f,0x00,0x00,0x00,0x0f,0x00,0x00,0x00,0x0f,0x00,0x00,0x00,0x0f,0x00,0x00,0x00,
    0x0f,0x00,0x00,0x00,0x0f,0x00,0x00,0x00,0x0f,0x00,0x00,0x00,0x0f,0x00,0x00,0x00,0x0f,0x00,0x00,0x00,0x0f,0x00,0x00,0x00,
    0x0f,0x00,0x00,0x00,0x0f,0x00,0x00,0x00,0x0f,0x00,0x00,0x00,0x0f,0x00,0x00,0x00,0x0f,0x00,0x00,0x00,0x0f,0x00,0x00,0x00,
    0x0f,0x00,0x00,0x00,0x0f,0x00,0x00,0x00,0x0f,0x00,0x00,0x00,0x0f,0x00,0x00,0x00,0x0f,0x00,0x00,0x00,0x0f,0x00,0x00,0x00,
    0x0f,0x00,0x00,0x00,0x00,0x00,0x00,0x00,0x07,0x00,0x00,0x00,0x07,0x00,0x00,0x00,0x08,0x00,0x00,0x00,0x08,0x00,0x00,0x00,
    0x00,0x00,0x00,0x00,0x00,0x00,0x00,0x00,0x53,0x54,0x41,0x54,0xd8,0x10,0x00,0x00,0x60,0x00,0x00,0x00,0x36,0x04,0x00,0x00,
    0x44,0x58,0x49,0x4c,0x00,0x01,0x00,0x00,0x10,0x00,0x00,0x00,0xc0,0x10,0x00,0x00,0x42,0x43,0xc0,0xde,0x21,0x0c,0x00,0x00,
    0x2d,0x04,0x00,0x00,0x0b,0x82,0x20,0x00,0x02,0x00,0x00,0x00,0x13,0x00,0x00,0x00,0x07,0x81,0x23,0x91,0x41,0xc8,0x04,0x49,
    0x06,0x10,0x32,0x39,0x92,0x01,0x84,0x0c,0x25,0x05,0x08,0x19,0x1e,0x04,0x8b,0x62,0x80,0x1c,0x45,0x02,0x42,0x92,0x0b,0x42,
    0xe4,0x10,0x32,0x14,0x38,0x08,0x18,0x4b,0x0a,0x32,0x72,0x88,0x48,0x90,0x14,0x20,0x43,0x46,0x88,0xa5,0x00,0x19,0x32,0x42,
    0xe4,0x48,0x0e,0x90,0x91,0x23,0xc4,0x50,0x41,0x51,0x81,0x8c,0xe1,0x83,0xe5,0x8a,0x04,0x39,0x46,0x06,0x51,0x18,0x00,0x00,
    0x08,0x00,0x00,0x00,0x1b,0x8c,0xe0,0xff,0xff,0xff,0xff,0x07,0x40,0x02,0xa8,0x0d,0x84,0xf0,0xff,0xff,0xff,0xff,0x03,0x20,
    0x6d,0x30,0x86,0xff,0xff,0xff,0xff,0x1f,0x00,0x09,0xa8,0x00,0x49,0x18,0x00,0x00,0x03,0x00,0x00,0x00,0x13,0x82,0x60,0x42,
    0x20,0x4c,0x08,0x06,0x00,0x00,0x00,0x00,0x89,0x20,0x00,0x00,0xc3,0x00,0x00,0x00,0x32,0x22,0xc8,0x09,0x20,0x64,0x85,0x04,
    0x93,0x23,0xa4,0x84,0x04,0x93,0x23,0xe3,0x84,0xa1,0x90,0x14,0x12,0x4c,0x8e,0x8c,0x0b,0x84,0xe4,0x4c,0x10,0x94,0xc2,0x08,
    0x40,0x09,0x00,0x14,0x98,0x01,0x98,0x23,0x00,0x83,0x39,0x02,0xa4,0x18,0x03,0x02,0x81,0x50,0x20,0x90,0xa1,0x18,0x00,0x02,
    0x81,0x50,0x18,0x10,0x62,0x8e,0x20,0x28,0x03,0x80,0xa0,0xa0,0x45,0x21,0x06,0x84,0xc1,0x80,0x1a,0x65,0x18,0x10,0x06,0xf4,
    0x28,0xc6,0x80,0x30,0x18,0x0c,0x06,0x14,0xb9,0x69,0xb8,0xfc,0x09,0x7b,0x08,0xc9,0x5f,0x09,0x69,0x25,0x26,0xbf,0xb8,0x6d,
    0x54,0x0c,0x06,0x83,0x01,0x81,0x0a,0xf7,0x0c,0x97,0x3f,0x61,0x0f,0x21,0xf9,0x21,0xd0,0x0c,0x0b,0x81,0x02,0x4a,0x69,0x26,
    0x84,0x4a,0x65,0x30,0x18,0x0c,0x08,0x04,0xc2,0x60,0x40,0x96,0xc2,0x4c,0x08,0x95,0xca,0x60,0x30,0x18,0x10,0x08,0x84,0x01,
    0x61,0x6e,0x1a,0x2e,0x7f,0xc2,0x1e,0x42,0xf2,0x3b,0x84,0x21,0x1a,0x09,0x71,0x1a,0x09,0x11,0x04,0x02,0x81,0x50,0x08,0x0d,
    0xa1,0x42,0xa0,0x4d,0x21,0x08,0x04,0x02,0x81,0x3a,0x05,0x19,0x10,0x2a,0x95,0xc1,0x60,0xa0,0xa0,0x4f,0x51,0x26,0x84,0x0a,
    0x81,0x40,0x20,0x10,0x08,0x04,0x0a,0x15,0x69,0x42,0xa8,0x54,0x06,0x83,0xc1,0x80,0x40,0x20,0x0c,0x06,0x83,0xc1,0x60,0x30,
    0xa0,0x51,0x41,0x06,0x84,0xc1,0x60,0x30,0x18,0x0c,0xa8,0x74,0xd4,0x70,0xf9,0x13,0xf6,0x10,0x92,0xcf,0x6d,0x54,0xb1,0x12,
    0x93,0x5f,0xdc,0x36,0x22,0x06,0x83,0xc1,0xa0,0x10,0x27,0x42,0x85,0x40,0xa8,0x62,0x54,0x08,0x05,0x02,0x41,0x41,0xaa,0x81,
    0x80,0x99,0xc2,0x60,0x1c,0xd8,0x21,0x1c,0xe6,0x61,0x1e,0xdc,0x80,0x16,0xca,0x01,0x1f,0xe8,0xa1,0x1e,0xe4,0xa1,0x1c,0xe4,
    0x80,0x14,0xf8,0xc0,0x1c,0xd8,0xe1,0x1d,0xc2,0x81,0x1e,0xfc,0x40,0x0f,0xf4,0xa0,0x1d,0xd2,0x01,0x1e,0xe6,0xe1,0x17,0xe8,
    0x21,0x1f,0xe0,0xa1,0x1c,0x50,0x40,0x98,0xc9,0x1a,0x07,0x76,0x08,0x87,0x79,0x98,0x07,0x37,0xa0,0x85,0x72,0xc0,0x07,0x7a,
    0xa8,0x07,0x79,0x28,0x07,0x39,0x20,0x05,0x3e,0x30,0x07,0x76,0x78,0x87,0x70,0xa0,0x07,0x3f,0x40,0xc2,0xa0,0x45,0xae,0x61,
    0x04,0x62,0x98,0xa9,0x0d,0xc6,0x81,0x1d,0xc2,0x61,0x1e,0xe6,0xc1,0x0d,0x68,0xa1,0x1c,0xf0,0x81,0x1e,0xea,0x41,0x1e,0xca,
    0x41,0x0e,0x48,0x81,0x0f,0xec,0xa1,0x1c,0xc6,0x81,0x1e,0xde,0x41,0x1e,0xf8,0xc0,0x1c,0xd8,0xe1,0x1d,0xc2,0x81,0x1e,0xd8,
    0x00,0x0c,0xe8,0xc0,0x0f,0xc0,0xc0,0x0f,0xf4,0x40,0x0f,0xda,0x21,0x1d,0xe0,0x61,0x1e,0x7e,0x81,0x1e,0xf2,0x01,0x1e,0xca,
    0x01,0x05,0x84,0x99,0xc4,0x60,0x1c,0xd8,0x21,0x1c,0xe6,0x61,0x1e,0xdc,0x80,0x16,0xca,0x01,0x1f,0xe8,0xa1,0x1e,0xe4,0xa1,
    0x1c,0xe4,0x80,0x14,0xf8,0xc0,0x1e,0xca,0x61,0x1c,0xe8,0xe1,0x1d,0xe4,0x81,0x0f,0xcc,0x81,0x1d,0xde,0x21,0x1c,0xe8,0x81,
    0x0d,0xc0,0x80,0x0e,0xfc,0x00,0x0c,0xfc,0x00,0x09,0xb0,0x18,0xc9,0x66,0x22,0x83,0x71,0x60,0x87,0x70,0x98,0x87,0x79,0x70,
    0x03,0x5a,0x28,0x07,0x7c,0xa0,0x87,0x7a,0x90,0x87,0x72,0x18,0x85,0x7a,0x10,0x87,0x72,0xe0,0x03,0x7b,0x28,0x87,0x71,0xa0,
    0x87,0x77,0x90,0x07,0x3e,0x30,0x07,0x76,0x78,0x87,0x70,0xa0,0x07,0x36,0x00,0x03,0x3a,0xf0,0x03,0x30,0xf0,0x03,0x14,0xc0,
    0x88,0x36,0x53,0x1b,0x8c,0x03,0x3b,0x84,0xc3,0x3c,0xcc,0x83,0x1b,0xd0,0x42,0x39,0xe0,0x03,0x3d,0xd4,0x83,0x3c,0x94,0xc3,
    0x1c,0x90,0x02,0x1f,0xd8,0x43,0x39,0x8c,0x03,0x3d,0xbc,0x83,0x3c,0xf0,0x81,0x39,0xb0,0xc3,0x3b,0x84,0x03,0x3d,0xb0,0x01,
    0x18,0xd0,0x81,0x1f,0x80,0x81,0x1f,0xe8,0x81,0x1e,0xb4,0x43,0x3a,0xc0,0xc3,0x3c,0xfc,0x02,0x3d,0xe4,0x03,0x3c,0x94,0x03,
    0x0a,0x08,0x33,0x89,0xc1,0x38,0xb0,0x43,0x38,0xcc,0xc3,0x3c,0xb8,0x01,0x2d,0x94,0x03,0x3e,0xd0,0x43,0x3d,0xc8,0x43,0x39,
    0xcc,0x01,0x29,0xf0,0x81,0x3d,0x94,0xc3,0x38,0xd0,0xc3,0x3b,0xc8,0x03,0x1f,0x98,0x03,0x3b,0xbc,0x43,0x38,0xd0,0x03,0x1b,
    0x80,0x01,0x1d,0xf8,0x01,0x18,0xf8,0x01,0x12,0x60,0x36,0xba,0x25,0x05,0xec,0x16,0x8e,0xfc,0x22,0xc0,0x60,0x88,0x66,0xa2,
    0x51,0x90,0x23,0x5d,0x42,0xc0,0xb2,0x00,0x76,0x0b,0x47,0x7e,0x11,0x60,0x30,0x44,0x33,0xd5,0xa8,0xe0,0xf1,0x7a,0x3c,0x1e,
    0xf9,0xae,0x93,0xa6,0x88,0x12,0x26,0x9f,0x05,0x98,0x67,0x21,0x22,0xce,0x61,0x1e,0x20,0x42,0x24,0xa7,0x61,0x27,0x60,0x22,
    0x50,0x40,0x20,0xe0,0x4d,0xd2,0x14,0x51,0xc2,0xe4,0xb3,0x00,0xf3,0x2c,0x44,0xc4,0x4e,0xc0,0x44,0xa0,0x80,0x40,0xc2,0xe4,
    0x21,0x00,0x00,0x00,0x13,0x14,0x72,0xc0,0x87,0x74,0x60,0x87,0x36,0x68,0x87,0x79,0x68,0x03,0x72,0xc0,0x87,0x0d,0xaf,0x50,
    0x0e,0x6d,0xd0,0x0e,0x7a,0x50,0x0e,0x6d,0x00,0x0f,0x7a,0x30,0x07,0x72,0xa0,0x07,0x73,0x20,0x07,0x6d,0x90,0x0e,0x71,0xa0,
    0x07,0x73,0x20,0x07,0x6d,0x90,0x0e,0x78,0xa0,0x07,0x73,0x20,0x07,0x6d,0x90,0x0e,0x71,0x60,0x07,0x7a,0x30,0x07,0x72,0xd0,
    0x06,0xe9,0x30,0x07,0x72,0xa0,0x07,0x73,0x20,0x07,0x6d,0x90,0x0e,0x76,0x40,0x07,0x7a,0x60,0x07,0x74,0xd0,0x06,0xe6,0x10,
    0x07,0x76,0xa0,0x07,0x73,0x20,0x07,0x6d,0x60,0x0e,0x73,0x20,0x07,0x7a,0x30,0x07,0x72,0xd0,0x06,0xe6,0x60,0x07,0x74,0xa0,
    0x07,0x76,0x40,0x07,0x6d,0xe0,0x0e,0x78,0xa0,0x07,0x71,0x60,0x07,0x7a,0x30,0x07,0x72,0xa0,0x07,0x76,0x40,0x07,0x43,0x9e,
    0x00,0x08,0x00,0x00,0x00,0x00,0x00,0x00,0x00,0x00,0x00,0x86,0x3c,0x06,0x10,0x00,0x01,0x00,0x00,0x00,0x00,0x00,0x00,0x00,
    0x0c,0x79,0x10,0x20,0x00,0x04,0x00,0x00,0x00,0x00,0x00,0x00,0x00,0x18,0xf2,0x2c,0x40,0x00,0x08,0x00,0x00,0x00,0x00,0x00,
    0x00,0x00,0x30,0xe4,0x69,0x80,0x00,0x08,0x00,0x00,0x00,0x00,0x00,0x00,0x00,0x60,0xc8,0xf3,0x00,0x01,0x10,0x00,0x00,0x00,
    0x00,0x00,0x00,0x00,0xc0,0x90,0x27,0x02,0x02,0x20,0x00,0x00,0x00,0x00,0x00,0x00,0x00,0x80,0x21,0x8f,0x05,0x04,0xc0,0x00,
    0x00,0x00,0x00,0x00,0x00,0x00,0x00,0x43,0x1e,0x0c,0x08,0x80,0x01,0x00,0x00,0x00,0x00,0x00,0x00,0x00,0x86,0x3c,0x1b,0x10,
    0x00,0x03,0x00,0x00,0x00,0x00,0x00,0x00,0x00,0x0c,0x79,0x3a,0x20,0x00,0x02,0x00,0x00,0x00,0x00,0x00,0x00,0x00,0x18,0xf2,
    0x7c,0x40,0x00,0x0c,0x00,0x00,0x00,0x00,0x00,0x00,0x00,0x30,0xe4,0x09,0x03,0x20,0x00,0x06,0x00,0x00,0x00,0x00,0x00,0x00,
    0x00,0x18,0xf2,0x58,0x40,0x00,0x0c,0x00,0x00,0x00,0x00,0x00,0x00,0x00,0x30,0xe4,0x19,0x03,0x20,0x00,0x06,0x00,0x00,0x00,
    0x00,0x00,0x00,0x00,0x18,0xf2,0x94,0x01,0x10,0x00,0x01,0x00,0x00,0x00,0x00,0x00,0x00,0x00,0x0c,0x79,0xd0,0x00,0x08,0x80,
    0x01,0x00,0x00,0x00,0x00,0x00,0x00,0x00,0x86,0x3c,0x6a,0x00,0x04,0xc0,0x00,0x00,0x00,0x00,0x00,0x00,0x00,0x00,0x59,0x20,
    0x2c,0x00,0x00,0x00,0x32,0x1e,0x98,0x1c,0x19,0x11,0x4c,0x90,0x8c,0x09,0x26,0x47,0xc6,0x04,0x43,0x22,0x94,0xc0,0x08,0x40,
    0x31,0x14,0x41,0x49,0x94,0x41,0x21,0x94,0x42,0x39,0x14,0x44,0x51,0x94,0x45,0x61,0x94,0x46,0x71,0x94,0x47,0x01,0x16,0x14,
    0x68,0x44,0x01,0x12,0x14,0x20,0x42,0x81,0x26,0x14,0x68,0x43,0x39,0x16,0x94,0xb6,0x44,0x01,0x03,0x15,0xb3,0x42,0xb1,0x15,
    0x48,0xc1,0x94,0xf4,0x00,0x15,0x4a,0xa2,0x0c,0x0a,0x61,0x04,0xa0,0x08,0x4a,0xa0,0x40,0x48,0x51,0x03,0xf4,0x9a,0x01,0xa0,
    0xd9,0x0c,0x00,0xd5,0x66,0x00,0x08,0x37,0x03,0x40,0xba,0x19,0x00,0xda,0xcd,0x00,0x90,0x6f,0x06,0x80,0x7e,0x33,0x00,0x14,
    0x9c,0x01,0xa0,0xe1,0x0c,0x00,0x11,0xc7,0xe2,0x03,0x3d,0x20,0x00,0x00,0x40,0x9e,0xe7,0x79,0x9e,0xe7,0x79,0x9e,0xe7,0x79,
    0x9e,0xe7,0x79,0x9e,0xe7,0x79,0x9e,0xe7,0x79,0x9e,0xe7,0x79,0x9e,0xe7,0x79,0x9e,0xe7,0x79,0x9e,0xe7,0x79,0x9e,0xe7,0x79,
    0x9e,0xe7,0x79,0x1e,0xe0,0x38,0x10,0x04,0x00,0x00,0x00,0x00,0x79,0x18,0x00,0x00,0x14,0x02,0x00,0x00,0x1a,0x03,0x4c,0x90,
    0x46,0x02,0x13,0xc4,0x31,0x20,0xc3,0x1b,0x43,0x81,0x93,0x4b,0xb3,0x0b,0xa3,0x2b,0x4b,0x01,0x89,0x71,0xc1,0x71,0x81,0x71,
    0xa1,0xb9,0x99,0xc9,0x01,0x41,0x21,0xcb,0x09,0xab,0x29,0xcb,0xb9,0x21,0x83,0x49,0xd9,0x10,0x04,0x13,0x04,0x42,0x9a,0x20,
    0x10,0xd3,0x06,0x61,0x20,0x36,0x08,0x04,0x41,0x01,0x6e,0x6e,0x82,0x40,0x50,0x1b,0x86,0x03,0x21,0x26,0x08,0x6f,0x80,0x07,
    0x54,0xe6,0xbe,0xe8,0xca,0xf0,0xe8,0xea,0xe4,0xca,0x60,0x26,0x08,0x44,0x35,0x41,0x20,0xac,0x0d,0x02,0xd1,0x6c,0x48,0x08,
    0x65,0x61,0x88,0x81,0x21,0x1c,0x2a,0x73,0x5f,0x74,0x65,0x78,0x74,0x75,0x72,0x65,0x31,0x1b,0x92,0x41,0x81,0x98,0x61,0x60,
    0x08,0x67,0x82,0x30,0x07,0x79,0x40,0x65,0xee,0x8b,0xae,0x0c,0x8f,0xae,0x4e,0xae,0x4c,0x66,0x43,0xc2,0x48,0x13,0xc3,0x0c,
    0x0c,0xe1,0x4c,0x10,0x88,0x8b,0xca,0xdc,0x17,0x5d,0x19,0x1e,0x5d,0x9d,0x5c,0xd9,0xcc,0x86,0xa4,0x92,0x2c,0xa6,0x1a,0x18,
    0xc2,0x99,0x20,0x10,0x18,0x95,0xb9,0x2f,0xba,0x32,0x3c,0xba,0x3a,0xb9,0x32,0x9a,0x0d,0x09,0x26,0x65,0x0c,0x36,0x30,0x84,
    0x33,0x41,0x20,0x32,0x2a,0x73,0x5f,0x74,0x65,0x78,0x74,0x75,0x72,0x65,0x35,0x1b,0x92,0x4d,0xe2,0x98,0x6d,0x60,0x08,0x87,
    0xca,0xdc,0x17,0x5d,0x19,0x1e,0x5d,0x9d,0x5c,0x99,0xcd,0x86,0x04,0x91,0x3c,0x06,0x19,0x18,0xc2,0x99,0x20,0x10,0x1a,0x95,
    0xb9,0x2f,0xba,0x32,0x3c,0xba,0x3a,0xb9,0xb2,0x9b,0x0d,0x09,0x18,0x48,0x61,0xc0,0x80,0xc1,0xc0,0x10,0xce,0x04,0x81,0xd8,
    0x26,0x08,0x75,0xa0,0x07,0x74,0xe6,0xbe,0xe8,0xca,0xf0,0xe8,0xea,0xe4,0xca,0x86,0xea,0xc4,0xca,0x60,0x36,0x24,0x63,0x40,
    0x06,0x65,0xc0,0x8c,0xc1,0xb0,0x11,0x0e,0x9d,0xb9,0x2f,0xba,0x32,0x3c,0xba,0x3a,0xb9,0xb2,0xa1,0x3a,0xb1,0xb2,0x98,0x0d,
    0x49,0x43,0x06,0x67,0xc0,0x34,0xc3,0x46,0x38,0x13,0x04,0x82,0xa3,0x33,0xf7,0x45,0x57,0x86,0x47,0x57,0x27,0x57,0x36,0x54,
    0x27,0x56,0x26,0xb3,0x21,0x49,0x03,0x32,0x50,0x03,0x26,0x0d,0x86,0x8d,0x70,0x26,0x08,0x44,0x47,0x67,0xee,0x8b,0xae,0x0c,
    0x8f,0xae,0x4e,0xae,0x6c,0xa8,0x4e,0xac,0x6c,0x66,0x43,0xc2,0x06,0x64,0xd0,0x06,0x0c,0x1b,0x0c,0x1b,0xe1,0x4c,0x10,0x08,
    0x6f,0x82,0x80,0x07,0x7b,0x40,0x68,0xee,0x8b,0xae,0x0c,0x8f,0xae,0x4e,0xae,0xcc,0xea,0x8d,0xad,0xae,0xad,0x0c,0x66,0x43,
    0xf2,0x06,0x70,0x10,0x07,0xcc,0x1b,0x0c,0x18,0xe1,0x4c,0x10,0x88,0x8f,0xd0,0xdc,0x17,0x5d,0x19,0x1e,0x5d,0x9d,0x5c,0x99,
    0xd5,0x1b,0x5b,0x5d,0x5b,0x59,0xcc,0x86,0x64,0x0e,0xe0,0x80,0x0e,0x98,0x39,0x18,0x30,0xc2,0x99,0x20,0x10,0x60,0x40,0x68,
    0xee,0x8b,0xae,0x0c,0x8f,0xae,0x4e,0xae,0xcc,0xea,0x8d,0xad,0xae,0xad,0x4c,0x66,0x43,0x62,0x07,0x70,0x70,0x07,0x8c,0x1d,
    0x0c,0x18,0xe1,0x4c,0x10,0x88,0x30,0x20,0x34,0xf7,0x45,0x57,0x86,0x47,0x57,0x27,0x57,0x66,0xf5,0xc6,0x56,0xd7,0x56,0x36,
    0xb3,0x21,0xc9,0x03,0x38,0xd0,0x03,0x26,0x0f,0x06,0x8c,0x70,0x36,0x40,0x4f,0x44,0x5d,0x5a,0xf7,0x89,0x81,0x19,0xa0,0xc1,
    0x1a,0xb8,0x81,0x1c,0xd4,0x01,0x1e,0xec,0xc1,0x04,0x61,0x0f,0xfa,0x80,0xcb,0xd0,0x92,0x91,0x5c,0xd8,0x59,0x5b,0x99,0x1b,
    0x1d,0xcc,0x04,0x81,0x10,0x83,0x0d,0x08,0xd1,0x07,0x7e,0x50,0x11,0xc3,0x1f,0x00,0x13,0x84,0x3f,0xf8,0x03,0x2e,0x43,0x4b,
    0x46,0x72,0x61,0x67,0x6d,0x65,0x6e,0x74,0x31,0x13,0x04,0x62,0x0c,0x36,0x20,0x43,0x28,0x88,0x42,0x35,0x0c,0xa3,0x00,0x6c,
    0x10,0x40,0x81,0x14,0x26,0x08,0xa1,0x00,0x0a,0x8c,0xe6,0xbe,0xe8,0xca,0xf0,0xe8,0xea,0xe4,0xca,0x60,0xa6,0xc2,0xda,0xe0,
    0xd8,0xca,0xe4,0x36,0x20,0x84,0x29,0x9c,0x02,0x43,0x0c,0x03,0xc0,0x68,0xee,0x8b,0xae,0x0c,0x8f,0xae,0x4e,0xae,0x2c,0x66,
    0x2a,0xac,0x0d,0x8e,0xad,0x4c,0x6e,0x03,0x32,0x98,0x42,0x2a,0x30,0xc3,0x30,0x00,0x13,0x84,0x51,0x08,0x05,0x46,0x73,0x5f,
    0x74,0x65,0x78,0x74,0x75,0x72,0x65,0x32,0x53,0x61,0x6d,0x70,0x6c,0x65,0x72,0x1b,0x10,0x66,0x15,0x58,0x81,0x61,0x06,0x02,
    0x60,0x34,0xf7,0x45,0x57,0x86,0x47,0x57,0x27,0x57,0x36,0x33,0x15,0xd6,0x06,0xc7,0x56,0x26,0xb7,0x01,0xa9,0x56,0xc1,0x15,
    0x98,0x6a,0x20,0x00,0x46,0x73,0x5f,0x74,0x65,0x78,0x74,0x75,0x72,0x65,0x34,0x53,0x61,0x6d,0x70,0x6c,0x65,0x72,0x1b,0x10,
    0x6c,0x15,0x60,0x81,0xc1,0x06,0x02,0x60,0x34,0xf7,0x45,0x57,0x86,0x47,0x57,0x27,0x57,0x56,0x33,0x15,0xd6,0x06,0xc7,0x56,
    0x26,0xb7,0x01,0xd9,0x56,0x41,0x16,0x98,0x6d,0x20,0x00,0x46,0x73,0x5f,0x74,0x65,0x78,0x74,0x75,0x72,0x65,0x36,0x53,0x61,
    0x6d,0x70,0x6c,0x65,0x72,0x1b,0x10,0x64,0x15,0x68,0x81,0x41,0x06,0x02,0x60,0x34,0xf7,0x45,0x57,0x86,0x47,0x57,0x27,0x57,
    0x76,0x33,0x15,0xd6,0x06,0xc7,0x56,0x26,0xb7,0x01,0x01,0x83,0x55,0xb0,0x05,0x06,0x0c,0x06,0x02,0x60,0x35,0xf7,0x45,0x57,
    0x86,0x47,0x57,0x27,0x57,0x36,0x54,0x27,0x56,0x06,0x33,0x15,0xd6,0x06,0xc7,0x56,0x26,0xb7,0x01,0x19,0x83,0x55,0xc0,0x05,
    0x66,0x0c,0x06,0x02,0x60,0x35,0xf7,0x45,0x57,0x86,0x47,0x57,0x27,0x57,0x36,0x54,0x27,0x56,0x16,0x33,0x15,0xd6,0x06,0xc7,
    0x56,0x26,0xb7,0x01,0x69,0x56,0x41,0x17,0x98,0x66,0x20,0x00,0x56,0x73,0x5f,0x74,0x65,0x78,0x74,0x75,0x72,0x65,0x43,0x75,
    0x62,0x65,0x32,0x53,0x61,0x6d,0x70,0x6c,0x65,0x72,0x1b,0x90,0x34,0x58,0x05,0x5e,0x60,0xd2,0x60,0x20,0x00,0x56,0x73,0x5f,
    0x74,0x65,0x78,0x74,0x75,0x72,0x65,0x43,0x75,0x62,0x65,0x33,0x53,0x61,0x6d,0x70,0x6c,0x65,0x72,0x1b,0x10,0x36,0x58,0x05,
    0x5f,0x60,0xd8,0x60,0x20,0x00,0x5e,0x73,0x5f,0x74,0x65,0x78,0x74,0x75,0x72,0x65,0x56,0x6f,0x6c,0x75,0x6d,0x65,0x30,0x53,
    0x61,0x6d,0x70,0x6c,0x65,0x72,0x1b,0x90,0x37,0x58,0x05,0x70,0x60,0xde,0x60,0x20,0x00,0x5e,0x73,0x5f,0x74,0x65,0x78,0x74,
    0x75,0x72,0x65,0x56,0x6f,0x6c,0x75,0x6d,0x65,0x31,0x53,0x61,0x6d,0x70,0x6c,0x65,0x72,0x1b,0x90,0x39,0x58,0x05,0x71,0x60,
    0xe6,0x60,0x20,0x00,0x5e,0x73,0x5f,0x74,0x65,0x78,0x74,0x75,0x72,0x65,0x56,0x6f,0x6c,0x75,0x6d,0x65,0x32,0x53,0x61,0x6d,
    0x70,0x6c,0x65,0x72,0x1b,0x10,0x3b,0x58,0x05,0x72,0x60,0xec,0x60,0x20,0x00,0x5e,0x73,0x5f,0x74,0x65,0x78,0x74,0x75,0x72,
    0x65,0x56,0x6f,0x6c,0x75,0x6d,0x65,0x33,0x53,0x61,0x6d,0x70,0x6c,0x65,0x72,0x1b,0x90,0x3c,0x58,0x05,0x73,0x60,0xf2,0x60,
    0x20,0x80,0x0d,0x10,0x2a,0xa8,0x42,0x2b,0xbc,0x42,0x2c,0xcc,0x42,0x2d,0xdc,0x42,0x2e,0xec,0x42,0x2f,0xfc,0x42,0x38,0x8c,
    0x43,0x39,0x9c,0xc3,0x06,0x82,0x0f,0x80,0x52,0x40,0x87,0x09,0x82,0x1e,0xf0,0x01,0x9d,0xba,0x2f,0x33,0x33,0x22,0xb9,0xb0,
    0x3b,0xa8,0x30,0xb9,0xb0,0xb6,0xb9,0x0d,0x08,0xb2,0x0e,0x15,0x01,0x06,0xcd,0x1c,0x60,0x1b,0x84,0x3f,0x60,0x87,0x09,0x82,
    0x1f,0xf8,0x01,0x93,0xba,0x2f,0xb1,0xba,0x36,0xb8,0x22,0x37,0xbb,0x09,0x82,0x72,0x07,0x1b,0x14,0xe4,0x1d,0x2a,0x02,0x0c,
    0x9a,0x06,0x1e,0xe6,0x00,0x63,0x53,0xf7,0x35,0x47,0x17,0x76,0x56,0x06,0x15,0x26,0x17,0xd6,0x36,0x37,0x41,0x20,0xc8,0x60,
    0x83,0x82,0xc8,0x43,0x35,0x0f,0x60,0xd0,0x34,0xf0,0x30,0x07,0x18,0x97,0xba,0x2f,0x33,0x33,0x28,0xb9,0xb7,0x33,0xb9,0xb0,
    0xb6,0x09,0x02,0x51,0x06,0x1b,0x14,0xa4,0x1e,0x2a,0x7b,0x00,0x83,0xa6,0x81,0x87,0x39,0xc0,0xe8,0x8c,0xad,0x7d,0x89,0xbd,
    0xc9,0x91,0x95,0xc9,0x0d,0xbd,0xb1,0xbd,0xc9,0x4d,0x10,0x08,0x33,0xd8,0xa0,0x20,0xf8,0x50,0xe5,0x03,0x18,0x34,0x0d,0x3c,
    0xcc,0x01,0x46,0x67,0x6c,0xed,0x6b,0x2e,0xac,0x0d,0x8e,0xad,0x4c,0x2e,0xc9,0xcd,0xec,0x6d,0x82,0x40,0x9c,0xc1,0x06,0x05,
    0xd9,0x87,0x8a,0x1f,0xc0,0xa0,0x69,0xe0,0x61,0x0e,0xb0,0x0d,0xc6,0x28,0xc4,0x03,0x3d,0xdc,0x83,0x3e,0xf4,0xc3,0x86,0x82,
    0x50,0x87,0x76,0x70,0x07,0x7f,0x98,0x20,0x08,0xc0,0x06,0x60,0xc3,0x40,0x84,0x44,0x48,0x6c,0x08,0x44,0x62,0xc3,0x30,0x80,
    0xc4,0x48,0x4c,0x10,0x48,0x41,0x14,0x36,0x04,0x25,0x41,0xa2,0x2d,0x2c,0xcd,0x8d,0xcb,0x94,0xd5,0x17,0xd4,0xdb,0x5c,0x1a,
    0x5d,0xda,0x9b,0xdb,0x04,0xa1,0x80,0x83,0x09,0x42,0x11,0x07,0x1b,0x02,0x62,0x82,0x50,0xc8,0xc1,0x04,0xa1,0x98,0x83,0x0d,
    0x42,0x35,0x06,0x1b,0x16,0x02,0x25,0x52,0x42,0x25,0x56,0x82,0x25,0x06,0x96,0x20,0x5a,0xc2,0x25,0x88,0x50,0x15,0x61,0x0d,
    0x3d,0x3d,0x49,0x11,0x4d,0x10,0x0a,0x3a,0xd8,0x20,0x54,0x79,0xb0,0x61,0x19,0x60,0x22,0x25,0x5a,0x62,0x25,0x62,0x62,0x60,
    0x89,0xa1,0x25,0x64,0x62,0x43,0x30,0x6c,0x58,0x18,0x98,0x48,0x89,0x96,0xa0,0x89,0x98,0x18,0x58,0x82,0x69,0x09,0x99,0xd8,
    0x10,0x30,0x13,0x84,0xa2,0x0e,0x36,0x2c,0x15,0x4c,0xa4,0x44,0x4b,0xd8,0xc4,0x4d,0x0c,0x2c,0x51,0xb5,0x84,0x4c,0x6c,0x08,
    0xaa,0x0d,0x0b,0x06,0x13,0x29,0xd1,0x12,0x39,0x71,0x13,0x03,0x4b,0x60,0x2d,0x21,0x13,0x1b,0x02,0x6c,0xc3,0xb2,0xc1,0x44,
    0x4a,0xb4,0xc4,0x4e,0xc4,0xc4,0xc0,0x12,0x5b,0x4b,0xc8,0xc4,0x86,0x60,0xdb,0xb0,0x20,0x30,0x91,0x12,0x2d,0xd1,0x13,0x31,
    0x31,0xb0,0x04,0xd2,0x12,0x32,0xb1,0x21,0x40,0x36,0x2c,0x60,0x00,0x13,0x29,0xd1,0x12,0x3f,0x11,0x13,0x03,0x4b,0x80,0x41,
    0x4b,0xc8,0xc4,0x86,0x00,0x0c,0x36,0x2c,0x63,0x00,0x13,0x29,0xd1,0x12,0x61,0x11,0x13,0x03,0x4b,0x8c,0x41,0x4b,0xc8,0xc4,
    0x86,0x60,0x0c,0x36,0x2c,0x0d,0x4c,0xa4,0x44,0x4b,0x8c,0x45,0x4c,0x0c,0x2c,0xd1,0xb4,0x84,0x4c,0x6c,0x08,0x9a,0x0d,0x4b,
    0x1a,0xc0,0x44,0x4a,0xb4,0x44,0x59,0xc4,0xc4,0xc0,0x12,0x69,0xd0,0x12,0x32,0xb1,0x21,0x48,0x83,0x0d,0x0b,0x1b,0xc0,0x44,
    0x4a,0xb4,0xc4,0x59,0xc4,0xc4,0xc0,0x12,0x6c,0xd0,0x12,0x32,0xb1,0x21,0x60,0x83,0x0d,0xcb,0x1b,0xc0,0x44,0x4a,0xb4,0x44,
    0x5a,0xc4,0xc4,0xc0,0x12,0x6f,0xd0,0x12,0x32,0xb1,0x21,0x78,0x83,0x0d,0x42,0x35,0x07,0x1b,0x96,0x39,0x80,0x89,0x94,0x68,
    0x89,0xb5,0x88,0x89,0x81,0x25,0xe6,0xa0,0x25,0xd8,0x62,0x43,0x30,0x07,0x1b,0x84,0xaa,0xda,0xb0,0xd8,0x01,0x4c,0xa4,0x44,
    0x4b,0xb8,0x45,0x4c,0x0c,0x31,0x61,0x07,0x2d,0xf1,0x16,0x1b,0x9e,0x97,0x98,0x89,0x9a,0xc0,0x09,0x9d,0xe0,0x09,0x9f,0x00,
    0x0b,0xb1,0x20,0x0b,0xb3,0x40,0x0b,0xb5,0x68,0x0b,0xb8,0x60,0x32,0x65,0xf5,0x45,0x15,0x26,0x77,0x56,0x46,0x37,0x41,0x28,
    0xec,0x60,0xc3,0x42,0xc8,0x45,0x4a,0xcc,0xc5,0x4a,0xb4,0xc4,0xc0,0x12,0x44,0x4b,0xc8,0xc4,0x86,0x80,0x2e,0x36,0x0c,0x71,
    0x51,0x17,0xc0,0x86,0x02,0x24,0x4e,0xc2,0x2e,0xd2,0x01,0x20,0x22,0x26,0x17,0xe6,0x36,0x86,0x56,0x36,0x37,0x41,0x20,0xd0,
    0x80,0x86,0x19,0xdb,0x5b,0x18,0xdd,0xdc,0x04,0x81,0x48,0x03,0x16,0x69,0x6e,0x73,0x74,0x73,0x13,0x04,0x42,0x0d,0x48,0xa4,
    0xb9,0xd1,0xcd,0x4d,0x10,0x88,0x35,0xa0,0x31,0x97,0x76,0xf6,0xc5,0x46,0x36,0x41,0x20,0xd8,0x80,0xc6,0x5c,0xda,0xd9,0xd7,
    0x1c,0x1d,0x11,0xba,0x32,0xbc,0x2f,0xb1,0xb4,0xb0,0x39,0x1e,0x74,0x65,0x78,0x5f,0x63,0x6d,0x70,0x44,0xe8,0xca,0xf0,0xbe,
    0xce,0xe4,0xc2,0xc8,0x88,0xd0,0x95,0xe1,0x7d,0xb1,0xbd,0x85,0x91,0x4d,0x10,0x88,0x36,0x20,0x42,0x57,0x86,0xf7,0xe5,0xf6,
    0x26,0xd7,0x36,0x41,0x20,0xdc,0x80,0x45,0x5d,0x9a,0x1b,0xdd,0xdc,0x04,0x81,0x78,0x83,0x0d,0x18,0x5e,0xe4,0x85,0x5e,0xec,
    0x05,0x5f,0xf4,0x85,0x5f,0xfc,0x05,0x68,0x84,0x86,0x68,0x60,0xa3,0x61,0x07,0xa4,0xc1,0x94,0x06,0x62,0x1a,0xa7,0x81,0x1a,
    0xa9,0xa1,0x1a,0xab,0x51,0x85,0x8d,0xcd,0xae,0xcd,0x25,0x8d,0xac,0xcc,0x8d,0x6e,0x4a,0x10,0x54,0x21,0xc3,0x73,0xb1,0x2b,
    0x93,0x9b,0x4b,0x7b,0x73,0x9b,0x12,0x10,0x4d,0xc8,0xf0,0x5c,0xec,0xc2,0xd8,0xec,0xca,0xe4,0xa6,0x04,0x45,0x1d,0x32,0x3c,
    0x97,0x39,0xb4,0x30,0xb2,0x32,0xb9,0xa6,0x37,0xb2,0x32,0xb6,0x29,0x01,0x52,0x86,0x0c,0xcf,0x45,0xae,0x6c,0xee,0xad,0x4e,
    0x6e,0xac,0x6c,0x6e,0x4a,0x80,0x0e,0x95,0xc8,0xf0,0x5c,0xe8,0xf2,0xe0,0xca,0x82,0xdc,0xdc,0xde,0xe8,0xc2,0xe8,0xd2,0xde,
    0xdc,0xe6,0xa6,0x08,0xfe,0x30,0x12,0x75,0xc8,0xf0,0x5c,0xec,0xd2,0xca,0xee,0x92,0xc8,0xa6,0xe8,0xc2,0xe8,0xca,0xa6,0x04,
    0x25,0x51,0x87,0x0c,0xcf,0xa5,0xcc,0x8d,0x4e,0x2e,0x0f,0xea,0x2d,0xcd,0x8d,0x6e,0x6e,0x4a,0x60,0x17,0x5d,0xc8,0xf0,0x5c,
    0xc6,0xde,0xea,0xdc,0xe8,0xca,0xe4,0xe6,0xa6,0x04,0xab,0x01,0x79,0x18,0x00,0x00,0x55,0x00,0x00,0x00,0x33,0x08,0x80,0x1c,
    0xc4,0xe1,0x1c,0x66,0x14,0x01,0x3d,0x88,0x43,0x38,0x84,0xc3,0x8c,0x42,0x80,0x07,0x79,0x78,0x07,0x73,0x98,0x71,0x0c,0xe6,
    0x00,0x0f,0xed,0x10,0x0e,0xf4,0x80,0x0e,0x33,0x0c,0x42,0x1e,0xc2,0xc1,0x1d,0xce,0xa1,0x1c,0x66,0x30,0x05,0x3d,0x88,0x43,
    0x38,0x84,0x83,0x1b,0xcc,0x03,0x3d,0xc8,0x43,0x3d,0x8c,0x03,0x3d,0xcc,0x78,0x8c,0x74,0x70,0x07,0x7b,0x08,0x07,0x79,0x48,
    0x87,0x70,0x70,0x07,0x7a,0x70,0x03,0x76,0x78,0x87,0x70,0x20,0x87,0x19,0xcc,0x11,0x0e,0xec,0x90,0x0e,0xe1,0x30,0x0f,0x6e,
    0x30,0x0f,0xe3,0xf0,0x0e,0xf0,0x50,0x0e,0x33,0x10,0xc4,0x1d,0xde,0x21,0x1c,0xd8,0x21,0x1d,0xc2,0x61,0x1e,0x66,0x30,0x89,
    0x3b,0xbc,0x83,0x3b,0xd0,0x43,0x39,0xb4,0x03,0x3c,0xbc,0x83,0x3c,0x84,0x03,0x3b,0xcc,0xf0,0x14,0x76,0x60,0x07,0x7b,0x68,
    0x07,0x37,0x68,0x87,0x72,0x68,0x07,0x37,0x80,0x87,0x70,0x90,0x87,0x70,0x60,0x07,0x76,0x28,0x07,0x76,0xf8,0x05,0x76,0x78,
    0x87,0x77,0x80,0x87,0x5f,0x08,0x87,0x71,0x18,0x87,0x72,0x98,0x87,0x79,0x98,0x81,0x2c,0xee,0xf0,0x0e,0xee,0xe0,0x0e,0xf5,
    0xc0,0x0e,0xec,0x30,0x03,0x62,0xc8,0xa1,0x1c,0xe4,0xa1,0x1c,0xcc,0xa1,0x1c,0xe4,0xa1,0x1c,0xdc,0x61,0x1c,0xca,0x21,0x1c,
    0xc4,0x81,0x1d,0xca,0x61,0x06,0xd6,0x90,0x43,0x39,0xc8,0x43,0x39,0x98,0x43,0x39,0xc8,0x43,0x39,0xb8,0xc3,0x38,0x94,0x43,
    0x38,0x88,0x03,0x3b,0x94,0xc3,0x2f,0xbc,0x83,0x3c,0xfc,0x82,0x3b,0xd4,0x03,0x3b,0xb0,0xc3,0x0c,0xc4,0x21,0x07,0x7c,0x70,
    0x03,0x7a,0x28,0x87,0x76,0x80,0x87,0x19,0xca,0xc3,0x0e,0xec,0x60,0x0f,0xed,0xe0,0x06,0xec,0xf0,0x0e,0xef,0x00,0x0f,0x33,
    0x22,0x88,0x1c,0xf0,0xc1,0x0d,0xc8,0x41,0x1c,0xce,0xc1,0x0d,0xec,0x21,0x1c,0xe4,0x81,0x1d,0xc2,0x21,0x1f,0xde,0xa1,0x1e,
    0xe8,0x61,0x06,0x13,0x91,0x03,0x3e,0xb8,0x81,0x38,0xc8,0x43,0x39,0x84,0xc3,0x3a,0xb8,0x81,0x38,0xc8,0x03,0x00,0x00,0x00,
    0x71,0x20,0x00,0x00,0x47,0x00,0x00,0x00,0x46,0x00,0x0d,0x97,0xef,0x3c,0x7e,0x80,0x34,0x40,0x84,0xf9,0xc5,0x6d,0x9b,0x02,
    0x34,0x5c,0xbe,0xf3,0xf8,0x01,0xd2,0x00,0x11,0xe6,0x23,0xb7,0x6d,0x0b,0xd6,0x70,0xf9,0xce,0xe3,0x0b,0xc0,0x22,0x50,0x0b,
    0x30,0x11,0x25,0xda,0xf9,0xc5,0x6d,0x1b,0xc4,0x36,0x5c,0xbe,0xf3,0xf8,0x42,0x40,0x15,0x05,0x11,0x95,0x0e,0x30,0x94,0x84,
    0x01,0x08,0x98,0x5f,0xdc,0xb6,0x45,0x48,0xc3,0xe5,0x3b,0x8f,0x2f,0x44,0x04,0x30,0x11,0x21,0xd0,0x0c,0x0b,0x61,0x03,0xcd,
    0x70,0xf9,0xce,0xe3,0x0f,0x88,0x24,0x00,0xd1,0x60,0x06,0xce,0x70,0xf9,0xce,0xe3,0x0f,0xce,0x64,0xfb,0xc5,0x6d,0xdb,0x83,
    0x33,0x5c,0xbe,0xf3,0xf8,0x83,0x33,0xdd,0x7e,0x71,0xdb,0x96,0x30,0x0d,0x97,0xef,0x3c,0xbe,0x41,0x4c,0x1d,0xc2,0x10,0x8d,
    0x84,0x38,0x8d,0x64,0x01,0xd3,0x70,0xf9,0xce,0xe3,0x2f,0x0e,0x30,0x88,0xcd,0x43,0x4d,0x7e,0x71,0xdb,0x76,0x40,0x0d,0x97,
    0xef,0x3c,0xbe,0x04,0x30,0xcf,0x42,0x6c,0x08,0x20,0xf9,0xc5,0x6d,0x5b,0xc3,0x34,0x5c,0xbe,0xf3,0xf8,0x12,0xc0,0x3c,0x0b,
    0xc1,0x31,0x8f,0x5f,0xdc,0xb6,0x39,0x50,0xc3,0xe5,0x3b,0x8f,0x2f,0x01,0xcc,0xb3,0x10,0x60,0x04,0x0c,0x7e,0x71,0xdb,0x86,
    0x50,0x0d,0x97,0xef,0x3c,0xbe,0x04,0x30,0xcf,0x42,0x94,0x44,0x45,0x2c,0x7e,0x71,0xdb,0x26,0x50,0x0d,0x97,0xef,0x3c,0xbe,
    0x34,0x39,0x11,0x81,0x52,0xd3,0x43,0x4d,0x7e,0x71,0xdb,0xc6,0x50,0x0d,0x97,0xef,0x3c,0xfe,0x44,0x5c,0x13,0x15,0x11,0xa5,
    0x03,0x0c,0x7e,0x71,0xdb,0x56,0xf0,0x0c,0x97,0xef,0x3c,0x3e,0xd5,0x00,0x11,0xe6,0x17,0xb7,0x6d,0x00,0x04,0x03,0x20,0x0d,
    0x00,0x00,0x00,0x00,0x00,0x00,0x00,0x00,0x48,0x41,0x53,0x48,0x14,0x00,0x00,0x00,0x00,0x00,0x00,0x00,0x53,0x8d,0x50,0xc1,
    0x99,0xe2,0x6e,0xe9,0xf9,0xc2,0xec,0x78,0xc0,0xa3,0xa8,0x85,0x44,0x58,0x49,0x4c,0xc8,0x84,0x00,0x00,0x60,0x00,0x00,0x00,
    0x32,0x21,0x00,0x00,0x44,0x58,0x49,0x4c,0x00,0x01,0x00,0x00,0x10,0x00,0x00,0x00,0xb0,0x84,0x00,0x00,0x42,0x43,0xc0,0xde,
    0x21,0x0c,0x00,0x00,0x29,0x21,0x00,0x00,0x0b,0x82,0x20,0x00,0x02,0x00,0x00,0x00,0x13,0x00,0x00,0x00,0x07,0x81,0x23,0x91,
    0x41,0xc8,0x04,0x49,0x06,0x10,0x32,0x39,0x92,0x01,0x84,0x0c,0x25,0x05,0x08,0x19,0x1e,0x04,0x8b,0x62,0x80,0x1c,0x45,0x02,
    0x42,0x92,0x0b,0x42,0xe4,0x10,0x32,0x14,0x38,0x08,0x18,0x4b,0x0a,0x32,0x72,0x88,0x48,0x90,0x14,0x20,0x43,0x46,0x88,0xa5,
    0x00,0x19,0x32,0x42,0xe4,0x48,0x0e,0x90,0x91,0x23,0xc4,0x50,0x41,0x51,0x81,0x8c,0xe1,0x83,0xe5,0x8a,0x04,0x39,0x46,0x06,
    0x51,0x18,0x00,0x00,0x08,0x00,0x00,0x00,0x1b,0x8c,0xe0,0xff,0xff,0xff,0xff,0x07,0x40,0x02,0xa8,0x0d,0x84,0xf0,0xff,0xff,
    0xff,0xff,0x03,0x20,0x6d,0x30,0x86,0xff,0xff,0xff,0xff,0x1f,0x00,0x09,0xa8,0x00,0x49,0x18,0x00,0x00,0x03,0x00,0x00,0x00,
    0x13,0x82,0x60,0x42,0x20,0x4c,0x08,0x06,0x00,0x00,0x00,0x00,0x89,0x20,0x00,0x00,0xc3,0x00,0x00,0x00,0x32,0x22,0xc8,0x09,
    0x20,0x64,0x85,0x04,0x93,0x23,0xa4,0x84,0x04,0x93,0x23,0xe3,0x84,0xa1,0x90,0x14,0x12,0x4c,0x8e,0x8c,0x0b,0x84,0xe4,0x4c,
    0x10,0x98,0xc2,0x08,0x40,0x09,0x00,0x14,0x98,0x01,0x98,0x23,0x00,0x83,0x39,0x02,0xa4,0x18,0x03,0x02,0x81,0x50,0x20,0x90,
    0xa1,0x18,0x00,0x02,0x81,0x50,0x18,0x10,0x62,0x8e,0x20,0x28,0x03,0x80,0xa0,0xa0,0x45,0x21,0x06,0x84,0xc1,0x80,0x1a,0x65,
    0x18,0x10,0x06,0xf4,0x28,0xc6,0x80,0x30,0x18,0x0c,0x06,0x14,0xb9,0x69,0xb8,0xfc,0x09,0x7b,0x08,0xc9,0x5f,0x09,0x69,0x25,
    0x26,0xbf,0xb8,0x6d,0x54,0x0c,0x06,0x83,0x01,0x81,0x0a,0xf7,0x0c,0x97,0x3f,0x61,0x0f,0x21,0xf9,0x21,0xd0,0x0c,0x0b,0x81,
    0x02,0x4a,0x69,0x26,0x84,0x4a,0x65,0x30,0x18,0x0c,0x08,0x04,0xc2,0x60,0x40,0x96,0xc2,0x4c,0x08,0x95,0xca,0x60,0x30,0x18,
    0x10,0x08,0x84,0x01,0x61,0x6e,0x1a,0x2e,0x7f,0xc2,0x1e,0x42,0xf2,0x3b,0x84,0x21,0x1a,0x09,0x71,0x1a,0x09,0x11,0x04,0x02,
    0x81,0x50,0x08,0x0d,0xa1,0x42,0xa0,0x4d,0x21,0x08,0x04,0x02,0x81,0x3a,0x05,0x19,0x10,0x2a,0x95,0xc1,0x60,0xa0,0xa0,0x4f,
    0x51,0x26,0x84,0x0a,0x81,0x40,0x20,0x10,0x08,0x04,0x0a,0x15,0x69,0x42,0xa8,0x54,0x06,0x83,0xc1,0x80,0x40,0x20,0x0c,0x06,
    0x83,0xc1,0x60,0x30,0xa0,0x51,0x41,0x06,0x84,0xc1,0x60,0x30,0x18,0x0c,0xa8,0x74,0xd4,0x70,0xf9,0x13,0xf6,0x10,0x92,0xcf,
    0x6d,0x54,0xb1,0x12,0x93,0x5f,0xdc,0x36,0x22,0x06,0x83,0xc1,0xa0,0x10,0x27,0x42,0x85,0x40,0xa8,0x62,0x54,0x08,0x05,0x02,
    0x41,0x41,0xaa,0x81,0x80,0x99,0xc2,0x60,0x1c,0xd8,0x21,0x1c,0xe6,0x61,0x1e,0xdc,0x80,0x16,0xca,0x01,0x1f,0xe8,0xa1,0x1e,
    0xe4,0xa1,0x1c,0xe4,0x80,0x14,0xf8,0xc0,0x1c,0xd8,0xe1,0x1d,0xc2,0x81,0x1e,0xfc,0x40,0x0f,0xf4,0xa0,0x1d,0xd2,0x01,0x1e,
    0xe6,0xe1,0x17,0xe8,0x21,0x1f,0xe0,0xa1,0x1c,0x50,0x40,0x98,0xc9,0x1a,0x07,0x76,0x08,0x87,0x79,0x98,0x07,0x37,0xa0,0x85,
    0x72,0xc0,0x07,0x7a,0xa8,0x07,0x79,0x28,0x07,0x39,0x20,0x05,0x3e,0x30,0x07,0x76,0x78,0x87,0x70,0xa0,0x07,0x3f,0x40,0xc2,
    0xa0,0x45,0xae,0x61,0x04,0x62,0x98,0xa9,0x0d,0xc6,0x81,0x1d,0xc2,0x61,0x1e,0xe6,0xc1,0x0d,0x68,0xa1,0x1c,0xf0,0x81,0x1e,
    0xea,0x41,0x1e,0xca,0x41,0x0e,0x48,0x81,0x0f,0xec,0xa1,0x1c,0xc6,0x81,0x1e,0xde,0x41,0x1e,0xf8,0xc0,0x1c,0xd8,0xe1,0x1d,
    0xc2,0x81,0x1e,0xd8,0x00,0x0c,0xe8,0xc0,0x0f,0xc0,0xc0,0x0f,0xf4,0x40,0x0f,0xda,0x21,0x1d,0xe0,0x61,0x1e,0x7e,0x81,0x1e,
    0xf2,0x01,0x1e,0xca,0x01,0x05,0x84,0x99,0xc4,0x60,0x1c,0xd8,0x21,0x1c,0xe6,0x61,0x1e,0xdc,0x80,0x16,0xca,0x01,0x1f,0xe8,
    0xa1,0x1e,0xe4,0xa1,0x1c,0xe4,0x80,0x14,0xf8,0xc0,0x1e,0xca,0x61,0x1c,0xe8,0xe1,0x1d,0xe4,0x81,0x0f,0xcc,0x81,0x1d,0xde,
    0x21,0x1c,0xe8,0x81,0x0d,0xc0,0x80,0x0e,0xfc,0x00,0x0c,0xfc,0x00,0x09,0xb0,0x18,0xc9,0x66,0x22,0x83,0x71,0x60,0x87,0x70,
    0x98,0x87,0x79,0x70,0x03,0x5a,0x28,0x07,0x7c,0xa0,0x87,0x7a,0x90,0x87,0x72,0x18,0x85,0x7a,0x10,0x87,0x72,0xe0,0x03,0x7b,
    0x28,0x87,0x71,0xa0,0x87,0x77,0x90,0x07,0x3e,0x30,0x07,0x76,0x78,0x87,0x70,0xa0,0x07,0x36,0x00,0x03,0x3a,0xf0,0x03,0x30,
    0xf0,0x03,0x14,0xc0,0x88,0x36,0x53,0x1b,0x8c,0x03,0x3b,0x84,0xc3,0x3c,0xcc,0x83,0x1b,0xd0,0x42,0x39,0xe0,0x03,0x3d,0xd4,
    0x83,0x3c,0x94,0xc3,0x1c,0x90,0x02,0x1f,0xd8,0x43,0x39,0x8c,0x03,0x3d,0xbc,0x83,0x3c,0xf0,0x81,0x39,0xb0,0xc3,0x3b,0x84,
    0x03,0x3d,0xb0,0x01,0x18,0xd0,0x81,0x1f,0x80,0x81,0x1f,0xe8,0x81,0x1e,0xb4,0x43,0x3a,0xc0,0xc3,0x3c,0xfc,0x02,0x3d,0xe4,
    0x03,0x3c,0x94,0x03,0x0a,0x08,0x33,0x89,0xc1,0x38,0xb0,0x43,0x38,0xcc,0xc3,0x3c,0xb8,0x01,0x2d,0x94,0x03,0x3e,0xd0,0x43,
    0x3d,0xc8,0x43,0x39,0xcc,0x01,0x29,0xf0,0x81,0x3d,0x94,0xc3,0x38,0xd0,0xc3,0x3b,0xc8,0x03,0x1f,0x98,0x03,0x3b,0xbc,0x43,
    0x38,0xd0,0x03,0x1b,0x80,0x01,0x1d,0xf8,0x01,0x18,0xf8,0x01,0x12,0x60,0x36,0xba,0x25,0x05,0xec,0x16,0x8e,0xfc,0x22,0xc0,
    0x60,0x88,0x66,0xa2,0x51,0x90,0x23,0x5d,0x42,0xc0,0xb2,0x00,0x76,0x0b,0x47,0x7e,0x11,0x60,0x30,0x44,0x33,0xd5,0xa8,0xe0,
    0xf1,0x7a,0x3c,0x1e,0xf9,0xae,0x93,0xa6,0x88,0x12,0x26,0x9f,0x05,0x98,0x67,0x21,0x22,0xce,0x61,0x1e,0x20,0x42,0x24,0xa7,
    0x61,0x27,0x60,0x22,0x50,0x40,0x20,0xe0,0x4d,0xd2,0x14,0x51,0xc2,0xe4,0xb3,0x00,0xf3,0x2c,0x44,0xc4,0x4e,0xc0,0x44,0xa0,
    0x80,0x40,0xc2,0xe4,0x21,0x4c,0x01,0x00,0x13,0x14,0x72,0xc0,0x87,0x74,0x60,0x87,0x36,0x68,0x87,0x79,0x68,0x03,0x72,0xc0,
    0x87,0x0d,0xaf,0x50,0x0e,0x6d,0xd0,0x0e,0x7a,0x50,0x0e,0x6d,0x00,0x0f,0x7a,0x30,0x07,0x72,0xa0,0x07,0x73,0x20,0x07,0x6d,
    0x90,0x0e,0x71,0xa0,0x07,0x73,0x20,0x07,0x6d,0x90,0x0e,0x78,0xa0,0x07,0x73,0x20,0x07,0x6d,0x90,0x0e,0x71,0x60,0x07,0x7a,
    0x30,0x07,0x72,0xd0,0x06,0xe9,0x30,0x07,0x72,0xa0,0x07,0x73,0x20,0x07,0x6d,0x90,0x0e,0x76,0x40,0x07,0x7a,0x60,0x07,0x74,
    0xd0,0x06,0xe6,0x10,0x07,0x76,0xa0,0x07,0x73,0x20,0x07,0x6d,0x60,0x0e,0x73,0x20,0x07,0x7a,0x30,0x07,0x72,0xd0,0x06,0xe6,
    0x60,0x07,0x74,0xa0,0x07,0x76,0x40,0x07,0x6d,0xe0,0x0e,0x78,0xa0,0x07,0x71,0x60,0x07,0x7a,0x30,0x07,0x72,0xa0,0x07,0x76,
    0x40,0x07,0x43,0x9e,0x00,0x00,0x00,0x00,0x00,0x00,0x00,0x00,0x00,0x00,0x00,0x86,0x3c,0x06,0x10,0x00,0x01,0x00,0x00,0x00,
    0x00,0x00,0x00,0x00,0x0c,0x79,0x10,0x20,0x00,0x04,0x00,0x00,0x00,0x00,0x00,0x00,0x00,0x18,0xf2,0x2c,0x40,0x00,0x08,0x00,
    0x00,0x00,0x00,0x00,0x00,0x00,0x30,0xe4,0x69,0x80,0x00,0x08,0x00,0x00,0x00,0x00,0x00,0x00,0x00,0x60,0xc8,0xf3,0x00,0x01,
    0x10,0x00,0x00,0x00,0x00,0x00,0x00,0x00,0xc0,0x90,0x27,0x02,0x02,0x20,0x00,0x00,0x00,0x00,0x00,0x00,0x00,0x80,0x21,0x8f,
    0x05,0x04,0xc0,0x00,0x00,0x00,0x00,0x00,0x00,0x00,0x00,0x43,0x1e,0x0c,0x08,0x80,0x01,0x00,0x00,0x00,0x00,0x00,0x00,0x00,
    0x86,0x3c,0x1b,0x10,0x00,0x03,0x00,0x00,0x00,0x00,0x00,0x00,0x00,0x0c,0x79,0x3a,0x20,0x00,0x02,0x00,0x00,0x00,0x00,0x00,
    0x00,0x00,0x18,0xf2,0x7c,0x40,0x00,0x0c,0x00,0x00,0x00,0x00,0x00,0x00,0x00,0x30,0xe4,0x09,0x03,0x20,0x00,0x06,0x00,0x00,
    0x00,0x00,0x00,0x00,0x00,0x18,0xf2,0x58,0x40,0x00,0x0c,0x00,0x00,0x00,0x00,0x00,0x00,0x00,0x30,0xe4,0x19,0x03,0x20,0x00,
    0x06,0x00,0x00,0x00,0x00,0x00,0x00,0x00,0x18,0xf2,0x94,0x01,0x10,0x00,0x01,0x00,0x00,0x00,0x00,0x00,0x00,0x00,0x0c,0x79,
    0xd0,0x00,0x08,0x80,0x01,0x00,0x00,0x00,0x00,0x00,0x00,0x00,0x86,0x3c,0x6a,0x00,0x04,0xc0,0x00,0x00,0x00,0x00,0x00,0x00,
    0x00,0x00,0x59,0x20,0x22,0x00,0x00,0x00,0x32,0x1e,0x98,0x18,0x19,0x11,0x4c,0x90,0x8c,0x09,0x26,0x47,0xc6,0x04,0x43,0x22,
    0x94,0xc0,0x08,0x40,0x41,0x14,0x43,0x11,0x94,0x44,0x19,0x14,0x42,0x29,0x94,0x43,0x51,0x94,0x45,0x61,0x94,0x46,0x71,0x94,
    0x47,0x01,0x16,0x14,0x68,0x04,0x15,0x4a,0xa2,0x0c,0x0a,0x61,0x04,0xa0,0x08,0x4a,0xa0,0x40,0xe8,0x35,0x03,0x40,0xb3,0x19,
    0x00,0xaa,0xcd,0x00,0x10,0x6e,0x06,0x80,0x76,0x33,0x00,0xf4,0x9b,0x01,0xa0,0xe0,0x0c,0x00,0x0d,0x67,0x00,0x88,0x38,0x16,
    0x1f,0xe8,0x01,0x01,0x00,0x00,0xf2,0x3c,0xcf,0xf3,0x3c,0xcf,0xf3,0x3c,0xcf,0xf3,0x3c,0xcf,0xf3,0x3c,0xcf,0xf3,0x3c,0xcf,
    0xf3,0x3c,0xcf,0xf3,0x3c,0xcf,0xf3,0x3c,0xcf,0xf3,0x3c,0xcf,0xf3,0x3c,0xcf,0xf3,0x3c,0xcf,0xf3,0x00,0xc7,0x81,0x20,0x00,
    0x79,0x18,0x00,0x00,0x26,0x01,0x00,0x00,0x1a,0x03,0x4c,0x90,0x46,0x02,0x13,0xc4,0x31,0x20,0xc3,0x1b,0x43,0x81,0x93,0x4b,
    0xb3,0x0b,0xa3,0x2b,0x4b,0x01,0x89,0x71,0xc1,0x71,0x81,0x71,0xa1,0xb9,0x99,0xc9,0x01,0x41,0x21,0xcb,0x09,0xab,0x29,0xcb,
    0xb9,0x21,0x83,0x49,0xd9,0x10,0x04,0x13,0x04,0x42,0x9a,0x20,0x10,0xd3,0x06,0x61,0x20,0x26,0x08,0x04,0xb5,0x41,0x18,0x0c,
    0x0a,0x70,0x73,0x13,0x04,0xa2,0xda,0x30,0x20,0x09,0x31,0x41,0x78,0x83,0x35,0x20,0x30,0x41,0x20,0xac,0x09,0x02,0x71,0x6d,
    0x10,0x08,0x67,0x43,0x42,0x2c,0x4c,0x43,0x0c,0x0d,0xf1,0x6c,0x48,0x86,0x85,0x69,0x86,0xa1,0x21,0x9e,0x09,0xc2,0x1c,0xb0,
    0xc1,0x86,0xa4,0x91,0x98,0xa6,0x19,0x1a,0xe2,0x99,0x20,0x10,0xd8,0x86,0x84,0x92,0x98,0x86,0x1a,0x1a,0xe2,0x99,0x20,0x10,
    0xd9,0x86,0xc4,0x92,0x98,0xc6,0x1a,0x1a,0xe2,0x99,0x20,0x10,0xda,0x86,0x04,0x93,0x98,0x06,0x1b,0x1a,0xe2,0xd9,0x90,0x24,
    0x12,0xd3,0x24,0x43,0x43,0x3c,0x13,0x04,0x62,0xdb,0x90,0x6c,0x12,0xd3,0x6c,0x43,0x43,0x3c,0x13,0x84,0x3a,0x68,0x83,0x0d,
    0x89,0xd1,0x31,0x8d,0x31,0x60,0xc4,0xb3,0x21,0x71,0x3a,0xa6,0x71,0x06,0x8c,0x78,0x26,0x08,0x04,0xb7,0x21,0x01,0x83,0x8e,
    0x69,0xc0,0x60,0xc0,0x88,0x67,0x82,0x40,0x74,0x1b,0x12,0x31,0xe8,0x98,0x46,0x0c,0x06,0x8c,0x78,0x26,0x08,0x84,0x37,0x41,
    0xc0,0x03,0x37,0xd8,0x90,0x90,0x41,0x19,0x30,0x0d,0x19,0x0c,0x16,0xf1,0x4c,0x10,0x88,0x6f,0x43,0x72,0x06,0x65,0xc0,0x34,
    0x67,0x30,0x58,0xc4,0x33,0x41,0x20,0xc0,0x60,0x43,0x92,0x06,0x65,0xc0,0x34,0x69,0x30,0x58,0xc4,0x33,0x41,0x20,0xc2,0x60,
    0x43,0xb2,0x06,0x65,0xc0,0x34,0x6b,0x30,0x58,0xc4,0xb3,0x01,0x82,0xa2,0xa9,0xba,0x32,0x8d,0xf3,0xbe,0x30,0x18,0x03,0x33,
    0x40,0x03,0x35,0x60,0x83,0x09,0xc2,0x1e,0xbc,0xc1,0x04,0x81,0x10,0x83,0x0d,0x08,0xe1,0x06,0x0c,0x45,0x0c,0x6f,0x00,0x4c,
    0x10,0xfe,0x00,0x0e,0x26,0x08,0xc4,0x18,0x6c,0x40,0x86,0x38,0x60,0xa8,0x61,0x90,0x03,0x60,0x83,0x00,0x07,0x73,0x30,0x41,
    0x08,0x85,0x38,0xd8,0x80,0x10,0x75,0xc0,0x34,0xc4,0x30,0x00,0x1b,0x90,0xa1,0x0e,0x98,0x66,0x18,0x06,0x60,0x82,0x30,0x0a,
    0x72,0xb0,0x01,0x69,0xf0,0x80,0x69,0x9a,0x81,0x00,0x36,0x20,0x14,0x1e,0x30,0x0d,0x35,0x10,0xc0,0x06,0xc4,0xc2,0x03,0xa6,
    0xb1,0x06,0x02,0xd8,0x80,0x60,0x78,0xc0,0x34,0xd8,0x40,0x00,0x1b,0x90,0x04,0x0f,0x98,0x26,0x19,0x08,0x60,0x03,0xb2,0xe1,
    0x01,0xd3,0x6c,0x03,0x01,0x6c,0x40,0x0c,0x3c,0x60,0x1a,0x63,0x20,0x80,0x0d,0x88,0x83,0x07,0x4c,0xe3,0x0c,0x04,0xb0,0x01,
    0x01,0x03,0x3c,0x60,0x1a,0x30,0x18,0x08,0x60,0x03,0x22,0x06,0x78,0xc0,0x34,0x62,0x30,0x10,0xc0,0x06,0x84,0x0c,0xf0,0x80,
    0x69,0xc8,0x60,0x20,0x80,0x0d,0xc8,0x19,0xe0,0x01,0xd3,0x9c,0xc1,0x40,0x00,0x1b,0x90,0x34,0xc0,0x03,0xa6,0x49,0x83,0x81,
    0x00,0x36,0x20,0x6b,0x80,0x07,0x4c,0xb3,0x06,0x03,0x01,0x6c,0x80,0xec,0xe0,0x0e,0xf2,0x40,0x0f,0xf6,0x80,0x0f,0xfa,0xc0,
    0x0f,0xfe,0x00,0x14,0x42,0x41,0x14,0x46,0x81,0x14,0x4a,0xc1,0x14,0x36,0x10,0x6d,0x00,0xd0,0xc1,0x29,0x4c,0x10,0x48,0x61,
    0x0e,0x36,0x04,0xa9,0x30,0x41,0x10,0x00,0x12,0x6d,0x61,0x69,0x6e,0x5c,0xa6,0xac,0xbe,0xa0,0xde,0xe6,0xd2,0xe8,0xd2,0xde,
    0xdc,0x26,0x08,0x05,0x19,0x4c,0x10,0x8a,0x32,0xd8,0x10,0x10,0x13,0x84,0xc2,0x0c,0x26,0x08,0xc5,0x19,0x6c,0x10,0x28,0x63,
    0xc3,0x42,0xb4,0x82,0x2b,0xbc,0x02,0x2c,0xc4,0xc2,0x10,0x0b,0x84,0x2c,0xcc,0x02,0x11,0xaa,0x22,0xac,0xa1,0xa7,0x27,0x29,
    0xa2,0x09,0x42,0x81,0x06,0x1b,0x04,0x6a,0x0d,0x36,0x2c,0x43,0x2d,0xb8,0x82,0x2c,0xc0,0x82,0x2d,0x0c,0xb1,0x30,0xc8,0xc2,
    0x2d,0x6c,0x08,0x86,0x0d,0x4b,0x53,0x0b,0xae,0x20,0x0b,0xb9,0x60,0x0b,0x43,0x2c,0x34,0xb2,0x70,0x0b,0x1b,0x82,0x66,0x82,
    0x50,0xa4,0xc1,0x86,0x85,0xaa,0x05,0x57,0x90,0x85,0x5d,0xe0,0x85,0x21,0x16,0x28,0x59,0xb8,0x85,0x0d,0x01,0xb5,0x61,0xb1,
    0x6a,0xc1,0x15,0x64,0xc1,0x17,0x78,0x61,0x88,0x05,0x4b,0x16,0x6e,0x61,0x43,0x60,0x6d,0x58,0xb0,0x5a,0x70,0x05,0x59,0x00,
    0x07,0x5b,0x18,0x62,0x01,0x93,0x85,0x5b,0xd8,0x10,0x60,0x1b,0x96,0xa4,0x16,0x5c,0x41,0x16,0xc4,0xc1,0x16,0x86,0x58,0x48,
    0x64,0xe1,0x16,0x36,0x04,0xc9,0x86,0x65,0xab,0x05,0x57,0x90,0x05,0x72,0xb0,0x85,0x21,0x16,0x36,0x59,0xb8,0x85,0x0d,0xc1,
    0xb6,0x61,0x31,0x6a,0xc1,0x15,0x64,0xc1,0x1c,0x6c,0x61,0x88,0x05,0x43,0x16,0x6e,0x61,0x43,0x60,0x6c,0x58,0x9c,0x5a,0x70,
    0x05,0x59,0x40,0x07,0x5b,0x18,0x62,0xc1,0x91,0x85,0x5b,0xd8,0x10,0x38,0x1b,0x16,0x30,0xa8,0x05,0x57,0x90,0x05,0x75,0xb0,
    0x85,0x21,0x16,0xc0,0x40,0x16,0x6e,0x61,0x43,0x00,0x06,0x1b,0x16,0x31,0xa8,0x05,0x57,0x90,0x05,0x76,0xb0,0x85,0x21,0x16,
    0xc4,0x40,0x16,0x6e,0x61,0x43,0x20,0x06,0x1b,0x16,0x32,0xa8,0x05,0x57,0x90,0x05,0x77,0xb0,0x85,0x21,0x16,0xc8,0x40,0x16,
    0x6e,0x61,0x43,0x40,0x06,0x1b,0x04,0xea,0x0c,0x36,0x2c,0x67,0x50,0x0b,0xae,0x20,0x0b,0xf0,0x60,0x0b,0x43,0x2c,0x9c,0x81,
    0x2c,0xc4,0xc3,0x86,0xe0,0x0c,0x36,0x08,0x14,0xb5,0x61,0x49,0x83,0x5a,0x70,0x05,0x59,0x98,0x07,0x5b,0x18,0x6c,0x21,0x0d,
    0x64,0x81,0x1e,0x36,0x3c,0xb4,0x80,0x0b,0xba,0xd0,0x0b,0xbf,0x10,0x0e,0xe3,0x50,0x0e,0xe7,0x90,0x0e,0xeb,0xd0,0x0e,0xef,
    0x20,0x0f,0xf5,0xc0,0x64,0xca,0xea,0x8b,0x2a,0x4c,0xee,0xac,0x8c,0x6e,0x82,0x50,0xa8,0xc1,0x86,0x85,0xb8,0x07,0x57,0xc0,
    0x07,0x58,0x90,0x85,0x21,0x16,0x08,0x59,0xb8,0x85,0x0d,0x41,0x3e,0x6c,0x18,0xec,0x41,0x1f,0x80,0x0d,0xc5,0x2a,0xb0,0xc2,
    0x3e,0xa0,0x02,0x40,0x8c,0x8d,0xcd,0xae,0xcd,0x85,0xed,0xed,0x0d,0xce,0xa5,0xce,0x4d,0xee,0x8d,0x8d,0xcd,0x85,0x2c,0x6d,
    0x2e,0x4c,0x8c,0xad,0x6c,0x43,0xd0,0x0f,0x2b,0x84,0x7f,0xf0,0x87,0x15,0x02,0x48,0xf8,0xc3,0x0a,0x21,0x24,0xfc,0x61,0x85,
    0x20,0x12,0xfe,0xb0,0x42,0x18,0x09,0x7f,0x58,0x21,0x90,0x84,0x3f,0xac,0x10,0x4a,0xc2,0x1f,0x56,0x08,0x26,0xe1,0x0f,0x2b,
    0x84,0x93,0xf0,0x87,0x15,0x02,0x4a,0xf8,0xc3,0x0a,0x21,0x25,0xfc,0xa1,0x0a,0x1b,0x9b,0x5d,0x9b,0x4b,0x1a,0x59,0x99,0x1b,
    0xdd,0x94,0x20,0xa8,0x42,0x86,0xe7,0x62,0x57,0x26,0x37,0x97,0xf6,0xe6,0x36,0x25,0x20,0x9a,0x90,0xe1,0xb9,0xd8,0x85,0xb1,
    0xd9,0x95,0xc9,0x4d,0x09,0x8c,0x3a,0x64,0x78,0x2e,0x73,0x68,0x61,0x64,0x65,0x72,0x4d,0x6f,0x64,0x65,0x6c,0x53,0x82,0xa4,
    0x0c,0x19,0x9e,0x8b,0x5c,0xd9,0xdc,0x5b,0x9d,0xdc,0x58,0xd9,0xdc,0x94,0xe0,0x14,0xea,0x90,0xe1,0xb9,0xd8,0xa5,0x95,0xdd,
    0x25,0x91,0x4d,0xd1,0x85,0xd1,0x95,0x4d,0x09,0x52,0xa1,0x0e,0x19,0x9e,0x4b,0x99,0x1b,0x9d,0x5c,0x1e,0xd4,0x5b,0x9a,0x1b,
    0xdd,0xdc,0x94,0x60,0x1f,0x00,0x00,0x00,0x79,0x18,0x00,0x00,0x55,0x00,0x00,0x00,0x33,0x08,0x80,0x1c,0xc4,0xe1,0x1c,0x66,
    0x14,0x01,0x3d,0x88,0x43,0x38,0x84,0xc3,0x8c,0x42,0x80,0x07,0x79,0x78,0x07,0x73,0x98,0x71,0x0c,0xe6,0x00,0x0f,0xed,0x10,
    0x0e,0xf4,0x80,0x0e,0x33,0x0c,0x42,0x1e,0xc2,0xc1,0x1d,0xce,0xa1,0x1c,0x66,0x30,0x05,0x3d,0x88,0x43,0x38,0x84,0x83,0x1b,
    0xcc,0x03,0x3d,0xc8,0x43,0x3d,0x8c,0x03,0x3d,0xcc,0x78,0x8c,0x74,0x70,0x07,0x7b,0x08,0x07,0x79,0x48,0x87,0x70,0x70,0x07,
    0x7a,0x70,0x03,0x76,0x78,0x87,0x70,0x20,0x87,0x19,0xcc,0x11,0x0e,0xec,0x90,0x0e,0xe1,0x30,0x0f,0x6e,0x30,0x0f,0xe3,0xf0,
    0x0e,0xf0,0x50,0x0e,0x33,0x10,0xc4,0x1d,0xde,0x21,0x1c,0xd8,0x21,0x1d,0xc2,0x61,0x1e,0x66,0x30,0x89,0x3b,0xbc,0x83,0x3b,
    0xd0,0x43,0x39,0xb4,0x03,0x3c,0xbc,0x83,0x3c,0x84,0x03,0x3b,0xcc,0xf0,0x14,0x76,0x60,0x07,0x7b,0x68,0x07,0x37,0x68,0x87,
    0x72,0x68,0x07,0x37,0x80,0x87,0x70,0x90,0x87,0x70,0x60,0x07,0x76,0x28,0x07,0x76,0xf8,0x05,0x76,0x78,0x87,0x77,0x80,0x87,
    0x5f,0x08,0x87,0x71,0x18,0x87,0x72,0x98,0x87,0x79,0x98,0x81,0x2c,0xee,0xf0,0x0e,0xee,0xe0,0x0e,0xf5,0xc0,0x0e,0xec,0x30,
    0x03,0x62,0xc8,0xa1,0x1c,0xe4,0xa1,0x1c,0xcc,0xa1,0x1c,0xe4,0xa1,0x1c,0xdc,0x61,0x1c,0xca,0x21,0x1c,0xc4,0x81,0x1d,0xca,
    0x61,0x06,0xd6,0x90,0x43,0x39,0xc8,0x43,0x39,0x98,0x43,0x39,0xc8,0x43,0x39,0xb8,0xc3,0x38,0x94,0x43,0x38,0x88,0x03,0x3b,
    0x94,0xc3,0x2f,0xbc,0x83,0x3c,0xfc,0x82,0x3b,0xd4,0x03,0x3b,0xb0,0xc3,0x0c,0xc4,0x21,0x07,0x7c,0x70,0x03,0x7a,0x28,0x87,
    0x76,0x80,0x87,0x19,0xca,0xc3,0x0e,0xec,0x60,0x0f,0xed,0xe0,0x06,0xec,0xf0,0x0e,0xef,0x00,0x0f,0x33,0x22,0x88,0x1c,0xf0,
    0xc1,0x0d,0xc8,0x41,0x1c,0xce,0xc1,0x0d,0xec,0x21,0x1c,0xe4,0x81,0x1d,0xc2,0x21,0x1f,0xde,0xa1,0x1e,0xe8,0x61,0x06,0x13,
    0x91,0x03,0x3e,0xb8,0x81,0x38,0xc8,0x43,0x39,0x84,0xc3,0x3a,0xb8,0x81,0x38,0xc8,0x03,0x00,0x00,0x00,0x71,0x20,0x00,0x00,
    0x47,0x00,0x00,0x00,0x46,0x00,0x0d,0x97,0xef,0x3c,0x7e,0x80,0x34,0x40,0x84,0xf9,0xc5,0x6d,0x9b,0x02,0x34,0x5c,0xbe,0xf3,
    0xf8,0x01,0xd2,0x00,0x11,0xe6,0x23,0xb7,0x6d,0x0b,0xd6,0x70,0xf9,0xce,0xe3,0x0b,0xc0,0x22,0x50,0x0b,0x30,0x11,0x25,0xda,
    0xf9,0xc5,0x6d,0x1b,0xc4,0x36,0x5c,0xbe,0xf3,0xf8,0x42,0x40,0x15,0x05,0x11,0x95,0x0e,0x30,0x94,0x84,0x01,0x08,0x98,0x5f,
    0xdc,0xb6,0x45,0x48,0xc3,0xe5,0x3b,0x8f,0x2f,0x44,0x04,0x30,0x11,0x21,0xd0,0x0c,0x0b,0x61,0x03,0xcd,0x70,0xf9,0xce,0xe3,
    0x0f,0x88,0x24,0x00,0xd1,0x60,0x06,0xce,0x70,0xf9,0xce,0xe3,0x0f,0xce,0x64,0xfb,0xc5,0x6d,0xdb,0x83,0x33,0x5c,0xbe,0xf3,
    0xf8,0x83,0x33,0xdd,0x7e,0x71,0xdb,0x96,0x30,0x0d,0x97,0xef,0x3c,0xbe,0x41,0x4c,0x1d,0xc2,0x10,0x8d,0x84,0x38,0x8d,0x64,
    0x01,0xd3,0x70,0xf9,0xce,0xe3,0x2f,0x0e,0x30,0x88,0xcd,0x43,0x4d,0x7e,0x71,0xdb,0x76,0x40,0x0d,0x97,0xef,0x3c,0xbe,0x04,
    0x30,0xcf,0x42,0x6c,0x08,0x20,0xf9,0xc5,0x6d,0x5b,0xc3,0x34,0x5c,0xbe,0xf3,0xf8,0x12,0xc0,0x3c,0x0b,0xc1,0x31,0x8f,0x5f,
    0xdc,0xb6,0x39,0x50,0xc3,0xe5,0x3b,0x8f,0x2f,0x01,0xcc,0xb3,0x10,0x60,0x04,0x0c,0x7e,0x71,0xdb,0x86,0x50,0x0d,0x97,0xef,
    0x3c,0xbe,0x04,0x30,0xcf,0x42,0x94,0x44,0x45,0x2c,0x7e,0x71,0xdb,0x26,0x50,0x0d,0x97,0xef,0x3c,0xbe,0x34,0x39,0x11,0x81,
    0x52,0xd3,0x43,0x4d,0x7e,0x71,0xdb,0xc6,0x50,0x0d,0x97,0xef,0x3c,0xfe,0x44,0x5c,0x13,0x15,0x11,0xa5,0x03,0x0c,0x7e,0x71,
    0xdb,0x56,0xf0,0x0c,0x97,0xef,0x3c,0x3e,0xd5,0x00,0x11,0xe6,0x17,0xb7,0x6d,0x00,0x04,0x03,0x20,0x0d,0x00,0x00,0x00,0x00,
    0x61,0x20,0x00,0x00,0xf2,0x1d,0x00,0x00,0x13,0x04,0xf0,0x15,0x0b,0x04,0x00,0x00,0x39,0x00,0x00,0x00,0xa4,0xa8,0x81,0x11,
    0x00,0x22,0x14,0x20,0x20,0x44,0x0d,0x12,0x14,0x20,0x20,0x60,0x40,0x01,0x02,0x02,0x22,0x14,0x20,0xa0,0x40,0xc9,0x94,0x5b,
    0x99,0x14,0x49,0xa9,0x95,0x58,0x09,0x06,0x14,0x5b,0x01,0x02,0x12,0x14,0x69,0x40,0xd1,0xcc,0x00,0x94,0x51,0x21,0x15,0x64,
    0x40,0x0d,0x94,0x5d,0xd9,0x94,0x5c,0xb1,0x14,0x5f,0x29,0x15,0x61,0x40,0x31,0x95,0x5e,0xc1,0x94,0x4f,0x81,0x54,0x41,0x99,
    0x06,0x14,0x6a,0x40,0xb9,0x14,0x50,0xa9,0x14,0x54,0xf9,0x15,0x60,0x40,0xe1,0x94,0x68,0x40,0x89,0x14,0x20,0x41,0xa1,0x14,
    0x4f,0x81,0x0f,0x14,0x20,0x4f,0x01,0x42,0xd0,0x60,0x8c,0x00,0x04,0x41,0x10,0xef,0xc6,0x08,0x40,0x10,0xf4,0xef,0x30,0x18,
    0x23,0xe8,0xfb,0x96,0xc5,0x75,0x61,0x8c,0x00,0x04,0x41,0x50,0x04,0x83,0x31,0x82,0x3d,0x56,0xe3,0xfd,0x17,0xc6,0x08,0x40,
    0x10,0x04,0xf1,0x5f,0x18,0x23,0x20,0x61,0x50,0xc4,0x7f,0x61,0x8c,0x40,0x44,0xc1,0x10,0x04,0x83,0x31,0x82,0x1b,0x6f,0xc7,
    0x96,0x17,0xc6,0x08,0x6e,0xbc,0x1d,0x5b,0x6e,0x8c,0xa0,0xef,0x5b,0x16,0xd7,0xc6,0x08,0x40,0x10,0x04,0x51,0x30,0x18,0x23,
    0x00,0x41,0x10,0x04,0xc1,0x60,0x8c,0x00,0x04,0x41,0x10,0xfe,0xc6,0x08,0x40,0x10,0x04,0xe1,0x5f,0x98,0x01,0x18,0x23,0x00,
    0x41,0x10,0xc4,0xbf,0x11,0x00,0x00,0x00,0x23,0x06,0x09,0x00,0x82,0x60,0xa0,0x06,0xea,0xe0,0x06,0xb4,0xa0,0x0b,0xba,0x60,
    0x0a,0x23,0x06,0x09,0x00,0x82,0x60,0xa0,0x06,0xeb,0xf0,0x06,0xb5,0xc0,0x0b,0xbc,0x70,0x0a,0x23,0x06,0x09,0x00,0x82,0x60,
    0xa0,0x06,0xec,0x00,0x07,0xb6,0xe0,0x0b,0xbe,0x80,0x0a,0x23,0x06,0x09,0x00,0x82,0x60,0xa0,0x06,0xed,0x10,0x07,0xb7,0x00,
    0x0e,0xe0,0x90,0x0a,0x23,0x06,0x09,0x00,0x82,0x60,0xa0,0x06,0xee,0x20,0x07,0xb8,0x20,0x0e,0xe2,0xa0,0x0a,0x23,0x06,0x09,
    0x00,0x82,0x60,0xa0,0x06,0xef,0x30,0x07,0xb9,0x40,0x0e,0xe4,0xb0,0x0a,0x23,0x06,0x09,0x00,0x82,0x60,0xa0,0x06,0xf0,0x40,
    0x07,0xba,0xa0,0x0e,0xea,0xc0,0x0a,0x23,0x06,0x09,0x00,0x82,0x60,0xa0,0x06,0xf1,0x50,0x07,0xbb,0xe0,0x0e,0xee,0xd0,0x0a,
    0x23,0x06,0x09,0x00,0x82,0x60,0xa0,0x06,0xf2,0x60,0x07,0xbc,0x80,0x0e,0xe8,0xe0,0x0a,0x23,0x06,0x09,0x00,0x82,0x60,0xa0,
    0x06,0xf3,0x70,0x07,0xbd,0xf0,0x0e,0xef,0xf0,0x0a,0x23,0x06,0x09,0x00,0x82,0x60,0xa0,0x06,0xf4,0x80,0x07,0xbe,0xb0,0x0e,
    0xeb,0x00,0x0b,0x23,0x06,0x09,0x00,0x82,0x60,0xa0,0x06,0xf5,0x90,0x07,0xbf,0xd0,0x0e,0xed,0x10,0x0b,0x23,0x06,0x09,0x00,
    0x82,0x60,0xa0,0x06,0xf6,0xa0,0x07,0xe0,0xf0,0x0e,0xef,0x20,0x0b,0x23,0x06,0x09,0x00,0x82,0x60,0xa0,0x06,0xf7,0xb0,0x07,
    0xe1,0x20,0x0f,0xf2,0x30,0x0b,0x23,0x06,0x09,0x00,0x82,0x60,0xa0,0x06,0xf8,0xc0,0x07,0xe2,0x70,0x0f,0xf7,0x40,0x0b,0x23,
    0x06,0x09,0x00,0x82,0x60,0xa0,0x06,0xf9,0xd0,0x07,0xe3,0x70,0x0f,0xf7,0x50,0x0b,0x23,0x06,0x09,0x00,0x82,0x60,0xa0,0x06,
    0xfa,0xe0,0x07,0xe6,0xa0,0x0e,0xea,0x60,0x0b,0x23,0x06,0x09,0x00,0x82,0x60,0xa0,0x06,0xfb,0xf0,0x07,0xe7,0xc0,0x0e,0xec,
    0x70,0x0b,0x23,0x06,0x09,0x00,0x82,0x60,0xa0,0x06,0xfc,0x00,0x0a,0xe8,0xe0,0x0e,0xee,0x80,0x0b,0x23,0x06,0x09,0x00,0x82,
    0x60,0xa0,0x06,0xfd,0x10,0x0a,0xe9,0x00,0x0f,0xf0,0x90,0x0b,0x23,0x06,0x09,0x00,0x82,0x60,0xa0,0x06,0xfe,0x20,0x0a,0xea,
    0x20,0x0f,0xf2,0xa0,0x0b,0x23,0x06,0x09,0x00,0x82,0x60,0xa0,0x06,0xff,0x30,0x0a,0xeb,0x40,0x0f,0xf4,0xb0,0x0b,0x23,0x06,
    0x09,0x00,0x82,0x60,0xa0,0x06,0x20,0x41,0x0a,0xec,0xa0,0x0f,0xfa,0xc0,0x0b,0x23,0x06,0x09,0x00,0x82,0x60,0xa0,0x06,0x21,
    0x51,0x0a,0xed,0xe0,0x0f,0xfe,0xd0,0x0b,0x23,0x06,0x09,0x00,0x82,0x60,0xa0,0x06,0x22,0x61,0x0a,0xee,0x80,0x0f,0xf8,0xe0,
    0x0b,0x23,0x06,0x09,0x00,0x82,0x60,0xa0,0x06,0x23,0x71,0x0a,0xef,0xf0,0x0f,0xff,0xf0,0x0b,0x23,0x06,0x09,0x00,0x82,0x60,
    0xa0,0x06,0x24,0x81,0x0a,0xf0,0xb0,0x0f,0xfb,0x00,0x0e,0x23,0x06,0x09,0x00,0x82,0x60,0xa0,0x06,0x25,0x91,0x0a,0xf1,0xd0,
    0x0f,0xfd,0x10,0x0e,0x23,0x06,0x09,0x00,0x82,0x60,0xa0,0x06,0x26,0xa1,0x0a,0xf2,0xf0,0x0f,0xff,0x20,0x0e,0x23,0x06,0x09,
    0x00,0x82,0x60,0xa0,0x06,0x27,0xb1,0x0a,0xf3,0x20,0x12,0x22,0x31,0x0e,0x23,0x06,0x09,0x00,0x82,0x60,0xa0,0x06,0x28,0xc1,
    0x0a,0xf4,0x70,0x12,0x27,0x41,0x0e,0x23,0x06,0x09,0x00,0x82,0x60,0xa0,0x06,0x29,0xd1,0x0a,0xf5,0x70,0x12,0x27,0x51,0x0e,
    0x23,0x06,0x09,0x00,0x82,0x60,0xa0,0x06,0x2a,0xe1,0x0a,0xf3,0x90,0x12,0x29,0x61,0x0e,0x23,0x06,0x09,0x00,0x82,0x60,0xa0,
    0x06,0x2b,0xf1,0x0a,0xf4,0x90,0x12,0x29,0x71,0x0e,0x23,0x06,0x09,0x00,0x82,0x60,0x60,0xf0,0x04,0x49,0xf8,0x83,0x4a,0xd8,
    0xc3,0x2d,0x8c,0x18,0x24,0x00,0x08,0x82,0x81,0xd1,0x13,0x25,0xf1,0x0f,0x2b,0x61,0x0f,0xb8,0x30,0x62,0x90,0x00,0x20,0x08,
    0x06,0x86,0x4f,0x98,0x04,0x48,0xb0,0x84,0x3e,0xe4,0xc2,0x88,0x41,0x02,0x80,0x20,0x18,0x18,0x3f,0x71,0x12,0x22,0xd1,0x12,
    0xf9,0xa0,0x0b,0x23,0x06,0x09,0x00,0x82,0x60,0x60,0x80,0x05,0x4a,0x8c,0x84,0x4b,0xe0,0xc3,0x2e,0x8c,0x18,0x24,0x00,0x08,
    0x82,0x81,0x11,0x16,0x29,0x41,0x12,0x2f,0xa1,0x0f,0xbc,0x30,0x62,0x90,0x00,0x20,0x08,0x06,0x86,0x58,0xa8,0x44,0x49,0xc0,
    0x84,0x3f,0xf4,0xc2,0x88,0x41,0x02,0x80,0x20,0x18,0x18,0x63,0xb1,0x12,0x27,0x11,0x13,0xfd,0xe0,0x0b,0x23,0x06,0x09,0x00,
    0x82,0x60,0x60,0x90,0x05,0x4b,0xa0,0x84,0x4c,0xf0,0xc3,0x2f,0x8c,0x18,0x24,0x00,0x08,0x82,0x81,0x51,0x16,0x2d,0x91,0x12,
    0x33,0xe1,0x0f,0xe0,0x30,0x62,0x90,0x00,0x20,0x08,0x06,0x86,0x59,0xb8,0x84,0x4a,0xd0,0x84,0x48,0x84,0xc3,0x88,0x41,0x02,
    0x80,0x20,0x18,0x18,0x67,0xf1,0x12,0x2c,0x51,0x13,0x21,0x21,0x0e,0x23,0x06,0x09,0x00,0x82,0x60,0x60,0xa0,0x05,0x4c,0xb4,
    0x84,0x4d,0x80,0xc4,0x38,0x8c,0x18,0x24,0x00,0x08,0x82,0x81,0x91,0x16,0x31,0xe1,0x12,0x37,0x21,0x12,0xe4,0x30,0x62,0x90,
    0x00,0x20,0x08,0x06,0x86,0x5a,0xc8,0xc4,0x4b,0xe0,0x84,0x49,0x94,0xc3,0x88,0x41,0x02,0x80,0x20,0x18,0x18,0x6b,0x31,0x13,
    0x35,0x91,0x13,0x25,0x61,0x0e,0x23,0x06,0x09,0x00,0x82,0x60,0x60,0xb0,0x05,0x4d,0xd8,0x84,0x4e,0x90,0xc4,0x39,0x8c,0x18,
    0x24,0x00,0x08,0x82,0x81,0xd1,0x16,0x35,0x71,0x13,0x3b,0x61,0x12,0xe8,0x30,0x62,0x90,0x00,0x20,0x08,0x06,0x86,0x5b,0xd8,
    0x04,0x4e,0xf0,0x84,0x4a,0xa4,0xc3,0x88,0x41,0x02,0x80,0x20,0x18,0x18,0x6f,0x71,0x13,0x3c,0xd1,0x13,0x29,0xa1,0x0e,0x23,
    0x06,0x09,0x00,0x82,0x60,0x60,0xc0,0x05,0x4e,0xf4,0x84,0x4f,0xa0,0xc4,0x3a,0x8c,0x18,0x24,0x00,0x08,0x82,0x81,0x11,0x17,
    0x39,0xe1,0x13,0x3f,0xa1,0x12,0xec,0x30,0x62,0x90,0x00,0x20,0x08,0x06,0x86,0x5c,0xe8,0xc4,0x4f,0x80,0x85,0x4b,0xb4,0xc3,
    0x88,0x41,0x02,0x80,0x20,0x18,0x18,0x73,0xb1,0x13,0x39,0x11,0x16,0x2d,0xe1,0x0e,0x23,0x06,0x09,0x00,0x82,0x60,0x60,0xd0,
    0x05,0x4f,0xe8,0x84,0x58,0xb0,0xc4,0x3b,0x8c,0x18,0x24,0x00,0x08,0x82,0x81,0x51,0x17,0x3d,0xb1,0x13,0x63,0xe1,0x12,0xf0,
    0x30,0x62,0x90,0x00,0x20,0x08,0x06,0x86,0x5d,0xf8,0x04,0x4f,0x90,0x85,0x4c,0xc4,0xc3,0x88,0x41,0x02,0x80,0x20,0x18,0x18,
    0x77,0xf1,0x13,0x63,0x51,0x16,0x31,0x21,0x0f,0x23,0x06,0x09,0x00,0x82,0x60,0x60,0xe0,0x05,0x58,0x90,0x85,0x59,0xc0,0xc4,
    0x3c,0x8c,0x18,0x24,0x00,0x08,0x82,0x81,0x91,0x17,0x61,0x51,0x16,0x67,0x21,0x13,0xf4,0x30,0x62,0x90,0x00,0x20,0x08,0x06,
    0x86,0x5e,0x88,0x85,0x59,0xa0,0x85,0x4d,0xd4,0xc3,0x88,0x41,0x02,0x80,0x20,0x18,0x18,0x7b,0x31,0x16,0x62,0x91,0x16,0x35,
    0x61,0x0f,0x23,0x06,0x09,0x00,0x82,0x60,0x60,0xf0,0x05,0x59,0x8c,0x85,0x5a,0xd0,0xc4,0x3d,0x8c,0x18,0x24,0x00,0x08,0x82,
    0x81,0xd1,0x17,0x65,0x41,0x16,0x6b,0x61,0x13,0xf8,0x30,0x62,0x90,0x00,0x20,0x08,0x06,0x86,0x5f,0x98,0x45,0x59,0xb0,0x85,
    0x4e,0xe4,0xc3,0x88,0x41,0x02,0x80,0x20,0x18,0x18,0x7f,0x71,0x16,0x67,0xd1,0x16,0x39,0xa1,0x0f,0x23,0x06,0x09,0x00,0x82,
    0x60,0x60,0x80,0x06,0x5a,0xa0,0x85,0x5b,0xe0,0xc4,0x3e,0x8c,0x18,0x24,0x00,0x08,0x82,0x81,0x11,0x1a,0x69,0x91,0x16,0x6f,
    0xa1,0x13,0xfc,0x30,0x62,0x90,0x00,0x20,0x08,0x06,0x86,0x68,0xa8,0x85,0x5a,0xc0,0x85,0x4f,0xf4,0xc3,0x88,0x41,0x02,0x80,
    0x20,0x18,0x18,0xa3,0xb1,0x16,0x6c,0x11,0x17,0x3d,0xe1,0x0f,0x23,0x06,0x09,0x00,0x82,0x60,0x60,0x90,0x06,0x5b,0xb4,0x85,
    0x5c,0xf0,0xc4,0x3f,0x8c,0x18,0x24,0x00,0x08,0x82,0x81,0x51,0x1a,0x6d,0xe1,0x16,0x73,0xe1,0x13,0x20,0x31,0x62,0x90,0x00,
    0x20,0x08,0x06,0x86,0x69,0xb8,0xc5,0x5b,0xd0,0x85,0x58,0x84,0xc4,0x88,0x41,0x02,0x80,0x20,0x18,0x18,0xa7,0xf1,0x16,0x72,
    0x51,0x17,0x61,0x21,0x12,0x23,0x06,0x09,0x00,0x82,0x60,0x60,0xa0,0x06,0x5c,0xcc,0x85,0x5d,0x80,0xc5,0x48,0x8c,0x18,0x24,
    0x00,0x08,0x82,0x81,0x91,0x1a,0x71,0x41,0x17,0x77,0x21,0x16,0x24,0x31,0x62,0x90,0x00,0x20,0x08,0x06,0x86,0x6a,0xc8,0x45,
    0x5d,0xe0,0x85,0x59,0x94,0xc4,0x88,0x41,0x02,0x80,0x20,0x18,0x18,0xab,0x31,0x17,0x7a,0x91,0x17,0x65,0x61,0x12,0x23,0x06,
    0x09,0x00,0x82,0x60,0x60,0xb0,0x06,0x5d,0xec,0x85,0x5e,0x90,0xc5,0x49,0x8c,0x18,0x24,0x00,0x08,0x82,0x81,0xd1,0x1a,0x75,
    0xc1,0x17,0x7b,0x61,0x16,0x28,0x31,0x62,0x90,0x00,0x20,0x08,0x06,0x86,0x6b,0xd8,0x45,0x5f,0xf0,0x85,0x5a,0xa4,0xc4,0x88,
    0x41,0x02,0x80,0x20,0x18,0x18,0xaf,0x71,0x17,0x7d,0xd1,0x17,0x6b,0xa1,0x12,0x23,0x06,0x07,0x00,0x82,0x60,0x80,0x06,0xa1,
    0x61,0x12,0x75,0x80,0x17,0xa3,0x09,0xc1,0x30,0x1c,0x11,0x9c,0x83,0xf0,0xcd,0x32,0x04,0x43,0x30,0x62,0x90,0x00,0x20,0x08,
    0x06,0xc6,0x6c,0xec,0x05,0x5d,0x84,0xc6,0x5a,0xb8,0xc4,0x88,0x41,0x02,0x80,0x20,0x18,0x18,0xb4,0xc1,0x17,0x75,0x21,0x1a,
    0x6e,0xf1,0x12,0x16,0x18,0xf2,0xb1,0xe1,0x90,0x8f,0x09,0x82,0x7c,0x4c,0x10,0xe4,0x63,0x42,0x00,0x9f,0x11,0x03,0x03,0x00,
    0x41,0x30,0x78,0x6c,0xe3,0x24,0x02,0x1b,0x87,0x20,0x3e,0x23,0x06,0x07,0x00,0x82,0x60,0xd0,0xe4,0x86,0x4d,0x04,0xe3,0x30,
    0x62,0x70,0x00,0x20,0x08,0x06,0x8d,0x6e,0xd8,0x44,0x50,0x0e,0xc3,0x11,0x41,0x39,0x28,0xdf,0x2c,0xc3,0x20,0x04,0x23,0x06,
    0x06,0x00,0x82,0x60,0xb0,0xf4,0x06,0x4f,0xb0,0xc5,0x2c,0xc1,0x30,0xd0,0x31,0x10,0x02,0x11,0xb8,0x06,0x30,0x62,0x70,0x00,
    0x20,0x08,0x06,0x68,0x10,0x1b,0x36,0x61,0x0a,0x39,0x31,0x9a,0x10,0x00,0xa3,0x09,0x42,0x70,0x02,0x81,0x2a,0x50,0x0d,0x2d,
    0x41,0x36,0x74,0xb8,0x21,0xa0,0x0d,0x30,0x28,0xe2,0x35,0xb0,0x02,0xd4,0xd0,0x32,0x4e,0x42,0x87,0x1b,0x02,0xdc,0x00,0x83,
    0x42,0x5e,0x03,0x2b,0xa8,0x0d,0x2d,0x85,0x2e,0x74,0xb8,0x21,0xe0,0x8d,0x30,0x28,0xa6,0x2d,0x74,0xb8,0x21,0xf0,0x0d,0x30,
    0xb8,0x87,0x40,0xd3,0x0d,0x6f,0x70,0x06,0xc4,0x74,0xc3,0x1b,0x9c,0x41,0x31,0xdd,0xf0,0x06,0x67,0x60,0x4c,0x37,0xbc,0xc1,
    0x19,0x1c,0xd3,0x0d,0x77,0xf0,0x06,0xc8,0x74,0xc3,0x1d,0xbc,0x41,0x32,0xdd,0x70,0x07,0x6f,0xa0,0x4c,0x37,0xdc,0xc1,0x1b,
    0x2c,0xb3,0x04,0xc4,0x40,0xc5,0x00,0x0d,0x29,0x69,0xd0,0xd6,0x40,0xc5,0x00,0x0d,0x29,0x69,0xd0,0xd6,0x40,0xc5,0x00,0x0d,
    0x29,0x69,0xd0,0xd6,0x40,0xc5,0x00,0x0d,0x29,0x69,0xd0,0xd6,0x40,0xc5,0xa0,0x22,0x43,0x4a,0x1a,0xb4,0x35,0x50,0x31,0xb0,
    0xc8,0x90,0x92,0x06,0x6d,0x0d,0x54,0x0c,0x2e,0x32,0xa4,0xa4,0x41,0x5b,0x03,0x15,0x03,0x8c,0x0c,0x29,0x69,0xd0,0xd6,0x40,
    0xc5,0x20,0x23,0x43,0x38,0x13,0xb4,0x35,0x50,0x31,0xd0,0xc8,0x10,0xce,0x04,0x6d,0x0d,0x54,0x0c,0x36,0x32,0x84,0x33,0x41,
    0x5b,0x03,0x15,0x84,0xf9,0x0c,0x25,0x69,0xd0,0xd6,0x40,0x05,0x81,0x3e,0x43,0x1a,0xd0,0xd6,0x40,0x05,0xa1,0x3e,0xc3,0x2a,
    0xd0,0xd6,0x40,0x05,0xc1,0x3e,0x43,0x48,0x1a,0xb4,0x35,0xdc,0x10,0x94,0x81,0x19,0xcc,0x32,0xd4,0x56,0x11,0x94,0x50,0x1f,
    0x64,0x41,0x5c,0x80,0x60,0xc4,0xe0,0x00,0x40,0x10,0x0c,0xd0,0xa0,0x3f,0x44,0x43,0x1e,0x82,0xd1,0x84,0x00,0x18,0x4d,0x10,
    0x82,0xd1,0x84,0x41,0x18,0x4d,0x20,0x86,0x4a,0x40,0x44,0x87,0x1b,0x02,0x10,0x09,0x83,0xe9,0x86,0xa1,0x08,0x2e,0x20,0xd0,
    0x74,0x83,0x81,0x0c,0x17,0x10,0xc8,0x1e,0x10,0x91,0x41,0x9d,0x41,0x90,0x15,0xfc,0x87,0x16,0x61,0x1a,0x5a,0x05,0x68,0x60,
    0x05,0x25,0xa2,0x75,0x94,0x87,0x0e,0x37,0x04,0x2c,0x12,0x06,0xb5,0xf0,0x05,0x56,0x00,0x22,0x5a,0x4b,0x88,0x60,0x05,0x28,
    0xa2,0x26,0xc8,0xc8,0x0d,0xca,0x59,0x11,0xac,0x60,0x45,0xd4,0x84,0x1a,0xb9,0x41,0x45,0x2c,0x82,0x15,0xb8,0x88,0x9a,0x80,
    0x23,0x37,0x28,0x6a,0x3e,0x74,0xb8,0x21,0xc8,0x91,0x30,0x28,0x0c,0x37,0xb4,0xb2,0x16,0xc1,0x0a,0x68,0x44,0x6b,0xb3,0x11,
    0xac,0xc0,0x46,0xd4,0x04,0x30,0xb9,0x41,0x79,0x37,0x82,0x15,0xe4,0x88,0x9a,0x30,0x26,0x37,0xa8,0x36,0x20,0x93,0xab,0xa0,
    0x4c,0xd6,0x02,0xf1,0x80,0xc1,0x88,0xc1,0x01,0x80,0x20,0x18,0xa0,0x41,0x9a,0xb8,0x87,0x4f,0x04,0xa3,0x09,0x01,0x30,0x9a,
    0x20,0x04,0xa3,0x09,0x83,0x30,0x9a,0x40,0x0c,0x86,0xa0,0x07,0x0c,0x46,0x0c,0x0e,0x00,0x04,0xc1,0x00,0x0d,0xde,0x84,0x3e,
    0xc8,0x22,0x18,0x4d,0x08,0x06,0x0b,0x56,0x03,0x3e,0x17,0x10,0x68,0x34,0x81,0x08,0x46,0x13,0x0a,0xe1,0x04,0x02,0x55,0x30,
    0x1e,0x5b,0x02,0x8c,0xe8,0x74,0x83,0x10,0xa4,0x41,0x05,0x72,0x82,0x15,0xbc,0x89,0x0e,0x47,0x1c,0xb5,0x21,0x7c,0xc3,0x0d,
    0x71,0xa0,0x27,0x60,0x30,0xcb,0x50,0x5b,0x46,0x30,0xdc,0x40,0x0a,0x7b,0x02,0x06,0xb3,0x0c,0xcd,0x11,0x0c,0x37,0x94,0x02,
    0x9e,0x80,0xc1,0x2c,0x43,0x83,0x04,0xc3,0x0d,0xa6,0x70,0x27,0x60,0x30,0xcb,0xd0,0x24,0xc1,0x70,0xc3,0x29,0xdc,0x09,0x18,
    0xcc,0x32,0x34,0x4a,0x30,0xdc,0x80,0x0a,0x77,0x02,0x06,0xb3,0x0c,0xcd,0x12,0x0c,0x37,0xa4,0x42,0x9f,0x80,0xc1,0x2c,0x43,
    0xc3,0x04,0xc3,0x0d,0xaa,0x80,0x27,0x60,0x30,0xdd,0x40,0x17,0x38,0x11,0x4c,0x37,0xd0,0x05,0x4e,0x08,0xd3,0x0d,0x74,0x81,
    0x13,0xc3,0x74,0x03,0x5d,0xe0,0x04,0x31,0x4b,0xd0,0x0c,0xf4,0x0c,0xa0,0x62,0xa0,0xca,0x01,0x2b,0x08,0xae,0x24,0xe0,0xa2,
    0xa0,0xcb,0x82,0x30,0x03,0x3d,0x03,0xa8,0x18,0xa8,0x72,0xc0,0x0a,0x82,0x2b,0x09,0xb8,0x28,0xe8,0xb2,0x20,0xcc,0x40,0xcf,
    0x00,0x2a,0x06,0xaa,0x1c,0xb0,0x82,0xe0,0x4a,0x02,0x2e,0x0a,0xba,0x2c,0x08,0x33,0xd0,0x33,0x80,0x8a,0x81,0x2a,0x07,0xac,
    0x20,0xb8,0x92,0x80,0x8b,0x82,0x2e,0x0b,0xc2,0x8c,0x18,0x1c,0x00,0x08,0x82,0x01,0x1a,0xb0,0x4a,0x8c,0x80,0xc6,0xa8,0x8c,
    0x26,0x04,0xc2,0x70,0x44,0x80,0x1e,0xc2,0x37,0xcb,0xe0,0x3c,0xc1,0x88,0x81,0x01,0x80,0x20,0x18,0x3c,0xba,0xa2,0x2a,0xa2,
    0x31,0x1c,0x11,0xb4,0x07,0xf1,0x0d,0x47,0x90,0xc6,0x79,0x10,0xdf,0x74,0xc3,0x7d,0xbc,0x47,0x30,0xdd,0x10,0x98,0xc6,0x30,
    0xdc,0xb0,0x0b,0xa9,0x02,0x06,0xd6,0x08,0xf4,0xb1,0x66,0xa0,0x8f,0x31,0x04,0x7d,0xcc,0x29,0xe8,0x33,0xdd,0xf0,0x04,0xc5,
    0x2c,0xc1,0x33,0x50,0x31,0x90,0x41,0xa3,0x38,0x03,0x15,0x03,0x19,0x34,0x8a,0x33,0x50,0x31,0x90,0x41,0x63,0x38,0x03,0x15,
    0x03,0x19,0x34,0x8c,0x53,0x66,0xb0,0x22,0x3a,0xdc,0x10,0xf0,0x0a,0x18,0xcc,0x32,0x44,0x50,0x30,0x62,0x60,0x00,0x20,0x08,
    0x06,0xcf,0xba,0xec,0xca,0x30,0x1c,0x11,0xfc,0x07,0xf1,0x0d,0x47,0x14,0xf8,0x41,0x7c,0xd3,0x0d,0x22,0x12,0x22,0xc1,0x74,
    0x43,0x70,0x0c,0xb6,0x04,0xf4,0xb1,0x45,0xa0,0x8f,0x2d,0x03,0x7d,0x66,0x09,0xa2,0x81,0x8a,0xc1,0x80,0xb8,0x67,0xa0,0x62,
    0x30,0x20,0xee,0x19,0xa8,0x18,0x0c,0x88,0x7b,0x86,0x1b,0xe4,0x01,0x5d,0xc2,0xa0,0xea,0xe1,0x46,0x74,0xb8,0x21,0x78,0x13,
    0x30,0xa8,0x60,0xd0,0x59,0x06,0xa9,0x0a,0x86,0x1b,0xf2,0x81,0x5d,0xc0,0x60,0x96,0x81,0x9a,0x02,0xeb,0x07,0x18,0x91,0x8f,
    0x05,0x32,0x02,0x1f,0xf3,0x07,0x19,0x91,0x8f,0x05,0x34,0x02,0x9f,0x11,0x83,0x03,0x00,0x41,0x30,0x68,0x40,0xa6,0x4f,0x06,
    0x1b,0x19,0x31,0x38,0x00,0x10,0x04,0x83,0x26,0x64,0xfc,0x44,0xb8,0x91,0x11,0x83,0x03,0x00,0x41,0x30,0x68,0x44,0xc6,0x4f,
    0x84,0x16,0x19,0x31,0x38,0x00,0x10,0x04,0x83,0x66,0x64,0xfe,0x44,0x70,0x91,0x59,0x02,0x6a,0xa0,0x62,0x20,0x26,0x15,0x91,
    0x06,0x2a,0x06,0x62,0x52,0x11,0xc9,0x68,0x61,0x4e,0x40,0x30,0x62,0x70,0x00,0x20,0x08,0x06,0x68,0xb0,0x2f,0xa0,0x02,0x1f,
    0xc1,0x68,0x42,0x00,0x8c,0x26,0x08,0xc1,0x88,0x41,0x02,0x80,0x20,0x18,0x44,0x28,0xc3,0x2a,0x42,0x60,0x14,0x16,0x5c,0xf0,
    0x19,0x4d,0x28,0x84,0xd1,0x04,0x63,0x18,0x31,0x48,0x00,0x10,0x04,0x83,0x88,0x65,0x60,0x45,0x08,0x94,0xc4,0x02,0x0d,0x3e,
    0xb3,0x04,0xd5,0x40,0xc5,0xa0,0x50,0x78,0x10,0x0d,0x54,0x0c,0x04,0x85,0x07,0xd1,0x2c,0x83,0x55,0x43,0xab,0x30,0x62,0x70,
    0x00,0x20,0x08,0x06,0x68,0x60,0x32,0xab,0xb2,0x1f,0xbf,0x30,0x9a,0x10,0x08,0xa3,0x09,0xc2,0x70,0x01,0x81,0x2a,0x28,0x15,
    0xbd,0x60,0x60,0x35,0x88,0x0c,0x56,0x80,0x2a,0x7a,0xc1,0xc0,0xca,0xe0,0x15,0x1d,0x6e,0x08,0x5a,0x26,0x0c,0x0a,0x59,0x17,
    0x1d,0x6e,0x08,0x5e,0x06,0x0c,0x86,0x1b,0x4c,0x22,0x66,0xc0,0x60,0xb8,0x41,0x17,0x62,0x06,0x0c,0x4a,0x08,0x76,0x96,0xa1,
    0xbb,0x82,0xea,0x05,0x9a,0xd1,0xe1,0x86,0x80,0x66,0xc0,0x60,0x96,0x21,0xc3,0x82,0x11,0x03,0x03,0x00,0x41,0x30,0x78,0xc6,
    0x66,0x66,0xa8,0x11,0x83,0x03,0x00,0x41,0x30,0x68,0xca,0x46,0x5c,0x82,0x37,0x19,0x31,0x38,0x00,0x10,0x04,0x83,0xc6,0x6c,
    0xc4,0x25,0x88,0x93,0x59,0x82,0x6c,0xa0,0x62,0x10,0x30,0x37,0xb8,0x6a,0x1c,0x6c,0x46,0x87,0x1b,0x02,0x9d,0x01,0x83,0x59,
    0x86,0x4d,0x0b,0x46,0x0c,0x0c,0x00,0x04,0xc1,0xe0,0x49,0x9b,0x9c,0xc9,0x46,0x0c,0x0e,0x00,0x04,0xc1,0xa0,0x59,0x1b,0x74,
    0x09,0xea,0x64,0xc4,0xe0,0x00,0x40,0x10,0x0c,0x1a,0xb6,0x41,0x97,0xe0,0x4e,0x66,0x09,0xb6,0x81,0x8a,0x41,0xd0,0xf0,0x20,
    0x1b,0x6e,0xa8,0x09,0x9d,0x01,0x83,0x52,0x07,0x9d,0xd1,0xe1,0x86,0x20,0x6c,0xc2,0xa0,0x86,0x40,0x67,0x19,0xb8,0x2e,0x18,
    0x31,0x30,0x00,0x10,0x04,0x83,0x27,0x6e,0xc2,0x86,0x0f,0x46,0x0c,0x0e,0x00,0x04,0xc1,0xa0,0x99,0x1b,0x78,0x09,0xfa,0x64,
    0xc4,0xe0,0x00,0x40,0x10,0x0c,0x1a,0xba,0x81,0x97,0xe0,0x4f,0x66,0x09,0xba,0x81,0x8e,0x41,0x15,0x2c,0x8e,0xe3,0xb6,0x81,
    0x8e,0x41,0x15,0x2c,0x89,0x93,0xb6,0x81,0x8e,0x41,0x24,0x2c,0x83,0x13,0x89,0x6d,0x96,0xc1,0x23,0x83,0x6c,0xb8,0x41,0x2c,
    0xc6,0x86,0x0c,0x66,0x19,0xbe,0x1a,0x0a,0x86,0x59,0x88,0xb1,0xa8,0xa1,0x09,0x0c,0xa4,0x30,0xb0,0xc4,0x00,0x1b,0x83,0x11,
    0x03,0x08,0x00,0x41,0x30,0xb0,0xec,0x46,0x5d,0xf6,0x64,0x4d,0x88,0x41,0x28,0x95,0x7b,0xb9,0x97,0x7b,0x31,0x83,0x52,0x19,
    0x4d,0x08,0x80,0xd1,0x04,0x21,0x18,0x4d,0x18,0x84,0xd1,0x04,0x62,0x98,0x25,0xa8,0xa1,0x11,0x03,0x08,0x00,0x41,0x30,0xb0,
    0xf6,0xe6,0x5d,0x42,0x25,0x4e,0x12,0xe4,0x50,0x15,0x7e,0xe1,0x17,0x7e,0x59,0x03,0x55,0x19,0x4d,0x08,0x80,0xd1,0x04,0x21,
    0x18,0x4d,0x18,0x84,0xd1,0x04,0x62,0x98,0x25,0xa8,0xa1,0x11,0x03,0x08,0x00,0x41,0x30,0xb0,0x40,0x87,0x5e,0x4e,0xe5,0x4e,
    0x9c,0x86,0x79,0x95,0x90,0x09,0x99,0x90,0x81,0x83,0x57,0x19,0x4d,0x08,0x80,0xd1,0x04,0x21,0x18,0x4d,0x18,0x84,0xd1,0x04,
    0x62,0x98,0x25,0xa8,0xa1,0x11,0x03,0x08,0x00,0x41,0x30,0xb0,0x4a,0x27,0x5f,0x5a,0xa5,0x4f,0x26,0x29,0xa2,0x15,0x93,0x31,
    0x19,0x93,0xa9,0x03,0x5a,0x19,0x4d,0x08,0x80,0xd1,0x04,0x21,0x18,0x4d,0x18,0x84,0xd1,0x04,0x62,0x98,0x25,0xa8,0xa1,0xe1,
    0x06,0xba,0xc8,0x1b,0x30,0x98,0x65,0x28,0x03,0xb3,0x08,0x66,0x19,0xcc,0xe0,0x0c,0xe4,0x60,0xc4,0xc0,0x00,0x40,0x10,0x0c,
    0x9e,0xd6,0xd1,0x17,0x3f,0x18,0x31,0x30,0x00,0x10,0x04,0x83,0xc7,0x75,0xf6,0xc5,0x0f,0x46,0x0c,0x0c,0x00,0x04,0xc1,0xe0,
    0x79,0x1d,0x7e,0xd1,0x85,0x11,0x03,0x03,0x00,0x41,0x30,0x78,0x60,0x87,0x5f,0x42,0x61,0xc4,0xc0,0x00,0x40,0x10,0x0c,0x9e,
    0xd8,0xe9,0x97,0x50,0x18,0x31,0x30,0x00,0x10,0x04,0x83,0x47,0x76,0xfc,0xa5,0x17,0x66,0x09,0xce,0x60,0xa0,0x62,0x60,0xcc,
    0x80,0xaf,0xca,0x60,0xa0,0x62,0x60,0xcc,0xc0,0xaf,0xca,0x60,0xa0,0x62,0x60,0xcc,0x00,0xb4,0xca,0x60,0xa0,0x62,0x60,0xcc,
    0x40,0xb4,0xca,0x60,0xa0,0x62,0x60,0xcc,0x80,0xb4,0xca,0x60,0xa0,0x62,0x60,0xcc,0xc0,0xb4,0xca,0x60,0xb8,0x81,0x34,0x4a,
    0x87,0x0c,0x66,0x19,0xd0,0xa0,0x86,0x82,0x59,0x86,0x5f,0x48,0x83,0x3e,0x18,0x66,0x21,0x4a,0xc3,0x0d,0x26,0x35,0x90,0xd6,
    0xc0,0x62,0x03,0xac,0x0d,0x46,0x0c,0x0e,0x00,0x04,0xc1,0x60,0xb3,0x1d,0x9b,0x09,0x17,0xd6,0x19,0x4d,0x08,0x80,0xd1,0x04,
    0x21,0x18,0x4d,0x18,0x84,0x59,0x02,0x37,0x18,0x31,0x38,0x00,0x10,0x04,0x83,0x4d,0x77,0x74,0xc6,0x5c,0x60,0x67,0x34,0x21,
    0x00,0x46,0x13,0x84,0x60,0x34,0x61,0x10,0x66,0x09,0xdc,0x60,0xc4,0xe0,0x00,0x40,0x10,0x0c,0x36,0xdf,0xf1,0x99,0x75,0xa1,
    0x9d,0xd1,0x84,0x00,0x18,0x4d,0x10,0x82,0xd1,0x84,0x41,0x98,0x25,0x70,0x83,0x11,0x83,0x03,0x00,0x41,0x30,0xd8,0xc4,0x47,
    0x6c,0xe0,0x05,0x77,0x46,0x13,0x02,0x60,0x34,0x41,0x08,0x46,0x13,0x06,0x61,0x96,0xc0,0x0d,0x06,0x5a,0x08,0xa1,0x0d,0x14,
    0x36,0x90,0xd6,0x40,0x53,0x03,0xbc,0x4b,0x83,0x81,0x16,0xc2,0x68,0x03,0x87,0x0d,0xac,0x35,0xf0,0xd4,0x40,0xef,0xd2,0x60,
    0xa0,0x85,0x50,0xda,0x40,0x62,0x03,0x6d,0x0d,0xc4,0x40,0x0d,0xf8,0x2e,0x0d,0x2e,0x18,0xd4,0x0d,0x83,0xba,0x62,0x50,0x36,
    0x68,0xf2,0xb1,0x41,0x93,0x8f,0x0d,0x9a,0x7c,0x6c,0x18,0xe4,0x63,0xc3,0x20,0x1f,0x1b,0x06,0xf9,0x98,0x10,0xc0,0xc7,0x02,
    0x02,0x3e,0x23,0x06,0x06,0x00,0x82,0x60,0xf0,0xe0,0x4f,0xda,0x04,0xc6,0x98,0x81,0x7c,0x8c,0x31,0x03,0xf9,0x18,0x63,0x06,
    0xf2,0xb1,0x61,0x90,0x8f,0x0d,0x83,0x7c,0x6c,0x18,0xe4,0x63,0x42,0x00,0x1f,0x0b,0x08,0xf8,0x8c,0x18,0x18,0x00,0x08,0x82,
    0xc1,0x13,0x42,0x72,0x13,0x8c,0x18,0x1c,0x00,0x08,0x82,0x41,0x33,0x42,0xa0,0x13,0x28,0x23,0x06,0x07,0x00,0x82,0x60,0xd0,
    0x90,0x10,0xe8,0x08,0xcb,0x70,0x84,0x00,0x33,0xca,0x37,0xcb,0xf0,0x06,0x70,0x10,0x8c,0x18,0x1c,0x00,0x08,0x82,0x41,0x63,
    0x42,0xa3,0x23,0xe0,0x8c,0x11,0x01,0x7d,0x46,0x0c,0x0c,0x00,0x04,0xc1,0xe0,0x39,0x21,0xb6,0x09,0x46,0x0c,0x0e,0x00,0x04,
    0xc1,0xa0,0x49,0x21,0xd3,0xa1,0x99,0x60,0xc4,0xe0,0x00,0x40,0x10,0x0c,0x1a,0x15,0x32,0x1d,0x78,0x08,0x66,0x09,0xe0,0x60,
    0xa0,0x62,0x10,0xde,0x80,0xcd,0xdc,0xc0,0x92,0x80,0x3e,0x23,0x06,0x07,0x00,0x82,0x60,0xd0,0xb4,0x90,0xea,0x04,0xc9,0x88,
    0xc1,0x01,0x80,0x20,0x18,0x34,0x2e,0xb4,0x3a,0xc1,0xcf,0x8c,0x18,0x18,0x00,0x08,0x82,0xc1,0xe3,0x42,0x79,0x13,0x58,0xd0,
    0x0f,0xf0,0x19,0x31,0x38,0x00,0x10,0x04,0x83,0x26,0x86,0x5c,0x27,0xd0,0x87,0xe1,0x08,0x28,0x1b,0xbe,0xe9,0x86,0x3f,0xe0,
    0x83,0x60,0xba,0xe1,0x0f,0xf8,0x40,0x98,0x6e,0xf8,0x03,0x3e,0x18,0x0c,0x44,0x72,0x07,0x06,0x23,0x06,0x07,0x00,0x82,0x60,
    0x80,0x06,0x2b,0x04,0x3b,0x20,0x13,0x8c,0x26,0x04,0xc0,0x05,0x84,0xa9,0xa0,0x7f,0x74,0xb8,0x21,0x30,0x21,0x30,0xa8,0x41,
    0x6f,0x74,0xb8,0x21,0x10,0x1d,0x30,0xa8,0x21,0xd8,0x59,0x06,0x39,0x88,0x83,0xa0,0x0c,0xbe,0xd1,0xe1,0x86,0x80,0x6f,0xc0,
    0x60,0x96,0x40,0x0e,0x06,0x2a,0x14,0xf1,0x83,0x03,0x21,0x0e,0xee,0x22,0xd0,0x70,0x43,0x40,0x43,0x66,0x30,0xcb,0x30,0x07,
    0xbe,0x10,0xcc,0x12,0xd0,0xc1,0x40,0xc5,0x10,0x3b,0xbc,0xc0,0x6b,0x73,0x30,0x50,0x31,0xc4,0x0e,0x2f,0xf8,0xda,0x1c,0x0c,
    0x54,0x0c,0xb1,0xc3,0x0b,0xe0,0x36,0x07,0x03,0x15,0x43,0xec,0xf0,0x82,0xb8,0xcd,0xc1,0x40,0x05,0x11,0x3b,0xbc,0x20,0x87,
    0xc1,0x1c,0x5c,0x30,0x30,0x0b,0xf0,0x06,0x3e,0x16,0x80,0x01,0x7d,0x2c,0xc8,0x1b,0xf8,0x58,0xa0,0xc9,0xc7,0x04,0x4d,0x3e,
    0x36,0x68,0xf2,0xb1,0x61,0x1f,0xe0,0x63,0xc3,0x3e,0xc0,0xc7,0x86,0x7d,0x80,0xcf,0x2c,0x43,0x1d,0xd8,0x82,0x34,0xcc,0x42,
    0xf4,0x88,0x1e,0x4c,0x76,0x20,0xdd,0x81,0x85,0x07,0x58,0x1e,0x8c,0x18,0x1c,0x00,0x08,0x82,0xc1,0xe6,0x46,0xee,0x93,0x37,
    0x64,0x34,0x9a,0x10,0x0c,0xb3,0x04,0x7a,0x30,0x62,0x70,0x00,0x20,0x08,0x06,0x1b,0x1c,0xc1,0x0f,0xdf,0x98,0xd1,0x68,0x42,
    0x30,0xcc,0x12,0xe8,0xc1,0x88,0xc1,0x01,0x80,0x20,0x18,0x6c,0x72,0x24,0x3f,0x7f,0x83,0x46,0xa3,0x09,0xc1,0x30,0x4b,0xa0,
    0x07,0x23,0x06,0x07,0x00,0x82,0x60,0xb0,0xd1,0x11,0xfd,0x88,0x8e,0x1a,0x8d,0x26,0x04,0xc3,0x2c,0x81,0x1e,0x0c,0xb4,0x10,
    0x42,0x1e,0x18,0x78,0xa0,0xdc,0x81,0x63,0x07,0xb8,0x18,0xd4,0xc1,0x88,0xc1,0x01,0x80,0x20,0x18,0xa0,0x01,0x1c,0xd5,0x4f,
    0xd9,0x98,0xc1,0x68,0x42,0x30,0x5c,0x40,0x98,0x0a,0xc4,0x48,0x87,0x1b,0x82,0x38,0x02,0x83,0x59,0x06,0x3e,0xd8,0x83,0xa0,
    0x8c,0xfd,0x81,0x0b,0x06,0x35,0x62,0x70,0x00,0x20,0x08,0x06,0xcd,0x28,0x81,0x90,0x1c,0xb4,0xce,0x88,0xc1,0x01,0x80,0x20,
    0x18,0x34,0xa4,0x04,0x42,0x81,0x30,0x4b,0xc0,0x07,0x03,0x15,0x83,0xb0,0x07,0x3e,0xa7,0x07,0xc3,0x11,0x01,0xec,0x08,0xdf,
    0x68,0xc2,0x12,0x8c,0x26,0x30,0xc2,0x74,0x83,0x10,0x0c,0xc3,0x11,0x41,0xed,0x38,0xdf,0x70,0x03,0x93,0x47,0x60,0x30,0xdc,
    0xd0,0xd4,0x11,0x18,0x94,0x10,0xac,0x25,0xbc,0x03,0x9f,0xe9,0x06,0x25,0x10,0x46,0x0c,0x0c,0x00,0x04,0xc1,0xe0,0x79,0x25,
    0x14,0x0a,0x2e,0x20,0x4c,0x5d,0x2c,0x04,0x25,0x94,0x12,0x8c,0x18,0x1c,0x00,0x08,0x82,0x41,0xe7,0x4a,0xfb,0x13,0x08,0xb3,
    0x04,0x7d,0x30,0x50,0x31,0xf8,0x1d,0x1f,0xc4,0x49,0x2d,0x0c,0x54,0x0c,0xa0,0xc7,0x07,0x71,0x52,0x0b,0x03,0x15,0x83,0xe8,
    0xf1,0x41,0x9c,0xd4,0xc2,0x40,0xc5,0x40,0x7a,0x7c,0x10,0x27,0xb5,0x30,0x50,0x41,0xd0,0x64,0xc0,0x07,0x71,0x52,0x0b,0xc3,
    0x0d,0xc1,0x2a,0x81,0xc1,0x74,0x83,0x72,0x04,0xc3,0x2c,0x84,0xa9,0x88,0xc2,0xe4,0x07,0xd2,0x1f,0x58,0xa0,0x80,0x85,0xc2,
    0x88,0xc1,0x01,0x80,0x20,0x18,0x6c,0xb7,0x74,0x43,0xe2,0x13,0x8c,0x26,0x04,0xc0,0x68,0x82,0x10,0x8c,0x26,0x0c,0xc2,0x2c,
    0x81,0x28,0x8c,0x18,0x1c,0x00,0x08,0x82,0xc1,0xb6,0x4b,0x3b,0x74,0x3e,0xc5,0x68,0x42,0x00,0x8c,0x26,0x08,0xc1,0x68,0xc2,
    0x20,0xcc,0x12,0x88,0xc2,0x88,0xc1,0x01,0x80,0x20,0x18,0x6c,0xbf,0xf4,0x43,0xec,0x93,0x8c,0x26,0x04,0xc0,0x68,0x82,0x10,
    0x8c,0x26,0x0c,0xc2,0x2c,0x81,0x28,0x8c,0x18,0x1c,0x00,0x08,0x82,0xc1,0x36,0x4e,0x63,0x14,0x3f,0xcd,0x68,0x42,0x00,0x8c,
    0x26,0x08,0xc1,0x68,0xc2,0x20,0xcc,0x12,0x88,0xc2,0x40,0x0b,0x21,0x84,0x82,0x02,0x0a,0xd2,0x1f,0x68,0x7e,0xa0,0x97,0x41,
    0x1f,0x0c,0xb4,0x10,0x46,0x28,0x38,0xa0,0x60,0xfd,0x81,0xe7,0x07,0x7c,0x19,0xf4,0xc1,0x40,0x0b,0xa1,0x84,0x82,0x04,0x0a,
    0xda,0x1f,0x88,0x81,0x1f,0xf8,0x65,0xd0,0x07,0xb3,0x0c,0xa3,0x60,0x0a,0xb4,0x30,0xcb,0x50,0x0a,0xa4,0x50,0x06,0xc3,0x11,
    0x7f,0x90,0x3f,0xc3,0x37,0x1c,0x01,0x0a,0xfb,0x43,0x7c,0x25,0x04,0x3a,0xdd,0xd0,0x3f,0xfc,0x13,0xcc,0x12,0x98,0xc2,0x15,
    0x83,0xb2,0x80,0x14,0xe4,0x63,0x81,0x08,0xc1,0x67,0xc4,0xc0,0x00,0x40,0x10,0x0c,0x9e,0x7a,0x72,0xa3,0xe0,0x02,0x02,0x8d,
    0x18,0x18,0x00,0x08,0x82,0xc1,0x73,0x4f,0x6e,0x34,0x0c,0x37,0x08,0x73,0x64,0x06,0xc3,0x0d,0x03,0x83,0x06,0x25,0x04,0x6a,
    0x27,0x44,0xc4,0x67,0xba,0x21,0x38,0x21,0xc1,0x0e,0x78,0x02,0xc1,0x70,0x03,0xc2,0x46,0x66,0x30,0xdc,0x20,0x48,0x68,0x50,
    0x42,0xa0,0xd3,0x0d,0x0a,0x0b,0x05,0x16,0x18,0xf0,0x99,0x25,0x30,0x85,0x81,0x8e,0x41,0x28,0x05,0x32,0x20,0x05,0x1f,0x0c,
    0x44,0x61,0x96,0xe1,0x14,0x54,0x01,0x1d,0x66,0x19,0x52,0x01,0x15,0xf6,0x60,0x38,0x82,0x16,0x5e,0x68,0xf8,0x86,0x23,0x6a,
    0x21,0x86,0x88,0xaf,0x84,0x40,0xa7,0x1b,0x66,0x48,0x86,0x82,0x59,0x02,0x55,0x38,0x6e,0x50,0x16,0xe4,0x82,0x7c,0x2c,0xc0,
    0x21,0xf8,0x8c,0x18,0x18,0x00,0x08,0x82,0xc1,0xb3,0x52,0xa4,0x14,0x5c,0x40,0xa0,0x11,0x03,0x03,0x00,0x41,0x30,0x78,0x5a,
    0x8a,0x94,0x86,0xe1,0x06,0x21,0x95,0xcc,0x60,0xb8,0x61,0x18,0x03,0x34,0x28,0x21,0x50,0xeb,0x21,0x22,0x3e,0xd3,0x0d,0x41,
    0x0f,0x09,0x76,0x98,0x14,0x08,0x86,0x1b,0x10,0x51,0x32,0x83,0xe1,0x06,0x21,0x0d,0xd0,0xa0,0x84,0x40,0xa7,0x1b,0x14,0x31,
    0x0a,0x2c,0x30,0xe0,0x33,0x4b,0xa0,0x0a,0x03,0x1d,0x83,0x90,0x0a,0x64,0x80,0x0a,0xaa,0x18,0x98,0x82,0x05,0x97,0x7c,0x6a,
    0x24,0xf2,0x48,0x87,0x1b,0x82,0x3c,0x02,0x83,0x59,0x86,0x55,0x70,0x85,0x60,0x96,0xa1,0x15,0x58,0x81,0x16,0x86,0x23,0xd8,
    0x01,0x8d,0x86,0x6f,0x38,0xa2,0x1d,0xd4,0x88,0xf8,0x4a,0x08,0x74,0xba,0x81,0x8d,0xd6,0x28,0x98,0x25,0x70,0x85,0xb3,0x83,
    0x41,0x59,0x10,0x0f,0xf2,0xb1,0x20,0x8e,0xe0,0x33,0x62,0x60,0x00,0x20,0x08,0x06,0x0f,0x59,0xf5,0x52,0x70,0x01,0x81,0x46,
    0x0c,0x0c,0x00,0x04,0xc1,0xe0,0x31,0xab,0x5e,0x1a,0x86,0x1b,0x04,0x71,0x32,0x83,0xe1,0x86,0xa1,0x0f,0xd0,0xa0,0x84,0x40,
    0xcd,0x8e,0x88,0xf8,0x4c,0x37,0x04,0x76,0x24,0xd8,0xf1,0x53,0x20,0x18,0x6e,0x40,0x76,0xc9,0x0c,0x86,0x1b,0x84,0x51,0x40,
    0x83,0x12,0x02,0x9d,0x6e,0x50,0xf6,0x28,0xb0,0xc0,0x80,0xcf,0x2c,0x81,0x2b,0x0c,0x74,0x0c,0x42,0x2b,0x90,0x01,0x2b,0xf0,
    0x63,0xa0,0x0a,0x96,0x05,0xf2,0x39,0x5d,0x18,0xd4,0x30,0x0b,0x01,0x36,0xb3,0x30,0xbd,0x82,0x04,0x0b,0x56,0x2c,0x60,0xb2,
    0x30,0x62,0xf0,0x00,0x20,0x08,0x06,0x98,0x5c,0xad,0x13,0x1f,0xb1,0x91,0x49,0x94,0x04,0x49,0x88,0xd2,0x59,0x9d,0xd5,0x59,
    0x05,0xa3,0x09,0x01,0x30,0x9a,0x20,0x04,0xa3,0x09,0x83,0x30,0x9a,0x40,0x0c,0xb3,0x04,0xb3,0x30,0x62,0xf0,0x00,0x20,0x08,
    0x06,0xd8,0x5d,0xc1,0x93,0x28,0xc9,0xd1,0x4a,0xa8,0x44,0x4a,0x9c,0x12,0x5b,0xb1,0x15,0x5b,0x19,0xa3,0x09,0x01,0x30,0x9a,
    0x20,0x04,0xa3,0x09,0x83,0x30,0x9a,0x40,0x0c,0xb3,0x04,0xb3,0x30,0x62,0xf0,0x00,0x20,0x08,0x06,0x18,0x5f,0xd5,0x13,0x2a,
    0xe1,0x11,0x4c,0xbc,0x84,0x4b,0xb0,0x52,0x5c,0xc5,0x55,0x5c,0x2d,0xa3,0x09,0x01,0x30,0x9a,0x20,0x04,0xa3,0x09,0x83,0x30,
    0x9a,0x40,0x0c,0xb3,0x04,0xb3,0x30,0x62,0xf0,0x00,0x20,0x08,0x06,0x58,0x68,0xe9,0x93,0x2b,0xf9,0x51,0x4d,0xd0,0xc4,0x4c,
    0xc4,0x92,0x5d,0xd9,0x95,0x5d,0x41,0xa3,0x09,0x01,0x30,0x9a,0x20,0x04,0xa3,0x09,0x83,0x30,0x9a,0x40,0x0c,0xb3,0x04,0xb3,
    0x30,0xd0,0x32,0xa0,0x65,0xe0,0x0a,0x88,0x2c,0x48,0xb1,0xc0,0xc1,0x82,0x19,0xbc,0xc2,0x40,0xcb,0xa0,0x96,0x81,0x2b,0x20,
    0xb2,0x20,0xc5,0x02,0x07,0x0b,0x66,0xf0,0x0a,0x03,0x2d,0x03,0x5b,0x06,0xae,0x80,0xc8,0x82,0x14,0x0b,0x1c,0x2c,0x98,0xc1,
    0x2b,0x0c,0xb4,0x0c,0x6e,0x19,0xb8,0x02,0x22,0x0b,0x52,0x2c,0x70,0xb0,0x60,0x06,0xaf,0x60,0x78,0x23,0x53,0x30,0x18,0x31,
    0x38,0x00,0x10,0x04,0x03,0x34,0x18,0x2d,0x94,0xc2,0xa3,0x60,0x34,0x21,0x00,0x46,0x13,0x84,0x60,0x34,0x61,0x10,0x46,0x13,
    0x88,0xc1,0x14,0x22,0x3e,0xa6,0x10,0xf1,0x31,0x85,0x88,0x8f,0x29,0x44,0x7c,0x8c,0x20,0x03,0xf9,0x18,0x51,0x06,0xf2,0x31,
    0xc2,0x0c,0xe4,0x63,0xc4,0x19,0xc8,0xc7,0x08,0x06,0x3e,0x46,0x30,0xf0,0x31,0x82,0x81,0x8f,0x11,0x0c,0x7c,0x66,0x19,0x6a,
    0x81,0x16,0x4c,0x62,0xc4,0xc0,0x00,0x40,0x10,0x0c,0x9e,0xdf,0xb2,0xa9,0x9d,0xb0,0x82,0x25,0xe2,0x63,0x05,0x4b,0xc4,0xc7,
    0x0a,0x96,0x88,0x8f,0x15,0x2c,0x11,0x1f,0x2b,0x08,0xf9,0x98,0x41,0xc8,0xc7,0x0e,0x42,0x3e,0x86,0x10,0xf2,0x31,0x82,0x26,
    0xe0,0x63,0x04,0x4d,0xc0,0xc7,0x08,0x9a,0x80,0x8f,0x11,0x34,0x01,0x9f,0x59,0x82,0x5a,0x18,0xa8,0x18,0x10,0x5a,0x10,0x83,
    0x59,0x18,0xa8,0x18,0x10,0x5a,0x10,0x83,0x59,0x18,0xa8,0x18,0x10,0x5a,0x10,0x83,0x59,0x18,0xa8,0x18,0x10,0x5a,0x10,0x83,
    0x59,0x28,0x9c,0x18,0x2f,0x98,0x6e,0x00,0x2f,0xf2,0x2a,0x8b,0xe1,0x06,0x21,0x20,0x83,0x59,0x86,0x3e,0xd8,0x85,0x60,0x98,
    0x85,0xf0,0x1d,0x5e,0x98,0x6e,0x41,0xc2,0x05,0x2b,0x17,0x30,0x5d,0x18,0x31,0x78,0x00,0x10,0x04,0x03,0x0c,0xbe,0xd2,0x4a,
    0x9f,0xd4,0x89,0x34,0x46,0x43,0x34,0x40,0xaa,0xbc,0xca,0xab,0xbc,0xc6,0x63,0x34,0x21,0x00,0x46,0x13,0x84,0x60,0x34,0x61,
    0x10,0x46,0x13,0x88,0x61,0x96,0x80,0x17,0x46,0x0c,0x1e,0x00,0x04,0xc1,0x00,0xab,0x2f,0xb7,0x02,0x29,0x78,0x4a,0x0d,0xd4,
    0x38,0x8d,0x92,0x52,0x2f,0xf5,0x52,0x2f,0xf4,0x18,0x4d,0x08,0x80,0xd1,0x04,0x21,0x18,0x4d,0x18,0x84,0xd1,0x04,0x62,0x98,
    0x25,0xe0,0x85,0x11,0x83,0x07,0x00,0x41,0x30,0xc0,0xf4,0x6b,0xae,0x4c,0xca,0x9e,0x5c,0xa3,0x35,0x58,0x43,0xa5,0xde,0xeb,
    0xbd,0xde,0xab,0x3d,0x46,0x13,0x02,0x60,0x34,0x41,0x08,0x46,0x13,0x06,0x61,0x34,0x81,0x18,0x66,0x09,0x78,0x61,0xc4,0xe0,
    0x01,0x40,0x10,0x0c,0xb0,0xff,0xc2,0x2b,0x96,0xe2,0xa7,0xd9,0x90,0x8d,0xd8,0x78,0x29,0xfa,0xa2,0x2f,0xfa,0x92,0x8f,0xd1,
    0x84,0x00,0x18,0x4d,0x10,0x82,0xd1,0x84,0x41,0x18,0x4d,0x20,0x86,0x59,0x02,0x5e,0x98,0x25,0xe0,0x85,0x81,0x9a,0x81,0x4c,
    0x03,0x5b,0x40,0x74,0x41,0xca,0x05,0x0e,0x17,0xcc,0xe0,0x16,0xec,0x60,0x17,0x06,0x6a,0x06,0x33,0x0d,0x6c,0x01,0xd1,0x05,
    0x29,0x17,0x38,0x5c,0x30,0x83,0x5b,0xb0,0x83,0x5d,0x18,0xa8,0x19,0xd0,0x34,0xb0,0x05,0x44,0x17,0xa4,0x5c,0xe0,0x70,0xc1,
    0x0c,0x6e,0xc1,0x0e,0x76,0x61,0xa0,0x66,0x50,0xd3,0xc0,0x16,0x10,0x5d,0x90,0x72,0x81,0xc3,0x05,0x33,0xb8,0x05,0x3b,0xd8,
    0x05,0x23,0xd0,0x03,0x3e,0x46,0xa0,0x07,0x7c,0x8c,0x40,0x0f,0xf8,0x18,0x81,0x1e,0xf0,0x31,0xf4,0x10,0x31,0x18,0x0c,0x37,
    0x04,0xef,0x81,0x06,0xb3,0x0c,0x74,0xd0,0x0b,0xc1,0x2c,0x81,0x2f,0x0c,0x54,0x0c,0x78,0x1a,0xc8,0x01,0xd3,0x0b,0x03,0x15,
    0x83,0x9e,0x06,0x72,0xc0,0xf4,0xc2,0x40,0xc5,0xc0,0xa7,0x81,0x1c,0x30,0xbd,0x30,0x50,0x31,0xf8,0x69,0x20,0x07,0x4c,0x2f,
    0x18,0xb1,0x22,0xf4,0x31,0x82,0x45,0xe8,0x63,0x44,0x8b,0xd0,0xc7,0x08,0x17,0xa1,0xcf,0x2c,0x41,0x0d,0x19,0x09,0xf5,0x16,
    0x0c,0x46,0x0c,0x0e,0x00,0x04,0xc1,0x00,0x0d,0x5e,0x8c,0xb6,0x48,0x2a,0x18,0x4d,0x08,0x80,0x0b,0x08,0x53,0x28,0x83,0x3b,
    0x5b,0x82,0x88,0xe9,0x70,0x83,0x10,0x63,0x61,0x30,0xdc,0x20,0xb0,0x18,0x18,0x94,0x10,0x6c,0x19,0xa1,0xa5,0xc3,0x0d,0x41,
    0x6a,0x81,0x41,0x05,0xc3,0x56,0x32,0x5a,0x3a,0xdc,0x10,0x8c,0x16,0x18,0x54,0x30,0xec,0x2c,0x43,0x39,0x80,0x43,0x30,0xcc,
    0x42,0xcc,0x50,0x0d,0x4d,0xe1,0x20,0x89,0x83,0x35,0x0e,0x18,0x39,0x8c,0x18,0x40,0x00,0x08,0x82,0x81,0x65,0x66,0xba,0xf5,
    0x56,0x3f,0x45,0x2f,0xf3,0x22,0x2f,0x75,0xa5,0x63,0x3a,0xa6,0x63,0x36,0x53,0x57,0xa3,0x09,0x01,0x30,0x9a,0x20,0x04,0xa3,
    0x09,0x83,0x30,0x9a,0x40,0x0c,0xb3,0x04,0x35,0x34,0x62,0x00,0x01,0x20,0x08,0x06,0xd6,0x9a,0xfd,0x56,0x5d,0x95,0x55,0xbe,
    0xe0,0xcb,0xbd,0xe8,0xd5,0x8f,0xfd,0xd8,0x8f,0xed,0x8c,0x5e,0x8d,0x26,0x04,0xc0,0x68,0x82,0x10,0x8c,0x26,0x0c,0xc2,0x68,
    0x02,0x31,0xcc,0x12,0xd4,0xd0,0x88,0x01,0x04,0x80,0x20,0x18,0x58,0x70,0x46,0x5e,0x7b,0xb5,0x56,0xfe,0xd2,0x2f,0xfc,0xf2,
    0x57,0x64,0x46,0x66,0x64,0x06,0x36,0x7f,0x35,0x9a,0x10,0x00,0xa3,0x09,0x42,0x30,0x9a,0x30,0x08,0xa3,0x09,0xc4,0x30,0x4b,
    0x50,0x43,0x23,0x06,0x10,0x00,0x82,0x60,0x60,0xd5,0x59,0x7a,0x85,0x56,0x5c,0x8d,0x8c,0xc8,0x84,0x0c,0x69,0xa5,0x59,0x9a,
    0xa5,0x59,0xd9,0x90,0xd6,0x68,0x42,0x00,0x8c,0x26,0x08,0xc1,0x68,0xc2,0x20,0x8c,0x26,0x10,0xc3,0x2c,0x41,0x0d,0x0d,0xb3,
    0x10,0x67,0xa4,0x0e,0x93,0x39,0x48,0xe7,0x60,0xa1,0x03,0x96,0x0e,0x23,0x06,0x0b,0x00,0x82,0x60,0xf0,0xd9,0x19,0x78,0x8d,
    0xd6,0x5c,0xb5,0x0d,0xdb,0x9c,0x0e,0x8b,0xcd,0x12,0xa8,0xc3,0x88,0xc1,0x02,0x80,0x20,0x18,0x7c,0x77,0x16,0x5e,0xa5,0x55,
    0x57,0x6e,0xd3,0x36,0xa8,0xd3,0x62,0xb3,0x04,0xea,0x30,0x62,0xb0,0x00,0x20,0x08,0x06,0x1f,0x9e,0x89,0xd7,0x69,0xdd,0xd5,
    0xdb,0xb8,0x4d,0xea,0xb8,0xd8,0x2c,0x81,0x3a,0x8c,0x18,0x2c,0x00,0x08,0x82,0xc1,0x97,0x67,0xe3,0x95,0x5a,0x79,0x05,0x37,
    0x6f,0xa3,0x3a,0x2f,0x36,0x4b,0xa0,0x0e,0x03,0x2d,0x83,0xcd,0x06,0xe5,0x20,0xa4,0x03,0x81,0x0e,0xc6,0x39,0x20,0xe6,0x60,
    0xc1,0xdb,0xc0,0x67,0xc4,0xe0,0x00,0x40,0x10,0x0c,0x9a,0x51,0x03,0xb1,0x80,0x6d,0x6a,0x0c,0xc0,0x60,0xcb,0x0b,0x76,0x96,
    0x61,0x1d,0xc2,0x22,0x18,0x66,0x21,0xe0,0x08,0x1e,0x26,0x76,0x90,0xda,0xc1,0x72,0x07,0xec,0x1d,0x46,0x0c,0x0e,0x00,0x04,
    0xc1,0x60,0x0b,0xb5,0x10,0x63,0xad,0x3b,0x1b,0x4d,0x08,0x86,0x59,0x02,0x78,0x18,0x31,0x38,0x00,0x10,0x04,0x83,0x6d,0xd4,
    0x46,0xec,0xb5,0xf2,0x6c,0x34,0x21,0x18,0x66,0x09,0xe0,0x61,0xc4,0xe0,0x00,0x40,0x10,0x0c,0xb6,0x52,0x2b,0x31,0xd9,0xda,
    0xb3,0xd1,0x84,0x60,0x98,0x25,0x80,0x87,0x11,0x83,0x03,0x00,0x41,0x30,0xd8,0x4e,0xed,0xc4,0x6a,0xab,0xcf,0x46,0x13,0x82,
    0x61,0x96,0x00,0x1e,0x06,0x5a,0x08,0xe1,0x1d,0x0c,0x77,0x50,0xda,0xc1,0x61,0x07,0x7f,0x0e,0xd6,0x61,0x38,0x82,0xc9,0x2d,
    0xe1,0x1b,0x4d,0xa8,0x83,0x60,0x34,0xc1,0x0e,0x84,0xe9,0x06,0x21,0x18,0x86,0x23,0x02,0xdf,0x72,0xbe,0xd1,0x84,0x3c,0x18,
    0x2e,0x20,0x4c,0x05,0x79,0xa6,0xc3,0x0d,0x01,0xaa,0x81,0x41,0x29,0x32,0x06,0xb3,0x0c,0xf2,0x10,0x0f,0xc2,0x05,0x83,0x1a,
    0x31,0x38,0x00,0x10,0x04,0x83,0x46,0xd7,0x6e,0xec,0x22,0xaf,0x11,0x83,0x03,0x00,0x41,0x30,0x68,0x76,0xed,0xc6,0x02,0x61,
    0x96,0x40,0x1e,0x06,0x2a,0x06,0x21,0x1e,0x58,0x37,0x80,0x87,0xe1,0x86,0x63,0xd5,0xc0,0x60,0xb8,0x01,0x39,0x35,0x30,0x28,
    0x21,0x58,0x23,0xdc,0x0b,0x3e,0xd3,0x0d,0x45,0x20,0x8c,0x18,0x18,0x00,0x08,0x82,0xc1,0x13,0x6e,0x3a,0x16,0x5c,0x40,0x98,
    0x0a,0x6c,0x0d,0x46,0x0c,0x0e,0x00,0x04,0xc1,0xa0,0xfb,0x35,0x16,0x0b,0x9a,0x59,0x82,0x79,0x18,0xa8,0x18,0xc0,0x37,0x90,
    0x87,0xb7,0x01,0x8b,0x81,0x8a,0x41,0x7c,0x03,0x79,0x78,0x1b,0xb0,0x18,0xa8,0x18,0xc8,0x37,0x90,0x87,0xb7,0x01,0x8b,0x81,
    0x8a,0xc1,0x7c,0x03,0x79,0x78,0x1b,0xb0,0x18,0xa8,0x20,0xec,0x3a,0x90,0x87,0xb7,0x01,0x8b,0xe1,0x86,0x80,0xd7,0xc0,0x60,
    0xba,0x21,0x39,0x82,0x61,0x16,0xe2,0x96,0xf0,0x61,0xa2,0x07,0xa9,0x1e,0x2c,0x7b,0xc0,0xee,0x61,0xc4,0xe0,0x00,0x40,0x10,
    0x0c,0x36,0x74,0x43,0xb3,0xf9,0x0a,0x46,0x13,0x02,0x60,0x34,0x41,0x08,0x46,0x13,0x06,0x61,0x96,0x00,0x1f,0x46,0x0c,0x0e,
    0x00,0x04,0xc1,0x60,0x63,0x37,0x36,0xc3,0xaf,0x62,0x34,0x21,0x00,0x46,0x13,0x84,0x60,0x34,0x61,0x10,0x66,0x09,0xf0,0x61,
    0xc4,0xe0,0x00,0x40,0x10,0x0c,0x36,0x78,0x83,0xb3,0xfe,0x4a,0x46,0x13,0x02,0x60,0x34,0x41,0x08,0x46,0x13,0x06,0x61,0x96,
    0x00,0x1f,0x46,0x0c,0x0e,0x00,0x04,0xc1,0x60,0xa3,0x37,0x3a,0x13,0xb1,0x66,0x34,0x21,0x00,0x46,0x13,0x84,0x60,0x34,0x61,
    0x10,0x66,0x09,0xf0,0x61,0xa0,0x85,0x10,0xee,0x41,0xb1,0x07,0xa9,0x1e,0x34,0x7a,0xe0,0xed,0x60,0x1e,0x06,0x5a,0x08,0xe3,
    0x1e,0x1c,0x7b,0xb0,0xea,0xc1,0xa3,0x07,0xdf,0x0e,0xe6,0x61,0xa0,0x85,0x50,0xee,0x41,0xb2,0x07,0xad,0x1e,0xc4,0x80,0x1e,
    0xc0,0x3b,0x98,0x87,0x0b,0x06,0x75,0xc3,0xa0,0xae,0x18,0x94,0x0d,0xae,0x23,0x1f,0x1b,0x5c,0x47,0x3e,0x36,0xb8,0x8e,0x7c,
    0x66,0x19,0xf2,0x41,0x1f,0xe6,0xc0,0x86,0x19,0x83,0x8f,0x0d,0x34,0x06,0x1f,0x1b,0x6a,0x0c,0x3e,0xb3,0x04,0xfa,0x30,0x50,
    0x31,0x18,0xf9,0xc0,0xe0,0xc3,0x40,0xc5,0x60,0xe4,0x03,0x83,0x0f,0x03,0x15,0x83,0x91,0x0f,0x0c,0x3e,0x8c,0x18,0x18,0x00,
    0x08,0x82,0xc1,0xb3,0x72,0xa4,0x36,0x8c,0x18,0x18,0x00,0x08,0x82,0xc1,0xc3,0x72,0xa5,0x36,0x8c,0x18,0x18,0x00,0x08,0x82,
    0xc1,0xd3,0x72,0xa6,0x36,0xdc,0x40,0xa0,0x1b,0x08,0x74,0x03,0x81,0x66,0x19,0xf6,0x81,0x1f,0xfe,0x60,0xc4,0xc0,0x00,0x40,
    0x10,0x0c,0x9e,0x98,0x43,0xb5,0x64,0xc4,0xc0,0x00,0x40,0x10,0x0c,0x1e,0x99,0x4b,0xb5,0x64,0xc4,0xc0,0x00,0x40,0x10,0x0c,
    0x9e,0x99,0x53,0xb5,0x64,0x96,0x80,0x1f,0x06,0x2a,0x06,0x63,0x1f,0xfc,0x38,0xd0,0x87,0x81,0x8a,0xc1,0xd8,0x07,0x50,0x0e,
    0xf4,0x61,0xa0,0x62,0x30,0xf6,0x41,0x94,0x03,0x7d,0x98,0x6e,0x30,0x39,0x95,0x2b,0x85,0x59,0x82,0x7e,0x18,0xa8,0x18,0x4c,
    0x39,0xe0,0x87,0x1d,0xe9,0x89,0x81,0x8a,0x01,0x95,0x03,0x7e,0xd8,0x91,0x9e,0x18,0xa8,0x18,0x54,0x39,0xe0,0x87,0x1d,0xe9,
    0x89,0x81,0x8a,0x81,0x95,0x03,0x7e,0xd8,0x91,0x9e,0x18,0xa8,0x20,0x78,0x3c,0xe0,0x87,0x31,0xe9,0x89,0x59,0x02,0x7f,0x18,
    0xa8,0x18,0x94,0x7e,0x88,0x11,0x9e,0x18,0xa8,0x18,0x94,0x7e,0x88,0x11,0x9e,0x18,0xa8,0x18,0x94,0x7e,0x88,0x11,0x9e,0x18,
    0xa8,0x18,0x94,0x7e,0x88,0x11,0x9e,0x18,0xa8,0x20,0xcc,0x3c,0xe8,0x87,0x1a,0xe1,0x89,0xe1,0x86,0x80,0xe6,0xc2,0xc0,0xde,
    0xcc,0x89,0xcf,0x74,0xc3,0x13,0x08,0xc3,0x0d,0xc9,0xcd,0x85,0x81,0xc9,0x19,0x14,0x9f,0xe9,0x86,0x28,0x10,0x8c,0x08,0xe4,
    0x33,0x4b,0xf0,0x0f,0x03,0x15,0x03,0xe6,0x0f,0xf9,0xb1,0x13,0x03,0x15,0x03,0xe6,0x0f,0xf9,0xb1,0x13,0x03,0x15,0x03,0xe6,
    0x0f,0xf9,0xb1,0x13,0x03,0x15,0x03,0xe6,0x0f,0xf9,0xb1,0x13,0x03,0x15,0x84,0x9f,0x07,0xfe,0x90,0x1f,0x3b,0x51,0x01,0x18,
    0x40,0x39,0x60,0x00,0x45,0x81,0x01,0xcc,0x32,0x80,0x44,0x48,0xc4,0xc4,0x70,0xc3,0x30,0x07,0x67,0x50,0x84,0xb8,0xe1,0x09,
    0x84,0xa8,0x40,0xd8,0x59,0x82,0x90,0x18,0xa8,0x20,0x04,0x90,0x70,0xf5,0xe0,0x1f,0x86,0x1b,0x70,0x22,0xed,0xc0,0x60,0x96,
    0x41,0x24,0x46,0x22,0xa8,0x24,0x0f,0xcc,0x02,0x3d,0x00,0x41,0x05,0x7b,0x60,0xb3,0x04,0x26,0x31,0xdc,0xc0,0x13,0x69,0x07,
    0x06,0xb3,0x0c,0x24,0x51,0x12,0x41,0xf5,0x81,0xdb,0x5d,0x39,0x81,0x59,0x20,0x80,0xa0,0x82,0xc1,0x86,0x1b,0x82,0x50,0x40,
    0x83,0x2a,0xf6,0x0d,0x2a,0x18,0x62,0xba,0x81,0x08,0x86,0x59,0x02,0x93,0xb0,0x52,0xf0,0x37,0x10,0x8c,0x18,0x1c,0x00,0x08,
    0x82,0x41,0xf7,0x77,0xf9,0x66,0xd9,0xdd,0x88,0xc1,0x01,0x80,0x20,0x18,0x74,0xa0,0x87,0x6f,0x81,0x30,0x4b,0x60,0x12,0x03,
    0x1d,0x84,0x26,0x12,0x42,0x49,0x20,0x24,0x51,0x6b,0x31,0x77,0x58,0x01,0xdb,0xe9,0x70,0x43,0x50,0x77,0x60,0x30,0xcb,0x70,
    0x12,0x28,0x11,0x0c,0x37,0x54,0x7c,0x17,0x06,0xc3,0x0d,0x5c,0xdf,0xa1,0x41,0x05,0xc2,0x0e,0x37,0x78,0xb0,0x70,0x06,0x15,
    0x08,0x7b,0x01,0x21,0x66,0x09,0x50,0x62,0xa0,0x82,0x10,0x4e,0xc2,0x0e,0x4c,0x62,0xb8,0x21,0x21,0x3d,0x30,0x98,0x65,0x48,
    0x09,0x95,0x08,0x6a,0x0c,0x6a,0xc1,0x2c,0xb0,0x05,0x10,0x54,0x70,0x0b,0x36,0x4b,0xd0,0x12,0xc3,0x0d,0x0d,0xe9,0x81,0xc1,
    0x2c,0xc3,0x4a,0xb0,0x44,0x50,0xb9,0x90,0x7a,0x57,0x68,0x10,0x98,0x05,0x02,0x08,0x2a,0x18,0x6c,0xb8,0x21,0xe8,0x05,0x34,
    0xa8,0xc2,0xe6,0xa0,0x82,0x21,0xa6,0x1b,0x88,0x60,0x98,0x25,0x68,0x09,0x0b,0x87,0x9c,0x03,0xc1,0x88,0xc1,0x01,0x80,0x20,
    0x18,0x74,0xba,0x47,0x73,0x70,0x10,0x7b,0x23,0x06,0x07,0x00,0x82,0x60,0xd0,0xed,0xde,0xcc,0x05,0xc2,0x2c,0x41,0x4b,0x0c,
    0x74,0x10,0x5a,0x4a,0x08,0x2c,0x81,0xac,0xc4,0x70,0x83,0x44,0x7b,0x61,0x70,0x01,0x21,0x0a,0x35,0x6a,0x0f,0x2b,0x48,0x3d,
    0x1d,0x6e,0x08,0x64,0x0f,0x0c,0x66,0x19,0x5c,0xe2,0x25,0x82,0xe1,0x86,0x3b,0xc8,0x3d,0x34,0xa8,0xc0,0xd8,0xe1,0x86,0x3c,
    0x68,0x87,0x33,0xa8,0x40,0xd8,0x0b,0x08,0x31,0x4b,0xf0,0x12,0x03,0x15,0x84,0xe0,0x12,0x52,0x4b,0x0c,0x37,0x20,0xe0,0x07,
    0x06,0xb3,0x0c,0x30,0x11,0x13,0x41,0xf9,0x81,0x3c,0x98,0x05,0xf3,0x00,0x82,0x0a,0xe8,0xc1,0x66,0x09,0x68,0x62,0xb8,0x81,
    0x01,0x3f,0x30,0x98,0x65,0x90,0x89,0x99,0x08,0xca,0x1e,0xca,0xef,0x6a,0x14,0x02,0xb3,0x40,0x00,0x41,0x05,0x83,0x0d,0x37,
    0x04,0xfa,0x80,0x06,0x55,0xc8,0x1d,0x54,0x30,0xc4,0x74,0x03,0x11,0x0c,0xb3,0x04,0x34,0x61,0xfe,0x50,0x77,0x20,0x18,0x31,
    0x38,0x00,0x10,0x04,0x83,0xce,0xfe,0xe0,0x6e,0x15,0xda,0x6f,0xc4,0xe0,0x00,0x40,0x10,0x0c,0xba,0xfb,0x7b,0xbb,0x40,0x98,
    0x25,0xa0,0x89,0x81,0x0e,0x42,0x83,0x09,0x61,0x26,0x10,0x99,0x18,0x6e,0x90,0xe0,0x0f,0x0c,0x66,0x19,0x6c,0xa2,0x26,0x02,
    0x53,0x2f,0xd2,0x83,0xc1,0x88,0xc1,0x01,0x80,0x20,0x18,0xa0,0x41,0xfd,0xe9,0x9d,0xba,0x05,0xa3,0x09,0x01,0x30,0x9a,0x20,
    0x04,0xa3,0x09,0x83,0x30,0x9a,0x40,0x0c,0xb3,0x04,0x3b,0x31,0xcc,0x42,0xc0,0xd7,0x4e,0x4c,0x37,0x21,0xe1,0x84,0x95,0x13,
    0x98,0x4e,0x8c,0x18,0x34,0x00,0x08,0x82,0x41,0x18,0xf8,0x5f,0xde,0xb1,0x9c,0x4e,0xfc,0x01,0x19,0x20,0xa4,0x47,0x7a,0xa4,
    0x37,0x9a,0x10,0x00,0xa3,0x09,0x42,0x30,0x9a,0x30,0x08,0xa3,0x09,0xc4,0x30,0x4b,0xb0,0x13,0x23,0x06,0x0d,0x00,0x82,0x60,
    0x10,0x06,0x23,0x18,0xf8,0x9d,0xcc,0xfd,0x04,0x29,0xa4,0x41,0x93,0x7a,0xa9,0x97,0x7a,0xa3,0x09,0x01,0x30,0x9a,0x20,0x04,
    0xa3,0x09,0x83,0x30,0x9a,0x40,0x0c,0xb3,0x04,0x3b,0x31,0x62,0xd0,0x00,0x20,0x08,0x06,0x61,0x80,0x82,0xc1,0xe8,0xe1,0x1c,
    0x59,0xa4,0x82,0x1b,0x48,0xae,0xe7,0x7a,0xae,0x37,0x9a,0x10,0x00,0xa3,0x09,0x42,0x30,0x9a,0x30,0x08,0xa3,0x09,0xc4,0x30,
    0x4b,0xb0,0x13,0x23,0x06,0x0d,0x00,0x82,0x60,0x10,0x06,0x2d,0x18,0xa0,0x9e,0xcf,0xa5,0x85,0x2b,0xcc,0xc1,0x35,0x7b,0xb3,
    0x37,0x7b,0xa3,0x09,0x01,0x30,0x9a,0x20,0x04,0xa3,0x09,0x83,0x30,0x9a,0x40,0x0c,0xb3,0x04,0x3b,0x31,0x50,0x33,0xc0,0x41,
    0x4d,0xa0,0x7a,0x60,0x13,0x88,0x4e,0x48,0x39,0xc1,0xe1,0x84,0x19,0xdc,0xc4,0x40,0xcd,0x00,0x07,0x35,0xa1,0xea,0x81,0x4d,
    0x20,0x3a,0x21,0xe5,0x04,0x87,0x13,0x66,0x70,0x13,0x03,0x35,0x03,0x1c,0xd4,0x04,0xab,0x07,0x36,0x81,0xe8,0x84,0x94,0x13,
    0x1c,0x4e,0x98,0xc1,0x4d,0x0c,0xd4,0x0c,0x70,0x50,0x13,0xae,0x1e,0xd8,0x04,0xa2,0x13,0x52,0x4e,0x70,0x38,0x61,0x06,0x37,
    0x31,0xdc,0x00,0x0f,0x2f,0x18,0x84,0x81,0xa9,0x9d,0x4a,0xc4,0x67,0xba,0x61,0x25,0x02,0xc1,0xf0,0x21,0x90,0x8f,0x21,0x81,
    0x7c,0x0c,0x11,0xe4,0x63,0xc8,0x20,0x1f,0x43,0x08,0xf9,0x18,0xc1,0x0f,0xf0,0x31,0x82,0x1f,0xe0,0x63,0x04,0x3f,0xc0,0xc7,
    0x08,0x7e,0x80,0x8f,0xf1,0x03,0x0f,0x06,0x30,0x18,0x6e,0x08,0x66,0x02,0x0d,0x66,0x19,0xfe,0x81,0x27,0x02,0x53,0x09,0x1f,
    0x0c,0x60,0x30,0xdc,0x10,0xd4,0x04,0x1a,0xcc,0x32,0xf8,0x43,0x4f,0x04,0x16,0x13,0x60,0x18,0xc0,0x60,0xb8,0x21,0xb8,0x09,
    0x34,0x98,0x65,0xe8,0x07,0x9f,0x08,0x66,0x19,0xc0,0xe2,0x27,0x4a,0x63,0xc4,0xc0,0x00,0x40,0x10,0x0c,0x9e,0x37,0x0c,0xcc,
    0x8f,0x36,0x6c,0x59,0x8d,0xf8,0xd8,0xb2,0x1a,0xf1,0xb1,0x65,0x35,0xe2,0x63,0xcb,0x6a,0xc4,0xc7,0x0a,0x42,0x3e,0x66,0x10,
    0xf2,0xb1,0x83,0x90,0x8f,0x21,0x84,0x7c,0x8c,0x98,0x0d,0xf8,0x18,0x31,0x1b,0xf0,0x31,0x62,0x36,0xe0,0x63,0xc4,0x6c,0xc0,
    0x67,0x96,0x00,0x2c,0x06,0x2a,0x06,0xe4,0x27,0xdc,0xc0,0x27,0x06,0x2a,0x06,0xe4,0x27,0xdc,0xc0,0x27,0x06,0x2a,0x06,0xe4,
    0x27,0xdc,0xc0,0x27,0x06,0x2a,0x06,0xe4,0x27,0xdc,0xc0,0x27,0xea,0x36,0xe6,0x30,0x80,0xe9,0x06,0x38,0x0c,0xe8,0x30,0x18,
    0x8f,0xe1,0x06,0x21,0x20,0x83,0x59,0x86,0x79,0x90,0xa1,0x60,0x98,0x85,0x70,0xb3,0x1a,0x9a,0xc4,0x42,0x1a,0x0b,0x8b,0x2c,
    0xb0,0xb2,0x18,0x31,0x78,0x00,0x10,0x04,0x03,0x0c,0x14,0x83,0xfc,0x53,0x3d,0xbd,0x7b,0x29,0x97,0x6a,0x29,0xd8,0xab,0xc3,
    0xa0,0x0e,0x83,0x3a,0x0c,0x42,0x64,0x34,0x21,0x00,0x46,0x13,0x84,0x60,0x34,0x61,0x10,0x46,0x13,0x88,0x61,0x96,0xa0,0x86,
    0x46,0x0c,0x1e,0x00,0x04,0xc1,0x00,0x2b,0xc5,0xc0,0xff,0x60,0x0f,0xf4,0x68,0x6a,0xa6,0x64,0xaa,0xf6,0xf4,0x30,0xd0,0xc3,
    0x40,0x0f,0x03,0x13,0x19,0x4d,0x08,0x80,0xd1,0x04,0x21,0x18,0x4d,0x18,0x84,0xd1,0x04,0x62,0x98,0x25,0xa8,0xa1,0x11,0x83,
    0x07,0x00,0x41,0x30,0xc0,0x54,0x31,0x18,0xc1,0xc0,0xf6,0x4c,0x2f,0xa7,0x70,0xea,0xa6,0x74,0xef,0x0f,0x83,0x3f,0x0c,0xfe,
    0x30,0x58,0x91,0xd1,0x84,0x00,0x18,0x4d,0x10,0x82,0xd1,0x84,0x41,0x18,0x4d,0x20,0x86,0x59,0x82,0x1a,0x1a,0x31,0x78,0x00,
    0x10,0x04,0x03,0xec,0x15,0x03,0x14,0x0c,0x78,0x8f,0xf5,0x7c,0xaa,0xa7,0x78,0xea,0xf7,0x48,0x31,0x20,0xc5,0x80,0x14,0x03,
    0x18,0x19,0x4d,0x08,0x80,0xd1,0x04,0x21,0x18,0x4d,0x18,0x84,0xd1,0x04,0x62,0x98,0x25,0xa8,0xa1,0x59,0x86,0xb3,0x40,0x0b,
    0xbe,0x1a,0x31,0x30,0x00,0x10,0x04,0x83,0xe7,0x16,0x03,0x12,0x0c,0x50,0x6b,0xc4,0xc0,0x00,0x40,0x10,0x0c,0x1e,0x5c,0x0c,
    0x4a,0x30,0x40,0xad,0x11,0x03,0x03,0x00,0x41,0x30,0x78,0x72,0x31,0x28,0xc1,0x40,0xb5,0x46,0x0c,0x0c,0x00,0x04,0xc1,0xe0,
    0xd1,0xc5,0xc0,0x04,0x03,0xd5,0x9a,0x25,0x40,0x8b,0x81,0x8a,0x01,0x39,0x0b,0xd6,0x0f,0xcc,0x62,0xa0,0x62,0x40,0xce,0xc2,
    0xf5,0x03,0xb3,0x18,0xa8,0x18,0x90,0xb3,0x80,0xfd,0xc0,0x2c,0x06,0x2a,0x06,0xe4,0x2c,0x64,0x3f,0x30,0x8b,0xe1,0x86,0x53,
    0x73,0xc5,0x00,0x0c,0x86,0x1b,0x48,0x4d,0x16,0x83,0x30,0xa8,0xc0,0xb4,0xb4,0x86,0x40,0x67,0x19,0xd2,0x42,0x6c,0x82,0x11,
    0x03,0x03,0x00,0x41,0x30,0x78,0xc6,0x31,0x80,0xc1,0x80,0xb6,0x46,0x0c,0x0c,0x00,0x04,0xc1,0xe0,0x21,0xc7,0x20,0x06,0x03,
    0xda,0x1a,0x31,0x30,0x00,0x10,0x04,0x83,0xa7,0x1c,0x83,0x18,0x0c,0x6c,0x6b,0xc4,0xc0,0x00,0x40,0x10,0x0c,0x1e,0x73,0x0c,
    0x64,0x30,0xb0,0x2d,0x93,0xb5,0x36,0x0c,0x60,0x30,0x62,0x70,0x00,0x20,0x08,0x06,0x68,0xd0,0x8b,0x81,0x18,0x06,0xb2,0x17,
    0x8c,0x26,0x04,0xc0,0x05,0x84,0x19,0x4d,0x18,0x86,0x0b,0x08,0x53,0x41,0x2c,0x06,0x5a,0x82,0x2e,0x06,0x78,0xc1,0xa0,0x46,
    0x0c,0x0e,0x00,0x04,0xc1,0xa0,0x89,0xc7,0xc0,0x0d,0x03,0xfe,0x0b,0x86,0x1b,0x78,0x0d,0x1c,0x03,0x32,0x98,0x65,0x50,0x8b,
    0xb6,0x08,0x86,0x39,0x88,0x5e,0x6b,0x8b,0x69,0x2d,0x24,0xb6,0x18,0x31,0x38,0x00,0x10,0x04,0x83,0xcd,0x1d,0x03,0x37,0x0c,
    0xda,0x8f,0x1c,0x83,0xd1,0x84,0x00,0x18,0x4d,0x10,0x82,0xd1,0x84,0x61,0x98,0x25,0x68,0x8b,0x11,0x83,0x03,0x00,0x41,0x30,
    0xd8,0xe4,0x31,0x90,0xc3,0x40,0xfe,0xd0,0x31,0x18,0x4d,0x08,0x80,0xd1,0x04,0x21,0x18,0x4d,0x18,0x86,0x59,0x82,0xb6,0x18,
    0x28,0x21,0x74,0x53,0x48,0x0b,0x83,0x2d,0x9c,0xb5,0xc0,0x4d,0x41,0x2d,0x06,0x4a,0x08,0xde,0x14,0xd2,0xc2,0x60,0x0b,0x67,
    0x2d,0x74,0x53,0x50,0x8b,0x81,0x12,0xc2,0x37,0x85,0xb4,0x30,0xd8,0xc2,0x59,0x0b,0xde,0x14,0xd4,0xe2,0x86,0x41,0xdd,0x30,
    0x28,0x13,0x38,0xf9,0x98,0xc0,0xc9,0xc7,0x04,0x41,0x3e,0x26,0x08,0xf2,0xb1,0x40,0x80,0xcf,0x88,0x81,0x01,0x80,0x20,0x18,
    0x3c,0x24,0x19,0xd4,0x61,0x10,0x18,0x02,0x06,0xf2,0x31,0x04,0x0c,0xe4,0x63,0x82,0x20,0x1f,0x13,0x04,0xf9,0x58,0x20,0xc0,
    0x67,0xc4,0xc0,0x00,0x40,0x10,0x0c,0x1e,0x95,0x0c,0xf6,0x30,0x08,0x46,0x0c,0x0e,0x00,0x04,0xc1,0xa0,0x61,0xc9,0x20,0x15,
    0x83,0x23,0x18,0x31,0x38,0x00,0x10,0x04,0x83,0xa6,0x25,0x03,0x55,0x0c,0x02,0x1f,0x0c,0x46,0x0c,0x0c,0x00,0x04,0xc1,0xe0,
    0x69,0xc9,0x00,0x0f,0x83,0xc0,0x02,0xfe,0x82,0xcf,0x88,0xc1,0x01,0x80,0x20,0x18,0x34,0x30,0x19,0xb4,0x62,0x10,0xe4,0xd7,
    0x70,0x44,0xb0,0x83,0x81,0xf0,0x8d,0x26,0xa4,0x41,0x30,0x9a,0xa0,0x06,0xc2,0x74,0x83,0x10,0x0c,0x17,0x10,0x66,0xb8,0x21,
    0xf8,0xc7,0x00,0x0c,0x86,0x23,0xcc,0x40,0x0c,0x03,0xe1,0xab,0x40,0xd0,0x42,0x02,0x9d,0x65,0x70,0x0b,0x15,0x09,0xcc,0x49,
    0x03,0xfa,0x8c,0x18,0x1c,0x00,0x08,0x82,0x41,0xb3,0x93,0xc1,0x2d,0x06,0x16,0x34,0x62,0x70,0x00,0x20,0x08,0x06,0x0d,0x4f,
    0x06,0xb9,0x18,0x04,0xc2,0x88,0xc1,0x01,0x80,0x20,0x18,0x34,0x3d,0x19,0xe8,0x62,0x10,0xa0,0x61,0x60,0x52,0x40,0x9f,0x11,
    0x03,0x03,0x00,0x41,0x30,0x78,0x7c,0x32,0x18,0xc5,0x20,0x18,0x31,0x38,0x00,0x10,0x04,0x83,0x06,0x2c,0x83,0x5e,0x0c,0x82,
    0x35,0x0c,0x46,0x0c,0x0e,0x00,0x04,0xc1,0xa0,0x09,0xcb,0xa0,0x17,0x83,0x00,0x0e,0x2e,0x20,0xcc,0x70,0x84,0x87,0x09,0xdf,
    0x74,0x03,0x28,0xf8,0x41,0x30,0xdd,0x00,0x0a,0x7e,0x20,0x1c,0x31,0x28,0x1b,0x02,0xfa,0xd8,0x20,0xd0,0x67,0xc4,0xc0,0x00,
    0x40,0x10,0x0c,0x1e,0xb4,0x0c,0x66,0x31,0x60,0x2c,0xb8,0x31,0xf8,0x8c,0x18,0x1c,0x00,0x08,0x82,0x41,0xb3,0x96,0x01,0x3a,
    0x06,0x01,0x8d,0x0d,0x37,0x28,0x3d,0x19,0x80,0xc1,0x2c,0x43,0x8a,0xbc,0x45,0x30,0x4b,0x00,0x17,0x03,0x15,0x43,0x1e,0x9d,
    0x88,0x3b,0x0a,0x6f,0x31,0x50,0x41,0xe4,0xd1,0x89,0xf8,0xa9,0xf0,0x16,0x17,0x0c,0xaa,0x1c,0x75,0x0c,0xe0,0x82,0x41,0x59,
    0x00,0x8a,0x81,0x7c,0x8c,0x08,0xe2,0x63,0x41,0x23,0x1f,0x13,0x1a,0xf9,0x98,0x10,0x62,0xf0,0x31,0x21,0xc4,0xe0,0x33,0xdc,
    0xa0,0x0a,0x69,0x19,0x80,0xc1,0x2c,0x83,0x5c,0xc4,0x45,0x50,0x7c,0x30,0x8f,0x01,0x5c,0x30,0xa8,0x11,0x83,0x03,0x00,0x41,
    0x30,0x68,0xf6,0x32,0xc0,0xc7,0x00,0x2a,0xc5,0x60,0xc4,0xe0,0x00,0x40,0x10,0x0c,0x1a,0xbe,0x0c,0xf0,0x31,0x08,0x84,0x59,
    0x02,0xb9,0x18,0xa8,0x18,0x84,0xb8,0x70,0x49,0x01,0x2e,0x86,0x1b,0x60,0x81,0x2d,0x83,0x30,0x18,0x6e,0x88,0x05,0xb4,0x0c,
    0xc2,0xa0,0x84,0x40,0x67,0x19,0xe6,0x62,0x37,0x02,0x23,0x5e,0x31,0x80,0xcf,0x88,0x81,0x01,0x80,0x20,0x18,0x3c,0xa1,0x19,
    0xe8,0x63,0x10,0x5c,0x40,0x98,0x59,0x06,0xba,0xb8,0x0b,0x59,0x18,0xe6,0x20,0xdc,0xee,0x2e,0xa6,0xba,0x90,0xec,0x62,0xc4,
    0xe0,0x00,0x40,0x10,0x0c,0xb6,0xbf,0x0c,0xfe,0x31,0xf0,0xc3,0x20,0x18,0x4d,0x08,0x80,0xd1,0x04,0x21,0x98,0x25,0xb8,0x8b,
    0x11,0x83,0x03,0x00,0x41,0x30,0xd8,0x44,0x33,0x10,0xc9,0x40,0x14,0x03,0x62,0x34,0x21,0x00,0x46,0x13,0x84,0x60,0x96,0xe0,
    0x2e,0x06,0x4a,0x08,0x7c,0x15,0xe6,0x82,0xb0,0x0b,0xa5,0x2e,0xec,0x55,0xa0,0x8b,0x81,0x12,0x42,0x5f,0x85,0xb9,0x20,0xec,
    0x42,0xa9,0x0b,0x7c,0x15,0xe8,0xe2,0x84,0x41,0x9d,0x30,0x28,0x13,0x30,0xf9,0x98,0x80,0xc9,0xc7,0x84,0x5e,0x0c,0xe0,0x63,
    0x82,0x2f,0x06,0xf0,0x19,0x31,0x30,0x00,0x10,0x04,0x83,0x27,0x36,0x03,0x95,0x0c,0x84,0x11,0x03,0x03,0x00,0x41,0x30,0x78,
    0x64,0x33,0x58,0xc9,0x40,0x38,0x81,0x40,0x27,0x10,0x68,0xc4,0xc0,0x00,0x40,0x10,0x0c,0x9e,0xda,0x0c,0x58,0x32,0x30,0x46,
    0x0c,0x0c,0x00,0x04,0xc1,0xe0,0xb1,0xcd,0xa0,0x25,0x03,0x63,0x96,0x00,0x2f,0x06,0x2a,0x06,0xd2,0x14,0xee,0x62,0x34,0x74,
    0x63,0xa0,0x82,0xa0,0x59,0xe1,0x2e,0x4e,0x43,0x37,0x66,0x09,0xf2,0x62,0xa0,0x62,0x20,0xf0,0xe2,0x2f,0x72,0x63,0xa0,0x82,
    0xc0,0x59,0x01,0x2f,0xfe,0x22,0x37,0x86,0x1b,0x82,0xd6,0x0c,0xc2,0xc0,0xd0,0x31,0x38,0xe2,0x33,0xdd,0x80,0x04,0xc2,0x70,
    0x83,0x01,0x9b,0x41,0x18,0xd8,0x3a,0x06,0x49,0x7c,0xa6,0x1b,0x94,0x40,0x30,0x22,0x90,0x4f,0x21,0x0f,0xd4,0xf2,0x40,0xe9,
    0x03,0x6a,0x06,0x3a,0xdc,0x10,0xc4,0x66,0x00,0x06,0xb3,0x0c,0x7a,0xb1,0x17,0xc1,0x70,0x03,0xd1,0x9d,0x41,0x15,0x37,0x19,
    0xe0,0x09,0x84,0xa8,0x40,0xd8,0x59,0x82,0xbd,0x18,0xa8,0x20,0x04,0xbd,0xc0,0x5b,0x21,0x2f,0x86,0x1b,0x0e,0xdf,0x0c,0xc0,
    0x60,0x96,0x81,0x2f,0xfa,0x22,0x28,0x65,0x0c,0xcc,0x02,0x32,0x00,0x41,0x05,0x65,0x60,0xb3,0x04,0xa0,0x31,0xdc,0xb0,0xf8,
    0x66,0x00,0x06,0xb3,0x0c,0x7e,0xf1,0x17,0x41,0x9d,0xc1,0x78,0x06,0x57,0x4f,0x60,0x16,0x08,0x20,0xa8,0x60,0xb0,0xe1,0x86,
    0x60,0x0d,0xd0,0xa0,0x0a,0xb8,0x0c,0xa0,0x82,0x21,0xa6,0x1b,0x88,0x60,0x98,0x25,0x00,0x0d,0x7b,0x83,0xb9,0x0c,0x40,0x30,
    0x62,0x70,0x00,0x20,0x08,0x06,0x1d,0x7d,0x06,0x6e,0x19,0x5c,0xeb,0x19,0x8c,0x18,0x1c,0x00,0x08,0x82,0x41,0x57,0x9f,0x41,
    0x5b,0x06,0x81,0x30,0x4b,0x00,0x1a,0x03,0x1d,0x84,0xc6,0x17,0xc2,0x5f,0x20,0x7e,0x51,0x32,0x81,0x9e,0x01,0x56,0x10,0x9e,
    0x81,0x0e,0x37,0x04,0xea,0x19,0x80,0xc1,0x2c,0x43,0x68,0x88,0x46,0x30,0xdc,0x50,0xc5,0x67,0x10,0x06,0xc3,0x0d,0x9d,0x7c,
    0x06,0x68,0x50,0x81,0xb0,0xc3,0x0d,0x1f,0x1e,0x9c,0x41,0x05,0xc2,0x5e,0x40,0x88,0x59,0x02,0xd1,0x18,0xa8,0x20,0x84,0xd0,
    0xb0,0x03,0xd0,0x18,0x6e,0x48,0xf2,0x33,0x00,0x83,0x59,0x86,0xd1,0x20,0x8d,0xa0,0xc8,0xa0,0x0f,0xcc,0x02,0x3f,0x00,0x41,
    0x05,0x7f,0x60,0xb3,0x04,0xa7,0x31,0xdc,0xd0,0xe4,0x67,0x00,0x06,0xb3,0x0c,0xa5,0x61,0x1a,0x41,0x85,0x82,0x7f,0x06,0x57,
    0x69,0x10,0x98,0x05,0x02,0x08,0x2a,0x18,0x6c,0xb8,0x21,0x28,0x05,0x34,0xa8,0x62,0x35,0x03,0xa8,0x60,0x88,0xe9,0x06,0x22,
    0x18,0x66,0x09,0x4e,0xc3,0x52,0xc1,0x35,0x03,0x10,0x8c,0x18,0x1c,0x00,0x08,0x82,0x41,0xf7,0xa2,0x41,0x6a,0x06,0x71,0x60,
    0xa2,0xc1,0x88,0xc1,0x01,0x80,0x20,0x18,0x74,0x30,0x1a,0xa0,0x66,0x10,0x08,0xb3,0x04,0xa7,0x31,0xd0,0x41,0x68,0xa3,0x21,
    0x98,0x06,0x52,0x1a,0x26,0x82,0x01,0x6b,0x06,0x30,0x18,0x31,0x38,0x00,0x10,0x04,0x03,0x34,0x68,0xd1,0x40,0x36,0x03,0x91,
    0x0c,0x82,0xd1,0x84,0x00,0x18,0x6e,0xa8,0x58,0x34,0x00,0x83,0x52,0x8b,0x40,0x67,0x19,0x50,0x63,0x35,0x82,0x61,0x0e,0xe2,
    0x04,0x83,0xd5,0x98,0x52,0x43,0x52,0x8d,0x11,0x83,0x06,0x00,0x41,0x30,0x08,0x83,0x1a,0x0d,0x60,0x33,0xb8,0xc9,0x40,0x17,
    0xc2,0xc0,0xd8,0xcd,0x60,0x37,0x83,0xdd,0x0c,0x76,0x33,0x18,0x4d,0x08,0x80,0x59,0x82,0xd5,0x18,0x31,0x68,0x00,0x10,0x04,
    0x83,0x30,0xb8,0xd1,0x40,0x36,0x03,0x9d,0x0c,0x78,0x61,0x0c,0x90,0xde,0x0c,0x7a,0x33,0xe8,0xcd,0xa0,0x37,0x83,0xd1,0x84,
    0x00,0x98,0x25,0x58,0x8d,0x81,0x92,0xc1,0x39,0x0d,0x5b,0x15,0x50,0x43,0x50,0x0d,0x23,0x35,0x86,0x1b,0x4a,0x30,0xa0,0xd1,
    0x00,0x0c,0x66,0x19,0x58,0xa3,0x35,0x82,0xe1,0x08,0x76,0x13,0x88,0x6f,0xba,0xe1,0x2d,0x03,0xb7,0x0c,0x82,0x59,0x82,0xdc,
    0x18,0x6e,0x40,0xc1,0x60,0x46,0x03,0x30,0x98,0x65,0x70,0x8d,0xd7,0x08,0x86,0x23,0xde,0xad,0x28,0xbe,0xe9,0x06,0xb9,0x0c,
    0xe2,0x32,0x08,0x66,0x09,0x72,0x63,0xb8,0x61,0x05,0x03,0x1a,0x0d,0xc0,0x60,0x96,0x01,0x36,0x62,0x23,0x18,0x8e,0x90,0x37,
    0x24,0xf8,0xa6,0x1b,0xea,0x32,0xa0,0xcb,0x20,0x98,0x25,0xc8,0x8d,0xe1,0x06,0x17,0x0c,0x6c,0x34,0x00,0x83,0x59,0x06,0xd9,
    0x98,0x8d,0x60,0x38,0xa2,0xde,0x96,0xe1,0x9b,0x6e,0xc0,0xcb,0xe0,0x2e,0x83,0x60,0x96,0x20,0x37,0x86,0x1b,0x62,0x30,0xc0,
    0xd1,0x00,0x0c,0x66,0x19,0x68,0xa3,0x36,0x82,0xe1,0x08,0x7c,0x73,0x84,0x6f,0xba,0x61,0x2f,0x03,0xbd,0x0c,0x82,0x59,0x82,
    0xdc,0x18,0x6e,0xa0,0xc1,0x00,0x4c,0x03,0x30,0x98,0x65,0xb0,0x8d,0xdb,0x08,0x86,0x23,0xf6,0x2d,0x72,0xbe,0xe9,0x06,0xbf,
    0x0c,0xfa,0x32,0x08,0x66,0x09,0x72,0x63,0xb8,0xe1,0x06,0x83,0x1e,0x0d,0xc0,0x60,0x96,0x21,0x37,0x70,0x23,0x18,0x6e,0xc0,
    0xc1,0xa0,0x4c,0x03,0x30,0x98,0x6e,0x08,0xcd,0xa0,0x0a,0x66,0x09,0x72,0x63,0xa0,0x68,0x30,0x03,0xd6,0x00,0x03,0xd7,0xd0,
    0x60,0x83,0x92,0x0d,0x87,0x36,0x10,0xdb,0x10,0x59,0xe1,0x36,0x04,0xdc,0x30,0x5b,0x08,0xe4,0x63,0xc1,0x2f,0xc0,0xc7,0x7e,
    0x81,0x4d,0x03,0x18,0x0c,0x37,0x04,0x69,0x1a,0x80,0xc1,0x2c,0x83,0x6e,0xe4,0x45,0x60,0xe3,0xe0,0xa6,0x01,0x0c,0x86,0x1b,
    0x82,0x35,0x0d,0xc0,0x60,0x96,0xa1,0x44,0xf0,0x22,0x18,0x31,0x30,0x00,0x10,0x04,0x83,0xa7,0x4f,0x03,0xfb,0x0c,0x42,0xe2,
    0x02,0xc2,0xd4,0x68,0xe8,0x67,0x00,0x25,0xcc,0x69,0x00,0x23,0x06,0x07,0x00,0x82,0x60,0xd0,0xf1,0x69,0x90,0x9e,0x41,0x20,
    0x8c,0x18,0x18,0x00,0x08,0x82,0xc1,0x23,0xaa,0x41,0x7e,0x06,0x26,0x61,0xaf,0x19,0x04,0xf1,0x99,0x25,0xe0,0x8d,0x81,0x8a,
    0xc1,0x67,0x85,0xdd,0x08,0x11,0x12,0x19,0xa8,0x20,0xdc,0x59,0xd8,0x8d,0x10,0x21,0x91,0xe1,0x86,0x00,0x4f,0x03,0x30,0x98,
    0x6e,0x48,0x8c,0x60,0x96,0xa1,0x37,0xc0,0xe3,0x36,0x86,0x39,0x88,0x39,0x0c,0xc0,0x63,0xf2,0x0d,0xe9,0x37,0x46,0x0c,0x0e,
    0x00,0x04,0xc1,0x60,0x23,0xd5,0x80,0x44,0x83,0xd1,0x0c,0x82,0xd1,0x84,0x00,0x18,0x4d,0x10,0x82,0x59,0x02,0xf0,0x18,0x31,
    0x38,0x00,0x10,0x04,0x83,0xed,0x54,0x83,0x13,0x0d,0x4e,0x33,0x20,0x46,0x13,0x02,0x60,0x34,0x41,0x08,0x66,0x09,0xc0,0x63,
    0xa0,0x84,0x10,0x69,0x81,0x37,0x88,0xdf,0x50,0x7c,0x03,0xa4,0x85,0xde,0x18,0x28,0x21,0x48,0x5a,0xe0,0x0d,0xe2,0x37,0x14,
    0xdf,0x10,0x69,0xa1,0x37,0x4e,0x18,0xd4,0x09,0x83,0x32,0xa1,0x27,0xe4,0x63,0x42,0x4f,0xc8,0xc7,0x04,0xf1,0x0c,0xe0,0x63,
    0xc2,0x78,0x06,0xf0,0x19,0x31,0x30,0x00,0x10,0x04,0x83,0xc7,0x56,0x83,0x17,0x0d,0x84,0x11,0x03,0x03,0x00,0x41,0x30,0x78,
    0x6e,0x35,0x80,0xd1,0x40,0x38,0x81,0x40,0x27,0x10,0x68,0xc4,0xc0,0x00,0x40,0x10,0x0c,0x1e,0x5d,0x0d,0x62,0x34,0x30,0x46,
    0x0c,0x0c,0x00,0x04,0xc1,0xe0,0xd9,0xd5,0x40,0x46,0x03,0x63,0x96,0x20,0x3c,0x06,0x2a,0x06,0xd7,0x15,0xc0,0x63,0x34,0x46,
    0x64,0xa0,0x82,0xf0,0x69,0x01,0x3c,0x4e,0x63,0x44,0x66,0x09,0xc4,0x63,0xa0,0x62,0x20,0xc2,0xe3,0x2f,0x44,0x64,0xa0,0x82,
    0x10,0x6b,0x21,0x3c,0xfe,0x42,0x44,0x86,0x1b,0x02,0x59,0x0d,0xc2,0xc0,0xda,0x33,0x38,0xe2,0x33,0xdd,0x80,0x04,0xc2,0x70,
    0x83,0x51,0xab,0x41,0x18,0x18,0x7c,0x06,0x49,0x7c,0xa6,0x1b,0x94,0x40,0x30,0x22,0x90,0x4f,0x21,0x0f,0xd4,0xf2,0x40,0xfd,
    0x47,0xab,0x06,0x3a,0xdc,0x10,0xd8,0x6a,0x00,0x06,0xb3,0x0c,0xe3,0x41,0x1e,0xc1,0x70,0x03,0xd1,0x9d,0x41,0x15,0x3c,0x1a,
    0xe0,0x09,0x84,0xa8,0x40,0xd8,0x59,0x02,0xf2,0x18,0xa8,0x20,0x84,0xf1,0x10,0x6d,0x41,0x3c,0x86,0x1b,0x8e,0x71,0x0d,0xc0,
    0x60,0x96,0xa1,0x3c,0xcc,0x23,0x28,0x65,0x0c,0xcc,0x02,0x32,0x00,0x41,0x05,0x65,0x60,0xb3,0x04,0xe9,0x31,0xdc,0xb0,0x8c,
    0x6b,0x00,0x06,0xb3,0x0c,0xe7,0x81,0x1e,0x41,0x9d,0x01,0xba,0x06,0x57,0x4f,0x60,0x16,0x08,0x20,0xa8,0x60,0xb0,0xe1,0x86,
    0x60,0x0d,0xd0,0xa0,0x8a,0x3a,0x0d,0xa0,0x82,0x21,0xa6,0x1b,0x88,0x60,0x98,0x25,0x48,0x0f,0x7b,0x03,0x3c,0x0d,0x40,0x30,
    0x62,0x70,0x00,0x20,0x08,0x06,0x5d,0xbe,0x06,0x73,0x1a,0x5c,0xf0,0x1a,0x8c,0x18,0x1c,0x00,0x08,0x82,0x41,0xa7,0xaf,0x81,
    0x9c,0x06,0x81,0x30,0x4b,0x90,0x1e,0x03,0x1d,0x84,0x56,0x1e,0x02,0x7a,0x20,0xe7,0x51,0x37,0xd2,0xae,0x01,0x56,0x60,0xae,
    0x81,0x0e,0x37,0x04,0xef,0x1a,0x80,0xc1,0x2c,0x83,0x7a,0xac,0x47,0x30,0xdc,0x50,0xd9,0x6b,0x10,0x06,0xc3,0x0d,0xdd,0xbd,
    0x06,0x68,0x50,0x81,0xb0,0xc3,0x0d,0x1f,0x1e,0x9c,0x41,0x05,0xc2,0x5e,0x40,0x88,0x59,0x82,0xf5,0x18,0xa8,0x20,0x04,0xf5,
    0xb0,0x83,0xf4,0x18,0x6e,0x48,0xfc,0x35,0x00,0x83,0x59,0x06,0xf6,0x68,0x8f,0xa0,0xc8,0xa0,0x0f,0xcc,0x02,0x3f,0x00,0x41,
    0x05,0x7f,0x60,0xb3,0x04,0xf0,0x31,0xdc,0xd0,0xf8,0x6b,0x00,0x06,0xb3,0x0c,0xee,0xf1,0x1e,0x41,0x85,0xc2,0xc8,0x06,0x57,
    0x69,0x10,0x98,0x05,0x02,0x08,0x2a,0x18,0x6c,0xb8,0x21,0x28,0x05,0x34,0xa8,0x02,0x56,0x03,0xa8,0x60,0x88,0xe9,0x06,0x22,
    0x18,0x66,0x09,0xe0,0xc3,0x52,0x61,0x56,0x03,0x10,0x8c,0x18,0x1c,0x00,0x08,0x82,0x41,0x47,0xb3,0x81,0xab,0x06,0x71,0xb0,
    0xb2,0xc1,0x88,0xc1,0x01,0x80,0x20,0x18,0x74,0x35,0x1b,0xb4,0x6a,0x10,0x08,0xb3,0x04,0xf0,0x31,0xd0,0x41,0x68,0xec,0x21,
    0xbc,0x07,0xe2,0x1e,0x76,0x92,0x41,0xac,0x06,0x30,0x18,0x31,0x38,0x00,0x10,0x04,0x03,0x34,0x90,0xd9,0xe0,0x56,0x83,0x13,
    0x0d,0x82,0xd1,0x84,0x00,0x18,0x6e,0xa8,0x62,0x36,0x00,0x83,0x7a,0x93,0x40,0x67,0x19,0xe2,0x83,0x3e,0x82,0x61,0x0e,0x82,
    0x25,0x03,0xfa,0x98,0xe4,0x43,0x9a,0x8f,0x11,0x83,0x06,0x00,0x41,0x30,0x08,0x03,0x9d,0x0d,0x6a,0x35,0xe0,0xd1,0x40,0x17,
    0xc2,0xc0,0x00,0xd7,0x00,0x5c,0x03,0x70,0x0d,0xc0,0x35,0x18,0x4d,0x08,0x80,0x59,0x02,0xfa,0x18,0x31,0x68,0x00,0x10,0x04,
    0x83,0x30,0xe0,0xd9,0xe0,0x56,0x83,0x1f,0x0d,0x78,0x61,0x0c,0x10,0x71,0x0d,0xc4,0x35,0x10,0xd7,0x40,0x5c,0x83,0xd1,0x84,
    0x00,0x98,0x25,0xa0,0x8f,0x81,0x92,0xc1,0x81,0x0f,0x70,0x16,0xe2,0x43,0x98,0x0f,0x43,0x3e,0x86,0x1b,0x54,0x32,0xc8,0xd9,
    0x00,0x0c,0x66,0x19,0xea,0xc3,0x3e,0x82,0xe1,0x88,0xf8,0x13,0x88,0x6f,0xba,0x81,0x4e,0x83,0x39,0x0d,0x82,0x59,0x02,0x11,
    0x19,0x6e,0x68,0xc9,0x00,0x67,0x03,0x30,0x98,0x65,0xb8,0x0f,0xfc,0x08,0x86,0x23,0xe8,0xaf,0x28,0xbe,0xe9,0x86,0x3b,0x0d,
    0xec,0x34,0x08,0x66,0x09,0x44,0x64,0xb8,0x01,0x26,0x83,0x9c,0x0d,0xc0,0x60,0x96,0x21,0x3f,0xf4,0x23,0x18,0x8e,0xb8,0x3f,
    0x24,0xf8,0xa6,0x1b,0xf4,0x34,0xc8,0xd3,0x20,0x98,0x25,0x10,0x91,0xe1,0x86,0x99,0x0c,0x76,0x36,0x00,0x83,0x59,0x86,0xfd,
    0xe0,0x8f,0x60,0x38,0x42,0xff,0x96,0xe1,0x9b,0x6e,0xe8,0xd3,0x80,0x4f,0x83,0x60,0x96,0x40,0x44,0x86,0x1b,0x6c,0x32,0xe8,
    0xd9,0x00,0x0c,0x66,0x19,0xfa,0xc3,0x3f,0x82,0xe1,0x88,0xfe,0x73,0x84,0x6f,0xba,0x01,0x54,0x83,0x3f,0x0d,0x82,0x59,0x02,
    0x11,0x19,0x6e,0xc8,0xc9,0xa0,0x6c,0x03,0x30,0x98,0x65,0xf8,0x0f,0x10,0x09,0x86,0x23,0x40,0x30,0x88,0x9c,0x6f,0xba,0x61,
    0x54,0x03,0x51,0x0d,0x82,0x59,0x02,0x11,0x19,0x6e,0xe0,0xc9,0x40,0x6c,0x03,0x30,0x98,0x65,0x10,0x91,0x10,0x09,0x86,0x1b,
    0x7a,0x32,0x50,0xdb,0x00,0x0c,0xa6,0x1b,0x4c,0x35,0xa8,0x82,0x59,0x02,0x11,0x19,0x28,0x1a,0xcc,0xa0,0x3e,0xc0,0xe0,0x3e,
    0xb4,0xfc,0xa0,0xf6,0xc3,0xe9,0x0f,0xe4,0x3f,0x58,0x5a,0x00,0x11,0x21,0x44,0xcc,0x16,0x02,0xf9,0x58,0xf0,0x0b,0xf0,0xb1,
    0x5f,0x88,0xdb,0x00,0x06,0xc3,0x0d,0x81,0xdb,0x06,0x60,0x30,0xcb,0x30,0x22,0xe2,0x11,0xd8,0x38,0xcc,0x6d,0x00,0x83,0xe1,
    0x86,0x00,0x6e,0x03,0x30,0x98,0x65,0x20,0x91,0xf0,0x08,0xa6,0x1b,0xfe,0x01,0x24,0xf8,0xc1,0x8c,0x40,0x3e,0x16,0x80,0x04,
    0x7c,0x0c,0x24,0xf0,0x36,0x80,0xc1,0x70,0x43,0x50,0xb7,0x01,0x18,0xcc,0x32,0x98,0x08,0x6f,0x04,0xb3,0x04,0x27,0x32,0x4b,
    0x70,0x22,0x03,0x15,0x83,0x8f,0x94,0x88,0x61,0x22,0x16,0xf0,0x08,0x7c,0x8c,0x47,0xf8,0x36,0x80,0xc0,0x70,0x43,0x90,0x26,
    0x60,0x30,0xcb,0x80,0x22,0x70,0x11,0xcc,0x12,0xa4,0xc8,0x40,0xc5,0xc0,0xd6,0x82,0x5b,0x18,0x28,0x62,0xc1,0x99,0xd0,0x67,
    0x96,0xa0,0x86,0x86,0x1b,0xf2,0x04,0x74,0x83,0x30,0x18,0x6e,0x08,0x17,0xd0,0x0d,0xc0,0x60,0x96,0x81,0x45,0x56,0x24,0xa8,
    0x59,0x51,0xd9,0x00,0x2e,0x18,0xd4,0x88,0xc1,0x01,0x80,0x20,0x18,0x34,0xb2,0x1b,0xbc,0x6c,0x20,0x2a,0xbc,0x1a,0x8c,0x18,
    0x1c,0x00,0x08,0x82,0x41,0x33,0xbb,0xc1,0xcb,0x06,0x81,0x30,0x4b,0xc0,0x22,0x03,0x15,0x83,0xb0,0x22,0x7c,0x2d,0xa8,0xc8,
    0x70,0xc3,0xb9,0x8c,0x6e,0x10,0x06,0xc3,0x0d,0xe8,0xf2,0xb7,0x41,0x18,0x94,0x10,0xe8,0x2c,0x43,0x8b,0xd8,0x4a,0x60,0x84,
    0xb9,0x06,0xf0,0x19,0x31,0x30,0x00,0x10,0x04,0x83,0x07,0x77,0x83,0x98,0x0d,0x82,0x0b,0x08,0x33,0xcb,0xe0,0x22,0x31,0x92,
    0x2e,0xc3,0x1c,0x44,0x69,0x06,0x31,0x32,0xbd,0x88,0x04,0x23,0x23,0x06,0x07,0x00,0x82,0x60,0xb0,0xd9,0x6e,0x60,0xb3,0x41,
    0xad,0x06,0xc1,0x68,0x42,0x00,0x8c,0x26,0x08,0xc1,0x2c,0x41,0x8c,0x8c,0x18,0x1c,0x00,0x08,0x82,0xc1,0x96,0xbb,0x41,0xce,
    0x06,0xb9,0x1a,0x10,0xa3,0x09,0x01,0x30,0x9a,0x20,0x04,0xb3,0x04,0x31,0x32,0x50,0x42,0x98,0xbd,0xd0,0x22,0x04,0x8c,0x28,
    0x2f,0x42,0xf6,0x82,0x8b,0x0c,0x94,0x10,0x68,0x2f,0xb4,0x08,0x01,0x23,0xca,0x8b,0x98,0xbd,0xe0,0x22,0x27,0x0c,0xea,0x84,
    0x41,0x99,0x00,0x87,0x81,0x7c,0x4c,0x80,0xc3,0x40,0x3e,0xb3,0x0c,0x72,0x22,0x23,0xd9,0x88,0x81,0x01,0x80,0x20,0x18,0x3c,
    0xe6,0x1b,0xfc,0x6c,0x20,0x8c,0x18,0x18,0x00,0x08,0x82,0xc1,0x73,0xbe,0x01,0xd8,0x06,0xc2,0x09,0x04,0x3a,0x81,0x40,0x05,
    0x32,0xae,0x1b,0xe8,0x70,0x43,0x70,0xbb,0x01,0x18,0xcc,0x32,0xcc,0x08,0x8d,0x04,0xc3,0x0d,0x04,0x73,0x06,0x55,0xf4,0x6c,
    0x80,0x27,0x10,0xa2,0x02,0x61,0x67,0x09,0x68,0x64,0xa0,0x82,0x10,0x66,0x84,0xf4,0x05,0x19,0x19,0x6e,0x38,0xc8,0x37,0x00,
    0x83,0x59,0x86,0x1a,0xb1,0x91,0xa0,0x14,0xc9,0x2c,0x98,0x40,0x50,0x01,0x65,0xb3,0x04,0x39,0x32,0xdc,0xb0,0x90,0x6f,0x00,
    0x06,0xb3,0x0c,0x37,0x82,0x23,0x41,0x59,0xe9,0x1b,0x5c,0x3d,0x81,0x59,0x20,0x80,0xa0,0x82,0xc1,0x86,0x1b,0x02,0x0d,0x0d,
    0xaa,0xb0,0xdb,0x00,0x2a,0x18,0x62,0xba,0x81,0x08,0x86,0x59,0x82,0x1c,0x31,0x2f,0x6f,0x03,0x10,0x8c,0x18,0x1c,0x00,0x08,
    0x82,0x41,0xa7,0xbf,0x01,0xdd,0x06,0x57,0xfc,0x06,0x23,0x06,0x07,0x00,0x82,0x60,0xd0,0xed,0x6f,0x30,0xb7,0x41,0x20,0xcc,
    0x12,0xe4,0xc8,0x40,0x07,0xa1,0xd5,0x88,0x80,0x23,0xc8,0x8d,0x14,0xce,0xb8,0x6f,0x80,0x15,0x9c,0x6f,0xa0,0xc3,0x0d,0x01,
    0xfc,0x06,0x60,0x30,0xcb,0xa0,0x23,0x3b,0x12,0x0c,0x37,0x54,0xf7,0x1b,0x84,0xc1,0x70,0x43,0x87,0xbf,0x01,0x1a,0x54,0x20,
    0xec,0x70,0xc3,0x77,0x06,0x67,0x50,0x81,0xb0,0x17,0x10,0x62,0x96,0x60,0x47,0x06,0x2a,0x08,0x41,0x47,0xec,0x20,0x47,0x86,
    0x1b,0x92,0xff,0x0d,0xc0,0x60,0x96,0x81,0x47,0x7a,0x24,0x28,0x32,0x60,0x03,0xb3,0xa0,0x0d,0x40,0x50,0x81,0x1b,0xd8,0x2c,
    0x01,0x98,0x0c,0x37,0x34,0xff,0x1b,0x80,0xc1,0x2c,0x83,0x8f,0xfc,0x48,0x50,0x70,0x40,0xc2,0xc1,0x55,0x1a,0x04,0x66,0x81,
    0x00,0x82,0x0a,0x06,0x1b,0x6e,0x08,0xe8,0x00,0x0d,0xaa,0x88,0xdd,0x00,0x2a,0x18,0x62,0xba,0x81,0x08,0x86,0x59,0x02,0x30,
    0x31,0x3c,0xa0,0xdd,0x00,0x04,0x23,0x06,0x07,0x00,0x82,0x60,0xd0,0xd5,0x70,0xf0,0xba,0x41,0x1c,0xb0,0x70,0x30,0x62,0x70,
    0x00,0x20,0x08,0x06,0x9d,0x0d,0x07,0xae,0x1b,0x04,0xc2,0x2c,0x01,0x98,0x0c,0x74,0x10,0x1a,0x8f,0x08,0x3f,0x82,0xf8,0x88,
    0xa1,0x68,0x20,0xbb,0x01,0x0c,0x46,0x0c,0x0e,0x00,0x04,0xc1,0x00,0x0d,0x66,0x38,0xc0,0xdd,0x00,0x65,0x83,0x60,0x34,0x21,
    0x00,0x86,0x1b,0x2a,0x19,0x0e,0xc0,0xa0,0xe0,0x26,0xd0,0x59,0x86,0x30,0x21,0x93,0x60,0x98,0x83,0x68,0xd1,0x80,0x4c,0x26,
    0x31,0x91,0xc6,0x64,0xc4,0xa0,0x01,0x40,0x10,0x0c,0xc2,0x60,0x87,0x03,0xdb,0x0d,0x7a,0x36,0x48,0x85,0x30,0x30,0xc2,0x37,
    0x08,0xdf,0x20,0x7c,0x83,0xf0,0x0d,0x46,0x13,0x02,0x60,0x96,0x80,0x4c,0x46,0x0c,0x1a,0x00,0x04,0xc1,0x20,0x0c,0x7a,0x38,
    0xc0,0xdd,0x00,0x6c,0x83,0x55,0x18,0x03,0x64,0x7c,0x83,0xf1,0x0d,0xc6,0x37,0x18,0xdf,0x60,0x34,0x21,0x00,0x66,0x09,0xc8,
    0x64,0xa0,0x64,0x70,0xc0,0x44,0xdc,0x85,0x30,0x11,0xc6,0xc4,0x10,0x93,0xe1,0x86,0x15,0x0d,0x74,0x38,0x00,0x83,0x59,0x86,
    0x32,0x31,0x93,0x60,0x38,0x42,0x1e,0x03,0x81,0xf8,0xa6,0x1b,0xea,0x36,0xa0,0xdb,0x20,0x98,0x25,0xa8,0xa1,0xe1,0x06,0x17,
    0x0d,0x72,0x38,0x00,0x83,0x59,0x86,0x33,0x41,0x93,0x60,0x38,0xa2,0x1e,0x83,0xa2,0xf8,0xa6,0x1b,0xf0,0x36,0xb8,0xdb,0x20,
    0x98,0x25,0xa8,0xa1,0xe1,0x86,0x18,0x0d,0x74,0x38,0x00,0x83,0x59,0x86,0x34,0x51,0x93,0x60,0x38,0x02,0x1f,0x03,0x24,0xf8,
    0xa6,0x1b,0xf6,0x36,0xd0,0xdb,0x20,0x98,0x25,0xa8,0xa1,0xe1,0x06,0x1a,0x0d,0x78,0x38,0x00,0x83,0x59,0x86,0x35,0x61,0x93,
    0x60,0x38,0x62,0x1f,0x83,0x65,0xf8,0xa6,0x1b,0xfc,0x36,0xe8,0xdb,0x20,0x98,0x25,0xa8,0xa1,0xe1,0x86,0x1b,0x0d,0x7c,0x38,
    0x00,0x83,0x59,0x86,0x36,0x71,0x93,0x60,0x38,0xc2,0x1f,0x03,0x47,0xf8,0xa6,0x1b,0x42,0x37,0x00,0xdd,0x20,0x98,0x25,0xa8,
    0xa1,0xe1,0x06,0x1d,0x0d,0xcc,0x38,0x00,0x83,0x59,0x86,0x37,0x81,0x93,0x60,0x38,0x22,0x24,0x83,0xc8,0xf9,0xa6,0x1b,0x48,
    0x37,0x18,0xdd,0x20,0x98,0x25,0xa8,0xa1,0xe1,0x86,0x1e,0x0d,0xc6,0x38,0x00,0x83,0x59,0x86,0x1a,0x8a,0x93,0x60,0xb8,0xc1,
    0x47,0x83,0x35,0x0e,0xc0,0x60,0xba,0xe1,0x74,0x83,0x2a,0x98,0x25,0xa8,0x21,0xc3,0x05,0xd5,0x0d,0xe0,0x63,0xb8,0xb0,0xba,
    0x01,0x7c,0x46,0x0c,0x0c,0x00,0x04,0xc1,0xe0,0xf1,0xe3,0xe0,0x7e,0x03,0x61,0xc4,0xc0,0x00,0x40,0x10,0x0c,0x9e,0x3f,0x0e,
    0xf0,0x37,0x10,0x4e,0x20,0xd0,0x09,0x04,0x1a,0x31,0x30,0x00,0x10,0x04,0x83,0x47,0x94,0x83,0xfc,0x0d,0x8c,0x11,0x03,0x03,
    0x00,0x41,0x30,0x78,0x46,0x39,0xd0,0xdf,0xc0,0x98,0x25,0x98,0x93,0x81,0x8a,0xc1,0xe7,0x05,0x39,0x19,0x8d,0x5a,0x19,0xa8,
    0x20,0xdc,0x71,0x90,0x93,0xd3,0xa8,0x95,0x59,0x02,0x3a,0x19,0xa8,0x18,0x88,0x39,0xf9,0x0b,0x5a,0x19,0xa8,0x20,0xe4,0x71,
    0x98,0x93,0xbf,0xa0,0x95,0xe1,0x86,0x40,0x8f,0x83,0x30,0xb0,0xda,0x0d,0x8e,0xf8,0x4c,0x37,0x20,0x81,0x30,0xdc,0x60,0xf4,
    0x71,0x10,0x06,0x86,0xbb,0x41,0x12,0x9f,0xe9,0x06,0x25,0x10,0x8c,0x08,0xe4,0x53,0xc8,0x03,0xb5,0x3c,0x50,0xe7,0x53,0xc7,
    0x81,0x0e,0x37,0x04,0x7e,0x1c,0x80,0xc1,0x2c,0x43,0x9d,0xd8,0x49,0x30,0xdc,0x40,0xcc,0xc3,0x19,0x54,0x41,0xc2,0x01,0x9e,
    0x40,0x88,0x0a,0x84,0x9d,0x25,0xb0,0x93,0x81,0x0a,0x42,0xa8,0x13,0x99,0x1c,0xe8,0x64,0xb8,0xe1,0x58,0xe5,0x00,0x0c,0x66,
    0x19,0xee,0x04,0x4f,0x82,0x52,0xf2,0xc1,0x2c,0xd0,0x07,0x10,0x54,0xb0,0x0f,0x36,0x4b,0xb0,0x27,0xc3,0x0d,0xcb,0x2a,0x07,
    0x60,0x30,0xcb,0x90,0x27,0x7a,0x12,0x54,0x3f,0xc0,0x72,0x70,0xf5,0x04,0x66,0x81,0x00,0x82,0x0a,0x06,0x1b,0x6e,0x08,0x42,
    0x02,0x0d,0xaa,0xe8,0xe1,0x00,0x2a,0x18,0x62,0xba,0x81,0x08,0x86,0x59,0x82,0x3d,0xb1,0x92,0x00,0xe3,0x00,0x04,0x23,0x06,
    0x07,0x00,0x82,0x60,0xd0,0x85,0x73,0xb0,0xc3,0xc1,0x85,0xcb,0xc1,0x88,0xc1,0x01,0x80,0x20,0x18,0x74,0xe2,0x1c,0xe8,0x70,
    0x10,0x08,0xb3,0x04,0x7b,0x32,0xd0,0x41,0x68,0x77,0x22,0xe8,0x09,0x92,0x27,0xf5,0x3f,0xb5,0x1c,0x60,0x05,0xae,0x1c,0xe8,
    0x70,0x43,0x70,0xcb,0x01,0x18,0xcc,0x32,0xf0,0x49,0x9f,0x04,0xc3,0x0d,0x95,0x2f,0x07,0x61,0x30,0xdc,0xd0,0xfd,0x72,0x80,
    0x06,0x15,0x08,0x3b,0xdc,0xf0,0xb9,0xc4,0x19,0x54,0x20,0xec,0x05,0x84,0x98,0x25,0xe8,0x93,0x81,0x0a,0x42,0xe0,0x13,0x3b,
    0xd8,0x93,0xe1,0x86,0xc4,0x9c,0x03,0x30,0x98,0x65,0xf0,0x93,0x3f,0x09,0x8a,0x0c,0x66,0xc2,0x2c,0xa0,0x09,0x10,0x54,0x50,
    0x13,0x36,0x4b,0x20,0x2a,0xc3,0x0d,0x8d,0x39,0x07,0x60,0x30,0xcb,0x00,0x2a,0xa1,0x12,0xd4,0x4d,0xac,0x73,0x70,0x95,0x06,
    0x81,0x59,0x20,0x80,0xa0,0x82,0xc1,0x86,0x1b,0x82,0x9d,0x40,0x83,0x2a,0xf0,0x38,0x80,0x0a,0x86,0x98,0x6e,0x20,0x82,0x61,
    0x96,0x40,0x54,0xec,0x27,0xf6,0x38,0x00,0xc1,0x88,0xc1,0x01,0x80,0x20,0x18,0x74,0xfc,0x1c,0xd8,0x71,0x10,0x07,0xf3,0x1c,
    0x8c,0x18,0x1c,0x00,0x08,0x82,0x41,0xd7,0xcf,0x41,0x1d,0x07,0x81,0x30,0x4b,0x20,0x2a,0x03,0x1d,0x84,0xe6,0x27,0x42,0xa8,
    0x20,0xa0,0x62,0xef,0x1a,0xe4,0x71,0x00,0x83,0x11,0x83,0x03,0x00,0x41,0x30,0x40,0x03,0x7d,0x0e,0xfe,0x38,0x78,0xdf,0x20,
    0x18,0x4d,0x08,0x80,0xe1,0x86,0x2a,0x9f,0x03,0x30,0xa8,0x1b,0x0a,0x74,0x96,0x61,0x54,0x4c,0x25,0x18,0xe6,0x20,0xe8,0x35,
    0x30,0x95,0x89,0x54,0xa4,0x52,0x19,0x31,0x68,0x00,0x10,0x04,0x83,0x30,0x10,0xe9,0xa0,0x8f,0x03,0x12,0x0e,0xe0,0x22,0x0c,
    0x0c,0x54,0x0e,0x50,0x39,0x40,0xe5,0x00,0x95,0x83,0xd1,0x84,0x00,0x98,0x25,0x30,0x95,0x11,0x83,0x06,0x00,0x41,0x30,0x08,
    0x03,0x92,0x0e,0xfe,0x38,0x38,0xe1,0x40,0x2e,0xc6,0x00,0x51,0xe5,0x40,0x95,0x03,0x55,0x0e,0x54,0x39,0x18,0x4d,0x08,0x80,
    0x59,0x02,0x53,0x19,0x28,0x19,0x1c,0x51,0x81,0xc3,0x61,0x54,0x84,0x52,0x31,0x48,0x65,0xb8,0x41,0x5e,0x83,0x90,0x0e,0xc0,
    0x60,0x96,0xe1,0x54,0x50,0x25,0x18,0x8e,0xc8,0xcd,0x40,0x20,0xbe,0xe9,0x06,0x1e,0x0e,0x76,0x38,0x08,0x66,0x09,0x68,0x65,
    0xb8,0xa1,0x5e,0x03,0x90,0x0e,0xc0,0x60,0x96,0x21,0x55,0x54,0x25,0x18,0x8e,0xe0,0xcd,0xa0,0x28,0xbe,0xe9,0x86,0x1f,0x0e,
    0x7c,0x38,0x08,0x66,0x09,0x68,0x65,0xb8,0x01,0x5f,0x83,0x90,0x0e,0xc0,0x60,0x96,0x61,0x55,0x58,0x25,0x18,0x8e,0xf8,0xcd,
    0x00,0x09,0xbe,0xe9,0x06,0x31,0x0e,0xc2,0x38,0x08,0x66,0x09,0x68,0x65,0xb8,0x61,0x5f,0x83,0x91,0x0e,0xc0,0x60,0x96,0xa1,
    0x55,0x5c,0x25,0x18,0x8e,0x10,0xcf,0x60,0x19,0xbe,0xe9,0x86,0x32,0x0e,0xc8,0x38,0x08,0x66,0x09,0x68,0x65,0xb8,0xc1,0x5f,
    0x83,0x92,0x0e,0xc0,0x60,0x96,0xe1,0x55,0x60,0x25,0x18,0x8e,0x28,0xcf,0xc0,0x11,0xbe,0xe9,0x06,0x34,0x0e,0xce,0x38,0x08,
    0x66,0x09,0x68,0x65,0xb8,0x21,0x64,0x83,0x96,0x0e,0xc0,0x60,0x96,0x21,0x56,0x64,0x25,0x18,0x8e,0x40,0xcf,0x20,0x72,0xbe,
    0xe9,0x86,0x35,0x0e,0xd4,0x38,0x08,0x66,0x09,0x68,0x65,0xb8,0x81,0x64,0x03,0x95,0x0e,0xc0,0x60,0x96,0x81,0x56,0x66,0x25,
    0x18,0x6e,0x28,0xd9,0x40,0xa6,0x03,0x30,0x98,0x6e,0x70,0xe3,0xa0,0x0a,0x66,0x09,0x68,0x65,0xa0,0x68,0x30,0x83,0x53,0x01,
    0x83,0x54,0xd1,0x56,0x85,0x6a,0x15,0xe7,0x55,0x90,0x58,0xe1,0xc5,0x41,0x56,0x84,0x59,0x31,0x5b,0x08,0xe4,0x63,0xc1,0x2f,
    0xc0,0xc7,0x7e,0x21,0xa7,0x03,0x18,0x0c,0x37,0x04,0x36,0x1d,0x80,0xc1,0x2c,0x43,0xad,0xd0,0x49,0x60,0xe3,0xb0,0xd3,0x01,
    0x0c,0x86,0x1b,0x02,0x9c,0x0e,0xc0,0x60,0x96,0x61,0x86,0xe6,0x24,0x18,0x31,0x30,0x00,0x10,0x04,0x83,0x47,0xad,0x83,0x71,
    0x0e,0x6e,0xe3,0x02,0xc2,0x14,0x1c,0x9d,0x73,0x00,0x25,0x80,0x75,0x00,0x23,0x06,0x07,0x00,0x82,0x60,0xd0,0xa5,0x75,0x60,
    0xcb,0x41,0x20,0x8c,0x18,0x18,0x00,0x08,0x82,0xc1,0xf3,0xd6,0x81,0x39,0x07,0xbc,0x31,0x4b,0x70,0x2b,0x03,0x15,0x83,0x3d,
    0x0e,0xb6,0x12,0x37,0x61,0x33,0x50,0x41,0x98,0xea,0x60,0x2b,0x71,0x13,0x36,0xc3,0x0d,0x01,0x59,0x07,0x60,0x30,0xdd,0x80,
    0x14,0xc1,0x2c,0x03,0xae,0xec,0xca,0x28,0x0d,0x73,0x10,0x3f,0x1b,0xec,0xca,0x94,0x2b,0x92,0xae,0x8c,0x18,0x1c,0x00,0x08,
    0x82,0xc1,0x06,0xd7,0x01,0x3c,0x07,0x6f,0x1c,0x04,0xa3,0x09,0x01,0x30,0x9a,0x20,0x04,0xb3,0x04,0xbb,0x32,0x62,0x70,0x00,
    0x20,0x08,0x06,0xdb,0x5c,0x07,0xf3,0x1c,0xcc,0x71,0x40,0x8c,0x26,0x04,0xc0,0x68,0x82,0x10,0xcc,0x12,0xec,0xca,0x40,0x09,
    0xa1,0xab,0xc3,0xad,0x10,0xba,0xa2,0xe4,0x0a,0xae,0x0e,0xb8,0x32,0x50,0x42,0xf0,0xea,0x70,0x2b,0x84,0xae,0x28,0xb9,0xa2,
    0xab,0x03,0xae,0x9c,0x30,0xa8,0x13,0x06,0x65,0x82,0x8a,0x06,0xf2,0x31,0x41,0x45,0x03,0xf9,0xcc,0x32,0xf0,0x0b,0xaf,0xcc,
    0xc7,0x88,0x81,0x01,0x80,0x20,0x18,0x3c,0xa0,0x1d,0xe4,0x73,0x20,0x8c,0x18,0x18,0x00,0x08,0x82,0xc1,0x13,0xda,0x81,0x3e,
    0x07,0xc2,0x09,0x04,0x3a,0x81,0x40,0xa5,0x4b,0x68,0x1d,0xe8,0x70,0x43,0x10,0xd7,0x01,0x18,0xcc,0x32,0xf4,0x8a,0xaf,0x04,
    0xc3,0x0d,0x04,0x73,0x06,0x55,0xdc,0x73,0x80,0x27,0x10,0xa2,0x02,0x61,0x67,0x09,0x7c,0x65,0xa0,0x82,0x10,0x7a,0x05,0x5f,
    0x07,0x5e,0x19,0x6e,0x38,0xfc,0x3a,0x00,0x83,0x59,0x86,0x5f,0x01,0x97,0xa0,0x14,0xc9,0x2c,0x98,0x40,0x50,0x01,0x65,0xb3,
    0x04,0xe3,0x32,0xdc,0xb0,0xf8,0x75,0x00,0x06,0xb3,0x0c,0xe1,0x22,0x2e,0x41,0x59,0xa3,0x1d,0x5c,0x3d,0x81,0x59,0x20,0x80,
    0xa0,0x82,0xc1,0x86,0x1b,0x02,0x0d,0x0d,0xaa,0x80,0xe9,0x00,0x2a,0x18,0x62,0xba,0x81,0x08,0x86,0x59,0x82,0x71,0x31,0x6f,
    0xa6,0x03,0x10,0x8c,0x18,0x1c,0x00,0x08,0x82,0x41,0x47,0xdb,0x81,0x4b,0x07,0xd7,0x6a,0x07,0x23,0x06,0x07,0x00,0x82,0x60,
    0xd0,0xd5,0x76,0xd0,0xd2,0x41,0x20,0xcc,0x12,0x8c,0xcb,0x40,0x07,0xa1,0xfd,0x8a,0x20,0x2e,0x48,0xb8,0x94,0x3c,0xa1,0x76,
    0x80,0x15,0x84,0x76,0xa0,0xc3,0x0d,0x81,0x6a,0x07,0x60,0x30,0xcb,0x40,0x2e,0xe5,0x12,0x0c,0x37,0x54,0xb1,0x1d,0x84,0xc1,
    0x70,0x43,0x27,0xdb,0x01,0x1a,0x54,0x20,0xec,0x70,0xc3,0x77,0x06,0x67,0x50,0x81,0xb0,0x17,0x10,0x62,0x96,0xa0,0x5c,0x06,
    0x2a,0x08,0x81,0x5c,0xec,0x60,0x5c,0x86,0x1b,0x92,0xdc,0x0e,0xc0,0x60,0x96,0xc1,0x5c,0xce,0x25,0x28,0x32,0x60,0x03,0xb3,
    0xa0,0x0d,0x40,0x50,0x81,0x1b,0xd8,0x2c,0x81,0xba,0x0c,0x37,0x34,0xb9,0x1d,0x80,0xc1,0x2c,0x03,0xba,0xa4,0x4b,0x50,0x70,
    0xe0,0xdb,0xc1,0x55,0x1a,0x04,0x66,0x81,0x00,0x82,0x0a,0x06,0x1b,0x6e,0x08,0xe8,0x00,0x0d,0xaa,0x58,0xeb,0x00,0x2a,0x18,
    0x62,0xba,0x81,0x08,0x86,0x59,0x02,0x75,0x31,0x3c,0x70,0xeb,0x00,0x04,0x23,0x06,0x07,0x00,0x82,0x60,0xd0,0xbd,0x77,0x90,
    0xd6,0x41,0x1c,0x98,0x77,0x30,0x62,0x70,0x00,0x20,0x08,0x06,0x1d,0x7c,0x07,0x68,0x1d,0x04,0xc2,0x2c,0x81,0xba,0x0c,0x74,
    0x10,0x9a,0xb9,0x08,0xe9,0x82,0xa0,0x8b,0x89,0x6f,0xc0,0xd6,0x01,0x0c,0x46,0x0c,0x0e,0x00,0x04,0xc1,0x00,0x0d,0xda,0x3b,
    0x90,0xeb,0x40,0x9c,0x83,0x60,0x34,0x21,0x00,0x86,0x1b,0x2a,0xf6,0x0e,0xc0,0xa0,0x54,0x2a,0xd0,0x59,0x86,0x75,0x71,0x97,
    0x60,0x98,0x83,0x38,0xdf,0xc0,0x5d,0x26,0x76,0x91,0xda,0x65,0xc4,0xa0,0x01,0x40,0x10,0x0c,0xc2,0xa0,0xbe,0x03,0xb8,0x0e,
    0xee,0x39,0x48,0x85,0x30,0x30,0xf6,0x3a,0xd8,0xeb,0x60,0xaf,0x83,0xbd,0x0e,0x46,0x13,0x02,0x60,0x96,0xc0,0x5d,0x46,0x0c,
    0x1a,0x00,0x04,0xc1,0x20,0x0c,0xee,0x3b,0x90,0xeb,0x40,0x9f,0x83,0x55,0x18,0x03,0xa4,0xaf,0x83,0xbe,0x0e,0xfa,0x3a,0xe8,
    0xeb,0x60,0x34,0x21,0x00,0x66,0x09,0xdc,0x65,0xa0,0x64,0x70,0xd4,0xc5,0x46,0x87,0x75,0x11,0xda,0xc5,0x60,0x97,0xe1,0x86,
    0xf2,0x0d,0xe8,0x3b,0x00,0x83,0x59,0x86,0x77,0x81,0x97,0x60,0x38,0x82,0x55,0x03,0x81,0xf8,0xa6,0x1b,0x5e,0x3a,0x70,0xe9,
    0x20,0x98,0x25,0x08,0x9b,0xe1,0x06,0xf4,0x0d,0xe6,0x3b,0x00,0x83,0x59,0x86,0x78,0x91,0x97,0x60,0x38,0xe2,0x55,0x83,0xa2,
    0xf8,0xa6,0x1b,0x64,0x3a,0x88,0xe9,0x20,0x98,0x25,0x08,0x9b,0xe1,0x86,0xf5,0x0d,0xe8,0x3b,0x00,0x83,0x59,0x86,0x79,0xa1,
    0x97,0x60,0x38,0x42,0x56,0x03,0x24,0xf8,0xa6,0x1b,0x6a,0x3a,0xa0,0xe9,0x20,0x98,0x25,0x08,0x9b,0xe1,0x06,0xf7,0x0d,0xec,
    0x3b,0x00,0x83,0x59,0x86,0x7a,0xb1,0x97,0x60,0x38,0xa2,0x56,0x83,0x65,0xf8,0xa6,0x1b,0x70,0x3a,0xb8,0xe9,0x20,0x98,0x25,
    0x08,0x9b,0xe1,0x86,0xf8,0x0d,0xf0,0x3b,0x00,0x83,0x59,0x86,0x7b,0xc1,0x97,0x60,0x38,0x02,0x57,0x03,0x47,0xf8,0xa6,0x1b,
    0x76,0x3a,0xd0,0xe9,0x20,0x98,0x25,0x08,0x9b,0xe1,0x06,0xfa,0x0d,0x40,0x3c,0x00,0x83,0x59,0x86,0x7c,0xd1,0x97,0x60,0x38,
    0x62,0x57,0x83,0xc8,0xf9,0xa6,0x1b,0x7c,0x3a,0xe8,0xe9,0x20,0x98,0x25,0x08,0x9b,0xe1,0x86,0xfb,0x0d,0xfa,0x3b,0x00,0x83,
    0x59,0x86,0xb0,0xd9,0x97,0x60,0xb8,0x01,0x7f,0x83,0x12,0x0f,0xc0,0x60,0xba,0x21,0xac,0x83,0x2a,0x98,0x25,0x08,0x1b,0xc3,
    0x05,0xb2,0x0e,0xe0,0x63,0xb8,0x50,0xd6,0x01,0x7c,0x46,0x0c,0x0c,0x00,0x04,0xc1,0xe0,0xc1,0xf1,0x20,0xb6,0x03,0x61,0xc4,
    0xc0,0x00,0x40,0x10,0x0c,0x9e,0x1c,0x0f,0x64,0x3b,0x10,0x4e,0x20,0xd0,0x09,0x04,0x1a,0x31,0x30,0x00,0x10,0x04,0x83,0x87,
    0xc7,0x83,0xd9,0x0e,0x8c,0x11,0x03,0x03,0x00,0x41,0x30,0x78,0x7a,0x3c,0xa0,0xed,0xc0,0x98,0x25,0xe8,0x97,0x81,0x8a,0x41,
    0x56,0x07,0x7e,0x19,0x8d,0x9f,0x19,0xa8,0x20,0xc4,0x78,0xe0,0x97,0xd3,0xf8,0x99,0x59,0x02,0x7f,0x19,0xa8,0x18,0x88,0x7e,
    0xf9,0x0b,0x9f,0x19,0xa8,0x20,0xcc,0x78,0xe8,0x97,0xbf,0xf0,0x99,0xe1,0x86,0x80,0xc6,0x83,0x30,0xb0,0xb7,0x0e,0x8e,0xf8,
    0x4c,0x37,0x20,0x81,0x30,0xdc,0x60,0xdc,0x78,0x10,0x06,0x26,0xd7,0x41,0x12,0x9f,0xe9,0x06,0x25,0x10,0x8c,0x08,0xe4,0x53,
    0xc8,0x03,0xb5,0x3c,0x50,0xa1,0xf5,0xe2,0x81,0x0e,0x37,0x04,0x38,0x1e,0x80,0xc1,0x2c,0xc3,0xbf,0x80,0x4c,0x30,0xdc,0x40,
    0xcc,0xc3,0x19,0x54,0xe1,0xdb,0x01,0x9e,0x40,0x88,0x0a,0x84,0x9d,0x25,0x00,0x99,0x81,0x0a,0x42,0xf8,0x17,0x53,0x1e,0xfc,
    0x65,0xb8,0xe1,0x28,0xf3,0x00,0x0c,0x66,0x19,0x42,0x46,0x64,0x82,0x52,0xf2,0xc1,0x2c,0xd0,0x07,0x10,0x54,0xb0,0x0f,0x36,
    0x4b,0x50,0x32,0xc3,0x0d,0x4b,0x99,0x07,0x60,0x30,0xcb,0x30,0x32,0x24,0x13,0x54,0x3f,0xa8,0x79,0x70,0xf5,0x04,0x66,0x81,
    0x00,0x82,0x0a,0x06,0x1b,0x6e,0x08,0x42,0x02,0x0d,0xaa,0xb8,0xef,0x00,0x2a,0x18,0x62,0xba,0x81,0x08,0x86,0x59,0x82,0x92,
    0xb1,0x92,0xd0,0xef,0x00,0x04,0x23,0x06,0x07,0x00,0x82,0x60,0xd0,0xed,0x79,0x50,0xdf,0xc1,0x25,0xe7,0xc1,0x88,0xc1,0x01,
    0x80,0x20,0x18,0x74,0x7c,0x1e,0xd0,0x77,0x10,0x08,0xb3,0x04,0x25,0x33,0xd0,0x41,0x68,0x21,0x23,0x90,0x0c,0x32,0x32,0x95,
    0x5b,0x6f,0x1e,0x60,0x05,0x68,0x1e,0xe8,0x70,0x43,0x10,0xe7,0x01,0x18,0xcc,0x32,0x98,0xcc,0xc9,0x04,0xc3,0x0d,0x15,0x9e,
    0x07,0x61,0x30,0xdc,0xd0,0xe5,0x79,0x80,0x06,0x15,0x08,0x3b,0xdc,0xf0,0xb9,0xc4,0x19,0x54,0x20,0xec,0x05,0x84,0x98,0x25,
    0x38,0x99,0x81,0x0a,0x42,0x30,0x19,0x3b,0x28,0x99,0xe1,0x86,0x04,0xd4,0x03,0x30,0x98,0x65,0x40,0x99,0x94,0x09,0x8a,0x0c,
    0x66,0xc2,0x2c,0xa0,0x09,0x10,0x54,0x50,0x13,0x36,0x4b,0xc0,0x32,0xc3,0x0d,0x0d,0xa8,0x07,0x60,0x30,0xcb,0xa0,0x32,0x2b,
    0x13,0xd4,0x4d,0x94,0x7a,0x70,0x95,0x06,0x81,0x59,0x20,0x80,0xa0,0x82,0xc1,0x86,0x1b,0x82,0x9d,0x40,0x83,0x2a,0x64,0x3c,
    0x80,0x0a,0x86,0x98,0x6e,0x20,0x82,0x61,0x96,0x80,0x65,0xec,0x27,0x6a,0x3c,0x00,0xc1,0x88,0xc1,0x01,0x80,0x20,0x18,0x74,
    0xb6,0x1e,0xc0,0x78,0x10,0x07,0xad,0x1e,0x8c,0x18,0x1c,0x00,0x08,0x82,0x41,0x77,0xeb,0xc1,0x8b,0x07,0x81,0x30,0x4b,0xc0,
    0x32,0x03,0x1d,0x84,0x86,0x32,0xc2,0xca,0x20,0x2a,0x63,0xa9,0x1c,0xcc,0x78,0x00,0x83,0x11,0x83,0x03,0x00,0x41,0x30,0x40,
    0x03,0x5a,0x0f,0x72,0x3c,0x48,0xed,0x20,0x18,0x4d,0x08,0x80,0xe1,0x86,0x6a,0xd6,0x03,0x30,0xa8,0xf8,0x0a,0x74,0x96,0xa1,
    0x65,0x60,0x26,0x18,0xe6,0x20,0x5c,0x39,0x80,0x99,0xc9,0x65,0xa4,0x97,0x19,0x31,0x68,0x00,0x10,0x04,0x83,0x30,0xe0,0xf5,
    0xe0,0xc6,0x03,0xdf,0x0e,0xe0,0x22,0x0c,0x0c,0x31,0x0f,0xc4,0x3c,0x10,0xf3,0x40,0xcc,0x83,0xd1,0x84,0x00,0x98,0x25,0x80,
    0x99,0x11,0x83,0x06,0x00,0x41,0x30,0x08,0x03,0x5f,0x0f,0x72,0x3c,0x08,0xef,0x40,0x2e,0xc6,0x00,0x21,0xf3,0x80,0xcc,0x03,
    0x32,0x0f,0xc8,0x3c,0x18,0x4d,0x08,0x80,0x59,0x02,0x98,0x19,0x28,0x19,0x1c,0x96,0x21,0xdf,0xa1,0x65,0x84,0x97,0x31,0x5c,
    0x66,0xb8,0x81,0x95,0x83,0x5d,0x0f,0xc0,0x60,0x96,0x21,0x66,0x64,0x26,0x18,0x8e,0x98,0xdb,0x40,0x20,0xbe,0xe9,0x06,0xfb,
    0x0e,0xea,0x3b,0x08,0x66,0x09,0x7c,0x66,0xb8,0xe1,0x95,0x03,0x5d,0x0f,0xc0,0x60,0x96,0x61,0x66,0x68,0x26,0x18,0x8e,0xb0,
    0xdb,0xa0,0x28,0xbe,0xe9,0x86,0xfc,0x0e,0xf0,0x3b,0x08,0x66,0x09,0x7c,0x66,0xb8,0x41,0x96,0x83,0x5d,0x0f,0xc0,0x60,0x96,
    0xa1,0x66,0x6c,0x26,0x18,0x8e,0xc8,0xdb,0x00,0x09,0xbe,0xe9,0x06,0xfe,0x0e,0xf6,0x3b,0x08,0x66,0x09,0x7c,0x66,0xb8,0xa1,
    0x96,0x83,0x5e,0x0f,0xc0,0x60,0x96,0xe1,0x66,0x70,0x26,0x18,0x8e,0xe0,0xdb,0x60,0x19,0xbe,0xe9,0x86,0xff,0x0e,0xfc,0x3b,
    0x08,0x66,0x09,0x7c,0x66,0xb8,0x01,0x97,0x83,0x5f,0x0f,0xc0,0x60,0x96,0x21,0x67,0x74,0x26,0x18,0x8e,0xf8,0xdb,0xc0,0x11,
    0xbe,0xe9,0x06,0x11,0x0f,0x42,0x3c,0x08,0x66,0x09,0x7c,0x66,0xb8,0x61,0x97,0x83,0x73,0x0f,0xc0,0x60,0x96,0x61,0x67,0x78,
    0x26,0x18,0x8e,0x10,0xdd,0x20,0x72,0xbe,0xe9,0x86,0x12,0x0f,0x48,0x3c,0x08,0x66,0x09,0x7c,0x66,0xb8,0xc1,0x97,0x03,0x72,
    0x0f,0xc0,0x60,0x96,0xc1,0x67,0x7a,0x26,0x18,0x6e,0xf8,0xe5,0x80,0xdd,0x03,0x30,0x98,0x6e,0x40,0xf1,0xa0,0x0a,0x66,0x09,
    0x7c,0x66,0xa0,0x68,0x30,0x83,0x98,0x01,0x83,0x99,0xd1,0x6a,0x86,0xba,0x19,0x27,0x67,0x90,0x9d,0x81,0xe1,0x81,0x67,0x84,
    0x9e,0x31,0x5b,0x08,0xe4,0x63,0xc1,0x2f,0xc0,0xc7,0x7e,0x61,0xde,0x03,0x18,0x0c,0x37,0x04,0xf0,0x1e,0x80,0xc1,0x2c,0xc3,
    0xcf,0xf8,0x4b,0x60,0xe3,0x50,0xef,0x01,0x0c,0x86,0x1b,0x02,0x79,0x0f,0xc0,0x60,0x96,0x01,0x6c,0xfa,0x25,0x98,0x25,0x08,
    0x9b,0x81,0xa6,0x41,0x44,0xde,0x85,0x3f,0xe2,0xc5,0x3e,0xe6,0x05,0x3e,0xea,0x45,0x3d,0xee,0x85,0x3c,0xf2,0xc5,0x87,0x07,
    0x7d,0xf1,0x8d,0x7d,0x51,0xc0,0xc6,0x62,0x3c,0xb0,0x8d,0xf8,0x4c,0x37,0x04,0xb7,0x41,0x1b,0x36,0x04,0xf2,0xb1,0x00,0x37,
    0xe0,0x63,0xb8,0xc1,0xef,0x01,0x0c,0x86,0x1b,0x82,0x7c,0x0f,0xc0,0x60,0x96,0x81,0x86,0x6e,0x25,0x28,0x36,0x5b,0x33,0x9d,
    0x65,0x18,0x9b,0xb3,0x09,0x86,0x1b,0xee,0x39,0xd8,0xf7,0x80,0x0c,0x66,0x19,0xc8,0xa6,0x86,0x82,0x61,0x0e,0x02,0x9f,0x83,
    0x1a,0x9a,0xca,0x46,0x32,0x9b,0x11,0x03,0x08,0x00,0x41,0x30,0xb0,0x4a,0x3e,0x98,0xf3,0x00,0xc5,0x03,0xfc,0x0e,0x72,0x37,
    0xc0,0xdd,0x40,0xc7,0x03,0x1d,0x0f,0xfe,0x3d,0xf8,0xf7,0x80,0xd5,0x83,0xdb,0x0d,0x74,0x3c,0x18,0x4d,0x08,0x80,0x59,0x82,
    0x1a,0x1a,0x31,0x80,0x00,0x10,0x04,0x03,0xeb,0xe4,0x83,0x3a,0x0f,0x56,0x3c,0xd8,0xef,0x60,0x77,0x03,0xdd,0x0d,0x78,0x3c,
    0xe0,0xf1,0x20,0xe4,0x83,0x90,0x0f,0x5c,0x3d,0xc8,0xdd,0x80,0xc7,0x83,0xd1,0x84,0x00,0x98,0x25,0xa8,0x21,0xe3,0xe7,0xe0,
    0xcf,0x03,0x10,0x0c,0x37,0x04,0x22,0x1f,0x90,0xc1,0x2c,0x03,0xda,0xc4,0x50,0x60,0xfe,0x1c,0xe4,0x7a,0x00,0x83,0x11,0x83,
    0x03,0x00,0x41,0x30,0x40,0x83,0x94,0x0f,0x5c,0x3d,0xf0,0xef,0x20,0x18,0x4d,0x08,0x80,0x0b,0x08,0x53,0xc1,0xbe,0x07,0x3a,
    0xdc,0x10,0x90,0x7c,0x00,0x06,0x35,0xe0,0x79,0xa0,0xc3,0x0d,0x01,0xa8,0x07,0x60,0x50,0x43,0xb0,0xb3,0x0c,0x69,0xd3,0x3b,
    0x21,0x1c,0x8c,0x18,0x18,0x00,0x08,0x82,0xc1,0xc3,0xf3,0x41,0xa9,0x07,0x2a,0x1c,0x58,0x00,0x6a,0xf2,0x31,0x01,0xd4,0xe4,
    0x63,0x03,0xa9,0xc9,0xc7,0x08,0x52,0x93,0xcf,0x2c,0x43,0xdc,0xa8,0x8d,0x31,0xcc,0x43,0xb0,0x74,0x10,0x43,0xd6,0xda,0x60,
    0x6c,0x93,0xb5,0x8d,0xe6,0x36,0xd5,0xdb,0x6c,0x70,0x33,0x62,0x50,0x01,0x20,0x08,0x06,0x63,0x80,0xf3,0x01,0xaa,0x07,0x3e,
    0x1e,0xb8,0x78,0xd0,0xbe,0x01,0xfb,0x06,0x6e,0x1e,0xb8,0x79,0x30,0xf3,0xc1,0xcc,0x07,0xe0,0x1e,0x08,0x81,0x9b,0x07,0xc4,
    0xe0,0xe6,0x81,0x9b,0x07,0xa3,0x09,0x01,0x30,0x9a,0x20,0x04,0xa3,0x09,0x83,0x30,0x9a,0x40,0x0c,0xb3,0x04,0x31,0x34,0x62,
    0x50,0x01,0x20,0x08,0x06,0x63,0xd0,0xf3,0x41,0xab,0x07,0x64,0x1e,0xd0,0x78,0x20,0xbf,0x41,0xfc,0x06,0x73,0x1e,0xcc,0x79,
    0x80,0xf3,0x01,0xce,0x07,0xe5,0x1e,0x1c,0xc6,0x9c,0x07,0x09,0x32,0xe7,0xc1,0x9c,0x07,0xa3,0x09,0x01,0x30,0x9a,0x20,0x04,
    0xa3,0x09,0x83,0x30,0x9a,0x40,0x0c,0xb3,0x04,0x31,0x34,0x62,0x50,0x01,0x20,0x08,0x06,0x63,0x20,0xf6,0x81,0xac,0x07,0x6a,
    0x1e,0xe8,0x78,0x70,0xbf,0x81,0xfd,0x06,0x78,0x1e,0xe0,0x79,0xd0,0xf3,0x41,0xcf,0x07,0xea,0x1e,0x30,0x0b,0x9e,0x07,0x4e,
    0x83,0xe7,0x01,0x9e,0x07,0xa3,0x09,0x01,0x30,0x9a,0x20,0x04,0xa3,0x09,0x83,0x30,0x9a,0x40,0x0c,0xb3,0x04,0x31,0x34,0x62,
    0x50,0x01,0x20,0x08,0x06,0x63,0x70,0xf6,0xc1,0xad,0x07,0x70,0x1e,0x80,0x79,0xc0,0xbf,0xc1,0xfe,0x06,0x7d,0x1e,0xf4,0x79,
    0x20,0xf6,0x81,0xd8,0x07,0xef,0x1e,0x44,0x50,0x9f,0x07,0x93,0xd4,0xe7,0x41,0x9f,0x07,0xa3,0x09,0x01,0x30,0x9a,0x20,0x04,
    0xa3,0x09,0x83,0x30,0x9a,0x40,0x0c,0xb3,0x04,0x31,0x34,0x62,0x50,0x01,0x20,0x08,0x06,0x63,0xc0,0xf6,0x01,0xaf,0x07,0x76,
    0x1e,0x98,0x79,0x10,0xc2,0x01,0x08,0x07,0xa2,0x1e,0x88,0x7a,0x70,0xf6,0xc1,0xd9,0x07,0xf4,0x1e,0x58,0x95,0xa8,0x07,0xd8,
    0x25,0xea,0x81,0xa8,0x07,0xa3,0x09,0x01,0x30,0x9a,0x20,0x04,0xa3,0x09,0x83,0x30,0x9a,0x40,0x0c,0xb3,0x04,0x31,0x34,0x62,
    0x50,0x01,0x20,0x08,0x06,0x63,0x10,0xf7,0x41,0xb8,0x07,0x7c,0x1e,0xb0,0x79,0x60,0xc2,0x41,0x09,0x07,0xa7,0x1e,0x9c,0x7a,
    0xc0,0xf6,0x01,0xdb,0x07,0xf9,0x1e,0x6c,0xda,0xa9,0x07,0x1d,0x77,0xea,0xc1,0xa9,0x07,0xa3,0x09,0x01,0x30,0x9a,0x20,0x04,
    0xa3,0x09,0x83,0x30,0x9a,0x40,0x0c,0xb3,0x04,0x31,0x34,0xcc,0x43,0xa8,0x75,0x80,0x37,0x96,0xdc,0x60,0x73,0x93,0xd1,0x8d,
    0x56,0x37,0x95,0xdd,0x6c,0x77,0x33,0x62,0x70,0x00,0x20,0x08,0x06,0xdb,0xde,0x07,0xfb,0x1e,0xf0,0x79,0x10,0xf7,0xc1,0x68,
    0x42,0x00,0x8c,0x26,0x08,0xc1,0x68,0xc2,0x30,0xcc,0x12,0xe0,0xcd,0x88,0xc1,0x01,0x80,0x20,0x18,0x6c,0x7f,0x1f,0xfc,0x7b,
    0x10,0xea,0x41,0xdd,0x07,0xa3,0x09,0x01,0x30,0x9a,0x20,0x04,0xa3,0x09,0xc3,0x30,0x4b,0x80,0x37,0x23,0x06,0x07,0x00,0x82,
    0x60,0xb0,0x8d,0x7e,0x30,0xf2,0x81,0xa9,0x07,0x79,0x1f,0x8c,0x26,0x04,0xc0,0x68,0x82,0x10,0x8c,0x26,0x0c,0xc3,0x2c,0x01,
    0xde,0x8c,0x18,0x1c,0x00,0x08,0x82,0xc1,0x76,0xfa,0xc1,0xc9,0x07,0xab,0x1e,0xf4,0x7d,0x30,0x9a,0x10,0x00,0xa3,0x09,0x42,
    0x30,0x9a,0x30,0x0c,0xb3,0x04,0x78,0x33,0x62,0x70,0x00,0x20,0x08,0x06,0xdb,0xea,0x07,0x2b,0x1f,0xc0,0x7a,0x10,0xfa,0xc1,
    0x68,0x42,0x00,0x8c,0x26,0x08,0xc1,0x68,0xc2,0x30,0xcc,0x12,0xe0,0xcd,0x88,0xc1,0x01,0x80,0x20,0x18,0x6c,0xaf,0x1f,0xbc,
    0x7c,0x50,0xeb,0x41,0xe9,0x07,0xa3,0x09,0x01,0x30,0x9a,0x20,0x04,0xa3,0x09,0xc3,0x30,0x4b,0x80,0x37,0x03,0x3d,0x84,0x70,
    0x37,0x8a,0xdd,0x48,0x75,0xa3,0xd1,0x8d,0x18,0xcc,0x8d,0x1a,0xc8,0x8d,0xcc,0x0f,0x71,0x33,0xd0,0x43,0x18,0x77,0xe3,0xd8,
    0x8d,0x55,0x37,0x1e,0xdd,0x98,0xc1,0xdc,0xb8,0x81,0xdc,0xd0,0xfc,0x10,0x37,0x03,0x3d,0x84,0x72,0x37,0x92,0xdd,0x68,0x75,
    0x23,0x06,0x74,0xa3,0x06,0x73,0x23,0x07,0x72,0x63,0xf3,0x43,0xdc,0x5c,0x30,0xa8,0x1b,0x06,0x65,0x42,0x1f,0xc8,0xc7,0x84,
    0x3e,0x90,0x8f,0x09,0x82,0x7c,0x4c,0x10,0xe4,0x63,0x42,0x00,0x9f,0x11,0x03,0x03,0x00,0x41,0x30,0x78,0xc2,0x3f,0x90,0xf9,
    0x20,0x30,0xa4,0x14,0xe4,0x63,0x48,0x29,0xc8,0xc7,0x04,0x41,0x3e,0x26,0x08,0xf2,0x31,0x21,0x80,0xcf,0x88,0x81,0x01,0x80,
    0x20,0x18,0x3c,0xe7,0x1f,0xe0,0x7c,0x10,0x8c,0x18,0x1c,0x00,0x08,0x82,0x41,0x93,0xfe,0x81,0xd9,0x07,0x47,0x30,0x62,0x70,
    0x00,0x20,0x08,0x06,0x8d,0xfa,0x07,0x67,0x1f,0x04,0xfb,0x1e,0x8c,0x18,0x18,0x00,0x08,0x82,0xc1,0xa3,0xfe,0x41,0xcd,0x07,
    0xc1,0x88,0xc1,0x01,0x80,0x20,0x18,0x34,0xec,0x1f,0xa4,0x7d,0x10,0xd4,0x72,0x30,0x1c,0x11,0xdc,0x7b,0x20,0x7c,0xa3,0x09,
    0xb9,0x10,0x8c,0x26,0xe8,0x82,0x30,0xdd,0x20,0x04,0xc3,0x05,0x84,0x19,0x6e,0x08,0x76,0x3f,0x00,0x83,0x32,0x02,0x9d,0x65,
    0xc8,0x1b,0xbd,0x09,0x46,0x0c,0x0e,0x00,0x04,0xc1,0xa0,0xa1,0xff,0x20,0xee,0x03,0x5d,0x0e,0xfe,0x3d,0x30,0x26,0xa0,0xcf,
    0x88,0xc1,0x01,0x80,0x20,0x18,0x34,0xf6,0x1f,0xc8,0x7d,0x40,0x39,0x23,0x06,0x07,0x00,0x82,0x60,0xd0,0xdc,0x7f,0x40,0xf7,
    0x41,0x20,0x8c,0x18,0x1c,0x00,0x08,0x82,0x41,0x83,0xff,0x41,0xdd,0x07,0xc1,0xc8,0x07,0x06,0x05,0xf4,0x19,0x31,0x30,0x00,
    0x10,0x04,0x83,0x27,0xff,0x03,0x9f,0x0f,0x82,0x11,0x83,0x03,0x00,0x41,0x30,0x68,0xf6,0x3f,0xc0,0xfb,0x20,0x30,0xf9,0x60,
    0xc4,0xe0,0x00,0x40,0x10,0x0c,0x1a,0xfe,0x0f,0xf0,0x3e,0x08,0x90,0x0b,0x08,0x33,0x1c,0xc1,0x59,0xc2,0x37,0xdd,0xf0,0x0b,
    0xe1,0x10,0x4c,0x37,0xfc,0x42,0x38,0x08,0x47,0x0c,0xca,0x86,0x80,0x3e,0x36,0x08,0xf4,0x19,0x31,0x30,0x00,0x10,0x04,0x83,
    0x67,0x04,0x05,0xb7,0x0f,0x98,0x11,0x83,0x03,0x00,0x41,0x30,0x68,0x4a,0x50,0x10,0xfd,0x20,0x70,0xe7,0x60,0x96,0x40,0x6f,
    0x06,0x2a,0x06,0x21,0x6f,0xe8,0x00,0x6f,0x06,0x2a,0x08,0x2a,0x6f,0xe4,0x7f,0xc0,0x9b,0x81,0x8a,0x81,0xc9,0x1b,0x32,0x1f,
    0xf0,0x66,0xa0,0x62,0x60,0xf2,0xc6,0xcc,0x07,0xbc,0x19,0x6e,0x18,0xf6,0x3f,0x00,0x83,0x59,0x06,0xde,0xd9,0x9b,0x60,0x96,
    0x80,0x6f,0x06,0x2a,0x86,0x7f,0xd1,0x1d,0x35,0x1f,0xf6,0x66,0xa0,0x62,0xf8,0x17,0xdd,0x61,0xf3,0x61,0x6f,0x06,0x2a,0x86,
    0x7f,0xd1,0x1d,0x37,0x1f,0xf6,0x66,0xa0,0x62,0xf8,0x17,0xdd,0x81,0xf3,0x61,0x6f,0x06,0x2a,0x88,0x7f,0xd1,0x1d,0x10,0x24,
    0xf6,0x66,0xb8,0xe1,0x13,0x41,0x21,0x0c,0x4e,0x18,0x54,0x2d,0xac,0x1f,0xc0,0x05,0x83,0xb2,0x40,0xec,0x03,0xf9,0x18,0x11,
    0xc4,0xc7,0x02,0x47,0x3e,0x26,0x38,0xf2,0x31,0x61,0x9c,0x03,0xf8,0x98,0x30,0xce,0x01,0x7c,0x46,0x0c,0x0e,0x00,0x04,0xc1,
    0x00,0x0d,0x5c,0x50,0x98,0xfd,0x60,0xe4,0x03,0x93,0x18,0x4d,0x08,0x86,0x0b,0x08,0x53,0x01,0x08,0x0a,0x3a,0xdc,0x10,0xbc,
    0xa0,0x00,0x06,0x75,0x0a,0xb9,0x1f,0xc0,0x2c,0x83,0xdf,0xf4,0x8d,0x70,0xc1,0xa0,0x46,0x0c,0x0e,0x00,0x04,0xc1,0xa0,0x09,
    0x43,0xc1,0xf7,0x83,0x6d,0xed,0x83,0x11,0x83,0x03,0x00,0x41,0x30,0x68,0xc4,0x50,0xf0,0xfd,0x20,0x10,0x66,0x09,0xfc,0x66,
    0xa0,0x62,0x10,0xfa,0x46,0xd7,0x07,0xbe,0x19,0x6e,0x38,0x64,0x50,0x00,0x83,0xe1,0x06,0xc4,0x05,0x05,0x30,0x28,0x21,0x58,
    0x23,0xea,0x3e,0x80,0xcf,0x74,0x43,0x11,0x08,0x23,0x06,0x06,0x00,0x82,0x60,0xf0,0xa0,0xa1,0x10,0xfe,0x41,0x70,0x01,0x61,
    0x2a,0xe8,0x41,0x01,0x46,0x0c,0x0e,0x00,0x04,0xc1,0xa0,0x33,0x43,0x61,0xf6,0x83,0xa0,0x99,0x25,0xf8,0x9b,0x81,0x8a,0xc1,
    0xdd,0x07,0xbf,0x69,0x93,0xdc,0x19,0xa8,0x18,0xe0,0x7d,0xf0,0x9b,0x36,0xc9,0x9d,0x81,0x8a,0x41,0xde,0x07,0xbf,0x69,0x93,
    0xdc,0x19,0xa8,0x18,0xe8,0x7d,0xf0,0x9b,0x36,0xc9,0x9d,0x81,0x0a,0x82,0x14,0x09,0xbf,0x69,0x93,0xdc,0x19,0x6e,0x08,0xc6,
    0x50,0x00,0x83,0xe9,0x86,0xe4,0x08,0x86,0x79,0x08,0x1f,0x0f,0x4c,0xc7,0x02,0x1d,0x2c,0x74,0x32,0xd1,0xd1,0x46,0xa7,0x22,
    0x9d,0xad,0x74,0x46,0x0c,0x0e,0x00,0x04,0xc1,0x60,0x7b,0x43,0xe1,0xfd,0x03,0xb8,0x0f,0x82,0xd1,0x84,0x00,0x18,0x4d,0x10,
    0x82,0x59,0x02,0xd3,0x19,0x31,0x38,0x00,0x10,0x04,0x83,0x4d,0x0e,0x05,0xf9,0x0f,0xe8,0x3e,0x20,0x46,0x13,0x02,0x60,0x34,
    0x41,0x08,0x66,0x09,0x4c,0x67,0xc4,0xe0,0x00,0x40,0x10,0x0c,0xb6,0x3a,0x14,0xea,0x3f,0xc0,0xfb,0xe0,0x18,0x4d,0x08,0x80,
    0xd1,0x04,0x21,0x98,0x25,0x30,0x9d,0x11,0x83,0x03,0x00,0x41,0x30,0xd8,0xf0,0x50,0xc0,0xff,0x80,0xef,0x03,0x65,0x34,0x21,
    0x00,0x46,0x13,0x84,0x60,0x96,0xc0,0x74,0x46,0x0c,0x0e,0x00,0x04,0xc1,0x60,0xdb,0x43,0x61,0xff,0x03,0xd0,0x0f,0x9a,0xd1,
    0x84,0x00,0x18,0x4d,0x10,0x82,0x59,0x02,0xd3,0x19,0x31,0x38,0x00,0x10,0x04,0x83,0xcd,0x0f,0x05,0xff,0x0f,0x48,0x3f,0x80,
    0x46,0x13,0x02,0x60,0x34,0x41,0x08,0x66,0x09,0x4c,0x67,0xa0,0x87,0x10,0x4a,0x07,0x21,0x1d,0x67,0x74,0x28,0xd1,0xd1,0x42,
    0x07,0x0c,0x40,0xc7,0x1d,0x89,0xbf,0x19,0xe8,0x21,0x8c,0xd2,0x61,0x48,0x47,0x1a,0x1d,0x4c,0x74,0xbc,0xd0,0x21,0x03,0xd0,
    0x81,0x47,0xe2,0x6f,0x66,0x19,0x4e,0x47,0x75,0xde,0x62,0x96,0x21,0x75,0x50,0x07,0x0f,0x86,0x23,0xe0,0x40,0xf6,0x83,0xe1,
    0x1b,0x8e,0x88,0x03,0xda,0x0f,0x88,0xaf,0x84,0x40,0xa7,0x1b,0x6c,0x3f,0xa8,0xfd,0x20,0x98,0x25,0x50,0x9d,0x2b,0x06,0x65,
    0x41,0x1d,0xc8,0xc7,0x82,0xdd,0x0f,0xe0,0x33,0x62,0x60,0x00,0x20,0x08,0x06,0x8f,0x2b,0x0a,0x27,0x28,0x04,0x17,0x10,0x68,
    0xc4,0xc0,0x00,0x40,0x10,0x0c,0x1e,0x58,0x14,0x4e,0x50,0x18,0x86,0x1b,0x04,0x16,0x14,0xcc,0x60,0xb8,0x61,0x60,0xd0,0xa0,
    0x84,0x40,0x0d,0xfc,0x03,0x22,0x3e,0xd3,0x0d,0x01,0xf8,0x07,0x82,0x1d,0xa9,0x28,0x80,0x60,0xb8,0x01,0x29,0x41,0xc1,0x0c,
    0x86,0x1b,0x04,0x09,0x0d,0x4a,0x08,0x74,0xba,0x41,0x29,0xff,0x20,0xb0,0xc0,0x80,0xcf,0x2c,0x81,0xea,0x0c,0x74,0x0c,0x42,
    0xea,0x90,0x01,0xea,0xc0,0xfe,0x60,0x3a,0xb3,0x0c,0xab,0xe3,0x3a,0xa3,0x31,0xcb,0xd0,0x3a,0xac,0xe3,0x0a,0xc3,0x11,0xa5,
    0x80,0xfe,0xc1,0xf0,0x0d,0x47,0x98,0x82,0xfa,0x07,0xc4,0x57,0x42,0xa0,0xd3,0x0d,0xec,0x1f,0xac,0x7f,0x10,0xcc,0x12,0xb8,
    0xce,0x71,0x83,0xb2,0x40,0x15,0xe4,0x63,0x41,0xfc,0x07,0xf0,0x19,0x31,0x30,0x00,0x10,0x04,0x83,0x87,0x1c,0x85,0x1e,0x14,
    0x82,0x0b,0x08,0x34,0x62,0x60,0x00,0x20,0x08,0x06,0x8f,0x39,0x0a,0x3d,0x28,0x0c,0xc3,0x0d,0x82,0x18,0x0a,0x66,0x30,0xdc,
    0x30,0x8c,0x01,0x1a,0x94,0x10,0xa8,0xd9,0x7f,0x40,0xc4,0x67,0xba,0x21,0xb0,0xff,0x40,0xb0,0xe3,0x17,0x05,0x10,0x0c,0x37,
    0x20,0x3b,0x28,0x98,0xc1,0x70,0x83,0x90,0x06,0x68,0x50,0x42,0xa0,0xd3,0x0d,0xca,0xfe,0x07,0x81,0x05,0x06,0x7c,0x66,0x09,
    0x5c,0x67,0xa0,0x63,0x10,0x5a,0x87,0x0c,0x58,0x87,0xff,0x07,0xd5,0xb1,0xe0,0x92,0xcf,0xb9,0xc1,0xa0,0x0e,0x0e,0x06,0x35,
    0xcb,0x00,0x3b,0xaf,0x73,0x0e,0x26,0xfc,0x82,0x7c,0x4c,0xf8,0x05,0xf9,0x8c,0x18,0x18,0x00,0x08,0x82,0xc1,0x83,0x8f,0x42,
    0x1c,0x0a,0xc2,0x88,0x81,0x01,0x80,0x20,0x18,0x3c,0xf9,0x28,0xc8,0xa1,0x20,0x98,0x90,0x82,0x02,0x7c,0x4c,0x50,0x41,0x01,
    0x3e,0x26,0x20,0xf4,0x31,0x01,0xa1,0xcf,0x2c,0x01,0xec,0x0c,0x54,0x0c,0xc4,0xeb,0xb8,0x86,0xeb,0x0c,0x54,0x0c,0xc4,0xeb,
    0xb8,0x86,0xeb,0x9c,0x2b,0x0c,0x6a,0x98,0x87,0x60,0xf7,0xe0,0x76,0xac,0xd8,0xc1,0x64,0x27,0x9b,0x1d,0x8d,0x76,0xaa,0xda,
    0xd9,0x6c,0x67,0xc4,0xe0,0x01,0x40,0x10,0x0c,0x30,0x7f,0x14,0xee,0x50,0xf0,0xff,0xc0,0xfd,0x83,0x41,0x70,0x41,0xc1,0x05,
    0x85,0x79,0x14,0xe6,0x51,0x00,0x45,0x21,0x18,0x4d,0x08,0x80,0xd1,0x04,0x21,0x18,0x4d,0x18,0x84,0xd1,0x04,0x62,0x98,0x25,
    0xb8,0x9d,0x11,0x83,0x07,0x00,0x41,0x30,0xc0,0x46,0x52,0xe0,0x43,0x81,0x04,0x05,0xfa,0x0f,0x90,0x63,0x06,0x85,0x19,0x14,
    0xf0,0x51,0xc0,0x47,0xa1,0x14,0x05,0x63,0x34,0x21,0x00,0x46,0x13,0x84,0x60,0x34,0x61,0x10,0x46,0x13,0x88,0x61,0x96,0xe0,
    0x76,0x46,0x0c,0x1e,0x00,0x04,0xc1,0x00,0x43,0x49,0x21,0x14,0x05,0x15,0x14,0xf4,0x3f,0x68,0x18,0x1c,0x14,0x70,0x50,0xe8,
    0x47,0xa1,0x1f,0x05,0x55,0x14,0x96,0xd1,0x84,0x00,0x18,0x4d,0x10,0x82,0xd1,0x84,0x41,0x18,0x4d,0x20,0x86,0x59,0x82,0xdb,
    0x19,0x31,0x78,0x00,0x10,0x04,0x03,0xac,0x25,0x05,0x53,0x14,0x60,0x50,0x00,0x41,0x41,0x8a,0x7a,0x50,0xe8,0x41,0x41,0x24,
    0x05,0x91,0x14,0x5e,0x51,0x80,0x46,0x13,0x02,0x60,0x34,0x41,0x08,0x46,0x13,0x06,0x61,0x34,0x81,0x18,0x66,0x09,0x6e,0x67,
    0xc4,0xe0,0x01,0x40,0x10,0x0c,0x30,0x99,0x14,0x56,0x51,0xb0,0x41,0xc1,0x04,0x85,0xcb,0x12,0x43,0x41,0x0c,0x85,0x93,0x14,
    0x4e,0x52,0xa0,0x45,0xa1,0x1a,0x4d,0x08,0x80,0xd1,0x04,0x21,0x18,0x4d,0x18,0x84,0xd1,0x04,0x62,0x98,0x25,0xb8,0x9d,0x11,
    0x83,0x07,0x00,0x41,0x30,0xc0,0x6e,0x52,0x80,0x45,0x81,0x07,0x05,0x16,0x14,0xb8,0xed,0x0c,0x85,0x33,0x14,0x58,0x52,0x60,
    0x49,0x21,0x17,0x05,0x6d,0x34,0x21,0x00,0x46,0x13,0x84,0x60,0x34,0x61,0x10,0x46,0x13,0x88,0x61,0x96,0xe0,0x76,0x06,0x7a,
    0x06,0x5a,0x24,0x60,0x07,0xb1,0x1d,0xa9,0x76,0x38,0xda,0x31,0x83,0xd9,0x81,0x03,0xd9,0xd1,0x83,0xd8,0x19,0xe8,0x19,0x6c,
    0x91,0x80,0x1d,0xc4,0x76,0xa4,0xda,0xe1,0x68,0xc7,0x0c,0x66,0x07,0x0e,0x64,0x47,0x0f,0x62,0x67,0xa0,0x67,0xc0,0x45,0x02,
    0x76,0x10,0xdb,0x91,0x6a,0x87,0xa3,0x1d,0x33,0x98,0x1d,0x38,0x90,0x1d,0x3d,0x88,0x9d,0x81,0x9e,0x41,0x17,0x09,0xd8,0x41,
    0x6c,0x47,0xaa,0x1d,0x8e,0x76,0xcc,0x60,0x76,0xe0,0x40,0x76,0xf4,0x20,0x76,0xcc,0xe5,0x03,0x5c,0x14,0x60,0x30,0x62,0x70,
    0x00,0x20,0x08,0x06,0x68,0x90,0x93,0x82,0x2f,0x0a,0x2e,0x28,0x04,0xa3,0x09,0x01,0x30,0x9a,0x20,0x04,0xa3,0x09,0x83,0x30,
    0x9a,0x40,0x0c,0xa6,0x10,0xf1,0x31,0x85,0x88,0x8f,0x29,0x44,0x7c,0x4c,0x21,0xe2,0x63,0x84,0x1e,0xc8,0xc7,0x88,0x3d,0x90,
    0x8f,0x11,0x7c,0x20,0x1f,0x23,0xfa,0x40,0x3e,0x46,0x30,0xf0,0x31,0x82,0x81,0x8f,0x11,0x0c,0x7c,0x8c,0x60,0xe0,0x33,0xcb,
    0x90,0x3b,0xb8,0x43,0x12,0x23,0x06,0x06,0x00,0x82,0x60,0xf0,0xd4,0xa5,0xc0,0x8e,0xc2,0x4c,0x58,0xa1,0x12,0xf1,0xb1,0x42,
    0x25,0xe2,0x63,0x85,0x4a,0xc4,0xc7,0x0a,0x95,0x88,0x8f,0x15,0x84,0x7c,0xcc,0x20,0xe4,0x63,0x07,0x21,0x1f,0x43,0x08,0xf9,
    0x18,0x21,0x13,0xf0,0x31,0x42,0x26,0xe0,0x63,0x84,0x4c,0xc0,0xc7,0x08,0x99,0x80,0xcf,0x2c,0x41,0xee,0x0c,0x54,0x0c,0x08,
    0xee,0x88,0xc1,0xed,0x0c,0x54,0x0c,0x08,0xee,0x88,0xc1,0xed,0x0c,0x54,0x0c,0x08,0xee,0x88,0xc1,0xed,0x0c,0x54,0x0c,0x08,
    0xee,0x88,0xc1,0xed,0x94,0x4d,0xe4,0xa5,0x00,0xd3,0x0d,0x76,0x29,0xe8,0xa5,0x20,0x16,0xc3,0x0d,0x42,0x40,0x06,0xb3,0x0c,
    0x7f,0xa3,0x3b,0x81,0x1d,0x7f,0x01,0x1f,0x3b,0xfe,0x02,0x3e,0x76,0xfc,0x05,0x7c,0xec,0xf8,0x0b,0xf8,0xd8,0x5f,0x80,0xa6,
    0x00,0x81,0xe1,0x86,0x00,0x35,0xc0,0x60,0x96,0x61,0x77,0xf8,0x26,0x98,0x25,0xe0,0x9d,0x81,0x8a,0x81,0x2e,0x09,0xbd,0x61,
    0x76,0x67,0xa0,0x62,0xb0,0x4b,0x42,0x6f,0x98,0xdd,0x19,0xa8,0x18,0xf0,0x92,0xd0,0x1b,0x66,0x77,0x06,0x2a,0x06,0xbd,0x24,
    0xf4,0x86,0xd9,0x9d,0x6b,0x8d,0x41,0x59,0x11,0xd0,0xc7,0x0a,0x81,0x3e,0x56,0x0c,0xf4,0xb1,0x82,0xa0,0xcf,0x2c,0x41,0x0c,
    0xcd,0x32,0x94,0x8f,0xef,0xf4,0xc9,0x30,0x0f,0x31,0xfa,0x41,0x0c,0x59,0xbf,0x83,0x81,0x4f,0x16,0x3e,0x9a,0xf8,0x54,0xe3,
    0xb3,0x91,0xcf,0x88,0x01,0x04,0x80,0x20,0x18,0x58,0xb6,0x29,0xa8,0xa4,0x50,0x8b,0x42,0x29,0x0a,0x64,0x1e,0x8c,0x79,0x50,
    0x8e,0x42,0x39,0x0a,0xaa,0x29,0xa8,0xa6,0x70,0x93,0x82,0xa9,0x07,0xe5,0x28,0x8c,0x26,0x04,0xc0,0x68,0x82,0x10,0x8c,0x26,
    0x0c,0xc2,0x68,0x02,0x31,0xcc,0x12,0xc4,0xd0,0x88,0x01,0x04,0x80,0x20,0x18,0x58,0xbb,0x29,0xbc,0xa4,0xb0,0x8b,0xc2,0x2a,
    0x0a,0x69,0x1e,0xa0,0x79,0xa0,0x8e,0x82,0x3a,0x0a,0xaf,0x29,0xbc,0xa6,0xc0,0x93,0xc2,0xaa,0x07,0xea,0x28,0x8c,0x26,0x04,
    0xc0,0x68,0x82,0x10,0x8c,0x26,0x0c,0xc2,0x68,0x02,0x31,0xcc,0x12,0xc4,0xd0,0x88,0x01,0x04,0x80,0x20,0x18,0x58,0xe0,0x29,
    0xd0,0xa4,0x10,0x8e,0x42,0x2c,0x0a,0x6e,0x1e,0xb4,0x79,0xf0,0x8e,0xc2,0x3b,0x0a,0xb4,0x29,0xd0,0xa6,0x10,0x96,0x02,0xac,
    0x07,0xef,0x28,0x8c,0x26,0x04,0xc0,0x68,0x82,0x10,0x8c,0x26,0x0c,0xc2,0x68,0x02,0x31,0xcc,0x12,0xc4,0xd0,0x88,0x01,0x04,
    0x80,0x20,0x18,0x58,0xe5,0x29,0xe4,0xa4,0x70,0x8e,0xc2,0x2d,0x0a,0x73,0x1e,0xc8,0x79,0x40,0x8f,0x02,0x3d,0x0a,0xb9,0x29,
    0xe4,0xa6,0x60,0x96,0x42,0xad,0x07,0xf4,0x28,0x8c,0x26,0x04,0xc0,0x68,0x82,0x10,0x8c,0x26,0x0c,0xc2,0x68,0x02,0x31,0xcc,
    0x12,0xc4,0xd0,0x88,0x01,0x04,0x80,0x20,0x18,0x58,0xea,0x29,0xf8,0xa4,0xd0,0x8e,0x42,0x2f,0x0a,0x78,0x1e,0xdc,0x79,0x90,
    0x8f,0x42,0x3e,0x0a,0xbe,0x29,0xf8,0xa6,0xb0,0x96,0x82,0xae,0x07,0xf9,0x28,0x8c,0x26,0x04,0xc0,0x68,0x82,0x10,0x8c,0x26,
    0x0c,0xc2,0x68,0x02,0x31,0xcc,0x12,0xc4,0xd0,0x88,0x01,0x04,0x80,0x20,0x18,0x58,0xef,0x29,0x8c,0xa5,0x30,0x8f,0xc2,0x38,
    0x0a,0x7d,0x1e,0xf0,0x79,0xe0,0x8f,0x82,0x3f,0x0a,0xe3,0x29,0x8c,0xa7,0x00,0x97,0xc2,0xaf,0x07,0xfe,0x28,0x8c,0x26,0x04,
    0xc0,0x68,0x82,0x10,0x8c,0x26,0x0c,0xc2,0x68,0x02,0x31,0xcc,0x12,0xc4,0xd0,0x88,0x81,0x01,0x80,0x20,0x18,0x3c,0xf6,0x29,
    0x88,0xa5,0x20,0xea,0xc1,0x88,0x81,0x01,0x80,0x20,0x18,0x3c,0xf7,0x29,0x8c,0xa5,0x20,0xea,0xc1,0x88,0x81,0x01,0x80,0x20,
    0x18,0x3c,0xf8,0x29,0x94,0xa5,0x40,0xea,0xc1,0x88,0x81,0x01,0x80,0x20,0x18,0x3c,0xf9,0x29,0x98,0xa5,0x40,0xea,0xc1,0x30,
    0x0f,0x51,0xfe,0x01,0xfb,0x58,0xe6,0x83,0x9d,0x4f,0x86,0x3e,0x5a,0xfa,0x54,0xea,0xb3,0xad,0xcf,0x88,0xc1,0x01,0x80,0x20,
    0x18,0x6c,0xf6,0x29,0xd8,0xa5,0x70,0x8f,0x02,0x7b,0x0a,0xa3,0x09,0x01,0x30,0x9a,0x20,0x04,0xa3,0x09,0xc3,0x30,0x4b,0xc0,
    0x3e,0x23,0x06,0x07,0x00,0x82,0x60,0xb0,0xe9,0xa7,0xa0,0x97,0x02,0x3f,0x0a,0xf0,0x29,0x8c,0x26,0x04,0xc0,0x68,0x82,0x10,
    0x8c,0x26,0x0c,0xc3,0x2c,0x01,0xfb,0x8c,0x18,0x1c,0x00,0x08,0x82,0xc1,0xe6,0x9f,0x82,0x5f,0x0a,0x21,0x29,0xd0,0xa7,0x30,
    0x9a,0x10,0x00,0xa3,0x09,0x42,0x30,0x9a,0x30,0x0c,0xb3,0x04,0xec,0x33,0x62,0x70,0x00,0x20,0x08,0x06,0x9b,0x88,0x0a,0xa2,
    0x29,0x98,0xa4,0x80,0x9f,0xc2,0x68,0x42,0x00,0x8c,0x26,0x08,0xc1,0x68,0xc2,0x30,0xcc,0x12,0xb0,0xcf,0x88,0xc1,0x01,0x80,
    0x20,0x18,0x6c,0x26,0x2a,0x98,0xa6,0xb0,0x92,0x02,0x7f,0x0a,0xa3,0x09,0x01,0x30,0x9a,0x20,0x04,0xa3,0x09,0xc3,0x30,0x4b,
    0xc0,0x3e,0x23,0x06,0x07,0x00,0x82,0x60,0xb0,0xa9,0xa8,0xa0,0x9a,0x02,0x4c,0x0a,0x20,0x2a,0x8c,0x26,0x04,0xc0,0x68,0x82,
    0x10,0x8c,0x26,0x0c,0xc3,0x2c,0x01,0xfb,0x0c,0xf4,0x10,0xc2,0xfa,0x28,0xea,0x23,0xa5,0x8f,0x86,0x3e,0x62,0x70,0x3e,0x6a,
    0x60,0x3e,0x28,0x4c,0x94,0xcf,0x40,0x0f,0x61,0xac,0x8f,0xa3,0x3e,0x56,0xfa,0x78,0xe8,0x63,0x06,0xe7,0xe3,0x06,0xe6,0xa3,
    0xc2,0x44,0xf9,0x0c,0xf4,0x10,0xca,0xfa,0x48,0xea,0xa3,0xa5,0x8f,0x18,0xa0,0x8f,0x1a,0x9c,0x8f,0x1c,0x98,0x0f,0x0b,0x13,
    0xe5,0x73,0xc1,0xa0,0x6e,0x18,0x94,0x09,0x9f,0x7c,0x4c,0xf8,0xe4,0x63,0x82,0x20,0x1f,0x13,0x04,0xf9,0x98,0x10,0xc0,0x67,
    0xc4,0xc0,0x00,0x40,0x10,0x0c,0x1e,0x1e,0x15,0x5a,0x53,0x08,0x0c,0x39,0x03,0xf9,0x18,0x72,0x06,0xf2,0x31,0x41,0x90,0x8f,
    0x09,0x82,0x7c,0x4c,0x08,0xe0,0x33,0x62,0x60,0x00,0x20,0x08,0x06,0x8f,0x98,0x0a,0xb3,0x29,0x04,0x23,0x06,0x07,0x00,0x82,
    0x60,0xd0,0x90,0xa9,0x10,0x9e,0xc2,0x11,0x8c,0x18,0x1c,0x00,0x08,0x82,0x41,0x53,0xa6,0x82,0x78,0x0a,0x81,0x5d,0x0a,0x23,
    0x06,0x06,0x00,0x82,0x60,0xf0,0x94,0xa9,0x00,0x9b,0x42,0x60,0x01,0xcd,0x07,0xf0,0x19,0x31,0x38,0x00,0x10,0x04,0x83,0x06,
    0x4d,0x85,0xf2,0x14,0x82,0x98,0x0f,0x86,0x23,0x82,0xb9,0x14,0x84,0x6f,0x34,0xa1,0x66,0x82,0xd1,0x04,0x9b,0x11,0xa6,0x1b,
    0x84,0x60,0xb8,0x80,0x30,0xc3,0x0d,0xc1,0x8d,0x0a,0x60,0x50,0x46,0xa0,0xb3,0x0c,0xed,0xe3,0x3e,0xc1,0x88,0xc1,0x01,0x80,
    0x20,0x18,0x34,0x70,0x2a,0xb4,0xa7,0x60,0xf3,0xc1,0x5e,0x0a,0xd6,0x04,0xf4,0x19,0x31,0x38,0x00,0x10,0x04,0x83,0x46,0x4e,
    0x05,0xf7,0x14,0xaa,0x67,0xc4,0xe0,0x00,0x40,0x10,0x0c,0x9a,0x39,0x15,0xe0,0x53,0x08,0x84,0x11,0x83,0x03,0x00,0x41,0x30,
    0x68,0xe8,0x54,0x88,0x4f,0x21,0xf8,0x4b,0xc1,0xa2,0x80,0x3e,0x23,0x06,0x06,0x00,0x82,0x60,0xf0,0xd4,0xa9,0xa0,0x9b,0x42,
    0x30,0x62,0x70,0x00,0x20,0x08,0x06,0xcd,0x9d,0x0a,0xf4,0x29,0x04,0xa2,0x29,0x8c,0x18,0x1c,0x00,0x08,0x82,0x41,0x83,0xa7,
    0x02,0x7d,0x0a,0x01,0x72,0x01,0x61,0x86,0x23,0xba,0x4b,0xf8,0xa6,0x1b,0x44,0x81,0x14,0x82,0xe9,0x06,0x51,0x20,0x05,0xe1,
    0x88,0x41,0xd9,0x10,0xd0,0xc7,0x06,0x81,0x3e,0x23,0x06,0x06,0x00,0x82,0x60,0xf0,0xfc,0xa9,0xa0,0x9e,0x02,0x63,0x81,0xdb,
    0x07,0xf0,0x19,0x31,0x38,0x00,0x10,0x04,0x83,0x46,0x54,0x85,0xff,0x14,0x82,0xb5,0x0f,0x66,0x09,0xdc,0x67,0xa0,0x62,0x10,
    0xda,0xc7,0x0e,0xd8,0x67,0xa0,0x82,0xb0,0xda,0x87,0x9d,0x09,0xf6,0x19,0xa8,0x18,0x9c,0xf6,0xf1,0x59,0x82,0x7d,0x06,0x2a,
    0x06,0xa7,0x7d,0xc0,0x96,0x60,0x9f,0xe1,0x86,0x01,0x4f,0x05,0x30,0x98,0x65,0x80,0xa1,0xf7,0x09,0x66,0x09,0xe0,0x67,0xa0,
    0x62,0xf8,0x17,0x17,0x22,0x5b,0xe2,0x7d,0x06,0x2a,0x86,0x7f,0x71,0x21,0xb3,0x25,0xde,0x67,0xa0,0x62,0xf8,0x17,0x17,0x42,
    0x5b,0xe2,0x7d,0x06,0x2a,0x86,0x7f,0x71,0x21,0xb5,0x25,0xde,0x67,0xa0,0x82,0xf8,0x17,0x17,0xd2,0x67,0xe2,0x7d,0x86,0x1b,
    0xc0,0xe0,0x4f,0x85,0x30,0x38,0x61,0x50,0xb5,0xa4,0xa8,0x00,0x17,0x0c,0xca,0x82,0xdf,0x14,0xe4,0x63,0x44,0x10,0x1f,0x0b,
    0x1c,0xf9,0x98,0xe0,0xc8,0xc7,0x04,0xb0,0x0f,0xe0,0x63,0x02,0xd8,0x07,0xf0,0x19,0x31,0x38,0x00,0x10,0x04,0x03,0x34,0x58,
    0x55,0x01,0x46,0x05,0xd0,0x14,0x46,0x67,0x34,0x21,0x18,0x2e,0x20,0x4c,0x05,0x7d,0x2a,0xe8,0x70,0x43,0xc0,0xaa,0x02,0x18,
    0x54,0x2a,0xd8,0xa8,0x00,0xb3,0x0c,0xf2,0x13,0x3f,0xc2,0x05,0x83,0x1a,0x31,0x38,0x00,0x10,0x04,0x83,0xc6,0x57,0x85,0x1d,
    0x15,0x36,0xf4,0x14,0x46,0x0c,0x0e,0x00,0x04,0xc1,0xa0,0xf9,0x55,0x61,0x47,0x85,0x40,0x98,0x25,0x90,0x9f,0x81,0x8a,0x41,
    0x88,0x1f,0xda,0x25,0xe0,0x67,0xb8,0xe1,0x78,0x55,0x01,0x0c,0x86,0x1b,0x90,0x55,0x15,0xc0,0xa0,0x84,0x60,0x8d,0x90,0x4f,
    0x01,0x3e,0xd3,0x0d,0x45,0x20,0x8c,0x18,0x18,0x00,0x08,0x82,0xc1,0x53,0xae,0x82,0x8f,0x0a,0xc1,0x05,0x84,0xa9,0x40,0x57,
    0x05,0x18,0x31,0x38,0x00,0x10,0x04,0x83,0x6e,0x5c,0x05,0x18,0x15,0x82,0x66,0x96,0x60,0x7e,0x06,0x2a,0x06,0xf4,0x25,0xe4,
    0xa7,0x4d,0x5a,0x68,0xa0,0x62,0x50,0x5f,0x42,0x7e,0xda,0xa4,0x85,0x06,0x2a,0x06,0xf6,0x25,0xe4,0xa7,0x4d,0x5a,0x68,0xa0,
    0x62,0x70,0x5f,0x42,0x7e,0xda,0xa4,0x85,0x06,0x2a,0x08,0xbf,0x26,0xe4,0xa7,0x4d,0x5a,0x68,0xb8,0x21,0x00,0x57,0x01,0x0c,
    0xa6,0x1b,0x92,0x23,0x18,0xe6,0x21,0x76,0x51,0xd0,0x1f,0x8b,0x7e,0xb0,0xfa,0xc9,0xec,0x47,0xbb,0x9f,0x0a,0x7f,0xb6,0xfc,
    0x19,0x31,0x38,0x00,0x10,0x04,0x83,0x8d,0x5d,0x05,0x36,0x15,0xda,0x53,0x08,0x46,0x13,0x02,0x60,0x34,0x41,0x08,0x66,0x09,
    0xf4,0x67,0xc4,0xe0,0x00,0x40,0x10,0x0c,0xb6,0x77,0x15,0xde,0x54,0x88,0x4f,0x81,0x18,0x4d,0x08,0x80,0xd1,0x04,0x21,0x98,
    0x25,0xd0,0x9f,0x11,0x83,0x03,0x00,0x41,0x30,0xd8,0xe4,0x55,0x90,0x53,0xa1,0x3e,0x85,0x63,0x34,0x21,0x00,0x46,0x13,0x84,
    0x60,0x96,0x40,0x7f,0x46,0x0c,0x0e,0x00,0x04,0xc1,0x60,0xab,0x57,0xa1,0x4e,0x85,0xfc,0x14,0x94,0xd1,0x84,0x00,0x18,0x4d,
    0x10,0x82,0x59,0x02,0xfd,0x19,0x31,0x38,0x00,0x10,0x04,0x83,0x0d,0x5f,0x05,0x3c,0x15,0xfa,0x53,0x68,0x46,0x13,0x02,0x60,
    0x34,0x41,0x08,0x66,0x09,0xf4,0x67,0xc4,0xe0,0x00,0x40,0x10,0x0c,0xb6,0x7d,0x15,0xf6,0x54,0x08,0x51,0x01,0x1a,0x4d,0x08,
    0x80,0xd1,0x04,0x21,0x98,0x25,0xd0,0x9f,0x81,0x1e,0x42,0xc8,0x1f,0x04,0x7f,0x9c,0xfb,0xa1,0xec,0x47,0xab,0x1f,0x30,0xa0,
    0x1f,0xf4,0x26,0xe6,0x67,0xa0,0x87,0x30,0xf2,0x87,0xc1,0x1f,0xe9,0x7e,0x30,0xfb,0xf1,0xea,0x87,0x0c,0xe8,0x47,0xbd,0x89,
    0xf9,0x99,0x65,0xd8,0x1f,0xff,0x61,0x9f,0x59,0x86,0xfe,0xe1,0x1f,0x3c,0x18,0x8e,0x80,0x83,0x17,0x15,0x86,0x6f,0x38,0x22,
    0x0e,0x62,0x54,0x20,0xbe,0x12,0x02,0x9d,0x6e,0x98,0x51,0x41,0x46,0x85,0x60,0x96,0xc0,0x7f,0xae,0x18,0x94,0x05,0x75,0x20,
    0x1f,0x0b,0x70,0x54,0x80,0xcf,0x88,0x81,0x01,0x80,0x20,0x18,0x3c,0x2b,0x2b,0x90,0xaa,0x10,0x5c,0x40,0xa0,0x11,0x03,0x03,
    0x00,0x41,0x30,0x78,0x5a,0x56,0x20,0x55,0x61,0x18,0x6e,0x10,0x52,0x55,0x30,0x83,0xe1,0x86,0x81,0x41,0x83,0x12,0x02,0xb5,
    0x1e,0x15,0x88,0xf8,0x4c,0x37,0x04,0x3d,0x2a,0x08,0x76,0x98,0xac,0x00,0x82,0xe1,0x06,0x44,0x54,0x05,0x33,0x18,0x6e,0x10,
    0x24,0x34,0x28,0x21,0xd0,0xe9,0x06,0x45,0x4c,0x85,0xc0,0x02,0x03,0x3e,0xb3,0x04,0xfe,0x33,0xd0,0x31,0x08,0xfd,0x43,0x06,
    0xfc,0xa3,0xca,0x84,0xfe,0xcc,0x32,0xfc,0x8f,0x08,0x81,0xd0,0x2c,0x43,0x08,0x81,0x90,0x2b,0x0c,0x47,0x94,0x42,0x99,0x0a,
    0xc3,0x37,0x1c,0x61,0x0a,0x67,0x2a,0x10,0x5f,0x09,0x81,0x4e,0x37,0xa4,0xa9,0x80,0xa6,0x42,0x30,0x4b,0x20,0x42,0xc7,0x0d,
    0xca,0x02,0x55,0x90,0x8f,0x05,0x6e,0x2a,0xc0,0x67,0xc4,0xc0,0x00,0x40,0x10,0x0c,0x9e,0xb0,0x15,0x74,0x55,0x08,0x2e,0x20,
    0xd0,0x88,0x81,0x01,0x80,0x20,0x18,0x3c,0x63,0x2b,0xe8,0xaa,0x30,0x0c,0x37,0x08,0xbf,0x2a,0x98,0xc1,0x70,0xc3,0x30,0x06,
    0x68,0x50,0x42,0xa0,0x36,0xa7,0x02,0x11,0x9f,0xe9,0x86,0x60,0x4e,0x05,0xc1,0x0e,0x9e,0x15,0x40,0x30,0xdc,0x80,0xe0,0xaa,
    0x60,0x06,0xc3,0x0d,0x42,0x1a,0xa0,0x41,0x09,0x81,0x4e,0x37,0x28,0x78,0x2a,0x04,0x16,0x18,0xf0,0x99,0x25,0x10,0xa1,0x81,
    0x8e,0x41,0x08,0x21,0x32,0x00,0x21,0x7b,0x26,0xfc,0xc7,0x82,0x4b,0x3e,0xe7,0x06,0x83,0x3a,0x38,0x18,0xd4,0x2c,0x03,0x09,
    0x8d,0xd0,0x39,0x98,0xf0,0x0b,0xf2,0x31,0xe1,0x17,0xe4,0x33,0x62,0x60,0x00,0x20,0x08,0x06,0x4f,0xdd,0x0a,0xee,0x2a,0x08,
    0x23,0x06,0x06,0x00,0x82,0x60,0xf0,0xd8,0xad,0xf0,0xae,0x82,0x60,0x82,0xa9,0x0a,0xf0,0x31,0xe1,0x54,0x05,0xf8,0x98,0x80,
    0xd0,0xc7,0x04,0x84,0x3e,0xb3,0x04,0x24,0x34,0x50,0x31,0x10,0x23,0xe4,0x1a,0x22,0x34,0x50,0x31,0x10,0x23,0xe4,0x1a,0x22,
    0x74,0xae,0x30,0xa8,0x61,0x1e,0x22,0x2d,0x85,0x15,0xb2,0x4a,0x08,0x33,0xa1,0xec,0x84,0x34,0x14,0xaa,0x52,0x68,0x53,0xa1,
    0x11,0x83,0x07,0x00,0x41,0x30,0xc0,0xf6,0x56,0xa0,0x57,0x61,0x4f,0x85,0x35,0x15,0x06,0x61,0x55,0x85,0x55,0x15,0xe0,0x56,
    0x80,0x5b,0xa1,0x5f,0x85,0x60,0x34,0x21,0x00,0x46,0x13,0x84,0x60,0x34,0x61,0x10,0x46,0x13,0x88,0x61,0x96,0x60,0x85,0x46,
    0x0c,0x1e,0x00,0x04,0xc1,0x00,0x03,0x5d,0x21,0x5f,0x85,0x50,0x15,0xe2,0x54,0x40,0x0e,0x58,0x15,0x60,0x55,0xa8,0x5b,0xa1,
    0x6e,0x05,0x91,0x15,0x8c,0xd1,0x84,0x00,0x18,0x4d,0x10,0x82,0xd1,0x84,0x41,0x18,0x4d,0x20,0x86,0x59,0x82,0x15,0x1a,0x31,
    0x78,0x00,0x10,0x04,0x03,0xac,0x74,0x05,0x7f,0x15,0x4e,0x55,0xb8,0x53,0xa1,0x61,0x6a,0x55,0xa8,0x55,0x41,0x6f,0x05,0xbd,
    0x15,0x4e,0x56,0x58,0x46,0x13,0x02,0x60,0x34,0x41,0x08,0x46,0x13,0x06,0x61,0x34,0x81,0x18,0x66,0x09,0x56,0x68,0xc4,0xe0,
    0x01,0x40,0x10,0x0c,0x30,0xd5,0x15,0x46,0x56,0x68,0x55,0xa1,0x4f,0x05,0x29,0xd2,0x55,0x41,0x57,0x85,0xbf,0x15,0xfe,0x56,
    0x60,0x59,0x01,0x1a,0x4d,0x08,0x80,0xd1,0x04,0x21,0x18,0x4d,0x18,0x84,0xd1,0x04,0x62,0x98,0x25,0x58,0xa1,0x11,0x83,0x07,
    0x00,0x41,0x30,0xc0,0x5e,0x57,0x40,0x59,0x61,0x56,0x85,0x51,0x15,0x2e,0xeb,0x57,0x85,0x5f,0x15,0x48,0x57,0x20,0x5d,0x21,
    0x66,0x85,0x6a,0x34,0x21,0x00,0x46,0x13,0x84,0x60,0x34,0x61,0x10,0x46,0x13,0x88,0x61,0x96,0x60,0x85,0x46,0x0c,0x1e,0x00,
    0x04,0xc1,0x00,0xa3,0x5d,0xa1,0x65,0x85,0x5c,0x15,0x52,0x55,0xe0,0x36,0x72,0x15,0xc8,0x55,0x48,0x5d,0x21,0x75,0x05,0x9b,
    0x15,0xb4,0xd1,0x84,0x00,0x18,0x4d,0x10,0x82,0xd1,0x84,0x41,0x18,0x4d,0x20,0x86,0x59,0x82,0x15,0x1a,0xe8,0x19,0x5c,0x9b,
    0x20,0x21,0x44,0x85,0xa4,0x14,0xe2,0x50,0xc8,0x0c,0x4e,0x08,0x0e,0x4c,0x48,0x0f,0x4a,0x68,0xa0,0x67,0x80,0x6d,0x82,0x84,
    0x10,0x15,0x92,0x52,0x88,0x43,0x21,0x33,0x38,0x21,0x38,0x30,0x21,0x3d,0x28,0xa1,0x81,0x9e,0x41,0xb6,0x09,0x12,0x42,0x54,
    0x48,0x4a,0x21,0x0e,0x85,0xcc,0xe0,0x84,0xe0,0xc0,0x84,0xf4,0xa0,0x84,0x06,0x7a,0x06,0xda,0x26,0x48,0x08,0x51,0x21,0x29,
    0x85,0x38,0x14,0x32,0x83,0x13,0x82,0x03,0x13,0xd2,0x83,0x12,0xb2,0xd5,0x14,0x6a,0x56,0x80,0xc1,0x88,0xc1,0x01,0x80,0x20,
    0x18,0xa0,0x81,0xed,0x0a,0x3b,0x2b,0xac,0xaa,0x10,0x8c,0x26,0x04,0xc0,0x68,0x82,0x10,0x8c,0x26,0x0c,0xc2,0x68,0x02,0x31,
    0x98,0x42,0xc4,0xc7,0x14,0x22,0x3e,0xa6,0x10,0xf1,0x31,0x85,0x88,0x8f,0x11,0x7a,0x20,0x1f,0x23,0xf6,0x40,0x3e,0x46,0xf0,
    0x81,0x7c,0x8c,0xe8,0x03,0xf9,0x18,0xc1,0xc0,0xc7,0x08,0x06,0x3e,0x46,0x30,0xf0,0x31,0x82,0x81,0xcf,0x2c,0x43,0x0b,0xb1,
    0x10,0x49,0x8c,0x18,0x18,0x00,0x08,0x82,0xc1,0x23,0xbf,0x42,0xda,0x0a,0x33,0x61,0x85,0x4a,0xc4,0xc7,0x0a,0x95,0x88,0x8f,
    0x15,0x2a,0x11,0x1f,0x2b,0x54,0x22,0x3e,0x56,0x10,0xf2,0x31,0x83,0x90,0x8f,0x1d,0x84,0x7c,0x0c,0x21,0xe4,0x63,0x84,0x4c,
    0xc0,0xc7,0x08,0x99,0x80,0x8f,0x11,0x32,0x01,0x1f,0x23,0x64,0x02,0x3e,0xb3,0x04,0x2d,0x34,0x50,0x31,0x20,0x2c,0x24,0x06,
    0x2b,0x34,0x50,0x31,0x20,0x2c,0x24,0x06,0x2b,0x34,0x50,0x31,0x20,0x2c,0x24,0x06,0x2b,0x34,0x50,0x31,0x20,0x2c,0x24,0x06,
    0x2b,0x54,0x36,0x61,0xbf,0x02,0x4c,0x37,0xcc,0xaf,0x70,0xbf,0x82,0x58,0x0c,0x37,0x08,0x01,0x19,0xcc,0x32,0xcc,0x8f,0x0b,
    0x05,0x76,0xfc,0x05,0x7c,0xec,0xf8,0x0b,0xf8,0xd8,0xf1,0x17,0xf0,0xb1,0xe3,0x2f,0xe0,0x63,0x7f,0xd1,0xbf,0x02,0x04,0x86,
    0x1b,0x02,0xd4,0x00,0x83,0x59,0x86,0x17,0x82,0x9f,0x60,0x96,0x00,0x86,0x06,0x2a,0x06,0x37,0x27,0xdc,0x87,0x79,0xa1,0x81,
    0x8a,0x01,0xce,0x09,0xf7,0x61,0x5e,0x68,0xa0,0x62,0x90,0x73,0xc2,0x7d,0x98,0x17,0x1a,0xa8,0x18,0xe8,0x9c,0x70,0x1f,0xe6,
    0x85,0xae,0x35,0x06,0x65,0x45,0x40,0x1f,0x2b,0x04,0xfa,0x58,0x31,0xd0,0xc7,0x0a,0x82,0x3e,0xb3,0x04,0x31,0x34,0xd0,0x18,
    0x0c,0xa0,0x4e,0x9c,0x8d,0x48,0xf1,0x0e,0xa8,0x13,0x6a,0x43,0x97,0x01,0xdc,0xf8,0x65,0xf0,0x36,0xa8,0x19,0xb8,0x8d,0x6c,
    0x06,0x6d,0xc3,0x9b,0x01,0xdb,0x98,0x67,0xb0,0x36,0x08,0x0c,0x81,0x3a,0xe1,0x3b,0xa6,0x44,0x3e,0xb0,0x34,0x3e,0xba,0x24,
    0x3e,0xe4,0x14,0x3e,0xee,0x04,0x3e,0xf8,0xf4,0x3b,0x03,0x8d,0xc1,0x20,0xea,0xc4,0xd9,0x88,0x14,0xef,0x88,0x3a,0xa1,0x36,
    0x74,0x19,0xc0,0x8d,0x5f,0x06,0x6f,0x83,0x9a,0x81,0xdb,0xc8,0x66,0xd0,0x36,0xbc,0x19,0xb0,0x8d,0x79,0x06,0x6b,0x83,0xc0,
    0x90,0xa8,0x13,0xbe,0x63,0x4a,0xe4,0x03,0x4b,0xe3,0xa3,0x4b,0xe2,0x43,0x4e,0xe1,0xe3,0x4e,0xe0,0x83,0x4f,0xbf,0x33,0xd0,
    0x18,0x0c,0xa4,0x4e,0x9c,0x8d,0x48,0xf1,0x0e,0xa9,0x13,0x6a,0x43,0x97,0x01,0xdc,0xf8,0x65,0xf0,0x36,0xa8,0x19,0xb8,0x8d,
    0x6c,0x06,0x6d,0xc3,0x9b,0x01,0xdb,0x98,0x67,0xb0,0x36,0x08,0x0c,0x91,0x3a,0xe1,0x3b,0xa6,0x44,0x3e,0xb0,0x34,0x3e,0xba,
    0x24,0x3e,0xe4,0x14,0x3e,0xee,0x04,0x3e,0xf8,0xf4,0x3b,0x03,0x8d,0xc1,0x60,0xea,0xc4,0xd9,0x88,0x14,0xef,0x98,0x3a,0xa1,
    0x36,0x74,0x19,0xc0,0x8d,0x5f,0x06,0x6f,0x83,0x9a,0x81,0xdb,0xc8,0x66,0xd0,0x36,0xbc,0x19,0xb0,0x8d,0x79,0x06,0x6b,0x83,
    0xc0,0x90,0xa9,0x13,0xbe,0x63,0x4a,0xe4,0x03,0x4b,0xe3,0xa3,0x4b,0xe2,0x43,0x4e,0xe1,0xe3,0x4e,0xe0,0x83,0x4f,0xbf,0x33,
    0xdd,0x40,0x0c,0x7a,0x1b,0x4c,0x37,0x14,0xc3,0xde,0x06,0xd3,0x0d,0xc6,0xc0,0xb7,0xc1,0x2c,0x41,0x0d,0xcd,0x12,0xd4,0xd0,
    0x2c,0x41,0x0d,0xcd,0x12,0xd4,0xd0,0x40,0xa9,0x30,0xb8,0x3a,0x51,0xb9,0x3a,0xe1,0xb9,0x3a,0xf1,0xa1,0x25,0x31,0x06,0x72,
    0x49,0x88,0x01,0x5f,0x12,0x61,0x60,0x9a,0x04,0x18,0xb8,0x3a,0x71,0x06,0x2e,0x3c,0xf8,0x82,0xab,0x13,0xe0,0x80,0xba,0x03,
    0x39,0xc8,0xee,0x30,0x0e,0xbc,0x3b,0x88,0x83,0xf9,0x0e,0xe1,0xe0,0xea,0x44,0x58,0xc8,0xbc,0x50,0x16,0x3c,0x2f,0x90,0x85,
    0xd9,0x0b,0x63,0x01,0xf7,0x82,0x58,0x38,0x31,0x04,0x96,0x42,0x8a,0x98,0x7f,0x50,0x26,0xe0,0x1f,0x9c,0x89,0xee,0x07,0x69,
    0x42,0xfb,0xc1,0x9a,0xb8,0x7e,0xd0,0x26,0xa8,0x1f,0xbc,0x89,0xab,0x13,0x70,0x22,0xfa,0x41,0x9c,0xb8,0x3a,0x31,0x36,0xae,
    0x4e,0x90,0x0d,0x8e,0x06,0x66,0xc3,0xa3,0x41,0xd9,0x80,0xbe,0x20,0x43,0xee,0x1d,0xcc,0x10,0x9a,0x06,0x34,0x34,0x50,0x2a,
    0x0c,0xb0,0x4e,0x54,0xb0,0x4e,0x78,0xb0,0x4e,0x7c,0x68,0x49,0x8c,0x81,0x5c,0x12,0x62,0xc0,0x97,0x44,0x18,0x98,0x26,0x01,
    0x06,0xb0,0x4e,0x9c,0x81,0x0b,0x0f,0xbe,0x00,0xeb,0x04,0x38,0xa0,0xee,0x40,0x0e,0xb2,0x3b,0x8c,0x03,0xef,0x0e,0xe2,0x60,
    0xbe,0x43,0x38,0xc0,0x3a,0x11,0x16,0x32,0x2f,0x94,0x05,0xcf,0x0b,0x64,0x61,0xf6,0xc2,0x58,0xc0,0xbd,0x20,0x16,0x48,0x0c,
    0x89,0xa5,0x90,0x22,0xe8,0x1f,0x94,0x89,0xf8,0x07,0x67,0xc2,0xfb,0x41,0x9a,0xd8,0x7e,0xb0,0x26,0xb0,0x1f,0xb4,0x89,0xea,
    0x07,0x6f,0x02,0xeb,0x04,0x9c,0x90,0x7e,0x10,0x27,0xb0,0x4e,0x8c,0x0d,0xac,0x13,0x64,0xa3,0xa3,0x81,0xd9,0xf8,0x68,0x50,
    0x36,0xa0,0x2f,0xc8,0x10,0x7c,0x07,0x33,0xa4,0xa6,0x01,0x0d,0x0d,0x94,0x0a,0x83,0xac,0x13,0x95,0xac,0x13,0x9e,0xac,0x13,
    0x1f,0x5a,0x12,0x63,0x20,0x97,0x84,0x18,0xf0,0x25,0x11,0x06,0xa6,0x49,0x80,0x81,0xac,0x13,0x67,0xe0,0xc2,0x83,0x2f,0xc8,
    0x3a,0x01,0x0e,0xa8,0x3b,0x90,0x83,0xec,0x0e,0xe3,0xc0,0xbb,0x83,0x38,0x98,0xef,0x10,0x0e,0xb2,0x4e,0x84,0x85,0xcc,0x0b,
    0x65,0xc1,0xf3,0x02,0x59,0x98,0xbd,0x30,0x16,0x70,0x2f,0x88,0x05,0x12,0x43,0x64,0x29,0xa4,0x88,0xfa,0x07,0x65,0x42,0xfe,
    0xc1,0x99,0xf8,0x7e,0x90,0x26,0xb8,0x1f,0xac,0x89,0xec,0x07,0x6d,0xc2,0xfa,0xc1,0x9b,0xc8,0x3a,0x01,0x27,0xa6,0x1f,0xc4,
    0x89,0xac,0x13,0x63,0x23,0xeb,0x04,0xd9,0xf0,0x68,0x60,0x36,0x60,0x1a,0x94,0x0d,0xe8,0x0b,0x32,0x24,0xdf,0xc1,0x0c,0xb1,
    0x69,0x40,0x43,0x03,0xa5,0xc2,0x60,0xeb,0x44,0x45,0xeb,0x84,0x47,0xeb,0xc4,0x87,0x96,0xc4,0x18,0xc8,0x25,0x21,0x06,0x7c,
    0x49,0x84,0x81,0x69,0x12,0x60,0x40,0xeb,0xc4,0x19,0xb8,0xf0,0xe0,0x0b,0xb4,0x4e,0x80,0x03,0xea,0x0e,0xe4,0x20,0xbb,0xc3,
    0x38,0xf0,0xee,0x20,0x0e,0xe6,0x3b,0x84,0x03,0xad,0x13,0x61,0x21,0xf3,0x42,0x59,0xf0,0xbc,0x40,0x16,0x66,0x2f,0x8c,0x05,
    0xdc,0x0b,0x62,0x81,0xc4,0x90,0x59,0x0a,0x29,0xc2,0xfe,0x41,0x99,0x98,0x7f,0x70,0x26,0xe0,0x1f,0xa4,0x89,0xee,0x07,0x6b,
    0x42,0xfb,0x41,0x9b,0xb8,0x7e,0xf0,0x26,0xb4,0x4e,0xc0,0x09,0xea,0x07,0x71,0x42,0xeb,0xc4,0xd8,0xd0,0x3a,0x41,0x36,0x3e,
    0x1a,0x98,0x8d,0x98,0x06,0x65,0x03,0xfa,0x82,0x0c,0xd1,0x77,0x30,0x43,0x6e,0x1a,0xd0,0xd0,0x70,0x83,0x8f,0x0a,0xab,0x2b,
    0x80,0x41,0x05,0x6b,0x29,0xe8,0x2c,0x83,0x0d,0xdd,0x50,0x60,0xf1,0x29,0xf4,0xae,0x00,0x82,0x11,0x83,0x03,0x00,0x41,0x30,
    0x40,0x03,0x1c,0x16,0x7a,0x57,0x68,0x59,0x21,0x18,0x4d,0x08,0x00,0x0b,0xca,0x54,0x90,0xcf,0x68,0xc2,0x10,0x98,0x10,0xc0,
    0x67,0xc4,0xe0,0x00,0x40,0x10,0x0c,0x9a,0x34,0x16,0xcc,0x57,0x08,0xe6,0x56,0x18,0x31,0x38,0x00,0x10,0x04,0x83,0x46,0x8d,
    0x05,0xf3,0x15,0x82,0xba,0x15,0x2c,0x70,0xe4,0x63,0x82,0x23,0x1f,0x1b,0x1c,0xf9,0x18,0xe1,0xc8,0x67,0x96,0xe0,0x86,0x06,
    0x2a,0x06,0xc4,0x86,0xc8,0xa0,0x86,0x06,0x2a,0x06,0xc4,0x86,0xc8,0xa0,0x86,0x06,0x2a,0x06,0xc4,0x86,0xc8,0xa0,0x86,0x06,
    0x2a,0x06,0xc4,0x86,0xc8,0xa0,0x86,0x86,0x1b,0xe0,0x54,0xa8,0x5d,0x01,0x0c,0x2a,0x68,0x4f,0x41,0x87,0x1b,0xe2,0x54,0xb8,
    0x5d,0x01,0x0c,0x2a,0x78,0x4f,0x41,0x87,0x1b,0x6a,0x54,0x40,0x63,0x01,0x0c,0x66,0x19,0xc0,0x08,0x87,0x82,0xe1,0x06,0x1b,
    0x15,0xd4,0x58,0x00,0x83,0x59,0x86,0x1c,0xd2,0xa1,0xc0,0x14,0x51,0x15,0xe4,0x63,0x8a,0xa8,0x0a,0xf2,0x31,0x45,0x54,0x05,
    0xf9,0x98,0x22,0xaa,0x82,0x7c,0xa6,0x1b,0x08,0x53,0x15,0x92,0xe9,0x06,0xc2,0x54,0x05,0x65,0xba,0x81,0x30,0x55,0x61,0x99,
    0x6e,0x20,0x4c,0x55,0x60,0x66,0x09,0xc0,0x68,0xb8,0xe1,0x47,0x85,0x37,0x16,0xc0,0x60,0x96,0x01,0x8c,0x76,0x28,0x18,0x6e,
    0x00,0x53,0xc1,0x8d,0x05,0x30,0x98,0x65,0xe0,0xa1,0x1e,0x0a,0x46,0x0c,0x0e,0x00,0x04,0xc1,0x00,0x0d,0xee,0x58,0xe0,0x5f,
    0x61,0x6d,0x05,0x38,0x16,0x46,0x13,0x02,0x60,0x34,0x41,0x08,0x46,0x13,0x06,0x61,0x34,0x81,0x18,0x66,0x09,0xc0,0x68,0xb8,
    0xc1,0x4c,0x85,0x39,0x16,0xc0,0x60,0x96,0x01,0x8c,0x7c,0x28,0x18,0x6e,0x38,0x53,0x61,0x8e,0x05,0x30,0x98,0x65,0x00,0xa3,
    0x1f,0x0a,0x86,0x1b,0xd0,0x54,0xc8,0x63,0x01,0x0c,0xa6,0x1b,0x6a,0x54,0xa0,0x55,0x21,0x98,0x6e,0xa8,0x51,0x81,0x56,0x05,
    0x61,0xba,0xa1,0x46,0x05,0x5a,0x15,0x86,0xe9,0x86,0x1a,0x15,0x68,0x55,0x20,0x66,0x09,0xc0,0x68,0xa0,0x67,0xb0,0x78,0x08,
    0xb4,0x89,0x1b,0x22,0x83,0x1c,0x02,0x05,0x1d,0xc2,0x6b,0xa2,0x87,0xd0,0x9a,0xf0,0x21,0xe4,0x87,0x06,0x7a,0x06,0x8b,0x87,
    0x40,0x9b,0xb8,0x21,0x32,0xc8,0x21,0x50,0xd0,0x21,0xbc,0x26,0x7a,0x08,0xad,0x09,0x1f,0x42,0x7e,0x68,0xa0,0x67,0xb0,0x78,
    0x08,0xb4,0x89,0x1b,0x22,0x83,0x1c,0x02,0x05,0x1d,0xc2,0x6b,0xa2,0x87,0xd0,0x9a,0xf0,0x21,0xe4,0x87,0x06,0x7a,0x06,0x8b,
    0x87,0x40,0x9b,0xb8,0x21,0x32,0xc8,0x21,0x50,0xd0,0x21,0xbc,0x26,0x7a,0x08,0xad,0x09,0x1f,0x42,0x7e,0xa8,0xe0,0x54,0x08,
    0x61,0x41,0x87,0x1b,0x82,0x52,0x16,0xc0,0x60,0x96,0x41,0x8c,0xc2,0x28,0x30,0xf0,0x15,0x8c,0xf8,0x58,0xf8,0x0a,0x46,0x7c,
    0x4c,0x7c,0x05,0x23,0x3e,0x36,0xbe,0x82,0x11,0x9f,0x59,0x02,0x31,0x1a,0xa8,0x18,0x90,0x30,0xa2,0xc0,0x68,0xa0,0x62,0x40,
    0xc2,0x88,0x02,0xa3,0x81,0x8a,0x01,0x09,0x23,0x0a,0x8c,0x06,0x2a,0x06,0x24,0x8c,0x28,0x30,0x2a,0x3d,0x15,0x4c,0x58,0xd0,
    0xe1,0x86,0xe0,0x95,0x85,0x30,0x98,0x6e,0x18,0x8c,0x60,0xba,0x81,0x30,0x84,0xe9,0x86,0xc2,0x18,0x86,0x1b,0xfa,0x54,0x98,
    0x65,0x01,0x0c,0x66,0x19,0xd6,0x68,0x8c,0x82,0xe1,0x06,0x3f,0x15,0x6a,0x59,0x00,0x83,0x59,0x06,0x32,0x2a,0xa3,0xc0,0xea,
    0xa0,0x5d,0x05,0xf9,0x58,0x1d,0xb4,0xab,0x20,0x1f,0xab,0x83,0x76,0x15,0xe4,0x63,0x75,0xd0,0xae,0x82,0x7c,0xa6,0x1b,0x88,
    0x78,0x15,0xe8,0x60,0xba,0x81,0x88,0x57,0xa1,0x0e,0xa6,0x1b,0x88,0x78,0x15,0xec,0x60,0xba,0x81,0x88,0x57,0xe1,0x0e,0x66,
    0x09,0xd6,0x68,0xb8,0xe1,0x54,0x05,0x5d,0x16,0xc0,0x60,0x96,0x61,0x8d,0xcc,0x28,0x18,0x6e,0x40,0x55,0x21,0x97,0x05,0x30,
    0x98,0x65,0x38,0x23,0x34,0x0a,0x46,0x0c,0x0e,0x00,0x04,0xc1,0x00,0x0d,0xc4,0x59,0x38,0x63,0xc1,0x76,0x85,0x5d,0x16,0x46,
    0x13,0x02,0x60,0x34,0x41,0x08,0x46,0x13,0x06,0x61,0x34,0x81,0x18,0x66,0x09,0xd6,0x68,0xb8,0xc1,0x55,0x05,0x5f,0x16,0xc0,
    0x60,0x96,0x61,0x8d,0xd2,0x28,0x18,0x6e,0x78,0x55,0xc1,0x97,0x05,0x30,0x98,0x65,0x58,0x23,0x35,0x0a,0x86,0x1b,0x60,0x55,
    0x20,0x67,0x01,0x0c,0xa6,0x1b,0x40,0x55,0xf8,0x57,0x21,0x98,0x6e,0x00,0x55,0xe1,0x5f,0x05,0x61,0xba,0x01,0x54,0x85,0x7f,
    0x15,0x86,0xe9,0x06,0x50,0x15,0xfe,0x55,0x20,0x66,0x09,0xd6,0x68,0xa0,0x67,0xb0,0xce,0xc8,0xc6,0x09,0x31,0x22,0x03,0x32,
    0xb2,0x89,0x32,0x72,0x71,0x02,0x8d,0xfc,0x9b,0x48,0x23,0x44,0x8d,0x06,0x7a,0x06,0xeb,0x8c,0x6c,0x9c,0x10,0x23,0x32,0x20,
    0x23,0x9b,0x28,0x23,0x17,0x27,0xd0,0xc8,0xbf,0x89,0x34,0x42,0xd4,0x68,0xa0,0x67,0xb0,0xce,0xc8,0xc6,0x09,0x31,0x22,0x03,
    0x32,0xb2,0x89,0x32,0x72,0x71,0x02,0x8d,0xfc,0x9b,0x48,0x23,0x44,0x8d,0x06,0x7a,0x06,0xeb,0x8c,0x6c,0x9c,0x10,0x23,0x32,
    0x20,0x23,0x9b,0x28,0x23,0x17,0x27,0xd0,0xc8,0xbf,0x89,0x34,0x42,0xd4,0xa8,0x70,0x55,0x60,0x63,0x41,0x87,0x1b,0x02,0x78,
    0x16,0xc0,0x60,0x96,0xa1,0x8d,0xd8,0x28,0xb0,0x15,0x16,0x8c,0xf8,0x18,0x0b,0x0b,0x46,0x7c,0xac,0x85,0x05,0x23,0x3e,0xe6,
    0xc2,0x82,0x11,0x9f,0x59,0x82,0x36,0x1a,0xa8,0x18,0x10,0x36,0xa2,0xd6,0x68,0xa0,0x62,0x40,0xd8,0x88,0x5a,0xa3,0x81,0x8a,
    0x01,0x61,0x23,0x6a,0x8d,0x06,0x2a,0x06,0x84,0x8d,0xa8,0x35,0x2a,0x71,0x15,0xe2,0x58,0xd0,0xe1,0x86,0x40,0x9f,0x85,0x30,
    0x98,0x6e,0x18,0x8c,0x60,0xba,0x81,0x30,0x84,0xe9,0x86,0xc2,0x18,0x86,0x1b,0xdc,0x55,0xf0,0x67,0x01,0x0c,0x66,0x19,0xec,
    0xc8,0x8d,0x82,0xe1,0x86,0x77,0x15,0x40,0x5a,0x00,0x83,0x59,0x86,0x37,0x82,0xa3,0xc0,0xc0,0x01,0x67,0x05,0xf9,0x18,0x38,
    0xe0,0xac,0x20,0x1f,0x03,0x07,0x9c,0x15,0xe4,0x63,0xe0,0x80,0xb3,0x82,0x7c,0xa6,0x1b,0x08,0x9e,0x15,0x7e,0x61,0xba,0x81,
    0xe0,0x59,0x01,0x1c,0xa6,0x1b,0x08,0x9e,0x15,0xc2,0x61,0xba,0x81,0xe0,0x59,0x41,0x1c,0x66,0x09,0xec,0x68,0xb8,0x01,0x5f,
    0x85,0x92,0x16,0xc0,0x60,0x96,0xc1,0x8e,0xe2,0x28,0x18,0x6e,0xc8,0x57,0x81,0xa4,0x05,0x30,0x98,0x65,0x90,0xa3,0x39,0x0a,
    0x46,0x0c,0x0e,0x00,0x04,0xc1,0x00,0x0d,0x5a,0x5a,0x90,0x65,0x21,0x84,0x05,0x93,0x16,0x46,0x13,0x02,0x60,0x34,0x41,0x08,
    0x46,0x13,0x06,0x61,0x34,0x81,0x18,0x66,0x09,0xec,0x68,0xb8,0xe1,0x5f,0x85,0x94,0x16,0xc0,0x60,0x96,0xc1,0x8e,0xe8,0x28,
    0x18,0x6e,0x00,0x59,0x21,0xa5,0x05,0x30,0x98,0x65,0xb0,0xa3,0x3a,0x0a,0x86,0x1b,0x42,0x56,0x78,0x69,0x01,0x0c,0xa6,0x1b,
    0xd6,0x55,0x50,0x5b,0x21,0x98,0x6e,0x58,0x57,0x41,0x6d,0x05,0x61,0xba,0x61,0x5d,0x05,0xb5,0x15,0x86,0xe9,0x86,0x75,0x15,
    0xd4,0x56,0x20,0x66,0x09,0xec,0x68,0xa0,0x67,0xb0,0xe4,0x88,0xdd,0x89,0x36,0x22,0x83,0x37,0x62,0x0f,0x38,0x22,0x77,0x62,
    0x8e,0x68,0x9d,0xa0,0x23,0xa4,0x8e,0x06,0x7a,0x06,0x4b,0x8e,0xd8,0x9d,0x68,0x23,0x32,0x78,0x23,0xf6,0x80,0x23,0x72,0x27,
    0xe6,0x88,0xd6,0x09,0x3a,0x42,0xea,0x68,0xa0,0x67,0xb0,0xe4,0x88,0xdd,0x89,0x36,0x22,0x83,0x37,0x62,0x0f,0x38,0x22,0x77,
    0x62,0x8e,0x68,0x9d,0xa0,0x23,0xa4,0x8e,0x06,0x7a,0x06,0x4b,0x8e,0xd8,0x9d,0x68,0x23,0x32,0x78,0x23,0xf6,0x80,0x23,0x72,
    0x27,0xe6,0x88,0xd6,0x09,0x3a,0x42,0xea,0xa8,0x52,0x56,0xb8,0x65,0x41,0x87,0x1b,0x82,0x9d,0x16,0xc0,0x60,0x96,0x01,0x8f,
    0xee,0x28,0x30,0x3b,0x16,0x8c,0xf8,0xd8,0x1d,0x0b,0x46,0x7c,0x0c,0x8f,0x05,0x23,0x3e,0x96,0xc7,0x82,0x11,0x9f,0x59,0x02,
    0x3c,0x1a,0xa8,0x18,0x90,0x3b,0xa2,0xec,0x68,0xa0,0x62,0x40,0xee,0x88,0xb2,0xa3,0x81,0x8a,0x01,0xb9,0x23,0xca,0x8e,0x06,
    0x2a,0x06,0xe4,0x8e,0x28,0x3b,0xaa,0x99,0x15,0x78,0x59,0xd0,0xe1,0x86,0xa0,0xac,0x85,0x30,0x98,0x6e,0x18,0x8c,0x60,0xba,
    0x81,0x30,0x84,0xe9,0x86,0xc2,0x18,0x86,0x1b,0x56,0x56,0x48,0x6b,0x01,0x0c,0x66,0x19,0x42,0x29,0x8f,0x82,0xe1,0x06,0x96,
    0x15,0xd6,0x5a,0x00,0x83,0x59,0x06,0x3d,0xda,0xa3,0xc0,0x56,0x62,0x74,0x05,0xf9,0xd8,0x4a,0x8c,0xae,0x20,0x1f,0x5b,0x89,
    0xd1,0x15,0xe4,0x63,0x2b,0x31,0xba,0x82,0x7c,0xa6,0x1b,0x88,0xd3,0x15,0x50,0x62,0xba,0x81,0x38,0x5d,0x21,0x25,0xa6,0x1b,
    0x88,0xd3,0x15,0x54,0x62,0xba,0x81,0x38,0x5d,0x61,0x25,0x66,0x09,0x42,0x69,0xb8,0xa1,0x66,0x05,0xb8,0x16,0xc0,0x60,0x96,
    0x21,0x94,0xf8,0x28,0x18,0x6e,0xb0,0x59,0xe1,0xad,0x05,0x30,0x98,0x65,0xe8,0x23,0x3f,0x0a,0x46,0x0c,0x0e,0x00,0x04,0xc1,
    0x00,0x0d,0xf0,0x5a,0xe8,0x67,0x81,0x8d,0x85,0xb8,0x16,0x46,0x13,0x02,0x60,0x34,0x41,0x08,0x46,0x13,0x06,0x61,0x34,0x81,
    0x18,0x66,0x09,0x42,0x69,0xb8,0x81,0x67,0x05,0xba,0x16,0xc0,0x60,0x96,0x21,0x94,0xfe,0x28,0x18,0x6e,0xe8,0x59,0x81,0xae,
    0x05,0x30,0x98,0x65,0x08,0x25,0x50,0x0a,0x86,0x1b,0x7c,0x56,0xd0,0x6b,0x01,0x0c,0xa6,0x1b,0x6c,0x56,0xa8,0x5d,0x21,0x98,
    0x6e,0xb0,0x59,0xa1,0x76,0x05,0x61,0xba,0xc1,0x66,0x85,0xda,0x15,0x86,0xe9,0x06,0x9b,0x15,0x6a,0x57,0x20,0x66,0x09,0x42,
    0x69,0xa0,0x67,0xb0,0xfa,0x48,0xf4,0x09,0x3c,0x22,0x03,0x3d,0x12,0x95,0x3d,0xd2,0x7b,0xc2,0x8f,0xd4,0x9e,0xf8,0x23,0x04,
    0x94,0x06,0x7a,0x06,0xab,0x8f,0x44,0x9f,0xc0,0x23,0x32,0xd0,0x23,0x51,0xd9,0x23,0xbd,0x27,0xfc,0x48,0xed,0x89,0x3f,0x42,
    0x40,0x69,0xa0,0x67,0xb0,0xfa,0x48,0xf4,0x09,0x3c,0x22,0x03,0x3d,0x12,0x95,0x3d,0xd2,0x7b,0xc2,0x8f,0xd4,0x9e,0xf8,0x23,
    0x04,0x94,0x06,0x7a,0x06,0xab,0x8f,0x44,0x9f,0xc0,0x23,0x32,0xd0,0x23,0x51,0xd9,0x23,0xbd,0x27,0xfc,0x48,0xed,0x89,0x3f,
    0x42,0x40,0xa9,0xcc,0x56,0x10,0x69,0x41,0x87,0x1b,0x02,0xd3,0x16,0xc0,0x60,0x96,0x61,0x94,0x44,0x29,0xb0,0x70,0x16,0x8c,
    0xf8,0x98,0x38,0x0b,0x46,0x7c,0x6c,0x9c,0x05,0x23,0x3e,0x46,0xce,0x82,0x11,0x9f,0x59,0x82,0x51,0x1a,0xa8,0x18,0x10,0x51,
    0xa2,0x42,0x69,0xa0,0x62,0x40,0x44,0x89,0x0a,0xa5,0x81,0x8a,0x01,0x11,0x25,0x2a,0x94,0x06,0x2a,0x06,0x44,0x94,0xa8,0x50,
    0x2a,0xb8,0x15,0x4e,0x5a,0xd0,0xe1,0x86,0x00,0xb6,0x85,0x30,0x98,0x6e,0x18,0x8c,0x60,0xba,0x81,0x30,0x84,0xe9,0x86,0xc2,
    0x18,0x86,0x1b,0xe6,0x56,0xa0,0x6d,0x01,0x0c,0x66,0x19,0x58,0x89,0x94,0x82,0xe1,0x06,0xba,0x15,0x6c,0x5b,0x00,0x83,0x59,
    0x86,0x52,0x32,0xa5,0xc0,0xec,0xc2,0x7d,0x05,0xf9,0x98,0x5d,0xb8,0xaf,0x20,0x1f,0xb3,0x0b,0xf7,0x15,0xe4,0x63,0x76,0xe1,
    0xbe,0x82,0x7c,0xa6,0x1b,0x08,0xf9,0x15,0xe6,0x62,0xba,0x81,0x90,0x5f,0x81,0x2e,0xa6,0x1b,0x08,0xf9,0x15,0xea,0x62,0xba,
    0x81,0x90,0x5f,0xc1,0x2e,0x66,0x09,0x58,0x69,0xb8,0xa1,0x6f,0x85,0xdd,0x16,0xc0,0x60,0x96,0x81,0x95,0x4e,0x29,0x18,0x6e,
    0xf0,0x5b,0x41,0xb7,0x05,0x30,0x98,0x65,0x40,0xa5,0x54,0x0a,0x46,0x0c,0x0e,0x00,0x04,0xc1,0x00,0x0d,0xc6,0x5b,0x40,0x6b,
    0xe1,0x96,0x05,0xde,0x16,0x46,0x13,0x02,0x60,0x34,0x41,0x08,0x46,0x13,0x06,0x61,0x34,0x81,0x18,0x66,0x09,0x58,0x69,0xb8,
    0x81,0x74,0x85,0xdf,0x16,0xc0,0x60,0x96,0x81,0x95,0x54,0x29,0x18,0x6e,0x28,0x5d,0xe1,0xb7,0x05,0x30,0x98,0x65,0x60,0xa5,
    0x55,0x0a,0x86,0x1b,0x4c,0x57,0x28,0x6f,0x01,0x0c,0xa6,0x1b,0x42,0x57,0x00,0x61,0x21,0x98,0x6e,0x08,0x5d,0x01,0x84,0x05,
    0x61,0xba,0x21,0x74,0x05,0x10,0x16,0x86,0xe9,0x86,0xd0,0x15,0x40,0x58,0x20,0x66,0x09,0x58,0x69,0xa0,0x67,0xb0,0x50,0x09,
    0x07,0x8b,0x51,0x22,0x83,0x52,0xc2,0x19,0x53,0x82,0xc1,0x22,0x95,0x40,0xb0,0x50,0x25,0x64,0x95,0x06,0x7a,0x06,0x0b,0x95,
    0x70,0xb0,0x18,0x25,0x32,0x28,0x25,0x9c,0x31,0x25,0x18,0x2c,0x52,0x09,0x04,0x0b,0x55,0x42,0x56,0x69,0xa0,0x67,0xb0,0x50,
    0x09,0x07,0x8b,0x51,0x22,0x83,0x52,0xc2,0x19,0x53,0x82,0xc1,0x22,0x95,0x40,0xb0,0x50,0x25,0x64,0x95,0x06,0x7a,0x06,0x0b,
    0x95,0x70,0xb0,0x18,0x25,0x32,0x28,0x25,0x9c,0x31,0x25,0x18,0x2c,0x52,0x09,0x04,0x0b,0x55,0x42,0x56,0xa9,0x5c,0x57,0x68,
    0x6b,0x41,0x87,0x1b,0x82,0xf8,0x16,0xc0,0x60,0x96,0xc1,0x95,0x5a,0x29,0x30,0x96,0x16,0x8c,0xf8,0x58,0x4b,0x0b,0x46,0x7c,
    0xcc,0xa5,0x05,0x23,0x3e,0xf6,0xd2,0x82,0x11,0x9f,0x59,0x02,0x57,0x1a,0xa8,0x18,0x90,0x56,0xa2,0x58,0x69,0xa0,0x62,0x40,
    0x5a,0x89,0x62,0xa5,0x81,0x8a,0x01,0x69,0x25,0x8a,0x95,0x06,0x2a,0x06,0xa4,0x95,0x28,0x56,0x2a,0xdc,0x15,0xe4,0x5a,0xd0,
    0xe1,0x86,0x60,0xbf,0x85,0x30,0x98,0x6e,0x18,0x8c,0x60,0xba,0x81,0x30,0x84,0xe9,0x86,0xc2,0x18,0x86,0x1b,0xc6,0x57,0xf8,
    0x6f,0x01,0x0c,0x66,0x19,0x6e,0xe9,0x95,0x82,0xe1,0x06,0xf2,0x15,0x42,0x5c,0x00,0x83,0x59,0x06,0x58,0x8a,0xa5,0xc0,0x7c,
    0xc3,0x86,0x05,0xf9,0x4c,0x37,0x04,0x37,0x2c,0xec,0xc6,0x2c,0xc1,0x2d,0x0d,0x37,0x9c,0xaf,0x00,0xe2,0x02,0x18,0xcc,0x32,
    0xdc,0x92,0x2c,0x05,0xc3,0x0d,0xe8,0x2b,0xfc,0xb7,0x00,0x06,0xb3,0x0c,0xb3,0x44,0x4b,0xc1,0x88,0xc1,0x01,0x80,0x20,0x18,
    0xa0,0x01,0x8a,0x0b,0xad,0x2d,0xf0,0xb3,0x10,0xe2,0xc2,0x68,0x42,0x30,0xcc,0x12,0xdc,0xd2,0x70,0xc3,0xfa,0x0a,0x21,0x2e,
    0x80,0xc1,0x2c,0xc3,0x2d,0xd5,0x52,0x30,0xdc,0xc0,0xbe,0x42,0x88,0x0b,0x60,0x30,0xcb,0x70,0x4b,0xb6,0x14,0x0c,0x37,0xb4,
    0xaf,0x70,0xe2,0x02,0x18,0x4c,0x37,0x80,0xaf,0xf0,0xc3,0x42,0x30,0x4b,0x70,0x4b,0x03,0x3d,0x83,0x32,0x4b,0xb0,0x58,0xb8,
    0x92,0x04,0x4b,0xb0,0x13,0x4b,0xa8,0x58,0xd0,0x12,0x1e,0x16,0xb5,0x24,0xd8,0x52,0xc5,0xaf,0xb0,0xe2,0x82,0x0e,0x37,0x04,
    0x2d,0x2e,0x84,0x81,0xa1,0xb5,0x30,0xc4,0x67,0xba,0x21,0x20,0x84,0xe9,0x06,0x32,0x16,0xd0,0x58,0xb8,0x5f,0x61,0xba,0x81,
    0x8c,0x05,0x34,0x16,0xf0,0x57,0x98,0x6e,0x20,0x63,0x01,0x8d,0x85,0xfc,0x15,0xa6,0x1b,0xc8,0x58,0x40,0x63,0x41,0x7f,0x85,
    0xe1,0x06,0x16,0x16,0x76,0x5b,0x00,0x83,0x59,0x06,0x5c,0xda,0xa7,0xa0,0xcc,0x57,0x78,0x71,0x01,0x2b,0x40,0x71,0x41,0x87,
    0x1b,0x02,0x16,0x17,0xc0,0x60,0x96,0x41,0x97,0x72,0x29,0xa8,0xf4,0x15,0x54,0x5c,0xd0,0xe1,0x86,0xa1,0xc5,0x05,0x30,0x98,
    0x6e,0x98,0x71,0x41,0x08,0xa6,0x1b,0x72,0x5c,0x28,0x84,0x59,0x02,0x5d,0x1a,0xa8,0x20,0xe8,0xb8,0xc0,0x25,0x22,0x97,0x06,
    0x2a,0x08,0x36,0x2e,0x70,0x89,0xc8,0xa5,0xe1,0x86,0xe0,0xc7,0x05,0x30,0x98,0x65,0x50,0xa7,0x5d,0x0a,0x86,0x1b,0x04,0x1e,
    0x17,0xc0,0x60,0x96,0x41,0x9d,0x78,0x29,0x18,0x6e,0x18,0x76,0x5c,0x00,0x83,0x59,0x06,0x75,0xea,0xa5,0x60,0xb8,0x81,0xd8,
    0x71,0x01,0x0c,0x66,0x19,0x7c,0xe9,0x97,0x02,0xe3,0x6b,0x41,0x44,0xe2,0x63,0x7d,0x2d,0x88,0x48,0x7c,0xcc,0xaf,0x05,0x11,
    0x89,0x8f,0xfd,0xb5,0x20,0x22,0xf1,0x99,0x25,0x50,0xa7,0xe1,0x86,0xe4,0xc7,0x05,0x30,0x18,0x6e,0x50,0x78,0x5c,0x00,0x83,
    0x12,0x82,0x9d,0x65,0x50,0x27,0x70,0x0a,0x86,0x1b,0x98,0x33,0x17,0xc0,0x60,0x96,0x21,0x9c,0xc4,0x29,0x30,0xd2,0x16,0x4e,
    0x24,0x3e,0xb3,0x04,0xea,0x34,0xdc,0xe0,0x8c,0xb9,0x00,0x06,0xb3,0x0c,0xea,0x34,0x4e,0xc1,0x70,0xc3,0xb3,0xe6,0x02,0x18,
    0xcc,0x32,0x90,0x53,0x39,0x05,0x76,0xda,0x82,0x28,0x0b,0xf1,0x99,0x25,0x50,0xa7,0xe1,0x86,0x48,0xcd,0x05,0x30,0x98,0x65,
    0x50,0x27,0x73,0x0a,0x86,0x1b,0x24,0x33,0x17,0xc0,0x60,0x96,0xe1,0x9c,0xd0,0x29,0x30,0xd5,0x16,0x50,0x59,0x88,0x8f,0xad,
    0xb6,0x80,0xca,0x42,0x7c,0x8c,0xb5,0x05,0x54,0x16,0xe2,0x63,0xad,0x2d,0xa0,0xb2,0x10,0x9f,0x59,0x02,0x75,0x1a,0x6e,0xb8,
    0xd4,0x5c,0x00,0x83,0x59,0x86,0x74,0x52,0xa7,0xc0,0x5e,0x5b,0x50,0x65,0x21,0x3e,0x23,0x06,0x07,0x00,0x82,0x60,0xd0,0x94,
    0xba,0x10,0xe2,0xc2,0x8c,0x04,0xb3,0x04,0xea,0x34,0x50,0x36,0xa8,0x81,0x2f,0x69,0xe1,0x44,0x91,0x93,0x73,0x4e,0x42,0x3a,
    0x81,0x6d,0xa1,0x4b,0x62,0x5b,0xec,0x92,0x1b,0xf1,0x92,0x4f,0x16,0xe5,0x04,0xb6,0x05,0x3a,0xa1,0xd1,0x2f,0xe1,0x64,0x21,
    0x4e,0x03,0x65,0x83,0x1a,0xf8,0x12,0x17,0x4e,0x16,0x39,0x39,0xe7,0x44,0xa4,0x93,0xd8,0x16,0xba,0x44,0xb6,0xc5,0x2e,0xb9,
    0x11,0x2f,0xf9,0x64,0x51,0x4e,0x62,0x5b,0xa0,0x93,0x1a,0xfd,0x92,0x4e,0x16,0xe2,0x34,0x50,0x36,0xa8,0x81,0x2f,0x79,0xe1,
    0x84,0x91,0x93,0x73,0x4e,0x46,0x3a,0x91,0x6d,0xa1,0x4b,0x66,0x5b,0xec,0x92,0x1b,0xf1,0x92,0x4f,0x16,0xe5,0x44,0xb6,0x05,
    0x3a,0xb1,0xd1,0x2f,0xf1,0x64,0x21,0x4e,0x03,0x65,0x83,0x1a,0xf8,0x12,0x18,0x84,0x93,0x46,0x4e,0xce,0x39,0xa1,0x6d,0x91,
    0x4e,0x66,0x5b,0xe8,0x12,0xda,0x16,0xbb,0xe4,0x46,0xbc,0xe4,0x93,0x45,0x39,0x99,0x6d,0x81,0x4e,0x6e,0xf4,0x4b,0x3e,0x59,
    0x88,0x93,0x11,0x3b,0x22,0x1f,0x23,0x76,0x44,0x3e,0x46,0xec,0x88,0x7c,0x8c,0xd8,0x11,0xf9,0x0c,0x37,0x8c,0x01,0xa8,0x0b,
    0x60,0x30,0xcb,0xa0,0x4f,0xeb,0x14,0x0c,0x37,0x90,0x41,0x9f,0x0b,0x60,0x30,0xcb,0xa0,0x4f,0xec,0x14,0x0c,0x37,0x94,0x01,
    0x9f,0x0b,0x60,0x30,0xcb,0xa0,0x4f,0xed,0x14,0x0c,0x37,0x98,0x01,0x9f,0x0b,0x60,0x30,0xcb,0xe0,0x4e,0xef,0x14,0x58,0x6f,
    0x0b,0x63,0x12,0x1f,0xf3,0x6d,0x61,0x4c,0xe2,0x63,0xbf,0x2d,0x8c,0x49,0x7c,0x0c,0xbc,0x85,0x31,0x89,0xcf,0x2c,0x81,0x3e,
    0x0d,0x37,0xac,0x01,0xa8,0x0b,0x60,0x30,0xdc,0xc0,0x06,0x7d,0x2e,0x80,0x41,0x09,0xc1,0xce,0x32,0xe8,0x13,0x3c,0x05,0xc3,
    0x0d,0x6e,0x80,0xea,0x02,0x18,0x0c,0x37,0xbc,0xc1,0x9f,0x0b,0x60,0x50,0x42,0xb0,0xb3,0x0c,0xf1,0x24,0x4f,0x81,0x9d,0xb7,
    0xa0,0x26,0xf1,0x99,0x25,0xd0,0xa7,0xe1,0x06,0x39,0x30,0x75,0x01,0x0c,0x66,0x19,0xf4,0x69,0x9e,0x82,0xe1,0x86,0x39,0x70,
    0x75,0x01,0x0c,0x66,0x19,0xe8,0xa9,0x9e,0x02,0x53,0x6f,0xa1,0x9c,0x85,0xf8,0xcc,0x12,0xe8,0xd3,0x70,0x43,0x1d,0xb4,0xba,
    0x00,0x06,0xb3,0x0c,0xfa,0x64,0x4f,0xc1,0x70,0x83,0x1d,0xa4,0xba,0x00,0x06,0xb3,0x0c,0xf7,0x84,0x4f,0x81,0xb5,0xb7,0xb0,
    0xce,0x42,0x7c,0xcc,0xbd,0x85,0x75,0x16,0xe2,0x63,0xef,0x2d,0xac,0xb3,0x10,0x1f,0x83,0x6f,0x61,0x9d,0x85,0xf8,0xcc,0x12,
    0xe8,0xd3,0x70,0xc3,0x1e,0xb4,0xba,0x00,0x06,0xb3,0x0c,0xf9,0xa4,0x4f,0x81,0xc9,0xb7,0xd0,0xce,0x42,0x7c,0x46,0x0c,0x0e,
    0x00,0x04,0xc1,0xa0,0x41,0x77,0x81,0xcc,0x05,0x3b,0x09,0x66,0x09,0xf4,0x69,0xa0,0x6c,0x70,0x03,0x77,0xd2,0xe2,0x89,0xa2,
    0x27,0xe7,0x9e,0x84,0x7c,0x32,0xdf,0x42,0x9d,0xd0,0xb7,0x58,0x27,0x7a,0x62,0x27,0xf2,0x2c,0xea,0xc9,0x7c,0x0b,0x7c,0x72,
    0xa7,0x77,0xf2,0xcd,0x42,0x9e,0x06,0xca,0x06,0x37,0x70,0x27,0x2e,0x9e,0x2c,0x7a,0x72,0xee,0x89,0xc8,0x27,0xf4,0x2d,0xd4,
    0x49,0x7d,0x8b,0x75,0xa2,0x27,0x76,0x22,0xcf,0xa2,0x9e,0xd0,0xb7,0xc0,0x27,0x78,0x7a,0x27,0xf0,0x2c,0xe4,0x69,0xa0,0x6c,
    0x70,0x03,0x77,0xf2,0xe2,0x09,0xa3,0x27,0xe7,0x9e,0x8c,0x7c,0x52,0xdf,0x42,0x9d,0xd8,0xb7,0x58,0x27,0x7a,0x62,0x27,0xf2,
    0x2c,0xea,0x49,0x7d,0x0b,0x7c,0x92,0xa7,0x77,0x12,0xcf,0x42,0x9e,0x06,0xca,0x06,0x37,0x70,0x27,0x30,0x88,0x27,0x8d,0x9e,
    0x9c,0x7b,0x72,0xdf,0x22,0x9f,0xd8,0xb7,0x50,0x27,0xf7,0x2d,0xd6,0x89,0x9e,0xd8,0x89,0x3c,0x8b,0x7a,0x62,0xdf,0x02,0x9f,
    0xe8,0xe9,0x9d,0xc8,0xb3,0x90,0x27,0x23,0xec,0x59,0x90,0x8f,0x11,0xf6,0x2c,0xc8,0xc7,0x08,0x7b,0x16,0xe4,0x63,0x84,0x3d,
    0x0b,0xf2,0x31,0xe2,0x0c,0xe0,0x63,0xc4,0x19,0xc0,0xc7,0x88,0x33,0x80,0x8f,0x11,0x67,0x00,0x9f,0x11,0x83,0x03,0x00,0x41,
    0x30,0x68,0xea,0x5d,0x90,0x73,0x81,0xf8,0x6f,0x61,0xc4,0xe0,0x00,0x40,0x10,0x0c,0x1a,0x7b,0x17,0xe6,0x5c,0x20,0x40,0x5c,
    0x18,0x31,0x38,0x00,0x10,0x04,0x83,0xe6,0xde,0x05,0x3a,0x17,0x88,0x10,0x17,0x46,0x0c,0x0e,0x00,0x04,0xc1,0xa0,0xc1,0x77,
    0xa1,0xce,0x05,0x42,0xc4,0x85,0x11,0x83,0x03,0x00,0x41,0x30,0x68,0xf2,0x5d,0xa8,0x73,0x81,0x20,0x71,0x61,0xc4,0xe0,0x00,
    0x40,0x10,0x0c,0x1a,0x7d,0x17,0xec,0x5c,0x20,0x4a,0x5c,0x18,0x31,0x38,0x00,0x10,0x04,0x83,0x66,0xdf,0x85,0x3b,0x17,0x08,
    0x13,0x17,0x46,0x0c,0x0e,0x00,0x04,0xc1,0xa0,0xe1,0x77,0x01,0xcf,0x05,0xe2,0xc4,0x85,0x59,0x82,0xb3,0x1a,0x6e,0x30,0x67,
    0x61,0xdd,0x05,0x30,0x98,0x65,0x38,0x2b,0x7e,0x0a,0x86,0x1b,0xce,0x59,0x50,0x77,0x01,0x0c,0x66,0x19,0xce,0xaa,0x9f,0x82,
    0xe1,0x06,0x74,0x16,0xd4,0x5d,0x00,0x83,0x59,0x06,0x7f,0xfa,0xa7,0xc0,0xec,0x23,0x4c,0xe4,0x63,0xf6,0x11,0x26,0xf2,0x31,
    0xfb,0x08,0x13,0xf9,0x18,0x7f,0x9c,0x89,0x7c,0x66,0x09,0xce,0x6a,0xb8,0xa1,0x9d,0x05,0x77,0x17,0xc0,0x60,0x96,0x01,0xa4,
    0x42,0x2a,0xb0,0xfd,0x30,0x13,0xf9,0xd8,0x7e,0x98,0x89,0x7c,0x6c,0x3f,0xcc,0x44,0x3e,0x16,0x22,0x6c,0x22,0x1f,0x23,0x70,
    0x5c,0x90,0x8f,0x11,0x39,0x2e,0xc8,0xc7,0x08,0x1d,0x17,0xe4,0x63,0xc4,0x8e,0x0b,0xf2,0x19,0x31,0x38,0x00,0x10,0x04,0x83,
    0xa6,0xe5,0x05,0x55,0x17,0x88,0x1b,0x17,0x46,0x0c,0x0e,0x00,0x04,0xc1,0xa0,0x71,0x79,0x61,0xd5,0x05,0x02,0xc7,0x85,0x11,
    0x83,0x03,0x00,0x41,0x30,0x68,0x5e,0x5e,0x60,0x75,0x81,0xc8,0x71,0x61,0xc4,0xe0,0x00,0x40,0x10,0x0c,0x1a,0x98,0x17,0x5a,
    0x5d,0x20,0x74,0x5c,0x18,0x31,0x38,0x00,0x10,0x04,0x83,0x26,0xe6,0x85,0x56,0x17,0x08,0x1e,0x17,0x46,0x0c,0x0e,0x00,0x04,
    0xc1,0xa0,0x91,0x79,0xc1,0xd5,0x05,0xa2,0xc7,0x85,0x11,0x83,0x03,0x00,0x41,0x30,0x68,0x66,0x5e,0x78,0x75,0x81,0xf0,0x71,
    0x61,0xc4,0xe0,0x00,0x40,0x10,0x0c,0x1a,0x9a,0x17,0x60,0x5d,0x20,0x7e,0x5c,0x98,0x25,0x38,0xab,0xe1,0x06,0x7f,0x16,0x48,
    0x5e,0x00,0x83,0x59,0x06,0x91,0x1a,0xa9,0xc0,0x58,0xe4,0x4e,0xe4,0x63,0x2c,0x72,0x27,0xf2,0x31,0x16,0xb9,0x13,0xf9,0x98,
    0x8c,0xf4,0x89,0x7c,0x8c,0x50,0x73,0x41,0x3e,0x46,0xac,0xb9,0x20,0x1f,0x23,0xd8,0x5c,0x90,0x8f,0x11,0x6d,0x2e,0xc8,0x67,
    0xc4,0xe0,0x00,0x40,0x10,0x0c,0x1a,0x9f,0x17,0x76,0x5d,0x20,0xd0,0x5c,0x18,0x31,0x38,0x00,0x10,0x04,0x83,0xe6,0xe7,0x05,
    0x5e,0x17,0x88,0x34,0x17,0x46,0x0c,0x0e,0x00,0x04,0xc1,0xa0,0x01,0x7b,0xa1,0xd7,0x05,0x42,0xcd,0x85,0x11,0x83,0x03,0x00,
    0x41,0x30,0x68,0xc2,0x5e,0xf0,0x75,0x81,0x58,0x73,0x61,0xc4,0xe0,0x00,0x40,0x10,0x0c,0x1a,0xb1,0x17,0x7c,0x5d,0x20,0xda,
    0x5c,0x18,0x31,0x38,0x00,0x10,0x04,0x83,0x66,0xec,0x85,0x5f,0x17,0x08,0x37,0x17,0x46,0x0c,0x0e,0x00,0x04,0xc1,0xa0,0x21,
    0x7b,0x01,0xdc,0x05,0xe2,0xcd,0x85,0x11,0x83,0x03,0x00,0x41,0x30,0x68,0xca,0x5e,0x08,0x77,0x81,0x80,0x73,0x61,0x96,0xe0,
    0xac,0x86,0x1b,0x5e,0x5a,0x78,0x79,0x01,0x0c,0x66,0x19,0x48,0xaa,0xa4,0x02,0xeb,0x11,0x54,0x81,0x8f,0xf5,0x08,0xaa,0xc0,
    0xc7,0x7a,0x04,0x55,0xe0,0x63,0x63,0xe2,0x2a,0xf0,0x19,0x31,0x38,0x00,0x10,0x04,0x83,0x66,0xed,0x05,0x74,0x17,0x88,0x3a,
    0x17,0x46,0x0c,0x0e,0x00,0x04,0xc1,0xa0,0x61,0x7b,0x21,0xdd,0x05,0xc2,0xce,0x85,0x11,0x83,0x03,0x00,0x41,0x30,0x68,0xda,
    0x5e,0x50,0x77,0x81,0xb8,0x73,0x61,0xc4,0xe0,0x00,0x40,0x10,0x0c,0x1a,0xb7,0x17,0xd6,0x5d,0x20,0xf0,0x5c,0x18,0x31,0x38,
    0x00,0x10,0x04,0x83,0xe6,0xed,0x85,0x75,0x17,0x08,0x3d,0x17,0x46,0x0c,0x0e,0x00,0x04,0xc1,0xa0,0x81,0x7b,0x81,0xdd,0x05,
    0x62,0xcf,0x85,0x11,0x83,0x03,0x00,0x41,0x30,0x68,0xe2,0x5e,0x68,0x77,0x81,0xe0,0x73,0x61,0xc4,0xe0,0x00,0x40,0x10,0x0c,
    0x1a,0xb9,0x17,0xdc,0x5d,0x20,0xfa,0x5c,0x98,0x25,0x38,0xab,0xe1,0x06,0x9e,0x16,0xc6,0x5e,0x00,0x83,0x59,0x06,0x93,0x3a,
    0xa9,0xc0,0xd4,0xa4,0x56,0xe0,0x63,0x6a,0x52,0x2b,0xf0,0x31,0x35,0xa9,0x15,0xf8,0x18,0x9c,0xec,0x0a,0x7c,0x8c,0x28,0x75,
    0x01,0x3e,0x46,0x98,0xba,0x00,0x1f,0x23,0x4e,0x5d,0x80,0x8f,0x11,0xa8,0x2e,0xc0,0x67,0xc4,0xe0,0x00,0x40,0x10,0x0c,0x1a,
    0xbe,0x17,0xf2,0x5d,0x20,0x4c,0x5d,0x18,0x31,0x38,0x00,0x10,0x04,0x83,0xa6,0xef,0x05,0x7d,0x17,0x88,0x53,0x17,0x46,0x0c,
    0x0e,0x00,0x04,0xc1,0xa0,0xf1,0x7b,0x61,0xdf,0x05,0x02,0xd5,0x85,0x11,0x83,0x03,0x00,0x41,0x30,0x68,0xfe,0x5e,0xe0,0x77,
    0x81,0x48,0x75,0x61,0xc4,0xe0,0x00,0x40,0x10,0x0c,0x1a,0xd0,0x17,0xf8,0x5d,0x20,0x56,0x5d,0x18,0x31,0x38,0x00,0x10,0x04,
    0x83,0x26,0xf4,0x85,0x7e,0x17,0x08,0x56,0x17,0x46,0x0c,0x0e,0x00,0x04,0xc1,0xa0,0x11,0x7d,0xc1,0xdf,0x05,0xa2,0xd5,0x85,
    0x11,0x83,0x03,0x00,0x41,0x30,0x68,0x46,0x5f,0xf8,0x77,0x81,0x70,0x75,0x61,0x96,0xe0,0xac,0x86,0x1b,0xda,0x5a,0x88,0x7b,
    0x01,0x0c,0x66,0x19,0x50,0x2a,0xa5,0x02,0xdb,0x13,0x73,0x81,0x8f,0xed,0x89,0xb9,0xc0,0xc7,0xf6,0xc4,0x5c,0xe0,0x63,0xa1,
    0xc2,0x2e,0xf0,0x31,0xc2,0xd6,0x05,0xf8,0x18,0x71,0xeb,0x02,0x7c,0x8c,0xc0,0x75,0x01,0x3e,0x46,0xe4,0xba,0x00,0x1f,0x23,
    0x78,0x5d,0x90,0x8f,0x11,0xbd,0x2e,0xc8,0xc7,0x08,0x5f,0x17,0xe4,0x63,0xc4,0xaf,0x0b,0xf2,0x19,0x31,0x38,0x00,0x10,0x04,
    0x83,0x26,0xf6,0x05,0x97,0x17,0x88,0x5d,0x17,0x46,0x0c,0x0e,0x00,0x04,0xc1,0xa0,0x91,0x7d,0xe1,0xe5,0x05,0x82,0xd7,0x85,
    0x11,0x83,0x03,0x00,0x41,0x30,0x68,0x66,0x5f,0x80,0x79,0x81,0xe8,0x75,0x61,0xc4,0xe0,0x00,0x40,0x10,0x0c,0x1a,0xda,0x17,
    0x62,0x5e,0x20,0x7c,0x5d,0x18,0x31,0x38,0x00,0x10,0x04,0x83,0xa6,0xf6,0x85,0x98,0x17,0x08,0x70,0x17,0x46,0x0c,0x0e,0x00,
    0x04,0xc1,0xa0,0xb1,0x7d,0x41,0xe6,0x05,0x22,0xdc,0x85,0x11,0x83,0x03,0x00,0x41,0x30,0x68,0x6e,0x5f,0x98,0x79,0x81,0x10,
    0x77,0x61,0xc4,0xe0,0x00,0x40,0x10,0x0c,0x1a,0xdc,0x17,0x68,0x5e,0x20,0xc6,0x5d,0x98,0x25,0x38,0xab,0xe1,0x06,0xd1,0x16,
    0x42,0x5f,0x00,0x83,0x59,0x06,0x95,0x5a,0xa9,0xc0,0xf6,0x05,0x56,0xe2,0x63,0xfb,0x02,0x2b,0xf1,0xb1,0x7d,0x81,0x95,0xf8,
    0x58,0xc8,0xd8,0x4a,0x7c,0x46,0x0c,0x0e,0x00,0x04,0xc1,0xa0,0xf1,0x7d,0x61,0xe7,0x05,0x02,0xdd,0x85,0x11,0x83,0x03,0x00,
    0x41,0x30,0x68,0x7e,0x5f,0xe0,0x79,0x81,0x48,0x77,0x61,0xc4,0xe0,0x00,0x40,0x10,0x0c,0x1a,0xf0,0x17,0x7a,0x5e,0x20,0xd4,
    0x5d,0x18,0x31,0x38,0x00,0x10,0x04,0x83,0x26,0xfc,0x05,0x9f,0x17,0x88,0x75,0x17,0x46,0x0c,0x0e,0x00,0x04,0xc1,0xa0,0x11,
    0x7f,0xc1,0xe7,0x05,0xa2,0xdd,0x85,0x11,0x83,0x03,0x00,0x41,0x30,0x68,0xc6,0x5f,0xf8,0x79,0x81,0x70,0x77,0x61,0xc4,0xe0,
    0x00,0x40,0x10,0x0c,0x1a,0xf2,0x17,0xc0,0x5e,0x20,0xde,0x5d,0x18,0x31,0x38,0x00,0x10,0x04,0x83,0xa6,0xfc,0x85,0xb0,0x17,
    0x08,0x78,0x17,0x66,0x09,0xce,0x6a,0xb8,0xe1,0xb5,0x85,0xd6,0x17,0xc0,0x60,0x96,0x81,0xa5,0x5a,0x2a,0xb0,0x5e,0x41,0x19,
    0xf8,0x58,0xaf,0xa0,0x0c,0x7c,0xac,0x57,0x50,0x06,0x3e,0x36,0x2e,0x2e,0x03,0x1f,0x0b,0x17,0x96,0x91,0x8f,0x85,0x0b,0xcb,
    0xc8,0xc7,0xc2,0x85,0x65,0xe4,0x63,0xe7,0x22,0x33,0xf2,0x31,0x84,0x88,0x8f,0x21,0x44,0x7c,0x0c,0x21,0xe2,0x63,0x08,0x11,
    0x9f,0x11,0x83,0x03,0x00,0x41,0x30,0x68,0xe6,0x5f,0x80,0x7b,0x81,0xe8,0x77,0x61,0xc4,0xe0,0x00,0x40,0x10,0x0c,0x1a,0xfa,
    0x17,0xe2,0x5e,0x20,0xfc,0x5d,0x18,0x31,0x38,0x00,0x10,0x04,0x83,0xa6,0xfe,0x05,0xb9,0x17,0x88,0x7f,0x17,0x46,0x0c,0x0e,
    0x00,0x04,0xc1,0xa0,0xb1,0x7f,0x61,0xee,0x05,0x02,0xe4,0x85,0x11,0x83,0x03,0x00,0x41,0x30,0x68,0xee,0x5f,0x98,0x7b,0x81,
    0x10,0x79,0x61,0xc4,0xe0,0x00,0x40,0x10,0x0c,0x1a,0xfc,0x17,0xe8,0x5e,0x20,0x46,0x5e,0x18,0x31,0x38,0x00,0x10,0x04,0x83,
    0x26,0xff,0x85,0xba,0x17,0x08,0x92,0x17,0x46,0x0c,0x0e,0x00,0x04,0xc1,0xa0,0xd1,0x7f,0xc1,0xee,0x05,0xa2,0xe4,0x85,0x59,
    0x82,0xb3,0x1a,0x6e,0x20,0x6f,0x21,0xfc,0x05,0x30,0x98,0x65,0x70,0xa9,0x97,0x0a,0xac,0x67,0xe4,0x25,0x3e,0xd6,0x33,0xf2,
    0x12,0x1f,0xeb,0x19,0x79,0x89,0x8f,0x8d,0x0d,0xbe,0xc4,0xc7,0x08,0x17,0x17,0xe4,0x63,0xc4,0x8b,0x0b,0xf2,0x31,0x02,0xc6,
    0x05,0xf9,0x18,0x11,0xe3,0x82,0x7c,0x8c,0xd0,0x17,0xf8,0x18,0xa1,0x2f,0xf0,0x31,0x42,0x5f,0xe0,0x63,0x04,0xc8,0xc0,0x67,
    0x96,0xe0,0xac,0x86,0x1b,0xe2,0x5b,0x68,0x7f,0x01,0x0c,0x66,0x19,0x60,0x2a,0xa6,0x02,0x53,0x9b,0x7f,0x89,0x8f,0xa9,0xcd,
    0xbf,0xc4,0xc7,0xd4,0xe6,0x5f,0xe2,0x63,0x70,0x53,0x32,0xf1,0x31,0x62,0x77,0xe4,0x63,0x04,0xef,0xc8,0xc7,0x88,0xde,0x91,
    0x8f,0x11,0xbe,0x23,0x1f,0x23,0x4e,0x06,0x3e,0x46,0x9c,0x0c,0x7c,0x8c,0x38,0x19,0xf8,0x18,0xd1,0x32,0xf0,0x99,0x25,0x38,
    0xab,0xe1,0x06,0xff,0x16,0xf2,0x5f,0x00,0x83,0x59,0x06,0x99,0x9a,0xa9,0x60,0xc4,0xe0,0x00,0x40,0x10,0x0c,0xd0,0x40,0x05,
    0x87,0xd7,0x17,0xfc,0x5d,0x18,0xc1,0x61,0x34,0x21,0x18,0x2c,0x6f,0x5c,0x26,0x3e,0x96,0x37,0x2e,0x13,0x1f,0xcb,0x1b,0x97,
    0x89,0x8f,0xfd,0x0d,0xcd,0xc4,0xc7,0x0a,0x42,0x3e,0x66,0x10,0xf2,0xb1,0x83,0x90,0x8f,0x21,0x84,0x7c,0x8c,0xb0,0x19,0xf8,
    0x18,0x61,0x33,0xf0,0x31,0xc2,0x66,0xe0,0x63,0x04,0xcf,0xc0,0x67,0x96,0xe0,0xac,0x86,0x1b,0x5a,0x5c,0x38,0xc1,0x01,0x0c,
    0x66,0x19,0x68,0xaa,0xa6,0x02,0x83,0x7b,0x61,0x7e,0xe2,0x63,0x3c,0x13,0xc8,0xc7,0x78,0x46,0x90,0x8f,0xf1,0xcc,0x20,0x1f,
    0x13,0x1b,0x42,0x3e,0x46,0xac,0x0e,0x7c,0x8c,0x58,0x1d,0xf8,0x18,0xb1,0x3a,0xf0,0x31,0x22,0x76,0xe0,0x33,0x62,0x70,0x00,
    0x20,0x08,0x06,0x8d,0x1b,0x0e,0xeb,0x2f,0x10,0x78,0x2f,0x8c,0x18,0x1c,0x00,0x08,0x82,0x41,0xf3,0x86,0x03,0xfb,0x0b,0x44,
    0xde,0x0b,0x23,0x06,0x07,0x00,0x82,0x60,0xd0,0xc0,0xe1,0xd0,0xfe,0x02,0xa1,0xf7,0xc2,0x88,0xc1,0x01,0x80,0x20,0x18,0x34,
    0x71,0x38,0xb8,0xbf,0x40,0xec,0xbd,0x30,0x62,0x70,0x00,0x20,0x08,0x06,0x8d,0x1c,0x0e,0xee,0x2f,0x10,0x7d,0x2f,0x8c,0x18,
    0x1c,0x00,0x08,0x82,0x41,0x33,0x87,0xc3,0xfb,0x0b,0x84,0xdf,0x0b,0x23,0x06,0x07,0x00,0x82,0x60,0xd0,0xd0,0xe1,0x00,0xff,
    0x02,0xf1,0xf7,0xc2,0x88,0xc1,0x01,0x80,0x20,0x18,0x34,0x75,0x38,0xc4,0xbf,0x40,0x80,0xbe,0x30,0x4b,0x70,0x56,0xc3,0x0d,
    0x3f,0x2e,0x90,0xbf,0x00,0x06,0xb3,0x0c,0x36,0x75,0x53,0x81,0xe1,0x4e,0xdb,0xc4,0xc7,0x70,0xa7,0x6d,0xe2,0x63,0xb8,0xd3,
    0x36,0xf1,0x31,0xdf,0x99,0x9b,0xf8,0x18,0x11,0xea,0x82,0x7c,0x8c,0x10,0x75,0x41,0x3e,0x46,0x8c,0xba,0x20,0x1f,0x23,0x48,
    0x5d,0x90,0x8f,0x11,0x75,0x03,0x1f,0x23,0xea,0x06,0x3e,0x46,0xd4,0x0d,0x7c,0x8c,0xd8,0x1b,0xf8,0xcc,0x12,0x9c,0xd5,0x70,
    0x03,0x9b,0x0b,0xe5,0x2f,0x80,0xc1,0x2c,0xc3,0x59,0xe1,0x54,0x30,0xdc,0xd0,0xe6,0x82,0x0a,0x0e,0x60,0x30,0xcb,0x90,0x53,
    0x3a,0x15,0xd8,0xde,0xa4,0x8f,0x7c,0x6c,0x6f,0xd4,0x47,0x3e,0xb6,0x37,0xeb,0x23,0x1f,0x0b,0x1d,0xf6,0x91,0x8f,0x11,0xea,
    0x03,0x1f,0x23,0xd4,0x07,0x3e,0x46,0xa8,0x0f,0x7c,0x8c,0x80,0x1f,0xf8,0x8c,0x18,0x1c,0x00,0x08,0x82,0x41,0xd3,0x8a,0x83,
    0x0a,0x0e,0xc4,0xed,0x0b,0x23,0x06,0x07,0x00,0x82,0x60,0xd0,0xb8,0xe2,0xb0,0x82,0x03,0x81,0xfb,0xc2,0x88,0xc1,0x01,0x80,
    0x20,0x18,0x34,0xaf,0x38,0xb0,0xe0,0x40,0xe4,0xbe,0x30,0x62,0x70,0x00,0x20,0x08,0x06,0x0d,0x2c,0x0e,0x2d,0x38,0x10,0xba,
    0x2f,0x8c,0x18,0x1c,0x00,0x08,0x82,0x41,0x13,0x8b,0x43,0x0b,0x0e,0x04,0xef,0x0b,0x23,0x06,0x07,0x00,0x82,0x60,0xd0,0xc8,
    0xe2,0xe0,0x82,0x03,0xd1,0xfb,0xc2,0x88,0xc1,0x01,0x80,0x20,0x18,0x34,0xb3,0x38,0xbc,0xe0,0x40,0xf8,0xbe,0x30,0x62,0x70,
    0x00,0x20,0x08,0x06,0x0d,0x2d,0x0e,0x30,0x38,0x10,0xbf,0x2f,0xcc,0x12,0x9c,0xd5,0x70,0x83,0x9f,0x0b,0x3c,0x38,0x80,0xc1,
    0x2c,0xc3,0x4e,0xf1,0x54,0x60,0xac,0x73,0x3f,0xf2,0x31,0xd6,0xb9,0x1f,0xf9,0x18,0xeb,0xdc,0x8f,0x7c,0x4c,0x76,0xfa,0x47,
    0x3e,0x46,0xf8,0x0f,0x7c,0x8c,0xf8,0x1f,0xf8,0x18,0x01,0x42,0xf0,0x31,0x22,0x84,0xe0,0x33,0x62,0x70,0x00,0x20,0x08,0x06,
    0x8d,0x2f,0x0e,0x3b,0x38,0x10,0xe8,0x2f,0x8c,0x18,0x1c,0x00,0x08,0x82,0x41,0xf3,0x8b,0x03,0x0f,0x0e,0x44,0xfa,0x0b,0x23,
    0x06,0x07,0x00,0x82,0x60,0xd0,0x80,0xe3,0xd0,0x83,0x03,0xa1,0xfe,0xc2,0x88,0xc1,0x01,0x80,0x20,0x18,0x34,0xe1,0x38,0xf8,
    0xe0,0x40,0xac,0xbf,0x30,0x62,0x70,0x00,0x20,0x08,0x06,0x8d,0x38,0x0e,0x3e,0x38,0x10,0xed,0x2f,0x8c,0x18,0x1c,0x00,0x08,
    0x82,0x41,0x33,0x8e,0xc3,0x0f,0x0e,0x84,0xfb,0x0b,0x23,0x06,0x07,0x00,0x82,0x60,0xd0,0x90,0xe3,0x00,0x86,0x03,0xf1,0xfe,
    0xc2,0x88,0xc1,0x01,0x80,0x20,0x18,0x34,0xe5,0x38,0x84,0xe1,0x40,0xc0,0xbf,0x30,0x4b,0x70,0x56,0xc3,0x0d,0xaf,0x2e,0x98,
    0xe0,0x00,0x06,0xb3,0x0c,0x3d,0xe5,0x53,0x81,0xc9,0xbf,0xb0,0x42,0xf1,0x31,0xdf,0x09,0xe4,0x63,0xbe,0x23,0xc8,0xc7,0x7c,
    0x67,0x90,0x8f,0x91,0x0f,0x21,0x1f,0x23,0x5a,0x08,0x3e,0x46,0xb4,0x10,0x7c,0x8c,0x68,0x21,0xf8,0x18,0x31,0x43,0xf0,0x19,
    0x31,0x38,0x00,0x10,0x04,0x83,0x06,0x1e,0x87,0x36,0x1c,0x08,0xfd,0x17,0x46,0x0c,0x0e,0x00,0x04,0xc1,0xa0,0x89,0xc7,0xc1,
    0x0d,0x07,0x62,0xff,0x85,0x11,0x83,0x03,0x00,0x41,0x30,0x68,0xe4,0x71,0x78,0xc3,0x81,0xe0,0x7f,0x61,0xc4,0xe0,0x00,0x40,
    0x10,0x0c,0x9a,0x79,0x1c,0xe0,0x70,0x20,0xfa,0x5f,0x18,0x31,0x38,0x00,0x10,0x04,0x83,0x86,0x1e,0x07,0x38,0x1c,0x88,0xff,
    0x17,0x46,0x0c,0x0e,0x00,0x04,0xc1,0xa0,0xa9,0xc7,0x21,0x0e,0x07,0x02,0x04,0x87,0x11,0x83,0x03,0x00,0x41,0x30,0x68,0xec,
    0x71,0x90,0xc3,0x81,0x08,0xc1,0x61,0xc4,0xe0,0x00,0x40,0x10,0x0c,0x9a,0x7b,0x1c,0xe6,0x70,0x20,0x44,0x70,0x98,0x25,0x38,
    0xab,0xe1,0x86,0x70,0x17,0xc0,0x70,0x00,0x83,0x59,0x86,0x9f,0x02,0xab,0xc0,0x48,0x70,0xd0,0xa1,0xf8,0x58,0x09,0x0e,0x3a,
    0x14,0x1f,0x33,0xc1,0x41,0x87,0xe2,0x63,0x27,0x38,0x80,0x51,0x7c,0x6c,0x7e,0x08,0xf9,0xd8,0xfc,0x10,0xf2,0xb1,0xf9,0x21,
    0xe4,0x63,0xf9,0x43,0xc8,0xc7,0x88,0x32,0x82,0x8f,0x11,0x66,0x04,0x1f,0x23,0xce,0x08,0x3e,0x46,0xa0,0x11,0x7c,0x46,0x0c,
    0x0e,0x00,0x04,0xc1,0xa0,0x29,0xc9,0x41,0x14,0x07,0xe2,0x05,0x87,0x11,0x83,0x03,0x00,0x41,0x30,0x68,0x4c,0x72,0x18,0xc5,
    0x81,0x80,0xc1,0x61,0xc4,0xe0,0x00,0x40,0x10,0x0c,0x9a,0x93,0x1c,0x48,0x71,0x20,0x62,0x70,0x18,0x31,0x38,0x00,0x10,0x04,
    0x83,0x06,0x25,0x87,0x52,0x1c,0x08,0x19,0x1c,0x46,0x0c,0x0e,0x00,0x04,0xc1,0xa0,0x49,0xc9,0xa1,0x14,0x07,0x82,0x06,0x87,
    0x11,0x83,0x03,0x00,0x41,0x30,0x68,0x54,0x72,0x30,0xc5,0x81,0xa8,0xc1,0x61,0xc4,0xe0,0x00,0x40,0x10,0x0c,0x9a,0x95,0x1c,
    0x4e,0x71,0x20,0x6c,0x70,0x18,0x31,0x38,0x00,0x10,0x04,0x83,0x86,0x25,0x07,0x54,0x1c,0x88,0x1b,0x1c,0x66,0x09,0xce,0xaa,
    0xf4,0x5d,0x60,0xc3,0x41,0x87,0x1b,0x02,0x52,0x1c,0xc0,0x60,0x96,0xe1,0xac,0xc2,0x2a,0x18,0x6e,0xc0,0x77,0xe1,0x0f,0x07,
    0x30,0x98,0x65,0x10,0xab,0xb1,0x0a,0xcc,0x84,0x7a,0x70,0x80,0x8f,0x99,0x90,0x0f,0x0e,0xf0,0x31,0x13,0xfa,0xc1,0x01,0x3e,
    0x46,0x47,0x60,0x38,0xc0,0xc7,0xe8,0x28,0x0c,0x07,0xf8,0x18,0x1d,0x89,0xe1,0x00,0x9f,0x11,0x83,0x05,0x00,0x41,0x30,0x28,
    0x83,0x95,0x1c,0x7c,0x71,0x18,0x84,0xc0,0x28,0x08,0x0b,0xce,0x70,0x90,0xcf,0x88,0xc1,0x01,0x80,0x20,0x18,0x34,0x38,0x39,
    0xd4,0xe2,0x10,0x88,0xe1,0x30,0x62,0x70,0x00,0x20,0x08,0x06,0x4d,0x4e,0x0e,0xb5,0x38,0x04,0x64,0x38,0xcc,0x12,0x9c,0xd5,
    0x70,0xc3,0xc8,0x0b,0xe3,0x38,0x80,0xc1,0x2c,0x03,0x59,0x95,0x55,0x60,0x31,0xc4,0x47,0xf2,0xb1,0x18,0xe2,0x23,0xf9,0x58,
    0x0c,0xf1,0x91,0x7c,0xec,0x86,0x44,0x49,0x3e,0xa6,0x3e,0x04,0x7c,0x4c,0x7d,0x08,0xf8,0x98,0xfa,0x10,0xf0,0x31,0xf8,0x21,
    0xe0,0x33,0x62,0x70,0x00,0x20,0x08,0x06,0xcd,0x58,0x0e,0xe0,0x38,0x10,0x6d,0x38,0x8c,0x18,0x1c,0x00,0x08,0x82,0x41,0x43,
    0x96,0x43,0x38,0x0e,0x84,0x1b,0x0e,0x23,0x06,0x07,0x00,0x82,0x60,0xd0,0x94,0xe5,0x20,0x8e,0x03,0xf1,0x86,0xc3,0x88,0xc1,
    0x01,0x80,0x20,0x18,0x34,0x66,0x39,0x8c,0xe3,0x40,0xc0,0xe1,0x30,0x62,0x70,0x00,0x20,0x08,0x06,0xcd,0x59,0x0e,0xe3,0x38,
    0x10,0x72,0x38,0x8c,0x18,0x1c,0x00,0x08,0x82,0x41,0x83,0x96,0x03,0x39,0x0e,0xc4,0x1c,0x0e,0x23,0x06,0x07,0x00,0x82,0x60,
    0xd0,0xa4,0xe5,0x50,0x8e,0x03,0x41,0x87,0xc3,0x88,0xc1,0x01,0x80,0x20,0x18,0x34,0x6a,0x39,0x98,0xe3,0x40,0xd4,0xe1,0x30,
    0x4b,0x70,0x56,0xc3,0x0d,0x34,0x2f,0xa8,0xe3,0x00,0x06,0xb3,0x0c,0x66,0x75,0x56,0x81,0xdd,0x4f,0x2b,0xc9,0xc7,0xee,0xa7,
    0x95,0xe4,0x63,0xf7,0xd3,0x4a,0xf2,0xb1,0xfe,0x99,0x25,0xf9,0xd8,0x1e,0x0e,0xfb,0x13,0x1f,0xe3,0xc3,0x61,0x7f,0xe2,0x63,
    0x7d,0x38,0xec,0x4f,0x7c,0xcc,0x0f,0x87,0x10,0x8a,0x8f,0x11,0x6a,0x24,0x1f,0x23,0xd4,0x48,0x3e,0x46,0xa8,0x91,0x7c,0x8c,
    0x80,0x23,0xf9,0x18,0xc1,0xc0,0xc7,0x08,0x06,0x3e,0x46,0x30,0xf0,0x31,0x82,0x81,0xcf,0x88,0xc1,0x01,0x80,0x20,0x18,0x34,
    0x7c,0x39,0xe4,0xe3,0x40,0x98,0xe2,0x30,0x62,0x70,0x00,0x20,0x08,0x06,0x4d,0x5f,0x0e,0xfa,0x38,0x10,0xa7,0x38,0x8c,0x18,
    0x1c,0x00,0x08,0x82,0x41,0xe3,0x97,0xc3,0x3e,0x0e,0x04,0x2a,0x0e,0x23,0x06,0x07,0x00,0x82,0x60,0xd0,0xfc,0xe5,0xc0,0x8f,
    0x03,0x91,0x8a,0xc3,0x88,0xc1,0x01,0x80,0x20,0x18,0x34,0xa0,0x39,0xf0,0xe3,0x40,0xac,0xe2,0x30,0x62,0x70,0x00,0x20,0x08,
    0x06,0x4d,0x68,0x0e,0xfd,0x38,0x10,0xac,0x38,0x8c,0x18,0x1c,0x00,0x08,0x82,0x41,0x23,0x9a,0x83,0x3f,0x0e,0x44,0x2b,0x0e,
    0x23,0x06,0x07,0x00,0x82,0x60,0xd0,0x8c,0xe6,0xf0,0x8f,0x03,0xe1,0x8a,0xc3,0x2c,0xc1,0x59,0x0d,0x54,0x07,0x83,0x4d,0xe9,
    0x13,0x4a,0xf9,0x93,0x39,0x81,0x14,0x29,0x89,0x94,0x1a,0x91,0x14,0x0a,0x99,0x94,0xef,0xa0,0x14,0xe9,0xa8,0x94,0xce,0xb0,
    0x14,0xc8,0xb8,0x94,0xb9,0xc0,0x14,0xaa,0xc8,0x14,0x99,0xd0,0x94,0x8a,0xd8,0x94,0x79,0xe4,0x14,0x69,0xec,0x14,0x58,0xf4,
    0x94,0x3d,0xfc,0x94,0x2d,0x88,0x95,0x1e,0x90,0x15,0x62,0x56,0xaa,0x19,0xec,0x13,0x3d,0x06,0xfc,0xa4,0x9a,0xc1,0x4d,0xa9,
    0x1a,0x58,0xe9,0x7c,0x51,0x56,0x03,0xd5,0xc1,0x60,0x53,0xfa,0x84,0x52,0xfe,0x64,0x4e,0x20,0x45,0x4a,0x22,0xa5,0x46,0x24,
    0x85,0x42,0x26,0xe5,0x3b,0x28,0x45,0x3a,0x2a,0xa5,0x33,0x2c,0x05,0x32,0x2e,0x65,0x2e,0x30,0x85,0x2a,0x32,0x45,0x26,0x34,
    0xa5,0x22,0x36,0x65,0x1e,0x39,0x45,0x1a,0x3b,0x05,0x16,0x3d,0x65,0x0f,0x3f,0x85,0x0b,0x62,0xa5,0x07,0x64,0x85,0x98,0x95,
    0x6a,0x06,0xfb,0x44,0x8f,0x01,0x3f,0xa9,0x66,0x70,0x53,0xaa,0x06,0x56,0x3a,0x5f,0x94,0xd5,0x40,0x75,0x30,0xd8,0x94,0x3e,
    0xa1,0x94,0x3f,0x99,0x13,0x48,0x91,0x92,0x48,0xa9,0x11,0x49,0xa1,0x90,0x49,0xf9,0x0e,0x4a,0x91,0x8e,0x4a,0xe9,0x0c,0x4b,
    0x81,0x8c,0x4b,0x99,0x0b,0x4c,0xa1,0x8a,0x4c,0x91,0x09,0x4d,0xa9,0x88,0x4d,0x99,0x47,0x4e,0x91,0xc6,0x4e,0x81,0x45,0x4f,
    0xd9,0xc3,0x4f,0xe9,0x82,0x58,0xe9,0x01,0x59,0x21,0x66,0xa5,0x9a,0xc1,0x3e,0xd1,0x63,0xc0,0x4f,0xaa,0x19,0xdc,0x94,0xaa,
    0x81,0x95,0xce,0x17,0x65,0x35,0x50,0x1d,0x0c,0x36,0xa5,0x4f,0x28,0xe5,0x4f,0xe6,0x04,0x52,0xa4,0x24,0x52,0x6a,0x44,0x52,
    0x28,0x64,0x52,0xbe,0x83,0x52,0xa4,0xa3,0x52,0x3a,0xc3,0x52,0x20,0xe3,0x52,0xe6,0x02,0x53,0xa8,0x22,0x53,0x64,0x42,0x53,
    0x2a,0x62,0x53,0xe6,0x91,0x53,0xa4,0xb1,0x53,0x60,0xd1,0x53,0xf6,0xf0,0x53,0xbc,0x20,0x56,0x7a,0x40,0x56,0x88,0x59,0xd9,
    0x66,0xb0,0x4f,0x20,0x19,0xf0,0x93,0x6d,0x06,0x37,0xa5,0x6a,0x60,0xa5,0xf3,0x45,0x59,0x0d,0x37,0xfc,0xbc,0xa0,0x97,0x03,
    0x18,0xcc,0x32,0xd0,0x16,0x5a,0x05,0xc3,0x0d,0x60,0x2f,0xdc,0xe5,0x00,0x06,0xb3,0x0c,0xb4,0x95,0x56,0xc1,0x70,0x43,0xd8,
    0x0b,0x76,0x39,0x80,0xc1,0x2c,0x03,0x6d,0xa9,0x55,0x30,0xdc,0x20,0xf6,0x82,0x5d,0x0e,0x60,0x30,0xcb,0xb0,0x56,0x6c,0x15,
    0x18,0xe9,0xbc,0x8f,0x7c,0x66,0x09,0x68,0x6b,0xb8,0x81,0xec,0x85,0xbb,0x1c,0xc0,0x60,0x96,0xa1,0xad,0xdc,0x2a,0x30,0xd3,
    0x89,0x1f,0xf9,0x58,0xe0,0x8b,0x83,0x7c,0x46,0x0c,0x0e,0x00,0x04,0xc1,0xa0,0x81,0xcd,0xa1,0x25,0x87,0x40,0x17,0x87,0x11,
    0x83,0x03,0x00,0x41,0x30,0x68,0x62,0x73,0x68,0xc9,0x21,0xe0,0xc5,0x61,0x96,0x80,0xb6,0x86,0x1b,0xd2,0x5e,0x08,0xcd,0x01,
    0x0c,0x66,0x19,0xde,0x0a,0xae,0x02,0x5b,0x1d,0xfb,0x91,0x8f,0x05,0xe4,0x38,0xc8,0x67,0xc4,0xe0,0x00,0x40,0x10,0x0c,0x9a,
    0xda,0x1c,0x64,0x72,0x08,0x7e,0x71,0x18,0x31,0x38,0x00,0x10,0x04,0x83,0xc6,0x36,0x07,0x99,0x1c,0x82,0x70,0x1c,0x66,0x09,
    0x68,0x6b,0xb8,0xc1,0xed,0x05,0xd0,0x1c,0xc0,0x60,0x96,0x21,0xae,0xe4,0x2a,0x30,0xd8,0xd9,0x1f,0xf8,0x8c,0x18,0x1c,0x00,
    0x08,0x82,0x41,0x93,0x9b,0x83,0x4d,0x0e,0xc1,0x38,0x0e,0x23,0x06,0x07,0x00,0x82,0x60,0xd0,0xe8,0xe6,0x60,0x93,0x43,0x50,
    0x8e,0xc3,0x2c,0x01,0x6d,0x0d,0x37,0xc8,0xbd,0xb0,0x9a,0x03,0x18,0xcc,0x32,0xcc,0x15,0x5d,0x05,0x46,0x3b,0xff,0x03,0x1f,
    0x0b,0xd4,0x71,0x80,0xcf,0x88,0xc1,0x01,0x80,0x20,0x18,0x34,0xbe,0x39,0xec,0xe4,0x10,0xa0,0xe3,0x30,0x62,0x70,0x00,0x20,
    0x08,0x06,0xcd,0x6f,0x0e,0x3b,0x39,0x04,0xea,0x38,0xcc,0x12,0xd0,0xd6,0x70,0xc3,0xdd,0x0b,0xad,0x39,0x80,0xc1,0x2c,0x43,
    0x5d,0xd9,0x55,0x60,0xb9,0x43,0x42,0xf0,0xb1,0xe0,0x1d,0x07,0xf8,0x58,0x20,0x8f,0x83,0x7c,0x46,0x0c,0x0e,0x00,0x04,0xc1,
    0xa0,0x21,0xcf,0x21,0x2c,0x87,0xc0,0x1d,0x87,0x11,0x83,0x03,0x00,0x41,0x30,0x68,0xca,0x73,0x08,0xcb,0x21,0x80,0xc7,0x61,
    0x96,0x80,0xb6,0x86,0x1b,0xfa,0x5e,0x70,0xcd,0x01,0x0c,0x66,0x19,0xee,0x0a,0xaf,0x02,0x53,0xa1,0xdf,0x89,0xcf,0x88,0xc1,
    0x01,0x80,0x20,0x18,0x34,0xe8,0x39,0x94,0xe5,0x10,0xc8,0xe3,0x30,0x62,0x70,0x00,0x20,0x08,0x06,0x4d,0x7a,0x0e,0x65,0x39,
    0x04,0xf4,0x38,0xcc,0x12,0xd0,0xd6,0x70,0x43,0xe8,0x0b,0xb1,0x39,0x80,0xc1,0x2c,0x43,0x5e,0xe9,0x55,0x60,0xe3,0xe3,0x42,
    0xf0,0x31,0xf2,0x79,0x21,0xf9,0x98,0x10,0xc4,0x67,0xc4,0xe0,0x00,0x40,0x10,0x0c,0x1a,0xf7,0x1c,0xd6,0x72,0x08,0xf0,0x71,
    0x18,0x31,0x38,0x00,0x10,0x04,0x83,0xe6,0x3d,0x87,0xb5,0x1c,0x02,0x7d,0x1c,0x66,0x09,0x68,0x6b,0xb8,0xe1,0xf4,0x05,0xdb,
    0x1c,0xc0,0x60,0x96,0x61,0xaf,0xf8,0x2a,0x30,0x1a,0x4a,0x9f,0xf8,0x58,0x00,0x82,0x83,0x7c,0x2c,0x58,0x1f,0xf8,0xcc,0x12,
    0xd0,0xd6,0x70,0xc3,0xea,0x0b,0xb9,0x39,0x80,0xc1,0x2c,0x43,0x5f,0xf9,0x55,0x60,0x38,0xd4,0x3e,0xf1,0xb1,0x80,0xb4,0xe4,
    0x63,0xc1,0xfb,0xc0,0x67,0x96,0x80,0xb6,0x86,0x1b,0x5e,0x5f,0xe0,0xcd,0x01,0x0c,0x66,0x19,0xfe,0x0a,0xb4,0x82,0x11,0x83,
    0x03,0x00,0x41,0x30,0x40,0x83,0xf6,0x1c,0xe4,0x72,0x08,0xc7,0xc1,0x3c,0x87,0xd1,0x84,0x60,0x30,0x1f,0x9a,0x9f,0xf8,0x98,
    0x10,0xc8,0xc7,0x82,0xfa,0x81,0xcf,0x2c,0x01,0x6d,0x0d,0x37,0xd4,0xbe,0x10,0x9e,0x03,0x18,0xcc,0x32,0x84,0x96,0x68,0x05,
    0xa6,0x92,0x43,0x6b,0xc5,0xc7,0xf0,0x27,0x90,0x8f,0x05,0x64,0x04,0x9f,0x11,0x83,0x03,0x00,0x41,0x30,0x68,0x44,0x74,0xf8,
    0xcb,0x21,0x60,0xc9,0x61,0xc4,0xe0,0x00,0x40,0x10,0x0c,0x9a,0x11,0x1d,0xfe,0x72,0x08,0x5c,0x72,0x98,0x25,0xa0,0xad,0xe1,
    0x86,0xdd,0x17,0xe4,0x72,0x00,0x83,0x59,0x86,0xd1,0x22,0xad,0xc0,0xd0,0xa8,0x7f,0xe2,0x63,0x01,0x0b,0x0e,0xf2,0xb1,0xe0,
    0x7f,0xe0,0x33,0x4b,0x40,0x5b,0xc3,0x0d,0xbf,0x2f,0xa8,0xe5,0x00,0x06,0xb3,0x0c,0xb4,0x55,0x5a,0xc1,0x70,0x03,0xf8,0x0b,
    0xaf,0x39,0x80,0xc1,0x2c,0x83,0x69,0x9d,0x56,0x60,0x22,0xd4,0x46,0xf2,0xb1,0xc0,0x8d,0xe0,0x33,0x62,0x70,0x00,0x20,0x08,
    0x06,0x0d,0x8b,0x0e,0xa9,0x39,0x04,0x36,0x39,0x8c,0x18,0x1c,0x00,0x08,0x82,0x41,0xd3,0xa2,0x43,0x6a,0x0e,0x01,0x4e,0x0e,
    0xb3,0x04,0xb4,0x35,0xdc,0x50,0xfe,0x42,0x6d,0x0e,0x60,0x30,0xcb,0x80,0x5a,0xa9,0x15,0xd8,0x09,0xc9,0x91,0x7c,0x2c,0x98,
    0x23,0xf8,0x8c,0x18,0x1c,0x00,0x08,0x82,0x41,0x13,0xa3,0x83,0x6b,0x0e,0xc1,0x4e,0x0e,0x23,0x06,0x07,0x00,0x82,0x60,0xd0,
    0xc8,0xe8,0xe0,0x9a,0x43,0xd0,0x93,0xc3,0x2c,0x01,0x6d,0x0d,0x37,0xa8,0xbf,0x30,0x97,0x03,0x18,0xcc,0x32,0xa8,0xd6,0x6a,
    0x05,0xf6,0x93,0xc3,0x1d,0xc5,0xc7,0x5a,0x28,0x90,0x8f,0x05,0x79,0x04,0x9f,0x11,0x83,0x03,0x00,0x41,0x30,0x68,0x6e,0x74,
    0xa0,0xcd,0x21,0x08,0xcb,0x61,0xc4,0xe0,0x00,0x40,0x10,0x0c,0x1a,0x1c,0x1d,0x68,0x73,0x08,0xc6,0x72,0x98,0x25,0xa0,0xad,
    0xe1,0x06,0xf8,0x17,0x42,0x73,0x00,0x83,0x59,0x06,0xd6,0x6a,0xad,0xc0,0xca,0x72,0xe8,0xa3,0xf8,0xd8,0x0c,0x05,0xf2,0xb1,
    0xe0,0x8f,0xe0,0x33,0x62,0x70,0x00,0x20,0x08,0x06,0x4d,0x8f,0x0e,0xba,0x39,0x04,0x67,0x39,0x8c,0x18,0x1c,0x00,0x08,0x82,
    0x41,0xe3,0xa3,0x83,0x6e,0x0e,0x41,0x5a,0x0e,0xb3,0x04,0xb4,0x55,0x2e,0x38,0xf8,0xe5,0xa0,0xc3,0x0d,0x81,0x6d,0x0e,0x60,
    0x30,0xcb,0x40,0x5b,0xae,0x15,0x0c,0x37,0xe0,0xbf,0x10,0x9b,0x03,0x18,0xcc,0x32,0xbc,0x16,0x6c,0x05,0x76,0x43,0x6f,0x39,
    0xc0,0xc7,0x6e,0x08,0x2e,0x07,0xf8,0xd8,0x0d,0xc5,0xe5,0x00,0x1f,0x2b,0x25,0xb9,0x1c,0xe0,0x63,0xa5,0x34,0x97,0x03,0x7c,
    0xac,0x94,0xe8,0x72,0x80,0xcf,0x88,0xc1,0x02,0x80,0x20,0x18,0x94,0x41,0x8f,0x0e,0xf0,0x39,0x0c,0x42,0x60,0x14,0x84,0x05,
    0x79,0x39,0xc8,0x67,0xc4,0xe0,0x00,0x40,0x10,0x0c,0x1a,0x35,0x1d,0xce,0x73,0x08,0xe8,0x72,0x18,0x31,0x38,0x00,0x10,0x04,
    0x83,0x66,0x4d,0x87,0xf3,0x1c,0x02,0xbb,0x1c,0x66,0x09,0x68,0x6b,0xb8,0x61,0x04,0x87,0xfa,0x1c,0xc0,0x60,0x96,0x21,0xb6,
    0x64,0x2b,0xb0,0x32,0x82,0x25,0xf9,0x18,0x0c,0x05,0xf0,0x19,0x31,0x38,0x00,0x10,0x04,0x83,0xe6,0x4d,0x07,0xf6,0x1c,0x82,
    0xbc,0x1c,0x46,0x0c,0x0e,0x00,0x04,0xc1,0xa0,0x81,0xd3,0x81,0x3d,0x87,0x60,0x2f,0x87,0x59,0x02,0xda,0x1a,0x6e,0x40,0xc1,
    0x01,0x3e,0x07,0x30,0x98,0x65,0x98,0x2d,0xda,0x0a,0x8c,0x86,0x6a,0x49,0x3e,0xe6,0x97,0x43,0x0d,0xc5,0xc7,0x02,0x36,0x92,
    0x8f,0x05,0x03,0x7c,0x46,0x0c,0x0e,0x00,0x04,0xc1,0xa0,0xb1,0xd3,0x61,0x3e,0x87,0x00,0x34,0x87,0x11,0x83,0x03,0x00,0x41,
    0x30,0x68,0xee,0x74,0x98,0xcf,0x21,0x10,0xcd,0x61,0x96,0x80,0xb6,0x06,0xaa,0x83,0x01,0x37,0xd6,0xca,0x35,0xda,0x8a,0x34,
    0xde,0x8a,0x2f,0xe2,0x4a,0x2e,0xe6,0xca,0x2c,0xea,0xca,0x27,0xee,0x4a,0x26,0xf2,0x4a,0x25,0xf6,0x4a,0x24,0xfa,0xca,0x1e,
    0xfe,0x4a,0x1d,0x42,0x4b,0x1c,0x46,0xcb,0x16,0x4c,0x8b,0x15,0x50,0x0b,0x14,0x54,0x8b,0x0e,0x58,0x4b,0x7b,0x2d,0x28,0xb6,
    0x84,0xd9,0x62,0xc3,0xe0,0xac,0xec,0x32,0x40,0x2b,0x70,0x0c,0xd2,0xca,0x2e,0x03,0xd2,0x62,0xc3,0xa0,0xb5,0xf8,0xd1,0x90,
    0xad,0xe1,0x06,0x31,0x1c,0xd2,0x73,0x00,0x83,0xe9,0x86,0x79,0x10,0x82,0xe9,0x06,0x52,0x1c,0xee,0x61,0x06,0x87,0xe9,0x06,
    0x52,0x1c,0xee,0x81,0x06,0x87,0xe9,0x06,0x52,0x1c,0xee,0xa1,0x06,0x87,0xe9,0x06,0x52,0x1c,0x08,0x1b,0x1c,0xa6,0x1b,0xf6,
    0x81,0x14,0x87,0x1b,0x1c,0xa6,0x1b,0xf6,0x81,0x14,0x07,0x1c,0x1c,0xa6,0x1b,0xf6,0x81,0x14,0x87,0x1c,0x1c,0xa6,0x1b,0x10,
    0x52,0x1c,0x74,0x70,0xa8,0xff,0x17,0xd0,0x74,0xc0,0x0a,0xec,0x74,0x50,0x03,0xc5,0xe1,0x4e,0x07,0x18,0x0c,0x37,0x04,0x76,
    0x3a,0xa0,0xc1,0x2c,0x03,0x51,0x5b,0xc1,0x40,0xc7,0x00,0x96,0x46,0x01,0x96,0x06,0x81,0xd1,0xd6,0x40,0xc7,0x00,0x96,0x46,
    0x01,0x96,0x06,0x81,0xd1,0xd6,0x40,0xc7,0x00,0x96,0x46,0x01,0x96,0x06,0x81,0xd1,0xd6,0x40,0xc7,0x00,0x96,0x46,0x01,0x96,
    0x06,0x81,0xd1,0xd6,0x2c,0xc3,0x6d,0xd9,0x96,0x2f,0x0e,0x46,0xe0,0xe2,0x00,0x1f,0x23,0x70,0x71,0x80,0x8f,0x11,0xb8,0x38,
    0xc0,0x67,0x96,0xe0,0xb6,0x06,0x2a,0x06,0xc3,0xb6,0x9c,0xda,0x1a,0xa8,0x18,0x0c,0xdb,0x72,0x6a,0x6b,0xa0,0x62,0x30,0x6c,
    0xcb,0xa9,0xad,0x59,0x86,0xf3,0xc2,0x2d,0x77,0x1c,0x46,0x0c,0x0e,0x00,0x04,0xc1,0x00,0x0d,0x4a,0x75,0x50,0xd1,0x21,0x2f,
    0x87,0x50,0x1d,0x46,0x13,0x02,0xc0,0x92,0xf6,0x1c,0xe4,0x33,0x62,0x60,0x00,0x20,0x08,0x06,0xcf,0xac,0x0e,0x33,0x3a,0x04,
    0x23,0x06,0x06,0x00,0x82,0x60,0xf0,0xd0,0xea,0xd0,0xa2,0xc3,0x60,0x41,0x7c,0x0e,0xf2,0x19,0x31,0x30,0x00,0x10,0x04,0x83,
    0xc7,0x56,0x87,0x17,0x1d,0x02,0x0b,0x06,0xf8,0x54,0x3d,0x0e,0xa2,0x3a,0xe8,0x70,0x43,0xb0,0xaa,0x03,0x18,0xcc,0x32,0x94,
    0x57,0x6e,0x05,0xc3,0x0d,0xf6,0x38,0xb4,0xea,0x00,0x06,0xb3,0x0c,0xe5,0xa5,0x5b,0xc1,0x70,0xc3,0x3d,0x0e,0xaa,0x3a,0x80,
    0xc1,0x2c,0xc3,0x6e,0xf1,0x56,0x30,0x1c,0x91,0x14,0xc4,0x37,0x4b,0x50,0x5e,0xc3,0x0d,0xf9,0x38,0xa8,0xea,0x00,0x06,0xb3,
    0x0c,0xbd,0xe5,0x5b,0xc1,0x70,0xc4,0x72,0x04,0xdf,0x2c,0x41,0x79,0x0d,0x37,0xec,0xe3,0xb0,0xaa,0x03,0x18,0xcc,0x32,0xfc,
    0x16,0x78,0x05,0xc3,0x11,0x4d,0x52,0x7c,0xb3,0x04,0xe5,0x35,0xdc,0xd0,0x8f,0x03,0xab,0x0e,0x60,0x30,0xcb,0x10,0x5e,0xe2,
    0x15,0x0c,0x47,0x3c,0x8b,0xf0,0xcd,0x12,0x94,0xd7,0x70,0xc3,0x3f,0x0e,0xb3,0x3a,0x80,0xc1,0x2c,0xc3,0x78,0x91,0x57,0x30,
    0x1c,0x11,0x35,0xce,0x37,0x4b,0x50,0x5e,0xc3,0x11,0x92,0x33,0x7c,0xc3,0x0d,0x22,0x39,0xc0,0xea,0x10,0x06,0x15,0x08,0x3b,
    0x4b,0x50,0x5e,0x03,0x45,0x0a,0xb6,0x5b,0x54,0x6f,0x41,0xbf,0xc5,0x84,0x17,0x32,0x5e,0xf2,0x6c,0xe0,0x16,0x3c,0x1b,0xb9,
    0x25,0x90,0xd7,0x2c,0xc3,0x79,0x99,0x57,0x30,0x62,0x60,0x00,0x20,0x08,0x06,0xcb,0xba,0x0e,0x6a,0x3a,0xe8,0xe9,0x30,0x4b,
    0x70,0x5e,0xb3,0x0c,0xef,0x85,0x5e,0x23,0x39,0x0c,0x37,0x84,0xe4,0xb0,0xab,0x03,0x18,0xcc,0x32,0xb8,0x57,0x7a,0x05,0x16,
    0x9b,0x03,0x6c,0x0e,0xf4,0x19,0x31,0x38,0x00,0x10,0x04,0x03,0x34,0x00,0xd7,0xa1,0x4c,0x07,0xda,0x1c,0x68,0x75,0x18,0x4d,
    0x08,0x80,0xd1,0x04,0x21,0x18,0x4d,0x18,0x84,0xe1,0x86,0x93,0x1c,0xc4,0x75,0x00,0x83,0x59,0x06,0xf5,0x5a,0xaf,0xc0,0x04,
    0x43,0x3e,0x16,0xa4,0xe8,0x20,0x9f,0x11,0x03,0x03,0x00,0x41,0x30,0x78,0xe4,0x75,0xd8,0xd1,0x21,0x18,0x31,0x38,0x00,0x10,
    0x04,0x83,0x86,0x5e,0x87,0x38,0x1d,0x02,0xff,0x1c,0x46,0x0c,0x0e,0x00,0x04,0xc1,0xa0,0xa9,0xd7,0x21,0x4e,0x87,0x00,0x44,
    0x87,0x59,0x02,0xf7,0x1a,0x6e,0x68,0xc9,0x81,0x5c,0x07,0x30,0x98,0x65,0x60,0xaf,0xf6,0x0a,0x0c,0x61,0xe4,0x63,0x41,0x20,
    0x1f,0x0b,0x60,0x74,0x90,0xcf,0x88,0x81,0x01,0x80,0x20,0x18,0x3c,0xf9,0x3a,0x88,0xe9,0x10,0x8c,0x18,0x1c,0x00,0x08,0x82,
    0x41,0xb3,0xaf,0x03,0x9e,0x0e,0x41,0x89,0x0e,0x23,0x06,0x07,0x00,0x82,0x60,0xd0,0xf0,0xeb,0x80,0xa7,0x43,0x70,0xa2,0xc3,
    0x2c,0x81,0x7b,0xd9,0x03,0xc5,0x67,0xc4,0xc0,0x00,0x40,0x10,0x0c,0x9e,0x7e,0x1d,0xda,0x75,0x08,0x86,0x23,0x82,0x18,0x1d,
    0x88,0x6f,0x38,0x62,0x50,0xd1,0x81,0xf8,0xa6,0x1b,0x68,0x74,0x98,0xd1,0x21,0x98,0x6e,0x08,0x8a,0xc1,0x2a,0x2c,0x3e,0x16,
    0x08,0xf4,0x19,0x31,0x38,0x00,0x10,0x04,0x83,0xa6,0x64,0x07,0x51,0x1d,0x82,0x17,0x1d,0x46,0x0c,0x0e,0x00,0x04,0xc1,0xa0,
    0x31,0xd9,0x41,0x54,0x87,0x20,0x46,0x87,0x59,0x02,0xf7,0x1a,0x28,0x19,0xc8,0x40,0xbd,0x2c,0xf6,0x12,0xda,0x4b,0x76,0x0d,
    0xf4,0x1a,0x31,0x38,0x00,0x10,0x04,0x03,0x34,0xe0,0xd7,0x21,0x54,0x07,0xf8,0x1c,0xde,0x75,0x18,0x4d,0x08,0x80,0xd1,0x04,
    0x21,0x18,0x4d,0x18,0x04,0xf3,0x83,0x21,0x3e,0xe6,0x07,0x43,0x7c,0xcc,0x0f,0x86,0xf8,0xd8,0x80,0xc8,0xc7,0x86,0x44,0x3e,
    0x36,0x28,0xf2,0xb1,0x21,0x81,0x8f,0x0d,0x09,0x7c,0x6c,0x48,0xe0,0x33,0x4b,0xf0,0x5e,0x03,0x15,0x83,0xe1,0x5e,0x2e,0x71,
    0x5e,0x03,0x15,0x83,0xe1,0x5e,0x2e,0x71,0x5e,0x03,0x15,0x83,0xe1,0x5e,0x2e,0x71,0x5e,0xe6,0x0a,0x7c,0x39,0xc8,0x67,0xc4,
    0xe0,0x00,0x40,0x10,0x0c,0x9a,0x9c,0x1d,0x6c,0x75,0x20,0xc6,0x74,0x18,0x31,0x38,0x00,0x10,0x04,0x83,0x46,0x67,0x87,0x5b,
    0x1d,0x08,0x32,0x1d,0x46,0x0c,0x0e,0x00,0x04,0xc1,0xa0,0xd9,0xd9,0x01,0x57,0x07,0xa2,0x4c,0x87,0x11,0x83,0x03,0x00,0x41,
    0x30,0x68,0x78,0x76,0xc8,0xd5,0x81,0x30,0xd3,0x61,0xc4,0xe0,0x00,0x40,0x10,0x0c,0x9a,0x9e,0x1d,0x72,0x75,0x20,0xd0,0x74,
    0x18,0x31,0x38,0x00,0x10,0x04,0x83,0xc6,0x67,0x07,0x5d,0x1d,0x88,0x34,0x1d,0x46,0x0c,0x0e,0x00,0x04,0xc1,0xa0,0xf9,0xd9,
    0x61,0x57,0x07,0x42,0x4d,0x87,0x11,0x83,0x03,0x00,0x41,0x30,0x68,0xc0,0x76,0xe0,0xd5,0x81,0x58,0xd3,0x61,0xc4,0x20,0x01,
    0x40,0x10,0x0c,0x90,0xb1,0x1d,0x56,0x76,0x90,0xd9,0x41,0x66,0x07,0x7f,0x1d,0x88,0x11,0x83,0x04,0x00,0x41,0x30,0x40,0xc6,
    0x76,0x58,0xd9,0x41,0x66,0x07,0x99,0x1d,0xf8,0x75,0x18,0x46,0x0c,0x12,0x00,0x04,0xc1,0x00,0x19,0xdb,0x61,0x65,0x07,0x99,
    0x1d,0x64,0x76,0xe8,0xd7,0x41,0x18,0x31,0x48,0x00,0x10,0x04,0x03,0x64,0x6c,0x87,0x95,0x1d,0x64,0x76,0x90,0xd9,0x01,0x64,
    0x87,0x00,0x03,0x62,0x00,0x00,0x00,0x00,0x20,0x00,0x00,0x00,0x5b,0x86,0xd9,0x7a,0xfc,0x61,0xcb,0x10,0x8b,0xc1,0xf3,0x0f,
    0x5b,0x06,0x5a,0x0c,0x1e,0x90,0xd8,0x32,0xdc,0x62,0xf0,0x84,0xc4,0x96,0xc1,0x1d,0x83,0x47,0x24,0xb6,0x0c,0x3f,0x1b,0x3c,
    0x23,0xb1,0x65,0x10,0xdb,0xe0,0x21,0x89,0x2d,0x43,0x2b,0x07,0xcf,0x48,0x6c,0x19,0x60,0x39,0x78,0x48,0x62,0xcb,0x60,0xcb,
    0xc1,0x53,0x12,0x5b,0x86,0x5e,0x0e,0x1e,0x93,0xd8,0x32,0x9c,0x7c,0xf0,0x8c,0xc4,0x96,0x41,0xe5,0x83,0x87,0x24,0xb6,0x0c,
    0x6b,0x29,0x3c,0x23,0xb1,0x65,0x70,0x4b,0xe1,0x21,0x89,0x2d,0xc3,0x5d,0x0a,0x4f,0x49,0x6c,0x19,0xda,0x58,0x78,0x4e,0x62,
    0xcb,0x40,0xc7,0xc2,0x83,0x12,0x5b,0x06,0x9f,0x17,0x9e,0x93,0xd8,0x32,0x94,0xbd,0xf0,0xa0,0x04,0x00,0x00,0x00,0x00,0x00,
    0x00,0x00,0x00,0x00,
};
