// Generated by compile_native_shaders.py. Native payload; never a bgfx container.
static const unsigned char s_sdl_dxil_fs_ff_stage_cube_compare4[] = {
    0x44,0x58,0x42,0x43,0xb3,0x75,0x86,0x09,0xd2,0x62,0xe5,0x53,0xb6,0xee,0xf5,0x98,0xda,0x2d,0x33,0x24,0x01,0x00,0x00,0x00,
    0xd8,0x81,0x00,0x00,0x07,0x00,0x00,0x00,0x3c,0x00,0x00,0x00,0x4c,0x00,0x00,0x00,0x34,0x02,0x00,0x00,0x70,0x02,0x00,0x00,
    0x5c,0x08,0x00,0x00,0xe8,0x17,0x00,0x00,0x04,0x18,0x00,0x00,0x53,0x46,0x49,0x30,0x08,0x00,0x00,0x00,0x00,0x00,0x00,0x00,
    0x00,0x00,0x00,0x00,0x49,0x53,0x47,0x31,0xe0,0x01,0x00,0x00,0x0e,0x00,0x00,0x00,0x08,0x00,0x00,0x00,0x00,0x00,0x00,0x00,
    0xc8,0x01,0x00,0x00,0x00,0x00,0x00,0x00,0x01,0x00,0x00,0x00,0x03,0x00,0x00,0x00,0x00,0x00,0x00,0x00,0x0f,0x00,0x00,0x00,
    0x00,0x00,0x00,0x00,0x00,0x00,0x00,0x00,0xd4,0x01,0x00,0x00,0x00,0x00,0x00,0x00,0x00,0x00,0x00,0x00,0x03,0x00,0x00,0x00,
    0x01,0x00,0x00,0x00,0x0f,0x0f,0x00,0x00,0x00,0x00,0x00,0x00,0x00,0x00,0x00,0x00,0xd4,0x01,0x00,0x00,0x01,0x00,0x00,0x00,
    0x00,0x00,0x00,0x00,0x03,0x00,0x00,0x00,0x02,0x00,0x00,0x00,0x0f,0x0f,0x00,0x00,0x00,0x00,0x00,0x00,0x00,0x00,0x00,0x00,
    0xd4,0x01,0x00,0x00,0x02,0x00,0x00,0x00,0x00,0x00,0x00,0x00,0x03,0x00,0x00,0x00,0x03,0x00,0x00,0x00,0x0f,0x0f,0x00,0x00,
    0x00,0x00,0x00,0x00,0x00,0x00,0x00,0x00,0xd4,0x01,0x00,0x00,0x03,0x00,0x00,0x00,0x00,0x00,0x00,0x00,0x03,0x00,0x00,0x00,
    0x04,0x00,0x00,0x00,0x0f,0x0f,0x00,0x00,0x00,0x00,0x00,0x00,0x00,0x00,0x00,0x00,0xd4,0x01,0x00,0x00,0x04,0x00,0x00,0x00,
    0x00,0x00,0x00,0x00,0x03,0x00,0x00,0x00,0x05,0x00,0x00,0x00,0x0f,0x0f,0x00,0x00,0x00,0x00,0x00,0x00,0x00,0x00,0x00,0x00,
    0xd4,0x01,0x00,0x00,0x05,0x00,0x00,0x00,0x00,0x00,0x00,0x00,0x03,0x00,0x00,0x00,0x06,0x00,0x00,0x00,0x0f,0x0f,0x00,0x00,
    0x00,0x00,0x00,0x00,0x00,0x00,0x00,0x00,0xd4,0x01,0x00,0x00,0x06,0x00,0x00,0x00,0x00,0x00,0x00,0x00,0x03,0x00,0x00,0x00,
    0x07,0x00,0x00,0x00,0x0f,0x0f,0x00,0x00,0x00,0x00,0x00,0x00,0x00,0x00,0x00,0x00,0xd4,0x01,0x00,0x00,0x07,0x00,0x00,0x00,
    0x00,0x00,0x00,0x00,0x03,0x00,0x00,0x00,0x08,0x00,0x00,0x00,0x0f,0x0f,0x00,0x00,0x00,0x00,0x00,0x00,0x00,0x00,0x00,0x00,
    0xd4,0x01,0x00,0x00,0x08,0x00,0x00,0x00,0x00,0x00,0x00,0x00,0x03,0x00,0x00,0x00,0x09,0x00,0x00,0x00,0x0f,0x0f,0x00,0x00,
    0x00,0x00,0x00,0x00,0x00,0x00,0x00,0x00,0xd4,0x01,0x00,0x00,0x09,0x00,0x00,0x00,0x00,0x00,0x00,0x00,0x03,0x00,0x00,0x00,
    0x0a,0x00,0x00,0x00,0x0f,0x0f,0x00,0x00,0x00,0x00,0x00,0x00,0x00,0x00,0x00,0x00,0xd4,0x01,0x00,0x00,0x0a,0x00,0x00,0x00,
    0x00,0x00,0x00,0x00,0x03,0x00,0x00,0x00,0x0b,0x00,0x00,0x00,0x0f,0x0f,0x00,0x00,0x00,0x00,0x00,0x00,0x00,0x00,0x00,0x00,
    0xd4,0x01,0x00,0x00,0x0b,0x00,0x00,0x00,0x00,0x00,0x00,0x00,0x03,0x00,0x00,0x00,0x0c,0x00,0x00,0x00,0x0f,0x0f,0x00,0x00,
    0x00,0x00,0x00,0x00,0x00,0x00,0x00,0x00,0xd4,0x01,0x00,0x00,0x0c,0x00,0x00,0x00,0x00,0x00,0x00,0x00,0x03,0x00,0x00,0x00,
    0x0d,0x00,0x00,0x00,0x0f,0x0d,0x00,0x00,0x00,0x00,0x00,0x00,0x53,0x56,0x5f,0x50,0x6f,0x73,0x69,0x74,0x69,0x6f,0x6e,0x00,
    0x54,0x45,0x58,0x43,0x4f,0x4f,0x52,0x44,0x00,0x00,0x00,0x00,0x4f,0x53,0x47,0x31,0x34,0x00,0x00,0x00,0x01,0x00,0x00,0x00,
    0x08,0x00,0x00,0x00,0x00,0x00,0x00,0x00,0x28,0x00,0x00,0x00,0x00,0x00,0x00,0x00,0x40,0x00,0x00,0x00,0x03,0x00,0x00,0x00,
    0x00,0x00,0x00,0x00,0x0f,0x00,0x00,0x00,0x00,0x00,0x00,0x00,0x53,0x56,0x5f,0x54,0x61,0x72,0x67,0x65,0x74,0x00,0x00,0x00,
    0x50,0x53,0x56,0x30,0xe4,0x05,0x00,0x00,0x34,0x00,0x00,0x00,0x00,0x00,0x00,0x00,0x00,0x00,0x00,0x00,0x00,0x00,0x00,0x00,
    0x00,0x00,0x00,0x00,0x00,0x00,0x00,0x00,0xff,0xff,0xff,0xff,0x00,0x00,0x00,0x00,0x0e,0x01,0x00,0x0e,0x01,0x00,0x00,0x00,
    0x00,0x00,0x00,0x00,0x00,0x00,0x00,0x00,0x00,0x00,0x00,0x00,0x76,0x00,0x00,0x00,0x21,0x00,0x00,0x00,0x18,0x00,0x00,0x00,
    0x02,0x00,0x00,0x00,0x03,0x00,0x00,0x00,0x00,0x00,0x00,0x00,0x00,0x00,0x00,0x00,0x0d,0x00,0x00,0x00,0x00,0x00,0x00,0x00,
    0x01,0x00,0x00,0x00,0x02,0x00,0x00,0x00,0x00,0x00,0x00,0x00,0x00,0x00,0x00,0x00,0x0e,0x00,0x00,0x00,0x00,0x00,0x00,0x00,
    0x01,0x00,0x00,0x00,0x02,0x00,0x00,0x00,0x01,0x00,0x00,0x00,0x01,0x00,0x00,0x00,0x0e,0x00,0x00,0x00,0x00,0x00,0x00,0x00,
    0x01,0x00,0x00,0x00,0x02,0x00,0x00,0x00,0x02,0x00,0x00,0x00,0x02,0x00,0x00,0x00,0x0e,0x00,0x00,0x00,0x00,0x00,0x00,0x00,
    0x01,0x00,0x00,0x00,0x02,0x00,0x00,0x00,0x03,0x00,0x00,0x00,0x03,0x00,0x00,0x00,0x0e,0x00,0x00,0x00,0x00,0x00,0x00,0x00,
    0x01,0x00,0x00,0x00,0x02,0x00,0x00,0x00,0x04,0x00,0x00,0x00,0x04,0x00,0x00,0x00,0x0e,0x00,0x00,0x00,0x00,0x00,0x00,0x00,
    0x01,0x00,0x00,0x00,0x02,0x00,0x00,0x00,0x05,0x00,0x00,0x00,0x05,0x00,0x00,0x00,0x0e,0x00,0x00,0x00,0x00,0x00,0x00,0x00,
    0x01,0x00,0x00,0x00,0x02,0x00,0x00,0x00,0x06,0x00,0x00,0x00,0x06,0x00,0x00,0x00,0x0e,0x00,0x00,0x00,0x00,0x00,0x00,0x00,
    0x01,0x00,0x00,0x00,0x02,0x00,0x00,0x00,0x07,0x00,0x00,0x00,0x07,0x00,0x00,0x00,0x0e,0x00,0x00,0x00,0x00,0x00,0x00,0x00,
    0x01,0x00,0x00,0x00,0x02,0x00,0x00,0x00,0x08,0x00,0x00,0x00,0x08,0x00,0x00,0x00,0x0e,0x00,0x00,0x00,0x00,0x00,0x00,0x00,
    0x01,0x00,0x00,0x00,0x02,0x00,0x00,0x00,0x09,0x00,0x00,0x00,0x09,0x00,0x00,0x00,0x0e,0x00,0x00,0x00,0x00,0x00,0x00,0x00,
    0x01,0x00,0x00,0x00,0x02,0x00,0x00,0x00,0x0a,0x00,0x00,0x00,0x0a,0x00,0x00,0x00,0x0e,0x00,0x00,0x00,0x00,0x00,0x00,0x00,
    0x01,0x00,0x00,0x00,0x02,0x00,0x00,0x00,0x0b,0x00,0x00,0x00,0x0b,0x00,0x00,0x00,0x0e,0x00,0x00,0x00,0x00,0x00,0x00,0x00,
    0x01,0x00,0x00,0x00,0x02,0x00,0x00,0x00,0x0c,0x00,0x00,0x00,0x0c,0x00,0x00,0x00,0x0e,0x00,0x00,0x00,0x00,0x00,0x00,0x00,
    0x01,0x00,0x00,0x00,0x02,0x00,0x00,0x00,0x0d,0x00,0x00,0x00,0x0d,0x00,0x00,0x00,0x0e,0x00,0x00,0x00,0x00,0x00,0x00,0x00,
    0x01,0x00,0x00,0x00,0x02,0x00,0x00,0x00,0x0e,0x00,0x00,0x00,0x0e,0x00,0x00,0x00,0x0e,0x00,0x00,0x00,0x00,0x00,0x00,0x00,
    0x01,0x00,0x00,0x00,0x02,0x00,0x00,0x00,0x0f,0x00,0x00,0x00,0x0f,0x00,0x00,0x00,0x0e,0x00,0x00,0x00,0x00,0x00,0x00,0x00,
    0x03,0x00,0x00,0x00,0x02,0x00,0x00,0x00,0x00,0x00,0x00,0x00,0x00,0x00,0x00,0x00,0x02,0x00,0x00,0x00,0x00,0x00,0x00,0x00,
    0x03,0x00,0x00,0x00,0x02,0x00,0x00,0x00,0x01,0x00,0x00,0x00,0x01,0x00,0x00,0x00,0x02,0x00,0x00,0x00,0x00,0x00,0x00,0x00,
    0x03,0x00,0x00,0x00,0x02,0x00,0x00,0x00,0x02,0x00,0x00,0x00,0x02,0x00,0x00,0x00,0x02,0x00,0x00,0x00,0x00,0x00,0x00,0x00,
    0x03,0x00,0x00,0x00,0x02,0x00,0x00,0x00,0x03,0x00,0x00,0x00,0x03,0x00,0x00,0x00,0x02,0x00,0x00,0x00,0x00,0x00,0x00,0x00,
    0x03,0x00,0x00,0x00,0x02,0x00,0x00,0x00,0x04,0x00,0x00,0x00,0x04,0x00,0x00,0x00,0x05,0x00,0x00,0x00,0x00,0x00,0x00,0x00,
    0x03,0x00,0x00,0x00,0x02,0x00,0x00,0x00,0x05,0x00,0x00,0x00,0x05,0x00,0x00,0x00,0x05,0x00,0x00,0x00,0x00,0x00,0x00,0x00,
    0x03,0x00,0x00,0x00,0x02,0x00,0x00,0x00,0x06,0x00,0x00,0x00,0x06,0x00,0x00,0x00,0x05,0x00,0x00,0x00,0x00,0x00,0x00,0x00,
    0x03,0x00,0x00,0x00,0x02,0x00,0x00,0x00,0x07,0x00,0x00,0x00,0x07,0x00,0x00,0x00,0x05,0x00,0x00,0x00,0x00,0x00,0x00,0x00,
    0x03,0x00,0x00,0x00,0x02,0x00,0x00,0x00,0x08,0x00,0x00,0x00,0x08,0x00,0x00,0x00,0x05,0x00,0x00,0x00,0x00,0x00,0x00,0x00,
    0x03,0x00,0x00,0x00,0x02,0x00,0x00,0x00,0x09,0x00,0x00,0x00,0x09,0x00,0x00,0x00,0x05,0x00,0x00,0x00,0x00,0x00,0x00,0x00,
    0x03,0x00,0x00,0x00,0x02,0x00,0x00,0x00,0x0a,0x00,0x00,0x00,0x0a,0x00,0x00,0x00,0x05,0x00,0x00,0x00,0x00,0x00,0x00,0x00,
    0x03,0x00,0x00,0x00,0x02,0x00,0x00,0x00,0x0b,0x00,0x00,0x00,0x0b,0x00,0x00,0x00,0x05,0x00,0x00,0x00,0x00,0x00,0x00,0x00,
    0x03,0x00,0x00,0x00,0x02,0x00,0x00,0x00,0x0c,0x00,0x00,0x00,0x0c,0x00,0x00,0x00,0x04,0x00,0x00,0x00,0x00,0x00,0x00,0x00,
    0x03,0x00,0x00,0x00,0x02,0x00,0x00,0x00,0x0d,0x00,0x00,0x00,0x0d,0x00,0x00,0x00,0x04,0x00,0x00,0x00,0x00,0x00,0x00,0x00,
    0x03,0x00,0x00,0x00,0x02,0x00,0x00,0x00,0x0e,0x00,0x00,0x00,0x0e,0x00,0x00,0x00,0x04,0x00,0x00,0x00,0x00,0x00,0x00,0x00,
    0x03,0x00,0x00,0x00,0x02,0x00,0x00,0x00,0x0f,0x00,0x00,0x00,0x0f,0x00,0x00,0x00,0x04,0x00,0x00,0x00,0x00,0x00,0x00,0x00,
    0x7c,0x00,0x00,0x00,0x00,0x54,0x45,0x58,0x43,0x4f,0x4f,0x52,0x44,0x00,0x54,0x45,0x58,0x43,0x4f,0x4f,0x52,0x44,0x00,0x54,
    0x45,0x58,0x43,0x4f,0x4f,0x52,0x44,0x00,0x54,0x45,0x58,0x43,0x4f,0x4f,0x52,0x44,0x00,0x54,0x45,0x58,0x43,0x4f,0x4f,0x52,
    0x44,0x00,0x54,0x45,0x58,0x43,0x4f,0x4f,0x52,0x44,0x00,0x54,0x45,0x58,0x43,0x4f,0x4f,0x52,0x44,0x00,0x54,0x45,0x58,0x43,
    0x4f,0x4f,0x52,0x44,0x00,0x54,0x45,0x58,0x43,0x4f,0x4f,0x52,0x44,0x00,0x54,0x45,0x58,0x43,0x4f,0x4f,0x52,0x44,0x00,0x54,
    0x45,0x58,0x43,0x4f,0x4f,0x52,0x44,0x00,0x54,0x45,0x58,0x43,0x4f,0x4f,0x52,0x44,0x00,0x54,0x45,0x58,0x43,0x4f,0x4f,0x52,
    0x44,0x00,0x6d,0x61,0x69,0x6e,0x00,0x00,0x0d,0x00,0x00,0x00,0x00,0x00,0x00,0x00,0x01,0x00,0x00,0x00,0x02,0x00,0x00,0x00,
    0x03,0x00,0x00,0x00,0x04,0x00,0x00,0x00,0x05,0x00,0x00,0x00,0x06,0x00,0x00,0x00,0x07,0x00,0x00,0x00,0x08,0x00,0x00,0x00,
    0x09,0x00,0x00,0x00,0x0a,0x00,0x00,0x00,0x0b,0x00,0x00,0x00,0x0c,0x00,0x00,0x00,0x10,0x00,0x00,0x00,0x00,0x00,0x00,0x00,
    0x00,0x00,0x00,0x00,0x01,0x00,0x44,0x03,0x03,0x04,0x00,0x00,0x01,0x00,0x00,0x00,0x00,0x00,0x00,0x00,0x01,0x01,0x44,0x00,
    0x03,0x02,0x00,0x00,0x0a,0x00,0x00,0x00,0x01,0x00,0x00,0x00,0x01,0x02,0x44,0x00,0x03,0x02,0x00,0x00,0x13,0x00,0x00,0x00,
    0x02,0x00,0x00,0x00,0x01,0x03,0x44,0x00,0x03,0x01,0x00,0x00,0x1c,0x00,0x00,0x00,0x03,0x00,0x00,0x00,0x01,0x04,0x44,0x00,
    0x03,0x01,0x00,0x00,0x25,0x00,0x00,0x00,0x04,0x00,0x00,0x00,0x01,0x05,0x44,0x00,0x03,0x02,0x00,0x00,0x2e,0x00,0x00,0x00,
    0x05,0x00,0x00,0x00,0x01,0x06,0x44,0x00,0x03,0x02,0x00,0x00,0x37,0x00,0x00,0x00,0x06,0x00,0x00,0x00,0x01,0x07,0x44,0x00,
    0x03,0x02,0x00,0x00,0x40,0x00,0x00,0x00,0x07,0x00,0x00,0x00,0x01,0x08,0x44,0x00,0x03,0x02,0x00,0x00,0x49,0x00,0x00,0x00,
    0x08,0x00,0x00,0x00,0x01,0x09,0x44,0x00,0x03,0x02,0x00,0x00,0x52,0x00,0x00,0x00,0x09,0x00,0x00,0x00,0x01,0x0a,0x44,0x00,
    0x03,0x02,0x00,0x00,0x5b,0x00,0x00,0x00,0x0a,0x00,0x00,0x00,0x01,0x0b,0x44,0x00,0x03,0x02,0x00,0x00,0x64,0x00,0x00,0x00,
    0x0b,0x00,0x00,0x00,0x01,0x0c,0x44,0x00,0x03,0x02,0x00,0x00,0x6d,0x00,0x00,0x00,0x0c,0x00,0x00,0x00,0x01,0x0d,0x44,0x00,
    0x03,0x02,0x00,0x00,0x00,0x00,0x00,0x00,0x00,0x00,0x00,0x00,0x01,0x00,0x44,0x10,0x03,0x00,0x00,0x00,0x00,0x00,0x00,0x00,
    0x00,0x00,0x00,0x00,0x00,0x00,0x00,0x00,0x00,0x00,0x00,0x00,0x0f,0x00,0x00,0x00,0x0f,0x00,0x00,0x00,0x0f,0x00,0x00,0x00,
    0x0f,0x00,0x00,0x00,0x0f,0x00,0x00,0x00,0x0f,0x00,0x00,0x00,0x0f,0x00,0x00,0x00,0x0f,0x00,0x00,0x00,0x0f,0x00,0x00,0x00,
    0x0f,0x00,0x00,0x00,0x0f,0x00,0x00,0x00,0x0f,0x00,0x00,0x00,0x0f,0x00,0x00,0x00,0x0f,0x00,0x00,0x00,0x0f,0x00,0x00,0x00,
    0x0f,0x00,0x00,0x00,0x0f,0x00,0x00,0x00,0x0f,0x00,0x00,0x00,0x0f,0x00,0x00,0x00,0x0f,0x00,0x00,0x00,0x0f,0x00,0x00,0x00,
    0x0f,0x00,0x00,0x00,0x0f,0x00,0x00,0x00,0x0f,0x00,0x00,0x00,0x0f,0x00,0x00,0x00,0x0f,0x00,0x00,0x00,0x0f,0x00,0x00,0x00,
    0x0f,0x00,0x00,0x00,0x0f,0x00,0x00,0x00,0x0f,0x00,0x00,0x00,0x0f,0x00,0x00,0x00,0x0f,0x00,0x00,0x00,0x0f,0x00,0x00,0x00,
    0x0f,0x00,0x00,0x00,0x0f,0x00,0x00,0x00,0x0f,0x00,0x00,0x00,0x0f,0x00,0x00,0x00,0x0f,0x00,0x00,0x00,0x0f,0x00,0x00,0x00,
    0x0f,0x00,0x00,0x00,0x0f,0x00,0x00,0x00,0x0f,0x00,0x00,0x00,0x0f,0x00,0x00,0x00,0x0f,0x00,0x00,0x00,0x0f,0x00,0x00,0x00,
    0x0f,0x00,0x00,0x00,0x0f,0x00,0x00,0x00,0x0f,0x00,0x00,0x00,0x0f,0x00,0x00,0x00,0x00,0x00,0x00,0x00,0x07,0x00,0x00,0x00,
    0x07,0x00,0x00,0x00,0x53,0x54,0x41,0x54,0x84,0x0f,0x00,0x00,0x60,0x00,0x00,0x00,0xe1,0x03,0x00,0x00,0x44,0x58,0x49,0x4c,
    0x00,0x01,0x00,0x00,0x10,0x00,0x00,0x00,0x6c,0x0f,0x00,0x00,0x42,0x43,0xc0,0xde,0x21,0x0c,0x00,0x00,0xd8,0x03,0x00,0x00,
    0x0b,0x82,0x20,0x00,0x02,0x00,0x00,0x00,0x13,0x00,0x00,0x00,0x07,0x81,0x23,0x91,0x41,0xc8,0x04,0x49,0x06,0x10,0x32,0x39,
    0x92,0x01,0x84,0x0c,0x25,0x05,0x08,0x19,0x1e,0x04,0x8b,0x62,0x80,0x18,0x45,0x02,0x42,0x92,0x0b,0x42,0xc4,0x10,0x32,0x14,
    0x38,0x08,0x18,0x4b,0x0a,0x32,0x62,0x88,0x48,0x90,0x14,0x20,0x43,0x46,0x88,0xa5,0x00,0x19,0x32,0x42,0xe4,0x48,0x0e,0x90,
    0x11,0x23,0xc4,0x50,0x41,0x51,0x81,0x8c,0xe1,0x83,0xe5,0x8a,0x04,0x31,0x46,0x06,0x51,0x18,0x00,0x00,0x08,0x00,0x00,0x00,
    0x1b,0x8c,0xe0,0xff,0xff,0xff,0xff,0x07,0x40,0x02,0xa8,0x0d,0x84,0xf0,0xff,0xff,0xff,0xff,0x03,0x20,0x6d,0x30,0x86,0xff,
    0xff,0xff,0xff,0x1f,0x00,0x09,0xa8,0x00,0x49,0x18,0x00,0x00,0x03,0x00,0x00,0x00,0x13,0x82,0x60,0x42,0x20,0x4c,0x08,0x06,
    0x00,0x00,0x00,0x00,0x89,0x20,0x00,0x00,0x95,0x00,0x00,0x00,0x32,0x22,0x88,0x09,0x20,0x64,0x85,0x04,0x13,0x23,0xa4,0x84,
    0x04,0x13,0x23,0xe3,0x84,0xa1,0x90,0x14,0x12,0x4c,0x8c,0x8c,0x0b,0x84,0xc4,0x4c,0x10,0xf0,0xc1,0x08,0x40,0x09,0x00,0x0a,
    0x66,0x00,0xe6,0x08,0xc0,0x60,0x8e,0x00,0x29,0xc6,0x40,0x10,0x44,0x41,0x90,0x51,0x0c,0x80,0x20,0x88,0x62,0x20,0x64,0x8e,
    0x20,0x28,0x03,0x40,0x28,0xb4,0x94,0x61,0x20,0x06,0x6a,0x8a,0x31,0x10,0xc3,0x30,0x0c,0xf4,0x14,0x62,0x20,0x86,0x81,0xa2,
    0x9b,0x86,0xcb,0x9f,0xb0,0x87,0x90,0xfc,0x95,0x90,0x56,0x62,0xf2,0x8b,0xdb,0x46,0xc5,0x30,0x0c,0x03,0x41,0xc5,0x3d,0xc3,
    0xe5,0x4f,0xd8,0x43,0x48,0x7e,0x08,0x34,0xc3,0x42,0xa0,0x80,0x2a,0xcd,0x44,0x54,0xd5,0x30,0x0c,0x03,0x41,0x10,0xc3,0x40,
    0x56,0x61,0x26,0xa2,0xaa,0x86,0x61,0x18,0x08,0x82,0x18,0x08,0x2b,0xd2,0x44,0x54,0xd5,0x30,0x0c,0x03,0x41,0x10,0xc3,0x30,
    0x0c,0xc3,0x30,0x90,0x76,0xd3,0x70,0xf9,0x13,0xf6,0x10,0x92,0xdf,0x21,0x0c,0xd1,0x48,0x88,0xd3,0x48,0x88,0x20,0x08,0x82,
    0x28,0x04,0x47,0x54,0x04,0x75,0x85,0x20,0x08,0x82,0xa0,0xaf,0x20,0x03,0x31,0x0c,0xc3,0x30,0x0c,0x14,0x1e,0x35,0x5c,0xfe,
    0x84,0x3d,0x84,0xe4,0x73,0x1b,0x55,0xac,0xc4,0xe4,0x17,0xb7,0x8d,0x88,0x61,0x18,0x86,0x42,0x8c,0x44,0x45,0x10,0x59,0x8c,
    0x8a,0x28,0x08,0x42,0x21,0x73,0x20,0x60,0xa6,0x30,0x18,0x07,0x76,0x08,0x87,0x79,0x98,0x07,0x37,0xa0,0x85,0x72,0xc0,0x07,
    0x7a,0xa8,0x07,0x79,0x28,0x07,0x39,0x20,0x05,0x3e,0x30,0x07,0x76,0x78,0x87,0x70,0xa0,0x07,0x3f,0xd0,0x03,0x3d,0x68,0x87,
    0x74,0x80,0x87,0x79,0xf8,0x05,0x7a,0xc8,0x07,0x78,0x28,0x07,0x14,0x10,0x33,0x59,0xe3,0xc0,0x0e,0xe1,0x30,0x0f,0xf3,0xe0,
    0x06,0xb4,0x50,0x0e,0xf8,0x40,0x0f,0xf5,0x20,0x0f,0xe5,0x20,0x07,0xa4,0xc0,0x07,0xe6,0xc0,0x0e,0xef,0x10,0x0e,0xf4,0xe0,
    0x07,0x48,0x18,0x52,0x52,0x87,0x11,0x88,0x61,0x26,0x32,0x18,0x07,0x76,0x08,0x87,0x79,0x98,0x07,0x37,0xa0,0x85,0x72,0xc0,
    0x07,0x7a,0xa8,0x07,0x79,0x28,0x87,0x51,0xa8,0x07,0x71,0x28,0x07,0x3e,0xb0,0x87,0x72,0x18,0x07,0x7a,0x78,0x07,0x79,0xe0,
    0x03,0x73,0x60,0x87,0x77,0x08,0x07,0x7a,0x60,0x03,0x30,0xa0,0x03,0x3f,0x00,0x03,0x3f,0x40,0x01,0x4b,0xed,0x4c,0x6d,0x30,
    0x0e,0xec,0x10,0x0e,0xf3,0x30,0x0f,0x6e,0x40,0x0b,0xe5,0x80,0x0f,0xf4,0x50,0x0f,0xf2,0x50,0x0e,0x73,0x40,0x0a,0x7c,0x60,
    0x0f,0xe5,0x30,0x0e,0xf4,0xf0,0x0e,0xf2,0xc0,0x07,0xe6,0xc0,0x0e,0xef,0x10,0x0e,0xf4,0xc0,0x06,0x60,0x40,0x07,0x7e,0x00,
    0x06,0x7e,0xa0,0x07,0x7a,0xd0,0x0e,0xe9,0x00,0x0f,0xf3,0xf0,0x0b,0xf4,0x90,0x0f,0xf0,0x50,0x0e,0x28,0x20,0x66,0x12,0x83,
    0x71,0x60,0x87,0x70,0x98,0x87,0x79,0x70,0x03,0x5a,0x28,0x07,0x7c,0xa0,0x87,0x7a,0x90,0x87,0x72,0x98,0x03,0x52,0xe0,0x03,
    0x7b,0x28,0x87,0x71,0xa0,0x87,0x77,0x90,0x07,0x3e,0x30,0x07,0x76,0x78,0x87,0x70,0xa0,0x07,0x36,0x00,0x03,0x3a,0xf0,0x03,
    0x30,0xf0,0x03,0x24,0xb0,0x2f,0xc1,0x49,0xc1,0x26,0x04,0x9b,0x05,0xec,0x29,0x1c,0xf9,0x45,0x80,0xc1,0x10,0xcd,0x84,0x0c,
    0x79,0x9e,0xe9,0x79,0xa6,0xfa,0x3a,0x69,0x8a,0x28,0x61,0xf2,0x59,0x80,0x79,0x16,0x22,0xe2,0x1c,0xe6,0x01,0x22,0x44,0x72,
    0x1a,0x76,0x02,0x26,0x02,0x05,0x04,0xdd,0x37,0x49,0x53,0x44,0x09,0x93,0xcf,0x02,0xcc,0xb3,0x10,0x11,0x3b,0x01,0x13,0x81,
    0x02,0x82,0xf2,0xd4,0x21,0x00,0x00,0x00,0x13,0x14,0x72,0xc0,0x87,0x74,0x60,0x87,0x36,0x68,0x87,0x79,0x68,0x03,0x72,0xc0,
    0x87,0x0d,0xaf,0x50,0x0e,0x6d,0xd0,0x0e,0x7a,0x50,0x0e,0x6d,0x00,0x0f,0x7a,0x30,0x07,0x72,0xa0,0x07,0x73,0x20,0x07,0x6d,
    0x90,0x0e,0x71,0xa0,0x07,0x73,0x20,0x07,0x6d,0x90,0x0e,0x78,0xa0,0x07,0x73,0x20,0x07,0x6d,0x90,0x0e,0x71,0x60,0x07,0x7a,
    0x30,0x07,0x72,0xd0,0x06,0xe9,0x30,0x07,0x72,0xa0,0x07,0x73,0x20,0x07,0x6d,0x90,0x0e,0x76,0x40,0x07,0x7a,0x60,0x07,0x74,
    0xd0,0x06,0xe6,0x10,0x07,0x76,0xa0,0x07,0x73,0x20,0x07,0x6d,0x60,0x0e,0x73,0x20,0x07,0x7a,0x30,0x07,0x72,0xd0,0x06,0xe6,
    0x60,0x07,0x74,0xa0,0x07,0x76,0x40,0x07,0x6d,0xe0,0x0e,0x78,0xa0,0x07,0x71,0x60,0x07,0x7a,0x30,0x07,0x72,0xa0,0x07,0x76,
    0x40,0x07,0x43,0x9e,0x00,0x08,0x00,0x00,0x00,0x00,0x00,0x00,0x00,0x00,0x00,0x86,0x3c,0x06,0x10,0x00,0x01,0x00,0x00,0x00,
    0x00,0x00,0x00,0x00,0x0c,0x79,0x10,0x20,0x00,0x04,0x00,0x00,0x00,0x00,0x00,0x00,0x00,0x18,0xf2,0x2c,0x40,0x00,0x08,0x00,
    0x00,0x00,0x00,0x00,0x00,0x00,0x30,0xe4,0x69,0x80,0x00,0x08,0x00,0x00,0x00,0x00,0x00,0x00,0x00,0x60,0xc8,0xf3,0x00,0x01,
    0x10,0x00,0x00,0x00,0x00,0x00,0x00,0x00,0xc0,0x90,0x27,0x02,0x02,0x20,0x00,0x00,0x00,0x00,0x00,0x00,0x00,0x80,0x21,0x8f,
    0x05,0x04,0xc0,0x00,0x00,0x00,0x00,0x00,0x00,0x00,0x00,0x43,0x1e,0x0c,0x08,0x80,0x01,0x00,0x00,0x00,0x00,0x00,0x00,0x00,
    0x86,0x3c,0x1a,0x10,0x00,0x03,0x00,0x00,0x00,0x00,0x00,0x00,0x00,0x0c,0x79,0x2c,0x20,0x00,0x06,0x00,0x00,0x00,0x00,0x00,
    0x00,0x00,0x18,0xf2,0x74,0x40,0x00,0x0c,0x00,0x00,0x00,0x00,0x00,0x00,0x00,0x30,0xe4,0xf9,0x80,0x00,0x08,0x00,0x00,0x00,
    0x00,0x00,0x00,0x00,0x60,0xc8,0x13,0x06,0x40,0x00,0x04,0x00,0x00,0x00,0x00,0x00,0x00,0x00,0x30,0xe4,0x21,0x03,0x20,0x00,
    0x06,0x00,0x00,0x00,0x00,0x00,0x00,0x00,0x18,0xf2,0x98,0x01,0x10,0x00,0x03,0x00,0x00,0x00,0x00,0x00,0x00,0x00,0x64,0x81,
    0x00,0x00,0x00,0x00,0x28,0x00,0x00,0x00,0x32,0x1e,0x98,0x18,0x19,0x11,0x4c,0x90,0x8c,0x09,0x26,0x47,0xc6,0x04,0x43,0x22,
    0x4a,0x60,0x04,0xa0,0x18,0x8a,0xa0,0x24,0xca,0xa0,0x10,0x4a,0xa1,0x1c,0x0a,0xa2,0x28,0xca,0xa2,0x30,0x4a,0xa3,0x38,0xca,
    0xa3,0x40,0x2d,0x0a,0xb0,0xa0,0x00,0x13,0x0a,0xb0,0xa1,0x40,0x1d,0x0a,0x54,0xa2,0x30,0x09,0x4a,0xda,0xa2,0x48,0x6d,0x0a,
    0xdd,0xa0,0xcc,0x0a,0xa4,0x6c,0x07,0xa8,0x28,0x89,0x32,0x28,0x84,0x11,0x80,0x22,0x28,0x81,0x02,0x21,0xa5,0x06,0x68,0x9d,
    0x01,0x20,0x77,0x06,0x80,0xe2,0x19,0x00,0xaa,0x67,0x00,0xc8,0x9e,0x01,0x20,0x7c,0x06,0x80,0xf4,0x19,0x00,0xda,0xc7,0xd2,
    0x03,0x3c,0x20,0x00,0x00,0x00,0x9e,0xe7,0x79,0x9e,0xe7,0x79,0x9e,0xe7,0x79,0x9e,0xe7,0x79,0x9e,0xe7,0x79,0x9e,0xe7,0x79,
    0x9e,0xe7,0x79,0x9e,0xe7,0x79,0x9e,0xe7,0x79,0x9e,0xe7,0x79,0x9e,0xe7,0x79,0x9e,0xe7,0x79,0x1e,0xe0,0x38,0x00,0x00,0x00,
    0x79,0x18,0x00,0x00,0x05,0x02,0x00,0x00,0x1a,0x03,0x4c,0x90,0x46,0x02,0x13,0xc4,0x31,0x20,0xc3,0x1b,0x43,0x81,0x93,0x4b,
    0xb3,0x0b,0xa3,0x2b,0x4b,0x01,0x89,0x71,0xc1,0x71,0x81,0x71,0xa1,0xb9,0x99,0xc9,0x01,0x41,0x21,0xcb,0x09,0xab,0x29,0xcb,
    0xb9,0x21,0x83,0x49,0xd9,0x10,0x04,0x13,0x04,0x02,0x9a,0x20,0x10,0xd1,0x06,0x61,0x20,0x36,0x08,0x04,0x41,0x01,0x6e,0x6e,
    0x82,0x40,0x48,0x1b,0x86,0x03,0x21,0x26,0x08,0x6b,0x50,0x07,0x54,0xe6,0xbe,0xe8,0xca,0xf0,0xe8,0xea,0xe4,0xca,0x60,0x26,
    0x08,0xc4,0x34,0x41,0x20,0xa8,0x0d,0x02,0xd1,0x6c,0x48,0x08,0x65,0x61,0x88,0x81,0x21,0x1c,0x2a,0x73,0x5f,0x74,0x65,0x78,
    0x74,0x75,0x72,0x65,0x31,0x1b,0x92,0x41,0x81,0x98,0x61,0x60,0x08,0x87,0xca,0xdc,0x17,0x5d,0x19,0x1e,0x5d,0x9d,0x5c,0x99,
    0xcc,0x86,0x84,0x51,0x24,0x86,0x19,0x18,0xc2,0x99,0x20,0x10,0x15,0x95,0xb9,0x2f,0xba,0x32,0x3c,0xba,0x3a,0xb9,0xb2,0x99,
    0x0d,0x09,0xa5,0x54,0x0c,0x35,0x30,0x84,0x33,0x41,0x20,0xac,0x09,0x82,0x1b,0xd8,0x01,0x9d,0xb9,0x2f,0xba,0x32,0x3c,0xba,
    0x3a,0xb9,0xb2,0xa1,0x3a,0xb1,0x32,0x98,0x09,0x02,0x71,0x6d,0x48,0x2e,0x2c,0x63,0xae,0x41,0x23,0x1c,0x3a,0x73,0x5f,0x74,
    0x65,0x78,0x74,0x75,0x72,0x65,0x43,0x75,0x62,0x65,0x31,0x1b,0x12,0x0d,0xe3,0x18,0x6d,0xd0,0x08,0x87,0xce,0xdc,0x17,0x5d,
    0x19,0x1e,0x5d,0x9d,0x5c,0xd9,0x50,0x9d,0x58,0x99,0xcc,0x86,0x04,0xc1,0x3c,0x06,0x19,0x34,0xc2,0x99,0x20,0x10,0x18,0x9d,
    0xb9,0x2f,0xba,0x32,0x3c,0xba,0x3a,0xb9,0xb2,0xa1,0x3a,0xb1,0xb2,0x99,0x0d,0x09,0x18,0x60,0x61,0xc0,0x80,0xc1,0xa0,0x11,
    0xce,0x04,0x81,0xc8,0xe8,0xcc,0x7d,0xd1,0x95,0xe1,0xd1,0xd5,0xc9,0x95,0x0d,0xd5,0x89,0x95,0xd1,0x6c,0x48,0xc6,0x00,0x23,
    0x03,0x66,0x0c,0x06,0x8d,0x70,0xe8,0xcc,0x7d,0xd1,0x95,0xe1,0xd1,0xd5,0xc9,0x95,0x0d,0xd5,0x89,0x95,0xd5,0x6c,0x48,0x1a,
    0xcc,0x0c,0x98,0x66,0xd0,0x08,0x67,0x82,0x40,0x68,0x74,0xe6,0xbe,0xe8,0xca,0xf0,0xe8,0xea,0xe4,0xca,0x86,0xea,0xc4,0xca,
    0x6c,0x36,0x24,0x68,0x80,0xa5,0x01,0x83,0x06,0x83,0x46,0x38,0x13,0x04,0x62,0xa3,0x33,0xf7,0x45,0x57,0x86,0x47,0x57,0x27,
    0x57,0x36,0x54,0x27,0x56,0x76,0xb3,0x21,0x59,0x03,0x8c,0x0d,0x98,0x35,0x18,0x34,0xc2,0x99,0x20,0x10,0xdc,0x04,0x21,0x0e,
    0xee,0x80,0xd0,0xdc,0x17,0x5d,0x19,0x1e,0x5d,0x9d,0x5c,0x99,0xd5,0x1b,0x5b,0x5d,0x5b,0x19,0xcc,0x86,0xc4,0x0d,0xde,0x00,
    0x0e,0x18,0x37,0x18,0x2e,0xc2,0x99,0x20,0x10,0x1d,0xa1,0xb9,0x2f,0xba,0x32,0x3c,0xba,0x3a,0xb9,0x32,0xab,0x37,0xb6,0xba,
    0xb6,0xb2,0x98,0x0d,0x89,0x1c,0xbc,0xc1,0x1c,0x30,0x72,0x30,0x5c,0x84,0x33,0x41,0x20,0x3c,0x42,0x73,0x5f,0x74,0x65,0x78,
    0x74,0x75,0x72,0x65,0x56,0x6f,0x6c,0x75,0x6d,0x65,0x32,0x1b,0x92,0x3a,0x78,0x03,0x3b,0x60,0xea,0x60,0xb8,0x08,0x67,0x82,
    0x40,0x7c,0x84,0xe6,0xbe,0xe8,0xca,0xf0,0xe8,0xea,0xe4,0xca,0xac,0xde,0xd8,0xea,0xda,0xca,0x66,0x36,0x24,0x78,0xf0,0x06,
    0x79,0xc0,0xe0,0xc1,0x70,0x11,0xce,0x06,0xe8,0x89,0x26,0x6b,0xeb,0x3e,0x31,0x28,0x83,0x33,0x50,0x83,0x36,0x88,0x03,0x3a,
    0xb8,0x03,0x3d,0x98,0x20,0xd8,0x41,0x1e,0x50,0x19,0x5a,0x32,0x92,0x0b,0x3b,0x6b,0x2b,0x73,0xa3,0x9b,0x20,0x10,0x60,0xb0,
    0x01,0x21,0xf8,0xa0,0x0f,0x28,0x62,0xf0,0x03,0x60,0x43,0xf0,0x07,0x13,0x04,0x3c,0xd0,0x03,0x46,0x73,0x5f,0x74,0x65,0x78,
    0x74,0x75,0x72,0x65,0x30,0x53,0x61,0x6d,0x70,0x6c,0x65,0x72,0x1b,0x10,0x22,0x14,0x44,0x81,0x21,0x86,0x01,0x60,0x34,0xf7,
    0x45,0x57,0x86,0x47,0x57,0x27,0x57,0x16,0x33,0x15,0xd6,0x06,0xc7,0x56,0x26,0xb7,0x01,0x19,0x42,0x81,0x14,0x98,0x61,0x18,
    0x00,0x46,0x73,0x5f,0x74,0x65,0x78,0x74,0x75,0x72,0x65,0x32,0x53,0x61,0x6d,0x70,0x6c,0x65,0x72,0x1b,0x10,0x26,0x14,0x4c,
    0x81,0x61,0x86,0x01,0x60,0x34,0xf7,0x45,0x57,0x86,0x47,0x57,0x27,0x57,0x36,0x33,0x15,0xd6,0x06,0xc7,0x56,0x26,0xb7,0x01,
    0xa1,0x42,0x01,0x15,0x18,0x6a,0x18,0x80,0x09,0x82,0x1e,0xec,0x01,0xab,0xb9,0x2f,0xba,0x32,0x3c,0xba,0x3a,0xb9,0xb2,0xa1,
    0x3a,0xb1,0x32,0x98,0xa9,0xb0,0x36,0x38,0xb6,0x32,0xb9,0x0d,0xc8,0xa5,0x0a,0xab,0xc0,0x5c,0x03,0x01,0xb0,0x9a,0xfb,0xa2,
    0x2b,0xc3,0xa3,0xab,0x93,0x2b,0x1b,0xaa,0x13,0x2b,0x8b,0x99,0x0a,0x6b,0x83,0x63,0x2b,0x93,0xdb,0x80,0x68,0xaa,0xd0,0x0a,
    0x8c,0x36,0x10,0x00,0xab,0xb9,0x2f,0xba,0x32,0x3c,0xba,0x3a,0xb9,0xb2,0xa1,0x3a,0xb1,0x32,0x99,0xa9,0xb0,0x36,0x38,0xb6,
    0x32,0xb9,0x0d,0x08,0xa2,0x0a,0xaf,0xc0,0x20,0x03,0x01,0xb0,0x9a,0xfb,0xa2,0x2b,0xc3,0xa3,0xab,0x93,0x2b,0x1b,0xaa,0x13,
    0x2b,0x9b,0x99,0x0a,0x6b,0x83,0x63,0x2b,0x93,0xdb,0x80,0x80,0x81,0x2a,0xc4,0x02,0x03,0x06,0x03,0x01,0xb0,0x9a,0xfb,0xa2,
    0x2b,0xc3,0xa3,0xab,0x93,0x2b,0x1b,0xaa,0x13,0x2b,0xa3,0x99,0x0a,0x6b,0x83,0x63,0x2b,0x93,0xdb,0x80,0x8c,0x81,0x2a,0xcc,
    0x02,0x33,0x06,0x03,0x01,0xb0,0x9a,0xfb,0xa2,0x2b,0xc3,0xa3,0xab,0x93,0x2b,0x1b,0xaa,0x13,0x2b,0xab,0x99,0x0a,0x6b,0x83,
    0x63,0x2b,0x93,0xdb,0x80,0x34,0xaa,0x50,0x0b,0x4c,0x33,0x10,0x00,0xab,0xb9,0x2f,0xba,0x32,0x3c,0xba,0x3a,0xb9,0xb2,0xa1,
    0x3a,0xb1,0x32,0x9b,0xa9,0xb0,0x36,0x38,0xb6,0x32,0xb9,0x0d,0x08,0x1a,0xa8,0xc2,0x2d,0x30,0x68,0x30,0x10,0x00,0xab,0xb9,
    0x2f,0xba,0x32,0x3c,0xba,0x3a,0xb9,0xb2,0xa1,0x3a,0xb1,0xb2,0x9b,0xa9,0xb0,0x36,0x38,0xb6,0x32,0xb9,0x0d,0xc8,0x1a,0xa8,
    0x42,0x2e,0x30,0x6b,0x30,0x10,0x00,0xaf,0xb9,0x2f,0xba,0x32,0x3c,0xba,0x3a,0xb9,0x32,0xab,0x37,0xb6,0xba,0xb6,0x32,0x98,
    0xa9,0xb0,0x36,0x38,0xb6,0x32,0xb9,0x0d,0x88,0x1b,0xa8,0xc2,0x2e,0x30,0x6e,0x30,0x10,0x00,0xaf,0xb9,0x2f,0xba,0x32,0x3c,
    0xba,0x3a,0xb9,0x32,0xab,0x37,0xb6,0xba,0xb6,0xb2,0x98,0xa9,0xb0,0x36,0x38,0xb6,0x32,0xb9,0x0d,0x88,0x1c,0xa8,0x42,0x2f,
    0x30,0x72,0x30,0x10,0x00,0xaf,0xb9,0x2f,0xba,0x32,0x3c,0xba,0x3a,0xb9,0x32,0xab,0x37,0xb6,0xba,0xb6,0x32,0x99,0xa9,0xb0,
    0x36,0x38,0xb6,0x32,0xb9,0x0d,0x48,0x1d,0xa8,0xc2,0x2f,0x30,0x75,0x30,0x10,0x00,0xaf,0xb9,0x2f,0xba,0x32,0x3c,0xba,0x3a,
    0xb9,0x32,0xab,0x37,0xb6,0xba,0xb6,0xb2,0x99,0xa9,0xb0,0x36,0x38,0xb6,0x32,0xb9,0x0d,0x08,0x1e,0xa8,0x42,0x38,0x30,0x78,
    0x30,0x10,0xc0,0x06,0x68,0x14,0x4a,0xe1,0x14,0x52,0x81,0x15,0x5c,0x01,0x16,0x64,0x81,0x16,0x6c,0x01,0x17,0x74,0x81,0x17,
    0x7c,0x01,0x1c,0xc4,0x61,0x03,0xb1,0x07,0x00,0x28,0x8c,0xc3,0x04,0xa1,0x0e,0xf0,0x80,0x4e,0xdd,0x97,0x99,0x19,0x91,0x5c,
    0xd8,0x1d,0x54,0x98,0x5c,0x58,0xdb,0xdc,0x04,0x41,0xa1,0x83,0x0d,0x0a,0x62,0x0e,0x14,0x01,0x06,0x4d,0x73,0x0e,0x72,0x70,
    0x31,0xa9,0xfb,0x12,0xab,0x6b,0x83,0x2b,0x72,0xb3,0x9b,0x20,0x10,0x61,0xb0,0x41,0x41,0xd2,0x81,0x52,0x07,0x30,0x68,0x9a,
    0x73,0x90,0x83,0x8b,0x4d,0xdd,0xd7,0x1c,0x5d,0xd8,0x59,0x19,0x54,0x98,0x5c,0x58,0xdb,0xdc,0x04,0x81,0x10,0x83,0x0d,0x0a,
    0xc2,0x0e,0x54,0x3b,0x80,0x41,0xd3,0x9c,0x83,0x1c,0x5c,0x5c,0xea,0xbe,0xcc,0xcc,0xa0,0xe4,0xde,0xce,0xe4,0xc2,0xda,0x26,
    0x08,0xc4,0x18,0x6c,0x50,0x90,0x77,0xa0,0xe0,0x01,0x0c,0x9a,0xe6,0x1c,0xe4,0xe0,0xa2,0x33,0xb6,0xf6,0x25,0xf6,0x26,0x47,
    0x56,0x26,0x37,0xf4,0xc6,0xf6,0x26,0x37,0x41,0x20,0xc8,0x60,0x83,0x82,0xc8,0x03,0x35,0x0f,0x60,0xd0,0x34,0xe7,0x20,0x07,
    0x17,0x9d,0xb1,0xb5,0xaf,0xb9,0xb0,0x36,0x38,0xb6,0x32,0xb9,0x24,0x37,0xb3,0xb7,0x09,0x02,0x51,0x06,0x1b,0x14,0xa4,0x1e,
    0x28,0x7b,0x00,0x83,0xa6,0x39,0x07,0x39,0xb8,0x36,0x1c,0x7e,0x80,0x0e,0xeb,0xe0,0x0e,0xf1,0x40,0x0f,0xf7,0xb0,0x61,0x20,
    0xca,0x01,0x1f,0x26,0x08,0x02,0xb0,0x01,0xd8,0x30,0x10,0xfb,0xb0,0x0f,0x1b,0x02,0x7e,0xd8,0x30,0x0c,0xfa,0xd0,0x0f,0x13,
    0x84,0x3d,0xe0,0x83,0x0d,0xc1,0x3f,0x90,0x68,0x0b,0x4b,0x73,0xe3,0x32,0x65,0xf5,0x05,0xf5,0x36,0x97,0x46,0x97,0xf6,0xe6,
    0x36,0x41,0x28,0xda,0x60,0x82,0x50,0xb8,0xc1,0x86,0x80,0x98,0x20,0x14,0x6f,0x30,0x41,0x28,0xe0,0x60,0xc3,0x42,0x88,0xc4,
    0x48,0x90,0x44,0x49,0x98,0xc4,0x60,0x12,0xc4,0x49,0x00,0x44,0xa8,0x8a,0xb0,0x86,0x9e,0x9e,0xa4,0x88,0x26,0x08,0x45,0x1c,
    0x6c,0x10,0x28,0x3c,0xd8,0xb0,0x0c,0x29,0x31,0x12,0x27,0x51,0x12,0x2a,0x31,0x98,0xc4,0x70,0x12,0x2b,0xb1,0x21,0x18,0x36,
    0x2c,0x4c,0x4a,0x8c,0xc4,0x49,0xb4,0x84,0x4a,0x0c,0x26,0xc1,0x9c,0xc4,0x4a,0x6c,0x08,0x98,0x09,0x42,0x21,0x07,0x1b,0x16,
    0x2a,0x25,0x46,0xe2,0x24,0x5e,0x02,0x26,0x06,0x93,0xa0,0x4e,0x62,0x25,0x36,0x04,0xd4,0x86,0xe5,0x4a,0x89,0x91,0x38,0x09,
    0x99,0x80,0x89,0xc1,0x24,0xae,0x93,0x58,0x89,0x0d,0xc1,0xb5,0x61,0xd1,0x52,0x62,0x24,0x4e,0x82,0x26,0x54,0x62,0x30,0x09,
    0xed,0x24,0x56,0x62,0x43,0xa0,0x6d,0x58,0x90,0x94,0x18,0x89,0x93,0xb0,0x09,0x95,0x18,0x4c,0x02,0x39,0x89,0x95,0xd8,0x10,
    0x20,0x1b,0x16,0x30,0x48,0x89,0x91,0x38,0x09,0x9c,0x50,0x89,0xc1,0x24,0xc0,0xe0,0x24,0x56,0x62,0x43,0x00,0x06,0x1b,0x96,
    0x31,0x48,0x89,0x91,0x38,0x09,0x9d,0x50,0x89,0xc1,0x24,0xc6,0xe0,0x24,0x56,0x62,0x43,0x30,0x06,0x1b,0x96,0x26,0x25,0x46,
    0xe2,0x24,0x78,0x42,0x25,0x06,0x93,0x68,0x4e,0x62,0x25,0x36,0x04,0xcd,0x86,0x05,0x0d,0x52,0x62,0x24,0x4e,0xc2,0x27,0x54,
    0x62,0x30,0x09,0x34,0x38,0x89,0x95,0xd8,0x10,0xa0,0xc1,0x86,0x65,0x0d,0x52,0x62,0x24,0x4e,0x02,0x2c,0x54,0x62,0x30,0x89,
    0x35,0x38,0x89,0x95,0xd8,0x10,0xac,0xc1,0x86,0xc5,0x0d,0x52,0x62,0x24,0x4e,0x42,0x2c,0x54,0x62,0x30,0x09,0x37,0x38,0x89,
    0x95,0xd8,0x10,0xb8,0xc1,0x06,0x81,0x92,0x83,0x0d,0x8b,0x1c,0xa4,0xc4,0x48,0x9c,0x04,0x59,0xa8,0xc4,0x60,0x12,0x72,0x70,
    0x12,0x65,0xb1,0xc1,0x41,0x09,0x96,0x70,0x89,0x98,0x98,0x89,0x9a,0xb8,0x89,0x9c,0xd8,0x89,0x9e,0xf8,0x89,0xb0,0x18,0x0b,
    0xb3,0x60,0x32,0x65,0xf5,0x45,0x15,0x26,0x77,0x56,0x46,0x37,0x41,0x28,0xe6,0x60,0xc3,0x42,0xa0,0xc5,0x48,0xa4,0x45,0x49,
    0x9c,0xc4,0x60,0x12,0xc4,0x49,0xac,0xc4,0x86,0x40,0x2d,0x36,0x0c,0x67,0xb1,0x16,0xc0,0x86,0x42,0x1f,0x42,0x82,0x2d,0xc8,
    0x01,0x20,0x22,0x26,0x17,0xe6,0x36,0x86,0x56,0x36,0x37,0x41,0x20,0xcc,0x80,0x86,0x19,0xdb,0x5b,0x18,0xdd,0xdc,0x04,0x81,
    0x38,0x03,0x16,0x69,0x6e,0x73,0x74,0x73,0x13,0x04,0x02,0x0d,0x48,0xa4,0xb9,0xd1,0xcd,0x4d,0x10,0x88,0x34,0xa0,0x31,0x97,
    0x76,0xf6,0xc5,0x46,0x36,0x41,0x20,0xd4,0x80,0xc6,0x5c,0xda,0xd9,0xd7,0x1c,0x1d,0x11,0xba,0x32,0xbc,0x2f,0xb1,0xb4,0xb0,
    0x39,0x1e,0x74,0x65,0x78,0x5f,0x63,0x6d,0x70,0x44,0xe8,0xca,0xf0,0xbe,0xce,0xe4,0xc2,0xc8,0x88,0xd0,0x95,0xe1,0x7d,0xb9,
    0xbd,0xc9,0xb5,0x4d,0x10,0x88,0x35,0x60,0x51,0x97,0xe6,0x46,0x37,0x37,0x41,0x20,0xd8,0x60,0x83,0xe5,0x16,0x6f,0x01,0x17,
    0x71,0x21,0x17,0x73,0x41,0x17,0x75,0x61,0x17,0x77,0x81,0x17,0x57,0x5e,0x8c,0x81,0x5e,0x5c,0x7b,0x71,0xf1,0x45,0x5f,0xf8,
    0xc5,0x5f,0x54,0x61,0x63,0xb3,0x6b,0x73,0x49,0x23,0x2b,0x73,0xa3,0x9b,0x12,0x04,0x55,0xc8,0xf0,0x5c,0xec,0xca,0xe4,0xe6,
    0xd2,0xde,0xdc,0xa6,0x04,0x44,0x13,0x32,0x3c,0x17,0xbb,0x30,0x36,0xbb,0x32,0xb9,0x29,0x41,0x51,0x87,0x0c,0xcf,0x65,0x0e,
    0x2d,0x8c,0xac,0x4c,0xae,0xe9,0x8d,0xac,0x8c,0x6d,0x4a,0x80,0x94,0x21,0xc3,0x73,0x91,0x2b,0x9b,0x7b,0xab,0x93,0x1b,0x2b,
    0x9b,0x9b,0x12,0x8c,0x43,0x25,0x32,0x3c,0x17,0xba,0x3c,0xb8,0xb2,0x20,0x37,0xb7,0x37,0xba,0x30,0xba,0xb4,0x37,0xb7,0xb9,
    0x29,0x02,0x3e,0xf4,0x43,0x1d,0x32,0x3c,0x17,0xbb,0xb4,0xb2,0xbb,0x24,0xb2,0x29,0xba,0x30,0xba,0xb2,0x29,0xc1,0x3f,0xd4,
    0x21,0xc3,0x73,0x29,0x73,0xa3,0x93,0xcb,0x83,0x7a,0x4b,0x73,0xa3,0x9b,0x9b,0x12,0xb0,0x45,0x17,0x32,0x3c,0x97,0xb1,0xb7,
    0x3a,0x37,0xba,0x32,0xb9,0xb9,0x29,0xc1,0x5f,0x00,0x00,0x00,0x79,0x18,0x00,0x00,0x51,0x00,0x00,0x00,0x33,0x08,0x80,0x1c,
    0xc4,0xe1,0x1c,0x66,0x14,0x01,0x3d,0x88,0x43,0x38,0x84,0xc3,0x8c,0x42,0x80,0x07,0x79,0x78,0x07,0x73,0x98,0x71,0x0c,0xe6,
    0x00,0x0f,0xed,0x10,0x0e,0xf4,0x80,0x0e,0x33,0x0c,0x42,0x1e,0xc2,0xc1,0x1d,0xce,0xa1,0x1c,0x66,0x30,0x05,0x3d,0x88,0x43,
    0x38,0x84,0x83,0x1b,0xcc,0x03,0x3d,0xc8,0x43,0x3d,0x8c,0x03,0x3d,0xcc,0x78,0x8c,0x74,0x70,0x07,0x7b,0x08,0x07,0x79,0x48,
    0x87,0x70,0x70,0x07,0x7a,0x70,0x03,0x76,0x78,0x87,0x70,0x20,0x87,0x19,0xcc,0x11,0x0e,0xec,0x90,0x0e,0xe1,0x30,0x0f,0x6e,
    0x30,0x0f,0xe3,0xf0,0x0e,0xf0,0x50,0x0e,0x33,0x10,0xc4,0x1d,0xde,0x21,0x1c,0xd8,0x21,0x1d,0xc2,0x61,0x1e,0x66,0x30,0x89,
    0x3b,0xbc,0x83,0x3b,0xd0,0x43,0x39,0xb4,0x03,0x3c,0xbc,0x83,0x3c,0x84,0x03,0x3b,0xcc,0xf0,0x14,0x76,0x60,0x07,0x7b,0x68,
    0x07,0x37,0x68,0x87,0x72,0x68,0x07,0x37,0x80,0x87,0x70,0x90,0x87,0x70,0x60,0x07,0x76,0x28,0x07,0x76,0xf8,0x05,0x76,0x78,
    0x87,0x77,0x80,0x87,0x5f,0x08,0x87,0x71,0x18,0x87,0x72,0x98,0x87,0x79,0x98,0x81,0x2c,0xee,0xf0,0x0e,0xee,0xe0,0x0e,0xf5,
    0xc0,0x0e,0xec,0x30,0x03,0x62,0xc8,0xa1,0x1c,0xe4,0xa1,0x1c,0xcc,0xa1,0x1c,0xe4,0xa1,0x1c,0xdc,0x61,0x1c,0xca,0x21,0x1c,
    0xc4,0x81,0x1d,0xca,0x61,0x06,0xd6,0x90,0x43,0x39,0xc8,0x43,0x39,0x98,0x43,0x39,0xc8,0x43,0x39,0xb8,0xc3,0x38,0x94,0x43,
    0x38,0x88,0x03,0x3b,0x94,0xc3,0x2f,0xbc,0x83,0x3c,0xfc,0x82,0x3b,0xd4,0x03,0x3b,0xb0,0xc3,0x0c,0xc4,0x21,0x07,0x7c,0x70,
    0x03,0x7a,0x28,0x87,0x76,0x80,0x87,0x19,0xd1,0x43,0x0e,0xf8,0xe0,0x06,0xe4,0x20,0x0e,0xe7,0xe0,0x06,0xf6,0x10,0x0e,0xf2,
    0xc0,0x0e,0xe1,0x90,0x0f,0xef,0x50,0x0f,0xf4,0x30,0x83,0x81,0xc8,0x01,0x1f,0xdc,0x40,0x1c,0xe4,0xa1,0x1c,0xc2,0x61,0x1d,
    0xdc,0x40,0x1c,0xe4,0x01,0x00,0x00,0x00,0x71,0x20,0x00,0x00,0x3d,0x00,0x00,0x00,0x66,0x00,0x0d,0x97,0xef,0x3c,0x7e,0x80,
    0x34,0x40,0x84,0xf9,0xc5,0x6d,0x1b,0x03,0x34,0x5c,0xbe,0xf3,0xf8,0x01,0xd2,0x00,0x11,0xe6,0x23,0xb7,0x6d,0x0e,0xdb,0x70,
    0xf9,0xce,0xe3,0x0b,0x01,0x55,0x14,0x44,0x54,0x3a,0xc0,0x50,0x12,0x06,0x20,0x60,0x7e,0x71,0xdb,0xf6,0x20,0x0d,0x97,0xef,
    0x3c,0xbe,0x10,0x11,0xc0,0x44,0x84,0x40,0x33,0x2c,0x84,0x0d,0x34,0xc3,0xe5,0x3b,0x8f,0x3f,0x20,0x92,0x00,0x44,0x83,0x15,
    0x38,0xc3,0xe5,0x3b,0x8f,0x3f,0x38,0x93,0xed,0x17,0xb7,0x6d,0x0d,0xce,0x70,0xf9,0xce,0xe3,0x0f,0xce,0x74,0xfb,0xc5,0x6d,
    0xdb,0xc2,0x34,0x5c,0xbe,0xf3,0xf8,0x06,0x31,0x75,0x08,0x43,0x34,0x12,0xe2,0x34,0x92,0x05,0x4c,0xc3,0xe5,0x3b,0x8f,0xbf,
    0x38,0xc0,0x20,0x36,0x0f,0x35,0xf9,0xc5,0x6d,0xdb,0x01,0x35,0x5c,0xbe,0xf3,0xf8,0x12,0xc0,0x3c,0x0b,0xb1,0x21,0x80,0xe4,
    0x17,0xb7,0x6d,0x0a,0xd3,0x70,0xf9,0xce,0xe3,0x4b,0x00,0xf3,0x2c,0x04,0xc7,0x3c,0x7e,0x71,0xdb,0x96,0x40,0x0d,0x97,0xef,
    0x3c,0xbe,0x04,0x30,0xcf,0x42,0x80,0x11,0x30,0xf8,0xc5,0x6d,0x1b,0x42,0x35,0x5c,0xbe,0xf3,0xf8,0x12,0xc0,0x3c,0x0b,0x51,
    0x12,0x15,0xb1,0xf8,0xc5,0x6d,0x9b,0x40,0x35,0x5c,0xbe,0xf3,0xf8,0xd2,0xe4,0x44,0x04,0x4a,0x4d,0x0f,0x35,0xf9,0xc5,0x6d,
    0x1b,0xc1,0x33,0x5c,0xbe,0xf3,0xf8,0x54,0x03,0x44,0x98,0x5f,0xdc,0xb6,0x01,0x10,0x0c,0x80,0x34,0x00,0x00,0x00,0x00,0x00,
    0x48,0x41,0x53,0x48,0x14,0x00,0x00,0x00,0x00,0x00,0x00,0x00,0x6d,0x8a,0x03,0x61,0x6a,0x83,0xb9,0x12,0x0f,0x70,0xb7,0x53,
    0x51,0x42,0x51,0xc6,0x44,0x58,0x49,0x4c,0xcc,0x69,0x00,0x00,0x60,0x00,0x00,0x00,0x73,0x1a,0x00,0x00,0x44,0x58,0x49,0x4c,
    0x00,0x01,0x00,0x00,0x10,0x00,0x00,0x00,0xb4,0x69,0x00,0x00,0x42,0x43,0xc0,0xde,0x21,0x0c,0x00,0x00,0x6a,0x1a,0x00,0x00,
    0x0b,0x82,0x20,0x00,0x02,0x00,0x00,0x00,0x13,0x00,0x00,0x00,0x07,0x81,0x23,0x91,0x41,0xc8,0x04,0x49,0x06,0x10,0x32,0x39,
    0x92,0x01,0x84,0x0c,0x25,0x05,0x08,0x19,0x1e,0x04,0x8b,0x62,0x80,0x18,0x45,0x02,0x42,0x92,0x0b,0x42,0xc4,0x10,0x32,0x14,
    0x38,0x08,0x18,0x4b,0x0a,0x32,0x62,0x88,0x48,0x90,0x14,0x20,0x43,0x46,0x88,0xa5,0x00,0x19,0x32,0x42,0xe4,0x48,0x0e,0x90,
    0x11,0x23,0xc4,0x50,0x41,0x51,0x81,0x8c,0xe1,0x83,0xe5,0x8a,0x04,0x31,0x46,0x06,0x51,0x18,0x00,0x00,0x08,0x00,0x00,0x00,
    0x1b,0x8c,0xe0,0xff,0xff,0xff,0xff,0x07,0x40,0x02,0xa8,0x0d,0x84,0xf0,0xff,0xff,0xff,0xff,0x03,0x20,0x6d,0x30,0x86,0xff,
    0xff,0xff,0xff,0x1f,0x00,0x09,0xa8,0x00,0x49,0x18,0x00,0x00,0x03,0x00,0x00,0x00,0x13,0x82,0x60,0x42,0x20,0x4c,0x08,0x06,
    0x00,0x00,0x00,0x00,0x89,0x20,0x00,0x00,0x95,0x00,0x00,0x00,0x32,0x22,0x88,0x09,0x20,0x64,0x85,0x04,0x13,0x23,0xa4,0x84,
    0x04,0x13,0x23,0xe3,0x84,0xa1,0x90,0x14,0x12,0x4c,0x8c,0x8c,0x0b,0x84,0xc4,0x4c,0x10,0xf4,0xc1,0x08,0x40,0x09,0x00,0x0a,
    0x66,0x00,0xe6,0x08,0xc0,0x60,0x8e,0x00,0x29,0xc6,0x40,0x10,0x44,0x41,0x90,0x51,0x0c,0x80,0x20,0x88,0x62,0x20,0x64,0x8e,
    0x20,0x28,0x03,0x40,0x28,0xb4,0x94,0x61,0x20,0x06,0x6a,0x8a,0x31,0x10,0xc3,0x30,0x0c,0xf4,0x14,0x62,0x20,0x86,0x81,0xa2,
    0x9b,0x86,0xcb,0x9f,0xb0,0x87,0x90,0xfc,0x95,0x90,0x56,0x62,0xf2,0x8b,0xdb,0x46,0xc5,0x30,0x0c,0x03,0x41,0xc5,0x3d,0xc3,
    0xe5,0x4f,0xd8,0x43,0x48,0x7e,0x08,0x34,0xc3,0x42,0xa0,0x80,0x2a,0xcd,0x44,0x54,0xd5,0x30,0x0c,0x03,0x41,0x10,0xc3,0x40,
    0x56,0x61,0x26,0xa2,0xaa,0x86,0x61,0x18,0x08,0x82,0x18,0x08,0x2b,0xd2,0x44,0x54,0xd5,0x30,0x0c,0x03,0x41,0x10,0xc3,0x30,
    0x0c,0xc3,0x30,0x90,0x76,0xd3,0x70,0xf9,0x13,0xf6,0x10,0x92,0xdf,0x21,0x0c,0xd1,0x48,0x88,0xd3,0x48,0x88,0x20,0x08,0x82,
    0x28,0x04,0x47,0x54,0x04,0x75,0x85,0x20,0x08,0x82,0xa0,0xaf,0x20,0x03,0x31,0x0c,0xc3,0x30,0x0c,0x14,0x1e,0x35,0x5c,0xfe,
    0x84,0x3d,0x84,0xe4,0x73,0x1b,0x55,0xac,0xc4,0xe4,0x17,0xb7,0x8d,0x88,0x61,0x18,0x86,0x42,0x8c,0x44,0x45,0x10,0x59,0x8c,
    0x8a,0x28,0x08,0x42,0x21,0x73,0x20,0x60,0xa6,0x30,0x18,0x07,0x76,0x08,0x87,0x79,0x98,0x07,0x37,0xa0,0x85,0x72,0xc0,0x07,
    0x7a,0xa8,0x07,0x79,0x28,0x07,0x39,0x20,0x05,0x3e,0x30,0x07,0x76,0x78,0x87,0x70,0xa0,0x07,0x3f,0xd0,0x03,0x3d,0x68,0x87,
    0x74,0x80,0x87,0x79,0xf8,0x05,0x7a,0xc8,0x07,0x78,0x28,0x07,0x14,0x10,0x33,0x59,0xe3,0xc0,0x0e,0xe1,0x30,0x0f,0xf3,0xe0,
    0x06,0xb4,0x50,0x0e,0xf8,0x40,0x0f,0xf5,0x20,0x0f,0xe5,0x20,0x07,0xa4,0xc0,0x07,0xe6,0xc0,0x0e,0xef,0x10,0x0e,0xf4,0xe0,
    0x07,0x48,0x18,0x52,0x52,0x87,0x11,0x88,0x61,0x26,0x32,0x18,0x07,0x76,0x08,0x87,0x79,0x98,0x07,0x37,0xa0,0x85,0x72,0xc0,
    0x07,0x7a,0xa8,0x07,0x79,0x28,0x87,0x51,0xa8,0x07,0x71,0x28,0x07,0x3e,0xb0,0x87,0x72,0x18,0x07,0x7a,0x78,0x07,0x79,0xe0,
    0x03,0x73,0x60,0x87,0x77,0x08,0x07,0x7a,0x60,0x03,0x30,0xa0,0x03,0x3f,0x00,0x03,0x3f,0x40,0x01,0x4b,0xed,0x4c,0x6d,0x30,
    0x0e,0xec,0x10,0x0e,0xf3,0x30,0x0f,0x6e,0x40,0x0b,0xe5,0x80,0x0f,0xf4,0x50,0x0f,0xf2,0x50,0x0e,0x73,0x40,0x0a,0x7c,0x60,
    0x0f,0xe5,0x30,0x0e,0xf4,0xf0,0x0e,0xf2,0xc0,0x07,0xe6,0xc0,0x0e,0xef,0x10,0x0e,0xf4,0xc0,0x06,0x60,0x40,0x07,0x7e,0x00,
    0x06,0x7e,0xa0,0x07,0x7a,0xd0,0x0e,0xe9,0x00,0x0f,0xf3,0xf0,0x0b,0xf4,0x90,0x0f,0xf0,0x50,0x0e,0x28,0x20,0x66,0x12,0x83,
    0x71,0x60,0x87,0x70,0x98,0x87,0x79,0x70,0x03,0x5a,0x28,0x07,0x7c,0xa0,0x87,0x7a,0x90,0x87,0x72,0x98,0x03,0x52,0xe0,0x03,
    0x7b,0x28,0x87,0x71,0xa0,0x87,0x77,0x90,0x07,0x3e,0x30,0x07,0x76,0x78,0x87,0x70,0xa0,0x07,0x36,0x00,0x03,0x3a,0xf0,0x03,
    0x30,0xf0,0x03,0x24,0xb0,0x2f,0xc1,0x49,0xc1,0x26,0x04,0x9b,0x05,0xec,0x29,0x1c,0xf9,0x45,0x80,0xc1,0x10,0xcd,0x84,0x0c,
    0x79,0x9e,0xe9,0x79,0xa6,0xfa,0x3a,0x69,0x8a,0x28,0x61,0xf2,0x59,0x80,0x79,0x16,0x22,0xe2,0x1c,0xe6,0x01,0x22,0x44,0x72,
    0x1a,0x76,0x02,0x26,0x02,0x05,0x04,0xdd,0x37,0x49,0x53,0x44,0x09,0x93,0xcf,0x02,0xcc,0xb3,0x10,0x11,0x3b,0x01,0x13,0x81,
    0x02,0x82,0xf2,0xd4,0x21,0xa6,0x00,0x00,0x13,0x14,0x72,0xc0,0x87,0x74,0x60,0x87,0x36,0x68,0x87,0x79,0x68,0x03,0x72,0xc0,
    0x87,0x0d,0xaf,0x50,0x0e,0x6d,0xd0,0x0e,0x7a,0x50,0x0e,0x6d,0x00,0x0f,0x7a,0x30,0x07,0x72,0xa0,0x07,0x73,0x20,0x07,0x6d,
    0x90,0x0e,0x71,0xa0,0x07,0x73,0x20,0x07,0x6d,0x90,0x0e,0x78,0xa0,0x07,0x73,0x20,0x07,0x6d,0x90,0x0e,0x71,0x60,0x07,0x7a,
    0x30,0x07,0x72,0xd0,0x06,0xe9,0x30,0x07,0x72,0xa0,0x07,0x73,0x20,0x07,0x6d,0x90,0x0e,0x76,0x40,0x07,0x7a,0x60,0x07,0x74,
    0xd0,0x06,0xe6,0x10,0x07,0x76,0xa0,0x07,0x73,0x20,0x07,0x6d,0x60,0x0e,0x73,0x20,0x07,0x7a,0x30,0x07,0x72,0xd0,0x06,0xe6,
    0x60,0x07,0x74,0xa0,0x07,0x76,0x40,0x07,0x6d,0xe0,0x0e,0x78,0xa0,0x07,0x71,0x60,0x07,0x7a,0x30,0x07,0x72,0xa0,0x07,0x76,
    0x40,0x07,0x43,0x9e,0x00,0x00,0x00,0x00,0x00,0x00,0x00,0x00,0x00,0x00,0x00,0x86,0x3c,0x06,0x10,0x00,0x01,0x00,0x00,0x00,
    0x00,0x00,0x00,0x00,0x0c,0x79,0x10,0x20,0x00,0x04,0x00,0x00,0x00,0x00,0x00,0x00,0x00,0x18,0xf2,0x2c,0x40,0x00,0x08,0x00,
    0x00,0x00,0x00,0x00,0x00,0x00,0x30,0xe4,0x69,0x80,0x00,0x08,0x00,0x00,0x00,0x00,0x00,0x00,0x00,0x60,0xc8,0xf3,0x00,0x01,
    0x10,0x00,0x00,0x00,0x00,0x00,0x00,0x00,0xc0,0x90,0x27,0x02,0x02,0x20,0x00,0x00,0x00,0x00,0x00,0x00,0x00,0x80,0x21,0x8f,
    0x05,0x04,0xc0,0x00,0x00,0x00,0x00,0x00,0x00,0x00,0x00,0x43,0x1e,0x0c,0x08,0x80,0x01,0x00,0x00,0x00,0x00,0x00,0x00,0x00,
    0x86,0x3c,0x1a,0x10,0x00,0x03,0x00,0x00,0x00,0x00,0x00,0x00,0x00,0x0c,0x79,0x2c,0x20,0x00,0x06,0x00,0x00,0x00,0x00,0x00,
    0x00,0x00,0x18,0xf2,0x74,0x40,0x00,0x0c,0x00,0x00,0x00,0x00,0x00,0x00,0x00,0x30,0xe4,0xf9,0x80,0x00,0x08,0x00,0x00,0x00,
    0x00,0x00,0x00,0x00,0x60,0xc8,0x13,0x06,0x40,0x00,0x04,0x00,0x00,0x00,0x00,0x00,0x00,0x00,0x30,0xe4,0x21,0x03,0x20,0x00,
    0x06,0x00,0x00,0x00,0x00,0x00,0x00,0x00,0x18,0xf2,0x98,0x01,0x10,0x00,0x03,0x00,0x00,0x00,0x00,0x00,0x00,0x00,0x64,0x81,
    0x00,0x00,0x00,0x00,0x1f,0x00,0x00,0x00,0x32,0x1e,0x98,0x18,0x19,0x11,0x4c,0x90,0x8c,0x09,0x26,0x47,0xc6,0x04,0x43,0x22,
    0x4a,0x60,0x04,0xa0,0x20,0x8a,0xa1,0x08,0x4a,0xa2,0x0c,0x0a,0xa1,0x14,0xca,0xa1,0x28,0xca,0xa2,0x30,0x4a,0xa3,0x38,0xca,
    0xa3,0x40,0x2d,0xa8,0x28,0x89,0x32,0x28,0x84,0x11,0x80,0x22,0x28,0x81,0x02,0xa1,0x75,0x06,0x80,0xdc,0x19,0x00,0x8a,0x67,
    0x00,0xc8,0x9e,0x01,0x20,0x7c,0x06,0x80,0xf4,0x19,0x00,0xda,0xc7,0xd2,0x03,0x3c,0x20,0x00,0x00,0x00,0x9e,0xe7,0x79,0x9e,
    0xe7,0x79,0x9e,0xe7,0x79,0x9e,0xe7,0x79,0x9e,0xe7,0x79,0x9e,0xe7,0x79,0x9e,0xe7,0x79,0x9e,0xe7,0x79,0x9e,0xe7,0x79,0x9e,
    0xe7,0x79,0x9e,0xe7,0x79,0x9e,0xe7,0x79,0x1e,0xe0,0x38,0x00,0x79,0x18,0x00,0x00,0x02,0x01,0x00,0x00,0x1a,0x03,0x4c,0x90,
    0x46,0x02,0x13,0xc4,0x31,0x20,0xc3,0x1b,0x43,0x81,0x93,0x4b,0xb3,0x0b,0xa3,0x2b,0x4b,0x01,0x89,0x71,0xc1,0x71,0x81,0x71,
    0xa1,0xb9,0x99,0xc9,0x01,0x41,0x21,0xcb,0x09,0xab,0x29,0xcb,0xb9,0x21,0x83,0x49,0xd9,0x10,0x04,0x13,0x04,0x02,0x9a,0x20,
    0x10,0xd1,0x06,0x61,0x20,0x26,0x08,0x84,0xb4,0x41,0x18,0x0c,0x0a,0x70,0x73,0x13,0x04,0x62,0xda,0x30,0x20,0x09,0x31,0x41,
    0x58,0x03,0x34,0x20,0x30,0x41,0x20,0xa8,0x09,0x02,0x51,0x6d,0x10,0x08,0x67,0x43,0x42,0x2c,0x4c,0x43,0x0c,0x0d,0xf1,0x6c,
    0x48,0x86,0x85,0x69,0x86,0xa1,0x21,0x9e,0x0d,0x49,0xb3,0x30,0x4d,0x33,0x34,0xc4,0x33,0x41,0x20,0xac,0x0d,0xc9,0xb4,0x30,
    0xcd,0x34,0x34,0xc4,0x33,0x41,0x20,0xae,0x09,0x82,0x1b,0xa4,0xc1,0x04,0x81,0xc0,0x36,0x24,0x95,0xc5,0x34,0xd5,0x70,0x11,
    0xcf,0x86,0xe4,0xb2,0x98,0xe6,0x1a,0x2e,0xe2,0xd9,0x90,0x24,0x16,0xd3,0x24,0xc3,0x45,0x3c,0x13,0x04,0x22,0xdb,0x90,0x6c,
    0x16,0xd3,0x6c,0xc3,0x45,0x3c,0x1b,0x12,0xc3,0x62,0x1a,0x63,0xb8,0x88,0x67,0x43,0xe2,0x58,0x4c,0xe3,0x0c,0x17,0xf1,0x4c,
    0x10,0x08,0x6d,0x43,0xf2,0x59,0x4c,0xf3,0x0d,0x17,0xf1,0x4c,0x10,0x88,0x6d,0x43,0x12,0x06,0x16,0xd3,0x84,0xc1,0x70,0x11,
    0xcf,0x04,0x81,0xe0,0x26,0x08,0x71,0xa0,0x06,0x1b,0x92,0x31,0x20,0x03,0xa6,0x19,0x83,0xa1,0x22,0x9e,0x09,0x02,0xd1,0x6d,
    0x48,0xcc,0x80,0x0c,0x98,0xc6,0x0c,0x86,0x8a,0x78,0x26,0x08,0x84,0xb7,0x21,0x41,0x03,0x32,0x60,0x1a,0x34,0x18,0x2a,0xe2,
    0x99,0x20,0x10,0xdf,0x86,0x44,0x0d,0xc8,0x80,0x69,0xd4,0x60,0xa8,0x88,0x67,0x03,0x04,0x45,0x12,0x85,0x65,0x1a,0xd7,0x79,
    0x60,0x20,0x06,0x65,0x70,0x06,0x69,0xb0,0x06,0x13,0x04,0x3b,0x58,0x83,0x09,0x02,0x01,0x06,0x1b,0x10,0xa2,0x0d,0x98,0x89,
    0x18,0xdc,0x00,0xd8,0x10,0xbc,0xc1,0x04,0x01,0x0f,0xd8,0x60,0x03,0x42,0xc4,0x01,0xd3,0x10,0xc3,0x00,0x6c,0x40,0x86,0x38,
    0x60,0x9a,0x61,0x18,0x80,0x0d,0x48,0x13,0x07,0x4c,0xd3,0x0c,0x03,0xb0,0x01,0x99,0xe2,0x80,0x69,0xa6,0x61,0x00,0x26,0x08,
    0x7a,0xd0,0x06,0x1b,0x90,0xca,0x0e,0x98,0xa6,0x1a,0x08,0x60,0x03,0x72,0xd9,0x01,0xd3,0x5c,0x03,0x01,0x6c,0x40,0x12,0x3b,
    0x60,0x9a,0x64,0x20,0x80,0x0d,0xc8,0x66,0x07,0x4c,0xb3,0x0d,0x04,0xb0,0x01,0x31,0xec,0x80,0x69,0x8c,0x81,0x00,0x36,0x20,
    0x8e,0x1d,0x30,0x8d,0x33,0x10,0xc0,0x06,0xe4,0xb3,0x03,0xa6,0xf9,0x06,0x02,0xd8,0x80,0x84,0x81,0x1d,0x30,0x4d,0x18,0x0c,
    0x04,0xb0,0x01,0x19,0x03,0x3b,0x60,0x9a,0x31,0x18,0x08,0x60,0x03,0x62,0x06,0x76,0xc0,0x34,0x66,0x30,0x10,0xc0,0x06,0x04,
    0x0d,0xec,0x80,0x69,0xd0,0x60,0x20,0x80,0x0d,0x88,0x1a,0xd8,0x01,0xd3,0xa8,0xc1,0x40,0x00,0x1b,0x20,0x39,0x98,0x03,0x3a,
    0xa8,0x83,0x3b,0xc0,0x83,0x3c,0xd0,0x83,0x3d,0xe0,0x83,0x3e,0xf0,0x83,0x3f,0x00,0x85,0x50,0x10,0x85,0x0d,0x04,0x1b,0x00,
    0x70,0x30,0x0a,0x13,0x84,0x3d,0x70,0x83,0x0d,0x41,0x29,0x4c,0x10,0x04,0x80,0x44,0x5b,0x58,0x9a,0x1b,0x97,0x29,0xab,0x2f,
    0xa8,0xb7,0xb9,0x34,0xba,0xb4,0x37,0xb7,0x09,0x42,0x11,0x06,0x13,0x84,0x42,0x0c,0x36,0x04,0xc4,0x04,0xa1,0x18,0x83,0x09,
    0x42,0x41,0x06,0x1b,0x16,0x22,0x15,0x54,0x61,0x15,0x58,0xa1,0x15,0x86,0x56,0x20,0x5c,0x01,0x20,0x42,0x55,0x84,0x35,0xf4,
    0xf4,0x24,0x45,0x34,0x41,0x28,0xca,0x60,0x83,0x30,0xa9,0xc1,0x86,0x65,0x80,0x05,0x55,0x70,0x05,0x56,0x88,0x85,0xa1,0x15,
    0x06,0x57,0x90,0x85,0x0d,0xc1,0xb0,0x61,0x69,0x60,0x41,0x15,0x5c,0x81,0x16,0x62,0x61,0x68,0x85,0xc6,0x15,0x64,0x61,0x43,
    0xd0,0x4c,0x10,0x0a,0x33,0xd8,0xb0,0x4c,0xb0,0xa0,0x0a,0xae,0x60,0x0b,0xb7,0x30,0xb4,0xc2,0xe4,0x0a,0xb2,0xb0,0x21,0x98,
    0x36,0x2c,0x15,0x2c,0xa8,0x82,0x2b,0xe4,0xc2,0x2d,0x0c,0xad,0x50,0xb9,0x82,0x2c,0x6c,0x08,0xaa,0x0d,0xcb,0x05,0x0b,0xaa,
    0xe0,0x0a,0xbb,0x10,0x0b,0x43,0x2b,0x5c,0xae,0x20,0x0b,0x1b,0x82,0x6b,0xc3,0x92,0xc0,0x82,0x2a,0xb8,0x42,0x2f,0xc4,0xc2,
    0xd0,0x0a,0x89,0x2b,0xc8,0xc2,0x86,0x20,0xd9,0xb0,0x6c,0xb0,0xa0,0x0a,0xae,0xf0,0x0b,0xb1,0x30,0xb4,0xc2,0xe6,0x0a,0xb2,
    0xb0,0x21,0xd8,0x36,0x2c,0x06,0x2c,0xa8,0x82,0x2b,0x84,0x43,0x2c,0x0c,0xad,0x60,0xb8,0x82,0x2c,0x6c,0x08,0x8c,0x0d,0x8b,
    0x03,0x0b,0xaa,0xe0,0x0a,0xe3,0x10,0x0b,0x43,0x2b,0x38,0xae,0x20,0x0b,0x1b,0x02,0x67,0xc3,0xf2,0xc1,0x82,0x2a,0xb8,0x42,
    0x39,0xc4,0xc2,0xd0,0x0a,0x9f,0x2b,0xc8,0xc2,0x86,0xe0,0xdb,0xb0,0x84,0x01,0x2c,0xa8,0x82,0x2b,0x9c,0x43,0x2c,0x0c,0xad,
    0x10,0x06,0xae,0x20,0x0b,0x1b,0x82,0x30,0xd8,0xb0,0x8c,0x01,0x2c,0xa8,0x82,0x2b,0xa4,0x43,0x2c,0x0c,0xad,0x30,0x06,0xae,
    0x20,0x0b,0x1b,0x82,0x31,0xd8,0x20,0x4c,0x66,0xb0,0x61,0x31,0x03,0x58,0x50,0x05,0x57,0x58,0x87,0x58,0x18,0x5a,0xc1,0x0c,
    0x5c,0x81,0x1d,0x36,0x38,0xaf,0x30,0x0b,0xb5,0x80,0x0b,0xba,0xc0,0x0b,0xbe,0x00,0x0e,0xe2,0x40,0x0e,0xe6,0x80,0x0e,0xea,
    0xd0,0x0e,0x4c,0xa6,0xac,0xbe,0xa8,0xc2,0xe4,0xce,0xca,0xe8,0x26,0x08,0xc5,0x19,0x6c,0x58,0x88,0x77,0x50,0x05,0x78,0x60,
    0x05,0x57,0x18,0x5a,0x81,0x70,0x05,0x59,0xd8,0x10,0xc4,0xc3,0x86,0xc1,0x1d,0xe4,0x01,0xd8,0x50,0x9c,0x02,0x2a,0xcc,0x03,
    0x29,0x00,0x55,0xd8,0xd8,0xec,0xda,0x5c,0xd2,0xc8,0xca,0xdc,0xe8,0xa6,0x04,0x41,0x15,0x32,0x3c,0x17,0xbb,0x32,0xb9,0xb9,
    0xb4,0x37,0xb7,0x29,0x01,0xd1,0x84,0x0c,0xcf,0xc5,0x2e,0x8c,0xcd,0xae,0x4c,0x6e,0x4a,0x60,0xd4,0x21,0xc3,0x73,0x99,0x43,
    0x0b,0x23,0x2b,0x93,0x6b,0x7a,0x23,0x2b,0x63,0x9b,0x12,0x24,0x65,0xc8,0xf0,0x5c,0xe4,0xca,0xe6,0xde,0xea,0xe4,0xc6,0xca,
    0xe6,0xa6,0x04,0xa3,0x50,0x87,0x0c,0xcf,0xc5,0x2e,0xad,0xec,0x2e,0x89,0x6c,0x8a,0x2e,0x8c,0xae,0x6c,0x4a,0x50,0x0a,0x75,
    0xc8,0xf0,0x5c,0xca,0xdc,0xe8,0xe4,0xf2,0xa0,0xde,0xd2,0xdc,0xe8,0xe6,0xa6,0x04,0xf3,0x00,0x00,0x00,0x79,0x18,0x00,0x00,
    0x51,0x00,0x00,0x00,0x33,0x08,0x80,0x1c,0xc4,0xe1,0x1c,0x66,0x14,0x01,0x3d,0x88,0x43,0x38,0x84,0xc3,0x8c,0x42,0x80,0x07,
    0x79,0x78,0x07,0x73,0x98,0x71,0x0c,0xe6,0x00,0x0f,0xed,0x10,0x0e,0xf4,0x80,0x0e,0x33,0x0c,0x42,0x1e,0xc2,0xc1,0x1d,0xce,
    0xa1,0x1c,0x66,0x30,0x05,0x3d,0x88,0x43,0x38,0x84,0x83,0x1b,0xcc,0x03,0x3d,0xc8,0x43,0x3d,0x8c,0x03,0x3d,0xcc,0x78,0x8c,
    0x74,0x70,0x07,0x7b,0x08,0x07,0x79,0x48,0x87,0x70,0x70,0x07,0x7a,0x70,0x03,0x76,0x78,0x87,0x70,0x20,0x87,0x19,0xcc,0x11,
    0x0e,0xec,0x90,0x0e,0xe1,0x30,0x0f,0x6e,0x30,0x0f,0xe3,0xf0,0x0e,0xf0,0x50,0x0e,0x33,0x10,0xc4,0x1d,0xde,0x21,0x1c,0xd8,
    0x21,0x1d,0xc2,0x61,0x1e,0x66,0x30,0x89,0x3b,0xbc,0x83,0x3b,0xd0,0x43,0x39,0xb4,0x03,0x3c,0xbc,0x83,0x3c,0x84,0x03,0x3b,
    0xcc,0xf0,0x14,0x76,0x60,0x07,0x7b,0x68,0x07,0x37,0x68,0x87,0x72,0x68,0x07,0x37,0x80,0x87,0x70,0x90,0x87,0x70,0x60,0x07,
    0x76,0x28,0x07,0x76,0xf8,0x05,0x76,0x78,0x87,0x77,0x80,0x87,0x5f,0x08,0x87,0x71,0x18,0x87,0x72,0x98,0x87,0x79,0x98,0x81,
    0x2c,0xee,0xf0,0x0e,0xee,0xe0,0x0e,0xf5,0xc0,0x0e,0xec,0x30,0x03,0x62,0xc8,0xa1,0x1c,0xe4,0xa1,0x1c,0xcc,0xa1,0x1c,0xe4,
    0xa1,0x1c,0xdc,0x61,0x1c,0xca,0x21,0x1c,0xc4,0x81,0x1d,0xca,0x61,0x06,0xd6,0x90,0x43,0x39,0xc8,0x43,0x39,0x98,0x43,0x39,
    0xc8,0x43,0x39,0xb8,0xc3,0x38,0x94,0x43,0x38,0x88,0x03,0x3b,0x94,0xc3,0x2f,0xbc,0x83,0x3c,0xfc,0x82,0x3b,0xd4,0x03,0x3b,
    0xb0,0xc3,0x0c,0xc4,0x21,0x07,0x7c,0x70,0x03,0x7a,0x28,0x87,0x76,0x80,0x87,0x19,0xd1,0x43,0x0e,0xf8,0xe0,0x06,0xe4,0x20,
    0x0e,0xe7,0xe0,0x06,0xf6,0x10,0x0e,0xf2,0xc0,0x0e,0xe1,0x90,0x0f,0xef,0x50,0x0f,0xf4,0x30,0x83,0x81,0xc8,0x01,0x1f,0xdc,
    0x40,0x1c,0xe4,0xa1,0x1c,0xc2,0x61,0x1d,0xdc,0x40,0x1c,0xe4,0x01,0x00,0x00,0x00,0x71,0x20,0x00,0x00,0x3d,0x00,0x00,0x00,
    0x66,0x00,0x0d,0x97,0xef,0x3c,0x7e,0x80,0x34,0x40,0x84,0xf9,0xc5,0x6d,0x1b,0x03,0x34,0x5c,0xbe,0xf3,0xf8,0x01,0xd2,0x00,
    0x11,0xe6,0x23,0xb7,0x6d,0x0e,0xdb,0x70,0xf9,0xce,0xe3,0x0b,0x01,0x55,0x14,0x44,0x54,0x3a,0xc0,0x50,0x12,0x06,0x20,0x60,
    0x7e,0x71,0xdb,0xf6,0x20,0x0d,0x97,0xef,0x3c,0xbe,0x10,0x11,0xc0,0x44,0x84,0x40,0x33,0x2c,0x84,0x0d,0x34,0xc3,0xe5,0x3b,
    0x8f,0x3f,0x20,0x92,0x00,0x44,0x83,0x15,0x38,0xc3,0xe5,0x3b,0x8f,0x3f,0x38,0x93,0xed,0x17,0xb7,0x6d,0x0d,0xce,0x70,0xf9,
    0xce,0xe3,0x0f,0xce,0x74,0xfb,0xc5,0x6d,0xdb,0xc2,0x34,0x5c,0xbe,0xf3,0xf8,0x06,0x31,0x75,0x08,0x43,0x34,0x12,0xe2,0x34,
    0x92,0x05,0x4c,0xc3,0xe5,0x3b,0x8f,0xbf,0x38,0xc0,0x20,0x36,0x0f,0x35,0xf9,0xc5,0x6d,0xdb,0x01,0x35,0x5c,0xbe,0xf3,0xf8,
    0x12,0xc0,0x3c,0x0b,0xb1,0x21,0x80,0xe4,0x17,0xb7,0x6d,0x0a,0xd3,0x70,0xf9,0xce,0xe3,0x4b,0x00,0xf3,0x2c,0x04,0xc7,0x3c,
    0x7e,0x71,0xdb,0x96,0x40,0x0d,0x97,0xef,0x3c,0xbe,0x04,0x30,0xcf,0x42,0x80,0x11,0x30,0xf8,0xc5,0x6d,0x1b,0x42,0x35,0x5c,
    0xbe,0xf3,0xf8,0x12,0xc0,0x3c,0x0b,0x51,0x12,0x15,0xb1,0xf8,0xc5,0x6d,0x9b,0x40,0x35,0x5c,0xbe,0xf3,0xf8,0xd2,0xe4,0x44,
    0x04,0x4a,0x4d,0x0f,0x35,0xf9,0xc5,0x6d,0x1b,0xc1,0x33,0x5c,0xbe,0xf3,0xf8,0x54,0x03,0x44,0x98,0x5f,0xdc,0xb6,0x01,0x10,
    0x0c,0x80,0x34,0x00,0x61,0x20,0x00,0x00,0x9c,0x17,0x00,0x00,0x13,0x04,0xea,0x13,0x0b,0x04,0x00,0x00,0x39,0x00,0x00,0x00,
    0xa4,0xd4,0xc0,0x08,0x00,0x11,0x45,0x1a,0x50,0x83,0x04,0x05,0x08,0x08,0xf8,0x50,0x80,0x80,0x80,0x08,0x05,0x08,0x08,0x18,
    0x50,0x68,0x05,0x08,0x48,0x50,0x80,0x80,0x02,0x05,0x57,0x32,0xe5,0x56,0xb0,0x01,0xe5,0x18,0x50,0xae,0x01,0xc5,0x18,0x50,
    0x46,0x85,0x34,0x03,0x50,0x36,0x35,0x50,0x2c,0x55,0x50,0x76,0x25,0x57,0x90,0x01,0xc5,0x57,0x80,0x3c,0x05,0x08,0x51,0x30,
    0xa5,0x52,0x7a,0x05,0x18,0x50,0x20,0xe5,0x52,0x40,0xe5,0x53,0x38,0x05,0x3e,0x50,0x50,0xe5,0x57,0x22,0x05,0x48,0x50,0x3c,
    0x45,0x52,0x28,0x65,0x1a,0x50,0xa8,0x01,0x65,0x52,0x34,0xc5,0x56,0xaa,0x01,0xa5,0x18,0x50,0xac,0x01,0x34,0x8c,0x11,0x80,
    0x20,0x08,0xe2,0xdd,0x18,0x01,0x08,0x82,0xfe,0x1d,0x06,0x63,0x04,0x7d,0xdf,0xb2,0xb8,0x2e,0x8c,0x11,0xec,0xb1,0x1a,0xef,
    0xbf,0x30,0x46,0x00,0x82,0x20,0x88,0xff,0xc2,0x18,0x01,0x09,0x83,0x22,0xfe,0x0b,0x63,0x04,0x22,0x0a,0x86,0x20,0x18,0x8c,
    0x11,0xdc,0x78,0x3b,0xb6,0xbc,0x30,0x46,0xd0,0xf7,0x2d,0x8b,0x6b,0x63,0x04,0x20,0x08,0x82,0x28,0x18,0x8c,0x11,0xdc,0x78,
    0x3b,0xb6,0xdc,0x18,0x01,0x08,0x82,0x20,0x08,0x06,0x63,0x04,0x20,0x08,0x82,0xf0,0x37,0x03,0x30,0x46,0x00,0x82,0x20,0x08,
    0xff,0xc2,0x08,0xc0,0x18,0x01,0x08,0x82,0x20,0xfe,0x01,0x00,0x23,0x06,0x09,0x00,0x82,0x60,0x60,0x06,0xe8,0xf0,0x06,0xb3,
    0x80,0x0b,0xb8,0x70,0x0a,0x23,0x06,0x09,0x00,0x82,0x60,0x60,0x06,0xe9,0x00,0x07,0xb4,0xa0,0x0b,0xba,0x80,0x0a,0x23,0x06,
    0x09,0x00,0x82,0x60,0x60,0x06,0xea,0x10,0x07,0xb5,0xc0,0x0b,0xbc,0x90,0x0a,0x23,0x06,0x09,0x00,0x82,0x60,0x60,0x06,0xeb,
    0x20,0x07,0xb6,0xe0,0x0b,0xbe,0xa0,0x0a,0x23,0x06,0x09,0x00,0x82,0x60,0x60,0x06,0xec,0x30,0x07,0xb7,0x00,0x0e,0xe0,0xb0,
    0x0a,0x23,0x06,0x09,0x00,0x82,0x60,0x60,0x06,0xed,0x40,0x07,0xb8,0x20,0x0e,0xe2,0xc0,0x0a,0x23,0x06,0x09,0x00,0x82,0x60,
    0x60,0x06,0xee,0x50,0x07,0xb9,0x80,0x0e,0xe8,0xd0,0x0a,0x23,0x06,0x09,0x00,0x82,0x60,0x60,0x06,0xef,0x60,0x07,0xba,0xc0,
    0x0e,0xec,0xe0,0x0a,0x23,0x06,0x09,0x00,0x82,0x60,0x60,0x06,0xf0,0x70,0x07,0xbb,0x60,0x0e,0xe6,0xf0,0x0a,0x23,0x06,0x09,
    0x00,0x82,0x60,0x60,0x06,0xf1,0x80,0x07,0xbc,0xd0,0x0e,0xed,0x00,0x0b,0x23,0x06,0x09,0x00,0x82,0x60,0x60,0x06,0xf2,0x90,
    0x07,0xbd,0x90,0x0e,0xe9,0x10,0x0b,0x23,0x06,0x09,0x00,0x82,0x60,0x60,0x06,0xf3,0xa0,0x07,0xbe,0xb0,0x0e,0xeb,0x20,0x0b,
    0x23,0x06,0x09,0x00,0x82,0x60,0x60,0x06,0xf4,0xb0,0x07,0xbf,0xd0,0x0e,0xed,0x30,0x0b,0x23,0x06,0x09,0x00,0x82,0x60,0x60,
    0x06,0xf5,0xc0,0x07,0xe0,0x00,0x0f,0xf0,0x40,0x0b,0x23,0x06,0x09,0x00,0x82,0x60,0x60,0x06,0xf6,0xd0,0x07,0xe1,0x50,0x0f,
    0xf5,0x50,0x0b,0x23,0x06,0x09,0x00,0x82,0x60,0x60,0x06,0xf7,0xe0,0x07,0xe2,0x50,0x0f,0xf5,0x60,0x0b,0x23,0x06,0x09,0x00,
    0x82,0x60,0x60,0x06,0xf8,0xf0,0x07,0xe5,0x80,0x0e,0xe8,0x70,0x0b,0x23,0x06,0x09,0x00,0x82,0x60,0x60,0x06,0xf9,0x00,0x0a,
    0xe6,0xa0,0x0e,0xea,0x80,0x0b,0x23,0x06,0x09,0x00,0x82,0x60,0x60,0x06,0xfa,0x10,0x0a,0xe7,0xc0,0x0e,0xec,0x90,0x0b,0x23,
    0x06,0x09,0x00,0x82,0x60,0x60,0x06,0xfb,0x20,0x0a,0xe8,0xe0,0x0e,0xee,0xa0,0x0b,0x23,0x06,0x09,0x00,0x82,0x60,0x60,0x06,
    0xfc,0x30,0x0a,0xe9,0x00,0x0f,0xf0,0xb0,0x0b,0x23,0x06,0x09,0x00,0x82,0x60,0x60,0x06,0xfd,0x40,0x0a,0xea,0x20,0x0f,0xf2,
    0xc0,0x0b,0x23,0x06,0x09,0x00,0x82,0x60,0x60,0x06,0xfe,0x50,0x0a,0xeb,0x80,0x0f,0xf8,0xd0,0x0b,0x23,0x06,0x09,0x00,0x82,
    0x60,0x60,0x06,0xff,0x60,0x0a,0xec,0xc0,0x0f,0xfc,0xe0,0x0b,0x23,0x06,0x09,0x00,0x82,0x60,0x60,0x06,0x20,0x71,0x0a,0xed,
    0x60,0x0f,0xf6,0xf0,0x0b,0x23,0x06,0x09,0x00,0x82,0x60,0x60,0x06,0x21,0x81,0x0a,0xee,0xd0,0x0f,0xfd,0x00,0x0e,0x23,0x06,
    0x09,0x00,0x82,0x60,0x60,0x06,0x22,0x91,0x0a,0xef,0x90,0x0f,0xf9,0x10,0x0e,0x23,0x06,0x09,0x00,0x82,0x60,0x60,0x06,0x23,
    0xa1,0x0a,0xf0,0xb0,0x0f,0xfb,0x20,0x0e,0x23,0x06,0x09,0x00,0x82,0x60,0x60,0x06,0x24,0xb1,0x0a,0xf1,0xd0,0x0f,0xfd,0x30,
    0x0e,0x23,0x06,0x09,0x00,0x82,0x60,0x60,0x06,0x25,0xc1,0x0a,0xf2,0x00,0x12,0x20,0x41,0x0e,0x23,0x06,0x09,0x00,0x82,0x60,
    0x60,0x06,0x26,0xd1,0x0a,0xf3,0x50,0x12,0x25,0x51,0x0e,0x23,0x06,0x09,0x00,0x82,0x60,0x60,0x06,0x27,0xe1,0x0a,0xf4,0x50,
    0x12,0x25,0x61,0x0e,0x23,0x06,0x09,0x00,0x82,0x60,0x60,0x06,0x28,0xf1,0x0a,0xf2,0x60,0x12,0x26,0x71,0x0e,0x23,0x06,0x09,
    0x00,0x82,0x60,0x60,0xdc,0x44,0x48,0xec,0xc3,0x49,0xd0,0x83,0x2d,0x8c,0x18,0x24,0x00,0x08,0x82,0x81,0x81,0x13,0x22,0xc1,
    0x0f,0x28,0x41,0x0f,0xb7,0x30,0x62,0x90,0x00,0x20,0x08,0x06,0x46,0x4e,0x8c,0x44,0x3f,0xa4,0x04,0x3e,0xe0,0xc2,0x88,0x41,
    0x02,0x80,0x20,0x18,0x18,0x3a,0x41,0x12,0xff,0xa0,0x12,0xf7,0x90,0x0b,0x23,0x06,0x09,0x00,0x82,0x60,0x60,0xec,0x44,0x49,
    0x80,0xc4,0x4a,0xd8,0x83,0x2e,0x8c,0x18,0x24,0x00,0x08,0x82,0x81,0xc1,0x13,0x26,0x11,0x12,0x2c,0x81,0x0f,0xbb,0x30,0x62,
    0x90,0x00,0x20,0x08,0x06,0x46,0x4f,0x9c,0x84,0x48,0xb4,0x04,0x3f,0xf0,0xc2,0x88,0x41,0x02,0x80,0x20,0x18,0x18,0x3e,0x81,
    0x12,0x24,0xe1,0x12,0xfb,0xd0,0x0b,0x23,0x06,0x09,0x00,0x82,0x60,0x60,0xfc,0x44,0x4a,0x94,0xc4,0x4b,0xe8,0x83,0x2f,0x8c,
    0x18,0x24,0x00,0x08,0x82,0x81,0x01,0x16,0x2a,0x61,0x12,0x30,0xc1,0x0f,0xbf,0x30,0x62,0x90,0x00,0x20,0x08,0x06,0x46,0x58,
    0xac,0xc4,0x49,0xc4,0x04,0x48,0x80,0xc3,0x88,0x41,0x02,0x80,0x20,0x18,0x18,0x62,0xc1,0x12,0x29,0x21,0x13,0xff,0x10,0x0e,
    0x23,0x06,0x09,0x00,0x82,0x60,0x60,0x8c,0x45,0x4b,0xa8,0xc4,0x4c,0xf8,0x83,0x38,0x8c,0x18,0x24,0x00,0x08,0x82,0x81,0x41,
    0x16,0x2e,0xb1,0x12,0x34,0x01,0x12,0xe3,0x30,0x62,0x90,0x00,0x20,0x08,0x06,0x46,0x59,0xbc,0x04,0x4b,0xd4,0x04,0x49,0x90,
    0xc3,0x88,0x41,0x02,0x80,0x20,0x18,0x18,0x66,0x01,0x13,0x32,0x61,0x13,0x23,0x51,0x0e,0x23,0x06,0x09,0x00,0x82,0x60,0x60,
    0x9c,0x45,0x4c,0xcc,0xc4,0x4d,0x88,0x84,0x39,0x8c,0x18,0x24,0x00,0x08,0x82,0x81,0x81,0x16,0x32,0x41,0x13,0x38,0x41,0x12,
    0xe7,0x30,0x62,0x90,0x00,0x20,0x08,0x06,0x46,0x5a,0xcc,0x44,0x4d,0xe4,0x04,0x4a,0xa0,0xc3,0x88,0x41,0x02,0x80,0x20,0x18,
    0x18,0x6a,0x41,0x13,0x39,0xa1,0x13,0x27,0x91,0x0e,0x23,0x06,0x09,0x00,0x82,0x60,0x60,0xac,0x45,0x4d,0xe8,0xc4,0x4e,0x98,
    0x84,0x3a,0x8c,0x18,0x24,0x00,0x08,0x82,0x81,0xc1,0x16,0x36,0xb1,0x13,0x3c,0x81,0x12,0xeb,0x30,0x62,0x90,0x00,0x20,0x08,
    0x06,0x46,0x5b,0xdc,0x04,0x4f,0xf4,0x04,0x4b,0xb0,0xc3,0x88,0x41,0x02,0x80,0x20,0x18,0x18,0x6e,0x81,0x13,0x36,0xe1,0x13,
    0x2b,0xd1,0x0e,0x23,0x06,0x09,0x00,0x82,0x60,0x60,0xbc,0x45,0x4e,0xdc,0xc4,0x4f,0xa8,0x84,0x3b,0x8c,0x18,0x24,0x00,0x08,
    0x82,0x81,0x01,0x17,0x3a,0x81,0x13,0x60,0xc1,0x12,0xef,0x30,0x62,0x90,0x00,0x20,0x08,0x06,0x46,0x5c,0xec,0x44,0x4e,0x84,
    0x05,0x4c,0xc0,0xc3,0x88,0x41,0x02,0x80,0x20,0x18,0x18,0x72,0xc1,0x13,0x60,0x21,0x16,0x2f,0x11,0x0f,0x23,0x06,0x09,0x00,
    0x82,0x60,0x60,0xcc,0x45,0x4f,0x84,0xc5,0x58,0xb8,0x84,0x3c,0x8c,0x18,0x24,0x00,0x08,0x82,0x81,0x41,0x17,0x3e,0x21,0x16,
    0x64,0x01,0x13,0xf3,0x30,0x62,0x90,0x00,0x20,0x08,0x06,0x46,0x5d,0xfc,0xc4,0x58,0x94,0x05,0x4d,0xd0,0xc3,0x88,0x41,0x02,
    0x80,0x20,0x18,0x18,0x76,0x01,0x16,0x3f,0x61,0x16,0x33,0x51,0x0f,0x23,0x06,0x09,0x00,0x82,0x60,0x60,0xdc,0x45,0x58,0x80,
    0xc5,0x59,0xc8,0x84,0x3d,0x8c,0x18,0x24,0x00,0x08,0x82,0x81,0x81,0x17,0x62,0x11,0x16,0x68,0x41,0x13,0xf7,0x30,0x62,0x90,
    0x00,0x20,0x08,0x06,0x46,0x5e,0x8c,0x85,0x58,0xa4,0x05,0x4e,0xe0,0xc3,0x88,0x41,0x02,0x80,0x20,0x18,0x18,0x7a,0x41,0x16,
    0x64,0xa1,0x16,0x37,0x91,0x0f,0x23,0x06,0x09,0x00,0x82,0x60,0x60,0xec,0x45,0x59,0x94,0xc5,0x5a,0xd8,0x84,0x3e,0x8c,0x18,
    0x24,0x00,0x08,0x82,0x81,0xc1,0x17,0x66,0x61,0x16,0x6c,0x81,0x13,0xfb,0x30,0x62,0x90,0x00,0x20,0x08,0x06,0x46,0x5f,0x9c,
    0xc5,0x59,0xb4,0x05,0x4f,0xf0,0xc3,0x88,0x41,0x02,0x80,0x20,0x18,0x18,0x7e,0x81,0x16,0x69,0xe1,0x16,0x3b,0xd1,0x0f,0x23,
    0x06,0x09,0x00,0x82,0x60,0x60,0xfc,0x45,0x5a,0xa8,0xc5,0x5b,0xe8,0x84,0x3f,0x8c,0x18,0x24,0x00,0x08,0x82,0x81,0x01,0x1a,
    0x6a,0xb1,0x16,0x70,0xc1,0x13,0xff,0x30,0x62,0x90,0x00,0x20,0x08,0x06,0x46,0x68,0xac,0x05,0x5b,0xc4,0x05,0x58,0x80,0xc4,
    0x88,0x41,0x02,0x80,0x20,0x18,0x18,0xa2,0xc1,0x16,0x6f,0x21,0x17,0x3f,0x11,0x12,0x23,0x06,0x09,0x00,0x82,0x60,0x60,0x8c,
    0x46,0x5b,0xc0,0xc5,0x5c,0xf8,0x84,0x48,0x8c,0x18,0x24,0x00,0x08,0x82,0x81,0x41,0x1a,0x6e,0x11,0x17,0x74,0x01,0x16,0x23,
    0x31,0x62,0x90,0x00,0x20,0x08,0x06,0x46,0x69,0xbc,0x85,0x5c,0xd4,0x05,0x59,0x90,0xc4,0x88,0x41,0x02,0x80,0x20,0x18,0x18,
    0xa6,0x01,0x17,0x77,0x61,0x17,0x63,0x51,0x12,0x23,0x06,0x09,0x00,0x82,0x60,0x60,0x9c,0x46,0x5c,0xe0,0xc5,0x5d,0x88,0x85,
    0x49,0x8c,0x18,0x24,0x00,0x08,0x82,0x81,0x81,0x1a,0x72,0x91,0x17,0x78,0x41,0x16,0x27,0x31,0x62,0x90,0x00,0x20,0x08,0x06,
    0x46,0x6a,0xcc,0x85,0x5e,0xe4,0x05,0x5a,0xa0,0xc4,0x88,0xc1,0x01,0x80,0x20,0x18,0x90,0x41,0x5f,0x90,0x04,0x1d,0xc8,0xc4,
    0x68,0x42,0x00,0x8c,0x26,0x08,0xc1,0x09,0x04,0x55,0x60,0x17,0x5a,0x82,0x5f,0xe8,0x70,0x43,0x00,0x1a,0x60,0x50,0xc4,0x5e,
    0x60,0x05,0x74,0xa1,0x65,0xe8,0x83,0x0e,0x37,0x04,0xa4,0x01,0x06,0x85,0xec,0x05,0x56,0x10,0x1a,0x5a,0x0a,0x58,0xe8,0x70,
    0x43,0x80,0x1a,0x61,0x50,0xcc,0x58,0xe8,0x70,0x43,0xa0,0x1a,0x60,0x70,0x0f,0x41,0xd3,0x0d,0x9e,0x45,0x4c,0x37,0x78,0x56,
    0x31,0xdd,0xe0,0x59,0xc6,0x74,0x83,0x67,0x1d,0xd3,0x0d,0x66,0xe0,0x21,0xd3,0x0d,0x66,0xe0,0x25,0xd3,0x0d,0x66,0xe0,0x29,
    0xd3,0x0d,0x66,0xe0,0x2d,0xb3,0x04,0xc1,0x40,0xc5,0x00,0x01,0x61,0x5b,0xb8,0xce,0x40,0xc5,0x00,0x01,0x61,0x5b,0xb8,0xce,
    0x40,0xc5,0x00,0x01,0x61,0x5b,0xb8,0xce,0x40,0xc5,0x00,0x01,0x61,0x5b,0xb8,0xce,0x40,0xc5,0x80,0x1e,0x40,0xd8,0x16,0xae,
    0x33,0x50,0x31,0xa8,0x07,0x10,0xb6,0x85,0xeb,0x0c,0x54,0x0c,0xec,0x01,0x84,0x6d,0xe1,0x3a,0x03,0x15,0x83,0x7b,0x00,0x61,
    0x5b,0xb8,0xce,0x40,0xc5,0x00,0x1f,0x40,0xbe,0x0f,0xae,0x33,0x50,0x31,0xc8,0x07,0x90,0xef,0x83,0xeb,0x0c,0x54,0x0c,0xf4,
    0x01,0xe4,0xfb,0xe0,0x3a,0x03,0x15,0x84,0xdf,0x00,0x3d,0x5b,0xb8,0xce,0x40,0x05,0x01,0x3a,0xc0,0x18,0xb8,0xce,0x40,0x05,
    0x21,0x3a,0x40,0x28,0xb8,0xce,0x40,0x05,0x41,0x3a,0x40,0xce,0x16,0xae,0x33,0xdc,0x10,0x94,0x81,0x19,0xcc,0x32,0xbc,0x8e,
    0x10,0x94,0x10,0x1e,0x64,0x01,0x68,0x80,0x60,0xc4,0xe0,0x00,0x40,0x10,0x0c,0xc8,0x20,0x3d,0xe0,0x02,0x1c,0x82,0xd1,0x84,
    0x00,0x18,0x4d,0x10,0x82,0xd1,0x84,0x41,0x18,0x4d,0x20,0x86,0x4a,0xd8,0x43,0x87,0x1b,0x02,0xf6,0x08,0x83,0xe9,0x06,0xc2,
    0x08,0x2e,0x20,0x68,0xba,0xa1,0x38,0x86,0x0b,0x08,0xaa,0xc1,0x2d,0xb4,0x08,0xf2,0xc0,0x0a,0xd6,0x43,0x4d,0xa8,0x8f,0x1b,
    0xd4,0xe1,0x1e,0x58,0x81,0x7b,0xa8,0x09,0xf8,0x71,0x83,0x52,0xde,0x03,0x2b,0x88,0x0f,0x35,0x61,0x3f,0x6e,0x50,0xcd,0x6d,
    0xe8,0x70,0x43,0xc0,0x1f,0x61,0x50,0x0f,0x68,0x60,0x05,0xf9,0xa1,0x15,0xf1,0x86,0x0e,0x37,0x04,0x20,0x12,0x06,0x15,0xf9,
    0x85,0x96,0x44,0x1f,0x58,0xc1,0x7e,0x68,0x51,0xfd,0x81,0x15,0xf4,0x87,0x9a,0x70,0x22,0x37,0xa8,0xcb,0x3f,0xb0,0x02,0x10,
    0x51,0x13,0x54,0xe4,0x06,0xa5,0xa1,0x87,0x5a,0x1a,0x98,0x88,0x0c,0x2a,0x14,0x82,0xac,0xa0,0x44,0xb4,0xd8,0xe0,0x45,0xae,
    0x02,0x18,0x59,0x0b,0xc0,0x03,0x06,0x23,0x06,0x07,0x00,0x82,0x60,0x40,0x06,0x34,0xb2,0x1b,0x2b,0x11,0x8c,0x26,0x04,0xc0,
    0x68,0x82,0x10,0x8c,0x26,0x0c,0xc2,0x68,0x02,0x31,0x18,0x62,0x1e,0x30,0x18,0x31,0x38,0x00,0x10,0x04,0x03,0x32,0xd0,0x91,
    0xf0,0x88,0x89,0x60,0x34,0x21,0x08,0x46,0x13,0x04,0x61,0x34,0x61,0x18,0x6e,0x20,0xa8,0x82,0xd9,0xd8,0x12,0xf8,0x43,0xa7,
    0x1b,0x84,0xc0,0xab,0x60,0x47,0xb0,0x02,0x1c,0xd1,0xe1,0x08,0x04,0x34,0x84,0xcf,0x90,0xd0,0x80,0xcf,0x05,0x04,0x0d,0x37,
    0xcc,0x41,0x99,0x80,0xc1,0x2c,0xc3,0xeb,0x0c,0xc1,0x70,0xc3,0x28,0x98,0x09,0x18,0xcc,0x32,0x28,0x44,0x30,0xdc,0x40,0x0a,
    0x63,0x02,0x06,0xb3,0x0c,0x4a,0x11,0x0c,0x37,0x94,0x82,0x98,0x80,0xc1,0x2c,0x83,0x62,0x04,0xc3,0x0d,0xa6,0x20,0x26,0x60,
    0x30,0xcb,0xa0,0x1c,0xc1,0x70,0xc3,0x29,0x88,0x09,0x18,0xcc,0x32,0x28,0x48,0x30,0xdc,0x80,0x0a,0x68,0x02,0x06,0xb3,0x0c,
    0x4a,0x12,0x0c,0x37,0xa4,0xc2,0x98,0x80,0xc1,0x74,0x83,0x58,0x98,0x44,0x30,0xdd,0x20,0x16,0x26,0x21,0x4c,0x37,0x88,0x85,
    0x49,0x0c,0xd3,0x0d,0x62,0x61,0x12,0xc4,0x2c,0x81,0x32,0xd0,0x33,0xf0,0xc8,0x40,0x26,0x04,0x9b,0x14,0x74,0x62,0xf0,0xc9,
    0x41,0x2a,0x08,0x92,0x0c,0xf4,0x0c,0x3c,0x32,0x90,0x09,0xc1,0x26,0x05,0x9d,0x18,0x7c,0x72,0x90,0x0a,0x82,0x24,0x03,0x3d,
    0x03,0x8f,0x0c,0x64,0x42,0xb0,0x49,0x41,0x27,0x06,0x9f,0x1c,0xa4,0x82,0x20,0xc9,0x40,0xcf,0xc0,0x23,0x03,0x99,0x10,0x6c,
    0x52,0xd0,0x89,0xc1,0x27,0x07,0xa9,0x20,0x48,0x32,0x62,0x70,0x00,0x20,0x08,0x06,0x64,0x70,0x27,0xfe,0xe1,0x16,0x6e,0x32,
    0x9a,0x10,0x08,0xc3,0x11,0x41,0x6d,0x08,0xdf,0x2c,0xc3,0xc2,0x04,0x23,0x06,0x06,0x00,0x82,0x60,0xd0,0x90,0x4a,0x9d,0xc0,
    0xc5,0x70,0x44,0xb0,0x1b,0xc4,0x37,0x1c,0x21,0x17,0xb5,0x41,0x7c,0xd3,0x0d,0xe3,0xd1,0x1b,0xc1,0x74,0x43,0x40,0x17,0xc3,
    0x70,0x83,0x2e,0xd0,0x09,0x18,0x58,0x23,0xd0,0xc7,0x9a,0x81,0x3e,0xc6,0x10,0xf4,0x31,0xa7,0xa0,0xcf,0x74,0xc3,0x13,0x14,
    0xb3,0x04,0xcc,0x40,0xc5,0x40,0x06,0x8a,0xb2,0x0c,0x54,0x0c,0x64,0xa0,0x28,0xcb,0x40,0xc5,0x40,0x06,0x8a,0xb1,0x0c,0x54,
    0x0c,0x64,0xa0,0x30,0x4b,0xa1,0x41,0x7f,0xe8,0x70,0x43,0x70,0x2a,0x60,0x30,0xcb,0xe0,0x34,0xc1,0x88,0x81,0x01,0x80,0x20,
    0x18,0x34,0xb5,0x62,0x2a,0xc3,0x70,0x44,0xa0,0x1e,0xc4,0x37,0x1c,0x51,0x98,0x07,0xf1,0x4d,0x37,0xbc,0x07,0x7b,0x04,0xd3,
    0x0d,0xc1,0x31,0xd8,0x12,0xd0,0xc7,0x16,0x81,0x3e,0xb6,0x0c,0xf4,0x99,0x25,0x70,0x06,0x2a,0x06,0xa3,0xe1,0x98,0x81,0x8a,
    0xc1,0x68,0x38,0x66,0xa0,0x62,0x30,0x1a,0x8e,0x19,0x6e,0x88,0x87,0x59,0x09,0x83,0xa2,0x07,0x15,0xd1,0xe1,0x86,0x20,0x4c,
    0xc0,0xa0,0x82,0x41,0x67,0x19,0x1e,0x29,0x18,0x6e,0xc0,0x87,0x5b,0x01,0x83,0x59,0x86,0x08,0x0a,0x8c,0x1f,0xfa,0x43,0x3e,
    0x16,0xfc,0x07,0x7c,0xac,0x1f,0xfe,0x43,0x3e,0x16,0x84,0x08,0x7c,0x46,0x0c,0x0e,0x00,0x04,0xc1,0x20,0x3a,0x97,0x36,0x19,
    0x46,0x64,0xc4,0xe0,0x00,0x40,0x10,0x0c,0x22,0x74,0x71,0x13,0x81,0x44,0x46,0x0c,0x0e,0x00,0x04,0xc1,0x20,0x4a,0x17,0x37,
    0x11,0xf2,0x63,0xc4,0xe0,0x00,0x40,0x10,0x0c,0x22,0x75,0x79,0x13,0x41,0x3f,0x66,0x09,0xa2,0x81,0x8a,0x81,0x80,0x50,0xe4,
    0x19,0xa8,0x18,0x08,0x08,0x45,0x1e,0xa3,0x85,0x1b,0x81,0xc1,0x88,0xc1,0x01,0x80,0x20,0x18,0x90,0x81,0xb9,0xb4,0x49,0x6f,
    0x04,0xa3,0x09,0x01,0x30,0x9a,0x20,0x04,0x23,0x06,0x09,0x00,0x82,0x60,0xf0,0xc8,0x4b,0x8d,0x08,0x81,0x51,0x58,0x70,0xc1,
    0x67,0x34,0xa1,0x10,0x46,0x13,0x8c,0x61,0xc4,0x20,0x01,0x40,0x10,0x0c,0x1e,0x7b,0xc9,0x11,0x21,0x50,0x12,0x0b,0x34,0xf8,
    0xcc,0x12,0x48,0x03,0x15,0x83,0x12,0xe1,0x81,0x33,0x50,0x31,0x10,0x11,0x1e,0x38,0xb3,0x0c,0xd3,0x8b,0xb4,0x82,0xfd,0x82,
    0x98,0xc0,0x60,0xc4,0xe0,0x00,0x40,0x10,0x0c,0xc8,0x40,0x5e,0xf2,0x24,0x3d,0x82,0xd1,0x84,0x40,0x18,0x4d,0x10,0x86,0x0b,
    0x08,0xaa,0x00,0x4e,0xf4,0x82,0xc1,0x6a,0x70,0x17,0xac,0x60,0x4e,0xf4,0x82,0xc1,0x46,0x0c,0x0c,0x00,0x04,0xc1,0xa0,0x29,
    0x99,0x35,0x61,0x46,0x0c,0x0c,0x00,0x04,0xc1,0xa0,0x31,0x19,0x36,0x61,0x46,0x0c,0x0c,0x00,0x04,0xc1,0xa0,0x39,0x99,0x36,
    0x41,0x83,0x11,0x03,0x03,0x00,0x41,0x30,0x68,0x50,0xa6,0x4d,0x9e,0x11,0x03,0x03,0x00,0x41,0x30,0x68,0x52,0xc6,0x4d,0x9e,
    0x11,0x03,0x03,0x00,0x41,0x30,0x68,0x54,0xe6,0x4d,0xd6,0x60,0xb8,0x01,0x24,0xfe,0x05,0x0c,0x86,0x1b,0x7e,0xe1,0x5f,0xc0,
    0xa0,0x84,0x60,0x67,0x19,0x34,0x2a,0x28,0x71,0x10,0x19,0x1d,0x6e,0x08,0x44,0x06,0x0c,0x66,0x19,0xac,0x2a,0x18,0x31,0x30,
    0x00,0x10,0x04,0x83,0x06,0x66,0x42,0xe6,0x1a,0x31,0x38,0x00,0x10,0x04,0x83,0xe8,0x65,0x6a,0x25,0x00,0x93,0x11,0x83,0x03,
    0x00,0x41,0x30,0x88,0x60,0xa6,0x56,0x02,0x30,0x99,0x25,0xb0,0x06,0x2a,0x06,0xa1,0xa2,0x03,0xaa,0xd0,0x81,0x64,0x74,0xb8,
    0x21,0x40,0x19,0x30,0x98,0x65,0xc0,0xae,0x60,0xc4,0xc0,0x00,0x40,0x10,0x0c,0x1a,0x9b,0x39,0x19,0x6e,0xc4,0xe0,0x00,0x40,
    0x10,0x0c,0xa2,0x9a,0xd9,0x95,0xc0,0x4c,0x46,0x0c,0x0e,0x00,0x04,0xc1,0x20,0xb2,0x99,0x5d,0x09,0xcc,0x64,0x96,0x00,0x1b,
    0xa8,0x18,0x84,0xcb,0x0f,0xac,0xe1,0x86,0x97,0x40,0x19,0x30,0xa8,0x77,0x40,0x19,0x1d,0x6e,0x08,0x5e,0x26,0x0c,0x6a,0x08,
    0x74,0x96,0x21,0xd3,0x82,0x11,0x03,0x03,0x00,0x41,0x30,0x68,0x7c,0xe6,0x65,0xfe,0x60,0xc4,0xe0,0x00,0x40,0x10,0x0c,0xa2,
    0x9e,0x19,0x97,0xc0,0x4d,0x46,0x0c,0x0e,0x00,0x04,0xc1,0x20,0xf2,0x99,0x71,0x09,0xdc,0x64,0x96,0x40,0x1b,0xe8,0x18,0x60,
    0x61,0xe2,0x32,0x0e,0x1b,0xe8,0x18,0x60,0x61,0x92,0x32,0x09,0x1b,0xe8,0x18,0x50,0x62,0x32,0x32,0x94,0xc0,0x66,0x19,0x36,
    0x35,0xc8,0x86,0x1b,0x54,0xe2,0x66,0xc0,0x60,0x96,0x81,0xeb,0x82,0x11,0x03,0x08,0x00,0x41,0x30,0xb0,0xc4,0x46,0x57,0xce,
    0xe4,0x46,0x88,0x41,0xb0,0x93,0x73,0x39,0x97,0x73,0x41,0x03,0x3b,0x19,0x4d,0x08,0x80,0xd1,0x04,0x21,0x18,0x4d,0x18,0x84,
    0xd1,0x04,0x62,0x98,0x25,0x78,0x91,0xe1,0x06,0x98,0xf0,0x19,0x30,0x98,0x65,0xf0,0xbe,0x60,0xc4,0x00,0x02,0x40,0x10,0x0c,
    0x2c,0xb4,0x01,0x17,0x37,0xf1,0x11,0x25,0x41,0xf8,0xa4,0x5d,0xda,0xa5,0x5d,0xdc,0x80,0x4f,0x46,0x13,0x02,0x60,0x34,0x41,
    0x08,0x46,0x13,0x06,0x61,0x34,0x81,0x18,0x66,0x09,0x5e,0x64,0xb8,0xc1,0x26,0xc0,0x06,0x0c,0x66,0x19,0xc0,0x20,0x0c,0x82,
    0x11,0x03,0x08,0x00,0x41,0x30,0xb0,0xdc,0xc6,0x5c,0xea,0xa4,0x4c,0xa0,0xc7,0x11,0x95,0x79,0x99,0x97,0x79,0xa1,0x03,0x51,
    0x19,0x4d,0x08,0x80,0xd1,0x04,0x21,0x18,0x4d,0x18,0x84,0xd1,0x04,0x62,0x98,0x25,0x78,0x91,0xe1,0x06,0x9e,0x20,0x1b,0x30,
    0x98,0x65,0x10,0x83,0x31,0x08,0x46,0x0c,0x20,0x00,0x04,0xc1,0xc0,0xa2,0x1b,0x76,0xe1,0x13,0x36,0xb1,0x2a,0x0a,0x55,0xf2,
    0x25,0x5f,0xf2,0x45,0x0f,0x50,0x65,0x34,0x21,0x00,0x46,0x13,0x84,0x60,0x34,0x61,0x10,0x46,0x13,0x88,0x61,0x96,0xe0,0x45,
    0x86,0x1b,0xc4,0x22,0x6d,0xc0,0x60,0x96,0x81,0x0c,0xca,0x20,0x18,0x31,0x80,0x00,0x10,0x04,0x03,0x4b,0x6f,0xe4,0x65,0x54,
    0xe6,0x84,0xdb,0x34,0x57,0xf9,0x97,0x7f,0xf9,0x17,0x50,0x70,0x95,0xd1,0x84,0x00,0x18,0x4d,0x10,0x82,0xd1,0x84,0x41,0x18,
    0x4d,0x20,0x86,0x59,0x82,0x17,0x19,0x6e,0x40,0x0b,0xb7,0x01,0x83,0x59,0x06,0x33,0x38,0x83,0x60,0xc4,0x00,0x02,0x40,0x10,
    0x0c,0x2c,0xd0,0xc1,0x17,0x55,0xd1,0x13,0x31,0x08,0x03,0x30,0xa0,0x95,0x92,0x29,0x99,0x92,0x31,0x05,0x5a,0x19,0x4d,0x08,
    0x80,0xd1,0x04,0x21,0x18,0x4d,0x18,0x84,0xd1,0x04,0x62,0x98,0x25,0x78,0x91,0xe1,0x06,0xb7,0xc8,0x1b,0x30,0x98,0x65,0x40,
    0x83,0x34,0x08,0x46,0x0c,0x20,0x00,0x04,0xc1,0xc0,0x32,0x1d,0x7f,0x89,0x95,0x50,0x41,0x83,0x33,0x30,0x03,0x5d,0x59,0x99,
    0x95,0x59,0x19,0x56,0xd0,0x95,0xd1,0x84,0x00,0x18,0x4d,0x10,0x82,0xd1,0x84,0x41,0x18,0x4d,0x20,0x86,0x59,0x82,0x17,0x19,
    0x31,0x80,0x00,0x10,0x04,0x03,0x6b,0x75,0x46,0xe6,0x56,0x4e,0xa5,0x0d,0xd8,0x60,0x0d,0x7e,0x05,0x66,0x60,0x06,0x66,0x62,
    0xe1,0x57,0x46,0x13,0x02,0x60,0x34,0x41,0x08,0x46,0x13,0x06,0x61,0x34,0x81,0x18,0x66,0x09,0x5e,0x64,0xb8,0x01,0x35,0x42,
    0x07,0x0c,0x66,0x19,0xd6,0xc0,0x44,0x82,0xe1,0x06,0xbd,0x38,0x1d,0x30,0x18,0x8e,0x88,0x85,0x71,0x11,0xbe,0x59,0x06,0x36,
    0x10,0x07,0x61,0x96,0xa1,0x0d,0xc2,0x21,0x18,0x31,0x38,0x00,0x10,0x04,0x83,0xee,0x75,0x62,0x06,0x5c,0x52,0x67,0x34,0x21,
    0x00,0x46,0x13,0x84,0x60,0x34,0x61,0x10,0x6e,0x18,0xea,0x86,0xa1,0x6e,0x18,0xca,0x86,0x5a,0x90,0x8f,0x0d,0xb5,0x20,0x1f,
    0x1b,0x6a,0x41,0x3e,0x36,0x0c,0xf2,0xb1,0x61,0x90,0x8f,0x09,0x01,0x7c,0x8c,0x20,0xe4,0x63,0x42,0x00,0x9f,0x11,0x03,0x03,
    0x00,0x41,0x30,0x68,0xca,0x87,0x67,0x02,0x63,0xc2,0x41,0x3e,0xc6,0x84,0x83,0x7c,0x8c,0x09,0x07,0xf9,0xd8,0x30,0xc8,0xc7,
    0x86,0x41,0x3e,0x26,0x04,0xf0,0x31,0x82,0x90,0x8f,0x09,0x01,0x7c,0x46,0x0c,0x0c,0x00,0x04,0xc1,0xa0,0x71,0x9f,0xb2,0x09,
    0x46,0x0c,0x0e,0x00,0x04,0xc1,0x20,0x6a,0x9f,0xb9,0x09,0x94,0x11,0x83,0x03,0x00,0x41,0x30,0x88,0xdc,0x67,0x6e,0x84,0x65,
    0x38,0x42,0xf8,0x17,0xe5,0x9b,0x65,0x70,0x83,0x37,0x08,0x46,0x0c,0x0e,0x00,0x04,0xc1,0x20,0x82,0x1f,0xbb,0x11,0x4c,0xc6,
    0x88,0x80,0x3e,0x23,0x06,0x06,0x00,0x82,0x60,0xd0,0xd0,0xcf,0xd8,0x04,0x23,0x06,0x07,0x00,0x82,0x60,0x10,0xcd,0x4f,0xde,
    0x8c,0x4c,0x30,0x62,0x70,0x00,0x20,0x08,0x06,0x11,0xfd,0xe4,0x8d,0x3c,0x04,0xb3,0x04,0x6f,0x30,0x50,0x31,0x08,0x6e,0xa0,
    0x62,0x6d,0x60,0x49,0x40,0x9f,0x11,0x83,0x03,0x00,0x41,0x30,0x88,0xee,0xa7,0x6f,0x82,0x64,0xc4,0xe0,0x00,0x40,0x10,0x0c,
    0x22,0xfc,0xf1,0x9b,0x00,0x66,0x46,0x0c,0x0c,0x00,0x04,0xc1,0xa0,0xd9,0x9f,0xb6,0x09,0x2c,0xf8,0x07,0xf8,0x8c,0x18,0x1c,
    0x00,0x08,0x82,0x41,0xb4,0x3f,0xa1,0x13,0xf0,0xc3,0x70,0x04,0x94,0x0d,0xdf,0x74,0x83,0x3e,0xdc,0x43,0x30,0xdd,0xa0,0x0f,
    0xf7,0x20,0x4c,0x37,0xe8,0xc3,0x3d,0x0c,0x23,0x06,0x07,0x00,0x82,0x60,0x40,0x06,0xf8,0xf3,0x37,0xef,0x32,0x36,0xa3,0x09,
    0x01,0x70,0x01,0x31,0x15,0xa8,0x8f,0x0e,0x37,0x04,0xf3,0x03,0x06,0x35,0xd4,0x8d,0x0e,0x37,0x04,0x7c,0x03,0x06,0x35,0x04,
    0x3b,0xcb,0x10,0x07,0x70,0x10,0x94,0x31,0x3a,0x3a,0xdc,0x10,0x8c,0x0e,0x18,0xcc,0x12,0xc4,0xc1,0x40,0x85,0x22,0x7a,0x6f,
    0x20,0xc0,0xc1,0x59,0x04,0x0d,0x37,0x04,0x21,0x64,0x06,0xb3,0x0c,0x72,0x00,0x0e,0xc1,0x2c,0xc1,0x1c,0x0c,0x54,0x0c,0x71,
    0xe5,0x0b,0x7c,0x26,0x07,0x03,0x15,0x43,0x5c,0xf9,0x82,0x9f,0xc9,0xc1,0x40,0xc5,0x10,0x57,0xbe,0x00,0x6a,0x72,0x30,0x50,
    0x31,0xc4,0x95,0x2f,0x88,0x9a,0x1c,0x0c,0x54,0x10,0x71,0xe5,0x0b,0x2c,0x18,0xc8,0xc1,0x05,0x83,0x59,0x70,0x36,0xf0,0xb1,
    0xe0,0xa3,0x8f,0x05,0x67,0x03,0x1f,0x0b,0x32,0xf9,0x98,0x90,0xc9,0xc7,0x86,0x4c,0x3e,0x36,0xe8,0x03,0x7c,0x6c,0xd0,0x07,
    0xf8,0xd8,0xa0,0x0f,0xf0,0x99,0x65,0xa0,0x83,0x5e,0x90,0x46,0x0c,0x0e,0x00,0x04,0xc1,0xa0,0xbb,0xa1,0xdc,0x41,0x9b,0x18,
    0x1a,0x4d,0x08,0x86,0x11,0x83,0x03,0x00,0x41,0x30,0x20,0x03,0x1b,0xea,0x9d,0x96,0x09,0x9d,0xd1,0x84,0x60,0xb8,0x80,0x98,
    0xe1,0x86,0xc0,0x86,0xc0,0x60,0x96,0xc1,0x0e,0xea,0x20,0xa8,0x82,0x7c,0xe0,0x82,0xa1,0x46,0x0c,0x0e,0x00,0x04,0xc1,0x20,
    0x22,0x23,0xf5,0x49,0x83,0xba,0x19,0x31,0x38,0x00,0x10,0x04,0x83,0xa8,0x8c,0xd4,0x27,0x10,0x66,0x09,0xec,0x60,0xa0,0x62,
    0x10,0xea,0xc0,0xdd,0xe8,0x60,0x38,0x22,0xc0,0x1b,0xe1,0x1b,0x4d,0x50,0x82,0xd1,0x84,0x45,0x98,0x6e,0x10,0x82,0x61,0x38,
    0x22,0xd8,0x1b,0xe7,0x1b,0x6e,0x60,0x7c,0x28,0x0c,0x86,0x1b,0x1a,0x1d,0x0a,0x83,0x12,0x02,0x9d,0x65,0xb8,0x03,0x52,0x08,
    0x2c,0x19,0x1d,0xf8,0x8c,0x18,0x18,0x00,0x08,0x82,0x41,0x23,0x47,0xf3,0x13,0x5c,0x40,0xcc,0x88,0xc1,0x01,0x80,0x20,0x18,
    0x74,0x6d,0xf4,0x3e,0x7e,0x13,0x8c,0x26,0x04,0xc0,0x68,0x82,0x10,0x8c,0x26,0x0c,0xc2,0x2c,0x03,0x1e,0xec,0x81,0x1c,0xcc,
    0x32,0xe8,0x41,0x1e,0x2c,0xc3,0x11,0xdd,0xe9,0x0c,0xdf,0x70,0x84,0x77,0x3a,0xc4,0x57,0x42,0xa0,0xd3,0x0d,0xa9,0xa3,0x3a,
    0xc1,0x2c,0xc1,0x1e,0xdc,0x31,0x94,0x05,0x62,0x20,0x1f,0x0b,0x5c,0x07,0x3e,0x23,0x06,0x06,0x00,0x82,0x60,0xd0,0xfc,0x11,
    0x08,0x05,0x17,0x10,0x34,0x62,0x60,0x00,0x20,0x08,0x06,0x4d,0x28,0x81,0xd0,0x30,0xdc,0x20,0x88,0x90,0x19,0x0c,0x37,0x0c,
    0x0e,0x1a,0x94,0x10,0xa8,0xcd,0x0e,0x11,0x9f,0xe9,0x86,0xa0,0x76,0x04,0x3b,0xf6,0x08,0x04,0xc3,0x0d,0x88,0x09,0x99,0xc1,
    0x70,0x83,0x40,0xa1,0x41,0x09,0x81,0x4e,0x37,0x28,0xba,0x13,0x58,0x60,0xc0,0x67,0x96,0x60,0x0f,0x06,0x3a,0x06,0x41,0x0f,
    0xc8,0x20,0x0f,0xec,0xee,0x0e,0x66,0x19,0xf8,0xe0,0x0f,0x4c,0x61,0x96,0xc1,0x0f,0xfa,0x20,0x0c,0x86,0x23,0xe4,0xa0,0x77,
    0x86,0x6f,0x38,0x62,0x0e,0x7a,0x87,0xf8,0x4a,0x08,0x74,0xba,0xe1,0x77,0xc0,0x27,0x98,0x25,0xf8,0x83,0xe3,0x86,0xb2,0xe0,
    0x0e,0xe4,0x63,0x01,0xf9,0xc0,0x67,0xc4,0xc0,0x00,0x40,0x10,0x0c,0x9a,0x5a,0xb2,0xa1,0xe0,0x02,0x82,0x46,0x0c,0x0c,0x00,
    0x04,0xc1,0xa0,0xb9,0x25,0x1b,0x1a,0x86,0x1b,0x04,0x1c,0x32,0x83,0xe1,0x86,0x61,0x0c,0xd0,0xa0,0x84,0x40,0x2d,0x7d,0x88,
    0xf8,0x4c,0x37,0x04,0xeb,0x23,0xd8,0x11,0x4b,0x20,0x18,0x6e,0x40,0x78,0xc8,0x0c,0x86,0x1b,0x84,0x34,0x40,0x83,0x12,0x02,
    0x9d,0x6e,0x50,0xe0,0x27,0xb0,0xc0,0x80,0xcf,0x2c,0xc1,0x1f,0x0c,0x74,0x0c,0x82,0x1f,0x90,0x41,0x1f,0x88,0xdf,0x1e,0x58,
    0x70,0xc9,0xa7,0xc2,0xc1,0x87,0x74,0xb8,0x21,0xf0,0x21,0x30,0x98,0x65,0x00,0x85,0x51,0x08,0x66,0x19,0x44,0x21,0x14,0xf4,
    0x60,0x38,0x42,0x15,0xec,0x67,0xf8,0x86,0x23,0x56,0xc1,0x7e,0x88,0xaf,0x84,0x40,0xa7,0x1b,0xf0,0x27,0x7f,0x82,0x59,0x82,
    0x51,0x38,0x3a,0x18,0xca,0x82,0x57,0x90,0x8f,0x05,0xfd,0x03,0x9f,0x11,0x03,0x03,0x00,0x41,0x30,0x68,0xdc,0xe9,0x8d,0x82,
    0x0b,0x08,0x1a,0x31,0x30,0x00,0x10,0x04,0x83,0x06,0x9e,0xde,0x68,0x18,0x6e,0x10,0xe2,0xc8,0x0c,0x86,0x1b,0x86,0x3d,0x40,
    0x83,0x12,0x02,0x35,0x11,0x22,0xe2,0x33,0xdd,0x10,0x90,0x90,0x60,0x87,0x3a,0x81,0x60,0xb8,0x01,0xa9,0x23,0x33,0x18,0x6e,
    0x10,0x42,0x01,0x0d,0x4a,0x08,0x74,0xba,0x41,0x49,0xa1,0xc0,0x02,0x03,0x3e,0xb3,0x04,0xa3,0x30,0xd0,0x31,0x08,0xa2,0x40,
    0x06,0xa1,0x40,0x83,0xc1,0x1f,0x58,0x16,0xc8,0xe7,0x56,0x61,0xa8,0x11,0x83,0x07,0x00,0x41,0x30,0xc0,0xf6,0x29,0x8f,0x52,
    0x28,0x7f,0xc8,0x61,0x1c,0xc4,0x01,0x86,0xe4,0x49,0x9e,0xe4,0x29,0x18,0x4d,0x08,0x80,0xd1,0x04,0x21,0x18,0x4d,0x18,0x84,
    0xd1,0x04,0x62,0x18,0x31,0x38,0x00,0x10,0x04,0x03,0x32,0xd0,0xa7,0x50,0x8a,0x1f,0x32,0x1a,0x4d,0x08,0x80,0xd1,0x04,0x21,
    0x18,0x4d,0x18,0x84,0xd1,0x04,0x62,0xb0,0x84,0x88,0x8f,0x25,0x44,0x7c,0x2c,0x21,0xe2,0x63,0x09,0x11,0x1f,0x23,0x20,0xf9,
    0x18,0x11,0xc9,0xc7,0x08,0x49,0x3e,0x46,0x4c,0xf2,0x31,0x82,0x81,0x8f,0x11,0x0c,0x7c,0x8c,0x60,0xe0,0x63,0x04,0x03,0x9f,
    0x59,0x02,0x5f,0x18,0x31,0x30,0x00,0x10,0x04,0x83,0xa6,0xa6,0x6c,0xa9,0x1d,0x2e,0x20,0xa6,0xf0,0xe1,0x96,0xa0,0x04,0x96,
    0x82,0x11,0x83,0x03,0x00,0x41,0x30,0xf8,0x62,0xca,0x94,0x02,0x61,0xc4,0xc0,0x00,0x40,0x10,0x0c,0x1a,0x9d,0xca,0x25,0x79,
    0x18,0x31,0x38,0x00,0x10,0x04,0x83,0x8e,0xa6,0x6c,0xa9,0x8c,0x84,0xd1,0x84,0x00,0x18,0x4d,0x10,0x82,0xd1,0x84,0x41,0x98,
    0x65,0x28,0x05,0x54,0xc8,0x89,0x59,0x86,0x53,0x30,0x05,0x79,0x18,0x8e,0x20,0x09,0x37,0x1a,0xbe,0xe1,0x88,0x92,0x70,0x23,
    0xe2,0x2b,0x21,0xd0,0xe9,0x06,0x38,0x8a,0xa3,0x60,0x96,0x00,0x15,0xee,0x18,0xca,0x82,0x94,0x90,0x8f,0x05,0x75,0x04,0x9f,
    0x11,0x03,0x03,0x00,0x41,0x30,0x68,0xcc,0xea,0x9c,0x82,0x0b,0x08,0x1a,0x31,0x30,0x00,0x10,0x04,0x83,0x06,0xad,0xce,0x69,
    0x18,0x6e,0x10,0xd2,0xc9,0x0c,0x86,0x1b,0x06,0x07,0x0d,0x4a,0x08,0xd4,0xf4,0x88,0x88,0xcf,0x74,0x43,0xc0,0x47,0x82,0x1d,
    0x62,0x05,0x82,0xe1,0x06,0xa4,0x9d,0xcc,0x60,0xb8,0x41,0xa0,0xd0,0xa0,0x84,0x40,0xa7,0x1b,0x94,0x50,0x0a,0x2c,0x30,0xe0,
    0x33,0x4b,0x80,0x0a,0x03,0x1d,0x83,0x70,0x0a,0x64,0x60,0x0a,0x24,0x19,0x90,0xc2,0x2c,0x43,0x2a,0xb0,0x42,0x5b,0xcc,0x32,
    0xac,0x82,0x2a,0xa0,0xc4,0x70,0x44,0x4e,0x90,0xd2,0xf0,0x0d,0x47,0xe8,0x04,0x29,0x11,0x5f,0x09,0x81,0x4e,0x37,0x98,0xd2,
    0x29,0x05,0xb3,0x04,0xac,0x70,0xdc,0x50,0x16,0xf8,0x84,0x7c,0x2c,0x58,0x25,0xf8,0x8c,0x18,0x18,0x00,0x08,0x82,0x41,0xc3,
    0x57,0xfd,0x14,0x5c,0x40,0xd0,0x88,0x81,0x01,0x80,0x20,0x18,0x34,0x7e,0xd5,0x4f,0xc3,0x70,0x83,0xf0,0x4f,0x66,0x30,0xdc,
    0x30,0x8c,0x01,0x1a,0x94,0x10,0xa8,0xc1,0x12,0x11,0x9f,0xe9,0x86,0x40,0x96,0x04,0x3b,0xf0,0x0a,0x04,0xc3,0x0d,0xc8,0x48,
    0x99,0xc1,0x70,0x83,0x90,0x06,0x68,0x50,0x42,0xa0,0xd3,0x0d,0xca,0x2d,0x05,0x16,0x18,0xf0,0x99,0x25,0x60,0x85,0x81,0x8e,
    0x41,0x58,0x05,0x32,0x50,0x05,0xb8,0x0c,0x50,0xc1,0x82,0x4b,0x3e,0x85,0x1a,0x25,0xa5,0xc3,0x0d,0x41,0x49,0x81,0xc1,0x2c,
    0x43,0x2b,0xc0,0x42,0x30,0xcb,0xf0,0x0a,0xae,0x10,0x16,0xc3,0x11,0x71,0xd1,0x4b,0xc3,0x37,0x1c,0x21,0x17,0xbd,0x44,0x7c,
    0x25,0x04,0x3a,0xdd,0xf0,0x4b,0xe0,0x14,0xcc,0x12,0xc0,0xc2,0xd1,0xc1,0x50,0x16,0xd8,0x85,0x7c,0x2c,0x20,0x27,0xf8,0x8c,
    0x18,0x18,0x00,0x08,0x82,0x41,0x53,0x5b,0x36,0x15,0x5c,0x40,0xd0,0x88,0x81,0x01,0x80,0x20,0x18,0x34,0xb7,0x65,0x53,0xc3,
    0x70,0x83,0x80,0x53,0x66,0x30,0xdc,0x30,0xec,0x01,0x1a,0x94,0x10,0xa8,0xa5,0x13,0x11,0x9f,0xe9,0x86,0x60,0x9d,0x04,0x3b,
    0x62,0x0b,0x04,0xc3,0x0d,0x08,0x4f,0x99,0xc1,0x70,0x83,0x10,0x0a,0x68,0x50,0x42,0xa0,0xd3,0x0d,0x0a,0x3c,0x05,0x16,0x18,
    0xf0,0x99,0x25,0x80,0x85,0x81,0x8e,0x41,0x78,0x05,0x32,0x70,0x05,0xf1,0x0c,0x58,0xc1,0xb2,0x40,0x3e,0xc7,0x0a,0x43,0x8d,
    0x18,0x3c,0x00,0x08,0x82,0x01,0x26,0x5e,0x60,0x05,0x4f,0xe0,0xb4,0x1a,0xaa,0x91,0x1a,0xf7,0x94,0x5b,0xb9,0x95,0x5b,0xc1,
    0x68,0x42,0x00,0x8c,0x26,0x08,0xc1,0x68,0xc2,0x20,0x8c,0x26,0x10,0xc3,0x88,0xc1,0x01,0x80,0x20,0x18,0x90,0x41,0x78,0xa1,
    0x15,0x2e,0xad,0xd4,0x68,0x42,0x00,0x8c,0x26,0x08,0xc1,0x68,0xc2,0x20,0x8c,0x26,0x10,0x83,0x25,0x44,0x7c,0x2c,0x21,0xe2,
    0x63,0x09,0x11,0x1f,0x4b,0x88,0xf8,0x18,0x01,0xc9,0xc7,0x88,0x48,0x3e,0x46,0x48,0xf2,0x31,0x62,0x92,0xcf,0x88,0xc1,0x01,
    0x80,0x20,0x18,0x74,0xf1,0x35,0x57,0x22,0x25,0x0e,0xa3,0x09,0x01,0x30,0x9a,0x20,0x04,0xa3,0x09,0x83,0x30,0xcb,0x10,0x0b,
    0xb4,0x60,0x1f,0xb3,0x0c,0xb3,0x20,0x0b,0xaf,0x31,0x1c,0x11,0x1e,0x2b,0x35,0x7c,0xc3,0x11,0xe2,0xb1,0x52,0xc4,0x57,0x42,
    0xa0,0xd3,0x0d,0x2d,0xe5,0x52,0xc1,0x2c,0x01,0x2d,0xdc,0x31,0x94,0x05,0xe6,0x21,0x1f,0x0b,0x64,0x0a,0x3e,0x23,0x06,0x06,
    0x00,0x82,0x60,0xd0,0x8c,0x18,0x69,0x05,0x17,0x10,0x34,0x62,0x60,0x00,0x20,0x08,0x06,0x4d,0x89,0x91,0xd6,0x30,0xdc,0x20,
    0x98,0x96,0x19,0x0c,0x37,0x0c,0x0e,0x1a,0x94,0x10,0xa8,0xdd,0x14,0x11,0x9f,0xe9,0x86,0x20,0xa7,0x04,0x3b,0xfe,0x0b,0x04,
    0xc3,0x0d,0x88,0x6a,0x99,0xc1,0x70,0x83,0x40,0xa1,0x41,0x09,0x81,0x4e,0x37,0x28,0x3e,0x15,0x58,0x60,0xc0,0x67,0x96,0x80,
    0x16,0x06,0x3a,0x06,0x61,0x16,0xc8,0x40,0x16,0xfc,0x34,0x80,0x85,0x59,0x86,0x5a,0xc0,0x05,0x15,0x99,0x65,0xb8,0x05,0x5b,
    0x28,0x8f,0xe1,0x08,0xfb,0x08,0xab,0xe1,0x1b,0x8e,0xb8,0x8f,0xb0,0x22,0xbe,0x12,0x02,0x9d,0x6e,0x18,0x2b,0xb2,0x0a,0x66,
    0x09,0x70,0xe1,0xb8,0xa1,0x2c,0xd8,0x0f,0xf9,0x58,0x80,0x56,0xf0,0x19,0x31,0x30,0x00,0x10,0x04,0x83,0x26,0xc7,0x74,0x2b,
    0xb8,0x80,0xa0,0x11,0x03,0x03,0x00,0x41,0x30,0x68,0x76,0x4c,0xb7,0x86,0xe1,0x06,0x81,0xb7,0xcc,0x60,0xb8,0x61,0x18,0x03,
    0x34,0x28,0x21,0x50,0x6b,0x2b,0x22,0x3e,0xd3,0x0d,0xc1,0x5b,0x09,0x76,0xd4,0x18,0x08,0x86,0x1b,0x10,0xf0,0x32,0x83,0xe1,
    0x06,0x21,0x0d,0xd0,0xa0,0x84,0x40,0xa7,0x1b,0x14,0xba,0x0a,0x2c,0x30,0xe0,0x33,0x4b,0x80,0x0b,0x03,0x1d,0x83,0x70,0x0b,
    0x64,0x60,0x0b,0xea,0x1a,0xd0,0x82,0x05,0x97,0x7c,0x66,0x19,0x72,0x81,0x17,0x78,0x61,0x96,0x61,0x17,0x74,0x81,0x3f,0x86,
    0x23,0x58,0x04,0xaf,0x86,0x6f,0x38,0xa2,0x45,0xf0,0x8a,0xf8,0x4a,0x08,0x74,0xba,0x41,0xaf,0xf6,0x2a,0x98,0x25,0xe0,0x85,
    0x93,0x83,0xa1,0x2c,0x88,0x11,0xf9,0x58,0xf0,0x57,0xf0,0x19,0x31,0x30,0x00,0x10,0x04,0x83,0x06,0xce,0xe2,0x2b,0xb8,0x80,
    0xa0,0x11,0x03,0x03,0x00,0x41,0x30,0x68,0xe4,0x2c,0xbe,0x86,0xe1,0x06,0x61,0xbe,0xcc,0x60,0xb8,0x61,0xc8,0x03,0x34,0x28,
    0x21,0x50,0x23,0x2d,0x22,0x3e,0xd3,0x0d,0x81,0x69,0x09,0x76,0xb0,0x19,0x08,0x86,0x1b,0x90,0xfb,0x32,0x83,0xe1,0x06,0xe1,
    0x0f,0xd0,0xa0,0x84,0x40,0xa7,0x1b,0x94,0xd5,0x0a,0x2c,0x30,0xe0,0x33,0x4b,0xc0,0x0b,0x03,0x1d,0x83,0xb0,0x0b,0x64,0xa0,
    0x0b,0x38,0x1b,0xe0,0x82,0x5d,0x81,0x7c,0x4e,0x2d,0x86,0x1a,0x31,0x78,0x00,0x10,0x04,0x03,0xac,0xcf,0xf6,0x6b,0xb5,0xf6,
    0xca,0x4c,0xca,0x84,0x4c,0x64,0x8b,0xce,0xe8,0x8c,0xce,0x82,0xd1,0x84,0x00,0x18,0x4d,0x10,0x82,0xd1,0x84,0x41,0x18,0x4d,
    0x20,0x06,0x23,0x74,0x21,0x3e,0x46,0xe8,0x42,0x7c,0x8c,0xd0,0x85,0xf8,0x18,0xa1,0x0b,0xf1,0x31,0x62,0x91,0x8f,0x11,0x8c,
    0x7c,0x8c,0x68,0xe4,0x63,0x84,0x23,0x1f,0x23,0xc4,0x01,0x3e,0x46,0x88,0x03,0x7c,0x8c,0x10,0x07,0xf8,0x18,0x21,0x0e,0xf0,
    0x31,0x5f,0x40,0xe2,0x63,0xbe,0x80,0xc4,0xc7,0x7c,0x01,0x89,0x8f,0xf9,0x02,0x12,0x1f,0x23,0xf8,0x42,0x3e,0x46,0xf4,0x85,
    0x7c,0x8c,0xf0,0x0b,0xf9,0x18,0xf1,0x17,0xf2,0x31,0x82,0x81,0x8f,0x11,0x0c,0x7c,0x8c,0x60,0xe0,0x63,0x04,0x03,0x9f,0x59,
    0x02,0x5f,0x18,0x31,0x78,0x00,0x10,0x04,0x03,0x4c,0xd7,0x70,0x0c,0xbd,0x70,0x6b,0x54,0x44,0x25,0x54,0xde,0x2b,0xd6,0x62,
    0x2d,0xd6,0xc2,0x65,0x34,0x21,0x00,0x46,0x13,0x84,0x60,0x34,0x61,0x10,0x46,0x13,0x88,0x61,0x96,0xc0,0x17,0x06,0x3a,0x06,
    0xa4,0x17,0xc8,0x66,0x14,0x24,0x5e,0x18,0xe8,0x18,0x90,0x5e,0x20,0x9b,0x51,0x90,0x78,0x61,0xa0,0x63,0x40,0x7a,0x81,0x6c,
    0x46,0x41,0xe2,0x85,0x81,0x8e,0x01,0xe9,0x05,0xb2,0x19,0x05,0x89,0x17,0x8c,0xc0,0x15,0xf8,0x18,0x81,0x2b,0xf0,0x31,0x02,
    0x57,0xe0,0x63,0x04,0xae,0xc0,0xc7,0x70,0xe5,0xd7,0x60,0x30,0xdc,0x10,0xfc,0x0a,0x1a,0xcc,0x32,0xcc,0xc1,0x2f,0x04,0xb3,
    0x04,0xe0,0x30,0x50,0x31,0xe0,0x6f,0x10,0x07,0xcc,0x2f,0x0c,0x54,0x0c,0xfa,0x1b,0xc4,0x01,0xf3,0x0b,0x03,0x15,0x03,0xff,
    0x06,0x71,0xc0,0xfc,0xc2,0x40,0xc5,0xe0,0xbf,0x41,0x1c,0x30,0xbf,0x60,0x84,0xbe,0xd0,0xc7,0x88,0x7d,0xa1,0x8f,0x11,0xfc,
    0x42,0x1f,0x23,0xfa,0x85,0x3e,0xb3,0x04,0x2f,0x32,0x62,0x60,0x00,0x20,0x08,0x06,0x4d,0xbd,0xad,0x19,0xfe,0x58,0xe0,0x3e,
    0xf2,0x31,0xc1,0x7d,0xe4,0x63,0x83,0xfb,0xc8,0xc7,0x08,0xfa,0x91,0x8f,0x15,0xf4,0x23,0x1f,0x33,0xe8,0x47,0x3e,0x23,0x06,
    0x15,0x00,0x82,0x60,0xa0,0xdd,0x1b,0x9a,0x99,0x98,0x7d,0xed,0x8e,0xee,0xe4,0x4e,0x8b,0xbd,0xdb,0xbb,0xbd,0xdb,0x20,0x04,
    0x46,0x41,0xb4,0xd8,0x68,0x42,0x00,0x8c,0x26,0x08,0xc1,0x68,0xc2,0x20,0x8c,0x26,0x10,0xc3,0x2c,0xc1,0x8b,0x0c,0x37,0x9c,
    0x53,0xbd,0x81,0xc1,0x2c,0xc3,0x38,0xe4,0x44,0x30,0xcb,0x40,0x0e,0x38,0xd1,0x36,0x23,0x06,0x07,0x00,0x82,0x60,0xd0,0xed,
    0x5b,0x9f,0xb5,0x58,0xbd,0x8d,0x26,0x04,0xc0,0x68,0x82,0x10,0x8c,0x26,0x0c,0xc2,0x0d,0x43,0xdd,0x30,0xd4,0x0d,0x43,0xd9,
    0x10,0x42,0xf2,0xb1,0x21,0x84,0xe4,0x63,0x43,0x08,0xc9,0xc7,0x86,0x41,0x3e,0x36,0x0c,0xf2,0x31,0x21,0x80,0x8f,0x11,0x84,
    0x7c,0x4c,0x08,0xe0,0x33,0x62,0x60,0x00,0x20,0x08,0x06,0x4d,0xcc,0xa1,0x5a,0x60,0x4c,0x0b,0xc9,0xc7,0x98,0x16,0x92,0x8f,
    0x31,0x2d,0x24,0x1f,0x1b,0x06,0xf9,0xd8,0x30,0xc8,0xc7,0x84,0x00,0x3e,0x46,0x10,0xf2,0x31,0x21,0x80,0xcf,0x88,0x81,0x01,
    0x80,0x20,0x18,0x34,0x3a,0x17,0x6b,0xc1,0x88,0xc1,0x01,0x80,0x20,0x18,0x44,0x39,0xf7,0x6b,0x81,0x32,0x62,0x70,0x00,0x20,
    0x08,0x06,0x91,0xce,0xfd,0x9a,0xb0,0x0c,0x47,0x08,0x6b,0xa6,0x7c,0xb3,0x0c,0xe5,0x60,0x0e,0xc1,0x88,0xc1,0x01,0x80,0x20,
    0x18,0x44,0x3c,0x27,0x6e,0x82,0x9c,0x19,0x11,0xd0,0x67,0xc4,0xc0,0x00,0x40,0x10,0x0c,0x1a,0xb0,0x7b,0xb5,0x60,0xc4,0xe0,
    0x00,0x40,0x10,0x0c,0xa2,0x9f,0x2b,0xb7,0x37,0x0b,0x46,0x0c,0x0e,0x00,0x04,0xc1,0x20,0x02,0xbb,0x72,0xf3,0xa1,0x60,0x96,
    0xc0,0x1c,0x06,0x2a,0x06,0xa1,0x1c,0xc4,0x39,0x20,0x07,0x4b,0x02,0xfa,0x8c,0x18,0x1c,0x00,0x08,0x82,0x41,0x34,0x76,0xe9,
    0x16,0x24,0x23,0x06,0x07,0x00,0x82,0x60,0x10,0x91,0x9d,0xba,0x05,0x7c,0x36,0x62,0x60,0x00,0x20,0x08,0x06,0xcd,0xd9,0xe5,
    0x5a,0x60,0xc1,0x1a,0xc1,0x67,0xc4,0xe0,0x00,0x40,0x10,0x0c,0xa2,0xb3,0x6b,0xb7,0x00,0x8d,0x86,0x23,0xa0,0x6c,0xf8,0xa6,
    0x1b,0xcc,0x68,0x8c,0x82,0xe9,0x06,0x33,0x1a,0x23,0x61,0xba,0xc1,0x8c,0xc6,0x68,0x18,0x31,0x38,0x00,0x10,0x04,0x03,0x32,
    0x20,0xbb,0x75,0xdb,0xb1,0x56,0x1b,0x4d,0x08,0x80,0x0b,0x88,0xa9,0xc0,0xe6,0x74,0xb8,0x21,0xf8,0x39,0x30,0xa8,0x21,0xdc,
    0x74,0xb8,0x21,0x40,0x37,0x30,0xa8,0x21,0xd8,0x59,0x06,0x74,0x38,0x87,0xa0,0x8c,0x77,0xd3,0xe1,0x86,0xe0,0xdd,0xc0,0x60,
    0x96,0x00,0x1d,0x06,0x2a,0x14,0x1d,0x0f,0xcc,0x41,0x38,0x87,0xb3,0x08,0x1a,0x6e,0x08,0xda,0xce,0x0c,0x66,0x19,0xd2,0xe1,
    0x26,0x82,0x59,0x02,0x75,0x18,0xa8,0x18,0xe2,0xaa,0x26,0x68,0x3a,0x48,0x87,0x81,0x8a,0x21,0xae,0x6a,0xc2,0xa6,0x83,0x74,
    0x18,0xa8,0x18,0xe2,0xaa,0x26,0x70,0x3a,0x48,0x87,0x81,0x8a,0x21,0xae,0x6a,0x42,0xa7,0x83,0x74,0x18,0xa8,0x20,0xe2,0xaa,
    0x26,0xc8,0x3d,0x48,0x87,0x0b,0x06,0xb3,0x60,0xd6,0xe0,0x63,0xc1,0x47,0x1f,0x0b,0x66,0x0d,0x3e,0x16,0x64,0xf2,0x31,0x21,
    0x93,0x8f,0x0d,0x99,0x7c,0x6c,0x30,0x23,0xf8,0xd8,0x60,0x46,0xf0,0xb1,0xc1,0x8c,0xe0,0x33,0xcb,0xb0,0x0e,0x34,0x21,0x8d,
    0x18,0x1c,0x00,0x08,0x82,0x41,0x37,0x7a,0x25,0x57,0x6b,0x7d,0x37,0x9a,0x10,0x0c,0x23,0x06,0x07,0x00,0x82,0x60,0x40,0x06,
    0xa2,0x97,0x72,0x79,0xb6,0x6e,0xa3,0x09,0xc1,0x70,0x01,0x31,0xc3,0x0d,0x81,0xe8,0x81,0xc1,0x2c,0x43,0x3b,0xb0,0x43,0x50,
    0x05,0xcc,0xc1,0x05,0x43,0x8d,0x18,0x1c,0x00,0x08,0x82,0x41,0x04,0x7b,0x36,0x97,0x06,0xe1,0x36,0x62,0x70,0x00,0x20,0x08,
    0x06,0x51,0xec,0xd9,0x5c,0x20,0xcc,0x12,0xb4,0xc3,0x40,0xc5,0x20,0xb0,0x83,0x69,0x07,0xeb,0x30,0x1c,0x11,0x90,0x9b,0xf0,
    0x8d,0x26,0x28,0xc1,0x68,0xc2,0x22,0x4c,0x37,0x08,0xc1,0x30,0x1c,0x11,0x9c,0x9b,0xf3,0x0d,0x37,0x30,0xaa,0x17,0x06,0xc3,
    0x0d,0x8d,0xe9,0x85,0x41,0x09,0x81,0xce,0x32,0xb8,0xc3,0x3e,0x04,0x96,0xbc,0x1b,0x7c,0x46,0x0c,0x0c,0x00,0x04,0xc1,0xa0,
    0xf1,0xbd,0x9f,0x0b,0x2e,0x20,0x66,0xc4,0xe0,0x00,0x40,0x10,0x0c,0xba,0xdc,0xdb,0xb9,0x75,0x0b,0x46,0x13,0x02,0x60,0x34,
    0x41,0x08,0x46,0x13,0x06,0x61,0x96,0xe1,0x1d,0xe4,0x41,0x0e,0x66,0x19,0xe2,0x01,0x1e,0x96,0xe1,0x88,0x6e,0xde,0x86,0x6f,
    0x38,0xc2,0x9b,0x37,0xe2,0x2b,0x21,0xd0,0xe9,0x86,0x7a,0xb3,0xb7,0x60,0x96,0x40,0x1e,0xee,0x18,0xca,0x02,0x31,0x90,0x8f,
    0x05,0xfa,0x06,0x9f,0x11,0x03,0x03,0x00,0x41,0x30,0x68,0xd6,0x8f,0xed,0x82,0x0b,0x08,0x1a,0x31,0x30,0x00,0x10,0x04,0x83,
    0xa6,0xfd,0xd8,0x6e,0x18,0x6e,0x10,0xdc,0xce,0x0c,0x86,0x1b,0x06,0x07,0x0d,0x4a,0x08,0xd4,0xfe,0x8d,0x88,0xcf,0x74,0x43,
    0x10,0x72,0x82,0x1d,0xe7,0x07,0x82,0xe1,0x06,0x44,0xee,0xcc,0x60,0xb8,0x41,0xa0,0xd0,0xa0,0x84,0x40,0xa7,0x1b,0x14,0x93,
    0x0b,0x2c,0x30,0xe0,0x33,0x4b,0x20,0x0f,0x03,0x1d,0x83,0x10,0x0f,0x64,0x00,0x0f,0x2e,0x1e,0xb8,0xc3,0x2c,0xc3,0x3c,0xd8,
    0x83,0x29,0xcc,0x32,0xd4,0x03,0x3d,0x84,0xc1,0x70,0x84,0x1c,0xa4,0xdc,0xf0,0x0d,0x47,0xcc,0x41,0xca,0x11,0x5f,0x09,0x81,
    0x4e,0x37,0xac,0x1c,0xcb,0x05,0xb3,0x04,0xf6,0x70,0xdc,0x50,0x16,0xdc,0x81,0x7c,0x2c,0x80,0x39,0xf8,0x8c,0x18,0x18,0x00,
    0x08,0x82,0x41,0x13,0x82,0x81,0xe8,0x05,0x17,0x10,0x34,0x62,0x60,0x00,0x20,0x08,0x06,0xcd,0x08,0x06,0xa2,0x37,0x0c,0x37,
    0x08,0xa4,0x67,0x06,0xc3,0x0d,0xc3,0x18,0xa0,0x41,0x09,0x81,0x5a,0xcd,0x11,0xf1,0x99,0x6e,0x08,0x6e,0x4e,0xb0,0xa3,0xff,
    0x40,0x30,0xdc,0x80,0xa0,0x9e,0x19,0x0c,0x37,0x08,0x69,0x80,0x06,0x25,0x04,0x3a,0xdd,0xa0,0xf0,0x5c,0x60,0x81,0x01,0x9f,
    0x59,0x02,0x7b,0x18,0xe8,0x18,0x84,0x7a,0x20,0x03,0x7a,0xd0,0xf3,0x40,0x1e,0x2c,0xb8,0xe4,0x53,0xe1,0xa0,0x7a,0x3a,0xdc,
    0x10,0xa8,0x1e,0x18,0xcc,0x32,0xdc,0x83,0x3e,0x04,0xb3,0x0c,0xf9,0x80,0x0f,0x7a,0x30,0x1c,0xa1,0x0a,0x62,0x37,0x7c,0xc3,
    0x11,0xab,0x20,0x76,0xc4,0x57,0x42,0xa0,0xd3,0x0d,0x64,0x57,0x76,0xc1,0x2c,0x81,0x3e,0x1c,0x1d,0x0c,0x65,0xc1,0x2b,0xc8,
    0xc7,0x82,0xb4,0x83,0xcf,0x88,0x81,0x01,0x80,0x20,0x18,0x34,0x3a,0x18,0xec,0x5e,0x70,0x01,0x41,0x23,0x06,0x06,0x00,0x82,
    0x60,0xd0,0xf0,0x60,0xb0,0x7b,0xc3,0x70,0x83,0xd0,0x7b,0x66,0x30,0xdc,0x30,0xec,0x01,0x1a,0x94,0x10,0xa8,0xb9,0x1d,0x11,
    0x9f,0xe9,0x86,0x00,0xee,0x04,0x3b,0x6c,0x30,0x00,0xc1,0x70,0x03,0x12,0x7e,0x66,0x30,0xdc,0x20,0x84,0x02,0x1a,0x94,0x10,
    0xe8,0x74,0x83,0x52,0x77,0x81,0x05,0x06,0x7c,0x66,0x09,0xf4,0x61,0xa0,0x63,0x10,0xf2,0x81,0x0c,0xf0,0x81,0xdd,0x03,0x7b,
    0xb0,0x2c,0x90,0xcf,0xad,0xc2,0x50,0x23,0x06,0x0f,0x00,0x82,0x60,0x80,0x9d,0x61,0x50,0x7e,0x76,0x67,0x76,0xe4,0x30,0x0e,
    0xe2,0xc0,0x77,0x3e,0x18,0xf8,0x60,0xe0,0x83,0x41,0x30,0x9a,0x10,0x00,0xa3,0x09,0x42,0x30,0x9a,0x30,0x08,0xa3,0x09,0xc4,
    0x30,0x62,0x70,0x00,0x20,0x08,0x06,0x64,0x60,0x86,0x41,0xfb,0xf5,0x5c,0xfd,0x8d,0x26,0x04,0xc0,0x68,0x82,0x10,0x8c,0x26,
    0x0c,0xc2,0x68,0x02,0x31,0x58,0x42,0xc4,0xc7,0x12,0x22,0x3e,0x96,0x10,0xf1,0xb1,0x84,0x88,0x8f,0x11,0x90,0x7c,0x8c,0x88,
    0xe4,0x63,0x84,0x24,0x1f,0x23,0x26,0xf9,0x18,0xc1,0xc0,0xc7,0x08,0x06,0x3e,0x46,0x30,0xf0,0x31,0x82,0x81,0xcf,0x2c,0x41,
    0x4d,0x8c,0x18,0x18,0x00,0x08,0x82,0x41,0x13,0x8a,0x81,0x08,0x06,0xed,0x70,0x01,0x31,0x85,0x0f,0x23,0x18,0x40,0x09,0x78,
    0x18,0xc0,0x88,0xc1,0x01,0x80,0x20,0x18,0x7c,0x7d,0x18,0xc8,0x5f,0x20,0x8c,0x18,0x18,0x00,0x08,0x82,0x41,0x63,0x8a,0x41,
    0x09,0x06,0xf2,0x30,0x62,0x70,0x00,0x20,0x08,0x06,0x1d,0x28,0x06,0x22,0x18,0xc8,0x9e,0x30,0x9a,0x10,0x00,0xa3,0x09,0x42,
    0x30,0x9a,0x30,0x08,0xb3,0x0c,0xfc,0xf0,0x0f,0x39,0x31,0xcb,0xe0,0x0f,0xfd,0x20,0x0f,0xc3,0x11,0x24,0xa1,0x7b,0xc3,0x37,
    0x1c,0x51,0x12,0xba,0x47,0x7c,0x25,0x04,0x3a,0xdd,0xc0,0x7b,0xbd,0x17,0xcc,0x12,0xfc,0xc3,0x1d,0x43,0x59,0x90,0x12,0xf2,
    0xb1,0x20,0xfc,0xe0,0x33,0x62,0x60,0x00,0x20,0x08,0x06,0x8d,0x2c,0x06,0x33,0x18,0x04,0x17,0x10,0x34,0x62,0x60,0x00,0x20,
    0x08,0x06,0x0d,0x2d,0x06,0x33,0x18,0x0c,0xc3,0x0d,0x42,0x0d,0x06,0x66,0x30,0xdc,0x30,0x38,0x68,0x50,0x42,0xa0,0x66,0x7e,
    0x44,0x7c,0xa6,0x1b,0x02,0xf4,0x13,0xec,0x70,0xc5,0x00,0x04,0xc3,0x0d,0x48,0x0e,0x06,0x66,0x30,0xdc,0x20,0x50,0x68,0x50,
    0x42,0xa0,0xd3,0x0d,0x4a,0xfb,0x05,0x16,0x18,0xf0,0x99,0x25,0xf8,0x87,0x81,0x8e,0x41,0xf0,0x07,0x32,0xe8,0x07,0xde,0x0f,
    0xf6,0x61,0x96,0x01,0x24,0x46,0xa2,0x2d,0x66,0x19,0x44,0x22,0x24,0x50,0x62,0x38,0x22,0x27,0xe0,0x6f,0xf8,0x86,0x23,0x74,
    0x02,0xfe,0x88,0xaf,0x84,0x40,0xa7,0x1b,0xe4,0x6f,0xfe,0x82,0x59,0x82,0x91,0x38,0x6e,0x28,0x0b,0x7c,0x42,0x3e,0x16,0xdc,
    0x1f,0x7c,0x46,0x0c,0x0c,0x00,0x04,0xc1,0xa0,0x41,0xc7,0x20,0x0d,0x83,0xe0,0x02,0x82,0x46,0x0c,0x0c,0x00,0x04,0xc1,0xa0,
    0x51,0xc7,0x20,0x0d,0x83,0x61,0xb8,0x41,0x58,0xc3,0xc0,0x0c,0x86,0x1b,0x86,0x31,0x40,0x83,0x12,0x02,0x35,0xfe,0x23,0xe2,
    0x33,0xdd,0x10,0xf8,0x9f,0x60,0x07,0x39,0x06,0x20,0x18,0x6e,0x40,0xde,0x30,0x30,0x83,0xe1,0x06,0x21,0x0d,0xd0,0xa0,0x84,
    0x40,0xa7,0x1b,0x94,0x11,0x0c,0x02,0x0b,0x0c,0xf8,0xcc,0x12,0x8c,0xc4,0x40,0xc7,0x20,0x88,0x04,0x19,0x84,0x04,0x0a,0x0a,
    0xff,0x60,0xc1,0x25,0x9f,0x42,0x8d,0x38,0x0c,0x74,0xb8,0x21,0x88,0xc3,0x00,0x0c,0x66,0x19,0x48,0xe2,0x24,0x82,0x59,0x06,
    0x93,0x28,0x89,0xb0,0x18,0x8e,0x88,0x8b,0x14,0x0c,0x86,0x6f,0x38,0x42,0x2e,0x52,0x30,0x20,0xbe,0x12,0x02,0x9d,0x6e,0x58,
    0xc1,0x80,0x05,0x83,0x60,0x96,0xe0,0x24,0x8e,0x0e,0x86,0xb2,0xc0,0x2e,0xe4,0x63,0x01,0x0c,0x06,0xf0,0x19,0x31,0x30,0x00,
    0x10,0x04,0x83,0x26,0x24,0x03,0x51,0x0c,0x82,0x0b,0x08,0x1a,0x31,0x30,0x00,0x10,0x04,0x83,0x66,0x24,0x03,0x51,0x0c,0x86,
    0xe1,0x06,0x81,0x14,0x03,0x33,0x18,0x6e,0x18,0xf6,0x00,0x0d,0x4a,0x08,0xd4,0x6a,0x30,0x20,0xe2,0x33,0xdd,0x10,0xdc,0x60,
    0x20,0xd8,0xd1,0x8f,0x01,0x08,0x86,0x1b,0x10,0x54,0x0c,0xcc,0x60,0xb8,0x41,0x08,0x05,0x34,0x28,0x21,0xd0,0xe9,0x06,0x85,
    0x07,0x83,0xc0,0x02,0x03,0x3e,0xb3,0x04,0x27,0x31,0xd0,0x31,0x08,0x26,0x41,0x06,0x25,0xa1,0x87,0xc2,0x48,0x58,0x16,0xc8,
    0xe7,0x58,0x61,0xa8,0x11,0x83,0x07,0x00,0x41,0x30,0xc0,0x5c,0x32,0x60,0xc5,0xa0,0x07,0x83,0x16,0x0c,0x56,0x43,0x35,0x52,
    0x63,0x0c,0x83,0x92,0x0c,0x4a,0x32,0x28,0xc9,0x20,0x18,0x4d,0x08,0x80,0xd1,0x04,0x21,0x18,0x4d,0x18,0x84,0xd1,0x04,0x62,
    0x18,0x31,0x38,0x00,0x10,0x04,0x03,0x32,0x68,0xc9,0x80,0x16,0x03,0x12,0x0c,0x78,0x31,0x18,0x4d,0x08,0x80,0xd1,0x04,0x21,
    0x18,0x4d,0x18,0x84,0xd1,0x04,0x62,0xb0,0x84,0x88,0x8f,0x25,0x44,0x7c,0x2c,0x21,0xe2,0x63,0x09,0x11,0x1f,0x23,0x20,0xf9,
    0x18,0x11,0xc9,0xc7,0x08,0x49,0x3e,0x46,0x4c,0xf2,0x19,0x31,0x38,0x00,0x10,0x04,0x83,0xae,0x27,0x83,0x5f,0x0c,0xde,0x30,
    0x10,0x87,0xd1,0x84,0x00,0x18,0x4d,0x10,0x82,0xd1,0x84,0x41,0x98,0x65,0x40,0x89,0x95,0xb0,0x8f,0x59,0x06,0x95,0x48,0x89,
    0xd7,0x18,0x8e,0x08,0x8f,0x3b,0x0c,0x86,0x6f,0x38,0x42,0x3c,0xee,0x30,0x20,0xbe,0x12,0x02,0x9d,0x6e,0xc8,0xc3,0x40,0x0f,
    0x83,0x60,0x96,0x60,0x25,0xee,0x18,0xca,0x02,0xf3,0x90,0x8f,0x05,0x7e,0x18,0xc0,0x67,0xc4,0xc0,0x00,0x40,0x10,0x0c,0x9a,
    0xb7,0x0c,0xe0,0x31,0x08,0x2e,0x20,0x68,0xc4,0xc0,0x00,0x40,0x10,0x0c,0x9a,0xb8,0x0c,0xe0,0x31,0x18,0x86,0x1b,0x04,0x79,
    0x0c,0xcc,0x60,0xb8,0x61,0x70,0xd0,0xa0,0x84,0x40,0x6d,0x14,0x03,0x22,0x3e,0xd3,0x0d,0x41,0x29,0x06,0x82,0x1d,0x6b,0x19,
    0x80,0x60,0xb8,0x01,0xb1,0xc7,0xc0,0x0c,0x86,0x1b,0x04,0x0a,0x0d,0x4a,0x08,0x74,0xba,0x41,0x51,0xc5,0x20,0xb0,0xc0,0x80,
    0xcf,0x2c,0xc1,0x4a,0x0c,0x74,0x0c,0x82,0x4a,0x90,0x41,0x4a,0xd8,0xa4,0x70,0x12,0xb3,0x0c,0x2c,0xf1,0x12,0x2a,0x32,0xcb,
    0xe0,0x12,0x2d,0x51,0x1e,0xc3,0x11,0xf6,0xd1,0x8a,0xc1,0xf0,0x0d,0x47,0xdc,0x47,0x2b,0x06,0xc4,0x57,0x42,0xa0,0xd3,0x0d,
    0xaf,0x18,0xc0,0x62,0x10,0xcc,0x12,0xbc,0xc4,0x71,0x43,0x59,0xb0,0x1f,0xf2,0xb1,0x80,0x16,0x03,0xf8,0x8c,0x18,0x18,0x00,
    0x08,0x82,0x41,0x53,0x9a,0x81,0x49,0x06,0xc1,0x05,0x04,0x8d,0x18,0x18,0x00,0x08,0x82,0x41,0x73,0x9a,0x81,0x49,0x06,0xc3,
    0x70,0x83,0x80,0x92,0x81,0x19,0x0c,0x37,0x0c,0x63,0x80,0x06,0x25,0x04,0x6a,0xb9,0x18,0x10,0xf1,0x99,0x6e,0x08,0x76,0x31,
    0x10,0xec,0x08,0xcd,0x00,0x04,0xc3,0x0d,0x08,0x4b,0x06,0x66,0x30,0xdc,0x20,0xa4,0x01,0x1a,0x94,0x10,0xe8,0x74,0x83,0x02,
    0x8e,0x41,0x60,0x81,0x01,0x9f,0x59,0x82,0x97,0x18,0xe8,0x18,0x04,0x97,0x20,0x83,0x96,0x10,0x4d,0x61,0x25,0x2c,0xb8,0xe4,
    0x33,0xcb,0x00,0x13,0x33,0xc1,0x0b,0xb3,0x0c,0x32,0x11,0x13,0xfc,0x31,0x1c,0xc1,0x22,0xe4,0x18,0x0c,0xdf,0x70,0x44,0x8b,
    0x90,0x63,0x40,0x7c,0x25,0x04,0x3a,0xdd,0x60,0x8e,0xc1,0x39,0x06,0xc1,0x2c,0xc1,0x4c,0x9c,0x1c,0x0c,0x65,0x41,0x8c,0xc8,
    0xc7,0x82,0x75,0x0c,0xe0,0x33,0x62,0x60,0x00,0x20,0x08,0x06,0x0d,0x6f,0x06,0x3d,0x19,0x04,0x17,0x10,0x34,0x62,0x60,0x00,
    0x20,0x08,0x06,0x8d,0x6f,0x06,0x3d,0x19,0x0c,0xc3,0x0d,0xc2,0x4f,0x06,0x66,0x30,0xdc,0x30,0xe4,0x01,0x1a,0x94,0x10,0xa8,
    0xc1,0x63,0x40,0xc4,0x67,0xba,0x21,0x90,0xc7,0x40,0xb0,0x03,0x37,0x03,0x10,0x0c,0x37,0x20,0x63,0x19,0x98,0xc1,0x70,0x83,
    0xf0,0x07,0x68,0x50,0x42,0xa0,0xd3,0x0d,0xca,0x3d,0x06,0x81,0x05,0x06,0x7c,0x66,0x09,0x66,0x62,0xa0,0x63,0x10,0x64,0x82,
    0x0c,0x62,0x02,0x3e,0x85,0x97,0xb0,0x2b,0x90,0xcf,0xa9,0xc5,0x50,0x23,0x06,0x0f,0x00,0x82,0x60,0x80,0xa5,0x67,0x70,0x96,
    0x01,0x3e,0x06,0xe8,0x18,0x98,0x49,0x99,0x90,0x89,0x3f,0x06,0xe0,0x19,0x80,0x67,0x00,0x9e,0x41,0x30,0x9a,0x10,0x00,0xa3,
    0x09,0x42,0x30,0x9a,0x30,0x08,0xa3,0x09,0xc4,0x60,0x84,0x2e,0xc4,0xc7,0x08,0x5d,0x88,0x8f,0x11,0xba,0x10,0x1f,0x23,0x74,
    0x21,0x3e,0x46,0x2c,0xf2,0x31,0x82,0x91,0x8f,0x11,0x8d,0x7c,0x8c,0x70,0xe4,0x63,0x84,0x38,0xc0,0xc7,0x08,0x71,0x80,0x8f,
    0x11,0xe2,0x00,0x1f,0x23,0xc4,0x01,0x3e,0xe6,0x0b,0x48,0x7c,0xcc,0x17,0x90,0xf8,0x98,0x2f,0x20,0xf1,0x31,0x5f,0x40,0xe2,
    0x63,0x04,0x5f,0xc8,0xc7,0x88,0xbe,0x90,0x8f,0x11,0x7e,0x21,0x1f,0x23,0xfe,0x42,0x3e,0x46,0x30,0xf0,0x31,0x82,0x81,0x8f,
    0x11,0x0c,0x7c,0x8c,0x60,0xe0,0x33,0x4b,0x50,0x13,0x23,0x06,0x0f,0x00,0x82,0x60,0x80,0x99,0x68,0x40,0x9a,0x41,0x4d,0x06,
    0x25,0x19,0x8c,0x8a,0xa8,0x84,0xca,0x4e,0x06,0xfd,0x19,0xf4,0x67,0xd0,0x9f,0x41,0xb8,0x8c,0x26,0x04,0xc0,0x68,0x82,0x10,
    0x8c,0x26,0x0c,0xc2,0x68,0x02,0x31,0xcc,0x12,0xd4,0xc4,0x40,0xc7,0x80,0xd0,0x04,0xd9,0xe8,0x83,0x34,0x13,0x03,0x1d,0x03,
    0x42,0x13,0x64,0xa3,0x0f,0xd2,0x4c,0x0c,0x74,0x0c,0x08,0x4d,0x90,0x8d,0x3e,0x48,0x33,0x31,0xd0,0x31,0x20,0x34,0x41,0x36,
    0xfa,0x20,0xcd,0x84,0x11,0xb8,0x02,0x1f,0x23,0x70,0x05,0x3e,0x46,0xe0,0x0a,0x7c,0x8c,0xc0,0x15,0xf8,0x18,0xae,0xac,0x68,
    0x00,0x83,0xe1,0x86,0xe0,0x57,0xd0,0x60,0x96,0x41,0x1d,0x6c,0x22,0x98,0x25,0xb8,0x89,0x81,0x8a,0x01,0x56,0x05,0x74,0x60,
    0x6c,0x62,0xa0,0x62,0x90,0x55,0x01,0x1d,0x18,0x9b,0x18,0xa8,0x18,0x68,0x55,0x40,0x07,0xc6,0x26,0x06,0x2a,0x06,0x5b,0x15,
    0xd0,0x81,0xb1,0x09,0x23,0xf4,0x85,0x3e,0x46,0xec,0x0b,0x7d,0x8c,0xe0,0x17,0xfa,0x18,0xd1,0x2f,0xf4,0x99,0x25,0x78,0x91,
    0x11,0x03,0x03,0x00,0x41,0x30,0x68,0xc2,0x34,0xb8,0xcd,0x80,0xec,0x2c,0xd0,0x39,0xf9,0x98,0xa0,0x73,0xf2,0xb1,0x41,0xe7,
    0xe4,0x63,0x04,0xd8,0xc9,0xc7,0x0a,0xb0,0x93,0x8f,0x19,0x60,0x27,0x9f,0x11,0x83,0x0a,0x00,0x41,0x30,0xd0,0xc6,0x34,0xa0,
    0xcd,0x60,0x2e,0x83,0xb1,0x0c,0x4e,0xce,0xe4,0x4a,0x2e,0x2f,0x83,0x1d,0x0d,0x76,0x34,0xd8,0xd1,0x60,0x10,0x02,0xa3,0x20,
    0xf2,0x32,0x18,0x4d,0x08,0x80,0xd1,0x04,0x21,0x18,0x4d,0x18,0x84,0xd1,0x04,0x62,0x98,0x25,0x78,0x91,0xe1,0x86,0x19,0x0c,
    0x7a,0x34,0x00,0x83,0x59,0x06,0x9d,0x80,0x8d,0x60,0x96,0x61,0x27,0x5e,0x23,0xd7,0x46,0x0c,0x0e,0x00,0x04,0xc1,0xa0,0x3b,
    0xd3,0x20,0x3d,0x03,0xbd,0x0c,0xc2,0x34,0x18,0x4d,0x08,0x80,0xd1,0x04,0x21,0x18,0x4d,0x18,0x84,0x1b,0x86,0xba,0x61,0xa8,
    0x1b,0x86,0xb2,0xa1,0xed,0xe4,0x63,0x43,0xdb,0xc9,0xc7,0x86,0xb6,0x93,0x8f,0x0d,0x83,0x7c,0x6c,0x18,0xe4,0x63,0x42,0x00,
    0x1f,0x23,0x08,0xf9,0x98,0x10,0xc0,0x67,0xc4,0xc0,0x00,0x40,0x10,0x0c,0x9a,0x3e,0x0d,0xe8,0x33,0x08,0x8c,0xc9,0x3b,0xf9,
    0x18,0x93,0x77,0xf2,0x31,0x26,0xef,0xe4,0x63,0xc3,0x20,0x1f,0x1b,0x06,0xf9,0x98,0x10,0xc0,0xc7,0x08,0x42,0x3e,0x26,0x04,
    0xf0,0x19,0x31,0x30,0x00,0x10,0x04,0x83,0xc6,0x54,0x83,0xfe,0x0c,0x82,0x11,0x83,0x03,0x00,0x41,0x30,0x88,0x4a,0x35,0x58,
    0xd1,0x20,0x50,0x46,0x0c,0x0e,0x00,0x04,0xc1,0x20,0x32,0xd5,0x60,0x45,0x03,0x61,0x19,0x8e,0x10,0x6e,0x33,0x50,0xbe,0x59,
    0x06,0x9e,0xe8,0x89,0x60,0xc4,0xe0,0x00,0x40,0x10,0x0c,0x22,0x54,0x0d,0x5c,0x34,0x10,0x7c,0x33,0x30,0x22,0xa0,0xcf,0x88,
    0x81,0x01,0x80,0x20,0x18,0x34,0xac,0x1a,0xec,0x67,0x10,0x8c,0x18,0x1c,0x00,0x08,0x82,0x41,0xb4,0xaa,0x41,0x8c,0x06,0xbb,
    0x19,0x04,0x23,0x06,0x07,0x00,0x82,0x60,0x10,0xb1,0x6a,0x10,0xa3,0x81,0xea,0x05,0xb3,0x04,0x3d,0x31,0x50,0x31,0x08,0x3c,
    0xa1,0xb7,0xc2,0x4e,0x58,0x12,0xd0,0x67,0xc4,0xe0,0x00,0x40,0x10,0x0c,0xa2,0x57,0x0d,0x6a,0x34,0x08,0x92,0x11,0x83,0x03,
    0x00,0x41,0x30,0x88,0x60,0x35,0xb0,0xd1,0x20,0x40,0xcf,0x60,0xc4,0xc0,0x00,0x40,0x10,0x0c,0x9a,0x59,0x0d,0x4a,0x34,0x08,
    0x2c,0xb8,0x3d,0xf8,0x8c,0x18,0x1c,0x00,0x08,0x82,0x41,0x34,0xab,0x41,0x8e,0x06,0x01,0xed,0x0d,0x47,0x40,0xd9,0xf0,0x4d,
    0x37,0xc8,0xde,0xeb,0x05,0xd3,0x0d,0xb2,0xf7,0x7a,0xc2,0x74,0x83,0xec,0xbd,0xde,0x30,0x62,0x70,0x00,0x20,0x08,0x06,0x64,
    0x00,0xab,0xc1,0x8d,0x06,0xa7,0x19,0x80,0x69,0x30,0x9a,0x10,0x00,0x17,0x10,0x53,0x81,0xa8,0x06,0x3a,0xdc,0x10,0xac,0x6a,
    0x00,0x06,0x35,0xb4,0x68,0xa0,0xc3,0x0d,0x01,0x8d,0x06,0x60,0x50,0x43,0xb0,0xb3,0x0c,0x3f,0xe1,0x13,0x41,0x19,0x3b,0x1a,
    0xe8,0x70,0x43,0xb0,0xa3,0x01,0x18,0xcc,0x12,0xfc,0xc4,0x40,0x85,0x22,0xcf,0x42,0x4f,0x08,0x3e,0x71,0x16,0x41,0xc3,0x0d,
    0x41,0xae,0x06,0x66,0x30,0xcb,0x00,0x16,0xae,0x11,0xcc,0x12,0x84,0xc5,0x40,0xc5,0x10,0x57,0xac,0xc1,0xbe,0x02,0x58,0x0c,
    0x54,0x0c,0x71,0xc5,0x1a,0xee,0x2b,0x80,0xc5,0x40,0xc5,0x10,0x57,0xac,0x01,0xbf,0x02,0x58,0x0c,0x54,0x0c,0x71,0xc5,0x1a,
    0xf2,0x2b,0x80,0xc5,0x40,0x05,0x11,0x57,0xac,0xc1,0xd7,0x02,0x58,0x5c,0x30,0x98,0x05,0xff,0x19,0xc0,0xc7,0x82,0x8f,0x3e,
    0x16,0xfc,0x67,0x00,0x1f,0x0b,0x32,0xf9,0x98,0x90,0xc9,0xc7,0x86,0x4c,0x3e,0x36,0xc8,0x1e,0x7c,0x6c,0x90,0x3d,0xf8,0xd8,
    0x20,0x7b,0xf0,0x99,0x65,0x10,0x8b,0xd5,0x90,0x46,0x0c,0x0e,0x00,0x04,0xc1,0xa0,0x7b,0xd7,0x20,0x4e,0x03,0x11,0x0d,0xd2,
    0x35,0x18,0x4d,0x08,0x86,0x11,0x83,0x03,0x00,0x41,0x30,0x20,0x03,0x77,0x0d,0xea,0x34,0x28,0xcf,0xc0,0x4f,0x83,0xd1,0x84,
    0x60,0xb8,0x80,0x98,0xe1,0x86,0xc0,0x5d,0x03,0x30,0x98,0x65,0x20,0x8b,0xb1,0x08,0xaa,0xe0,0xd3,0x00,0x2e,0x18,0x6a,0xc4,
    0xe0,0x00,0x40,0x10,0x0c,0x22,0x7e,0x0d,0x44,0x35,0x48,0x83,0x16,0x0d,0x46,0x0c,0x0e,0x00,0x04,0xc1,0x20,0xea,0xd7,0x40,
    0x54,0x83,0x40,0x98,0x25,0x20,0x8b,0x81,0x8a,0x41,0x18,0x0b,0x1f,0x16,0xc4,0x62,0x38,0x22,0x80,0xd1,0x40,0xf8,0x46,0x13,
    0x94,0x60,0x34,0x61,0x11,0xa6,0x1b,0x84,0x60,0x18,0x8e,0x08,0x66,0x34,0x70,0xbe,0xe1,0x06,0xc6,0x5e,0x83,0x30,0x18,0x6e,
    0x68,0xe4,0x35,0x08,0x83,0x12,0x02,0x9d,0x65,0x28,0x0b,0xb9,0x08,0x2c,0xd9,0xd1,0x00,0x3e,0x23,0x06,0x06,0x00,0x82,0x60,
    0xd0,0xa8,0x6c,0xb0,0xaa,0x41,0x70,0x01,0x31,0x23,0x06,0x07,0x00,0x82,0x60,0xd0,0x95,0x6c,0x70,0xaa,0x01,0x8e,0x06,0xc1,
    0x68,0x42,0x00,0x8c,0x26,0x08,0xc1,0x68,0xc2,0x20,0xcc,0x32,0x98,0x45,0x5a,0xc8,0xc1,0x2c,0x03,0x5a,0x9c,0xc5,0x32,0x1c,
    0xd1,0xfd,0x68,0x30,0x7c,0xc3,0x11,0xde,0x8f,0x06,0xc4,0x57,0x42,0xa0,0xd3,0x0d,0x61,0x1a,0x88,0x69,0x10,0xcc,0x12,0xa4,
    0xc5,0x1d,0x43,0x59,0x20,0x06,0xf2,0xb1,0xc0,0x4c,0x03,0xf8,0x8c,0x18,0x18,0x00,0x08,0x82,0x41,0x73,0xb3,0x01,0xae,0x06,
    0xc1,0x05,0x04,0x8d,0x18,0x18,0x00,0x08,0x82,0x41,0x93,0xb3,0x01,0xae,0x06,0xc3,0x70,0x83,0xa0,0xab,0x81,0x19,0x0c,0x37,
    0x0c,0x0e,0x1a,0x94,0x10,0xa8,0xad,0x69,0x40,0xc4,0x67,0xba,0x21,0x68,0xd3,0x40,0xb0,0x63,0x66,0x03,0x10,0x0c,0x37,0x20,
    0xbe,0x1a,0x98,0xc1,0x70,0x83,0x40,0xa1,0x41,0x09,0x81,0x4e,0x37,0x28,0x72,0x1a,0x04,0x16,0x18,0xf0,0x99,0x25,0x48,0x8b,
    0x81,0x8e,0x41,0x40,0x0b,0x32,0x38,0x0b,0x73,0x16,0xca,0x62,0x96,0x41,0x2d,0xda,0xc2,0x14,0x66,0x19,0xd8,0x62,0x2d,0xc2,
    0x60,0x38,0x42,0x0e,0xea,0x34,0x18,0xbe,0xe1,0x88,0x39,0xa8,0xd3,0x80,0xf8,0x4a,0x08,0x74,0xba,0xe1,0x4e,0x03,0x3c,0x0d,
    0x82,0x59,0x82,0xb6,0x38,0x6e,0x28,0x0b,0xee,0x40,0x3e,0x16,0xf0,0x69,0x00,0x9f,0x11,0x03,0x03,0x00,0x41,0x30,0x68,0xda,
    0x36,0x70,0xd7,0x20,0xb8,0x80,0xa0,0x11,0x03,0x03,0x00,0x41,0x30,0x68,0xde,0x36,0x70,0xd7,0x60,0x18,0x6e,0x10,0xe0,0x35,
    0x30,0x83,0xe1,0x86,0x61,0x0c,0xd0,0xa0,0x84,0x40,0x2d,0x54,0x03,0x22,0x3e,0xd3,0x0d,0xc1,0xa8,0x06,0x82,0x1d,0x69,0x1b,
    0x80,0x60,0xb8,0x01,0xa1,0xd7,0xc0,0x0c,0x86,0x1b,0x84,0x34,0x40,0x83,0x12,0x02,0x9d,0x6e,0x50,0x50,0x35,0x08,0x2c,0x30,
    0xe0,0x33,0x4b,0xd0,0x16,0x03,0x1d,0x83,0xc0,0x16,0x64,0xb0,0x16,0x32,0x2d,0xa4,0x85,0x05,0x97,0x7c,0x2a,0x1c,0xec,0x35,
    0xd0,0xe1,0x86,0xc0,0x5e,0x03,0x30,0x98,0x65,0x70,0x8b,0xb8,0x08,0x66,0x19,0xe0,0xe2,0x2d,0xf4,0x60,0x38,0x42,0x15,0x5c,
    0x35,0x18,0xbe,0xe1,0x88,0x55,0x70,0xd5,0x80,0xf8,0x4a,0x08,0x74,0xba,0x01,0x56,0x83,0x58,0x0d,0x82,0x59,0x82,0xb8,0x38,
    0x3a,0x18,0xca,0x82,0x57,0x90,0x8f,0x05,0xb5,0x1a,0xc0,0x67,0xc4,0xc0,0x00,0x40,0x10,0x0c,0x1a,0xd3,0x0d,0x4e,0x36,0x08,
    0x2e,0x20,0x68,0xc4,0xc0,0x00,0x40,0x10,0x0c,0x1a,0xd4,0x0d,0x4e,0x36,0x18,0x86,0x1b,0x84,0x94,0x0d,0xcc,0x60,0xb8,0x61,
    0xd8,0x03,0x34,0x28,0x21,0x50,0xd3,0xd5,0x80,0x88,0xcf,0x74,0x43,0xc0,0xab,0x81,0x60,0x87,0xe8,0x06,0x20,0x18,0x6e,0x40,
    0x5a,0x36,0x30,0x83,0xe1,0x06,0x21,0x14,0xd0,0xa0,0x84,0x40,0xa7,0x1b,0x94,0x70,0x0d,0x02,0x0b,0x0c,0xf8,0xcc,0x12,0xc4,
    0xc5,0x40,0xc7,0x20,0xc0,0x05,0x19,0xbc,0x05,0x69,0x0b,0x6d,0x61,0x59,0x20,0x9f,0x5b,0x85,0xa1,0x46,0x0c,0x1e,0x00,0x04,
    0xc1,0x00,0x9b,0xdd,0x20,0x66,0x83,0x71,0x0d,0x66,0x35,0x20,0x87,0x71,0x10,0x07,0x74,0x0d,0x54,0x37,0x50,0xdd,0x40,0x75,
    0x83,0x60,0x34,0x21,0x00,0x46,0x13,0x84,0x60,0x34,0x61,0x10,0x46,0x13,0x88,0x61,0xc4,0xe0,0x00,0x40,0x10,0x0c,0xc8,0x40,
    0x76,0x83,0x9c,0x0d,0x52,0x35,0x18,0xdb,0x60,0x34,0x21,0x00,0x46,0x13,0x84,0x60,0x34,0x61,0x10,0x46,0x13,0x88,0xc1,0x12,
    0x22,0x3e,0x96,0x10,0xf1,0xb1,0x84,0x88,0x8f,0x25,0x44,0x7c,0x8c,0x80,0xe4,0x63,0x44,0x24,0x1f,0x23,0x24,0xf9,0x18,0x31,
    0xc9,0xc7,0x08,0x06,0x3e,0x46,0x30,0xf0,0x31,0x82,0x81,0x8f,0x11,0x0c,0x7c,0x66,0x09,0x58,0x63,0xc4,0xc0,0x00,0x40,0x10,
    0x0c,0x9a,0xf6,0x0d,0xdc,0x36,0x68,0x87,0x0b,0x88,0x29,0x7c,0x78,0xdb,0x00,0x4a,0x20,0xdf,0x00,0x46,0x0c,0x0e,0x00,0x04,
    0xc1,0xe0,0x4b,0xdf,0xc0,0x67,0x83,0x40,0x18,0x31,0x30,0x00,0x10,0x04,0x83,0x46,0x7e,0x83,0xb8,0x0d,0xe4,0x61,0xc4,0xe0,
    0x00,0x40,0x10,0x0c,0x3a,0xf6,0x0d,0xdc,0x36,0xf8,0xd7,0x40,0x18,0x4d,0x08,0x80,0xd1,0x04,0x21,0x18,0x4d,0x18,0x84,0x59,
    0x86,0xb9,0xb0,0x8b,0x9c,0x98,0x65,0xa8,0x0b,0xba,0x90,0x87,0xe1,0x08,0x92,0x30,0xd9,0x60,0xf8,0x86,0x23,0x4a,0xc2,0x64,
    0x03,0xe2,0x2b,0x21,0xd0,0xe9,0x06,0x94,0x0d,0x52,0x36,0x08,0x66,0x09,0xec,0xe2,0x8e,0xa1,0x2c,0x48,0x09,0xf9,0x58,0xd0,
    0xb2,0x01,0x7c,0x46,0x0c,0x0c,0x00,0x04,0xc1,0xa0,0xf1,0xdf,0xe0,0x6f,0x83,0xe0,0x02,0x82,0x46,0x0c,0x0c,0x00,0x04,0xc1,
    0xa0,0x01,0xe1,0xe0,0x6f,0x83,0x61,0xb8,0x41,0x08,0xdd,0xc0,0x0c,0x86,0x1b,0x06,0x07,0x0d,0x4a,0x08,0xd4,0x64,0x36,0x20,
    0xe2,0x33,0xdd,0x10,0xd0,0x6c,0x20,0xd8,0xa1,0xbf,0x01,0x08,0x86,0x1b,0x90,0xd2,0x0d,0xcc,0x60,0xb8,0x41,0xa0,0xd0,0xa0,
    0x84,0x40,0xa7,0x1b,0x94,0x9c,0x0d,0x02,0x0b,0x0c,0xf8,0xcc,0x12,0xd8,0xc5,0x40,0xc7,0x20,0xd4,0x05,0x19,0xd0,0x05,0x9d,
    0x0b,0x72,0x31,0xcb,0x70,0x17,0x7a,0xd1,0x16,0xb3,0x0c,0x79,0x81,0x17,0x28,0x31,0x1c,0x91,0x13,0x3c,0x1b,0x0c,0xdf,0x70,
    0x84,0x4e,0xf0,0x6c,0x40,0x7c,0x25,0x04,0x3a,0xdd,0xe0,0xb3,0xc1,0xcf,0x06,0xc1,0x2c,0x81,0x5e,0x1c,0x37,0x94,0x05,0x3e,
    0x21,0x1f,0x0b,0xc6,0x36,0x80,0xcf,0x88,0x81,0x01,0x80,0x20,0x18,0x34,0x34,0x1c,0xd4,0x6e,0x10,0x5c,0x40,0xd0,0x88,0x81,
    0x01,0x80,0x20,0x18,0x34,0x36,0x1c,0xd4,0x6e,0x30,0x0c,0x37,0x08,0xb7,0x1b,0x98,0xc1,0x70,0xc3,0x30,0x06,0x68,0x50,0x42,
    0xa0,0x86,0xb6,0x01,0x11,0x9f,0xe9,0x86,0x40,0x6d,0x03,0xc1,0x0e,0x18,0x0e,0x40,0x30,0xdc,0x80,0xec,0x6e,0x60,0x06,0xc3,
    0x0d,0x42,0x1a,0xa0,0x41,0x09,0x81,0x4e,0x37,0x28,0x6f,0x1b,0x04,0x16,0x18,0xf0,0x99,0x25,0xd0,0x8b,0x81,0x8e,0x41,0xc8,
    0x0b,0x32,0xc0,0x0b,0x70,0x17,0xec,0xc2,0x82,0x4b,0x3e,0x85,0x1a,0xbd,0x1b,0xe8,0x70,0x43,0xd0,0xbb,0x01,0x18,0xcc,0x32,
    0xec,0x85,0x5f,0x04,0xb3,0x0c,0x7d,0xc1,0x17,0x61,0x31,0x1c,0x11,0x17,0x75,0x1b,0x0c,0xdf,0x70,0x84,0x5c,0xd4,0x6d,0x40,
    0x7c,0x25,0x04,0x3a,0xdd,0x70,0xb7,0x01,0xde,0x06,0xc1,0x2c,0x81,0x5f,0x1c,0x1d,0x0c,0x65,0x81,0x5d,0xc8,0xc7,0x02,0xbe,
    0x0d,0xe0,0x33,0x62,0x60,0x00,0x20,0x08,0x06,0x4d,0x1b,0x07,0xee,0x1b,0x04,0x17,0x10,0x34,0x62,0x60,0x00,0x20,0x08,0x06,
    0xcd,0x1b,0x07,0xee,0x1b,0x0c,0xc3,0x0d,0x02,0xfc,0x06,0x66,0x30,0xdc,0x30,0xec,0x01,0x1a,0x94,0x10,0xa8,0x85,0x6e,0x40,
    0xc4,0x67,0xba,0x21,0x18,0xdd,0x40,0xb0,0x23,0x8d,0x03,0x10,0x0c,0x37,0x20,0xf4,0x1b,0x98,0xc1,0x70,0x83,0x10,0x0a,0x68,
    0x50,0x42,0xa0,0xd3,0x0d,0x0a,0xea,0x06,0x81,0x05,0x06,0x7c,0x66,0x09,0xfc,0x62,0xa0,0x63,0x10,0xfa,0x82,0x0c,0xf8,0x42,
    0xe6,0x05,0xbd,0xb0,0x2c,0x90,0xcf,0xb1,0xc2,0x50,0x23,0x06,0x0f,0x00,0x82,0x60,0x80,0xe9,0x71,0x80,0xbf,0x81,0xea,0x06,
    0x7a,0x1b,0xac,0x86,0x6a,0xa4,0xc6,0xeb,0x06,0x71,0x1c,0xc4,0x71,0x10,0xc7,0x41,0x30,0x9a,0x10,0x00,0xa3,0x09,0x42,0x30,
    0x9a,0x30,0x08,0xa3,0x09,0xc4,0x30,0x62,0x70,0x00,0x20,0x08,0x06,0x64,0x90,0xc7,0x01,0x08,0x07,0x70,0x1b,0xa8,0x70,0x30,
    0x9a,0x10,0x00,0xa3,0x09,0x42,0x30,0x9a,0x30,0x08,0xa3,0x09,0xc4,0x60,0x09,0x11,0x1f,0x4b,0x88,0xf8,0x58,0x42,0xc4,0xc7,
    0x12,0x22,0x3e,0x46,0x40,0xf2,0x31,0x22,0x92,0x8f,0x11,0x92,0x7c,0x8c,0x98,0xe4,0x33,0x62,0x70,0x00,0x20,0x08,0x06,0x5d,
    0x2a,0x07,0x2b,0x1c,0xf0,0x6e,0x20,0x0e,0xa3,0x09,0x01,0x30,0x9a,0x20,0x04,0xa3,0x09,0x83,0x30,0xcb,0xf0,0x17,0xa2,0x61,
    0x1f,0xb3,0x0c,0xa1,0x01,0x1a,0xaf,0x31,0x1c,0x11,0x1e,0xe3,0x1b,0x0c,0xdf,0x70,0x84,0x78,0x8c,0x6f,0x40,0x7c,0x25,0x04,
    0x3a,0xdd,0x50,0xbe,0x81,0xf9,0x06,0xc1,0x2c,0x81,0x68,0xdc,0x31,0x94,0x05,0xe6,0x21,0x1f,0x0b,0xd4,0x37,0x80,0xcf,0x88,
    0x81,0x01,0x80,0x20,0x18,0x34,0xbb,0x1c,0xf0,0x70,0x10,0x5c,0x40,0xd0,0x88,0x81,0x01,0x80,0x20,0x18,0x34,0xbd,0x1c,0xf0,
    0x70,0x30,0x0c,0x37,0x08,0x3e,0x1c,0x98,0xc1,0x70,0xc3,0xe0,0xa0,0x41,0x09,0x81,0xda,0xfb,0x06,0x44,0x7c,0xa6,0x1b,0x82,
    0xf8,0x0d,0x04,0x3b,0x6e,0x39,0x00,0xc1,0x70,0x03,0x22,0xc6,0x81,0x19,0x0c,0x37,0x08,0x14,0x1a,0x94,0x10,0xe8,0x74,0x83,
    0x62,0xbf,0x41,0x60,0x81,0x01,0x9f,0x59,0x02,0xd1,0x18,0xe8,0x18,0x84,0xd0,0x20,0x03,0xd0,0x70,0x7f,0xc1,0x2f,0x66,0x19,
    0x46,0xc3,0x34,0x54,0x64,0x96,0xa1,0x34,0x48,0xa3,0x3c,0x86,0x23,0xec,0x23,0x7f,0x83,0xe1,0x1b,0x8e,0xb8,0x8f,0xfc,0x0d,
    0x88,0xaf,0x84,0x40,0xa7,0x1b,0xf6,0x37,0xe0,0xdf,0x20,0x98,0x25,0x30,0x8d,0xe3,0x86,0xb2,0x60,0x3f,0xe4,0x63,0x01,0x08,
    0x07,0xf0,0x19,0x31,0x30,0x00,0x10,0x04,0x83,0x26,0x9e,0x03,0x39,0x0e,0x82,0x0b,0x08,0x1a,0x31,0x30,0x00,0x10,0x04,0x83,
    0x66,0x9e,0x03,0x39,0x0e,0x86,0xe1,0x06,0x81,0x8e,0x03,0x33,0x18,0x6e,0x18,0xc6,0x00,0x0d,0x4a,0x08,0xd4,0x4a,0x38,0x20,
    0xe2,0x33,0xdd,0x10,0x9c,0x70,0x20,0xd8,0xd1,0xce,0x01,0x08,0x86,0x1b,0x10,0x3c,0x0e,0xcc,0x60,0xb8,0x41,0x48,0x03,0x34,
    0x28,0x21,0xd0,0xe9,0x06,0x85,0x85,0x83,0xc0,0x02,0x03,0x3e,0xb3,0x04,0xa6,0x31,0xd0,0x31,0x08,0xa5,0x41,0x06,0xa4,0xa1,
    0x83,0x83,0x68,0x58,0x70,0xc9,0x67,0x96,0xe1,0x34,0x54,0x83,0x17,0x66,0x19,0x52,0x03,0x35,0xf8,0x63,0x38,0x82,0x45,0x60,
    0x38,0x18,0xbe,0xe1,0x88,0x16,0x81,0xe1,0x80,0xf8,0x4a,0x08,0x74,0xba,0x41,0x86,0x83,0x19,0x0e,0x82,0x59,0x02,0xd5,0x38,
    0x39,0x18,0xca,0x82,0x18,0x91,0x8f,0x05,0x37,0x1c,0xc0,0x67,0xc4,0xc0,0x00,0x40,0x10,0x0c,0x1a,0x94,0x0e,0x52,0x39,0x08,
    0x2e,0x20,0x68,0xc4,0xc0,0x00,0x40,0x10,0x0c,0x1a,0x95,0x0e,0x52,0x39,0x18,0x86,0x1b,0x84,0x55,0x0e,0xcc,0x60,0xb8,0x61,
    0xc8,0x03,0x34,0x28,0x21,0x50,0xe3,0xe1,0x80,0x88,0xcf,0x74,0x43,0xe0,0xc3,0x81,0x60,0x07,0x49,0x07,0x20,0x18,0x6e,0x40,
    0x5e,0x39,0x30,0x83,0xe1,0x06,0xe1,0x0f,0xd0,0xa0,0x84,0x40,0xa7,0x1b,0x94,0x31,0x0e,0x02,0x0b,0x0c,0xf8,0xcc,0x12,0xa8,
    0xc6,0x40,0xc7,0x20,0xa4,0x06,0x19,0xa0,0x06,0x2a,0x0e,0xa6,0x61,0x57,0x20,0x9f,0x53,0x8b,0xa1,0x46,0x0c,0x1e,0x00,0x04,
    0xc1,0x00,0xab,0xe9,0x60,0x96,0x83,0x32,0x0e,0x6a,0x38,0x30,0x93,0x32,0x21,0x13,0x35,0x0e,0x58,0x3a,0x60,0xe9,0x80,0xa5,
    0x83,0x60,0x34,0x21,0x00,0x46,0x13,0x84,0x60,0x34,0x61,0x10,0x46,0x13,0x88,0xc1,0x08,0x5d,0x88,0x8f,0x11,0xba,0x10,0x1f,
    0x23,0x74,0x21,0x3e,0x46,0xe8,0x42,0x7c,0x8c,0x58,0xe4,0x63,0x04,0x23,0x1f,0x23,0x1a,0xf9,0x18,0xe1,0xc8,0xc7,0x08,0x71,
    0x80,0x8f,0x11,0xe2,0x00,0x1f,0x23,0xc4,0x01,0x3e,0x46,0x88,0x03,0x7c,0xcc,0x17,0x90,0xf8,0x98,0x2f,0x20,0xf1,0x31,0x5f,
    0x40,0xe2,0x63,0xbe,0x80,0xc4,0xc7,0x08,0xbe,0x90,0x8f,0x11,0x7d,0x21,0x1f,0x23,0xfc,0x42,0x3e,0x46,0xfc,0x85,0x7c,0x8c,
    0x60,0xe0,0x63,0x04,0x03,0x1f,0x23,0x18,0xf8,0x18,0xc1,0xc0,0x67,0x96,0x80,0x35,0x46,0x0c,0x1e,0x00,0x04,0xc1,0x00,0x93,
    0xeb,0x00,0x9e,0x03,0x51,0x0e,0xe4,0x38,0x18,0x15,0x51,0x09,0x95,0x53,0x0e,0xd2,0x3a,0x48,0xeb,0x20,0xad,0x83,0x70,0x19,
    0x4d,0x08,0x80,0xd1,0x04,0x21,0x18,0x4d,0x18,0x84,0xd1,0x04,0x62,0x98,0x25,0x60,0x8d,0x81,0x8e,0x01,0x59,0x0d,0xb2,0x89,
    0x0b,0x49,0x35,0x06,0x3a,0x06,0x64,0x35,0xc8,0x26,0x2e,0x24,0xd5,0x18,0xe8,0x18,0x90,0xd5,0x20,0x9b,0xb8,0x90,0x54,0x63,
    0xa0,0x63,0x40,0x56,0x83,0x6c,0xe2,0x42,0x52,0x0d,0x23,0x70,0x05,0x3e,0x46,0xe0,0x0a,0x7c,0x8c,0xc0,0x15,0xf8,0x18,0x81,
    0x2b,0xf0,0x31,0x5c,0xb9,0xeb,0x00,0x06,0xc3,0x0d,0xc1,0xaf,0xa0,0xc1,0x2c,0x43,0x58,0xb4,0x46,0x30,0x4b,0xe0,0x1a,0x03,
    0x15,0x03,0x5a,0x0e,0x3f,0xc1,0xb4,0xc6,0x40,0xc5,0xa0,0x96,0xc3,0x4f,0x30,0xad,0x31,0x50,0x31,0xb0,0xe5,0xf0,0x13,0x4c,
    0x6b,0x0c,0x54,0x0c,0x6e,0x39,0xfc,0x04,0xd3,0x1a,0x46,0xe8,0x0b,0x7d,0x8c,0xd8,0x17,0xfa,0x18,0xc1,0x2f,0xf4,0x31,0xa2,
    0x5f,0xe8,0x33,0x4b,0xf0,0x22,0x23,0x06,0x06,0x00,0x82,0x60,0xd0,0xb4,0x76,0x30,0xd2,0x01,0xac,0x06,0x16,0x98,0x6a,0x20,
    0x1f,0x13,0x4c,0x35,0x90,0x8f,0x0d,0xa6,0x1a,0xc8,0xc7,0x08,0x56,0x0d,0xe4,0x63,0x05,0xab,0x06,0xf2,0x31,0x83,0x55,0x03,
    0xf9,0x8c,0x18,0x54,0x00,0x08,0x82,0x81,0xf6,0xda,0x01,0x48,0x07,0xe0,0x1c,0xc0,0x72,0x30,0xa7,0x81,0x9c,0x06,0x71,0x1a,
    0x94,0x73,0x70,0xda,0xc1,0x69,0x07,0xa7,0x1d,0x0c,0x42,0x60,0x14,0x44,0x39,0x07,0xa3,0x09,0x01,0x30,0x9a,0x20,0x04,0xa3,
    0x09,0x83,0x30,0x9a,0x40,0x0c,0xb3,0x04,0x2f,0x32,0xcb,0x10,0x1b,0x25,0x42,0xa2,0xc1,0x88,0xc1,0x01,0x80,0x20,0x18,0x74,
    0xb2,0x1d,0xd0,0x74,0x60,0xce,0x01,0x6b,0x07,0xa3,0x09,0x01,0x30,0x9a,0x20,0x04,0xa3,0x09,0x83,0x70,0xc3,0x50,0x37,0x0c,
    0x75,0xc3,0x50,0x36,0xe0,0x6a,0x20,0x1f,0x1b,0x70,0x35,0x90,0x8f,0x0d,0xb8,0x1a,0xc8,0xc7,0x86,0x41,0x3e,0x36,0x0c,0xf2,
    0x31,0x21,0x80,0x8f,0x11,0x84,0x7c,0x4c,0x08,0xe0,0x33,0x62,0x60,0x00,0x20,0x08,0x06,0x0d,0x7a,0x07,0x3f,0x1d,0x04,0xc6,
    0x90,0x6b,0x20,0x1f,0x63,0xc8,0x35,0x90,0x8f,0x31,0xe4,0x1a,0xc8,0xc7,0x86,0x41,0x3e,0x36,0x0c,0xf2,0x31,0x21,0x80,0x8f,
    0x11,0x84,0x7c,0x4c,0x08,0xe0,0x33,0x62,0x60,0x00,0x20,0x08,0x06,0x4d,0x7c,0x07,0x68,0x1d,0x04,0x23,0x06,0x07,0x00,0x82,
    0x60,0x10,0xc1,0x77,0x60,0xd7,0x41,0xa0,0x8c,0x18,0x1c,0x00,0x08,0x82,0x41,0x14,0xdf,0x81,0x5d,0x07,0xc2,0x32,0x1c,0x21,
    0x88,0x74,0xa0,0x7c,0xb3,0x0c,0xb2,0x31,0x1b,0xc1,0x88,0xc1,0x01,0x80,0x20,0x18,0x44,0xf3,0x1d,0xe4,0x75,0x20,0xa4,0x74,
    0x60,0x44,0x40,0x9f,0x11,0x03,0x03,0x00,0x41,0x30,0x68,0xee,0x3b,0x30,0xeb,0x20,0x18,0x31,0x38,0x00,0x10,0x04,0x83,0xc8,
    0xbe,0x03,0xbe,0x0e,0x4c,0x3a,0x08,0x46,0x0c,0x0e,0x00,0x04,0xc1,0x20,0xba,0xef,0x80,0xaf,0x83,0x7a,0x0d,0x82,0x59,0x82,
    0xd9,0x18,0xa8,0x18,0x04,0xd9,0x80,0xd1,0x21,0x36,0x2c,0x09,0xe8,0x33,0x62,0x70,0x00,0x20,0x08,0x06,0x91,0x7e,0x07,0xa0,
    0x1d,0x04,0xc9,0x88,0xc1,0x01,0x80,0x20,0x18,0x44,0xfb,0x1d,0x84,0x76,0x10,0xcc,0x74,0x30,0x62,0x60,0x00,0x20,0x08,0x06,
    0x8d,0x7f,0x07,0x70,0x1d,0x04,0x16,0x88,0x6c,0x00,0x9f,0x11,0x83,0x03,0x00,0x41,0x30,0x88,0xfc,0x3b,0x20,0xed,0x20,0xf8,
    0xd7,0x60,0x38,0x02,0xca,0x86,0x6f,0xba,0xa1,0x5f,0x03,0x7d,0x0d,0x82,0xe9,0x86,0x7e,0x0d,0xf4,0x35,0x10,0xa6,0x1b,0xfa,
    0x35,0xd0,0xd7,0x60,0x18,0x31,0x38,0x00,0x10,0x04,0x03,0x32,0xd8,0xef,0x40,0xb4,0x03,0x79,0x0e,0x5a,0x3b,0x18,0x4d,0x08,
    0x80,0x0b,0x88,0xa9,0xa0,0xbd,0x03,0x1d,0x6e,0x08,0xec,0x3b,0x00,0x83,0x1a,0xf0,0x3a,0xd0,0xe1,0x86,0xe0,0xaf,0x03,0x30,
    0xa8,0x21,0xd8,0x59,0x86,0xda,0xa0,0x8d,0xa0,0x0c,0xd3,0x0e,0x74,0xb8,0x21,0x30,0xed,0x00,0x0c,0x66,0x09,0x6a,0x63,0xa0,
    0x42,0x41,0xdd,0x61,0x36,0x04,0xda,0x38,0x8b,0xa0,0xe1,0x86,0x80,0xc4,0x03,0x33,0x98,0x65,0xb0,0x0d,0x12,0x09,0x66,0x09,
    0x6e,0x63,0xa0,0x62,0x88,0x2b,0x11,0x11,0xd5,0xc1,0x36,0x06,0x2a,0x86,0xb8,0x12,0x11,0x52,0x1d,0x6c,0x63,0xa0,0x62,0x88,
    0x2b,0x11,0x31,0xd5,0xc1,0x36,0x06,0x2a,0x86,0xb8,0x12,0x11,0x54,0x1d,0x6c,0x63,0xa0,0x82,0x88,0x2b,0x11,0x91,0xe1,0xc1,
    0x36,0x2e,0x18,0xcc,0x02,0xb5,0x0e,0xe0,0x63,0xc1,0x47,0x1f,0x0b,0xd4,0x3a,0x80,0x8f,0x05,0x99,0x7c,0x4c,0xc8,0xe4,0x63,
    0x43,0x26,0x1f,0x1b,0xfa,0x35,0x80,0x8f,0x0d,0xfd,0x1a,0xc0,0xc7,0x86,0x7e,0x0d,0xe0,0x33,0xcb,0x80,0x1b,0x21,0x22,0x8d,
    0x18,0x1c,0x00,0x08,0x82,0x41,0xa7,0xe3,0x01,0x6f,0x07,0x6e,0x1d,0xd0,0x78,0x30,0x9a,0x10,0x0c,0x23,0x06,0x07,0x00,0x82,
    0x60,0x40,0x06,0x39,0x1e,0x80,0x77,0x00,0xd3,0xc1,0x7a,0x07,0xa3,0x09,0xc1,0x70,0x01,0x31,0xc3,0x0d,0x41,0x8e,0x07,0x60,
    0x30,0xcb,0xa0,0x1b,0xb9,0x11,0x54,0x71,0xde,0x01,0x5c,0x30,0xd4,0x88,0xc1,0x01,0x80,0x20,0x18,0x44,0x67,0x1e,0xb4,0x77,
    0x90,0x06,0x78,0x1d,0x8c,0x18,0x1c,0x00,0x08,0x82,0x41,0x84,0xe6,0x41,0x7b,0x07,0x81,0x30,0x4b,0xa0,0x1b,0x03,0x15,0x83,
    0x90,0x1b,0xf4,0x3a,0xe0,0xc6,0x70,0x44,0xb0,0xd7,0x81,0xf0,0x8d,0x26,0x28,0xc1,0x68,0xc2,0x22,0x4c,0x37,0x08,0xc1,0x30,
    0x1c,0x11,0xf8,0x75,0xe0,0x7c,0xc3,0x0d,0x4c,0x98,0x07,0x61,0x30,0xdc,0xd0,0xf4,0x78,0x10,0x06,0x25,0x04,0x3a,0xcb,0xb0,
    0x1b,0xe8,0x11,0x58,0x62,0xda,0x01,0x7c,0x46,0x0c,0x0c,0x00,0x04,0xc1,0xa0,0xa9,0xf3,0xc0,0xbe,0x83,0xe0,0x02,0x62,0x46,
    0x0c,0x0e,0x00,0x04,0xc1,0xa0,0x83,0xf3,0x40,0xbe,0x03,0xd2,0x0e,0x82,0xd1,0x84,0x00,0x18,0x4d,0x10,0x82,0xd1,0x84,0x41,
    0x98,0x65,0xe0,0x8d,0xdf,0x90,0x83,0x59,0x06,0xdf,0xe8,0x8d,0x65,0x38,0xa2,0x53,0xed,0x60,0xf8,0x86,0x23,0x3c,0xd5,0x0e,
    0x88,0xaf,0x84,0x40,0xa7,0x1b,0x58,0x3b,0x68,0xed,0x20,0x98,0x25,0xf8,0x8d,0x3b,0x86,0xb2,0x40,0x0c,0xe4,0x63,0x41,0x6c,
    0x07,0xf0,0x19,0x31,0x30,0x00,0x10,0x04,0x83,0x46,0xd4,0x83,0x11,0x0f,0x82,0x0b,0x08,0x1a,0x31,0x30,0x00,0x10,0x04,0x83,
    0x86,0xd4,0x83,0x11,0x0f,0x86,0xe1,0x06,0xa1,0xc4,0x03,0x33,0x18,0x6e,0x18,0x1c,0x34,0x28,0x21,0x50,0xb3,0xed,0x80,0x88,
    0xcf,0x74,0x43,0x80,0xdb,0x81,0x60,0x87,0x9f,0x07,0x20,0x18,0x6e,0x40,0x52,0x3c,0x30,0x83,0xe1,0x06,0x81,0x42,0x83,0x12,
    0x02,0x9d,0x6e,0x50,0x7a,0x3b,0x08,0x2c,0x30,0xe0,0x33,0x4b,0xf0,0x1b,0x03,0x1d,0x83,0xe0,0x1b,0x64,0xd0,0x1b,0x7c,0x3b,
    0xec,0xc6,0x2c,0x03,0x78,0x8c,0x87,0x29,0xcc,0x32,0x88,0x47,0x78,0x84,0xc1,0x70,0x84,0x1c,0x80,0x77,0x30,0x7c,0xc3,0x11,
    0x73,0x00,0xde,0x01,0xf1,0x95,0x10,0xe8,0x74,0x83,0x78,0x07,0xe3,0x1d,0x04,0xb3,0x04,0xe3,0x71,0xdc,0x50,0x16,0xdc,0x81,
    0x7c,0x2c,0x38,0xef,0x00,0x3e,0x23,0x06,0x06,0x00,0x82,0x60,0xd0,0xe0,0x7a,0x90,0xe3,0x41,0x70,0x01,0x41,0x23,0x06,0x06,
    0x00,0x82,0x60,0xd0,0xe8,0x7a,0x90,0xe3,0xc1,0x30,0xdc,0x20,0xec,0x78,0x60,0x06,0xc3,0x0d,0xc3,0x18,0xa0,0x41,0x09,0x81,
    0x1a,0x7b,0x07,0x44,0x7c,0xa6,0x1b,0x02,0xf7,0x0e,0x04,0x3b,0x68,0x3d,0x00,0xc1,0x70,0x03,0xf2,0xe3,0x81,0x19,0x0c,0x37,
    0x08,0x69,0x80,0x06,0x25,0x04,0x3a,0xdd,0xa0,0xcc,0x77,0x10,0x58,0x60,0xc0,0x67,0x96,0x60,0x3c,0x06,0x3a,0x06,0x41,0x3c,
    0xc8,0x20,0x3c,0xd0,0x77,0xf8,0x0d,0x0b,0x2e,0xf9,0x54,0x38,0x84,0x79,0xa0,0xc3,0x0d,0x41,0x98,0x07,0x60,0x30,0xcb,0x40,
    0x1e,0xe7,0x11,0xcc,0x32,0x98,0x47,0x79,0xe8,0xc1,0x70,0x84,0x2a,0xe4,0x77,0x30,0x7c,0xc3,0x11,0xab,0x90,0xdf,0x01,0xf1,
    0x95,0x10,0xe8,0x74,0xc3,0x7e,0x07,0xfc,0x1d,0x04,0xb3,0x04,0xe7,0x71,0x74,0x30,0x94,0x05,0xaf,0x20,0x1f,0x0b,0x40,0x3c,
    0x80,0xcf,0x88,0x81,0x01,0x80,0x20,0x18,0x34,0xf1,0x1e,0xc8,0x79,0x10,0x5c,0x40,0xd0,0x88,0x81,0x01,0x80,0x20,0x18,0x34,
    0xf3,0x1e,0xc8,0x79,0x30,0x0c,0x37,0x08,0x74,0x1e,0x98,0xc1,0x70,0xc3,0xb0,0x07,0x68,0x50,0x42,0xa0,0x56,0xe2,0x01,0x11,
    0x9f,0xe9,0x86,0xe0,0xc4,0x03,0xc1,0x8e,0x76,0x0f,0x40,0x30,0xdc,0x80,0xe0,0x79,0x60,0x06,0xc3,0x0d,0x42,0x28,0xa0,0x41,
    0x09,0x81,0x4e,0x37,0x28,0x2c,0x1e,0x04,0x16,0x18,0xf0,0x99,0x25,0x38,0x8f,0x81,0x8e,0x41,0x30,0x0f,0x32,0x28,0x0f,0x1d,
    0x1e,0xc6,0xc3,0xb2,0x40,0x3e,0xb7,0x0a,0x43,0x8d,0x18,0x3c,0x00,0x08,0x82,0x01,0xe6,0xef,0x01,0x9f,0x07,0x2f,0x1e,0xfc,
    0x77,0x40,0x0e,0xe3,0x20,0x0e,0x33,0x1e,0xd4,0x7b,0x50,0xef,0x41,0xbd,0x07,0xc1,0x68,0x42,0x00,0x8c,0x26,0x08,0xc1,0x68,
    0xc2,0x20,0x8c,0x26,0x10,0xc3,0x88,0xc1,0x01,0x80,0x20,0x18,0x90,0x41,0xbf,0x07,0xa4,0x1e,0xd0,0x77,0x20,0xea,0xc1,0x68,
    0x42,0x00,0x8c,0x26,0x08,0xc1,0x68,0xc2,0x20,0x8c,0x26,0x10,0x83,0x25,0x44,0x7c,0x2c,0x21,0xe2,0x63,0x09,0x11,0x1f,0x4b,
    0x88,0xf8,0x18,0x01,0xc9,0xc7,0x88,0x48,0x3e,0x46,0x48,0xf2,0x31,0x62,0x92,0x8f,0x11,0x0c,0x7c,0x8c,0x60,0xe0,0x63,0x04,
    0x03,0x1f,0x23,0x18,0xf8,0xcc,0x12,0x88,0xc8,0x88,0x81,0x01,0x80,0x20,0x18,0x34,0x38,0x1f,0xe4,0x7a,0xd0,0x0e,0x17,0x10,
    0x53,0xf8,0xa0,0xeb,0x01,0x94,0xf0,0xf2,0x01,0x8c,0x18,0x1c,0x00,0x08,0x82,0xc1,0x47,0xf3,0x41,0xaa,0x07,0x81,0x30,0x62,
    0x60,0x00,0x20,0x08,0x06,0x4d,0xcf,0x07,0xbc,0x1e,0xc8,0xc3,0x88,0xc1,0x01,0x80,0x20,0x18,0x74,0x37,0x1f,0xe4,0x7a,0xb0,
    0xe6,0x81,0x30,0x9a,0x10,0x00,0xa3,0x09,0x42,0x30,0x9a,0x30,0x08,0xb3,0x0c,0xe9,0xc1,0x1e,0x39,0x31,0xcb,0xb0,0x1e,0xea,
    0x21,0x0f,0xc3,0x11,0x24,0x11,0xe7,0xc1,0xf0,0x0d,0x47,0x94,0x44,0x9c,0x07,0xc4,0x57,0x42,0xa0,0xd3,0x0d,0x73,0x1e,0xd0,
    0x79,0x10,0xcc,0x12,0xb0,0xc7,0x1d,0x43,0x59,0x90,0x12,0xf2,0xb1,0x00,0xcf,0x03,0xf8,0x8c,0x18,0x18,0x00,0x08,0x82,0x41,
    0x93,0xf6,0x81,0xba,0x07,0xc1,0x05,0x04,0x8d,0x18,0x18,0x00,0x08,0x82,0x41,0xb3,0xf6,0x81,0xba,0x07,0xc3,0x70,0x83,0xc0,
    0xee,0x81,0x19,0x0c,0x37,0x0c,0x0e,0x1a,0x94,0x10,0xa8,0xf5,0x79,0x40,0xc4,0x67,0xba,0x21,0xf8,0xf3,0x40,0xb0,0xa3,0xec,
    0x03,0x10,0x0c,0x37,0x20,0xf0,0x1e,0x98,0xc1,0x70,0x83,0x40,0xa1,0x41,0x09,0x81,0x4e,0x37,0x28,0xa4,0x1e,0x04,0x16,0x18,
    0xf0,0x99,0x25,0x60,0x8f,0x81,0x8e,0x41,0x58,0x0f,0x32,0x50,0x0f,0x95,0x1e,0xd0,0x63,0x96,0xa1,0x3d,0xe0,0xa3,0x2d,0x66,
    0x19,0xde,0xc3,0x3d,0x50,0x62,0x38,0x22,0x27,0x4e,0x3d,0x18,0xbe,0xe1,0x08,0x9d,0x38,0xf5,0x80,0xf8,0x4a,0x08,0x74,0xba,
    0x21,0xd5,0x03,0x55,0x0f,0x82,0x59,0x02,0xf8,0x38,0x6e,0x28,0x0b,0x7c,0x42,0x3e,0x16,0xb8,0x7a,0x00,0x9f,0x11,0x03,0x03,
    0x00,0x41,0x30,0x68,0xfe,0x3e,0x00,0xf9,0x20,0xb8,0x80,0xa0,0x11,0x03,0x03,0x00,0x41,0x30,0x68,0x42,0x3f,0x00,0xf9,0x60,
    0x18,0x6e,0x10,0x44,0x3e,0x30,0x83,0xe1,0x86,0x61,0x0c,0xd0,0xa0,0x84,0x40,0x6d,0xd6,0x03,0x22,0x3e,0xd3,0x0d,0x41,0xad,
    0x07,0x82,0x1d,0x7b,0x1f,0x80,0x60,0xb8,0x01,0x31,0xf9,0xc0,0x0c,0x86,0x1b,0x84,0x34,0x40,0x83,0x12,0x02,0x9d,0x6e,0x50,
    0x74,0x3d,0x08,0x2c,0x30,0xe0,0x33,0x4b,0x00,0x1f,0x03,0x1d,0x83,0xf0,0x1e,0x64,0xe0,0x1e,0x76,0x3d,0xb0,0x87,0x05,0x97,
    0x7c,0x0a,0x35,0x50,0x3e,0xd0,0xe1,0x86,0x00,0xe5,0x03,0x30,0x98,0x65,0x88,0x0f,0xfa,0x08,0x66,0x19,0xe6,0x43,0x3e,0xc2,
    0x62,0x38,0x22,0x2e,0xc0,0x3d,0x18,0xbe,0xe1,0x08,0xb9,0x00,0xf7,0x80,0xf8,0x4a,0x08,0x74,0xba,0x41,0xdc,0x83,0x71,0x0f,
    0x82,0x59,0x02,0xfa,0x38,0x3a,0x18,0xca,0x02,0xbb,0x90,0x8f,0x05,0xe7,0x1e,0xc0,0x67,0xc4,0xc0,0x00,0x40,0x10,0x0c,0x1a,
    0xdc,0x0f,0x72,0x3e,0x08,0x2e,0x20,0x68,0xc4,0xc0,0x00,0x40,0x10,0x0c,0x1a,0xdd,0x0f,0x72,0x3e,0x18,0x86,0x1b,0x84,0x9d,
    0x0f,0xcc,0x60,0xb8,0x61,0xd8,0x03,0x34,0x28,0x21,0x50,0x63,0xf7,0x80,0x88,0xcf,0x74,0x43,0xe0,0xee,0x81,0x60,0x07,0xed,
    0x07,0x20,0x18,0x6e,0x40,0x7e,0x3e,0x30,0x83,0xe1,0x06,0x21,0x14,0xd0,0xa0,0x84,0x40,0xa7,0x1b,0x94,0x79,0x0f,0x02,0x0b,
    0x0c,0xf8,0xcc,0x12,0xd0,0xc7,0x40,0xc7,0x20,0xcc,0x07,0x19,0xc8,0x07,0x7a,0x0f,0xf0,0x61,0x59,0x20,0x9f,0x63,0x85,0xa1,
    0x46,0x0c,0x1e,0x00,0x04,0xc1,0x00,0x2b,0xff,0x60,0xec,0x03,0x7b,0x0f,0xcc,0x3d,0x58,0x0d,0xd5,0x48,0x0d,0x7d,0x0f,0x78,
    0x3f,0xe0,0xfd,0x80,0xf7,0x83,0x60,0x34,0x21,0x00,0x46,0x13,0x84,0x60,0x34,0x61,0x10,0x46,0x13,0x88,0x61,0xc4,0xe0,0x00,
    0x40,0x10,0x0c,0xc8,0x80,0xfc,0x83,0xb5,0x0f,0x76,0x3d,0x48,0xfb,0x60,0x34,0x21,0x00,0x46,0x13,0x84,0x60,0x34,0x61,0x10,
    0x46,0x13,0x88,0xc1,0x12,0x22,0x3e,0x96,0x10,0xf1,0xb1,0x84,0x88,0x8f,0x25,0x44,0x7c,0x8c,0x80,0xe4,0x63,0x44,0x24,0x1f,
    0x23,0x24,0xf9,0x18,0x31,0xc9,0x67,0xc4,0xe0,0x00,0x40,0x10,0x0c,0x3a,0xfa,0x0f,0xec,0x3e,0x40,0xf9,0x40,0x1c,0x46,0x13,
    0x02,0x60,0x34,0x41,0x08,0x46,0x13,0x06,0x61,0x96,0xa1,0x3e,0xf0,0xc3,0x3e,0x66,0x19,0xee,0xc3,0x3e,0x5e,0x63,0x38,0x22,
    0x3c,0x5c,0x3e,0x18,0xbe,0xe1,0x08,0xf1,0x70,0xf9,0x80,0xf8,0x4a,0x08,0x74,0xba,0x01,0xe6,0x83,0x98,0x0f,0x82,0x59,0x02,
    0xfc,0xb8,0x63,0x28,0x0b,0xcc,0x43,0x3e,0x16,0xd4,0x7c,0x00,0x9f,0x11,0x03,0x03,0x00,0x41,0x30,0x68,0x4c,0x50,0x38,0xfd,
    0x20,0xb8,0x80,0xa0,0x11,0x03,0x03,0x00,0x41,0x30,0x68,0x50,0x50,0x38,0xfd,0x60,0x18,0x6e,0x10,0x52,0x3f,0x30,0x83,0xe1,
    0x86,0xc1,0x41,0x83,0x12,0x02,0x35,0x9d,0x0f,0x88,0xf8,0x4c,0x37,0x04,0x3c,0x1f,0x08,0x76,0x88,0xa0,0x00,0x82,0xe1,0x06,
    0xa4,0xf5,0x03,0x33,0x18,0x6e,0x10,0x28,0x34,0x28,0x21,0xd0,0xe9,0x06,0x25,0xec,0x83,0xc0,0x02,0x03,0x3e,0xb3,0x04,0xf8,
    0x31,0xd0,0x31,0x08,0xf7,0x41,0x06,0xf6,0x41,0xea,0x03,0x7d,0xcc,0x32,0xe4,0x07,0x7f,0xa8,0xc8,0x2c,0xc3,0x7e,0xe8,0x47,
    0x79,0x0c,0x47,0xd8,0x07,0xd9,0x07,0xc3,0x37,0x1c,0x71,0x1f,0x64,0x1f,0x10,0x5f,0x09,0x81,0x4e,0x37,0x98,0x7d,0x70,0xf6,
    0x41,0x30,0x4b,0xc0,0x1f,0xc7,0x0d,0x65,0xc1,0x7e,0xc8,0xc7,0x82,0xb5,0x0f,0xe0,0x33,0x62,0x60,0x00,0x20,0x08,0x06,0x0d,
    0x0f,0x0a,0xbd,0x1f,0x04,0x17,0x10,0x34,0x62,0x60,0x00,0x20,0x08,0x06,0x8d,0x0f,0x0a,0xbd,0x1f,0x0c,0xc3,0x0d,0xc2,0xef,
    0x07,0x66,0x30,0xdc,0x30,0x8c,0x01,0x1a,0x94,0x10,0xa8,0xc1,0x7d,0x40,0xc4,0x67,0xba,0x21,0x90,0xfb,0x40,0xb0,0x03,0x07,
    0x05,0x10,0x0c,0x37,0x20,0xe3,0x1f,0x98,0xc1,0x70,0x83,0x90,0x06,0x68,0x50,0x42,0xa0,0xd3,0x0d,0xca,0xdd,0x07,0x81,0x05,
    0x06,0x7c,0x66,0x09,0xf8,0x63,0xa0,0x63,0x10,0xf6,0x83,0x0c,0xf4,0x03,0xde,0x07,0xfc,0xb0,0xe0,0x92,0xcf,0x2c,0x43,0x7f,
    0x80,0x08,0x2f,0xcc,0x32,0xfc,0x87,0x7f,0xf0,0xc7,0x70,0x04,0x8b,0xec,0x7d,0x30,0x7c,0xc3,0x11,0x2d,0xb2,0xf7,0x01,0xf1,
    0x95,0x10,0xe8,0x74,0x43,0xdf,0x07,0x7e,0x1f,0x04,0xb3,0x04,0x20,0x72,0x72,0x30,0x94,0x05,0x31,0x22,0x1f,0x0b,0x44,0x3f,
    0x80,0xcf,0x88,0x81,0x01,0x80,0x20,0x18,0x34,0x73,0x28,0xd0,0x7f,0x10,0x5c,0x40,0xd0,0x88,0x81,0x01,0x80,0x20,0x18,0x34,
    0x75,0x28,0xd0,0x7f,0x30,0x0c,0x37,0x08,0xf6,0x1f,0x98,0xc1,0x70,0xc3,0x90,0x07,0x68,0x50,0x42,0xa0,0x76,0xfa,0x01,0x11,
    0x9f,0xe9,0x86,0x20,0xf5,0x03,0xc1,0x8e,0x37,0x14,0x40,0x30,0xdc,0x80,0xe8,0x7f,0x60,0x06,0xc3,0x0d,0xc2,0x1f,0xa0,0x41,
    0x09,0x81,0x4e,0x37,0x28,0xae,0x1f,0x04,0x16,0x18,0xf0,0x99,0x25,0x00,0x91,0x81,0x8e,0x41,0xf8,0x0f,0x32,0xf0,0x0f,0x9f,
    0x1f,0xf8,0xc3,0xae,0x40,0x3e,0xa7,0x16,0x43,0x8d,0x18,0x3c,0x00,0x08,0x82,0x01,0x06,0x8a,0x82,0xff,0x07,0xb1,0x1f,0x84,
    0x7e,0x60,0x26,0x65,0x42,0x26,0xb5,0x1f,0xdc,0xa1,0x70,0x87,0xc2,0x1d,0x0a,0xc1,0x68,0x42,0x00,0x8c,0x26,0x08,0xc1,0x68,
    0xc2,0x20,0x8c,0x26,0x10,0x83,0x11,0xba,0x10,0x1f,0x23,0x74,0x21,0x3e,0x46,0xe8,0x42,0x7c,0x8c,0xd0,0x85,0xf8,0x18,0xb1,
    0xc8,0xc7,0x08,0x46,0x3e,0x46,0x34,0xf2,0x31,0xc2,0x91,0x8f,0x11,0xe2,0x00,0x1f,0x23,0xc4,0x01,0x3e,0x46,0x88,0x03,0x7c,
    0x8c,0x10,0x07,0xf8,0x98,0x2f,0x20,0xf1,0x31,0x5f,0x40,0xe2,0x63,0xbe,0x80,0xc4,0xc7,0x7c,0x01,0x89,0x8f,0x11,0x7c,0x21,
    0x1f,0x23,0xfa,0x42,0x3e,0x46,0xf8,0x85,0x7c,0x8c,0xf8,0x0b,0xf9,0x18,0xc1,0xc0,0xc7,0x08,0x06,0x3e,0x46,0x30,0xf0,0x31,
    0x82,0x81,0xcf,0x2c,0x81,0x88,0x8c,0x18,0x3c,0x00,0x08,0x82,0x01,0xd6,0x8b,0xc2,0x0e,0x0a,0xee,0x1f,0xf8,0x7e,0x30,0x2a,
    0xa2,0x12,0x2a,0xf2,0x1f,0xd0,0xa2,0x40,0x8b,0x02,0x2d,0x0a,0xe1,0x32,0x9a,0x10,0x00,0xa3,0x09,0x42,0x30,0x9a,0x30,0x08,
    0xa3,0x09,0xc4,0x30,0x4b,0x20,0x22,0x03,0x1d,0x03,0x12,0x22,0x64,0x73,0x1e,0x12,0x88,0x0c,0x74,0x0c,0x48,0x88,0x90,0xcd,
    0x79,0x48,0x20,0x32,0xd0,0x31,0x20,0x21,0x42,0x36,0xe7,0x21,0x81,0xc8,0x40,0xc7,0x80,0x84,0x08,0xd9,0x9c,0x87,0x04,0x22,
    0x46,0xe0,0x0a,0x7c,0x8c,0xc0,0x15,0xf8,0x18,0x81,0x2b,0xf0,0x31,0x02,0x57,0xe0,0x63,0xb8,0x22,0x8e,0x02,0x0c,0x86,0x1b,
    0x82,0x5f,0x41,0x83,0x59,0x86,0xdb,0x18,0x91,0x60,0x96,0x80,0x44,0x06,0x2a,0x06,0xff,0x1f,0x6a,0x83,0x19,0x91,0x81,0x8a,
    0x01,0x04,0x89,0xda,0x60,0x46,0x64,0xa0,0x62,0x10,0x41,0xa2,0x36,0x98,0x11,0x19,0xa8,0x18,0x48,0x90,0xa8,0x0d,0x66,0x44,
    0x8c,0xd0,0x17,0xfa,0x18,0xb1,0x2f,0xf4,0x31,0x82,0x5f,0xe8,0x63,0x44,0xbf,0xd0,0x67,0x96,0xe0,0x45,0x46,0x0c,0x0c,0x00,
    0x04,0xc1,0xa0,0xc1,0x47,0xc1,0x0d,0x85,0xfd,0x0e,0x2c,0x88,0xef,0x40,0x3e,0x26,0xc4,0x77,0x20,0x1f,0x1b,0xe2,0x3b,0x90,
    0x8f,0x11,0xf7,0x1d,0xc8,0xc7,0x8a,0xfb,0x0e,0xe4,0x63,0xc6,0x7d,0x07,0xf2,0x19,0x31,0xa8,0x00,0x10,0x04,0x03,0x4d,0x1f,
    0x85,0x35,0x14,0x58,0x50,0xe0,0xff,0xc0,0xb7,0x83,0xde,0x0e,0x78,0x3b,0x80,0x41,0x41,0x1e,0x05,0x79,0x14,0xe4,0x51,0x18,
    0x84,0xc0,0x28,0x08,0x18,0x14,0x46,0x13,0x02,0x60,0x34,0x41,0x08,0x46,0x13,0x06,0x61,0x34,0x81,0x18,0x66,0x09,0x5e,0x64,
    0xb8,0x21,0xdf,0x03,0x7a,0x14,0xc0,0x60,0xb8,0xc1,0xdd,0x03,0x7c,0x14,0xc2,0xa0,0x02,0x41,0x67,0x19,0x4e,0xe4,0x45,0x82,
    0xe1,0x86,0x76,0x0f,0xf4,0x51,0x00,0x83,0x59,0x06,0x14,0x49,0x91,0x60,0xc4,0x00,0x02,0x40,0x10,0x0c,0x2c,0x91,0x14,0xf8,
    0x50,0x30,0x41,0xc1,0xfe,0x83,0xf3,0x0e,0xcc,0x3b,0xc8,0x41,0x21,0x07,0x85,0x7d,0x14,0xf6,0x51,0x50,0x45,0xa1,0xbc,0x83,
    0x1c,0x14,0x46,0x13,0x02,0x60,0x96,0xe0,0x45,0x86,0x1b,0xe0,0x3d,0xf0,0x47,0x01,0x0c,0x66,0x19,0x54,0x64,0x45,0x82,0x11,
    0x03,0x08,0x00,0x41,0x30,0xb0,0x4a,0x52,0xf8,0x43,0x41,0x05,0x05,0xfd,0x0f,0xd4,0x3b,0x48,0xef,0x80,0x07,0x05,0x1e,0x14,
    0xfc,0x51,0xf0,0x47,0xa1,0x15,0x05,0xf4,0x0e,0x78,0x50,0x18,0x4d,0x08,0x80,0x59,0x82,0x17,0x19,0x6e,0x98,0xf7,0xa0,0x1f,
    0x05,0x30,0x98,0x65,0x60,0x91,0x16,0x09,0x46,0x0c,0x20,0x00,0x04,0xc1,0xc0,0x42,0x49,0x41,0x14,0x05,0x17,0x14,0xfc,0x3f,
    0x68,0xef,0x80,0xbd,0x83,0x1f,0x14,0x7e,0x50,0x08,0x49,0x21,0x24,0x05,0x58,0x14,0xd6,0x3b,0xf8,0x41,0x61,0x34,0x21,0x00,
    0x66,0x09,0x5e,0x64,0xb8,0xc1,0xde,0x03,0x7f,0x14,0xc0,0x60,0x96,0xc1,0x45,0x5e,0x24,0x18,0x31,0x80,0x00,0x10,0x04,0x03,
    0x6b,0x25,0x85,0x52,0x14,0x64,0x50,0x10,0x41,0x01,0xbe,0x83,0xf7,0x0e,0xc4,0x50,0x10,0x43,0x81,0x24,0x05,0x92,0x14,0x66,
    0x51,0x70,0xef,0x40,0x0c,0x85,0xd1,0x84,0x00,0x98,0x25,0x78,0x91,0x81,0xde,0x60,0xd0,0xdd,0x81,0x73,0xdd,0xc1,0x13,0xdd,
    0x01,0x0c,0xec,0x76,0x10,0x03,0xb5,0x1d,0xc8,0xc0,0x67,0x07,0x33,0x90,0xd9,0x01,0x0d,0x50,0x76,0x48,0x03,0x52,0x24,0x24,
    0x52,0x16,0xc0,0x81,0x8d,0x85,0x70,0x60,0xef,0xe0,0x26,0x68,0x3b,0xc0,0x09,0x9a,0x73,0x0d,0x7e,0x7b,0x0d,0x3f,0x20,0x11,
    0x33,0x28,0x11,0x52,0x24,0x4c,0x84,0x42,0x11,0x47,0x45,0x10,0x16,0x11,0x5c,0x84,0x14,0x89,0x16,0x19,0xe8,0x0d,0x06,0xdd,
    0x1d,0x38,0xd7,0x1d,0x3c,0xd1,0x1d,0xc0,0xc0,0x6e,0x07,0x31,0x50,0xdb,0x81,0x0c,0x7c,0x76,0x30,0x03,0x99,0x1d,0xd0,0x00,
    0x65,0x87,0x34,0x30,0x45,0x42,0x22,0x65,0x01,0x1c,0xd8,0x58,0x08,0x07,0xf6,0x0e,0x6e,0x82,0xb6,0x03,0x9c,0xa0,0x39,0xd7,
    0xe0,0xb7,0xd7,0xf0,0x03,0x12,0x31,0x83,0x12,0x31,0x45,0xc2,0x44,0x2c,0x14,0x81,0x54,0x44,0x61,0x11,0xc2,0x45,0x4c,0x91,
    0x68,0x91,0x81,0xde,0x60,0xd0,0xdd,0x81,0x73,0xdd,0xc1,0x13,0xdd,0x01,0x0c,0xec,0x76,0x10,0x03,0xb5,0x1d,0xc8,0xc0,0x67,
    0x07,0x33,0x90,0xd9,0x01,0x0d,0x50,0x76,0x48,0x03,0x54,0x24,0x24,0x52,0x16,0xc0,0x81,0x8d,0x85,0x70,0x60,0xef,0xe0,0x26,
    0x68,0x3b,0xc0,0x09,0x9a,0x73,0x0d,0x7e,0x7b,0x0d,0x3f,0x20,0x11,0x33,0x28,0x11,0x54,0x24,0x4c,0x04,0x43,0x11,0x49,0x45,
    0x18,0x16,0x31,0x5c,0x04,0x15,0x89,0x16,0x19,0xe8,0x0d,0x06,0xdd,0x1d,0x38,0xd7,0x1d,0x3c,0xd1,0x1d,0xc0,0xc0,0x6e,0x07,
    0x31,0x50,0xdb,0x81,0x0c,0x7c,0x76,0x30,0x03,0x99,0x1d,0xd0,0x00,0x65,0x87,0x34,0x40,0x45,0x42,0x22,0x65,0x01,0x1c,0xd8,
    0x58,0x08,0x07,0xf6,0x0e,0x6e,0x82,0xb6,0x03,0x9c,0xa0,0x39,0xd7,0xe0,0xb7,0xd7,0xf0,0x03,0x12,0x31,0x83,0x12,0x51,0x45,
    0xc2,0x44,0x34,0x14,0xa1,0x54,0xc4,0x61,0x11,0xc4,0x45,0x54,0x91,0x68,0x91,0xe1,0x06,0xb5,0x0f,0x52,0x51,0x00,0x83,0x0a,
    0xf0,0x3c,0xd0,0x59,0x06,0x18,0x89,0x91,0xc0,0xfc,0x3d,0xe8,0x43,0x01,0x06,0x23,0x06,0x07,0x00,0x82,0x60,0x40,0x06,0x30,
    0x29,0xdc,0xa2,0x70,0x82,0x42,0x30,0x9a,0x10,0x00,0x16,0xc4,0x7d,0x20,0x9f,0xd1,0x84,0x21,0x30,0x21,0x80,0xcf,0x88,0xc1,
    0x01,0x80,0x20,0x18,0x44,0x3d,0x29,0x8c,0xa3,0x10,0xb8,0xa1,0x30,0x62,0x70,0x00,0x20,0x08,0x06,0x91,0x4f,0x0a,0xe3,0x28,
    0x04,0x6e,0x28,0x58,0xe0,0xc8,0xc7,0x04,0x47,0x3e,0x36,0x38,0xf2,0x31,0xc2,0x91,0xcf,0x2c,0x41,0x8c,0x0c,0x54,0x0c,0x08,
    0x8c,0x90,0xc1,0x8b,0x0c,0x54,0x0c,0x08,0x8c,0x90,0xc1,0x8b,0x0c,0x54,0x0c,0x08,0x8c,0x90,0xc1,0x8b,0x0c,0x54,0x0c,0x08,
    0x8c,0x90,0xc1,0x8b,0x0c,0x37,0xf0,0x7d,0x40,0x8b,0x02,0x18,0x54,0xc0,0xef,0x81,0x0e,0x37,0xf4,0x7d,0x60,0x8b,0x02,0x18,
    0x54,0xe0,0xef,0x81,0x0e,0x37,0xa8,0x7d,0x00,0x96,0x02,0x18,0xcc,0x32,0xe8,0x88,0x8c,0x04,0xc3,0x0d,0x6b,0x1f,0x88,0xa5,
    0x00,0x06,0xb3,0x0c,0x33,0x42,0x23,0x81,0x29,0xae,0x1f,0xc8,0xc7,0x14,0xd7,0x0f,0xe4,0x63,0x8a,0xeb,0x07,0xf2,0x31,0xc5,
    0xf5,0x03,0xf9,0x4c,0x37,0x10,0xb2,0x1f,0x24,0xd3,0x0d,0x84,0xec,0x07,0xca,0x74,0x03,0x21,0xfb,0xc1,0x32,0xdd,0x40,0xc8,
    0x7e,0xc0,0xcc,0x12,0xe8,0xc8,0x70,0x03,0xdd,0x07,0x67,0x29,0x80,0xc1,0x2c,0x83,0x8e,0xd4,0x48,0x30,0xdc,0x50,0xf7,0x81,
    0x59,0x0a,0x60,0x30,0xcb,0x60,0x23,0x37,0x12,0x8c,0x18,0x1c,0x00,0x08,0x82,0x01,0x19,0xbc,0xa5,0x60,0x8f,0x82,0x19,0x0a,
    0x68,0x29,0x8c,0x26,0x04,0xc0,0x68,0x82,0x10,0x8c,0x26,0x0c,0xc2,0x68,0x02,0x31,0xcc,0x12,0xe8,0xc8,0x70,0xc3,0xde,0x07,
    0x6b,0x29,0x80,0xc1,0x2c,0x83,0x8e,0xe0,0x48,0x30,0xdc,0xc0,0xf7,0xc1,0x5a,0x0a,0x60,0x30,0xcb,0xa0,0x23,0x39,0x12,0x0c,
    0x37,0xf4,0x7d,0x10,0x97,0x02,0x18,0x4c,0x37,0x88,0x7d,0x00,0xfe,0x41,0x30,0xdd,0x20,0xf6,0x01,0xf8,0x07,0xc2,0x74,0x83,
    0xd8,0x07,0xe0,0x1f,0x0c,0xd3,0x0d,0x62,0x1f,0x80,0x7f,0x40,0xcc,0x12,0xe8,0xc8,0x40,0xcf,0x60,0xd9,0x08,0xee,0x0f,0x31,
    0x42,0x06,0x33,0x02,0x0a,0x34,0x02,0xfb,0xc3,0x8d,0x80,0xfe,0x80,0x23,0x48,0x8e,0x0c,0xf4,0x0c,0x96,0x8d,0xe0,0xfe,0x10,
    0x23,0x64,0x30,0x23,0xa0,0x40,0x23,0xb0,0x3f,0xdc,0x08,0xe8,0x0f,0x38,0x82,0xe4,0xc8,0x40,0xcf,0x60,0xd9,0x08,0xee,0x0f,
    0x31,0x42,0x06,0x33,0x02,0x0a,0x34,0x02,0xfb,0xc3,0x8d,0x80,0xfe,0x80,0x23,0x48,0x8e,0x0c,0xf4,0x0c,0x96,0x8d,0xe0,0xfe,
    0x10,0x23,0x64,0x30,0x23,0xa0,0x40,0x23,0xb0,0x3f,0xdc,0x08,0xe8,0x0f,0x38,0x82,0xe4,0x48,0x95,0x7e,0xc0,0x8f,0x82,0x0e,
    0x37,0x04,0x7d,0x29,0x80,0xc1,0x2c,0x03,0x8f,0xec,0x48,0x60,0xb9,0x28,0x18,0xf1,0x31,0x5d,0x14,0x8c,0xf8,0xd8,0x2e,0x0a,
    0x46,0x7c,0x8c,0x17,0x05,0x23,0x3e,0xb3,0x04,0x3c,0x32,0x50,0x31,0x20,0x3b,0x42,0xe9,0xc8,0x40,0xc5,0x80,0xec,0x08,0xa5,
    0x23,0x03,0x15,0x03,0xb2,0x23,0x94,0x8e,0x0c,0x54,0x0c,0xc8,0x8e,0x50,0x3a,0x52,0xaf,0x1f,0x90,0xa4,0xa0,0xc3,0x0d,0xc1,
    0x69,0x0a,0x61,0x30,0xdd,0x30,0x18,0xc1,0x74,0x03,0x61,0x08,0xd3,0x0d,0x85,0x31,0x0c,0x37,0xc8,0x7e,0xb0,0x9a,0x02,0x18,
    0xcc,0x32,0x94,0x49,0x8f,0x04,0xc3,0x0d,0xb3,0x1f,0xb4,0xa6,0x00,0x06,0xb3,0x0c,0x3e,0xf2,0x23,0x81,0xd5,0x41,0xfe,0x07,
    0xf2,0xb1,0x3a,0xc8,0xff,0x40,0x3e,0x56,0x07,0xf9,0x1f,0xc8,0xc7,0xea,0x20,0xff,0x03,0xf9,0x4c,0x37,0x10,0xfd,0x1f,0xd0,
    0xc1,0x74,0x03,0xd1,0xff,0x41,0x1d,0x4c,0x37,0x10,0xfd,0x1f,0xd8,0xc1,0x74,0x03,0xd1,0xff,0xc1,0x1d,0xcc,0x12,0x94,0xc9,
    0x70,0x03,0xef,0x07,0xb2,0x29,0x80,0xc1,0x2c,0x43,0x99,0x80,0x49,0x30,0xdc,0xd0,0xfb,0x41,0x6c,0x0a,0x60,0x30,0xcb,0x10,
    0x26,0x62,0x12,0x8c,0x18,0x1c,0x00,0x08,0x82,0x01,0x19,0xe8,0xa6,0x10,0x96,0x42,0x2c,0x0a,0xb3,0x29,0x8c,0x26,0x04,0xc0,
    0x68,0x82,0x10,0x8c,0x26,0x0c,0xc2,0x68,0x02,0x31,0xcc,0x12,0x94,0xc9,0x70,0xc3,0xf8,0x07,0xb6,0x29,0x80,0xc1,0x2c,0x43,
    0x99,0x8c,0x49,0x30,0xdc,0x40,0xfe,0x81,0x6d,0x0a,0x60,0x30,0xcb,0x50,0x26,0x64,0x12,0x0c,0x37,0x94,0x7f,0xc0,0x9b,0x02,
    0x18,0x4c,0x37,0xb4,0x7e,0xb0,0x82,0x42,0x30,0xdd,0xd0,0xfa,0xc1,0x0a,0x0a,0xc2,0x74,0x43,0xeb,0x07,0x2b,0x28,0x0c,0xd3,
    0x0d,0xad,0x1f,0xac,0xa0,0x40,0xcc,0x12,0x94,0xc9,0x40,0xcf,0x60,0x85,0x89,0x1b,0x12,0x3c,0x42,0x06,0x3e,0x62,0x13,0x3f,
    0x62,0x86,0x84,0x98,0xd8,0x20,0x31,0x26,0x08,0x99,0x0c,0xf4,0x0c,0x56,0x98,0xb8,0x21,0xc1,0x23,0x64,0xe0,0x23,0x36,0xf1,
    0x23,0x66,0x48,0x88,0x89,0x0d,0x12,0x63,0x82,0x90,0xc9,0x40,0xcf,0x60,0x85,0x89,0x1b,0x12,0x3c,0x42,0x06,0x3e,0x62,0x13,
    0x3f,0x62,0x86,0x84,0x98,0xd8,0x20,0x31,0x26,0x08,0x99,0x0c,0xf4,0x0c,0x56,0x98,0xb8,0x21,0xc1,0x23,0x64,0xe0,0x23,0x36,
    0xf1,0x23,0x66,0x48,0x88,0x89,0x0d,0x12,0x63,0x82,0x90,0x49,0xb5,0x7f,0x70,0x96,0x82,0x0e,0x37,0x04,0xe8,0x29,0x80,0xc1,
    0x2c,0xc3,0x99,0x98,0x49,0x60,0x24,0x29,0x18,0xf1,0xb1,0x92,0x14,0x8c,0xf8,0x98,0x49,0x0a,0x46,0x7c,0xec,0x24,0x05,0x23,
    0x3e,0xb3,0x04,0x67,0x32,0x50,0x31,0x20,0x66,0x42,0x95,0xc9,0x40,0xc5,0x80,0x98,0x09,0x55,0x26,0x03,0x15,0x03,0x62,0x26,
    0x54,0x99,0x0c,0x54,0x0c,0x88,0x99,0x50,0x65,0x52,0xf7,0x1f,0xbc,0xa5,0xa0,0xc3,0x0d,0x81,0x7c,0x0a,0x61,0x30,0xdd,0x30,
    0x18,0xc1,0x74,0x03,0x61,0x08,0xd3,0x0d,0x85,0x31,0x0c,0x37,0x8c,0xa0,0x60,0x9f,0x02,0x18,0xcc,0x32,0xc0,0x09,0x9a,0x04,
    0xc3,0x0d,0x24,0x28,0xe0,0xa7,0x00,0x06,0xb3,0x0c,0x69,0xa2,0x26,0x81,0x81,0x03,0x19,0x0a,0xf2,0x31,0x70,0x20,0x43,0x41,
    0x3e,0x06,0x0e,0x64,0x28,0xc8,0xc7,0xc0,0x81,0x0c,0x05,0xf9,0x4c,0x37,0x10,0x68,0x28,0xfc,0xc2,0x74,0x03,0x81,0x86,0x02,
    0x38,0x4c,0x37,0x10,0x68,0x28,0x84,0xc3,0x74,0x03,0x81,0x86,0x82,0x38,0xcc,0x12,0xc0,0xc9,0x70,0x43,0x0b,0x0a,0xfd,0x29,
    0x80,0xc1,0x2c,0x03,0x9c,0xac,0x49,0x30,0xdc,0xe0,0x82,0x02,0x7f,0x0a,0x60,0x30,0xcb,0xc0,0x26,0x6d,0x12,0x8c,0x18,0x1c,
    0x00,0x08,0x82,0x01,0x19,0x94,0xa8,0xc0,0x9a,0x02,0x3f,0x0a,0xfe,0x29,0x8c,0x26,0x04,0xc0,0x68,0x82,0x10,0x8c,0x26,0x0c,
    0xc2,0x68,0x02,0x31,0xcc,0x12,0xc0,0xc9,0x70,0x03,0x0d,0x0a,0x21,0x2a,0x80,0xc1,0x2c,0x03,0x9c,0xb8,0x49,0x30,0xdc,0x50,
    0x83,0x42,0x88,0x0a,0x60,0x30,0xcb,0x00,0x27,0x6f,0x12,0x0c,0x37,0xd8,0xa0,0x70,0xa2,0x02,0x18,0x4c,0x37,0xe0,0x7f,0x60,
    0x87,0x42,0x30,0xdd,0x80,0xff,0x81,0x1d,0x0a,0xc2,0x74,0x03,0xfe,0x07,0x76,0x28,0x0c,0xd3,0x0d,0xf8,0x1f,0xd8,0xa1,0x40,
    0xcc,0x12,0xc0,0xc9,0x40,0xcf,0x60,0xb1,0x09,0x49,0x12,0x67,0x42,0x06,0x69,0xc2,0x1e,0x6a,0xc2,0x8f,0x44,0x9b,0xb0,0x23,
    0xe1,0x26,0xc8,0x9b,0x0c,0xf4,0x0c,0x16,0x9b,0x90,0x24,0x71,0x26,0x64,0x90,0x26,0xec,0xa1,0x26,0xfc,0x48,0xb4,0x09,0x3b,
    0x12,0x6e,0x82,0xbc,0xc9,0x40,0xcf,0x60,0xb1,0x09,0x49,0x12,0x67,0x42,0x06,0x69,0xc2,0x1e,0x6a,0xc2,0x8f,0x44,0x9b,0xb0,
    0x23,0xe1,0x26,0xc8,0x9b,0x0c,0xf4,0x0c,0x16,0x9b,0x90,0x24,0x71,0x26,0x64,0x90,0x26,0xec,0xa1,0x26,0xfc,0x48,0xb4,0x09,
    0x3b,0x12,0x6e,0x82,0xbc,0x49,0xf9,0xa0,0x20,0x9b,0x82,0x0e,0x37,0x04,0x33,0x2a,0x80,0xc1,0x2c,0x83,0x9c,0xc4,0x49,0x60,
    0x6f,0x29,0x18,0xf1,0x31,0xb8,0x14,0x8c,0xf8,0x58,0x5c,0x0a,0x46,0x7c,0x4c,0x2e,0x05,0x23,0x3e,0xb3,0x04,0x72,0x32,0x50,
    0x31,0x20,0x71,0x42,0xc1,0xc9,0x40,0xc5,0x80,0xc4,0x09,0x05,0x27,0x03,0x15,0x03,0x12,0x27,0x14,0x9c,0x0c,0x54,0x0c,0x48,
    0x9c,0x50,0x70,0x52,0x68,0x28,0xe8,0xa6,0xa0,0xc3,0x0d,0x41,0x8f,0x0a,0x61,0x30,0xdd,0x30,0x18,0xc1,0x74,0x03,0x61,0x08,
    0xd3,0x0d,0x85,0x31,0x0c,0x37,0xf0,0xa0,0x10,0xa6,0x02,0x18,0xcc,0x32,0xec,0xc9,0x9c,0x04,0xc3,0x0d,0x3d,0x28,0x8c,0xa9,
    0x00,0x06,0xb3,0x0c,0x74,0x52,0x27,0x81,0xad,0xc4,0x2b,0x0a,0xf2,0xb1,0x95,0x78,0x45,0x41,0x3e,0xb6,0x12,0xaf,0x28,0xc8,
    0xc7,0x56,0xe2,0x15,0x05,0xf9,0x4c,0x37,0x10,0xb3,0x28,0xa0,0xc4,0x74,0x03,0x31,0x8b,0x42,0x4a,0x4c,0x37,0x10,0xb3,0x28,
    0xa8,0xc4,0x74,0x03,0x31,0x8b,0xc2,0x4a,0xcc,0x12,0xec,0xc9,0x70,0x83,0x19,0x0a,0x68,0x2a,0x80,0xc1,0x2c,0xc3,0x9e,0xd8,
    0x49,0x30,0xdc,0x70,0x86,0xc2,0x99,0x0a,0x60,0x30,0xcb,0x70,0x27,0x78,0x12,0x8c,0x18,0x1c,0x00,0x08,0x82,0x01,0x19,0xc0,
    0xa9,0x70,0x9f,0xc2,0x59,0x0a,0x69,0x2a,0x8c,0x26,0x04,0xc0,0x68,0x82,0x10,0x8c,0x26,0x0c,0xc2,0x68,0x02,0x31,0xcc,0x12,
    0xec,0xc9,0x70,0x43,0x1b,0x0a,0x6c,0x2a,0x80,0xc1,0x2c,0xc3,0x9e,0xe4,0x49,0x30,0xdc,0xe0,0x86,0x02,0x9b,0x0a,0x60,0x30,
    0xcb,0xb0,0x27,0x7a,0x12,0x0c,0x37,0xbc,0xa1,0x20,0xa7,0x02,0x18,0x4c,0x37,0x8c,0xa1,0x10,0x8e,0x42,0x30,0xdd,0x30,0x86,
    0x42,0x38,0x0a,0xc2,0x74,0xc3,0x18,0x0a,0xe1,0x28,0x0c,0xd3,0x0d,0x63,0x28,0x84,0xa3,0x40,0xcc,0x12,0xec,0xc9,0x40,0xcf,
    0x60,0xdd,0x89,0x6e,0x12,0x72,0x42,0x06,0x74,0x22,0x2a,0x75,0x22,0x9b,0x04,0x9e,0x88,0x26,0x91,0x27,0x88,0x9e,0x0c,0xf4,
    0x0c,0xd6,0x9d,0xe8,0x26,0x21,0x27,0x64,0x40,0x27,0xa2,0x52,0x27,0xb2,0x49,0xe0,0x89,0x68,0x12,0x79,0x82,0xe8,0xc9,0x40,
    0xcf,0x60,0xdd,0x89,0x6e,0x12,0x72,0x42,0x06,0x74,0x22,0x2a,0x75,0x22,0x9b,0x04,0x9e,0x88,0x26,0x91,0x27,0x88,0x9e,0x0c,
    0xf4,0x0c,0xd6,0x9d,0xe8,0x26,0x21,0x27,0x64,0x40,0x27,0xa2,0x52,0x27,0xb2,0x49,0xe0,0x89,0x68,0x12,0x79,0x82,0xe8,0x49,
    0xdd,0xa1,0xd0,0x9f,0x82,0x0e,0x37,0x04,0x7e,0x2a,0x80,0xc1,0x2c,0x43,0x9f,0xf0,0x49,0x60,0xba,0x29,0x18,0xf1,0xb1,0xdd,
    0x14,0x8c,0xf8,0x18,0x6f,0x0a,0x46,0x7c,0xac,0x37,0x05,0x23,0x3e,0xb3,0x04,0x7d,0x32,0x50,0x31,0x20,0x7c,0x42,0xed,0xc9,
    0x40,0xc5,0x80,0xf0,0x09,0xb5,0x27,0x03,0x15,0x03,0xc2,0x27,0xd4,0x9e,0x0c,0x54,0x0c,0x08,0x9f,0x50,0x7b,0x52,0xa1,0x28,
    0x94,0xa8,0xa0,0xc3,0x0d,0x01,0xaa,0x0a,0x61,0x30,0xdd,0x30,0x18,0xc1,0x74,0x03,0x61,0x08,0xd3,0x0d,0x85,0x31,0x0c,0x37,
    0x90,0xa2,0xc0,0xaa,0x02,0x18,0xcc,0x32,0x98,0x8a,0x9f,0x04,0xc3,0x0d,0xa5,0x28,0xb8,0xaa,0x00,0x06,0xb3,0x0c,0x7f,0x02,
    0x2a,0x81,0xd9,0x85,0x3e,0x0a,0xf2,0x31,0xbb,0xd0,0x47,0x41,0x3e,0x66,0x17,0xfa,0x28,0xc8,0xc7,0xec,0x42,0x1f,0x05,0xf9,
    0x4c,0x37,0x10,0xfe,0x28,0xcc,0xc5,0x74,0x03,0xe1,0x8f,0x02,0x5d,0x4c,0x37,0x10,0xfe,0x28,0xd4,0xc5,0x74,0x03,0xe1,0x8f,
    0x82,0x5d,0xcc,0x12,0x98,0xca,0x70,0x83,0x2b,0x0a,0xb3,0x2a,0x80,0xc1,0x2c,0x83,0xa9,0x84,0x4a,0x30,0xdc,0xf0,0x8a,0x82,
    0xac,0x0a,0x60,0x30,0xcb,0x20,0x2a,0xa3,0x12,0x8c,0x18,0x1c,0x00,0x08,0x82,0x01,0x19,0xec,0xaa,0x20,0xa6,0x82,0x6c,0x0a,
    0xb4,0x2a,0x8c,0x26,0x04,0xc0,0x68,0x82,0x10,0x8c,0x26,0x0c,0xc2,0x68,0x02,0x31,0xcc,0x12,0x98,0xca,0x70,0x43,0x2d,0x0a,
    0xb7,0x2a,0x80,0xc1,0x2c,0x83,0xa9,0x90,0x4a,0x30,0xdc,0x60,0x8b,0xc2,0xad,0x0a,0x60,0x30,0xcb,0x60,0x2a,0xa5,0x12,0x0c,
    0x37,0xdc,0xa2,0xd0,0xab,0x02,0x18,0x4c,0x37,0xb8,0xa2,0xc0,0x92,0x42,0x30,0xdd,0xe0,0x8a,0x02,0x4b,0x0a,0xc2,0x74,0x83,
    0x2b,0x0a,0x2c,0x29,0x0c,0xd3,0x0d,0xae,0x28,0xb0,0xa4,0x40,0xcc,0x12,0x98,0xca,0x40,0xcf,0x60,0x89,0x0a,0x9c,0x12,0x7d,
    0x42,0x06,0x7f,0x82,0x33,0xa0,0x82,0xa6,0xc4,0xa8,0xe0,0x28,0x41,0x2a,0x48,0xa9,0x0c,0xf4,0x0c,0x96,0xa8,0xc0,0x29,0xd1,
    0x27,0x64,0xf0,0x27,0x38,0x03,0x2a,0x68,0x4a,0x8c,0x0a,0x8e,0x12,0xa4,0x82,0x94,0xca,0x40,0xcf,0x60,0x89,0x0a,0x9c,0x12,
    0x7d,0x42,0x06,0x7f,0x82,0x33,0xa0,0x82,0xa6,0xc4,0xa8,0xe0,0x28,0x41,0x2a,0x48,0xa9,0x0c,0xf4,0x0c,0x96,0xa8,0xc0,0x29,
    0xd1,0x27,0x64,0xf0,0x27,0x38,0x03,0x2a,0x68,0x4a,0x8c,0x0a,0x8e,0x12,0xa4,0x82,0x94,0x4a,0xfd,0xa2,0x80,0xa6,0x82,0x0e,
    0x37,0x04,0xe9,0x2a,0x80,0xc1,0x2c,0x03,0xaa,0x9c,0x4a,0x60,0x25,0x2a,0x18,0xf1,0x31,0x13,0x15,0x8c,0xf8,0xd8,0x89,0x0a,
    0x46,0x7c,0x0c,0x45,0x05,0x23,0x3e,0xb3,0x04,0xa8,0x32,0x50,0x31,0x20,0xa7,0x42,0x99,0xca,0x40,0xc5,0x80,0x9c,0x0a,0x65,
    0x2a,0x03,0x15,0x03,0x72,0x2a,0x94,0xa9,0x0c,0x54,0x0c,0xc8,0xa9,0x50,0xa6,0x52,0xe9,0x28,0xc0,0xa9,0xa0,0xc3,0x0d,0xc1,
    0xbc,0x0a,0x61,0x30,0xdd,0x30,0x18,0xc1,0x74,0x03,0x61,0x08,0xd3,0x0d,0x85,0x31,0x0c,0x37,0xd0,0xa3,0x70,0xaf,0x02,0x18,
    0xcc,0x32,0xc4,0x4a,0xaa,0x04,0xc3,0x0d,0xf5,0x28,0xe4,0xab,0x00,0x06,0xb3,0x0c,0xaa,0xb2,0x2a,0x81,0xf9,0x86,0x58,0x0a,
    0xf2,0x99,0x6e,0x08,0xc6,0x52,0xd8,0x8d,0x59,0x82,0x58,0x19,0x6e,0xc0,0x47,0x01,0x5f,0x05,0x30,0x98,0x65,0x88,0x15,0x56,
    0x09,0x86,0x1b,0xf2,0x51,0xb8,0x57,0x01,0x0c,0x66,0x19,0x5a,0xc5,0x55,0x82,0x11,0x83,0x03,0x00,0x41,0x30,0x20,0x03,0x90,
    0x15,0x4e,0x55,0xb8,0x4f,0x21,0x5f,0x85,0xd1,0x84,0x60,0x98,0x25,0x88,0x95,0xe1,0x06,0x7e,0x14,0xf2,0x55,0x00,0x83,0x59,
    0x86,0x58,0x79,0x95,0x60,0xb8,0xa1,0x1f,0x85,0x7c,0x15,0xc0,0x60,0x96,0x21,0x56,0x60,0x25,0x18,0x6e,0xf0,0x47,0xe1,0x5f,
    0x05,0x30,0x98,0x6e,0x68,0x47,0x61,0x2d,0x85,0x60,0x96,0x20,0x56,0x06,0x7a,0x06,0xa5,0x55,0xd0,0x95,0x40,0x15,0x49,0x55,
    0x60,0x67,0x55,0xc0,0x95,0x70,0x15,0x58,0x25,0x5e,0x45,0x80,0x95,0x12,0x49,0x61,0x64,0x05,0x1d,0x6e,0x08,0x4a,0x56,0x08,
    0x03,0x0b,0x53,0x61,0x88,0xcf,0x74,0x43,0x40,0x08,0xd3,0x0d,0x70,0x29,0xd0,0xa5,0xc0,0x92,0xc2,0x74,0x03,0x5c,0x0a,0x74,
    0x29,0xb4,0xa4,0x30,0xdd,0x00,0x97,0x02,0x5d,0x0a,0x2e,0x29,0x4c,0x37,0xc0,0xa5,0x40,0x97,0xc2,0x4b,0x0a,0xc3,0x0d,0x3b,
    0x29,0xe8,0xaa,0x00,0x06,0xb3,0x0c,0xb2,0x52,0x2f,0x41,0xa9,0xa3,0x70,0xb2,0x02,0x56,0x00,0xb2,0x82,0x0e,0x37,0x04,0x24,
    0x2b,0x80,0xc1,0x2c,0x03,0xad,0xcc,0x4a,0x50,0xed,0x28,0x88,0xac,0xa0,0xc3,0x0d,0x43,0xc9,0x0a,0x60,0x30,0xdd,0x00,0xb3,
    0x02,0x11,0x4c,0x37,0xb0,0xac,0x30,0x08,0xb3,0x04,0xb4,0x32,0x50,0x41,0xe8,0x38,0x21,0x2b,0xc4,0xac,0x0c,0x54,0x10,0x66,
    0x4e,0xc8,0x0a,0x31,0x2b,0xc3,0x0d,0xc2,0xcd,0x0a,0x60,0x30,0xcb,0x40,0x2e,0xb5,0x12,0x0c,0x37,0x0c,0x34,0x2b,0x80,0xc1,
    0x2c,0x03,0xb9,0xd8,0x4a,0x30,0xdc,0x40,0xcc,0xac,0x00,0x06,0xb3,0x0c,0xe4,0x72,0x2b,0xc1,0x70,0x43,0x31,0xb3,0x02,0x18,
    0xcc,0x32,0xe0,0x4a,0xae,0x04,0x56,0xa7,0x82,0x88,0xc4,0xc7,0xec,0x54,0x10,0x91,0xf8,0xd8,0x9d,0x0a,0x22,0x12,0x1f,0xc3,
    0x53,0x41,0x44,0xe2,0x33,0x4b,0x40,0x2e,0xc3,0x0d,0xca,0xcd,0x0a,0x60,0x30,0xdc,0xb0,0xd0,0xac,0x00,0x06,0x25,0x04,0x3b,
    0xcb,0x40,0x2e,0xba,0x12,0x0c,0x37,0x34,0x3f,0x2b,0x80,0xc1,0x2c,0xc3,0xae,0xf0,0x4a,0x60,0x7d,0x2a,0x9c,0x48,0x7c,0x66,
    0x09,0xc8,0x65,0xb8,0xe1,0xd9,0x59,0x01,0x0c,0x66,0x19,0xc8,0xa5,0x57,0x82,0xe1,0x06,0x68,0x6c,0x05,0x30,0x98,0x65,0xf0,
    0x95,0x5f,0x09,0x0c,0x54,0x05,0xd7,0x14,0xe2,0x33,0x4b,0x40,0x2e,0xc3,0x0d,0x92,0xd8,0x0a,0x60,0x30,0xcb,0x40,0x2e,0xe0,
    0x12,0x0c,0x37,0x4c,0x3e,0x2b,0x80,0xc1,0x2c,0x43,0xb8,0x88,0x4b,0x60,0xa3,0x2a,0xd0,0xa6,0x10,0x1f,0x23,0x55,0x81,0x36,
    0x85,0xf8,0x58,0xa9,0x0a,0xb4,0x29,0xc4,0xc7,0x4c,0x55,0xa0,0x4d,0x21,0x3e,0xb3,0x04,0xe4,0x32,0xdc,0x80,0x89,0xad,0x00,
    0x06,0xb3,0x0c,0xe3,0x42,0x2e,0x81,0xa1,0xaa,0x60,0x9b,0x42,0x7c,0x46,0x0c,0x0e,0x00,0x04,0xc1,0x20,0xca,0x5b,0xc1,0x5f,
    0x85,0x19,0x09,0x66,0x09,0xc8,0x65,0xa0,0x6c,0x50,0x03,0x5c,0xd1,0x76,0x85,0xf2,0x15,0x27,0x5c,0x84,0x71,0xb1,0x69,0x82,
    0x56,0x68,0x9a,0xa8,0x15,0x37,0xb2,0x15,0xbb,0x25,0x7e,0xc5,0xa6,0x09,0x71,0x41,0xa3,0x5c,0x81,0x5b,0x82,0x57,0x06,0xca,
    0x06,0x35,0xc0,0x15,0x6e,0x57,0x2c,0x5f,0x71,0xc2,0x85,0x18,0x17,0x9c,0x26,0x68,0xc5,0xa6,0x89,0x5a,0x71,0x23,0x5b,0xb1,
    0x5b,0xe2,0x57,0x70,0x9a,0x10,0x17,0x35,0xca,0x15,0xb9,0x25,0x78,0x65,0xa0,0x6c,0x50,0x03,0x5c,0xf1,0x76,0x05,0xf3,0x15,
    0x27,0x5c,0x8c,0x71,0xd1,0x69,0x82,0x56,0x70,0x9a,0xa8,0x15,0x37,0xb2,0x15,0xbb,0x25,0x7e,0x45,0xa7,0x09,0x71,0x61,0xa3,
    0x5c,0xa1,0x5b,0x82,0x57,0x06,0xca,0x06,0x35,0xc0,0x15,0x30,0xd8,0x15,0xcd,0x57,0x9c,0x70,0xd1,0x69,0x62,0x5c,0x78,0x9a,
    0xa0,0x15,0x9d,0x26,0x6a,0xc5,0x8d,0x6c,0xc5,0x6e,0x89,0x5f,0xe1,0x69,0x42,0x5c,0xdc,0x28,0x57,0xec,0x96,0xe0,0x15,0x23,
    0x76,0x44,0x3e,0x46,0xec,0x88,0x7c,0x8c,0xd8,0x11,0xf9,0x18,0xb1,0x23,0xf2,0x19,0x6e,0x10,0x03,0xbc,0x15,0xc0,0x60,0x96,
    0x81,0x5e,0xca,0x25,0x18,0x6e,0x18,0x83,0xba,0x15,0xc0,0x60,0x96,0x81,0x5e,0xcc,0x25,0x18,0x6e,0x20,0x03,0xba,0x15,0xc0,
    0x60,0x96,0x81,0x5e,0xce,0x25,0x18,0x6e,0x28,0x03,0xba,0x15,0xc0,0x60,0x96,0x01,0x5d,0xd2,0x25,0x30,0x5b,0x15,0xc6,0x24,
    0x3e,0x76,0xab,0xc2,0x98,0xc4,0xc7,0x70,0x55,0x18,0x93,0xf8,0x58,0xae,0x0a,0x63,0x12,0x9f,0x59,0x02,0x7a,0x19,0x6e,0x50,
    0x03,0xbc,0x15,0xc0,0x60,0xb8,0x61,0x0d,0xea,0x56,0x00,0x83,0x12,0x82,0x9d,0x65,0xa0,0x17,0x75,0x09,0x86,0x1b,0xda,0x00,
    0x74,0x05,0x30,0x18,0x6e,0x70,0x83,0xbb,0x15,0xc0,0xa0,0x84,0x60,0x67,0x19,0xd6,0x85,0x5d,0x02,0x03,0x57,0x41,0x4d,0xe2,
    0x33,0x4b,0x40,0x2f,0xc3,0x0d,0x71,0xe0,0xb7,0x02,0x18,0xcc,0x32,0xd0,0x4b,0xbb,0x04,0xc3,0x0d,0x72,0x60,0xba,0x02,0x18,
    0xcc,0x32,0xb8,0xcb,0xbb,0x04,0x36,0xae,0x42,0x7c,0x0a,0xf1,0x99,0x25,0xa0,0x97,0xe1,0x06,0x3a,0x28,0x5d,0x01,0x0c,0x66,
    0x19,0xe8,0x05,0x5e,0x82,0xe1,0x86,0x3a,0x08,0x5d,0x01,0x0c,0x66,0x19,0xe2,0x45,0x5e,0x02,0x33,0x57,0xe1,0x3e,0x85,0xf8,
    0xd8,0xb9,0x0a,0xf7,0x29,0xc4,0xc7,0xd0,0x55,0xb8,0x4f,0x21,0x3e,0x96,0xae,0xc2,0x7d,0x0a,0xf1,0x99,0x25,0xa0,0x97,0xe1,
    0x06,0x3d,0x28,0x5d,0x01,0x0c,0x66,0x19,0xe6,0x85,0x5e,0x02,0x5b,0x57,0x21,0x3f,0x85,0xf8,0x8c,0x18,0x1c,0x00,0x08,0x82,
    0x41,0xc4,0xbb,0x42,0xd8,0x0a,0x76,0x12,0xcc,0x12,0xd0,0xcb,0x40,0xd9,0xe0,0x06,0xe8,0xa2,0xad,0x0b,0xe5,0x2e,0x4e,0xbc,
    0x08,0xf3,0xc2,0xdb,0x04,0xb9,0xe8,0x36,0x51,0x2e,0xf4,0x64,0x2e,0xfc,0x4b,0xbc,0x0b,0x6f,0x13,0xf2,0xe2,0x4e,0xe9,0x62,
    0xbf,0x04,0xbb,0x0c,0x94,0x0d,0x6e,0x80,0x2e,0xdc,0xba,0x58,0xee,0xe2,0xc4,0x0b,0x31,0x2f,0xbe,0x4d,0x90,0x0b,0x6f,0x13,
    0xe5,0x42,0x4f,0xe6,0xc2,0xbf,0xc4,0xbb,0xf8,0x36,0x21,0x2f,0xf0,0x94,0x2e,0xf8,0x4b,0xb0,0xcb,0x40,0xd9,0xe0,0x06,0xe8,
    0xe2,0xad,0x0b,0xe6,0x2e,0x4e,0xbc,0x18,0xf3,0x02,0xde,0x04,0xb9,0xf8,0x36,0x51,0x2e,0xf4,0x64,0x2e,0xfc,0x4b,0xbc,0x0b,
    0x78,0x13,0xf2,0x22,0x4f,0xe9,0xa2,0xbf,0x04,0xbb,0x0c,0x94,0x0d,0x6e,0x80,0x2e,0x60,0xb0,0x2e,0x9a,0xbb,0x38,0xf1,0x02,
    0xde,0xc4,0xbc,0x88,0x37,0x41,0x2e,0xe0,0x4d,0x94,0x0b,0x3d,0x99,0x0b,0xff,0x12,0xef,0x22,0xde,0x84,0xbc,0xd0,0x53,0xba,
    0xf0,0x2f,0xc1,0x2e,0x46,0x88,0xa8,0x20,0x1f,0x23,0x44,0x54,0x90,0x8f,0x11,0x22,0x2a,0xc8,0xc7,0x08,0x11,0x15,0xe4,0x63,
    0xc4,0x19,0xc0,0xc7,0x88,0x33,0x80,0x8f,0x11,0x67,0x00,0x1f,0x23,0xce,0x00,0x3e,0x23,0x06,0x07,0x00,0x82,0x60,0x10,0xa5,
    0xaf,0xf0,0xb6,0x02,0xa1,0xaf,0xc2,0x88,0xc1,0x01,0x80,0x20,0x18,0x44,0xea,0x2b,0xc0,0xad,0x40,0xec,0xab,0x30,0x62,0x70,
    0x00,0x20,0x08,0x06,0xd1,0xfa,0x0a,0x71,0x2b,0x10,0xfc,0x2a,0x8c,0x18,0x1c,0x00,0x08,0x82,0x41,0xc4,0xbe,0x82,0xdc,0x0a,
    0x44,0xbf,0x0a,0x23,0x06,0x07,0x00,0x82,0x60,0x10,0xb5,0xaf,0x20,0xb7,0x02,0xd1,0xaf,0xc2,0x88,0xc1,0x01,0x80,0x20,0x18,
    0x44,0xee,0x2b,0xcc,0xad,0x40,0xf8,0xab,0x30,0x62,0x70,0x00,0x20,0x08,0x06,0xd1,0xfb,0x0a,0x74,0x2b,0x10,0xff,0x2a,0x8c,
    0x18,0x1c,0x00,0x08,0x82,0x41,0x04,0xbf,0x42,0xdd,0x0a,0x04,0xc8,0x0a,0xb3,0x04,0x61,0x33,0xdc,0x50,0x9f,0xc2,0xf8,0x0a,
    0x60,0x30,0xcb,0x10,0x36,0xf6,0x12,0x0c,0x37,0xd8,0xa7,0x20,0xbe,0x02,0x18,0xcc,0x32,0x84,0xcd,0xbd,0x04,0xc3,0x0d,0xf7,
    0x29,0x88,0xaf,0x00,0x06,0xb3,0x0c,0xf8,0x92,0x2f,0x81,0xd9,0x47,0x98,0xc8,0xc7,0xec,0x23,0x4c,0xe4,0x63,0xf6,0x11,0x26,
    0xf2,0x31,0xfe,0x38,0x13,0xf9,0xcc,0x12,0x84,0xcd,0x70,0x03,0x7f,0x0a,0xe6,0x2b,0x80,0xc1,0x2c,0x83,0xbe,0xec,0x4b,0x60,
    0xfb,0x61,0x26,0xf2,0xb1,0xfd,0x30,0x13,0xf9,0xd8,0x7e,0x98,0x89,0x7c,0x2c,0x44,0xd8,0x44,0x3e,0x46,0xc8,0xac,0x20,0x1f,
    0x23,0x66,0x56,0x90,0x8f,0x11,0x34,0x2b,0xc8,0xc7,0x88,0x9a,0x15,0xe4,0x33,0x62,0x70,0x00,0x20,0x08,0x06,0x51,0x08,0x0b,
    0xa7,0x2b,0x10,0x32,0x2b,0x8c,0x18,0x1c,0x00,0x08,0x82,0x41,0x24,0xc2,0x02,0xea,0x0a,0xc4,0xcc,0x0a,0x23,0x06,0x07,0x00,
    0x82,0x60,0x10,0x8d,0xb0,0x90,0xba,0x02,0x41,0xb3,0xc2,0x88,0xc1,0x01,0x80,0x20,0x18,0x44,0x24,0x2c,0xa8,0xae,0x40,0xd4,
    0xac,0x30,0x62,0x70,0x00,0x20,0x08,0x06,0x51,0x09,0x0b,0xaa,0x2b,0x10,0x35,0x2b,0x8c,0x18,0x1c,0x00,0x08,0x82,0x41,0x64,
    0xc2,0xc2,0xea,0x0a,0x84,0xcd,0x0a,0x23,0x06,0x07,0x00,0x82,0x60,0x10,0x9d,0xb0,0xc0,0xba,0x02,0x71,0xb3,0xc2,0x88,0xc1,
    0x01,0x80,0x20,0x18,0x44,0x28,0x2c,0xb4,0xae,0x40,0xe0,0xac,0x30,0x4b,0x10,0x36,0xc3,0x0d,0x2d,0x2a,0xf0,0xaf,0x00,0x06,
    0xb3,0x0c,0xfc,0xd2,0x2f,0x81,0xb1,0xc8,0x9d,0xc8,0xc7,0x58,0xe4,0x4e,0xe4,0x63,0x2c,0x72,0x27,0xf2,0x31,0x19,0xe9,0x13,
    0xf9,0x18,0x51,0xb6,0x82,0x7c,0x8c,0x30,0x5b,0x41,0x3e,0x46,0x9c,0xad,0x20,0x1f,0x23,0xd0,0x56,0x90,0xcf,0x88,0xc1,0x01,
    0x80,0x20,0x18,0x44,0x32,0x2c,0xe0,0xae,0x40,0x8c,0xad,0x30,0x62,0x70,0x00,0x20,0x08,0x06,0xd1,0x0c,0x0b,0xb9,0x2b,0x10,
    0x64,0x2b,0x8c,0x18,0x1c,0x00,0x08,0x82,0x41,0x44,0xc3,0x82,0xee,0x0a,0x44,0xd9,0x0a,0x23,0x06,0x07,0x00,0x82,0x60,0x10,
    0xd5,0xb0,0xb0,0xbb,0x02,0x61,0xb6,0xc2,0x88,0xc1,0x01,0x80,0x20,0x18,0x44,0x36,0x2c,0xec,0xae,0x40,0x98,0xad,0x30,0x62,
    0x70,0x00,0x20,0x08,0x06,0xd1,0x0d,0x0b,0xbc,0x2b,0x10,0x67,0x2b,0x8c,0x18,0x1c,0x00,0x08,0x82,0x41,0x84,0xc3,0x42,0xef,
    0x0a,0x04,0xda,0x0a,0x23,0x06,0x07,0x00,0x82,0x60,0x10,0xe5,0xb0,0xe0,0xbb,0x02,0x91,0xb6,0xc2,0x2c,0x41,0xd8,0x0c,0x37,
    0xf8,0xa8,0x70,0xc2,0x02,0x18,0xcc,0x32,0xf8,0xcb,0xbf,0x04,0xd6,0x23,0xa8,0x02,0x1f,0xeb,0x11,0x54,0x81,0x8f,0xf5,0x08,
    0xaa,0xc0,0xc7,0xc6,0xc4,0x55,0xe0,0x33,0x62,0x70,0x00,0x20,0x08,0x06,0xd1,0x0f,0x0b,0xe5,0x2b,0x10,0x70,0x2b,0x8c,0x18,
    0x1c,0x00,0x08,0x82,0x41,0x04,0xc6,0x82,0xf9,0x0a,0x44,0xdc,0x0a,0x23,0x06,0x07,0x00,0x82,0x60,0x10,0x85,0xb1,0x70,0xbe,
    0x02,0x21,0xb7,0xc2,0x88,0xc1,0x01,0x80,0x20,0x18,0x44,0x62,0x2c,0xa0,0xaf,0x40,0xcc,0xad,0x30,0x62,0x70,0x00,0x20,0x08,
    0x06,0xd1,0x18,0x0b,0xe8,0x2b,0x10,0x73,0x2b,0x8c,0x18,0x1c,0x00,0x08,0x82,0x41,0x44,0xc6,0x42,0xfa,0x0a,0x04,0xdd,0x0a,
    0x23,0x06,0x07,0x00,0x82,0x60,0x10,0x95,0xb1,0xa0,0xbe,0x02,0x51,0xb7,0xc2,0x88,0xc1,0x01,0x80,0x20,0x18,0x44,0x66,0x2c,
    0xac,0xaf,0x40,0xd8,0xad,0x30,0x4b,0x10,0x36,0xc3,0x0d,0x6b,0x2a,0xec,0xb0,0x00,0x06,0xb3,0x0c,0x20,0x13,0x32,0x81,0xa9,
    0x49,0xad,0xc0,0xc7,0xd4,0xa4,0x56,0xe0,0x63,0x6a,0x52,0x2b,0xf0,0x31,0x38,0xd9,0x15,0xf8,0x18,0xe1,0xb7,0x02,0x7c,0x8c,
    0xf8,0x5b,0x01,0x3e,0x46,0x80,0xae,0x00,0x1f,0x23,0x42,0x57,0x80,0xcf,0x88,0xc1,0x01,0x80,0x20,0x18,0x44,0x70,0x2c,0xd8,
    0xaf,0x40,0x84,0xae,0x30,0x62,0x70,0x00,0x20,0x08,0x06,0x51,0x1c,0x0b,0xf7,0x2b,0x10,0xa2,0x2b,0x8c,0x18,0x1c,0x00,0x08,
    0x82,0x41,0x24,0xc7,0x02,0xfe,0x0a,0xc4,0xe8,0x0a,0x23,0x06,0x07,0x00,0x82,0x60,0x10,0xcd,0xb1,0x90,0xbf,0x02,0x41,0xba,
    0xc2,0x88,0xc1,0x01,0x80,0x20,0x18,0x44,0x74,0x2c,0xe4,0xaf,0x40,0x90,0xae,0x30,0x62,0x70,0x00,0x20,0x08,0x06,0x51,0x1d,
    0x0b,0xfa,0x2b,0x10,0xa5,0x2b,0x8c,0x18,0x1c,0x00,0x08,0x82,0x41,0x64,0xc7,0xc2,0xfe,0x0a,0x84,0xe9,0x0a,0x23,0x06,0x07,
    0x00,0x82,0x60,0x10,0xdd,0xb1,0xc0,0xbf,0x02,0x71,0xba,0xc2,0x2c,0x41,0xd8,0x0c,0x37,0xf0,0xa9,0x90,0xc6,0x02,0x18,0xcc,
    0x32,0x88,0xcc,0xc8,0x04,0xb6,0x27,0xe6,0x02,0x1f,0xdb,0x13,0x73,0x81,0x8f,0xed,0x89,0xb9,0xc0,0xc7,0x42,0x85,0x5d,0xe0,
    0x63,0xc4,0xeb,0x0a,0xf0,0x31,0x02,0x76,0x05,0xf8,0x18,0x11,0xbb,0x02,0x7c,0x8c,0x90,0x5d,0x01,0x3e,0x46,0xd8,0xae,0x20,
    0x1f,0x23,0x6e,0x57,0x90,0x8f,0x11,0xb8,0x2b,0xc8,0xc7,0x88,0xdc,0x15,0xe4,0x33,0x62,0x70,0x00,0x20,0x08,0x06,0x51,0x29,
    0x0b,0x2b,0x2c,0x10,0xb6,0x2b,0x8c,0x18,0x1c,0x00,0x08,0x82,0x41,0x64,0xca,0x02,0x0b,0x0b,0xc4,0xed,0x0a,0x23,0x06,0x07,
    0x00,0x82,0x60,0x10,0x9d,0xb2,0xd0,0xc2,0x02,0x81,0xbb,0xc2,0x88,0xc1,0x01,0x80,0x20,0x18,0x44,0xa8,0x2c,0xb8,0xb0,0x40,
    0xe4,0xae,0x30,0x62,0x70,0x00,0x20,0x08,0x06,0x51,0x2a,0x0b,0x2e,0x2c,0x10,0xb9,0x2b,0x8c,0x18,0x1c,0x00,0x08,0x82,0x41,
    0xa4,0xca,0xc2,0x0b,0x0b,0x84,0xee,0x0a,0x23,0x06,0x07,0x00,0x82,0x60,0x10,0xad,0xb2,0x00,0xc3,0x02,0xb1,0xbb,0xc2,0x88,
    0xc1,0x01,0x80,0x20,0x18,0x44,0xac,0x2c,0xc4,0xb0,0x40,0xf0,0xae,0x30,0x4b,0x10,0x36,0xc3,0x0d,0xb1,0x2a,0xe4,0xb1,0x00,
    0x06,0xb3,0x0c,0x24,0x53,0x32,0x81,0xed,0x0b,0xac,0xc4,0xc7,0xf6,0x05,0x56,0xe2,0x63,0xfb,0x02,0x2b,0xf1,0xb1,0x90,0xb1,
    0x95,0xf8,0x8c,0x18,0x1c,0x00,0x08,0x82,0x41,0x24,0xcb,0x02,0x0e,0x0b,0xc4,0xf8,0x0a,0x23,0x06,0x07,0x00,0x82,0x60,0x10,
    0xcd,0xb2,0x90,0xc3,0x02,0x41,0xbe,0xc2,0x88,0xc1,0x01,0x80,0x20,0x18,0x44,0xb4,0x2c,0xe8,0xb0,0x40,0x94,0xaf,0x30,0x62,
    0x70,0x00,0x20,0x08,0x06,0x51,0x2d,0x0b,0x3b,0x2c,0x10,0xe6,0x2b,0x8c,0x18,0x1c,0x00,0x08,0x82,0x41,0x64,0xcb,0xc2,0x0e,
    0x0b,0x84,0xf9,0x0a,0x23,0x06,0x07,0x00,0x82,0x60,0x10,0xdd,0xb2,0xc0,0xc3,0x02,0x71,0xbe,0xc2,0x88,0xc1,0x01,0x80,0x20,
    0x18,0x44,0xb8,0x2c,0xf4,0xb0,0x40,0xa0,0xaf,0x30,0x62,0x70,0x00,0x20,0x08,0x06,0x51,0x2e,0x0b,0x3e,0x2c,0x10,0xe9,0x2b,
    0xcc,0x12,0x84,0xcd,0x70,0x83,0xaf,0x0a,0xa5,0x2c,0x80,0xc1,0x2c,0x83,0xc9,0x9c,0x4c,0x60,0xbd,0x82,0x32,0xf0,0xb1,0x5e,
    0x41,0x19,0xf8,0x58,0xaf,0xa0,0x0c,0x7c,0x6c,0x5c,0x5c,0x06,0x3e,0x16,0x2e,0x2c,0x23,0x1f,0x0b,0x17,0x96,0x91,0x8f,0x85,
    0x0b,0xcb,0xc8,0xc7,0xce,0x45,0x66,0xe4,0x63,0x08,0x11,0x1f,0x43,0x88,0xf8,0x18,0x42,0xc4,0xc7,0x10,0x22,0x3e,0x23,0x06,
    0x07,0x00,0x82,0x60,0x10,0x9d,0xb3,0xd0,0xc6,0x02,0x81,0xbf,0xc2,0x88,0xc1,0x01,0x80,0x20,0x18,0x44,0xe8,0x2c,0xb8,0xb1,
    0x40,0xe4,0xaf,0x30,0x62,0x70,0x00,0x20,0x08,0x06,0x51,0x3a,0x0b,0x6f,0x2c,0x10,0xfa,0x2b,0x8c,0x18,0x1c,0x00,0x08,0x82,
    0x41,0xa4,0xce,0x02,0x1c,0x0b,0xc4,0xfe,0x0a,0x23,0x06,0x07,0x00,0x82,0x60,0x10,0xad,0xb3,0x00,0xc7,0x02,0xb1,0xbf,0xc2,
    0x88,0xc1,0x01,0x80,0x20,0x18,0x44,0xec,0x2c,0xc4,0xb1,0x40,0xf0,0xaf,0x30,0x62,0x70,0x00,0x20,0x08,0x06,0x51,0x3b,0x0b,
    0x72,0x2c,0x10,0xfd,0x2b,0x8c,0x18,0x1c,0x00,0x08,0x82,0x41,0xe4,0xce,0xc2,0x1c,0x0b,0x84,0xff,0x0a,0xb3,0x04,0x61,0x33,
    0xdc,0x30,0xaf,0x42,0x2e,0x0b,0x60,0x30,0xcb,0x80,0x32,0x29,0x13,0x58,0xcf,0xc8,0x4b,0x7c,0xac,0x67,0xe4,0x25,0x3e,0xd6,
    0x33,0xf2,0x12,0x1f,0x1b,0x1b,0x7c,0x89,0x8f,0x11,0x3a,0x2b,0xc8,0xc7,0x88,0x9d,0x15,0xe4,0x63,0x04,0xcf,0x0a,0xf2,0x31,
    0xa2,0x67,0x05,0xf9,0x18,0xa1,0x2f,0xf0,0x31,0x42,0x5f,0xe0,0x63,0x84,0xbe,0xc0,0xc7,0x08,0x90,0x81,0xcf,0x2c,0x41,0xd8,
    0x0c,0x37,0x80,0xac,0x50,0xce,0x02,0x18,0xcc,0x32,0xa8,0xcc,0xca,0x04,0xa6,0x36,0xff,0x12,0x1f,0x53,0x9b,0x7f,0x89,0x8f,
    0xa9,0xcd,0xbf,0xc4,0xc7,0xe0,0xa6,0x64,0xe2,0x63,0xc4,0xee,0xc8,0xc7,0x08,0xde,0x91,0x8f,0x11,0xbd,0x23,0x1f,0x23,0x7c,
    0x47,0x3e,0x46,0x9c,0x0c,0x7c,0x8c,0x38,0x19,0xf8,0x18,0x71,0x32,0xf0,0x31,0xa2,0x65,0xe0,0x33,0x4b,0x10,0x36,0xc3,0x0d,
    0x2d,0x2b,0xc4,0xb3,0x00,0x06,0xb3,0x0c,0x2c,0xd3,0x32,0xc1,0x88,0xc1,0x01,0x80,0x20,0x18,0x90,0x81,0x48,0x0b,0xa9,0x2c,
    0xe4,0xaf,0xb0,0xcf,0xc2,0x68,0x42,0x30,0x58,0xde,0xb8,0x4c,0x7c,0x2c,0x6f,0x5c,0x26,0x3e,0x96,0x37,0x2e,0x13,0x1f,0xfb,
    0x1b,0x9a,0x89,0x8f,0x15,0x84,0x7c,0xcc,0x20,0xe4,0x63,0x07,0x21,0x1f,0x43,0x08,0xf9,0x18,0x61,0x33,0xf0,0x31,0xc2,0x66,
    0xe0,0x63,0x84,0xcd,0xc0,0xc7,0x08,0x9e,0x81,0xcf,0x2c,0x41,0xd8,0x0c,0x37,0xf0,0xac,0xf0,0xcf,0x02,0x18,0xcc,0x32,0xb8,
    0xcc,0xcb,0x04,0x96,0xc6,0xc2,0xfc,0xc4,0xc7,0x78,0x26,0x90,0x8f,0xf1,0x8c,0x20,0x1f,0xe3,0x99,0x41,0x3e,0x26,0x36,0x84,
    0x7c,0x8c,0x58,0x1d,0xf8,0x18,0xb1,0x3a,0xf0,0x31,0x62,0x75,0xe0,0x63,0x44,0xec,0xc0,0x67,0xc4,0xe0,0x00,0x40,0x10,0x0c,
    0x22,0xb1,0x16,0xd0,0x59,0x20,0xe6,0x58,0x18,0x31,0x38,0x00,0x10,0x04,0x83,0x68,0xac,0x85,0x74,0x16,0x08,0x3a,0x16,0x46,
    0x0c,0x0e,0x00,0x04,0xc1,0x20,0x22,0x6b,0x41,0x9d,0x05,0xa2,0x8e,0x85,0x11,0x83,0x03,0x00,0x41,0x30,0x88,0xca,0x5a,0x58,
    0x67,0x81,0xb0,0x63,0x61,0xc4,0xe0,0x00,0x40,0x10,0x0c,0x22,0xb3,0x16,0xd6,0x59,0x20,0xec,0x58,0x18,0x31,0x38,0x00,0x10,
    0x04,0x83,0xe8,0xac,0x05,0x76,0x16,0x88,0x3b,0x16,0x46,0x0c,0x0e,0x00,0x04,0xc1,0x20,0x42,0x6b,0xa1,0x9d,0x05,0x02,0x8f,
    0x85,0x11,0x83,0x03,0x00,0x41,0x30,0x88,0xd2,0x5a,0x70,0x67,0x81,0xc8,0x63,0x61,0x96,0x20,0x6c,0x86,0x1b,0xdc,0x56,0xf8,
    0x65,0x01,0x0c,0x66,0x19,0x60,0x26,0x66,0x02,0xc3,0x9d,0xb6,0x89,0x8f,0xe1,0x4e,0xdb,0xc4,0xc7,0x70,0xa7,0x6d,0xe2,0x63,
    0xbe,0x33,0x37,0xf1,0x31,0xa2,0x75,0x05,0xf9,0x18,0xe1,0xba,0x82,0x7c,0x8c,0x78,0x5d,0x41,0x3e,0x46,0xc0,0xae,0x20,0x1f,
    0x23,0xea,0x06,0x3e,0x46,0xd4,0x0d,0x7c,0x8c,0xa8,0x1b,0xf8,0x18,0xb1,0x37,0xf0,0x99,0x25,0x08,0x9b,0xe1,0x86,0xbd,0x15,
    0xc8,0x59,0x00,0x83,0x59,0x86,0xb0,0x91,0x99,0x60,0xb8,0x81,0x6f,0x05,0x71,0x16,0xc0,0x60,0x96,0x61,0x66,0x68,0x26,0xb0,
    0xbd,0x49,0x1f,0xf9,0xd8,0xde,0xa8,0x8f,0x7c,0x6c,0x6f,0xd6,0x47,0x3e,0x16,0x3a,0xec,0x23,0x1f,0x23,0xd4,0x07,0x3e,0x46,
    0xa8,0x0f,0x7c,0x8c,0x50,0x1f,0xf8,0x18,0x01,0x3f,0xf0,0x19,0x31,0x38,0x00,0x10,0x04,0x83,0x28,0xb4,0x85,0x93,0x16,0x08,
    0x59,0x16,0x46,0x0c,0x0e,0x00,0x04,0xc1,0x20,0x12,0x6d,0x01,0xa5,0x05,0x62,0x96,0x85,0x11,0x83,0x03,0x00,0x41,0x30,0x88,
    0x46,0x5b,0x48,0x69,0x81,0xa0,0x65,0x61,0xc4,0xe0,0x00,0x40,0x10,0x0c,0x22,0xd2,0x16,0x54,0x5a,0x20,0x6a,0x59,0x18,0x31,
    0x38,0x00,0x10,0x04,0x83,0xa8,0xb4,0x05,0x95,0x16,0x88,0x5a,0x16,0x46,0x0c,0x0e,0x00,0x04,0xc1,0x20,0x32,0x6d,0x61,0xa5,
    0x05,0xc2,0x96,0x85,0x11,0x83,0x03,0x00,0x41,0x30,0x88,0x4e,0x5b,0x60,0x69,0x81,0xb8,0x65,0x61,0xc4,0xe0,0x00,0x40,0x10,
    0x0c,0x22,0xd4,0x16,0x5a,0x5a,0x20,0x70,0x59,0x98,0x25,0x08,0x9b,0xe1,0x86,0xd6,0x15,0xde,0x59,0x00,0x83,0x59,0x86,0x9a,
    0xb1,0x99,0xc0,0x58,0xe7,0x7e,0xe4,0x63,0xac,0x73,0x3f,0xf2,0x31,0xd6,0xb9,0x1f,0xf9,0x98,0xec,0xf4,0x8f,0x7c,0x8c,0xf0,
    0x1f,0xf8,0x18,0xf1,0x3f,0xf0,0x31,0x02,0x84,0xe0,0x63,0x44,0x08,0xc1,0x67,0xc4,0xe0,0x00,0x40,0x10,0x0c,0x22,0xd9,0x16,
    0x70,0x5a,0x20,0xc6,0x59,0x18,0x31,0x38,0x00,0x10,0x04,0x83,0x68,0xb6,0x85,0x9c,0x16,0x08,0x72,0x16,0x46,0x0c,0x0e,0x00,
    0x04,0xc1,0x20,0xa2,0x6d,0x41,0xa7,0x05,0xa2,0x9c,0x85,0x11,0x83,0x03,0x00,0x41,0x30,0x88,0x6a,0x5b,0xd8,0x69,0x81,0x30,
    0x67,0x61,0xc4,0xe0,0x00,0x40,0x10,0x0c,0x22,0xdb,0x16,0x76,0x5a,0x20,0xcc,0x59,0x18,0x31,0x38,0x00,0x10,0x04,0x83,0xe8,
    0xb6,0x05,0x9e,0x16,0x88,0x73,0x16,0x46,0x0c,0x0e,0x00,0x04,0xc1,0x20,0xc2,0x6d,0xa1,0xa7,0x05,0x02,0x9d,0x85,0x11,0x83,
    0x03,0x00,0x41,0x30,0x88,0x72,0x5b,0xf0,0x69,0x81,0x48,0x67,0x61,0x96,0x20,0x6c,0x86,0x1b,0x7c,0x57,0x18,0x69,0x01,0x0c,
    0x66,0x19,0x6e,0x06,0x67,0x02,0x5b,0x67,0x61,0x85,0xe2,0x63,0xbe,0x13,0xc8,0xc7,0x7c,0x47,0x90,0x8f,0xf9,0xce,0x20,0x1f,
    0x23,0x1f,0x42,0x3e,0x46,0xb4,0x10,0x7c,0x8c,0x68,0x21,0xf8,0x18,0xd1,0x42,0xf0,0x31,0x62,0x86,0xe0,0x33,0x62,0x70,0x00,
    0x20,0x08,0x06,0x11,0x79,0x0b,0x6a,0x2d,0x10,0xf5,0x2c,0x8c,0x18,0x1c,0x00,0x08,0x82,0x41,0x54,0xde,0xc2,0x5a,0x0b,0x84,
    0x3d,0x0b,0x23,0x06,0x07,0x00,0x82,0x60,0x10,0x99,0xb7,0xc0,0xd6,0x02,0x71,0xcf,0xc2,0x88,0xc1,0x01,0x80,0x20,0x18,0x44,
    0xe7,0x2d,0xb4,0xb5,0x40,0xe0,0xb3,0x30,0x62,0x70,0x00,0x20,0x08,0x06,0x11,0x7a,0x0b,0x6d,0x2d,0x10,0xf8,0x2c,0x8c,0x18,
    0x1c,0x00,0x08,0x82,0x41,0x94,0xde,0x82,0x5b,0x0b,0x44,0x3e,0x0b,0x23,0x06,0x07,0x00,0x82,0x60,0x10,0xa9,0xb7,0xf0,0xd6,
    0x02,0xa1,0xcf,0xc2,0x88,0xc1,0x01,0x80,0x20,0x18,0x44,0xeb,0x2d,0xc0,0xb5,0x40,0xec,0xb3,0x30,0x4b,0x10,0x36,0xc3,0x0d,
    0xf0,0x2b,0x90,0xb5,0x00,0x06,0xb3,0x0c,0x39,0xa3,0x33,0x81,0xf5,0xb3,0xa0,0x43,0xf1,0x31,0x7f,0x16,0x74,0x28,0x3e,0xf6,
    0xcf,0x82,0x0e,0xc5,0xc7,0x40,0x5a,0x00,0xa3,0xf8,0xd8,0xfc,0x10,0xf2,0xb1,0xf9,0x21,0xe4,0x63,0xf3,0x43,0xc8,0xc7,0xf2,
    0x87,0x90,0x8f,0x11,0x65,0x04,0x1f,0x23,0xcc,0x08,0x3e,0x46,0x9c,0x11,0x7c,0x8c,0x40,0x23,0xf8,0x8c,0x18,0x1c,0x00,0x08,
    0x82,0x41,0x94,0xdf,0xc2,0x5f,0x0b,0x84,0x4a,0x0b,0x23,0x06,0x07,0x00,0x82,0x60,0x10,0xe9,0xb7,0x00,0xda,0x02,0xb1,0xd2,
    0xc2,0x88,0xc1,0x01,0x80,0x20,0x18,0x44,0xfb,0x2d,0x84,0xb6,0x40,0xb0,0xb4,0x30,0x62,0x70,0x00,0x20,0x08,0x06,0x11,0x7f,
    0x0b,0xa2,0x2d,0x10,0x2d,0x2d,0x8c,0x18,0x1c,0x00,0x08,0x82,0x41,0xd4,0xdf,0x82,0x68,0x0b,0x44,0x4b,0x0b,0x23,0x06,0x07,
    0x00,0x82,0x60,0x10,0xf9,0xb7,0x30,0xda,0x02,0xe1,0xd2,0xc2,0x88,0xc1,0x01,0x80,0x20,0x18,0x44,0xff,0x2d,0x90,0xb6,0x40,
    0xbc,0xb4,0x30,0x62,0x70,0x00,0x20,0x08,0x06,0x11,0x88,0x0b,0xa5,0x2d,0x10,0x30,0x2d,0xcc,0x12,0x84,0x4d,0xa1,0xb0,0xc0,
    0xd6,0x82,0x0e,0x37,0x04,0xa3,0x2d,0x80,0xc1,0x2c,0x43,0xd8,0xec,0x4c,0x30,0xdc,0x70,0xc2,0x02,0x5f,0x0b,0x60,0x30,0xcb,
    0xc0,0x33,0x3d,0x13,0x98,0x09,0xd9,0xb4,0x00,0x1f,0x33,0xa1,0x9b,0x16,0xe0,0x63,0x26,0x84,0xd3,0x02,0x7c,0x8c,0x8e,0x72,
    0x5a,0x80,0x8f,0xd1,0x91,0x4e,0x0b,0xf0,0x31,0x3a,0xda,0x69,0x01,0x3e,0x23,0x06,0x0b,0x00,0x82,0x60,0x10,0x06,0x23,0x2e,
    0xd4,0xb6,0x30,0x08,0x81,0x51,0x10,0x16,0x88,0xb5,0x20,0x9f,0x11,0x83,0x03,0x00,0x41,0x30,0x88,0x58,0x5c,0x90,0x6d,0x21,
    0xe8,0x69,0x61,0xc4,0xe0,0x00,0x40,0x10,0x0c,0xa2,0x16,0x17,0x64,0x5b,0x08,0x7a,0x5a,0x98,0x25,0x08,0x9b,0xe1,0x06,0x19,
    0x16,0x74,0x5b,0x00,0x83,0x59,0x06,0x9f,0xf9,0x99,0xc0,0x62,0x88,0x8f,0xe4,0x63,0x31,0xc4,0x47,0xf2,0xb1,0x18,0xe2,0x23,
    0xf9,0xd8,0x0d,0x89,0x92,0x7c,0x4c,0x7d,0x08,0xf8,0x98,0xfa,0x10,0xf0,0x31,0xf5,0x21,0xe0,0x63,0xf0,0x43,0xc0,0x67,0xc4,
    0xe0,0x00,0x40,0x10,0x0c,0xa2,0x1b,0x17,0x7a,0x5b,0x20,0xd0,0x5a,0x18,0x31,0x38,0x00,0x10,0x04,0x83,0x08,0xc7,0x05,0xdf,
    0x16,0x88,0xb4,0x16,0x46,0x0c,0x0e,0x00,0x04,0xc1,0x20,0xca,0x71,0xe1,0xb7,0x05,0x42,0xad,0x85,0x11,0x83,0x03,0x00,0x41,
    0x30,0x88,0x74,0x5c,0x00,0x6f,0x81,0x58,0x6b,0x61,0xc4,0xe0,0x00,0x40,0x10,0x0c,0xa2,0x1d,0x17,0xc0,0x5b,0x20,0xd6,0x5a,
    0x18,0x31,0x38,0x00,0x10,0x04,0x83,0x88,0xc7,0x85,0xf0,0x16,0x08,0xb6,0x16,0x46,0x0c,0x0e,0x00,0x04,0xc1,0x20,0xea,0x71,
    0x41,0xbc,0x05,0xa2,0xad,0x85,0x11,0x83,0x03,0x00,0x41,0x30,0x88,0x7c,0x5c,0x18,0x6f,0x81,0x70,0x6b,0x61,0x96,0x20,0x6c,
    0x86,0x1b,0xc6,0x58,0x20,0x6d,0x01,0x0c,0x66,0x19,0xc0,0x26,0x6c,0x02,0xbb,0x9f,0x56,0x92,0x8f,0xdd,0x4f,0x2b,0xc9,0xc7,
    0xee,0xa7,0x95,0xe4,0x63,0xfd,0x33,0x4b,0xf2,0x31,0xba,0x16,0xf6,0x27,0x3e,0x56,0xd7,0xc2,0xfe,0xc4,0xc7,0xec,0x5a,0xd8,
    0x9f,0xf8,0xd8,0x5d,0x0b,0x21,0x14,0x1f,0x23,0xd4,0x48,0x3e,0x46,0xa8,0x91,0x7c,0x8c,0x50,0x23,0xf9,0x18,0x01,0x47,0xf2,
    0x31,0x82,0x81,0x8f,0x11,0x0c,0x7c,0x8c,0x60,0xe0,0x63,0x04,0x03,0x9f,0x11,0x83,0x03,0x00,0x41,0x30,0x88,0xe0,0x5c,0xb0,
    0x6f,0x81,0x08,0x6d,0x61,0xc4,0xe0,0x00,0x40,0x10,0x0c,0xa2,0x38,0x17,0xee,0x5b,0x20,0x44,0x5b,0x18,0x31,0x38,0x00,0x10,
    0x04,0x83,0x48,0xce,0x05,0xfc,0x16,0x88,0xd1,0x16,0x46,0x0c,0x0e,0x00,0x04,0xc1,0x20,0x9a,0x73,0x21,0xbf,0x05,0x82,0xb4,
    0x85,0x11,0x83,0x03,0x00,0x41,0x30,0x88,0xe8,0x5c,0xc8,0x6f,0x81,0x20,0x6d,0x61,0xc4,0xe0,0x00,0x40,0x10,0x0c,0xa2,0x3a,
    0x17,0xf4,0x5b,0x20,0x4a,0x5b,0x18,0x31,0x38,0x00,0x10,0x04,0x83,0xc8,0xce,0x85,0xfd,0x16,0x08,0xd3,0x16,0x46,0x0c,0x0e,
    0x00,0x04,0xc1,0x20,0xba,0x73,0x81,0xbf,0x05,0xe2,0xb4,0x85,0x59,0x82,0xb0,0x19,0xa8,0x0e,0x06,0x9b,0xa2,0x17,0x94,0xc2,
    0x17,0x73,0xd2,0x17,0x52,0xe2,0x17,0x35,0xf2,0x17,0x14,0x02,0x19,0xdf,0x11,0x19,0xd2,0x21,0x19,0x9d,0x31,0x19,0x90,0x41,
    0x19,0x73,0x51,0x19,0x54,0x61,0x19,0x32,0x71,0x19,0x15,0x81,0x19,0xf3,0x98,0x19,0xd2,0xa8,0x19,0xb0,0xb8,0x19,0x7b,0xc8,
    0x19,0x5b,0xe0,0x19,0x3d,0xf0,0x19,0x04,0x6c,0x54,0x33,0xa8,0x17,0x7a,0x0c,0xec,0x45,0x35,0x83,0x98,0x51,0x35,0x9d,0x91,
    0xcb,0xe2,0x67,0x06,0xaa,0x83,0xc1,0xa6,0xe8,0x05,0xa5,0xf0,0xc5,0x9c,0xf4,0x85,0x94,0xf8,0x45,0x8d,0xfc,0x05,0x85,0x40,
    0xc6,0x77,0x44,0x86,0x74,0x48,0x46,0x67,0x4c,0x06,0x64,0x50,0xc6,0x5c,0x54,0x06,0x55,0x58,0x86,0x4c,0x5c,0x46,0x45,0x60,
    0xc6,0x3c,0x66,0x86,0x34,0x6a,0x06,0x2c,0x6e,0xc6,0x1e,0x72,0x06,0x17,0x78,0x46,0x0f,0x7c,0x06,0x01,0x1b,0xd5,0x0c,0xea,
    0x85,0x1e,0x03,0x7b,0x51,0xcd,0x20,0x66,0x54,0x4d,0x67,0xe4,0xb2,0xf8,0x99,0x81,0xea,0x60,0xb0,0x29,0x7a,0x41,0x29,0x7c,
    0x31,0x27,0x7d,0x21,0x25,0x7e,0x51,0x23,0x7f,0x41,0x21,0x90,0xf1,0x1d,0x91,0x21,0x1d,0x92,0xd1,0x19,0x93,0x01,0x19,0x94,
    0x31,0x17,0x95,0x41,0x15,0x96,0x21,0x13,0x97,0x51,0x11,0x98,0x31,0x8f,0x99,0x21,0x8d,0x9a,0x01,0x8b,0x9b,0xb1,0x87,0x9c,
    0xd1,0x05,0x9e,0xd1,0x03,0x9f,0x41,0xc0,0x46,0x35,0x83,0x7a,0xa1,0xc7,0xc0,0x5e,0x54,0x33,0x88,0x19,0x55,0xd3,0x19,0xb9,
    0x2c,0x7e,0x66,0xa0,0x3a,0x18,0x6c,0x8a,0x5e,0x50,0x0a,0x5f,0xcc,0x49,0x5f,0x48,0x89,0x5f,0xd4,0xc8,0x5f,0x50,0x08,0x64,
    0x7c,0x47,0x64,0x48,0x87,0x64,0x74,0xc6,0x64,0x40,0x06,0x65,0xcc,0x45,0x65,0x50,0x85,0x65,0xc8,0xc4,0x65,0x54,0x04,0x66,
    0xcc,0x63,0x66,0x48,0xa3,0x66,0xc0,0xe2,0x66,0xec,0x21,0x67,0x78,0x81,0x67,0xf4,0xc0,0x67,0x10,0xb0,0xb1,0xcd,0xa0,0x5e,
    0x40,0x32,0xb0,0x17,0xdb,0x0c,0x62,0x46,0xd5,0x74,0x46,0x2e,0x8b,0x9f,0x19,0x6e,0x80,0x63,0x41,0xce,0x05,0x30,0x98,0x65,
    0x70,0x1d,0xb1,0x09,0x86,0x1b,0xe2,0x58,0x78,0x73,0x01,0x0c,0x66,0x19,0x5c,0x67,0x6c,0x82,0xe1,0x06,0x39,0x16,0xdc,0x5c,
    0x00,0x83,0x59,0x06,0xd7,0x21,0x9b,0x60,0xb8,0x61,0x8e,0x05,0x37,0x17,0xc0,0x60,0x96,0xa1,0x6c,0xcc,0x26,0x30,0xd2,0x79,
    0x1f,0xf9,0xcc,0x12,0xb8,0xce,0x70,0x43,0x1d,0x0b,0x6f,0x2e,0x80,0xc1,0x2c,0xc3,0xd9,0xa0,0x4d,0x60,0xa6,0x13,0x3f,0xf2,
    0xb1,0x00,0xb7,0x05,0xf9,0x8c,0x18,0x1c,0x00,0x08,0x82,0x41,0x44,0xea,0x82,0x8a,0x0b,0x41,0x6d,0x0b,0x23,0x06,0x07,0x00,
    0x82,0x60,0x10,0x95,0xba,0xa0,0xe2,0x42,0x50,0xdb,0xc2,0x2c,0x81,0xeb,0x0c,0x37,0xe8,0xb1,0x90,0xe7,0x02,0x18,0xcc,0x32,
    0xa4,0x8d,0xda,0x04,0xb6,0x3a,0xf6,0x23,0x1f,0x0b,0x7e,0x5b,0x90,0xcf,0x88,0xc1,0x01,0x80,0x20,0x18,0x44,0xa9,0x2e,0xbc,
    0xb8,0x10,0xe8,0xb6,0x30,0x62,0x70,0x00,0x20,0x08,0x06,0x91,0xaa,0x0b,0x2f,0x2e,0x04,0xba,0x2d,0xcc,0x12,0xb8,0xce,0x70,
    0xc3,0x1f,0x0b,0x78,0x2e,0x80,0xc1,0x2c,0xc3,0xda,0xb0,0x4d,0x60,0xb0,0xb3,0x3f,0xf0,0x19,0x31,0x38,0x00,0x10,0x04,0x83,
    0xa8,0xd5,0x85,0x19,0x17,0x02,0xdf,0x16,0x46,0x0c,0x0e,0x00,0x04,0xc1,0x20,0x72,0x75,0x61,0xc6,0x85,0xc0,0xb7,0x85,0x59,
    0x02,0xd7,0x19,0x6e,0x18,0x65,0x61,0xd4,0x05,0x30,0x98,0x65,0x68,0x1b,0xb7,0x09,0x8c,0x76,0xfe,0x07,0x3e,0x16,0x8c,0xb7,
    0x00,0x9f,0x11,0x83,0x03,0x00,0x41,0x30,0x88,0x64,0x5d,0xc0,0x71,0x21,0x18,0x6f,0x61,0xc4,0xe0,0x00,0x40,0x10,0x0c,0xa2,
    0x59,0x17,0x70,0x5c,0x08,0xc6,0x5b,0x98,0x25,0x70,0x9d,0xe1,0x06,0x54,0x16,0x4a,0x5d,0x00,0x83,0x59,0x86,0xb7,0x81,0x9b,
    0xc0,0x72,0x87,0x84,0xe0,0x63,0x01,0x7a,0x0b,0xf0,0xb1,0x80,0xbd,0x05,0xf9,0x8c,0x18,0x1c,0x00,0x08,0x82,0x41,0x84,0xeb,
    0x82,0x8f,0x0b,0x41,0x7a,0x0b,0x23,0x06,0x07,0x00,0x82,0x60,0x10,0xe5,0xba,0xe0,0xe3,0x42,0x90,0xde,0xc2,0x2c,0x81,0xeb,
    0x0c,0x37,0xb8,0xb2,0x60,0xea,0x02,0x18,0xcc,0x32,0xc4,0x8d,0xdc,0x04,0xa6,0x42,0xbf,0x13,0x9f,0x11,0x83,0x03,0x00,0x41,
    0x30,0x88,0x78,0x5d,0x10,0x73,0x21,0x68,0x6f,0x61,0xc4,0xe0,0x00,0x40,0x10,0x0c,0xa2,0x5e,0x17,0xc4,0x5c,0x08,0xda,0x5b,
    0x98,0x25,0x70,0x9d,0xe1,0x06,0x59,0x16,0x52,0x5d,0x00,0x83,0x59,0x86,0xb9,0xa1,0x9b,0xc0,0xc6,0xc7,0x85,0xe0,0x63,0xe4,
    0xf3,0x42,0xf2,0x31,0x21,0x88,0xcf,0x88,0xc1,0x01,0x80,0x20,0x18,0x44,0xe2,0x2e,0xa0,0xb9,0x10,0xcc,0xb7,0x30,0x62,0x70,
    0x00,0x20,0x08,0x06,0xd1,0xb8,0x0b,0x68,0x2e,0x04,0xf3,0x2d,0xcc,0x12,0xb8,0xce,0x70,0x03,0x2e,0x0b,0xae,0x2e,0x80,0xc1,
    0x2c,0x43,0xdd,0xd8,0x4d,0x60,0x34,0x94,0x3e,0xf1,0xb1,0x80,0xa5,0x05,0xf9,0x58,0xb0,0x3e,0xf0,0x99,0x25,0x70,0x9d,0xe1,
    0x06,0x5e,0x16,0x62,0x5d,0x00,0x83,0x59,0x86,0xbb,0xc1,0x9b,0xc0,0x70,0xa8,0x7d,0xe2,0x63,0x01,0x69,0xc9,0xc7,0x82,0xf7,
    0x81,0xcf,0x2c,0x81,0xeb,0x0c,0x37,0x80,0xb3,0x40,0xeb,0x02,0x18,0xcc,0x32,0xe4,0x8d,0xde,0x04,0x23,0x06,0x07,0x00,0x82,
    0x60,0x40,0x06,0xe5,0x2e,0xb0,0xb9,0xc0,0xdb,0x82,0xaf,0x0b,0xa3,0x09,0xc1,0x60,0x3e,0x34,0x3f,0xf1,0x31,0x21,0x90,0x8f,
    0x05,0xf5,0x03,0x9f,0x59,0x02,0xd7,0x19,0x6e,0x30,0x67,0x21,0xd7,0x05,0x30,0x98,0x65,0xd8,0x1b,0xbe,0x09,0x6c,0xc4,0x85,
    0xd6,0x8a,0x8f,0xe1,0x4f,0x20,0x1f,0x0b,0xc8,0x08,0x3e,0x23,0x06,0x07,0x00,0x82,0x60,0x10,0xd9,0xbb,0xc0,0xe7,0x42,0x70,
    0xe2,0xc2,0x88,0xc1,0x01,0x80,0x20,0x18,0x44,0xf7,0x2e,0xf0,0xb9,0x10,0x9c,0xb8,0x30,0x4b,0xe0,0x3a,0xc3,0x0d,0xec,0x2c,
    0xb4,0xb9,0x00,0x06,0xb3,0x0c,0x7d,0xe3,0x37,0x81,0xa1,0x51,0xff,0xc4,0xc7,0x02,0x9c,0x16,0xe4,0x63,0xc1,0xff,0xc0,0x67,
    0x96,0xc0,0x75,0x86,0x1b,0xe0,0x59,0x48,0x73,0x01,0x0c,0x66,0x19,0x5c,0xe7,0x6f,0x82,0xe1,0x86,0x78,0x16,0xce,0x5c,0x00,
    0x83,0x59,0x06,0xd0,0x09,0x9d,0xc0,0x44,0xa8,0x8d,0xe4,0x63,0x81,0x1b,0xc1,0x67,0xc4,0xe0,0x00,0x40,0x10,0x0c,0x22,0x90,
    0x17,0x4c,0x5d,0x08,0x62,0x5c,0x18,0x31,0x38,0x00,0x10,0x04,0x83,0x28,0xe4,0x05,0x53,0x17,0x82,0x18,0x17,0x66,0x09,0x5c,
    0x67,0xb8,0xc1,0x9e,0x05,0x34,0x17,0xc0,0x60,0x96,0x41,0x74,0x46,0x27,0xb0,0x13,0x92,0x23,0xf9,0x58,0x30,0x47,0xf0,0x19,
    0x31,0x38,0x00,0x10,0x04,0x83,0xa8,0xe4,0x85,0x55,0x17,0x02,0x1b,0x17,0x46,0x0c,0x0e,0x00,0x04,0xc1,0x20,0x32,0x79,0x61,
    0xd5,0x85,0xc0,0xc6,0x85,0x59,0x02,0xd7,0x19,0x6e,0xd8,0x67,0x01,0xce,0x05,0x30,0x98,0x65,0x20,0x9d,0xd2,0x09,0x0c,0xc7,
    0x85,0x3b,0x8a,0x8f,0xb5,0x50,0x20,0x1f,0x0b,0xf2,0x08,0x3e,0x23,0x06,0x07,0x00,0x82,0x60,0x10,0xad,0xbc,0x10,0xeb,0x42,
    0xc0,0xe3,0xc2,0x88,0xc1,0x01,0x80,0x20,0x18,0x44,0x2c,0x2f,0xc4,0xba,0x10,0xf0,0xb8,0x30,0x4b,0xe0,0x3a,0xc3,0x0d,0x21,
    0x2d,0x94,0xba,0x00,0x06,0xb3,0x0c,0xa6,0x73,0x3a,0x81,0xf9,0xb8,0xd0,0x47,0xf1,0xb1,0x19,0x0a,0xe4,0x63,0xc1,0x1f,0xc1,
    0x67,0xc4,0xe0,0x00,0x40,0x10,0x0c,0xa2,0x98,0x17,0x6e,0x5d,0x08,0xc4,0x5c,0x18,0x31,0x38,0x00,0x10,0x04,0x83,0x48,0xe6,
    0x85,0x5b,0x17,0x02,0x31,0x17,0x66,0x09,0x5c,0xa7,0x70,0x5a,0xf0,0x73,0x41,0x87,0x1b,0x82,0x5a,0x17,0xc0,0x60,0x96,0xc1,
    0x75,0x50,0x27,0x18,0x6e,0x48,0x69,0xc1,0xd5,0x05,0x30,0x98,0x65,0x48,0x1d,0xd5,0x09,0xec,0x86,0xd0,0x5c,0x80,0x8f,0xdd,
    0x50,0x9a,0x0b,0xf0,0xb1,0x1b,0x52,0x73,0x01,0x3e,0x56,0x4a,0x6b,0x2e,0xc0,0xc7,0x4a,0x89,0xcd,0x05,0xf8,0x58,0x29,0xb5,
    0xb9,0x00,0x9f,0x11,0x83,0x05,0x00,0x41,0x30,0x08,0x83,0x9a,0x17,0xce,0x5d,0x18,0x84,0xc0,0x28,0x08,0x0b,0xe8,0x5c,0x90,
    0xcf,0x88,0xc1,0x01,0x80,0x20,0x18,0x44,0x3e,0x2f,0x90,0xbb,0x10,0xbc,0xb9,0x30,0x62,0x70,0x00,0x20,0x08,0x06,0xd1,0xcf,
    0x0b,0xe4,0x2e,0x04,0x6f,0x2e,0xcc,0x12,0xb8,0xce,0x70,0x03,0x4d,0x0b,0xec,0x2e,0x80,0xc1,0x2c,0xc3,0xea,0xb0,0x4e,0x60,
    0x65,0x04,0x4b,0xf2,0x31,0x18,0x0a,0xe0,0x33,0x62,0x70,0x00,0x20,0x08,0x06,0xd1,0xd8,0x0b,0xe9,0x2e,0x04,0x74,0x2e,0x8c,
    0x18,0x1c,0x00,0x08,0x82,0x41,0x44,0xf6,0x42,0xba,0x0b,0x01,0x9d,0x0b,0xb3,0x04,0xae,0x33,0xdc,0x90,0xd3,0x82,0xaa,0x0b,
    0x60,0x30,0xcb,0xd0,0x3a,0xae,0x13,0x18,0x0d,0xd5,0x92,0x7c,0xec,0xce,0x85,0x1a,0x8a,0x8f,0x05,0x6c,0x24,0x1f,0x0b,0x06,
    0xf8,0x8c,0x18,0x1c,0x00,0x08,0x82,0x41,0xa4,0xf6,0x02,0xbc,0x0b,0xc1,0x9e,0x0b,0x23,0x06,0x07,0x00,0x82,0x60,0x10,0xad,
    0xbd,0x00,0xef,0x42,0xb0,0xe7,0xc2,0x2c,0x81,0xeb,0x0c,0x54,0x07,0x03,0x6e,0x94,0x8d,0x6b,0x9c,0x0d,0x69,0xa4,0x0d,0x5f,
    0xac,0x8d,0x5c,0xb4,0x8d,0x59,0xbc,0x8d,0x4f,0xc4,0x8d,0x4c,0xcc,0x8d,0x4a,0xd4,0x8d,0x48,0xdc,0x8d,0x3d,0xe4,0x8d,0x3a,
    0xec,0x8d,0x38,0xf4,0x8d,0x2d,0x80,0x0e,0x2b,0x88,0x0e,0x28,0x90,0x0e,0x1d,0x98,0x8e,0x96,0x3a,0xd0,0xea,0x08,0xad,0xc3,
    0x86,0x41,0xd8,0xd8,0x65,0x20,0x36,0xe0,0x18,0x8c,0x8d,0x5d,0x06,0x7e,0xc3,0x86,0xc1,0xe9,0xd0,0x6c,0xc1,0x3a,0xc3,0x0d,
    0x71,0x2d,0x98,0xbb,0x00,0x06,0xd3,0x0d,0xf3,0x20,0x04,0xd3,0x0d,0xb0,0x2d,0xdc,0x03,0x5a,0x0b,0xd3,0x0d,0xb0,0x2d,0xdc,
    0x43,0x5a,0x0b,0xd3,0x0d,0xb0,0x2d,0xdc,0x83,0x5a,0x0b,0xd3,0x0d,0xb0,0x2d,0x10,0x6b,0x2d,0x4c,0x37,0xec,0x03,0x6c,0x0b,
    0x6c,0x2d,0x4c,0x37,0xec,0x03,0x6c,0x0b,0x6d,0x2d,0x4c,0x37,0xec,0x03,0x6c,0x0b,0x6e,0x2d,0x4c,0x37,0x20,0xb0,0x2d,0xbc,
    0xb5,0x50,0x2e,0x2d,0x80,0xbd,0x80,0x15,0xb8,0xbd,0xa0,0xc6,0xda,0xc2,0xdb,0x0b,0x30,0x18,0x6e,0x08,0xdc,0x5e,0x40,0x83,
    0x59,0x86,0xe0,0x75,0x82,0x81,0x8e,0x01,0x6f,0x0b,0x01,0x6f,0x8b,0x00,0x73,0x9d,0x81,0x8e,0x01,0x6f,0x0b,0x01,0x6f,0x8b,
    0x00,0x73,0x9d,0x81,0x8e,0x01,0x6f,0x0b,0x01,0x6f,0x8b,0x00,0x73,0x9d,0x81,0x8e,0x01,0x6f,0x0b,0x01,0x6f,0x8b,0x00,0x73,
    0x9d,0x59,0x86,0xd8,0x81,0x1d,0xf5,0x16,0x8c,0x20,0x6f,0x01,0x3e,0x46,0x90,0xb7,0x00,0x1f,0x23,0xc8,0x5b,0x80,0xcf,0x2c,
    0x41,0xec,0x0c,0x54,0x0c,0x06,0xec,0x38,0xaf,0x33,0x50,0x31,0x18,0xb0,0xe3,0xbc,0xce,0x40,0xc5,0x60,0xc0,0x8e,0xf3,0x3a,
    0xb3,0x0c,0xe1,0x23,0x3b,0xfa,0x2d,0x8c,0x18,0x1c,0x00,0x08,0x82,0x01,0x19,0xf4,0xbd,0x40,0xf2,0x02,0x9d,0x0b,0x79,0x2f,
    0x8c,0x26,0x04,0x80,0x25,0xe6,0x2e,0xc8,0x67,0xc4,0xc0,0x00,0x40,0x10,0x0c,0x1a,0xd5,0x17,0xda,0x5d,0x08,0x46,0x0c,0x0c,
    0x00,0x04,0xc1,0xa0,0x59,0x7d,0x81,0xe5,0x85,0xc1,0x02,0x75,0x17,0xe4,0x33,0x62,0x60,0x00,0x20,0x08,0x06,0x4d,0xeb,0x0b,
    0x2e,0x2f,0x04,0x16,0x0c,0xf0,0xa9,0x10,0x17,0xf4,0x5e,0xd0,0xe1,0x86,0x60,0xf4,0x05,0x30,0x98,0x65,0xf8,0x9d,0xd9,0x09,
    0x86,0x1b,0x44,0x5c,0x28,0x7d,0x01,0x0c,0x66,0x19,0x7e,0x87,0x76,0x82,0xe1,0x86,0x11,0x17,0x44,0x5f,0x00,0x83,0x59,0x86,
    0xda,0xb1,0x9d,0x60,0x38,0x22,0x29,0x88,0x6f,0x96,0xe0,0x77,0x86,0x1b,0x4a,0x5c,0x10,0x7d,0x01,0x0c,0x66,0x19,0x6e,0x07,
    0x77,0x82,0xe1,0x88,0xe5,0x08,0xbe,0x59,0x82,0xdf,0x19,0x6e,0x38,0x71,0x61,0xf4,0x05,0x30,0x98,0x65,0xc8,0x1d,0xdd,0x09,
    0x86,0x23,0x9a,0xa4,0xf8,0x66,0x09,0x7e,0x67,0xb8,0x21,0xc5,0x05,0xd2,0x17,0xc0,0x60,0x96,0x61,0x77,0x78,0x27,0x18,0x8e,
    0x78,0x16,0xe1,0x9b,0x25,0xf8,0x9d,0xe1,0x86,0x15,0x17,0x56,0x5f,0x00,0x83,0x59,0x86,0xde,0xf1,0x9d,0x60,0x38,0x22,0x6a,
    0x9c,0x6f,0x96,0xe0,0x77,0x86,0x23,0x24,0x67,0xf8,0x86,0x1b,0x5c,0x5c,0x40,0x7d,0x21,0x0c,0x2a,0x10,0x76,0x96,0xe0,0x77,
    0x06,0x8a,0x14,0xac,0x76,0xa8,0xdb,0x81,0x72,0x87,0xd9,0x1d,0xa4,0x77,0xd0,0xbd,0x90,0x1d,0x73,0x2f,0x66,0x47,0xf0,0x9d,
    0x59,0x86,0xf0,0x01,0x9f,0x60,0xc4,0xc0,0x00,0x40,0x10,0x0c,0x96,0xf0,0x17,0xe6,0x5e,0xa8,0x7b,0x61,0x96,0x20,0x7c,0x66,
    0x19,0xd2,0x47,0x7c,0x5e,0x5c,0x18,0x6e,0x68,0x71,0x61,0xf6,0x05,0x30,0x98,0x65,0x40,0x9f,0xf1,0x09,0x8c,0xd5,0x85,0x55,
    0x17,0xe8,0x33,0x62,0x70,0x00,0x20,0x08,0x06,0x64,0x80,0xfb,0xc2,0xcf,0x0b,0xaf,0x2e,0xb0,0xbe,0x30,0x9a,0x10,0x00,0xa3,
    0x09,0x42,0x30,0x9a,0x30,0x08,0xc3,0x0d,0x33,0x2e,0xe8,0xbe,0x00,0x06,0xb3,0x0c,0xe4,0x53,0x3e,0x81,0x09,0x86,0x7c,0x2c,
    0x18,0x79,0x41,0x3e,0x23,0x06,0x06,0x00,0x82,0x60,0xd0,0xa4,0xbf,0xf0,0xf3,0x42,0x30,0x62,0x70,0x00,0x20,0x08,0x06,0x11,
    0xfa,0x0b,0x6e,0x2f,0x04,0xf9,0x2e,0x8c,0x18,0x1c,0x00,0x08,0x82,0x41,0x94,0xfe,0x82,0xdb,0x0b,0x41,0xbe,0x0b,0xb3,0x04,
    0xe8,0x33,0xdc,0x90,0xe3,0x02,0xef,0x0b,0x60,0x30,0xcb,0x60,0x3e,0xe7,0x13,0x18,0xc2,0xc8,0xc7,0x82,0x40,0x3e,0x16,0xa8,
    0xbc,0x20,0x9f,0x11,0x03,0x03,0x00,0x41,0x30,0x68,0xe0,0x5f,0x30,0x7b,0x21,0x18,0x31,0x38,0x00,0x10,0x04,0x83,0xe8,0xfd,
    0x85,0xba,0x17,0x02,0x90,0x17,0x46,0x0c,0x0e,0x00,0x04,0xc1,0x20,0x82,0x7f,0xa1,0xee,0x85,0x00,0xe4,0x85,0x59,0x02,0xf4,
    0xb1,0x07,0x8a,0xcf,0x88,0x81,0x01,0x80,0x20,0x18,0x34,0xf4,0x2f,0x94,0xbf,0x10,0x0c,0x47,0x04,0x29,0x2f,0x10,0xdf,0x70,
    0xc4,0x50,0xf2,0x02,0xf1,0x4d,0x37,0xb8,0xbc,0xb0,0xf2,0x42,0x30,0xdd,0x10,0x14,0x83,0x55,0x58,0x7c,0x2c,0x10,0xe8,0x33,
    0x62,0x70,0x00,0x20,0x08,0x06,0x51,0xfe,0x0b,0x7f,0x2f,0x04,0x2a,0x2f,0x8c,0x18,0x1c,0x00,0x08,0x82,0x41,0xa4,0xff,0xc2,
    0xdf,0x0b,0x81,0xca,0x0b,0xb3,0x04,0xe8,0x33,0x50,0x32,0x90,0x01,0xf9,0x58,0xe6,0x23,0x9c,0x0f,0x6a,0x17,0xe2,0x33,0x62,
    0x70,0x00,0x20,0x08,0x06,0x64,0x40,0xff,0xc2,0xde,0x0b,0xeb,0x2e,0x9c,0xbf,0x30,0x9a,0x10,0x00,0xa3,0x09,0x42,0x30,0x9a,
    0x30,0x08,0xe6,0x07,0x43,0x7c,0xcc,0x0f,0x86,0xf8,0x98,0x1f,0x0c,0xf1,0xb1,0x01,0x91,0x8f,0x0d,0x89,0x7c,0x6c,0x50,0xe4,
    0x63,0x43,0x02,0x1f,0x1b,0x12,0xf8,0xd8,0x90,0xc0,0x67,0x96,0x20,0x7d,0x06,0x2a,0x06,0x03,0x7d,0x5c,0x22,0x7c,0x06,0x2a,
    0x06,0x03,0x7d,0x5c,0x22,0x7c,0x06,0x2a,0x06,0x03,0x7d,0x5c,0x22,0x7c,0x46,0x0c,0x0e,0x00,0x04,0xc1,0x20,0x62,0xc1,0x41,
    0xf6,0x85,0xa1,0xe7,0x85,0x11,0x83,0x03,0x00,0x41,0x30,0x88,0x5a,0x70,0x98,0x7d,0x61,0xf0,0x79,0x61,0xc4,0xe0,0x00,0x40,
    0x10,0x0c,0x22,0x17,0x1c,0x68,0x5f,0x18,0x7e,0x5e,0x18,0x31,0x38,0x00,0x10,0x04,0x83,0xe8,0x05,0x87,0xda,0x17,0x62,0x01,
    0xec,0x85,0x11,0x83,0x03,0x00,0x41,0x30,0x88,0x60,0x70,0xa8,0x7d,0x81,0x00,0x7b,0x61,0xc4,0xe0,0x00,0x40,0x10,0x0c,0xa2,
    0x18,0x1c,0x6c,0x5f,0x20,0xc2,0x5e,0x18,0x31,0x38,0x00,0x10,0x04,0x83,0x48,0x06,0x87,0xdb,0x17,0x08,0xb1,0x17,0x46,0x0c,
    0x0e,0x00,0x04,0xc1,0x20,0x9a,0xc1,0x01,0xf7,0x05,0x62,0xec,0x85,0x11,0x83,0x04,0x00,0x41,0x30,0x40,0x70,0x70,0x10,0xc1,
    0x21,0x05,0x87,0x14,0x1c,0xec,0x5f,0x20,0x46,0x0c,0x12,0x00,0x04,0xc1,0x00,0xc1,0xc1,0x41,0x04,0x87,0x14,0x1c,0x52,0x70,
    0xa0,0x7f,0x61,0x18,0x31,0x48,0x00,0x10,0x04,0x03,0x04,0x07,0x07,0x11,0x1c,0x52,0x70,0x48,0xc1,0xa1,0xfe,0x05,0x61,0xc4,
    0x20,0x01,0x40,0x10,0x0c,0x10,0x1c,0x1c,0x44,0x70,0x48,0xc1,0x21,0x05,0x07,0xfc,0x17,0x02,0x04,0x00,0x00,0x00,0x00,0x00,
};
