// Generated by compile_native_shaders.py. Native payload; never a bgfx container.
static const unsigned char s_sdl_dxil_fs_ff_stage_native[] = {
    0x44,0x58,0x42,0x43,0xaa,0xa1,0x2a,0xd2,0x30,0xe7,0xe6,0xfd,0x33,0x99,0x5f,0x28,0xb0,0x92,0x04,0xbe,0x01,0x00,0x00,0x00,
    0x9c,0x52,0x00,0x00,0x07,0x00,0x00,0x00,0x3c,0x00,0x00,0x00,0x4c,0x00,0x00,0x00,0x54,0x02,0x00,0x00,0x90,0x02,0x00,0x00,
    0xa8,0x08,0x00,0x00,0x30,0x17,0x00,0x00,0x4c,0x17,0x00,0x00,0x53,0x46,0x49,0x30,0x08,0x00,0x00,0x00,0x00,0x00,0x00,0x00,
    0x00,0x00,0x00,0x00,0x49,0x53,0x47,0x31,0x00,0x02,0x00,0x00,0x0f,0x00,0x00,0x00,0x08,0x00,0x00,0x00,0x00,0x00,0x00,0x00,
    0xe8,0x01,0x00,0x00,0x00,0x00,0x00,0x00,0x01,0x00,0x00,0x00,0x03,0x00,0x00,0x00,0x00,0x00,0x00,0x00,0x0f,0x08,0x00,0x00,
    0x00,0x00,0x00,0x00,0x00,0x00,0x00,0x00,0xf4,0x01,0x00,0x00,0x00,0x00,0x00,0x00,0x00,0x00,0x00,0x00,0x03,0x00,0x00,0x00,
    0x01,0x00,0x00,0x00,0x0f,0x0f,0x00,0x00,0x00,0x00,0x00,0x00,0x00,0x00,0x00,0x00,0xf4,0x01,0x00,0x00,0x01,0x00,0x00,0x00,
    0x00,0x00,0x00,0x00,0x03,0x00,0x00,0x00,0x02,0x00,0x00,0x00,0x0f,0x0f,0x00,0x00,0x00,0x00,0x00,0x00,0x00,0x00,0x00,0x00,
    0xf4,0x01,0x00,0x00,0x02,0x00,0x00,0x00,0x00,0x00,0x00,0x00,0x03,0x00,0x00,0x00,0x03,0x00,0x00,0x00,0x0f,0x0f,0x00,0x00,
    0x00,0x00,0x00,0x00,0x00,0x00,0x00,0x00,0xf4,0x01,0x00,0x00,0x03,0x00,0x00,0x00,0x00,0x00,0x00,0x00,0x03,0x00,0x00,0x00,
    0x04,0x00,0x00,0x00,0x0f,0x0f,0x00,0x00,0x00,0x00,0x00,0x00,0x00,0x00,0x00,0x00,0xf4,0x01,0x00,0x00,0x04,0x00,0x00,0x00,
    0x00,0x00,0x00,0x00,0x03,0x00,0x00,0x00,0x05,0x00,0x00,0x00,0x0f,0x0f,0x00,0x00,0x00,0x00,0x00,0x00,0x00,0x00,0x00,0x00,
    0xf4,0x01,0x00,0x00,0x05,0x00,0x00,0x00,0x00,0x00,0x00,0x00,0x03,0x00,0x00,0x00,0x06,0x00,0x00,0x00,0x0f,0x0f,0x00,0x00,
    0x00,0x00,0x00,0x00,0x00,0x00,0x00,0x00,0xf4,0x01,0x00,0x00,0x06,0x00,0x00,0x00,0x00,0x00,0x00,0x00,0x03,0x00,0x00,0x00,
    0x07,0x00,0x00,0x00,0x0f,0x0f,0x00,0x00,0x00,0x00,0x00,0x00,0x00,0x00,0x00,0x00,0xf4,0x01,0x00,0x00,0x07,0x00,0x00,0x00,
    0x00,0x00,0x00,0x00,0x03,0x00,0x00,0x00,0x08,0x00,0x00,0x00,0x0f,0x0f,0x00,0x00,0x00,0x00,0x00,0x00,0x00,0x00,0x00,0x00,
    0xf4,0x01,0x00,0x00,0x08,0x00,0x00,0x00,0x00,0x00,0x00,0x00,0x03,0x00,0x00,0x00,0x09,0x00,0x00,0x00,0x0f,0x0f,0x00,0x00,
    0x00,0x00,0x00,0x00,0x00,0x00,0x00,0x00,0xf4,0x01,0x00,0x00,0x09,0x00,0x00,0x00,0x00,0x00,0x00,0x00,0x03,0x00,0x00,0x00,
    0x0a,0x00,0x00,0x00,0x0f,0x0f,0x00,0x00,0x00,0x00,0x00,0x00,0x00,0x00,0x00,0x00,0xf4,0x01,0x00,0x00,0x0a,0x00,0x00,0x00,
    0x00,0x00,0x00,0x00,0x03,0x00,0x00,0x00,0x0b,0x00,0x00,0x00,0x0f,0x0f,0x00,0x00,0x00,0x00,0x00,0x00,0x00,0x00,0x00,0x00,
    0xf4,0x01,0x00,0x00,0x0b,0x00,0x00,0x00,0x00,0x00,0x00,0x00,0x03,0x00,0x00,0x00,0x0c,0x00,0x00,0x00,0x0f,0x0f,0x00,0x00,
    0x00,0x00,0x00,0x00,0x00,0x00,0x00,0x00,0xf4,0x01,0x00,0x00,0x0c,0x00,0x00,0x00,0x00,0x00,0x00,0x00,0x03,0x00,0x00,0x00,
    0x0d,0x00,0x00,0x00,0x0f,0x0d,0x00,0x00,0x00,0x00,0x00,0x00,0x00,0x00,0x00,0x00,0xf4,0x01,0x00,0x00,0x0d,0x00,0x00,0x00,
    0x00,0x00,0x00,0x00,0x03,0x00,0x00,0x00,0x0e,0x00,0x00,0x00,0x03,0x03,0x00,0x00,0x00,0x00,0x00,0x00,0x53,0x56,0x5f,0x50,
    0x6f,0x73,0x69,0x74,0x69,0x6f,0x6e,0x00,0x54,0x45,0x58,0x43,0x4f,0x4f,0x52,0x44,0x00,0x00,0x00,0x00,0x4f,0x53,0x47,0x31,
    0x34,0x00,0x00,0x00,0x01,0x00,0x00,0x00,0x08,0x00,0x00,0x00,0x00,0x00,0x00,0x00,0x28,0x00,0x00,0x00,0x00,0x00,0x00,0x00,
    0x40,0x00,0x00,0x00,0x03,0x00,0x00,0x00,0x00,0x00,0x00,0x00,0x0f,0x00,0x00,0x00,0x00,0x00,0x00,0x00,0x53,0x56,0x5f,0x54,
    0x61,0x72,0x67,0x65,0x74,0x00,0x00,0x00,0x50,0x53,0x56,0x30,0x10,0x06,0x00,0x00,0x34,0x00,0x00,0x00,0x00,0x00,0x00,0x00,
    0x00,0x00,0x00,0x00,0x00,0x00,0x00,0x00,0x00,0x00,0x00,0x00,0x00,0x00,0x00,0x00,0xff,0xff,0xff,0xff,0x00,0x00,0x00,0x00,
    0x0f,0x01,0x00,0x0f,0x01,0x00,0x00,0x00,0x00,0x00,0x00,0x00,0x00,0x00,0x00,0x00,0x00,0x00,0x00,0x00,0x7f,0x00,0x00,0x00,
    0x21,0x00,0x00,0x00,0x18,0x00,0x00,0x00,0x02,0x00,0x00,0x00,0x03,0x00,0x00,0x00,0x00,0x00,0x00,0x00,0x00,0x00,0x00,0x00,
    0x0d,0x00,0x00,0x00,0x00,0x00,0x00,0x00,0x01,0x00,0x00,0x00,0x02,0x00,0x00,0x00,0x00,0x00,0x00,0x00,0x00,0x00,0x00,0x00,
    0x0e,0x00,0x00,0x00,0x00,0x00,0x00,0x00,0x01,0x00,0x00,0x00,0x02,0x00,0x00,0x00,0x01,0x00,0x00,0x00,0x01,0x00,0x00,0x00,
    0x0e,0x00,0x00,0x00,0x00,0x00,0x00,0x00,0x01,0x00,0x00,0x00,0x02,0x00,0x00,0x00,0x02,0x00,0x00,0x00,0x02,0x00,0x00,0x00,
    0x0e,0x00,0x00,0x00,0x00,0x00,0x00,0x00,0x01,0x00,0x00,0x00,0x02,0x00,0x00,0x00,0x03,0x00,0x00,0x00,0x03,0x00,0x00,0x00,
    0x0e,0x00,0x00,0x00,0x00,0x00,0x00,0x00,0x01,0x00,0x00,0x00,0x02,0x00,0x00,0x00,0x04,0x00,0x00,0x00,0x04,0x00,0x00,0x00,
    0x0e,0x00,0x00,0x00,0x00,0x00,0x00,0x00,0x01,0x00,0x00,0x00,0x02,0x00,0x00,0x00,0x05,0x00,0x00,0x00,0x05,0x00,0x00,0x00,
    0x0e,0x00,0x00,0x00,0x00,0x00,0x00,0x00,0x01,0x00,0x00,0x00,0x02,0x00,0x00,0x00,0x06,0x00,0x00,0x00,0x06,0x00,0x00,0x00,
    0x0e,0x00,0x00,0x00,0x00,0x00,0x00,0x00,0x01,0x00,0x00,0x00,0x02,0x00,0x00,0x00,0x07,0x00,0x00,0x00,0x07,0x00,0x00,0x00,
    0x0e,0x00,0x00,0x00,0x00,0x00,0x00,0x00,0x01,0x00,0x00,0x00,0x02,0x00,0x00,0x00,0x08,0x00,0x00,0x00,0x08,0x00,0x00,0x00,
    0x0e,0x00,0x00,0x00,0x00,0x00,0x00,0x00,0x01,0x00,0x00,0x00,0x02,0x00,0x00,0x00,0x09,0x00,0x00,0x00,0x09,0x00,0x00,0x00,
    0x0e,0x00,0x00,0x00,0x00,0x00,0x00,0x00,0x01,0x00,0x00,0x00,0x02,0x00,0x00,0x00,0x0a,0x00,0x00,0x00,0x0a,0x00,0x00,0x00,
    0x0e,0x00,0x00,0x00,0x00,0x00,0x00,0x00,0x01,0x00,0x00,0x00,0x02,0x00,0x00,0x00,0x0b,0x00,0x00,0x00,0x0b,0x00,0x00,0x00,
    0x0e,0x00,0x00,0x00,0x00,0x00,0x00,0x00,0x01,0x00,0x00,0x00,0x02,0x00,0x00,0x00,0x0c,0x00,0x00,0x00,0x0c,0x00,0x00,0x00,
    0x0e,0x00,0x00,0x00,0x00,0x00,0x00,0x00,0x01,0x00,0x00,0x00,0x02,0x00,0x00,0x00,0x0d,0x00,0x00,0x00,0x0d,0x00,0x00,0x00,
    0x0e,0x00,0x00,0x00,0x00,0x00,0x00,0x00,0x01,0x00,0x00,0x00,0x02,0x00,0x00,0x00,0x0e,0x00,0x00,0x00,0x0e,0x00,0x00,0x00,
    0x0e,0x00,0x00,0x00,0x00,0x00,0x00,0x00,0x01,0x00,0x00,0x00,0x02,0x00,0x00,0x00,0x0f,0x00,0x00,0x00,0x0f,0x00,0x00,0x00,
    0x0e,0x00,0x00,0x00,0x00,0x00,0x00,0x00,0x03,0x00,0x00,0x00,0x02,0x00,0x00,0x00,0x00,0x00,0x00,0x00,0x00,0x00,0x00,0x00,
    0x02,0x00,0x00,0x00,0x00,0x00,0x00,0x00,0x03,0x00,0x00,0x00,0x02,0x00,0x00,0x00,0x01,0x00,0x00,0x00,0x01,0x00,0x00,0x00,
    0x02,0x00,0x00,0x00,0x00,0x00,0x00,0x00,0x03,0x00,0x00,0x00,0x02,0x00,0x00,0x00,0x02,0x00,0x00,0x00,0x02,0x00,0x00,0x00,
    0x02,0x00,0x00,0x00,0x00,0x00,0x00,0x00,0x03,0x00,0x00,0x00,0x02,0x00,0x00,0x00,0x03,0x00,0x00,0x00,0x03,0x00,0x00,0x00,
    0x02,0x00,0x00,0x00,0x00,0x00,0x00,0x00,0x03,0x00,0x00,0x00,0x02,0x00,0x00,0x00,0x04,0x00,0x00,0x00,0x04,0x00,0x00,0x00,
    0x02,0x00,0x00,0x00,0x00,0x00,0x00,0x00,0x03,0x00,0x00,0x00,0x02,0x00,0x00,0x00,0x05,0x00,0x00,0x00,0x05,0x00,0x00,0x00,
    0x02,0x00,0x00,0x00,0x00,0x00,0x00,0x00,0x03,0x00,0x00,0x00,0x02,0x00,0x00,0x00,0x06,0x00,0x00,0x00,0x06,0x00,0x00,0x00,
    0x02,0x00,0x00,0x00,0x00,0x00,0x00,0x00,0x03,0x00,0x00,0x00,0x02,0x00,0x00,0x00,0x07,0x00,0x00,0x00,0x07,0x00,0x00,0x00,
    0x02,0x00,0x00,0x00,0x00,0x00,0x00,0x00,0x03,0x00,0x00,0x00,0x02,0x00,0x00,0x00,0x08,0x00,0x00,0x00,0x08,0x00,0x00,0x00,
    0x05,0x00,0x00,0x00,0x00,0x00,0x00,0x00,0x03,0x00,0x00,0x00,0x02,0x00,0x00,0x00,0x09,0x00,0x00,0x00,0x09,0x00,0x00,0x00,
    0x05,0x00,0x00,0x00,0x00,0x00,0x00,0x00,0x03,0x00,0x00,0x00,0x02,0x00,0x00,0x00,0x0a,0x00,0x00,0x00,0x0a,0x00,0x00,0x00,
    0x05,0x00,0x00,0x00,0x00,0x00,0x00,0x00,0x03,0x00,0x00,0x00,0x02,0x00,0x00,0x00,0x0b,0x00,0x00,0x00,0x0b,0x00,0x00,0x00,
    0x05,0x00,0x00,0x00,0x00,0x00,0x00,0x00,0x03,0x00,0x00,0x00,0x02,0x00,0x00,0x00,0x0c,0x00,0x00,0x00,0x0c,0x00,0x00,0x00,
    0x04,0x00,0x00,0x00,0x00,0x00,0x00,0x00,0x03,0x00,0x00,0x00,0x02,0x00,0x00,0x00,0x0d,0x00,0x00,0x00,0x0d,0x00,0x00,0x00,
    0x04,0x00,0x00,0x00,0x00,0x00,0x00,0x00,0x03,0x00,0x00,0x00,0x02,0x00,0x00,0x00,0x0e,0x00,0x00,0x00,0x0e,0x00,0x00,0x00,
    0x04,0x00,0x00,0x00,0x00,0x00,0x00,0x00,0x03,0x00,0x00,0x00,0x02,0x00,0x00,0x00,0x0f,0x00,0x00,0x00,0x0f,0x00,0x00,0x00,
    0x04,0x00,0x00,0x00,0x00,0x00,0x00,0x00,0x84,0x00,0x00,0x00,0x00,0x54,0x45,0x58,0x43,0x4f,0x4f,0x52,0x44,0x00,0x54,0x45,
    0x58,0x43,0x4f,0x4f,0x52,0x44,0x00,0x54,0x45,0x58,0x43,0x4f,0x4f,0x52,0x44,0x00,0x54,0x45,0x58,0x43,0x4f,0x4f,0x52,0x44,
    0x00,0x54,0x45,0x58,0x43,0x4f,0x4f,0x52,0x44,0x00,0x54,0x45,0x58,0x43,0x4f,0x4f,0x52,0x44,0x00,0x54,0x45,0x58,0x43,0x4f,
    0x4f,0x52,0x44,0x00,0x54,0x45,0x58,0x43,0x4f,0x4f,0x52,0x44,0x00,0x54,0x45,0x58,0x43,0x4f,0x4f,0x52,0x44,0x00,0x54,0x45,
    0x58,0x43,0x4f,0x4f,0x52,0x44,0x00,0x54,0x45,0x58,0x43,0x4f,0x4f,0x52,0x44,0x00,0x54,0x45,0x58,0x43,0x4f,0x4f,0x52,0x44,
    0x00,0x54,0x45,0x58,0x43,0x4f,0x4f,0x52,0x44,0x00,0x54,0x45,0x58,0x43,0x4f,0x4f,0x52,0x44,0x00,0x6d,0x61,0x69,0x6e,0x00,
    0x0e,0x00,0x00,0x00,0x00,0x00,0x00,0x00,0x01,0x00,0x00,0x00,0x02,0x00,0x00,0x00,0x03,0x00,0x00,0x00,0x04,0x00,0x00,0x00,
    0x05,0x00,0x00,0x00,0x06,0x00,0x00,0x00,0x07,0x00,0x00,0x00,0x08,0x00,0x00,0x00,0x09,0x00,0x00,0x00,0x0a,0x00,0x00,0x00,
    0x0b,0x00,0x00,0x00,0x0c,0x00,0x00,0x00,0x0d,0x00,0x00,0x00,0x10,0x00,0x00,0x00,0x00,0x00,0x00,0x00,0x00,0x00,0x00,0x00,
    0x01,0x00,0x44,0x03,0x03,0x04,0x00,0x00,0x01,0x00,0x00,0x00,0x00,0x00,0x00,0x00,0x01,0x01,0x44,0x00,0x03,0x02,0x00,0x00,
    0x0a,0x00,0x00,0x00,0x01,0x00,0x00,0x00,0x01,0x02,0x44,0x00,0x03,0x02,0x00,0x00,0x13,0x00,0x00,0x00,0x02,0x00,0x00,0x00,
    0x01,0x03,0x44,0x00,0x03,0x01,0x00,0x00,0x1c,0x00,0x00,0x00,0x03,0x00,0x00,0x00,0x01,0x04,0x44,0x00,0x03,0x01,0x00,0x00,
    0x25,0x00,0x00,0x00,0x04,0x00,0x00,0x00,0x01,0x05,0x44,0x00,0x03,0x02,0x00,0x00,0x2e,0x00,0x00,0x00,0x05,0x00,0x00,0x00,
    0x01,0x06,0x44,0x00,0x03,0x02,0x00,0x00,0x37,0x00,0x00,0x00,0x06,0x00,0x00,0x00,0x01,0x07,0x44,0x00,0x03,0x02,0x00,0x00,
    0x40,0x00,0x00,0x00,0x07,0x00,0x00,0x00,0x01,0x08,0x44,0x00,0x03,0x02,0x00,0x00,0x49,0x00,0x00,0x00,0x08,0x00,0x00,0x00,
    0x01,0x09,0x44,0x00,0x03,0x02,0x00,0x00,0x52,0x00,0x00,0x00,0x09,0x00,0x00,0x00,0x01,0x0a,0x44,0x00,0x03,0x02,0x00,0x00,
    0x5b,0x00,0x00,0x00,0x0a,0x00,0x00,0x00,0x01,0x0b,0x44,0x00,0x03,0x02,0x00,0x00,0x64,0x00,0x00,0x00,0x0b,0x00,0x00,0x00,
    0x01,0x0c,0x44,0x00,0x03,0x02,0x00,0x00,0x6d,0x00,0x00,0x00,0x0c,0x00,0x00,0x00,0x01,0x0d,0x44,0x00,0x03,0x02,0x00,0x00,
    0x76,0x00,0x00,0x00,0x0d,0x00,0x00,0x00,0x01,0x0e,0x42,0x00,0x03,0x02,0x00,0x00,0x00,0x00,0x00,0x00,0x00,0x00,0x00,0x00,
    0x01,0x00,0x44,0x10,0x03,0x00,0x00,0x00,0x00,0x00,0x00,0x00,0x00,0x00,0x00,0x00,0x00,0x00,0x00,0x00,0x08,0x00,0x00,0x00,
    0x0f,0x00,0x00,0x00,0x0f,0x00,0x00,0x00,0x0f,0x00,0x00,0x00,0x0f,0x00,0x00,0x00,0x0f,0x00,0x00,0x00,0x0f,0x00,0x00,0x00,
    0x0f,0x00,0x00,0x00,0x0f,0x00,0x00,0x00,0x0f,0x00,0x00,0x00,0x0f,0x00,0x00,0x00,0x0f,0x00,0x00,0x00,0x0f,0x00,0x00,0x00,
    0x0f,0x00,0x00,0x00,0x0f,0x00,0x00,0x00,0x0f,0x00,0x00,0x00,0x0f,0x00,0x00,0x00,0x0f,0x00,0x00,0x00,0x0f,0x00,0x00,0x00,
    0x0f,0x00,0x00,0x00,0x0f,0x00,0x00,0x00,0x0f,0x00,0x00,0x00,0x0f,0x00,0x00,0x00,0x0f,0x00,0x00,0x00,0x0f,0x00,0x00,0x00,
    0x0f,0x00,0x00,0x00,0x0f,0x00,0x00,0x00,0x0f,0x00,0x00,0x00,0x0f,0x00,0x00,0x00,0x0f,0x00,0x00,0x00,0x0f,0x00,0x00,0x00,
    0x0f,0x00,0x00,0x00,0x0f,0x00,0x00,0x00,0x0f,0x00,0x00,0x00,0x0f,0x00,0x00,0x00,0x0f,0x00,0x00,0x00,0x0f,0x00,0x00,0x00,
    0x0f,0x00,0x00,0x00,0x0f,0x00,0x00,0x00,0x0f,0x00,0x00,0x00,0x0f,0x00,0x00,0x00,0x0f,0x00,0x00,0x00,0x0f,0x00,0x00,0x00,
    0x0f,0x00,0x00,0x00,0x0f,0x00,0x00,0x00,0x0f,0x00,0x00,0x00,0x0f,0x00,0x00,0x00,0x0f,0x00,0x00,0x00,0x0f,0x00,0x00,0x00,
    0x0f,0x00,0x00,0x00,0x00,0x00,0x00,0x00,0x07,0x00,0x00,0x00,0x07,0x00,0x00,0x00,0x08,0x00,0x00,0x00,0x08,0x00,0x00,0x00,
    0x00,0x00,0x00,0x00,0x00,0x00,0x00,0x00,0x53,0x54,0x41,0x54,0x80,0x0e,0x00,0x00,0x60,0x00,0x00,0x00,0xa0,0x03,0x00,0x00,
    0x44,0x58,0x49,0x4c,0x00,0x01,0x00,0x00,0x10,0x00,0x00,0x00,0x68,0x0e,0x00,0x00,0x42,0x43,0xc0,0xde,0x21,0x0c,0x00,0x00,
    0x97,0x03,0x00,0x00,0x0b,0x82,0x20,0x00,0x02,0x00,0x00,0x00,0x13,0x00,0x00,0x00,0x07,0x81,0x23,0x91,0x41,0xc8,0x04,0x49,
    0x06,0x10,0x32,0x39,0x92,0x01,0x84,0x0c,0x25,0x05,0x08,0x19,0x1e,0x04,0x8b,0x62,0x80,0x18,0x45,0x02,0x42,0x92,0x0b,0x42,
    0xc4,0x10,0x32,0x14,0x38,0x08,0x18,0x4b,0x0a,0x32,0x62,0x88,0x48,0x90,0x14,0x20,0x43,0x46,0x88,0xa5,0x00,0x19,0x32,0x42,
    0xe4,0x48,0x0e,0x90,0x11,0x23,0xc4,0x50,0x41,0x51,0x81,0x8c,0xe1,0x83,0xe5,0x8a,0x04,0x31,0x46,0x06,0x51,0x18,0x00,0x00,
    0x08,0x00,0x00,0x00,0x1b,0x8c,0xe0,0xff,0xff,0xff,0xff,0x07,0x40,0x02,0xa8,0x0d,0x84,0xf0,0xff,0xff,0xff,0xff,0x03,0x20,
    0x6d,0x30,0x86,0xff,0xff,0xff,0xff,0x1f,0x00,0x09,0xa8,0x00,0x49,0x18,0x00,0x00,0x03,0x00,0x00,0x00,0x13,0x82,0x60,0x42,
    0x20,0x4c,0x08,0x06,0x00,0x00,0x00,0x00,0x89,0x20,0x00,0x00,0x89,0x00,0x00,0x00,0x32,0x22,0x88,0x09,0x20,0x64,0x85,0x04,
    0x13,0x23,0xa4,0x84,0x04,0x13,0x23,0xe3,0x84,0xa1,0x90,0x14,0x12,0x4c,0x8c,0x8c,0x0b,0x84,0xc4,0x4c,0x10,0xc4,0xc1,0x08,
    0x40,0x09,0x00,0x0a,0x66,0x00,0xe6,0x08,0xc0,0x60,0x8e,0x00,0x29,0xc6,0x40,0x10,0x44,0x41,0x90,0x51,0x0c,0x80,0x20,0x88,
    0x62,0x20,0x64,0x8e,0x20,0x28,0x03,0x40,0x28,0xb4,0x14,0x62,0x20,0x86,0x81,0x9a,0x32,0x0c,0xc4,0x40,0x4f,0x31,0x06,0x62,
    0x18,0x86,0x81,0xa2,0x9b,0x86,0xcb,0x9f,0xb0,0x87,0x90,0xfc,0x95,0x90,0x56,0x62,0xf2,0x8b,0xdb,0x46,0xc5,0x30,0x0c,0x03,
    0x41,0xc5,0x3d,0xc3,0xe5,0x4f,0xd8,0x43,0x48,0x7e,0x08,0x34,0xc3,0x42,0xa0,0x80,0x2a,0xcd,0x44,0x54,0xd5,0x30,0x0c,0x03,
    0x41,0x10,0xc3,0x40,0x56,0x41,0x06,0x62,0x18,0x86,0x61,0x18,0x08,0x3b,0x6a,0xb8,0xfc,0x09,0x7b,0x08,0xc9,0xe7,0x36,0xaa,
    0x58,0x89,0xc9,0x2f,0x6e,0x1b,0x11,0xc3,0x30,0x0c,0x85,0xd0,0x88,0x8a,0xa0,0xad,0x18,0x15,0x51,0x10,0x84,0x42,0xdd,0x40,
    0xc0,0x30,0x02,0x31,0xcc,0xd4,0x06,0xe3,0xc0,0x0e,0xe1,0x30,0x0f,0xf3,0xe0,0x06,0xb4,0x50,0x0e,0xf8,0x40,0x0f,0xf5,0x20,
    0x0f,0xe5,0x20,0x07,0xa4,0xc0,0x07,0xf6,0x50,0x0e,0xe3,0x40,0x0f,0xef,0x20,0x0f,0x7c,0x60,0x0e,0xec,0xf0,0x0e,0xe1,0x40,
    0x0f,0x6c,0x00,0x06,0x74,0xe0,0x07,0x60,0xe0,0x07,0x7a,0xa0,0x07,0xed,0x90,0x0e,0xf0,0x30,0x0f,0xbf,0x40,0x0f,0xf9,0x00,
    0x0f,0xe5,0x80,0x02,0x62,0x26,0x31,0x18,0x07,0x76,0x08,0x87,0x79,0x98,0x07,0x37,0xa0,0x85,0x72,0xc0,0x07,0x7a,0xa8,0x07,
    0x79,0x28,0x07,0x39,0x20,0x05,0x3e,0xb0,0x87,0x72,0x18,0x07,0x7a,0x78,0x07,0x79,0xe0,0x03,0x73,0x60,0x87,0x77,0x08,0x07,
    0x7a,0x60,0x03,0x30,0xa0,0x03,0x3f,0x00,0x03,0x3f,0x40,0x02,0x18,0x92,0x38,0x13,0x19,0x8c,0x03,0x3b,0x84,0xc3,0x3c,0xcc,
    0x83,0x1b,0xd0,0x42,0x39,0xe0,0x03,0x3d,0xd4,0x83,0x3c,0x94,0xc3,0x28,0xd4,0x83,0x38,0x94,0x03,0x1f,0xd8,0x43,0x39,0x8c,
    0x03,0x3d,0xbc,0x83,0x3c,0xf0,0x81,0x39,0xb0,0xc3,0x3b,0x84,0x03,0x3d,0xb0,0x01,0x18,0xd0,0x81,0x1f,0x80,0x81,0x1f,0xa0,
    0x00,0x24,0x72,0xa6,0x36,0x18,0x07,0x76,0x08,0x87,0x79,0x98,0x07,0x37,0xa0,0x85,0x72,0xc0,0x07,0x7a,0xa8,0x07,0x79,0x28,
    0x87,0x39,0x20,0x05,0x3e,0xb0,0x87,0x72,0x18,0x07,0x7a,0x78,0x07,0x79,0xe0,0x03,0x73,0x60,0x87,0x77,0x08,0x07,0x7a,0x60,
    0x03,0x30,0xa0,0x03,0x3f,0x00,0x03,0x3f,0xd0,0x03,0x3d,0x68,0x87,0x74,0x80,0x87,0x79,0xf8,0x05,0x7a,0xc8,0x07,0x78,0x28,
    0x07,0x14,0x10,0x33,0x89,0xc1,0x38,0xb0,0x43,0x38,0xcc,0xc3,0x3c,0xb8,0x01,0x2d,0x94,0x03,0x3e,0xd0,0x43,0x3d,0xc8,0x43,
    0x39,0xcc,0x01,0x29,0xf0,0x81,0x3d,0x94,0xc3,0x38,0xd0,0xc3,0x3b,0xc8,0x03,0x1f,0x98,0x03,0x3b,0xbc,0x43,0x38,0xd0,0x03,
    0x1b,0x80,0x01,0x1d,0xf8,0x01,0x18,0xf8,0x01,0x12,0x40,0x93,0xce,0xa4,0x00,0x13,0x02,0xcc,0x02,0xf0,0x14,0x8e,0xfc,0x22,
    0xc0,0x60,0x88,0x66,0x42,0x46,0xaa,0xaa,0xab,0xaa,0x12,0x7b,0x93,0x34,0x45,0x94,0x30,0xf9,0x2c,0xc0,0x3c,0x0b,0x11,0xb1,
    0x13,0x30,0x11,0x28,0x20,0xc8,0x4d,0x1e,0x02,0x00,0x00,0x00,0x13,0x14,0x72,0xc0,0x87,0x74,0x60,0x87,0x36,0x68,0x87,0x79,
    0x68,0x03,0x72,0xc0,0x87,0x0d,0xaf,0x50,0x0e,0x6d,0xd0,0x0e,0x7a,0x50,0x0e,0x6d,0x00,0x0f,0x7a,0x30,0x07,0x72,0xa0,0x07,
    0x73,0x20,0x07,0x6d,0x90,0x0e,0x71,0xa0,0x07,0x73,0x20,0x07,0x6d,0x90,0x0e,0x78,0xa0,0x07,0x73,0x20,0x07,0x6d,0x90,0x0e,
    0x71,0x60,0x07,0x7a,0x30,0x07,0x72,0xd0,0x06,0xe9,0x30,0x07,0x72,0xa0,0x07,0x73,0x20,0x07,0x6d,0x90,0x0e,0x76,0x40,0x07,
    0x7a,0x60,0x07,0x74,0xd0,0x06,0xe6,0x10,0x07,0x76,0xa0,0x07,0x73,0x20,0x07,0x6d,0x60,0x0e,0x73,0x20,0x07,0x7a,0x30,0x07,
    0x72,0xd0,0x06,0xe6,0x60,0x07,0x74,0xa0,0x07,0x76,0x40,0x07,0x6d,0xe0,0x0e,0x78,0xa0,0x07,0x71,0x60,0x07,0x7a,0x30,0x07,
    0x72,0xa0,0x07,0x76,0x40,0x07,0x43,0x9e,0x00,0x08,0x00,0x00,0x00,0x00,0x00,0x00,0x00,0x00,0x00,0x86,0x3c,0x06,0x10,0x00,
    0x01,0x00,0x00,0x00,0x00,0x00,0x00,0x00,0x0c,0x79,0x10,0x20,0x00,0x04,0x00,0x00,0x00,0x00,0x00,0x00,0x00,0x18,0xf2,0x2c,
    0x40,0x00,0x08,0x00,0x00,0x00,0x00,0x00,0x00,0x00,0x30,0xe4,0x69,0x80,0x00,0x08,0x00,0x00,0x00,0x00,0x00,0x00,0x00,0x60,
    0xc8,0xf3,0x00,0x01,0x10,0x00,0x00,0x00,0x00,0x00,0x00,0x00,0xc0,0x90,0x27,0x02,0x02,0x20,0x00,0x00,0x00,0x00,0x00,0x00,
    0x00,0x80,0x21,0x8f,0x05,0x04,0xc0,0x00,0x00,0x00,0x00,0x00,0x00,0x00,0x00,0x43,0x1e,0x0c,0x08,0x80,0x00,0x00,0x00,0x00,
    0x00,0x00,0x00,0x00,0x86,0x3c,0x1b,0x10,0x00,0x03,0x00,0x00,0x00,0x00,0x00,0x00,0x00,0x0c,0x79,0x3a,0x20,0x00,0x06,0x00,
    0x00,0x00,0x00,0x00,0x00,0x00,0xc8,0x02,0x01,0x00,0x00,0x00,0x27,0x00,0x00,0x00,0x32,0x1e,0x98,0x18,0x19,0x11,0x4c,0x90,
    0x8c,0x09,0x26,0x47,0xc6,0x04,0x43,0x22,0x4a,0x60,0x04,0xa0,0x18,0x8a,0xa0,0x24,0xca,0xa0,0x10,0x4a,0xa1,0x1c,0x0a,0xa2,
    0x28,0xca,0xa2,0x30,0x4a,0xa3,0x38,0xca,0xa3,0x40,0x2d,0x0a,0xb0,0xa0,0x00,0x13,0x0a,0xb0,0xa1,0x40,0x1d,0x0a,0x54,0xa2,
    0x8c,0x05,0x0a,0x18,0xa3,0x0c,0x07,0x8a,0xad,0x40,0xca,0x30,0x80,0x8a,0x92,0x28,0x83,0x42,0x18,0x01,0x28,0x82,0x12,0x28,
    0x10,0x52,0x6a,0x80,0xc6,0x19,0x00,0x2a,0x67,0x00,0x08,0x9d,0x01,0x20,0x76,0x06,0x80,0xda,0x19,0x00,0x7a,0x67,0x00,0x08,
    0x1e,0x8b,0x0f,0xf4,0x80,0x00,0x00,0x00,0x79,0x9e,0xe7,0x79,0x9e,0xe7,0x79,0x9e,0xe7,0x79,0x9e,0xe7,0x79,0x9e,0xe7,0x79,
    0x9e,0xe7,0x79,0x9e,0xe7,0x79,0x9e,0xe7,0x79,0x9e,0xe7,0x79,0x9e,0xe7,0x79,0x9e,0xe7,0x79,0x9e,0xe7,0x79,0x80,0xe3,0x40,
    0x10,0x00,0x00,0x00,0x79,0x18,0x00,0x00,0xf6,0x01,0x00,0x00,0x1a,0x03,0x4c,0x90,0x46,0x02,0x13,0xc4,0x31,0x20,0xc3,0x1b,
    0x43,0x81,0x93,0x4b,0xb3,0x0b,0xa3,0x2b,0x4b,0x01,0x89,0x71,0xc1,0x71,0x81,0x71,0xa1,0xb9,0x99,0xc9,0x01,0x41,0x21,0xcb,
    0x09,0xab,0x29,0xcb,0xb9,0x21,0x83,0x49,0xd9,0x10,0x04,0x13,0x04,0x62,0x99,0x20,0x10,0xcc,0x06,0x61,0x20,0x36,0x08,0x04,
    0x41,0x01,0x6e,0x6e,0x82,0x40,0x34,0x1b,0x86,0x03,0x21,0x26,0x08,0x63,0xf0,0x06,0x54,0xe6,0xbe,0xe8,0xca,0xf0,0xe8,0xea,
    0xe4,0xca,0x60,0x26,0x08,0x84,0x33,0x41,0x20,0x9e,0x0d,0x02,0xd1,0x6c,0x48,0x08,0x65,0x61,0x88,0x81,0x21,0x1c,0x2a,0x73,
    0x5f,0x74,0x65,0x78,0x74,0x75,0x72,0x65,0x31,0x1b,0x92,0x41,0x81,0x98,0x61,0x60,0x08,0x87,0xca,0xdc,0x17,0x5d,0x19,0x1e,
    0x5d,0x9d,0x5c,0x99,0xcc,0x86,0x84,0x51,0x24,0x86,0x19,0x18,0xc2,0x99,0x20,0x10,0x10,0x95,0xb9,0x2f,0xba,0x32,0x3c,0xba,
    0x3a,0xb9,0xb2,0x99,0x0d,0x09,0xa5,0x54,0x0c,0x35,0x30,0x84,0x33,0x41,0x20,0x22,0x2a,0x73,0x5f,0x74,0x65,0x78,0x74,0x75,
    0x72,0x65,0x34,0x1b,0x92,0x4b,0xc1,0x98,0x6b,0x60,0x08,0x67,0x82,0x40,0x48,0x54,0xe6,0xbe,0xe8,0xca,0xf0,0xe8,0xea,0xe4,
    0xca,0x6a,0x36,0x24,0x9a,0xb2,0x31,0xda,0xc0,0x10,0x0e,0x95,0xb9,0x2f,0xba,0x32,0x3c,0xba,0x3a,0xb9,0x32,0x9b,0x0d,0x09,
    0xa2,0x74,0x0c,0x32,0x30,0x84,0x33,0x41,0x20,0x26,0x2a,0x73,0x5f,0x74,0x65,0x78,0x74,0x75,0x72,0x65,0x37,0x1b,0x92,0x4f,
    0x01,0x03,0xe6,0x1b,0x18,0xc2,0x99,0x20,0x10,0xd4,0x04,0xa1,0x0c,0xe0,0x80,0xce,0xdc,0x17,0x5d,0x19,0x1e,0x5d,0x9d,0x5c,
    0xd9,0x50,0x9d,0x58,0x19,0xcc,0x86,0x44,0x0c,0xc6,0x80,0x0c,0x18,0x31,0x18,0x34,0xc2,0xa1,0x33,0xf7,0x45,0x57,0x86,0x47,
    0x57,0x27,0x57,0x36,0x54,0x27,0x56,0x16,0xb3,0x21,0x69,0xc6,0xc0,0x0c,0x98,0x66,0xd0,0x08,0x67,0x82,0x40,0x54,0x74,0xe6,
    0xbe,0xe8,0xca,0xf0,0xe8,0xea,0xe4,0xca,0x86,0xea,0xc4,0xca,0x64,0x36,0x24,0x68,0x30,0x06,0x69,0xc0,0xa0,0xc1,0xa0,0x11,
    0xce,0x04,0x81,0xb0,0xe8,0xcc,0x7d,0xd1,0x95,0xe1,0xd1,0xd5,0xc9,0x95,0x0d,0xd5,0x89,0x95,0xcd,0x6c,0x48,0xd6,0x60,0x0c,
    0xd8,0x80,0x59,0x83,0x41,0x23,0x9c,0x09,0x02,0x71,0x4d,0x10,0xd0,0x20,0x0e,0x08,0xcd,0x7d,0xd1,0x95,0xe1,0xd1,0xd5,0xc9,
    0x95,0x59,0xbd,0xb1,0xd5,0xb5,0x95,0xc1,0x6c,0x48,0xdc,0xe0,0x0d,0xe0,0x80,0x71,0x83,0xe1,0x22,0x9c,0x09,0x02,0x81,0x11,
    0x9a,0xfb,0xa2,0x2b,0xc3,0xa3,0xab,0x93,0x2b,0xb3,0x7a,0x63,0xab,0x6b,0x2b,0x8b,0xd9,0x90,0xc8,0xc1,0x1b,0xcc,0x01,0x23,
    0x07,0xc3,0x45,0x38,0x13,0x04,0x22,0x23,0x34,0xf7,0x45,0x57,0x86,0x47,0x57,0x27,0x57,0x66,0xf5,0xc6,0x56,0xd7,0x56,0x26,
    0xb3,0x21,0xa9,0x83,0x37,0xb0,0x03,0xa6,0x0e,0x86,0x8b,0x70,0x26,0x08,0x84,0x46,0x68,0xee,0x8b,0xae,0x0c,0x8f,0xae,0x4e,
    0xae,0xcc,0xea,0x8d,0xad,0xae,0xad,0x6c,0x66,0x43,0x82,0x07,0x6f,0x90,0x07,0x0c,0x1e,0x0c,0x17,0xe1,0x6c,0x80,0x9e,0x68,
    0xb2,0x32,0xce,0x0b,0x83,0x32,0x38,0x03,0x35,0x68,0x83,0x38,0xa0,0x83,0x3b,0xd0,0x83,0x09,0x42,0x1b,0xcc,0x01,0x95,0xa1,
    0x25,0x23,0xb9,0xb0,0xb3,0xb6,0x32,0x37,0xba,0x09,0x02,0xb1,0x6d,0x40,0x08,0x3e,0xe8,0x03,0x8a,0x18,0xfc,0x00,0xd8,0x10,
    0xfc,0xc1,0x04,0xe1,0x0d,0xe8,0x80,0xd1,0xdc,0x17,0x5d,0x19,0x1e,0x5d,0x9d,0x5c,0x19,0xcc,0x54,0x58,0x1b,0x1c,0x5b,0x99,
    0xdc,0x06,0x84,0x08,0x05,0x51,0x60,0x88,0x81,0x00,0x18,0xcd,0x7d,0xd1,0x95,0xe1,0xd1,0xd5,0xc9,0x95,0xc5,0x4c,0x85,0xb5,
    0xc1,0xb1,0x95,0xc9,0x6d,0x40,0x86,0x50,0x20,0x05,0x66,0x18,0x08,0x80,0xd1,0xdc,0x17,0x5d,0x19,0x1e,0x5d,0x9d,0x5c,0x99,
    0xcc,0x54,0x58,0x1b,0x1c,0x5b,0x99,0xdc,0x06,0x84,0x09,0x05,0x53,0x60,0x98,0x81,0x00,0x18,0xcd,0x7d,0xd1,0x95,0xe1,0xd1,
    0xd5,0xc9,0x95,0xcd,0x4c,0x85,0xb5,0xc1,0xb1,0x95,0xc9,0x6d,0x40,0xa8,0x50,0x40,0x05,0x86,0x1a,0x08,0x80,0xd1,0xdc,0x17,
    0x5d,0x19,0x1e,0x5d,0x9d,0x5c,0x19,0xcd,0x54,0x58,0x1b,0x1c,0x5b,0x99,0xdc,0x06,0xe4,0x0a,0x05,0x55,0x60,0xae,0x81,0x00,
    0x18,0xcd,0x7d,0xd1,0x95,0xe1,0xd1,0xd5,0xc9,0x95,0xd5,0x4c,0x85,0xb5,0xc1,0xb1,0x95,0xc9,0x6d,0x40,0xb4,0x50,0x60,0x05,
    0x46,0x1b,0x08,0x80,0xd1,0xdc,0x17,0x5d,0x19,0x1e,0x5d,0x9d,0x5c,0x99,0xcd,0x54,0x58,0x1b,0x1c,0x5b,0x99,0xdc,0x06,0x04,
    0x09,0x05,0x57,0x60,0x90,0x81,0x00,0x18,0xcd,0x7d,0xd1,0x95,0xe1,0xd1,0xd5,0xc9,0x95,0xdd,0x4c,0x85,0xb5,0xc1,0xb1,0x95,
    0xc9,0x6d,0x40,0xbe,0x50,0x80,0x05,0xe6,0x1b,0x08,0x80,0xd5,0xdc,0x17,0x5d,0x19,0x1e,0x5d,0x9d,0x5c,0xd9,0x50,0x9d,0x58,
    0x19,0xcc,0x54,0x58,0x1b,0x1c,0x5b,0x99,0xdc,0x06,0x44,0x0c,0x42,0x41,0x16,0x18,0x31,0x18,0x08,0x80,0xd5,0xdc,0x17,0x5d,
    0x19,0x1e,0x5d,0x9d,0x5c,0xd9,0x50,0x9d,0x58,0x59,0xcc,0x54,0x58,0x1b,0x1c,0x5b,0x99,0xdc,0x06,0xa4,0x09,0x05,0x5a,0x60,
    0x9a,0x81,0x00,0x58,0xcd,0x7d,0xd1,0x95,0xe1,0xd1,0xd5,0xc9,0x95,0x0d,0xd5,0x89,0x95,0xc9,0x4c,0x85,0xb5,0xc1,0xb1,0x95,
    0xc9,0x6d,0x40,0xd0,0x20,0x14,0x6c,0x81,0x41,0x83,0x81,0x00,0x58,0xcd,0x7d,0xd1,0x95,0xe1,0xd1,0xd5,0xc9,0x95,0x0d,0xd5,
    0x89,0x95,0xcd,0x4c,0x85,0xb5,0xc1,0xb1,0x95,0xc9,0x6d,0x40,0xd6,0x20,0x14,0x70,0x81,0x59,0x83,0x81,0x00,0x78,0xcd,0x7d,
    0xd1,0x95,0xe1,0xd1,0xd5,0xc9,0x95,0x59,0xbd,0xb1,0xd5,0xb5,0x95,0xc1,0x4c,0x85,0xb5,0xc1,0xb1,0x95,0xc9,0x6d,0x40,0xdc,
    0x20,0x14,0x74,0x81,0x71,0x83,0x81,0x00,0x78,0xcd,0x7d,0xd1,0x95,0xe1,0xd1,0xd5,0xc9,0x95,0x59,0xbd,0xb1,0xd5,0xb5,0x95,
    0xc5,0x4c,0x85,0xb5,0xc1,0xb1,0x95,0xc9,0x6d,0x40,0xe4,0x20,0x14,0x78,0x81,0x91,0x83,0x81,0x00,0x78,0xcd,0x7d,0xd1,0x95,
    0xe1,0xd1,0xd5,0xc9,0x95,0x59,0xbd,0xb1,0xd5,0xb5,0x95,0xc9,0x4c,0x85,0xb5,0xc1,0xb1,0x95,0xc9,0x6d,0x40,0xea,0x20,0x14,
    0x7c,0x81,0xa9,0x83,0x81,0x00,0x78,0xcd,0x7d,0xd1,0x95,0xe1,0xd1,0xd5,0xc9,0x95,0x59,0xbd,0xb1,0xd5,0xb5,0x95,0xcd,0x4c,
    0x85,0xb5,0xc1,0xb1,0x95,0xc9,0x6d,0x40,0xf0,0x20,0x14,0xc0,0x81,0xc1,0x83,0x81,0x00,0x36,0x40,0xa3,0x50,0x0a,0xa7,0x90,
    0x0a,0xab,0xd0,0x0a,0xaf,0x10,0x0b,0xb3,0x50,0x0b,0xb7,0x90,0x0b,0xbb,0xd0,0x0b,0xbf,0x10,0x0e,0x1b,0x88,0x3d,0x00,0x40,
    0x41,0x1c,0x26,0x08,0x6c,0x20,0x07,0x74,0xea,0xbe,0xcc,0xcc,0x88,0xe4,0xc2,0xee,0xa0,0xc2,0xe4,0xc2,0xda,0xe6,0x26,0x08,
    0x8a,0x1b,0x6c,0x50,0x90,0x72,0xa0,0x88,0xaf,0x69,0xcc,0x41,0x0e,0x2e,0x26,0x75,0x5f,0x62,0x75,0x6d,0x70,0x45,0x6e,0x76,
    0x13,0x04,0x82,0xdb,0xa0,0x20,0xe8,0x40,0xa5,0xc3,0xd7,0x34,0xe6,0x20,0x07,0x17,0x9b,0xba,0xaf,0x39,0xba,0xb0,0xb3,0x32,
    0xa8,0x30,0xb9,0xb0,0xb6,0xb9,0x09,0x02,0xd1,0x6d,0x50,0x90,0x75,0xa0,0xd8,0xe1,0x6b,0x1a,0x73,0x90,0x83,0x8b,0x4b,0xdd,
    0x97,0x99,0x19,0x94,0xdc,0xdb,0x99,0x5c,0x58,0xdb,0x04,0x81,0xf0,0x36,0x28,0x88,0x3b,0x50,0xef,0xf0,0x35,0x8d,0x39,0xc8,
    0xc1,0x45,0x67,0x6c,0xed,0x4b,0xec,0x4d,0x8e,0xac,0x4c,0x6e,0xe8,0x8d,0xed,0x4d,0x6e,0x82,0x40,0x7c,0x1b,0x10,0x24,0x1e,
    0x28,0x79,0xf8,0x1a,0x39,0xb8,0xe8,0x8c,0xad,0x7d,0xcd,0x85,0xb5,0xc1,0xb1,0x95,0xc9,0x25,0xb9,0x99,0xbd,0x4d,0x10,0x08,
    0x30,0xd8,0x80,0x20,0xf4,0x40,0xd5,0xc3,0xd7,0xc8,0xc1,0xb5,0xe1,0xf0,0x83,0x73,0x50,0x87,0x76,0x80,0x87,0x79,0xb0,0x87,
    0x0d,0x03,0x41,0x0e,0xf7,0x30,0x41,0x10,0x80,0x0d,0xc0,0x86,0x81,0xd0,0x07,0x7d,0xd8,0x10,0xec,0xc3,0x86,0x61,0xc8,0x07,
    0x7e,0x98,0x20,0xc0,0x41,0x1d,0x6c,0x08,0xfc,0x81,0x44,0x5b,0x58,0x9a,0x1b,0x97,0x29,0xab,0x2f,0xa8,0xb7,0xb9,0x34,0xba,
    0xb4,0x37,0xb7,0x09,0x42,0x71,0x06,0x13,0x84,0x02,0x0d,0x36,0x04,0xc4,0x04,0xa1,0x48,0x83,0x09,0x42,0xa1,0x06,0x1b,0x04,
    0x4a,0x0c,0x36,0x2c,0x44,0x48,0x88,0xc4,0x48,0x90,0x44,0x49,0x0c,0x25,0x41,0x98,0xc4,0x49,0x10,0xa1,0x2a,0xc2,0x1a,0x7a,
    0x7a,0x92,0x22,0x9a,0x20,0x14,0x6b,0xb0,0x41,0xa0,0xf0,0x60,0xc3,0x32,0xa4,0x84,0x48,0x98,0x04,0x49,0xa8,0xc4,0x50,0x12,
    0x83,0x49,0xac,0xc4,0x86,0x60,0xd8,0xb0,0x30,0x29,0x21,0x12,0x26,0xd1,0x12,0x2a,0x31,0x94,0x04,0x63,0x12,0x2b,0xb1,0x21,
    0x60,0x26,0x08,0x05,0x1b,0x6c,0x58,0xa8,0x94,0x10,0x09,0x93,0x78,0x09,0x98,0x18,0x4a,0x82,0x32,0x89,0x95,0xd8,0x10,0x50,
    0x1b,0x96,0x2b,0x25,0x44,0xc2,0x24,0x64,0x02,0x26,0x86,0x92,0xb8,0x4c,0x62,0x25,0x36,0x04,0xd7,0x86,0x45,0x4b,0x09,0x91,
    0x30,0x09,0x9a,0x50,0x89,0xa1,0x24,0x34,0x93,0x58,0x89,0x0d,0x81,0xb6,0x61,0x41,0x52,0x42,0x24,0x4c,0xc2,0x26,0x54,0x62,
    0x28,0x09,0xc4,0x24,0x56,0x62,0x43,0x80,0x6c,0x58,0xbe,0x94,0x10,0x09,0x93,0xc0,0x09,0x95,0x18,0x4a,0xe2,0x33,0x89,0x95,
    0xd8,0x10,0x7c,0x1b,0x16,0x31,0x48,0x09,0x91,0x30,0x09,0x9d,0x50,0x89,0xa1,0x24,0xc4,0xc0,0x24,0x56,0x62,0x43,0x20,0x06,
    0x1b,0x96,0x26,0x25,0x44,0xc2,0x24,0x78,0x42,0x25,0x86,0x92,0x68,0x4c,0x62,0x25,0x36,0x04,0xcd,0x86,0x05,0x0d,0x52,0x42,
    0x24,0x4c,0xc2,0x27,0x54,0x62,0x28,0x09,0x34,0x30,0x89,0x95,0xd8,0x10,0xa0,0xc1,0x86,0x65,0x0d,0x52,0x42,0x24,0x4c,0x02,
    0x2c,0x54,0x62,0x28,0x89,0x35,0x30,0x89,0x95,0xd8,0x10,0xac,0xc1,0x86,0xc5,0x0d,0x52,0x42,0x24,0x4c,0x42,0x2c,0x54,0x62,
    0x28,0x09,0x37,0x30,0x89,0x95,0xd8,0x10,0xb8,0xc1,0x06,0x81,0x92,0x83,0x0d,0x8b,0x1c,0xa4,0x84,0x48,0x98,0x04,0x59,0xa8,
    0xc4,0x50,0x12,0x72,0x60,0x12,0x65,0xb1,0x21,0x90,0x83,0x0d,0x02,0x45,0x6d,0x58,0xea,0x20,0x25,0x44,0xc2,0x24,0xce,0x42,
    0x25,0x06,0x95,0xa8,0x03,0x93,0x40,0x8b,0x0d,0x0f,0x4a,0xb0,0x84,0x4b,0xc4,0xc4,0x4c,0xd4,0xc4,0x4d,0xe4,0xc4,0x4e,0xf4,
    0xc4,0x4f,0x84,0xc5,0x58,0x98,0x45,0x5a,0x30,0x99,0xb2,0xfa,0xa2,0x0a,0x93,0x3b,0x2b,0xa3,0x9b,0x20,0x14,0x6d,0xb0,0x61,
    0x21,0xd6,0x42,0x24,0xd8,0x82,0x24,0x4c,0x62,0x28,0x09,0xc2,0x24,0x56,0x62,0x43,0xd0,0x16,0x1b,0x06,0xb5,0x70,0x0b,0x60,
    0x43,0x91,0x0f,0x20,0xf1,0x16,0xe3,0x00,0x10,0x11,0x93,0x0b,0x73,0x1b,0x43,0x2b,0x9b,0x9b,0x20,0x10,0x61,0x40,0xc3,0x8c,
    0xed,0x2d,0x8c,0x6e,0x8e,0x45,0x9a,0xdb,0x1c,0xdd,0xdc,0x04,0x81,0x10,0x03,0x12,0x69,0x6e,0x74,0x73,0x13,0x04,0x62,0x0c,
    0x68,0xcc,0xa5,0x9d,0x7d,0xb1,0x91,0x4d,0x10,0x08,0x32,0xa0,0x31,0x97,0x76,0xf6,0x35,0x47,0x47,0x84,0xae,0x0c,0xef,0x4b,
    0x2c,0x2d,0x6c,0x6e,0x82,0x40,0x94,0x01,0x8b,0xba,0x34,0x37,0xba,0xb9,0x09,0x02,0x61,0x06,0x1b,0xa0,0xb8,0x90,0x8b,0xb9,
    0x60,0x07,0xba,0xa8,0x0b,0xbb,0xb8,0x0b,0xbc,0xc8,0x0b,0xbd,0xb8,0xf6,0x82,0x2f,0xfa,0xc2,0x2f,0xaa,0xb0,0xb1,0xd9,0xb5,
    0xb9,0xa4,0x91,0x95,0xb9,0xd1,0x4d,0x09,0x82,0x2a,0x64,0x78,0x2e,0x76,0x65,0x72,0x73,0x69,0x6f,0x6e,0x53,0x02,0xa2,0x09,
    0x19,0x9e,0x8b,0x5d,0x18,0x9b,0x5d,0x99,0xdc,0x94,0xa0,0xa8,0x43,0x86,0xe7,0x32,0x87,0x16,0x46,0x56,0x26,0xd7,0xf4,0x46,
    0x56,0xc6,0x36,0x25,0x40,0xca,0x90,0xe1,0xb9,0xc8,0x95,0xcd,0xbd,0xd5,0xc9,0x8d,0x95,0xcd,0x4d,0x09,0xc4,0xa1,0x12,0x19,
    0x9e,0x0b,0x5d,0x1e,0x5c,0x59,0x90,0x9b,0xdb,0x1b,0x5d,0x18,0x5d,0xda,0x9b,0xdb,0xdc,0x14,0xe1,0x1e,0xf8,0xa1,0x0e,0x19,
    0x9e,0x8b,0x5d,0x5a,0xd9,0x5d,0x12,0xd9,0x14,0x5d,0x18,0x5d,0xd9,0x94,0xc0,0x1f,0xea,0x90,0xe1,0xb9,0x94,0xb9,0xd1,0xc9,
    0xe5,0x41,0xbd,0xa5,0xb9,0xd1,0xcd,0x4d,0x09,0xde,0xa2,0x0b,0x19,0x9e,0xcb,0xd8,0x5b,0x9d,0x1b,0x5d,0x99,0xdc,0xdc,0x94,
    0xc0,0x2f,0x00,0x00,0x79,0x18,0x00,0x00,0x51,0x00,0x00,0x00,0x33,0x08,0x80,0x1c,0xc4,0xe1,0x1c,0x66,0x14,0x01,0x3d,0x88,
    0x43,0x38,0x84,0xc3,0x8c,0x42,0x80,0x07,0x79,0x78,0x07,0x73,0x98,0x71,0x0c,0xe6,0x00,0x0f,0xed,0x10,0x0e,0xf4,0x80,0x0e,
    0x33,0x0c,0x42,0x1e,0xc2,0xc1,0x1d,0xce,0xa1,0x1c,0x66,0x30,0x05,0x3d,0x88,0x43,0x38,0x84,0x83,0x1b,0xcc,0x03,0x3d,0xc8,
    0x43,0x3d,0x8c,0x03,0x3d,0xcc,0x78,0x8c,0x74,0x70,0x07,0x7b,0x08,0x07,0x79,0x48,0x87,0x70,0x70,0x07,0x7a,0x70,0x03,0x76,
    0x78,0x87,0x70,0x20,0x87,0x19,0xcc,0x11,0x0e,0xec,0x90,0x0e,0xe1,0x30,0x0f,0x6e,0x30,0x0f,0xe3,0xf0,0x0e,0xf0,0x50,0x0e,
    0x33,0x10,0xc4,0x1d,0xde,0x21,0x1c,0xd8,0x21,0x1d,0xc2,0x61,0x1e,0x66,0x30,0x89,0x3b,0xbc,0x83,0x3b,0xd0,0x43,0x39,0xb4,
    0x03,0x3c,0xbc,0x83,0x3c,0x84,0x03,0x3b,0xcc,0xf0,0x14,0x76,0x60,0x07,0x7b,0x68,0x07,0x37,0x68,0x87,0x72,0x68,0x07,0x37,
    0x80,0x87,0x70,0x90,0x87,0x70,0x60,0x07,0x76,0x28,0x07,0x76,0xf8,0x05,0x76,0x78,0x87,0x77,0x80,0x87,0x5f,0x08,0x87,0x71,
    0x18,0x87,0x72,0x98,0x87,0x79,0x98,0x81,0x2c,0xee,0xf0,0x0e,0xee,0xe0,0x0e,0xf5,0xc0,0x0e,0xec,0x30,0x03,0x62,0xc8,0xa1,
    0x1c,0xe4,0xa1,0x1c,0xcc,0xa1,0x1c,0xe4,0xa1,0x1c,0xdc,0x61,0x1c,0xca,0x21,0x1c,0xc4,0x81,0x1d,0xca,0x61,0x06,0xd6,0x90,
    0x43,0x39,0xc8,0x43,0x39,0x98,0x43,0x39,0xc8,0x43,0x39,0xb8,0xc3,0x38,0x94,0x43,0x38,0x88,0x03,0x3b,0x94,0xc3,0x2f,0xbc,
    0x83,0x3c,0xfc,0x82,0x3b,0xd4,0x03,0x3b,0xb0,0xc3,0x0c,0xc4,0x21,0x07,0x7c,0x70,0x03,0x7a,0x28,0x87,0x76,0x80,0x87,0x19,
    0xd1,0x43,0x0e,0xf8,0xe0,0x06,0xe4,0x20,0x0e,0xe7,0xe0,0x06,0xf6,0x10,0x0e,0xf2,0xc0,0x0e,0xe1,0x90,0x0f,0xef,0x50,0x0f,
    0xf4,0x30,0x83,0x81,0xc8,0x01,0x1f,0xdc,0x40,0x1c,0xe4,0xa1,0x1c,0xc2,0x61,0x1d,0xdc,0x40,0x1c,0xe4,0x01,0x00,0x00,0x00,
    0x71,0x20,0x00,0x00,0x29,0x00,0x00,0x00,0x46,0x00,0x0d,0x97,0xef,0x3c,0x7e,0x80,0x34,0x40,0x84,0xf9,0xc5,0x6d,0x5b,0xc2,
    0x36,0x5c,0xbe,0xf3,0xf8,0x42,0x40,0x15,0x05,0x11,0x95,0x0e,0x30,0x94,0x84,0x01,0x08,0x98,0x5f,0xdc,0xb6,0x29,0x48,0xc3,
    0xe5,0x3b,0x8f,0x2f,0x44,0x04,0x30,0x11,0x21,0xd0,0x0c,0x0b,0x61,0x03,0xcd,0x70,0xf9,0xce,0xe3,0x0f,0x88,0x24,0x00,0xd1,
    0x60,0x06,0xce,0x70,0xf9,0xce,0xe3,0x0f,0xce,0x64,0xfb,0xc5,0x6d,0x1b,0x82,0x33,0x5c,0xbe,0xf3,0xf8,0x83,0x33,0xdd,0x7e,
    0x71,0xdb,0x16,0x30,0x0d,0x97,0xef,0x3c,0xfe,0xe2,0x00,0x83,0xd8,0x3c,0xd4,0xe4,0x17,0xb7,0x6d,0x07,0xd4,0x70,0xf9,0xce,
    0xe3,0x4b,0x00,0xf3,0x2c,0xc4,0x86,0x00,0x92,0x5f,0xdc,0xb6,0x09,0x54,0xc3,0xe5,0x3b,0x8f,0x2f,0x4d,0x4e,0x44,0xa0,0xd4,
    0xf4,0x50,0x93,0x5f,0xdc,0xb6,0x15,0x3c,0xc3,0xe5,0x3b,0x8f,0x4f,0x35,0x40,0x84,0xf9,0xc5,0x6d,0x1b,0x00,0xc1,0x00,0x48,
    0x03,0x00,0x00,0x00,0x00,0x00,0x00,0x00,0x48,0x41,0x53,0x48,0x14,0x00,0x00,0x00,0x00,0x00,0x00,0x00,0x85,0x4e,0x55,0xd6,
    0xac,0x86,0xd6,0x10,0x98,0x12,0x49,0x56,0x20,0xdb,0xe9,0x08,0x44,0x58,0x49,0x4c,0x48,0x3b,0x00,0x00,0x60,0x00,0x00,0x00,
    0xd2,0x0e,0x00,0x00,0x44,0x58,0x49,0x4c,0x00,0x01,0x00,0x00,0x10,0x00,0x00,0x00,0x30,0x3b,0x00,0x00,0x42,0x43,0xc0,0xde,
    0x21,0x0c,0x00,0x00,0xc9,0x0e,0x00,0x00,0x0b,0x82,0x20,0x00,0x02,0x00,0x00,0x00,0x13,0x00,0x00,0x00,0x07,0x81,0x23,0x91,
    0x41,0xc8,0x04,0x49,0x06,0x10,0x32,0x39,0x92,0x01,0x84,0x0c,0x25,0x05,0x08,0x19,0x1e,0x04,0x8b,0x62,0x80,0x18,0x45,0x02,
    0x42,0x92,0x0b,0x42,0xc4,0x10,0x32,0x14,0x38,0x08,0x18,0x4b,0x0a,0x32,0x62,0x88,0x48,0x90,0x14,0x20,0x43,0x46,0x88,0xa5,
    0x00,0x19,0x32,0x42,0xe4,0x48,0x0e,0x90,0x11,0x23,0xc4,0x50,0x41,0x51,0x81,0x8c,0xe1,0x83,0xe5,0x8a,0x04,0x31,0x46,0x06,
    0x51,0x18,0x00,0x00,0x08,0x00,0x00,0x00,0x1b,0x8c,0xe0,0xff,0xff,0xff,0xff,0x07,0x40,0x02,0xa8,0x0d,0x84,0xf0,0xff,0xff,
    0xff,0xff,0x03,0x20,0x6d,0x30,0x86,0xff,0xff,0xff,0xff,0x1f,0x00,0x09,0xa8,0x00,0x49,0x18,0x00,0x00,0x03,0x00,0x00,0x00,
    0x13,0x82,0x60,0x42,0x20,0x4c,0x08,0x06,0x00,0x00,0x00,0x00,0x89,0x20,0x00,0x00,0x89,0x00,0x00,0x00,0x32,0x22,0x88,0x09,
    0x20,0x64,0x85,0x04,0x13,0x23,0xa4,0x84,0x04,0x13,0x23,0xe3,0x84,0xa1,0x90,0x14,0x12,0x4c,0x8c,0x8c,0x0b,0x84,0xc4,0x4c,
    0x10,0xc8,0xc1,0x08,0x40,0x09,0x00,0x0a,0x66,0x00,0xe6,0x08,0xc0,0x60,0x8e,0x00,0x29,0xc6,0x40,0x10,0x44,0x41,0x90,0x51,
    0x0c,0x80,0x20,0x88,0x62,0x20,0x64,0x8e,0x20,0x28,0x03,0x40,0x28,0xb4,0x14,0x62,0x20,0x86,0x81,0x9a,0x32,0x0c,0xc4,0x40,
    0x4f,0x31,0x06,0x62,0x18,0x86,0x81,0xa2,0x9b,0x86,0xcb,0x9f,0xb0,0x87,0x90,0xfc,0x95,0x90,0x56,0x62,0xf2,0x8b,0xdb,0x46,
    0xc5,0x30,0x0c,0x03,0x41,0xc5,0x3d,0xc3,0xe5,0x4f,0xd8,0x43,0x48,0x7e,0x08,0x34,0xc3,0x42,0xa0,0x80,0x2a,0xcd,0x44,0x54,
    0xd5,0x30,0x0c,0x03,0x41,0x10,0xc3,0x40,0x56,0x41,0x06,0x62,0x18,0x86,0x61,0x18,0x08,0x3b,0x6a,0xb8,0xfc,0x09,0x7b,0x08,
    0xc9,0xe7,0x36,0xaa,0x58,0x89,0xc9,0x2f,0x6e,0x1b,0x11,0xc3,0x30,0x0c,0x85,0xd0,0x88,0x8a,0xa0,0xad,0x18,0x15,0x51,0x10,
    0x84,0x42,0xdd,0x40,0xc0,0x30,0x02,0x31,0xcc,0xd4,0x06,0xe3,0xc0,0x0e,0xe1,0x30,0x0f,0xf3,0xe0,0x06,0xb4,0x50,0x0e,0xf8,
    0x40,0x0f,0xf5,0x20,0x0f,0xe5,0x20,0x07,0xa4,0xc0,0x07,0xf6,0x50,0x0e,0xe3,0x40,0x0f,0xef,0x20,0x0f,0x7c,0x60,0x0e,0xec,
    0xf0,0x0e,0xe1,0x40,0x0f,0x6c,0x00,0x06,0x74,0xe0,0x07,0x60,0xe0,0x07,0x7a,0xa0,0x07,0xed,0x90,0x0e,0xf0,0x30,0x0f,0xbf,
    0x40,0x0f,0xf9,0x00,0x0f,0xe5,0x80,0x02,0x62,0x26,0x31,0x18,0x07,0x76,0x08,0x87,0x79,0x98,0x07,0x37,0xa0,0x85,0x72,0xc0,
    0x07,0x7a,0xa8,0x07,0x79,0x28,0x07,0x39,0x20,0x05,0x3e,0xb0,0x87,0x72,0x18,0x07,0x7a,0x78,0x07,0x79,0xe0,0x03,0x73,0x60,
    0x87,0x77,0x08,0x07,0x7a,0x60,0x03,0x30,0xa0,0x03,0x3f,0x00,0x03,0x3f,0x40,0x02,0x18,0x92,0x38,0x13,0x19,0x8c,0x03,0x3b,
    0x84,0xc3,0x3c,0xcc,0x83,0x1b,0xd0,0x42,0x39,0xe0,0x03,0x3d,0xd4,0x83,0x3c,0x94,0xc3,0x28,0xd4,0x83,0x38,0x94,0x03,0x1f,
    0xd8,0x43,0x39,0x8c,0x03,0x3d,0xbc,0x83,0x3c,0xf0,0x81,0x39,0xb0,0xc3,0x3b,0x84,0x03,0x3d,0xb0,0x01,0x18,0xd0,0x81,0x1f,
    0x80,0x81,0x1f,0xa0,0x00,0x24,0x72,0xa6,0x36,0x18,0x07,0x76,0x08,0x87,0x79,0x98,0x07,0x37,0xa0,0x85,0x72,0xc0,0x07,0x7a,
    0xa8,0x07,0x79,0x28,0x87,0x39,0x20,0x05,0x3e,0xb0,0x87,0x72,0x18,0x07,0x7a,0x78,0x07,0x79,0xe0,0x03,0x73,0x60,0x87,0x77,
    0x08,0x07,0x7a,0x60,0x03,0x30,0xa0,0x03,0x3f,0x00,0x03,0x3f,0xd0,0x03,0x3d,0x68,0x87,0x74,0x80,0x87,0x79,0xf8,0x05,0x7a,
    0xc8,0x07,0x78,0x28,0x07,0x14,0x10,0x33,0x89,0xc1,0x38,0xb0,0x43,0x38,0xcc,0xc3,0x3c,0xb8,0x01,0x2d,0x94,0x03,0x3e,0xd0,
    0x43,0x3d,0xc8,0x43,0x39,0xcc,0x01,0x29,0xf0,0x81,0x3d,0x94,0xc3,0x38,0xd0,0xc3,0x3b,0xc8,0x03,0x1f,0x98,0x03,0x3b,0xbc,
    0x43,0x38,0xd0,0x03,0x1b,0x80,0x01,0x1d,0xf8,0x01,0x18,0xf8,0x01,0x12,0x40,0x93,0xce,0xa4,0x00,0x13,0x02,0xcc,0x02,0xf0,
    0x14,0x8e,0xfc,0x22,0xc0,0x60,0x88,0x66,0x42,0x46,0xaa,0xaa,0xab,0xaa,0x12,0x7b,0x93,0x34,0x45,0x94,0x30,0xf9,0x2c,0xc0,
    0x3c,0x0b,0x11,0xb1,0x13,0x30,0x11,0x28,0x20,0xc8,0x4d,0x1e,0x62,0x0a,0x00,0x00,0x13,0x14,0x72,0xc0,0x87,0x74,0x60,0x87,
    0x36,0x68,0x87,0x79,0x68,0x03,0x72,0xc0,0x87,0x0d,0xaf,0x50,0x0e,0x6d,0xd0,0x0e,0x7a,0x50,0x0e,0x6d,0x00,0x0f,0x7a,0x30,
    0x07,0x72,0xa0,0x07,0x73,0x20,0x07,0x6d,0x90,0x0e,0x71,0xa0,0x07,0x73,0x20,0x07,0x6d,0x90,0x0e,0x78,0xa0,0x07,0x73,0x20,
    0x07,0x6d,0x90,0x0e,0x71,0x60,0x07,0x7a,0x30,0x07,0x72,0xd0,0x06,0xe9,0x30,0x07,0x72,0xa0,0x07,0x73,0x20,0x07,0x6d,0x90,
    0x0e,0x76,0x40,0x07,0x7a,0x60,0x07,0x74,0xd0,0x06,0xe6,0x10,0x07,0x76,0xa0,0x07,0x73,0x20,0x07,0x6d,0x60,0x0e,0x73,0x20,
    0x07,0x7a,0x30,0x07,0x72,0xd0,0x06,0xe6,0x60,0x07,0x74,0xa0,0x07,0x76,0x40,0x07,0x6d,0xe0,0x0e,0x78,0xa0,0x07,0x71,0x60,
    0x07,0x7a,0x30,0x07,0x72,0xa0,0x07,0x76,0x40,0x07,0x43,0x9e,0x00,0x00,0x00,0x00,0x00,0x00,0x00,0x00,0x00,0x00,0x00,0x86,
    0x3c,0x06,0x10,0x00,0x01,0x00,0x00,0x00,0x00,0x00,0x00,0x00,0x0c,0x79,0x10,0x20,0x00,0x04,0x00,0x00,0x00,0x00,0x00,0x00,
    0x00,0x18,0xf2,0x2c,0x40,0x00,0x08,0x00,0x00,0x00,0x00,0x00,0x00,0x00,0x30,0xe4,0x69,0x80,0x00,0x08,0x00,0x00,0x00,0x00,
    0x00,0x00,0x00,0x60,0xc8,0xf3,0x00,0x01,0x10,0x00,0x00,0x00,0x00,0x00,0x00,0x00,0xc0,0x90,0x27,0x02,0x02,0x20,0x00,0x00,
    0x00,0x00,0x00,0x00,0x00,0x80,0x21,0x8f,0x05,0x04,0xc0,0x00,0x00,0x00,0x00,0x00,0x00,0x00,0x00,0x43,0x1e,0x0c,0x08,0x80,
    0x00,0x00,0x00,0x00,0x00,0x00,0x00,0x00,0x86,0x3c,0x1b,0x10,0x00,0x03,0x00,0x00,0x00,0x00,0x00,0x00,0x00,0x0c,0x79,0x3a,
    0x20,0x00,0x06,0x00,0x00,0x00,0x00,0x00,0x00,0x00,0xc8,0x02,0x01,0x00,0x00,0x00,0x1f,0x00,0x00,0x00,0x32,0x1e,0x98,0x18,
    0x19,0x11,0x4c,0x90,0x8c,0x09,0x26,0x47,0xc6,0x04,0x43,0x22,0x4a,0x60,0x04,0xa0,0x20,0x8a,0xa1,0x08,0x4a,0xa2,0x0c,0x0a,
    0xa1,0x14,0xca,0xa1,0x28,0xca,0xa2,0x30,0x4a,0xa3,0x38,0xca,0xa3,0x40,0x2d,0xa8,0x28,0x89,0x32,0x28,0x84,0x11,0x80,0x22,
    0x28,0x81,0x02,0xa1,0x71,0x06,0x80,0xca,0x19,0x00,0x42,0x67,0x00,0xa8,0x9d,0x01,0xa0,0x77,0x06,0x80,0xe0,0xb1,0xf8,0x40,
    0x0f,0x08,0x00,0x00,0x90,0xe7,0x79,0x9e,0xe7,0x79,0x9e,0xe7,0x79,0x9e,0xe7,0x79,0x9e,0xe7,0x79,0x9e,0xe7,0x79,0x9e,0xe7,
    0x79,0x9e,0xe7,0x79,0x9e,0xe7,0x79,0x9e,0xe7,0x79,0x9e,0xe7,0x79,0x9e,0xe7,0x79,0x9e,0x07,0x38,0x0e,0x04,0x01,0x00,0x00,
    0x79,0x18,0x00,0x00,0x07,0x01,0x00,0x00,0x1a,0x03,0x4c,0x90,0x46,0x02,0x13,0xc4,0x31,0x20,0xc3,0x1b,0x43,0x81,0x93,0x4b,
    0xb3,0x0b,0xa3,0x2b,0x4b,0x01,0x89,0x71,0xc1,0x71,0x81,0x71,0xa1,0xb9,0x99,0xc9,0x01,0x41,0x21,0xcb,0x09,0xab,0x29,0xcb,
    0xb9,0x21,0x83,0x49,0xd9,0x10,0x04,0x13,0x04,0x62,0x99,0x20,0x10,0xcc,0x06,0x61,0x20,0x26,0x08,0x44,0xb3,0x41,0x18,0x0c,
    0x0a,0x70,0x73,0x13,0x04,0xc2,0xd9,0x30,0x20,0x09,0x31,0x41,0x18,0x83,0x31,0x20,0x30,0x41,0x20,0x9e,0x09,0x02,0x01,0x6d,
    0x10,0x08,0x67,0x43,0x42,0x2c,0x4c,0x43,0x0c,0x0d,0xf1,0x6c,0x48,0x86,0x85,0x69,0x86,0xa1,0x21,0x9e,0x0d,0x49,0xb3,0x30,
    0x4d,0x33,0x34,0xc4,0x33,0x41,0x20,0xa2,0x0d,0xc9,0xb4,0x30,0xcd,0x34,0x34,0xc4,0x33,0x41,0x20,0xa4,0x0d,0x49,0xb5,0x30,
    0x4d,0x35,0x34,0xc4,0x33,0x41,0x20,0xa6,0x0d,0xc9,0xb5,0x30,0xcd,0x35,0x34,0xc4,0xb3,0x21,0x49,0x16,0xa6,0x49,0x86,0x86,
    0x78,0x26,0x08,0x04,0xb5,0x21,0xd1,0x16,0xa6,0xd1,0x86,0x86,0x78,0x26,0x08,0x65,0x40,0x06,0x1b,0x12,0x83,0x63,0x1a,0x63,
    0xb8,0x88,0x67,0x43,0xe2,0x70,0x4c,0xe3,0x0c,0x17,0xf1,0x4c,0x10,0x88,0x6a,0x43,0xf2,0x71,0x4c,0xf3,0x0d,0x17,0xf1,0x4c,
    0x10,0x08,0x6b,0x43,0x12,0x06,0x1c,0xd3,0x84,0xc1,0x70,0x11,0xcf,0x04,0x81,0xb8,0x26,0x08,0x68,0x50,0x06,0x1b,0x92,0x31,
    0x20,0x03,0xa6,0x19,0x83,0xa1,0x22,0x9e,0x09,0x02,0x81,0x6d,0x48,0xcc,0x80,0x0c,0x98,0xc6,0x0c,0x86,0x8a,0x78,0x26,0x08,
    0x44,0xb6,0x21,0x41,0x03,0x32,0x60,0x1a,0x34,0x18,0x2a,0xe2,0x99,0x20,0x10,0xda,0x86,0x44,0x0d,0xc8,0x80,0x69,0xd4,0x60,
    0xa8,0x88,0x67,0x03,0x04,0x45,0x12,0x65,0x61,0xd9,0xd6,0x79,0x60,0x20,0x06,0x65,0x70,0x06,0x69,0xb0,0x06,0x13,0x84,0x36,
    0x30,0x83,0x09,0x02,0xb1,0x6d,0x40,0x88,0x36,0x60,0x26,0x62,0x70,0x03,0x60,0x43,0xf0,0x06,0x13,0x84,0x37,0x38,0x83,0x0d,
    0x08,0x11,0x07,0x4c,0x43,0x0c,0x04,0xb0,0x01,0x19,0xe2,0x80,0x69,0x86,0x81,0x00,0x36,0x20,0x4d,0x1c,0x30,0x4d,0x33,0x10,
    0xc0,0x06,0x64,0x8a,0x03,0xa6,0x99,0x06,0x02,0xd8,0x80,0x54,0x71,0xc0,0x34,0xd5,0x40,0x00,0x1b,0x90,0x2b,0x0e,0x98,0xe6,
    0x1a,0x08,0x60,0x03,0x92,0xc4,0x01,0xd3,0x24,0x03,0x01,0x6c,0x40,0xb4,0x38,0x60,0x1a,0x6d,0x20,0x80,0x0d,0x88,0x11,0x07,
    0x4c,0x63,0x0c,0x04,0xb0,0x01,0x71,0xe2,0x80,0x69,0x9c,0x81,0x00,0x36,0x20,0x5f,0x1c,0x30,0xcd,0x37,0x10,0xc0,0x06,0x24,
    0x0c,0xe2,0x80,0x69,0xc2,0x60,0x20,0x80,0x0d,0xc8,0x18,0xc4,0x01,0xd3,0x8c,0xc1,0x40,0x00,0x1b,0x10,0x33,0x88,0x03,0xa6,
    0x31,0x83,0x81,0x00,0x36,0x20,0x68,0x10,0x07,0x4c,0x83,0x06,0x03,0x01,0x6c,0x40,0xd4,0x20,0x0e,0x98,0x46,0x0d,0x06,0x02,
    0xd8,0x00,0xc9,0xc1,0x1c,0xd0,0x41,0x1d,0xd8,0xc1,0x1d,0xe0,0x41,0x1e,0xe8,0xc1,0x1e,0xf0,0x41,0x1f,0xf8,0xc1,0x1f,0x80,
    0x42,0x28,0x6c,0x20,0xd8,0x00,0x80,0x03,0x51,0x98,0x20,0xc0,0x01,0x1a,0x6c,0x08,0x48,0x61,0x82,0x20,0x00,0x24,0xda,0xc2,
    0xd2,0xdc,0xb8,0x4c,0x59,0x7d,0x41,0xbd,0xcd,0xa5,0xd1,0xa5,0xbd,0xb9,0x4d,0x10,0x0a,0x6e,0x82,0x50,0x74,0x1b,0x02,0x62,
    0x82,0x50,0x78,0x13,0x84,0xe2,0xdb,0x20,0x4c,0xc6,0x86,0x85,0x40,0x85,0x54,0x50,0x85,0x55,0x60,0x85,0x81,0x15,0x88,0x56,
    0x70,0x05,0x22,0x54,0x45,0x58,0x43,0x4f,0x4f,0x52,0x44,0x13,0x84,0x02,0x0c,0x36,0x08,0x93,0x1a,0x6c,0x58,0x06,0x58,0x48,
    0x85,0x56,0x58,0x85,0x58,0x18,0x58,0x61,0x68,0x05,0x59,0xd8,0x10,0x0c,0x1b,0x96,0x06,0x16,0x52,0xa1,0x15,0x68,0x21,0x16,
    0x06,0x56,0x68,0x5a,0x41,0x16,0x36,0x04,0xcd,0x04,0xa1,0x08,0x83,0x0d,0xcb,0x04,0x0b,0xa9,0xd0,0x0a,0xb6,0x70,0x0b,0x03,
    0x2b,0x4c,0xad,0x20,0x0b,0x1b,0x82,0x69,0xc3,0x52,0xc1,0x42,0x2a,0xb4,0x42,0x2e,0xdc,0xc2,0xc0,0x0a,0x55,0x2b,0xc8,0xc2,
    0x86,0xa0,0xda,0xb0,0x5c,0xb0,0x90,0x0a,0xad,0xb0,0x0b,0xb1,0x30,0xb0,0xc2,0xd5,0x0a,0xb2,0xb0,0x21,0xb8,0x36,0x2c,0x09,
    0x2c,0xa4,0x42,0x2b,0xf4,0x42,0x2c,0x0c,0xac,0x90,0xb4,0x82,0x2c,0x6c,0x08,0x92,0x0d,0x8b,0x06,0x0b,0xa9,0xd0,0x0a,0xbf,
    0x10,0x0b,0x03,0x2b,0x68,0xad,0x20,0x0b,0x1b,0x02,0x6d,0xc3,0x62,0xc0,0x42,0x2a,0xb4,0x42,0x38,0xc4,0xc2,0xc0,0x0a,0x46,
    0x2b,0xc8,0xc2,0x86,0xc0,0xd8,0xb0,0x38,0xb0,0x90,0x0a,0xad,0x30,0x0e,0xb1,0x30,0xb0,0x82,0xd3,0x0a,0xb2,0xb0,0x21,0x70,
    0x36,0x2c,0x1f,0x2c,0xa4,0x42,0x2b,0x94,0x43,0x2c,0x0c,0xac,0xf0,0xb5,0x82,0x2c,0x6c,0x08,0xbe,0x0d,0x4b,0x18,0xc0,0x42,
    0x2a,0xb4,0xc2,0x39,0xc4,0xc2,0xc0,0x0a,0x61,0xd0,0x0a,0xb2,0xb0,0x21,0x08,0x83,0x0d,0xcb,0x18,0xc0,0x42,0x2a,0xb4,0x42,
    0x3a,0xc4,0xc2,0xc0,0x0a,0x63,0xd0,0x0a,0xb2,0xb0,0x21,0x18,0x83,0x0d,0xc2,0x64,0x06,0x1b,0x16,0x33,0x80,0x85,0x54,0x68,
    0x85,0x75,0x88,0x85,0x81,0x15,0xcc,0xa0,0x15,0xd8,0x61,0x43,0x60,0x06,0x1b,0x84,0x69,0xda,0xb0,0xa0,0x01,0x2c,0xa4,0x42,
    0x2b,0xb8,0x43,0x2c,0x0c,0xb1,0x80,0x06,0xad,0xf0,0x0e,0x1b,0x9e,0x57,0x98,0x85,0x5a,0xc0,0x05,0x5d,0xe0,0x05,0x5f,0x00,
    0x07,0x71,0x20,0x07,0x73,0x40,0x07,0x75,0x68,0x07,0x78,0x60,0x32,0x65,0xf5,0x45,0x15,0x26,0x77,0x56,0x46,0x37,0x41,0x28,
    0xc4,0x60,0xc3,0x42,0xc8,0x43,0x2a,0xcc,0xc3,0x2a,0xb4,0xc2,0xc0,0x0a,0x44,0x2b,0xc8,0xc2,0x86,0x80,0x1e,0x36,0x0c,0xf1,
    0x50,0x0f,0xc0,0x86,0xc2,0x14,0x4e,0xc1,0x1e,0x46,0x01,0xa8,0xc2,0xc6,0x66,0xd7,0xe6,0x92,0x46,0x56,0xe6,0x46,0x37,0x25,
    0x08,0xaa,0x90,0xe1,0xb9,0xd8,0x95,0xc9,0xcd,0xa5,0xbd,0xb9,0x4d,0x09,0x88,0x26,0x64,0x78,0x2e,0x76,0x61,0x6c,0x76,0x65,
    0x72,0x53,0x02,0xa3,0x0e,0x19,0x9e,0xcb,0x1c,0x5a,0x18,0x59,0x99,0x5c,0xd3,0x1b,0x59,0x19,0xdb,0x94,0x20,0x29,0x43,0x86,
    0xe7,0x22,0x57,0x36,0xf7,0x56,0x27,0x37,0x56,0x36,0x37,0x25,0x10,0x85,0x3a,0x64,0x78,0x2e,0x76,0x69,0x65,0x77,0x49,0x64,
    0x53,0x74,0x61,0x74,0x65,0x53,0x02,0x52,0xa8,0x43,0x86,0xe7,0x52,0xe6,0x46,0x27,0x97,0x07,0xf5,0x96,0xe6,0x46,0x37,0x37,
    0x25,0xb0,0x07,0x00,0x79,0x18,0x00,0x00,0x51,0x00,0x00,0x00,0x33,0x08,0x80,0x1c,0xc4,0xe1,0x1c,0x66,0x14,0x01,0x3d,0x88,
    0x43,0x38,0x84,0xc3,0x8c,0x42,0x80,0x07,0x79,0x78,0x07,0x73,0x98,0x71,0x0c,0xe6,0x00,0x0f,0xed,0x10,0x0e,0xf4,0x80,0x0e,
    0x33,0x0c,0x42,0x1e,0xc2,0xc1,0x1d,0xce,0xa1,0x1c,0x66,0x30,0x05,0x3d,0x88,0x43,0x38,0x84,0x83,0x1b,0xcc,0x03,0x3d,0xc8,
    0x43,0x3d,0x8c,0x03,0x3d,0xcc,0x78,0x8c,0x74,0x70,0x07,0x7b,0x08,0x07,0x79,0x48,0x87,0x70,0x70,0x07,0x7a,0x70,0x03,0x76,
    0x78,0x87,0x70,0x20,0x87,0x19,0xcc,0x11,0x0e,0xec,0x90,0x0e,0xe1,0x30,0x0f,0x6e,0x30,0x0f,0xe3,0xf0,0x0e,0xf0,0x50,0x0e,
    0x33,0x10,0xc4,0x1d,0xde,0x21,0x1c,0xd8,0x21,0x1d,0xc2,0x61,0x1e,0x66,0x30,0x89,0x3b,0xbc,0x83,0x3b,0xd0,0x43,0x39,0xb4,
    0x03,0x3c,0xbc,0x83,0x3c,0x84,0x03,0x3b,0xcc,0xf0,0x14,0x76,0x60,0x07,0x7b,0x68,0x07,0x37,0x68,0x87,0x72,0x68,0x07,0x37,
    0x80,0x87,0x70,0x90,0x87,0x70,0x60,0x07,0x76,0x28,0x07,0x76,0xf8,0x05,0x76,0x78,0x87,0x77,0x80,0x87,0x5f,0x08,0x87,0x71,
    0x18,0x87,0x72,0x98,0x87,0x79,0x98,0x81,0x2c,0xee,0xf0,0x0e,0xee,0xe0,0x0e,0xf5,0xc0,0x0e,0xec,0x30,0x03,0x62,0xc8,0xa1,
    0x1c,0xe4,0xa1,0x1c,0xcc,0xa1,0x1c,0xe4,0xa1,0x1c,0xdc,0x61,0x1c,0xca,0x21,0x1c,0xc4,0x81,0x1d,0xca,0x61,0x06,0xd6,0x90,
    0x43,0x39,0xc8,0x43,0x39,0x98,0x43,0x39,0xc8,0x43,0x39,0xb8,0xc3,0x38,0x94,0x43,0x38,0x88,0x03,0x3b,0x94,0xc3,0x2f,0xbc,
    0x83,0x3c,0xfc,0x82,0x3b,0xd4,0x03,0x3b,0xb0,0xc3,0x0c,0xc4,0x21,0x07,0x7c,0x70,0x03,0x7a,0x28,0x87,0x76,0x80,0x87,0x19,
    0xd1,0x43,0x0e,0xf8,0xe0,0x06,0xe4,0x20,0x0e,0xe7,0xe0,0x06,0xf6,0x10,0x0e,0xf2,0xc0,0x0e,0xe1,0x90,0x0f,0xef,0x50,0x0f,
    0xf4,0x30,0x83,0x81,0xc8,0x01,0x1f,0xdc,0x40,0x1c,0xe4,0xa1,0x1c,0xc2,0x61,0x1d,0xdc,0x40,0x1c,0xe4,0x01,0x00,0x00,0x00,
    0x71,0x20,0x00,0x00,0x29,0x00,0x00,0x00,0x46,0x00,0x0d,0x97,0xef,0x3c,0x7e,0x80,0x34,0x40,0x84,0xf9,0xc5,0x6d,0x5b,0xc2,
    0x36,0x5c,0xbe,0xf3,0xf8,0x42,0x40,0x15,0x05,0x11,0x95,0x0e,0x30,0x94,0x84,0x01,0x08,0x98,0x5f,0xdc,0xb6,0x29,0x48,0xc3,
    0xe5,0x3b,0x8f,0x2f,0x44,0x04,0x30,0x11,0x21,0xd0,0x0c,0x0b,0x61,0x03,0xcd,0x70,0xf9,0xce,0xe3,0x0f,0x88,0x24,0x00,0xd1,
    0x60,0x06,0xce,0x70,0xf9,0xce,0xe3,0x0f,0xce,0x64,0xfb,0xc5,0x6d,0x1b,0x82,0x33,0x5c,0xbe,0xf3,0xf8,0x83,0x33,0xdd,0x7e,
    0x71,0xdb,0x16,0x30,0x0d,0x97,0xef,0x3c,0xfe,0xe2,0x00,0x83,0xd8,0x3c,0xd4,0xe4,0x17,0xb7,0x6d,0x07,0xd4,0x70,0xf9,0xce,
    0xe3,0x4b,0x00,0xf3,0x2c,0xc4,0x86,0x00,0x92,0x5f,0xdc,0xb6,0x09,0x54,0xc3,0xe5,0x3b,0x8f,0x2f,0x4d,0x4e,0x44,0xa0,0xd4,
    0xf4,0x50,0x93,0x5f,0xdc,0xb6,0x15,0x3c,0xc3,0xe5,0x3b,0x8f,0x4f,0x35,0x40,0x84,0xf9,0xc5,0x6d,0x1b,0x00,0xc1,0x00,0x48,
    0x03,0x00,0x00,0x00,0x61,0x20,0x00,0x00,0x27,0x0c,0x00,0x00,0x13,0x04,0x34,0x12,0x0b,0x04,0x00,0x00,0x2f,0x00,0x00,0x00,
    0xa4,0xd4,0xc0,0x08,0x00,0x11,0xe5,0x52,0x83,0x04,0x05,0x08,0x08,0x18,0x50,0x80,0x80,0x80,0x08,0x85,0x56,0x80,0x80,0x04,
    0x05,0x08,0x28,0x50,0x70,0x25,0x53,0x6e,0xc5,0x56,0x3e,0x45,0x1a,0x50,0x34,0x65,0x53,0x26,0x85,0x54,0x46,0x33,0x00,0x25,
    0x57,0x76,0xa5,0x57,0x20,0xa5,0x52,0x40,0x05,0x53,0x22,0x05,0x48,0x50,0x3c,0xc5,0x52,0x24,0x85,0x42,0xc3,0x18,0x01,0x08,
    0x82,0x20,0xde,0x8d,0x11,0x80,0x20,0xe8,0xdf,0x61,0x30,0x46,0xd0,0xf7,0x2d,0x8b,0xeb,0xc2,0x18,0x01,0x08,0x82,0xa0,0x08,
    0x06,0x63,0x04,0x7b,0xac,0xc6,0xfb,0x2f,0x8c,0x11,0x80,0x20,0x08,0xe2,0xbf,0x30,0x46,0x40,0xc2,0xa0,0x88,0xff,0xc2,0x18,
    0x81,0x88,0x82,0x21,0x08,0x06,0x63,0x04,0x37,0xde,0x8e,0x2d,0x2f,0x8c,0x11,0xf4,0x7d,0xcb,0xe2,0xda,0x18,0x01,0x08,0x82,
    0x20,0xfc,0x8d,0x11,0xdc,0x78,0x3b,0xb6,0xdc,0x18,0x01,0x08,0x82,0x20,0x0a,0x06,0x63,0x04,0x20,0x08,0x82,0x20,0x18,0x8c,
    0x11,0x80,0x20,0x08,0xc2,0xbf,0x30,0x03,0x30,0x02,0x30,0x46,0x00,0x82,0x20,0x88,0x7f,0x00,0x00,0x00,0x23,0x06,0x09,0x00,
    0x82,0x60,0xd0,0xcd,0xc2,0xe7,0x07,0xa3,0x30,0x0a,0x73,0x30,0x62,0x90,0x00,0x20,0x08,0x06,0x1d,0x2d,0x80,0xc1,0x1f,0x94,
    0x42,0x29,0xd0,0xc1,0x88,0x41,0x02,0x80,0x20,0x18,0x74,0xb5,0x10,0x06,0xa0,0x70,0x0a,0xa7,0x50,0x07,0x23,0x06,0x09,0x00,
    0x82,0x60,0xd0,0xd9,0x82,0x18,0x84,0x42,0x2a,0xa4,0x82,0x1d,0x8c,0x18,0x24,0x00,0x08,0x82,0x41,0x77,0x0b,0x63,0x20,0x0a,
    0xab,0xb0,0x0a,0x77,0x30,0x62,0x90,0x00,0x20,0x08,0x06,0x1d,0x2e,0x90,0xc1,0x28,0xb4,0x42,0x2b,0xe0,0xc1,0x88,0x41,0x02,
    0x80,0x20,0x18,0x74,0xb9,0x50,0x06,0xa4,0x30,0x0b,0xb3,0x90,0x07,0x23,0x06,0x09,0x00,0x82,0x60,0xd0,0xe9,0x82,0x19,0x94,
    0xc2,0x2d,0xdc,0x82,0x1e,0x8c,0x18,0x24,0x00,0x08,0x82,0x41,0xb7,0x0b,0x67,0x60,0x0a,0xb1,0x10,0x0b,0x7b,0x30,0x62,0x90,
    0x00,0x20,0x08,0x06,0x1d,0x2f,0xa0,0xc1,0x29,0xe0,0x02,0x2e,0xf0,0xc1,0x88,0x41,0x02,0x80,0x20,0x18,0x74,0xbd,0x90,0x06,
    0xa8,0x40,0x0b,0xb4,0xd0,0x07,0x23,0x06,0x09,0x00,0x82,0x60,0xd0,0xf9,0x82,0x1a,0xa4,0x82,0x2d,0xd8,0x82,0x1f,0x8c,0x18,
    0x24,0x00,0x08,0x82,0x41,0xf7,0x0b,0x6b,0xa0,0x0a,0xb8,0x80,0x0b,0x7f,0x30,0x62,0x90,0x00,0x20,0x08,0x06,0x1d,0x38,0xb0,
    0xc1,0x2a,0xec,0xc2,0x2e,0x80,0xc2,0x88,0x41,0x02,0x80,0x20,0x18,0x74,0xe1,0xd0,0x06,0xac,0x00,0x0e,0xe0,0x10,0x0a,0x23,
    0x06,0x09,0x00,0x82,0x60,0xd0,0x89,0x83,0x1b,0xb4,0x02,0x38,0x80,0x83,0x28,0x8c,0x18,0x24,0x00,0x08,0x82,0x41,0x37,0x0e,
    0x6f,0x00,0x0b,0xb3,0x30,0x0b,0xa3,0x30,0x62,0x90,0x00,0x20,0x08,0x06,0x1d,0x39,0xc0,0x41,0x2c,0xd4,0x42,0x2d,0x90,0xc2,
    0x88,0x41,0x02,0x80,0x20,0x18,0x74,0xe5,0x10,0x07,0xb2,0x70,0x0b,0xb7,0x50,0x0a,0x23,0x06,0x09,0x00,0x82,0x60,0xd0,0x99,
    0x83,0x1c,0xcc,0x42,0x2e,0xe4,0x82,0x29,0x8c,0x18,0x24,0x00,0x08,0x82,0x41,0x77,0x0e,0x73,0x40,0x0b,0xbb,0xb0,0x0b,0xa7,
    0x30,0x62,0x90,0x00,0x20,0x08,0x06,0x1d,0x3a,0xd0,0x41,0x2d,0xf4,0x42,0x2f,0xa0,0xc2,0x88,0x41,0x02,0x80,0x20,0x18,0x74,
    0xe9,0x50,0x07,0xb6,0x30,0x0e,0xe3,0x90,0x0a,0x23,0x06,0x09,0x00,0x82,0x60,0xd0,0xa9,0x83,0x1d,0xdc,0xc2,0x39,0x9c,0x83,
    0x2a,0x8c,0x18,0x24,0x00,0x08,0x82,0x41,0xb7,0x0e,0x77,0x80,0x0b,0xe1,0x10,0x0e,0xab,0x30,0x62,0x90,0x00,0x20,0x08,0x06,
    0x1d,0x3b,0xe0,0x41,0x2e,0xa0,0x03,0x3a,0xb0,0xc2,0x88,0x41,0x02,0x80,0x20,0x18,0x74,0xed,0x90,0x07,0xba,0x40,0x0e,0xe4,
    0xd0,0x0a,0x23,0x06,0x09,0x00,0x82,0x60,0xd0,0xb9,0x83,0x1e,0xec,0x82,0x39,0x98,0x83,0x2b,0x8c,0x18,0x24,0x00,0x08,0x82,
    0x41,0xf7,0x0e,0x7b,0xc0,0x0b,0xe8,0x80,0x0e,0xaf,0x30,0x62,0x90,0x00,0x20,0x08,0x06,0x1d,0x3c,0xf0,0x41,0x2f,0xac,0xc3,
    0x3a,0xc0,0xc2,0x88,0x41,0x02,0x80,0x20,0x18,0x74,0xf1,0xd0,0x07,0xbe,0x00,0x0f,0xf0,0x10,0x0b,0x23,0x06,0x09,0x00,0x82,
    0x60,0xd0,0xc9,0x83,0x1f,0xfc,0x02,0x3c,0xc0,0x83,0x2c,0x8c,0x18,0x24,0x00,0x08,0x82,0x41,0x37,0x0f,0x7f,0xd0,0x0b,0xf1,
    0x10,0x0f,0xb3,0x30,0x62,0x90,0x00,0x20,0x08,0x06,0x46,0x3f,0xb0,0x83,0x39,0xc8,0xc3,0x2f,0x84,0xc2,0x88,0x41,0x02,0x80,
    0x20,0x18,0x18,0xfe,0xd0,0x0e,0xe7,0x30,0x0f,0xbf,0x20,0x0a,0x23,0x06,0x09,0x00,0x82,0x60,0x60,0xfc,0x83,0x3b,0xa0,0x03,
    0x3d,0x8c,0xc3,0x28,0x8c,0x18,0x24,0x00,0x08,0x82,0x81,0x01,0x12,0xef,0xa0,0x0e,0xf5,0x20,0x0e,0xa4,0x30,0x62,0x90,0x00,
    0x20,0x08,0x06,0x46,0x48,0xc0,0xc3,0x3a,0xd8,0x43,0x38,0x94,0xc2,0x88,0x41,0x02,0x80,0x20,0x18,0x18,0x22,0x11,0x0f,0xec,
    0x70,0x0f,0xe3,0x60,0x0a,0x23,0x06,0x09,0x00,0x82,0x60,0x60,0x8c,0x84,0x3c,0xb4,0x03,0x3e,0x9c,0xc3,0x29,0x8c,0x18,0x24,
    0x00,0x08,0x82,0x81,0x41,0x12,0xf3,0xf0,0x0e,0xf9,0x60,0x0e,0xa8,0x30,0x62,0x90,0x00,0x20,0x08,0x06,0x46,0x49,0xd0,0x03,
    0x3c,0xe8,0x43,0x39,0xa4,0xc2,0x88,0x41,0x02,0x80,0x20,0x18,0x18,0x26,0x51,0x0f,0xf1,0xb0,0x0f,0xe7,0xa0,0x0a,0x23,0x06,
    0x09,0x00,0x82,0x60,0x60,0x9c,0x84,0x3d,0xc8,0x03,0x3f,0xac,0xc3,0x2a,0x8c,0x18,0x24,0x00,0x08,0x82,0x81,0x81,0x12,0xf7,
    0x40,0x0f,0xfd,0xa0,0x0e,0xac,0x30,0x62,0x90,0x00,0x20,0x08,0x06,0x46,0x4a,0xe0,0x43,0x3d,0xf8,0x43,0x3a,0xb4,0xc2,0x88,
    0x41,0x02,0x80,0x20,0x18,0x18,0x2a,0x91,0x0f,0xf6,0xf0,0x0f,0xeb,0xe0,0x0a,0x23,0x06,0x09,0x00,0x82,0x60,0x60,0xac,0x84,
    0x3e,0xdc,0x03,0x48,0xbc,0xc3,0x2b,0x8c,0x18,0x24,0x00,0x08,0x82,0x81,0xc1,0x12,0xfb,0xd0,0x0f,0x21,0xe1,0x0e,0xb0,0x30,
    0x62,0x90,0x00,0x20,0x08,0x06,0x46,0x4b,0xf0,0x83,0x3f,0x88,0x44,0x3b,0xc4,0xc2,0x88,0x41,0x02,0x80,0x20,0x18,0x18,0x2e,
    0xd1,0x0f,0xff,0x30,0x12,0xef,0x20,0x0b,0x23,0x06,0x09,0x00,0x82,0x60,0x60,0xbc,0x84,0x3f,0x80,0x04,0x49,0xcc,0xc3,0x2c,
    0x8c,0x18,0x24,0x00,0x08,0x82,0x81,0x01,0x13,0xff,0x40,0x12,0x25,0x21,0x0f,0xb4,0x30,0x62,0x90,0x00,0x20,0x08,0x06,0x46,
    0x4c,0x80,0x44,0x49,0x98,0x44,0x3c,0xd4,0xc2,0x88,0x41,0x02,0x80,0x20,0x18,0x18,0x32,0x11,0x12,0x26,0x71,0x12,0xf3,0x60,
    0x0b,0x23,0x06,0x09,0x00,0x82,0x60,0x60,0xcc,0x84,0x48,0x9c,0x04,0x4a,0xdc,0xc3,0x2d,0x8c,0x18,0x24,0x00,0x08,0x82,0x81,
    0x41,0x13,0x23,0x11,0x12,0x29,0x61,0x0f,0xb8,0x30,0x62,0x90,0x00,0x20,0x08,0x06,0x46,0x4d,0x90,0x84,0x48,0xa8,0x44,0x3d,
    0xe4,0xc2,0x88,0x41,0x02,0x80,0x20,0x18,0x18,0x36,0x51,0x12,0x23,0xb1,0x12,0xf7,0xa0,0x0b,0x23,0x06,0x09,0x00,0x82,0x60,
    0x60,0xdc,0x84,0x49,0x90,0x04,0x4b,0xec,0xc3,0x2e,0x8c,0x18,0x24,0x00,0x08,0x82,0x81,0x81,0x13,0x27,0xb1,0x12,0x2d,0xa1,
    0x0f,0xbc,0x30,0x62,0x90,0x00,0x20,0x08,0x06,0x46,0x4e,0xa0,0x04,0x4b,0xb8,0x44,0x3e,0xf4,0xc2,0x88,0x41,0x02,0x80,0x20,
    0x18,0x18,0x3a,0x91,0x12,0x2d,0xf1,0x12,0xfb,0xe0,0x0b,0x23,0x06,0x09,0x00,0x82,0x60,0x60,0xec,0x84,0x4a,0xb8,0x04,0x4c,
    0xfc,0xc3,0x2f,0x8c,0x18,0x24,0x00,0x08,0x82,0x81,0xc1,0x13,0x2b,0xa1,0x12,0x31,0xe1,0x0f,0xe0,0x30,0x62,0x90,0x00,0x20,
    0x08,0x06,0x46,0x4f,0xb0,0xc4,0x4a,0xc8,0x44,0x3f,0x84,0xc3,0x88,0x41,0x02,0x80,0x20,0x18,0x18,0x3e,0xd1,0x12,0x2c,0x31,
    0x13,0xff,0x20,0x0e,0x23,0x06,0x09,0x00,0x82,0x60,0x60,0xfc,0x84,0x4b,0xb4,0x04,0x4d,0x8c,0xc4,0x38,0x8c,0x18,0x24,0x00,
    0x08,0x82,0x81,0x01,0x16,0x2f,0xf1,0x12,0x35,0x21,0x12,0xe4,0x30,0x62,0x90,0x00,0x20,0x08,0x06,0x46,0x58,0xc0,0x04,0x4c,
    0xd8,0x44,0x48,0x94,0xc3,0x88,0x41,0x02,0x80,0x20,0x18,0x18,0x62,0x11,0x13,0x31,0x71,0x13,0x23,0x61,0x0e,0x23,0x06,0x09,
    0x00,0x82,0x60,0x60,0x8c,0x85,0x4c,0xc8,0x04,0x4e,0x9c,0xc4,0x39,0x8c,0x18,0x24,0x00,0x08,0x82,0x81,0x41,0x16,0x33,0x41,
    0x13,0x39,0x61,0x12,0xe8,0x30,0x62,0x90,0x00,0x20,0x08,0x06,0x46,0x59,0xd0,0x44,0x4d,0xe8,0x44,0x49,0xa4,0xc3,0x88,0x41,
    0x02,0x80,0x20,0x18,0x18,0x66,0x51,0x13,0x36,0xb1,0x13,0x27,0xa1,0x0e,0x23,0x06,0x09,0x00,0x82,0x60,0x60,0x9c,0x85,0x4d,
    0xdc,0x04,0x4f,0xac,0xc4,0x3a,0x8c,0x18,0x24,0x00,0x08,0x82,0x81,0x81,0x16,0x37,0xa1,0x13,0x3d,0xa1,0x12,0xec,0x30,0x62,
    0x90,0x00,0x20,0x08,0x06,0x46,0x5a,0xe0,0xc4,0x4e,0xf8,0x44,0x4a,0xb4,0xc3,0x88,0x41,0x02,0x80,0x20,0x18,0x18,0x6a,0x91,
    0x13,0x3c,0xf1,0x13,0x2b,0xe1,0x0e,0x23,0x06,0x09,0x00,0x82,0x60,0x60,0xac,0x85,0x4e,0xf4,0x04,0x58,0xbc,0xc4,0x3b,0x8c,
    0x18,0x24,0x00,0x08,0x82,0x81,0xc1,0x16,0x3b,0x21,0x16,0x61,0xe1,0x12,0xf0,0x30,0x62,0x90,0x00,0x20,0x08,0x06,0x46,0x5b,
    0xf0,0xc4,0x58,0x88,0x45,0x4b,0xc4,0xc3,0x88,0x41,0x02,0x80,0x20,0x18,0x18,0x6e,0xd1,0x13,0x64,0x31,0x16,0x2f,0x21,0x0f,
    0x23,0x06,0x09,0x00,0x82,0x60,0x60,0xbc,0x85,0x4f,0x94,0x05,0x59,0xcc,0xc4,0x3c,0x8c,0x18,0x24,0x00,0x08,0x82,0x81,0x01,
    0x17,0x3f,0x51,0x16,0x65,0x41,0x13,0xf4,0x30,0x62,0x70,0x00,0x20,0x08,0x06,0x5b,0x5a,0xcc,0x43,0x1d,0x80,0xc5,0x68,0x42,
    0x30,0x0c,0x47,0x04,0xe6,0x20,0x7c,0xb3,0x0c,0xc1,0x10,0x8c,0x18,0x24,0x00,0x08,0x82,0x81,0x41,0x17,0x63,0xc1,0x13,0x69,
    0x41,0x13,0xf8,0x30,0x62,0x90,0x00,0x20,0x08,0x06,0x46,0x5d,0x90,0x45,0x4f,0xa8,0xc5,0x4d,0xe4,0x83,0x05,0x86,0x7c,0x6c,
    0x38,0xe4,0x63,0x82,0x20,0x1f,0x13,0x04,0xf9,0x98,0x10,0xc0,0x67,0xc4,0xc0,0x00,0x40,0x10,0x0c,0x9e,0xbb,0xc0,0x87,0xc0,
    0xc2,0x21,0x88,0xcf,0x88,0xc1,0x01,0x80,0x20,0x18,0x34,0x7a,0x21,0x12,0xc1,0x38,0x8c,0x18,0x1c,0x00,0x08,0x82,0x41,0xb3,
    0x17,0x24,0x11,0x8c,0xc3,0x70,0x44,0x50,0x0e,0xca,0x37,0xcb,0x30,0x08,0xc1,0x88,0x81,0x01,0x80,0x20,0x18,0x2c,0x7e,0xa1,
    0x12,0x38,0x31,0x4b,0x30,0x0c,0x74,0x0c,0x84,0x40,0x04,0xaa,0x01,0x8c,0x18,0x1c,0x00,0x08,0x82,0xc1,0x96,0x17,0x23,0x51,
    0x0a,0x30,0x31,0x9a,0x10,0x00,0xa3,0x09,0x42,0x70,0x02,0x41,0x15,0xc8,0x85,0x96,0xa0,0x17,0x3a,0xdc,0x10,0xf0,0x05,0x18,
    0x14,0x71,0x17,0x58,0x01,0x5c,0x68,0x19,0x25,0xa1,0xc3,0x0d,0x01,0x68,0x80,0x41,0x21,0x77,0x81,0x15,0xf4,0x85,0x96,0xe2,
    0x13,0x3a,0xdc,0x10,0x90,0x46,0x18,0x14,0x13,0x16,0x3a,0xdc,0x10,0x98,0x06,0x18,0xdc,0x43,0xd0,0x74,0xc3,0x1b,0x9c,0x01,
    0x31,0xdd,0xf0,0x06,0x67,0x50,0x4c,0x37,0xbc,0xc1,0x19,0x18,0xd3,0x0d,0x6f,0x70,0x06,0xc7,0x74,0xc3,0x1d,0xbc,0x01,0x32,
    0xdd,0x70,0x07,0x6f,0x90,0x4c,0x37,0xdc,0xc1,0x1b,0x28,0xd3,0x0d,0x77,0xf0,0x06,0xcb,0x2c,0x01,0x31,0x50,0x31,0x40,0xc3,
    0x28,0x0a,0xf8,0x31,0x50,0x31,0x40,0xc3,0x28,0x0a,0xf8,0x31,0x50,0x31,0x40,0xc3,0x28,0x0a,0xf8,0x31,0x50,0x31,0x40,0xc3,
    0x28,0x0a,0xf8,0x31,0x50,0x31,0xa8,0xc8,0x30,0x8a,0x02,0x7e,0x0c,0x54,0x0c,0x2c,0x32,0x8c,0xa2,0x80,0x1f,0x03,0x15,0x83,
    0x8b,0x0c,0xa3,0x28,0xe0,0xc7,0x40,0xc5,0x00,0x23,0xc3,0x28,0x0a,0xf8,0x31,0x50,0x31,0xc8,0xc8,0xb0,0x43,0xf8,0x31,0x50,
    0x31,0xd0,0xc8,0xb0,0x43,0xf8,0x31,0x50,0x31,0xd8,0xc8,0xb0,0x43,0xf8,0x31,0x50,0x41,0xd8,0xcd,0xf0,0x87,0x02,0x7e,0x0c,
    0x54,0x10,0x78,0x33,0xa4,0x01,0x7e,0x0c,0x54,0x10,0x7a,0x33,0x9c,0x02,0x7e,0x0c,0x54,0x10,0x7c,0x33,0xec,0xa1,0x80,0x1f,
    0xc3,0x0d,0x41,0x19,0x98,0xc1,0x2c,0x43,0x7e,0x14,0x41,0x09,0xbd,0x41,0x16,0xf8,0x05,0x08,0x46,0x0c,0x0e,0x00,0x04,0xc1,
    0x60,0x2b,0x8f,0xb7,0x88,0x87,0x60,0x34,0x21,0x00,0x46,0x13,0x84,0x60,0x34,0x61,0x10,0x46,0x13,0x88,0xa1,0x12,0xf4,0xd0,
    0xe1,0x86,0x00,0x3d,0xc2,0x60,0xba,0x61,0x28,0x82,0x0b,0x08,0x9a,0x6e,0x30,0x90,0xe1,0x02,0x82,0xec,0x41,0x0f,0x19,0xd4,
    0x19,0x04,0x59,0xc1,0x79,0x68,0x11,0xa6,0xa1,0x55,0xec,0x05,0x56,0xd0,0x1e,0x5a,0x47,0x6c,0xe8,0x70,0x43,0x40,0x1f,0x61,
    0x50,0xc9,0x79,0x60,0x05,0xee,0xa1,0x26,0xe0,0xc7,0x0d,0x8a,0x89,0x0f,0xac,0x20,0x3e,0xd4,0x84,0xfd,0xb8,0x41,0x3d,0xf2,
    0x81,0x15,0xd0,0x87,0x9a,0xe0,0x1f,0x37,0x28,0xa9,0x37,0x74,0xb8,0x21,0xf8,0x8f,0x30,0x28,0xcb,0x36,0xb4,0xae,0xf9,0xc0,
    0x0a,0xf4,0x43,0x2b,0xe3,0x0f,0xac,0x80,0x3f,0xd4,0x04,0x13,0xb9,0x41,0x71,0xfd,0x81,0x15,0xfc,0x87,0x9a,0x90,0x22,0x37,
    0xa8,0x35,0x50,0x91,0xab,0x60,0x45,0xd6,0x02,0xde,0x80,0xc1,0x88,0xc1,0x01,0x80,0x20,0x18,0x6c,0x2f,0x92,0x1b,0x3b,0x11,
    0x8c,0x26,0x04,0xc0,0x68,0x82,0x10,0x8c,0x26,0x0c,0xc2,0x68,0x02,0x31,0x18,0x22,0x1e,0x30,0x18,0x31,0x38,0x00,0x10,0x04,
    0x83,0xad,0x46,0x7e,0x23,0x2c,0x82,0xd1,0x84,0x60,0xb0,0x60,0x35,0xe0,0x73,0x01,0x41,0xa3,0x09,0x44,0x30,0x9a,0x50,0x08,
    0x27,0x10,0x54,0xc1,0x6f,0x6c,0x09,0xfa,0xa1,0xd3,0x0d,0x42,0x70,0x06,0xc3,0x11,0xc5,0x6c,0x08,0xdf,0x70,0x43,0x1b,0xf8,
    0x08,0x18,0xcc,0x32,0xe4,0x87,0x11,0x0c,0x37,0x80,0xc2,0x8f,0x80,0xc1,0x2c,0x43,0x73,0x04,0xc3,0x0d,0xa1,0xc0,0x23,0x60,
    0x30,0xcb,0xd0,0x20,0xc1,0x70,0x83,0x28,0xec,0x08,0x18,0xcc,0x32,0x34,0x49,0x30,0xdc,0x30,0x0a,0x3b,0x02,0x06,0xb3,0x0c,
    0x8d,0x12,0x0c,0x37,0x90,0xc2,0x8e,0x80,0xc1,0x2c,0x43,0xb3,0x04,0xc3,0x0d,0xa5,0x10,0x26,0x60,0x30,0xcb,0xd0,0x30,0xc1,
    0x70,0x83,0x29,0xf0,0x08,0x18,0x4c,0x37,0xc0,0x05,0x4d,0x04,0xd3,0x0d,0x70,0x41,0x13,0xc2,0x74,0x03,0x5c,0xd0,0xc4,0x30,
    0xdd,0x00,0x17,0x34,0x41,0xcc,0x12,0x34,0x03,0x3d,0x03,0x9e,0x18,0xa0,0x72,0xa0,0x0a,0x02,0x2b,0x09,0xae,0x28,0xe0,0xb2,
    0x20,0xcc,0x40,0xcf,0x80,0x27,0x06,0xa8,0x1c,0xa8,0x82,0xc0,0x4a,0x82,0x2b,0x0a,0xb8,0x2c,0x08,0x33,0xd0,0x33,0xe0,0x89,
    0x01,0x2a,0x07,0xaa,0x20,0xb0,0x92,0xe0,0x8a,0x02,0x2e,0x0b,0xc2,0x0c,0xf4,0x0c,0x78,0x62,0x80,0xca,0x81,0x2a,0x08,0xac,
    0x24,0xb8,0xa2,0x80,0xcb,0x82,0x30,0x23,0x06,0x07,0x00,0x82,0x60,0xb0,0xc1,0x89,0x7e,0xf0,0xc5,0x99,0x8c,0x26,0x04,0xc2,
    0x70,0x44,0x60,0x1e,0xc2,0x37,0xcb,0xe0,0x3c,0xc1,0x88,0x81,0x01,0x80,0x20,0x18,0x3c,0x77,0xe2,0x26,0x7e,0x31,0x1c,0x11,
    0xa4,0x07,0xf1,0x0d,0x47,0x80,0xc6,0x78,0x10,0xdf,0x74,0x83,0x7c,0xac,0x47,0x30,0xdd,0x10,0x88,0xc6,0x30,0xdc,0x70,0x0b,
    0x6d,0x02,0x06,0xd6,0x08,0xf4,0xb1,0x66,0xa0,0x8f,0x31,0x04,0x7d,0xcc,0x29,0xe8,0x33,0xdd,0xf0,0x04,0xc5,0x2c,0xc1,0x33,
    0x50,0x31,0x90,0x41,0xa3,0x38,0x03,0x15,0x03,0x19,0x34,0x8a,0x33,0x50,0x31,0x90,0x41,0x63,0x38,0x03,0x15,0x03,0x19,0x34,
    0x8c,0x53,0x64,0x50,0x22,0x3a,0xdc,0x10,0x80,0x0a,0x18,0xcc,0x32,0x44,0x50,0x30,0x62,0x60,0x00,0x20,0x08,0x06,0x0f,0xaa,
    0xfc,0xc9,0x30,0x1c,0x11,0xe0,0x07,0xf1,0x0d,0x47,0x14,0xf4,0x41,0x7c,0xd3,0x0d,0xfd,0xa1,0x1f,0xc1,0x74,0x43,0x70,0x0c,
    0xb6,0x04,0xf4,0xb1,0x45,0xa0,0x8f,0x2d,0x03,0x7d,0x66,0x09,0xa2,0x81,0x8a,0xc1,0x80,0xb8,0x67,0xa0,0x62,0x30,0x20,0xee,
    0x19,0xa8,0x18,0x0c,0x88,0x7b,0x86,0x1b,0xdc,0x81,0x55,0xc2,0xa0,0xe2,0x41,0x46,0x74,0xb8,0x21,0x90,0x11,0x30,0xa8,0x60,
    0xd0,0x59,0x06,0xa9,0x0a,0x86,0x1b,0xea,0x01,0x56,0xc0,0x60,0x96,0x81,0x9a,0x02,0xcb,0x87,0x15,0x91,0x8f,0x05,0x2d,0x02,
    0x1f,0xd3,0x87,0x16,0x91,0x8f,0x05,0x2f,0x02,0x9f,0x11,0x83,0x03,0x00,0x41,0x30,0x68,0x7a,0xa5,0x4c,0x86,0x18,0x19,0x31,
    0x38,0x00,0x10,0x04,0x83,0xc6,0x57,0xcc,0x44,0x90,0x91,0x11,0x83,0x03,0x00,0x41,0x30,0x68,0x7e,0x05,0x4d,0x84,0x13,0x19,
    0x31,0x38,0x00,0x10,0x04,0x83,0x06,0x5c,0xd2,0x44,0x40,0x91,0x59,0x02,0x6a,0xa0,0x62,0x20,0x26,0x11,0x91,0x06,0x2a,0x06,
    0x62,0x12,0x11,0xc9,0x64,0xc1,0x47,0x60,0x30,0x62,0x70,0x00,0x20,0x08,0x06,0xdb,0xaf,0xa4,0xc9,0x7a,0x04,0xa3,0x09,0x01,
    0x30,0x9a,0x20,0x04,0x23,0x06,0x09,0x00,0x82,0x60,0x10,0x95,0x8b,0x9d,0x08,0x81,0x51,0x58,0x70,0xc1,0x67,0x34,0xa1,0x10,
    0x46,0x13,0x8c,0x61,0xc4,0x20,0x01,0x40,0x10,0x0c,0xa2,0x74,0xd1,0x13,0x21,0x50,0x12,0x0b,0x34,0xf8,0xcc,0x12,0x54,0x03,
    0x15,0x83,0x42,0xe1,0x41,0x34,0x50,0x31,0x10,0x14,0x1e,0x44,0xb3,0x0c,0x56,0x1e,0xac,0x82,0xf5,0x42,0x9a,0xc0,0x60,0xc4,
    0xe0,0x00,0x40,0x10,0x0c,0xb6,0x75,0xa9,0x93,0xfb,0x08,0x46,0x13,0x02,0x61,0xb8,0x01,0x1f,0xd6,0x05,0x0c,0x66,0x19,0xae,
    0x2f,0x18,0x6e,0xe0,0x87,0x75,0x01,0x83,0x59,0x06,0x2c,0x0b,0x46,0x0c,0x20,0x00,0x04,0xc1,0xc0,0x8a,0x17,0x3c,0xa1,0x11,
    0x12,0x39,0x8c,0x30,0xf0,0x91,0x3d,0xd9,0x93,0x3d,0x19,0x7c,0x64,0x34,0x21,0x00,0x46,0x13,0x84,0x60,0x34,0x61,0x10,0x46,
    0x13,0x88,0x61,0x96,0x20,0x0f,0x86,0x1b,0x44,0x42,0x5e,0xc0,0x60,0x96,0x41,0xdb,0x82,0x11,0x03,0x08,0x00,0x41,0x30,0xb0,
    0xee,0xc5,0x4f,0x76,0x64,0x45,0x1a,0xe6,0x0c,0xc8,0x24,0x54,0x42,0x25,0x54,0x12,0x32,0x19,0x4d,0x08,0x80,0xd1,0x04,0x21,
    0x18,0x4d,0x18,0x84,0xd1,0x04,0x62,0x98,0x25,0xc8,0x83,0xe1,0x06,0x94,0xa0,0x17,0x30,0x98,0x65,0xe0,0xba,0x60,0xc4,0x00,
    0x02,0x40,0x10,0x0c,0xac,0x7e,0x21,0x15,0x31,0x91,0x91,0x49,0x6a,0x03,0x35,0x39,0x95,0x53,0x39,0x95,0x47,0x4d,0x46,0x13,
    0x02,0x60,0x34,0x41,0x08,0x46,0x13,0x06,0x61,0x34,0x81,0x18,0x66,0x09,0xf2,0x60,0xb8,0xc1,0x25,0xf0,0x05,0x0c,0x66,0x19,
    0xbc,0x3c,0x08,0x46,0x0c,0x20,0x00,0x04,0xc1,0xc0,0x1a,0x19,0x55,0x49,0x93,0x1c,0xc9,0xb0,0x39,0x80,0x93,0x56,0x69,0x95,
    0x56,0xa9,0xe0,0x64,0x34,0x21,0x00,0x46,0x13,0x84,0x60,0x34,0x61,0x10,0x46,0x13,0x88,0x61,0x96,0x20,0x0f,0x86,0x1b,0x62,
    0xc2,0x5f,0xc0,0x60,0x96,0x01,0x0c,0xd0,0x20,0x18,0x6e,0xa8,0x09,0x92,0x01,0x83,0x59,0x86,0x30,0x10,0x83,0x60,0xc4,0x00,
    0x02,0x40,0x10,0x0c,0x2c,0x95,0x89,0x95,0x38,0x09,0x13,0x30,0xf8,0xf4,0xe0,0x4e,0x4a,0xa6,0x64,0x4a,0x86,0xbb,0x93,0xd1,
    0x84,0x00,0x18,0x4d,0x10,0x82,0xd1,0x84,0x41,0x18,0x4d,0x20,0x86,0x59,0x82,0x3c,0x18,0x6e,0xd8,0x89,0x95,0x01,0x83,0x59,
    0x86,0x31,0x20,0x83,0x60,0xc4,0x00,0x02,0x40,0x10,0x0c,0x2c,0x98,0xb9,0x15,0x3c,0x41,0x13,0x33,0x28,0x03,0x50,0xe8,0x93,
    0x95,0x59,0x99,0x95,0x11,0x83,0x3e,0x19,0x4d,0x08,0x80,0xd1,0x04,0x21,0x18,0x4d,0x18,0x84,0xd1,0x04,0x62,0x98,0x25,0xc8,
    0x83,0xe1,0x86,0xb0,0x68,0x19,0x30,0x98,0x65,0x28,0x03,0x33,0x08,0x46,0x0c,0x20,0x00,0x04,0xc1,0xc0,0xb2,0x99,0x5e,0xf9,
    0x93,0x37,0x61,0x83,0x35,0x30,0x85,0x51,0x89,0x99,0x98,0x89,0x19,0x34,0x18,0x95,0xd1,0x84,0x00,0x18,0x4d,0x10,0x82,0xd1,
    0x84,0x41,0x18,0x4d,0x20,0x86,0x59,0x82,0x3c,0x18,0x6e,0x38,0x8b,0x98,0x01,0x83,0x59,0x86,0x33,0xc8,0x83,0x60,0xc4,0x00,
    0x02,0x40,0x10,0x0c,0x2c,0x9e,0x19,0x17,0x53,0xb1,0x13,0x39,0x88,0x03,0x56,0x48,0x95,0x9b,0xb9,0x99,0x9b,0x71,0x83,0x54,
    0x19,0x4d,0x08,0x80,0xd1,0x04,0x21,0x18,0x4d,0x18,0x84,0xd1,0x04,0x62,0x98,0x25,0xc8,0x83,0xe1,0x06,0xbf,0xe0,0x19,0x30,
    0x98,0x65,0x48,0x03,0x35,0x08,0x46,0x0c,0x20,0x00,0x04,0xc1,0xc0,0x12,0x9b,0x74,0xe9,0x93,0x36,0xc1,0x83,0x3b,0x78,0x95,
    0x57,0xe9,0x99,0x9e,0x61,0x17,0x3a,0x78,0x95,0xd1,0x84,0x00,0x18,0x4d,0x10,0x82,0xd1,0x84,0x41,0x18,0x4d,0x20,0x86,0x59,
    0x02,0x3c,0x98,0x65,0x58,0x03,0x36,0x20,0x89,0x11,0x03,0x08,0x00,0x41,0x30,0xb0,0xce,0xc6,0x5d,0x46,0x65,0x4e,0xfa,0x80,
    0x0f,0x68,0x85,0x56,0xc4,0x46,0x6c,0xe2,0x25,0x0f,0x68,0x65,0x34,0x21,0x00,0x46,0x13,0x84,0x60,0x34,0x61,0x10,0x46,0x13,
    0x88,0x61,0x96,0x00,0x0f,0x86,0x1b,0x52,0x83,0x6c,0xc0,0x60,0x96,0xa1,0x0d,0xdc,0x20,0x18,0x31,0x80,0x00,0x10,0x04,0x03,
    0xab,0x6d,0xe8,0x45,0x55,0xf4,0x64,0x14,0x44,0x41,0x57,0x74,0x05,0x6d,0xd0,0xe6,0x5e,0xfe,0x40,0x57,0x46,0x13,0x02,0x60,
    0x34,0x41,0x08,0x46,0x13,0x06,0x61,0x34,0x81,0x18,0x66,0x09,0xf0,0x60,0xb8,0xe1,0x35,0xd0,0x06,0x0c,0x66,0x19,0xde,0x00,
    0x0e,0x82,0x11,0x03,0x08,0x00,0x41,0x30,0xb0,0xe6,0x46,0x5f,0x62,0x25,0x54,0x52,0x01,0x15,0xc0,0x05,0x5c,0xdc,0xc6,0x6d,
    0xfa,0xa5,0x14,0xc0,0x65,0x34,0x21,0x00,0x46,0x13,0x84,0x60,0x34,0x61,0x10,0x46,0x13,0x88,0x61,0x96,0x00,0x0f,0x86,0x1b,
    0x6a,0xa3,0x6d,0xc0,0x60,0x96,0x21,0x0e,0xe4,0x20,0x18,0x31,0x80,0x00,0x10,0x04,0x03,0x2b,0x6f,0x40,0x06,0x57,0x50,0xe5,
    0x15,0x5c,0xc1,0x5c,0xcc,0x85,0x6e,0xe8,0x66,0x64,0x56,0xc1,0x5c,0x46,0x13,0x02,0x60,0x34,0x41,0x08,0x46,0x13,0x06,0x61,
    0x34,0x81,0x18,0x66,0x09,0xf0,0x60,0xb8,0x61,0x37,0xe4,0x06,0x0c,0x66,0x19,0xe6,0x80,0x0e,0x82,0x11,0x03,0x08,0x00,0x41,
    0x30,0xb0,0xfe,0xc6,0x64,0x7e,0xe5,0x55,0x6a,0x81,0x16,0xd8,0x85,0x5d,0xf4,0x46,0x6f,0x52,0x26,0x16,0xd8,0x65,0x34,0x21,
    0x00,0x46,0x13,0x84,0x60,0x34,0x61,0x10,0x46,0x13,0x88,0x61,0x96,0x00,0x0f,0x86,0x1b,0xc2,0xa3,0x6f,0xc0,0x60,0x96,0xa1,
    0x0e,0xec,0x20,0x18,0x31,0x80,0x00,0x10,0x04,0x03,0xab,0x74,0x58,0xc6,0x5c,0x6c,0x65,0x17,0x74,0x41,0x5e,0xe4,0x05,0x74,
    0x40,0xe7,0x65,0x6e,0x41,0x5e,0x46,0x13,0x02,0x60,0x34,0x41,0x08,0x46,0x13,0x06,0x61,0x34,0x81,0x18,0x66,0x09,0xf0,0x60,
    0xb8,0xe1,0x3c,0xfa,0x06,0x0c,0x66,0x19,0xee,0x00,0x0f,0x82,0x11,0x03,0x08,0x00,0x41,0x30,0xb0,0x56,0x47,0x66,0xda,0xa5,
    0x57,0xc2,0x01,0x1c,0xf0,0x05,0x5f,0x4c,0xc7,0x74,0x6a,0xa6,0x17,0xf0,0x65,0x34,0x21,0x00,0x46,0x13,0x84,0x60,0x34,0x61,
    0x10,0x46,0x13,0x88,0x61,0x96,0x00,0x0f,0x06,0x9a,0x06,0x5d,0x48,0x03,0x58,0x58,0x03,0x52,0x68,0x03,0x3c,0x78,0x03,0x36,
    0x88,0x03,0x30,0x98,0x03,0xaa,0x0e,0x90,0x3b,0xc0,0x2f,0x3b,0x18,0x68,0x1a,0x74,0x21,0x0d,0x60,0x61,0x0d,0x48,0xa1,0x0d,
    0xf0,0xe0,0x0d,0xd8,0x20,0x0e,0xc0,0x60,0x0e,0xa8,0x3a,0x40,0xee,0x40,0xbf,0xec,0x60,0xa0,0x69,0xd0,0x85,0x34,0x80,0x85,
    0x35,0x20,0x85,0x36,0xc0,0x83,0x37,0x60,0x83,0x38,0x00,0x83,0x39,0xa0,0xea,0x00,0xb9,0x03,0xfe,0xb2,0x83,0x81,0xa6,0x41,
    0x17,0xd2,0x00,0x16,0xd6,0x80,0x14,0xda,0x00,0x0f,0xde,0x80,0x0d,0xe2,0x00,0x0c,0xe6,0x80,0xaa,0x03,0xe4,0x0e,0xfc,0xcb,
    0x0e,0x86,0x1b,0x7a,0x83,0x75,0xc0,0x60,0xba,0xa1,0x20,0x82,0xe9,0x06,0x83,0x10,0xa6,0x1b,0x0e,0x62,0x98,0x25,0xc8,0x83,
    0x81,0xb2,0x01,0xc2,0x03,0x14,0xab,0x58,0x03,0x03,0x0d,0x8d,0x2e,0x38,0xb4,0xf0,0x50,0xac,0xd3,0x89,0x30,0x70,0x89,0x31,
    0x10,0x89,0x32,0xb0,0x87,0x33,0x40,0x31,0x33,0x18,0x28,0x1b,0x10,0x3c,0x50,0xb1,0x8a,0x35,0x30,0xd0,0xd0,0xe8,0x82,0x43,
    0x0b,0x4f,0xc5,0x3a,0x9d,0x08,0x03,0x97,0x18,0x03,0x91,0x28,0x03,0x7b,0x38,0x03,0x15,0x33,0x83,0x81,0xb2,0x01,0xc1,0x03,
    0x16,0xab,0x58,0x03,0x03,0x0d,0x8d,0x2e,0x38,0xb4,0xf0,0x58,0xac,0xd3,0x89,0x30,0x70,0x89,0x31,0x10,0x89,0x32,0xb0,0x87,
    0x33,0x60,0x31,0x33,0x18,0x28,0x1b,0x10,0x3c,0x60,0xb1,0x8a,0x35,0x30,0xd0,0xd0,0xe8,0x82,0x43,0x0b,0xcf,0xc5,0x3a,0x9d,
    0x08,0x03,0x97,0x18,0x03,0x91,0x28,0x03,0x7b,0x38,0x03,0x17,0x33,0x83,0xe1,0x86,0xfd,0xc0,0x1b,0x30,0xa8,0x80,0x25,0x74,
    0x96,0x41,0x0f,0xf6,0x20,0x30,0xd8,0x58,0x1b,0x18,0x8c,0x18,0x1c,0x00,0x08,0x82,0xc1,0xd6,0x3b,0x67,0x93,0x2e,0xc1,0x68,
    0x42,0x00,0x58,0x20,0x22,0xf2,0x19,0x4d,0x18,0x02,0x13,0x02,0xf8,0x8c,0x18,0x1c,0x00,0x08,0x82,0x41,0x73,0x3e,0x6f,0x13,
    0xc0,0xcc,0x88,0xc1,0x01,0x80,0x20,0x18,0x34,0xe8,0x13,0x37,0x01,0xcc,0x58,0xe0,0xc8,0xc7,0x04,0x47,0x3e,0x36,0x38,0xf2,
    0x31,0xc2,0x91,0xcf,0x2c,0xc1,0x1e,0x0c,0x54,0x0c,0x88,0x1e,0x90,0x41,0x1e,0x0c,0x54,0x0c,0x88,0x1e,0x90,0x41,0x1e,0x0c,
    0x54,0x0c,0x88,0x1e,0x90,0x41,0x1e,0x0c,0x54,0x0c,0x88,0x1e,0x90,0x41,0x1e,0x0c,0x37,0xb4,0x08,0xdc,0x80,0x41,0x05,0xae,
    0xa1,0xc3,0x0d,0x2e,0x22,0x37,0x60,0x50,0x01,0x6c,0xe8,0x70,0x03,0x7d,0xb4,0x0f,0x18,0xcc,0x32,0x90,0x02,0x1f,0x04,0xc3,
    0x0d,0xf5,0xf1,0x3e,0x60,0x30,0xcb,0xd0,0x07,0x7e,0x10,0x98,0xf2,0x23,0xf2,0x31,0xe5,0x47,0xe4,0x63,0xca,0x8f,0xc8,0xc7,
    0x94,0x1f,0x91,0xcf,0x74,0x03,0x31,0x26,0xc9,0x74,0x03,0x31,0x26,0xca,0x74,0x03,0x31,0x26,0xcb,0x74,0x03,0x31,0x26,0xcc,
    0x2c,0x01,0x29,0x0c,0x37,0xf8,0x07,0xfd,0x80,0xc1,0x2c,0x03,0x29,0xfc,0x41,0x30,0xdc,0xf0,0x1f,0xf3,0x03,0x06,0xb3,0x0c,
    0xa0,0x10,0x0a,0xc1,0x88,0xc1,0x01,0x80,0x20,0x18,0x6c,0xfc,0x63,0x3a,0x28,0x53,0x3f,0xa3,0x09,0x01,0x30,0x9a,0x20,0x04,
    0xa3,0x09,0x83,0x30,0x9a,0x40,0x0c,0xb3,0x04,0xa4,0x30,0xdc,0x50,0x22,0xf8,0x03,0x06,0xb3,0x0c,0xa4,0x20,0x0a,0xc1,0x70,
    0x83,0x89,0xe0,0x0f,0x18,0xcc,0x32,0x90,0xc2,0x28,0x04,0xc3,0x0d,0x27,0xe2,0x3f,0x60,0x30,0xdd,0x40,0x1f,0x71,0x12,0x4c,
    0x37,0xd0,0x47,0x9c,0x08,0xd3,0x0d,0xf4,0x11,0x27,0xc3,0x74,0x03,0x7d,0xc4,0x09,0x31,0x4b,0x40,0x0a,0x03,0x3d,0x83,0x05,
    0x0a,0xfa,0xb4,0x07,0x64,0xd0,0x07,0xa0,0xe0,0x07,0xf2,0x14,0x0a,0xe2,0x24,0x0a,0xc8,0x28,0x0c,0xf4,0x0c,0x16,0x28,0xe8,
    0xd3,0x1e,0x90,0x41,0x1f,0x80,0x82,0x1f,0xc8,0x53,0x28,0x88,0x93,0x28,0x20,0xa3,0x30,0xd0,0x33,0x58,0xa0,0xa0,0x4f,0x7b,
    0x40,0x06,0x7d,0x00,0x0a,0x7e,0x20,0x4f,0xa1,0x20,0x4e,0xa2,0x80,0x8c,0xc2,0x40,0xcf,0x60,0x81,0x82,0x3e,0xed,0x01,0x19,
    0xf4,0x01,0x28,0xf8,0x81,0x3c,0x85,0x82,0x38,0x89,0x02,0x32,0x0a,0xf5,0x22,0xb4,0xa3,0xc3,0x0d,0x81,0x0a,0x81,0xc1,0x2c,
    0x83,0x29,0x94,0x42,0x60,0x7b,0x63,0xc4,0xc7,0xf8,0xc6,0x88,0x8f,0xf5,0x8d,0x11,0x1f,0xf3,0x1b,0x23,0x3e,0xb3,0x04,0xa6,
    0x30,0x50,0x31,0x20,0xa5,0x40,0x91,0xc2,0x40,0xc5,0x80,0x94,0x02,0x45,0x0a,0x03,0x15,0x03,0x52,0x0a,0x14,0x29,0x0c,0x54,
    0x0c,0x48,0x29,0x50,0xa4,0x50,0x39,0xc2,0x3b,0x3a,0xdc,0x10,0xd0,0x50,0x18,0x4c,0x37,0x0c,0x46,0x30,0xdd,0x40,0x18,0xc2,
    0x74,0x43,0x61,0x0c,0xc3,0x0d,0x3c,0x82,0x43,0x60,0x30,0xcb,0xf0,0x0a,0xa7,0x10,0x0c,0x37,0xf4,0x88,0x0e,0x81,0xc1,0x2c,
    0x03,0x2a,0xa4,0x42,0x60,0x75,0xa0,0x2a,0xf2,0xb1,0x3a,0x50,0x15,0xf9,0x58,0x1d,0xa8,0x8a,0x7c,0xac,0x0e,0x54,0x45,0x3e,
    0xd3,0x0d,0x84,0xab,0xd0,0xc1,0x74,0x03,0xe1,0x2a,0x75,0x30,0xdd,0x40,0xb8,0x8a,0x1d,0x4c,0x37,0x10,0xae,0x72,0x07,0xb3,
    0x04,0xaf,0x30,0xdc,0x60,0x26,0x3f,0x04,0x06,0xb3,0x0c,0xaf,0xa0,0x0a,0xc1,0x70,0xc3,0x99,0xf8,0x10,0x18,0xcc,0x32,0xac,
    0x02,0x2b,0x04,0x23,0x06,0x07,0x00,0x82,0x60,0xb0,0x9d,0x51,0xfc,0xcc,0x0d,0x18,0x8d,0x26,0x04,0xc0,0x68,0x82,0x10,0x8c,
    0x26,0x0c,0xc2,0x68,0x02,0x31,0xcc,0x12,0xbc,0xc2,0x70,0x43,0x9b,0x8c,0x11,0x18,0xcc,0x32,0xbc,0x42,0x2b,0x04,0xc3,0x0d,
    0x6e,0x32,0x46,0x60,0x30,0xcb,0xf0,0x0a,0xae,0x10,0x0c,0x37,0xbc,0x49,0x1a,0x81,0xc1,0x74,0xc3,0x8f,0xf0,0x4a,0x30,0xdd,
    0xf0,0x23,0xbc,0x22,0x4c,0x37,0xfc,0x08,0xaf,0x0c,0xd3,0x0d,0x3f,0xc2,0x2b,0xc4,0x2c,0xc1,0x2b,0x0c,0xf4,0x0c,0xd6,0x2a,
    0xc0,0x96,0x29,0x90,0x01,0x2a,0xd8,0x44,0x2a,0xa0,0x16,0x2b,0xe0,0x55,0x2b,0x20,0xae,0x30,0xd0,0x33,0x58,0xab,0x00,0x5b,
    0xa6,0x40,0x06,0xa8,0x60,0x13,0xa9,0x80,0x5a,0xac,0x80,0x57,0xad,0x80,0xb8,0xc2,0x40,0xcf,0x60,0xad,0x02,0x6c,0x99,0x02,
    0x19,0xa0,0x82,0x4d,0xa4,0x02,0x6a,0xb1,0x02,0x5e,0xb5,0x02,0xe2,0x0a,0x03,0x3d,0x83,0xb5,0x0a,0xb0,0x65,0x0a,0x64,0x80,
    0x0a,0x36,0x91,0x0a,0xa8,0xc5,0x0a,0x78,0xd5,0x0a,0x88,0x2b,0xd4,0x9d,0xfc,0x8f,0x0e,0x37,0x04,0x75,0x04,0x06,0xb3,0x0c,
    0xb1,0x00,0x0b,0x81,0x99,0x8f,0x11,0x1f,0x3b,0x1f,0x23,0x3e,0x86,0x3e,0x46,0x7c,0x2c,0x7d,0x8c,0xf8,0xcc,0x12,0xc4,0xc2,
    0x40,0xc5,0x80,0xc0,0x02,0xf5,0x0a,0x03,0x15,0x03,0x02,0x0b,0xd4,0x2b,0x0c,0x54,0x0c,0x08,0x2c,0x50,0xaf,0x30,0x50,0x31,
    0x20,0xb0,0x40,0xbd,0x42,0x85,0xca,0x09,0xe9,0x70,0x43,0xf0,0x47,0x61,0x30,0xdd,0x30,0x18,0xc1,0x74,0x03,0x61,0x08,0xd3,
    0x0d,0x85,0x31,0x0c,0x37,0xb4,0xca,0x28,0x81,0xc1,0x2c,0x83,0x2e,0xc8,0x42,0x30,0xdc,0xe0,0x2a,0xa5,0x04,0x06,0xb3,0x0c,
    0xb3,0x40,0x0b,0x81,0x81,0x43,0xbd,0xc8,0xc7,0xc0,0xa1,0x5e,0xe4,0x63,0xe0,0x50,0x2f,0xf2,0x31,0x70,0xa8,0x17,0xf9,0x4c,
    0x37,0x10,0xf9,0xf2,0x0b,0xd3,0x0d,0x44,0xbe,0x80,0xc3,0x74,0x03,0x91,0x2f,0xe1,0x30,0xdd,0x40,0xe4,0x8b,0x38,0xcc,0x12,
    0xe8,0xc2,0x70,0xc3,0xad,0xa8,0x12,0x18,0xcc,0x32,0xe8,0x42,0x2d,0x04,0xc3,0x0d,0xb8,0x92,0x4a,0x60,0x30,0xcb,0x60,0x0b,
    0xb7,0x10,0x8c,0x18,0x1c,0x00,0x08,0x82,0xc1,0x26,0x4b,0x3c,0xe4,0x3b,0xab,0x34,0x9a,0x10,0x00,0xa3,0x09,0x42,0x30,0x9a,
    0x30,0x08,0xa3,0x09,0xc4,0x30,0x4b,0xa0,0x0b,0xc3,0x0d,0xbe,0xe2,0x4a,0x60,0x30,0xcb,0xa0,0x0b,0xb8,0x10,0x0c,0x37,0xfc,
    0x8a,0x2b,0x81,0xc1,0x2c,0x83,0x2e,0xe4,0x42,0x30,0xdc,0x00,0x2e,0xb4,0x04,0x06,0xd3,0x0d,0xaa,0x72,0x32,0xc1,0x74,0x83,
    0xaa,0x9c,0x8c,0x30,0xdd,0xa0,0x2a,0x27,0x33,0x4c,0x37,0xa8,0xca,0xc9,0x10,0xb3,0x04,0xba,0x30,0xd0,0x33,0x58,0xb6,0x60,
    0x66,0xb1,0x40,0x06,0xb3,0xc0,0x1e,0xb4,0xe0,0x63,0xb7,0xe0,0x62,0xb8,0x80,0xe4,0xc2,0x40,0xcf,0x60,0xd9,0x82,0x99,0xc5,
    0x02,0x19,0xcc,0x02,0x7b,0xd0,0x82,0x8f,0xdd,0x82,0x8b,0xe1,0x02,0x92,0x0b,0x03,0x3d,0x83,0x65,0x0b,0x66,0x16,0x0b,0x64,
    0x30,0x0b,0xec,0x41,0x0b,0x3e,0x76,0x0b,0x2e,0x86,0x0b,0x48,0x2e,0x0c,0xf4,0x0c,0x96,0x2d,0x98,0x59,0x2c,0x90,0xc1,0x2c,
    0xb0,0x07,0x2d,0xf8,0xd8,0x2d,0xb8,0x18,0x2e,0x20,0xb9,0x50,0xe8,0xa2,0x46,0x3a,0xdc,0x10,0x80,0x13,0x18,0xcc,0x32,0xf0,
    0xc2,0x2e,0x04,0x16,0x43,0x46,0x7c,0x4c,0x86,0x8c,0xf8,0xd8,0x0c,0x19,0xf1,0x31,0x1a,0x32,0xe2,0x33,0x4b,0xc0,0x0b,0x03,
    0x15,0x03,0xb2,0x0b,0x94,0x2e,0x0c,0x54,0x0c,0xc8,0x2e,0x50,0xba,0x30,0x50,0x31,0x20,0xbb,0x40,0xe9,0xc2,0x40,0xc5,0x80,
    0xec,0x02,0xa5,0x0b,0x25,0x2f,0x72,0xa4,0xc3,0x0d,0x81,0x3a,0x85,0xc1,0x74,0xc3,0x60,0x04,0xd3,0x0d,0x84,0x21,0x4c,0x37,
    0x14,0xc6,0x30,0xdc,0xa0,0x2e,0xee,0x04,0x06,0xb3,0x0c,0xe5,0xd0,0x0b,0xc1,0x70,0xc3,0xba,0xc0,0x13,0x18,0xcc,0x32,0xf8,
    0xc2,0x2f,0x04,0xb6,0x12,0x60,0x23,0x1f,0x5b,0x09,0xb0,0x91,0x8f,0xad,0x04,0xd8,0xc8,0xc7,0x56,0x02,0x6c,0xe4,0x33,0xdd,
    0x40,0x90,0x0d,0x4a,0x4c,0x37,0x10,0x64,0x93,0x12,0xd3,0x0d,0x04,0xd9,0xa8,0xc4,0x74,0x03,0x41,0x36,0x2b,0x31,0x4b,0x50,
    0x0e,0xc3,0x0d,0xf4,0x52,0x4f,0x60,0x30,0xcb,0x50,0x0e,0xe0,0x10,0x0c,0x37,0xd4,0x0b,0x3d,0x81,0xc1,0x2c,0x43,0x38,0x88,
    0x43,0x30,0x62,0x70,0x00,0x20,0x08,0x06,0x5b,0x3f,0x9d,0x52,0x0a,0xd9,0xd3,0x68,0x42,0x00,0x8c,0x26,0x08,0xc1,0x68,0xc2,
    0x20,0x8c,0x26,0x10,0xc3,0x2c,0x41,0x39,0x0c,0x37,0xec,0x4b,0x3e,0x81,0xc1,0x2c,0x43,0x39,0x8c,0x43,0x30,0xdc,0xc0,0x2f,
    0xf9,0x04,0x06,0xb3,0x0c,0xe5,0x40,0x0e,0xc1,0x70,0x43,0xbf,0xfc,0x13,0x18,0x4c,0x37,0xd4,0x8b,0xdc,0x04,0xd3,0x0d,0xf5,
    0x22,0x37,0xc2,0x74,0x43,0xbd,0xc8,0xcd,0x30,0xdd,0x50,0x2f,0x72,0x43,0xcc,0x12,0x94,0xc3,0x40,0xcf,0x60,0x85,0x03,0xbf,
    0xf1,0x02,0x19,0xf8,0x82,0xa8,0xfc,0x02,0xbd,0x89,0x03,0xb9,0x8d,0x03,0x42,0x0e,0x03,0x3d,0x83,0x15,0x0e,0xfc,0xc6,0x0b,
    0x64,0xe0,0x0b,0xa2,0xf2,0x0b,0xf4,0x26,0x0e,0xe4,0x36,0x0e,0x08,0x39,0x0c,0xf4,0x0c,0x56,0x38,0xf0,0x1b,0x2f,0x90,0x81,
    0x2f,0x88,0xca,0x2f,0xd0,0x9b,0x38,0x90,0xdb,0x38,0x20,0xe4,0x30,0xd0,0x33,0x58,0xe1,0xc0,0x6f,0xbc,0x40,0x06,0xbe,0x20,
    0x2a,0xbf,0x40,0x6f,0xe2,0x40,0x6e,0xe3,0x80,0x90,0x43,0x95,0x4c,0x2d,0xe9,0x70,0x43,0xb0,0x52,0x60,0x30,0xcb,0x70,0x0e,
    0xe6,0x10,0x18,0x1f,0x19,0xf1,0xb1,0x3e,0x32,0xe2,0x63,0x7e,0x64,0xc4,0xc7,0xfe,0xc8,0x88,0xcf,0x2c,0xc1,0x39,0x0c,0x54,
    0x0c,0x88,0x39,0x50,0xe5,0x30,0x50,0x31,0x20,0xe6,0x40,0x95,0xc3,0x40,0xc5,0x80,0x98,0x03,0x55,0x0e,0x03,0x15,0x03,0x62,
    0x0e,0x54,0x39,0xd4,0xcb,0xf4,0x92,0x0e,0x37,0x04,0x35,0x15,0x06,0xd3,0x0d,0x83,0x11,0x4c,0x37,0x10,0x86,0x30,0xdd,0x50,
    0x18,0xc3,0x70,0x83,0xcc,0xe4,0x14,0x18,0xcc,0x32,0xc0,0x03,0x3a,0x04,0xc3,0x0d,0x33,0xb3,0x53,0x60,0x30,0xcb,0x90,0x0e,
    0xea,0x10,0x98,0x5d,0xac,0x8e,0x7c,0xcc,0x2e,0x56,0x47,0x3e,0x66,0x17,0xab,0x23,0x1f,0xb3,0x8b,0xd5,0x91,0xcf,0x74,0x03,
    0xf1,0x3a,0x73,0x31,0xdd,0x40,0xbc,0x0e,0x5d,0x4c,0x37,0x10,0xaf,0x53,0x17,0xd3,0x0d,0xc4,0xeb,0xd8,0xc5,0x2c,0x01,0x3c,
    0x0c,0x37,0xf0,0x0c,0x58,0x81,0xc1,0x2c,0x03,0x3c,0xac,0x43,0x30,0xdc,0xd0,0x33,0x3f,0x05,0x06,0xb3,0x0c,0xec,0xd0,0x0e,
    0xc1,0x88,0xc1,0x01,0x80,0x20,0x18,0x6c,0x68,0x25,0x4f,0x74,0x14,0x56,0xa3,0x09,0x01,0x30,0x9a,0x20,0x04,0xa3,0x09,0x83,
    0x30,0x9a,0x40,0x0c,0xb3,0x04,0xf0,0x30,0xdc,0x30,0x36,0x64,0x05,0x06,0xb3,0x0c,0xf0,0xe0,0x0e,0xc1,0x70,0x03,0xd9,0x90,
    0x15,0x18,0xcc,0x32,0xc0,0xc3,0x3b,0x04,0xc3,0x0d,0x65,0xa3,0x56,0x60,0x30,0xdd,0x00,0x36,0xbd,0x13,0x4c,0x37,0x80,0x4d,
    0xef,0x08,0xd3,0x0d,0x60,0xd3,0x3b,0xc3,0x74,0x03,0xd8,0xf4,0x0e,0x31,0x4b,0x00,0x0f,0x03,0x3d,0x83,0xc5,0x0e,0xb2,0x77,
    0x0e,0x64,0x90,0x0e,0x38,0xa3,0x0e,0xaa,0xd7,0x0e,0x7a,0xe7,0x0e,0xc8,0x3b,0x0c,0xf4,0x0c,0x16,0x3b,0xc8,0xde,0x39,0x90,
    0x41,0x3a,0xe0,0x8c,0x3a,0xa8,0x5e,0x3b,0xe8,0x9d,0x3b,0x20,0xef,0x30,0xd0,0x33,0x58,0xec,0x20,0x7b,0xe7,0x40,0x06,0xe9,
    0x80,0x33,0xea,0xa0,0x7a,0xed,0xa0,0x77,0xee,0x80,0xbc,0xc3,0x40,0xcf,0x60,0xb1,0x83,0xec,0x9d,0x03,0x19,0xa4,0x03,0xce,
    0xa8,0x83,0xea,0xb5,0x83,0xde,0xb9,0x03,0xf2,0x0e,0xd5,0x36,0x20,0xa5,0xc3,0x0d,0x81,0x5d,0x81,0xc1,0x2c,0x83,0x3c,0xc4,
    0x43,0x60,0xe7,0x64,0xc4,0xc7,0xd0,0xc9,0x88,0x8f,0xa5,0x93,0x11,0x1f,0x53,0x27,0x23,0x3e,0xb3,0x04,0xf2,0x30,0x50,0x31,
    0x20,0xf1,0x40,0xc1,0xc3,0x40,0xc5,0x80,0xc4,0x03,0x05,0x0f,0x03,0x15,0x03,0x12,0x0f,0x14,0x3c,0x0c,0x54,0x0c,0x48,0x3c,
    0x50,0xf0,0x50,0x77,0x83,0x52,0x3a,0xdc,0x10,0x80,0x56,0x18,0x4c,0x37,0x0c,0x46,0x30,0xdd,0x40,0x18,0xc2,0x74,0x43,0x61,
    0x0c,0xc3,0x0d,0xa2,0x43,0x5a,0x60,0x30,0xcb,0xb0,0x0f,0xf3,0x10,0x0c,0x37,0x8c,0x8e,0x69,0x81,0xc1,0x2c,0x03,0x3d,0xd4,
    0x43,0x60,0xbe,0x31,0x3f,0xf2,0x99,0x6e,0x08,0xe8,0x67,0x37,0x66,0x09,0xf6,0x61,0xb8,0xc1,0x74,0x4a,0x0b,0x0c,0x66,0x19,
    0xf6,0xc1,0x1e,0x82,0xe1,0x86,0xd3,0x21,0x2d,0x30,0x98,0x65,0xb8,0x07,0x7c,0x08,0x46,0x0c,0x0e,0x00,0x04,0xc1,0x60,0x6b,
    0xad,0x9b,0xca,0x25,0xd3,0x1a,0x4d,0x08,0x86,0x59,0x82,0x7d,0x18,0x6e,0x50,0x1d,0xd3,0x02,0x83,0x59,0x86,0x7d,0xc8,0x87,
    0x60,0xb8,0x61,0x75,0x4c,0x0b,0x0c,0x66,0x19,0xf6,0x41,0x1f,0x82,0xe1,0x06,0xd6,0x61,0x2d,0x30,0x98,0x6e,0xf8,0x1b,0xfe,
    0x09,0x66,0x09,0xf6,0x61,0xa0,0x67,0x50,0xee,0x41,0x05,0x03,0x79,0x90,0xe8,0x01,0x76,0xea,0x41,0x04,0x03,0x7c,0x90,0xbf,
    0x7c,0x10,0xf4,0xa1,0x60,0x07,0xb6,0x74,0xb8,0x21,0x90,0xad,0x30,0xb0,0x91,0x1a,0xe2,0x33,0xdd,0x10,0x10,0xc2,0x74,0x43,
    0x08,0x95,0x90,0xed,0x4c,0x37,0x84,0x50,0x09,0xdd,0xce,0x74,0x43,0x08,0x95,0x10,0xee,0x4c,0x37,0x84,0x50,0x09,0xe5,0xce,
    0x70,0x43,0xfa,0xb0,0x15,0x18,0xcc,0x32,0xf0,0xc3,0x4f,0x04,0x55,0x3a,0xb4,0x85,0x15,0xb4,0x96,0x0e,0x37,0x04,0xb1,0x05,
    0x06,0xb3,0x0c,0xfe,0xd0,0x0f,0x41,0xa1,0xce,0x6b,0xe9,0x70,0xc3,0x20,0x5b,0x60,0x30,0xdd,0xd0,0x5b,0x44,0x30,0xdd,0x90,
    0x5b,0x83,0x30,0x4b,0xe0,0x0f,0x03,0x15,0x04,0xdd,0x06,0xfc,0x40,0xf4,0xc3,0x40,0x05,0x01,0xba,0x01,0x3f,0x10,0xfd,0x30,
    0xdc,0x20,0x90,0x17,0x18,0xcc,0x32,0xb8,0xc4,0x3f,0x04,0xc3,0x0d,0x43,0x78,0x81,0xc1,0x2c,0x83,0x4b,0x80,0x44,0x30,0xdc,
    0x40,0x80,0x17,0x18,0xcc,0x32,0xb8,0x44,0x48,0x04,0xc3,0x0d,0x05,0x78,0x81,0xc1,0x2c,0x83,0x48,0x8c,0x44,0x60,0x37,0x25,
    0x22,0xf1,0x31,0x9c,0x12,0x91,0xf8,0x58,0x4e,0x89,0x48,0x7c,0x4c,0xa7,0x44,0x24,0x3e,0xb3,0x04,0x2e,0x31,0xdc,0xa0,0x90,
    0x17,0x18,0x0c,0x37,0x2c,0xe1,0x05,0x06,0x25,0x04,0x3b,0xcb,0xe0,0x12,0x24,0x11,0x0c,0x37,0x34,0xec,0x05,0x06,0xb3,0x0c,
    0x25,0x61,0x12,0x81,0xfd,0xd4,0x89,0xc4,0x67,0x96,0xc0,0x25,0x86,0x1b,0x1e,0xf4,0x02,0x83,0x59,0x06,0x97,0x38,0x89,0x60,
    0xb8,0x01,0x82,0x2f,0x30,0x98,0x65,0x40,0x89,0x94,0x08,0x4c,0xac,0x7e,0x28,0x3e,0xb3,0x04,0x2e,0x31,0xdc,0x20,0xbd,0x17,
    0x18,0xcc,0x32,0xb8,0x84,0x4a,0x04,0xc3,0x0d,0xd3,0x7a,0x81,0xc1,0x2c,0xc3,0x4a,0xb0,0x44,0x60,0x65,0x55,0x46,0xf1,0x31,
    0xb3,0x2a,0xa3,0xf8,0xd8,0x59,0x95,0x51,0x7c,0x0c,0xad,0xca,0x28,0x3e,0xb3,0x04,0x2e,0x31,0xdc,0x80,0xbd,0x17,0x18,0xcc,
    0x32,0xb4,0x84,0x4b,0x04,0xa6,0x56,0x67,0x14,0x9f,0x11,0x83,0x03,0x00,0x41,0x30,0x68,0x46,0x8c,0xb5,0x66,0x24,0x98,0x25,
    0x70,0x89,0x81,0xb2,0x41,0x0d,0x44,0x42,0x2b,0x09,0x0a,0x25,0x9c,0x95,0x10,0x5a,0x42,0x57,0x03,0x7f,0xc0,0xd5,0xe0,0x1f,
    0xdc,0x08,0x24,0x70,0x31,0x48,0x09,0x5d,0x0d,0x58,0x02,0x8d,0x46,0x42,0x16,0x03,0x93,0x18,0x28,0x1b,0xd4,0x40,0x24,0xb8,
    0x92,0xb0,0x50,0xc2,0x59,0x09,0xa2,0x25,0x78,0x35,0xf0,0x07,0x5d,0x0d,0xfe,0xc1,0x8d,0x40,0x02,0x17,0x83,0x94,0xe0,0xd5,
    0x80,0x25,0xd4,0x68,0x24,0x68,0x31,0x30,0x89,0x81,0xb2,0x41,0x0d,0x44,0xc2,0x2b,0x09,0x0c,0x25,0x9c,0x95,0x30,0x5a,0xc2,
    0x57,0x03,0x7f,0xe0,0xd5,0xe0,0x1f,0xdc,0x08,0x24,0x70,0x31,0x48,0x09,0x5f,0x0d,0x58,0x82,0x8d,0x46,0xc2,0x16,0x03,0x93,
    0x18,0x28,0x1b,0xd4,0x40,0x24,0xc0,0xa0,0x24,0x34,0x94,0x70,0x56,0xc2,0x57,0x83,0x96,0x00,0xd7,0xc0,0x1f,0x7c,0x35,0xf8,
    0x07,0x37,0x02,0x09,0x5c,0x0c,0x52,0x02,0x5c,0x03,0x96,0x70,0xa3,0x91,0xc0,0xc5,0xc0,0x24,0x8c,0xd8,0x11,0xf9,0x18,0xb1,
    0x23,0xf2,0x31,0x62,0x47,0xe4,0x63,0xc4,0x8e,0xc8,0x67,0xb8,0x41,0x0c,0x4a,0x0c,0x0c,0x66,0x19,0x7c,0xe2,0x25,0x82,0xe1,
    0x86,0x31,0x10,0x31,0x30,0x98,0x65,0xf0,0x09,0x98,0x08,0x86,0x1b,0xc8,0x20,0xc4,0xc0,0x60,0x96,0xc1,0x27,0x62,0x22,0x18,
    0x6e,0x28,0x83,0x10,0x03,0x83,0x59,0x06,0x99,0x98,0x89,0xc0,0xf0,0x6a,0x4c,0xe2,0x63,0x79,0x35,0x26,0xf1,0x31,0xbd,0x1a,
    0x93,0xf8,0xd8,0x5e,0x8d,0x49,0x7c,0x66,0x09,0x7c,0x62,0xb8,0x41,0x0d,0x4a,0x0c,0x0c,0x86,0x1b,0xd6,0x40,0xc4,0xc0,0xa0,
    0x84,0x60,0x67,0x19,0x7c,0x82,0x26,0x82,0xe1,0x86,0x36,0x68,0x31,0x30,0x18,0x6e,0x70,0x03,0x12,0x03,0x83,0x12,0x82,0x9d,
    0x65,0xa8,0x09,0x9b,0x08,0x4c,0xb4,0xd4,0x24,0x3e,0xb3,0x04,0x3e,0x31,0xdc,0x10,0x07,0x2b,0x06,0x06,0xb3,0x0c,0x3e,0x71,
    0x13,0xc1,0x70,0x83,0x1c,0xcc,0x18,0x18,0xcc,0x32,0xe0,0x44,0x4e,0x04,0x56,0x5a,0xa2,0x14,0x9f,0x59,0x02,0x9f,0x18,0x6e,
    0xa0,0x03,0x19,0x03,0x83,0x59,0x06,0x9f,0xd0,0x89,0x60,0xb8,0xa1,0x0e,0x5c,0x0c,0x0c,0x66,0x19,0x76,0x82,0x27,0x02,0x43,
    0x2d,0x54,0x8a,0x8f,0xa5,0x16,0x2a,0xc5,0xc7,0x54,0x0b,0x95,0xe2,0x63,0xab,0x85,0x4a,0xf1,0x99,0x25,0xf0,0x89,0xe1,0x06,
    0x3d,0x90,0x31,0x30,0x98,0x65,0xe8,0x09,0x9f,0x08,0xac,0xb5,0x54,0x29,0x3e,0x23,0x06,0x07,0x00,0x82,0x60,0xd0,0x98,0xd9,
    0x7b,0xd9,0x49,0x30,0x4b,0xe0,0x13,0x03,0x65,0x83,0x1b,0xc8,0x84,0x56,0x13,0x14,0x4e,0x38,0x3b,0x21,0xf4,0x04,0xd8,0x06,
    0x2e,0xe1,0xb3,0xc1,0x4b,0xd0,0x13,0x4c,0xf8,0x64,0x90,0x13,0x60,0x1b,0xf0,0x84,0x3b,0xcd,0x04,0x4e,0x06,0x36,0x31,0x50,
    0x36,0xb8,0x81,0x4c,0x70,0x35,0x61,0xe1,0x84,0xb3,0x13,0x44,0x4f,0x88,0x6d,0xe0,0x12,0x60,0x1b,0xbc,0x04,0x3d,0xc1,0x84,
    0x4f,0x06,0x39,0x21,0xb6,0x01,0x4f,0xc0,0xd3,0x4c,0xe8,0x64,0x60,0x13,0x03,0x65,0x83,0x1b,0xc8,0x84,0x57,0x13,0x18,0x4e,
    0x38,0x3b,0x61,0xf4,0x04,0xd9,0x06,0x2e,0x21,0xb6,0xc1,0x4b,0xd0,0x13,0x4c,0xf8,0x64,0x90,0x13,0x64,0x1b,0xf0,0x84,0x3c,
    0xcd,0x04,0x4f,0x06,0x36,0x31,0x50,0x36,0xb8,0x81,0x4c,0x80,0x41,0x4d,0x68,0x38,0xe1,0xec,0x04,0xd9,0x06,0x3d,0x61,0xb6,
    0x81,0x4b,0x90,0x6d,0xf0,0x12,0xf4,0x04,0x13,0x3e,0x19,0xe4,0x84,0xd9,0x06,0x3c,0x41,0x4f,0x33,0xe1,0x93,0x81,0x4d,0x18,
    0x31,0x4b,0xf2,0x31,0x62,0x96,0xe4,0x63,0xc4,0x2c,0xc9,0xc7,0x88,0x59,0x92,0x8f,0x11,0x67,0x00,0x1f,0x23,0xce,0x00,0x3e,
    0x46,0x9c,0x01,0x7c,0x8c,0x38,0x03,0xf8,0x8c,0x18,0x1c,0x00,0x08,0x82,0x41,0x33,0x67,0xfb,0x45,0xf0,0xd6,0x88,0xc1,0x01,
    0x80,0x20,0x18,0x34,0x74,0xc6,0x5f,0x44,0x6f,0x8d,0x18,0x1c,0x00,0x08,0x82,0x41,0x53,0x67,0xfd,0x45,0xf8,0xd6,0x88,0xc1,
    0x01,0x80,0x20,0x18,0x34,0x76,0xe6,0x5f,0xc4,0x6f,0x8d,0x18,0x1c,0x00,0x08,0x82,0x41,0x73,0x67,0x20,0x46,0xfc,0xd6,0x88,
    0xc1,0x01,0x80,0x20,0x18,0x34,0x78,0x16,0x62,0x04,0x78,0x8d,0x18,0x1c,0x00,0x08,0x82,0x41,0x93,0x67,0x22,0x46,0x84,0xd7,
    0x88,0xc1,0x01,0x80,0x20,0x18,0x34,0x7a,0x36,0x62,0x84,0x78,0xcd,0x12,0xac,0xc6,0x70,0xc3,0x28,0xc1,0x19,0x18,0xcc,0x32,
    0xac,0x06,0x58,0x04,0xc3,0x0d,0xa4,0xf4,0x66,0x60,0x30,0xcb,0xb0,0x1a,0x61,0x11,0x0c,0x37,0x94,0xd2,0x9b,0x81,0xc1,0x2c,
    0x83,0x58,0x8c,0x45,0x60,0xf6,0x11,0x26,0xf2,0x31,0xfb,0x08,0x13,0xf9,0x98,0x7d,0x84,0x89,0x7c,0x8c,0x3f,0xce,0x44,0x3e,
    0xb3,0x04,0xab,0x31,0xdc,0xa0,0x4a,0x73,0x06,0x06,0xb3,0x0c,0x64,0x51,0x16,0x81,0xed,0x87,0x99,0xc8,0xc7,0xf6,0xc3,0x4c,
    0xe4,0x63,0xfb,0x61,0x26,0xf2,0xb1,0x10,0x61,0x13,0xf9,0x18,0x31,0x5f,0xf2,0x31,0x82,0xbe,0xe4,0x63,0x44,0x7d,0xc9,0xc7,
    0x08,0xfb,0x92,0xcf,0x88,0xc1,0x01,0x80,0x20,0x18,0x34,0xab,0x36,0x63,0x04,0x7d,0x8d,0x18,0x1c,0x00,0x08,0x82,0x41,0xc3,
    0x6a,0x34,0x46,0xd4,0xd7,0x88,0xc1,0x01,0x80,0x20,0x18,0x34,0xad,0x56,0x63,0x84,0x7d,0x8d,0x18,0x1c,0x00,0x08,0x82,0x41,
    0xe3,0x6a,0x36,0x46,0xdc,0xd7,0x88,0xc1,0x01,0x80,0x20,0x18,0x34,0xaf,0x86,0x63,0xc4,0x7d,0x8d,0x18,0x1c,0x00,0x08,0x82,
    0x41,0x03,0x6b,0x39,0x46,0xe0,0xd7,0x88,0xc1,0x01,0x80,0x20,0x18,0x34,0xb1,0xa6,0x63,0x44,0x7e,0x8d,0x18,0x1c,0x00,0x08,
    0x82,0x41,0x23,0x6b,0x3b,0x46,0xe8,0xd7,0x2c,0xc1,0x6a,0x0c,0x37,0xec,0x52,0xaa,0x81,0xc1,0x2c,0x83,0x59,0x9c,0x45,0x60,
    0x2c,0x72,0x27,0xf2,0x31,0x16,0xb9,0x13,0xf9,0x18,0x8b,0xdc,0x89,0x7c,0x4c,0x46,0xfa,0x44,0x3e,0x46,0x94,0x98,0x7c,0x8c,
    0x30,0x31,0xf9,0x18,0x71,0x62,0xf2,0x31,0x02,0xc5,0xe4,0x33,0x62,0x70,0x00,0x20,0x08,0x06,0x0d,0xaf,0x91,0x19,0x51,0x62,
    0x23,0x06,0x07,0x00,0x82,0x60,0xd0,0xf4,0x5a,0x99,0x11,0x26,0x36,0x62,0x70,0x00,0x20,0x08,0x06,0x8d,0xaf,0x99,0x19,0x71,
    0x62,0x23,0x06,0x07,0x00,0x82,0x60,0xd0,0xfc,0xda,0x99,0x11,0x28,0x36,0x62,0x70,0x00,0x20,0x08,0x06,0x0d,0xb8,0xa5,0x19,
    0x81,0x62,0x23,0x06,0x07,0x00,0x82,0x60,0xd0,0x84,0x9b,0x9a,0x11,0x29,0x36,0x62,0x70,0x00,0x20,0x08,0x06,0x8d,0xb8,0xad,
    0x19,0xa1,0x62,0x23,0x06,0x07,0x00,0x82,0x60,0xd0,0x8c,0x1b,0x9b,0x11,0x2b,0x36,0x4b,0xb0,0x1a,0xc3,0x0d,0xec,0x44,0x6b,
    0x60,0x30,0xcb,0x80,0x16,0x69,0x11,0x58,0x8f,0xa0,0x0a,0x7c,0xac,0x47,0x50,0x05,0x3e,0xd6,0x23,0xa8,0x02,0x1f,0x1b,0x13,
    0x57,0x81,0xcf,0x88,0xc1,0x01,0x80,0x20,0x18,0x34,0xe9,0x16,0x67,0x84,0x8c,0x8d,0x18,0x1c,0x00,0x08,0x82,0x41,0xa3,0x6e,
    0x72,0x46,0xcc,0xd8,0x88,0xc1,0x01,0x80,0x20,0x18,0x34,0xeb,0x36,0x67,0x04,0x8d,0x8d,0x18,0x1c,0x00,0x08,0x82,0x41,0xc3,
    0x6e,0x74,0x46,0xd4,0xd8,0x88,0xc1,0x01,0x80,0x20,0x18,0x34,0xed,0x66,0x67,0x44,0x8d,0x8d,0x18,0x1c,0x00,0x08,0x82,0x41,
    0xe3,0x6e,0x77,0x46,0xd8,0xd8,0x88,0xc1,0x01,0x80,0x20,0x18,0x34,0xef,0x86,0x67,0xc4,0x8d,0x8d,0x18,0x1c,0x00,0x08,0x82,
    0x41,0x03,0x6f,0x79,0x46,0xe0,0xd8,0x2c,0xc1,0x6a,0x0c,0x37,0xe4,0x13,0xba,0x81,0xc1,0x2c,0x83,0x5a,0xac,0x45,0x60,0x6a,
    0x52,0x2b,0xf0,0x31,0x35,0xa9,0x15,0xf8,0x98,0x9a,0xd4,0x0a,0x7c,0x0c,0x4e,0x76,0x05,0x3e,0x46,0x84,0x19,0x7c,0x8c,0x10,
    0x33,0xf8,0x18,0x31,0x66,0xf0,0x31,0x82,0xcc,0xe0,0x33,0x62,0x70,0x00,0x20,0x08,0x06,0x8d,0xbe,0x89,0x1a,0x31,0x66,0x23,
    0x06,0x07,0x00,0x82,0x60,0xd0,0xec,0xdb,0xa8,0x11,0x64,0x36,0x62,0x70,0x00,0x20,0x08,0x06,0x0d,0xbf,0x91,0x1a,0x51,0x66,
    0x23,0x06,0x07,0x00,0x82,0x60,0xd0,0xf4,0x5b,0xa9,0x11,0x66,0x36,0x62,0x70,0x00,0x20,0x08,0x06,0x8d,0xbf,0x9d,0x1a,0x61,
    0x66,0x23,0x06,0x07,0x00,0x82,0x60,0xd0,0xfc,0x1b,0xaa,0x11,0x67,0x36,0x62,0x70,0x00,0x20,0x08,0x06,0x0d,0xc8,0xa5,0x1a,
    0x81,0x66,0x23,0x06,0x07,0x00,0x82,0x60,0xd0,0x84,0x9c,0xaa,0x11,0x69,0x36,0x4b,0xb0,0x1a,0xc3,0x0d,0x2a,0x65,0x6f,0x60,
    0x30,0xcb,0xc0,0x16,0x6d,0x11,0xd8,0x9e,0x98,0x0b,0x7c,0x6c,0x4f,0xcc,0x05,0x3e,0xb6,0x27,0xe6,0x02,0x1f,0x0b,0x15,0x76,
    0x81,0x8f,0x11,0x72,0x06,0x1f,0x23,0xe6,0x0c,0x3e,0x46,0xd0,0x19,0x7c,0x8c,0xa8,0x33,0xf8,0x18,0x71,0x67,0xf2,0x31,0x02,
    0xcf,0xe4,0x63,0x44,0x9e,0xc9,0xc7,0x08,0x3d,0x93,0xcf,0x88,0xc1,0x01,0x80,0x20,0x18,0x34,0x2f,0x77,0x6b,0x04,0x9e,0x8d,
    0x18,0x1c,0x00,0x08,0x82,0x41,0x03,0x73,0xb8,0x46,0xe4,0xd9,0x88,0xc1,0x01,0x80,0x20,0x18,0x34,0x31,0x97,0x6b,0x84,0x9e,
    0x8d,0x18,0x1c,0x00,0x08,0x82,0x41,0x23,0x73,0xba,0x46,0xec,0xd9,0x88,0xc1,0x01,0x80,0x20,0x18,0x34,0x33,0xc7,0x6b,0xc4,
    0x9e,0x8d,0x18,0x1c,0x00,0x08,0x82,0x41,0x43,0x73,0xbd,0x46,0xf0,0xd9,0x88,0xc1,0x01,0x80,0x20,0x18,0x34,0x35,0xe7,0x6b,
    0x44,0x9f,0x8d,0x18,0x1c,0x00,0x08,0x82,0x41,0x63,0x73,0xbf,0x46,0xf8,0xd9,0x2c,0xc1,0x6a,0x0c,0x37,0xfc,0x94,0xc9,0x81,
    0xc1,0x2c,0x83,0x5b,0xbc,0x45,0x60,0xfb,0x02,0x2b,0xf1,0xb1,0x7d,0x81,0x95,0xf8,0xd8,0xbe,0xc0,0x4a,0x7c,0x2c,0x64,0x6c,
    0x25,0x3e,0x23,0x06,0x07,0x00,0x82,0x60,0xd0,0xf0,0x1c,0xb9,0x11,0xa5,0x36,0x62,0x70,0x00,0x20,0x08,0x06,0x4d,0xcf,0x95,
    0x1b,0x61,0x6a,0x23,0x06,0x07,0x00,0x82,0x60,0xd0,0xf8,0x9c,0xb9,0x11,0xa7,0x36,0x62,0x70,0x00,0x20,0x08,0x06,0xcd,0xcf,
    0x9d,0x1b,0x81,0x6a,0x23,0x06,0x07,0x00,0x82,0x60,0xd0,0x80,0x5d,0xba,0x11,0xa8,0x36,0x62,0x70,0x00,0x20,0x08,0x06,0x4d,
    0xd8,0xa9,0x1b,0x91,0x6a,0x23,0x06,0x07,0x00,0x82,0x60,0xd0,0x88,0xdd,0xba,0x11,0xaa,0x36,0x62,0x70,0x00,0x20,0x08,0x06,
    0xcd,0xd8,0xb1,0x1b,0xb1,0x6a,0xb3,0x04,0xab,0x31,0xdc,0xc0,0x56,0x32,0x07,0x06,0xb3,0x0c,0x70,0x11,0x17,0x81,0xf5,0x0a,
    0xca,0xc0,0xc7,0x7a,0x05,0x65,0xe0,0x63,0xbd,0x82,0x32,0xf0,0xb1,0x71,0x71,0x19,0xf8,0x58,0xb8,0xb0,0x8c,0x7c,0x2c,0x5c,
    0x58,0x46,0x3e,0x16,0x2e,0x2c,0x23,0x1f,0x3b,0x17,0x99,0x91,0x8f,0x21,0x44,0x7c,0x0c,0x21,0xe2,0x63,0x08,0x11,0x1f,0x43,
    0x88,0xf8,0x8c,0x18,0x1c,0x00,0x08,0x82,0x41,0x13,0x77,0xf9,0x46,0xe8,0xda,0x88,0xc1,0x01,0x80,0x20,0x18,0x34,0x72,0xa7,
    0x6f,0xc4,0xae,0x8d,0x18,0x1c,0x00,0x08,0x82,0x41,0x33,0x77,0xfb,0x46,0xf0,0xda,0x88,0xc1,0x01,0x80,0x20,0x18,0x34,0x74,
    0xc7,0x6f,0x44,0xaf,0x8d,0x18,0x1c,0x00,0x08,0x82,0x41,0x53,0x77,0xfe,0x46,0xf4,0xda,0x88,0xc1,0x01,0x80,0x20,0x18,0x34,
    0x76,0xf7,0x6f,0x84,0xaf,0x8d,0x18,0x1c,0x00,0x08,0x82,0x41,0x73,0x77,0x20,0x47,0xfc,0xda,0x88,0xc1,0x01,0x80,0x20,0x18,
    0x34,0x78,0x17,0x72,0x04,0xb8,0xcd,0x12,0xac,0xc6,0x70,0x43,0x68,0x99,0x1d,0x18,0xcc,0x32,0xc8,0xc5,0x5c,0x04,0xd6,0x33,
    0xf2,0x12,0x1f,0xeb,0x19,0x79,0x89,0x8f,0xf5,0x8c,0xbc,0xc4,0xc7,0xc6,0x06,0x5f,0xe2,0x63,0xc4,0x7a,0xc9,0xc7,0x08,0xf6,
    0x92,0x8f,0x11,0xed,0x25,0x1f,0x23,0xdc,0x4b,0x3e,0x46,0xe8,0x0b,0x7c,0x8c,0xd0,0x17,0xf8,0x18,0xa1,0x2f,0xf0,0x31,0x02,
    0x64,0xe0,0x33,0x4b,0xb0,0x1a,0xc3,0x0d,0xae,0x25,0x77,0x60,0x30,0xcb,0x40,0x17,0x75,0x11,0x98,0xda,0xfc,0x4b,0x7c,0x4c,
    0x6d,0xfe,0x25,0x3e,0xa6,0x36,0xff,0x12,0x1f,0x83,0x9b,0x92,0x89,0x8f,0x11,0xbb,0x23,0x1f,0x23,0x78,0x47,0x3e,0x46,0xf4,
    0x8e,0x7c,0x8c,0xf0,0x1d,0xf9,0x18,0x71,0x32,0xf0,0x31,0xe2,0x64,0xe0,0x63,0xc4,0xc9,0xc0,0xc7,0x88,0x96,0x81,0xcf,0x2c,
    0xc1,0x6a,0x0c,0x37,0xec,0x96,0xdf,0x81,0xc1,0x2c,0x83,0x5d,0xdc,0x45,0x30,0x62,0x70,0x00,0x20,0x08,0x06,0xdb,0xeb,0xe5,
    0xdc,0xae,0xa1,0xde,0x68,0x42,0x30,0x58,0xde,0xb8,0x4c,0x7c,0x2c,0x6f,0x5c,0x26,0x3e,0x96,0x37,0x2e,0x13,0x1f,0xfb,0x1b,
    0x9a,0x89,0x8f,0x15,0x84,0x7c,0xcc,0x20,0xe4,0x63,0x07,0x21,0x1f,0x43,0x08,0xf9,0x18,0x61,0x33,0xf0,0x31,0xc2,0x66,0xe0,
    0x63,0x84,0xcd,0xc0,0xc7,0x08,0x9e,0x81,0xcf,0x2c,0xc1,0x6a,0x0c,0x37,0xa8,0x17,0xeb,0x81,0xc1,0x2c,0x03,0x5e,0xe4,0x45,
    0x60,0x2b,0x37,0x3f,0xf1,0x31,0x9e,0x09,0xe4,0x63,0x3c,0x23,0xc8,0xc7,0x78,0x66,0x90,0x8f,0x89,0x0d,0x21,0x1f,0x23,0x56,
    0x07,0x3e,0x46,0xac,0x0e,0x7c,0x8c,0x58,0x1d,0xf8,0x18,0x11,0x3b,0xf0,0x19,0x31,0x38,0x00,0x10,0x04,0x83,0x86,0xfd,0xe8,
    0x8e,0xa8,0xb9,0x11,0x83,0x03,0x00,0x41,0x30,0x68,0xda,0xaf,0xee,0x08,0x9b,0x1b,0x31,0x38,0x00,0x10,0x04,0x83,0xc6,0xfd,
    0xec,0x8e,0xb8,0xb9,0x11,0x83,0x03,0x00,0x41,0x30,0x68,0xde,0xef,0xee,0x08,0x9c,0x1b,0x31,0x38,0x00,0x10,0x04,0x83,0x06,
    0xfe,0xf2,0x8e,0xc0,0xb9,0x11,0x83,0x03,0x00,0x41,0x30,0x68,0xe2,0x4f,0xef,0x88,0x9c,0x1b,0x31,0x38,0x00,0x10,0x04,0x83,
    0x46,0xfe,0xf6,0x8e,0xd0,0xb9,0x11,0x83,0x03,0x00,0x41,0x30,0x68,0xe6,0x8f,0xef,0x88,0x9d,0x9b,0x25,0x58,0x8d,0xe1,0x06,
    0xfe,0xba,0x3b,0x30,0x98,0x65,0xd0,0x8b,0xbd,0x08,0x0c,0x77,0xda,0x26,0x3e,0x86,0x3b,0x6d,0x13,0x1f,0xc3,0x9d,0xb6,0x89,
    0x8f,0xf9,0xce,0xdc,0xc4,0xc7,0x08,0x1f,0x93,0x8f,0x11,0x3f,0x26,0x1f,0x23,0xc0,0x4c,0x3e,0x46,0x84,0x99,0x7c,0x8c,0xa8,
    0x1b,0xf8,0x18,0x51,0x37,0xf0,0x31,0xa2,0x6e,0xe0,0x63,0xc4,0xde,0xc0,0x67,0x96,0x60,0x35,0x86,0x1b,0x52,0x0c,0xf4,0xc0,
    0x60,0x96,0x61,0x35,0xf8,0x22,0x18,0x6e,0x50,0xb1,0xbe,0x03,0x83,0x59,0x86,0xbe,0xf0,0x8b,0xc0,0xf6,0x26,0x7d,0xe4,0x63,
    0x7b,0xa3,0x3e,0xf2,0xb1,0xbd,0x59,0x1f,0xf9,0x58,0xe8,0xb0,0x8f,0x7c,0x8c,0x50,0x1f,0xf8,0x18,0xa1,0x3e,0xf0,0x31,0x42,
    0x7d,0xe0,0x63,0x04,0xfc,0xc0,0x67,0xc4,0xe0,0x00,0x40,0x10,0x0c,0x9a,0x15,0x0c,0x66,0x8f,0xa0,0xbb,0x11,0x83,0x03,0x00,
    0x41,0x30,0x68,0x58,0x30,0xa0,0x3d,0xa2,0xee,0x46,0x0c,0x0e,0x00,0x04,0xc1,0xa0,0x69,0xc1,0xa0,0xf6,0x08,0xbb,0x1b,0x31,
    0x38,0x00,0x10,0x04,0x83,0xc6,0x05,0x03,0xdb,0x23,0xee,0x6e,0xc4,0xe0,0x00,0x40,0x10,0x0c,0x9a,0x17,0x0c,0x70,0x8f,0xb8,
    0xbb,0x11,0x83,0x03,0x00,0x41,0x30,0x68,0x60,0x30,0xc8,0x3d,0x02,0xef,0x46,0x0c,0x0e,0x00,0x04,0xc1,0xa0,0x89,0xc1,0x40,
    0xf7,0x88,0xbc,0x1b,0x31,0x38,0x00,0x10,0x04,0x83,0x46,0x06,0x83,0xdd,0x23,0xf4,0x6e,0x96,0x60,0x35,0x86,0x1b,0x76,0xac,
    0xf7,0xc0,0x60,0x96,0xe1,0x2f,0x40,0x23,0x30,0xd6,0xb9,0x1f,0xf9,0x18,0xeb,0xdc,0x8f,0x7c,0x8c,0x75,0xee,0x47,0x3e,0x26,
    0x3b,0xfd,0x23,0x1f,0x23,0xfc,0x07,0x3e,0x46,0xfc,0x0f,0x7c,0x8c,0x00,0x21,0xf8,0x18,0x11,0x42,0xf0,0x19,0x31,0x38,0x00,
    0x10,0x04,0x83,0x86,0x07,0x03,0xf2,0x23,0x4a,0x6f,0xc4,0xe0,0x00,0x40,0x10,0x0c,0x9a,0x1e,0x0c,0xca,0x8f,0x30,0xbd,0x11,
    0x83,0x03,0x00,0x41,0x30,0x68,0x7c,0x30,0x30,0x3f,0xe2,0xf4,0x46,0x0c,0x0e,0x00,0x04,0xc1,0xa0,0xf9,0xc1,0xe0,0xfc,0x08,
    0xd4,0x1b,0x31,0x38,0x00,0x10,0x04,0x83,0x06,0x0c,0x83,0xf4,0x23,0x50,0x6f,0xc4,0xe0,0x00,0x40,0x10,0x0c,0x9a,0x30,0x0c,
    0xd4,0x8f,0x48,0xbd,0x11,0x83,0x03,0x00,0x41,0x30,0x68,0xc4,0x30,0x58,0x3f,0x42,0xf5,0x46,0x0c,0x0e,0x00,0x04,0xc1,0xa0,
    0x19,0xc3,0x80,0xfd,0x88,0xd5,0x9b,0x25,0x58,0x8d,0xe1,0x06,0x36,0xf3,0x3d,0x30,0x98,0x65,0x08,0x0d,0xd1,0x08,0xac,0xf5,
    0x56,0x28,0x3e,0xe6,0x3b,0x81,0x7c,0xcc,0x77,0x04,0xf9,0x98,0xef,0x0c,0xf2,0x31,0xf2,0x21,0xe4,0x63,0x44,0x0b,0xc1,0xc7,
    0x88,0x16,0x82,0x8f,0x11,0x2d,0x04,0x1f,0x23,0x66,0x08,0x3e,0x23,0x06,0x07,0x00,0x82,0x60,0xd0,0xb8,0x61,0x60,0x7f,0xc4,
    0xed,0x8d,0x18,0x1c,0x00,0x08,0x82,0x41,0xf3,0x86,0xc1,0xfd,0x11,0xb8,0x37,0x62,0x70,0x00,0x20,0x08,0x06,0x0d,0x1c,0x06,
    0xf8,0x47,0xe4,0xde,0x88,0xc1,0x01,0x80,0x20,0x18,0x34,0x71,0x18,0xe4,0x1f,0xa1,0x7b,0x23,0x06,0x07,0x00,0x82,0x60,0xd0,
    0xc8,0x61,0xb0,0x7f,0x84,0xee,0x8d,0x18,0x1c,0x00,0x08,0x82,0x41,0x33,0x87,0x01,0xff,0x11,0xbb,0x37,0x62,0x70,0x00,0x20,
    0x08,0x06,0x0d,0x1d,0x06,0xfd,0x47,0xf0,0xde,0x88,0xc1,0x01,0x80,0x20,0x18,0x34,0x75,0x18,0xf8,0x1f,0xd1,0x7b,0xb3,0x04,
    0xab,0x31,0xdc,0xe0,0x67,0xf8,0x07,0x06,0xb3,0x0c,0xa3,0x41,0x1a,0x81,0xfd,0x9e,0x0e,0xc5,0xc7,0xc0,0x4f,0x87,0xe2,0x63,
    0xe1,0xa7,0x43,0xf1,0x31,0xf1,0x03,0xa3,0xf8,0xd8,0xfc,0x10,0xf2,0xb1,0xf9,0x21,0xe4,0x63,0xf3,0x43,0xc8,0xc7,0xf2,0x87,
    0x90,0x8f,0x11,0x65,0x04,0x1f,0x23,0xcc,0x08,0x3e,0x46,0x9c,0x11,0x7c,0x8c,0x40,0x23,0xf8,0x8c,0x18,0x1c,0x00,0x08,0x82,
    0x41,0x33,0x8a,0xc1,0x0a,0x06,0x04,0xfb,0x8d,0x18,0x1c,0x00,0x08,0x82,0x41,0x43,0x8a,0x01,0x0b,0x06,0x44,0xfb,0x8d,0x18,
    0x1c,0x00,0x08,0x82,0x41,0x53,0x8a,0x41,0x0b,0x06,0x84,0xfb,0x8d,0x18,0x1c,0x00,0x08,0x82,0x41,0x63,0x8a,0x81,0x0b,0x06,
    0xc4,0xfb,0x8d,0x18,0x1c,0x00,0x08,0x82,0x41,0x73,0x8a,0x01,0x0c,0x06,0xc4,0xfb,0x8d,0x18,0x1c,0x00,0x08,0x82,0x41,0x83,
    0x8a,0x41,0x0c,0x06,0x04,0xfc,0x8d,0x18,0x1c,0x00,0x08,0x82,0x41,0x93,0x8a,0x81,0x0c,0x06,0x44,0xfc,0x8d,0x18,0x1c,0x00,
    0x08,0x82,0x41,0xa3,0x8a,0xc1,0x0c,0x06,0x84,0xfc,0xcd,0x12,0xac,0x46,0xdd,0x1a,0x0a,0x06,0x3a,0xdc,0x10,0xa0,0x60,0x00,
    0x06,0xb3,0x0c,0xab,0x51,0x1a,0xc1,0x70,0x43,0xad,0xb5,0x60,0x00,0x06,0xb3,0x0c,0xa6,0x71,0x1a,0x81,0x99,0x50,0xfe,0xc1,
    0xc7,0x4c,0x48,0xff,0xe0,0x63,0x26,0xb4,0x7f,0xf0,0x31,0x3a,0xe2,0x3f,0xf8,0x18,0x1d,0xf5,0x1f,0x7c,0x8c,0x8e,0xfc,0x0f,
    0x3e,0x23,0x06,0x0b,0x00,0x82,0x60,0x80,0xc1,0x62,0x40,0x86,0xc1,0x20,0x04,0x46,0x41,0x58,0x20,0x82,0x81,0x7c,0x46,0x0c,
    0x0e,0x00,0x04,0xc1,0xa0,0xb1,0xc5,0xc0,0x07,0x83,0xe0,0xff,0x46,0x0c,0x0e,0x00,0x04,0xc1,0xa0,0xb9,0xc5,0x00,0x0c,0x83,
    0xe0,0xff,0x66,0x09,0x56,0x63,0xb8,0x01,0xdc,0xd2,0x30,0x00,0x83,0x59,0x06,0xd4,0x48,0x8d,0xc0,0x62,0x88,0x8f,0xe4,0x63,
    0x31,0xc4,0x47,0xf2,0xb1,0x18,0xe2,0x23,0xf9,0xd8,0x0d,0x89,0x92,0x7c,0x4c,0x7d,0x08,0xf8,0x98,0xfa,0x10,0xf0,0x31,0xf5,
    0x21,0xe0,0x63,0xf0,0x43,0xc0,0x67,0xc4,0xe0,0x00,0x40,0x10,0x0c,0x9a,0x70,0x0c,0xd2,0x30,0x20,0x54,0x30,0x18,0x31,0x38,
    0x00,0x10,0x04,0x83,0x46,0x1c,0x03,0x35,0x0c,0x88,0x15,0x0c,0x46,0x0c,0x0e,0x00,0x04,0xc1,0xa0,0x19,0xc7,0x60,0x0d,0x03,
    0x82,0x05,0x83,0x11,0x83,0x03,0x00,0x41,0x30,0x68,0xc8,0x31,0x60,0xc3,0x80,0x68,0xc1,0x60,0xc4,0xe0,0x00,0x40,0x10,0x0c,
    0x9a,0x72,0x0c,0xdc,0x30,0x20,0x5a,0x30,0x18,0x31,0x38,0x00,0x10,0x04,0x83,0xc6,0x1c,0x83,0x37,0x0c,0x08,0x17,0x0c,0x46,
    0x0c,0x0e,0x00,0x04,0xc1,0xa0,0x39,0xc7,0x00,0x0e,0x03,0xe2,0x05,0x83,0x11,0x83,0x03,0x00,0x41,0x30,0x68,0xd0,0x31,0x88,
    0xc3,0x80,0x80,0xc1,0x60,0x96,0x60,0x35,0x86,0x1b,0xe2,0xad,0x0e,0x03,0x30,0x98,0x65,0x50,0x8d,0xd5,0x08,0xec,0x7e,0x5a,
    0x49,0x3e,0x76,0x3f,0xad,0x24,0x1f,0xbb,0x9f,0x56,0x92,0x8f,0xf5,0xcf,0x2c,0xc9,0xc7,0x6c,0x30,0xd8,0x9f,0xf8,0xd8,0x0d,
    0x06,0xfb,0x13,0x1f,0xc3,0xc1,0x60,0x7f,0xe2,0x63,0x39,0x18,0x84,0x50,0x7c,0x8c,0x50,0x23,0xf9,0x18,0xa1,0x46,0xf2,0x31,
    0x42,0x8d,0xe4,0x63,0x04,0x1c,0xc9,0xc7,0x08,0x06,0x3e,0x46,0x30,0xf0,0x31,0x82,0x81,0x8f,0x11,0x0c,0x7c,0x46,0x0c,0x0e,
    0x00,0x04,0xc1,0xa0,0xd1,0xc7,0x40,0x14,0x03,0x62,0x0c,0x83,0x11,0x83,0x03,0x00,0x41,0x30,0x68,0xf6,0x31,0x18,0xc5,0x80,
    0x20,0xc3,0x60,0xc4,0xe0,0x00,0x40,0x10,0x0c,0x1a,0x7e,0x0c,0x48,0x31,0x20,0xca,0x30,0x18,0x31,0x38,0x00,0x10,0x04,0x83,
    0xa6,0x1f,0x83,0x52,0x0c,0x08,0x33,0x0c,0x46,0x0c,0x0e,0x00,0x04,0xc1,0xa0,0xf1,0xc7,0xe0,0x14,0x03,0xc2,0x0c,0x83,0x11,
    0x83,0x03,0x00,0x41,0x30,0x68,0xfe,0x31,0x40,0xc5,0x80,0x38,0xc3,0x60,0xc4,0xe0,0x00,0x40,0x10,0x0c,0x1a,0x90,0x0c,0x52,
    0x31,0x20,0xd0,0x30,0x18,0x31,0x38,0x00,0x10,0x04,0x83,0x26,0x24,0x03,0x55,0x0c,0x88,0x34,0x0c,0x66,0x09,0x56,0x63,0xa0,
    0x3a,0x18,0x6c,0xca,0x27,0x50,0x4a,0x2c,0xcc,0x89,0x2c,0x48,0xc9,0x2c,0xd4,0x08,0x2d,0x50,0x48,0x2d,0x7c,0x87,0x2d,0x48,
    0xc7,0x2d,0x74,0x06,0x2e,0x40,0x46,0x2e,0xcc,0x85,0x2e,0x50,0xc5,0x2e,0xc8,0x04,0x2f,0x54,0x44,0x2f,0xcc,0xa3,0x2f,0x48,
    0xe3,0x2f,0xc0,0x22,0x34,0xec,0x61,0x34,0x6c,0xc1,0x34,0xf4,0x00,0x35,0x10,0xd5,0x50,0xcd,0xe0,0x27,0xe8,0x31,0x00,0x0b,
    0xd5,0x0c,0xf6,0x42,0xd5,0x48,0x83,0xd6,0x83,0xd4,0x18,0xa8,0x0e,0x06,0x9b,0xf2,0x09,0x94,0x12,0x0b,0x73,0x22,0x0b,0x52,
    0x32,0x0b,0x35,0x42,0x0b,0x14,0x52,0x0b,0xdf,0x61,0x0b,0xd2,0x71,0x0b,0x9d,0x81,0x0b,0x90,0x91,0x0b,0x73,0xa1,0x0b,0x54,
    0xb1,0x0b,0x32,0xc1,0x0b,0x15,0xd1,0x0b,0xf3,0xe8,0x0b,0xd2,0xf8,0x0b,0xb0,0x08,0x0d,0x7b,0x18,0x0d,0x5c,0x30,0x0d,0x3d,
    0x40,0x0d,0x44,0x35,0x54,0x33,0xf8,0x09,0x7a,0x0c,0xc0,0x42,0x35,0x83,0xbd,0x50,0x35,0xd2,0xa0,0xf5,0x20,0x35,0x06,0xaa,
    0x83,0xc1,0xa6,0x7c,0x02,0xa5,0xc4,0xc2,0x9c,0xc8,0x82,0x94,0xcc,0x42,0x8d,0xd0,0x02,0x85,0xd4,0xc2,0x77,0xd8,0x82,0x74,
    0xdc,0x42,0x67,0xe0,0x02,0x64,0xe4,0xc2,0x5c,0xe8,0x02,0x55,0xec,0x82,0x4c,0xf0,0x42,0x45,0xf4,0xc2,0x3c,0xfa,0x82,0x34,
    0xfe,0x02,0x2c,0x42,0xc3,0x1e,0x46,0x43,0x17,0x4c,0x43,0x0f,0x50,0x03,0x51,0x0d,0xd5,0x0c,0x7e,0x82,0x1e,0x03,0xb0,0x50,
    0xcd,0x60,0x2f,0x54,0x8d,0x34,0x68,0x3d,0x48,0x8d,0x81,0xea,0x60,0xb0,0x29,0x9f,0x40,0x29,0xb1,0x30,0x27,0xb2,0x20,0x25,
    0xb3,0x50,0x23,0xb4,0x40,0x21,0xb5,0xf0,0x1d,0xb6,0x20,0x1d,0xb7,0xd0,0x19,0xb8,0x00,0x19,0xb9,0x30,0x17,0xba,0x40,0x15,
    0xbb,0x20,0x13,0xbc,0x50,0x11,0xbd,0x30,0x8f,0xbe,0x20,0x8d,0xbf,0x00,0x8b,0xd0,0xb0,0x87,0xd1,0xe0,0x05,0xd3,0xd0,0x03,
    0xd4,0x40,0x54,0xc3,0x36,0x83,0x9f,0x00,0xc9,0x00,0x2c,0x6c,0x33,0xd8,0x0b,0x55,0x23,0x0d,0x5a,0x0f,0x52,0x63,0xb8,0xc1,
    0xdf,0xfe,0x31,0x00,0x83,0x59,0x06,0xfc,0x60,0x8d,0x60,0xb8,0xe1,0xdf,0xf8,0x31,0x00,0x83,0x59,0x06,0xfc,0x68,0x8d,0x60,
    0xb8,0x01,0xe4,0xf6,0x31,0x00,0x83,0x59,0x06,0xfc,0x70,0x8d,0x60,0xb8,0x21,0xe4,0xf6,0x31,0x00,0x83,0x59,0x86,0xd7,0x80,
    0x8d,0xc0,0x48,0xe7,0x7d,0xe4,0x33,0x4b,0x80,0x1f,0xc3,0x0d,0x23,0xc7,0x8f,0x01,0x18,0xcc,0x32,0xc4,0x86,0x6c,0x04,0x66,
    0x3a,0xf1,0x23,0x1f,0x0b,0xf2,0x30,0x90,0xcf,0x88,0xc1,0x01,0x80,0x20,0x18,0x34,0x2e,0x19,0xd8,0x62,0x10,0xdc,0x61,0x30,
    0x62,0x70,0x00,0x20,0x08,0x06,0xcd,0x4b,0x06,0xb8,0x18,0x04,0x77,0x18,0xcc,0x12,0xe0,0xc7,0x70,0x03,0xca,0x99,0x64,0x00,
    0x06,0xb3,0x0c,0xb3,0x41,0x1b,0x81,0xad,0x8e,0xfd,0xc8,0xc7,0x82,0x3f,0x0c,0xe4,0x33,0x62,0x70,0x00,0x20,0x08,0x06,0xcd,
    0x4c,0x06,0xbb,0x18,0x04,0x7c,0x18,0x8c,0x18,0x1c,0x00,0x08,0x82,0x41,0x43,0x93,0x41,0x2f,0x06,0x01,0x1f,0x06,0xb3,0x04,
    0xf8,0x31,0xdc,0xd0,0x72,0x25,0x19,0x80,0xc1,0x2c,0x43,0x6d,0xd8,0x46,0x60,0xb0,0xb3,0x3f,0xf0,0x19,0x31,0x38,0x00,0x10,
    0x04,0x83,0xe6,0x26,0x83,0x5f,0x0c,0x02,0x50,0x0c,0x46,0x0c,0x0e,0x00,0x04,0xc1,0xa0,0xc1,0xc9,0x20,0x1c,0x83,0x00,0x14,
    0x83,0x59,0x02,0xfc,0x18,0x6e,0x88,0x39,0x98,0x0c,0xc0,0x60,0x96,0xe1,0x36,0x70,0x23,0x30,0xda,0xf9,0x1f,0xf8,0x58,0x60,
    0x8a,0x01,0x7c,0x46,0x0c,0x0e,0x00,0x04,0xc1,0xa0,0xe1,0xc9,0x80,0x1c,0x83,0xa0,0x14,0x83,0x11,0x83,0x03,0x00,0x41,0x30,
    0x68,0x7a,0x32,0x30,0xc7,0x20,0x28,0xc5,0x60,0x96,0x00,0x3f,0x86,0x1b,0x6c,0x4e,0x26,0x03,0x30,0x98,0x65,0xc8,0x0d,0xdd,
    0x08,0x2c,0x77,0x48,0x08,0x3e,0x16,0xac,0x62,0x00,0x1f,0x0b,0x5a,0x31,0x90,0xcf,0x88,0xc1,0x01,0x80,0x20,0x18,0x34,0x62,
    0x19,0xa8,0x63,0x10,0xac,0x62,0x30,0x62,0x70,0x00,0x20,0x08,0x06,0xcd,0x58,0x06,0xec,0x18,0x04,0xab,0x18,0xcc,0x12,0xe0,
    0xc7,0x70,0x03,0xcf,0xcd,0x64,0x00,0x06,0xb3,0x0c,0xbb,0xc1,0x1b,0x81,0xa9,0xd0,0xef,0xc4,0x67,0xc4,0xe0,0x00,0x40,0x10,
    0x0c,0x1a,0xb3,0x0c,0xdc,0x31,0x08,0x5e,0x31,0x18,0x31,0x38,0x00,0x10,0x04,0x83,0xe6,0x2c,0x03,0x78,0x0c,0x82,0x57,0x0c,
    0x66,0x09,0xf0,0x63,0xb8,0x01,0xec,0x6c,0x32,0x00,0x83,0x59,0x86,0xde,0xf0,0x8d,0xc0,0xc6,0xc7,0x85,0xe0,0x63,0xe4,0xf3,
    0x42,0xf2,0x31,0x21,0x88,0xcf,0x88,0xc1,0x01,0x80,0x20,0x18,0x34,0x6c,0x19,0xd0,0x63,0x10,0xd4,0x62,0x30,0x62,0x70,0x00,
    0x20,0x08,0x06,0x4d,0x5b,0x06,0xf6,0x18,0x04,0xb5,0x18,0xcc,0x12,0xe0,0xc7,0x70,0x83,0xd9,0xed,0x64,0x00,0x06,0xb3,0x0c,
    0xbf,0x01,0x1e,0x81,0xd1,0x50,0xfa,0xc4,0xc7,0x82,0xde,0x93,0x8f,0x05,0xeb,0x03,0x9f,0x59,0x02,0xfc,0x18,0x6e,0x50,0x3b,
    0x9f,0x0c,0xc0,0x60,0x96,0x21,0x3c,0xc4,0x23,0x30,0x1c,0x6a,0x9f,0xf8,0x58,0x40,0x5a,0xf2,0xb1,0xe0,0x7d,0xe0,0x33,0x4b,
    0x80,0x1f,0xc3,0x0d,0x6e,0x17,0x96,0x01,0x18,0xcc,0x32,0x8c,0x07,0x79,0x04,0x23,0x06,0x07,0x00,0x82,0x60,0xb0,0xc9,0x65,
    0xc0,0x8f,0x81,0x1f,0x06,0x6b,0x19,0x8c,0x26,0x04,0x83,0xf9,0xd0,0xfc,0xc4,0xc7,0x84,0x40,0x3e,0x16,0xd4,0x0f,0x7c,0x66,
    0x09,0xf0,0x63,0xb8,0x81,0xee,0xcc,0x32,0x00,0x83,0x59,0x86,0xf2,0x30,0x8f,0xc0,0xca,0x31,0x68,0xad,0xf8,0x18,0xfe,0x04,
    0xf2,0xb1,0x80,0x8c,0xe0,0x33,0x62,0x70,0x00,0x20,0x08,0x06,0x0d,0x68,0x06,0x28,0x19,0x04,0xe9,0x18,0x8c,0x18,0x1c,0x00,
    0x08,0x82,0x41,0x13,0x9a,0x81,0x4a,0x06,0x41,0x3a,0x06,0xb3,0x04,0xf8,0x31,0xdc,0xa0,0x77,0x25,0x19,0x80,0xc1,0x2c,0xc3,
    0x79,0xa0,0x47,0x60,0x68,0xd4,0x3f,0xf1,0xb1,0x20,0xfd,0xe4,0x63,0xc1,0xff,0xc0,0x67,0x96,0x00,0x3f,0x86,0x1b,0xfc,0xae,
    0x24,0x03,0x30,0x98,0x65,0xc0,0x8f,0xf4,0x08,0x86,0x1b,0xfe,0x4e,0x24,0x03,0x30,0x98,0x65,0x50,0x8f,0xf5,0x08,0x4c,0x84,
    0xda,0x48,0x3e,0x16,0xb8,0x11,0x7c,0x46,0x0c,0x0e,0x00,0x04,0xc1,0xa0,0x51,0xcd,0x40,0x26,0x83,0x60,0x1e,0x83,0x11,0x83,
    0x03,0x00,0x41,0x30,0x68,0x56,0x33,0xa0,0xc9,0x20,0x98,0xc7,0x60,0x96,0x00,0x3f,0x86,0x1b,0x48,0xcf,0x26,0x03,0x30,0x98,
    0x65,0x60,0x8f,0xf6,0x08,0xec,0x84,0xe4,0x48,0x3e,0x16,0xcc,0x11,0x7c,0x46,0x0c,0x0e,0x00,0x04,0xc1,0xa0,0x79,0xcd,0xe0,
    0x26,0x83,0x00,0x1f,0x83,0x11,0x83,0x03,0x00,0x41,0x30,0x68,0x60,0x33,0xc8,0xc9,0x20,0xc0,0xc7,0x60,0x96,0x00,0x3f,0x86,
    0x1b,0x52,0x6f,0x25,0x03,0x30,0x98,0x65,0x70,0x8f,0xf7,0x08,0x4c,0x1f,0x83,0x3b,0x8a,0x8f,0xb5,0x50,0x20,0x1f,0x0b,0xf2,
    0x08,0x3e,0x23,0x06,0x07,0x00,0x82,0x60,0xd0,0xd4,0x66,0xd0,0x93,0x41,0xe0,0x8f,0xc1,0x88,0xc1,0x01,0x80,0x20,0x18,0x34,
    0xb6,0x19,0xfc,0x64,0x10,0xf8,0x63,0x30,0x4b,0x80,0x1f,0xc3,0x0d,0xaf,0x97,0x93,0x01,0x18,0xcc,0x32,0xc0,0x47,0x7c,0x04,
    0x06,0x92,0x41,0x1f,0xc5,0xc7,0x66,0x28,0x90,0x8f,0x05,0x7f,0x04,0x9f,0x11,0x83,0x03,0x00,0x41,0x30,0x68,0x76,0x33,0x18,
    0xcb,0x20,0x20,0xc9,0x60,0xc4,0xe0,0x00,0x40,0x10,0x0c,0x1a,0xde,0x0c,0xca,0x32,0x08,0x48,0x32,0x98,0x25,0xc0,0x8f,0x5a,
    0x3f,0x9d,0x0c,0x74,0xb8,0x21,0xd0,0xc9,0x00,0x0c,0x66,0x19,0xf0,0x43,0x3e,0x82,0xe1,0x86,0xdb,0xfb,0xc9,0x00,0x0c,0x66,
    0x19,0xe6,0x83,0x3e,0x02,0xbb,0xa1,0x95,0x0c,0xe0,0x63,0x37,0xc4,0x92,0x01,0x7c,0xec,0x86,0x5a,0x32,0x80,0x8f,0x95,0x92,
    0x4b,0x06,0xf0,0xb1,0x52,0x7a,0xc9,0x00,0x3e,0x56,0x4a,0x30,0x19,0xc0,0x67,0xc4,0x60,0x01,0x40,0x10,0x0c,0x30,0xf1,0x0c,
    0xec,0x32,0x18,0x84,0xc0,0x28,0x08,0x0b,0x68,0x32,0x90,0xcf,0x88,0xc1,0x01,0x80,0x20,0x18,0x34,0xe8,0x19,0xc0,0x65,0x10,
    0xc4,0x64,0x30,0x62,0x70,0x00,0x20,0x08,0x06,0x4d,0x7a,0x06,0x72,0x19,0x04,0x31,0x19,0xcc,0x12,0xe0,0xc7,0x70,0x83,0xf8,
    0xed,0x65,0x00,0x06,0xb3,0x0c,0xf5,0x61,0x1f,0x81,0x95,0x11,0x2c,0xc9,0xc7,0x60,0x28,0x80,0xcf,0x88,0xc1,0x01,0x80,0x20,
    0x18,0x34,0xed,0x19,0xd4,0x65,0x10,0xd8,0x64,0x30,0x62,0x70,0x00,0x20,0x08,0x06,0x8d,0x7b,0x06,0x77,0x19,0x04,0x36,0x19,
    0xcc,0x12,0xe0,0xc7,0x70,0xc3,0xf9,0xed,0x65,0x00,0x06,0xb3,0x0c,0xf7,0x81,0x1f,0x81,0xd1,0x50,0x2d,0xc9,0xc7,0x72,0x32,
    0xa8,0xa1,0xf8,0x58,0xc0,0x46,0xf2,0xb1,0x60,0x80,0xcf,0x88,0xc1,0x01,0x80,0x20,0x18,0x34,0xf4,0x19,0xf0,0x65,0x10,0xf4,
    0x64,0x30,0x62,0x70,0x00,0x20,0x08,0x06,0x4d,0x7d,0x06,0x7e,0x19,0x04,0x3d,0x19,0xcc,0x12,0xe0,0xc7,0x40,0x75,0x30,0xe0,
    0xc6,0x6b,0xb8,0x46,0x6c,0x90,0xc6,0x6c,0xf0,0x45,0x6d,0xc8,0xc5,0x6d,0x98,0x45,0x6e,0xf8,0xc4,0x6e,0xc8,0x44,0x6f,0xa8,
    0xc4,0x6f,0x88,0x44,0x78,0xd8,0xc3,0x78,0xa8,0x43,0x79,0x88,0xc3,0x79,0xd8,0x82,0x7a,0xb0,0x02,0x7b,0x80,0x82,0x7b,0xd0,
    0x01,0x7c,0x68,0xf3,0x01,0xd5,0x87,0x70,0x1f,0x6c,0x18,0xac,0x86,0x5d,0x06,0xac,0x01,0x8e,0x41,0x6b,0xd8,0x65,0x80,0x1e,
    0x6c,0x18,0xc4,0x87,0x1d,0x0a,0xf6,0x31,0xdc,0xf0,0x7f,0x77,0x19,0x80,0xc1,0x74,0xc3,0x3c,0x08,0xc1,0x74,0x43,0x18,0x06,
    0xf7,0x20,0x7f,0xd3,0x0d,0x61,0x18,0xdc,0xc3,0xfc,0x4d,0x37,0x84,0x61,0x70,0x0f,0xf4,0x37,0xdd,0x10,0x86,0x01,0x51,0x7f,
    0xd3,0x0d,0xfb,0x10,0x86,0x81,0xfd,0x4d,0x37,0xec,0x43,0x18,0x06,0xf7,0x37,0xdd,0xb0,0x0f,0x61,0x18,0xe0,0xdf,0x74,0x03,
    0x12,0x86,0x41,0xfe,0x95,0xef,0xb5,0x67,0x80,0x15,0xec,0x67,0xa0,0xd6,0x83,0x01,0x7f,0x06,0x30,0x18,0x6e,0x08,0xf6,0x33,
    0x40,0x83,0x59,0x06,0x22,0x3f,0x82,0x81,0x8e,0x41,0x17,0x85,0x42,0x17,0x05,0x02,0xc3,0x8f,0x81,0x8e,0x41,0x17,0x85,0x42,
    0x17,0x05,0x02,0xc3,0x8f,0x81,0x8e,0x41,0x17,0x85,0x42,0x17,0x05,0x02,0xc3,0x8f,0x81,0x8e,0x41,0x17,0x85,0x42,0x17,0x05,
    0x02,0xc3,0x8f,0x59,0x86,0xfd,0xd0,0x8f,0x3d,0x0c,0x8c,0xa8,0xc3,0x00,0x3e,0x46,0xd4,0x61,0x00,0x1f,0x23,0xea,0x30,0x80,
    0xcf,0x2c,0xc1,0x7e,0x0c,0x54,0x0c,0x86,0x7e,0x38,0xf9,0x31,0x50,0x31,0x18,0xfa,0xe1,0xe4,0xc7,0x40,0xc5,0x60,0xe8,0x87,
    0x93,0x1f,0xb3,0x0c,0x2b,0xc2,0x1f,0xab,0x18,0x8c,0x18,0x1c,0x00,0x08,0x82,0xc1,0xa6,0xa2,0x01,0x6d,0x06,0x36,0x19,0x98,
    0x68,0x30,0x9a,0x10,0x00,0x96,0xa4,0x66,0x20,0x9f,0x11,0x03,0x03,0x00,0x41,0x30,0x78,0x62,0x34,0xf0,0xcd,0x20,0x18,0x31,
    0x30,0x00,0x10,0x04,0x83,0x47,0x46,0x03,0xdf,0x0c,0x06,0x0b,0x5a,0x33,0x90,0xcf,0x88,0x81,0x01,0x80,0x20,0x18,0x3c,0x34,
    0x1a,0x80,0x67,0x10,0x58,0x30,0xc0,0xa7,0x64,0x31,0x38,0xd1,0x40,0x87,0x1b,0x02,0x18,0x0d,0xc0,0x60,0x96,0x21,0x45,0xfa,
    0x23,0x18,0x6e,0x98,0xc5,0x40,0x46,0x03,0x30,0x98,0x65,0x48,0x11,0xff,0x08,0x86,0x1b,0x68,0x31,0x78,0xd1,0x00,0x0c,0x66,
    0x19,0xfe,0x03,0x44,0x82,0xe1,0x88,0xa4,0x20,0xbe,0x59,0x82,0x14,0x19,0x6e,0xb0,0xc5,0xe0,0x45,0x03,0x30,0x98,0x65,0x08,
    0x11,0x11,0x09,0x86,0x23,0x96,0x23,0xf8,0x66,0x09,0x52,0x64,0xb8,0x01,0x17,0x03,0x18,0x0d,0xc0,0x60,0x96,0x61,0x44,0x48,
    0x24,0x18,0x8e,0x68,0x92,0xe2,0x9b,0x25,0x48,0x91,0xe1,0x06,0x5d,0x0c,0x62,0x34,0x00,0x83,0x59,0x86,0x12,0x31,0x91,0x60,
    0x38,0xe2,0x59,0x84,0x6f,0x96,0x20,0x45,0x86,0x1b,0x78,0x31,0xc0,0xd1,0x00,0x0c,0x66,0x19,0x4e,0x04,0x45,0x82,0xe1,0x88,
    0xa8,0x71,0xbe,0x59,0x82,0x14,0x19,0x8e,0x90,0x9c,0xe1,0x1b,0x6e,0xf8,0xc5,0xa0,0x46,0x83,0x30,0xa8,0x40,0xd8,0x59,0x82,
    0x14,0x19,0x28,0x52,0xb0,0xff,0xa0,0x42,0x04,0x1a,0x11,0xa6,0x44,0x90,0x13,0x21,0x61,0x81,0x3f,0x44,0x58,0xe8,0x0f,0x01,
    0x45,0x66,0x19,0x56,0x44,0x45,0x82,0x11,0x03,0x03,0x00,0x41,0x30,0x58,0xd2,0x34,0xa8,0xcf,0x60,0x44,0x83,0x59,0x82,0x15,
    0x99,0x65,0x98,0x11,0x16,0x01,0xc7,0x60,0xb8,0xc1,0x17,0x03,0x30,0x0d,0xc0,0x60,0x96,0x41,0x46,0x5a,0x24,0x30,0xb7,0x0c,
    0xda,0x32,0xa0,0xcf,0x88,0xc1,0x01,0x80,0x20,0x18,0x6c,0x65,0x1a,0xbc,0x67,0x10,0x97,0x41,0x8e,0x06,0xa3,0x09,0x01,0x30,
    0x9a,0x20,0x04,0xa3,0x09,0x83,0x30,0xdc,0x40,0x8e,0xc1,0x99,0x06,0x60,0x30,0xcb,0xe0,0x22,0x2f,0x12,0x98,0x60,0xc8,0xc7,
    0x82,0xf2,0x0c,0xe4,0x33,0x62,0x60,0x00,0x20,0x08,0x06,0x0f,0x9c,0x06,0xf3,0x19,0x04,0x23,0x06,0x07,0x00,0x82,0x60,0xd0,
    0xc8,0x69,0xa0,0x9f,0x41,0xb0,0x9b,0xc1,0x88,0xc1,0x01,0x80,0x20,0x18,0x34,0x73,0x1a,0xf0,0x67,0x10,0xec,0x66,0x30,0x4b,
    0x20,0x23,0xc3,0x0d,0xea,0x18,0xa4,0x69,0x00,0x06,0xb3,0x0c,0x30,0x12,0x23,0x81,0x21,0x8c,0x7c,0x2c,0x08,0xe4,0x63,0x01,
    0x7b,0x06,0xf2,0x19,0x31,0x30,0x00,0x10,0x04,0x83,0xe7,0x4e,0x03,0xfd,0x0c,0x82,0x11,0x83,0x03,0x00,0x41,0x30,0x68,0xf2,
    0x34,0x08,0xd1,0x20,0x10,0xcf,0x60,0xc4,0xe0,0x00,0x40,0x10,0x0c,0x1a,0x3d,0x0d,0x46,0x34,0x08,0xc4,0x33,0x98,0x25,0x90,
    0x11,0x7b,0xa0,0xf8,0x8c,0x18,0x18,0x00,0x08,0x82,0xc1,0xb3,0xa7,0x81,0x9c,0x06,0xc1,0x70,0x44,0xb0,0x9e,0x01,0xf1,0x0d,
    0x47,0x0c,0xe7,0x19,0x10,0xdf,0x74,0x03,0x7c,0x06,0xed,0x19,0x04,0xd3,0x0d,0x41,0x31,0x58,0x85,0xc5,0xc7,0x02,0x81,0x3e,
    0x23,0x06,0x07,0x00,0x82,0x60,0xd0,0x8c,0x6a,0xb0,0xa2,0x41,0xc0,0x9e,0xc1,0x88,0xc1,0x01,0x80,0x20,0x18,0x34,0xa4,0x1a,
    0xb4,0x68,0x10,0xb0,0x67,0x30,0x4b,0x20,0x23,0x03,0x25,0x03,0x19,0xb8,0x88,0x05,0x23,0x42,0x8c,0xb0,0xac,0xc0,0x22,0x23,
    0x06,0x07,0x00,0x82,0x60,0xb0,0x85,0x6a,0xb0,0xa2,0x41,0x6b,0x06,0x74,0x1a,0x8c,0x26,0x04,0xc0,0x68,0x82,0x10,0x8c,0x26,
    0x0c,0x82,0xf9,0xc1,0x10,0x1f,0xf3,0x83,0x21,0x3e,0xe6,0x07,0x43,0x7c,0x6c,0x40,0xe4,0x63,0x43,0x22,0x1f,0x1b,0x14,0xf9,
    0xd8,0x90,0xc0,0xc7,0x86,0x04,0x3e,0x36,0x24,0xf0,0x99,0x25,0x98,0x91,0x81,0x8a,0xc1,0x90,0x11,0x97,0x58,0x91,0x81,0x8a,
    0xc1,0x90,0x11,0x97,0x58,0x91,0x81,0x8a,0xc1,0x90,0x11,0x97,0x58,0x11,0x73,0x85,0x9c,0x0c,0xe4,0x33,0x62,0x70,0x00,0x20,
    0x08,0x06,0xcd,0xad,0x06,0x3f,0x1a,0x10,0x20,0x1a,0x8c,0x18,0x1c,0x00,0x08,0x82,0x41,0x83,0xab,0x01,0x98,0x06,0x44,0x88,
    0x06,0x23,0x06,0x07,0x00,0x82,0x60,0xd0,0xe4,0x6a,0x10,0xa6,0x01,0x21,0xa2,0xc1,0x88,0xc1,0x01,0x80,0x20,0x18,0x34,0xba,
    0x1a,0x88,0x69,0x40,0x8c,0x68,0x30,0x62,0x70,0x00,0x20,0x08,0x06,0xcd,0xae,0x06,0x64,0x1a,0x10,0x23,0x1a,0x8c,0x18,0x1c,
    0x00,0x08,0x82,0x41,0xc3,0xab,0x41,0x99,0x06,0x04,0x89,0x06,0x23,0x06,0x07,0x00,0x82,0x60,0xd0,0xf4,0x6a,0x60,0xa6,0x01,
    0x51,0xa2,0xc1,0x88,0xc1,0x01,0x80,0x20,0x18,0x34,0xbe,0x1a,0x9c,0x69,0x40,0x98,0x68,0x30,0x62,0x90,0x00,0x20,0x08,0x06,
    0x48,0xb8,0x06,0xb0,0x1a,0xdc,0x6a,0x70,0xab,0x01,0xa9,0x06,0xc4,0x88,0x41,0x02,0x80,0x20,0x18,0x20,0xe1,0x1a,0xc0,0x6a,
    0x70,0xab,0xc1,0xad,0x06,0xa2,0x1a,0x0c,0x23,0x06,0x09,0x00,0x82,0x60,0x80,0x84,0x6b,0x00,0xab,0xc1,0xad,0x06,0xb7,0x1a,
    0x8c,0x6a,0x20,0x8c,0x18,0x24,0x00,0x08,0x82,0x01,0x12,0xae,0x01,0xac,0x06,0xb7,0x1a,0xdc,0x6a,0x60,0xaa,0x41,0x80,0x00,
    0x00,0x00,0x00,0x00,
};
