// Generated by compile_native_shaders.py. Native payload; never a bgfx container.
static const unsigned char s_sdl_dxil_fs_ff_stage_cube_compare1[] = {
    0x44,0x58,0x42,0x43,0xca,0xb2,0x11,0xe0,0x44,0x2d,0x0e,0x75,0x88,0xed,0x65,0x17,0xa9,0x20,0xd4,0x55,0x01,0x00,0x00,0x00,
    0xf0,0xde,0x00,0x00,0x07,0x00,0x00,0x00,0x3c,0x00,0x00,0x00,0x4c,0x00,0x00,0x00,0x34,0x02,0x00,0x00,0x70,0x02,0x00,0x00,
    0x5c,0x08,0x00,0x00,0x80,0x18,0x00,0x00,0x9c,0x18,0x00,0x00,0x53,0x46,0x49,0x30,0x08,0x00,0x00,0x00,0x00,0x00,0x00,0x00,
    0x00,0x00,0x00,0x00,0x49,0x53,0x47,0x31,0xe0,0x01,0x00,0x00,0x0e,0x00,0x00,0x00,0x08,0x00,0x00,0x00,0x00,0x00,0x00,0x00,
    0xc8,0x01,0x00,0x00,0x00,0x00,0x00,0x00,0x01,0x00,0x00,0x00,0x03,0x00,0x00,0x00,0x00,0x00,0x00,0x00,0x0f,0x00,0x00,0x00,
    0x00,0x00,0x00,0x00,0x00,0x00,0x00,0x00,0xd4,0x01,0x00,0x00,0x00,0x00,0x00,0x00,0x00,0x00,0x00,0x00,0x03,0x00,0x00,0x00,
    0x01,0x00,0x00,0x00,0x0f,0x0f,0x00,0x00,0x00,0x00,0x00,0x00,0x00,0x00,0x00,0x00,0xd4,0x01,0x00,0x00,0x01,0x00,0x00,0x00,
    0x00,0x00,0x00,0x00,0x03,0x00,0x00,0x00,0x02,0x00,0x00,0x00,0x0f,0x0f,0x00,0x00,0x00,0x00,0x00,0x00,0x00,0x00,0x00,0x00,
    0xd4,0x01,0x00,0x00,0x02,0x00,0x00,0x00,0x00,0x00,0x00,0x00,0x03,0x00,0x00,0x00,0x03,0x00,0x00,0x00,0x0f,0x0f,0x00,0x00,
    0x00,0x00,0x00,0x00,0x00,0x00,0x00,0x00,0xd4,0x01,0x00,0x00,0x03,0x00,0x00,0x00,0x00,0x00,0x00,0x00,0x03,0x00,0x00,0x00,
    0x04,0x00,0x00,0x00,0x0f,0x0f,0x00,0x00,0x00,0x00,0x00,0x00,0x00,0x00,0x00,0x00,0xd4,0x01,0x00,0x00,0x04,0x00,0x00,0x00,
    0x00,0x00,0x00,0x00,0x03,0x00,0x00,0x00,0x05,0x00,0x00,0x00,0x0f,0x0f,0x00,0x00,0x00,0x00,0x00,0x00,0x00,0x00,0x00,0x00,
    0xd4,0x01,0x00,0x00,0x05,0x00,0x00,0x00,0x00,0x00,0x00,0x00,0x03,0x00,0x00,0x00,0x06,0x00,0x00,0x00,0x0f,0x0f,0x00,0x00,
    0x00,0x00,0x00,0x00,0x00,0x00,0x00,0x00,0xd4,0x01,0x00,0x00,0x06,0x00,0x00,0x00,0x00,0x00,0x00,0x00,0x03,0x00,0x00,0x00,
    0x07,0x00,0x00,0x00,0x0f,0x0f,0x00,0x00,0x00,0x00,0x00,0x00,0x00,0x00,0x00,0x00,0xd4,0x01,0x00,0x00,0x07,0x00,0x00,0x00,
    0x00,0x00,0x00,0x00,0x03,0x00,0x00,0x00,0x08,0x00,0x00,0x00,0x0f,0x0f,0x00,0x00,0x00,0x00,0x00,0x00,0x00,0x00,0x00,0x00,
    0xd4,0x01,0x00,0x00,0x08,0x00,0x00,0x00,0x00,0x00,0x00,0x00,0x03,0x00,0x00,0x00,0x09,0x00,0x00,0x00,0x0f,0x0f,0x00,0x00,
    0x00,0x00,0x00,0x00,0x00,0x00,0x00,0x00,0xd4,0x01,0x00,0x00,0x09,0x00,0x00,0x00,0x00,0x00,0x00,0x00,0x03,0x00,0x00,0x00,
    0x0a,0x00,0x00,0x00,0x0f,0x0f,0x00,0x00,0x00,0x00,0x00,0x00,0x00,0x00,0x00,0x00,0xd4,0x01,0x00,0x00,0x0a,0x00,0x00,0x00,
    0x00,0x00,0x00,0x00,0x03,0x00,0x00,0x00,0x0b,0x00,0x00,0x00,0x0f,0x0f,0x00,0x00,0x00,0x00,0x00,0x00,0x00,0x00,0x00,0x00,
    0xd4,0x01,0x00,0x00,0x0b,0x00,0x00,0x00,0x00,0x00,0x00,0x00,0x03,0x00,0x00,0x00,0x0c,0x00,0x00,0x00,0x0f,0x0f,0x00,0x00,
    0x00,0x00,0x00,0x00,0x00,0x00,0x00,0x00,0xd4,0x01,0x00,0x00,0x0c,0x00,0x00,0x00,0x00,0x00,0x00,0x00,0x03,0x00,0x00,0x00,
    0x0d,0x00,0x00,0x00,0x0f,0x0d,0x00,0x00,0x00,0x00,0x00,0x00,0x53,0x56,0x5f,0x50,0x6f,0x73,0x69,0x74,0x69,0x6f,0x6e,0x00,
    0x54,0x45,0x58,0x43,0x4f,0x4f,0x52,0x44,0x00,0x00,0x00,0x00,0x4f,0x53,0x47,0x31,0x34,0x00,0x00,0x00,0x01,0x00,0x00,0x00,
    0x08,0x00,0x00,0x00,0x00,0x00,0x00,0x00,0x28,0x00,0x00,0x00,0x00,0x00,0x00,0x00,0x40,0x00,0x00,0x00,0x03,0x00,0x00,0x00,
    0x00,0x00,0x00,0x00,0x0f,0x00,0x00,0x00,0x00,0x00,0x00,0x00,0x53,0x56,0x5f,0x54,0x61,0x72,0x67,0x65,0x74,0x00,0x00,0x00,
    0x50,0x53,0x56,0x30,0xe4,0x05,0x00,0x00,0x34,0x00,0x00,0x00,0x00,0x00,0x00,0x00,0x00,0x00,0x00,0x00,0x00,0x00,0x00,0x00,
    0x00,0x00,0x00,0x00,0x00,0x00,0x00,0x00,0xff,0xff,0xff,0xff,0x00,0x00,0x00,0x00,0x0e,0x01,0x00,0x0e,0x01,0x00,0x00,0x00,
    0x00,0x00,0x00,0x00,0x00,0x00,0x00,0x00,0x00,0x00,0x00,0x00,0x76,0x00,0x00,0x00,0x21,0x00,0x00,0x00,0x18,0x00,0x00,0x00,
    0x02,0x00,0x00,0x00,0x03,0x00,0x00,0x00,0x00,0x00,0x00,0x00,0x00,0x00,0x00,0x00,0x0d,0x00,0x00,0x00,0x00,0x00,0x00,0x00,
    0x01,0x00,0x00,0x00,0x02,0x00,0x00,0x00,0x00,0x00,0x00,0x00,0x00,0x00,0x00,0x00,0x0e,0x00,0x00,0x00,0x00,0x00,0x00,0x00,
    0x01,0x00,0x00,0x00,0x02,0x00,0x00,0x00,0x01,0x00,0x00,0x00,0x01,0x00,0x00,0x00,0x0e,0x00,0x00,0x00,0x00,0x00,0x00,0x00,
    0x01,0x00,0x00,0x00,0x02,0x00,0x00,0x00,0x02,0x00,0x00,0x00,0x02,0x00,0x00,0x00,0x0e,0x00,0x00,0x00,0x00,0x00,0x00,0x00,
    0x01,0x00,0x00,0x00,0x02,0x00,0x00,0x00,0x03,0x00,0x00,0x00,0x03,0x00,0x00,0x00,0x0e,0x00,0x00,0x00,0x00,0x00,0x00,0x00,
    0x01,0x00,0x00,0x00,0x02,0x00,0x00,0x00,0x04,0x00,0x00,0x00,0x04,0x00,0x00,0x00,0x0e,0x00,0x00,0x00,0x00,0x00,0x00,0x00,
    0x01,0x00,0x00,0x00,0x02,0x00,0x00,0x00,0x05,0x00,0x00,0x00,0x05,0x00,0x00,0x00,0x0e,0x00,0x00,0x00,0x00,0x00,0x00,0x00,
    0x01,0x00,0x00,0x00,0x02,0x00,0x00,0x00,0x06,0x00,0x00,0x00,0x06,0x00,0x00,0x00,0x0e,0x00,0x00,0x00,0x00,0x00,0x00,0x00,
    0x01,0x00,0x00,0x00,0x02,0x00,0x00,0x00,0x07,0x00,0x00,0x00,0x07,0x00,0x00,0x00,0x0e,0x00,0x00,0x00,0x00,0x00,0x00,0x00,
    0x01,0x00,0x00,0x00,0x02,0x00,0x00,0x00,0x08,0x00,0x00,0x00,0x08,0x00,0x00,0x00,0x0e,0x00,0x00,0x00,0x00,0x00,0x00,0x00,
    0x01,0x00,0x00,0x00,0x02,0x00,0x00,0x00,0x09,0x00,0x00,0x00,0x09,0x00,0x00,0x00,0x0e,0x00,0x00,0x00,0x00,0x00,0x00,0x00,
    0x01,0x00,0x00,0x00,0x02,0x00,0x00,0x00,0x0a,0x00,0x00,0x00,0x0a,0x00,0x00,0x00,0x0e,0x00,0x00,0x00,0x00,0x00,0x00,0x00,
    0x01,0x00,0x00,0x00,0x02,0x00,0x00,0x00,0x0b,0x00,0x00,0x00,0x0b,0x00,0x00,0x00,0x0e,0x00,0x00,0x00,0x00,0x00,0x00,0x00,
    0x01,0x00,0x00,0x00,0x02,0x00,0x00,0x00,0x0c,0x00,0x00,0x00,0x0c,0x00,0x00,0x00,0x0e,0x00,0x00,0x00,0x00,0x00,0x00,0x00,
    0x01,0x00,0x00,0x00,0x02,0x00,0x00,0x00,0x0d,0x00,0x00,0x00,0x0d,0x00,0x00,0x00,0x0e,0x00,0x00,0x00,0x00,0x00,0x00,0x00,
    0x01,0x00,0x00,0x00,0x02,0x00,0x00,0x00,0x0e,0x00,0x00,0x00,0x0e,0x00,0x00,0x00,0x0e,0x00,0x00,0x00,0x00,0x00,0x00,0x00,
    0x01,0x00,0x00,0x00,0x02,0x00,0x00,0x00,0x0f,0x00,0x00,0x00,0x0f,0x00,0x00,0x00,0x0e,0x00,0x00,0x00,0x00,0x00,0x00,0x00,
    0x03,0x00,0x00,0x00,0x02,0x00,0x00,0x00,0x00,0x00,0x00,0x00,0x00,0x00,0x00,0x00,0x02,0x00,0x00,0x00,0x00,0x00,0x00,0x00,
    0x03,0x00,0x00,0x00,0x02,0x00,0x00,0x00,0x01,0x00,0x00,0x00,0x01,0x00,0x00,0x00,0x02,0x00,0x00,0x00,0x00,0x00,0x00,0x00,
    0x03,0x00,0x00,0x00,0x02,0x00,0x00,0x00,0x02,0x00,0x00,0x00,0x02,0x00,0x00,0x00,0x02,0x00,0x00,0x00,0x00,0x00,0x00,0x00,
    0x03,0x00,0x00,0x00,0x02,0x00,0x00,0x00,0x03,0x00,0x00,0x00,0x03,0x00,0x00,0x00,0x02,0x00,0x00,0x00,0x00,0x00,0x00,0x00,
    0x03,0x00,0x00,0x00,0x02,0x00,0x00,0x00,0x04,0x00,0x00,0x00,0x04,0x00,0x00,0x00,0x05,0x00,0x00,0x00,0x00,0x00,0x00,0x00,
    0x03,0x00,0x00,0x00,0x02,0x00,0x00,0x00,0x05,0x00,0x00,0x00,0x05,0x00,0x00,0x00,0x05,0x00,0x00,0x00,0x00,0x00,0x00,0x00,
    0x03,0x00,0x00,0x00,0x02,0x00,0x00,0x00,0x06,0x00,0x00,0x00,0x06,0x00,0x00,0x00,0x05,0x00,0x00,0x00,0x00,0x00,0x00,0x00,
    0x03,0x00,0x00,0x00,0x02,0x00,0x00,0x00,0x07,0x00,0x00,0x00,0x07,0x00,0x00,0x00,0x05,0x00,0x00,0x00,0x00,0x00,0x00,0x00,
    0x03,0x00,0x00,0x00,0x02,0x00,0x00,0x00,0x08,0x00,0x00,0x00,0x08,0x00,0x00,0x00,0x05,0x00,0x00,0x00,0x00,0x00,0x00,0x00,
    0x03,0x00,0x00,0x00,0x02,0x00,0x00,0x00,0x09,0x00,0x00,0x00,0x09,0x00,0x00,0x00,0x05,0x00,0x00,0x00,0x00,0x00,0x00,0x00,
    0x03,0x00,0x00,0x00,0x02,0x00,0x00,0x00,0x0a,0x00,0x00,0x00,0x0a,0x00,0x00,0x00,0x05,0x00,0x00,0x00,0x00,0x00,0x00,0x00,
    0x03,0x00,0x00,0x00,0x02,0x00,0x00,0x00,0x0b,0x00,0x00,0x00,0x0b,0x00,0x00,0x00,0x05,0x00,0x00,0x00,0x00,0x00,0x00,0x00,
    0x03,0x00,0x00,0x00,0x02,0x00,0x00,0x00,0x0c,0x00,0x00,0x00,0x0c,0x00,0x00,0x00,0x04,0x00,0x00,0x00,0x00,0x00,0x00,0x00,
    0x03,0x00,0x00,0x00,0x02,0x00,0x00,0x00,0x0d,0x00,0x00,0x00,0x0d,0x00,0x00,0x00,0x04,0x00,0x00,0x00,0x00,0x00,0x00,0x00,
    0x03,0x00,0x00,0x00,0x02,0x00,0x00,0x00,0x0e,0x00,0x00,0x00,0x0e,0x00,0x00,0x00,0x04,0x00,0x00,0x00,0x00,0x00,0x00,0x00,
    0x03,0x00,0x00,0x00,0x02,0x00,0x00,0x00,0x0f,0x00,0x00,0x00,0x0f,0x00,0x00,0x00,0x04,0x00,0x00,0x00,0x00,0x00,0x00,0x00,
    0x7c,0x00,0x00,0x00,0x00,0x54,0x45,0x58,0x43,0x4f,0x4f,0x52,0x44,0x00,0x54,0x45,0x58,0x43,0x4f,0x4f,0x52,0x44,0x00,0x54,
    0x45,0x58,0x43,0x4f,0x4f,0x52,0x44,0x00,0x54,0x45,0x58,0x43,0x4f,0x4f,0x52,0x44,0x00,0x54,0x45,0x58,0x43,0x4f,0x4f,0x52,
    0x44,0x00,0x54,0x45,0x58,0x43,0x4f,0x4f,0x52,0x44,0x00,0x54,0x45,0x58,0x43,0x4f,0x4f,0x52,0x44,0x00,0x54,0x45,0x58,0x43,
    0x4f,0x4f,0x52,0x44,0x00,0x54,0x45,0x58,0x43,0x4f,0x4f,0x52,0x44,0x00,0x54,0x45,0x58,0x43,0x4f,0x4f,0x52,0x44,0x00,0x54,
    0x45,0x58,0x43,0x4f,0x4f,0x52,0x44,0x00,0x54,0x45,0x58,0x43,0x4f,0x4f,0x52,0x44,0x00,0x54,0x45,0x58,0x43,0x4f,0x4f,0x52,
    0x44,0x00,0x6d,0x61,0x69,0x6e,0x00,0x00,0x0d,0x00,0x00,0x00,0x00,0x00,0x00,0x00,0x01,0x00,0x00,0x00,0x02,0x00,0x00,0x00,
    0x03,0x00,0x00,0x00,0x04,0x00,0x00,0x00,0x05,0x00,0x00,0x00,0x06,0x00,0x00,0x00,0x07,0x00,0x00,0x00,0x08,0x00,0x00,0x00,
    0x09,0x00,0x00,0x00,0x0a,0x00,0x00,0x00,0x0b,0x00,0x00,0x00,0x0c,0x00,0x00,0x00,0x10,0x00,0x00,0x00,0x00,0x00,0x00,0x00,
    0x00,0x00,0x00,0x00,0x01,0x00,0x44,0x03,0x03,0x04,0x00,0x00,0x01,0x00,0x00,0x00,0x00,0x00,0x00,0x00,0x01,0x01,0x44,0x00,
    0x03,0x02,0x00,0x00,0x0a,0x00,0x00,0x00,0x01,0x00,0x00,0x00,0x01,0x02,0x44,0x00,0x03,0x02,0x00,0x00,0x13,0x00,0x00,0x00,
    0x02,0x00,0x00,0x00,0x01,0x03,0x44,0x00,0x03,0x01,0x00,0x00,0x1c,0x00,0x00,0x00,0x03,0x00,0x00,0x00,0x01,0x04,0x44,0x00,
    0x03,0x01,0x00,0x00,0x25,0x00,0x00,0x00,0x04,0x00,0x00,0x00,0x01,0x05,0x44,0x00,0x03,0x02,0x00,0x00,0x2e,0x00,0x00,0x00,
    0x05,0x00,0x00,0x00,0x01,0x06,0x44,0x00,0x03,0x02,0x00,0x00,0x37,0x00,0x00,0x00,0x06,0x00,0x00,0x00,0x01,0x07,0x44,0x00,
    0x03,0x02,0x00,0x00,0x40,0x00,0x00,0x00,0x07,0x00,0x00,0x00,0x01,0x08,0x44,0x00,0x03,0x02,0x00,0x00,0x49,0x00,0x00,0x00,
    0x08,0x00,0x00,0x00,0x01,0x09,0x44,0x00,0x03,0x02,0x00,0x00,0x52,0x00,0x00,0x00,0x09,0x00,0x00,0x00,0x01,0x0a,0x44,0x00,
    0x03,0x02,0x00,0x00,0x5b,0x00,0x00,0x00,0x0a,0x00,0x00,0x00,0x01,0x0b,0x44,0x00,0x03,0x02,0x00,0x00,0x64,0x00,0x00,0x00,
    0x0b,0x00,0x00,0x00,0x01,0x0c,0x44,0x00,0x03,0x02,0x00,0x00,0x6d,0x00,0x00,0x00,0x0c,0x00,0x00,0x00,0x01,0x0d,0x44,0x00,
    0x03,0x02,0x00,0x00,0x00,0x00,0x00,0x00,0x00,0x00,0x00,0x00,0x01,0x00,0x44,0x10,0x03,0x00,0x00,0x00,0x00,0x00,0x00,0x00,
    0x00,0x00,0x00,0x00,0x00,0x00,0x00,0x00,0x00,0x00,0x00,0x00,0x0f,0x00,0x00,0x00,0x0f,0x00,0x00,0x00,0x0f,0x00,0x00,0x00,
    0x0f,0x00,0x00,0x00,0x0f,0x00,0x00,0x00,0x0f,0x00,0x00,0x00,0x0f,0x00,0x00,0x00,0x0f,0x00,0x00,0x00,0x0f,0x00,0x00,0x00,
    0x0f,0x00,0x00,0x00,0x0f,0x00,0x00,0x00,0x0f,0x00,0x00,0x00,0x0f,0x00,0x00,0x00,0x0f,0x00,0x00,0x00,0x0f,0x00,0x00,0x00,
    0x0f,0x00,0x00,0x00,0x0f,0x00,0x00,0x00,0x0f,0x00,0x00,0x00,0x0f,0x00,0x00,0x00,0x0f,0x00,0x00,0x00,0x0f,0x00,0x00,0x00,
    0x0f,0x00,0x00,0x00,0x0f,0x00,0x00,0x00,0x0f,0x00,0x00,0x00,0x0f,0x00,0x00,0x00,0x0f,0x00,0x00,0x00,0x0f,0x00,0x00,0x00,
    0x0f,0x00,0x00,0x00,0x0f,0x00,0x00,0x00,0x0f,0x00,0x00,0x00,0x0f,0x00,0x00,0x00,0x0f,0x00,0x00,0x00,0x0f,0x00,0x00,0x00,
    0x0f,0x00,0x00,0x00,0x0f,0x00,0x00,0x00,0x0f,0x00,0x00,0x00,0x0f,0x00,0x00,0x00,0x0f,0x00,0x00,0x00,0x0f,0x00,0x00,0x00,
    0x0f,0x00,0x00,0x00,0x0f,0x00,0x00,0x00,0x0f,0x00,0x00,0x00,0x0f,0x00,0x00,0x00,0x0f,0x00,0x00,0x00,0x0f,0x00,0x00,0x00,
    0x0f,0x00,0x00,0x00,0x0f,0x00,0x00,0x00,0x0f,0x00,0x00,0x00,0x0f,0x00,0x00,0x00,0x00,0x00,0x00,0x00,0x07,0x00,0x00,0x00,
    0x07,0x00,0x00,0x00,0x53,0x54,0x41,0x54,0x1c,0x10,0x00,0x00,0x60,0x00,0x00,0x00,0x07,0x04,0x00,0x00,0x44,0x58,0x49,0x4c,
    0x00,0x01,0x00,0x00,0x10,0x00,0x00,0x00,0x04,0x10,0x00,0x00,0x42,0x43,0xc0,0xde,0x21,0x0c,0x00,0x00,0xfe,0x03,0x00,0x00,
    0x0b,0x82,0x20,0x00,0x02,0x00,0x00,0x00,0x13,0x00,0x00,0x00,0x07,0x81,0x23,0x91,0x41,0xc8,0x04,0x49,0x06,0x10,0x32,0x39,
    0x92,0x01,0x84,0x0c,0x25,0x05,0x08,0x19,0x1e,0x04,0x8b,0x62,0x80,0x18,0x45,0x02,0x42,0x92,0x0b,0x42,0xc4,0x10,0x32,0x14,
    0x38,0x08,0x18,0x4b,0x0a,0x32,0x62,0x88,0x48,0x90,0x14,0x20,0x43,0x46,0x88,0xa5,0x00,0x19,0x32,0x42,0xe4,0x48,0x0e,0x90,
    0x11,0x23,0xc4,0x50,0x41,0x51,0x81,0x8c,0xe1,0x83,0xe5,0x8a,0x04,0x31,0x46,0x06,0x51,0x18,0x00,0x00,0x08,0x00,0x00,0x00,
    0x1b,0x8c,0xe0,0xff,0xff,0xff,0xff,0x07,0x40,0x02,0xa8,0x0d,0x84,0xf0,0xff,0xff,0xff,0xff,0x03,0x20,0x6d,0x30,0x86,0xff,
    0xff,0xff,0xff,0x1f,0x00,0x09,0xa8,0x00,0x49,0x18,0x00,0x00,0x03,0x00,0x00,0x00,0x13,0x82,0x60,0x42,0x20,0x4c,0x08,0x06,
    0x00,0x00,0x00,0x00,0x89,0x20,0x00,0x00,0xb5,0x00,0x00,0x00,0x32,0x22,0x88,0x09,0x20,0x64,0x85,0x04,0x13,0x23,0xa4,0x84,
    0x04,0x13,0x23,0xe3,0x84,0xa1,0x90,0x14,0x12,0x4c,0x8c,0x8c,0x0b,0x84,0xc4,0x4c,0x10,0xfc,0xc1,0x08,0x40,0x09,0x00,0x0a,
    0x66,0x00,0xe6,0x08,0xc0,0x60,0x8e,0x00,0x29,0xc6,0x40,0x10,0x44,0x41,0x90,0x51,0x0c,0x80,0x20,0x88,0x62,0x20,0x64,0x8e,
    0x20,0x28,0x03,0x40,0x28,0xb4,0x94,0x61,0x20,0x06,0x6a,0x8a,0x31,0x10,0xc3,0x30,0x0c,0xf4,0x14,0x62,0x20,0x86,0x81,0xa2,
    0x9b,0x86,0xcb,0x9f,0xb0,0x87,0x90,0xfc,0x95,0x90,0x56,0x62,0xf2,0x8b,0xdb,0x46,0xc5,0x30,0x0c,0x03,0x41,0xc5,0x3d,0xc3,
    0xe5,0x4f,0xd8,0x43,0x48,0x7e,0x08,0x34,0xc3,0x42,0xa0,0x80,0x2a,0xcd,0x44,0x54,0xd5,0x30,0x0c,0x03,0x41,0x10,0xc3,0x40,
    0x56,0x61,0x26,0xa2,0xaa,0x86,0x61,0x18,0x08,0x82,0x18,0x08,0x2b,0xd2,0x44,0x54,0xd5,0x30,0x0c,0x03,0x41,0x10,0xc3,0x30,
    0x0c,0xc3,0x30,0x90,0x76,0xd3,0x70,0xf9,0x13,0xf6,0x10,0x92,0xdf,0x21,0x0c,0xd1,0x48,0x88,0xd3,0x48,0x88,0x20,0x08,0x82,
    0x28,0x04,0x47,0x54,0x04,0x75,0x85,0x20,0x08,0x82,0xa0,0xaf,0x20,0x03,0x31,0x0c,0xc3,0x30,0x0c,0x14,0x1e,0x35,0x5c,0xfe,
    0x84,0x3d,0x84,0xe4,0x73,0x1b,0x55,0xac,0xc4,0xe4,0x17,0xb7,0x8d,0x88,0x61,0x18,0x86,0x42,0x8c,0x44,0x45,0x10,0x59,0x8c,
    0x8a,0x28,0x08,0x42,0x21,0x73,0x20,0x60,0xa6,0x30,0x18,0x07,0x76,0x08,0x87,0x79,0x98,0x07,0x37,0xa0,0x85,0x72,0xc0,0x07,
    0x7a,0xa8,0x07,0x79,0x28,0x07,0x39,0x20,0x05,0x3e,0x30,0x07,0x76,0x78,0x87,0x70,0xa0,0x07,0x3f,0xd0,0x03,0x3d,0x68,0x87,
    0x74,0x80,0x87,0x79,0xf8,0x05,0x7a,0xc8,0x07,0x78,0x28,0x07,0x14,0x10,0x33,0x59,0xe3,0xc0,0x0e,0xe1,0x30,0x0f,0xf3,0xe0,
    0x06,0xb4,0x50,0x0e,0xf8,0x40,0x0f,0xf5,0x20,0x0f,0xe5,0x20,0x07,0xa4,0xc0,0x07,0xe6,0xc0,0x0e,0xef,0x10,0x0e,0xf4,0xe0,
    0x07,0x48,0x18,0x52,0x52,0x87,0x11,0x88,0x61,0xa6,0x36,0x18,0x07,0x76,0x08,0x87,0x79,0x98,0x07,0x37,0xa0,0x85,0x72,0xc0,
    0x07,0x7a,0xa8,0x07,0x79,0x28,0x07,0x39,0x20,0x05,0x3e,0xb0,0x87,0x72,0x18,0x07,0x7a,0x78,0x07,0x79,0xe0,0x03,0x73,0x60,
    0x87,0x77,0x08,0x07,0x7a,0x60,0x03,0x30,0xa0,0x03,0x3f,0x00,0x03,0x3f,0xd0,0x03,0x3d,0x68,0x87,0x74,0x80,0x87,0x79,0xf8,
    0x05,0x7a,0xc8,0x07,0x78,0x28,0x07,0x14,0x10,0x33,0x89,0xc1,0x38,0xb0,0x43,0x38,0xcc,0xc3,0x3c,0xb8,0x01,0x2d,0x94,0x03,
    0x3e,0xd0,0x43,0x3d,0xc8,0x43,0x39,0xc8,0x01,0x29,0xf0,0x81,0x3d,0x94,0xc3,0x38,0xd0,0xc3,0x3b,0xc8,0x03,0x1f,0x98,0x03,
    0x3b,0xbc,0x43,0x38,0xd0,0x03,0x1b,0x80,0x01,0x1d,0xf8,0x01,0x18,0xf8,0x01,0x12,0xd8,0x96,0xdc,0x99,0xc8,0x60,0x1c,0xd8,
    0x21,0x1c,0xe6,0x61,0x1e,0xdc,0x80,0x16,0xca,0x01,0x1f,0xe8,0xa1,0x1e,0xe4,0xa1,0x1c,0x46,0xa1,0x1e,0xc4,0xa1,0x1c,0xf8,
    0xc0,0x1e,0xca,0x61,0x1c,0xe8,0xe1,0x1d,0xe4,0x81,0x0f,0xcc,0x81,0x1d,0xde,0x21,0x1c,0xe8,0x81,0x0d,0xc0,0x80,0x0e,0xfc,
    0x00,0x0c,0xfc,0x00,0x05,0x2c,0xc1,0x33,0xb5,0xc1,0x38,0xb0,0x43,0x38,0xcc,0xc3,0x3c,0xb8,0x01,0x2d,0x94,0x03,0x3e,0xd0,
    0x43,0x3d,0xc8,0x43,0x39,0xcc,0x01,0x29,0xf0,0x81,0x3d,0x94,0xc3,0x38,0xd0,0xc3,0x3b,0xc8,0x03,0x1f,0x98,0x03,0x3b,0xbc,
    0x43,0x38,0xd0,0x03,0x1b,0x80,0x01,0x1d,0xf8,0x01,0x18,0xf8,0x81,0x1e,0xe8,0x41,0x3b,0xa4,0x03,0x3c,0xcc,0xc3,0x2f,0xd0,
    0x43,0x3e,0xc0,0x43,0x39,0xa0,0x80,0x98,0x49,0x0c,0xc6,0x81,0x1d,0xc2,0x61,0x1e,0xe6,0xc1,0x0d,0x68,0xa1,0x1c,0xf0,0x81,
    0x1e,0xea,0x41,0x1e,0xca,0x61,0x0e,0x48,0x81,0x0f,0xec,0xa1,0x1c,0xc6,0x81,0x1e,0xde,0x41,0x1e,0xf8,0xc0,0x1c,0xd8,0xe1,
    0x1d,0xc2,0x81,0x1e,0xd8,0x00,0x0c,0xe8,0xc0,0x0f,0xc0,0xc0,0x0f,0x90,0xc0,0xca,0x34,0x27,0x05,0x9b,0x10,0x6c,0x16,0xb0,
    0xa7,0x70,0xe4,0x17,0x01,0x06,0x43,0x34,0x13,0x32,0x6a,0xdb,0xbe,0x6d,0x9b,0xf0,0xeb,0xa4,0x29,0xa2,0x84,0xc9,0x67,0x01,
    0xe6,0x59,0x88,0x88,0x73,0x98,0x07,0x88,0x10,0xc9,0x69,0xd8,0x09,0x98,0x08,0x14,0x10,0xa4,0xdf,0x24,0x4d,0x11,0x25,0x4c,
    0x3e,0x0b,0x30,0xcf,0x42,0x44,0xec,0x04,0x4c,0x04,0x0a,0x08,0xe2,0x53,0x87,0x00,0x13,0x14,0x72,0xc0,0x87,0x74,0x60,0x87,
    0x36,0x68,0x87,0x79,0x68,0x03,0x72,0xc0,0x87,0x0d,0xaf,0x50,0x0e,0x6d,0xd0,0x0e,0x7a,0x50,0x0e,0x6d,0x00,0x0f,0x7a,0x30,
    0x07,0x72,0xa0,0x07,0x73,0x20,0x07,0x6d,0x90,0x0e,0x71,0xa0,0x07,0x73,0x20,0x07,0x6d,0x90,0x0e,0x78,0xa0,0x07,0x73,0x20,
    0x07,0x6d,0x90,0x0e,0x71,0x60,0x07,0x7a,0x30,0x07,0x72,0xd0,0x06,0xe9,0x30,0x07,0x72,0xa0,0x07,0x73,0x20,0x07,0x6d,0x90,
    0x0e,0x76,0x40,0x07,0x7a,0x60,0x07,0x74,0xd0,0x06,0xe6,0x10,0x07,0x76,0xa0,0x07,0x73,0x20,0x07,0x6d,0x60,0x0e,0x73,0x20,
    0x07,0x7a,0x30,0x07,0x72,0xd0,0x06,0xe6,0x60,0x07,0x74,0xa0,0x07,0x76,0x40,0x07,0x6d,0xe0,0x0e,0x78,0xa0,0x07,0x71,0x60,
    0x07,0x7a,0x30,0x07,0x72,0xa0,0x07,0x76,0x40,0x07,0x43,0x9e,0x00,0x08,0x00,0x00,0x00,0x00,0x00,0x00,0x00,0x00,0x00,0x86,
    0x3c,0x06,0x10,0x00,0x01,0x00,0x00,0x00,0x00,0x00,0x00,0x00,0x0c,0x79,0x10,0x20,0x00,0x04,0x00,0x00,0x00,0x00,0x00,0x00,
    0x00,0x18,0xf2,0x2c,0x40,0x00,0x08,0x00,0x00,0x00,0x00,0x00,0x00,0x00,0x30,0xe4,0x69,0x80,0x00,0x08,0x00,0x00,0x00,0x00,
    0x00,0x00,0x00,0x60,0xc8,0xf3,0x00,0x01,0x10,0x00,0x00,0x00,0x00,0x00,0x00,0x00,0xc0,0x90,0x27,0x02,0x02,0x20,0x00,0x00,
    0x00,0x00,0x00,0x00,0x00,0x80,0x21,0x8f,0x05,0x04,0xc0,0x00,0x00,0x00,0x00,0x00,0x00,0x00,0x00,0x43,0x1e,0x0c,0x08,0x80,
    0x01,0x00,0x00,0x00,0x00,0x00,0x00,0x00,0x86,0x3c,0x1a,0x10,0x00,0x03,0x00,0x00,0x00,0x00,0x00,0x00,0x00,0x0c,0x79,0x2c,
    0x20,0x00,0x06,0x00,0x00,0x00,0x00,0x00,0x00,0x00,0x18,0xf2,0x74,0x40,0x00,0x0c,0x00,0x00,0x00,0x00,0x00,0x00,0x00,0x30,
    0xe4,0xf9,0x80,0x00,0x08,0x00,0x00,0x00,0x00,0x00,0x00,0x00,0x60,0xc8,0x13,0x06,0x40,0x00,0x04,0x00,0x00,0x00,0x00,0x00,
    0x00,0x00,0x30,0xe4,0x21,0x03,0x20,0x00,0x06,0x00,0x00,0x00,0x00,0x00,0x00,0x00,0x18,0xf2,0x98,0x01,0x10,0x00,0x03,0x00,
    0x00,0x00,0x00,0x00,0x00,0x00,0x64,0x81,0x00,0x00,0x00,0x00,0x29,0x00,0x00,0x00,0x32,0x1e,0x98,0x18,0x19,0x11,0x4c,0x90,
    0x8c,0x09,0x26,0x47,0xc6,0x04,0x43,0x22,0x4a,0x60,0x04,0xa0,0x18,0x8a,0xa0,0x24,0xca,0xa0,0x10,0x4a,0xa1,0x1c,0x0a,0xa2,
    0x28,0xca,0xa2,0x30,0x4a,0xa3,0x38,0xca,0xa3,0x40,0x2d,0x0a,0xb0,0xa0,0x00,0x13,0x0a,0xb0,0xa1,0x40,0x1d,0x0a,0x54,0xa2,
    0x08,0x0f,0x4a,0x93,0xa6,0x08,0xe9,0x4a,0xd7,0xa1,0xcc,0x0a,0xad,0x44,0x0f,0xa8,0x28,0x89,0x32,0x28,0x84,0x11,0x80,0x22,
    0x28,0x81,0x02,0x21,0xa5,0x06,0x68,0x9d,0x01,0xa0,0x77,0x06,0x80,0xe2,0x19,0x00,0xa2,0x67,0x00,0x08,0x9f,0x01,0xa0,0x7c,
    0x06,0x80,0xf6,0x19,0x00,0xea,0x67,0x00,0xc8,0x1f,0x4b,0x0f,0xf0,0x80,0x00,0x00,0x00,0x78,0x9e,0xe7,0x79,0x9e,0xe7,0x79,
    0x9e,0xe7,0x79,0x9e,0xe7,0x79,0x9e,0xe7,0x79,0x9e,0xe7,0x79,0x9e,0xe7,0x79,0x9e,0xe7,0x79,0x9e,0xe7,0x79,0x9e,0xe7,0x79,
    0x9e,0xe7,0x79,0x9e,0xe7,0x79,0x80,0xe3,0x00,0x00,0x00,0x00,0x79,0x18,0x00,0x00,0x06,0x02,0x00,0x00,0x1a,0x03,0x4c,0x90,
    0x46,0x02,0x13,0xc4,0x31,0x20,0xc3,0x1b,0x43,0x81,0x93,0x4b,0xb3,0x0b,0xa3,0x2b,0x4b,0x01,0x89,0x71,0xc1,0x71,0x81,0x71,
    0xa1,0xb9,0x99,0xc9,0x01,0x41,0x21,0xcb,0x09,0xab,0x29,0xcb,0xb9,0x21,0x83,0x49,0xd9,0x10,0x04,0x13,0x04,0x02,0x9a,0x20,
    0x10,0xd1,0x06,0x61,0x20,0x36,0x08,0x04,0x41,0x01,0x6e,0x6e,0x82,0x40,0x48,0x1b,0x86,0x03,0x21,0x26,0x08,0x6b,0x50,0x07,
    0x54,0xe6,0xbe,0xe8,0xca,0xf0,0xe8,0xea,0xe4,0xca,0x60,0x26,0x08,0xc4,0x34,0x41,0x20,0xa8,0x0d,0x02,0xd1,0x6c,0x48,0x08,
    0x65,0x61,0x88,0x81,0x21,0x9c,0x09,0xc2,0x1b,0xd8,0x01,0x95,0xb9,0x2f,0xba,0x32,0x3c,0xba,0x3a,0xb9,0xb2,0x98,0x0d,0xc9,
    0x00,0x45,0xcc,0x30,0x30,0x84,0x43,0x65,0xee,0x8b,0xae,0x0c,0x8f,0xae,0x4e,0xae,0x4c,0x66,0x43,0xc2,0x40,0x13,0xc3,0x0c,
    0x0c,0xe1,0x4c,0x10,0x88,0x8a,0xca,0xdc,0x17,0x5d,0x19,0x1e,0x5d,0x9d,0x5c,0xd9,0xcc,0x86,0xa4,0x82,0x2c,0xa6,0x1a,0x18,
    0xc2,0x99,0x20,0x10,0xd6,0x04,0x21,0x0e,0xee,0x80,0xce,0xdc,0x17,0x5d,0x19,0x1e,0x5d,0x9d,0x5c,0xd9,0x50,0x9d,0x58,0x19,
    0xcc,0x04,0x81,0xb8,0x36,0x24,0x58,0xa6,0x31,0xd8,0xb0,0x11,0x0e,0x9d,0xb9,0x2f,0xba,0x32,0x3c,0xba,0x3a,0xb9,0xb2,0xa1,
    0x3a,0xb1,0xb2,0x98,0x0d,0xc9,0x96,0x75,0xcc,0x36,0x6c,0x84,0x43,0x67,0xee,0x8b,0xae,0x0c,0x8f,0xae,0x4e,0xae,0x6c,0xa8,
    0x4e,0xac,0x4c,0x66,0x43,0x82,0x64,0x1f,0x83,0x0c,0x1b,0xe1,0x4c,0x10,0x08,0x8c,0xce,0xdc,0x17,0x5d,0x19,0x1e,0x5d,0x9d,
    0x5c,0xd9,0x50,0x9d,0x58,0xd9,0xcc,0x86,0x24,0x0c,0x32,0x31,0x60,0xc2,0x60,0xd8,0x08,0x67,0x82,0x40,0x64,0x74,0xe6,0xbe,
    0xe8,0xca,0xf0,0xe8,0xea,0xe4,0xca,0x86,0xea,0xc4,0xca,0x68,0x36,0x24,0x64,0x90,0x95,0x01,0x43,0x06,0xc3,0x46,0x38,0x74,
    0xe6,0xbe,0xe8,0xca,0xf0,0xe8,0xea,0xe4,0xca,0x86,0xea,0xc4,0xca,0x6a,0x36,0x24,0x4d,0x76,0x06,0x4c,0x33,0x6c,0x84,0x33,
    0x41,0x20,0x34,0x3a,0x73,0x5f,0x74,0x65,0x78,0x74,0x75,0x72,0x65,0x43,0x75,0x62,0x65,0x36,0x1b,0x92,0x34,0xc8,0xd4,0x80,
    0x49,0x83,0x61,0x23,0x9c,0x09,0x02,0xb1,0xd1,0x99,0xfb,0xa2,0x2b,0xc3,0xa3,0xab,0x93,0x2b,0x1b,0xaa,0x13,0x2b,0xbb,0xd9,
    0x90,0xb0,0x41,0xd6,0x06,0x0c,0x1b,0x0c,0x1b,0xe1,0x4c,0x10,0x08,0x6e,0x82,0x40,0x07,0x78,0x40,0x68,0xee,0x8b,0xae,0x0c,
    0x8f,0xae,0x4e,0xae,0xcc,0xea,0x8d,0xad,0xae,0xad,0x0c,0x66,0x43,0xf2,0x06,0x70,0x10,0x07,0xcc,0x1b,0x0c,0x18,0xe1,0x4c,
    0x10,0x88,0x8e,0xd0,0xdc,0x17,0x5d,0x19,0x1e,0x5d,0x9d,0x5c,0x99,0xd5,0x1b,0x5b,0x5d,0x5b,0x59,0xcc,0x86,0x64,0x0e,0xe0,
    0x80,0x0e,0x98,0x39,0x18,0x30,0xc2,0x99,0x20,0x10,0x1e,0xa1,0xb9,0x2f,0xba,0x32,0x3c,0xba,0x3a,0xb9,0x32,0xab,0x37,0xb6,
    0xba,0xb6,0x32,0x99,0x0d,0x89,0x1d,0xc0,0xc1,0x1d,0x30,0x76,0x30,0x60,0x84,0x33,0x41,0x20,0x3e,0x42,0x73,0x5f,0x74,0x65,
    0x78,0x74,0x75,0x72,0x65,0x56,0x6f,0x6c,0x75,0x6d,0x65,0x33,0x1b,0x92,0x3c,0x80,0x03,0x3d,0x60,0xf2,0x60,0xc0,0x08,0x67,
    0x03,0xf4,0x48,0xd4,0xc5,0x79,0x60,0x30,0x06,0x66,0x80,0x06,0x6b,0xe0,0x06,0x72,0x50,0x07,0x78,0xb0,0x07,0x13,0x84,0x3c,
    0xd0,0x03,0x2a,0x43,0x4b,0x46,0x72,0x61,0x67,0x6d,0x65,0x6e,0x74,0x13,0x04,0x02,0x0c,0x36,0x20,0x44,0x1f,0xf8,0x41,0x45,
    0x0c,0x7f,0x00,0x6c,0x08,0x40,0x61,0x82,0xb0,0x07,0x7b,0xc0,0x68,0xee,0x8b,0xae,0x0c,0x8f,0xae,0x4e,0xae,0x0c,0x66,0x2a,
    0xac,0x0d,0x8e,0xad,0x4c,0x6e,0x03,0x42,0x88,0xc2,0x28,0x30,0xc4,0x30,0x00,0x13,0x84,0x3e,0xe0,0x03,0x46,0x73,0x5f,0x74,
    0x65,0x78,0x74,0x75,0x72,0x65,0x31,0x53,0x61,0x6d,0x70,0x6c,0x65,0x72,0x1b,0x90,0xa1,0x14,0x4c,0x81,0x19,0x06,0x02,0x60,
    0x34,0xf7,0x45,0x57,0x86,0x47,0x57,0x27,0x57,0x26,0x33,0x15,0xd6,0x06,0xc7,0x56,0x26,0xb7,0x01,0x61,0x4a,0x01,0x15,0x18,
    0x66,0x20,0x00,0x46,0x73,0x5f,0x74,0x65,0x78,0x74,0x75,0x72,0x65,0x33,0x53,0x61,0x6d,0x70,0x6c,0x65,0x72,0x1b,0x90,0xaa,
    0x14,0x54,0x81,0xa9,0x06,0x02,0x60,0x35,0xf7,0x45,0x57,0x86,0x47,0x57,0x27,0x57,0x36,0x54,0x27,0x56,0x06,0x33,0x15,0xd6,
    0x06,0xc7,0x56,0x26,0xb7,0x01,0xc1,0x4a,0x81,0x15,0x18,0x6c,0x20,0x00,0x56,0x73,0x5f,0x74,0x65,0x78,0x74,0x75,0x72,0x65,
    0x43,0x75,0x62,0x65,0x31,0x53,0x61,0x6d,0x70,0x6c,0x65,0x72,0x1b,0x90,0xad,0x14,0x5c,0x81,0xd9,0x06,0x02,0x60,0x35,0xf7,
    0x45,0x57,0x86,0x47,0x57,0x27,0x57,0x36,0x54,0x27,0x56,0x26,0x33,0x15,0xd6,0x06,0xc7,0x56,0x26,0xb7,0x01,0x41,0x4a,0x01,
    0x16,0x18,0x64,0x20,0x00,0x56,0x73,0x5f,0x74,0x65,0x78,0x74,0x75,0x72,0x65,0x43,0x75,0x62,0x65,0x33,0x53,0x61,0x6d,0x70,
    0x6c,0x65,0x72,0x1b,0x90,0x30,0x28,0x05,0x59,0x60,0xc2,0x60,0x20,0x00,0x56,0x73,0x5f,0x74,0x65,0x78,0x74,0x75,0x72,0x65,
    0x43,0x75,0x62,0x65,0x34,0x53,0x61,0x6d,0x70,0x6c,0x65,0x72,0x1b,0x10,0x32,0x28,0x05,0x5a,0x60,0xc8,0x60,0x20,0x00,0x56,
    0x73,0x5f,0x74,0x65,0x78,0x74,0x75,0x72,0x65,0x43,0x75,0x62,0x65,0x35,0x53,0x61,0x6d,0x70,0x6c,0x65,0x72,0x1b,0x90,0xa6,
    0x14,0x6c,0x81,0x69,0x06,0x02,0x60,0x35,0xf7,0x45,0x57,0x86,0x47,0x57,0x27,0x57,0x36,0x54,0x27,0x56,0x66,0x33,0x15,0xd6,
    0x06,0xc7,0x56,0x26,0xb7,0x01,0x49,0x83,0x52,0xc0,0x05,0x26,0x0d,0x06,0x02,0x60,0x35,0xf7,0x45,0x57,0x86,0x47,0x57,0x27,
    0x57,0x36,0x54,0x27,0x56,0x76,0x33,0x15,0xd6,0x06,0xc7,0x56,0x26,0xb7,0x01,0x61,0x83,0x52,0xd0,0x05,0x86,0x0d,0x06,0x02,
    0xe0,0x35,0xf7,0x45,0x57,0x86,0x47,0x57,0x27,0x57,0x66,0xf5,0xc6,0x56,0xd7,0x56,0x06,0x33,0x15,0xd6,0x06,0xc7,0x56,0x26,
    0xb7,0x01,0x79,0x83,0x52,0xe0,0x05,0xe6,0x0d,0x06,0x02,0xe0,0x35,0xf7,0x45,0x57,0x86,0x47,0x57,0x27,0x57,0x66,0xf5,0xc6,
    0x56,0xd7,0x56,0x16,0x33,0x15,0xd6,0x06,0xc7,0x56,0x26,0xb7,0x01,0x99,0x83,0x52,0xf0,0x05,0x66,0x0e,0x06,0x02,0xe0,0x35,
    0xf7,0x45,0x57,0x86,0x47,0x57,0x27,0x57,0x66,0xf5,0xc6,0x56,0xd7,0x56,0x26,0x33,0x15,0xd6,0x06,0xc7,0x56,0x26,0xb7,0x01,
    0xb1,0x83,0x52,0x00,0x07,0xc6,0x0e,0x06,0x02,0xe0,0x35,0xf7,0x45,0x57,0x86,0x47,0x57,0x27,0x57,0x66,0xf5,0xc6,0x56,0xd7,
    0x56,0x36,0x33,0x15,0xd6,0x06,0xc7,0x56,0x26,0xb7,0x01,0xc9,0x83,0x52,0x10,0x07,0x26,0x0f,0x06,0x02,0xd8,0x00,0x91,0xc2,
    0x29,0xa4,0xc2,0x2a,0xb4,0xc2,0x2b,0xc4,0xc2,0x2c,0xd4,0xc2,0x2d,0xe4,0xc2,0x2e,0xf4,0xc2,0x2f,0x84,0xc3,0x38,0x6c,0x20,
    0xf8,0x00,0x08,0x05,0x72,0x98,0x20,0xe0,0x41,0x1e,0xd0,0xa9,0xfb,0x32,0x33,0x23,0x92,0x0b,0xbb,0x83,0x0a,0x93,0x0b,0x6b,
    0x9b,0x9b,0x20,0x28,0x74,0xb0,0x41,0x41,0xce,0xa1,0x22,0xc2,0xa0,0x69,0xd0,0x61,0x0e,0x30,0x26,0x75,0x5f,0x62,0x75,0x6d,
    0x70,0x45,0x6e,0x76,0x13,0x04,0x22,0x0c,0x36,0x28,0x88,0x3a,0x54,0xeb,0x10,0x06,0x4d,0x83,0x0e,0x73,0x80,0xb1,0xa9,0xfb,
    0x9a,0xa3,0x0b,0x3b,0x2b,0x83,0x0a,0x93,0x0b,0x6b,0x9b,0x9b,0x20,0x10,0x62,0xb0,0x41,0x41,0xda,0xa1,0x72,0x87,0x30,0x68,
    0x1a,0x74,0x98,0x03,0x8c,0x4b,0xdd,0x97,0x99,0x19,0x94,0xdc,0xdb,0x99,0x5c,0x58,0xdb,0x04,0x81,0x18,0x83,0x0d,0x0a,0x02,
    0x0f,0x55,0x3c,0x84,0x41,0xd3,0xa0,0xc3,0x1c,0x60,0x74,0xc6,0xd6,0xbe,0xc4,0xde,0xe4,0xc8,0xca,0xe4,0x86,0xde,0xd8,0xde,
    0xe4,0x26,0x08,0x04,0x19,0x6c,0x50,0x90,0x79,0xa8,0xe8,0x21,0x0c,0x9a,0x06,0x1d,0xe6,0x00,0xa3,0x33,0xb6,0xf6,0x35,0x17,
    0xd6,0x06,0xc7,0x56,0x26,0x97,0xe4,0x66,0xf6,0x36,0x41,0x20,0xca,0x60,0x83,0x82,0xd8,0x43,0x75,0x0f,0x61,0xd0,0x34,0xe8,
    0x30,0x07,0xd8,0x86,0xe3,0x0f,0xd2,0x81,0x1d,0xde,0x41,0x1e,0xea,0x01,0x1f,0x36,0x0c,0x84,0x39,0xe4,0xc3,0x04,0x41,0x00,
    0x36,0x00,0x1b,0x06,0x82,0x1f,0xf8,0x61,0x43,0xd0,0x0f,0x1b,0x86,0x61,0x1f,0xfc,0x61,0x82,0xe0,0x07,0x7d,0xb0,0x21,0x00,
    0x09,0x12,0x6d,0x61,0x69,0x6e,0x5c,0xa6,0xac,0xbe,0xa0,0xde,0xe6,0xd2,0xe8,0xd2,0xde,0xdc,0x26,0x08,0x45,0x1b,0x4c,0x10,
    0x0a,0x37,0xd8,0x10,0x10,0x13,0x84,0xe2,0x0d,0x26,0x08,0x05,0x1c,0x6c,0x58,0x88,0x91,0x20,0x89,0x92,0x30,0x89,0x93,0x18,
    0x4e,0x82,0x40,0x09,0x80,0x08,0x55,0x11,0xd6,0xd0,0xd3,0x93,0x14,0xd1,0x04,0xa1,0x88,0x83,0x0d,0x42,0x95,0x07,0x1b,0x96,
    0x41,0x25,0x48,0x02,0x25,0x4c,0x62,0x25,0x86,0x93,0x18,0x50,0x82,0x25,0x36,0x04,0xc3,0x86,0x85,0x51,0x09,0x92,0x40,0x09,
    0x97,0x58,0x89,0xe1,0x24,0x18,0x94,0x60,0x89,0x0d,0x01,0x33,0x41,0x28,0xe4,0x60,0xc3,0x52,0xa9,0x04,0x49,0xa0,0x04,0x4c,
    0xc4,0xc4,0x70,0x12,0x15,0x4a,0xb0,0xc4,0x86,0xa0,0xda,0xb0,0x60,0x2a,0x41,0x12,0x28,0x31,0x13,0x31,0x31,0x9c,0x04,0x86,
    0x12,0x2c,0xb1,0x21,0xc0,0x36,0x2c,0x9b,0x4a,0x90,0x04,0x4a,0xd4,0xc4,0x4a,0x0c,0x27,0xb1,0xa1,0x04,0x4b,0x6c,0x08,0xb6,
    0x0d,0x0b,0xa2,0x12,0x24,0x81,0x12,0x37,0xb1,0x12,0xc3,0x49,0x20,0x28,0xc1,0x12,0x1b,0x02,0x64,0xc3,0x12,0x06,0x2a,0x41,
    0x12,0x28,0x91,0x13,0x2b,0x31,0x9c,0x44,0x18,0xa0,0x04,0x4b,0x6c,0x08,0xc2,0x60,0xc3,0x42,0x06,0x2a,0x41,0x12,0x28,0xb1,
    0x13,0x2b,0x31,0x9c,0x04,0x19,0xa0,0x04,0x4b,0x6c,0x08,0xc8,0x60,0xc3,0xd2,0xa8,0x04,0x49,0xa0,0x44,0x4f,0xac,0xc4,0x70,
    0x12,0x0d,0x4a,0xb0,0xc4,0x86,0xa0,0xd9,0xb0,0xa4,0x81,0x4a,0x90,0x04,0x4a,0xfc,0xc4,0x4a,0x0c,0x27,0x91,0x06,0x28,0xc1,
    0x12,0x1b,0x82,0x34,0xd8,0xb0,0xb0,0x81,0x4a,0x90,0x04,0x4a,0x84,0xc5,0x4a,0x0c,0x27,0xc1,0x06,0x28,0xc1,0x12,0x1b,0x02,
    0x36,0xd8,0xb0,0xbc,0x81,0x4a,0x90,0x04,0x4a,0x8c,0xc5,0x4a,0x0c,0x27,0xf1,0x06,0x28,0xc1,0x12,0x1b,0x82,0x37,0xd8,0x20,
    0x54,0x73,0xb0,0x61,0x99,0x03,0x95,0x20,0x09,0x94,0x28,0x8b,0x95,0x18,0x4e,0x62,0x0e,0x50,0xc2,0x2c,0x36,0x38,0x29,0xd1,
    0x12,0x2f,0x21,0x13,0x34,0x61,0x13,0x38,0xa1,0x13,0x3c,0xe1,0x13,0x60,0x21,0x16,0x64,0x71,0x16,0x4c,0xa6,0xac,0xbe,0xa8,
    0xc2,0xe4,0xce,0xca,0xe8,0x26,0x08,0xc5,0x1c,0x6c,0x58,0x88,0xb4,0x20,0x09,0xb5,0x30,0x09,0x94,0x18,0x4e,0x82,0x40,0x09,
    0x96,0xd8,0x10,0xac,0xc5,0x86,0x01,0x2d,0xd8,0x02,0xd8,0x50,0xec,0x83,0x48,0xb4,0x45,0x39,0x00,0x44,0xc4,0xe4,0xc2,0xdc,
    0xc6,0xd0,0xca,0xe6,0x26,0x08,0x84,0x19,0xd0,0x30,0x63,0x7b,0x0b,0xa3,0x9b,0x9b,0x20,0x10,0x67,0xc0,0x22,0xcd,0x6d,0x8e,
    0x6e,0x6e,0x82,0x40,0xa0,0x01,0x89,0x34,0x37,0xba,0xb9,0x09,0x02,0x91,0x06,0x34,0xe6,0xd2,0xce,0xbe,0xd8,0xc8,0x26,0x08,
    0x84,0x1a,0xd0,0x98,0x4b,0x3b,0xfb,0x9a,0xa3,0x23,0x42,0x57,0x86,0xf7,0x25,0x96,0x16,0x36,0xc7,0x83,0xae,0x0c,0xef,0x6b,
    0xac,0x0d,0x8e,0x08,0x5d,0x19,0xde,0xd7,0x99,0x5c,0x18,0x19,0x11,0xba,0x32,0xbc,0x2f,0xb7,0x37,0xb9,0xb6,0x09,0x02,0xb1,
    0x06,0x2c,0xea,0xd2,0xdc,0xe8,0xe6,0x26,0x08,0x04,0x1b,0x6c,0xb0,0xde,0x02,0x2e,0xe2,0x42,0x2e,0xe6,0x82,0x2e,0xea,0xc2,
    0x2e,0xee,0x02,0x2f,0xf2,0x02,0xd3,0x0b,0x36,0xd8,0x8b,0x81,0x2f,0xc2,0xa0,0x2f,0xfc,0xe2,0x2f,0x40,0xa3,0x0a,0x1b,0x9b,
    0x5d,0x9b,0x4b,0x1a,0x59,0x99,0x1b,0xdd,0x94,0x20,0xa8,0x42,0x86,0xe7,0x62,0x57,0x26,0x37,0x97,0xf6,0xe6,0x36,0x25,0x20,
    0x9a,0x90,0xe1,0xb9,0xd8,0x85,0xb1,0xd9,0x95,0xc9,0x4d,0x09,0x8a,0x3a,0x64,0x78,0x2e,0x73,0x68,0x61,0x64,0x65,0x72,0x4d,
    0x6f,0x64,0x65,0x6c,0x53,0x02,0xa4,0x0c,0x19,0x9e,0x8b,0x5c,0xd9,0xdc,0x5b,0x9d,0xdc,0x58,0xd9,0xdc,0x94,0x80,0x1c,0x2a,
    0x91,0xe1,0xb9,0xd0,0xe5,0xc1,0x95,0x05,0xb9,0xb9,0xbd,0xd1,0x85,0xd1,0xa5,0xbd,0xb9,0xcd,0x4d,0x11,0xf2,0xc1,0x1f,0xea,
    0x90,0xe1,0xb9,0xd8,0xa5,0x95,0xdd,0x25,0x91,0x4d,0xd1,0x85,0xd1,0x95,0x4d,0x09,0x40,0xa2,0x0e,0x19,0x9e,0x4b,0x99,0x1b,
    0x9d,0x5c,0x1e,0xd4,0x5b,0x9a,0x1b,0xdd,0xdc,0x94,0xa0,0x2d,0xba,0x90,0xe1,0xb9,0x8c,0xbd,0xd5,0xb9,0xd1,0x95,0xc9,0xcd,
    0x4d,0x09,0x40,0x03,0x79,0x18,0x00,0x00,0x55,0x00,0x00,0x00,0x33,0x08,0x80,0x1c,0xc4,0xe1,0x1c,0x66,0x14,0x01,0x3d,0x88,
    0x43,0x38,0x84,0xc3,0x8c,0x42,0x80,0x07,0x79,0x78,0x07,0x73,0x98,0x71,0x0c,0xe6,0x00,0x0f,0xed,0x10,0x0e,0xf4,0x80,0x0e,
    0x33,0x0c,0x42,0x1e,0xc2,0xc1,0x1d,0xce,0xa1,0x1c,0x66,0x30,0x05,0x3d,0x88,0x43,0x38,0x84,0x83,0x1b,0xcc,0x03,0x3d,0xc8,
    0x43,0x3d,0x8c,0x03,0x3d,0xcc,0x78,0x8c,0x74,0x70,0x07,0x7b,0x08,0x07,0x79,0x48,0x87,0x70,0x70,0x07,0x7a,0x70,0x03,0x76,
    0x78,0x87,0x70,0x20,0x87,0x19,0xcc,0x11,0x0e,0xec,0x90,0x0e,0xe1,0x30,0x0f,0x6e,0x30,0x0f,0xe3,0xf0,0x0e,0xf0,0x50,0x0e,
    0x33,0x10,0xc4,0x1d,0xde,0x21,0x1c,0xd8,0x21,0x1d,0xc2,0x61,0x1e,0x66,0x30,0x89,0x3b,0xbc,0x83,0x3b,0xd0,0x43,0x39,0xb4,
    0x03,0x3c,0xbc,0x83,0x3c,0x84,0x03,0x3b,0xcc,0xf0,0x14,0x76,0x60,0x07,0x7b,0x68,0x07,0x37,0x68,0x87,0x72,0x68,0x07,0x37,
    0x80,0x87,0x70,0x90,0x87,0x70,0x60,0x07,0x76,0x28,0x07,0x76,0xf8,0x05,0x76,0x78,0x87,0x77,0x80,0x87,0x5f,0x08,0x87,0x71,
    0x18,0x87,0x72,0x98,0x87,0x79,0x98,0x81,0x2c,0xee,0xf0,0x0e,0xee,0xe0,0x0e,0xf5,0xc0,0x0e,0xec,0x30,0x03,0x62,0xc8,0xa1,
    0x1c,0xe4,0xa1,0x1c,0xcc,0xa1,0x1c,0xe4,0xa1,0x1c,0xdc,0x61,0x1c,0xca,0x21,0x1c,0xc4,0x81,0x1d,0xca,0x61,0x06,0xd6,0x90,
    0x43,0x39,0xc8,0x43,0x39,0x98,0x43,0x39,0xc8,0x43,0x39,0xb8,0xc3,0x38,0x94,0x43,0x38,0x88,0x03,0x3b,0x94,0xc3,0x2f,0xbc,
    0x83,0x3c,0xfc,0x82,0x3b,0xd4,0x03,0x3b,0xb0,0xc3,0x0c,0xc4,0x21,0x07,0x7c,0x70,0x03,0x7a,0x28,0x87,0x76,0x80,0x87,0x19,
    0xca,0xc3,0x0e,0xec,0x60,0x0f,0xed,0xe0,0x06,0xec,0xf0,0x0e,0xef,0x00,0x0f,0x33,0x22,0x88,0x1c,0xf0,0xc1,0x0d,0xc8,0x41,
    0x1c,0xce,0xc1,0x0d,0xec,0x21,0x1c,0xe4,0x81,0x1d,0xc2,0x21,0x1f,0xde,0xa1,0x1e,0xe8,0x61,0x06,0x13,0x91,0x03,0x3e,0xb8,
    0x81,0x38,0xc8,0x43,0x39,0x84,0xc3,0x3a,0xb8,0x81,0x38,0xc8,0x03,0x00,0x00,0x00,0x71,0x20,0x00,0x00,0x3d,0x00,0x00,0x00,
    0x66,0x00,0x0d,0x97,0xef,0x3c,0x7e,0x80,0x34,0x40,0x84,0xf9,0xc5,0x6d,0x1b,0x03,0x34,0x5c,0xbe,0xf3,0xf8,0x01,0xd2,0x00,
    0x11,0xe6,0x23,0xb7,0x6d,0x0e,0xdb,0x70,0xf9,0xce,0xe3,0x0b,0x01,0x55,0x14,0x44,0x54,0x3a,0xc0,0x50,0x12,0x06,0x20,0x60,
    0x7e,0x71,0xdb,0xf6,0x20,0x0d,0x97,0xef,0x3c,0xbe,0x10,0x11,0xc0,0x44,0x84,0x40,0x33,0x2c,0x84,0x0d,0x34,0xc3,0xe5,0x3b,
    0x8f,0x3f,0x20,0x92,0x00,0x44,0x83,0x15,0x38,0xc3,0xe5,0x3b,0x8f,0x3f,0x38,0x93,0xed,0x17,0xb7,0x6d,0x0d,0xce,0x70,0xf9,
    0xce,0xe3,0x0f,0xce,0x74,0xfb,0xc5,0x6d,0xdb,0xc2,0x34,0x5c,0xbe,0xf3,0xf8,0x06,0x31,0x75,0x08,0x43,0x34,0x12,0xe2,0x34,
    0x92,0x05,0x4c,0xc3,0xe5,0x3b,0x8f,0xbf,0x38,0xc0,0x20,0x36,0x0f,0x35,0xf9,0xc5,0x6d,0xdb,0x01,0x35,0x5c,0xbe,0xf3,0xf8,
    0x12,0xc0,0x3c,0x0b,0xb1,0x21,0x80,0xe4,0x17,0xb7,0x6d,0x0a,0xd3,0x70,0xf9,0xce,0xe3,0x4b,0x00,0xf3,0x2c,0x04,0xc7,0x3c,
    0x7e,0x71,0xdb,0x96,0x40,0x0d,0x97,0xef,0x3c,0xbe,0x04,0x30,0xcf,0x42,0x80,0x11,0x30,0xf8,0xc5,0x6d,0x1b,0x42,0x35,0x5c,
    0xbe,0xf3,0xf8,0x12,0xc0,0x3c,0x0b,0x51,0x12,0x15,0xb1,0xf8,0xc5,0x6d,0x9b,0x40,0x35,0x5c,0xbe,0xf3,0xf8,0xd2,0xe4,0x44,
    0x04,0x4a,0x4d,0x0f,0x35,0xf9,0xc5,0x6d,0x1b,0xc1,0x33,0x5c,0xbe,0xf3,0xf8,0x54,0x03,0x44,0x98,0x5f,0xdc,0xb6,0x01,0x10,
    0x0c,0x80,0x34,0x00,0x00,0x00,0x00,0x00,0x48,0x41,0x53,0x48,0x14,0x00,0x00,0x00,0x00,0x00,0x00,0x00,0xb5,0x7a,0x09,0x5f,
    0xac,0x6b,0x6e,0xbf,0x77,0x77,0x1a,0xae,0xc2,0x97,0x3f,0x1d,0x44,0x58,0x49,0x4c,0x4c,0xc6,0x00,0x00,0x60,0x00,0x00,0x00,
    0x93,0x31,0x00,0x00,0x44,0x58,0x49,0x4c,0x00,0x01,0x00,0x00,0x10,0x00,0x00,0x00,0x34,0xc6,0x00,0x00,0x42,0x43,0xc0,0xde,
    0x21,0x0c,0x00,0x00,0x8a,0x31,0x00,0x00,0x0b,0x82,0x20,0x00,0x02,0x00,0x00,0x00,0x13,0x00,0x00,0x00,0x07,0x81,0x23,0x91,
    0x41,0xc8,0x04,0x49,0x06,0x10,0x32,0x39,0x92,0x01,0x84,0x0c,0x25,0x05,0x08,0x19,0x1e,0x04,0x8b,0x62,0x80,0x1c,0x45,0x02,
    0x42,0x92,0x0b,0x42,0xe4,0x10,0x32,0x14,0x38,0x08,0x18,0x4b,0x0a,0x32,0x72,0x88,0x48,0x90,0x14,0x20,0x43,0x46,0x88,0xa5,
    0x00,0x19,0x32,0x42,0xe4,0x48,0x0e,0x90,0x91,0x23,0xc4,0x50,0x41,0x51,0x81,0x8c,0xe1,0x83,0xe5,0x8a,0x04,0x39,0x46,0x06,
    0x51,0x18,0x00,0x00,0x08,0x00,0x00,0x00,0x1b,0x8c,0xe0,0xff,0xff,0xff,0xff,0x07,0x40,0x02,0xa8,0x0d,0x84,0xf0,0xff,0xff,
    0xff,0xff,0x03,0x20,0x6d,0x30,0x86,0xff,0xff,0xff,0xff,0x1f,0x00,0x09,0xa8,0x00,0x49,0x18,0x00,0x00,0x03,0x00,0x00,0x00,
    0x13,0x82,0x60,0x42,0x20,0x4c,0x08,0x06,0x00,0x00,0x00,0x00,0x89,0x20,0x00,0x00,0xbb,0x00,0x00,0x00,0x32,0x22,0xc8,0x09,
    0x20,0x64,0x85,0x04,0x93,0x23,0xa4,0x84,0x04,0x93,0x23,0xe3,0x84,0xa1,0x90,0x14,0x12,0x4c,0x8e,0x8c,0x0b,0x84,0xe4,0x4c,
    0x10,0x80,0xc2,0x08,0x40,0x09,0x00,0x14,0x98,0x01,0x98,0x23,0x00,0x83,0x39,0x02,0xa4,0x18,0x03,0x02,0x81,0x50,0x20,0x90,
    0xa1,0x18,0x00,0x02,0x81,0x50,0x18,0x10,0x62,0x8e,0x20,0x28,0x03,0x80,0xa0,0xa0,0x45,0x19,0x06,0x84,0x01,0x35,0x8a,0x31,
    0x20,0x0c,0x06,0x83,0x01,0x3d,0x0a,0x31,0x20,0x0c,0x06,0x14,0xb9,0x69,0xb8,0xfc,0x09,0x7b,0x08,0xc9,0x5f,0x09,0x69,0x25,
    0x26,0xbf,0xb8,0x6d,0x54,0x0c,0x06,0x83,0x01,0x81,0x0a,0xf7,0x0c,0x97,0x3f,0x61,0x0f,0x21,0xf9,0x21,0xd0,0x0c,0x0b,0x81,
    0x02,0x4a,0x69,0x26,0x84,0x4a,0x65,0x30,0x18,0x0c,0x08,0x04,0xc2,0x60,0x40,0x96,0xc2,0x4c,0x08,0x95,0xca,0x60,0x30,0x18,
    0x10,0x08,0x84,0x01,0x61,0x8a,0x34,0x21,0x54,0x2a,0x83,0xc1,0x60,0x40,0x20,0x10,0x06,0x83,0xc1,0x60,0x30,0x18,0x90,0xe6,
    0xa6,0xe1,0xf2,0x27,0xec,0x21,0x24,0xbf,0x43,0x18,0xa2,0x91,0x10,0xa7,0x91,0x10,0x41,0x20,0x10,0x08,0x85,0xe0,0x10,0x2a,
    0x04,0xea,0x14,0x82,0x40,0x20,0x10,0xe8,0x53,0x90,0x01,0x61,0x30,0x18,0x0c,0x06,0x03,0x0a,0x1d,0x35,0x5c,0xfe,0x84,0x3d,
    0x84,0xe4,0x73,0x1b,0x55,0xac,0xc4,0xe4,0x17,0xb7,0x8d,0x88,0xc1,0x60,0x30,0x28,0xc4,0x88,0x50,0x21,0x10,0xa9,0x18,0x15,
    0x42,0x81,0x40,0x50,0x90,0x69,0x20,0x60,0xa6,0x30,0x18,0x07,0x76,0x08,0x87,0x79,0x98,0x07,0x37,0xa0,0x85,0x72,0xc0,0x07,
    0x7a,0xa8,0x07,0x79,0x28,0x07,0x39,0x20,0x05,0x3e,0x30,0x07,0x76,0x78,0x87,0x70,0xa0,0x07,0x3f,0xd0,0x03,0x3d,0x68,0x87,
    0x74,0x80,0x87,0x79,0xf8,0x05,0x7a,0xc8,0x07,0x78,0x28,0x07,0x14,0x10,0x66,0xb2,0xc6,0x81,0x1d,0xc2,0x61,0x1e,0xe6,0xc1,
    0x0d,0x68,0xa1,0x1c,0xf0,0x81,0x1e,0xea,0x41,0x1e,0xca,0x41,0x0e,0x48,0x81,0x0f,0xcc,0x81,0x1d,0xde,0x21,0x1c,0xe8,0xc1,
    0x0f,0x90,0x30,0x48,0x91,0x6a,0x18,0x81,0x18,0x66,0x6a,0x83,0x71,0x60,0x87,0x70,0x98,0x87,0x79,0x70,0x03,0x5a,0x28,0x07,
    0x7c,0xa0,0x87,0x7a,0x90,0x87,0x72,0x90,0x03,0x52,0xe0,0x03,0x7b,0x28,0x87,0x71,0xa0,0x87,0x77,0x90,0x07,0x3e,0x30,0x07,
    0x76,0x78,0x87,0x70,0xa0,0x07,0x36,0x00,0x03,0x3a,0xf0,0x03,0x30,0xf0,0x03,0x3d,0xd0,0x83,0x76,0x48,0x07,0x78,0x98,0x87,
    0x5f,0xa0,0x87,0x7c,0x80,0x87,0x72,0x40,0x01,0x61,0x26,0x31,0x18,0x07,0x76,0x08,0x87,0x79,0x98,0x07,0x37,0xa0,0x85,0x72,
    0xc0,0x07,0x7a,0xa8,0x07,0x79,0x28,0x07,0x39,0x20,0x05,0x3e,0xb0,0x87,0x72,0x18,0x07,0x7a,0x78,0x07,0x79,0xe0,0x03,0x73,
    0x60,0x87,0x77,0x08,0x07,0x7a,0x60,0x03,0x30,0xa0,0x03,0x3f,0x00,0x03,0x3f,0x40,0x02,0xab,0x45,0xae,0x99,0xc8,0x60,0x1c,
    0xd8,0x21,0x1c,0xe6,0x61,0x1e,0xdc,0x80,0x16,0xca,0x01,0x1f,0xe8,0xa1,0x1e,0xe4,0xa1,0x1c,0x46,0xa1,0x1e,0xc4,0xa1,0x1c,
    0xf8,0xc0,0x1e,0xca,0x61,0x1c,0xe8,0xe1,0x1d,0xe4,0x81,0x0f,0xcc,0x81,0x1d,0xde,0x21,0x1c,0xe8,0x81,0x0d,0xc0,0x80,0x0e,
    0xfc,0x00,0x0c,0xfc,0x00,0x05,0x2c,0x82,0xcd,0xd4,0x06,0xe3,0xc0,0x0e,0xe1,0x30,0x0f,0xf3,0xe0,0x06,0xb4,0x50,0x0e,0xf8,
    0x40,0x0f,0xf5,0x20,0x0f,0xe5,0x30,0x07,0xa4,0xc0,0x07,0xf6,0x50,0x0e,0xe3,0x40,0x0f,0xef,0x20,0x0f,0x7c,0x60,0x0e,0xec,
    0xf0,0x0e,0xe1,0x40,0x0f,0x6c,0x00,0x06,0x74,0xe0,0x07,0x60,0xe0,0x07,0x7a,0xa0,0x07,0xed,0x90,0x0e,0xf0,0x30,0x0f,0xbf,
    0x40,0x0f,0xf9,0x00,0x0f,0xe5,0x80,0x02,0xc2,0x4c,0x62,0x30,0x0e,0xec,0x10,0x0e,0xf3,0x30,0x0f,0x6e,0x40,0x0b,0xe5,0x80,
    0x0f,0xf4,0x50,0x0f,0xf2,0x50,0x0e,0x73,0x40,0x0a,0x7c,0x60,0x0f,0xe5,0x30,0x0e,0xf4,0xf0,0x0e,0xf2,0xc0,0x07,0xe6,0xc0,
    0x0e,0xef,0x10,0x0e,0xf4,0xc0,0x06,0x60,0x40,0x07,0x7e,0x00,0x06,0x7e,0x80,0x04,0x96,0x8c,0x66,0x49,0xc1,0x4a,0x08,0x56,
    0x16,0xb0,0x4e,0xe1,0xc8,0x2f,0x02,0x0c,0x86,0x68,0x26,0x64,0xd4,0x6c,0xb6,0x9b,0xcd,0x46,0xb8,0xeb,0xa4,0x29,0xa2,0x84,
    0xc9,0x67,0x01,0xe6,0x59,0x88,0x88,0x73,0x98,0x07,0x88,0x10,0xc9,0x69,0xd8,0x09,0x98,0x08,0x14,0x10,0x48,0x77,0x93,0x34,
    0x45,0x94,0x30,0xf9,0x2c,0xc0,0x3c,0x0b,0x11,0xb1,0x13,0x30,0x11,0x28,0x20,0x10,0x2f,0x75,0x08,0x53,0x00,0x00,0x00,0x00,
    0x13,0x14,0x72,0xc0,0x87,0x74,0x60,0x87,0x36,0x68,0x87,0x79,0x68,0x03,0x72,0xc0,0x87,0x0d,0xaf,0x50,0x0e,0x6d,0xd0,0x0e,
    0x7a,0x50,0x0e,0x6d,0x00,0x0f,0x7a,0x30,0x07,0x72,0xa0,0x07,0x73,0x20,0x07,0x6d,0x90,0x0e,0x71,0xa0,0x07,0x73,0x20,0x07,
    0x6d,0x90,0x0e,0x78,0xa0,0x07,0x73,0x20,0x07,0x6d,0x90,0x0e,0x71,0x60,0x07,0x7a,0x30,0x07,0x72,0xd0,0x06,0xe9,0x30,0x07,
    0x72,0xa0,0x07,0x73,0x20,0x07,0x6d,0x90,0x0e,0x76,0x40,0x07,0x7a,0x60,0x07,0x74,0xd0,0x06,0xe6,0x10,0x07,0x76,0xa0,0x07,
    0x73,0x20,0x07,0x6d,0x60,0x0e,0x73,0x20,0x07,0x7a,0x30,0x07,0x72,0xd0,0x06,0xe6,0x60,0x07,0x74,0xa0,0x07,0x76,0x40,0x07,
    0x6d,0xe0,0x0e,0x78,0xa0,0x07,0x71,0x60,0x07,0x7a,0x30,0x07,0x72,0xa0,0x07,0x76,0x40,0x07,0x43,0x9e,0x00,0x00,0x00,0x00,
    0x00,0x00,0x00,0x00,0x00,0x00,0x00,0x86,0x3c,0x06,0x10,0x00,0x01,0x00,0x00,0x00,0x00,0x00,0x00,0x00,0x0c,0x79,0x10,0x20,
    0x00,0x04,0x00,0x00,0x00,0x00,0x00,0x00,0x00,0x18,0xf2,0x2c,0x40,0x00,0x08,0x00,0x00,0x00,0x00,0x00,0x00,0x00,0x30,0xe4,
    0x69,0x80,0x00,0x08,0x00,0x00,0x00,0x00,0x00,0x00,0x00,0x60,0xc8,0xf3,0x00,0x01,0x10,0x00,0x00,0x00,0x00,0x00,0x00,0x00,
    0xc0,0x90,0x27,0x02,0x02,0x20,0x00,0x00,0x00,0x00,0x00,0x00,0x00,0x80,0x21,0x8f,0x05,0x04,0xc0,0x00,0x00,0x00,0x00,0x00,
    0x00,0x00,0x00,0x43,0x1e,0x0c,0x08,0x80,0x01,0x00,0x00,0x00,0x00,0x00,0x00,0x00,0x86,0x3c,0x1a,0x10,0x00,0x03,0x00,0x00,
    0x00,0x00,0x00,0x00,0x00,0x0c,0x79,0x2c,0x20,0x00,0x06,0x00,0x00,0x00,0x00,0x00,0x00,0x00,0x18,0xf2,0x74,0x40,0x00,0x0c,
    0x00,0x00,0x00,0x00,0x00,0x00,0x00,0x30,0xe4,0xf9,0x80,0x00,0x08,0x00,0x00,0x00,0x00,0x00,0x00,0x00,0x60,0xc8,0x13,0x06,
    0x40,0x00,0x04,0x00,0x00,0x00,0x00,0x00,0x00,0x00,0x30,0xe4,0x21,0x03,0x20,0x00,0x06,0x00,0x00,0x00,0x00,0x00,0x00,0x00,
    0x18,0xf2,0x98,0x01,0x10,0x00,0x03,0x00,0x00,0x00,0x00,0x00,0x00,0x00,0x64,0x81,0x00,0x00,0x00,0x00,0x21,0x00,0x00,0x00,
    0x32,0x1e,0x98,0x18,0x19,0x11,0x4c,0x90,0x8c,0x09,0x26,0x47,0xc6,0x04,0x43,0x22,0x94,0xc0,0x08,0x40,0x41,0x14,0x43,0x11,
    0x94,0x44,0x19,0x14,0x42,0x29,0x94,0x43,0x51,0x94,0x45,0x61,0x94,0x46,0x71,0x94,0x47,0x81,0x5a,0x50,0xa1,0x24,0xca,0xa0,
    0x10,0x46,0x00,0x8a,0xa0,0x04,0x0a,0x84,0x56,0x33,0x00,0xf4,0x9a,0x01,0xa0,0xd8,0x0c,0x00,0xd1,0x66,0x00,0x28,0x37,0x03,
    0x40,0xbb,0x19,0x00,0xea,0xcd,0x00,0x90,0x6f,0x2c,0x3d,0xc0,0x03,0x02,0x00,0x00,0xe0,0x79,0x9e,0xe7,0x79,0x9e,0xe7,0x79,
    0x9e,0xe7,0x79,0x9e,0xe7,0x79,0x9e,0xe7,0x79,0x9e,0xe7,0x79,0x9e,0xe7,0x79,0x9e,0xe7,0x79,0x9e,0xe7,0x79,0x9e,0xe7,0x79,
    0x9e,0xe7,0x79,0x9e,0xe7,0x01,0x8e,0x03,0x00,0x00,0x00,0x00,0x79,0x18,0x00,0x00,0x0d,0x01,0x00,0x00,0x1a,0x03,0x4c,0x90,
    0x46,0x02,0x13,0xc4,0x31,0x20,0xc3,0x1b,0x43,0x81,0x93,0x4b,0xb3,0x0b,0xa3,0x2b,0x4b,0x01,0x89,0x71,0xc1,0x71,0x81,0x71,
    0xa1,0xb9,0x99,0xc9,0x01,0x41,0x21,0xcb,0x09,0xab,0x29,0xcb,0xb9,0x21,0x83,0x49,0xd9,0x10,0x04,0x13,0x04,0x02,0x9a,0x20,
    0x10,0xd1,0x06,0x61,0x20,0x26,0x08,0x84,0xb4,0x41,0x18,0x0c,0x0a,0x70,0x73,0x13,0x04,0x62,0xda,0x30,0x20,0x09,0x31,0x41,
    0x58,0x03,0x34,0x20,0x30,0x41,0x20,0xa8,0x09,0x02,0x51,0x6d,0x10,0x08,0x67,0x43,0x42,0x2c,0x4c,0x43,0x0c,0x0d,0xf1,0x4c,
    0x10,0xde,0x20,0x0d,0x36,0x24,0x43,0xc4,0x34,0xc3,0xd0,0x10,0xcf,0x86,0xa4,0x89,0x98,0xa6,0x19,0x1a,0xe2,0x99,0x20,0x10,
    0xd6,0x86,0x84,0x8a,0x98,0x86,0x1a,0x1a,0xe2,0x99,0x20,0x10,0xd7,0x04,0x21,0x0e,0xd4,0x60,0x82,0x40,0x60,0x1b,0x12,0xeb,
    0x62,0x1a,0x6b,0xc0,0x88,0x67,0x43,0x82,0x5d,0x4c,0x83,0x0d,0x18,0xf1,0x6c,0x48,0x92,0x8b,0x69,0x92,0x01,0x23,0x9e,0x09,
    0x02,0x91,0x6d,0x48,0xb8,0x8b,0x69,0xb8,0x01,0x23,0x9e,0x0d,0x89,0x71,0x31,0x8d,0x31,0x60,0xc4,0xb3,0x21,0x71,0x2e,0xa6,
    0x71,0x06,0x8c,0x78,0x26,0x08,0x84,0xb6,0x21,0x01,0x83,0x8b,0x69,0xc0,0x60,0xc0,0x88,0x67,0x82,0x40,0x6c,0x1b,0x12,0x31,
    0xb8,0x98,0x46,0x0c,0x06,0x8c,0x78,0x26,0x08,0x04,0x37,0x41,0xa0,0x83,0x35,0xd8,0x90,0x90,0x41,0x19,0x30,0x0d,0x19,0x0c,
    0x16,0xf1,0x4c,0x10,0x88,0x6e,0x43,0x72,0x06,0x65,0xc0,0x34,0x67,0x30,0x58,0xc4,0x33,0x41,0x20,0xbc,0x0d,0x49,0x1a,0x94,
    0x01,0xd3,0xa4,0xc1,0x60,0x11,0xcf,0x04,0x81,0xf8,0x36,0x24,0x6b,0x50,0x06,0x4c,0xb3,0x06,0x83,0x45,0x3c,0x1b,0x20,0x48,
    0x9a,0xaa,0x4c,0xdb,0x3a,0xef,0x0b,0x83,0x31,0x30,0x03,0x34,0x50,0x03,0x36,0x98,0x20,0xe4,0x01,0x1b,0x4c,0x10,0x08,0x30,
    0xd8,0x80,0x10,0x6e,0xc0,0x50,0xc4,0xf0,0x06,0xc0,0x86,0x00,0x0e,0x26,0x08,0x7b,0xd0,0x06,0x1b,0x10,0x42,0x0e,0x98,0x86,
    0x18,0x06,0x60,0x82,0xd0,0x07,0x6e,0xb0,0x01,0x19,0xe8,0x80,0x69,0x86,0x81,0x00,0x36,0x20,0x0d,0x1d,0x30,0x4d,0x33,0x10,
    0xc0,0x06,0x84,0xa2,0x03,0xa6,0xa1,0x06,0x02,0xd8,0x80,0x58,0x74,0xc0,0x34,0xd6,0x40,0x00,0x1b,0x10,0x8c,0x0e,0x98,0x06,
    0x1b,0x08,0x60,0x03,0x92,0xd0,0x01,0xd3,0x24,0x03,0x01,0x6c,0x40,0x38,0x3a,0x60,0x1a,0x6e,0x20,0x80,0x0d,0x88,0x41,0x07,
    0x4c,0x63,0x0c,0x04,0xb0,0x01,0x71,0xe8,0x80,0x69,0x9c,0x81,0x00,0x36,0x20,0x60,0x40,0x07,0x4c,0x03,0x06,0x03,0x01,0x6c,
    0x40,0xc4,0x80,0x0e,0x98,0x46,0x0c,0x06,0x02,0xd8,0x80,0x90,0x01,0x1d,0x30,0x0d,0x19,0x0c,0x04,0xb0,0x01,0x39,0x03,0x3a,
    0x60,0x9a,0x33,0x18,0x08,0x60,0x03,0x92,0x06,0x74,0xc0,0x34,0x69,0x30,0x10,0xc0,0x06,0x64,0x0d,0xe8,0x80,0x69,0xd6,0x60,
    0x20,0x80,0x0d,0xd0,0x1c,0xd4,0x81,0x1d,0xdc,0x01,0x1e,0xe4,0x81,0x1e,0xec,0x01,0x1f,0xf4,0x81,0x1f,0xfc,0x01,0x28,0x84,
    0x82,0x28,0x8c,0xc2,0x06,0xa2,0x0d,0x80,0x38,0x20,0x85,0x09,0x82,0x1f,0xbc,0xc1,0x86,0xc0,0x14,0x26,0x08,0x02,0x40,0xa2,
    0x2d,0x2c,0xcd,0x8d,0xcb,0x94,0xd5,0x17,0xd4,0xdb,0x5c,0x1a,0x5d,0xda,0x9b,0xdb,0x04,0xa1,0x08,0x83,0x09,0x42,0x21,0x06,
    0x1b,0x02,0x62,0x82,0x50,0x8c,0xc1,0x04,0xa1,0x20,0x83,0x0d,0x0b,0xa1,0x0a,0xab,0xc0,0x0a,0xad,0xe0,0x0a,0x83,0x2b,0x10,
    0xaf,0x00,0x10,0xa1,0x2a,0xc2,0x1a,0x7a,0x7a,0x92,0x22,0x9a,0x20,0x14,0x65,0xb0,0x41,0xa0,0xd6,0x60,0xc3,0x32,0xc4,0xc2,
    0x2a,0xbc,0x42,0x2b,0xc8,0xc2,0xe0,0x0a,0xc3,0x2b,0xcc,0xc2,0x86,0x60,0xd8,0xb0,0x34,0xb1,0xb0,0x0a,0xaf,0x50,0x0b,0xb2,
    0x30,0xb8,0x42,0xf3,0x0a,0xb3,0xb0,0x21,0x68,0x26,0x08,0x85,0x19,0x6c,0x58,0xa8,0x58,0x58,0x85,0x57,0xb8,0x05,0x5c,0x18,
    0x5c,0x81,0x7a,0x85,0x59,0xd8,0x10,0x50,0x1b,0x16,0x2b,0x16,0x56,0xe1,0x15,0x74,0x01,0x17,0x06,0x57,0xb0,0x5e,0x61,0x16,
    0x36,0x04,0xd6,0x86,0x05,0x8b,0x85,0x55,0x78,0x05,0x5e,0x90,0x85,0xc1,0x15,0xb0,0x57,0x98,0x85,0x0d,0x01,0xb6,0x61,0x49,
    0x62,0x61,0x15,0x5e,0xc1,0x17,0x64,0x61,0x70,0x85,0xe4,0x15,0x66,0x61,0x43,0x90,0x6c,0x58,0xb8,0x58,0x58,0x85,0x57,0x00,
    0x07,0x59,0x18,0x5c,0x81,0x7b,0x85,0x59,0xd8,0x10,0x70,0x1b,0x16,0x23,0x16,0x56,0xe1,0x15,0xc4,0x41,0x16,0x06,0x57,0x30,
    0x5e,0x61,0x16,0x36,0x04,0xc6,0x86,0xc5,0x89,0x85,0x55,0x78,0x05,0x72,0x90,0x85,0xc1,0x15,0x9c,0x57,0x98,0x85,0x0d,0x81,
    0xb3,0x61,0x01,0x83,0x58,0x58,0x85,0x57,0x30,0x07,0x59,0x18,0x5c,0x01,0x0c,0x5e,0x61,0x16,0x36,0x04,0x60,0xb0,0x61,0x11,
    0x83,0x58,0x58,0x85,0x57,0x40,0x07,0x59,0x18,0x5c,0x41,0x0c,0x5e,0x61,0x16,0x36,0x04,0x62,0xb0,0x61,0x21,0x83,0x58,0x58,
    0x85,0x57,0x50,0x07,0x59,0x18,0x5c,0x81,0x0c,0x5e,0x61,0x16,0x36,0x04,0x64,0xb0,0x41,0xa0,0xce,0x60,0xc3,0x72,0x06,0xb1,
    0xb0,0x0a,0xaf,0xc0,0x0e,0xb2,0x30,0xb8,0xc2,0x19,0xbc,0x42,0x3b,0x6c,0x70,0x60,0x81,0x16,0x6c,0x21,0x17,0x76,0xa1,0x17,
    0x7e,0x21,0x1c,0xc6,0xa1,0x1c,0xce,0x21,0x1d,0xd6,0xc1,0x1d,0x98,0x4c,0x59,0x7d,0x51,0x85,0xc9,0x9d,0x95,0xd1,0x4d,0x10,
    0x8a,0x33,0xd8,0xb0,0x10,0xf0,0xb0,0x0a,0xf1,0xd0,0x0a,0xaf,0x30,0xb8,0x02,0xf1,0x0a,0xb3,0xb0,0x21,0x90,0x87,0x0d,0xc3,
    0x3b,0xcc,0x03,0xb0,0xa1,0x40,0x85,0x54,0xa0,0x87,0x52,0x00,0x88,0xb1,0xb1,0xd9,0xb5,0xb9,0xb0,0xbd,0xbd,0xc1,0xb9,0xd4,
    0xb9,0xc9,0xbd,0xb1,0xb1,0xb9,0x90,0xa5,0xcd,0x85,0x89,0xb1,0x95,0x6d,0x08,0xec,0x61,0x85,0x80,0x0f,0xf7,0x50,0x85,0x8d,
    0xcd,0xae,0xcd,0x25,0x8d,0xac,0xcc,0x8d,0x6e,0x4a,0x10,0x54,0x21,0xc3,0x73,0xb1,0x2b,0x93,0x9b,0x4b,0x7b,0x73,0x9b,0x12,
    0x10,0x4d,0xc8,0xf0,0x5c,0xec,0xc2,0xd8,0xec,0xca,0xe4,0xa6,0x04,0x46,0x1d,0x32,0x3c,0x97,0x39,0xb4,0x30,0xb2,0x32,0xb9,
    0xa6,0x37,0xb2,0x32,0xb6,0x29,0x41,0x52,0x86,0x0c,0xcf,0x45,0xae,0x6c,0xee,0xad,0x4e,0x6e,0xac,0x6c,0x6e,0x4a,0x40,0x0a,
    0x75,0xc8,0xf0,0x5c,0xec,0xd2,0xca,0xee,0x92,0xc8,0xa6,0xe8,0xc2,0xe8,0xca,0xa6,0x04,0xa6,0x50,0x87,0x0c,0xcf,0xa5,0xcc,
    0x8d,0x4e,0x2e,0x0f,0xea,0x2d,0xcd,0x8d,0x6e,0x6e,0x4a,0x40,0x0f,0x00,0x00,0x00,0x79,0x18,0x00,0x00,0x55,0x00,0x00,0x00,
    0x33,0x08,0x80,0x1c,0xc4,0xe1,0x1c,0x66,0x14,0x01,0x3d,0x88,0x43,0x38,0x84,0xc3,0x8c,0x42,0x80,0x07,0x79,0x78,0x07,0x73,
    0x98,0x71,0x0c,0xe6,0x00,0x0f,0xed,0x10,0x0e,0xf4,0x80,0x0e,0x33,0x0c,0x42,0x1e,0xc2,0xc1,0x1d,0xce,0xa1,0x1c,0x66,0x30,
    0x05,0x3d,0x88,0x43,0x38,0x84,0x83,0x1b,0xcc,0x03,0x3d,0xc8,0x43,0x3d,0x8c,0x03,0x3d,0xcc,0x78,0x8c,0x74,0x70,0x07,0x7b,
    0x08,0x07,0x79,0x48,0x87,0x70,0x70,0x07,0x7a,0x70,0x03,0x76,0x78,0x87,0x70,0x20,0x87,0x19,0xcc,0x11,0x0e,0xec,0x90,0x0e,
    0xe1,0x30,0x0f,0x6e,0x30,0x0f,0xe3,0xf0,0x0e,0xf0,0x50,0x0e,0x33,0x10,0xc4,0x1d,0xde,0x21,0x1c,0xd8,0x21,0x1d,0xc2,0x61,
    0x1e,0x66,0x30,0x89,0x3b,0xbc,0x83,0x3b,0xd0,0x43,0x39,0xb4,0x03,0x3c,0xbc,0x83,0x3c,0x84,0x03,0x3b,0xcc,0xf0,0x14,0x76,
    0x60,0x07,0x7b,0x68,0x07,0x37,0x68,0x87,0x72,0x68,0x07,0x37,0x80,0x87,0x70,0x90,0x87,0x70,0x60,0x07,0x76,0x28,0x07,0x76,
    0xf8,0x05,0x76,0x78,0x87,0x77,0x80,0x87,0x5f,0x08,0x87,0x71,0x18,0x87,0x72,0x98,0x87,0x79,0x98,0x81,0x2c,0xee,0xf0,0x0e,
    0xee,0xe0,0x0e,0xf5,0xc0,0x0e,0xec,0x30,0x03,0x62,0xc8,0xa1,0x1c,0xe4,0xa1,0x1c,0xcc,0xa1,0x1c,0xe4,0xa1,0x1c,0xdc,0x61,
    0x1c,0xca,0x21,0x1c,0xc4,0x81,0x1d,0xca,0x61,0x06,0xd6,0x90,0x43,0x39,0xc8,0x43,0x39,0x98,0x43,0x39,0xc8,0x43,0x39,0xb8,
    0xc3,0x38,0x94,0x43,0x38,0x88,0x03,0x3b,0x94,0xc3,0x2f,0xbc,0x83,0x3c,0xfc,0x82,0x3b,0xd4,0x03,0x3b,0xb0,0xc3,0x0c,0xc4,
    0x21,0x07,0x7c,0x70,0x03,0x7a,0x28,0x87,0x76,0x80,0x87,0x19,0xca,0xc3,0x0e,0xec,0x60,0x0f,0xed,0xe0,0x06,0xec,0xf0,0x0e,
    0xef,0x00,0x0f,0x33,0x22,0x88,0x1c,0xf0,0xc1,0x0d,0xc8,0x41,0x1c,0xce,0xc1,0x0d,0xec,0x21,0x1c,0xe4,0x81,0x1d,0xc2,0x21,
    0x1f,0xde,0xa1,0x1e,0xe8,0x61,0x06,0x13,0x91,0x03,0x3e,0xb8,0x81,0x38,0xc8,0x43,0x39,0x84,0xc3,0x3a,0xb8,0x81,0x38,0xc8,
    0x03,0x00,0x00,0x00,0x71,0x20,0x00,0x00,0x3d,0x00,0x00,0x00,0x66,0x00,0x0d,0x97,0xef,0x3c,0x7e,0x80,0x34,0x40,0x84,0xf9,
    0xc5,0x6d,0x1b,0x03,0x34,0x5c,0xbe,0xf3,0xf8,0x01,0xd2,0x00,0x11,0xe6,0x23,0xb7,0x6d,0x0e,0xdb,0x70,0xf9,0xce,0xe3,0x0b,
    0x01,0x55,0x14,0x44,0x54,0x3a,0xc0,0x50,0x12,0x06,0x20,0x60,0x7e,0x71,0xdb,0xf6,0x20,0x0d,0x97,0xef,0x3c,0xbe,0x10,0x11,
    0xc0,0x44,0x84,0x40,0x33,0x2c,0x84,0x0d,0x34,0xc3,0xe5,0x3b,0x8f,0x3f,0x20,0x92,0x00,0x44,0x83,0x15,0x38,0xc3,0xe5,0x3b,
    0x8f,0x3f,0x38,0x93,0xed,0x17,0xb7,0x6d,0x0d,0xce,0x70,0xf9,0xce,0xe3,0x0f,0xce,0x74,0xfb,0xc5,0x6d,0xdb,0xc2,0x34,0x5c,
    0xbe,0xf3,0xf8,0x06,0x31,0x75,0x08,0x43,0x34,0x12,0xe2,0x34,0x92,0x05,0x4c,0xc3,0xe5,0x3b,0x8f,0xbf,0x38,0xc0,0x20,0x36,
    0x0f,0x35,0xf9,0xc5,0x6d,0xdb,0x01,0x35,0x5c,0xbe,0xf3,0xf8,0x12,0xc0,0x3c,0x0b,0xb1,0x21,0x80,0xe4,0x17,0xb7,0x6d,0x0a,
    0xd3,0x70,0xf9,0xce,0xe3,0x4b,0x00,0xf3,0x2c,0x04,0xc7,0x3c,0x7e,0x71,0xdb,0x96,0x40,0x0d,0x97,0xef,0x3c,0xbe,0x04,0x30,
    0xcf,0x42,0x80,0x11,0x30,0xf8,0xc5,0x6d,0x1b,0x42,0x35,0x5c,0xbe,0xf3,0xf8,0x12,0xc0,0x3c,0x0b,0x51,0x12,0x15,0xb1,0xf8,
    0xc5,0x6d,0x9b,0x40,0x35,0x5c,0xbe,0xf3,0xf8,0xd2,0xe4,0x44,0x04,0x4a,0x4d,0x0f,0x35,0xf9,0xc5,0x6d,0x1b,0xc1,0x33,0x5c,
    0xbe,0xf3,0xf8,0x54,0x03,0x44,0x98,0x5f,0xdc,0xb6,0x01,0x10,0x0c,0x80,0x34,0x00,0x61,0x20,0x00,0x00,0x85,0x2e,0x00,0x00,
    0x13,0x04,0xe6,0x16,0x0b,0x04,0x00,0x00,0x3d,0x00,0x00,0x00,0xa4,0xa8,0x81,0x11,0x00,0x22,0x14,0x69,0x40,0x01,0x02,0x12,
    0x94,0xff,0xff,0xff,0x43,0x01,0x02,0x02,0x3e,0xd4,0x20,0x41,0x01,0x02,0x02,0x22,0x14,0x20,0x20,0x60,0x40,0x01,0x02,0x0a,
    0x94,0x4c,0xb9,0x15,0x6c,0x40,0x39,0x06,0x94,0x6b,0x40,0x31,0x06,0x14,0x6b,0x40,0xd9,0x94,0x51,0x0d,0x14,0x52,0xb1,0xcc,
    0x00,0x54,0x41,0xd9,0x15,0x64,0x40,0xf1,0x95,0x5c,0xc1,0x94,0x4b,0x41,0x95,0x4a,0x01,0xf2,0x14,0x20,0x44,0xe9,0x15,0x4e,
    0x99,0x06,0x14,0x6a,0x40,0x01,0x06,0x14,0x5d,0xe1,0x15,0xf8,0x40,0xf9,0x15,0x48,0x39,0x15,0x50,0xc1,0x95,0x4f,0x89,0x14,
    0x20,0x41,0xf1,0x14,0x49,0xa1,0x14,0x65,0x40,0x59,0x06,0x14,0x66,0x40,0x99,0x14,0x4d,0xa1,0x15,0x5b,0xa9,0x06,0x94,0x62,
    0x00,0x0d,0xc6,0x08,0x40,0x10,0x04,0xf1,0x6e,0x8c,0x00,0x04,0x41,0xff,0x0e,0x83,0x31,0x82,0xbe,0x6f,0x59,0x5c,0x17,0xc6,
    0x08,0xf6,0x58,0x8d,0xf7,0x5f,0x18,0x23,0x00,0x41,0x10,0xc4,0x7f,0x61,0x8c,0x80,0x84,0x41,0x11,0xff,0x85,0x31,0x02,0x11,
    0x05,0x43,0x10,0x0c,0xc6,0x08,0x6e,0xbc,0x1d,0x5b,0x5e,0x18,0x23,0x00,0x41,0x10,0x44,0xc1,0x60,0x8c,0xe0,0xc6,0xdb,0xb1,
    0xe5,0xc6,0x08,0x40,0x10,0x04,0x41,0x30,0x18,0x23,0xe8,0xfb,0x96,0xc5,0xb5,0x31,0x02,0x10,0x04,0x41,0xf8,0x1b,0x23,0x00,
    0x41,0x10,0x84,0x7f,0x61,0x06,0x60,0x8c,0x00,0x04,0x41,0x10,0xff,0x46,0x00,0x00,0x23,0x06,0x09,0x00,0x82,0x60,0x60,0x06,
    0xf0,0x40,0x07,0xbb,0x00,0x0e,0xe0,0xe0,0x0a,0x23,0x06,0x09,0x00,0x82,0x60,0x60,0x06,0xf1,0x50,0x07,0xbc,0x20,0x0e,0xe2,
    0xf0,0x0a,0x23,0x06,0x09,0x00,0x82,0x60,0x60,0x06,0xf2,0x60,0x07,0xbd,0x40,0x0e,0xe4,0x00,0x0b,0x23,0x06,0x09,0x00,0x82,
    0x60,0x60,0x06,0xf3,0x70,0x07,0xbe,0x60,0x0e,0xe6,0x10,0x0b,0x23,0x06,0x09,0x00,0x82,0x60,0x60,0x06,0xf4,0x80,0x07,0xbf,
    0x80,0x0e,0xe8,0x20,0x0b,0x23,0x06,0x09,0x00,0x82,0x60,0x60,0x06,0xf5,0x90,0x07,0xe0,0xa0,0x0e,0xea,0x30,0x0b,0x23,0x06,
    0x09,0x00,0x82,0x60,0x60,0x06,0xf6,0xa0,0x07,0xe1,0x00,0x0f,0xf0,0x40,0x0b,0x23,0x06,0x09,0x00,0x82,0x60,0x60,0x06,0xf7,
    0xb0,0x07,0xe2,0x40,0x0f,0xf4,0x50,0x0b,0x23,0x06,0x09,0x00,0x82,0x60,0x60,0x06,0xf8,0xc0,0x07,0xe3,0xe0,0x0e,0xee,0x60,
    0x0b,0x23,0x06,0x09,0x00,0x82,0x60,0x60,0x06,0xf9,0xd0,0x07,0xe4,0x50,0x0f,0xf5,0x70,0x0b,0x23,0x06,0x09,0x00,0x82,0x60,
    0x60,0x06,0xfa,0xe0,0x07,0xe5,0x10,0x0f,0xf1,0x80,0x0b,0x23,0x06,0x09,0x00,0x82,0x60,0x60,0x06,0xfb,0xf0,0x07,0xe6,0x30,
    0x0f,0xf3,0x90,0x0b,0x23,0x06,0x09,0x00,0x82,0x60,0x60,0x06,0xfc,0x00,0x0a,0xe7,0x50,0x0f,0xf5,0xa0,0x0b,0x23,0x06,0x09,
    0x00,0x82,0x60,0x60,0x06,0xfd,0x10,0x0a,0xe8,0x80,0x0f,0xf8,0xb0,0x0b,0x23,0x06,0x09,0x00,0x82,0x60,0x60,0x06,0xfe,0x20,
    0x0a,0xe9,0xd0,0x0f,0xfd,0xc0,0x0b,0x23,0x06,0x09,0x00,0x82,0x60,0x60,0x06,0xff,0x30,0x0a,0xea,0xd0,0x0f,0xfd,0xd0,0x0b,
    0x23,0x06,0x09,0x00,0x82,0x60,0x60,0x06,0x20,0x41,0x0a,0xed,0x00,0x0f,0xf0,0xe0,0x0b,0x23,0x06,0x09,0x00,0x82,0x60,0x60,
    0x06,0x21,0x51,0x0a,0xee,0x20,0x0f,0xf2,0xf0,0x0b,0x23,0x06,0x09,0x00,0x82,0x60,0x60,0x06,0x22,0x61,0x0a,0xef,0x40,0x0f,
    0xf4,0x00,0x0e,0x23,0x06,0x09,0x00,0x82,0x60,0x60,0x06,0x23,0x71,0x0a,0xf0,0x60,0x0f,0xf6,0x10,0x0e,0x23,0x06,0x09,0x00,
    0x82,0x60,0x60,0x06,0x24,0x81,0x0a,0xf1,0x80,0x0f,0xf8,0x20,0x0e,0x23,0x06,0x09,0x00,0x82,0x60,0x60,0x06,0x25,0x91,0x0a,
    0xf2,0xa0,0x0f,0xfa,0x30,0x0e,0x23,0x06,0x09,0x00,0x82,0x60,0x60,0x06,0x26,0xa1,0x0a,0xf3,0x00,0x12,0x20,0x41,0x0e,0x23,
    0x06,0x09,0x00,0x82,0x60,0x60,0x06,0x27,0xb1,0x0a,0xf4,0x40,0x12,0x24,0x51,0x0e,0x23,0x06,0x09,0x00,0x82,0x60,0x60,0x06,
    0x28,0xc1,0x0a,0xf5,0xe0,0x0f,0xfe,0x60,0x0e,0x23,0x06,0x09,0x00,0x82,0x60,0x60,0x06,0x29,0xd1,0x0a,0xf6,0x50,0x12,0x25,
    0x71,0x0e,0x23,0x06,0x09,0x00,0x82,0x60,0x60,0x06,0x2a,0xe1,0x0a,0xf7,0x10,0x12,0x21,0x81,0x0e,0x23,0x06,0x09,0x00,0x82,
    0x60,0x60,0x06,0x2b,0xf1,0x0a,0xf8,0x30,0x12,0x23,0x91,0x0e,0x23,0x06,0x09,0x00,0x82,0x60,0x60,0x06,0x2c,0x01,0x0b,0xf9,
    0x50,0x12,0x25,0xa1,0x0e,0x23,0x06,0x09,0x00,0x82,0x60,0x60,0x06,0x2d,0x11,0x0b,0xfa,0x80,0x12,0x28,0xb1,0x0e,0x23,0x06,
    0x09,0x00,0x82,0x60,0x60,0x06,0x2e,0x21,0x0b,0xfb,0xd0,0x12,0x2d,0xc1,0x0e,0x23,0x06,0x09,0x00,0x82,0x60,0x60,0x06,0x2f,
    0x31,0x0b,0xfc,0xd0,0x12,0x2d,0xd1,0x0e,0x23,0x06,0x09,0x00,0x82,0x60,0x60,0x06,0x30,0x41,0x0b,0xfa,0xe0,0x12,0x2e,0xe1,
    0x0e,0x23,0x06,0x09,0x00,0x82,0x60,0x60,0xfc,0x44,0x4a,0x8c,0xc4,0x4b,0xf0,0x83,0x2e,0x8c,0x18,0x24,0x00,0x08,0x82,0x81,
    0x01,0x16,0x2a,0x41,0x12,0x30,0xc1,0x0f,0xbb,0x30,0x62,0x90,0x00,0x20,0x08,0x06,0x46,0x58,0xac,0x44,0x49,0xc4,0x04,0x48,
    0xf0,0xc2,0x88,0x41,0x02,0x80,0x20,0x18,0x18,0x62,0xc1,0x12,0x27,0x21,0x13,0xff,0xd0,0x0b,0x23,0x06,0x09,0x00,0x82,0x60,
    0x60,0x8c,0x45,0x4b,0xa0,0xc4,0x4c,0xf8,0x83,0x2f,0x8c,0x18,0x24,0x00,0x08,0x82,0x81,0x41,0x16,0x2e,0x91,0x12,0x34,0x01,
    0x12,0xbf,0x30,0x62,0x90,0x00,0x20,0x08,0x06,0x46,0x59,0xbc,0x84,0x4a,0xd4,0x04,0x49,0x80,0xc3,0x88,0x41,0x02,0x80,0x20,
    0x18,0x18,0x66,0x01,0x13,0x2c,0x61,0x13,0x23,0x11,0x0e,0x23,0x06,0x09,0x00,0x82,0x60,0x60,0x9c,0x45,0x4c,0xb4,0xc4,0x4d,
    0x88,0x84,0x38,0x8c,0x18,0x24,0x00,0x08,0x82,0x81,0x81,0x16,0x32,0xe1,0x12,0x38,0x41,0x12,0xe3,0x30,0x62,0x90,0x00,0x20,
    0x08,0x06,0x46,0x5a,0xcc,0xc4,0x4b,0xe4,0x04,0x4a,0x90,0xc3,0x88,0x41,0x02,0x80,0x20,0x18,0x18,0x6a,0x41,0x13,0x31,0xa1,
    0x13,0x27,0x51,0x0e,0x23,0x06,0x09,0x00,0x82,0x60,0x60,0xac,0x45,0x4d,0xc8,0xc4,0x4e,0x98,0x84,0x39,0x8c,0x18,0x24,0x00,
    0x08,0x82,0x81,0xc1,0x16,0x36,0x31,0x13,0x3c,0x81,0x12,0xe7,0x30,0x62,0x90,0x00,0x20,0x08,0x06,0x46,0x5b,0xdc,0x04,0x4d,
    0xf4,0x04,0x4b,0xa0,0xc3,0x88,0x41,0x02,0x80,0x20,0x18,0x18,0x6e,0x81,0x13,0x3a,0xe1,0x13,0x2b,0x91,0x0e,0x23,0x06,0x09,
    0x00,0x82,0x60,0x60,0xbc,0x45,0x4e,0xec,0xc4,0x4f,0xa8,0x84,0x3a,0x8c,0x18,0x24,0x00,0x08,0x82,0x81,0x01,0x17,0x3a,0xc1,
    0x13,0x60,0xc1,0x12,0xeb,0x30,0x62,0x90,0x00,0x20,0x08,0x06,0x46,0x5c,0xec,0x44,0x4f,0x84,0x05,0x4c,0xb0,0xc3,0x88,0x41,
    0x02,0x80,0x20,0x18,0x18,0x72,0xc1,0x13,0x61,0x21,0x16,0x2f,0xd1,0x0e,0x23,0x06,0x09,0x00,0x82,0x60,0x60,0xcc,0x45,0x4f,
    0x88,0xc5,0x58,0xb8,0x84,0x3b,0x8c,0x18,0x24,0x00,0x08,0x82,0x81,0x41,0x17,0x3e,0x31,0x16,0x64,0x01,0x13,0xef,0x30,0x62,
    0x90,0x00,0x20,0x08,0x06,0x46,0x5d,0xfc,0x04,0x59,0x94,0x05,0x4d,0xc0,0xc3,0x88,0x41,0x02,0x80,0x20,0x18,0x18,0x76,0x01,
    0x16,0x3e,0x61,0x16,0x33,0x11,0x0f,0x23,0x06,0x09,0x00,0x82,0x60,0x60,0xdc,0x45,0x58,0xfc,0xc4,0x59,0xc8,0x84,0x3c,0x8c,
    0x18,0x24,0x00,0x08,0x82,0x81,0x81,0x17,0x62,0x01,0x16,0x68,0x41,0x13,0xf3,0x30,0x62,0x90,0x00,0x20,0x08,0x06,0x46,0x5e,
    0x8c,0x45,0x58,0xa4,0x05,0x4e,0xd0,0xc3,0x88,0x41,0x02,0x80,0x20,0x18,0x18,0x7a,0x41,0x16,0x68,0xa1,0x16,0x37,0x51,0x0f,
    0x23,0x06,0x09,0x00,0x82,0x60,0x60,0xec,0x45,0x59,0xa4,0xc5,0x5a,0xd8,0x84,0x3d,0x8c,0x18,0x24,0x00,0x08,0x82,0x81,0xc1,
    0x17,0x66,0xa1,0x16,0x6c,0x81,0x13,0xf7,0x30,0x62,0x90,0x00,0x20,0x08,0x06,0x46,0x5f,0x9c,0xc5,0x5a,0xb4,0x05,0x4f,0xe0,
    0xc3,0x88,0x41,0x02,0x80,0x20,0x18,0x18,0x7e,0x81,0x16,0x67,0xe1,0x16,0x3b,0x91,0x0f,0x23,0x06,0x09,0x00,0x82,0x60,0x60,
    0xfc,0x45,0x5a,0xa0,0xc5,0x5b,0xe8,0x84,0x3e,0x8c,0x18,0x24,0x00,0x08,0x82,0x81,0x01,0x1a,0x6a,0x91,0x16,0x70,0xc1,0x13,
    0xfb,0x30,0x62,0x90,0x00,0x20,0x08,0x06,0x46,0x68,0xac,0x85,0x5a,0xc4,0x05,0x58,0xf0,0xc3,0x88,0x41,0x02,0x80,0x20,0x18,
    0x18,0xa2,0xc1,0x16,0x6c,0x21,0x17,0x3f,0xd1,0x0f,0x23,0x06,0x09,0x00,0x82,0x60,0x60,0x8c,0x46,0x5b,0xb4,0xc5,0x5c,0xf8,
    0x84,0x3f,0x8c,0x18,0x24,0x00,0x08,0x82,0x81,0x41,0x1a,0x6e,0xe1,0x16,0x74,0x01,0x16,0xff,0x30,0x62,0x90,0x00,0x20,0x08,
    0x06,0x46,0x69,0xbc,0xc5,0x5b,0xd4,0x05,0x59,0x80,0xc4,0x88,0x41,0x02,0x80,0x20,0x18,0x18,0xa6,0x01,0x17,0x71,0x61,0x17,
    0x63,0x11,0x12,0x23,0x06,0x09,0x00,0x82,0x60,0x60,0x9c,0x46,0x5c,0xc8,0xc5,0x5d,0x88,0x85,0x48,0x8c,0x18,0x24,0x00,0x08,
    0x82,0x81,0x81,0x1a,0x72,0x31,0x17,0x78,0x41,0x16,0x23,0x31,0x62,0x90,0x00,0x20,0x08,0x06,0x46,0x6a,0xcc,0x05,0x5d,0xe4,
    0x05,0x5a,0x90,0xc4,0x88,0x41,0x02,0x80,0x20,0x18,0x18,0xaa,0x41,0x17,0x77,0xa1,0x17,0x67,0x51,0x12,0x23,0x06,0x09,0x00,
    0x82,0x60,0x60,0xac,0x46,0x5d,0xe0,0xc5,0x5e,0x98,0x85,0x49,0x8c,0x18,0x24,0x00,0x08,0x82,0x81,0xc1,0x1a,0x76,0x91,0x17,
    0x7c,0x81,0x16,0x27,0x31,0x62,0x90,0x00,0x20,0x08,0x06,0x46,0x6b,0xdc,0x85,0x5e,0xf4,0x05,0x5b,0xa0,0xc4,0x88,0x41,0x02,
    0x80,0x20,0x18,0x18,0xae,0x81,0x17,0x7f,0xe1,0x17,0x6b,0x91,0x12,0x23,0x06,0x09,0x00,0x82,0x60,0x60,0xbc,0x46,0x5e,0x80,
    0xc6,0x5f,0xa8,0x85,0x4a,0x8c,0x18,0x24,0x00,0x08,0x82,0x81,0x01,0x1b,0x7a,0x11,0x1a,0xa0,0xc1,0x16,0x2b,0x31,0x62,0x90,
    0x00,0x20,0x08,0x06,0x46,0x6c,0xec,0x85,0x68,0x84,0x06,0x5c,0xb0,0xc4,0x88,0xc1,0x01,0x80,0x20,0x18,0x90,0x41,0x69,0xac,
    0x04,0x1d,0xd4,0xc3,0x68,0x42,0x00,0x5c,0x40,0xa0,0x0a,0x7a,0x42,0x87,0x1b,0x02,0xd3,0x08,0x83,0x1a,0xfe,0x42,0xa7,0x1b,
    0x24,0x45,0x98,0x6e,0x90,0x94,0x61,0xba,0x41,0x52,0x88,0xe9,0x06,0x49,0x29,0xa6,0x1b,0x34,0xc9,0x98,0x6e,0xd0,0xa4,0x63,
    0xba,0x41,0x93,0x90,0xe9,0x06,0x4d,0x4a,0x66,0x09,0x82,0x81,0x8a,0x01,0x02,0x42,0x96,0x51,0xb5,0x81,0x8a,0x01,0x02,0x42,
    0x96,0x51,0xb5,0x81,0x8a,0x01,0x02,0x42,0x96,0x51,0xb5,0x81,0x8a,0x01,0x02,0x42,0x96,0x51,0xb5,0x81,0x8a,0xc1,0x35,0x80,
    0x90,0x65,0x54,0x6d,0xa0,0x62,0x80,0x0d,0x20,0x64,0x19,0x55,0x1b,0xa8,0x18,0x64,0x03,0x08,0x59,0x46,0xd5,0x06,0x2a,0x06,
    0xda,0x00,0x42,0x96,0x51,0xb5,0x81,0x8a,0xc1,0x36,0x80,0x5c,0x57,0x54,0x6d,0xa0,0x62,0xc0,0x0d,0x20,0xd7,0x15,0x55,0x1b,
    0xa8,0x18,0x74,0x03,0xc8,0x75,0x45,0xd5,0x06,0x2a,0x08,0xbb,0x01,0xfa,0x95,0x51,0xb5,0x81,0x0a,0x02,0x6f,0x80,0x3e,0x50,
    0xb5,0x81,0x0a,0x42,0x6f,0x80,0x99,0x50,0xb5,0x81,0x0a,0x82,0x6f,0x80,0x7c,0x65,0x54,0x6d,0xb8,0x21,0xc0,0xcc,0x60,0x96,
    0x61,0xd5,0x84,0xa0,0x84,0xf0,0xb8,0x0a,0xc4,0x63,0x2d,0x78,0x0b,0x18,0x8c,0x18,0x1c,0x00,0x08,0x82,0x01,0x19,0x98,0x07,
    0x5b,0xd4,0x42,0x30,0x9a,0x10,0x00,0xa3,0x09,0x42,0x30,0x9a,0x30,0x08,0xa3,0x09,0xc4,0x60,0x48,0x5d,0xc0,0x60,0xc4,0xe0,
    0x00,0x40,0x10,0x0c,0xc8,0x80,0x3d,0xe4,0x62,0x17,0x82,0xd1,0x84,0x20,0x18,0x4d,0x10,0x84,0xd1,0x84,0x61,0xa8,0x47,0x3d,
    0xc8,0x82,0x9a,0x00,0xc1,0x88,0xc1,0x01,0x80,0x20,0x18,0x90,0x81,0x7c,0xe0,0x45,0x38,0x04,0x36,0xb4,0xc7,0x09,0x86,0x1b,
    0xa2,0x00,0x0c,0x66,0x19,0x06,0x22,0x18,0x4d,0x18,0x80,0x59,0x82,0x62,0x34,0x81,0x18,0x46,0x13,0x0a,0xc1,0xaa,0x22,0x04,
    0xc3,0x0d,0xc1,0x7c,0x80,0xc1,0x74,0xc3,0x40,0x04,0xb3,0x04,0xc5,0x40,0xc5,0xc0,0x0c,0x02,0x71,0x01,0x81,0x2a,0x60,0x0b,
    0x9d,0x65,0x30,0x0e,0x65,0x34,0x81,0x01,0x66,0x09,0x90,0xd1,0x84,0x66,0x18,0x4d,0x70,0x04,0xf3,0x9c,0x10,0x0c,0x37,0x04,
    0xfc,0x01,0x06,0xd3,0x0d,0x03,0x11,0xcc,0x12,0x20,0x03,0x15,0x03,0x63,0x08,0xc7,0x05,0x04,0xaa,0xa0,0x3e,0xb0,0x02,0xfe,
    0x50,0x13,0x4c,0xe4,0x06,0xb3,0x0c,0x89,0x52,0x8d,0x26,0x5c,0xc0,0x2c,0xc1,0x32,0x9a,0x80,0x0d,0xa3,0x09,0x99,0x60,0x69,
    0x90,0x85,0x60,0xb8,0x21,0x38,0x11,0x30,0x98,0x6e,0x18,0x88,0x60,0x96,0x60,0x19,0xa8,0x18,0x98,0x44,0x50,0x2e,0x20,0x50,
    0x05,0x27,0x82,0x15,0x9c,0x88,0x9a,0x10,0x23,0x37,0x98,0x65,0x60,0x1a,0x30,0x18,0x4d,0x10,0x03,0x60,0x96,0xc0,0x19,0x4d,
    0x18,0x83,0x61,0x34,0x81,0x0c,0x04,0xa3,0x03,0x32,0x08,0xc1,0x70,0x43,0x20,0x23,0x60,0x30,0xdd,0x30,0x10,0xc1,0x2c,0x81,
    0x33,0x50,0x31,0x30,0x8c,0xd0,0x5c,0x40,0xa0,0x0a,0x60,0x04,0x2b,0x90,0x11,0x35,0x81,0x47,0x6e,0x50,0x7b,0x60,0x23,0x64,
    0x01,0x69,0x80,0x60,0xc4,0xe0,0x00,0x40,0x10,0x0c,0xc8,0x20,0x4c,0xce,0x03,0x26,0x82,0xd1,0x84,0x20,0x18,0x4d,0x10,0x06,
    0x2b,0x7c,0xe4,0x04,0x16,0x0a,0x41,0x08,0x86,0x1b,0x02,0x32,0x01,0x83,0xe9,0x86,0x82,0x08,0x2e,0x20,0x50,0x05,0xb8,0xa1,
    0x25,0xe4,0x08,0x56,0x00,0x26,0x5a,0x84,0x98,0x60,0x05,0x62,0xa2,0x26,0xb0,0xc9,0x0d,0xea,0x18,0x13,0xac,0xa0,0x4c,0xd4,
    0x84,0x37,0xb9,0xc1,0x2c,0xc3,0x03,0xf9,0xc1,0x68,0x02,0x28,0x00,0xb3,0x04,0xd1,0x68,0x42,0x28,0x0c,0xa3,0x09,0xa2,0x20,
    0x98,0x2c,0x88,0x42,0x08,0x86,0x1b,0x02,0x38,0x01,0x83,0xe9,0x86,0x81,0x08,0x66,0x09,0xa2,0x81,0x8a,0x81,0x79,0x04,0xe8,
    0x02,0x02,0x55,0x00,0x23,0x3a,0xdc,0x10,0xe0,0x49,0x18,0xdc,0x2b,0x10,0x68,0x96,0x41,0x9a,0x52,0x61,0x34,0x61,0x15,0x80,
    0x59,0x02,0x6a,0x34,0x81,0x15,0x86,0xd1,0x84,0x56,0x10,0xac,0x17,0x5a,0x21,0x04,0xc3,0x0d,0xc1,0x9e,0x80,0xc1,0x74,0xc3,
    0x40,0x04,0xb3,0x04,0xd4,0x40,0xc5,0xc0,0x48,0xc2,0x74,0x01,0x81,0x2a,0xe0,0x11,0x1d,0x6e,0x08,0x46,0x25,0x0c,0x6a,0xa1,
    0x8f,0x2d,0x06,0x4c,0x74,0xba,0x41,0x08,0x86,0x0a,0x46,0x05,0x2b,0x00,0x15,0x9d,0x65,0xa8,0x2c,0x5c,0x18,0x4d,0xd0,0x05,
    0x60,0x96,0xe0,0x1a,0x4d,0xd8,0x85,0x61,0x34,0x81,0x17,0x04,0x63,0x07,0x5e,0x08,0xc1,0x70,0x43,0xa0,0x2a,0x60,0x30,0xdd,
    0x30,0x10,0xc1,0x2c,0xc1,0x35,0x50,0x31,0x30,0x95,0x60,0x5d,0x40,0xa0,0x0a,0x66,0x04,0x2b,0x68,0x15,0x2d,0x37,0x78,0x13,
    0x1d,0x31,0x38,0x00,0x10,0x04,0x03,0x32,0xb8,0x95,0x1e,0x31,0x8d,0x13,0x19,0x4d,0x08,0x82,0x0b,0x08,0x54,0x01,0x9d,0xa8,
    0xe9,0xc3,0xac,0xc8,0xa0,0x84,0x00,0x2b,0x90,0x15,0x1d,0x8e,0x80,0x07,0xf9,0x10,0x3e,0x83,0x87,0xf9,0x80,0xcf,0x05,0x04,
    0x1a,0x6e,0x20,0x87,0x5f,0x01,0x83,0x59,0x86,0x55,0xc3,0x82,0xe1,0x86,0x90,0x00,0x17,0x30,0x98,0x65,0xf8,0xb2,0x60,0xb8,
    0x41,0x24,0x7a,0x05,0x0c,0x66,0x19,0x3e,0x2d,0x18,0x6e,0x18,0x09,0x5e,0x01,0x83,0x59,0x86,0x6f,0x0b,0x86,0x1b,0x48,0x82,
    0x57,0xc0,0x60,0x96,0xe1,0xe3,0x82,0xe1,0x86,0x92,0xe0,0x15,0x30,0x98,0x65,0xf8,0xba,0x60,0xb8,0xc1,0x24,0xc4,0x05,0x0c,
    0x66,0x19,0x3e,0x2f,0x18,0x6e,0x38,0x89,0x5e,0x01,0x83,0xe9,0x06,0xda,0xc0,0x8b,0x60,0xba,0x81,0x36,0xf0,0x42,0x98,0x6e,
    0xa0,0x0d,0xbc,0x18,0xa6,0x1b,0x68,0x03,0x2f,0x88,0x59,0x82,0x6f,0xa0,0x67,0x00,0x19,0x0c,0x65,0x32,0x98,0xd1,0x70,0x66,
    0x03,0x1b,0x0e,0x6d,0x3a,0xc4,0x1b,0xe8,0x19,0x40,0x06,0x43,0x99,0x0c,0x66,0x34,0x9c,0xd9,0xc0,0x86,0x43,0x9b,0x0e,0xf1,
    0x06,0x7a,0x06,0x90,0xc1,0x50,0x26,0x83,0x19,0x0d,0x67,0x36,0xb0,0xe1,0xd0,0xa6,0x43,0xbc,0x81,0x9e,0x01,0x64,0x30,0x94,
    0xc9,0x60,0x46,0xc3,0x99,0x0d,0x6c,0x38,0xb4,0xe9,0x10,0x6f,0xc4,0xe0,0x00,0x40,0x10,0x0c,0xc8,0x20,0x5e,0xee,0x04,0x3c,
    0xd0,0x65,0x34,0x21,0x10,0x86,0x23,0x82,0x13,0x11,0xbe,0x59,0x06,0x30,0x08,0x83,0x60,0xc4,0xc0,0x00,0x40,0x10,0x0c,0x1a,
    0x7f,0x79,0x17,0xf1,0x18,0x8e,0x08,0x54,0x84,0xf8,0x86,0x23,0xc8,0xc3,0x44,0x88,0x6f,0xba,0xa1,0x46,0x58,0x24,0x98,0x6e,
    0x08,0xcc,0x63,0x18,0x6e,0xc0,0x09,0x77,0x01,0x03,0x6b,0x04,0xfa,0x58,0x33,0xd0,0xc7,0x18,0x82,0x3e,0xe6,0x14,0xf4,0x99,
    0x6e,0x78,0x82,0x62,0x96,0x20,0x0c,0x06,0x2a,0x06,0x32,0xf8,0x14,0x30,0x18,0xa8,0x18,0xc8,0xe0,0x53,0xc0,0x60,0xa0,0x62,
    0x20,0x83,0xcf,0x00,0x83,0x81,0x8a,0x81,0x0c,0x3e,0x06,0x0c,0x4a,0x0f,0xe0,0x44,0x87,0x1b,0x82,0x90,0x01,0x83,0x59,0x86,
    0x31,0x10,0x83,0x60,0xc4,0xc0,0x00,0x40,0x10,0x0c,0x9a,0x97,0x01,0x99,0x61,0x38,0x22,0xe8,0x11,0xe2,0x1b,0x8e,0x28,0x6e,
    0x84,0xf8,0xa6,0x1b,0xc2,0xe4,0x47,0x82,0xe9,0x86,0xe0,0x18,0x6c,0x09,0xe8,0x63,0x8b,0x40,0x1f,0x5b,0x06,0xfa,0xcc,0x12,
    0x8c,0xc1,0x40,0xc5,0x60,0x88,0x01,0x17,0x06,0x03,0x15,0x83,0x21,0x06,0x5c,0x18,0x0c,0x54,0x0c,0x86,0x18,0x70,0x61,0x30,
    0xdc,0xf0,0x16,0x2d,0x13,0x06,0x25,0x17,0x7d,0xa2,0xc3,0x0d,0xc1,0xae,0x80,0x41,0x05,0x83,0xce,0x32,0x90,0xc1,0x19,0x04,
    0xc3,0x0d,0x76,0x11,0x33,0x60,0x30,0xcb,0x60,0x06,0x65,0x10,0x98,0x5e,0xbc,0x89,0x7c,0x2c,0x88,0x13,0xf8,0xd8,0x5e,0xc4,
    0x89,0x7c,0x2c,0x98,0x13,0xf8,0x8c,0x18,0x1c,0x00,0x08,0x82,0x41,0x14,0x36,0xe5,0x32,0xd4,0xc9,0x88,0xc1,0x01,0x80,0x20,
    0x18,0x44,0x62,0x63,0x2e,0x82,0x9d,0x8c,0x18,0x1c,0x00,0x08,0x82,0x41,0x34,0x36,0xe5,0x22,0xb0,0xc9,0x88,0xc1,0x01,0x80,
    0x20,0x18,0x44,0x64,0x63,0x2e,0x42,0x9b,0xcc,0x12,0x98,0xc1,0x40,0xc5,0x40,0x94,0x01,0xc9,0x90,0xc1,0x40,0xc5,0x40,0x94,
    0x01,0xc9,0x90,0x81,0xf1,0x85,0xaa,0xc0,0x60,0xc4,0xe0,0x00,0x40,0x10,0x0c,0xc8,0x00,0x6c,0xcc,0xe5,0x45,0x82,0xd1,0x84,
    0x00,0x18,0x4d,0x10,0x82,0x11,0x83,0x04,0x00,0x41,0x30,0x78,0xd8,0xc6,0x54,0x84,0xc0,0x28,0x2c,0xb8,0xe0,0x33,0x9a,0x50,
    0x08,0xa3,0x09,0xc6,0x30,0x62,0x90,0x00,0x20,0x08,0x06,0x0f,0xdc,0xa8,0x8a,0x10,0x28,0x89,0x05,0x1a,0x7c,0x66,0x09,0xce,
    0x60,0xa0,0x62,0x50,0xcc,0x00,0x0f,0xc6,0x60,0xa0,0x62,0x20,0xcc,0x00,0x0f,0xc6,0x60,0x96,0x01,0x0d,0x56,0xaa,0x15,0xec,
    0x34,0x6a,0x05,0x06,0x23,0x06,0x07,0x00,0x82,0x60,0x40,0x06,0x6c,0x23,0x2f,0x3b,0x12,0x8c,0x26,0x04,0xc2,0x68,0x82,0x30,
    0x5c,0x40,0xa0,0x0a,0x7e,0x45,0x2f,0x18,0x58,0x0d,0x68,0x83,0x15,0x88,0x8b,0x5e,0x30,0xb0,0x11,0x03,0x03,0x00,0x41,0x30,
    0x68,0xfe,0xe6,0x5d,0x98,0x11,0x03,0x03,0x00,0x41,0x30,0x68,0x40,0x07,0x5e,0x98,0x11,0x03,0x03,0x00,0x41,0x30,0x68,0x42,
    0x07,0x5e,0x9c,0x11,0x03,0x03,0x00,0x41,0x30,0x68,0x44,0x27,0x5e,0x9c,0x11,0x03,0x03,0x00,0x41,0x30,0x68,0x46,0x67,0x5e,
    0xd4,0x60,0xc4,0xc0,0x00,0x40,0x10,0x0c,0x1a,0xd2,0x99,0x97,0x35,0x18,0x6e,0x30,0x87,0xbc,0x01,0x83,0xe1,0x86,0x78,0xc8,
    0x1b,0x30,0xa8,0x40,0xd8,0x59,0x86,0x37,0x48,0x83,0xa0,0xe8,0x81,0x6f,0x74,0xb8,0x21,0xe0,0x1b,0x30,0x98,0x65,0x58,0x03,
    0x35,0x08,0x46,0x0c,0x0c,0x00,0x04,0xc1,0xa0,0x51,0x9d,0xbd,0xb9,0x46,0x0c,0x0e,0x00,0x04,0xc1,0x20,0x4a,0x9d,0x96,0x09,
    0x62,0x65,0xc4,0xe0,0x00,0x40,0x10,0x0c,0x22,0xd5,0x61,0x99,0x60,0x56,0x66,0x09,0xd6,0x60,0xa0,0x62,0x10,0xd4,0x80,0x0e,
    0xd2,0xa0,0xf4,0xc1,0x6f,0x74,0xb8,0x21,0x10,0x1d,0x30,0x98,0x65,0x68,0x03,0x36,0x08,0x46,0x0c,0x0c,0x00,0x04,0xc1,0xa0,
    0x81,0x9d,0xd0,0xe1,0x46,0x0c,0x0e,0x00,0x04,0xc1,0x20,0x7a,0x9d,0x99,0x09,0x6e,0x65,0xc4,0xe0,0x00,0x40,0x10,0x0c,0x22,
    0xd8,0x91,0x99,0x20,0x57,0x66,0x09,0xda,0x60,0xa0,0x62,0x10,0xd8,0xc0,0x0f,0xd6,0x60,0xb8,0xa1,0x1e,0x44,0x07,0x0c,0x2a,
    0x24,0x44,0x47,0x87,0x1b,0x82,0xd4,0x09,0x83,0x0a,0x06,0x9d,0x65,0x70,0x83,0x37,0x08,0x46,0x0c,0x0c,0x00,0x04,0xc1,0xa0,
    0xc1,0x9d,0xd4,0xf9,0x83,0x11,0x83,0x03,0x00,0x41,0x30,0x88,0x6e,0x67,0x67,0x82,0x5f,0x19,0x31,0x38,0x00,0x10,0x04,0x83,
    0x08,0x77,0x74,0x26,0x08,0x97,0x59,0x82,0x37,0x18,0xe8,0x18,0x60,0x01,0x0d,0x38,0x37,0xe0,0xda,0x60,0xa0,0x63,0x80,0x05,
    0x34,0x90,0xdc,0x40,0x6a,0x83,0x81,0x8e,0x01,0x25,0xd0,0xc0,0x70,0x03,0x94,0x68,0x83,0x59,0x06,0x38,0xf8,0x83,0x6c,0xb8,
    0xe1,0x1e,0x62,0x07,0x0c,0x66,0x19,0xe2,0x40,0x0e,0x82,0x11,0x03,0x08,0x00,0x41,0x30,0xb0,0x78,0x27,0x66,0x72,0x25,0x55,
    0x88,0x41,0x38,0x97,0x9e,0xe9,0x99,0x9e,0x41,0x83,0x73,0x19,0x4d,0x08,0x80,0xd1,0x04,0x21,0x18,0x4d,0x18,0x84,0xd1,0x04,
    0x62,0x98,0x25,0x58,0xa9,0xe1,0x86,0x7e,0xc0,0x1d,0x30,0x98,0x65,0x98,0x03,0x3a,0x08,0x46,0x0c,0x20,0x00,0x04,0xc1,0xc0,
    0x12,0x9f,0x9b,0x01,0x17,0x58,0x51,0x12,0xa4,0x5d,0xc6,0x66,0x6c,0xc6,0xc6,0x0d,0xda,0x65,0x34,0x21,0x00,0x46,0x13,0x84,
    0x60,0x34,0x61,0x10,0x46,0x13,0x88,0x61,0x96,0x60,0xa5,0x86,0x1b,0x46,0x42,0x77,0xc0,0x60,0x96,0xa1,0x0e,0xec,0x20,0x18,
    0x31,0x80,0x00,0x10,0x04,0x03,0x0b,0x7d,0x7a,0xe6,0x5c,0x6e,0x05,0x7a,0x9c,0x79,0x49,0x9b,0xb4,0x49,0x1b,0x3a,0x98,0x97,
    0xd1,0x84,0x00,0x18,0x4d,0x10,0x82,0xd1,0x84,0x41,0x18,0x4d,0x20,0x86,0x59,0x82,0x95,0x1a,0x6e,0x48,0x09,0xdf,0x01,0x83,
    0x59,0x86,0x3b,0xc0,0x83,0x60,0xc4,0x00,0x02,0x40,0x10,0x0c,0x2c,0xf7,0x19,0x1b,0x77,0xf1,0x15,0xab,0xa2,0xf2,0xe5,0x6d,
    0xde,0xe6,0x6d,0xf4,0x20,0x5f,0x46,0x13,0x02,0x60,0x34,0x41,0x08,0x46,0x13,0x06,0x61,0x34,0x81,0x18,0x66,0x09,0x56,0x6a,
    0xb8,0xe1,0x25,0xc6,0x07,0x0c,0x66,0x19,0xf2,0x40,0x0f,0x82,0x11,0x03,0x08,0x00,0x41,0x30,0xb0,0xe8,0x27,0x6d,0xea,0xa5,
    0x5c,0xb8,0x4d,0xfb,0x97,0xba,0xa9,0x9b,0xba,0x01,0x85,0x7f,0x19,0x4d,0x08,0x80,0xd1,0x04,0x21,0x18,0x4d,0x18,0x84,0xd1,
    0x04,0x62,0x98,0x25,0x58,0xa9,0xe1,0x86,0x9a,0x40,0x1f,0x30,0x98,0x65,0xd8,0x03,0x3e,0x08,0x46,0x0c,0x20,0x00,0x04,0xc1,
    0xc0,0xd2,0x9f,0xb7,0xe1,0x17,0x76,0x11,0x83,0x30,0x00,0x83,0x92,0xd9,0x9b,0xbd,0xd9,0x1b,0x53,0x28,0x99,0xd1,0x84,0x00,
    0x18,0x4d,0x10,0x82,0xd1,0x84,0x41,0x18,0x4d,0x20,0x86,0x59,0x82,0x95,0x1a,0x6e,0xd8,0x89,0xf9,0x01,0x83,0x59,0x86,0x3e,
    0xf0,0x83,0x60,0xc4,0x00,0x02,0x40,0x10,0x0c,0x2c,0x10,0xaa,0x9b,0x91,0x99,0x17,0x34,0x38,0x03,0x33,0x58,0x99,0xd0,0x09,
    0x9d,0xd0,0x61,0x85,0x95,0x19,0x4d,0x08,0x80,0xd1,0x04,0x21,0x18,0x4d,0x18,0x84,0xd1,0x04,0x62,0x98,0x25,0x58,0xa9,0x11,
    0x03,0x08,0x00,0x41,0x30,0xb0,0x4a,0x48,0x6f,0x52,0x26,0x5f,0xda,0x80,0x0d,0xd6,0x00,0x66,0x4c,0xc7,0x74,0x4c,0x27,0x16,
    0x60,0x66,0x34,0x21,0x00,0x46,0x13,0x84,0x60,0x34,0x61,0x10,0x46,0x13,0x88,0x61,0x96,0x60,0xa5,0x86,0x1b,0xdc,0x62,0x7f,
    0xc0,0x60,0x96,0x01,0x14,0x76,0x24,0x18,0x6e,0x38,0x8b,0x10,0x02,0x83,0xe1,0x88,0x58,0xb0,0x19,0xe1,0x9b,0x65,0x08,0x85,
    0x7b,0x10,0x66,0x19,0x44,0xc1,0x1e,0x82,0x11,0x83,0x03,0x00,0x41,0x30,0xe8,0x52,0x68,0x75,0x64,0x66,0x84,0x46,0x13,0x02,
    0x60,0x34,0x41,0x08,0x46,0x13,0x06,0xe1,0x86,0x41,0xdd,0x30,0xa8,0x1b,0x06,0x65,0x83,0x2d,0xc8,0xc7,0x06,0x5b,0x90,0x8f,
    0x0d,0xb5,0x20,0x1f,0x1b,0x06,0xf9,0xd8,0x30,0xc8,0xc7,0x84,0x00,0x3e,0x46,0x10,0xf2,0x31,0x21,0x80,0xcf,0x88,0x81,0x01,
    0x80,0x20,0x18,0x34,0x3f,0x74,0x3b,0x81,0x31,0xe1,0x20,0x1f,0x63,0xc2,0x41,0x3e,0xc6,0xfc,0x82,0x7c,0x6c,0x18,0xe4,0x63,
    0xc3,0x20,0x1f,0x13,0x02,0xf8,0x18,0x41,0xc8,0xc7,0x84,0x00,0x3e,0x23,0x06,0x06,0x00,0x82,0x60,0xd0,0xa0,0x11,0xf8,0x04,
    0x23,0x06,0x07,0x00,0x82,0x60,0x10,0x9d,0xd1,0xfa,0x04,0xca,0x88,0xc1,0x01,0x80,0x20,0x18,0x44,0x68,0xa4,0x3e,0xc2,0x32,
    0x1c,0x21,0xc8,0x8d,0xf2,0xcd,0x32,0x8c,0x02,0x29,0x04,0x23,0x06,0x07,0x00,0x82,0x60,0x10,0xa9,0x91,0xfb,0x08,0x79,0x63,
    0x44,0x40,0x9f,0x11,0x03,0x03,0x00,0x41,0x30,0x68,0xdc,0xe8,0x77,0x82,0x11,0x83,0x03,0x00,0x41,0x30,0x88,0xda,0x28,0x7e,
    0xec,0x26,0x18,0x31,0x38,0x00,0x10,0x04,0x83,0xc8,0x8d,0xe0,0x47,0x1e,0x82,0x59,0x02,0x52,0x18,0xa8,0x18,0x84,0x51,0x80,
    0x37,0x51,0xb0,0x24,0xa0,0xcf,0x88,0xc1,0x01,0x80,0x20,0x18,0x44,0x71,0x54,0x3f,0x41,0x32,0x62,0x70,0x00,0x20,0x08,0x06,
    0x91,0x1c,0xd9,0x4f,0xf0,0x37,0x23,0x06,0x06,0x00,0x82,0x60,0xd0,0xd4,0x11,0xfb,0x04,0x16,0xfc,0x03,0x7c,0x46,0x0c,0x0e,
    0x00,0x04,0xc1,0x20,0xaa,0xa3,0xfc,0x09,0xf8,0x61,0x38,0x02,0xca,0x86,0x6f,0xba,0x41,0x1f,0xf0,0x21,0x98,0x6e,0xd0,0x07,
    0x7c,0x10,0xa6,0x1b,0xf0,0xe1,0x1e,0x86,0x11,0x83,0x03,0x00,0x41,0x30,0x20,0x03,0x39,0xc2,0x9f,0xb0,0xa1,0x9d,0xd1,0x84,
    0x00,0xb8,0x80,0x30,0x15,0x90,0x91,0x0e,0x37,0x04,0x6d,0x04,0x06,0x35,0xb0,0x8f,0x0e,0x37,0x04,0xf0,0x03,0x06,0x35,0x04,
    0x3b,0xcb,0x60,0x0a,0xa5,0x10,0x94,0x81,0x3f,0x3a,0xdc,0x10,0xe0,0x0f,0x18,0xcc,0x12,0x98,0xc2,0x40,0x85,0x42,0x87,0x01,
    0x29,0x08,0xa5,0x70,0x16,0x81,0x86,0x1b,0x82,0x3d,0x32,0x83,0x59,0x86,0x53,0xa8,0x87,0x60,0x96,0x00,0x15,0x06,0x2a,0x86,
    0xb8,0x9a,0x07,0x9f,0x3b,0x85,0x81,0x8a,0x21,0xae,0xe6,0x01,0xec,0x4e,0x61,0xa0,0x62,0x88,0xab,0x79,0x10,0xbb,0x53,0x18,
    0xa8,0x18,0xe2,0x6a,0x1e,0xc8,0xee,0x14,0x06,0x2a,0x88,0xb8,0x9a,0x07,0x90,0x0c,0x4e,0xe1,0x82,0x81,0x59,0x90,0x3b,0xf0,
    0xb1,0xe0,0xa3,0x8f,0x05,0xba,0x03,0x1f,0x0b,0x32,0xf9,0x98,0x90,0xc9,0xc7,0x86,0x4c,0x3e,0x36,0xe8,0x03,0x7c,0x6c,0xd0,
    0x07,0xf8,0xd8,0xa0,0x0f,0xf0,0x99,0x65,0x48,0x05,0x79,0x90,0x46,0x0c,0x0e,0x00,0x04,0xc1,0xa0,0x8b,0xa5,0x19,0xd2,0x9d,
    0x55,0x1a,0x4d,0x08,0x86,0x11,0x83,0x03,0x00,0x41,0x30,0x20,0x03,0x58,0xb2,0xa1,0xbf,0x91,0x9f,0xd1,0x84,0x60,0xb8,0x80,
    0x30,0xc3,0x0d,0x01,0x2c,0x81,0xc1,0x2c,0xc3,0x2a,0xa8,0x42,0x50,0xc5,0x0f,0xc1,0x05,0x83,0x1a,0x31,0x38,0x00,0x10,0x04,
    0x83,0xc8,0x97,0xc4,0x28,0x0d,0xcc,0x67,0xc4,0xe0,0x00,0x40,0x10,0x0c,0xa2,0x5f,0x0a,0xa3,0x40,0x98,0x25,0x58,0x85,0x81,
    0x8a,0x41,0x50,0x05,0xd8,0x4b,0x85,0xe1,0x88,0x20,0x7d,0x84,0x6f,0x34,0x41,0x09,0x46,0x13,0x16,0x61,0xba,0x41,0x08,0x86,
    0xe1,0x88,0xc0,0x7d,0x9c,0x6f,0xb8,0x81,0xc1,0xa5,0x30,0x18,0x6e,0x68,0x68,0x29,0x0c,0x4a,0x08,0x74,0x96,0x81,0x15,0x72,
    0x21,0xb0,0xa4,0x7e,0xe0,0x33,0x62,0x60,0x00,0x20,0x08,0x06,0x0d,0x3b,0xbd,0x51,0x70,0x01,0x61,0x46,0x0c,0x0e,0x00,0x04,
    0xc1,0xa0,0x3b,0xa7,0x34,0x82,0x9f,0x60,0x34,0x21,0x00,0x46,0x13,0x84,0x60,0x34,0x61,0x10,0x66,0x19,0x5a,0x01,0x16,0xe4,
    0x60,0x96,0xe1,0x15,0x5c,0x61,0x19,0x8e,0xe8,0xf0,0x67,0xf8,0x86,0x23,0x3c,0xfd,0x21,0xbe,0x12,0x02,0x9d,0x6e,0xe0,0x9f,
    0xfd,0x09,0x66,0x09,0x60,0xe1,0x8e,0x41,0x59,0x20,0x06,0xf2,0xb1,0x20,0x84,0xe0,0x33,0x62,0x60,0x00,0x20,0x08,0x06,0x4d,
    0x3e,0xf1,0x51,0x70,0x01,0x81,0x46,0x0c,0x0c,0x00,0x04,0xc1,0xa0,0xd9,0x27,0x3d,0x1a,0x86,0x1b,0x84,0x3e,0x32,0x83,0xe1,
    0x86,0xc1,0x41,0x83,0x12,0x02,0x35,0x13,0x22,0xe2,0x33,0xdd,0x10,0x98,0x90,0x60,0x47,0x3d,0x81,0x60,0xb8,0x01,0xf9,0x23,
    0x33,0x18,0x6e,0x10,0x28,0x34,0x28,0x21,0xd0,0xe9,0x06,0x65,0x85,0x02,0x0b,0x0c,0xf8,0xcc,0x12,0xc0,0xc2,0x40,0xc7,0x20,
    0xbc,0x02,0x19,0xb8,0x02,0x0f,0x06,0xac,0x30,0xcb,0x10,0x0b,0xb4,0x60,0x0a,0xb3,0x0c,0xb3,0x20,0x0b,0x61,0x30,0x1c,0x21,
    0x07,0x2e,0x34,0x7c,0xc3,0x11,0x73,0x00,0x43,0xc4,0x57,0x42,0xa0,0xd3,0x0d,0x32,0x14,0x43,0xc1,0x2c,0x01,0x2d,0x1c,0x37,
    0x28,0x0b,0xee,0x40,0x3e,0x16,0xdc,0x10,0x7c,0x46,0x0c,0x0c,0x00,0x04,0xc1,0xa0,0x79,0x29,0x59,0x0a,0x2e,0x20,0xd0,0x88,
    0x81,0x01,0x80,0x20,0x18,0x34,0x31,0x05,0x4b,0xc3,0x70,0x83,0x30,0x4b,0x66,0x30,0xdc,0x30,0x8c,0x01,0x1a,0x94,0x10,0xa8,
    0xf1,0x10,0x11,0x9f,0xe9,0x86,0x80,0x87,0x04,0x3b,0x56,0x0a,0x04,0xc3,0x0d,0x48,0x2d,0x99,0xc1,0x70,0x83,0x90,0x06,0x68,
    0x50,0x42,0xa0,0xd3,0x0d,0x4a,0x18,0x05,0x16,0x18,0xf0,0x99,0x25,0xa0,0x85,0x81,0x8e,0x41,0x98,0x05,0x32,0x90,0x05,0x54,
    0x0c,0x60,0xc1,0x82,0x4b,0x3e,0x15,0x0e,0xb3,0xa4,0xc3,0x0d,0xc1,0x2c,0x81,0xc1,0x2c,0x43,0x2d,0xe0,0x42,0x30,0xcb,0x70,
    0x0b,0xb6,0xa0,0x07,0xc3,0x11,0xaa,0x70,0x46,0xc3,0x37,0x1c,0xb1,0x0a,0x69,0x44,0x7c,0x25,0x04,0x3a,0xdd,0xb0,0x46,0x6a,
    0x14,0xcc,0x12,0xe0,0xc2,0xd1,0xc1,0xa0,0x2c,0x78,0x05,0xf9,0x58,0x00,0x47,0xf0,0x19,0x31,0x30,0x00,0x10,0x04,0x83,0x06,
    0xad,0xd6,0x29,0xb8,0x80,0x40,0x23,0x06,0x06,0x00,0x82,0x60,0xd0,0xa8,0x55,0x3a,0x0d,0xc3,0x0d,0x02,0x3b,0x99,0xc1,0x70,
    0xc3,0xb0,0x07,0x68,0x50,0x42,0xa0,0x56,0x47,0x44,0x7c,0xa6,0x1b,0x82,0x3a,0x12,0xec,0x20,0x2b,0x10,0x0c,0x37,0x20,0xee,
    0x64,0x06,0xc3,0x0d,0x42,0x28,0xa0,0x41,0x09,0x81,0x4e,0x37,0x28,0x7a,0x14,0x58,0x60,0xc0,0x67,0x96,0x00,0x17,0x06,0x3a,
    0x06,0xe1,0x16,0xc8,0xc0,0x16,0xf4,0x31,0xa0,0x05,0xcb,0x02,0xf9,0xdc,0x2a,0x0c,0x6a,0xc4,0xe0,0x01,0x40,0x10,0x0c,0xb0,
    0xba,0x9a,0xa7,0x3d,0x5a,0x23,0x72,0x18,0x07,0x71,0x08,0x25,0xb6,0x62,0x2b,0xb6,0x0a,0x46,0x13,0x02,0x60,0x34,0x41,0x08,
    0x46,0x13,0x06,0x61,0x34,0x81,0x18,0x46,0x0c,0x0e,0x00,0x04,0xc1,0x80,0x0c,0xe8,0x4a,0x9f,0xc6,0xa8,0x96,0x46,0x13,0x02,
    0x60,0x34,0x41,0x08,0x46,0x13,0x06,0x61,0x34,0x81,0x18,0x2c,0x21,0xe2,0x63,0x09,0x11,0x1f,0x4b,0x88,0xf8,0x58,0x42,0xc4,
    0xc7,0x08,0x48,0x3e,0x46,0x44,0xf2,0x31,0x42,0x92,0x8f,0x11,0x93,0x7c,0x8c,0x60,0xe0,0x63,0x04,0x03,0x1f,0x23,0x18,0xf8,
    0x18,0xc1,0xc0,0x67,0x96,0x60,0x1e,0x46,0x0c,0x0c,0x00,0x04,0xc1,0xa0,0x79,0x2d,0x99,0x6a,0x87,0x0b,0x08,0x53,0xf8,0x20,
    0x53,0x50,0x82,0x69,0xc1,0x88,0xc1,0x01,0x80,0x20,0x18,0x7c,0xab,0x95,0x52,0x81,0x30,0x62,0x60,0x00,0x20,0x08,0x06,0x0d,
    0x6d,0xcd,0x94,0x3c,0x8c,0x18,0x1c,0x00,0x08,0x82,0x41,0xe7,0x5a,0x30,0x75,0x4b,0xc2,0x68,0x42,0x00,0x8c,0x26,0x08,0xc1,
    0x68,0xc2,0x20,0xcc,0x32,0xe8,0x42,0x2f,0xe4,0xc4,0x2c,0x03,0x2f,0xec,0x82,0x3c,0x0c,0x47,0x90,0xc4,0x2f,0x0d,0xdf,0x70,
    0x44,0x49,0x84,0x13,0xf1,0x95,0x10,0xe8,0x74,0xc3,0x38,0x89,0x53,0x30,0x4b,0xd0,0x0b,0x77,0x0c,0xca,0x82,0x94,0x90,0x8f,
    0x05,0xe8,0x04,0x9f,0x11,0x03,0x03,0x00,0x41,0x30,0x68,0xc0,0x6b,0xac,0x82,0x0b,0x08,0x34,0x62,0x60,0x00,0x20,0x08,0x06,
    0x8d,0x78,0x85,0xd5,0x30,0xdc,0x20,0x90,0x95,0x19,0x0c,0x37,0x0c,0x0e,0x1a,0x94,0x10,0xa8,0xb5,0x13,0x11,0x9f,0xe9,0x86,
    0xa0,0x9d,0x04,0x3b,0x78,0x0b,0x04,0xc3,0x0d,0x88,0x59,0x99,0xc1,0x70,0x83,0x40,0xa1,0x41,0x09,0x81,0x4e,0x37,0x28,0xf2,
    0x14,0x58,0x60,0xc0,0x67,0x96,0xa0,0x17,0x06,0x3a,0x06,0x81,0x17,0xc8,0x60,0x17,0xd4,0x33,0xc8,0x85,0x59,0x06,0x5f,0x08,
    0x87,0xb6,0x98,0x65,0x00,0x87,0x5f,0x40,0x89,0xe1,0x88,0x9c,0xa8,0xa7,0xe1,0x1b,0x8e,0xd0,0x89,0x7b,0x22,0xbe,0x12,0x02,
    0x9d,0x6e,0xc8,0x27,0x7c,0x0a,0x66,0x09,0xc2,0xe1,0xb8,0x41,0x59,0xe0,0x13,0xf2,0xb1,0xc0,0x9f,0xe0,0x33,0x62,0x60,0x00,
    0x20,0x08,0x06,0x8d,0x7d,0xe5,0x55,0x70,0x01,0x81,0x46,0x0c,0x0c,0x00,0x04,0xc1,0xa0,0xc1,0xaf,0xbb,0x1a,0x86,0x1b,0x04,
    0xbd,0x32,0x83,0xe1,0x86,0x61,0x0c,0xd0,0xa0,0x84,0x40,0x6d,0xa4,0x88,0xf8,0x4c,0x37,0x04,0x23,0x25,0xd8,0x21,0x5f,0x20,
    0x18,0x6e,0x40,0xf8,0xca,0x0c,0x86,0x1b,0x84,0x34,0x40,0x83,0x12,0x02,0x9d,0x6e,0x50,0x50,0x2a,0xb0,0xc0,0x80,0xcf,0x2c,
    0x41,0x38,0x0c,0x74,0x0c,0x02,0x38,0x90,0xc1,0x2f,0xd8,0x68,0xd0,0x0b,0x16,0x5c,0xf2,0x29,0xd4,0xd0,0x2b,0x1d,0x6e,0x08,
    0xf4,0x0a,0x0c,0x66,0x19,0xc4,0xa1,0x1c,0x82,0x59,0x06,0x72,0x18,0x87,0xb0,0x18,0x8e,0x88,0x0b,0x97,0x1a,0xbe,0xe1,0x08,
    0xb9,0x80,0x29,0xe2,0x2b,0x21,0xd0,0xe9,0x06,0x99,0x8a,0xa9,0x60,0x96,0xa0,0x1c,0x8e,0x0e,0x06,0x65,0x81,0x5d,0xc8,0xc7,
    0x82,0x9b,0x82,0xcf,0x88,0x81,0x01,0x80,0x20,0x18,0x34,0x2f,0x26,0x5b,0xc1,0x05,0x04,0x1a,0x31,0x30,0x00,0x10,0x04,0x83,
    0x26,0xc6,0x60,0x6b,0x18,0x6e,0x10,0x66,0xcb,0x0c,0x86,0x1b,0x86,0x3d,0x40,0x83,0x12,0x02,0x35,0x9e,0x22,0xe2,0x33,0xdd,
    0x10,0xf0,0x94,0x60,0xc7,0x8a,0x81,0x60,0xb8,0x01,0xa9,0x2d,0x33,0x18,0x6e,0x10,0x42,0x01,0x0d,0x4a,0x08,0x74,0xba,0x41,
    0x09,0xab,0xc0,0x02,0x03,0x3e,0xb3,0x04,0xe5,0x30,0xd0,0x31,0x08,0xe4,0x40,0x06,0xe3,0x80,0xaa,0x41,0x38,0x58,0x16,0xc8,
    0xe7,0x58,0x61,0x50,0x23,0x06,0x0f,0x00,0x82,0x60,0x80,0xf1,0x98,0x6e,0x89,0x95,0x4c,0xad,0x86,0x6a,0xa4,0x06,0x5a,0xcd,
    0xd8,0x8c,0xcd,0x58,0x30,0x9a,0x10,0x00,0xa3,0x09,0x42,0x30,0x9a,0x30,0x08,0xa3,0x09,0xc4,0x30,0x62,0x70,0x00,0x20,0x08,
    0x06,0x64,0xb0,0x63,0xe1,0xa5,0x52,0x7c,0x35,0x9a,0x10,0x00,0xa3,0x09,0x42,0x30,0x9a,0x30,0x08,0xa3,0x09,0xc4,0x60,0x09,
    0x11,0x1f,0x4b,0x88,0xf8,0x58,0x42,0xc4,0xc7,0x12,0x22,0x3e,0x46,0x40,0xf2,0x31,0x22,0x92,0x8f,0x11,0x92,0x7c,0x8c,0x98,
    0xe4,0x33,0x62,0x70,0x00,0x20,0x08,0x06,0xdd,0x9a,0xb5,0x17,0x5d,0x89,0xc3,0x68,0x42,0x00,0x8c,0x26,0x08,0xc1,0x68,0xc2,
    0x20,0xcc,0x32,0x98,0x43,0x3a,0xd8,0xc7,0x2c,0x03,0x3a,0x9c,0xc3,0x6b,0x0c,0x47,0x84,0x07,0x5f,0x0d,0xdf,0x70,0x84,0x78,
    0xf8,0x15,0xf1,0x95,0x10,0xe8,0x74,0x03,0x68,0xfd,0x55,0x30,0x4b,0x90,0x0e,0x77,0x0c,0xca,0x02,0xf3,0x90,0x8f,0x05,0xa5,
    0x05,0x9f,0x11,0x03,0x03,0x00,0x41,0x30,0x68,0xfa,0x0c,0xc4,0x82,0x0b,0x08,0x34,0x62,0x60,0x00,0x20,0x08,0x06,0xcd,0x9f,
    0xf9,0xd7,0x30,0xdc,0x20,0x84,0x98,0x19,0x0c,0x37,0x0c,0x0e,0x1a,0x94,0x10,0xa8,0xa9,0x16,0x11,0x9f,0xe9,0x86,0x40,0xb5,
    0x04,0x3b,0xf2,0x0c,0x04,0xc3,0x0d,0xc8,0x88,0x99,0xc1,0x70,0x83,0x40,0xa1,0x41,0x09,0x81,0x4e,0x37,0x28,0xaf,0x15,0x58,
    0x60,0xc0,0x67,0x96,0x20,0x1d,0x06,0x3a,0x06,0x01,0x1d,0xc8,0xe0,0x1c,0xc8,0x36,0x28,0x87,0x59,0x06,0x75,0x68,0x07,0x15,
    0x99,0x65,0x60,0x87,0x75,0x28,0x8f,0xe1,0x08,0xfb,0x90,0xad,0xe1,0x1b,0x8e,0xb8,0x0f,0xda,0x22,0xbe,0x12,0x02,0x9d,0x6e,
    0xb0,0xad,0xda,0x0a,0x66,0x09,0xda,0xe1,0xb8,0x41,0x59,0xb0,0x1f,0xf2,0xb1,0x60,0xb7,0xe0,0x33,0x62,0x60,0x00,0x20,0x08,
    0x06,0xcd,0xac,0xd9,0x58,0x70,0x01,0x81,0x46,0x0c,0x0c,0x00,0x04,0xc1,0xa0,0xa9,0x35,0x1a,0x1b,0x86,0x1b,0x84,0x1b,0x33,
    0x83,0xe1,0x86,0x61,0x0c,0xd0,0xa0,0x84,0x40,0x0d,0xbc,0x88,0xf8,0x4c,0x37,0x04,0xe0,0x25,0xd8,0xf1,0x6a,0x20,0x18,0x6e,
    0x40,0x72,0xcc,0x0c,0x86,0x1b,0x84,0x34,0x40,0x83,0x12,0x02,0x9d,0x6e,0x50,0xca,0x2b,0xb0,0xc0,0x80,0xcf,0x2c,0x41,0x3b,
    0x0c,0x74,0x0c,0x02,0x3b,0x90,0xc1,0x3a,0xc0,0x6e,0x90,0x0e,0x16,0x5c,0xf2,0x99,0x65,0x70,0x87,0x78,0xe0,0x85,0x59,0x06,
    0x78,0x78,0x07,0xfe,0x18,0x8e,0x60,0x91,0xf4,0x1a,0xbe,0xe1,0x88,0x16,0x59,0x2f,0xe2,0x2b,0x21,0xd0,0xe9,0x86,0xf6,0x62,
    0xaf,0x60,0x96,0x20,0x1e,0x4e,0x0e,0x06,0x65,0x41,0x8c,0xc8,0xc7,0x02,0xf9,0x82,0xcf,0x88,0x81,0x01,0x80,0x20,0x18,0x34,
    0xea,0xd6,0x66,0xc1,0x05,0x04,0x1a,0x31,0x30,0x00,0x10,0x04,0x83,0x86,0xdd,0xd6,0x6c,0x18,0x6e,0x10,0xdc,0xcc,0x0c,0x86,
    0x1b,0x86,0x3c,0x40,0x83,0x12,0x02,0xb5,0xfb,0x22,0xe2,0x33,0xdd,0x10,0xdc,0x97,0x60,0x87,0xb9,0x81,0x60,0xb8,0x01,0x81,
    0x33,0x33,0x18,0x6e,0x10,0xfe,0x00,0x0d,0x4a,0x08,0x74,0xba,0x41,0xe1,0xaf,0xc0,0x02,0x03,0x3e,0xb3,0x04,0xf1,0x30,0xd0,
    0x31,0x08,0xf0,0x40,0x06,0xef,0xe0,0xbf,0x41,0x3b,0xd8,0x15,0xc8,0xe7,0xd4,0x62,0x50,0x23,0x06,0x0f,0x00,0x82,0x60,0x80,
    0xdd,0x5b,0x9d,0xf5,0x57,0x7b,0x99,0x49,0x99,0x90,0xc9,0x88,0xb9,0x9b,0xbb,0xb9,0x5b,0x30,0x9a,0x10,0x00,0xa3,0x09,0x42,
    0x30,0x9a,0x30,0x08,0xa3,0x09,0xc4,0x60,0x84,0x2e,0xc4,0xc7,0x08,0x5d,0x88,0x8f,0x11,0xba,0x10,0x1f,0x23,0x74,0x21,0x3e,
    0x46,0x2c,0xf2,0x31,0x82,0x91,0x8f,0x11,0x8d,0x7c,0x8c,0x70,0xe4,0x63,0x84,0x38,0xc0,0xc7,0x08,0x71,0x80,0x8f,0x11,0xe2,
    0x00,0x1f,0x23,0xc4,0x01,0x3e,0xe6,0x0b,0x48,0x7c,0xcc,0x17,0x90,0xf8,0x98,0x2f,0x20,0xf1,0x31,0x5f,0x40,0xe2,0x63,0x04,
    0x5f,0xc8,0xc7,0x88,0xbe,0x90,0x8f,0x11,0x7e,0x21,0x1f,0x23,0xfe,0x42,0x3e,0x46,0x30,0xf0,0x31,0x82,0x81,0x8f,0x11,0x0c,
    0x7c,0x8c,0x60,0xe0,0x33,0x4b,0x30,0x0f,0x23,0x06,0x0f,0x00,0x82,0x60,0x80,0xd1,0x9c,0xac,0xe9,0x98,0x8a,0x8d,0x8a,0xa8,
    0x84,0x0a,0x98,0xad,0xdc,0xca,0xad,0x5c,0xb8,0x8c,0x26,0x04,0xc0,0x68,0x82,0x10,0x8c,0x26,0x0c,0xc2,0x68,0x02,0x31,0xcc,
    0x12,0xcc,0xc3,0x40,0xc7,0x80,0xc8,0x03,0xd9,0xe0,0x82,0x14,0x0f,0x03,0x1d,0x03,0x22,0x0f,0x64,0x83,0x0b,0x52,0x3c,0x0c,
    0x74,0x0c,0x88,0x3c,0x90,0x0d,0x2e,0x48,0xf1,0x30,0xd0,0x31,0x20,0xf2,0x40,0x36,0xb8,0x20,0xc5,0x83,0x11,0xb8,0x02,0x1f,
    0x23,0x70,0x05,0x3e,0x46,0xe0,0x0a,0x7c,0x8c,0xc0,0x15,0xf8,0x18,0xae,0xe4,0x1c,0x0c,0x86,0x1b,0x82,0x5f,0x41,0x83,0x59,
    0x06,0x54,0xa0,0x87,0x60,0x96,0xa0,0x1e,0x06,0x2a,0x06,0x5d,0x0e,0x4c,0x81,0xa1,0x87,0x81,0x8a,0x81,0x97,0x03,0x53,0x60,
    0xe8,0x61,0xa0,0x62,0xf0,0xe5,0xc0,0x14,0x18,0x7a,0x18,0xa8,0x18,0xc0,0x39,0x30,0x05,0x86,0x1e,0x8c,0xd0,0x17,0xfa,0x18,
    0xb1,0x2f,0xf4,0x31,0x82,0x5f,0xe8,0x63,0x44,0xbf,0xd0,0x67,0x96,0x60,0xa5,0x46,0x0c,0x0c,0x00,0x04,0xc1,0xa0,0x79,0x3b,
    0x72,0xc3,0x1f,0x0b,0xde,0x47,0x3e,0x26,0xbc,0x8f,0x7c,0x6c,0x70,0x1f,0xf9,0x18,0x41,0x3f,0xf2,0xb1,0x82,0x7e,0xe4,0x63,
    0x86,0xfc,0xc8,0x67,0xc4,0xa0,0x02,0x40,0x10,0x0c,0xb4,0xb8,0x03,0x37,0x3c,0x43,0xb3,0xdd,0xd1,0x9d,0xdc,0xf1,0xb3,0xb4,
    0x4b,0xbb,0xb4,0x1b,0x84,0xc0,0x28,0x08,0x3f,0x1b,0x4d,0x08,0x80,0xd1,0x04,0x21,0x18,0x4d,0x18,0x84,0xd1,0x04,0x62,0x98,
    0x25,0x58,0xa9,0xe1,0x06,0x5a,0x7a,0x3b,0x30,0x98,0x65,0xc0,0x07,0xb7,0x08,0x66,0x19,0xf2,0xa1,0x2d,0xda,0x66,0xc4,0xe0,
    0x00,0x40,0x10,0x0c,0xba,0xba,0xbb,0xb7,0x3f,0x7b,0xbb,0xd1,0x84,0x00,0x18,0x4d,0x10,0x82,0xd1,0x84,0x41,0xb8,0x61,0x50,
    0x37,0x0c,0xea,0x86,0x41,0xd9,0x20,0x42,0xf2,0xb1,0x41,0x84,0xe4,0x63,0x43,0x08,0xc9,0xc7,0x86,0x41,0x3e,0x36,0x0c,0xf2,
    0x31,0x21,0x80,0x8f,0x11,0x84,0x7c,0x4c,0x08,0xe0,0x33,0x62,0x60,0x00,0x20,0x08,0x06,0xcd,0xea,0x8d,0x5c,0x60,0x4c,0x0b,
    0xc9,0xc7,0x98,0x16,0x92,0x8f,0x31,0x2b,0x24,0x1f,0x1b,0x06,0xf9,0xd8,0x30,0xc8,0xc7,0x84,0x00,0x3e,0x46,0x10,0xf2,0x31,
    0x21,0x80,0xcf,0x88,0x81,0x01,0x80,0x20,0x18,0x34,0xb4,0xc7,0x72,0xc1,0x88,0xc1,0x01,0x80,0x20,0x18,0x44,0xb3,0x77,0x73,
    0x81,0x32,0x62,0x70,0x00,0x20,0x08,0x06,0x11,0xed,0xd9,0x9c,0xb0,0x0c,0x47,0x08,0xbe,0xa6,0x7c,0xb3,0x0c,0xfa,0xb0,0x0f,
    0xc1,0x88,0xc1,0x01,0x80,0x20,0x18,0x44,0xb6,0xa7,0x73,0x42,0xb9,0x19,0x11,0xd0,0x67,0xc4,0xc0,0x00,0x40,0x10,0x0c,0x1a,
    0xdd,0x5b,0xb9,0x60,0xc4,0xe0,0x00,0x40,0x10,0x0c,0xa2,0xdc,0xeb,0x39,0x71,0x0b,0x46,0x0c,0x0e,0x00,0x04,0xc1,0x20,0xd2,
    0x3d,0x9e,0xf3,0xa1,0x60,0x96,0x60,0x1f,0x06,0x2a,0x06,0x41,0x1f,0x50,0x3b,0xc8,0x07,0x4b,0x02,0xfa,0x8c,0x18,0x1c,0x00,
    0x08,0x82,0x41,0xd4,0x7b,0x61,0x17,0x24,0x23,0x06,0x07,0x00,0x82,0x60,0x10,0xf9,0x9e,0xd8,0x05,0xeb,0x36,0x62,0x60,0x00,
    0x20,0x08,0x06,0x4d,0xf8,0xe1,0x5c,0x60,0xc1,0x1a,0xc1,0x67,0xc4,0xe0,0x00,0x40,0x10,0x0c,0xa2,0xf0,0x2b,0xbb,0x00,0x8d,
    0x86,0x23,0xa0,0x6c,0xf8,0xa6,0x1b,0xcc,0x88,0x8c,0x82,0xe9,0x06,0x33,0x22,0x23,0x61,0xba,0x81,0x8c,0xc6,0x68,0x18,0x31,
    0x38,0x00,0x10,0x04,0x03,0x32,0xf0,0x3d,0xb2,0x6b,0x35,0xb6,0x1b,0x4d,0x08,0x80,0x0b,0x08,0x53,0x01,0xec,0xe9,0x70,0x43,
    0x90,0x7b,0x60,0x50,0x03,0xce,0xe9,0x70,0x43,0xc0,0x73,0x60,0x50,0x43,0xb0,0xb3,0x0c,0xfd,0xc0,0x0f,0x41,0x19,0x64,0xa7,
    0xc3,0x0d,0x01,0xd9,0x81,0xc1,0x2c,0x41,0x3f,0x0c,0x54,0x28,0x2c,0x1f,0xec,0x83,0xc0,0x0f,0x67,0x11,0x68,0xb8,0x21,0x38,
    0x3f,0x33,0x98,0x65,0xf0,0x07,0xb6,0x08,0x66,0x09,0xfe,0x61,0xa0,0x62,0x88,0x2b,0xb5,0xb0,0xef,0xc0,0x1f,0x06,0x2a,0x86,
    0xb8,0x52,0x0b,0xfc,0x0e,0xfc,0x61,0xa0,0x62,0x88,0x2b,0xb5,0xd0,0xef,0xc0,0x1f,0x06,0x2a,0x86,0xb8,0x52,0x0b,0xfe,0x0e,
    0xfc,0x61,0xa0,0x82,0x88,0x2b,0xb5,0xc0,0xfd,0xc0,0x1f,0x2e,0x18,0x98,0x05,0x25,0x07,0x1f,0x0b,0x3e,0xfa,0x58,0x60,0x72,
    0xf0,0xb1,0x20,0x93,0x8f,0x09,0x99,0x7c,0x6c,0xc8,0xe4,0x63,0x83,0x19,0xc1,0xc7,0x06,0x33,0x82,0x8f,0x0d,0x66,0x04,0x9f,
    0x59,0x06,0x90,0x48,0x0b,0x69,0xc4,0xe0,0x00,0x40,0x10,0x0c,0xba,0xfe,0xfb,0xbb,0x93,0xbb,0xbf,0xd1,0x84,0x60,0x18,0x31,
    0x38,0x00,0x10,0x04,0x03,0x32,0xe0,0x3f,0xd1,0x5b,0x37,0xd5,0x1b,0x4d,0x08,0x86,0x0b,0x08,0x33,0xdc,0x10,0xf0,0x1f,0x18,
    0xcc,0x32,0x88,0x44,0x48,0x04,0x55,0xac,0x1e,0x5c,0x30,0xa8,0x11,0x83,0x03,0x00,0x41,0x30,0x88,0x54,0x30,0x70,0xbd,0x34,
    0x90,0xb9,0x11,0x83,0x03,0x00,0x41,0x30,0x88,0x56,0x30,0x68,0xbd,0x40,0x98,0x25,0x10,0x89,0x81,0x8a,0x41,0x08,0x09,0x34,
    0x0f,0x40,0x62,0x38,0x22,0xa8,0x39,0xe1,0x1b,0x4d,0x50,0x82,0xd1,0x84,0x45,0x98,0x6e,0x10,0x82,0x61,0x38,0x22,0xd0,0x39,
    0xe7,0x1b,0x6e,0x60,0x48,0x30,0x08,0x83,0xe1,0x86,0x06,0x04,0x83,0x30,0x28,0x21,0xd0,0x59,0x86,0x91,0x80,0x89,0xc0,0x92,
    0xb0,0x83,0xcf,0x88,0x81,0x01,0x80,0x20,0x18,0x34,0x38,0x18,0xec,0x5e,0x70,0x01,0x61,0x46,0x0c,0x0e,0x00,0x04,0xc1,0xa0,
    0x9b,0xc1,0xa0,0xf6,0x7a,0x2e,0x18,0x4d,0x08,0x80,0xd1,0x04,0x21,0x18,0x4d,0x18,0x84,0x59,0x06,0x92,0x38,0x09,0x39,0x98,
    0x65,0x30,0x89,0x92,0x58,0x86,0x23,0x3a,0xb2,0x1b,0xbe,0xe1,0x08,0xcf,0xec,0x88,0xaf,0x84,0x40,0xa7,0x1b,0xd0,0xee,0xec,
    0x82,0x59,0x82,0x93,0xb8,0x63,0x50,0x16,0x88,0x81,0x7c,0x2c,0x68,0x3b,0xf8,0x8c,0x18,0x18,0x00,0x08,0x82,0x41,0x53,0x86,
    0x01,0xfa,0x05,0x17,0x10,0x68,0xc4,0xc0,0x00,0x40,0x10,0x0c,0x9a,0x33,0x0c,0xcc,0x6f,0x18,0x6e,0x10,0xd2,0xcf,0x0c,0x86,
    0x1b,0x06,0x07,0x0d,0x4a,0x08,0xd4,0xe4,0x8e,0x88,0xcf,0x74,0x43,0x20,0x77,0x82,0x1d,0x61,0x18,0x80,0x60,0xb8,0x01,0x59,
    0x3f,0x33,0x18,0x6e,0x10,0x28,0x34,0x28,0x21,0xd0,0xe9,0x06,0xe5,0xee,0x02,0x0b,0x0c,0xf8,0xcc,0x12,0x9c,0xc4,0x40,0xc7,
    0x20,0x98,0x04,0x19,0x94,0x04,0xbd,0x07,0x23,0x31,0xcb,0x80,0x12,0x2b,0x61,0x0a,0xb3,0x0c,0x2a,0x91,0x12,0x61,0x30,0x1c,
    0x21,0x07,0x7a,0x37,0x7c,0xc3,0x11,0x73,0xc0,0x77,0xc4,0x57,0x42,0xa0,0xd3,0x0d,0x7e,0xd7,0x77,0xc1,0x2c,0xc1,0x4a,0x1c,
    0x37,0x28,0x0b,0xee,0x40,0x3e,0x16,0x8c,0x1e,0x7c,0x46,0x0c,0x0c,0x00,0x04,0xc1,0xa0,0xd9,0xc3,0xc0,0xff,0x82,0x0b,0x08,
    0x34,0x62,0x60,0x00,0x20,0x08,0x06,0x4d,0x1f,0x06,0xfc,0x37,0x0c,0x37,0x08,0xff,0x67,0x06,0xc3,0x0d,0xc3,0x18,0xa0,0x41,
    0x09,0x81,0x1a,0xea,0x11,0xf1,0x99,0x6e,0x08,0x50,0x4f,0xb0,0xe3,0x0e,0x03,0x10,0x0c,0x37,0x20,0x21,0x18,0x98,0xc1,0x70,
    0x83,0x90,0x06,0x68,0x50,0x42,0xa0,0xd3,0x0d,0x4a,0xeb,0x05,0x16,0x18,0xf0,0x99,0x25,0x58,0x89,0x81,0x8e,0x41,0x50,0x09,
    0x32,0x48,0x09,0xb0,0x0f,0x4e,0xc2,0x82,0x4b,0x3e,0x15,0x0e,0xff,0xa7,0xc3,0x0d,0xc1,0xff,0x81,0xc1,0x2c,0x03,0x4b,0xbc,
    0x44,0x30,0xcb,0xe0,0x12,0x2d,0xa1,0x07,0xc3,0x11,0xaa,0x30,0x7b,0xc3,0x37,0x1c,0xb1,0x0a,0xb5,0x47,0x7c,0x25,0x04,0x3a,
    0xdd,0x70,0x7b,0xb6,0x17,0xcc,0x12,0xbc,0xc4,0xd1,0xc1,0xa0,0x2c,0x78,0x05,0xf9,0x58,0xc0,0x7b,0xf0,0x19,0x31,0x30,0x00,
    0x10,0x04,0x83,0x86,0x16,0x83,0x1b,0x0c,0x82,0x0b,0x08,0x34,0x62,0x60,0x00,0x20,0x08,0x06,0x8d,0x2d,0x06,0x35,0x18,0x0c,
    0xc3,0x0d,0x02,0x0e,0x06,0x66,0x30,0xdc,0x30,0xec,0x01,0x1a,0x94,0x10,0xa8,0x85,0x1f,0x11,0x9f,0xe9,0x86,0x20,0xfc,0x04,
    0x3b,0x60,0x31,0x00,0xc1,0x70,0x03,0xa2,0x83,0x81,0x19,0x0c,0x37,0x08,0xa1,0x80,0x06,0x25,0x04,0x3a,0xdd,0xa0,0x98,0x5f,
    0x60,0x81,0x01,0x9f,0x59,0x82,0x97,0x18,0xe8,0x18,0x04,0x97,0x20,0x83,0x96,0x90,0xfd,0x60,0x25,0x2c,0x0b,0xe4,0x73,0xab,
    0x30,0xa8,0x11,0x83,0x07,0x00,0x41,0x30,0xc0,0xc2,0x31,0xf8,0xc1,0x00,0xfd,0x70,0x8f,0x1c,0xc6,0x41,0x1c,0xda,0x0f,0x17,
    0x03,0x5c,0x0c,0x70,0x31,0x08,0x46,0x13,0x02,0x60,0x34,0x41,0x08,0x46,0x13,0x06,0x61,0x34,0x81,0x18,0x46,0x0c,0x0e,0x00,
    0x04,0xc1,0x80,0x0c,0xc0,0x31,0x30,0xc3,0xe0,0xf5,0xde,0x30,0x18,0x4d,0x08,0x80,0xd1,0x04,0x21,0x18,0x4d,0x18,0x84,0xd1,
    0x04,0x62,0xb0,0x84,0x88,0x8f,0x25,0x44,0x7c,0x2c,0x21,0xe2,0x63,0x09,0x11,0x1f,0x23,0x20,0xf9,0x18,0x11,0xc9,0xc7,0x08,
    0x49,0x3e,0x46,0x4c,0xf2,0x31,0x82,0x81,0x8f,0x11,0x0c,0x7c,0x8c,0x60,0xe0,0x63,0x04,0x03,0x9f,0x59,0x02,0xb5,0x18,0x31,
    0x30,0x00,0x10,0x04,0x83,0x66,0x1f,0x03,0x3f,0x0c,0xda,0xe1,0x02,0xc2,0x14,0x3e,0xf8,0x61,0x00,0x25,0xc8,0x63,0x00,0x23,
    0x06,0x07,0x00,0x82,0x60,0xf0,0xdd,0x63,0x50,0x87,0x41,0x20,0x8c,0x18,0x18,0x00,0x08,0x82,0x41,0x03,0x92,0xc1,0x1f,0x06,
    0xf2,0x30,0x62,0x70,0x00,0x20,0x08,0x06,0x9d,0x3e,0x06,0x7c,0x18,0x90,0x60,0x20,0x8c,0x26,0x04,0xc0,0x68,0x82,0x10,0x8c,
    0x26,0x0c,0xc2,0x2c,0x43,0x4c,0xd0,0x44,0x4e,0xcc,0x32,0xcc,0x84,0x4c,0xc8,0xc3,0x70,0x04,0x49,0xac,0x60,0x30,0x7c,0xc3,
    0x11,0x25,0xd1,0x82,0x01,0xf1,0x95,0x10,0xe8,0x74,0xc3,0x0b,0x06,0x2e,0x18,0x04,0xb3,0x04,0x34,0x71,0xc7,0xa0,0x2c,0x48,
    0x09,0xf9,0x58,0x40,0x83,0x01,0x7c,0x46,0x0c,0x0c,0x00,0x04,0xc1,0xa0,0x61,0xc9,0xe0,0x15,0x83,0xe0,0x02,0x02,0x8d,0x18,
    0x18,0x00,0x08,0x82,0x41,0xe3,0x92,0x41,0x2b,0x06,0xc3,0x70,0x83,0x00,0x8b,0x81,0x19,0x0c,0x37,0x0c,0x0e,0x1a,0x94,0x10,
    0xa8,0xe5,0x60,0x40,0xc4,0x67,0xba,0x21,0xc8,0xc1,0x40,0xb0,0x03,0x25,0x03,0x10,0x0c,0x37,0x20,0xb2,0x18,0x98,0xc1,0x70,
    0x83,0x40,0xa1,0x41,0x09,0x81,0x4e,0x37,0x28,0x3e,0x18,0x04,0x16,0x18,0xf0,0x99,0x25,0xa0,0x89,0x81,0x8e,0x41,0x98,0x09,
    0x32,0x90,0x09,0x51,0x14,0x60,0x62,0x96,0xa1,0x26,0x70,0xa2,0x2d,0x66,0x19,0x6e,0xc2,0x26,0x50,0x62,0x38,0x22,0x27,0xc2,
    0x30,0x18,0xbe,0xe1,0x08,0x9d,0x18,0xc3,0x80,0xf8,0x4a,0x08,0x74,0xba,0xa1,0x0c,0x03,0x32,0x0c,0x82,0x59,0x02,0x9c,0x38,
    0x6e,0x50,0x16,0xf8,0x84,0x7c,0x2c,0x50,0xc3,0x00,0x3e,0x23,0x06,0x06,0x00,0x82,0x60,0xd0,0x88,0x65,0x50,0x8e,0x41,0x70,
    0x01,0x81,0x46,0x0c,0x0c,0x00,0x04,0xc1,0xa0,0x21,0xcb,0x60,0x1c,0x83,0x61,0xb8,0x41,0x30,0xc7,0xc0,0x0c,0x86,0x1b,0x86,
    0x31,0x40,0x83,0x12,0x02,0xb5,0x37,0x0c,0x88,0xf8,0x4c,0x37,0x04,0x6f,0x18,0x08,0x76,0xf8,0x64,0x00,0x82,0xe1,0x06,0x04,
    0x1d,0x03,0x33,0x18,0x6e,0x10,0xd2,0x00,0x0d,0x4a,0x08,0x74,0xba,0x41,0xa1,0xc3,0x20,0xb0,0xc0,0x80,0xcf,0x2c,0x01,0x4e,
    0x0c,0x74,0x0c,0xc2,0x4d,0x90,0x81,0x4d,0xb8,0xa3,0x40,0x13,0x16,0x5c,0xf2,0x29,0xd4,0x30,0xc7,0x40,0x87,0x1b,0x02,0x73,
    0x0c,0xc0,0x60,0x96,0x21,0x27,0x78,0x22,0x98,0x65,0xd8,0x09,0x9d,0x08,0x8b,0xe1,0x88,0xb8,0xd0,0xc3,0x60,0xf8,0x86,0x23,
    0xe4,0x82,0x0f,0x03,0xe2,0x2b,0x21,0xd0,0xe9,0x06,0x3f,0x0c,0xfa,0x30,0x08,0x66,0x09,0x78,0xe2,0xe8,0x60,0x50,0x16,0xd8,
    0x85,0x7c,0x2c,0x18,0xc5,0x00,0x3e,0x23,0x06,0x06,0x00,0x82,0x60,0xd0,0xec,0x65,0xe0,0x8f,0x41,0x70,0x01,0x81,0x46,0x0c,
    0x0c,0x00,0x04,0xc1,0xa0,0xe9,0xcb,0x80,0x1f,0x83,0x61,0xb8,0x41,0xf8,0xc7,0xc0,0x0c,0x86,0x1b,0x86,0x3d,0x40,0x83,0x12,
    0x02,0x35,0x54,0x0c,0x88,0xf8,0x4c,0x37,0x04,0xa8,0x18,0x08,0x76,0xdc,0x65,0x00,0x82,0xe1,0x06,0x24,0x24,0x03,0x33,0x18,
    0x6e,0x10,0x42,0x01,0x0d,0x4a,0x08,0x74,0xba,0x41,0x69,0xc5,0x20,0xb0,0xc0,0x80,0xcf,0x2c,0x01,0x4f,0x0c,0x74,0x0c,0xc2,
    0x4e,0x90,0x81,0x4e,0x80,0xa5,0x80,0x13,0x96,0x05,0xf2,0x39,0x56,0x18,0xd4,0x88,0xc1,0x03,0x80,0x20,0x18,0x60,0xa8,0x19,
    0x98,0x64,0xf0,0x8a,0xc1,0x1f,0x06,0xab,0xa1,0x1a,0xa9,0x41,0x8b,0xc1,0x5f,0x06,0x7f,0x19,0xfc,0x65,0x10,0x8c,0x26,0x04,
    0xc0,0x68,0x82,0x10,0x8c,0x26,0x0c,0xc2,0x68,0x02,0x31,0x8c,0x18,0x1c,0x00,0x08,0x82,0x01,0x19,0x9c,0x66,0xd0,0x92,0x81,
    0x1d,0x06,0x36,0x19,0x8c,0x26,0x04,0xc0,0x68,0x82,0x10,0x8c,0x26,0x0c,0xc2,0x68,0x02,0x31,0x58,0x42,0xc4,0xc7,0x12,0x22,
    0x3e,0x96,0x10,0xf1,0xb1,0x84,0x88,0x8f,0x11,0x90,0x7c,0x8c,0x88,0xe4,0x63,0x84,0x24,0x1f,0x23,0x26,0xf9,0x8c,0x18,0x1c,
    0x00,0x08,0x82,0x41,0x77,0x9b,0x41,0x4e,0x06,0xe1,0x18,0x88,0xc3,0x68,0x42,0x00,0x8c,0x26,0x08,0xc1,0x68,0xc2,0x20,0xcc,
    0x32,0xf4,0x04,0x58,0xd8,0xc7,0x2c,0xc3,0x4f,0xf8,0xc4,0x6b,0x0c,0x47,0x84,0x07,0x3a,0x06,0xc3,0x37,0x1c,0x21,0x1e,0xea,
    0x18,0x10,0x5f,0x09,0x81,0x4e,0x37,0xb0,0x63,0xb0,0x8e,0x41,0x30,0x4b,0x00,0x16,0x77,0x0c,0xca,0x02,0xf3,0x90,0x8f,0x05,
    0xf1,0x18,0xc0,0x67,0xc4,0xc0,0x00,0x40,0x10,0x0c,0x9a,0xf4,0x0c,0xd8,0x32,0x08,0x2e,0x20,0xd0,0x88,0x81,0x01,0x80,0x20,
    0x18,0x34,0xeb,0x19,0xa8,0x65,0x30,0x0c,0x37,0x08,0x6d,0x19,0x98,0xc1,0x70,0xc3,0xe0,0xa0,0x41,0x09,0x81,0x9a,0x3d,0x06,
    0x44,0x7c,0xa6,0x1b,0x02,0x7b,0x0c,0x04,0x3b,0xca,0x33,0x00,0xc1,0x70,0x03,0xf2,0x96,0x81,0x19,0x0c,0x37,0x08,0x14,0x1a,
    0x94,0x10,0xe8,0x74,0x83,0xb2,0x8f,0x41,0x60,0x81,0x01,0x9f,0x59,0x02,0xb0,0x18,0xe8,0x18,0x84,0x9f,0x20,0x03,0x9f,0xe0,
    0x4f,0x81,0x27,0x66,0x19,0xc2,0x82,0x2c,0x54,0x64,0x96,0x61,0x2c,0xc4,0xa2,0x3c,0x86,0x23,0xec,0xc3,0x1f,0x83,0xe1,0x1b,
    0x8e,0xb8,0x0f,0x90,0x0c,0x88,0xaf,0x84,0x40,0xa7,0x1b,0x44,0x32,0x08,0xc9,0x20,0x98,0x25,0x20,0x8b,0xe3,0x06,0x65,0xc1,
    0x7e,0xc8,0xc7,0x82,0x93,0x0c,0xe0,0x33,0x62,0x60,0x00,0x20,0x08,0x06,0xcd,0x7f,0x06,0xa2,0x19,0x04,0x17,0x10,0x68,0xc4,
    0xc0,0x00,0x40,0x10,0x0c,0x9a,0x10,0x0d,0x40,0x33,0x18,0x86,0x1b,0x84,0xd1,0x0c,0xcc,0x60,0xb8,0x61,0x18,0x03,0x34,0x28,
    0x21,0x50,0x63,0xc9,0x80,0x88,0xcf,0x74,0x43,0xc0,0x92,0x81,0x60,0xc7,0x7e,0x06,0x20,0x18,0x6e,0x40,0x4a,0x33,0x30,0x83,
    0xe1,0x06,0x21,0x0d,0xd0,0xa0,0x84,0x40,0xa7,0x1b,0x94,0x98,0x0c,0x02,0x0b,0x0c,0xf8,0xcc,0x12,0x90,0xc5,0x40,0xc7,0x20,
    0x8c,0x05,0x19,0x88,0x05,0x9a,0x0a,0x60,0x61,0xc1,0x25,0x9f,0x59,0x86,0xb2,0x40,0x0b,0x5e,0x98,0x65,0x38,0x0b,0xb3,0xe0,
    0x8f,0xe1,0x08,0x16,0xa9,0xc9,0x60,0xf8,0x86,0x23,0x5a,0xe4,0x26,0x03,0xe2,0x2b,0x21,0xd0,0xe9,0x86,0x9c,0x0c,0x70,0x32,
    0x08,0x66,0x09,0xd0,0xe2,0xe4,0x60,0x50,0x16,0xc4,0x88,0x7c,0x2c,0xf0,0xc9,0x00,0x3e,0x23,0x06,0x06,0x00,0x82,0x60,0xd0,
    0xd8,0x68,0x90,0x9b,0x41,0x70,0x01,0x81,0x46,0x0c,0x0c,0x00,0x04,0xc1,0xa0,0xc1,0xd1,0xe0,0x36,0x83,0x61,0xb8,0x41,0xd0,
    0xcd,0xc0,0x0c,0x86,0x1b,0x86,0x3c,0x40,0x83,0x12,0x02,0xb5,0xb1,0x0c,0x88,0xf8,0x4c,0x37,0x04,0x63,0x19,0x08,0x76,0xc8,
    0x68,0x00,0x82,0xe1,0x06,0x84,0x37,0x03,0x33,0x18,0x6e,0x10,0xfe,0x00,0x0d,0x4a,0x08,0x74,0xba,0x41,0x41,0xcb,0x20,0xb0,
    0xc0,0x80,0xcf,0x2c,0x01,0x5a,0x0c,0x74,0x0c,0xc2,0x59,0x90,0x81,0x59,0xd8,0xaa,0x40,0x16,0x76,0x05,0xf2,0x39,0xb5,0x18,
    0xd4,0x88,0xc1,0x03,0x80,0x20,0x18,0x60,0x63,0x1a,0x84,0x67,0xa0,0x96,0x81,0x4e,0x06,0x66,0x52,0x26,0x64,0xf2,0x96,0x81,
    0x8e,0x06,0x3a,0x1a,0xe8,0x68,0x10,0x8c,0x26,0x04,0xc0,0x68,0x82,0x10,0x8c,0x26,0x0c,0xc2,0x68,0x02,0x31,0x18,0xa1,0x0b,
    0xf1,0x31,0x42,0x17,0xe2,0x63,0x84,0x2e,0xc4,0xc7,0x08,0x5d,0x88,0x8f,0x11,0x8b,0x7c,0x8c,0x60,0xe4,0x63,0x44,0x23,0x1f,
    0x23,0x1c,0xf9,0x18,0x21,0x0e,0xf0,0x31,0x42,0x1c,0xe0,0x63,0x84,0x38,0xc0,0xc7,0x08,0x71,0x80,0x8f,0xf9,0x02,0x12,0x1f,
    0xf3,0x05,0x24,0x3e,0xe6,0x0b,0x48,0x7c,0xcc,0x17,0x90,0xf8,0x18,0xc1,0x17,0xf2,0x31,0xa2,0x2f,0xe4,0x63,0x84,0x5f,0xc8,
    0xc7,0x88,0xbf,0x90,0x8f,0x11,0x0c,0x7c,0x8c,0x60,0xe0,0x63,0x04,0x03,0x1f,0x23,0x18,0xf8,0xcc,0x12,0xa8,0xc5,0x88,0xc1,
    0x03,0x80,0x20,0x18,0x60,0xa0,0x1a,0xf8,0x67,0x70,0x9a,0xc1,0x5d,0x06,0xa3,0x22,0x2a,0xa1,0xc2,0x9a,0xc1,0x9d,0x06,0x77,
    0x1a,0xdc,0x69,0x10,0x2e,0xa3,0x09,0x01,0x30,0x9a,0x20,0x04,0xa3,0x09,0x83,0x30,0x9a,0x40,0x0c,0xb3,0x04,0x6a,0x31,0xd0,
    0x31,0x20,0x69,0x41,0x36,0x2f,0x21,0xa1,0xc5,0x40,0xc7,0x80,0xa4,0x05,0xd9,0xbc,0x84,0x84,0x16,0x03,0x1d,0x03,0x92,0x16,
    0x64,0xf3,0x12,0x12,0x5a,0x0c,0x74,0x0c,0x48,0x5a,0x90,0xcd,0x4b,0x48,0x68,0x61,0x04,0xae,0xc0,0xc7,0x08,0x5c,0x81,0x8f,
    0x11,0xb8,0x02,0x1f,0x23,0x70,0x05,0x3e,0x86,0x2b,0xa5,0x1a,0xc0,0x60,0xb8,0x21,0xf8,0x15,0x34,0x98,0x65,0xf8,0x87,0xb5,
    0x08,0x66,0x09,0xd8,0x62,0xa0,0x62,0x90,0x5b,0xa1,0x1f,0x98,0xb5,0x18,0xa8,0x18,0xe8,0x56,0xe8,0x07,0x66,0x2d,0x06,0x2a,
    0x06,0xbb,0x15,0xfa,0x81,0x59,0x8b,0x81,0x8a,0x01,0x6f,0x85,0x7e,0x60,0xd6,0xc2,0x08,0x7d,0xa1,0x8f,0x11,0xfb,0x42,0x1f,
    0x23,0xf8,0x85,0x3e,0x46,0xf4,0x0b,0x7d,0x66,0x09,0x56,0x6a,0xc4,0xc0,0x00,0x40,0x10,0x0c,0x9a,0x5d,0x0d,0x60,0x34,0x20,
    0x3b,0x0b,0x76,0x4e,0x3e,0x26,0xec,0x9c,0x7c,0x6c,0xd0,0x39,0xf9,0x18,0x01,0x76,0xf2,0xb1,0x02,0xec,0xe4,0x63,0x86,0xcf,
    0xc9,0x67,0xc4,0xa0,0x02,0x40,0x10,0x0c,0xb4,0x5e,0x0d,0x58,0x34,0x28,0xcf,0xa0,0x36,0x83,0x93,0x33,0xb9,0x92,0x53,0xcf,
    0xa0,0x56,0x83,0x5a,0x0d,0x6a,0x35,0x18,0x84,0xc0,0x28,0x08,0xf5,0x0c,0x46,0x13,0x02,0x60,0x34,0x41,0x08,0x46,0x13,0x06,
    0x61,0x34,0x81,0x18,0x66,0x09,0x56,0x6a,0xb8,0x01,0x04,0x83,0x5b,0x0d,0xc0,0x60,0x96,0xe1,0x2d,0xca,0x23,0x98,0x65,0x80,
    0x0b,0xf2,0xc8,0xb5,0x11,0x83,0x03,0x00,0x41,0x30,0xe8,0xc2,0x35,0x18,0xd3,0x80,0x3d,0x83,0x5d,0x0d,0x46,0x13,0x02,0x60,
    0x34,0x41,0x08,0x46,0x13,0x06,0xe1,0x86,0x41,0xdd,0x30,0xa8,0x1b,0x06,0x65,0x83,0xdb,0xc9,0xc7,0x06,0xb7,0x93,0x8f,0x0d,
    0x6d,0x27,0x1f,0x1b,0x06,0xf9,0xd8,0x30,0xc8,0xc7,0x84,0x00,0x3e,0x46,0x10,0xf2,0x31,0x21,0x80,0xcf,0x88,0x81,0x01,0x80,
    0x20,0x18,0x34,0xf7,0x1a,0xbc,0x69,0x10,0x18,0x93,0x77,0xf2,0x31,0x26,0xef,0xe4,0x63,0xcc,0xdd,0xc9,0xc7,0x86,0x41,0x3e,
    0x36,0x0c,0xf2,0x31,0x21,0x80,0x8f,0x11,0x84,0x7c,0x4c,0x08,0xe0,0x33,0x62,0x60,0x00,0x20,0x08,0x06,0x0d,0xc8,0x06,0x78,
    0x1a,0x04,0x23,0x06,0x07,0x00,0x82,0x60,0x10,0xfd,0x6b,0x30,0xaa,0x41,0xa0,0x8c,0x18,0x1c,0x00,0x08,0x82,0x41,0x04,0xb2,
    0x81,0xa8,0x06,0xc2,0x32,0x1c,0x21,0xa8,0x68,0xa0,0x7c,0xb3,0x0c,0x71,0x21,0x17,0xc1,0x88,0xc1,0x01,0x80,0x20,0x18,0x44,
    0x22,0x1b,0x98,0x6a,0x20,0xc4,0x68,0x60,0x44,0x40,0x9f,0x11,0x03,0x03,0x00,0x41,0x30,0x68,0x4c,0x36,0xb8,0xd3,0x20,0x18,
    0x31,0x38,0x00,0x10,0x04,0x83,0xa8,0x64,0x83,0x54,0x0d,0x5c,0x34,0x08,0x46,0x0c,0x0e,0x00,0x04,0xc1,0x20,0x32,0xd9,0x00,
    0x55,0x03,0xd5,0x0b,0x66,0x09,0xe4,0x62,0xa0,0x62,0x10,0xe2,0x02,0x8c,0x05,0xb8,0xb0,0x24,0xa0,0xcf,0x88,0xc1,0x01,0x80,
    0x20,0x18,0x44,0x29,0x1b,0xb4,0x6a,0x10,0x24,0x23,0x06,0x07,0x00,0x82,0x60,0x10,0xa9,0x6c,0xe0,0xaa,0x41,0x70,0xa3,0xc1,
    0x88,0x81,0x01,0x80,0x20,0x18,0x34,0x2d,0x1b,0x90,0x6a,0x10,0x58,0x70,0x7b,0xf0,0x19,0x31,0x38,0x00,0x10,0x04,0x83,0xa8,
    0x65,0x83,0x58,0x0d,0x02,0xda,0x1b,0x8e,0x80,0xb2,0xe1,0x9b,0x6e,0x90,0x3d,0xd8,0x0b,0xa6,0x1b,0x64,0x0f,0xf6,0x84,0xe9,
    0x06,0xd8,0x7b,0xbd,0x61,0xc4,0xe0,0x00,0x40,0x10,0x0c,0xc8,0x40,0x65,0x03,0x58,0x0d,0xf2,0x33,0xd0,0xd5,0x60,0x34,0x21,
    0x00,0x2e,0x20,0x4c,0x05,0xfc,0x1a,0xe8,0x70,0x43,0x50,0xb2,0x01,0x18,0xd4,0x40,0xaa,0x81,0x0e,0x37,0x04,0xa8,0x1a,0x80,
    0x41,0x0d,0xc1,0xce,0x32,0xd0,0xc5,0x5c,0x04,0x65,0xc0,0x6a,0xa0,0xc3,0x0d,0x01,0xac,0x06,0x60,0x30,0x4b,0x40,0x17,0x03,
    0x15,0x0a,0x79,0x0b,0x72,0x21,0xcc,0xc5,0x59,0x04,0x1a,0x6e,0x08,0x66,0x36,0x30,0x83,0x59,0x86,0xba,0x18,0x8f,0x60,0x96,
    0xc0,0x2e,0x06,0x2a,0x86,0xb8,0x0a,0x0f,0x57,0x16,0xea,0x62,0xa0,0x62,0x88,0xab,0xf0,0x80,0x65,0xa1,0x2e,0x06,0x2a,0x86,
    0xb8,0x0a,0x0f,0x59,0x16,0xea,0x62,0xa0,0x62,0x88,0xab,0xf0,0xa0,0x65,0xa1,0x2e,0x06,0x2a,0x88,0xb8,0x0a,0x0f,0x38,0x17,
    0xea,0xe2,0x82,0x81,0x59,0x10,0xa7,0x01,0x7c,0x2c,0xf8,0xe8,0x63,0x81,0x9c,0x06,0xf0,0xb1,0x20,0x93,0x8f,0x09,0x99,0x7c,
    0x6c,0xc8,0xe4,0x63,0x83,0xec,0xc1,0xc7,0x06,0xd9,0x83,0x8f,0x0d,0xb2,0x07,0x9f,0x59,0x86,0xbb,0x00,0x0f,0x69,0xc4,0xe0,
    0x00,0x40,0x10,0x0c,0xba,0xb4,0x0d,0xd6,0x35,0xa0,0xd3,0x60,0x6c,0x83,0xd1,0x84,0x60,0x18,0x31,0x38,0x00,0x10,0x04,0x03,
    0x32,0x40,0xdb,0xc0,0x5d,0x83,0x1b,0x0d,0xf0,0x35,0x18,0x4d,0x08,0x86,0x0b,0x08,0x33,0xdc,0x10,0xa0,0x6d,0x00,0x06,0xb3,
    0x0c,0x79,0x81,0x17,0x41,0x15,0xf7,0x1a,0xc0,0x05,0x83,0x1a,0x31,0x38,0x00,0x10,0x04,0x83,0xc8,0x6e,0x03,0x7d,0x0d,0xd2,
    0xc0,0x4f,0x83,0x11,0x83,0x03,0x00,0x41,0x30,0x88,0xee,0x36,0xc8,0xd7,0x20,0x10,0x66,0x09,0xf2,0x62,0xa0,0x62,0x10,0xf0,
    0x02,0xa4,0x85,0xbb,0x18,0x8e,0x08,0x42,0x35,0x10,0xbe,0xd1,0x04,0x25,0x18,0x4d,0x58,0x84,0xe9,0x06,0x21,0x18,0x86,0x23,
    0x02,0x53,0x0d,0x9c,0x6f,0xb8,0x81,0x81,0xdb,0x20,0x0c,0x86,0x1b,0x1a,0xb6,0x0d,0xc2,0xa0,0x84,0x40,0x67,0x19,0xf4,0xe2,
    0x34,0x02,0x4b,0x5a,0x35,0x80,0xcf,0x88,0x81,0x01,0x80,0x20,0x18,0x34,0xa4,0x1b,0x9c,0x6c,0x10,0x5c,0x40,0x98,0x11,0x83,
    0x03,0x00,0x41,0x30,0xe8,0xfe,0x36,0x08,0xd9,0x40,0x55,0x83,0x60,0x34,0x21,0x00,0x46,0x13,0x84,0x60,0x34,0x61,0x10,0x66,
    0x19,0xf6,0xc2,0x2f,0xe4,0x60,0x96,0xa1,0x2f,0xf8,0x62,0x19,0x8e,0xe8,0x60,0x35,0x18,0xbe,0xe1,0x08,0x4f,0x56,0x03,0xe2,
    0x2b,0x21,0xd0,0xe9,0x06,0x5a,0x0d,0x66,0x35,0x08,0x66,0x09,0xfc,0xe2,0x8e,0x41,0x59,0x20,0x06,0xf2,0xb1,0x20,0x57,0x03,
    0xf8,0x8c,0x18,0x18,0x00,0x08,0x82,0x41,0x13,0xbb,0x01,0xcd,0x06,0xc1,0x05,0x04,0x1a,0x31,0x30,0x00,0x10,0x04,0x83,0x66,
    0x76,0x03,0x99,0x0d,0x86,0xe1,0x06,0xa1,0x66,0x03,0x33,0x18,0x6e,0x18,0x1c,0x34,0x28,0x21,0x50,0xf3,0xd5,0x80,0x88,0xcf,
    0x74,0x43,0xe0,0xab,0x81,0x60,0x47,0xeb,0x06,0x20,0x18,0x6e,0x40,0x6e,0x36,0x30,0x83,0xe1,0x06,0x81,0x42,0x83,0x12,0x02,
    0x9d,0x6e,0x50,0xc6,0x35,0x08,0x2c,0x30,0xe0,0x33,0x4b,0xe0,0x17,0x03,0x1d,0x83,0xd0,0x17,0x64,0xc0,0x17,0xac,0x2d,0xe8,
    0xc5,0x2c,0xc3,0x5f,0x88,0x86,0x29,0xcc,0x32,0x84,0x06,0x68,0x84,0xc1,0x70,0x84,0x1c,0x98,0x6b,0x30,0x7c,0xc3,0x11,0x73,
    0x80,0xae,0x01,0xf1,0x95,0x10,0xe8,0x74,0x83,0xba,0x06,0xe9,0x1a,0x04,0xb3,0x04,0xa2,0x71,0xdc,0xa0,0x2c,0xb8,0x03,0xf9,
    0x58,0xf0,0xae,0x01,0x7c,0x46,0x0c,0x0c,0x00,0x04,0xc1,0xa0,0x39,0xdf,0x40,0x6d,0x83,0xe0,0x02,0x02,0x8d,0x18,0x18,0x00,
    0x08,0x82,0x41,0x93,0xbe,0x01,0xda,0x06,0xc3,0x70,0x83,0xb0,0xb6,0x81,0x19,0x0c,0x37,0x0c,0x63,0x80,0x06,0x25,0x04,0x6a,
    0xf4,0x1a,0x10,0xf1,0x99,0x6e,0x08,0xe8,0x35,0x10,0xec,0x18,0xdf,0x00,0x04,0xc3,0x0d,0x48,0xdb,0x06,0x66,0x30,0xdc,0x20,
    0xa4,0x01,0x1a,0x94,0x10,0xe8,0x74,0x83,0x92,0xaf,0x41,0x60,0x81,0x01,0x9f,0x59,0x02,0xd1,0x18,0xe8,0x18,0x84,0xd0,0x20,
    0x03,0xd0,0xc0,0x6f,0xc1,0x2f,0x2c,0xb8,0xe4,0x53,0xe1,0xb0,0xb6,0x81,0x0e,0x37,0x04,0x6b,0x1b,0x80,0xc1,0x2c,0xc3,0x68,
    0x98,0x46,0x30,0xcb,0x50,0x1a,0xa4,0xa1,0x07,0xc3,0x11,0xaa,0xf0,0xaf,0xc1,0xf0,0x0d,0x47,0xac,0x42,0xc8,0x06,0xc4,0x57,
    0x42,0xa0,0xd3,0x0d,0x23,0x1b,0x88,0x6c,0x10,0xcc,0x12,0x98,0xc6,0xd1,0xc1,0xa0,0x2c,0x78,0x05,0xf9,0x58,0x80,0xb2,0x01,
    0x7c,0x46,0x0c,0x0c,0x00,0x04,0xc1,0xa0,0x01,0xe1,0x60,0x74,0x83,0xe0,0x02,0x02,0x8d,0x18,0x18,0x00,0x08,0x82,0x41,0x23,
    0xc2,0x41,0xe8,0x06,0xc3,0x70,0x83,0x40,0xba,0x81,0x19,0x0c,0x37,0x0c,0x7b,0x80,0x06,0x25,0x04,0x6a,0x2d,0x1b,0x10,0xf1,
    0x99,0x6e,0x08,0x5a,0x36,0x10,0xec,0xe0,0xdf,0x00,0x04,0xc3,0x0d,0x88,0xe9,0x06,0x66,0x30,0xdc,0x20,0x84,0x02,0x1a,0x94,
    0x10,0xe8,0x74,0x83,0x22,0xb3,0x41,0x60,0x81,0x01,0x9f,0x59,0x02,0xd3,0x18,0xe8,0x18,0x84,0xd2,0x20,0x03,0xd2,0x50,0x73,
    0x41,0x34,0x2c,0x0b,0xe4,0x73,0xab,0x30,0xa8,0x11,0x83,0x07,0x00,0x41,0x30,0xc0,0x5a,0x38,0x58,0xdd,0xa0,0x66,0x83,0x92,
    0x0d,0xc8,0x61,0x1c,0xc4,0x21,0x67,0x03,0x12,0x0e,0x48,0x38,0x20,0xe1,0x20,0x18,0x4d,0x08,0x80,0xd1,0x04,0x21,0x18,0x4d,
    0x18,0x84,0xd1,0x04,0x62,0x18,0x31,0x38,0x00,0x10,0x04,0x03,0x32,0x60,0xe1,0x40,0x76,0x83,0x7d,0x0d,0x7a,0x37,0x18,0x4d,
    0x08,0x80,0xd1,0x04,0x21,0x18,0x4d,0x18,0x84,0xd1,0x04,0x62,0xb0,0x84,0x88,0x8f,0x25,0x44,0x7c,0x2c,0x21,0xe2,0x63,0x09,
    0x11,0x1f,0x23,0x20,0xf9,0x18,0x11,0xc9,0xc7,0x08,0x49,0x3e,0x46,0x4c,0xf2,0x31,0x82,0x81,0x8f,0x11,0x0c,0x7c,0x8c,0x60,
    0xe0,0x63,0x04,0x03,0x9f,0x59,0x82,0xf0,0x18,0x31,0x30,0x00,0x10,0x04,0x83,0xe6,0x8c,0x03,0xf5,0x0d,0xda,0xe1,0x02,0xc2,
    0x14,0x3e,0xa8,0x6f,0x00,0x25,0xf8,0x70,0x00,0x23,0x06,0x07,0x00,0x82,0x60,0xf0,0x8d,0x71,0x10,0xbe,0x41,0x20,0x8c,0x18,
    0x18,0x00,0x08,0x82,0x41,0xc3,0xc6,0xc1,0xfa,0x06,0xf2,0x30,0x62,0x70,0x00,0x20,0x08,0x06,0x9d,0x19,0x07,0xe8,0x1b,0xc4,
    0x6d,0x20,0x8c,0x26,0x04,0xc0,0x68,0x82,0x10,0x8c,0x26,0x0c,0xc2,0x2c,0x03,0x6a,0xac,0x46,0x4e,0xcc,0x32,0xa8,0x46,0x6a,
    0xc8,0xc3,0x70,0x04,0x49,0xdc,0x6d,0x30,0x7c,0xc3,0x11,0x25,0x91,0xb7,0x01,0xf1,0x95,0x10,0xe8,0x74,0xc3,0xde,0x06,0x7a,
    0x1b,0x04,0xb3,0x04,0xab,0x71,0xc7,0xa0,0x2c,0x48,0x09,0xf9,0x58,0x00,0xba,0x01,0x7c,0x46,0x0c,0x0c,0x00,0x04,0xc1,0xa0,
    0xc1,0xe3,0x60,0x7f,0x83,0xe0,0x02,0x02,0x8d,0x18,0x18,0x00,0x08,0x82,0x41,0xa3,0xc7,0x41,0xfe,0x06,0xc3,0x70,0x83,0xc0,
    0xbf,0x81,0x19,0x0c,0x37,0x0c,0x0e,0x1a,0x94,0x10,0xa8,0x95,0x6e,0x40,0xc4,0x67,0xba,0x21,0x28,0xdd,0x40,0xb0,0x83,0x8e,
    0x03,0x10,0x0c,0x37,0x20,0xfe,0x1b,0x98,0xc1,0x70,0x83,0x40,0xa1,0x41,0x09,0x81,0x4e,0x37,0x28,0xaa,0x1b,0x04,0x16,0x18,
    0xf0,0x99,0x25,0x58,0x8d,0x81,0x8e,0x41,0x50,0x0d,0x32,0x48,0x0d,0x9d,0x17,0x4e,0x63,0x96,0x81,0x35,0x5e,0xa3,0x2d,0x66,
    0x19,0x5c,0xa3,0x35,0x50,0x62,0x38,0x22,0x27,0x5a,0x37,0x18,0xbe,0xe1,0x08,0x9d,0x78,0xdd,0x80,0xf8,0x4a,0x08,0x74,0xba,
    0x21,0x76,0x03,0xd8,0x0d,0x82,0x59,0x82,0xd7,0x38,0x6e,0x50,0x16,0xf8,0x84,0x7c,0x2c,0xb0,0xdd,0x00,0x3e,0x23,0x06,0x06,
    0x00,0x82,0x60,0xd0,0xb8,0x72,0x10,0xc3,0x41,0x70,0x01,0x81,0x46,0x0c,0x0c,0x00,0x04,0xc1,0xa0,0x81,0xe5,0xe0,0x85,0x83,
    0x61,0xb8,0x41,0x90,0xe1,0xc0,0x0c,0x86,0x1b,0x86,0x31,0x40,0x83,0x12,0x02,0xb5,0xdd,0x0d,0x88,0xf8,0x4c,0x37,0x04,0xbb,
    0x1b,0x08,0x76,0xa8,0x72,0x00,0x82,0xe1,0x06,0x84,0x86,0x03,0x33,0x18,0x6e,0x10,0xd2,0x00,0x0d,0x4a,0x08,0x74,0xba,0x41,
    0x01,0xdf,0x20,0xb0,0xc0,0x80,0xcf,0x2c,0xc1,0x6b,0x0c,0x74,0x0c,0x82,0x6b,0x90,0x41,0x6b,0x98,0xbe,0xb0,0x1a,0x16,0x5c,
    0xf2,0x29,0xd4,0x90,0xe1,0x40,0x87,0x1b,0x02,0x19,0x0e,0xc0,0x60,0x96,0x01,0x36,0x66,0x23,0x98,0x65,0x90,0x8d,0xd8,0x08,
    0x8b,0xe1,0x88,0xb8,0x30,0xdf,0x60,0xf8,0x86,0x23,0xe4,0x02,0x7d,0x03,0xe2,0x2b,0x21,0xd0,0xe9,0x06,0xf5,0x0d,0xd2,0x37,
    0x08,0x66,0x09,0x66,0xe3,0xe8,0x60,0x50,0x16,0xd8,0x85,0x7c,0x2c,0x78,0xdf,0x00,0x3e,0x23,0x06,0x06,0x00,0x82,0x60,0xd0,
    0x9c,0x73,0xa0,0xc6,0x41,0x70,0x01,0x81,0x46,0x0c,0x0c,0x00,0x04,0xc1,0xa0,0x49,0xe7,0x00,0x8d,0x83,0x61,0xb8,0x41,0x58,
    0xe3,0xc0,0x0c,0x86,0x1b,0x86,0x3d,0x40,0x83,0x12,0x02,0x35,0xfa,0x0d,0x88,0xf8,0x4c,0x37,0x04,0xf4,0x1b,0x08,0x76,0x8c,
    0x73,0x00,0x82,0xe1,0x06,0xa4,0x8d,0x03,0x33,0x18,0x6e,0x10,0x42,0x01,0x0d,0x4a,0x08,0x74,0xba,0x41,0xc9,0xdf,0x20,0xb0,
    0xc0,0x80,0xcf,0x2c,0xc1,0x6c,0x0c,0x74,0x0c,0x82,0x6c,0x90,0x41,0x6c,0xe0,0xbf,0xf0,0x1a,0x96,0x05,0xf2,0x39,0x56,0x18,
    0xd4,0x88,0xc1,0x03,0x80,0x20,0x18,0x60,0xf4,0x1c,0xc8,0x71,0xc0,0xbf,0x01,0xfb,0x06,0xab,0xa1,0x1a,0xa9,0x01,0xc2,0xc1,
    0x3a,0x07,0xeb,0x1c,0xac,0x73,0x10,0x8c,0x26,0x04,0xc0,0x68,0x82,0x10,0x8c,0x26,0x0c,0xc2,0x68,0x02,0x31,0x8c,0x18,0x1c,
    0x00,0x08,0x82,0x01,0x19,0xcc,0x73,0x90,0xc7,0x81,0xf8,0x06,0xa4,0x1c,0x8c,0x26,0x04,0xc0,0x68,0x82,0x10,0x8c,0x26,0x0c,
    0xc2,0x68,0x02,0x31,0x58,0x42,0xc4,0xc7,0x12,0x22,0x3e,0x96,0x10,0xf1,0xb1,0x84,0x88,0x8f,0x11,0x90,0x7c,0x8c,0x88,0xe4,
    0x63,0x84,0x24,0x1f,0x23,0x26,0xf9,0x8c,0x18,0x1c,0x00,0x08,0x82,0x41,0x37,0xd2,0x41,0x29,0x07,0x2e,0x1c,0x88,0xc3,0x68,
    0x42,0x00,0x8c,0x26,0x08,0xc1,0x68,0xc2,0x20,0xcc,0x32,0xd0,0xc6,0x6d,0xd8,0xc7,0x2c,0x83,0x6d,0xd4,0xc6,0x6b,0x0c,0x47,
    0x84,0x07,0x0d,0x07,0xc3,0x37,0x1c,0x21,0x1e,0x36,0x1c,0x10,0x5f,0x09,0x81,0x4e,0x37,0xe0,0x70,0x70,0xc3,0x41,0x30,0x4b,
    0x70,0x1b,0x77,0x0c,0xca,0x02,0xf3,0x90,0x8f,0x05,0x3d,0x1c,0xc0,0x67,0xc4,0xc0,0x00,0x40,0x10,0x0c,0x9a,0x9a,0x0e,0x70,
    0x39,0x08,0x2e,0x20,0xd0,0x88,0x81,0x01,0x80,0x20,0x18,0x34,0x37,0x1d,0xd8,0x72,0x30,0x0c,0x37,0x08,0xb9,0x1c,0x98,0xc1,
    0x70,0xc3,0xe0,0xa0,0x41,0x09,0x81,0x9a,0x18,0x07,0x44,0x7c,0xa6,0x1b,0x02,0x31,0x0e,0x04,0x3b,0x62,0x3a,0x00,0xc1,0x70,
    0x03,0xb2,0xcb,0x81,0x19,0x0c,0x37,0x08,0x14,0x1a,0x94,0x10,0xe8,0x74,0x83,0x72,0xc6,0x41,0x60,0x81,0x01,0x9f,0x59,0x82,
    0xdb,0x18,0xe8,0x18,0x04,0xdb,0x20,0x83,0xda,0xa0,0xc5,0x61,0x36,0x66,0x19,0x70,0x63,0x37,0x54,0x64,0x96,0x41,0x37,0x72,
    0xa3,0x3c,0x86,0x23,0xec,0x43,0x8d,0x83,0xe1,0x1b,0x8e,0xb8,0x0f,0x36,0x0e,0x88,0xaf,0x84,0x40,0xa7,0x1b,0xdc,0x38,0x68,
    0xe3,0x20,0x98,0x25,0xd8,0x8d,0xe3,0x06,0x65,0xc1,0x7e,0xc8,0xc7,0x82,0x39,0x0e,0xe0,0x33,0x62,0x60,0x00,0x20,0x08,0x06,
    0xcd,0x5a,0x07,0xee,0x1c,0x04,0x17,0x10,0x68,0xc4,0xc0,0x00,0x40,0x10,0x0c,0x9a,0xb6,0x0e,0xd8,0x39,0x18,0x86,0x1b,0x84,
    0x77,0x0e,0xcc,0x60,0xb8,0x61,0x18,0x03,0x34,0x28,0x21,0x50,0xc3,0xe3,0x80,0x88,0xcf,0x74,0x43,0x80,0xc7,0x81,0x60,0xc7,
    0x59,0x07,0x20,0x18,0x6e,0x40,0xe2,0x39,0x30,0x83,0xe1,0x06,0x21,0x0d,0xd0,0xa0,0x84,0x40,0xa7,0x1b,0x94,0x3e,0x0e,0x02,
    0x0b,0x0c,0xf8,0xcc,0x12,0xec,0xc6,0x40,0xc7,0x20,0xe8,0x06,0x19,0xe4,0x06,0x48,0x0e,0xb7,0x61,0xc1,0x25,0x9f,0x59,0x06,
    0xde,0xf8,0x0d,0x5e,0x98,0x65,0xf0,0x8d,0xde,0xe0,0x8f,0xe1,0x08,0x16,0x09,0xe5,0x60,0xf8,0x86,0x23,0x5a,0x64,0x94,0x03,
    0xe2,0x2b,0x21,0xd0,0xe9,0x86,0x52,0x0e,0x48,0x39,0x08,0x66,0x09,0x7e,0xe3,0xe4,0x60,0x50,0x16,0xc4,0x88,0x7c,0x2c,0x50,
    0xe5,0x00,0x3e,0x23,0x06,0x06,0x00,0x82,0x60,0xd0,0x88,0x76,0x50,0xd2,0x41,0x70,0x01,0x81,0x46,0x0c,0x0c,0x00,0x04,0xc1,
    0xa0,0x21,0xed,0x60,0xa4,0x83,0x61,0xb8,0x41,0x30,0xe9,0xc0,0x0c,0x86,0x1b,0x86,0x3c,0x40,0x83,0x12,0x02,0xb5,0x57,0x0e,
    0x88,0xf8,0x4c,0x37,0x04,0xaf,0x1c,0x08,0x76,0xf8,0x75,0x00,0x82,0xe1,0x06,0x04,0xa5,0x03,0x33,0x18,0x6e,0x10,0xfe,0x00,
    0x0d,0x4a,0x08,0x74,0xba,0x41,0xa1,0xe5,0x20,0xb0,0xc0,0x80,0xcf,0x2c,0xc1,0x6f,0x0c,0x74,0x0c,0x82,0x6f,0x90,0x41,0x6f,
    0xb8,0xe5,0xb0,0x1b,0x76,0x05,0xf2,0x39,0xb5,0x18,0xd4,0x88,0xc1,0x03,0x80,0x20,0x18,0x60,0xaf,0x1d,0xb4,0x74,0x70,0xcb,
    0xc1,0x29,0x07,0x66,0x52,0x26,0x64,0xb2,0xcb,0x81,0x69,0x07,0xa6,0x1d,0x98,0x76,0x10,0x8c,0x26,0x04,0xc0,0x68,0x82,0x10,
    0x8c,0x26,0x0c,0xc2,0x68,0x02,0x31,0x18,0xa1,0x0b,0xf1,0x31,0x42,0x17,0xe2,0x63,0x84,0x2e,0xc4,0xc7,0x08,0x5d,0x88,0x8f,
    0x11,0x8b,0x7c,0x8c,0x60,0xe4,0x63,0x44,0x23,0x1f,0x23,0x1c,0xf9,0x18,0x21,0x0e,0xf0,0x31,0x42,0x1c,0xe0,0x63,0x84,0x38,
    0xc0,0xc7,0x08,0x71,0x80,0x8f,0xf9,0x02,0x12,0x1f,0xf3,0x05,0x24,0x3e,0xe6,0x0b,0x48,0x7c,0xcc,0x17,0x90,0xf8,0x18,0xc1,
    0x17,0xf2,0x31,0xa2,0x2f,0xe4,0x63,0x84,0x5f,0xc8,0xc7,0x88,0xbf,0x90,0x8f,0x11,0x0c,0x7c,0x8c,0x60,0xe0,0x63,0x04,0x03,
    0x1f,0x23,0x18,0xf8,0xcc,0x12,0x84,0xc7,0x88,0xc1,0x03,0x80,0x20,0x18,0x60,0xec,0x1d,0xa8,0x75,0x40,0xcf,0x01,0x39,0x07,
    0xa3,0x22,0x2a,0xa1,0x82,0xcf,0xc1,0x78,0x07,0xe3,0x1d,0x8c,0x77,0x10,0x2e,0xa3,0x09,0x01,0x30,0x9a,0x20,0x04,0xa3,0x09,
    0x83,0x30,0x9a,0x40,0x0c,0xb3,0x04,0xe1,0x31,0xd0,0x31,0x20,0xe0,0x41,0x36,0xa6,0x21,0xfd,0xc6,0x40,0xc7,0x80,0x80,0x07,
    0xd9,0x98,0x86,0xf4,0x1b,0x03,0x1d,0x03,0x02,0x1e,0x64,0x63,0x1a,0xd2,0x6f,0x0c,0x74,0x0c,0x08,0x78,0x90,0x8d,0x69,0x48,
    0xbf,0x61,0x04,0xae,0xc0,0xc7,0x08,0x5c,0x81,0x8f,0x11,0xb8,0x02,0x1f,0x23,0x70,0x05,0x3e,0x86,0x2b,0xf1,0x1d,0xc0,0x60,
    0xb8,0x21,0xf8,0x15,0x34,0x98,0x65,0xb0,0x0b,0xf1,0x08,0x66,0x09,0xc6,0x63,0xa0,0x62,0x50,0xd1,0x81,0x2e,0x18,0xf1,0x18,
    0xa8,0x18,0x58,0x74,0xa0,0x0b,0x46,0x3c,0x06,0x2a,0x06,0x17,0x1d,0xe8,0x82,0x11,0x8f,0x81,0x8a,0x01,0x46,0x07,0xba,0x60,
    0xc4,0xc3,0x08,0x7d,0xa1,0x8f,0x11,0xfb,0x42,0x1f,0x23,0xf8,0x85,0x3e,0x46,0xf4,0x0b,0x7d,0x66,0x09,0x56,0x6a,0xc4,0xc0,
    0x00,0x40,0x10,0x0c,0x9a,0x13,0x0f,0xf8,0x3a,0x80,0xd5,0xc0,0x82,0x53,0x0d,0xe4,0x63,0xc2,0xa9,0x06,0xf2,0xb1,0xc1,0x54,
    0x03,0xf9,0x18,0xc1,0xaa,0x81,0x7c,0xac,0x60,0xd5,0x40,0x3e,0x66,0xa8,0x6a,0x20,0x9f,0x11,0x83,0x0a,0x00,0x41,0x30,0xd0,
    0x52,0x3c,0xc0,0xeb,0x40,0xa6,0x03,0x91,0x0e,0xe6,0x34,0x90,0xd3,0x20,0x4e,0x03,0x9b,0x0e,0x42,0x3c,0x08,0xf1,0x20,0xc4,
    0x83,0x41,0x08,0x8c,0x82,0xb0,0xe9,0x60,0x34,0x21,0x00,0x46,0x13,0x84,0x60,0x34,0x61,0x10,0x46,0x13,0x88,0x61,0x96,0x60,
    0xa5,0x66,0x19,0xcc,0x43,0x47,0x48,0x34,0x18,0x31,0x38,0x00,0x10,0x04,0x83,0x8e,0xc5,0x03,0xd7,0x0e,0x70,0x3a,0x30,0xf1,
    0x60,0x34,0x21,0x00,0x46,0x13,0x84,0x60,0x34,0x61,0x10,0x6e,0x18,0xd4,0x0d,0x83,0xba,0x61,0x50,0x36,0xe4,0x6a,0x20,0x1f,
    0x1b,0x72,0x35,0x90,0x8f,0x0d,0xb8,0x1a,0xc8,0xc7,0x86,0x41,0x3e,0x36,0x0c,0xf2,0x31,0x21,0x80,0x8f,0x11,0x84,0x7c,0x4c,
    0x08,0xe0,0x33,0x62,0x60,0x00,0x20,0x08,0x06,0x8d,0x98,0x07,0xba,0x1d,0x04,0xc6,0x90,0x6b,0x20,0x1f,0x63,0xc8,0x35,0x90,
    0x8f,0x31,0xe2,0x1a,0xc8,0xc7,0x86,0x41,0x3e,0x36,0x0c,0xf2,0x31,0x21,0x80,0x8f,0x11,0x84,0x7c,0x4c,0x08,0xe0,0x33,0x62,
    0x60,0x00,0x20,0x08,0x06,0xcd,0x9a,0x07,0xe3,0x1d,0x04,0x23,0x06,0x07,0x00,0x82,0x60,0x10,0xa9,0x79,0xe0,0xde,0x41,0xa0,
    0x8c,0x18,0x1c,0x00,0x08,0x82,0x41,0xb4,0xe6,0x41,0x7b,0x07,0xc2,0x32,0x1c,0x21,0xd4,0x75,0xa0,0x7c,0xb3,0x0c,0xe7,0x81,
    0x1e,0xc1,0x88,0xc1,0x01,0x80,0x20,0x18,0x44,0x6d,0x1e,0xc4,0x77,0x20,0xf0,0x75,0x60,0x44,0x40,0x9f,0x11,0x03,0x03,0x00,
    0x41,0x30,0x68,0xe2,0x3c,0x10,0xef,0x20,0x18,0x31,0x38,0x00,0x10,0x04,0x83,0x08,0xce,0x03,0xfa,0x0e,0xf2,0x3a,0x08,0x46,
    0x0c,0x0e,0x00,0x04,0xc1,0x20,0x8a,0xf3,0x60,0xbe,0x83,0x7a,0x0d,0x82,0x59,0x02,0xf4,0x18,0xa8,0x18,0x84,0xf3,0xb0,0xd7,
    0xc1,0x3c,0x2c,0x09,0xe8,0x33,0x62,0x70,0x00,0x20,0x08,0x06,0x11,0x9d,0x07,0xf8,0x1d,0x04,0xc9,0x88,0xc1,0x01,0x80,0x20,
    0x18,0x44,0x75,0x1e,0xe4,0x77,0x10,0x88,0x76,0x30,0x62,0x60,0x00,0x20,0x08,0x06,0x0d,0x9e,0x07,0xef,0x1d,0x04,0x16,0x88,
    0x6c,0x00,0x9f,0x11,0x83,0x03,0x00,0x41,0x30,0x88,0xf0,0x3c,0xe0,0xef,0x20,0xf8,0xd7,0x60,0x38,0x02,0xca,0x86,0x6f,0xba,
    0xa1,0x5f,0x83,0x7d,0x0d,0x82,0xe9,0x86,0x7e,0x0d,0xf6,0x35,0x10,0xa6,0x1b,0xf6,0x35,0xd0,0xd7,0x60,0x18,0x31,0x38,0x00,
    0x10,0x04,0x03,0x32,0xa8,0xf3,0x60,0xbf,0x03,0xb2,0x0e,0x4e,0x3c,0x18,0x4d,0x08,0x80,0x0b,0x08,0x53,0xc1,0x99,0x07,0x3a,
    0xdc,0x10,0xc0,0x79,0x00,0x06,0x35,0xbc,0x77,0xa0,0xc3,0x0d,0xc1,0x7c,0x07,0x60,0x50,0x43,0xb0,0xb3,0x0c,0xea,0x91,0x1e,
    0x41,0x19,0xfb,0x1d,0xe8,0x70,0x43,0xb0,0xdf,0x01,0x18,0xcc,0x12,0xa8,0xc7,0x40,0x85,0xa2,0xc7,0x03,0x7a,0x08,0xe9,0x71,
    0x16,0x81,0x86,0x1b,0x02,0x3f,0x0f,0xcc,0x60,0x96,0x61,0x3d,0x72,0x24,0x98,0x25,0x60,0x8f,0x81,0x8a,0x21,0xae,0x6e,0x84,
    0x6c,0x87,0xf5,0x18,0xa8,0x18,0xe2,0xea,0x46,0xcc,0x76,0x58,0x8f,0x81,0x8a,0x21,0xae,0x6e,0x04,0x6d,0x87,0xf5,0x18,0xa8,
    0x18,0xe2,0xea,0x46,0xd4,0x76,0x58,0x8f,0x81,0x0a,0x22,0xae,0x6e,0xc4,0xa4,0x87,0xf5,0xb8,0x60,0x60,0x16,0xf0,0x76,0x00,
    0x1f,0x0b,0x3e,0xfa,0x58,0xd0,0xdb,0x01,0x7c,0x2c,0xc8,0xe4,0x63,0x42,0x26,0x1f,0x1b,0x32,0xf9,0xd8,0xd0,0xaf,0x01,0x7c,
    0x6c,0xe8,0xd7,0x00,0x3e,0x36,0xf4,0x6b,0x00,0x9f,0x59,0x86,0xf6,0xb0,0x11,0x69,0xc4,0xe0,0x00,0x40,0x10,0x0c,0x3a,0x5a,
    0x0f,0x6c,0x3c,0x00,0xef,0xc0,0xd5,0x83,0xd1,0x84,0x60,0x18,0x31,0x38,0x00,0x10,0x04,0x03,0x32,0x98,0xf5,0x20,0xc7,0x03,
    0xd1,0x0e,0xca,0x3c,0x18,0x4d,0x08,0x86,0x0b,0x08,0x33,0xdc,0x10,0xcc,0x7a,0x00,0x06,0xb3,0x0c,0xef,0xe1,0x1e,0x41,0x15,
    0x62,0x1e,0xc0,0x05,0x83,0x1a,0x31,0x38,0x00,0x10,0x04,0x83,0x28,0xdc,0x83,0x32,0x0f,0xd2,0x20,0xbd,0x83,0x11,0x83,0x03,
    0x00,0x41,0x30,0x88,0xc4,0x3d,0x20,0xf3,0x20,0x10,0x66,0x09,0xde,0x63,0xa0,0x62,0x10,0xdc,0xc3,0x76,0x87,0xf6,0x18,0x8e,
    0x08,0xd8,0x3b,0x10,0xbe,0xd1,0x04,0x25,0x18,0x4d,0x58,0x84,0xe9,0x06,0x21,0x18,0x86,0x23,0x82,0xf8,0x0e,0x9c,0x6f,0xb8,
    0x81,0xd9,0xf5,0x20,0x0c,0x86,0x1b,0x9a,0x5b,0x0f,0xc2,0xa0,0x84,0x40,0x67,0x19,0xe0,0xa3,0x3f,0x02,0x4b,0xf0,0x3b,0x80,
    0xcf,0x88,0x81,0x01,0x80,0x20,0x18,0x34,0xef,0x1e,0xc8,0x79,0x10,0x5c,0x40,0x98,0x11,0x83,0x03,0x00,0x41,0x30,0xe8,0xd4,
    0x3d,0x60,0xf3,0xc0,0xbe,0x83,0x60,0x34,0x21,0x00,0x46,0x13,0x84,0x60,0x34,0x61,0x10,0x66,0x19,0xe2,0x83,0x3e,0xe4,0x60,
    0x96,0x61,0x3e,0xe4,0x63,0x19,0x8e,0xe8,0xf6,0x3b,0x18,0xbe,0xe1,0x08,0xaf,0xbf,0x03,0xe2,0x2b,0x21,0xd0,0xe9,0x86,0xff,
    0x0e,0xfc,0x3b,0x08,0x66,0x09,0xe8,0xe3,0x8e,0x41,0x59,0x20,0x06,0xf2,0xb1,0x80,0xc4,0x03,0xf8,0x8c,0x18,0x18,0x00,0x08,
    0x82,0x41,0xc3,0xef,0xc1,0x9f,0x07,0xc1,0x05,0x04,0x1a,0x31,0x30,0x00,0x10,0x04,0x83,0xc6,0xdf,0x83,0x3e,0x0f,0x86,0xe1,
    0x06,0x01,0xd4,0x03,0x33,0x18,0x6e,0x18,0x1c,0x34,0x28,0x21,0x50,0x4b,0xf1,0x80,0x88,0xcf,0x74,0x43,0x90,0xe2,0x81,0x60,
    0x07,0xbe,0x07,0x20,0x18,0x6e,0x40,0x44,0x3d,0x30,0x83,0xe1,0x06,0x81,0x42,0x83,0x12,0x02,0x9d,0x6e,0x50,0x5c,0x3c,0x08,
    0x2c,0x30,0xe0,0x33,0x4b,0x40,0x1f,0x03,0x1d,0x83,0x30,0x1f,0x64,0x20,0x1f,0x62,0x3c,0xc0,0xc7,0x2c,0x43,0x7d,0xe0,0x87,
    0x29,0xcc,0x32,0xdc,0x87,0x7d,0x84,0xc1,0x70,0x84,0x1c,0xc4,0x78,0x30,0x7c,0xc3,0x11,0x73,0x30,0xe3,0x01,0xf1,0x95,0x10,
    0xe8,0x74,0x43,0x8d,0x07,0x34,0x1e,0x04,0xb3,0x04,0xf8,0x71,0xdc,0xa0,0x2c,0xb8,0x03,0xf9,0x58,0xa0,0xe3,0x01,0x7c,0x46,
    0x0c,0x0c,0x00,0x04,0xc1,0xa0,0x91,0xf9,0xa0,0xd6,0x83,0xe0,0x02,0x02,0x8d,0x18,0x18,0x00,0x08,0x82,0x41,0x43,0xf3,0xc1,
    0xac,0x07,0xc3,0x70,0x83,0x60,0xeb,0x81,0x19,0x0c,0x37,0x0c,0x63,0x80,0x06,0x25,0x04,0x6a,0x3f,0x1e,0x10,0xf1,0x99,0x6e,
    0x08,0x7e,0x3c,0x10,0xec,0x70,0xf9,0x00,0x04,0xc3,0x0d,0x08,0xae,0x07,0x66,0x30,0xdc,0x20,0xa4,0x01,0x1a,0x94,0x10,0xe8,
    0x74,0x83,0x42,0xe6,0x41,0x60,0x81,0x01,0x9f,0x59,0x02,0xfc,0x18,0xe8,0x18,0x84,0xfb,0x20,0x03,0xfb,0x70,0xe5,0x81,0x3e,
    0x2c,0xb8,0xe4,0x53,0xe1,0x60,0xeb,0x81,0x0e,0x37,0x04,0xb6,0x1e,0x80,0xc1,0x2c,0x43,0x7e,0xf0,0x47,0x30,0xcb,0xb0,0x1f,
    0xfa,0xa1,0x07,0xc3,0x11,0xaa,0xa0,0xe6,0xc1,0xf0,0x0d,0x47,0xac,0x02,0x9b,0x07,0xc4,0x57,0x42,0xa0,0xd3,0x0d,0x6e,0x1e,
    0xb4,0x79,0x10,0xcc,0x12,0xf0,0xc7,0xd1,0xc1,0xa0,0x2c,0x78,0x05,0xf9,0x58,0x30,0xe7,0x01,0x7c,0x46,0x0c,0x0c,0x00,0x04,
    0xc1,0xa0,0x59,0xfb,0xc0,0xdd,0x83,0xe0,0x02,0x02,0x8d,0x18,0x18,0x00,0x08,0x82,0x41,0xd3,0xf6,0x01,0xbb,0x07,0xc3,0x70,
    0x83,0xf0,0xee,0x81,0x19,0x0c,0x37,0x0c,0x7b,0x80,0x06,0x25,0x04,0x6a,0x78,0x1e,0x10,0xf1,0x99,0x6e,0x08,0xf0,0x3c,0x10,
    0xec,0x38,0xfb,0x00,0x04,0xc3,0x0d,0x48,0xbc,0x07,0x66,0x30,0xdc,0x20,0x84,0x02,0x1a,0x94,0x10,0xe8,0x74,0x83,0xd2,0xe7,
    0x41,0x60,0x81,0x01,0x9f,0x59,0x02,0xfe,0x18,0xe8,0x18,0x84,0xfd,0x20,0x03,0xfd,0x00,0xe9,0x01,0x3f,0x2c,0x0b,0xe4,0x73,
    0xab,0x30,0xa8,0x11,0x83,0x07,0x00,0x41,0x30,0xc0,0xf0,0x3e,0xb0,0xf7,0x20,0xd4,0x83,0x38,0x0f,0xc8,0x61,0x1c,0xc4,0x81,
    0xd4,0x83,0xb7,0x0f,0xde,0x3e,0x78,0xfb,0x20,0x18,0x4d,0x08,0x80,0xd1,0x04,0x21,0x18,0x4d,0x18,0x84,0xd1,0x04,0x62,0x18,
    0x31,0x38,0x00,0x10,0x04,0x03,0x32,0xb8,0xfb,0xa0,0xdf,0x03,0x33,0x0f,0xf8,0x3d,0x18,0x4d,0x08,0x80,0xd1,0x04,0x21,0x18,
    0x4d,0x18,0x84,0xd1,0x04,0x62,0xb0,0x84,0x88,0x8f,0x25,0x44,0x7c,0x2c,0x21,0xe2,0x63,0x09,0x11,0x1f,0x23,0x20,0xf9,0x18,
    0x11,0xc9,0xc7,0x08,0x49,0x3e,0x46,0x4c,0xf2,0x31,0x82,0x81,0x8f,0x11,0x0c,0x7c,0x8c,0x60,0xe0,0x63,0x04,0x03,0x9f,0x59,
    0x82,0x1b,0x19,0x31,0x30,0x00,0x10,0x04,0x83,0x46,0xf6,0x83,0x9a,0x0f,0xda,0xe1,0x02,0xc2,0x14,0x3e,0xd4,0x7c,0x00,0x25,
    0xa4,0x7e,0x00,0x23,0x06,0x07,0x00,0x82,0x60,0xf0,0xb9,0x7e,0xc0,0xf2,0x41,0x20,0x8c,0x18,0x18,0x00,0x08,0x82,0x41,0x73,
    0xfb,0x81,0xcd,0x07,0xf2,0x30,0x62,0x70,0x00,0x20,0x08,0x06,0x5d,0xec,0x07,0x33,0x1f,0xf4,0x7a,0x20,0x8c,0x26,0x04,0xc0,
    0x68,0x82,0x10,0x8c,0x26,0x0c,0xc2,0x2c,0x83,0x7f,0x84,0x48,0x4e,0xcc,0x32,0x80,0xc8,0x7f,0xc8,0xc3,0x70,0x04,0x49,0x88,
    0x7b,0x30,0x7c,0xc3,0x11,0x25,0x41,0xee,0x01,0xf1,0x95,0x10,0xe8,0x74,0x83,0xb9,0x07,0xe5,0x1e,0x04,0xb3,0x04,0x21,0x72,
    0xc7,0xa0,0x2c,0x48,0x09,0xf9,0x58,0xb0,0xee,0x01,0x7c,0x46,0x0c,0x0c,0x00,0x04,0xc1,0xa0,0x19,0xff,0xc0,0xec,0x83,0xe0,
    0x02,0x02,0x8d,0x18,0x18,0x00,0x08,0x82,0x41,0x53,0xfe,0x01,0xd9,0x07,0xc3,0x70,0x83,0x70,0xf6,0x81,0x19,0x0c,0x37,0x0c,
    0x0e,0x1a,0x94,0x10,0xa8,0xc1,0x7b,0x40,0xc4,0x67,0xba,0x21,0x80,0xf7,0x40,0xb0,0xe3,0xf7,0x03,0x10,0x0c,0x37,0x20,0x69,
    0x1f,0x98,0xc1,0x70,0x83,0x40,0xa1,0x41,0x09,0x81,0x4e,0x37,0x28,0xf5,0x1e,0x04,0x16,0x18,0xf0,0x99,0x25,0x08,0x91,0x81,
    0x8e,0x41,0x00,0x11,0x32,0xf8,0x0f,0xf8,0x1e,0xfa,0x63,0x96,0x41,0x44,0x4a,0xa4,0x2d,0x66,0x19,0x48,0x64,0x44,0x50,0x62,
    0x38,0x22,0x27,0xf0,0x3d,0x18,0xbe,0xe1,0x08,0x9d,0xd0,0xf7,0x80,0xf8,0x4a,0x08,0x74,0xba,0x81,0xdf,0x83,0x7d,0x0f,0x82,
    0x59,0x82,0x12,0x39,0x6e,0x50,0x16,0xf8,0x84,0x7c,0x2c,0x08,0xf9,0x00,0x3e,0x23,0x06,0x06,0x00,0x82,0x60,0xd0,0xe4,0x7f,
    0xc0,0xf7,0x41,0x70,0x01,0x81,0x46,0x0c,0x0c,0x00,0x04,0xc1,0xa0,0xd9,0xff,0x40,0xef,0x83,0x61,0xb8,0x41,0xe8,0xfb,0xc0,
    0x0c,0x86,0x1b,0x86,0x31,0x40,0x83,0x12,0x02,0x35,0x93,0x0f,0x88,0xf8,0x4c,0x37,0x04,0x26,0x1f,0x08,0x76,0xd4,0x7f,0x00,
    0x82,0xe1,0x06,0xe4,0xef,0x03,0x33,0x18,0x6e,0x10,0xd2,0x00,0x0d,0x4a,0x08,0x74,0xba,0x41,0x59,0xf9,0x20,0xb0,0xc0,0x80,
    0xcf,0x2c,0x41,0x89,0x0c,0x74,0x0c,0x02,0x89,0x90,0xc1,0x88,0xf0,0xf8,0x10,0x22,0x16,0x5c,0xf2,0x29,0xd4,0xe8,0xfb,0x40,
    0x87,0x1b,0x82,0xbe,0x0f,0xc0,0x60,0x96,0xc1,0x44,0x52,0x24,0x98,0x65,0x40,0x91,0x13,0x09,0x8b,0xe1,0x88,0xb8,0x88,0xf9,
    0x60,0xf8,0x86,0x23,0xe4,0x62,0xe6,0x03,0xe2,0x2b,0x21,0xd0,0xe9,0x86,0x9a,0x0f,0x68,0x3e,0x08,0x66,0x09,0x52,0xe4,0xe8,
    0x60,0x50,0x16,0xd8,0x85,0x7c,0x2c,0xd0,0xf9,0x00,0x3e,0x23,0x06,0x06,0x00,0x82,0x60,0xd0,0xc8,0xa0,0x50,0xfb,0x41,0x70,
    0x01,0x81,0x46,0x0c,0x0c,0x00,0x04,0xc1,0xa0,0xa1,0x41,0x61,0xf6,0x83,0x61,0xb8,0x41,0xb0,0xfd,0xc0,0x0c,0x86,0x1b,0x86,
    0x3d,0x40,0x83,0x12,0x02,0xb5,0x9f,0x0f,0x88,0xf8,0x4c,0x37,0x04,0x3f,0x1f,0x08,0x76,0xb8,0xa0,0x00,0x82,0xe1,0x06,0x04,
    0xf7,0x03,0x33,0x18,0x6e,0x10,0x42,0x01,0x0d,0x4a,0x08,0x74,0xba,0x41,0x21,0xfb,0x20,0xb0,0xc0,0x80,0xcf,0x2c,0x41,0x8a,
    0x0c,0x74,0x0c,0x02,0x8a,0x90,0xc1,0x89,0xb8,0xfa,0x50,0x22,0x96,0x05,0xf2,0x39,0x56,0x18,0xd4,0x88,0xc1,0x03,0x80,0x20,
    0x18,0x60,0x3f,0x28,0xf4,0x7e,0x80,0xf6,0x01,0xce,0x07,0xab,0xa1,0x1a,0xa9,0xb1,0xf6,0x81,0x0d,0x0a,0x36,0x28,0xd8,0xa0,
    0x10,0x8c,0x26,0x04,0xc0,0x68,0x82,0x10,0x8c,0x26,0x0c,0xc2,0x68,0x02,0x31,0x8c,0x18,0x1c,0x00,0x08,0x82,0x01,0x19,0xf8,
    0xa0,0x40,0xfe,0x41,0xcb,0x07,0xe3,0x1f,0x8c,0x26,0x04,0xc0,0x68,0x82,0x10,0x8c,0x26,0x0c,0xc2,0x68,0x02,0x31,0x58,0x42,
    0xc4,0xc7,0x12,0x22,0x3e,0x96,0x10,0xf1,0xb1,0x84,0x88,0x8f,0x11,0x90,0x7c,0x8c,0x88,0xe4,0x63,0x84,0x24,0x1f,0x23,0x26,
    0xf9,0x8c,0x18,0x1c,0x00,0x08,0x82,0x41,0xe7,0x86,0x02,0xfc,0x07,0x7a,0x1f,0x88,0xc3,0x68,0x42,0x00,0x8c,0x26,0x08,0xc1,
    0x68,0xc2,0x20,0xcc,0x32,0xa8,0x48,0x8b,0xd8,0xc7,0x2c,0x03,0x8b,0xac,0xc8,0x6b,0x0c,0x47,0x84,0xc7,0xdf,0x07,0xc3,0x37,
    0x1c,0x21,0x1e,0xa1,0x1f,0x10,0x5f,0x09,0x81,0x4e,0x37,0x8c,0x7e,0x20,0xfa,0x41,0x30,0x4b,0xd0,0x22,0x77,0x0c,0xca,0x02,
    0xf3,0x90,0x8f,0x05,0xa8,0x1f,0xc0,0x67,0xc4,0xc0,0x00,0x40,0x10,0x0c,0x1a,0x50,0x14,0x46,0x50,0x08,0x2e,0x20,0xd0,0x88,
    0x81,0x01,0x80,0x20,0x18,0x34,0xa2,0x28,0x84,0xa0,0x30,0x0c,0x37,0x08,0x24,0x28,0x98,0xc1,0x70,0xc3,0xe0,0xa0,0x41,0x09,
    0x81,0x5a,0xeb,0x07,0x44,0x7c,0xa6,0x1b,0x82,0xd6,0x0f,0x04,0x3b,0xf8,0x50,0x00,0xc1,0x70,0x03,0x62,0x82,0x82,0x19,0x0c,
    0x37,0x08,0x14,0x1a,0x94,0x10,0xe8,0x74,0x83,0x22,0xfb,0x41,0x60,0x81,0x01,0x9f,0x59,0x82,0x16,0x19,0xe8,0x18,0x04,0x16,
    0x21,0x83,0x15,0x51,0xfb,0x21,0x45,0x66,0x19,0x5c,0x24,0x46,0x54,0x64,0x96,0x01,0x46,0x5e,0xa4,0x3c,0x86,0x23,0xec,0xa3,
    0xf6,0x83,0xe1,0x1b,0x8e,0xb8,0x8f,0xdb,0x0f,0x88,0xaf,0x84,0x40,0xa7,0x1b,0x72,0x3f,0xc0,0xfd,0x20,0x98,0x25,0x88,0x91,
    0xe3,0x06,0x65,0xc1,0x7e,0xc8,0xc7,0x02,0xdf,0x0f,0xe0,0x33,0x62,0x60,0x00,0x20,0x08,0x06,0x8d,0x2d,0x0a,0x39,0x28,0x04,
    0x17,0x10,0x68,0xc4,0xc0,0x00,0x40,0x10,0x0c,0x1a,0x5c,0x14,0x6e,0x50,0x18,0x86,0x1b,0x04,0x1d,0x14,0xcc,0x60,0xb8,0x61,
    0x18,0x03,0x34,0x28,0x21,0x50,0x1b,0xff,0x80,0x88,0xcf,0x74,0x43,0x30,0xfe,0x81,0x60,0x87,0x2c,0x0a,0x20,0x18,0x6e,0x40,
    0x78,0x50,0x30,0x83,0xe1,0x06,0x21,0x0d,0xd0,0xa0,0x84,0x40,0xa7,0x1b,0x14,0xf4,0x0f,0x02,0x0b,0x0c,0xf8,0xcc,0x12,0xc4,
    0xc8,0x40,0xc7,0x20,0xc0,0x08,0x19,0xbc,0x88,0xed,0x0f,0x2d,0x62,0xc1,0x25,0x9f,0x59,0x06,0x19,0xa9,0x11,0x5e,0x98,0x65,
    0xa0,0x91,0x19,0xe1,0x8f,0xe1,0x08,0x16,0x61,0xff,0x60,0xf8,0x86,0x23,0x5a,0xc4,0xfd,0x03,0xe2,0x2b,0x21,0xd0,0xe9,0x06,
    0xf8,0x0f,0xde,0x3f,0x08,0x66,0x09,0x6a,0xe4,0xe4,0x60,0x50,0x16,0xc4,0x88,0x7c,0x2c,0xa8,0xff,0x00,0x3e,0x23,0x06,0x06,
    0x00,0x82,0x60,0xd0,0xb4,0xa3,0x00,0x87,0x42,0x70,0x01,0x81,0x46,0x0c,0x0c,0x00,0x04,0xc1,0xa0,0x79,0x47,0xc1,0x0d,0x85,
    0x61,0xb8,0x41,0x88,0x43,0xc1,0x0c,0x86,0x1b,0x86,0x3c,0x40,0x83,0x12,0x02,0x35,0xfd,0x0f,0x88,0xf8,0x4c,0x37,0x04,0xfa,
    0x1f,0x08,0x76,0xa4,0xa3,0x00,0x82,0xe1,0x06,0x64,0x0e,0x05,0x33,0x18,0x6e,0x10,0xfe,0x00,0x0d,0x4a,0x08,0x74,0xba,0x41,
    0xf9,0xff,0x20,0xb0,0xc0,0x80,0xcf,0x2c,0x41,0x8d,0x0c,0x74,0x0c,0x02,0x8d,0x90,0xc1,0x8c,0x90,0x20,0x11,0x23,0x76,0x05,
    0xf2,0x39,0xb5,0x18,0xd4,0x88,0xc1,0x03,0x80,0x20,0x18,0x60,0xfa,0x28,0xe0,0xa1,0x30,0x82,0xc2,0xfc,0x07,0x66,0x52,0x26,
    0x64,0x62,0x82,0x42,0x3c,0x0a,0xf1,0x28,0xc4,0xa3,0x10,0x8c,0x26,0x04,0xc0,0x68,0x82,0x10,0x8c,0x26,0x0c,0xc2,0x68,0x02,
    0x31,0x18,0xa1,0x0b,0xf1,0x31,0x42,0x17,0xe2,0x63,0x84,0x2e,0xc4,0xc7,0x08,0x5d,0x88,0x8f,0x11,0x8b,0x7c,0x8c,0x60,0xe4,
    0x63,0x44,0x23,0x1f,0x23,0x1c,0xf9,0x18,0x21,0x0e,0xf0,0x31,0x42,0x1c,0xe0,0x63,0x84,0x38,0xc0,0xc7,0x08,0x71,0x80,0x8f,
    0xf9,0x02,0x12,0x1f,0xf3,0x05,0x24,0x3e,0xe6,0x0b,0x48,0x7c,0xcc,0x17,0x90,0xf8,0x18,0xc1,0x17,0xf2,0x31,0xa2,0x2f,0xe4,
    0x63,0x84,0x5f,0xc8,0xc7,0x88,0xbf,0x90,0x8f,0x11,0x0c,0x7c,0x8c,0x60,0xe0,0x63,0x04,0x03,0x1f,0x23,0x18,0xf8,0xcc,0x12,
    0xdc,0xc8,0x88,0xc1,0x03,0x80,0x20,0x18,0x60,0x37,0x29,0xd4,0xa2,0x00,0x86,0x02,0x0c,0x0a,0xa3,0x22,0x2a,0xa1,0x32,0x86,
    0x82,0x4b,0x0a,0x2e,0x29,0xb8,0xa4,0x10,0x2e,0xa3,0x09,0x01,0x30,0x9a,0x20,0x04,0xa3,0x09,0x83,0x30,0x9a,0x40,0x0c,0xb3,
    0x04,0x37,0x32,0xd0,0x31,0x20,0x36,0x42,0x36,0xfc,0x21,0xd5,0xc8,0x40,0xc7,0x80,0xd8,0x08,0xd9,0xf0,0x87,0x54,0x23,0x03,
    0x1d,0x03,0x62,0x23,0x64,0xc3,0x1f,0x52,0x8d,0x0c,0x74,0x0c,0x88,0x8d,0x90,0x0d,0x7f,0x48,0x35,0x62,0x04,0xae,0xc0,0xc7,
    0x08,0x5c,0x81,0x8f,0x11,0xb8,0x02,0x1f,0x23,0x70,0x05,0x3e,0x86,0x2b,0x3c,0x29,0xc0,0x60,0xb8,0x21,0xf8,0x15,0x34,0x98,
    0x65,0x60,0x0f,0x1c,0x09,0x66,0x09,0x72,0x64,0xa0,0x62,0x00,0x47,0x42,0x3d,0x18,0x1c,0x19,0xa8,0x18,0xc4,0x91,0x50,0x0f,
    0x06,0x47,0x06,0x2a,0x06,0x72,0x24,0xd4,0x83,0xc1,0x91,0x81,0x8a,0xc1,0x1c,0x09,0xf5,0x60,0x70,0xc4,0x08,0x7d,0xa1,0x8f,
    0x11,0xfb,0x42,0x1f,0x23,0xf8,0x85,0x3e,0x46,0xf4,0x0b,0x7d,0x66,0x09,0x56,0x6a,0xc4,0xc0,0x00,0x40,0x10,0x0c,0x1a,0xb9,
    0x14,0xce,0x51,0xd8,0xef,0xc0,0x02,0xf9,0x0e,0xe4,0x63,0x82,0x7c,0x07,0xf2,0xb1,0x21,0xbe,0x03,0xf9,0x18,0x71,0xdf,0x81,
    0x7c,0xac,0xb8,0xef,0x40,0x3e,0x66,0xd4,0x77,0x20,0x9f,0x11,0x83,0x0a,0x00,0x41,0x30,0xd0,0xe8,0x52,0x18,0x47,0xc1,0x0f,
    0x05,0x37,0x14,0x7c,0x3b,0xe8,0xed,0x80,0xb7,0x83,0x50,0x14,0xd8,0x52,0x60,0x4b,0x81,0x2d,0x85,0x41,0x08,0x8c,0x82,0x08,
    0x45,0x61,0x34,0x21,0x00,0x46,0x13,0x84,0x60,0x34,0x61,0x10,0x46,0x13,0x88,0x61,0x96,0x60,0xa5,0x86,0x1b,0x7e,0x3d,0x70,
    0x4b,0x01,0x0c,0x86,0x1b,0x7e,0x3d,0x90,0x4b,0x21,0x0c,0x2a,0x10,0x74,0x96,0x81,0x47,0x7a,0x24,0x18,0x31,0x80,0x00,0x10,
    0x04,0x03,0x6b,0x2f,0x85,0x77,0x14,0xee,0x50,0x38,0x43,0xc1,0xbc,0x83,0xf2,0x0e,0x52,0x51,0x48,0x45,0x81,0x2e,0x05,0xba,
    0x14,0xfe,0x51,0x20,0xef,0x20,0x15,0x85,0xd1,0x84,0x00,0x98,0x25,0x58,0xa9,0xe1,0x06,0x5e,0x0f,0xee,0x52,0x00,0x83,0x59,
    0x06,0x1f,0xb9,0x99,0x60,0xc4,0xe0,0x00,0x40,0x10,0x0c,0xc8,0x40,0x2f,0x05,0x90,0x14,0xd2,0x50,0x18,0x47,0x61,0x34,0x21,
    0x00,0x2e,0x20,0x4c,0x05,0x6c,0x29,0xe8,0x70,0x43,0x50,0x97,0x02,0x18,0xd4,0x40,0x8f,0x82,0x0e,0x37,0x04,0xf8,0x28,0x80,
    0x41,0x0d,0xc1,0xce,0x32,0xec,0xca,0x8f,0x98,0x78,0x30,0x62,0x60,0x00,0x20,0x08,0x06,0x0d,0x6b,0x0a,0x21,0x29,0xd4,0x78,
    0x60,0x01,0x8b,0x07,0xf2,0x31,0x81,0xc5,0x03,0xf9,0xd8,0x00,0xe3,0x81,0x7c,0x8c,0x80,0xf1,0x40,0x3e,0xb3,0x0c,0x61,0x02,
    0x26,0xc6,0x88,0x41,0x05,0x80,0x20,0x18,0x68,0xac,0x29,0xec,0xa3,0x80,0x8a,0x02,0x1e,0x0a,0xf6,0x1d,0xd4,0x77,0x90,0x8b,
    0x42,0x2e,0x0a,0xa4,0x29,0x90,0xa6,0xf0,0x92,0x82,0x10,0xe4,0xa2,0x40,0x0c,0xb9,0x28,0xe4,0xa2,0x30,0x9a,0x10,0x00,0xa3,
    0x09,0x42,0x30,0x9a,0x30,0x08,0xa3,0x09,0xc4,0x30,0x4b,0xa0,0x52,0x23,0x06,0x07,0x00,0x82,0x60,0xd0,0xbd,0xa6,0x10,0x93,
    0x42,0x2b,0x0a,0xa9,0x29,0x8c,0x26,0x04,0xc0,0x68,0x82,0x10,0x8c,0x26,0x0c,0xc3,0x0d,0x83,0xba,0x61,0x50,0x26,0x34,0xf2,
    0x31,0xa1,0x91,0x8f,0x09,0x82,0x7c,0x4c,0x10,0xe4,0x63,0x42,0x00,0x9f,0x11,0x03,0x03,0x00,0x41,0x30,0x68,0xc2,0x53,0xc8,
    0x49,0x21,0x30,0xa4,0x92,0x8f,0x21,0x95,0x7c,0x4c,0x10,0xe4,0x63,0x82,0x20,0x1f,0x13,0x02,0xf8,0x8c,0x18,0x18,0x00,0x08,
    0x82,0x41,0x73,0x9e,0xc2,0x4f,0x0a,0xc1,0x88,0xc1,0x01,0x80,0x20,0x18,0x44,0xe6,0x29,0xa8,0xa5,0x70,0x04,0x23,0x06,0x07,
    0x00,0x82,0x60,0x10,0x9d,0xa7,0xb0,0x96,0x42,0x40,0x8f,0xc2,0x88,0x81,0x01,0x80,0x20,0x18,0x34,0xea,0x29,0x84,0xa5,0x10,
    0x8c,0x18,0x1c,0x00,0x08,0x82,0x41,0x94,0x9e,0x42,0x5b,0x0a,0x01,0x9c,0x07,0xc3,0x11,0x81,0x3c,0x0a,0xc2,0x37,0x9a,0x90,
    0x06,0xc1,0x68,0x82,0x1a,0x08,0xd3,0x0d,0x42,0x30,0x5c,0x40,0x98,0xe1,0x86,0x80,0x37,0x05,0x30,0x28,0x23,0xd0,0xd1,0x84,
    0x37,0x18,0x2e,0x20,0xcc,0x2c,0x83,0x98,0xe0,0xc9,0x50,0x81,0x78,0x0a,0x38,0x62,0x70,0x00,0x20,0x08,0x06,0x9f,0x7b,0x0a,
    0x3e,0x29,0xa8,0xa7,0x10,0x5c,0x30,0x28,0x83,0x02,0xfa,0x8c,0x18,0x1c,0x00,0x08,0x82,0x41,0x74,0x9f,0x42,0x5e,0x0a,0x98,
    0x34,0x62,0x70,0x00,0x20,0x08,0x06,0x11,0x7e,0x0a,0x7c,0x29,0x04,0xc2,0x88,0xc1,0x01,0x80,0x20,0x18,0x44,0xf9,0x29,0xf4,
    0xa5,0x10,0x88,0xa4,0x60,0x54,0x40,0x9f,0x11,0x03,0x03,0x00,0x41,0x30,0x68,0xfa,0x53,0x70,0x4b,0x21,0x18,0x31,0x38,0x00,
    0x10,0x04,0x83,0x88,0x3f,0x05,0xd0,0x14,0x82,0x92,0x14,0x46,0x0c,0x0e,0x00,0x04,0xc1,0x20,0xea,0x4f,0xe1,0x2f,0x85,0x00,
    0xb9,0x80,0x30,0xc3,0x11,0x60,0xa0,0x09,0xdf,0x74,0xc3,0x1c,0xd4,0x41,0x30,0xdd,0x30,0x07,0x75,0x20,0x1c,0x31,0x28,0x1b,
    0x02,0xfa,0xd8,0x20,0xd0,0x67,0xc4,0xc0,0x00,0x40,0x10,0x0c,0x9a,0x13,0x15,0xfc,0x52,0x60,0x46,0x0c,0x0e,0x00,0x04,0xc1,
    0x20,0x32,0x51,0x41,0x35,0x85,0xa0,0xd5,0x83,0xe1,0x86,0x84,0x3f,0x05,0x30,0x98,0x65,0xb8,0x93,0x31,0x09,0x66,0x09,0xc8,
    0x64,0xa0,0x62,0x88,0x9d,0x3a,0x01,0x53,0x62,0x4c,0x06,0x2a,0x86,0xd8,0xa9,0x13,0x31,0x25,0xc6,0x64,0xa0,0x62,0x88,0x9d,
    0x3a,0x21,0x53,0x62,0x4c,0x06,0x2a,0x86,0xd8,0xa9,0x13,0x33,0x25,0xc6,0x64,0xa0,0x82,0x88,0x9d,0x3a,0x11,0x61,0x62,0x4c,
    0x2e,0x18,0x54,0x41,0xb1,0x29,0xc0,0x05,0x83,0xb2,0x80,0x27,0x05,0xf9,0x18,0x11,0xc4,0xc7,0x82,0x47,0x3e,0x26,0x3c,0xf2,
    0x31,0x61,0xcf,0x03,0xf8,0x98,0xb0,0xe7,0x01,0x7c,0x46,0x0c,0x0e,0x00,0x04,0xc1,0x80,0x0c,0x5c,0x54,0xa0,0x4d,0xa1,0x1f,
    0x85,0xbb,0x14,0x46,0x13,0x82,0xe1,0x02,0xc2,0x54,0x00,0xa2,0x82,0x0e,0x37,0x04,0x2f,0x2a,0x80,0xc1,0x2c,0x83,0x99,0x94,
    0x49,0x50,0xa4,0xe0,0x9b,0x02,0x5c,0x30,0xa8,0x11,0x83,0x03,0x00,0x41,0x30,0x88,0x7a,0x54,0x08,0x4f,0xe1,0x2a,0x4b,0x61,
    0xc4,0xe0,0x00,0x40,0x10,0x0c,0x22,0x1f,0x15,0xc0,0x53,0x08,0x84,0x59,0x02,0x33,0x19,0xa8,0x18,0x84,0x32,0x71,0x55,0x82,
    0x4c,0x86,0x1b,0x0e,0x19,0x15,0xc2,0x60,0xb8,0x01,0x71,0x51,0x21,0x0c,0x4a,0x08,0x74,0x96,0xe1,0x4c,0xd8,0x24,0x30,0xe2,
    0x2d,0x05,0xf8,0x8c,0x18,0x18,0x00,0x08,0x82,0x41,0x63,0xa6,0x42,0x7a,0x0a,0xc1,0x05,0x84,0x19,0x31,0x38,0x00,0x10,0x04,
    0x83,0x2e,0x4c,0x85,0xf1,0x14,0x7e,0x52,0x08,0x46,0x13,0x02,0x60,0x34,0x41,0x08,0x66,0x19,0xd0,0x24,0x4d,0xc6,0xe1,0x84,
    0x41,0x59,0x60,0xc9,0xc7,0x02,0xbb,0x14,0xe0,0x33,0x62,0x60,0x00,0x20,0x08,0x06,0x8d,0x9b,0x0a,0xf1,0x29,0x04,0x17,0x10,
    0x68,0xc4,0xc0,0x00,0x40,0x10,0x0c,0x1a,0x38,0x15,0xde,0x53,0x18,0x86,0x1b,0x04,0xf9,0x14,0xcc,0x60,0xb8,0x61,0x48,0xd0,
    0xa0,0x84,0x40,0x6d,0x2f,0x05,0x22,0x3e,0xd3,0x0d,0xc1,0x5e,0x0a,0x82,0x1d,0x6a,0x2a,0x80,0x60,0xb8,0x01,0xa1,0x4f,0xc1,
    0x0c,0x86,0x1b,0x84,0x07,0x0d,0x4a,0x08,0x74,0xba,0x41,0x01,0x4d,0x21,0xb0,0xc0,0x80,0xcf,0x2c,0x41,0x9a,0x0c,0x54,0x0c,
    0x02,0x9a,0x98,0x2c,0x71,0x26,0xb3,0x0c,0x6a,0xb2,0x26,0xf3,0x70,0xd3,0xa0,0x2c,0x38,0x03,0xf9,0x58,0x80,0x9a,0x02,0x7c,
    0x46,0x0c,0x0c,0x00,0x04,0xc1,0xa0,0x01,0x55,0x61,0x44,0x85,0xe0,0x02,0x02,0x8d,0x18,0x18,0x00,0x08,0x82,0x41,0x23,0xaa,
    0x42,0x88,0x0a,0xc3,0x70,0x83,0x40,0xa2,0x82,0x19,0x0c,0x37,0x0c,0x1a,0x1a,0x94,0x10,0xa8,0xb5,0xa6,0x40,0xc4,0x67,0xba,
    0x21,0x68,0x4d,0x41,0xb0,0x83,0x4f,0x05,0x10,0x0c,0x37,0x20,0x26,0x2a,0x98,0xc1,0x70,0x83,0x00,0x06,0x68,0x50,0x42,0xa0,
    0xd3,0x0d,0x8a,0x6c,0x0a,0x81,0x05,0x06,0x7c,0x66,0x09,0xd6,0x64,0xa0,0x62,0x10,0xd4,0x44,0x6d,0x89,0x34,0xb1,0x60,0x92,
    0xcf,0xa5,0xc1,0xa0,0x46,0x0c,0x1e,0x00,0x04,0xc1,0x00,0x6b,0x55,0x61,0x45,0x05,0xd4,0x14,0xf0,0x52,0xd8,0x03,0x3d,0xc8,
    0x4d,0x21,0x37,0x05,0x52,0x15,0x48,0x55,0x78,0x51,0x21,0x18,0x4d,0x08,0x80,0xd1,0x04,0x21,0x18,0x4d,0x18,0x84,0xd1,0x04,
    0x62,0x18,0x31,0x38,0x00,0x10,0x04,0x03,0x32,0x60,0x55,0x41,0x46,0x85,0xbd,0x14,0x46,0x54,0x18,0x4d,0x08,0x80,0xd1,0x04,
    0x21,0x18,0x4d,0x18,0x84,0xd1,0x04,0x62,0xb0,0x84,0x88,0x8f,0x25,0x44,0x7c,0x2c,0x21,0xe2,0x63,0x09,0x11,0x1f,0x23,0x20,
    0xf9,0x18,0x11,0xc9,0xc7,0x08,0x49,0x3e,0x46,0x4c,0xf2,0x31,0x82,0x81,0x8f,0x11,0x0c,0x7c,0x8c,0x60,0xe0,0x63,0x04,0x03,
    0x9f,0x59,0x82,0x3a,0x19,0x31,0x30,0x00,0x10,0x04,0x83,0xe6,0x5c,0x05,0x35,0x15,0x4c,0xe1,0x02,0xc2,0x14,0x4c,0xa8,0xa9,
    0x00,0x25,0xf8,0xaa,0x00,0x23,0x06,0x07,0x00,0x82,0x60,0xf0,0x8d,0xab,0x10,0xa6,0x42,0x20,0x8c,0x18,0x18,0x00,0x08,0x82,
    0x41,0xc3,0xae,0xc2,0x9a,0x0a,0xab,0x30,0x62,0x70,0x00,0x20,0x08,0x06,0x9d,0xb9,0x0a,0x68,0x2a,0x90,0xa7,0x20,0x8c,0x26,
    0x04,0xc0,0x68,0x82,0x10,0xcc,0x32,0xb4,0x89,0x9b,0xa0,0xc5,0x09,0x83,0xb2,0x60,0x17,0xe4,0x63,0xc1,0x7e,0x0a,0xf0,0x19,
    0x31,0x30,0x00,0x10,0x04,0x83,0x66,0x5e,0x05,0x3b,0x15,0x82,0x0b,0x08,0x34,0x62,0x60,0x00,0x20,0x08,0x06,0x4d,0xbd,0x0a,
    0x74,0x2a,0x0c,0xc3,0x0d,0xc2,0x9d,0x0a,0x66,0x30,0xdc,0x30,0x24,0x68,0x50,0x42,0xa0,0x06,0xa2,0x02,0x11,0x9f,0xe9,0x86,
    0x00,0x44,0x05,0xc1,0x8e,0x77,0x15,0x40,0x30,0xdc,0x80,0xe4,0xa9,0x60,0x06,0xc3,0x0d,0xc2,0x83,0x06,0x25,0x04,0x3a,0xdd,
    0xa0,0x94,0xa8,0x10,0x58,0x60,0xc0,0x67,0x96,0xc0,0x4d,0x06,0x2a,0x06,0xa1,0x4d,0x60,0x98,0x60,0x93,0x59,0x86,0x37,0x81,
    0x13,0xbc,0xb8,0x69,0x50,0x16,0xb0,0x83,0x7c,0x2c,0x68,0x51,0x01,0x3e,0x23,0x06,0x06,0x00,0x82,0x60,0xd0,0x94,0xac,0x80,
    0xaa,0x42,0x70,0x01,0x81,0x46,0x0c,0x0c,0x00,0x04,0xc1,0xa0,0x39,0x59,0xc1,0x54,0x85,0x61,0xb8,0x41,0x48,0x55,0xc1,0x0c,
    0x86,0x1b,0x06,0x0d,0x0d,0x4a,0x08,0xd4,0x64,0x54,0x20,0xe2,0x33,0xdd,0x10,0xc8,0xa8,0x20,0xd8,0x11,0xb2,0x02,0x08,0x86,
    0x1b,0x90,0x55,0x15,0xcc,0x60,0xb8,0x41,0x00,0x03,0x34,0x28,0x21,0xd0,0xe9,0x06,0xe5,0x46,0x85,0xc0,0x02,0x03,0x3e,0xb3,
    0x04,0x70,0x32,0x50,0x31,0x08,0x6f,0x42,0xc7,0x84,0x9b,0x58,0x30,0xc9,0xe7,0xd4,0x60,0x50,0x23,0x06,0x0f,0x00,0x82,0x60,
    0x80,0xc9,0xac,0x00,0xab,0x42,0x8b,0x0a,0xfd,0x29,0x80,0xc4,0x3f,0xf8,0xa8,0xe0,0xa3,0x42,0xca,0x0a,0x29,0x2b,0xd0,0xaa,
    0x10,0x8c,0x26,0x04,0xc0,0x68,0x82,0x10,0x8c,0x26,0x0c,0xc2,0x68,0x02,0x31,0x8c,0x18,0x1c,0x00,0x08,0x82,0x01,0x19,0xc4,
    0xac,0x70,0xab,0x02,0x88,0x0a,0xa8,0x2a,0x8c,0x26,0x04,0xc0,0x68,0x82,0x10,0x8c,0x26,0x0c,0xc2,0x68,0x02,0x31,0x58,0x42,
    0xc4,0xc7,0x12,0x22,0x3e,0x96,0x10,0xf1,0xb1,0x84,0x88,0x8f,0x11,0x90,0x7c,0x8c,0x88,0xe4,0x63,0x84,0x24,0x1f,0x23,0x26,
    0xf9,0x8c,0x18,0x1c,0x00,0x08,0x82,0x41,0x17,0xb6,0xc2,0xb8,0x0a,0x3f,0x2a,0x80,0xc2,0x68,0x42,0x00,0x8c,0x26,0x08,0xc1,
    0x2c,0x43,0x9c,0xc8,0xc9,0x78,0x9c,0x30,0x28,0x0b,0x6c,0x42,0x3e,0x16,0xd8,0xa9,0x00,0x9f,0x11,0x03,0x03,0x00,0x41,0x30,
    0x68,0xdc,0x56,0x88,0x57,0x21,0xb8,0x80,0x40,0x23,0x06,0x06,0x00,0x82,0x60,0xd0,0xc0,0xad,0xf0,0xae,0xc2,0x30,0xdc,0x20,
    0xc8,0xab,0x60,0x06,0xc3,0x0d,0x43,0x82,0x06,0x25,0x04,0x6a,0x7b,0x2a,0x10,0xf1,0x99,0x6e,0x08,0xf6,0x54,0x10,0xec,0x50,
    0x5b,0x01,0x04,0xc3,0x0d,0x08,0xbd,0x0a,0x66,0x30,0xdc,0x20,0x3c,0x68,0x50,0x42,0xa0,0xd3,0x0d,0x0a,0xa8,0x0a,0x81,0x05,
    0x06,0x7c,0x66,0x09,0xe4,0x64,0xa0,0x62,0x10,0xe2,0xc4,0xa4,0x09,0x38,0x99,0x65,0x98,0x13,0x3a,0x99,0x8f,0x9b,0x06,0x65,
    0xc1,0x59,0xc8,0xc7,0x02,0x54,0x15,0xe0,0x33,0x62,0x60,0x00,0x20,0x08,0x06,0x0d,0xe8,0x0a,0x23,0x2b,0x04,0x17,0x10,0x68,
    0xc4,0xc0,0x00,0x40,0x10,0x0c,0x1a,0xd1,0x15,0x42,0x56,0x18,0x86,0x1b,0x04,0x92,0x15,0xcc,0x60,0xb8,0x61,0xd0,0xd0,0xa0,
    0x84,0x40,0xad,0x55,0x05,0x22,0x3e,0xd3,0x0d,0x41,0xab,0x0a,0x82,0x1d,0x7c,0x2b,0x80,0x60,0xb8,0x01,0x31,0x59,0xc1,0x0c,
    0x86,0x1b,0x04,0x30,0x40,0x83,0x12,0x02,0x9d,0x6e,0x50,0x64,0x55,0x08,0x2c,0x30,0xe0,0x33,0x4b,0x40,0x27,0x03,0x15,0x83,
    0x30,0x27,0x6a,0x4d,0xc8,0x89,0x05,0x93,0x7c,0x0e,0x1d,0x06,0x35,0x62,0xf0,0x00,0x20,0x08,0x06,0x58,0xeb,0x0a,0x2b,0x2b,
    0xa0,0xaa,0x80,0xa7,0xc2,0x5e,0xe8,0x45,0xae,0x0a,0xb9,0x2a,0x90,0xae,0x40,0xba,0xc2,0xcb,0x0a,0xc1,0x68,0x42,0x00,0x8c,
    0x26,0x08,0xc1,0x68,0xc2,0x20,0x8c,0x26,0x10,0x83,0x11,0x7a,0x10,0x1f,0x23,0xf4,0x20,0x3e,0x46,0xe8,0x41,0x7c,0x8c,0xd0,
    0x83,0xf8,0x18,0xb1,0xc8,0xc7,0x08,0x46,0x3e,0x46,0x34,0xf2,0x31,0xc2,0x91,0x8f,0x11,0xa2,0x00,0x1f,0x23,0x44,0x01,0x3e,
    0x46,0x88,0x02,0x7c,0x8c,0x10,0x05,0xf8,0x98,0x1f,0x20,0xf1,0x31,0x3f,0x40,0xe2,0x63,0x7e,0x80,0xc4,0xc7,0xfc,0x00,0x89,
    0x8f,0x11,0xfa,0x20,0x1f,0x23,0xf6,0x41,0x3e,0x46,0xf0,0x83,0x7c,0x8c,0xe8,0x07,0xf9,0x18,0xc1,0xc0,0xc7,0x08,0x06,0x3e,
    0x46,0x30,0xf0,0x31,0x82,0x81,0xcf,0x2c,0x41,0x9d,0x0c,0x54,0x0c,0x36,0xb2,0x26,0x08,0x9d,0x0c,0x54,0x0c,0x36,0xb2,0x26,
    0x08,0x9d,0x0c,0x54,0x0c,0x36,0xb2,0x26,0x08,0x9d,0x0c,0x54,0x0c,0x36,0xb2,0x26,0x08,0x9d,0x18,0x81,0x1e,0xf0,0x31,0x02,
    0x3d,0xe0,0x63,0x04,0x7a,0xc0,0xc7,0x08,0xf4,0x80,0x8f,0xa1,0x87,0xfa,0x0a,0x10,0x18,0x6e,0x08,0xee,0x03,0x0c,0x66,0x19,
    0xec,0x84,0x4c,0x82,0x59,0x82,0x3b,0x19,0xa8,0x18,0xf8,0x9b,0x10,0x13,0xc6,0x4e,0x06,0x2a,0x06,0xff,0x26,0xc4,0x84,0xb1,
    0x93,0x81,0x8a,0x01,0xc4,0x09,0x31,0x61,0xec,0x64,0xa0,0x62,0x10,0x71,0x42,0x4c,0x18,0x3b,0x31,0x02,0x3f,0xe8,0x63,0x44,
    0x7e,0xd0,0xc7,0x08,0xfd,0xa0,0x8f,0x11,0xfb,0x41,0x9f,0x59,0x02,0x95,0x1a,0x6e,0x80,0x11,0xfa,0x15,0xc2,0xa0,0x5a,0xc4,
    0x7c,0x05,0x1d,0x6e,0x08,0xea,0x57,0x00,0x83,0x59,0x06,0x3d,0xc9,0x93,0xa0,0xd4,0x84,0x74,0x05,0xb8,0x60,0x50,0x23,0x06,
    0x07,0x00,0x82,0x60,0x10,0x8d,0xb0,0x70,0xba,0x82,0x8e,0xac,0xac,0x30,0x62,0x70,0x00,0x20,0x08,0x06,0x11,0x09,0x0b,0xa6,
    0x2b,0x04,0xc2,0x2c,0x81,0x9e,0x0c,0x54,0x0c,0x42,0x9e,0xe8,0x38,0x81,0x27,0xc3,0x0d,0x07,0xfe,0x0a,0x61,0x30,0xdc,0x80,
    0xd0,0xaf,0x10,0x06,0x25,0x04,0x3a,0xcb,0xb0,0x27,0xa6,0x12,0x18,0x51,0xb3,0x02,0x7c,0x46,0x0c,0x0c,0x00,0x04,0xc1,0xa0,
    0x61,0x61,0xe1,0x75,0x85,0xe0,0x02,0xc2,0x8c,0x18,0x1c,0x00,0x08,0x82,0x41,0x77,0xc2,0x42,0xea,0x0a,0x25,0x2b,0x04,0xa3,
    0x09,0x01,0x30,0x9a,0x20,0x04,0xb3,0x0c,0x7c,0xf2,0x27,0xa9,0x32,0xcb,0xe0,0x27,0x7d,0x12,0x0d,0x47,0xd8,0xa1,0x70,0xb3,
    0xc2,0xf0,0x0d,0x47,0xdc,0xa1,0x90,0xb3,0x02,0xf1,0x95,0x10,0xe8,0x74,0xc3,0xce,0x0a,0x3a,0x2b,0x04,0xb3,0x04,0x7f,0x72,
    0xc6,0xa0,0x2c,0xd8,0x43,0x41,0x3e,0x16,0x80,0xad,0x00,0x9f,0x11,0x03,0x03,0x00,0x41,0x30,0x68,0x70,0x58,0xd8,0x5d,0x21,
    0xb8,0x80,0x40,0x23,0x06,0x06,0x00,0x82,0x60,0xd0,0xe8,0xb0,0x90,0xbb,0xc2,0x30,0xdc,0x20,0xf0,0xae,0x60,0x06,0xc3,0x0d,
    0x43,0x83,0x06,0x25,0x04,0x6a,0x65,0x2b,0x10,0xf1,0x99,0x6e,0x08,0xca,0x56,0x10,0xec,0xa0,0x61,0x01,0x04,0xc3,0x0d,0x88,
    0xef,0x0a,0x66,0x30,0xdc,0x20,0x4c,0x68,0x50,0x42,0xa0,0xd3,0x0d,0x8a,0xda,0x0a,0x81,0x05,0x06,0x7c,0x66,0x09,0xfe,0x64,
    0xa0,0x63,0x10,0xfc,0x84,0x0c,0xfa,0x44,0xd7,0x89,0x3d,0x99,0x65,0x00,0x95,0x51,0xe9,0x95,0x59,0x06,0x51,0x09,0x95,0x33,
    0x18,0x8e,0x58,0x45,0xa1,0x6d,0x85,0xe1,0x1b,0x8e,0x60,0x45,0xe1,0x6d,0x05,0xe2,0x2b,0x21,0xd0,0xe9,0x86,0xb8,0x15,0xe0,
    0x56,0x08,0x66,0x09,0x46,0xe5,0xb6,0x41,0x59,0x00,0x8b,0x82,0x7c,0x2c,0xb0,0x5b,0x01,0x3e,0x23,0x06,0x06,0x00,0x82,0x60,
    0xd0,0xb8,0xb1,0x10,0xbf,0x42,0x70,0x01,0x81,0x46,0x0c,0x0c,0x00,0x04,0xc1,0xa0,0x81,0x63,0xe1,0x7d,0x85,0x61,0xb8,0x41,
    0x90,0x5f,0xc1,0x0c,0x86,0x1b,0x06,0x31,0x40,0x83,0x12,0x02,0xb5,0xbd,0x15,0x88,0xf8,0x4c,0x37,0x04,0x7b,0x2b,0x08,0x76,
    0xa8,0xb1,0x00,0x82,0xe1,0x06,0x84,0x7e,0x05,0x33,0x18,0x6e,0x10,0xd0,0x00,0x0d,0x4a,0x08,0x74,0xba,0x41,0x01,0x5d,0x21,
    0xb0,0xc0,0x80,0xcf,0x2c,0xc1,0xa8,0x0c,0x74,0x0c,0x82,0xa8,0x90,0x41,0xa8,0x98,0x3c,0xf1,0x27,0x16,0x5c,0xf2,0xb9,0x37,
    0x18,0xd4,0xbd,0xc1,0xa0,0x66,0x19,0x4a,0x85,0x54,0x40,0xc1,0x84,0x72,0x14,0xe4,0x63,0x42,0x39,0x0a,0xf2,0x19,0x31,0x30,
    0x00,0x10,0x04,0x83,0x46,0x94,0x85,0x12,0x16,0x84,0x11,0x03,0x03,0x00,0x41,0x30,0x68,0x46,0x59,0x30,0x61,0x41,0x30,0xc1,
    0x75,0x05,0xf8,0x98,0xf0,0xba,0x02,0x7c,0x4c,0x40,0xe8,0x63,0x02,0x42,0x9f,0x59,0x82,0x52,0x19,0xa8,0x18,0x08,0x52,0xd1,
    0x4d,0x62,0x54,0x06,0x2a,0x06,0x82,0x54,0x74,0x93,0x18,0x95,0xeb,0x83,0x41,0x8d,0x18,0x3c,0x00,0x08,0x82,0x01,0x76,0xca,
    0x42,0x09,0x0b,0xa2,0x2b,0xc8,0xad,0x30,0x08,0xb3,0x2b,0xcc,0xae,0xe0,0xc7,0x82,0x1f,0x0b,0x29,0x2c,0x04,0xa3,0x09,0x01,
    0x30,0x9a,0x20,0x04,0xa3,0x09,0x83,0x30,0x9a,0x40,0x0c,0x23,0x06,0x07,0x00,0x82,0x60,0x40,0x06,0xa6,0x2c,0xb0,0xb0,0x50,
    0xb7,0x42,0xff,0x0a,0xa3,0x09,0x01,0x30,0x9a,0x20,0x04,0xa3,0x09,0x83,0x30,0x9a,0x40,0x0c,0x96,0x10,0xf1,0xb1,0x84,0x88,
    0x8f,0x25,0x44,0x7c,0x2c,0x21,0xe2,0x63,0x04,0x27,0x1f,0x23,0x3a,0xf9,0x18,0xe1,0xc9,0xc7,0x88,0x4f,0x3e,0x46,0x30,0xf0,
    0x31,0x82,0x81,0x8f,0x11,0x0c,0x7c,0x8c,0x60,0xe0,0x33,0x4b,0xa0,0x52,0x23,0x06,0x06,0x00,0x82,0x60,0xd0,0x84,0xb3,0x40,
    0xc6,0x82,0x2e,0x5c,0x40,0x98,0x52,0x19,0x32,0x16,0xa0,0x04,0x5c,0x16,0x60,0xc4,0xe0,0x00,0x40,0x10,0x0c,0xbe,0x5e,0x16,
    0x76,0x58,0x08,0x84,0x11,0x03,0x03,0x00,0x41,0x30,0x68,0xcc,0x59,0x28,0x63,0xe1,0x17,0x46,0x0c,0x0e,0x00,0x04,0xc1,0xa0,
    0x03,0x67,0x41,0x8c,0x05,0xdf,0x15,0x84,0xd1,0x84,0x00,0x18,0x4d,0x10,0x82,0x59,0x86,0x53,0x51,0x15,0xb1,0x99,0x65,0x48,
    0x15,0x54,0x51,0x87,0xe1,0x88,0x97,0x14,0xe0,0x57,0x18,0xbe,0xe1,0x08,0x98,0x14,0xe4,0x57,0x20,0xbe,0x12,0x02,0x9d,0x6e,
    0xa0,0x5f,0x61,0x7e,0x85,0x60,0x96,0x40,0x55,0xce,0x18,0x94,0x05,0x34,0x29,0xc8,0xc7,0x82,0xfc,0x15,0xe0,0x33,0x62,0x60,
    0x00,0x20,0x08,0x06,0x4d,0x3c,0x0b,0x74,0x2c,0x04,0x17,0x10,0x68,0xc4,0xc0,0x00,0x40,0x10,0x0c,0x9a,0x79,0x16,0xe4,0x58,
    0x18,0x86,0x1b,0x84,0x3a,0x16,0xcc,0x60,0xb8,0x61,0x68,0xd0,0xa0,0x84,0x40,0xcd,0x7f,0x05,0x22,0x3e,0xd3,0x0d,0x81,0xff,
    0x0a,0x82,0x1d,0xed,0x2c,0x80,0x60,0xb8,0x01,0xb9,0x63,0xc1,0x0c,0x86,0x1b,0x84,0x09,0x0d,0x4a,0x08,0x74,0xba,0x41,0x19,
    0x61,0x21,0xb0,0xc0,0x80,0xcf,0x2c,0x81,0xaa,0x0c,0x74,0x0c,0x42,0xaa,0x90,0x01,0xaa,0xb0,0x60,0x61,0x2a,0xb3,0x0c,0xab,
    0xe2,0x2a,0x76,0x33,0xcb,0xd0,0x2a,0xac,0x02,0x12,0xc3,0x11,0x64,0x29,0x98,0xb0,0x30,0x7c,0xc3,0x11,0x65,0x29,0xa0,0xb0,
    0x40,0x7c,0x25,0x04,0x3a,0xdd,0xa0,0xc2,0x42,0x0a,0x0b,0xc1,0x2c,0x81,0xab,0xdc,0x36,0x28,0x0b,0xd2,0x52,0x90,0x8f,0x05,
    0x2f,0x2c,0xc0,0x67,0xc4,0xc0,0x00,0x40,0x10,0x0c,0x9a,0x93,0x16,0x54,0x59,0x08,0x2e,0x20,0xd0,0x88,0x81,0x01,0x80,0x20,
    0x18,0x34,0x29,0x2d,0xa0,0xb2,0x30,0x0c,0x37,0x08,0xab,0x2c,0x98,0xc1,0x70,0xc3,0x20,0x06,0x68,0x50,0x42,0xa0,0x46,0xc3,
    0x02,0x11,0x9f,0xe9,0x86,0x80,0x86,0x05,0xc1,0x8e,0x91,0x16,0x40,0x30,0xdc,0x80,0xb4,0xb2,0x60,0x06,0xc3,0x0d,0x02,0x1a,
    0xa0,0x41,0x09,0x81,0x4e,0x37,0x28,0x39,0x2c,0x04,0x16,0x18,0xf0,0x99,0x25,0x70,0x95,0x81,0x8e,0x41,0x68,0x15,0x32,0x60,
    0x15,0x3c,0x2c,0x54,0xc5,0x82,0x4b,0x3e,0xf7,0x06,0x83,0xba,0x37,0x18,0xd4,0x2c,0x03,0xac,0xbc,0x4a,0x4e,0x98,0xe0,0x97,
    0x82,0x7c,0x4c,0xf0,0x4b,0x41,0x3e,0x23,0x06,0x06,0x00,0x82,0x60,0xd0,0xec,0xb4,0xe0,0xcb,0x82,0x30,0x62,0x60,0x00,0x20,
    0x08,0x06,0x0d,0x4f,0x0b,0xbf,0x2c,0x08,0x26,0x9c,0xb1,0x00,0x1f,0x13,0xd0,0x58,0x80,0x8f,0x09,0x08,0x7d,0x4c,0x40,0xe8,
    0x33,0x4b,0x00,0x2b,0x03,0x15,0x03,0xf1,0x2a,0x2c,0x4b,0xb8,0xca,0x40,0xc5,0x40,0xbc,0x0a,0xcb,0x12,0xae,0x72,0x7e,0x30,
    0xa8,0x11,0x83,0x07,0x00,0x41,0x30,0xc0,0xc0,0x5a,0xf0,0x65,0x61,0x87,0x85,0x15,0x16,0x06,0x81,0x8d,0x05,0x36,0x16,0x6e,
    0x5a,0xb8,0x69,0x41,0x9c,0x85,0x60,0x34,0x21,0x00,0x46,0x13,0x84,0x60,0x34,0x61,0x10,0x46,0x13,0x88,0x61,0xc4,0xe0,0x00,
    0x40,0x10,0x0c,0xc8,0xe0,0xa7,0x85,0x72,0x16,0x5c,0x58,0xb0,0x65,0x61,0x34,0x21,0x00,0x46,0x13,0x84,0x60,0x34,0x61,0x10,
    0x46,0x13,0x88,0xc1,0x12,0x22,0x3e,0x96,0x10,0xf1,0xb1,0x84,0x88,0x8f,0x25,0x44,0x7c,0x8c,0xe0,0xe4,0x63,0x44,0x27,0x1f,
    0x23,0x3c,0xf9,0x18,0xf1,0xc9,0x67,0xc4,0xe0,0x00,0x40,0x10,0x0c,0xba,0xb7,0x16,0xe2,0x59,0x68,0x63,0x81,0x16,0x46,0x13,
    0x02,0x60,0x34,0x41,0x08,0x66,0x19,0x62,0x85,0x56,0xe2,0x67,0x96,0x61,0x56,0x64,0x25,0x2f,0x86,0x23,0x7c,0x53,0xf8,0x63,
    0x61,0xf8,0x86,0x23,0x7e,0x53,0x08,0x65,0x81,0xf8,0x4a,0x08,0x74,0xba,0x61,0x94,0x05,0x51,0x16,0x82,0x59,0x02,0x5a,0x39,
    0x63,0x50,0x16,0x8c,0xa7,0x20,0x1f,0x0b,0x50,0x59,0x80,0xcf,0x88,0x81,0x01,0x80,0x20,0x18,0x34,0xa0,0x2d,0x8c,0xb4,0x10,
    0x5c,0x40,0xa0,0x11,0x03,0x03,0x00,0x41,0x30,0x68,0x44,0x5b,0x08,0x69,0x61,0x18,0x6e,0x10,0x48,0x5a,0x30,0x83,0xe1,0x86,
    0xa1,0x41,0x83,0x12,0x02,0xb5,0x56,0x16,0x88,0xf8,0x4c,0x37,0x04,0xad,0x2c,0x08,0x76,0xf0,0xb5,0x00,0x82,0xe1,0x06,0xc4,
    0xa4,0x05,0x33,0x18,0x6e,0x10,0x26,0x34,0x28,0x21,0xd0,0xe9,0x06,0x45,0x96,0x85,0xc0,0x02,0x03,0x3e,0xb3,0x04,0xb4,0x32,
    0xd0,0x31,0x08,0xb3,0x42,0x06,0xb2,0xa2,0x96,0x05,0xac,0xcc,0x32,0xd4,0x0a,0xae,0x94,0xd0,0x2c,0xc3,0xad,0xd8,0xca,0x6b,
    0x0c,0x47,0xcc,0xa7,0x50,0xcb,0xc2,0xf0,0x0d,0x47,0xd0,0xa7,0x70,0xcb,0x02,0xf1,0x95,0x10,0xe8,0x74,0x43,0x2e,0x0b,0xb8,
    0x2c,0x04,0xb3,0x04,0xb8,0x72,0xdb,0xa0,0x2c,0xc0,0x4f,0x41,0x3e,0x16,0xf8,0xb2,0x00,0x9f,0x11,0x03,0x03,0x00,0x41,0x30,
    0x68,0x6c,0x5b,0xc8,0x69,0x21,0xb8,0x80,0x40,0x23,0x06,0x06,0x00,0x82,0x60,0xd0,0xe0,0xb6,0x70,0xd3,0xc2,0x30,0xdc,0x20,
    0xe8,0xb4,0x60,0x06,0xc3,0x0d,0x83,0x18,0xa0,0x41,0x09,0x81,0xda,0x38,0x0b,0x44,0x7c,0xa6,0x1b,0x82,0x71,0x16,0x04,0x3b,
    0x64,0x5b,0x00,0xc1,0x70,0x03,0xc2,0xd3,0x82,0x19,0x0c,0x37,0x08,0x68,0x80,0x06,0x25,0x04,0x3a,0xdd,0xa0,0xa0,0xb3,0x10,
    0x58,0x60,0xc0,0x67,0x96,0x00,0x57,0x06,0x3a,0x06,0xe1,0x56,0xc8,0xc0,0x56,0x6c,0xb3,0xa0,0x15,0x0b,0x2e,0xf9,0xdc,0x1b,
    0x0c,0xea,0xde,0x60,0x50,0xb3,0x0c,0xba,0x92,0x2b,0xe8,0x61,0x42,0x8b,0x0a,0xf2,0x31,0xa1,0x45,0x05,0xf9,0x8c,0x18,0x18,
    0x00,0x08,0x82,0x41,0xa3,0xde,0x42,0x5b,0x0b,0xc2,0x88,0x81,0x01,0x80,0x20,0x18,0x34,0xeb,0x2d,0xb8,0xb5,0x20,0x98,0x60,
    0xcf,0x02,0x7c,0x4c,0xb8,0x67,0x01,0x3e,0x26,0x20,0xf4,0x31,0x01,0xa1,0xcf,0x2c,0x81,0xae,0x0c,0x54,0x0c,0x44,0xae,0xa8,
    0x31,0x81,0x2b,0x03,0x15,0x03,0x91,0x2b,0x6a,0x4c,0xe0,0xca,0xc1,0xc4,0xa0,0x46,0x0c,0x1e,0x00,0x04,0xc1,0x00,0x7b,0x6f,
    0xa1,0xad,0x05,0x75,0x16,0x74,0x59,0x18,0x84,0x7d,0x16,0xf6,0x59,0x30,0x6f,0xc1,0xbc,0x85,0xb8,0x16,0x82,0xd1,0x84,0x00,
    0x18,0x4d,0x10,0x82,0xd1,0x84,0x41,0x18,0x4d,0x20,0x06,0x23,0x5c,0x21,0x3e,0x46,0xb8,0x42,0x7c,0x8c,0x70,0x85,0xf8,0x18,
    0xe1,0x0a,0xf1,0x31,0xe2,0x92,0x8f,0x11,0x98,0x7c,0x8c,0xc8,0xe4,0x63,0x84,0x26,0x1f,0x23,0x6c,0x01,0x3e,0x46,0xd8,0x02,
    0x7c,0x8c,0xb0,0x05,0xf8,0x18,0x61,0x0b,0xf0,0x31,0x59,0x40,0xe2,0x63,0xb2,0x80,0xc4,0xc7,0x64,0x01,0x89,0x8f,0xc9,0x02,
    0x12,0x1f,0x23,0xc4,0x42,0x3e,0x46,0x8c,0x85,0x7c,0x8c,0x20,0x0b,0xf9,0x18,0x51,0x16,0xf2,0x31,0x82,0x81,0x8f,0x11,0x0c,
    0x7c,0x8c,0x60,0xe0,0x63,0x04,0x03,0x9f,0x59,0x02,0x95,0x9a,0x65,0xe8,0x15,0x5e,0x29,0xa5,0x11,0x03,0x08,0x00,0x41,0x30,
    0xb0,0x5a,0x5c,0x10,0x6d,0xe1,0xa4,0x85,0x7b,0x16,0xea,0x54,0xa0,0x53,0x01,0xa7,0x05,0x9c,0x16,0x46,0x5c,0x18,0x71,0xc1,
    0xb5,0x85,0x5c,0x15,0x70,0x5a,0x18,0x4d,0x08,0x80,0xd1,0x04,0x21,0x18,0x4d,0x18,0x84,0xd1,0x04,0x62,0x98,0x25,0x50,0xa9,
    0x11,0x03,0x03,0x00,0x41,0x30,0x68,0x6a,0x5c,0x20,0x6d,0x41,0x4f,0x85,0x11,0x03,0x03,0x00,0x41,0x30,0x68,0x6c,0x5c,0x28,
    0x6d,0x41,0x4f,0x85,0x11,0x03,0x03,0x00,0x41,0x30,0x68,0x6e,0x5c,0x38,0x6d,0x81,0x4f,0x85,0x11,0x03,0x03,0x00,0x41,0x30,
    0x68,0x70,0x5c,0x40,0x6d,0x81,0x4f,0x85,0x11,0x83,0x03,0x00,0x41,0x30,0xe8,0x64,0x5c,0xa0,0x6d,0x01,0xa6,0x05,0x16,0x17,
    0x46,0x13,0x02,0x60,0x34,0x41,0x08,0x46,0x13,0x86,0xe1,0x86,0x41,0xdd,0x30,0x28,0x13,0x10,0xf9,0x98,0x80,0xc8,0xc7,0x04,
    0x41,0x3e,0x26,0x08,0xf2,0x31,0x21,0x80,0xcf,0x88,0x81,0x01,0x80,0x20,0x18,0x34,0x64,0x2e,0xf0,0xb6,0x10,0x18,0x02,0xc9,
    0xc7,0x10,0x48,0x3e,0x26,0x08,0xf2,0x31,0x41,0x90,0x8f,0x09,0x01,0x7c,0x46,0x0c,0x0c,0x00,0x04,0xc1,0xa0,0x51,0x73,0x41,
    0xbc,0x85,0x60,0xc4,0xe0,0x00,0x40,0x10,0x0c,0xa2,0x34,0x17,0xda,0x5b,0x38,0x82,0x11,0x83,0x03,0x00,0x41,0x30,0x88,0xd4,
    0x5c,0x70,0x6f,0x21,0xb8,0x6b,0x61,0xc4,0xc0,0x00,0x40,0x10,0x0c,0x9a,0x36,0x17,0xc8,0x5b,0x08,0x2c,0xb8,0x57,0x01,0x3e,
    0x23,0x06,0x07,0x00,0x82,0x60,0x10,0xb5,0xb9,0x10,0xdf,0x42,0x40,0xaf,0xc2,0x70,0x44,0x60,0xd7,0x82,0xf0,0x8d,0x26,0xb4,
    0x53,0x30,0x9a,0xe0,0x4e,0xc2,0x74,0x83,0x10,0x0c,0x17,0x10,0x66,0xb8,0x21,0x00,0x73,0x01,0x0c,0xca,0x08,0x74,0x34,0x61,
    0x9e,0x86,0x0b,0x08,0x33,0xcb,0xe0,0x2b,0xf4,0x32,0x54,0x60,0xe6,0x02,0x8e,0x18,0x1c,0x00,0x08,0x82,0xc1,0x27,0xe7,0x82,
    0x78,0x0b,0x6e,0x2e,0x04,0x17,0x0c,0xca,0xa2,0x80,0x3e,0x23,0x06,0x07,0x00,0x82,0x60,0x10,0xed,0xb9,0xd0,0xdf,0x42,0x36,
    0x8d,0x18,0x1c,0x00,0x08,0x82,0x41,0xc4,0xe7,0x02,0x88,0x0b,0x81,0x30,0x62,0x70,0x00,0x20,0x08,0x06,0x51,0x9f,0x0b,0x21,
    0x2e,0x04,0xa6,0x2d,0x58,0x15,0xd0,0x67,0xc4,0xc0,0x00,0x40,0x10,0x0c,0x9a,0x50,0x17,0xe4,0x5b,0x08,0x46,0x0c,0x0e,0x00,
    0x04,0xc1,0x20,0x02,0x75,0x81,0xc4,0x85,0x20,0xb5,0x85,0x11,0x83,0x03,0x00,0x41,0x30,0x88,0x42,0x5d,0x18,0x71,0x21,0x40,
    0x2e,0x20,0xcc,0x70,0x44,0x18,0x6c,0xc2,0x37,0xdd,0xf0,0x06,0x71,0x10,0x4c,0x37,0xbc,0x41,0x1c,0x08,0x47,0x0c,0xca,0x86,
    0x80,0x3e,0x36,0x08,0xf4,0x19,0x31,0x30,0x00,0x10,0x04,0x83,0x66,0xd5,0x05,0x11,0x17,0x18,0x0b,0x6a,0x56,0x80,0xcf,0x88,
    0xc1,0x01,0x80,0x20,0x18,0x44,0xab,0x2e,0xbc,0xb8,0x10,0xc8,0xac,0x30,0xdc,0xa0,0x84,0xba,0x00,0x06,0xb3,0x0c,0xf3,0xf2,
    0x2b,0xc1,0x2c,0x01,0xb8,0x0c,0x54,0x0c,0xb1,0x13,0x2f,0x6a,0x5b,0xfc,0xca,0x40,0xc5,0x10,0x3b,0xf1,0xc2,0xb6,0xc5,0xaf,
    0x0c,0x54,0x0c,0xb1,0x13,0x2f,0x6e,0x5b,0xfc,0xca,0x40,0xc5,0x10,0x3b,0xf1,0x02,0xb7,0xc5,0xaf,0x0c,0x54,0x10,0xb1,0x13,
    0x2f,0x2c,0x5d,0xfc,0xca,0x05,0x83,0xaa,0xc8,0xc6,0x05,0xb8,0x60,0x50,0x16,0x84,0xb7,0x20,0x1f,0x23,0x82,0xf8,0x58,0x00,
    0xc9,0xc7,0x04,0x48,0x3e,0x26,0x80,0xac,0x00,0x1f,0x13,0x40,0x56,0x80,0xcf,0x88,0xc1,0x01,0x80,0x20,0x18,0x90,0xc1,0xac,
    0x0b,0x39,0x2e,0x88,0xb6,0xc0,0xdf,0xc2,0x68,0x42,0x30,0x5c,0x40,0x98,0x0a,0x4a,0x5d,0xd0,0xe1,0x86,0x80,0xd6,0x05,0x30,
    0x98,0x65,0x10,0x97,0x70,0x09,0xca,0x14,0xc6,0x5c,0x80,0x0b,0x06,0x35,0x62,0x70,0x00,0x20,0x08,0x06,0x91,0xb8,0x0b,0x66,
    0x2e,0x5c,0xea,0x2d,0x8c,0x18,0x1c,0x00,0x08,0x82,0x41,0x34,0xee,0x42,0x99,0x0b,0x81,0x30,0x4b,0x20,0x2e,0x03,0x15,0x83,
    0x10,0x2e,0xb8,0x5b,0x80,0xcb,0x70,0xc3,0x71,0xeb,0x42,0x18,0x0c,0x37,0x20,0xb3,0x2e,0x84,0x41,0x09,0x81,0xce,0x32,0x8c,
    0x0b,0xba,0x04,0x46,0xd0,0xb7,0x00,0x9f,0x11,0x03,0x03,0x00,0x41,0x30,0x68,0xd6,0x5d,0x70,0x73,0x21,0xb8,0x80,0x30,0x23,
    0x06,0x07,0x00,0x82,0x60,0xd0,0x99,0xbb,0x80,0xe6,0x02,0x79,0x0b,0xc1,0x68,0x42,0x00,0x8c,0x26,0x08,0xc1,0x2c,0x03,0xb9,
    0x94,0x0b,0x5a,0x9d,0x30,0x28,0x0b,0x2c,0xf9,0x58,0xb0,0xdf,0x02,0x7c,0x46,0x0c,0x0c,0x00,0x04,0xc1,0xa0,0x99,0x77,0xc1,
    0xce,0x85,0xe0,0x02,0x02,0x8d,0x18,0x18,0x00,0x08,0x82,0x41,0x53,0xef,0x02,0x9d,0x0b,0xc3,0x70,0x83,0x70,0xe7,0x82,0x19,
    0x0c,0x37,0x0c,0x09,0x1a,0x94,0x10,0xa8,0x81,0xb8,0x40,0xc4,0x67,0xba,0x21,0x00,0x71,0x41,0xb0,0xe3,0xdd,0x05,0x10,0x0c,
    0x37,0x20,0x79,0x2e,0x98,0xc1,0x70,0x83,0xf0,0xa0,0x41,0x09,0x81,0x4e,0x37,0x28,0x25,0x2e,0x04,0x16,0x18,0xf0,0x99,0x25,
    0x28,0x97,0x81,0x8a,0x41,0x20,0x17,0x18,0x2e,0xc6,0x65,0x96,0xc1,0x5c,0xce,0x05,0xaf,0x6e,0x1a,0x94,0x05,0x67,0x20,0x1f,
    0x0b,0x5a,0x5c,0x80,0xcf,0x88,0x81,0x01,0x80,0x20,0x18,0x34,0x25,0x2f,0xa0,0xba,0x10,0x5c,0x40,0xa0,0x11,0x03,0x03,0x00,
    0x41,0x30,0x68,0x4e,0x5e,0x30,0x75,0x61,0x18,0x6e,0x10,0x52,0x5d,0x30,0x83,0xe1,0x86,0x41,0x43,0x83,0x12,0x02,0x35,0x19,
    0x17,0x88,0xf8,0x4c,0x37,0x04,0x32,0x2e,0x08,0x76,0x84,0xbc,0x00,0x82,0xe1,0x06,0x64,0xd5,0x05,0x33,0x18,0x6e,0x10,0xc0,
    0x00,0x0d,0x4a,0x08,0x74,0xba,0x41,0xb9,0x71,0x21,0xb0,0xc0,0x80,0xcf,0x2c,0xc1,0xb9,0x0c,0x54,0x0c,0x82,0xb9,0xd0,0x71,
    0x51,0x2e,0x16,0x4c,0xf2,0xb9,0x34,0x18,0xd4,0x88,0xc1,0x03,0x80,0x20,0x18,0x60,0x32,0x2f,0xc0,0xba,0xd0,0xe2,0x42,0x7f,
    0x0b,0x7b,0xa0,0x07,0x3e,0x2e,0xf8,0xb8,0x90,0xf2,0x42,0xca,0x0b,0xb4,0x2e,0x04,0xa3,0x09,0x01,0x30,0x9a,0x20,0x04,0xa3,
    0x09,0x83,0x30,0x9a,0x40,0x0c,0x23,0x06,0x07,0x00,0x82,0x60,0x40,0x06,0x31,0x2f,0xdc,0xba,0x00,0xe2,0x02,0xaa,0x0b,0xa3,
    0x09,0x01,0x30,0x9a,0x20,0x04,0xa3,0x09,0x83,0x30,0x9a,0x40,0x0c,0x96,0x10,0xf1,0xb1,0x84,0x88,0x8f,0x25,0x44,0x7c,0x2c,
    0x21,0xe2,0x63,0x04,0x24,0x1f,0x23,0x22,0xf9,0x18,0x21,0xc9,0xc7,0x88,0x49,0x3e,0x46,0x30,0xf0,0x31,0x82,0x81,0x8f,0x11,
    0x0c,0x7c,0x8c,0x60,0xe0,0x33,0x4b,0x10,0x2f,0x23,0x06,0x06,0x00,0x82,0x60,0xd0,0xb0,0xbd,0xf0,0xee,0x82,0x29,0x5c,0x40,
    0x98,0x92,0x89,0x77,0x17,0xa0,0x84,0xb1,0x17,0x60,0xc4,0xe0,0x00,0x40,0x10,0x0c,0x3e,0xb4,0x17,0xcc,0x5d,0x08,0x84,0x11,
    0x03,0x03,0x00,0x41,0x30,0x68,0xe2,0x5e,0x80,0x77,0x61,0x15,0x46,0x0c,0x0e,0x00,0x04,0xc1,0xa0,0x5b,0x7b,0xa1,0xdd,0x85,
    0x34,0x17,0x84,0xd1,0x84,0x00,0x18,0x4d,0x10,0x82,0x59,0x86,0x74,0x51,0x97,0xf6,0x3a,0x61,0x50,0x16,0xec,0x82,0x7c,0x2c,
    0x00,0x75,0x01,0x3e,0x23,0x06,0x06,0x00,0x82,0x60,0xd0,0xe0,0xbd,0xb0,0xef,0x42,0x70,0x01,0x81,0x46,0x0c,0x0c,0x00,0x04,
    0xc1,0xa0,0xd1,0x7b,0x21,0xdf,0x85,0x61,0xb8,0x41,0xe0,0x77,0xc1,0x0c,0x86,0x1b,0x86,0x04,0x0d,0x4a,0x08,0xd4,0x4a,0x5d,
    0x20,0xe2,0x33,0xdd,0x10,0x94,0xba,0x20,0xd8,0x41,0xf7,0x02,0x08,0x86,0x1b,0x10,0x7f,0x17,0xcc,0x60,0xb8,0x41,0x78,0xd0,
    0xa0,0x84,0x40,0xa7,0x1b,0x14,0x55,0x17,0x02,0x0b,0x0c,0xf8,0xcc,0x12,0xa8,0xcb,0x40,0xc5,0x20,0xa4,0x8b,0x4e,0x17,0xe8,
    0x32,0xcb,0xb0,0x2e,0xec,0xd2,0x5f,0x37,0x0d,0xca,0x02,0x76,0x90,0x8f,0x05,0xb2,0x2e,0xc0,0x67,0xc4,0xc0,0x00,0x40,0x10,
    0x0c,0x1a,0xd5,0x17,0x5a,0x5e,0x08,0x2e,0x20,0xd0,0x88,0x81,0x01,0x80,0x20,0x18,0x34,0xac,0x2f,0xac,0xbc,0x30,0x0c,0x37,
    0x08,0x2e,0x2f,0x98,0xc1,0x70,0xc3,0xa0,0xa1,0x41,0x09,0x81,0xda,0xad,0x0b,0x44,0x7c,0xa6,0x1b,0x82,0x5b,0x17,0x04,0x3b,
    0x4c,0x5f,0x00,0xc1,0x70,0x03,0x02,0xf3,0x82,0x19,0x0c,0x37,0x08,0x60,0x80,0x06,0x25,0x04,0x3a,0xdd,0xa0,0xf0,0xba,0x10,
    0x58,0x60,0xc0,0x67,0x96,0x80,0x5d,0x06,0x2a,0x06,0x61,0x5d,0xfc,0xba,0x50,0x17,0x0b,0x26,0xf9,0x9c,0x1a,0x0c,0x6a,0xc4,
    0xe0,0x01,0x40,0x10,0x0c,0xb0,0xdb,0x17,0x6a,0x5e,0x90,0x75,0x41,0xd4,0x05,0x90,0xf8,0x87,0x71,0x17,0xc6,0x5d,0x70,0x7d,
    0xc1,0xf5,0x85,0x9c,0x17,0x82,0xd1,0x84,0x00,0x18,0x4d,0x10,0x82,0xd1,0x84,0x41,0x18,0x4d,0x20,0x86,0x11,0x83,0x03,0x00,
    0x41,0x30,0x20,0x03,0xdb,0x17,0x78,0x5e,0x28,0x75,0xa1,0xe5,0x85,0xd1,0x84,0x00,0x18,0x4d,0x10,0x82,0xd1,0x84,0x41,0x18,
    0x4d,0x20,0x06,0x4b,0x88,0xf8,0x58,0x42,0xc4,0xc7,0x12,0x22,0x3e,0x96,0x10,0xf1,0x31,0x02,0x92,0x8f,0x11,0x91,0x7c,0x8c,
    0x90,0xe4,0x63,0xc4,0x24,0x9f,0x11,0x83,0x03,0x00,0x41,0x30,0xe8,0xcc,0x5f,0x40,0x7b,0x81,0xdc,0x05,0x50,0x18,0x4d,0x08,
    0x80,0xd1,0x04,0x21,0x98,0x65,0x68,0x17,0x77,0x41,0xb3,0x13,0x06,0x65,0x81,0x4d,0xc8,0xc7,0x82,0x7d,0x17,0xe0,0x33,0x62,
    0x60,0x00,0x20,0x08,0x06,0xcd,0xfc,0x0b,0x76,0x2f,0x04,0x17,0x10,0x68,0xc4,0xc0,0x00,0x40,0x10,0x0c,0x9a,0xfa,0x17,0xe8,
    0x5e,0x18,0x86,0x1b,0x84,0xbb,0x17,0xcc,0x60,0xb8,0x61,0x48,0xd0,0xa0,0x84,0x40,0x0d,0xe4,0x05,0x22,0x3e,0xd3,0x0d,0x01,
    0xc8,0x0b,0x82,0x1d,0xef,0x2f,0x80,0x60,0xb8,0x01,0xc9,0x7b,0xc1,0x0c,0x86,0x1b,0x84,0x07,0x0d,0x4a,0x08,0x74,0xba,0x41,
    0x29,0x79,0x21,0xb0,0xc0,0x80,0xcf,0x2c,0x81,0xbb,0x0c,0x54,0x0c,0x42,0xbb,0xc0,0x78,0xc1,0x2e,0xb3,0x0c,0xef,0x02,0x2f,
    0x78,0x76,0xd3,0xa0,0x2c,0x38,0x0b,0xf9,0x58,0xd0,0xf2,0x02,0x7c,0x46,0x0c,0x0c,0x00,0x04,0xc1,0xa0,0x29,0xc1,0x01,0xf5,
    0x85,0xe0,0x02,0x02,0x8d,0x18,0x18,0x00,0x08,0x82,0x41,0x73,0x82,0x83,0xe9,0x0b,0xc3,0x70,0x83,0x90,0xfa,0x82,0x19,0x0c,
    0x37,0x0c,0x1a,0x1a,0x94,0x10,0xa8,0xc9,0xbc,0x40,0xc4,0x67,0xba,0x21,0x90,0x79,0x41,0xb0,0x23,0x04,0x07,0x10,0x0c,0x37,
    0x20,0xab,0x2f,0x98,0xc1,0x70,0x83,0x00,0x06,0x68,0x50,0x42,0xa0,0xd3,0x0d,0xca,0xcd,0x0b,0x81,0x05,0x06,0x7c,0x66,0x09,
    0xe0,0x65,0xa0,0x62,0x10,0xde,0x85,0xce,0x0b,0x77,0xb1,0x60,0x92,0xcf,0xa1,0xc3,0xa0,0x46,0x0c,0x1e,0x00,0x04,0xc1,0x00,
    0x93,0xc1,0x01,0xf6,0x85,0x96,0x17,0xfa,0x5d,0xd8,0x0b,0xbd,0xf0,0x79,0xc1,0xe7,0x85,0x14,0x1c,0x52,0x70,0xa0,0x7d,0x21,
    0x18,0x4d,0x08,0x80,0xd1,0x04,0x21,0x18,0x4d,0x18,0x84,0xd1,0x04,0x62,0x30,0x42,0x0f,0xe2,0x63,0x84,0x1e,0xc4,0xc7,0x08,
    0x3d,0x88,0x8f,0x11,0x7a,0x10,0x1f,0x23,0x16,0xf9,0x18,0xc1,0xc8,0xc7,0x88,0x46,0x3e,0x46,0x38,0xf2,0x31,0x42,0x14,0xe0,
    0x63,0x84,0x28,0xc0,0xc7,0x08,0x51,0x80,0x8f,0x11,0xa2,0x00,0x1f,0xf3,0x03,0x24,0x3e,0xe6,0x07,0x48,0x7c,0xcc,0x0f,0x90,
    0xf8,0x98,0x1f,0x20,0xf1,0x31,0x42,0x1f,0xe4,0x63,0xc4,0x3e,0xc8,0xc7,0x08,0x7e,0x90,0x8f,0x11,0xfd,0x20,0x1f,0x23,0x18,
    0xf8,0x18,0xc1,0xc0,0xc7,0x08,0x06,0x3e,0x46,0x30,0xf0,0x99,0x25,0x88,0x97,0x81,0x8a,0xc1,0x46,0xce,0x05,0x81,0x97,0x81,
    0x8a,0xc1,0x46,0xce,0x05,0x81,0x97,0x81,0x8a,0xc1,0x46,0xce,0x05,0x81,0x97,0x81,0x8a,0xc1,0x46,0xce,0x05,0x81,0x17,0x23,
    0xd0,0x03,0x3e,0x46,0xa0,0x07,0x7c,0x8c,0x40,0x0f,0xf8,0x18,0x81,0x1e,0xf0,0x31,0xf4,0x78,0xc3,0x01,0x02,0xc3,0x0d,0x01,
    0x7e,0x80,0xc1,0x2c,0x83,0xbc,0x80,0x4b,0x30,0x4b,0x30,0x2f,0x03,0x15,0x83,0xc9,0x17,0xbe,0xc2,0xc8,0xcb,0x40,0xc5,0x80,
    0xf2,0x85,0xaf,0x30,0xf2,0x32,0x50,0x31,0xa8,0x7c,0xe1,0x2b,0x8c,0xbc,0x0c,0x54,0x0c,0x2c,0x5f,0xf8,0x0a,0x23,0x2f,0x46,
    0xe4,0x07,0x7d,0x8c,0xd0,0x0f,0xfa,0x18,0xb1,0x1f,0xf4,0x31,0x82,0x3f,0xe8,0x33,0x4b,0xa0,0x52,0xc3,0x0d,0x31,0x92,0x87,
    0x43,0x18,0x94,0x8b,0xac,0xe1,0xa0,0xc3,0x0d,0x81,0x1e,0x0e,0x60,0x30,0xcb,0x60,0x2f,0xf5,0x12,0x14,0x9b,0xa4,0xe0,0x00,
    0x17,0x0c,0x6a,0xc4,0xe0,0x00,0x40,0x10,0x0c,0x22,0x54,0x1c,0x58,0x70,0xd8,0x11,0xd8,0x17,0x46,0x0c,0x0e,0x00,0x04,0xc1,
    0x20,0x4a,0xc5,0x61,0x05,0x87,0x40,0x98,0x25,0xb0,0x97,0x81,0x8a,0x41,0xa8,0x17,0xb2,0x2f,0xe8,0x65,0xb8,0xe1,0xe8,0xc3,
    0x21,0x0c,0x86,0x1b,0x90,0x3c,0x1c,0xc2,0xa0,0x84,0x40,0x67,0x19,0xee,0x45,0x64,0x02,0x23,0x74,0x5f,0x80,0xcf,0x88,0x81,
    0x01,0x80,0x20,0x18,0x34,0xb1,0x38,0xd0,0xe0,0x10,0x5c,0x40,0x98,0x11,0x83,0x03,0x00,0x41,0x30,0xe8,0x58,0x71,0x70,0xc1,
    0x41,0xf5,0x85,0x60,0x34,0x21,0x00,0x46,0x13,0x84,0x60,0x96,0x01,0x5f,0xf6,0xc5,0xe5,0x66,0x19,0xf4,0x25,0x5f,0xa2,0xe1,
    0x88,0x7d,0x16,0x78,0x5f,0x18,0xbe,0xe1,0x08,0x7e,0x16,0x7c,0x5f,0x20,0xbe,0x12,0x02,0x9d,0x6e,0x00,0x7f,0xe1,0xf7,0x85,
    0x60,0x96,0x60,0x5f,0xce,0x18,0x94,0x05,0x20,0x2d,0xc8,0xc7,0x82,0xf2,0x17,0xe0,0x33,0x62,0x60,0x00,0x20,0x08,0x06,0x4d,
    0x2f,0x0e,0x60,0x38,0x04,0x17,0x10,0x68,0xc4,0xc0,0x00,0x40,0x10,0x0c,0x9a,0x5f,0x1c,0x7c,0x70,0x18,0x86,0x1b,0x84,0x30,
    0x1c,0xcc,0x60,0xb8,0x61,0x68,0xd0,0xa0,0x84,0x40,0x4d,0xfd,0x05,0x22,0x3e,0xd3,0x0d,0x81,0xfa,0x0b,0x82,0x1d,0xb9,0x38,
    0x80,0x60,0xb8,0x01,0x19,0xc3,0xc1,0x0c,0x86,0x1b,0x84,0x09,0x0d,0x4a,0x08,0x74,0xba,0x41,0x79,0x7f,0x21,0xb0,0xc0,0x80,
    0xcf,0x2c,0xc1,0xbe,0x0c,0x74,0x0c,0x82,0xbe,0x90,0x41,0xbe,0x90,0x7f,0x71,0x2f,0xb3,0x0c,0xfc,0xf2,0x2f,0x62,0x37,0xcb,
    0xe0,0x2f,0xfd,0x72,0x06,0xc3,0x11,0x30,0x2d,0xc8,0xbf,0x30,0x7c,0xc3,0x11,0x31,0x2d,0xd0,0xbf,0x40,0x7c,0x25,0x04,0x3a,
    0xdd,0x60,0xff,0x42,0xfd,0x0b,0xc1,0x2c,0xc1,0xbf,0xdc,0x36,0x28,0x0b,0x6a,0x5a,0x90,0x8f,0x05,0xfb,0x2f,0xc0,0x67,0xc4,
    0xc0,0x00,0x40,0x10,0x0c,0x9a,0x79,0x1c,0xec,0x70,0x08,0x2e,0x20,0xd0,0x88,0x81,0x01,0x80,0x20,0x18,0x34,0xf5,0x38,0xd0,
    0xe1,0x30,0x0c,0x37,0x08,0x77,0x38,0x98,0xc1,0x70,0xc3,0x20,0x06,0x68,0x50,0x42,0xa0,0x06,0x82,0x03,0x11,0x9f,0xe9,0x86,
    0x00,0x04,0x07,0xc1,0x8e,0x77,0x1c,0x40,0x30,0xdc,0x80,0xe4,0xe1,0x60,0x06,0xc3,0x0d,0x02,0x1a,0xa0,0x41,0x09,0x81,0x4e,
    0x37,0x28,0x25,0x38,0x04,0x16,0x18,0xf0,0x99,0x25,0xf8,0x97,0x81,0x8e,0x41,0xf0,0x17,0x32,0xe8,0x17,0x18,0x34,0xf6,0xc5,
    0x82,0x4b,0x3e,0xf7,0x06,0x83,0xba,0x37,0x18,0xd4,0x2c,0x43,0xc8,0x80,0x0c,0x28,0x98,0xa0,0xd6,0x82,0x7c,0x4c,0x50,0x6b,
    0x41,0x3e,0x23,0x06,0x06,0x00,0x82,0x60,0xd0,0x9c,0xe4,0xa0,0x8a,0x83,0x30,0x62,0x60,0x00,0x20,0x08,0x06,0x0d,0x4a,0x0e,
    0xab,0x38,0x08,0x26,0xcc,0xe0,0x00,0x1f,0x13,0x68,0x70,0x80,0x8f,0x09,0x08,0x7d,0x4c,0x40,0xe8,0x33,0x4b,0x10,0x32,0x03,
    0x15,0x03,0x01,0x32,0xe4,0x5a,0xfc,0xcb,0x40,0xc5,0x40,0x80,0x0c,0xb9,0x16,0xff,0x72,0x7d,0x30,0xa8,0x11,0x83,0x07,0x00,
    0x41,0x30,0xc0,0x58,0x72,0x50,0xc5,0xe1,0x04,0x87,0xfb,0x17,0x06,0x01,0x07,0x07,0x1c,0x1c,0x46,0x72,0x18,0xc9,0xc1,0x15,
    0x87,0x60,0x34,0x21,0x00,0x46,0x13,0x84,0x60,0x34,0x61,0x10,0x46,0x13,0x88,0x61,0xc4,0xe0,0x00,0x40,0x10,0x0c,0xc8,0x60,
    0x25,0x87,0x58,0x1c,0xf4,0x5f,0x10,0xc5,0x61,0x34,0x21,0x00,0x46,0x13,0x84,0x60,0x34,0x61,0x10,0x46,0x13,0x88,0xc1,0x12,
    0x22,0x3e,0x96,0x10,0xf1,0xb1,0x84,0x88,0x8f,0x25,0x44,0x7c,0x8c,0xe0,0xe4,0x63,0x44,0x27,0x1f,0x23,0x3c,0xf9,0x18,0xf1,
    0xc9,0xc7,0x08,0x06,0x3e,0x46,0x30,0xf0,0x31,0x82,0x81,0x8f,0x11,0x0c,0x7c,0x66,0x09,0x54,0x6a,0xc4,0xc0,0x00,0x40,0x10,
    0x0c,0x1a,0xb3,0x1c,0xd2,0x71,0xd0,0x85,0x0b,0x08,0x53,0x2c,0x93,0x8e,0x03,0x94,0xd0,0x93,0x03,0x8c,0x18,0x1c,0x00,0x08,
    0x82,0xc1,0x27,0x96,0x03,0x38,0x0e,0x81,0x30,0x62,0x60,0x00,0x20,0x08,0x06,0xcd,0x5a,0x0e,0xea,0x38,0xfc,0xc2,0x88,0xc1,
    0x01,0x80,0x20,0x18,0x74,0x65,0x39,0x9c,0xe3,0x30,0x86,0x83,0x30,0x9a,0x10,0x00,0xa3,0x09,0x42,0x30,0xcb,0x30,0x32,0x26,
    0x73,0x7e,0xb3,0x0c,0x25,0x43,0x32,0xea,0x30,0x1c,0x41,0xdb,0x42,0x1d,0x0e,0xc3,0x37,0x1c,0x51,0xdb,0xc2,0x1d,0x0e,0xc4,
    0x57,0x42,0xa0,0xd3,0x0d,0x79,0x38,0xe0,0xe1,0x10,0xcc,0x12,0x98,0xcc,0x19,0x83,0xb2,0x20,0xb7,0x05,0xf9,0x58,0xe0,0x87,
    0x03,0x7c,0x46,0x0c,0x0c,0x00,0x04,0xc1,0xa0,0xb1,0xcb,0x21,0x1f,0x87,0xe0,0x02,0x02,0x8d,0x18,0x18,0x00,0x08,0x82,0x41,
    0x83,0x97,0xc3,0x3d,0x0e,0xc3,0x70,0x83,0xa0,0x8f,0x83,0x19,0x0c,0x37,0x0c,0x0d,0x1a,0x94,0x10,0xa8,0x8d,0xe2,0x40,0xc4,
    0x67,0xba,0x21,0x18,0xc5,0x41,0xb0,0x43,0x2e,0x07,0x10,0x0c,0x37,0x20,0xfc,0x38,0x98,0xc1,0x70,0x83,0x30,0xa1,0x41,0x09,
    0x81,0x4e,0x37,0x28,0xa8,0x38,0x04,0x16,0x18,0xf0,0x99,0x25,0x30,0x99,0x81,0x8e,0x41,0x28,0x19,0x32,0x20,0x19,0x9b,0x34,
    0x44,0x66,0x96,0xe1,0x64,0x54,0x66,0xff,0x66,0x19,0x52,0x06,0x65,0x40,0x62,0x38,0x22,0xbd,0x85,0x55,0x1c,0x86,0x6f,0x38,
    0x42,0xbd,0x85,0x56,0x1c,0x88,0xaf,0x84,0x40,0xa7,0x1b,0x5e,0x71,0x70,0xc5,0x21,0x98,0x25,0x50,0x99,0xdb,0x06,0x65,0x81,
    0x7b,0x0b,0xf2,0xb1,0x80,0x16,0x07,0xf8,0x8c,0x18,0x18,0x00,0x08,0x82,0x41,0xc3,0x9a,0xc3,0x4b,0x0e,0xc1,0x05,0x04,0x1a,
    0x31,0x30,0x00,0x10,0x04,0x83,0xc6,0x35,0x87,0x96,0x1c,0x86,0xe1,0x06,0x01,0x26,0x07,0x33,0x18,0x6e,0x18,0xc4,0x00,0x0d,
    0x4a,0x08,0xd4,0x72,0x71,0x20,0xe2,0x33,0xdd,0x10,0xe4,0xe2,0x20,0xd8,0x81,0x9a,0x03,0x08,0x86,0x1b,0x10,0x99,0x1c,0xcc,
    0x60,0xb8,0x41,0x40,0x03,0x34,0x28,0x21,0xd0,0xe9,0x06,0xc5,0x17,0x87,0xc0,0x02,0x03,0x3e,0xb3,0x04,0x2a,0x33,0xd0,0x31,
    0x08,0x29,0x43,0x06,0x28,0x23,0x9a,0x86,0xc9,0x58,0x70,0xc9,0xe7,0xde,0x60,0x50,0xf7,0x06,0x83,0x9a,0x65,0x60,0x99,0x95,
    0xc9,0x09,0x13,0x46,0x5c,0x90,0x8f,0x09,0x23,0x2e,0xc8,0x67,0xc4,0xc0,0x00,0x40,0x10,0x0c,0x1a,0xf0,0x1c,0xc6,0x72,0x10,
    0x46,0x0c,0x0c,0x00,0x04,0xc1,0xa0,0x09,0xcf,0x81,0x2c,0x07,0xc1,0x04,0x76,0x1c,0xe0,0x63,0x42,0x3b,0x0e,0xf0,0x31,0x01,
    0xa1,0x8f,0x09,0x08,0x7d,0x66,0x09,0x58,0x66,0xa0,0x62,0x20,0x56,0xc6,0x86,0x0b,0x95,0x19,0xa8,0x18,0x88,0x95,0xb1,0xe1,
    0x42,0x65,0xce,0x0f,0x06,0x35,0x62,0xf0,0x00,0x20,0x08,0x06,0x58,0x79,0x0e,0x63,0x39,0x80,0xe3,0x00,0x8b,0xc3,0x20,0xc4,
    0xe3,0x10,0x8f,0x03,0x6f,0x0e,0xbc,0x39,0x9c,0xe5,0x10,0x8c,0x26,0x04,0xc0,0x68,0x82,0x10,0x8c,0x26,0x0c,0xc2,0x68,0x02,
    0x31,0x8c,0x18,0x1c,0x00,0x08,0x82,0x01,0x19,0x90,0xe7,0xa0,0x96,0xc3,0x2c,0x0e,0x3b,0x39,0x8c,0x26,0x04,0xc0,0x68,0x82,
    0x10,0x8c,0x26,0x0c,0xc2,0x68,0x02,0x31,0x58,0x42,0xc4,0xc7,0x12,0x22,0x3e,0x96,0x10,0xf1,0xb1,0x84,0x88,0x8f,0x11,0x9c,
    0x7c,0x8c,0xe8,0xe4,0x63,0x84,0x27,0x1f,0x23,0x3e,0xf9,0x8c,0x18,0x1c,0x00,0x08,0x82,0x41,0x47,0x9f,0x83,0x5d,0x0e,0xf2,
    0x38,0xd0,0xc2,0x68,0x42,0x00,0x8c,0x26,0x08,0xc1,0x2c,0x43,0xcb,0xc0,0x8c,0x1d,0x06,0xb3,0x0c,0x2f,0xe3,0x32,0x79,0x31,
    0x1c,0x31,0xe6,0x02,0x49,0x0e,0xc3,0x37,0x1c,0x41,0xe6,0x82,0x49,0x0e,0xc4,0x57,0x42,0xa0,0xd3,0x0d,0x28,0x39,0x9c,0xe4,
    0x10,0xcc,0x12,0xc0,0xcc,0x19,0x83,0xb2,0x00,0xcd,0x05,0xf9,0x58,0xd0,0x92,0x03,0x7c,0x46,0x0c,0x0c,0x00,0x04,0xc1,0xa0,
    0x29,0xd1,0x01,0x35,0x87,0xe0,0x02,0x02,0x8d,0x18,0x18,0x00,0x08,0x82,0x41,0x73,0xa2,0x83,0x69,0x0e,0xc3,0x70,0x83,0x90,
    0x9a,0x83,0x19,0x0c,0x37,0x0c,0x0d,0x1a,0x94,0x10,0xa8,0xc9,0xe4,0x40,0xc4,0x67,0xba,0x21,0x90,0xc9,0x41,0xb0,0x23,0x44,
    0x07,0x10,0x0c,0x37,0x20,0xab,0x39,0x98,0xc1,0x70,0x83,0x30,0xa1,0x41,0x09,0x81,0x4e,0x37,0x28,0x37,0x39,0x04,0x16,0x18,
    0xf0,0x99,0x25,0x80,0x99,0x81,0x8e,0x41,0x78,0x19,0x32,0x70,0x19,0x3a,0x35,0x58,0x66,0x96,0x21,0x66,0x68,0x46,0x15,0x83,
    0x59,0x86,0x99,0x91,0x99,0xd7,0x18,0x8e,0xc0,0x73,0x41,0x27,0x87,0xe1,0x1b,0x8e,0xc8,0x73,0x81,0x27,0x07,0xe2,0x2b,0x21,
    0xd0,0xe9,0x06,0x9f,0x1c,0x7a,0x72,0x08,0x66,0x09,0x68,0xe6,0xb6,0x41,0x59,0xd0,0xe7,0x82,0x7c,0x2c,0x18,0xcb,0x01,0x3e,
    0x23,0x06,0x06,0x00,0x82,0x60,0xd0,0xec,0xe8,0xe0,0x9b,0x43,0x70,0x01,0x81,0x46,0x0c,0x0c,0x00,0x04,0xc1,0xa0,0xe9,0xd1,
    0x81,0x37,0x87,0x61,0xb8,0x41,0xf8,0xcd,0xc1,0x0c,0x86,0x1b,0x06,0x31,0x40,0x83,0x12,0x02,0x35,0xb4,0x1c,0x88,0xf8,0x4c,
    0x37,0x04,0x68,0x39,0x08,0x76,0xdc,0xe8,0x00,0x82,0xe1,0x06,0x24,0x3c,0x07,0x33,0x18,0x6e,0x10,0xd0,0x00,0x0d,0x4a,0x08,
    0x74,0xba,0x41,0x69,0xcb,0x21,0xb0,0xc0,0x80,0xcf,0x2c,0x01,0xcd,0x0c,0x74,0x0c,0xc2,0xcc,0x90,0x81,0xcc,0x80,0xab,0x01,
    0x33,0x16,0x5c,0xf2,0xb9,0x37,0x18,0xd4,0xbd,0xc1,0xa0,0x66,0x19,0x6c,0xa6,0x66,0xd0,0xc3,0x04,0x59,0x17,0xe4,0x63,0x82,
    0xac,0x0b,0xf2,0x19,0x31,0x30,0x00,0x10,0x04,0x83,0xe6,0x4d,0x07,0xf9,0x1c,0x84,0x11,0x03,0x03,0x00,0x41,0x30,0x68,0xe0,
    0x74,0x98,0xcf,0x41,0x30,0x61,0x2f,0x07,0xf8,0x98,0xc0,0x97,0x03,0x7c,0x4c,0x40,0xe8,0x63,0x02,0x42,0x9f,0x59,0x02,0x9b,
    0x19,0xa8,0x18,0x88,0x9a,0xa1,0xeb,0x82,0x66,0x06,0x2a,0x06,0xa2,0x66,0xe8,0xba,0xa0,0x99,0x83,0x89,0x41,0x8d,0x18,0x3c,
    0x00,0x08,0x82,0x01,0x46,0xa7,0x83,0x7c,0x0e,0x6f,0x39,0xfc,0xe4,0x30,0x08,0xa0,0x39,0x80,0xe6,0xb0,0xa6,0xc3,0x9a,0x0e,
    0xf6,0x39,0x04,0xa3,0x09,0x01,0x30,0x9a,0x20,0x04,0xa3,0x09,0x83,0x30,0x9a,0x40,0x0c,0x46,0xb8,0x42,0x7c,0x8c,0x70,0x85,
    0xf8,0x18,0xe1,0x0a,0xf1,0x31,0xc2,0x15,0xe2,0x63,0xc4,0x25,0x1f,0x23,0x30,0xf9,0x18,0x91,0xc9,0xc7,0x08,0x4d,0x3e,0x46,
    0xd8,0x02,0x7c,0x8c,0xb0,0x05,0xf8,0x18,0x61,0x0b,0xf0,0x31,0xc2,0x16,0xe0,0x63,0xb2,0x80,0xc4,0xc7,0x64,0x01,0x89,0x8f,
    0xc9,0x02,0x12,0x1f,0x93,0x05,0x24,0x3e,0x46,0x88,0x85,0x7c,0x8c,0x18,0x0b,0xf9,0x18,0x41,0x16,0xf2,0x31,0xa2,0x2c,0xe4,
    0x63,0x04,0x03,0x1f,0x23,0x18,0xf8,0x18,0xc1,0xc0,0xc7,0x08,0x06,0x3e,0xb3,0x04,0x2a,0x35,0xdc,0xe0,0xfe,0x42,0xa9,0x0e,
    0x60,0x30,0xcb,0x80,0x33,0x31,0x14,0x8c,0x18,0x1c,0x00,0x08,0x82,0x01,0x19,0xb0,0xea,0x20,0xa3,0xc3,0x5e,0x0e,0xf4,0x39,
    0x8c,0x26,0x04,0xc0,0x05,0x84,0xa9,0xc0,0x4f,0x07,0x1d,0x6e,0x08,0x4e,0x75,0x00,0x83,0x1a,0x4c,0x74,0xd0,0xe1,0x86,0x40,
    0x45,0x07,0x30,0xa8,0x21,0xd8,0x59,0x86,0xda,0xc9,0x19,0x9c,0x17,0x46,0x0c,0x0c,0x00,0x04,0xc1,0xa0,0xf1,0xd5,0x61,0x46,
    0x87,0xb3,0x17,0x2c,0xf0,0x79,0x41,0x3e,0x26,0xf8,0xbc,0x20,0x1f,0x1b,0xc4,0x5e,0x90,0x8f,0x11,0x62,0x2f,0xc8,0x67,0x96,
    0x61,0x67,0x74,0xc6,0x18,0x31,0xa8,0x00,0x10,0x04,0x03,0xcd,0x57,0x87,0x16,0x1d,0x76,0x73,0x58,0xcd,0x01,0xe5,0x85,0x93,
    0x17,0xd6,0x73,0x58,0xcf,0xc1,0x56,0x07,0x5b,0x1d,0xc2,0x74,0x10,0x82,0xf5,0x1c,0x88,0x61,0x3d,0x87,0xf5,0x1c,0x46,0x13,
    0x02,0x60,0x34,0x41,0x08,0x46,0x13,0x06,0x61,0x34,0x81,0x18,0x66,0x09,0x54,0x6a,0xc4,0xe0,0x00,0x40,0x10,0x0c,0xba,0x70,
    0x1d,0xc6,0x74,0x00,0xcf,0x61,0x57,0x87,0xd1,0x84,0x00,0x18,0x4d,0x10,0x82,0xd1,0x84,0x61,0xb8,0x61,0x50,0x37,0x0c,0xca,
    0x84,0x46,0x3e,0x26,0x34,0xf2,0x31,0x41,0x90,0x8f,0x09,0x82,0x7c,0x4c,0x08,0xe0,0x33,0x62,0x60,0x00,0x20,0x08,0x06,0xcd,
    0xbc,0x0e,0x6b,0x3a,0x04,0x86,0x54,0xf2,0x31,0xa4,0x92,0x8f,0x09,0x82,0x7c,0x4c,0x10,0xe4,0x63,0x42,0x00,0x9f,0x11,0x03,
    0x03,0x00,0x41,0x30,0x68,0xf2,0x75,0x88,0xd3,0x21,0x18,0x31,0x38,0x00,0x10,0x04,0x83,0x08,0x5f,0x07,0x3e,0x1d,0x8e,0x60,
    0xc4,0xe0,0x00,0x40,0x10,0x0c,0xa2,0x7c,0x1d,0xfa,0x74,0x08,0x4c,0x74,0x18,0x31,0x30,0x00,0x10,0x04,0x83,0x86,0x5f,0x87,
    0x39,0x1d,0x82,0x11,0x83,0x03,0x00,0x41,0x30,0x88,0xf6,0x75,0xf8,0xd3,0x21,0x10,0x7d,0x61,0x38,0x22,0x20,0xd1,0x41,0xf8,
    0x46,0x13,0xd2,0x20,0x18,0x4d,0x50,0x03,0x61,0xba,0x41,0x08,0x86,0x0b,0x08,0x33,0xdc,0x10,0xb8,0xeb,0x00,0x06,0x65,0x04,
    0x3a,0x9a,0xf0,0x06,0xc3,0x05,0x84,0x99,0x65,0xe0,0x19,0xb9,0x19,0x2a,0xa0,0xd7,0x01,0x47,0x0c,0x0e,0x00,0x04,0xc1,0xe0,
    0x03,0xd9,0x01,0x4e,0x07,0x7e,0x1d,0x82,0x0b,0x06,0x65,0x50,0x40,0x9f,0x11,0x83,0x03,0x00,0x41,0x30,0x88,0x52,0x76,0x58,
    0xd5,0x01,0x93,0x46,0x0c,0x0e,0x00,0x04,0xc1,0x20,0x52,0xd9,0xc1,0x55,0x87,0x40,0x18,0x31,0x38,0x00,0x10,0x04,0x83,0x68,
    0x65,0x87,0x57,0x1d,0x02,0x1a,0x1d,0x8c,0x0a,0xe8,0x33,0x62,0x60,0x00,0x20,0x08,0x06,0xcd,0xcb,0x0e,0xa0,0x3a,0x04,0x23,
    0x06,0x07,0x00,0x82,0x60,0x10,0xb9,0xec,0x20,0xab,0x43,0x70,0xa3,0xc3,0x88,0xc1,0x01,0x80,0x20,0x18,0x44,0x2f,0x3b,0xc4,
    0xea,0x10,0x20,0x17,0x10,0x66,0x38,0x02,0x0c,0x34,0xe1,0x9b,0x6e,0x98,0x83,0x3a,0x08,0xa6,0x1b,0xe6,0xa0,0x0e,0x84,0x23,
    0x06,0x65,0x43,0x40,0x1f,0x1b,0x04,0xfa,0x8c,0x18,0x18,0x00,0x08,0x82,0x41,0x93,0xb3,0x03,0xac,0x0e,0xcc,0x88,0xc1,0x01,
    0x80,0x20,0x18,0x44,0x38,0x3b,0xf0,0xea,0x10,0xfc,0xbe,0x30,0xdc,0x90,0xb8,0xec,0x00,0x06,0xb3,0x0c,0x71,0xd3,0x33,0xc1,
    0x2c,0x81,0xcf,0x0c,0x54,0x0c,0xb1,0xf3,0x36,0xa4,0x6c,0xf4,0xcc,0x40,0xc5,0x10,0x3b,0x6f,0x63,0xca,0x46,0xcf,0x0c,0x54,
    0x0c,0xb1,0xf3,0x36,0xa8,0x6c,0xf4,0xcc,0x40,0xc5,0x10,0x3b,0x6f,0xa3,0xca,0x46,0xcf,0x0c,0x54,0x10,0xb1,0xf3,0x36,0x66,
    0x6e,0xf4,0xcc,0x05,0x83,0x2a,0x68,0x5c,0x07,0xb8,0x60,0x50,0x16,0xb8,0xe9,0x20,0x1f,0x23,0x82,0xf8,0x58,0xf0,0xc8,0xc7,
    0x84,0x47,0x3e,0x26,0xb4,0xbe,0x00,0x1f,0x13,0x5a,0x5f,0x80,0xcf,0x88,0xc1,0x01,0x80,0x20,0x18,0x90,0x01,0xd8,0x0e,0xe6,
    0x3a,0xbc,0xe8,0x80,0xaa,0xc3,0x68,0x42,0x30,0x5c,0x40,0x98,0x0a,0x64,0x76,0xd0,0xe1,0x86,0x20,0x6c,0x07,0x30,0x98,0x65,
    0x00,0x9b,0x9f,0x09,0x8a,0x14,0xe0,0x75,0x80,0x0b,0x06,0x35,0x62,0x70,0x00,0x20,0x08,0x06,0xd1,0xdb,0x0e,0xf3,0x3a,0x5c,
    0x77,0x3a,0x8c,0x18,0x1c,0x00,0x08,0x82,0x41,0x04,0xb7,0x83,0xbc,0x0e,0x81,0x30,0x4b,0x00,0x36,0x03,0x15,0x83,0xf0,0x33,
    0xf2,0x6c,0xf8,0xcc,0x70,0xc3,0x41,0xb6,0x43,0x18,0x0c,0x37,0x20,0x60,0x3b,0x84,0x41,0x09,0x81,0xce,0x32,0x84,0x8d,0xd9,
    0x04,0x46,0x84,0xea,0x00,0x9f,0x11,0x03,0x03,0x00,0x41,0x30,0x68,0xf0,0x76,0xd8,0xd7,0x21,0xb8,0x80,0x30,0x23,0x06,0x07,
    0x00,0x82,0x60,0xd0,0xcd,0xed,0x50,0xaf,0x83,0x9c,0x0e,0xc1,0x68,0x42,0x00,0x8c,0x26,0x08,0xc1,0x2c,0x83,0xd8,0x8c,0xcd,
    0x38,0x9c,0x30,0x28,0x0b,0x2c,0xf9,0x58,0x80,0xaa,0x03,0x7c,0x46,0x0c,0x0c,0x00,0x04,0xc1,0xa0,0x01,0xdd,0x61,0x64,0x87,
    0xe0,0x02,0x02,0x8d,0x18,0x18,0x00,0x08,0x82,0x41,0x23,0xba,0x43,0xc8,0x0e,0xc3,0x70,0x83,0x40,0xb2,0x83,0x19,0x0c,0x37,
    0x0c,0x09,0x1a,0x94,0x10,0xa8,0xb5,0xea,0x40,0xc4,0x67,0xba,0x21,0x68,0xd5,0x41,0xb0,0x83,0x6f,0x07,0x10,0x0c,0x37,0x20,
    0x26,0x3b,0x98,0xc1,0x70,0x83,0xf0,0xa0,0x41,0x09,0x81,0x4e,0x37,0x28,0xb2,0x3a,0x04,0x16,0x18,0xf0,0x99,0x25,0x18,0x9b,
    0x81,0x8a,0x41,0x10,0x1b,0xb5,0x36,0xc2,0x66,0x96,0x81,0x6c,0xca,0x66,0x1e,0x6e,0x1a,0x94,0x05,0x67,0x20,0x1f,0x0b,0x74,
    0x75,0x80,0xcf,0x88,0x81,0x01,0x80,0x20,0x18,0x34,0xb2,0x3b,0xd4,0xec,0x10,0x5c,0x40,0xa0,0x11,0x03,0x03,0x00,0x41,0x30,
    0x68,0x68,0x77,0x98,0xd9,0x61,0x18,0x6e,0x10,0x6c,0x76,0x30,0x83,0xe1,0x86,0x41,0x43,0x83,0x12,0x02,0xb5,0x5f,0x1d,0x88,
    0xf8,0x4c,0x37,0x04,0xbf,0x3a,0x08,0x76,0xb8,0xee,0x00,0x82,0xe1,0x06,0x04,0x67,0x07,0x33,0x18,0x6e,0x10,0xc0,0x00,0x0d,
    0x4a,0x08,0x74,0xba,0x41,0x21,0xd7,0x21,0xb0,0xc0,0x80,0xcf,0x2c,0x41,0xd9,0x0c,0x54,0x0c,0x02,0xd9,0xb8,0xb6,0x31,0x36,
    0x16,0x4c,0xf2,0xb9,0x34,0x18,0xd4,0x88,0xc1,0x03,0x80,0x20,0x18,0x60,0xbf,0x3b,0xf4,0xec,0xb0,0xab,0xc3,0xaa,0x0e,0x7b,
    0xa0,0x07,0xeb,0x3a,0xac,0xeb,0x60,0xbb,0x83,0xed,0x0e,0x61,0x3b,0x04,0xa3,0x09,0x01,0x30,0x9a,0x20,0x04,0xa3,0x09,0x83,
    0x30,0x9a,0x40,0x0c,0x23,0x06,0x07,0x00,0x82,0x60,0x40,0x06,0xbe,0x3b,0x90,0xed,0xd0,0xaa,0x03,0xd9,0x0e,0xa3,0x09,0x01,
    0x30,0x9a,0x20,0x04,0xa3,0x09,0x83,0x30,0x9a,0x40,0x0c,0x96,0x10,0xf1,0xb1,0x84,0x88,0x8f,0x25,0x44,0x7c,0x2c,0x21,0xe2,
    0x63,0x04,0x24,0x1f,0x23,0x22,0xf9,0x18,0x21,0xc9,0xc7,0x88,0x49,0x3e,0x46,0x30,0xf0,0x31,0x82,0x81,0x8f,0x11,0x0c,0x7c,
    0x8c,0x60,0xe0,0x33,0x4b,0xf0,0x36,0x23,0x06,0x06,0x00,0x82,0x60,0xd0,0xe4,0xef,0xc0,0xb7,0x83,0x29,0x5c,0x40,0x98,0x82,
    0x09,0xbe,0x1d,0xa0,0x04,0xf8,0x1d,0x60,0xc4,0xe0,0x00,0x40,0x10,0x0c,0xbe,0xfa,0x1d,0xe6,0x76,0x08,0x84,0x11,0x03,0x03,
    0x00,0x41,0x30,0x68,0xfc,0x77,0xe8,0xdb,0x61,0x15,0x46,0x0c,0x0e,0x00,0x04,0xc1,0xa0,0xc3,0xdf,0x41,0x6f,0x87,0x7b,0x1d,
    0x84,0xd1,0x84,0x00,0x18,0x4d,0x10,0x82,0x59,0x86,0xb3,0x41,0x1b,0xb4,0x38,0x61,0x50,0x16,0xec,0x82,0x7c,0x2c,0x68,0xd9,
    0x01,0x3e,0x23,0x06,0x06,0x00,0x82,0x60,0xd0,0x94,0xf0,0x80,0xba,0x43,0x70,0x01,0x81,0x46,0x0c,0x0c,0x00,0x04,0xc1,0xa0,
    0x39,0xe1,0xc1,0x74,0x87,0x61,0xb8,0x41,0x48,0xdd,0xc1,0x0c,0x86,0x1b,0x86,0x04,0x0d,0x4a,0x08,0xd4,0x64,0x76,0x20,0xe2,
    0x33,0xdd,0x10,0xc8,0xec,0x20,0xd8,0x11,0xc2,0x03,0x08,0x86,0x1b,0x90,0xd5,0x1d,0xcc,0x60,0xb8,0x41,0x78,0xd0,0xa0,0x84,
    0x40,0xa7,0x1b,0x94,0x9b,0x1d,0x02,0x0b,0x0c,0xf8,0xcc,0x12,0xa0,0xcd,0x40,0xc5,0x20,0x9c,0x0d,0x9d,0x1b,0x66,0x33,0xcb,
    0x90,0x36,0x6a,0x83,0x17,0x37,0x0d,0xca,0x02,0x76,0x90,0x8f,0x05,0x3f,0x3b,0xc0,0x67,0xc4,0xc0,0x00,0x40,0x10,0x0c,0x9a,
    0x1b,0x1e,0x74,0x77,0x08,0x2e,0x20,0xd0,0x88,0x81,0x01,0x80,0x20,0x18,0x34,0x39,0x3c,0xe0,0xee,0x30,0x0c,0x37,0x08,0xbb,
    0x3b,0x98,0xc1,0x70,0xc3,0xa0,0xa1,0x41,0x09,0x81,0x1a,0xd9,0x0e,0x44,0x7c,0xa6,0x1b,0x02,0xb2,0x1d,0x04,0x3b,0x66,0x78,
    0x00,0xc1,0x70,0x03,0xd2,0xbb,0x83,0x19,0x0c,0x37,0x08,0x60,0x80,0x06,0x25,0x04,0x3a,0xdd,0xa0,0xa4,0xed,0x10,0x58,0x60,
    0xc0,0x67,0x96,0x40,0x6d,0x06,0x2a,0x06,0x21,0x6d,0x70,0xdd,0x40,0x1b,0x0b,0x26,0xf9,0x9c,0x1a,0x0c,0x6a,0xc4,0xe0,0x01,
    0x40,0x10,0x0c,0x30,0x32,0x1e,0xc4,0x77,0x00,0xdb,0x01,0x66,0x07,0x90,0xf8,0x07,0xb8,0x1d,0xe0,0x76,0xd8,0xe1,0x61,0x87,
    0x07,0xf3,0x1d,0x82,0xd1,0x84,0x00,0x18,0x4d,0x10,0x82,0xd1,0x84,0x41,0x18,0x4d,0x20,0x86,0x11,0x83,0x03,0x00,0x41,0x30,
    0x20,0x83,0x31,0x1e,0xd2,0x77,0x90,0xd9,0x21,0x7d,0x87,0xd1,0x84,0x00,0x18,0x4d,0x10,0x82,0xd1,0x84,0x41,0x18,0x4d,0x20,
    0x06,0x4b,0x88,0xf8,0x58,0x42,0xc4,0xc7,0x12,0x22,0x3e,0x96,0x10,0xf1,0x31,0x02,0x92,0x8f,0x11,0x91,0x7c,0x8c,0x90,0xe4,
    0x63,0xc4,0x24,0x9f,0x11,0x83,0x03,0x00,0x41,0x30,0xe8,0xe6,0x78,0xa8,0xdf,0x41,0x6e,0x07,0x50,0x18,0x4d,0x08,0x80,0xd1,
    0x04,0x21,0x98,0x65,0x58,0x1b,0xb6,0x19,0x8f,0x13,0x06,0x65,0x81,0x4d,0xc8,0xc7,0x02,0xd4,0x1d,0xe0,0x33,0x62,0x60,0x00,
    0x20,0x08,0x06,0x0d,0x28,0x0f,0x23,0x3c,0x04,0x17,0x10,0x68,0xc4,0xc0,0x00,0x40,0x10,0x0c,0x1a,0x51,0x1e,0x42,0x78,0x18,
    0x86,0x1b,0x04,0x12,0x1e,0xcc,0x60,0xb8,0x61,0x48,0xd0,0xa0,0x84,0x40,0xad,0x75,0x07,0x22,0x3e,0xd3,0x0d,0x41,0xeb,0x0e,
    0x82,0x1d,0x7c,0x3c,0x80,0x60,0xb8,0x01,0x31,0xe1,0xc1,0x0c,0x86,0x1b,0x84,0x07,0x0d,0x4a,0x08,0x74,0xba,0x41,0x91,0xdd,
    0x21,0xb0,0xc0,0x80,0xcf,0x2c,0x01,0xdb,0x0c,0x54,0x0c,0xc2,0xda,0xa8,0xbd,0xa1,0x36,0xb3,0x0c,0x6d,0xe3,0x36,0xf3,0x71,
    0xd3,0xa0,0x2c,0x38,0x0b,0xf9,0x58,0xa0,0xbb,0x03,0x7c,0x46,0x0c,0x0c,0x00,0x04,0xc1,0xa0,0x91,0xe5,0xa1,0x86,0x87,0xe0,
    0x02,0x02,0x8d,0x18,0x18,0x00,0x08,0x82,0x41,0x43,0xcb,0xc3,0x0c,0x0f,0xc3,0x70,0x83,0x60,0xc3,0x83,0x19,0x0c,0x37,0x0c,
    0x1a,0x1a,0x94,0x10,0xa8,0xfd,0xee,0x40,0xc4,0x67,0xba,0x21,0xf8,0xdd,0x41,0xb0,0xc3,0x95,0x07,0x10,0x0c,0x37,0x20,0x38,
    0x3c,0x98,0xc1,0x70,0x83,0x00,0x06,0x68,0x50,0x42,0xa0,0xd3,0x0d,0x0a,0xf9,0x0e,0x81,0x05,0x06,0x7c,0x66,0x09,0xdc,0x66,
    0xa0,0x62,0x10,0xda,0xc6,0xf5,0x0d,0xb6,0xb1,0x60,0x92,0xcf,0xa1,0xc3,0xa0,0x46,0x0c,0x1e,0x00,0x04,0xc1,0x00,0xfb,0xe5,
    0xa1,0x87,0x87,0xdd,0x1d,0x56,0x77,0xd8,0x0b,0xbd,0x58,0xdf,0x61,0x7d,0x07,0x5b,0x1e,0x6c,0x79,0x08,0xe3,0x21,0x18,0x4d,
    0x08,0x80,0xd1,0x04,0x21,0x18,0x4d,0x18,0x84,0xd1,0x04,0x62,0x30,0x42,0x0f,0xe2,0x63,0x84,0x1e,0xc4,0xc7,0x08,0x3d,0x88,
    0x8f,0x11,0x7a,0x10,0x1f,0x23,0x16,0xf9,0x18,0xc1,0xc8,0xc7,0x88,0x46,0x3e,0x46,0x38,0xf2,0x31,0x42,0x14,0xe0,0x63,0x84,
    0x28,0xc0,0xc7,0x08,0x51,0x80,0x8f,0x11,0xa2,0x00,0x1f,0xf3,0x03,0x24,0x3e,0xe6,0x07,0x48,0x7c,0xcc,0x0f,0x90,0xf8,0x98,
    0x1f,0x20,0xf1,0x31,0x42,0x1f,0xe4,0x63,0xc4,0x3e,0xc8,0xc7,0x08,0x7e,0x90,0x8f,0x11,0xfd,0x20,0x1f,0x23,0x18,0xf8,0x18,
    0xc1,0xc0,0xc7,0x08,0x06,0x3e,0x46,0x30,0xf0,0x99,0x25,0x78,0x9b,0x81,0x8a,0xc1,0x46,0xca,0x06,0x71,0x9b,0x81,0x8a,0xc1,
    0x46,0xca,0x06,0x71,0x9b,0x81,0x8a,0xc1,0x46,0xca,0x06,0x71,0x9b,0x81,0x8a,0xc1,0x46,0xca,0x06,0x71,0x1b,0x23,0xd0,0x03,
    0x3e,0x46,0xa0,0x07,0x7c,0x8c,0x40,0x0f,0xf8,0x18,0x81,0x1e,0xf0,0x31,0xf4,0xe0,0xe7,0x01,0x02,0xc3,0x0d,0xc1,0x7d,0x80,
    0xc1,0x2c,0x03,0xdc,0xf8,0x4c,0x30,0x4b,0x10,0x37,0x03,0x15,0x03,0x18,0x1e,0x3c,0xc3,0xc0,0xcd,0x40,0xc5,0x20,0x86,0x07,
    0xcf,0x30,0x70,0x33,0x50,0x31,0x90,0xe1,0xc1,0x33,0x0c,0xdc,0x0c,0x54,0x0c,0x66,0x78,0xf0,0x0c,0x03,0x37,0x46,0xe0,0x07,
    0x7d,0x8c,0xc8,0x0f,0xfa,0x18,0xa1,0x1f,0xf4,0x31,0x62,0x3f,0xe8,0x33,0x4b,0xa0,0x52,0xc3,0x0d,0x30,0x62,0xd2,0x43,0x18,
    0x54,0x8b,0xe0,0xf3,0xa0,0xc3,0x0d,0xc1,0x49,0x0f,0x60,0x30,0xcb,0x40,0x37,0x73,0x13,0x94,0x9a,0xd8,0xf2,0x00,0x17,0x0c,
    0x6a,0xc4,0xe0,0x00,0x40,0x10,0x0c,0xa2,0x9a,0x1e,0x72,0x79,0xd0,0x91,0x1e,0x1e,0x46,0x0c,0x0e,0x00,0x04,0xc1,0x20,0xb2,
    0xe9,0x01,0x97,0x87,0x40,0x98,0x25,0xa0,0x9b,0x81,0x8a,0x41,0x98,0x1b,0x3f,0x3c,0xe4,0x66,0xb8,0xe1,0x50,0xe9,0x21,0x0c,
    0x86,0x1b,0x10,0x93,0x1e,0xc2,0xa0,0x84,0x40,0x67,0x19,0xea,0x06,0x74,0x02,0x23,0xce,0x78,0x80,0xcf,0x88,0x81,0x01,0x80,
    0x20,0x18,0x34,0x3e,0x3d,0x84,0xf3,0x10,0x5c,0x40,0x98,0x11,0x83,0x03,0x00,0x41,0x30,0xe8,0x72,0x7a,0xd8,0xe5,0x01,0x87,
    0x87,0x60,0x34,0x21,0x00,0x46,0x13,0x84,0x60,0x96,0xc1,0x6e,0xf2,0x26,0x55,0x66,0x19,0xf0,0xe6,0x6e,0xa2,0xe1,0x08,0xd4,
    0x1c,0xd2,0x78,0x18,0xbe,0xe1,0x88,0xd4,0x1c,0xd6,0x78,0x20,0xbe,0x12,0x02,0x9d,0x6e,0x68,0xe3,0x81,0x8d,0x87,0x60,0x96,
    0x20,0x6f,0xce,0x18,0x94,0x05,0xad,0x39,0xc8,0xc7,0x02,0x39,0x1e,0xe0,0x33,0x62,0x60,0x00,0x20,0x08,0x06,0x8d,0x5a,0x0f,
    0xed,0x3c,0x04,0x17,0x10,0x68,0xc4,0xc0,0x00,0x40,0x10,0x0c,0x1a,0xb6,0x1e,0xd6,0x79,0x18,0x86,0x1b,0x04,0x77,0x1e,0xcc,
    0x60,0xb8,0x61,0x68,0xd0,0xa0,0x84,0x40,0xed,0x8e,0x07,0x22,0x3e,0xd3,0x0d,0xc1,0x1d,0x0f,0x82,0x1d,0x66,0x3d,0x80,0x60,
    0xb8,0x01,0x81,0xe7,0xc1,0x0c,0x86,0x1b,0x84,0x09,0x0d,0x4a,0x08,0x74,0xba,0x41,0xe1,0xe3,0x21,0xb0,0xc0,0x80,0xcf,0x2c,
    0x41,0xde,0x0c,0x74,0x0c,0x02,0xde,0x90,0xc1,0xdd,0xf8,0xe3,0x51,0x37,0xb3,0x0c,0x7a,0xd3,0x37,0xbd,0x32,0xcb,0xc0,0x37,
    0x7b,0x73,0x06,0xc3,0x11,0xbd,0x39,0xfc,0xf1,0x30,0x7c,0xc3,0x11,0xbe,0x39,0x84,0xf2,0x40,0x7c,0x25,0x04,0x3a,0xdd,0x30,
    0xca,0x83,0x28,0x0f,0xc1,0x2c,0x41,0xdf,0xdc,0x36,0x28,0x0b,0xc4,0x73,0x90,0x8f,0x05,0xa8,0x3c,0xc0,0x67,0xc4,0xc0,0x00,
    0x40,0x10,0x0c,0x1a,0xd0,0x1e,0x46,0x7a,0x08,0x2e,0x20,0xd0,0x88,0x81,0x01,0x80,0x20,0x18,0x34,0xa2,0x3d,0x84,0xf4,0x30,
    0x0c,0x37,0x08,0x24,0x3d,0x98,0xc1,0x70,0xc3,0x20,0x06,0x68,0x50,0x42,0xa0,0xd6,0xca,0x03,0x11,0x9f,0xe9,0x86,0xa0,0x95,
    0x07,0xc1,0x0e,0xbe,0x1e,0x40,0x30,0xdc,0x80,0x98,0xf4,0x60,0x06,0xc3,0x0d,0x02,0x1a,0xa0,0x41,0x09,0x81,0x4e,0x37,0x28,
    0xb2,0x3c,0x04,0x16,0x18,0xf0,0x99,0x25,0xe8,0x9b,0x81,0x8e,0x41,0xe0,0x1b,0x32,0xd8,0x1b,0xb5,0x3c,0xf2,0xc6,0x82,0x4b,
    0x3e,0xf7,0x06,0x83,0xba,0x37,0x18,0xd4,0x2c,0xc3,0xdf,0xf8,0x0d,0x28,0x98,0x70,0x9f,0x83,0x7c,0x4c,0xb8,0xcf,0x41,0x3e,
    0x23,0x06,0x06,0x00,0x82,0x60,0xd0,0xd0,0xf6,0x70,0xd3,0x83,0x30,0x62,0x60,0x00,0x20,0x08,0x06,0x4d,0x6d,0x0f,0x38,0x3d,
    0x08,0x26,0x80,0xf3,0x00,0x1f,0x13,0xc2,0x79,0x80,0x8f,0x09,0x08,0x7d,0x4c,0x40,0xe8,0x33,0x4b,0xf0,0x37,0x03,0x15,0x03,
    0xe1,0x37,0xfe,0x6b,0xf4,0xcd,0x40,0xc5,0x40,0xf8,0x8d,0xff,0x1a,0x7d,0x73,0x7d,0x30,0xa8,0x11,0x83,0x07,0x00,0x41,0x30,
    0xc0,0x72,0x7b,0xb8,0xe9,0xa1,0x96,0x87,0x52,0x1e,0x06,0xa1,0x9c,0x87,0x72,0x1e,0x60,0x7b,0x80,0xed,0x61,0xa7,0x87,0x60,
    0x34,0x21,0x00,0x46,0x13,0x84,0x60,0x34,0x61,0x10,0x46,0x13,0x88,0x61,0xc4,0xe0,0x00,0x40,0x10,0x0c,0xc8,0x00,0xb7,0x07,
    0x9f,0x1e,0x4e,0x79,0xf0,0xe9,0x61,0x34,0x21,0x00,0x46,0x13,0x84,0x60,0x34,0x61,0x10,0x46,0x13,0x88,0xc1,0x12,0x22,0x3e,
    0x96,0x10,0xf1,0xb1,0x84,0x88,0x8f,0x25,0x44,0x7c,0x8c,0xe0,0xe4,0x63,0x44,0x27,0x1f,0x23,0x3c,0xf9,0x18,0xf1,0xc9,0xc7,
    0x08,0x06,0x3e,0x46,0x30,0xf0,0x31,0x82,0x81,0x8f,0x11,0x0c,0x7c,0x66,0x09,0x54,0x6a,0xc4,0xc0,0x00,0x40,0x10,0x0c,0x9a,
    0xf9,0x1e,0xec,0x7a,0xd0,0x85,0x0b,0x08,0x53,0x2a,0x63,0xd7,0x03,0x94,0xa0,0xde,0x03,0x8c,0x18,0x1c,0x00,0x08,0x82,0xc1,
    0xf7,0xde,0x43,0x5b,0x0f,0x81,0x30,0x62,0x60,0x00,0x20,0x08,0x06,0x0d,0x7e,0x0f,0x77,0x3d,0xfc,0xc2,0x88,0xc1,0x01,0x80,
    0x20,0x18,0x74,0xf2,0x3d,0xd0,0xf5,0x10,0xcf,0x83,0x30,0x9a,0x10,0x00,0xa3,0x09,0x42,0x30,0xcb,0x10,0x3a,0xa4,0x23,0x36,
    0xb3,0x0c,0xa3,0x23,0x3a,0xea,0x30,0x1c,0x11,0xa6,0x83,0x48,0x0f,0xc3,0x37,0x1c,0x21,0xa6,0x03,0x49,0x0f,0xc4,0x57,0x42,
    0xa0,0xd3,0x0d,0x26,0x3d,0x94,0xf4,0x10,0xcc,0x12,0x90,0xce,0x19,0x83,0xb2,0xc0,0x4c,0x07,0xf9,0x58,0xb0,0xd2,0x03,0x7c,
    0x46,0x0c,0x0c,0x00,0x04,0xc1,0xa0,0x19,0xf1,0xc1,0xb4,0x87,0xe0,0x02,0x02,0x8d,0x18,0x18,0x00,0x08,0x82,0x41,0x53,0xe2,
    0x03,0x69,0x0f,0xc3,0x70,0x83,0x70,0xda,0x83,0x19,0x0c,0x37,0x0c,0x0d,0x1a,0x94,0x10,0xa8,0xc1,0xf4,0x40,0xc4,0x67,0xba,
    0x21,0x80,0xe9,0x41,0xb0,0xe3,0xbf,0x07,0x10,0x0c,0x37,0x20,0xa9,0x3d,0x98,0xc1,0x70,0x83,0x30,0xa1,0x41,0x09,0x81,0x4e,
    0x37,0x28,0x35,0x3d,0x04,0x16,0x18,0xf0,0x99,0x25,0x20,0x9d,0x81,0x8e,0x41,0x18,0x1d,0x32,0x10,0x1d,0x38,0x3d,0x40,0x67,
    0x96,0xa1,0x74,0x50,0xc7,0x6e,0x66,0x19,0x4e,0xc7,0x74,0x40,0x62,0x38,0xc2,0x4e,0x07,0x9c,0x1e,0x86,0x6f,0x38,0xe2,0x4e,
    0x07,0x9d,0x1e,0x88,0xaf,0x84,0x40,0xa7,0x1b,0x78,0x7a,0xd8,0xe9,0x21,0x98,0x25,0x40,0x9d,0xdb,0x06,0x65,0xc1,0x9e,0x0e,
    0xf2,0xb1,0x20,0xac,0x07,0xf8,0x8c,0x18,0x18,0x00,0x08,0x82,0x41,0x93,0xe3,0x03,0x6f,0x0f,0xc1,0x05,0x04,0x1a,0x31,0x30,
    0x00,0x10,0x04,0x83,0x66,0xc7,0x07,0xdd,0x1e,0x86,0xe1,0x06,0xa1,0xb7,0x07,0x33,0x18,0x6e,0x18,0xc4,0x00,0x0d,0x4a,0x08,
    0xd4,0xcc,0x7a,0x20,0xe2,0x33,0xdd,0x10,0x98,0xf5,0x20,0xd8,0x51,0xe3,0x03,0x08,0x86,0x1b,0x90,0xdf,0x1e,0xcc,0x60,0xb8,
    0x41,0x40,0x03,0x34,0x28,0x21,0xd0,0xe9,0x06,0x65,0xad,0x87,0xc0,0x02,0x03,0x3e,0xb3,0x04,0xa8,0x33,0xd0,0x31,0x08,0xa7,
    0x43,0x06,0xa6,0xc3,0xab,0x07,0xe9,0x58,0x70,0xc9,0xe7,0xde,0x60,0x50,0xf7,0x06,0x83,0x9a,0x65,0x50,0x9d,0xd4,0xc9,0x09,
    0x13,0x60,0x75,0x90,0x8f,0x09,0xb0,0x3a,0xc8,0x67,0xc4,0xc0,0x00,0x40,0x10,0x0c,0x9a,0x36,0x1f,0xe0,0x7b,0x10,0x46,0x0c,
    0x0c,0x00,0x04,0xc1,0xa0,0x71,0xf3,0x21,0xbe,0x07,0xc1,0x84,0xbc,0x1e,0xe0,0x63,0x82,0x5e,0x0f,0xf0,0x31,0x01,0xa1,0x8f,
    0x09,0x08,0x7d,0x66,0x09,0x54,0x67,0xa0,0x62,0x20,0x52,0x07,0xae,0x0d,0xd4,0x19,0xa8,0x18,0x88,0xd4,0x81,0x6b,0x03,0x75,
    0xce,0x0f,0x06,0x35,0x62,0xf0,0x00,0x20,0x08,0x06,0x98,0x9c,0x0f,0xf0,0x3d,0xb8,0xf5,0xe0,0xd3,0xc3,0x20,0xf8,0xf5,0xe0,
    0xd7,0x43,0x9a,0x0f,0x69,0x3e,0xd0,0xf7,0x10,0x8c,0x26,0x04,0xc0,0x68,0x82,0x10,0x8c,0x26,0x0c,0xc2,0x68,0x02,0x31,0x8c,
    0x18,0x1c,0x00,0x08,0x82,0x01,0x19,0xc4,0xf9,0x70,0xdf,0x03,0x58,0x0f,0xf7,0x3d,0x8c,0x26,0x04,0xc0,0x68,0x82,0x10,0x8c,
    0x26,0x0c,0xc2,0x68,0x02,0x31,0x58,0x42,0xc4,0xc7,0x12,0x22,0x3e,0x96,0x10,0xf1,0xb1,0x84,0x88,0x8f,0x11,0x9c,0x7c,0x8c,
    0xe8,0xe4,0x63,0x84,0x27,0x1f,0x23,0x3e,0xf9,0x8c,0x18,0x1c,0x00,0x08,0x82,0x41,0x17,0xea,0xc3,0x88,0x0f,0xa0,0x3d,0xd0,
    0xc2,0x68,0x42,0x00,0x8c,0x26,0x08,0xc1,0x2c,0xc3,0xea,0xb8,0x4e,0xfc,0xcc,0x32,0xb4,0x0e,0xeb,0xe4,0xc5,0x70,0x04,0xbc,
    0x0e,0xb1,0x3d,0x0c,0xdf,0x70,0x44,0xbc,0x0e,0xb3,0x3d,0x10,0x5f,0x09,0x81,0x4e,0x37,0xd4,0xf6,0x40,0xdb,0x43,0x30,0x4b,
    0xe0,0x3a,0x67,0x0c,0xca,0x82,0x7a,0x1d,0xe4,0x63,0x81,0x6e,0x0f,0xf0,0x19,0x31,0x30,0x00,0x10,0x04,0x83,0x46,0xd6,0x87,
    0x1a,0x1f,0x82,0x0b,0x08,0x34,0x62,0x60,0x00,0x20,0x08,0x06,0x0d,0xad,0x0f,0x33,0x3e,0x0c,0xc3,0x0d,0x82,0x8d,0x0f,0x66,
    0x30,0xdc,0x30,0x34,0x68,0x50,0x42,0xa0,0xf6,0xdb,0x03,0x11,0x9f,0xe9,0x86,0xe0,0xb7,0x07,0xc1,0x0e,0x57,0x1f,0x40,0x30,
    0xdc,0x80,0xe0,0xf8,0x60,0x06,0xc3,0x0d,0xc2,0x84,0x06,0x25,0x04,0x3a,0xdd,0xa0,0x90,0xf7,0x10,0x58,0x60,0xc0,0x67,0x96,
    0xc0,0x75,0x06,0x3a,0x06,0xa1,0x75,0xc8,0x80,0x75,0x5c,0xf7,0x50,0x9d,0x59,0x86,0xd7,0x91,0x9d,0x12,0x9a,0x65,0x88,0x1d,
    0xd8,0x79,0x8d,0xe1,0x88,0x92,0x1d,0xce,0x7b,0x18,0xbe,0xe1,0x08,0x93,0x1d,0xd2,0x7b,0x20,0xbe,0x12,0x02,0x9d,0x6e,0x58,
    0xef,0x41,0xbd,0x87,0x60,0x96,0x40,0x76,0x6e,0x1b,0x94,0x05,0x2a,0x3b,0xc8,0xc7,0x02,0xf8,0x1e,0xe0,0x33,0x62,0x60,0x00,
    0x20,0x08,0x06,0x0d,0xba,0x0f,0x6b,0x3e,0x04,0x17,0x10,0x68,0xc4,0xc0,0x00,0x40,0x10,0x0c,0x1a,0x75,0x1f,0xd2,0x7c,0x18,
    0x86,0x1b,0x04,0x36,0x1f,0xcc,0x60,0xb8,0x61,0x10,0x03,0x34,0x28,0x21,0x50,0xab,0xef,0x81,0x88,0xcf,0x74,0x43,0x50,0xdf,
    0x83,0x60,0x07,0xb9,0x0f,0x20,0x18,0x6e,0x40,0xdc,0x7c,0x30,0x83,0xe1,0x06,0x01,0x0d,0xd0,0xa0,0x84,0x40,0xa7,0x1b,0x14,
    0xfd,0x1e,0x02,0x0b,0x0c,0xf8,0xcc,0x12,0xc8,0xce,0x40,0xc7,0x20,0xc4,0x0e,0x19,0xc0,0x8e,0xfe,0x1e,0xae,0x63,0xc1,0x25,
    0x9f,0x7b,0x83,0x41,0xdd,0x1b,0x0c,0x6a,0x96,0x81,0x76,0x66,0x07,0x3d,0x4c,0xf8,0xd9,0x41,0x3e,0x26,0xfc,0xec,0x20,0x9f,
    0x11,0x03,0x03,0x00,0x41,0x30,0x68,0xf8,0x7d,0xf8,0xf3,0x41,0x18,0x31,0x30,0x00,0x10,0x04,0x83,0xa6,0xdf,0x07,0x50,0x1f,
    0x04,0x13,0x50,0x7c,0x80,0x8f,0x09,0x29,0x3e,0xc0,0xc7,0x04,0x84,0x3e,0x26,0x20,0xf4,0x99,0x25,0xa0,0x9d,0x81,0x8a,0x81,
    0x98,0x1d,0x57,0x37,0x64,0x67,0xa0,0x62,0x20,0x66,0xc7,0xd5,0x0d,0xd9,0x39,0x98,0x18,0xd4,0x88,0xc1,0x03,0x80,0x20,0x18,
    0x60,0x21,0x3f,0xfc,0xf9,0xd0,0xdf,0x43,0x7b,0x0f,0x83,0xd0,0xe2,0x43,0x8b,0x0f,0xf8,0x3e,0xe0,0xfb,0x30,0xea,0x43,0x30,
    0x9a,0x10,0x00,0xa3,0x09,0x42,0x30,0x9a,0x30,0x08,0xa3,0x09,0xc4,0x60,0x84,0x2b,0xc4,0xc7,0x08,0x57,0x88,0x8f,0x11,0xae,
    0x10,0x1f,0x23,0x5c,0x21,0x3e,0x46,0x5c,0xf2,0x31,0x02,0x93,0x8f,0x11,0x99,0x7c,0x8c,0xd0,0xe4,0x63,0x84,0x2d,0xc0,0xc7,
    0x08,0x5b,0x80,0x8f,0x11,0xb6,0x00,0x1f,0x23,0x6c,0x01,0x3e,0x26,0x0b,0x48,0x7c,0x4c,0x16,0x90,0xf8,0x98,0x2c,0x20,0xf1,
    0x31,0x59,0x40,0xe2,0x63,0x84,0x58,0xc8,0xc7,0x88,0xb1,0x90,0x8f,0x11,0x64,0x21,0x1f,0x23,0xca,0x42,0x3e,0x46,0x30,0xf0,
    0x31,0x82,0x81,0x8f,0x11,0x0c,0x7c,0x8c,0x60,0xe0,0x33,0x4b,0xa0,0x52,0xb3,0x0c,0xb7,0x63,0x3b,0xa5,0x34,0x62,0x00,0x01,
    0x20,0x08,0x06,0xd6,0xcf,0x0f,0xb4,0x3e,0xe8,0xf8,0xa0,0xe2,0xc3,0xe9,0x0e,0xa6,0x3b,0xa8,0xf9,0xa0,0xe6,0x43,0xcd,0x0f,
    0x35,0x3f,0x80,0xfb,0xb0,0xbe,0x83,0x9a,0x0f,0xa3,0x09,0x01,0x30,0x9a,0x20,0x04,0xa3,0x09,0x83,0x30,0x9a,0x40,0x0c,0xb3,
    0x04,0x2a,0x35,0x62,0x60,0x00,0x20,0x08,0x06,0xcd,0xd9,0x0f,0xb6,0x3e,0xb0,0xee,0x30,0x62,0x60,0x00,0x20,0x08,0x06,0x0d,
    0xda,0x0f,0xb7,0x3e,0xb0,0xee,0x30,0x62,0x60,0x00,0x20,0x08,0x06,0x4d,0xda,0x0f,0xb9,0x3e,0xb8,0xee,0x30,0x62,0x60,0x00,
    0x20,0x08,0x06,0x8d,0xda,0x0f,0xba,0x3e,0xb8,0xee,0x30,0x62,0x70,0x00,0x20,0x08,0x06,0x1d,0xd9,0x0f,0xe6,0x3e,0x8c,0xf9,
    0xe0,0xf3,0xc3,0x68,0x42,0x00,0x8c,0x26,0x08,0xc1,0x68,0xc2,0x30,0xdc,0x30,0xa8,0x1b,0x06,0x65,0x02,0x22,0x1f,0x13,0x10,
    0xf9,0x98,0x20,0xc8,0xc7,0x04,0x41,0x3e,0x26,0x04,0xf0,0x19,0x31,0x30,0x00,0x10,0x04,0x83,0xc6,0xee,0x07,0x77,0x1f,0x02,
    0x43,0x20,0xf9,0x18,0x02,0xc9,0xc7,0x04,0x41,0x3e,0x26,0x08,0xf2,0x31,0x21,0x80,0xcf,0x88,0x81,0x01,0x80,0x20,0x18,0x34,
    0x7c,0x3f,0xd0,0xfb,0x10,0x8c,0x18,0x1c,0x00,0x08,0x82,0x41,0xb4,0xf7,0xc3,0xbf,0x0f,0x47,0x30,0x62,0x70,0x00,0x20,0x08,
    0x06,0x11,0xdf,0x0f,0x20,0x3f,0x04,0xa9,0x3e,0x8c,0x18,0x18,0x00,0x08,0x82,0x41,0xf3,0xf7,0x83,0xbd,0x0f,0x81,0x05,0x29,
    0x3c,0xc0,0x67,0xc4,0xe0,0x00,0x40,0x10,0x0c,0xa2,0xbf,0x1f,0x46,0x7e,0x08,0x4c,0x78,0x18,0x8e,0x08,0x50,0x7d,0x10,0xbe,
    0xd1,0x84,0x76,0x0a,0x46,0x13,0xdc,0x49,0x98,0x6e,0x10,0x82,0xe1,0x02,0xc2,0x0c,0x37,0x04,0x72,0x3f,0x80,0x41,0x19,0x81,
    0x8e,0x26,0xcc,0xd3,0x70,0x01,0x61,0x66,0x19,0x70,0xc7,0x7d,0x86,0x0a,0xf0,0x7e,0xc0,0x11,0x83,0x03,0x00,0x41,0x30,0xf8,
    0x48,0x7f,0xa0,0xf7,0x01,0xf4,0x87,0xe0,0x82,0x41,0x59,0x14,0xd0,0x67,0xc4,0xe0,0x00,0x40,0x10,0x0c,0xa2,0xd6,0x1f,0x5e,
    0x7e,0xc8,0xa6,0x11,0x83,0x03,0x00,0x41,0x30,0x88,0x5c,0x7f,0x90,0xf9,0x21,0x10,0x46,0x0c,0x0e,0x00,0x04,0xc1,0x20,0x7a,
    0xfd,0x61,0xe6,0x87,0x00,0xd7,0x07,0xab,0x02,0xfa,0x8c,0x18,0x18,0x00,0x08,0x82,0x41,0x33,0xfb,0x03,0xc9,0x0f,0xc1,0x88,
    0xc1,0x01,0x80,0x20,0x18,0x44,0xb2,0x3f,0xd8,0xfc,0x10,0xec,0xfa,0x30,0x62,0x70,0x00,0x20,0x08,0x06,0xd1,0xec,0x0f,0x35,
    0x3f,0x04,0xc8,0x05,0x84,0x19,0x8e,0x08,0x83,0x4d,0xf8,0xa6,0x1b,0xde,0x20,0x0e,0x82,0xe9,0x86,0x37,0x88,0x03,0xe1,0x88,
    0x41,0xd9,0x10,0xd0,0xc7,0x06,0x81,0x3e,0x23,0x06,0x06,0x00,0x82,0x60,0xd0,0xf4,0xfe,0x40,0xf3,0x03,0x63,0xc1,0x19,0x0f,
    0xf0,0x19,0x31,0x38,0x00,0x10,0x04,0x83,0xa8,0xf7,0x87,0xb0,0x1f,0x02,0x32,0x1e,0x86,0x1b,0x94,0xd9,0x1f,0xc0,0x60,0x96,
    0xa1,0x7d,0x72,0x27,0x98,0x25,0xd0,0x9d,0x81,0x8a,0x21,0x76,0xd6,0xc7,0xb5,0x8f,0xdc,0x19,0xa8,0x18,0x62,0x67,0x7d,0x60,
    0xfb,0xc8,0x9d,0x81,0x8a,0x21,0x76,0xd6,0x47,0xb6,0x8f,0xdc,0x19,0xa8,0x18,0x62,0x67,0x7d,0x68,0xfb,0xc8,0x9d,0x81,0x0a,
    0x22,0x76,0xd6,0x07,0xee,0x8f,0xdc,0xb9,0x60,0x50,0x15,0xa1,0xfd,0x00,0x17,0x0c,0xca,0x82,0x79,0x1f,0xe4,0x63,0x44,0x10,
    0x1f,0x0b,0x20,0xf9,0x98,0x00,0xc9,0xc7,0x04,0x19,0x1e,0xe0,0x63,0x82,0x0c,0x0f,0xf0,0x19,0x31,0x38,0x00,0x10,0x04,0x03,
    0x32,0x28,0xff,0x61,0xed,0x07,0x5a,0x1f,0x5a,0x7e,0x18,0x4d,0x08,0x86,0x0b,0x08,0x53,0xc1,0xed,0x0f,0x3a,0xdc,0x10,0x98,
    0xff,0x00,0x06,0xb3,0x0c,0xbc,0xb3,0x3b,0x41,0x99,0x42,0xdd,0x0f,0x70,0xc1,0xa0,0x46,0x0c,0x0e,0x00,0x04,0xc1,0x20,0xa2,
    0xff,0x01,0xef,0x87,0x8b,0xdf,0x87,0x11,0x83,0x03,0x00,0x41,0x30,0x88,0xea,0x7f,0xb8,0xfb,0x21,0x10,0x66,0x09,0x78,0x67,
    0xa0,0x62,0x10,0x76,0x87,0xbf,0x0f,0xdd,0x19,0x6e,0x38,0xd2,0x7f,0x08,0x83,0xe1,0x06,0xa4,0xfc,0x87,0x30,0x28,0x21,0xd0,
    0x59,0x86,0xde,0x11,0x9f,0xc0,0x08,0x93,0x1f,0xe0,0x33,0x62,0x60,0x00,0x20,0x08,0x06,0x4d,0xff,0x0f,0xa0,0x3f,0x04,0x17,
    0x10,0x66,0xc4,0xe0,0x00,0x40,0x10,0x0c,0x3a,0xfc,0x1f,0xf4,0x7e,0xb8,0xf7,0x21,0x18,0x4d,0x08,0x80,0xd1,0x04,0x21,0x98,
    0x65,0xf0,0x9d,0xdf,0x41,0xab,0x13,0x06,0x65,0x81,0x25,0x1f,0x0b,0x5a,0x7e,0x80,0xcf,0x88,0x81,0x01,0x80,0x20,0x18,0x34,
    0x25,0x48,0xa0,0xfe,0x10,0x5c,0x40,0xa0,0x11,0x03,0x03,0x00,0x41,0x30,0x68,0x4e,0x90,0x30,0xfd,0x61,0x18,0x6e,0x10,0x52,
    0x7f,0x30,0x83,0xe1,0x86,0x21,0x41,0x83,0x12,0x02,0x35,0x99,0x1f,0x88,0xf8,0x4c,0x37,0x04,0x32,0x3f,0x08,0x76,0x84,0x20,
    0x01,0x82,0xe1,0x06,0x64,0xf5,0x07,0x33,0x18,0x6e,0x10,0x1e,0x34,0x28,0x21,0xd0,0xe9,0x06,0xe5,0xe6,0x87,0xc0,0x02,0x03,
    0x3e,0xb3,0x04,0xbf,0x33,0x50,0x31,0x08,0xbe,0x43,0xe7,0x47,0xef,0xcc,0x32,0x80,0x4f,0xf8,0xe0,0xd5,0x4d,0x83,0xb2,0xe0,
    0x0c,0xe4,0x63,0xc1,0xcf,0x0f,0xf0,0x19,0x31,0x30,0x00,0x10,0x04,0x83,0xe6,0x06,0x09,0xdd,0x1f,0x82,0x0b,0x08,0x34,0x62,
    0x60,0x00,0x20,0x08,0x06,0x4d,0x0e,0x12,0xb8,0x3f,0x0c,0xc3,0x0d,0xc2,0xee,0x0f,0x66,0x30,0xdc,0x30,0x68,0x68,0x50,0x42,
    0xa0,0x46,0xf6,0x03,0x11,0x9f,0xe9,0x86,0x80,0xec,0x07,0xc1,0x8e,0x19,0x24,0x40,0x30,0xdc,0x80,0xf4,0xfe,0x60,0x06,0xc3,
    0x0d,0x02,0x18,0xa0,0x41,0x09,0x81,0x4e,0x37,0x28,0x69,0x3f,0x04,0x16,0x18,0xf0,0x99,0x25,0x08,0x9f,0x81,0x8a,0x41,0x00,
    0x1f,0x5c,0x3f,0x7e,0xc7,0x82,0x49,0x3e,0x97,0x06,0x83,0x1a,0x31,0x78,0x00,0x10,0x04,0x03,0x8c,0x0c,0x09,0xf1,0x1f,0xc0,
    0x7e,0x80,0xf9,0x61,0x0f,0xf4,0x00,0xee,0x07,0xb8,0x1f,0x76,0x90,0xd8,0x41,0xc2,0xfc,0x87,0x60,0x34,0x21,0x00,0x46,0x13,
    0x84,0x60,0x34,0x61,0x10,0x46,0x13,0x88,0x61,0xc4,0xe0,0x00,0x40,0x10,0x0c,0xc8,0x60,0x0c,0x89,0xf4,0x1f,0x64,0x7e,0x48,
    0xff,0x61,0x34,0x21,0x00,0x46,0x13,0x84,0x60,0x34,0x61,0x10,0x46,0x13,0x88,0xc1,0x12,0x22,0x3e,0x96,0x10,0xf1,0xb1,0x84,
    0x88,0x8f,0x25,0x44,0x7c,0x8c,0x80,0xe4,0x63,0x44,0x24,0x1f,0x23,0x24,0xf9,0x18,0x31,0xc9,0xc7,0x08,0x06,0x3e,0x46,0x30,
    0xf0,0x31,0x82,0x81,0x8f,0x11,0x0c,0x7c,0x66,0x09,0xd6,0x67,0xc4,0xc0,0x00,0x40,0x10,0x0c,0x1a,0x3f,0x24,0x42,0x90,0x30,
    0x85,0x0b,0x08,0x53,0x32,0x11,0x82,0x04,0x94,0x50,0x87,0x04,0x8c,0x18,0x1c,0x00,0x08,0x82,0xc1,0xa7,0x87,0x04,0xfe,0x0f,
    0x81,0x30,0x62,0x60,0x00,0x20,0x08,0x06,0xcd,0x28,0x12,0x22,0x48,0xac,0xc2,0x88,0xc1,0x01,0x80,0x20,0x18,0x74,0x7d,0x48,
    0xfc,0xff,0xc0,0xf7,0x83,0x30,0x9a,0x10,0x00,0xa3,0x09,0x42,0x30,0xcb,0x30,0x3e,0xe4,0xd3,0x5e,0x27,0x0c,0xca,0x82,0x5d,
    0x90,0x8f,0x05,0xb2,0x3f,0xc0,0x67,0xc4,0xc0,0x00,0x40,0x10,0x0c,0x1a,0x55,0x24,0x5a,0x90,0x08,0x2e,0x20,0xd0,0x88,0x81,
    0x01,0x80,0x20,0x18,0x34,0xac,0x48,0xac,0x20,0x31,0x0c,0x37,0x08,0x2e,0x48,0x98,0xc1,0x70,0xc3,0x90,0xa0,0x41,0x09,0x81,
    0xda,0xed,0x0f,0x44,0x7c,0xa6,0x1b,0x82,0xdb,0x1f,0x04,0x3b,0x4c,0x91,0x00,0xc1,0x70,0x03,0x02,0x83,0x84,0x19,0x0c,0x37,
    0x08,0x0f,0x1a,0x94,0x10,0xe8,0x74,0x83,0xc2,0xfb,0x43,0x60,0x81,0x01,0x9f,0x59,0x02,0xf2,0x19,0xa8,0x18,0x84,0xf1,0xf1,
    0xfb,0x43,0x7c,0x66,0x19,0xca,0xc7,0x7c,0xfa,0xeb,0xa6,0x41,0x59,0xc0,0x0e,0xf2,0xb1,0x80,0xfc,0x07,0xf8,0x8c,0x18,0x18,
    0x00,0x08,0x82,0x41,0xc3,0x8b,0xc4,0x0f,0x12,0xc1,0x05,0x04,0x1a,0x31,0x30,0x00,0x10,0x04,0x83,0xc6,0x17,0x89,0x1e,0x24,
    0x86,0xe1,0x06,0x01,0x0c,0x09,0x33,0x18,0x6e,0x18,0x34,0x34,0x28,0x21,0x50,0x4b,0xff,0x81,0x88,0xcf,0x74,0x43,0x90,0xfe,
    0x83,0x60,0x07,0x2e,0x12,0x20,0x18,0x6e,0x40,0xc4,0x90,0x30,0x83,0xe1,0x06,0x01,0x0c,0xd0,0xa0,0x84,0x40,0xa7,0x1b,0x14,
    0xf7,0x1f,0x02,0x0b,0x0c,0xf8,0xcc,0x12,0x98,0xcf,0x40,0xc5,0x20,0x94,0x8f,0xf8,0x1f,0xe4,0x63,0xc1,0x24,0x9f,0x53,0x83,
    0x41,0x8d,0x18,0x3c,0x00,0x08,0x82,0x01,0x96,0x8e,0xc4,0x19,0x12,0xe5,0x3f,0xd4,0xfe,0x00,0x12,0xff,0x50,0xff,0x43,0xfd,
    0x0f,0xe0,0x48,0x80,0x23,0xb1,0x86,0x44,0x30,0x9a,0x10,0x00,0xa3,0x09,0x42,0x30,0x9a,0x30,0x08,0xa3,0x09,0xc4,0x30,0x62,
    0x70,0x00,0x20,0x08,0x06,0x64,0x80,0x8e,0x84,0x1b,0x12,0xb7,0x3f,0xb8,0x21,0x31,0x9a,0x10,0x00,0xa3,0x09,0x42,0x30,0x9a,
    0x30,0x08,0xa3,0x09,0xc4,0x60,0x09,0x11,0x1f,0x4b,0x88,0xf8,0x58,0x42,0xc4,0xc7,0x12,0x22,0x3e,0x46,0x40,0xf2,0x31,0x22,
    0x92,0x8f,0x11,0x92,0x7c,0x8c,0x98,0xe4,0x33,0x62,0x70,0x00,0x20,0x08,0x06,0x1d,0x3e,0x12,0x7a,0x48,0xdc,0xff,0x00,0x0a,
    0xa3,0x09,0x01,0x30,0x9a,0x20,0x04,0xb3,0x0c,0xe7,0x83,0x3e,0x68,0x76,0xc2,0xa0,0x2c,0xb0,0x09,0xf9,0x58,0xd0,0x82,0x04,
    0x7c,0x46,0x0c,0x0c,0x00,0x04,0xc1,0xa0,0x29,0x49,0x02,0x15,0x89,0xe0,0x02,0x02,0x8d,0x18,0x18,0x00,0x08,0x82,0x41,0x73,
    0x92,0x84,0x29,0x12,0xc3,0x70,0x83,0x90,0x8a,0x84,0x19,0x0c,0x37,0x0c,0x09,0x1a,0x94,0x10,0xa8,0xc9,0x20,0x41,0xc4,0x67,
    0xba,0x21,0x90,0x41,0x42,0xb0,0x23,0x24,0x09,0x10,0x0c,0x37,0x20,0xab,0x48,0x98,0xc1,0x70,0x83,0xf0,0xa0,0x41,0x09,0x81,
    0x4e,0x37,0x28,0x37,0x48,0x04,0x16,0x18,0xf0,0x99,0x25,0x40,0x9f,0x81,0x8a,0x41,0x38,0x1f,0x3a,0x44,0xcc,0x67,0x96,0x21,
    0x7d,0xd4,0x07,0xcf,0x6e,0x1a,0x94,0x05,0x67,0x21,0x1f,0x0b,0x7e,0x90,0x80,0xcf,0x88,0x81,0x01,0x80,0x20,0x18,0x34,0x37,
    0x49,0xe8,0x22,0x11,0x5c,0x40,0xa0,0x11,0x03,0x03,0x00,0x41,0x30,0x68,0x72,0x92,0xc0,0x45,0x62,0x18,0x6e,0x10,0x76,0x91,
    0x30,0x83,0xe1,0x86,0x41,0x43,0x83,0x12,0x02,0x35,0x32,0x24,0x88,0xf8,0x4c,0x37,0x04,0x64,0x48,0x08,0x76,0xcc,0x24,0x01,
    0x82,0xe1,0x06,0xa4,0x17,0x09,0x33,0x18,0x6e,0x10,0xc0,0x00,0x0d,0x4a,0x08,0x74,0xba,0x41,0x49,0x43,0x22,0xb0,0xc0,0x80,
    0xcf,0x2c,0x81,0xfa,0x0c,0x54,0x0c,0x42,0xfa,0xe0,0x22,0x82,0x3e,0x16,0x4c,0xf2,0x39,0x74,0x18,0xd4,0x88,0xc1,0x03,0x80,
    0x20,0x18,0x60,0x64,0x49,0x88,0x23,0x01,0x86,0x04,0x0c,0x12,0x7b,0xa1,0x17,0x70,0x48,0xc0,0x21,0xb1,0x93,0xc4,0x4e,0x12,
    0xe6,0x48,0x04,0xa3,0x09,0x01,0x30,0x9a,0x20,0x04,0xa3,0x09,0x83,0x30,0x9a,0x40,0x0c,0x46,0xe8,0x41,0x7c,0x8c,0xd0,0x83,
    0xf8,0x18,0xa1,0x07,0xf1,0x31,0x42,0x0f,0xe2,0x63,0xc4,0x22,0x1f,0x23,0x18,0xf9,0x18,0xd1,0xc8,0xc7,0x08,0x47,0x3e,0x46,
    0x88,0x02,0x7c,0x8c,0x10,0x05,0xf8,0x18,0x21,0x0a,0xf0,0x31,0x42,0x14,0xe0,0x63,0x7e,0x80,0xc4,0xc7,0xfc,0x00,0x89,0x8f,
    0xf9,0x01,0x12,0x1f,0xf3,0x03,0x24,0x3e,0x46,0xe8,0x83,0x7c,0x8c,0xd8,0x07,0xf9,0x18,0xc1,0x0f,0xf2,0x31,0xa2,0x1f,0xe4,
    0x63,0x04,0x03,0x1f,0x23,0x18,0xf8,0x18,0xc1,0xc0,0xc7,0x08,0x06,0x3e,0xb3,0x04,0xeb,0x33,0x50,0x31,0xd8,0x48,0xf8,0x20,
    0xea,0x33,0x50,0x31,0xd8,0x48,0xf8,0x20,0xea,0x33,0x50,0x31,0xd8,0x48,0xf8,0x20,0xea,0x33,0x50,0x31,0xd8,0x48,0xf8,0x20,
    0xea,0x63,0x04,0x7a,0xc0,0xc7,0x08,0xf4,0x80,0x8f,0x11,0xe8,0x01,0x1f,0x23,0xd0,0x03,0x3e,0x86,0x1e,0xa1,0x49,0x40,0x60,
    0xb8,0x21,0xc0,0x0f,0x30,0x98,0x65,0x60,0x1f,0xdd,0x09,0x66,0x09,0xda,0x67,0xa0,0x62,0x50,0x4b,0x04,0x77,0x18,0xf6,0x19,
    0xa8,0x18,0xd8,0x12,0xc1,0x1d,0x86,0x7d,0x06,0x2a,0x06,0xb7,0x44,0x70,0x87,0x61,0x9f,0x81,0x8a,0x01,0x2e,0x11,0xdc,0x61,
    0xd8,0xc7,0x88,0xfc,0xa0,0x8f,0x11,0xfa,0x41,0x1f,0x23,0xf6,0x83,0x3e,0x46,0xf0,0x07,0x7d,0x66,0x09,0x54,0x6a,0xb8,0x21,
    0x46,0x56,0x93,0x08,0x83,0x72,0x91,0xbe,0x24,0x74,0xb8,0x21,0x60,0x4d,0x02,0x0c,0x66,0x19,0xe0,0xe7,0x7d,0x82,0x62,0x93,
    0x9d,0x24,0xe0,0x82,0x41,0x8d,0x18,0x1c,0x00,0x08,0x82,0x41,0xa4,0x9b,0x84,0x4f,0x12,0x3b,0x22,0x8e,0xc4,0x88,0xc1,0x01,
    0x80,0x20,0x18,0x44,0xbb,0x49,0xf4,0x24,0x11,0x08,0xb3,0x04,0xf0,0x33,0x50,0x31,0x08,0xef,0x83,0x9a,0x88,0xfb,0x0c,0x37,
    0x1c,0xaf,0x49,0x84,0xc1,0x70,0x03,0xb2,0x9a,0x44,0x18,0x94,0x10,0xe8,0x2c,0x43,0xfc,0xf0,0x4f,0x60,0x04,0x3b,0x12,0xf0,
    0x19,0x31,0x30,0x00,0x10,0x04,0x83,0x66,0x3c,0x09,0xb3,0x24,0x82,0x0b,0x08,0x33,0x62,0x70,0x00,0x20,0x08,0x06,0x9d,0x6f,
    0x12,0x60,0x49,0xf4,0x22,0x11,0x8c,0x26,0x04,0xc0,0x68,0x82,0x10,0xcc,0x32,0xc8,0x4f,0xfd,0xb8,0xdc,0x2c,0x03,0xfd,0xcc,
    0x4f,0x34,0x1c,0xd1,0xe2,0x83,0x3b,0x12,0xc3,0x37,0x1c,0xe1,0xe2,0x03,0x3c,0x12,0xc4,0x57,0x42,0xa0,0xd3,0x0d,0xf2,0x48,
    0xc4,0x23,0x11,0xcc,0x12,0xd4,0xcf,0x19,0x83,0xb2,0x40,0xc6,0x07,0xf9,0x58,0x70,0x8f,0x04,0x7c,0x46,0x0c,0x0c,0x00,0x04,
    0xc1,0xa0,0x79,0x4f,0x42,0x2e,0x89,0xe0,0x02,0x02,0x8d,0x18,0x18,0x00,0x08,0x82,0x41,0x13,0x9f,0x04,0x5c,0x12,0xc3,0x70,
    0x83,0x30,0x97,0x84,0x19,0x0c,0x37,0x0c,0x0d,0x1a,0x94,0x10,0xa8,0xf1,0x23,0x41,0xc4,0x67,0xba,0x21,0xe0,0x47,0x42,0xb0,
    0x63,0x3d,0x09,0x10,0x0c,0x37,0x20,0x75,0x49,0x98,0xc1,0x70,0x83,0x30,0xa1,0x41,0x09,0x81,0x4e,0x37,0x28,0x21,0x49,0x04,
    0x16,0x18,0xf0,0x99,0x25,0xa8,0x9f,0x81,0x8e,0x41,0xa0,0x1f,0x32,0x98,0x1f,0x14,0x45,0xe2,0x67,0x96,0xc1,0x7e,0xf2,0x47,
    0xec,0x66,0x19,0xf0,0xe7,0x7e,0xce,0x60,0x38,0x42,0xcc,0x07,0x92,0x24,0x86,0x6f,0x38,0x62,0xcc,0x07,0x93,0x24,0x88,0xaf,
    0x84,0x40,0xa7,0x1b,0x50,0x92,0x38,0x49,0x22,0x98,0x25,0xc8,0x9f,0xdb,0x06,0x65,0xc1,0x99,0x0f,0xf2,0xb1,0xa0,0x25,0x09,
    0xf8,0x8c,0x18,0x18,0x00,0x08,0x82,0x41,0x53,0xa2,0x04,0x6a,0x12,0xc1,0x05,0x04,0x1a,0x31,0x30,0x00,0x10,0x04,0x83,0xe6,
    0x44,0x09,0xd3,0x24,0x86,0xe1,0x06,0x21,0x35,0x09,0x33,0x18,0x6e,0x18,0xc4,0x00,0x0d,0x4a,0x08,0xd4,0x64,0x92,0x20,0xe2,
    0x33,0xdd,0x10,0xc8,0x24,0x21,0xd8,0x11,0xa2,0x04,0x08,0x86,0x1b,0x90,0xd5,0x24,0xcc,0x60,0xb8,0x41,0x40,0x03,0x34,0x28,
    0x21,0xd0,0xe9,0x06,0xe5,0x26,0x89,0xc0,0x02,0x03,0x3e,0xb3,0x04,0xf9,0x33,0xd0,0x31,0x08,0xf8,0x43,0x06,0xf7,0x43,0xa7,
    0x48,0xfd,0x58,0x70,0xc9,0xe7,0xde,0x60,0x50,0xf7,0x06,0x83,0x9a,0x65,0xd8,0x1f,0xfd,0x01,0x05,0x13,0xf8,0x7c,0x90,0x8f,
    0x09,0x7c,0x3e,0xc8,0x67,0xc4,0xc0,0x00,0x40,0x10,0x0c,0x9a,0x1c,0x25,0x78,0x93,0x10,0x46,0x0c,0x0c,0x00,0x04,0xc1,0xa0,
    0xd1,0x51,0xa2,0x37,0x09,0xc1,0x84,0xb2,0x24,0xe0,0x63,0x82,0x59,0x12,0xf0,0x31,0x01,0xa1,0x8f,0x09,0x08,0x7d,0x66,0x09,
    0xf6,0x67,0xa0,0x62,0x20,0xf4,0x07,0xa5,0x8f,0xfc,0x19,0xa8,0x18,0x08,0xfd,0x41,0xe9,0x23,0x7f,0xae,0x0f,0x06,0x35,0x62,
    0xf0,0x00,0x20,0x08,0x06,0x98,0x8f,0x12,0xbc,0x49,0xe8,0x24,0xa1,0x92,0xc4,0x20,0xa8,0x25,0xa1,0x96,0x44,0x8d,0x12,0x35,
    0x4a,0x80,0x27,0x11,0x8c,0x26,0x04,0xc0,0x68,0x82,0x10,0x8c,0x26,0x0c,0xc2,0x68,0x02,0x31,0x8c,0x18,0x1c,0x00,0x08,0x82,
    0x01,0x19,0xf4,0x28,0x31,0x9e,0x04,0x4b,0x12,0xe3,0x49,0x8c,0x26,0x04,0xc0,0x68,0x82,0x10,0x8c,0x26,0x0c,0xc2,0x68,0x02,
    0x31,0x58,0x42,0xc4,0xc7,0x12,0x22,0x3e,0x96,0x10,0xf1,0xb1,0x84,0x88,0x8f,0x11,0x9c,0x7c,0x8c,0xe8,0xe4,0x63,0x84,0x27,
    0x1f,0x23,0x3e,0xf9,0x18,0xc1,0xc0,0xc7,0x08,0x06,0x3e,0x46,0x30,0xf0,0x31,0x82,0x81,0xcf,0x2c,0x81,0x4a,0x8d,0x18,0x18,
    0x00,0x08,0x82,0x41,0x83,0xa7,0xc4,0x7e,0x12,0xba,0x70,0x01,0x61,0x8a,0x65,0xf6,0x93,0x80,0x12,0xde,0x94,0x80,0x11,0x83,
    0x03,0x00,0x41,0x30,0xf8,0xe8,0x94,0x90,0x4f,0x22,0x10,0x46,0x0c,0x0c,0x00,0x04,0xc1,0xa0,0xe9,0x53,0x82,0x3f,0x89,0x5f,
    0x18,0x31,0x38,0x00,0x10,0x04,0x83,0xee,0x4e,0x89,0xfc,0x24,0xec,0x92,0x10,0x46,0x13,0x02,0x60,0x34,0x41,0x08,0x66,0x19,
    0xfa,0x07,0x84,0xce,0x6f,0x96,0xe1,0x7f,0xfc,0x47,0x1d,0x86,0x23,0xcc,0x7d,0x38,0x4d,0x62,0xf8,0x86,0x23,0xce,0x7d,0x48,
    0x4d,0x82,0xf8,0x4a,0x08,0x74,0xba,0x61,0x35,0x09,0xd5,0x24,0x82,0x59,0x02,0x10,0x3a,0x63,0x50,0x16,0xac,0xfb,0x20,0x1f,
    0x0b,0x60,0x93,0x80,0xcf,0x88,0x81,0x01,0x80,0x20,0x18,0x34,0xa8,0x4a,0xac,0x28,0x11,0x5c,0x40,0xa0,0x11,0x03,0x03,0x00,
    0x41,0x30,0x68,0x54,0x95,0x48,0x51,0x62,0x18,0x6e,0x10,0x58,0x94,0x30,0x83,0xe1,0x86,0xa1,0x41,0x83,0x12,0x02,0xb5,0xda,
    0x24,0x88,0xf8,0x4c,0x37,0x04,0xb5,0x49,0x08,0x76,0x90,0x2a,0x01,0x82,0xe1,0x06,0xc4,0x45,0x09,0x33,0x18,0x6e,0x10,0x26,
    0x34,0x28,0x21,0xd0,0xe9,0x06,0x45,0x37,0x89,0xc0,0x02,0x03,0x3e,0xb3,0x04,0x20,0x34,0xd0,0x31,0x08,0xff,0x43,0x06,0xfe,
    0xa3,0xb7,0x08,0xff,0xcc,0x32,0x84,0x10,0x09,0xed,0xdf,0x2c,0xc3,0x08,0x89,0x10,0x48,0x0c,0x47,0xec,0xfb,0xd0,0x9b,0xc4,
    0xf0,0x0d,0x47,0xf0,0xfb,0xf0,0x9b,0x04,0xf1,0x95,0x10,0xe8,0x74,0x43,0x78,0x12,0xe0,0x49,0x04,0xb3,0x04,0x24,0x74,0xdb,
    0xa0,0x2c,0x00,0xf9,0x41,0x3e,0x16,0x98,0x27,0x01,0x9f,0x11,0x03,0x03,0x00,0x41,0x30,0x68,0x7c,0x95,0x08,0x53,0x22,0xb8,
    0x80,0x40,0x23,0x06,0x06,0x00,0x82,0x60,0xd0,0x80,0x2b,0xf1,0xa3,0xc4,0x30,0xdc,0x20,0x88,0x29,0x61,0x06,0xc3,0x0d,0x83,
    0x18,0xa0,0x41,0x09,0x81,0xda,0x7a,0x12,0x44,0x7c,0xa6,0x1b,0x82,0xf5,0x24,0x04,0x3b,0x74,0x95,0x00,0xc1,0x70,0x03,0x42,
    0xa6,0x84,0x19,0x0c,0x37,0x08,0x68,0x80,0x06,0x25,0x04,0x3a,0xdd,0xa0,0xc0,0x27,0x11,0x58,0x60,0xc0,0x67,0x96,0x80,0x84,
    0x06,0x3a,0x06,0x61,0x84,0xc8,0x40,0x84,0xcc,0x17,0x01,0x21,0x0b,0x2e,0xf9,0xdc,0x1b,0x0c,0xea,0xde,0x60,0x50,0xb3,0x0c,
    0x26,0x54,0x42,0x39,0x61,0x42,0xcd,0x0f,0xf2,0x31,0xa1,0xe6,0x07,0xf9,0x8c,0x18,0x18,0x00,0x08,0x82,0x41,0x23,0xaf,0x44,
    0x9d,0x12,0xc2,0x88,0x81,0x01,0x80,0x20,0x18,0x34,0xf3,0x4a,0xd8,0x29,0x21,0x98,0xe0,0x9f,0x04,0x7c,0x4c,0xf8,0x4f,0x02,
    0x3e,0x26,0x20,0xf4,0x31,0x01,0xa1,0xcf,0x2c,0x81,0x09,0x0d,0x54,0x0c,0x44,0x09,0xe9,0xf9,0x41,0x42,0x03,0x15,0x03,0x51,
    0x42,0x7a,0x7e,0x90,0xd0,0xf9,0xc1,0xa0,0x46,0x0c,0x1e,0x00,0x04,0xc1,0x00,0xbb,0x57,0xa2,0x4e,0x89,0xf9,0x24,0xc6,0x93,
    0x18,0x84,0x11,0x25,0x46,0x94,0x70,0x57,0xc2,0x5d,0x89,0x3c,0x25,0x82,0xd1,0x84,0x00,0x18,0x4d,0x10,0x82,0xd1,0x84,0x41,
    0x18,0x4d,0x20,0x86,0x11,0x83,0x03,0x00,0x41,0x30,0x20,0x03,0x7b,0x25,0xf8,0x94,0x28,0x4f,0x82,0x4f,0x89,0xd1,0x84,0x00,
    0x18,0x4d,0x10,0x82,0xd1,0x84,0x41,0x18,0x4d,0x20,0x06,0x4b,0x88,0xf8,0x58,0x42,0xc4,0xc7,0x12,0x22,0x3e,0x96,0x10,0xf1,
    0x31,0x82,0x93,0x8f,0x11,0x9d,0x7c,0x8c,0xf0,0xe4,0x63,0xc4,0x27,0x9f,0x11,0x83,0x03,0x00,0x41,0x30,0xe8,0x4c,0x96,0x40,
    0x55,0xa2,0x44,0x09,0x5a,0x18,0x4d,0x08,0x80,0xd1,0x04,0x21,0x98,0x65,0x38,0x21,0x15,0xb2,0xc3,0x60,0x96,0x21,0x85,0x50,
    0x28,0x2f,0x86,0x23,0xea,0x7e,0xb0,0x51,0x62,0xf8,0x86,0x23,0xec,0x7e,0xc0,0x51,0x82,0xf8,0x4a,0x08,0x74,0xba,0x41,0x47,
    0x89,0x1c,0x25,0x82,0x59,0x02,0x15,0x3a,0x63,0x50,0x16,0xe8,0xfd,0x20,0x1f,0x0b,0x7e,0x94,0x80,0xcf,0x88,0x81,0x01,0x80,
    0x20,0x18,0x34,0x37,0x4b,0xe8,0x2a,0x11,0x5c,0x40,0xa0,0x11,0x03,0x03,0x00,0x41,0x30,0x68,0x72,0x96,0xc0,0x55,0x62,0x18,
    0x6e,0x10,0x76,0x95,0x30,0x83,0xe1,0x86,0xa1,0x41,0x83,0x12,0x02,0x35,0x32,0x25,0x88,0xf8,0x4c,0x37,0x04,0x64,0x4a,0x08,
    0x76,0xcc,0x2c,0x01,0x82,0xe1,0x06,0xa4,0x57,0x09,0x33,0x18,0x6e,0x10,0x26,0x34,0x28,0x21,0xd0,0xe9,0x06,0x25,0x4d,0x89,
    0xc0,0x02,0x03,0x3e,0xb3,0x04,0x2a,0x34,0xd0,0x31,0x08,0x29,0x44,0x06,0x28,0x84,0xcb,0x88,0x09,0xcd,0x32,0xac,0x90,0x0b,
    0xa9,0x62,0x30,0xcb,0xd0,0x42,0x2c,0xf4,0x1a,0xc3,0x11,0xaa,0x3f,0xb0,0x29,0x31,0x7c,0xc3,0x11,0xab,0x3f,0xb8,0x29,0x41,
    0x7c,0x25,0x04,0x3a,0xdd,0x00,0xa7,0xc4,0x9b,0x12,0xc1,0x2c,0x81,0x0b,0xdd,0x36,0x28,0x0b,0x5e,0x7f,0x90,0x8f,0x05,0x75,
    0x4a,0xc0,0x67,0xc4,0xc0,0x00,0x40,0x10,0x0c,0x9a,0xb6,0x25,0xe0,0x95,0x08,0x2e,0x20,0xd0,0x88,0x81,0x01,0x80,0x20,0x18,
    0x34,0x6f,0x4b,0xb8,0x2b,0x31,0x0c,0x37,0x08,0xf1,0x4a,0x98,0xc1,0x70,0xc3,0x20,0x06,0x68,0x50,0x42,0xa0,0xa6,0xa7,0x04,
    0x11,0x9f,0xe9,0x86,0x40,0x4f,0x09,0xc1,0x8e,0xb4,0x25,0x40,0x30,0xdc,0x80,0xcc,0x2b,0x61,0x06,0xc3,0x0d,0x02,0x1a,0xa0,
    0x41,0x09,0x81,0x4e,0x37,0x28,0x7f,0x4a,0x04,0x16,0x18,0xf0,0x99,0x25,0x70,0xa1,0x81,0x8e,0x41,0x68,0x21,0x32,0x60,0x21,
    0x92,0x46,0x54,0xc8,0x82,0x4b,0x3e,0xf7,0x06,0x83,0xba,0x37,0x18,0xd4,0x2c,0x03,0x0c,0xbd,0x10,0x7a,0x98,0x40,0xfe,0x83,
    0x7c,0x4c,0x20,0xff,0x41,0x3e,0x23,0x06,0x06,0x00,0x82,0x60,0xd0,0x84,0x2e,0x41,0xb2,0x84,0x30,0x62,0x60,0x00,0x20,0x08,
    0x06,0x8d,0xe8,0x12,0x25,0x4b,0x08,0x26,0xb4,0x2a,0x01,0x1f,0x13,0x5c,0x95,0x80,0x8f,0x09,0x08,0x7d,0x4c,0x40,0xe8,0x33,
    0x4b,0x00,0x43,0x03,0x15,0x03,0xf1,0x42,0xb8,0x7f,0xb8,0xd0,0x40,0xc5,0x40,0xbc,0x10,0xee,0x1f,0x2e,0x74,0x30,0x31,0xa8,
    0x11,0x83,0x07,0x00,0x41,0x30,0xc0,0x4c,0x97,0x20,0x59,0x42,0x54,0x09,0x39,0x25,0x06,0x41,0x56,0x09,0x59,0x25,0xfa,0x96,
    0xe8,0x5b,0x02,0x65,0x89,0x60,0x34,0x21,0x00,0x46,0x13,0x84,0x60,0x34,0x61,0x10,0x46,0x13,0x88,0xc1,0x08,0x57,0x88,0x8f,
    0x11,0xae,0x10,0x1f,0x23,0x5c,0x21,0x3e,0x46,0xb8,0x42,0x7c,0x8c,0xb8,0xe4,0x63,0x04,0x26,0x1f,0x23,0x32,0xf9,0x18,0xa1,
    0xc9,0xc7,0x08,0x5b,0x80,0x8f,0x11,0xb6,0x00,0x1f,0x23,0x6c,0x01,0x3e,0x46,0xd8,0x02,0x7c,0x4c,0x16,0x90,0xf8,0x98,0x2c,
    0x20,0xf1,0x31,0x59,0x40,0xe2,0x63,0xb2,0x80,0xc4,0xc7,0x08,0xb1,0x90,0x8f,0x11,0x63,0x21,0x1f,0x23,0xc8,0x42,0x3e,0x46,
    0x94,0x85,0x7c,0x8c,0x60,0xe0,0x63,0x04,0x03,0x1f,0x23,0x18,0xf8,0x18,0xc1,0xc0,0x67,0x96,0x40,0xa5,0x46,0x0c,0x0e,0x00,
    0x04,0xc1,0x80,0x0c,0x7a,0x97,0x18,0x5b,0x82,0x55,0x09,0x92,0x25,0x46,0x13,0x02,0xe0,0x02,0xc2,0x54,0xf0,0xba,0x84,0x0e,
    0x37,0x04,0xb8,0x4b,0x80,0x41,0x0d,0x37,0x4b,0xe8,0x70,0x43,0xb0,0xb3,0x04,0x18,0xd4,0x10,0xec,0x2c,0x83,0x2b,0xc9,0x50,
    0x1a,0x12,0x23,0x06,0x06,0x00,0x82,0x60,0xd0,0xbc,0x2f,0x41,0xb6,0x04,0x1e,0x12,0x16,0xbc,0x21,0x21,0x1f,0x13,0xde,0x90,
    0x90,0x8f,0x0d,0x73,0x48,0xc8,0xc7,0x88,0x39,0x24,0xe4,0x33,0xcb,0x40,0x43,0x33,0x64,0x8c,0x18,0x54,0x00,0x08,0x82,0x81,
    0xf6,0xbe,0x84,0xcf,0x12,0xed,0x4a,0xf4,0x2a,0x91,0x83,0x04,0x0e,0x12,0xfc,0x4a,0xf0,0x2b,0x71,0xbe,0xc4,0xf9,0x12,0x72,
    0x4b,0x08,0x01,0xbf,0x12,0xc4,0xc0,0xaf,0x04,0xbf,0x12,0xa3,0x09,0x01,0x30,0x9a,0x20,0x04,0xa3,0x09,0x83,0x30,0x9a,0x40,
    0x0c,0xb3,0x04,0x2a,0x35,0x62,0x70,0x00,0x20,0x08,0x06,0x9d,0xfc,0x12,0x74,0x4b,0xc8,0x2b,0xc1,0xbe,0xc4,0x68,0x42,0x00,
    0x8c,0x26,0x08,0xc1,0x68,0xc2,0x30,0xdc,0x30,0xa8,0x1b,0x06,0x65,0x42,0x23,0x1f,0x13,0x1a,0xf9,0x98,0x20,0xc8,0xc7,0x04,
    0x41,0x3e,0x26,0x04,0xf0,0x19,0x31,0x30,0x00,0x10,0x04,0x83,0x86,0x84,0x09,0xbe,0x25,0x02,0x43,0x2a,0xf9,0x18,0x52,0xc9,
    0xc7,0x04,0x41,0x3e,0x26,0x08,0xf2,0x31,0x21,0x80,0xcf,0x88,0x81,0x01,0x80,0x20,0x18,0x34,0x2a,0x4c,0x88,0x2e,0x11,0x8c,
    0x18,0x1c,0x00,0x08,0x82,0x41,0x94,0xc2,0x44,0xeb,0x12,0x47,0x30,0x62,0x70,0x00,0x20,0x08,0x06,0x91,0x0a,0x13,0xae,0x4b,
    0x04,0x37,0x4b,0x8c,0x18,0x18,0x00,0x08,0x82,0x41,0xd3,0xc2,0x04,0xe9,0x12,0xc1,0x88,0xc1,0x01,0x80,0x20,0x18,0x44,0x2c,
    0x4c,0xc0,0x2e,0x11,0xcc,0x22,0x31,0x1c,0x11,0xd4,0x2c,0x21,0x7c,0xa3,0x09,0x69,0x10,0x8c,0x26,0xa8,0x81,0x30,0xdd,0x20,
    0x04,0xc3,0x05,0x84,0x19,0x6e,0x08,0xfe,0x97,0x00,0x83,0x32,0x02,0x1d,0x4d,0x78,0x83,0xe1,0x02,0xc2,0xcc,0x32,0xd4,0xd0,
    0x1a,0x0d,0x15,0x94,0x30,0x81,0x23,0x06,0x07,0x00,0x82,0x60,0xf0,0xc5,0x30,0x11,0xba,0x44,0x0b,0x13,0xc1,0x05,0x83,0x32,
    0x28,0xa0,0xcf,0x88,0xc1,0x01,0x80,0x20,0x18,0x44,0x3a,0x4c,0xf0,0x2e,0x81,0x49,0x23,0x06,0x07,0x00,0x82,0x60,0x10,0xed,
    0x30,0xf1,0xbb,0x44,0x20,0x8c,0x18,0x1c,0x00,0x08,0x82,0x41,0xc4,0xc3,0x04,0xf8,0x12,0x41,0xd9,0x12,0x46,0x05,0xf4,0x19,
    0x31,0x30,0x00,0x10,0x04,0x83,0x06,0x8c,0x89,0xd8,0x25,0x82,0x11,0x83,0x03,0x00,0x41,0x30,0x88,0x7e,0x98,0x18,0x5f,0x22,
    0x40,0x5b,0x62,0xc4,0xe0,0x00,0x40,0x10,0x0c,0x22,0x30,0x26,0xc4,0x97,0x08,0x90,0x0b,0x08,0x33,0x1c,0x01,0x06,0x9a,0xf0,
    0x4d,0x37,0xcc,0x41,0x1d,0x04,0xd3,0x0d,0x73,0x50,0x07,0xc2,0x11,0x83,0xb2,0x21,0xa0,0x8f,0x0d,0x02,0x7d,0x46,0x0c,0x0c,
    0x00,0x04,0xc1,0xa0,0x51,0x63,0x22,0x7c,0x09,0x66,0xc4,0xe0,0x00,0x40,0x10,0x0c,0xa2,0x34,0x26,0xda,0x97,0x08,0xe0,0x91,
    0x18,0x6e,0x48,0x7e,0x98,0x00,0x83,0x59,0x06,0x35,0xb2,0xa1,0x60,0x96,0xe0,0x86,0x06,0x2a,0x86,0xd8,0x41,0x23,0x73,0x47,
    0x6c,0x68,0xa0,0x62,0x88,0x1d,0x34,0x42,0x77,0xc4,0x86,0x06,0x2a,0x86,0xd8,0x41,0x23,0x75,0x47,0x6c,0x68,0xa0,0x62,0x88,
    0x1d,0x34,0x62,0x77,0xc4,0x86,0x06,0x2a,0x88,0xd8,0x41,0x23,0x54,0x4c,0x6c,0xe8,0x82,0x41,0x15,0x44,0xbf,0x04,0x5c,0x30,
    0x28,0x0b,0xfe,0x96,0x90,0x8f,0x11,0x41,0x7c,0x2c,0x78,0xe4,0x63,0xc2,0x23,0x1f,0x13,0x7c,0x91,0x80,0x8f,0x09,0xbe,0x48,
    0xc0,0x67,0xc4,0xe0,0x00,0x40,0x10,0x0c,0xc8,0x20,0x8e,0x89,0xfb,0x25,0xc0,0x96,0xc0,0x5d,0x62,0x34,0x21,0x18,0x2e,0x20,
    0x4c,0x05,0x63,0x4c,0xe8,0x70,0x43,0x20,0xc7,0x04,0x18,0xcc,0x32,0xe4,0x10,0x0e,0x05,0x45,0x0a,0x21,0x4c,0xc0,0x05,0x83,
    0x1a,0x31,0x38,0x00,0x10,0x04,0x83,0x08,0x94,0x09,0x12,0x26,0x2e,0xd4,0x25,0x46,0x0c,0x0e,0x00,0x04,0xc1,0x20,0x0a,0x65,
    0x62,0x84,0x89,0x40,0x98,0x25,0xc8,0xa1,0x81,0x8a,0x41,0xc0,0x21,0x9a,0x47,0x6e,0x68,0xb8,0xe1,0xa8,0x63,0x22,0x0c,0x86,
    0x1b,0x90,0x38,0x26,0xc2,0xa0,0x84,0x40,0x67,0x19,0x74,0xe8,0x87,0x02,0x23,0x64,0x97,0x80,0xcf,0x88,0x81,0x01,0x80,0x20,
    0x18,0x34,0xa9,0x4c,0xb0,0x30,0x11,0x5c,0x40,0x98,0x11,0x83,0x03,0x00,0x41,0x30,0xe8,0x48,0x99,0x30,0x61,0x82,0x74,0x89,
    0x60,0x34,0x21,0x00,0x46,0x13,0x84,0x60,0x96,0x61,0x87,0x78,0x68,0x1c,0x4e,0x18,0x94,0x05,0x96,0x7c,0x2c,0xc8,0x5d,0x02,
    0x3e,0x23,0x06,0x06,0x00,0x82,0x60,0xd0,0xc4,0x32,0x41,0xc3,0x44,0x70,0x01,0x81,0x46,0x0c,0x0c,0x00,0x04,0xc1,0xa0,0x99,
    0x65,0x42,0x86,0x89,0x61,0xb8,0x41,0xa8,0x61,0xc2,0x0c,0x86,0x1b,0x86,0x04,0x0d,0x4a,0x08,0xd4,0x7c,0x97,0x20,0xe2,0x33,
    0xdd,0x10,0xf8,0x2e,0x21,0xd8,0xd1,0xca,0x04,0x08,0x86,0x1b,0x90,0x1b,0x26,0xcc,0x60,0xb8,0x41,0x78,0xd0,0xa0,0x84,0x40,
    0xa7,0x1b,0x94,0xf1,0x25,0x02,0x0b,0x0c,0xf8,0xcc,0x12,0xf0,0xd0,0x40,0xc5,0x20,0xec,0x10,0xeb,0x23,0x3a,0x34,0xcb,0xd0,
    0x43,0x3e,0x34,0x0f,0x37,0x0d,0xca,0x82,0x33,0x90,0x8f,0x05,0xeb,0x4b,0xc0,0x67,0xc4,0xc0,0x00,0x40,0x10,0x0c,0x9a,0x71,
    0x26,0xcc,0x98,0x08,0x2e,0x20,0xd0,0x88,0x81,0x01,0x80,0x20,0x18,0x34,0xe5,0x4c,0x90,0x31,0x31,0x0c,0x37,0x08,0x67,0x4c,
    0x98,0xc1,0x70,0xc3,0xa0,0xa1,0x41,0x09,0x81,0x1a,0xfc,0x12,0x44,0x7c,0xa6,0x1b,0x02,0xf8,0x25,0x04,0x3b,0x7e,0x99,0x00,
    0xc1,0x70,0x03,0x92,0xc6,0x84,0x19,0x0c,0x37,0x08,0x60,0x80,0x06,0x25,0x04,0x3a,0xdd,0xa0,0xd4,0x2f,0x11,0x58,0x60,0xc0,
    0x67,0x96,0xc0,0x87,0x06,0x2a,0x06,0xa1,0x87,0xe0,0x1f,0xe1,0x21,0x0b,0x26,0xf9,0x5c,0x1a,0x0c,0x6a,0xc4,0xe0,0x01,0x40,
    0x10,0x0c,0x30,0x78,0x26,0xdc,0x98,0x68,0x5f,0xa2,0x77,0x89,0x3d,0xd0,0x03,0xfe,0x25,0xf8,0x97,0x38,0x67,0xe2,0x9c,0x09,
    0x39,0x26,0x82,0xd1,0x84,0x00,0x18,0x4d,0x10,0x82,0xd1,0x84,0x41,0x18,0x4d,0x20,0x86,0x11,0x83,0x03,0x00,0x41,0x30,0x20,
    0x83,0x77,0x26,0xea,0x98,0xf0,0x5d,0xa2,0x8c,0x89,0xd1,0x84,0x00,0x18,0x4d,0x10,0x82,0xd1,0x84,0x41,0x18,0x4d,0x20,0x06,
    0x4b,0x88,0xf8,0x58,0x42,0xc4,0xc7,0x12,0x22,0x3e,0x96,0x10,0xf1,0x31,0x02,0x92,0x8f,0x11,0x91,0x7c,0x8c,0x90,0xe4,0x63,
    0xc4,0x24,0x1f,0x23,0x18,0xf8,0x18,0xc1,0xc0,0xc7,0x08,0x06,0x3e,0x46,0x30,0xf0,0x99,0x25,0x40,0xa3,0x11,0x03,0x03,0x00,
    0x41,0x30,0x68,0x54,0x9a,0x68,0x65,0xc2,0x14,0x2e,0x20,0x4c,0xc1,0x44,0x2b,0x13,0x50,0x42,0x48,0x13,0x30,0x62,0x70,0x00,
    0x20,0x08,0x06,0x9f,0x49,0x13,0xa4,0x4c,0x04,0xc2,0x88,0x81,0x01,0x80,0x20,0x18,0x34,0x2f,0x4d,0xb8,0x32,0xb1,0x0a,0x23,
    0x06,0x07,0x00,0x82,0x60,0xd0,0xa5,0x34,0xb1,0xca,0x44,0x0a,0x13,0xc2,0x68,0x42,0x00,0x8c,0x26,0x08,0xc1,0x2c,0x03,0x18,
    0x85,0x11,0x5a,0x9c,0x30,0x28,0x0b,0x76,0x41,0x3e,0x16,0xf8,0x30,0x01,0x9f,0x11,0x03,0x03,0x00,0x41,0x30,0x68,0x6c,0x9a,
    0xc8,0x65,0x22,0xb8,0x80,0x40,0x23,0x06,0x06,0x00,0x82,0x60,0xd0,0xe0,0x34,0x71,0xcb,0xc4,0x30,0xdc,0x20,0xe8,0x32,0x61,
    0x06,0xc3,0x0d,0x43,0x82,0x06,0x25,0x04,0x6a,0x63,0x4c,0x10,0xf1,0x99,0x6e,0x08,0xc6,0x98,0x10,0xec,0x90,0x69,0x02,0x04,
    0xc3,0x0d,0x08,0x2f,0x13,0x66,0x30,0xdc,0x20,0x3c,0x68,0x50,0x42,0xa0,0xd3,0x0d,0x0a,0x1a,0x13,0x81,0x05,0x06,0x7c,0x66,
    0x09,0xc2,0x68,0xa0,0x62,0x10,0xc0,0xc8,0x16,0x93,0x1f,0x9a,0x65,0x10,0xa3,0x31,0xc2,0x8b,0x9b,0x06,0x65,0x01,0x3b,0xc8,
    0xc7,0x02,0x38,0x26,0xe0,0x33,0x62,0x60,0x00,0x20,0x08,0x06,0x0d,0x5a,0x13,0xeb,0x4c,0x04,0x17,0x10,0x68,0xc4,0xc0,0x00,
    0x40,0x10,0x0c,0x1a,0xb5,0x26,0xd2,0x99,0x18,0x86,0x1b,0x04,0x76,0x26,0xcc,0x60,0xb8,0x61,0xd0,0xd0,0xa0,0x84,0x40,0xad,
    0x8e,0x09,0x22,0x3e,0xd3,0x0d,0x41,0x1d,0x13,0x82,0x1d,0x64,0x4d,0x80,0x60,0xb8,0x01,0x71,0x67,0xc2,0x0c,0x86,0x1b,0x04,
    0x30,0x40,0x83,0x12,0x02,0x9d,0x6e,0x50,0xf4,0x98,0x08,0x2c,0x30,0xe0,0x33,0x4b,0x30,0x46,0x03,0x15,0x83,0x20,0x46,0xfa,
    0x98,0x84,0x91,0x05,0x93,0x7c,0x4e,0x0d,0x06,0x35,0x62,0xf0,0x00,0x20,0x08,0x06,0x58,0x5d,0x13,0xf3,0x4c,0xc8,0x31,0x21,
    0xc6,0x04,0x48,0xfc,0x43,0x28,0x13,0xa1,0x4c,0xb0,0x35,0xc1,0xd6,0xc4,0x3d,0x13,0xc1,0x68,0x42,0x00,0x8c,0x26,0x08,0xc1,
    0x68,0xc2,0x20,0x8c,0x26,0x10,0xc3,0x88,0xc1,0x01,0x80,0x20,0x18,0x90,0x01,0x5d,0x13,0xfa,0x4c,0x8c,0x31,0xa1,0xce,0xc4,
    0x68,0x42,0x00,0x8c,0x26,0x08,0xc1,0x68,0xc2,0x20,0x8c,0x26,0x10,0x83,0x25,0x44,0x7c,0x2c,0x21,0xe2,0x63,0x09,0x11,0x1f,
    0x4b,0x88,0xf8,0x18,0x01,0xc9,0xc7,0x88,0x48,0x3e,0x46,0x48,0xf2,0x31,0x62,0x92,0xcf,0x88,0xc1,0x01,0x80,0x20,0x18,0x74,
    0xa4,0x4d,0x98,0x34,0x41,0xca,0x04,0x28,0x8c,0x26,0x04,0xc0,0x68,0x82,0x10,0xcc,0x32,0x90,0x51,0x19,0x8d,0xc7,0x09,0x83,
    0xb2,0xc0,0x26,0xe4,0x63,0x41,0x2e,0x13,0xf0,0x19,0x31,0x30,0x00,0x10,0x04,0x83,0x26,0xb6,0x09,0x9a,0x26,0x82,0x0b,0x08,
    0x34,0x62,0x60,0x00,0x20,0x08,0x06,0xcd,0x6c,0x13,0x32,0x4d,0x0c,0xc3,0x0d,0x42,0x4d,0x13,0x66,0x30,0xdc,0x30,0x24,0x68,
    0x50,0x42,0xa0,0xe6,0xcb,0x04,0x11,0x9f,0xe9,0x86,0xc0,0x97,0x09,0xc1,0x8e,0xd6,0x26,0x40,0x30,0xdc,0x80,0xdc,0x34,0x61,
    0x06,0xc3,0x0d,0xc2,0x83,0x06,0x25,0x04,0x3a,0xdd,0xa0,0x8c,0x33,0x11,0x58,0x60,0xc0,0x67,0x96,0xa0,0x8c,0x06,0x2a,0x06,
    0x81,0x8c,0x58,0x33,0x19,0xa3,0x59,0x06,0x33,0x3a,0xa3,0xf9,0xb8,0x69,0x50,0x16,0x9c,0x85,0x7c,0x2c,0x58,0x67,0x02,0x3e,
    0x23,0x06,0x06,0x00,0x82,0x60,0xd0,0x8c,0x37,0x61,0xd6,0x44,0x70,0x01,0x81,0x46,0x0c,0x0c,0x00,0x04,0xc1,0xa0,0x29,0x6f,
    0x82,0xac,0x89,0x61,0xb8,0x41,0x38,0x6b,0xc2,0x0c,0x86,0x1b,0x06,0x0d,0x0d,0x4a,0x08,0xd4,0xe0,0x99,0x20,0xe2,0x33,0xdd,
    0x10,0xc0,0x33,0x21,0xd8,0xf1,0xdb,0x04,0x08,0x86,0x1b,0x90,0xb4,0x26,0xcc,0x60,0xb8,0x41,0x00,0x03,0x34,0x28,0x21,0xd0,
    0xe9,0x06,0xa5,0x9e,0x89,0xc0,0x02,0x03,0x3e,0xb3,0x04,0x67,0x34,0x50,0x31,0x08,0x66,0x04,0x9f,0x49,0x19,0x59,0x30,0xc9,
    0xe7,0xd0,0x61,0x50,0x23,0x06,0x0f,0x00,0x82,0x60,0x80,0xc1,0x37,0xe1,0xd6,0x44,0x3b,0x13,0xbd,0x4c,0xec,0x85,0x5e,0xf0,
    0x33,0xc1,0xcf,0xc4,0x79,0x13,0xe7,0x4d,0xc8,0x35,0x11,0x8c,0x26,0x04,0xc0,0x68,0x82,0x10,0x8c,0x26,0x0c,0xc2,0x68,0x02,
    0x31,0x18,0xa1,0x07,0xf1,0x31,0x42,0x0f,0xe2,0x63,0x84,0x1e,0xc4,0xc7,0x08,0x3d,0x88,0x8f,0x11,0x8b,0x7c,0x8c,0x60,0xe4,
    0x63,0x44,0x23,0x1f,0x23,0x1c,0xf9,0x18,0x21,0x0a,0xf0,0x31,0x42,0x14,0xe0,0x63,0x84,0x28,0xc0,0xc7,0x08,0x51,0x80,0x8f,
    0xf9,0x01,0x12,0x1f,0xf3,0x03,0x24,0x3e,0xe6,0x07,0x48,0x7c,0xcc,0x0f,0x90,0xf8,0x18,0xa1,0x0f,0xf2,0x31,0x62,0x1f,0xe4,
    0x63,0x04,0x3f,0xc8,0xc7,0x88,0x7e,0x90,0x8f,0x11,0x0c,0x7c,0x8c,0x60,0xe0,0x63,0x04,0x03,0x1f,0x23,0x18,0xf8,0xcc,0x12,
    0xa0,0xd1,0x40,0xc5,0x60,0x23,0x3e,0x84,0x9c,0xd1,0x40,0xc5,0x60,0x23,0x3e,0x84,0x9c,0xd1,0x40,0xc5,0x60,0x23,0x3e,0x84,
    0x9c,0xd1,0x40,0xc5,0x60,0x23,0x3e,0x84,0x9c,0x91,0x11,0xe8,0x01,0x1f,0x23,0xd0,0x03,0x3e,0x46,0xa0,0x07,0x7c,0x8c,0x40,
    0x0f,0xf8,0x18,0x7a,0xb4,0x38,0x01,0x81,0xe1,0x86,0xe0,0x3e,0xc0,0x60,0x96,0x21,0x8d,0x6e,0x28,0x98,0x25,0x50,0xa3,0x81,
    0x8a,0x41,0x54,0x93,0x1a,0x62,0xd2,0x68,0xa0,0x62,0x20,0xd5,0xa4,0x86,0x98,0x34,0x1a,0xa8,0x18,0x4c,0x35,0xa9,0x21,0x26,
    0x8d,0x06,0x2a,0x06,0x54,0x4d,0x6a,0x88,0x49,0x23,0x23,0xf0,0x83,0x3e,0x46,0xe4,0x07,0x7d,0x8c,0xd0,0x0f,0xfa,0x18,0xb1,
    0x1f,0xf4,0x99,0x25,0x50,0xa9,0xe1,0x06,0x18,0xb9,0x71,0x22,0x0c,0xaa,0x45,0x52,0x9c,0xd0,0xe1,0x86,0x00,0xc7,0x09,0x30,
    0x98,0x65,0x68,0x23,0x36,0x0a,0x4a,0x4d,0xce,0x9b,0x80,0x0b,0x06,0x35,0x62,0x70,0x00,0x20,0x08,0x06,0x91,0x99,0x13,0xea,
    0x4d,0xe8,0x88,0x5b,0x13,0x23,0x06,0x07,0x00,0x82,0x60,0x10,0x9d,0x39,0x91,0xde,0x44,0x20,0xcc,0x12,0xb4,0xd1,0x40,0xc5,
    0x20,0xb0,0x11,0xb8,0x26,0x6b,0x34,0xdc,0x70,0xec,0x38,0x11,0x06,0xc3,0x0d,0xc8,0x8d,0x13,0x61,0x50,0x42,0xa0,0xb3,0x0c,
    0x6e,0x94,0x47,0x81,0x11,0x78,0x4d,0xc0,0x67,0xc4,0xc0,0x00,0x40,0x10,0x0c,0x9a,0x37,0x27,0xe4,0x9b,0x08,0x2e,0x20,0xcc,
    0x88,0xc1,0x01,0x80,0x20,0x18,0x74,0x6a,0x4e,0xb0,0x37,0xa1,0xd6,0x44,0x30,0x9a,0x10,0x00,0xa3,0x09,0x42,0x30,0xcb,0xf0,
    0x46,0x72,0x94,0x2a,0xb3,0x0c,0x71,0x04,0x47,0xd1,0x70,0x44,0xae,0x12,0x7a,0x4d,0x0c,0xdf,0x70,0x84,0xae,0x12,0x7c,0x4d,
    0x10,0x5f,0x09,0x81,0x4e,0x37,0xf8,0x35,0xd1,0xd7,0x44,0x30,0x4b,0x20,0x47,0x67,0x0c,0xca,0x02,0x5f,0x25,0xe4,0x63,0xc1,
    0x68,0x13,0xf0,0x19,0x31,0x30,0x00,0x10,0x04,0x83,0x66,0xcf,0x09,0xff,0x26,0x82,0x0b,0x08,0x34,0x62,0x60,0x00,0x20,0x08,
    0x06,0x4d,0x9f,0x13,0xfc,0x4d,0x0c,0xc3,0x0d,0xc2,0x7f,0x13,0x66,0x30,0xdc,0x30,0x34,0x68,0x50,0x42,0xa0,0x86,0xda,0x04,
    0x11,0x9f,0xe9,0x86,0x00,0xb5,0x09,0xc1,0x8e,0x3b,0x27,0x40,0x30,0xdc,0x80,0x84,0x38,0x61,0x06,0xc3,0x0d,0xc2,0x84,0x06,
    0x25,0x04,0x3a,0xdd,0xa0,0xb4,0x36,0x11,0x58,0x60,0xc0,0x67,0x96,0x40,0x8e,0x06,0x3a,0x06,0x21,0x8e,0xc8,0x00,0x8e,0xc0,
    0x36,0x71,0xa3,0x59,0x86,0x39,0xb2,0xa3,0x5e,0x99,0x65,0xa8,0x23,0x3a,0x3a,0x83,0xe1,0x08,0x77,0x25,0x60,0x9b,0x18,0xbe,
    0xe1,0x88,0x77,0x25,0x64,0x9b,0x20,0xbe,0x12,0x02,0x9d,0x6e,0xa0,0x6d,0x62,0xb6,0x89,0x60,0x96,0xc0,0x8e,0x6e,0x1b,0x94,
    0x05,0xf3,0x4a,0xc8,0xc7,0x82,0xdc,0x26,0xe0,0x33,0x62,0x60,0x00,0x20,0x08,0x06,0x4d,0xac,0x13,0x34,0x4e,0x04,0x17,0x10,
    0x68,0xc4,0xc0,0x00,0x40,0x10,0x0c,0x9a,0x59,0x27,0x64,0x9c,0x18,0x86,0x1b,0x84,0x1a,0x27,0xcc,0x60,0xb8,0x61,0x10,0x03,
    0x34,0x28,0x21,0x50,0xf3,0x6d,0x82,0x88,0xcf,0x74,0x43,0xe0,0xdb,0x84,0x60,0x47,0xab,0x13,0x20,0x18,0x6e,0x40,0x6e,0x9c,
    0x30,0x83,0xe1,0x06,0x01,0x0d,0xd0,0xa0,0x84,0x40,0xa7,0x1b,0x94,0xf1,0x26,0x02,0x0b,0x0c,0xf8,0xcc,0x12,0xd8,0xd1,0x40,
    0xc7,0x20,0xd4,0x11,0x19,0xd0,0x11,0xeb,0x26,0x72,0x64,0xc1,0x25,0x9f,0x7b,0x83,0x41,0xdd,0x1b,0x0c,0x6a,0x96,0x01,0x8f,
    0xee,0x08,0x14,0x4c,0x40,0x59,0x42,0x3e,0x26,0xa0,0x2c,0x21,0x9f,0x11,0x03,0x03,0x00,0x41,0x30,0x68,0xca,0x9d,0x40,0x73,
    0x42,0x18,0x31,0x30,0x00,0x10,0x04,0x83,0xc6,0xdc,0x89,0x34,0x27,0x04,0x13,0xe2,0x9b,0x80,0x8f,0x09,0xf2,0x4d,0xc0,0xc7,
    0x04,0x84,0x3e,0x26,0x20,0xf4,0x99,0x25,0xc0,0xa3,0x81,0x8a,0x81,0xb8,0x23,0x30,0x47,0xec,0x68,0xa0,0x62,0x20,0xee,0x08,
    0xcc,0x11,0x3b,0xba,0x3e,0x18,0xd4,0x88,0xc1,0x03,0x80,0x20,0x18,0x60,0xea,0x4e,0xa0,0x39,0x71,0xde,0xc4,0x6d,0x13,0x83,
    0x60,0xdf,0x84,0x7d,0x13,0xe1,0x4e,0x84,0x3b,0xc1,0xe6,0x44,0x30,0x9a,0x10,0x00,0xa3,0x09,0x42,0x30,0x9a,0x30,0x08,0xa3,
    0x09,0xc4,0x30,0x62,0x70,0x00,0x20,0x08,0x06,0x64,0x90,0xee,0xc4,0x9b,0x13,0xb8,0x4d,0xfc,0x38,0x31,0x9a,0x10,0x00,0xa3,
    0x09,0x42,0x30,0x9a,0x30,0x08,0xa3,0x09,0xc4,0x60,0x09,0x11,0x1f,0x4b,0x88,0xf8,0x58,0x42,0xc4,0xc7,0x12,0x22,0x3e,0x46,
    0x70,0xf2,0x31,0xa2,0x93,0x8f,0x11,0x9e,0x7c,0x8c,0xf8,0xe4,0x63,0x04,0x03,0x1f,0x23,0x18,0xf8,0x18,0xc1,0xc0,0xc7,0x08,
    0x06,0x3e,0xb3,0x04,0x2a,0x35,0x62,0x60,0x00,0x20,0x08,0x06,0x0d,0xc9,0x13,0xa7,0x4e,0xe8,0xc2,0x05,0x84,0x29,0x95,0x39,
    0x75,0x02,0x4a,0xd8,0x77,0x02,0x46,0x0c,0x0e,0x00,0x04,0xc1,0xe0,0x03,0x79,0xc2,0xcf,0x89,0x40,0x18,0x31,0x30,0x00,0x10,
    0x04,0x83,0x26,0xe5,0x09,0x54,0x27,0x7e,0x61,0xc4,0xe0,0x00,0x40,0x10,0x0c,0xba,0x91,0x27,0x4a,0x9d,0x18,0x71,0x42,0x18,
    0x4d,0x08,0x80,0xd1,0x04,0x21,0x98,0x65,0xd0,0xa3,0x3e,0x12,0x9b,0x59,0x06,0x3e,0xda,0x23,0x75,0x18,0x8e,0x90,0x5b,0x62,
    0xc6,0x89,0xe1,0x1b,0x8e,0x98,0x5b,0xa2,0xc6,0x09,0xe2,0x2b,0x21,0xd0,0xe9,0x86,0x1b,0x27,0x6c,0x9c,0x08,0x66,0x09,0xfa,
    0xe8,0x8c,0x41,0x59,0x70,0xb7,0x84,0x7c,0x2c,0xe0,0x71,0x02,0x3e,0x23,0x06,0x06,0x00,0x82,0x60,0xd0,0xd0,0x3c,0x71,0xeb,
    0x44,0x70,0x01,0x81,0x46,0x0c,0x0c,0x00,0x04,0xc1,0xa0,0xb1,0x79,0xa2,0xd6,0x89,0x61,0xb8,0x41,0xc0,0x75,0xc2,0x0c,0x86,
    0x1b,0x86,0x06,0x0d,0x4a,0x08,0xd4,0xc2,0x9c,0x20,0xe2,0x33,0xdd,0x10,0x84,0x39,0x21,0xd8,0x01,0xf3,0x04,0x08,0x86,0x1b,
    0x10,0x5d,0x27,0xcc,0x60,0xb8,0x41,0x98,0xd0,0xa0,0x84,0x40,0xa7,0x1b,0x14,0x33,0x27,0x02,0x0b,0x0c,0xf8,0xcc,0x12,0xf4,
    0xd1,0x40,0xc7,0x20,0xf0,0x11,0x19,0xec,0x91,0x2c,0x27,0x79,0x34,0xcb,0xe0,0x47,0xa1,0x64,0x37,0xb3,0x0c,0xa0,0xf4,0x47,
    0x20,0x31,0x1c,0x71,0xba,0x44,0x9a,0x13,0xc3,0x37,0x1c,0x81,0xba,0xc4,0x9a,0x13,0xc4,0x57,0x42,0xa0,0xd3,0x0d,0x6d,0x4e,
    0xb0,0x39,0x11,0xcc,0x12,0x84,0xd2,0x6d,0x83,0xb2,0x80,0x75,0x09,0xf9,0x58,0x20,0xe7,0x04,0x7c,0x46,0x0c,0x0c,0x00,0x04,
    0xc1,0xa0,0x51,0x7b,0xa2,0xdd,0x89,0xe0,0x02,0x02,0x8d,0x18,0x18,0x00,0x08,0x82,0x41,0xc3,0xf6,0xc4,0xba,0x13,0xc3,0x70,
    0x83,0xe0,0xee,0x84,0x19,0x0c,0x37,0x0c,0x62,0x80,0x06,0x25,0x04,0x6a,0x77,0x4e,0x10,0xf1,0x99,0x6e,0x08,0xee,0x9c,0x10,
    0xec,0x30,0x7b,0x02,0x04,0xc3,0x0d,0x08,0xbc,0x13,0x66,0x30,0xdc,0x20,0xa0,0x01,0x1a,0x94,0x10,0xe8,0x74,0x83,0xc2,0xe7,
    0x44,0x60,0x81,0x01,0x9f,0x59,0x82,0x50,0x1a,0xe8,0x18,0x04,0x50,0x22,0x83,0x3f,0xf2,0xe7,0xa4,0x8f,0x2c,0xb8,0xe4,0x73,
    0x6f,0x30,0xa8,0x7b,0x83,0x41,0xcd,0x32,0x8c,0x92,0x28,0xe5,0x84,0x09,0xe1,0x4b,0xc8,0xc7,0x84,0xf0,0x25,0xe4,0x33,0x62,
    0x60,0x00,0x20,0x08,0x06,0x8d,0xdf,0x13,0x21,0x4f,0x08,0x23,0x06,0x06,0x00,0x82,0x60,0xd0,0xfc,0x3d,0x21,0xf2,0x84,0x60,
    0x82,0xaa,0x13,0xf0,0x31,0x61,0xd5,0x09,0xf8,0x98,0x80,0xd0,0xc7,0x04,0x84,0x3e,0xb3,0x04,0xa3,0x34,0x50,0x31,0x10,0xa2,
    0x24,0xfb,0x48,0x28,0x0d,0x54,0x0c,0x84,0x28,0xc9,0x3e,0x12,0x4a,0xe7,0x07,0x83,0x1a,0x31,0x78,0x00,0x10,0x04,0x03,0x6c,
    0xf4,0x89,0x90,0x27,0x40,0x9d,0x80,0x73,0x62,0x10,0x5e,0x9d,0x78,0x75,0x42,0xef,0x09,0xbd,0x27,0x4a,0x9e,0x08,0x46,0x13,
    0x02,0x60,0x34,0x41,0x08,0x46,0x13,0x06,0x61,0x34,0x81,0x18,0x46,0x0c,0x0e,0x00,0x04,0xc1,0x80,0x0c,0x44,0x9f,0x40,0x79,
    0x22,0xce,0x09,0x7c,0x27,0x46,0x13,0x02,0x60,0x34,0x41,0x08,0x46,0x13,0x06,0x61,0x34,0x81,0x18,0x2c,0x21,0xe2,0x63,0x09,
    0x11,0x1f,0x4b,0x88,0xf8,0x58,0x42,0xc4,0xc7,0x08,0x4e,0x3e,0x46,0x74,0xf2,0x31,0xc2,0x93,0x8f,0x11,0x9f,0x7c,0x46,0x0c,
    0x0e,0x00,0x04,0xc1,0xa0,0x93,0x7d,0x82,0xe6,0x09,0x59,0x27,0x68,0x61,0x34,0x21,0x00,0x46,0x13,0x84,0x60,0x96,0x81,0x94,
    0x4e,0x29,0x7e,0x66,0x19,0x4c,0xa9,0x94,0xf2,0x62,0x38,0x22,0x84,0x09,0x71,0x27,0x86,0x6f,0x38,0x42,0x84,0x09,0x72,0x27,
    0x88,0xaf,0x84,0x40,0xa7,0x1b,0xcc,0x9d,0x28,0x77,0x22,0x98,0x25,0x38,0xa5,0x33,0x06,0x65,0x81,0x09,0x13,0xf2,0xb1,0x60,
    0xdd,0x09,0xf8,0x8c,0x18,0x18,0x00,0x08,0x82,0x41,0x33,0xfe,0x84,0xd9,0x13,0xc1,0x05,0x04,0x1a,0x31,0x30,0x00,0x10,0x04,
    0x83,0xa6,0xfc,0x09,0xb2,0x27,0x86,0xe1,0x06,0xe1,0xec,0x09,0x33,0x18,0x6e,0x18,0x1a,0x34,0x28,0x21,0x50,0x83,0x77,0x82,
    0x88,0xcf,0x74,0x43,0x00,0xef,0x84,0x60,0xc7,0xef,0x13,0x20,0x18,0x6e,0x40,0xd2,0x9e,0x30,0x83,0xe1,0x06,0x61,0x42,0x83,
    0x12,0x02,0x9d,0x6e,0x50,0xea,0x9d,0x08,0x2c,0x30,0xe0,0x33,0x4b,0x70,0x4a,0x03,0x1d,0x83,0x60,0x4a,0x64,0x50,0x4a,0xf0,
    0x9d,0x8c,0xd2,0x2c,0x03,0x2a,0xad,0x52,0x09,0xcd,0x32,0xa8,0x52,0x2a,0xbd,0xc6,0x70,0x84,0x0d,0x13,0xf8,0x4e,0x0c,0xdf,
    0x70,0xc4,0x0d,0x13,0xfa,0x4e,0x10,0x5f,0x09,0x81,0x4e,0x37,0xf0,0x3b,0xb1,0xef,0x44,0x30,0x4b,0xb0,0x4a,0xb7,0x0d,0xca,
    0x82,0x1d,0x26,0xe4,0x63,0x41,0xc8,0x13,0xf0,0x19,0x31,0x30,0x00,0x10,0x04,0x83,0x26,0xff,0x09,0xbe,0x27,0x82,0x0b,0x08,
    0x34,0x62,0x60,0x00,0x20,0x08,0x06,0xcd,0xfe,0x13,0x7a,0x4f,0x0c,0xc3,0x0d,0x42,0xdf,0x13,0x66,0x30,0xdc,0x30,0x88,0x01,
    0x1a,0x94,0x10,0xa8,0x99,0x3c,0x41,0xc4,0x67,0xba,0x21,0x30,0x79,0x42,0xb0,0xa3,0xfe,0x09,0x10,0x0c,0x37,0x20,0x7f,0x4f,
    0x98,0xc1,0x70,0x83,0x80,0x06,0x68,0x50,0x42,0xa0,0xd3,0x0d,0xca,0xca,0x13,0x81,0x05,0x06,0x7c,0x66,0x09,0x56,0x69,0xa0,
    0x63,0x10,0x54,0x89,0x0c,0x52,0x89,0xc7,0x93,0x53,0xb2,0xe0,0x92,0xcf,0xbd,0xc1,0xa0,0xee,0x0d,0x06,0x35,0xcb,0xd0,0x4a,
    0xac,0x84,0x1e,0x26,0xc0,0x31,0x21,0x1f,0x13,0xe0,0x98,0x90,0xcf,0x88,0x81,0x01,0x80,0x20,0x18,0x34,0x2d,0x58,0xc0,0x3e,
    0x21,0x8c,0x18,0x18,0x00,0x08,0x82,0x41,0xe3,0x82,0x45,0xec,0x13,0x82,0x09,0x39,0x4f,0xc0,0xc7,0x04,0x9d,0x27,0xe0,0x63,
    0x02,0x42,0x1f,0x13,0x10,0xfa,0xcc,0x12,0xb4,0xd2,0x40,0xc5,0x40,0xb0,0x12,0x3c,0x26,0xab,0x34,0x50,0x31,0x10,0xac,0x04,
    0x8f,0xc9,0x2a,0x1d,0x4c,0x0c,0x6a,0xc4,0xe0,0x01,0x40,0x10,0x0c,0x30,0x19,0x2c,0x60,0x9f,0x78,0x79,0xe2,0xdf,0x89,0x41,
    0xf0,0x79,0xc2,0xe7,0x89,0x14,0x2c,0x52,0xb0,0xa0,0x7d,0x22,0x18,0x4d,0x08,0x80,0xd1,0x04,0x21,0x18,0x4d,0x18,0x84,0xd1,
    0x04,0x62,0x30,0xc2,0x15,0xe2,0x63,0x84,0x2b,0xc4,0xc7,0x08,0x57,0x88,0x8f,0x11,0xae,0x10,0x1f,0x23,0x2e,0xf9,0x18,0x81,
    0xc9,0xc7,0x88,0x4c,0x3e,0x46,0x68,0xf2,0x31,0xc2,0x16,0xe0,0x63,0x84,0x2d,0xc0,0xc7,0x08,0x5b,0x80,0x8f,0x11,0xb6,0x00,
    0x1f,0x93,0x05,0x24,0x3e,0x26,0x0b,0x48,0x7c,0x4c,0x16,0x90,0xf8,0x98,0x2c,0x20,0xf1,0x31,0x42,0x2c,0xe4,0x63,0xc4,0x58,
    0xc8,0xc7,0x08,0xb2,0x90,0x8f,0x11,0x65,0x21,0x1f,0x23,0x18,0xf8,0x18,0xc1,0xc0,0xc7,0x08,0x06,0x3e,0x46,0x30,0xf0,0x99,
    0x25,0x50,0xa9,0x59,0x06,0x58,0x7a,0xa5,0x52,0x1a,0x31,0x80,0x00,0x10,0x04,0x03,0x0b,0x0e,0x8b,0xf2,0x27,0xd8,0x9e,0xe0,
    0x79,0x02,0x97,0x89,0x5b,0x26,0xf6,0x9e,0xd8,0x7b,0xc2,0x0c,0x0b,0x33,0x2c,0xe2,0x9f,0xe0,0x67,0x62,0xef,0x89,0xd1,0x84,
    0x00,0x18,0x4d,0x10,0x82,0xd1,0x84,0x41,0x18,0x4d,0x20,0x86,0x59,0x02,0x95,0x1a,0x31,0x30,0x00,0x10,0x04,0x83,0x06,0x0f,
    0x8b,0xf3,0x27,0x7a,0x99,0x18,0x31,0x30,0x00,0x10,0x04,0x83,0x26,0x0f,0x0b,0xf4,0x27,0x7a,0x99,0x18,0x31,0x30,0x00,0x10,
    0x04,0x83,0x46,0x0f,0x0b,0xf5,0x27,0x7e,0x99,0x18,0x31,0x30,0x00,0x10,0x04,0x83,0x66,0x0f,0x8b,0xf5,0x27,0x7e,0x99,0x18,
    0x31,0x38,0x00,0x10,0x04,0x83,0xae,0x0e,0x8b,0xfb,0x27,0xea,0x9e,0x78,0xc3,0x62,0x34,0x21,0x00,0x46,0x13,0x84,0x60,0x34,
    0x61,0x18,0x6e,0x18,0xd4,0x0d,0x83,0x32,0x01,0x91,0x8f,0x09,0x88,0x7c,0x4c,0x10,0xe4,0x63,0x82,0x20,0x1f,0x13,0x02,0xf8,
    0x8c,0x18,0x18,0x00,0x08,0x82,0x41,0x73,0x8a,0xc5,0xff,0x13,0x81,0x21,0x90,0x7c,0x0c,0x81,0xe4,0x63,0x82,0x20,0x1f,0x13,
    0x04,0xf9,0x98,0x10,0xc0,0x67,0xc4,0xc0,0x00,0x40,0x10,0x0c,0x9a,0x56,0x2c,0x4a,0xb0,0x08,0x46,0x0c,0x0e,0x00,0x04,0xc1,
    0x20,0x62,0xc5,0x02,0x06,0x8b,0x23,0x18,0x31,0x38,0x00,0x10,0x04,0x83,0xa8,0x15,0x8b,0x18,0x2c,0x02,0xdd,0x27,0x46,0x0c,
    0x0c,0x00,0x04,0xc1,0xa0,0x81,0xc5,0xe2,0x04,0x8b,0xc0,0x02,0x9d,0x26,0xe0,0x33,0x62,0x70,0x00,0x20,0x08,0x06,0x11,0x2c,
    0x16,0x34,0x58,0x04,0x37,0x4d,0x0c,0x47,0x04,0xb9,0x4f,0x08,0xdf,0x68,0x42,0x3b,0x05,0xa3,0x09,0xee,0x24,0x4c,0x37,0x08,
    0xc1,0x70,0x01,0x61,0x86,0x1b,0x82,0x51,0x2c,0xc0,0xa0,0x8c,0x40,0x47,0x13,0xe6,0x69,0xb8,0x80,0x30,0xb3,0x0c,0xb1,0x74,
    0x4e,0x43,0x05,0xa9,0x58,0xe0,0x88,0xc1,0x01,0x80,0x20,0x18,0x7c,0xb5,0x58,0x94,0x60,0x11,0x8b,0x45,0x70,0xc1,0xa0,0x2c,
    0x0a,0xe8,0x33,0x62,0x70,0x00,0x20,0x08,0x06,0x91,0x2f,0x16,0x60,0x58,0x64,0xd3,0x88,0xc1,0x01,0x80,0x20,0x18,0x44,0xbf,
    0x58,0x8c,0x61,0x11,0x08,0x23,0x06,0x07,0x00,0x82,0x60,0x10,0x81,0x63,0x41,0x86,0x45,0x90,0xfe,0x84,0x55,0x01,0x7d,0x46,
    0x0c,0x0c,0x00,0x04,0xc1,0xa0,0x21,0xc7,0xa2,0x06,0x8b,0x60,0xc4,0xe0,0x00,0x40,0x10,0x0c,0xa2,0x71,0x2c,0xce,0xb0,0x08,
    0xd8,0x9f,0x18,0x31,0x38,0x00,0x10,0x04,0x83,0x88,0x1c,0x0b,0x33,0x2c,0x02,0xe4,0x02,0xc2,0x0c,0x47,0x84,0xc1,0x26,0x7c,
    0xd3,0x0d,0x6f,0x10,0x07,0xc1,0x74,0xc3,0x1b,0xc4,0x81,0x70,0xc4,0xa0,0x6c,0x08,0xe8,0x63,0x83,0x40,0x9f,0x11,0x03,0x03,
    0x00,0x41,0x30,0x68,0xdc,0xb1,0x28,0xc3,0x82,0xb1,0x00,0xaf,0x09,0xf8,0x8c,0x18,0x1c,0x00,0x08,0x82,0x41,0xe4,0x8e,0x85,
    0x1c,0x16,0x41,0x5d,0x13,0xc3,0x0d,0x0a,0x39,0x16,0x60,0x30,0xcb,0x60,0x4e,0xb2,0x14,0xcc,0x12,0xcc,0xd2,0x40,0xc5,0x10,
    0x3b,0xe4,0x04,0xff,0x89,0x2c,0x0d,0x54,0x0c,0xb1,0x43,0x4e,0xf2,0x9f,0xc8,0xd2,0x40,0xc5,0x10,0x3b,0xe4,0x44,0xff,0x89,
    0x2c,0x0d,0x54,0x0c,0xb1,0x43,0x4e,0xf6,0x9f,0xc8,0xd2,0x40,0x05,0x11,0x3b,0xe4,0x24,0x9b,0x8a,0x2c,0x5d,0x30,0xa8,0x8a,
    0xf2,0xb0,0x80,0x0b,0x06,0x65,0x01,0x09,0x16,0xf2,0x31,0x22,0x88,0x8f,0x05,0x90,0x7c,0x4c,0x80,0xe4,0x63,0xc2,0x58,0x13,
    0xf0,0x31,0x61,0xac,0x09,0xf8,0x8c,0x18,0x1c,0x00,0x08,0x82,0x01,0x19,0xd8,0x63,0xc1,0x87,0x45,0xf9,0x13,0x3d,0x58,0x8c,
    0x26,0x04,0xc3,0x05,0x84,0xa9,0x00,0x1d,0x0b,0x1d,0x6e,0x08,0xee,0xb1,0x00,0x83,0x59,0x86,0x5a,0xa2,0xa5,0xa0,0x4c,0xc1,
    0x14,0x0b,0xb8,0x60,0x50,0x23,0x06,0x07,0x00,0x82,0x60,0x10,0x95,0x64,0x91,0x8a,0xc5,0xd5,0x82,0xc5,0x88,0xc1,0x01,0x80,
    0x20,0x18,0x44,0x26,0x59,0xa0,0x62,0x11,0x08,0xb3,0x04,0xb5,0x34,0x50,0x31,0x08,0xb4,0xe4,0x83,0xca,0x2c,0x0d,0x37,0x1c,
    0xfa,0x58,0x84,0xc1,0x70,0x03,0x62,0x8f,0x45,0x18,0x94,0x10,0xe8,0x2c,0x83,0x2d,0xed,0x52,0x60,0xc4,0x0d,0x16,0xf0,0x19,
    0x31,0x30,0x00,0x10,0x04,0x83,0xc6,0x25,0x8b,0x58,0x2c,0x82,0x0b,0x08,0x33,0x62,0x70,0x00,0x20,0x08,0x06,0x5d,0x4a,0x16,
    0xab,0x58,0xa4,0x60,0x11,0x8c,0x26,0x04,0xc0,0x68,0x82,0x10,0xcc,0x32,0xdc,0x12,0x2e,0xa1,0xd5,0x09,0x83,0xb2,0xc0,0x92,
    0x8f,0x05,0x3e,0x58,0xc0,0x67,0xc4,0xc0,0x00,0x40,0x10,0x0c,0x1a,0x9b,0x2c,0x72,0xb1,0x08,0x2e,0x20,0xd0,0x88,0x81,0x01,
    0x80,0x20,0x18,0x34,0x38,0x59,0xdc,0x62,0x31,0x0c,0x37,0x08,0xba,0x58,0x98,0xc1,0x70,0xc3,0x90,0xa0,0x41,0x09,0x81,0xda,
    0x18,0x16,0x44,0x7c,0xa6,0x1b,0x82,0x31,0x2c,0x04,0x3b,0x64,0xb2,0x00,0xc1,0x70,0x03,0xc2,0x8b,0x85,0x19,0x0c,0x37,0x08,
    0x0f,0x1a,0x94,0x10,0xe8,0x74,0x83,0x82,0x86,0x45,0x60,0x81,0x01,0x9f,0x59,0x02,0x5c,0x1a,0xa8,0x18,0x84,0x5b,0xb2,0x45,
    0xc5,0x96,0x66,0x19,0x72,0x49,0x97,0xf0,0xea,0xa6,0x41,0x59,0x70,0x06,0xf2,0xb1,0x00,0x0e,0x0b,0xf8,0x8c,0x18,0x18,0x00,
    0x08,0x82,0x41,0x83,0x96,0xc5,0x3a,0x16,0xc1,0x05,0x04,0x1a,0x31,0x30,0x00,0x10,0x04,0x83,0x46,0x2d,0x8b,0x74,0x2c,0x86,
    0xe1,0x06,0x81,0x1d,0x0b,0x33,0x18,0x6e,0x18,0x34,0x34,0x28,0x21,0x50,0xab,0xc3,0x82,0x88,0xcf,0x74,0x43,0x50,0x87,0x85,
    0x60,0x07,0x59,0x16,0x20,0x18,0x6e,0x40,0xdc,0xb1,0x30,0x83,0xe1,0x06,0x01,0x0c,0xd0,0xa0,0x84,0x40,0xa7,0x1b,0x14,0x3d,
    0x2c,0x02,0x0b,0x0c,0xf8,0xcc,0x12,0xe8,0xd2,0x40,0xc5,0x20,0xe4,0x92,0x3e,0x2a,0xb8,0x64,0xc1,0x24,0x9f,0x4b,0x83,0x41,
    0x8d,0x18,0x3c,0x00,0x08,0x82,0x01,0x56,0x97,0xc5,0x3c,0x16,0x72,0x58,0x88,0x61,0xb1,0x07,0x7a,0x10,0x8a,0x45,0x28,0x16,
    0x6c,0x59,0xb0,0x65,0x71,0x8f,0x45,0x30,0x9a,0x10,0x00,0xa3,0x09,0x42,0x30,0x9a,0x30,0x08,0xa3,0x09,0xc4,0x30,0x62,0x70,
    0x00,0x20,0x08,0x06,0x64,0x40,0x97,0x85,0x3e,0x16,0x63,0x58,0xa8,0x63,0x31,0x9a,0x10,0x00,0xa3,0x09,0x42,0x30,0x9a,0x30,
    0x08,0xa3,0x09,0xc4,0x60,0x09,0x11,0x1f,0x4b,0x88,0xf8,0x58,0x42,0xc4,0xc7,0x12,0x22,0x3e,0x46,0x40,0xf2,0x31,0x22,0x92,
    0x8f,0x11,0x92,0x7c,0x8c,0x98,0xe4,0x63,0x04,0x03,0x1f,0x23,0x18,0xf8,0x18,0xc1,0xc0,0xc7,0x08,0x06,0x3e,0xb3,0x04,0xe4,
    0x34,0x62,0x60,0x00,0x20,0x08,0x06,0xcd,0x6b,0x16,0x32,0x59,0x98,0xc2,0x05,0x84,0x29,0x99,0x90,0xc9,0x02,0x4a,0x30,0xcd,
    0x02,0x46,0x0c,0x0e,0x00,0x04,0xc1,0xe0,0x5b,0xcd,0x22,0x25,0x8b,0x40,0x18,0x31,0x30,0x00,0x10,0x04,0x83,0x86,0x36,0x8b,
    0x99,0x2c,0x56,0x61,0xc4,0xe0,0x00,0x40,0x10,0x0c,0x3a,0xd7,0x2c,0x60,0xb2,0x70,0xc5,0x42,0x18,0x4d,0x08,0x80,0xd1,0x04,
    0x21,0x98,0x65,0xe0,0xa5,0x5e,0x6a,0xaf,0x13,0x06,0x65,0xc1,0x2e,0xc8,0xc7,0x82,0x71,0x2c,0xe0,0x33,0x62,0x60,0x00,0x20,
    0x08,0x06,0xcd,0x6e,0x16,0x3e,0x59,0x04,0x17,0x10,0x68,0xc4,0xc0,0x00,0x40,0x10,0x0c,0x9a,0xde,0x2c,0x78,0xb2,0x18,0x86,
    0x1b,0x84,0x9f,0x2c,0xcc,0x60,0xb8,0x61,0x48,0xd0,0xa0,0x84,0x40,0x0d,0x1d,0x0b,0x22,0x3e,0xd3,0x0d,0x01,0x3a,0x16,0x82,
    0x1d,0xb7,0x59,0x80,0x60,0xb8,0x01,0x09,0xcb,0xc2,0x0c,0x86,0x1b,0x84,0x07,0x0d,0x4a,0x08,0x74,0xba,0x41,0x69,0xc7,0x22,
    0xb0,0xc0,0x80,0xcf,0x2c,0x41,0x2f,0x0d,0x54,0x0c,0x02,0x2f,0x81,0xa7,0xb2,0x4b,0xb3,0x0c,0xbe,0xf4,0x4b,0xfd,0x75,0xd3,
    0xa0,0x2c,0x60,0x07,0xf9,0x58,0x50,0x8f,0x05,0x7c,0x46,0x0c,0x0c,0x00,0x04,0xc1,0xa0,0x69,0xcf,0x02,0x2e,0x8b,0xe0,0x02,
    0x02,0x8d,0x18,0x18,0x00,0x08,0x82,0x41,0xf3,0x9e,0x85,0x5b,0x16,0xc3,0x70,0x83,0x10,0x97,0x85,0x19,0x0c,0x37,0x0c,0x1a,
    0x1a,0x94,0x10,0xa8,0xe9,0x63,0x41,0xc4,0x67,0xba,0x21,0xd0,0xc7,0x42,0xb0,0x23,0x3d,0x0b,0x10,0x0c,0x37,0x20,0x73,0x59,
    0x98,0xc1,0x70,0x83,0x00,0x06,0x68,0x50,0x42,0xa0,0xd3,0x0d,0xca,0x3f,0x16,0x81,0x05,0x06,0x7c,0x66,0x09,0x7e,0x69,0xa0,
    0x62,0x10,0x7c,0x89,0x44,0x95,0x5e,0xb2,0x60,0x92,0xcf,0xa9,0xc1,0xa0,0x46,0x0c,0x1e,0x00,0x04,0xc1,0x00,0xd3,0xcf,0x02,
    0x2f,0x8b,0x7b,0x2c,0xce,0xb1,0x00,0x89,0x7f,0x30,0xc9,0xc2,0x24,0x8b,0xf8,0x2c,0xe2,0xb3,0xe0,0xcb,0x22,0x18,0x4d,0x08,
    0x80,0xd1,0x04,0x21,0x18,0x4d,0x18,0x84,0xd1,0x04,0x62,0x18,0x31,0x38,0x00,0x10,0x04,0x03,0x32,0xc8,0xcf,0xe2,0x2f,0x0b,
    0x74,0x2c,0xde,0xb2,0x18,0x4d,0x08,0x80,0xd1,0x04,0x21,0x18,0x4d,0x18,0x84,0xd1,0x04,0x62,0xb0,0x84,0x88,0x8f,0x25,0x44,
    0x7c,0x2c,0x21,0xe2,0x63,0x09,0x11,0x1f,0x23,0x20,0xf9,0x18,0x11,0xc9,0xc7,0x08,0x49,0x3e,0x46,0x4c,0xf2,0x19,0x31,0x38,
    0x00,0x10,0x04,0x83,0x2e,0x45,0x8b,0xd5,0x2c,0x52,0xb2,0x00,0x85,0xd1,0x84,0x00,0x18,0x4d,0x10,0x82,0x59,0x06,0x70,0x0a,
    0x27,0x34,0x3b,0x61,0x50,0x16,0xd8,0x84,0x7c,0x2c,0xf0,0xc9,0x02,0x3e,0x23,0x06,0x06,0x00,0x82,0x60,0xd0,0xd8,0x68,0x91,
    0x9b,0x45,0x70,0x01,0x81,0x46,0x0c,0x0c,0x00,0x04,0xc1,0xa0,0xc1,0xd1,0xe2,0x36,0x8b,0x61,0xb8,0x41,0xd0,0xcd,0xc2,0x0c,
    0x86,0x1b,0x86,0x04,0x0d,0x4a,0x08,0xd4,0xc6,0xb2,0x20,0xe2,0x33,0xdd,0x10,0x8c,0x65,0x21,0xd8,0x21,0xa3,0x05,0x08,0x86,
    0x1b,0x10,0xde,0x2c,0xcc,0x60,0xb8,0x41,0x78,0xd0,0xa0,0x84,0x40,0xa7,0x1b,0x14,0xb4,0x2c,0x02,0x0b,0x0c,0xf8,0xcc,0x12,
    0x84,0xd3,0x40,0xc5,0x20,0x80,0x93,0xad,0x2a,0xbf,0x34,0xcb,0x20,0x4e,0xe3,0x84,0x67,0x37,0x0d,0xca,0x82,0xb3,0x90,0x8f,
    0x05,0x70,0x59,0xc0,0x67,0xc4,0xc0,0x00,0x40,0x10,0x0c,0x1a,0x34,0x2d,0xd6,0xb3,0x08,0x2e,0x20,0xd0,0x88,0x81,0x01,0x80,
    0x20,0x18,0x34,0x6a,0x5a,0xa4,0x67,0x31,0x0c,0x37,0x08,0xec,0x59,0x98,0xc1,0x70,0xc3,0xa0,0xa1,0x41,0x09,0x81,0x5a,0x5d,
    0x16,0x44,0x7c,0xa6,0x1b,0x82,0xba,0x2c,0x04,0x3b,0xc8,0xb4,0x00,0xc1,0x70,0x03,0xe2,0x9e,0x85,0x19,0x0c,0x37,0x08,0x60,
    0x80,0x06,0x25,0x04,0x3a,0xdd,0xa0,0xe8,0x65,0x11,0x58,0x60,0xc0,0x67,0x96,0x60,0x9c,0x06,0x2a,0x06,0x41,0x9c,0xf4,0x55,
    0x09,0x27,0x0b,0x26,0xf9,0x1c,0x3a,0x0c,0x6a,0xc4,0xe0,0x01,0x40,0x10,0x0c,0xb0,0x3a,0x2d,0xe6,0xb3,0x90,0xcb,0x42,0x2c,
    0x8b,0xbd,0xd0,0x8b,0xd0,0x2c,0x42,0xb3,0x60,0xd3,0x82,0x4d,0x8b,0xfb,0x2c,0x82,0xd1,0x84,0x00,0x18,0x4d,0x10,0x82,0xd1,
    0x84,0x41,0x18,0x4d,0x20,0x06,0x23,0xf4,0x20,0x3e,0x46,0xe8,0x41,0x7c,0x8c,0xd0,0x83,0xf8,0x18,0xa1,0x07,0xf1,0x31,0x62,
    0x91,0x8f,0x11,0x8c,0x7c,0x8c,0x68,0xe4,0x63,0x84,0x23,0x1f,0x23,0x44,0x01,0x3e,0x46,0x88,0x02,0x7c,0x8c,0x10,0x05,0xf8,
    0x18,0x21,0x0a,0xf0,0x31,0x3f,0x40,0xe2,0x63,0x7e,0x80,0xc4,0xc7,0xfc,0x00,0x89,0x8f,0xf9,0x01,0x12,0x1f,0x23,0xf4,0x41,
    0x3e,0x46,0xec,0x83,0x7c,0x8c,0xe0,0x07,0xf9,0x18,0xd1,0x0f,0xf2,0x31,0x82,0x81,0x8f,0x11,0x0c,0x7c,0x8c,0x60,0xe0,0x63,
    0x04,0x03,0x9f,0x59,0x02,0x72,0x1a,0xa8,0x18,0x6c,0x44,0x97,0x90,0x71,0x1a,0xa8,0x18,0x6c,0x44,0x97,0x90,0x71,0x1a,0xa8,
    0x18,0x6c,0x44,0x97,0x90,0x71,0x1a,0xa8,0x18,0x6c,0x44,0x97,0x90,0x71,0x32,0x02,0x3d,0xe0,0x63,0x04,0x7a,0xc0,0xc7,0x08,
    0xf4,0x80,0x8f,0x11,0xe8,0x01,0x1f,0x43,0x0f,0x59,0x2d,0x20,0x30,0xdc,0x10,0xe0,0x07,0x18,0xcc,0x32,0x94,0xd3,0x2c,0x05,
    0xb3,0x04,0xe6,0x34,0x50,0x31,0xb0,0xae,0x12,0x4b,0x4c,0x39,0x0d,0x54,0x0c,0xae,0xab,0xc4,0x12,0x53,0x4e,0x03,0x15,0x03,
    0xec,0x2a,0xb1,0xc4,0x94,0xd3,0x40,0xc5,0x20,0xbb,0x4a,0x2c,0x31,0xe5,0x64,0x44,0x7e,0xd0,0xc7,0x08,0xfd,0xa0,0x8f,0x11,
    0xfb,0x41,0x1f,0x23,0xf8,0x83,0x3e,0xb3,0x04,0x2a,0x35,0xdc,0x10,0x23,0xbc,0x5a,0x84,0x41,0xb9,0x88,0xab,0x16,0x3a,0xdc,
    0x10,0xf4,0x6a,0x01,0x06,0xb3,0x0c,0xe9,0x84,0x4e,0x41,0xb1,0x09,0x9b,0x16,0x70,0xc1,0xa0,0x46,0x0c,0x0e,0x00,0x04,0xc1,
    0x20,0x5a,0xd7,0xe2,0x4d,0x8b,0x1d,0x99,0xcf,0x62,0xc4,0xe0,0x00,0x40,0x10,0x0c,0x22,0x76,0x2d,0xdc,0xb4,0x08,0x84,0x59,
    0x82,0x74,0x1a,0xa8,0x18,0x04,0x74,0x52,0x5f,0xe5,0x9c,0x86,0x1b,0x0e,0x70,0x2d,0xc2,0x60,0xb8,0x01,0xe1,0xd5,0x22,0x0c,
    0x4a,0x08,0x74,0x96,0x41,0x9d,0xea,0x29,0x30,0xa2,0x3f,0x0b,0xf8,0x8c,0x18,0x18,0x00,0x08,0x82,0x41,0x43,0xaf,0xc5,0x9d,
    0x16,0xc1,0x05,0x84,0x19,0x31,0x38,0x00,0x10,0x04,0x83,0xee,0x5d,0x8b,0x38,0x2d,0xde,0xb3,0x08,0x46,0x13,0x02,0x60,0x34,
    0x41,0x08,0x66,0x19,0xd6,0xc9,0x9d,0x5c,0x6e,0x96,0xa1,0x9d,0xd8,0x29,0x1a,0x8e,0xf0,0x79,0xe2,0x3f,0x8b,0xe1,0x1b,0x8e,
    0xf8,0x79,0x22,0x44,0x0b,0xe2,0x2b,0x21,0xd0,0xe9,0x86,0x11,0x2d,0x44,0xb4,0x08,0x66,0x09,0xdc,0xe9,0x8c,0x41,0x59,0x30,
    0xf6,0x84,0x7c,0x2c,0x40,0xd1,0x02,0x3e,0x23,0x06,0x06,0x00,0x82,0x60,0xd0,0x80,0x6c,0x31,0xaa,0x45,0x70,0x01,0x81,0x46,
    0x0c,0x0c,0x00,0x04,0xc1,0xa0,0x11,0xd9,0x22,0x54,0x8b,0x61,0xb8,0x41,0x20,0xd5,0xc2,0x0c,0x86,0x1b,0x86,0x06,0x0d,0x4a,
    0x08,0xd4,0x5a,0xb4,0x20,0xe2,0x33,0xdd,0x10,0xb4,0x68,0x21,0xd8,0xc1,0xaf,0x05,0x08,0x86,0x1b,0x10,0x53,0x2d,0xcc,0x60,
    0xb8,0x41,0x98,0xd0,0xa0,0x84,0x40,0xa7,0x1b,0x14,0x19,0x2d,0x02,0x0b,0x0c,0xf8,0xcc,0x12,0xb8,0xd3,0x40,0xc7,0x20,0xb4,
    0x13,0x19,0xb0,0x93,0x1a,0x2b,0xea,0x34,0xcb,0xf0,0x4e,0xf2,0x24,0x76,0xb3,0x0c,0xf1,0x04,0x4f,0x67,0x30,0x1c,0x31,0xf7,
    0x44,0x8d,0x16,0xc3,0x37,0x1c,0x41,0xf7,0xc4,0x8d,0x16,0xc4,0x57,0x42,0xa0,0xd3,0x0d,0x39,0x5a,0xe0,0x68,0x11,0xcc,0x12,
    0xc8,0xd3,0x6d,0x83,0xb2,0x00,0xef,0x09,0xf9,0x58,0xe0,0xa3,0x05,0x7c,0x46,0x0c,0x0c,0x00,0x04,0xc1,0xa0,0xb1,0xd9,0x22,
    0x57,0x8b,0xe0,0x02,0x02,0x8d,0x18,0x18,0x00,0x08,0x82,0x41,0x83,0xb3,0xc5,0xad,0x16,0xc3,0x70,0x83,0xa0,0xab,0x85,0x19,
    0x0c,0x37,0x0c,0x62,0x80,0x06,0x25,0x04,0x6a,0x63,0x5a,0x10,0xf1,0x99,0x6e,0x08,0xc6,0xb4,0x10,0xec,0x90,0xd9,0x02,0x04,
    0xc3,0x0d,0x08,0xaf,0x16,0x66,0x30,0xdc,0x20,0xa0,0x01,0x1a,0x94,0x10,0xe8,0x74,0x83,0x82,0xa6,0x45,0x60,0x81,0x01,0x9f,
    0x59,0x02,0x79,0x1a,0xe8,0x18,0x84,0x78,0x22,0x03,0x78,0xb2,0x65,0xc5,0x9d,0x2c,0xb8,0xe4,0x73,0x6f,0x30,0xa8,0x7b,0x83,
    0x41,0xcd,0x32,0xd0,0xd3,0x3c,0x81,0x82,0x09,0xad,0x4f,0xc8,0xc7,0x84,0xd6,0x27,0xe4,0x33,0x62,0x60,0x00,0x20,0x08,0x06,
    0x8d,0xda,0x16,0xed,0x5a,0x08,0x23,0x06,0x06,0x00,0x82,0x60,0xd0,0xac,0x6d,0xe1,0xae,0x85,0x60,0x82,0x9d,0x16,0xf0,0x31,
    0xe1,0x4e,0x0b,0xf8,0x98,0x80,0xd0,0xc7,0x04,0x84,0x3e,0xb3,0x04,0xf4,0x34,0x50,0x31,0x10,0xf3,0xa4,0xf6,0x89,0x3c,0x0d,
    0x54,0x0c,0xc4,0x3c,0xa9,0x7d,0x22,0x4f,0xd7,0x07,0x83,0x1a,0x31,0x78,0x00,0x10,0x04,0x03,0xec,0x6d,0x8b,0x76,0x2d,0xd8,
    0xb4,0xe0,0xd1,0x62,0x10,0xf6,0xb4,0xd8,0xd3,0xc2,0x6c,0x0b,0xb3,0x2d,0xe2,0xb5,0x08,0x46,0x13,0x02,0x60,0x34,0x41,0x08,
    0x46,0x13,0x06,0x61,0x34,0x81,0x18,0x46,0x0c,0x0e,0x00,0x04,0xc1,0x80,0x0c,0xdc,0xb6,0xa0,0xd7,0xa2,0x47,0x0b,0x72,0x2d,
    0x46,0x13,0x02,0x60,0x34,0x41,0x08,0x46,0x13,0x06,0x61,0x34,0x81,0x18,0x2c,0x21,0xe2,0x63,0x09,0x11,0x1f,0x4b,0x88,0xf8,
    0x58,0x42,0xc4,0xc7,0x08,0x4e,0x3e,0x46,0x74,0xf2,0x31,0xc2,0x93,0x8f,0x11,0x9f,0x7c,0x8c,0x60,0xe0,0x63,0x04,0x03,0x1f,
    0x23,0x18,0xf8,0x18,0xc1,0xc0,0x67,0x96,0x40,0xa5,0x46,0x0c,0x0c,0x00,0x04,0xc1,0xa0,0x49,0xdd,0x82,0x65,0x0b,0x5d,0xb8,
    0x80,0x30,0xc5,0x32,0x2c,0x5b,0x40,0x09,0xa0,0x5b,0xc0,0x88,0xc1,0x01,0x80,0x20,0x18,0x7c,0xa5,0x5b,0x8c,0x6c,0x11,0x08,
    0x23,0x06,0x06,0x00,0x82,0x60,0xd0,0xb8,0x6e,0xd1,0xb2,0xc5,0x2f,0x8c,0x18,0x1c,0x00,0x08,0x82,0x41,0x87,0xba,0x85,0xca,
    0x16,0xa8,0x5a,0x08,0xa3,0x09,0x01,0x30,0x9a,0x20,0x04,0xb3,0x0c,0xf6,0x94,0x4f,0xe7,0x37,0xcb,0x80,0x4f,0xf7,0xa4,0x0e,
    0xc3,0x11,0xf7,0x4f,0xe0,0x6a,0x31,0x7c,0xc3,0x11,0xf8,0x4f,0xe8,0x6a,0x41,0x7c,0x25,0x04,0x3a,0xdd,0xc0,0xab,0xc5,0xae,
    0x16,0xc1,0x2c,0x41,0x3e,0x9d,0x31,0x28,0x0b,0xf8,0x9f,0x90,0x8f,0x05,0xe1,0x5a,0xc0,0x67,0xc4,0xc0,0x00,0x40,0x10,0x0c,
    0x9a,0xdc,0x2d,0x78,0xb6,0x08,0x2e,0x20,0xd0,0x88,0x81,0x01,0x80,0x20,0x18,0x34,0xbb,0x5b,0xe8,0x6c,0x31,0x0c,0x37,0x08,
    0x3d,0x5b,0x98,0xc1,0x70,0xc3,0xd0,0xa0,0x41,0x09,0x81,0x9a,0xb9,0x16,0x44,0x7c,0xa6,0x1b,0x02,0x73,0x2d,0x04,0x3b,0x6a,
    0xb7,0x00,0xc1,0x70,0x03,0xf2,0xb3,0x85,0x19,0x0c,0x37,0x08,0x13,0x1a,0x94,0x10,0xe8,0x74,0x83,0xb2,0xae,0x45,0x60,0x81,
    0x01,0x9f,0x59,0x82,0x7c,0x1a,0xe8,0x18,0x04,0x7c,0x22,0x83,0x7b,0xe2,0x6d,0xa5,0x9e,0x66,0x19,0xf4,0xa9,0x9f,0xf6,0x6f,
    0x96,0x81,0x9f,0xf6,0x09,0x24,0x86,0x23,0x58,0xb0,0x70,0xd7,0x62,0xf8,0x86,0x23,0x5a,0xb0,0x80,0xd7,0x82,0xf8,0x4a,0x08,
    0x74,0xba,0x41,0x5e,0x8b,0x78,0x2d,0x82,0x59,0x82,0x7e,0xba,0x6d,0x50,0x16,0xc4,0x60,0x21,0x1f,0x0b,0xee,0xb5,0x80,0xcf,
    0x88,0x81,0x01,0x80,0x20,0x18,0x34,0xef,0x5b,0xc8,0x6d,0x11,0x5c,0x40,0xa0,0x11,0x03,0x03,0x00,0x41,0x30,0x68,0xe2,0xb7,
    0x80,0xdb,0x62,0x18,0x6e,0x10,0xe6,0xb6,0x30,0x83,0xe1,0x86,0x41,0x0c,0xd0,0xa0,0x84,0x40,0x8d,0x5f,0x0b,0x22,0x3e,0xd3,
    0x0d,0x01,0xbf,0x16,0x82,0x1d,0xeb,0x5b,0x80,0x60,0xb8,0x01,0xa9,0xdb,0xc2,0x0c,0x86,0x1b,0x04,0x34,0x40,0x83,0x12,0x02,
    0x9d,0x6e,0x50,0x42,0xb6,0x08,0x2c,0x30,0xe0,0x33,0x4b,0xd0,0x4f,0x03,0x1d,0x83,0xc0,0x4f,0x64,0xb0,0x4f,0x28,0xae,0xe4,
    0x93,0x05,0x97,0x7c,0xee,0x0d,0x06,0x75,0x6f,0x30,0xa8,0x59,0x86,0x7f,0xf2,0xa7,0x9c,0x30,0xc1,0x0c,0x0b,0xf9,0x98,0x60,
    0x86,0x85,0x7c,0x46,0x0c,0x0c,0x00,0x04,0xc1,0xa0,0x19,0xe1,0xc2,0x74,0x0b,0x61,0xc4,0xc0,0x00,0x40,0x10,0x0c,0x1a,0x12,
    0x2e,0x4e,0xb7,0x10,0x4c,0x78,0xd9,0x02,0x3e,0x26,0xc0,0x6c,0x01,0x1f,0x13,0x10,0xfa,0x98,0x80,0xd0,0x67,0x96,0xe0,0x9f,
    0x06,0x2a,0x06,0xc2,0x9f,0x78,0x51,0xe9,0xa7,0x81,0x8a,0x81,0xf0,0x27,0x5e,0x54,0xfa,0xe9,0xfc,0x60,0x50,0x23,0x06,0x0f,
    0x00,0x82,0x60,0x80,0xa1,0x70,0x61,0xba,0x45,0xc9,0x16,0xf5,0x5a,0x0c,0x02,0xcd,0x16,0x34,0x5b,0xfc,0x6f,0xf1,0xbf,0x85,
    0xea,0x16,0xc1,0x68,0x42,0x00,0x8c,0x26,0x08,0xc1,0x68,0xc2,0x20,0x8c,0x26,0x10,0xc3,0x88,0xc1,0x01,0x80,0x20,0x18,0x90,
    0xc1,0x09,0x17,0xad,0x5b,0xd8,0x6b,0xd1,0xb7,0xc5,0x68,0x42,0x00,0x8c,0x26,0x08,0xc1,0x68,0xc2,0x20,0x8c,0x26,0x10,0x83,
    0x25,0x44,0x7c,0x2c,0x21,0xe2,0x63,0x09,0x11,0x1f,0x4b,0x88,0xf8,0x18,0xc1,0xc9,0xc7,0x88,0x4e,0x3e,0x46,0x78,0xf2,0x31,
    0xe2,0x93,0xcf,0x88,0xc1,0x01,0x80,0x20,0x18,0x74,0x37,0x5c,0xe4,0x6e,0x71,0xb3,0x05,0x2d,0x8c,0x26,0x04,0xc0,0x68,0x82,
    0x10,0xcc,0x32,0x80,0xd4,0x48,0xd9,0x61,0x30,0xcb,0x20,0x52,0x21,0x95,0x17,0xc3,0x11,0xa6,0x58,0x9c,0x6d,0x31,0x7c,0xc3,
    0x11,0xa7,0x58,0xa4,0x6d,0x41,0x7c,0x25,0x04,0x3a,0xdd,0xb0,0xb6,0x85,0xda,0x16,0xc1,0x2c,0xc1,0x48,0x9d,0x31,0x28,0x0b,
    0x56,0xb1,0x90,0x8f,0x05,0x70,0x5b,0xc0,0x67,0xc4,0xc0,0x00,0x40,0x10,0x0c,0x1a,0x34,0x2e,0xd6,0xb7,0x08,0x2e,0x20,0xd0,
    0x88,0x81,0x01,0x80,0x20,0x18,0x34,0x6a,0x5c,0xa4,0x6f,0x31,0x0c,0x37,0x08,0xec,0x5b,0x98,0xc1,0x70,0xc3,0xd0,0xa0,0x41,
    0x09,0x81,0x5a,0xdd,0x16,0x44,0x7c,0xa6,0x1b,0x82,0xba,0x2d,0x04,0x3b,0xc8,0xb8,0x00,0xc1,0x70,0x03,0xe2,0xbe,0x85,0x19,
    0x0c,0x37,0x08,0x13,0x1a,0x94,0x10,0xe8,0x74,0x83,0xa2,0xb7,0x45,0x60,0x81,0x01,0x9f,0x59,0x82,0x91,0x1a,0xe8,0x18,0x04,
    0x91,0x22,0x83,0x90,0xd2,0x77,0xe5,0x9f,0x66,0x19,0x48,0xea,0xa4,0x54,0x31,0x98,0x65,0x30,0xa9,0x92,0x7a,0x8d,0xe1,0x88,
    0x5d,0x2c,0xfa,0xb6,0x18,0xbe,0xe1,0x08,0x5e,0x2c,0xfe,0xb6,0x20,0xbe,0x12,0x02,0x9d,0x6e,0x08,0xdd,0x02,0x74,0x8b,0x60,
    0x96,0xe0,0xa4,0x6e,0x1b,0x94,0x05,0xe0,0x58,0xc8,0xc7,0x02,0xd3,0x2d,0xe0,0x33,0x62,0x60,0x00,0x20,0x08,0x06,0x8d,0x1f,
    0x17,0x21,0x5c,0x04,0x17,0x10,0x68,0xc4,0xc0,0x00,0x40,0x10,0x0c,0x1a,0x50,0x2e,0xfe,0xb7,0x18,0x86,0x1b,0x04,0x11,0x2e,
    0xcc,0x60,0xb8,0x61,0x10,0x03,0x34,0x28,0x21,0x50,0x5b,0xdd,0x82,0x88,0xcf,0x74,0x43,0xb0,0xba,0x85,0x60,0x87,0x1e,0x17,
    0x20,0x18,0x6e,0x40,0x48,0xb8,0x30,0x83,0xe1,0x06,0x01,0x0d,0xd0,0xa0,0x84,0x40,0xa7,0x1b,0x14,0xd8,0x2d,0x02,0x0b,0x0c,
    0xf8,0xcc,0x12,0x9c,0xd4,0x40,0xc7,0x20,0x98,0x14,0x19,0x94,0x94,0xd9,0x2b,0x23,0x65,0xc1,0x25,0x9f,0x7b,0x83,0x41,0xdd,
    0x1b,0x0c,0x6a,0x96,0x21,0xa5,0x50,0x0a,0x3d,0x4c,0xa8,0xc7,0x42,0x3e,0x26,0xd4,0x63,0x21,0x9f,0x11,0x03,0x03,0x00,0x41,
    0x30,0x68,0x64,0xb9,0xa8,0xe1,0x42,0x18,0x31,0x30,0x00,0x10,0x04,0x83,0x66,0x96,0x0b,0x1b,0x2e,0x04,0x13,0x7c,0xb7,0x80,
    0x8f,0x09,0xbf,0x5b,0xc0,0xc7,0x04,0x84,0x3e,0x26,0x20,0xf4,0x99,0x25,0x48,0xa9,0x81,0x8a,0x81,0x40,0x29,0xfd,0x54,0x4e,
    0x6a,0xa0,0x62,0x20,0x50,0x4a,0x3f,0x95,0x93,0x3a,0x98,0x18,0xd4,0x88,0xc1,0x03,0x80,0x20,0x18,0x60,0xb7,0x5c,0xd4,0x70,
    0x41,0xbb,0x05,0xe9,0x16,0x83,0x30,0xbe,0xc5,0xf8,0x16,0xae,0x5c,0xb8,0x72,0x91,0xc3,0x45,0x30,0x9a,0x10,0x00,0xa3,0x09,
    0x42,0x30,0x9a,0x30,0x08,0xa3,0x09,0xc4,0x60,0x84,0x2b,0xc4,0xc7,0x08,0x57,0x88,0x8f,0x11,0xae,0x10,0x1f,0x23,0x5c,0x21,
    0x3e,0x46,0x5c,0xf2,0x31,0x02,0x93,0x8f,0x11,0x99,0x7c,0x8c,0xd0,0xe4,0x63,0x84,0x2d,0xc0,0xc7,0x08,0x5b,0x80,0x8f,0x11,
    0xb6,0x00,0x1f,0x23,0x6c,0x01,0x3e,0x26,0x0b,0x48,0x7c,0x4c,0x16,0x90,0xf8,0x98,0x2c,0x20,0xf1,0x31,0x59,0x40,0xe2,0x63,
    0x84,0x58,0xc8,0xc7,0x88,0xb1,0x90,0x8f,0x11,0x64,0x21,0x1f,0x23,0xca,0x42,0x3e,0x46,0x30,0xf0,0x31,0x82,0x81,0x8f,0x11,
    0x0c,0x7c,0x8c,0x60,0xe0,0x33,0x4b,0xa0,0x52,0x03,0xc5,0xc1,0xc0,0xea,0x06,0x98,0xe0,0xa7,0x71,0x27,0x76,0x68,0x94,0x0a,
    0x6e,0x17,0xba,0xe2,0xda,0x05,0xaf,0xb8,0x63,0x31,0x2f,0x6c,0x4f,0x84,0x8c,0x2b,0x13,0x36,0x83,0xc6,0x84,0xce,0xd0,0xfe,
    0x10,0x37,0x32,0x3e,0xfc,0x0d,0xdd,0x0e,0xb4,0xa3,0xb6,0x83,0xed,0xa8,0xba,0xd0,0x3e,0x28,0x2d,0xec,0x8f,0x9a,0x0a,0x30,
    0x64,0xa2,0xc2,0x0c,0xc9,0x75,0xa0,0x46,0xf0,0x1b,0xe0,0x91,0x4c,0x06,0xad,0x84,0x92,0xc1,0x2b,0xa1,0x91,0x39,0x99,0x0b,
    0x3d,0x21,0x29,0x35,0x50,0x1c,0x0c,0xac,0x6e,0x80,0x09,0x7e,0x1a,0x77,0x62,0x87,0x46,0xa9,0xe0,0x76,0xa1,0x2b,0xae,0x5d,
    0xf0,0x8a,0x3b,0x16,0xf3,0xc2,0xf6,0x44,0xc8,0xb8,0x32,0x61,0x33,0x68,0x4c,0xe8,0x0c,0xed,0x0f,0x71,0x23,0xe3,0xc3,0xdf,
    0xd0,0xed,0x40,0x3b,0x6a,0x3b,0xd8,0x8e,0xaa,0x0b,0xed,0x83,0xd2,0xc2,0xfe,0xa8,0xa9,0x00,0x43,0x26,0x2a,0xcc,0x90,0x5c,
    0x07,0x6a,0x04,0xbf,0x01,0x1e,0xc9,0x64,0xd0,0x4a,0x28,0x19,0xbc,0x12,0x1a,0x99,0x93,0xb9,0xd0,0x13,0x92,0x52,0x03,0xc5,
    0xc1,0xc0,0xea,0x06,0x98,0xe0,0xa7,0x71,0x27,0x76,0x68,0x94,0x0a,0x6e,0x17,0xba,0xe2,0xda,0x05,0xaf,0xb8,0x63,0x31,0x2f,
    0x6c,0x4f,0x84,0x8c,0x2b,0x13,0x36,0x83,0xc6,0x84,0xce,0xd0,0xfe,0x10,0x37,0x32,0x3e,0xfc,0x0d,0xdd,0x0e,0xb4,0xa3,0xb6,
    0x83,0xed,0xa8,0xba,0xd0,0x3e,0x28,0x2d,0xec,0x8f,0x9a,0x0a,0x30,0x64,0xa2,0xc2,0x0c,0xc9,0x75,0xa0,0x46,0xf0,0x1b,0xe0,
    0x91,0x4c,0x06,0xad,0x84,0x92,0xc1,0x2b,0xa1,0x91,0x39,0x99,0x0b,0x3d,0x21,0x29,0x35,0x50,0x1c,0x0c,0xac,0x6e,0x80,0x09,
    0x7e,0x1a,0x77,0x62,0x87,0x46,0xa9,0xe0,0x76,0xa1,0x2b,0xae,0x5d,0xf0,0x8a,0x3b,0x16,0xf3,0xc2,0xf6,0x44,0xc8,0xb8,0x32,
    0x61,0x33,0x68,0x4c,0xe8,0x0c,0xed,0x0f,0x71,0x23,0xe3,0xc3,0xdf,0xd0,0xed,0x40,0x3b,0x6a,0x3b,0xd8,0x8e,0xaa,0x0b,0xed,
    0x83,0xd2,0xc2,0xfe,0xa8,0xa9,0x00,0x43,0x26,0x2a,0xcc,0x90,0x5c,0x07,0x6a,0x04,0xbf,0x01,0x1e,0xc9,0x64,0xd0,0x4a,0x28,
    0x19,0xbc,0x12,0x1a,0x99,0x93,0xb9,0xd0,0x13,0x92,0x52,0xd3,0x0d,0xc4,0xe0,0xb7,0xc3,0x74,0x43,0x31,0xfc,0xed,0x30,0xdd,
    0x60,0x0c,0xa0,0x3b,0xcc,0x12,0xac,0xd4,0x40,0x67,0x30,0xf8,0xa9,0x12,0x07,0x72,0xaa,0xcc,0x81,0x99,0x2a,0x75,0xa0,0xa3,
    0xca,0x1d,0xb8,0xa8,0x92,0x07,0x22,0xaa,0xec,0x81,0x7d,0x2a,0x7d,0xc0,0x9e,0x8a,0x1f,0xe8,0xbb,0xc1,0x23,0x2a,0xb8,0x9c,
    0x01,0xda,0x26,0xf5,0x00,0xb3,0x89,0x3d,0xc0,0x32,0xc2,0x16,0x78,0x8c,0xb4,0x05,0x7e,0x1f,0xe3,0x01,0xde,0x07,0x79,0x88,
    0xbd,0x91,0x23,0x2a,0x6f,0xe8,0x88,0xa3,0x52,0x03,0x9d,0xc1,0xe0,0xa7,0x4a,0x1c,0xc8,0xa9,0x32,0x07,0x66,0xaa,0xd4,0x81,
    0x8e,0x2a,0x77,0xe0,0xa2,0x4a,0x1e,0x88,0xa8,0xb2,0x07,0xf6,0xa9,0xf4,0x01,0x7b,0x2a,0x7e,0xc0,0xef,0x06,0x8f,0xb0,0xe0,
    0x72,0x06,0x68,0x9b,0xd4,0x03,0xcc,0x26,0xf6,0x00,0xcb,0x08,0x5b,0xe0,0x31,0xd2,0x16,0xf8,0x7d,0x8c,0x07,0x78,0x1f,0xe4,
    0x21,0xf6,0x46,0x8e,0xa8,0xbc,0xa1,0x23,0x88,0x4a,0x0d,0x74,0x06,0x83,0x9f,0x2a,0x71,0x20,0xa7,0xca,0x1c,0x98,0xa9,0x52,
    0x07,0x3a,0xaa,0xdc,0x81,0x8b,0x2a,0x79,0x20,0xa2,0xca,0x1e,0xd8,0xa7,0xd2,0x07,0xec,0xa9,0xf8,0x81,0xbf,0x1b,0x3c,0xe2,
    0x82,0xcb,0x19,0xa0,0x6d,0x52,0x0f,0x30,0x9b,0xd8,0x03,0x2c,0x23,0x6c,0x81,0xc7,0x48,0x5b,0xe0,0xf7,0x31,0x1e,0xe0,0x7d,
    0x90,0x87,0xd8,0x1b,0x39,0xa2,0xf2,0x86,0x8e,0x20,0x2a,0x35,0xd0,0x19,0x0c,0x7e,0xaa,0xc4,0x81,0x9c,0x2a,0x73,0x60,0xa6,
    0x4a,0x1d,0xe8,0xa8,0x72,0x07,0x2e,0xaa,0xe4,0x81,0x88,0x2a,0x7b,0x60,0x9f,0x4a,0x1f,0xb0,0xa7,0xe2,0x07,0x20,0x6f,0xf0,
    0x88,0x0c,0x2e,0x67,0x80,0xb6,0x49,0x3d,0xc0,0x6c,0x62,0x0f,0xb0,0x8c,0xb0,0x05,0x1e,0x23,0x6d,0x81,0xdf,0xc7,0x78,0x80,
    0xf7,0x41,0x1e,0x62,0x6f,0xe4,0x88,0xca,0x1b,0x3a,0x82,0xa8,0xd4,0x70,0x83,0xce,0x16,0x7a,0x5c,0x80,0x41,0x05,0xea,0x59,
    0xe8,0x2c,0x03,0x4b,0xb5,0x54,0x60,0x38,0x5b,0x84,0x71,0x01,0x83,0x11,0x83,0x03,0x00,0x41,0x30,0x20,0x03,0x7e,0x2e,0x44,
    0xb9,0x58,0xdf,0x22,0x18,0x4d,0x08,0x00,0x0b,0xc2,0xb6,0x90,0xcf,0x68,0xc2,0x10,0x98,0x10,0xc0,0x67,0xc4,0xe0,0x00,0x40,
    0x10,0x0c,0xa2,0x94,0x2e,0x5a,0xb9,0x08,0x62,0xb8,0x18,0x31,0x38,0x00,0x10,0x04,0x83,0x48,0xa5,0x0b,0x56,0x2e,0x82,0x19,
    0x2e,0x2c,0x70,0xe4,0x63,0x82,0x23,0x1f,0x1b,0x1c,0xf9,0x18,0xe1,0xc8,0x67,0x96,0xa0,0xa5,0x06,0x2a,0x06,0x84,0xa5,0xc8,
    0x60,0xa5,0x06,0x2a,0x06,0x84,0xa5,0xc8,0x60,0xa5,0x06,0x2a,0x06,0x84,0xa5,0xc8,0x60,0xa5,0x06,0x2a,0x06,0x84,0xa5,0xc8,
    0x60,0xa5,0x86,0x1b,0xd8,0xb6,0xc8,0xe3,0x02,0x0c,0x2a,0x70,0xd3,0x42,0x87,0x1b,0xda,0xb6,0xd8,0xe3,0x02,0x0c,0x2a,0x80,
    0xd3,0x42,0x87,0x1b,0xfa,0xb5,0x60,0xe9,0x02,0x0c,0x66,0x19,0x6c,0xca,0xa5,0x82,0xe1,0x06,0x7f,0x2d,0x5c,0xba,0x00,0x83,
    0x59,0x86,0x97,0x82,0xa9,0xc0,0x14,0xbf,0x2d,0xe4,0x63,0x8a,0xdf,0x16,0xf2,0x31,0xc5,0x6f,0x0b,0xf9,0x98,0xe2,0xb7,0x85,
    0x7c,0xa6,0x1b,0x08,0xd1,0x2d,0x92,0xe9,0x06,0x42,0x74,0x0b,0x65,0xba,0x81,0x10,0xdd,0x62,0x99,0x6e,0x20,0x44,0xb7,0x60,
    0x66,0x09,0x6c,0x6a,0xb8,0xe1,0x64,0x8b,0x99,0x2e,0xc0,0x60,0x96,0xc1,0xa6,0x62,0x2a,0x18,0x6e,0x40,0xd9,0x42,0xa6,0x0b,
    0x30,0x98,0x65,0x90,0xa9,0x99,0x0a,0x46,0x0c,0x0e,0x00,0x04,0xc1,0x80,0x0c,0x76,0xba,0x08,0xe7,0x42,0x85,0x0b,0x9a,0x2e,
    0x46,0x13,0x02,0x60,0x34,0x41,0x08,0x46,0x13,0x06,0x61,0x34,0x81,0x18,0x66,0x09,0x6c,0x6a,0xb8,0xc1,0x65,0x8b,0x9b,0x2e,
    0xc0,0x60,0x96,0xc1,0xa6,0x68,0x2a,0x18,0x6e,0x78,0xd9,0xe2,0xa6,0x0b,0x30,0x98,0x65,0xb0,0xa9,0x9a,0x0a,0x86,0x1b,0x60,
    0xb6,0xe8,0xe9,0x02,0x0c,0xa6,0x1b,0xf8,0xb6,0x80,0xdd,0x22,0x98,0x6e,0xe0,0xdb,0x02,0x76,0x0b,0x61,0xba,0x81,0x6f,0x0b,
    0xd8,0x2d,0x86,0xe9,0x06,0xbe,0x2d,0x60,0xb7,0x20,0x66,0x09,0x6c,0x6a,0xa0,0x67,0xb0,0x64,0x0a,0xef,0x95,0x96,0x22,0x83,
    0x97,0x02,0x05,0x98,0x82,0x7b,0x65,0xa6,0xc0,0x5e,0xa1,0x29,0xa4,0xa6,0x06,0x7a,0x06,0x4b,0xa6,0xf0,0x5e,0x69,0x29,0x32,
    0x78,0x29,0x50,0x80,0x29,0xb8,0x57,0x66,0x0a,0xec,0x15,0x9a,0x42,0x6a,0x6a,0xa0,0x67,0xb0,0x64,0x0a,0xef,0x95,0x96,0x22,
    0x83,0x97,0x02,0x05,0x98,0x82,0x7b,0x65,0xa6,0xc0,0x5e,0xa1,0x29,0xa4,0xa6,0x06,0x7a,0x06,0x4b,0xa6,0xf0,0x5e,0x69,0x29,
    0x32,0x78,0x29,0x50,0x80,0x29,0xb8,0x57,0x66,0x0a,0xec,0x15,0x9a,0x42,0x6a,0xaa,0x70,0xb6,0xf0,0xe5,0x42,0x87,0x1b,0x82,
    0xb4,0x2e,0xc0,0x60,0x96,0x01,0xa7,0x6e,0x2a,0x30,0x3f,0x2e,0x8c,0xf8,0xd8,0x1f,0x17,0x46,0x7c,0x0c,0x94,0x0b,0x23,0x3e,
    0x16,0xca,0x85,0x11,0x9f,0x59,0x02,0x9c,0x1a,0xa8,0x18,0x90,0x9b,0xa2,0x6c,0x6a,0xa0,0x62,0x40,0x6e,0x8a,0xb2,0xa9,0x81,
    0x8a,0x01,0xb9,0x29,0xca,0xa6,0x06,0x2a,0x06,0xe4,0xa6,0x28,0x9b,0x2a,0xb1,0x2d,0xcc,0xb9,0xd0,0xe1,0x86,0x60,0xae,0x8b,
    0x30,0x98,0x6e,0x18,0x8c,0x60,0xba,0x81,0x30,0x84,0xe9,0x86,0xc2,0x18,0x86,0x1b,0x7a,0xb6,0xb8,0xeb,0x02,0x0c,0x66,0x19,
    0xc2,0x2a,0xa7,0x82,0xe1,0x06,0x9f,0x2d,0xf2,0xba,0x00,0x83,0x59,0x06,0x9d,0xda,0xa9,0xc0,0xea,0x20,0x7d,0x0b,0xf9,0x58,
    0x1d,0xa4,0x6f,0x21,0x1f,0xab,0x83,0xf4,0x2d,0xe4,0x63,0x75,0x90,0xbe,0x85,0x7c,0xa6,0x1b,0x88,0xf6,0x2d,0xe8,0x60,0xba,
    0x81,0x68,0xdf,0xa2,0x0e,0xa6,0x1b,0x88,0xf6,0x2d,0xec,0x60,0xba,0x81,0x68,0xdf,0xe2,0x0e,0x66,0x09,0xc2,0x6a,0xb8,0xe1,
    0x6c,0x0b,0xbf,0x2e,0xc0,0x60,0x96,0x21,0xac,0x78,0x2a,0x18,0x6e,0x40,0xdb,0xa2,0xaf,0x0b,0x30,0x98,0x65,0xe8,0x29,0x9f,
    0x0a,0x46,0x0c,0x0e,0x00,0x04,0xc1,0x80,0x0c,0x4c,0xbb,0x60,0xe9,0xa2,0x8e,0x8b,0xbf,0x2e,0x46,0x13,0x02,0x60,0x34,0x41,
    0x08,0x46,0x13,0x06,0x61,0x34,0x81,0x18,0x66,0x09,0xc2,0x6a,0xb8,0xc1,0x6d,0x0b,0xd1,0x2e,0xc0,0x60,0x96,0x21,0xac,0x7e,
    0x2a,0x18,0x6e,0x78,0xdb,0x42,0xb4,0x0b,0x30,0x98,0x65,0x08,0x2b,0xb0,0x0a,0x86,0x1b,0xe0,0xb6,0x40,0xed,0x02,0x0c,0xa6,
    0x1b,0xce,0xb7,0xd8,0xdf,0x22,0x98,0x6e,0x38,0xdf,0x62,0x7f,0x0b,0x61,0xba,0xe1,0x7c,0x8b,0xfd,0x2d,0x86,0xe9,0x86,0xf3,
    0x2d,0xf6,0xb7,0x20,0x66,0x09,0xc2,0x6a,0xa0,0x67,0xb0,0x7a,0xca,0x05,0x17,0x9c,0x22,0x03,0x9d,0xb2,0x89,0x9d,0x32,0xc1,
    0xc5,0xa7,0xec,0x5f,0xf9,0x29,0x04,0xac,0x06,0x7a,0x06,0xab,0xa7,0x5c,0x70,0xc1,0x29,0x32,0xd0,0x29,0x9b,0xd8,0x29,0x13,
    0x5c,0x7c,0xca,0xfe,0x95,0x9f,0x42,0xc0,0x6a,0xa0,0x67,0xb0,0x7a,0xca,0x05,0x17,0x9c,0x22,0x03,0x9d,0xb2,0x89,0x9d,0x32,
    0xc1,0xc5,0xa7,0xec,0x5f,0xf9,0x29,0x04,0xac,0x06,0x7a,0x06,0xab,0xa7,0x5c,0x70,0xc1,0x29,0x32,0xd0,0x29,0x9b,0xd8,0x29,
    0x13,0x5c,0x7c,0xca,0xfe,0x95,0x9f,0x42,0xc0,0xaa,0xf0,0xb6,0x48,0xe9,0x42,0x87,0x1b,0x02,0xda,0x2e,0xc0,0x60,0x96,0x61,
    0xac,0xc4,0x2a,0xb0,0x74,0x2e,0x8c,0xf8,0x98,0x3a,0x17,0x46,0x7c,0x6c,0x9d,0x0b,0x23,0x3e,0xc6,0xce,0x85,0x11,0x9f,0x59,
    0x82,0xb1,0x1a,0xa8,0x18,0x10,0xb1,0xa2,0xc2,0x6a,0xa0,0x62,0x40,0xc4,0x8a,0x0a,0xab,0x81,0x8a,0x01,0x11,0x2b,0x2a,0xac,
    0x06,0x2a,0x06,0x44,0xac,0xa8,0xb0,0x2a,0xd1,0x2d,0x62,0xba,0xd0,0xe1,0x86,0xc0,0xb7,0x8b,0x30,0x98,0x6e,0x18,0x8c,0x60,
    0xba,0x81,0x30,0x84,0xe9,0x86,0xc2,0x18,0x86,0x1b,0x7c,0xb7,0x10,0xef,0x02,0x0c,0x66,0x19,0xd8,0x8a,0xac,0x82,0xe1,0x86,
    0xdf,0x2d,0xc8,0xbb,0x00,0x83,0x59,0x86,0xb2,0x32,0xab,0xc0,0xc0,0x81,0x86,0x0b,0xf9,0x18,0x38,0xd0,0x70,0x21,0x1f,0x03,
    0x07,0x1a,0x2e,0xe4,0x63,0xe0,0x40,0xc3,0x85,0x7c,0xa6,0x1b,0x08,0x1c,0x2e,0x7e,0x61,0xba,0x81,0xc0,0xe1,0x02,0x1c,0xa6,
    0x1b,0x08,0x1c,0x2e,0xc2,0x61,0xba,0x81,0xc0,0xe1,0x42,0x1c,0x66,0x09,0xd8,0x6a,0xb8,0x01,0x7d,0x8b,0xf4,0x2e,0xc0,0x60,
    0x96,0x81,0xad,0xce,0x2a,0x18,0x6e,0x48,0xdf,0x02,0xbd,0x0b,0x30,0x98,0x65,0x40,0xab,0xb4,0x0a,0x46,0x0c,0x0e,0x00,0x04,
    0xc1,0x80,0x0c,0xe2,0xbb,0xb8,0xeb,0x02,0x9c,0x0b,0xf5,0x2e,0x46,0x13,0x02,0x60,0x34,0x41,0x08,0x46,0x13,0x06,0x61,0x34,
    0x81,0x18,0x66,0x09,0xd8,0x6a,0xb8,0xe1,0x7d,0x8b,0xf6,0x2e,0xc0,0x60,0x96,0x81,0xad,0xd4,0x2a,0x18,0x6e,0x80,0xdf,0xa2,
    0xbd,0x0b,0x30,0x98,0x65,0x60,0xab,0xb5,0x0a,0x86,0x1b,0xe2,0xb7,0x98,0xef,0x02,0x0c,0xa6,0x1b,0x64,0xb8,0x30,0xe3,0x22,
    0x98,0x6e,0x90,0xe1,0xc2,0x8c,0x0b,0x61,0xba,0x41,0x86,0x0b,0x33,0x2e,0x86,0xe9,0x06,0x19,0x2e,0xcc,0xb8,0x20,0x66,0x09,
    0xd8,0x6a,0xa0,0x67,0xb0,0xd0,0x8a,0x1c,0x97,0xb1,0x22,0x83,0xb2,0x62,0x0f,0xb3,0xe2,0xc5,0x25,0xad,0x58,0x71,0x51,0x2b,
    0x64,0xad,0x06,0x7a,0x06,0x0b,0xad,0xc8,0x71,0x19,0x2b,0x32,0x28,0x2b,0xf6,0x30,0x2b,0x5e,0x5c,0xd2,0x8a,0x15,0x17,0xb5,
    0x42,0xd6,0x6a,0xa0,0x67,0xb0,0xd0,0x8a,0x1c,0x97,0xb1,0x22,0x83,0xb2,0x62,0x0f,0xb3,0xe2,0xc5,0x25,0xad,0x58,0x71,0x51,
    0x2b,0x64,0xad,0x06,0x7a,0x06,0x0b,0xad,0xc8,0x71,0x19,0x2b,0x32,0x28,0x2b,0xf6,0x30,0x2b,0x5e,0x5c,0xd2,0x8a,0x15,0x17,
    0xb5,0x42,0xd6,0xaa,0xf2,0xb7,0xa0,0xeb,0x42,0x87,0x1b,0x82,0xff,0x2e,0xc0,0x60,0x96,0xc1,0xad,0xda,0x2a,0x30,0x9a,0x2e,
    0x8c,0xf8,0x58,0x4d,0x17,0x46,0x7c,0xcc,0xa6,0x0b,0x23,0x3e,0x76,0xd3,0x85,0x11,0x9f,0x59,0x02,0xb7,0x1a,0xa8,0x18,0x90,
    0xb6,0xa2,0xd8,0x6a,0xa0,0x62,0x40,0xda,0x8a,0x62,0xab,0x81,0x8a,0x01,0x69,0x2b,0x8a,0xad,0x06,0x2a,0x06,0xa4,0xad,0x28,
    0xb6,0xaa,0x11,0x2e,0xf8,0xba,0xd0,0xe1,0x86,0x20,0xc5,0x8b,0x30,0x98,0x6e,0x18,0x8c,0x60,0xba,0x81,0x30,0x84,0xe9,0x86,
    0xc2,0x18,0x86,0x1b,0xc6,0xb7,0x68,0xf1,0x02,0x0c,0x66,0x19,0xee,0xea,0xad,0x82,0xe1,0x06,0xf2,0x2d,0x5e,0xbc,0x00,0x83,
    0x59,0x06,0xb8,0x8a,0xab,0xc0,0x56,0xe2,0x8f,0x0b,0xf9,0xd8,0x4a,0xfc,0x71,0x21,0x1f,0x5b,0x89,0x3f,0x2e,0xe4,0x63,0x2b,
    0xf1,0xc7,0x85,0x7c,0xa6,0x1b,0x88,0x51,0x2e,0x50,0x62,0xba,0x81,0x18,0xe5,0x22,0x25,0xa6,0x1b,0x88,0x51,0x2e,0x54,0x62,
    0xba,0x81,0x18,0xe5,0x62,0x25,0x66,0x09,0xee,0x6a,0xb8,0xa1,0x7d,0x0b,0x1a,0x2f,0xc0,0x60,0x96,0xe1,0xae,0xe4,0x2a,0x18,
    0x6e,0x70,0xdf,0x62,0xc6,0x0b,0x30,0x98,0x65,0x98,0x2b,0xba,0x0a,0x46,0x0c,0x0e,0x00,0x04,0xc1,0x80,0x0c,0x78,0xbc,0x10,
    0xef,0x62,0xa5,0x8b,0x1a,0x2f,0x46,0x13,0x02,0x60,0x34,0x41,0x08,0x46,0x13,0x06,0x61,0x34,0x81,0x18,0x66,0x09,0xee,0x6a,
    0xb8,0x81,0x7e,0x0b,0x1c,0x2f,0xc0,0x60,0x96,0xe1,0xae,0xea,0x2a,0x18,0x6e,0xa8,0xdf,0x02,0xc7,0x0b,0x30,0x98,0x65,0xb8,
    0x2b,0xbb,0x0a,0x86,0x1b,0xec,0xb7,0xf0,0xf1,0x02,0x0c,0xa6,0x1b,0xfa,0xb8,0x88,0xe5,0x22,0x98,0x6e,0xe8,0xe3,0x22,0x96,
    0x0b,0x61,0xba,0xa1,0x8f,0x8b,0x58,0x2e,0x86,0xe9,0x86,0x3e,0x2e,0x62,0xb9,0x20,0x66,0x09,0xee,0x6a,0xa0,0x67,0xb0,0xe6,
    0x4a,0x2f,0x17,0xb7,0x22,0x03,0xb8,0x12,0x95,0xb8,0x92,0xcb,0x85,0xae,0xc4,0x72,0xa9,0x2b,0xc4,0xae,0x06,0x7a,0x06,0x6b,
    0xae,0xf4,0x72,0x71,0x2b,0x32,0x80,0x2b,0x51,0x89,0x2b,0xb9,0x5c,0xe8,0x4a,0x2c,0x97,0xba,0x42,0xec,0x6a,0xa0,0x67,0xb0,
    0xe6,0x4a,0x2f,0x17,0xb7,0x22,0x03,0xb8,0x12,0x95,0xb8,0x92,0xcb,0x85,0xae,0xc4,0x72,0xa9,0x2b,0xc4,0xae,0x06,0x7a,0x06,
    0x6b,0xae,0xf4,0x72,0x71,0x2b,0x32,0x80,0x2b,0x51,0x89,0x2b,0xb9,0x5c,0xe8,0x4a,0x2c,0x97,0xba,0x42,0xec,0xaa,0xfc,0xb7,
    0xf8,0xed,0x42,0x87,0x1b,0x02,0x35,0x2f,0xc0,0x60,0x96,0x21,0xaf,0xf0,0x2a,0xb0,0xbf,0x2e,0x8c,0xf8,0x18,0x68,0x17,0x46,
    0x7c,0x2c,0xb4,0x0b,0x23,0x3e,0x26,0xda,0x85,0x11,0x9f,0x59,0x82,0xbc,0x1a,0xa8,0x18,0x10,0xbc,0xa2,0xee,0x6a,0xa0,0x62,
    0x40,0xf0,0x8a,0xba,0xab,0x81,0x8a,0x01,0xc1,0x2b,0xea,0xae,0x06,0x2a,0x06,0x04,0xaf,0xa8,0xbb,0x2a,0x14,0x2e,0xce,0xbb,
    0xd0,0xe1,0x86,0x80,0xce,0x8b,0x30,0x98,0x6e,0x18,0x8c,0x60,0xba,0x81,0x30,0x84,0xe9,0x86,0xc2,0x18,0x86,0x1b,0x56,0xb8,
    0xc0,0xf3,0x02,0x0c,0x66,0x19,0x44,0x4b,0xaf,0x82,0xe1,0x06,0x16,0x2e,0xf4,0xbc,0x00,0x83,0x59,0x86,0xbd,0xe2,0xab,0xc0,
    0xec,0x42,0x9d,0x0b,0xf9,0x98,0x5d,0xa8,0x73,0x21,0x1f,0xb3,0x0b,0x75,0x2e,0xe4,0x63,0x76,0xa1,0xce,0x85,0x7c,0xa6,0x1b,
    0x08,0x77,0x2e,0xe6,0x62,0xba,0x81,0x70,0xe7,0x82,0x2e,0xa6,0x1b,0x08,0x77,0x2e,0xea,0x62,0xba,0x81,0x70,0xe7,0xc2,0x2e,
    0x66,0x09,0x44,0x6b,0xb8,0xa1,0x86,0x8b,0x3f,0x2f,0xc0,0x60,0x96,0x41,0xb4,0xfa,0x2a,0x18,0x6e,0xb0,0xe1,0xc2,0xcf,0x0b,
    0x30,0x98,0x65,0xf0,0xab,0xbf,0x0a,0x46,0x0c,0x0e,0x00,0x04,0xc1,0x80,0x0c,0x4e,0xbd,0x68,0xf1,0xc2,0xae,0x0b,0x50,0x2f,
    0x46,0x13,0x02,0x60,0x34,0x41,0x08,0x46,0x13,0x06,0x61,0x34,0x81,0x18,0x66,0x09,0x44,0x6b,0xb8,0x81,0x87,0x8b,0x51,0x2f,
    0xc0,0x60,0x96,0x41,0xb4,0x40,0x2b,0x18,0x6e,0xe8,0xe1,0x62,0xd4,0x0b,0x30,0x98,0x65,0x10,0xad,0xd0,0x0a,0x86,0x1b,0x7c,
    0xb8,0x48,0xf5,0x02,0x0c,0xa6,0x1b,0xd0,0xb9,0xe0,0xe7,0x22,0x98,0x6e,0x40,0xe7,0x82,0x9f,0x0b,0x61,0xba,0x01,0x9d,0x0b,
    0x7e,0x2e,0x86,0xe9,0x06,0x74,0x2e,0xf8,0xb9,0x20,0x66,0x09,0x44,0x6b,0xa0,0x67,0xb0,0xfc,0x0a,0x46,0x97,0xbc,0x22,0x83,
    0xbd,0xc2,0x19,0xbe,0x42,0xd1,0xe5,0xaf,0xf0,0x73,0x01,0x2d,0x24,0xb4,0x06,0x7a,0x06,0xcb,0xaf,0x60,0x74,0xc9,0x2b,0x32,
    0xd8,0x2b,0x9c,0xe1,0x2b,0x14,0x5d,0xfe,0x0a,0x3f,0x17,0xd0,0x42,0x42,0x6b,0xa0,0x67,0xb0,0xfc,0x0a,0x46,0x97,0xbc,0x22,
    0x83,0xbd,0xc2,0x19,0xbe,0x42,0xd1,0xe5,0xaf,0xf0,0x73,0x01,0x2d,0x24,0xb4,0x06,0x7a,0x06,0xcb,0xaf,0x60,0x74,0xc9,0x2b,
    0x32,0xd8,0x2b,0x9c,0xe1,0x2b,0x14,0x5d,0xfe,0x0a,0x3f,0x17,0xd0,0x42,0x42,0xab,0xcc,0xb8,0x50,0xf1,0x42,0x87,0x1b,0x82,
    0x5a,0x2f,0xc0,0x60,0x96,0x81,0xb4,0x46,0x2b,0x30,0xf5,0x2e,0x8c,0xf8,0xd8,0x7a,0x17,0x46,0x7c,0x8c,0xbd,0x0b,0x23,0x3e,
    0xd6,0xde,0x85,0x11,0x9f,0x59,0x02,0xd2,0x1a,0xa8,0x18,0x90,0xd1,0xa2,0x44,0x6b,0xa0,0x62,0x40,0x46,0x8b,0x12,0xad,0x81,
    0x8a,0x01,0x19,0x2d,0x4a,0xb4,0x06,0x2a,0x06,0x64,0xb4,0x28,0xd1,0x2a,0x38,0x2e,0x64,0xbc,0xd0,0xe1,0x86,0xe0,0xd7,0x8b,
    0x30,0x98,0x6e,0x18,0x8c,0x60,0xba,0x81,0x30,0x84,0xe9,0x86,0xc2,0x18,0x86,0x1b,0xf6,0xb8,0x18,0xf7,0x02,0x0c,0x66,0x19,
    0x5a,0xab,0xb4,0x82,0xe1,0x06,0x3e,0x2e,0xca,0xbd,0x00,0x83,0x59,0x06,0xd3,0x3a,0xad,0xc0,0x7c,0x43,0xa6,0x0b,0xf9,0x4c,
    0x37,0x04,0x33,0x5d,0xec,0xc6,0x2c,0x41,0x6b,0x0d,0x37,0xfc,0x71,0x41,0xee,0x05,0x18,0xcc,0x32,0xb4,0x16,0x6a,0x05,0xc3,
    0x0d,0xa0,0x5c,0x8c,0x7b,0x01,0x06,0xb3,0x0c,0xa9,0xa5,0x5a,0xc1,0x88,0xc1,0x01,0x80,0x20,0x18,0x90,0x01,0xbb,0x17,0x72,
    0x5e,0xec,0x76,0x51,0xee,0xc5,0x68,0x42,0x30,0xcc,0x12,0xb4,0xd6,0x70,0xc3,0x28,0x17,0xe5,0x5e,0x80,0xc1,0x2c,0x43,0x6b,
    0xad,0x56,0x30,0xdc,0x40,0xca,0x45,0xb9,0x17,0x60,0x30,0xcb,0xd0,0x5a,0xac,0x15,0x0c,0x37,0x94,0x72,0xb1,0xee,0x05,0x18,
    0x4c,0x37,0x9c,0x74,0xb1,0xd3,0x45,0x30,0x4b,0xd0,0x5a,0x03,0x3d,0x83,0x92,0x5a,0xa8,0xba,0x90,0x96,0x64,0x5a,0xb0,0x73,
    0x5a,0xa0,0xba,0xa8,0x16,0x9c,0x2e,0xab,0x25,0xb0,0x56,0xa5,0x72,0xf1,0xee,0x85,0x0e,0x37,0x04,0xf1,0x5e,0x84,0x81,0x99,
    0x78,0x31,0xc4,0x67,0xba,0x21,0x20,0x84,0xe9,0x06,0xb0,0x2e,0xc8,0xba,0xe0,0xe3,0x62,0xba,0x01,0xac,0x0b,0xb2,0x2e,0xfa,
    0xb8,0x98,0x6e,0x00,0xeb,0x82,0xac,0x0b,0x3f,0x2e,0xa6,0x1b,0xc0,0xba,0x20,0xeb,0xe2,0x8f,0x8b,0xe1,0x06,0x7f,0x2e,0x50,
    0xbd,0x00,0x83,0x59,0x06,0xd7,0x8a,0xaf,0xa0,0x78,0xb8,0x98,0xf7,0x02,0x2b,0x60,0xf7,0x42,0x87,0x1b,0x02,0x78,0x2f,0xc0,
    0x60,0x96,0x01,0xb6,0x5e,0x2b,0xa8,0x1f,0x2e,0xdc,0xbd,0xd0,0xe1,0x86,0x21,0xde,0x0b,0x30,0x98,0x6e,0xb8,0xf7,0x42,0x08,
    0xa6,0x1b,0xfa,0xbd,0x28,0x84,0x59,0x02,0xd8,0x1a,0xa8,0x20,0xf8,0x7b,0x71,0x2d,0xe2,0xb5,0x06,0x2a,0x08,0xfa,0x5e,0x5c,
    0x8b,0x78,0xad,0xe1,0x86,0x60,0xe4,0x0b,0x30,0x98,0x65,0x00,0xaf,0xd8,0x0a,0x86,0x1b,0x04,0x90,0x2f,0xc0,0x60,0x96,0x01,
    0xbc,0x64,0x2b,0x18,0x6e,0x18,0xfe,0xbd,0x00,0x83,0x59,0x06,0xf0,0x9a,0xad,0x60,0xb8,0x81,0xf8,0xf7,0x02,0x0c,0x66,0x19,
    0x68,0xab,0xb6,0x02,0xd3,0xf1,0x42,0x44,0xe2,0x63,0x3b,0x5e,0x88,0x48,0x7c,0x8c,0xc7,0x0b,0x11,0x89,0x8f,0xf5,0x78,0x21,
    0x22,0xf1,0x99,0x25,0x00,0xaf,0xe1,0x86,0x64,0xe4,0x0b,0x30,0x18,0x6e,0x50,0x40,0xbe,0x00,0x83,0x12,0x82,0x9d,0x65,0x00,
    0x2f,0xdb,0x0a,0x86,0x1b,0x98,0x95,0x2f,0xc0,0x60,0x96,0xe1,0xb6,0x70,0x2b,0x30,0x31,0x2f,0x4e,0x24,0x3e,0xb3,0x04,0xe0,
    0x35,0xdc,0xe0,0x9c,0x7c,0x01,0x06,0xb3,0x0c,0xe0,0x95,0x5b,0xc1,0x70,0xc3,0xf3,0xf2,0x05,0x18,0xcc,0x32,0xe8,0xd6,0x6e,
    0x05,0x56,0xe6,0x85,0x5f,0x17,0xf1,0x99,0x25,0x00,0xaf,0xe1,0x86,0xc8,0xe5,0x0b,0x30,0x98,0x65,0x00,0x2f,0xde,0x0a,0x86,
    0x1b,0x24,0x95,0x2f,0xc0,0x60,0x96,0xa1,0xb7,0x7c,0x2b,0x30,0x34,0x2f,0x48,0xbb,0x88,0x8f,0xa5,0x79,0x41,0xda,0x45,0x7c,
    0x4c,0xcd,0x0b,0xd2,0x2e,0xe2,0x63,0x6b,0x5e,0x90,0x76,0x11,0x9f,0x59,0x02,0xf0,0x1a,0x6e,0xb8,0x5c,0xbe,0x00,0x83,0x59,
    0x86,0xdf,0x02,0xaf,0xc0,0xda,0xbc,0x30,0xed,0x22,0x3e,0x23,0x06,0x07,0x00,0x82,0x60,0x10,0x95,0x7d,0x71,0xee,0xc5,0x8c,
    0x04,0xb3,0x04,0xe0,0x35,0x50,0x36,0xa8,0x01,0x6d,0x69,0xb7,0x45,0xe9,0x96,0xd3,0x5b,0xc2,0x6f,0xf1,0xf2,0x02,0x5b,0xbe,
    0xbc,0xc4,0x96,0x1b,0xc9,0x96,0xcd,0x2e,0xbb,0xc5,0xcb,0x8b,0x6f,0xa1,0x51,0x6d,0xc1,0xec,0x82,0x5b,0x03,0x65,0x83,0x1a,
    0xd0,0x16,0x77,0x5b,0x96,0x6e,0x39,0xbd,0x45,0xfc,0x96,0x2f,0x2f,0xb0,0x05,0xce,0x4b,0x6c,0xb9,0x91,0x6c,0xd9,0xec,0xb2,
    0x5b,0xbe,0xbc,0xf8,0x96,0x1a,0xd5,0x96,0xcc,0x2e,0xb8,0x35,0x50,0x36,0xa8,0x01,0x6d,0x79,0xb7,0x85,0xe9,0x96,0xd3,0x5b,
    0xc6,0x6f,0x81,0xf3,0x02,0x5b,0xe2,0xbc,0xc4,0x96,0x1b,0xc9,0x96,0xcd,0x2e,0xbb,0x05,0xce,0x8b,0x6f,0xb1,0x51,0x6d,0xd1,
    0xec,0x82,0x5b,0x03,0x65,0x83,0x1a,0xd0,0x16,0x18,0xdc,0x96,0xa6,0x5b,0x4e,0x6f,0x91,0xf3,0xf2,0x5b,0xe2,0xbc,0xc0,0x16,
    0x39,0x2f,0xb1,0xe5,0x46,0xb2,0x65,0xb3,0xcb,0x6e,0x89,0xf3,0xe2,0x5b,0x6e,0x54,0x5b,0x36,0xbb,0xe0,0x96,0x11,0x3b,0x22,
    0x1f,0x23,0x76,0x44,0x3e,0x46,0xec,0x88,0x7c,0x8c,0xd8,0x11,0xf9,0x0c,0x37,0x8c,0x01,0xd9,0x17,0x60,0x30,0xcb,0x00,0x5f,
    0xe1,0x15,0x0c,0x37,0x90,0x41,0xd8,0x17,0x60,0x30,0xcb,0x00,0x5f,0xe2,0x15,0x0c,0x37,0x94,0x01,0xd8,0x17,0x60,0x30,0xcb,
    0x00,0x5f,0xe3,0x15,0x0c,0x37,0x98,0x01,0xd8,0x17,0x60,0x30,0xcb,0x40,0x5e,0xe5,0x15,0xd8,0x9e,0x17,0x63,0x12,0x1f,0xe3,
    0xf3,0x62,0x4c,0xe2,0x63,0x7d,0x5e,0x8c,0x49,0x7c,0xcc,0xcf,0x8b,0x31,0x89,0xcf,0x2c,0x01,0x7c,0x0d,0x37,0xac,0x01,0xd9,
    0x17,0x60,0x30,0xdc,0xc0,0x06,0x61,0x5f,0x80,0x41,0x09,0xc1,0xce,0x32,0xc0,0x97,0x79,0x05,0xc3,0x0d,0x6e,0xc0,0xf6,0x05,
    0x18,0x0c,0x37,0xbc,0xc1,0xd8,0x17,0x60,0x50,0x42,0xb0,0xb3,0x0c,0xe7,0x85,0x5e,0x81,0x95,0x7a,0xa1,0x26,0xf1,0x99,0x25,
    0x80,0xaf,0xe1,0x06,0x39,0x50,0xfb,0x02,0x0c,0x66,0x19,0xe0,0x2b,0xbd,0x82,0xe1,0x86,0x39,0x90,0xfb,0x02,0x0c,0x66,0x19,
    0xd4,0x6b,0xbd,0x02,0x43,0xf5,0x22,0xbc,0x8b,0xf8,0xcc,0x12,0xc0,0xd7,0x70,0x43,0x1d,0xc4,0x7d,0x01,0x06,0xb3,0x0c,0xf0,
    0xc5,0x5e,0xc1,0x70,0x83,0x1d,0xb4,0x7d,0x01,0x06,0xb3,0x0c,0xed,0xe5,0x5e,0x81,0xad,0x7a,0x71,0xde,0x45,0x7c,0x8c,0xd5,
    0x8b,0xf3,0x2e,0xe2,0x63,0xad,0x5e,0x9c,0x77,0x11,0x1f,0x73,0xf5,0xe2,0xbc,0x8b,0xf8,0xcc,0x12,0xc0,0xd7,0x70,0xc3,0x1e,
    0xc4,0x7d,0x01,0x06,0xb3,0x0c,0xef,0x05,0x5f,0x81,0xc1,0x7a,0x91,0xde,0x45,0x7c,0x46,0x0c,0x0e,0x00,0x04,0xc1,0x20,0x42,
    0xfd,0x42,0xe5,0x0b,0x3b,0x09,0x66,0x09,0xe0,0x6b,0xa0,0x6c,0x70,0x03,0xf2,0xd2,0xce,0x8b,0x52,0x2f,0xa7,0xbd,0x84,0xf7,
    0x12,0xeb,0x05,0xbc,0xc8,0x7a,0x09,0x2f,0x7a,0x12,0x2f,0xde,0x5d,0xd6,0x4b,0xac,0x17,0xf7,0x72,0xa7,0xf2,0xb2,0xdd,0x05,
    0xbd,0x06,0xca,0x06,0x37,0x20,0x2f,0xee,0xbc,0x2c,0xf5,0x72,0xda,0x8b,0x78,0x2f,0xb2,0x5e,0xc0,0xcb,0xac,0x97,0xf0,0xa2,
    0x27,0xf1,0xe2,0xdd,0x65,0xbd,0xc8,0x7a,0x71,0x2f,0x78,0x2a,0x2f,0xdc,0x5d,0xd0,0x6b,0xa0,0x6c,0x70,0x03,0xf2,0xf2,0xce,
    0x0b,0x53,0x2f,0xa7,0xbd,0x8c,0xf7,0x32,0xeb,0x05,0xbc,0xd0,0x7a,0x09,0x2f,0x7a,0x12,0x2f,0xde,0x5d,0xd6,0xcb,0xac,0x17,
    0xf7,0x92,0xa7,0xf2,0xd2,0xdd,0x05,0xbd,0x06,0xca,0x06,0x37,0x20,0x2f,0x30,0x38,0x2f,0x4d,0xbd,0x9c,0xf6,0x52,0xeb,0xe5,
    0xbd,0xd0,0x7a,0x01,0x2f,0xb5,0x5e,0xc2,0x8b,0x9e,0xc4,0x8b,0x77,0x97,0xf5,0x42,0xeb,0xc5,0xbd,0xe8,0xa9,0xbc,0x78,0x77,
    0x41,0x2f,0x23,0xe4,0xbb,0x90,0x8f,0x11,0xf2,0x5d,0xc8,0xc7,0x08,0xf9,0x2e,0xe4,0x63,0x84,0x7c,0x17,0xf2,0x31,0xe2,0x0c,
    0xe0,0x63,0xc4,0x19,0xc0,0xc7,0x88,0x33,0x80,0x8f,0x11,0x67,0x00,0x9f,0x11,0x83,0x03,0x00,0x41,0x30,0x88,0x6a,0xbf,0xc8,
    0xf9,0x82,0xe8,0xf5,0x62,0xc4,0xe0,0x00,0x40,0x10,0x0c,0x22,0xdb,0x2f,0x74,0xbe,0x20,0x7c,0xbd,0x18,0x31,0x38,0x00,0x10,
    0x04,0x83,0xe8,0xf6,0x8b,0x9d,0x2f,0x88,0x5f,0x2f,0x46,0x0c,0x0e,0x00,0x04,0xc1,0x20,0xc2,0xfd,0x82,0xe7,0x0b,0x02,0xdc,
    0x8b,0x11,0x83,0x03,0x00,0x41,0x30,0x88,0x72,0xbf,0xd8,0xf9,0x82,0x10,0xf7,0x62,0xc4,0xe0,0x00,0x40,0x10,0x0c,0x22,0xdd,
    0x2f,0x78,0xbe,0x20,0xc6,0xbd,0x18,0x31,0x38,0x00,0x10,0x04,0x83,0x68,0xf7,0x8b,0x9e,0x2f,0x08,0x72,0x2f,0x46,0x0c,0x0e,
    0x00,0x04,0xc1,0x20,0xe2,0xfd,0xc2,0xe7,0x0b,0xa2,0xdc,0x8b,0x59,0x82,0x1e,0x1b,0x6e,0xc0,0xed,0xe2,0xf5,0x0b,0x30,0x98,
    0x65,0xe8,0x31,0xf9,0x0a,0x86,0x1b,0x72,0xbb,0x70,0xfd,0x02,0x0c,0x66,0x19,0x7a,0x6c,0xbe,0x82,0xe1,0x06,0xdd,0x2e,0x5c,
    0xbf,0x00,0x83,0x59,0x06,0xfa,0xaa,0xaf,0xc0,0xec,0x23,0x4c,0xe4,0x63,0xf6,0x11,0x26,0xf2,0x31,0xfb,0x08,0x13,0xf9,0x18,
    0x7f,0x9c,0x89,0x7c,0x66,0x09,0x7a,0x6c,0xb8,0xe1,0xb7,0x0b,0xd9,0x2f,0xc0,0x60,0x96,0xc1,0xbe,0xee,0x2b,0xb0,0xfd,0x30,
    0x13,0xf9,0xd8,0x7e,0x98,0x89,0x7c,0x6c,0x3f,0xcc,0x44,0x3e,0x16,0x22,0x6c,0x22,0x1f,0x23,0xee,0xbd,0x90,0x8f,0x11,0xf8,
    0x5e,0xc8,0xc7,0x88,0x7c,0x2f,0xe4,0x63,0x84,0xbe,0x17,0xf2,0x19,0x31,0x38,0x00,0x10,0x04,0x83,0xa8,0xfd,0x8b,0xb8,0x2f,
    0x88,0x7a,0x2f,0x46,0x0c,0x0e,0x00,0x04,0xc1,0x20,0x72,0xff,0x42,0xee,0x0b,0xc2,0xde,0x8b,0x11,0x83,0x03,0x00,0x41,0x30,
    0x88,0xde,0xbf,0x98,0xfb,0x82,0xb8,0xf7,0x62,0xc4,0xe0,0x00,0x40,0x10,0x0c,0x22,0xf8,0x2f,0xe8,0xbe,0x20,0xf0,0xbd,0x18,
    0x31,0x38,0x00,0x10,0x04,0x83,0x28,0xfe,0x8b,0xb9,0x2f,0x08,0x7d,0x2f,0x46,0x0c,0x0e,0x00,0x04,0xc1,0x20,0x92,0xff,0x82,
    0xee,0x0b,0x62,0xdf,0x8b,0x11,0x83,0x03,0x00,0x41,0x30,0x88,0xe6,0xbf,0xa8,0xfb,0x82,0xe0,0xf7,0x62,0xc4,0xe0,0x00,0x40,
    0x10,0x0c,0x22,0xfa,0x2f,0xec,0xbe,0x20,0xfa,0xbd,0x98,0x25,0xe8,0xb1,0xe1,0x06,0xf8,0x2e,0xd0,0xbf,0x00,0x83,0x59,0x06,
    0xfc,0xca,0xaf,0xc0,0x58,0xe4,0x4e,0xe4,0x63,0x2c,0x72,0x27,0xf2,0x31,0x16,0xb9,0x13,0xf9,0x98,0x8c,0xf4,0x89,0x7c,0x8c,
    0x50,0xf9,0x42,0x3e,0x46,0xac,0x7c,0x21,0x1f,0x23,0x58,0xbe,0x90,0x8f,0x11,0x2d,0x5f,0xc8,0x67,0xc4,0xe0,0x00,0x40,0x10,
    0x0c,0x22,0xff,0x2f,0x44,0xbf,0x20,0x4c,0xbe,0x18,0x31,0x38,0x00,0x10,0x04,0x83,0xe8,0xff,0x8b,0xd1,0x2f,0x88,0x93,0x2f,
    0x46,0x0c,0x0e,0x00,0x04,0xc1,0x20,0x02,0x41,0x83,0xf4,0x0b,0x02,0xe5,0x8b,0x11,0x83,0x03,0x00,0x41,0x30,0x88,0x42,0xd0,
    0x28,0xfd,0x82,0x48,0xf9,0x62,0xc4,0xe0,0x00,0x40,0x10,0x0c,0x22,0x11,0x34,0x48,0xbf,0x20,0x56,0xbe,0x18,0x31,0x38,0x00,
    0x10,0x04,0x83,0x68,0x04,0x8d,0xd2,0x2f,0x08,0x96,0x2f,0x46,0x0c,0x0e,0x00,0x04,0xc1,0x20,0x22,0x41,0xc3,0xf4,0x0b,0xa2,
    0xe5,0x8b,0x11,0x83,0x03,0x00,0x41,0x30,0x88,0x4a,0xd0,0x38,0xfd,0x82,0x70,0xf9,0x62,0x96,0xa0,0xc7,0x86,0x1b,0x42,0xbc,
    0x98,0xff,0x02,0x0c,0x66,0x19,0xf4,0x6b,0xbf,0x02,0xeb,0x11,0x54,0x81,0x8f,0xf5,0x08,0xaa,0xc0,0xc7,0x7a,0x04,0x55,0xe0,
    0x63,0x63,0xe2,0x2a,0xf0,0x19,0x31,0x38,0x00,0x10,0x04,0x83,0x68,0x05,0x8d,0xd7,0x2f,0x88,0x99,0x2f,0x46,0x0c,0x0e,0x00,
    0x04,0xc1,0x20,0x62,0x41,0x03,0xf6,0x0b,0x82,0xe6,0x8b,0x11,0x83,0x03,0x00,0x41,0x30,0x88,0x5a,0xd0,0x88,0xfd,0x82,0xa8,
    0xf9,0x62,0xc4,0xe0,0x00,0x40,0x10,0x0c,0x22,0x17,0x34,0x64,0xbf,0x20,0x6c,0xbe,0x18,0x31,0x38,0x00,0x10,0x04,0x83,0xe8,
    0x05,0x8d,0xd8,0x2f,0x08,0x9c,0x2f,0x46,0x0c,0x0e,0x00,0x04,0xc1,0x20,0x82,0x41,0x43,0xf6,0x0b,0x22,0xe7,0x8b,0x11,0x83,
    0x03,0x00,0x41,0x30,0x88,0x62,0xd0,0x98,0xfd,0x82,0xd0,0xf9,0x62,0xc4,0xe0,0x00,0x40,0x10,0x0c,0x22,0x19,0x34,0x68,0xbf,
    0x20,0x76,0xbe,0x98,0x25,0xe8,0xb1,0xe1,0x06,0x17,0x2f,0x4e,0xd0,0x00,0x83,0x59,0x06,0xfe,0xea,0xaf,0xc0,0xd4,0xa4,0x56,
    0xe0,0x63,0x6a,0x52,0x2b,0xf0,0x31,0x35,0xa9,0x15,0xf8,0x18,0x9c,0xec,0x0a,0x7c,0x8c,0x18,0xfb,0x02,0x3e,0x46,0x90,0x7d,
    0x01,0x1f,0x23,0xca,0xbe,0x80,0x8f,0x11,0x66,0x5f,0xc0,0x67,0xc4,0xe0,0x00,0x40,0x10,0x0c,0x22,0x1e,0x34,0xc0,0xbf,0x20,
    0xc8,0xbe,0x18,0x31,0x38,0x00,0x10,0x04,0x83,0xa8,0x07,0x8d,0xf0,0x2f,0x88,0xb2,0x2f,0x46,0x0c,0x0e,0x00,0x04,0xc1,0x20,
    0xf2,0x41,0x43,0xfc,0x0b,0xc2,0xec,0x8b,0x11,0x83,0x03,0x00,0x41,0x30,0x88,0x7e,0xd0,0x18,0xff,0x82,0x38,0xfb,0x62,0xc4,
    0xe0,0x00,0x40,0x10,0x0c,0x22,0x30,0x34,0xc4,0xbf,0x20,0xd2,0xbe,0x18,0x31,0x38,0x00,0x10,0x04,0x83,0x28,0x0c,0x8d,0xf1,
    0x2f,0x08,0xb5,0x2f,0x46,0x0c,0x0e,0x00,0x04,0xc1,0x20,0x12,0x43,0x83,0xfc,0x0b,0x62,0xed,0x8b,0x11,0x83,0x03,0x00,0x41,
    0x30,0x88,0xc6,0xd0,0x28,0xff,0x82,0x60,0xfb,0x62,0x96,0xa0,0xc7,0x86,0x1b,0x7e,0xbc,0xa8,0x41,0x03,0x0c,0x66,0x19,0xfc,
    0xeb,0xbf,0x02,0xdb,0x13,0x73,0x81,0x8f,0xed,0x89,0xb9,0xc0,0xc7,0xf6,0xc4,0x5c,0xe0,0x63,0xa1,0xc2,0x2e,0xf0,0x31,0x82,
    0xee,0x0b,0xf8,0x18,0x51,0xf7,0x05,0x7c,0x8c,0xb0,0xfb,0x02,0x3e,0x46,0xdc,0x7d,0x01,0x1f,0x23,0xf6,0xbe,0x90,0x8f,0x11,
    0x7c,0x5f,0xc8,0xc7,0x88,0xbe,0x2f,0xe4,0x63,0x84,0xdf,0x17,0xf2,0x19,0x31,0x38,0x00,0x10,0x04,0x83,0x28,0x0e,0x8d,0xfa,
    0x2f,0x88,0xbc,0x2f,0x46,0x0c,0x0e,0x00,0x04,0xc1,0x20,0x92,0x43,0xc3,0xfe,0x0b,0x42,0xef,0x8b,0x11,0x83,0x03,0x00,0x41,
    0x30,0x88,0xe6,0xd0,0xb8,0xff,0x82,0xd8,0xfb,0x62,0xc4,0xe0,0x00,0x40,0x10,0x0c,0x22,0x3a,0x34,0xf0,0xbf,0x20,0xf8,0xbe,
    0x18,0x31,0x38,0x00,0x10,0x04,0x83,0xa8,0x0e,0x8d,0xfb,0x2f,0x08,0xbf,0x2f,0x46,0x0c,0x0e,0x00,0x04,0xc1,0x20,0xb2,0x43,
    0x03,0xff,0x0b,0xe2,0xef,0x8b,0x11,0x83,0x03,0x00,0x41,0x30,0x88,0xee,0xd0,0xc8,0xff,0x82,0x00,0xfd,0x62,0xc4,0xe0,0x00,
    0x40,0x10,0x0c,0x22,0x3c,0x34,0xf4,0xbf,0x20,0x42,0xbf,0x98,0x25,0xe8,0xb1,0xe1,0x06,0x3a,0x2f,0xca,0xd0,0x00,0x83,0x59,
    0x06,0x10,0x0b,0xb1,0xc0,0xf6,0x05,0x56,0xe2,0x63,0xfb,0x02,0x2b,0xf1,0xb1,0x7d,0x81,0x95,0xf8,0x58,0xc8,0xd8,0x4a,0x7c,
    0x46,0x0c,0x0e,0x00,0x04,0xc1,0x20,0xf2,0x43,0x43,0x04,0x0d,0xc2,0xf4,0x8b,0x11,0x83,0x03,0x00,0x41,0x30,0x88,0xfe,0xd0,
    0x18,0x41,0x83,0x38,0xfd,0x62,0xc4,0xe0,0x00,0x40,0x10,0x0c,0x22,0x50,0x34,0x48,0xd0,0x20,0x50,0xbf,0x18,0x31,0x38,0x00,
    0x10,0x04,0x83,0x28,0x14,0x8d,0x12,0x34,0x88,0xd4,0x2f,0x46,0x0c,0x0e,0x00,0x04,0xc1,0x20,0x12,0x45,0x83,0x04,0x0d,0x62,
    0xf5,0x8b,0x11,0x83,0x03,0x00,0x41,0x30,0x88,0x46,0xd1,0x28,0x41,0x83,0x60,0xfd,0x62,0xc4,0xe0,0x00,0x40,0x10,0x0c,0x22,
    0x52,0x34,0x4c,0xd0,0x20,0x5a,0xbf,0x18,0x31,0x38,0x00,0x10,0x04,0x83,0xa8,0x14,0x8d,0x13,0x34,0x08,0xd7,0x2f,0x66,0x09,
    0x7a,0x6c,0xb8,0x21,0xd4,0x8b,0x38,0x34,0xc0,0x60,0x96,0x41,0xc4,0x46,0x2c,0xb0,0x5e,0x41,0x19,0xf8,0x58,0xaf,0xa0,0x0c,
    0x7c,0xac,0x57,0x50,0x06,0x3e,0x36,0x2e,0x2e,0x03,0x1f,0x0b,0x17,0x96,0x91,0x8f,0x85,0x0b,0xcb,0xc8,0xc7,0xc2,0x85,0x65,
    0xe4,0x63,0xe7,0x22,0x33,0xf2,0x31,0x84,0x88,0x8f,0x21,0x44,0x7c,0x0c,0x21,0xe2,0x63,0x08,0x11,0x9f,0x11,0x83,0x03,0x00,
    0x41,0x30,0x88,0x66,0xd1,0xb8,0x41,0x83,0xd8,0xfd,0x62,0xc4,0xe0,0x00,0x40,0x10,0x0c,0x22,0x5a,0x34,0x70,0xd0,0x20,0x78,
    0xbf,0x18,0x31,0x38,0x00,0x10,0x04,0x83,0xa8,0x16,0x8d,0x1c,0x34,0x88,0xde,0x2f,0x46,0x0c,0x0e,0x00,0x04,0xc1,0x20,0xb2,
    0x45,0x43,0x07,0x0d,0xc2,0xf7,0x8b,0x11,0x83,0x03,0x00,0x41,0x30,0x88,0x6e,0xd1,0xc8,0x41,0x83,0x00,0xff,0x62,0xc4,0xe0,
    0x00,0x40,0x10,0x0c,0x22,0x5c,0x34,0x74,0xd0,0x20,0xc2,0xbf,0x18,0x31,0x38,0x00,0x10,0x04,0x83,0x28,0x17,0x8d,0x1d,0x34,
    0x08,0xf1,0x2f,0x46,0x0c,0x0e,0x00,0x04,0xc1,0x20,0xd2,0x45,0x83,0x07,0x0d,0x62,0xfc,0x8b,0x59,0x82,0x1e,0x1b,0x6e,0xb0,
    0xf5,0xa2,0x14,0x0d,0x30,0x98,0x65,0x20,0xb1,0x12,0x0b,0xac,0x67,0xe4,0x25,0x3e,0xd6,0x33,0xf2,0x12,0x1f,0xeb,0x19,0x79,
    0x89,0x8f,0x8d,0x0d,0xbe,0xc4,0xc7,0x08,0x95,0x2f,0xe4,0x63,0xc4,0xca,0x17,0xf2,0x31,0x82,0xe5,0x0b,0xf9,0x18,0xd1,0xf2,
    0x85,0x7c,0x8c,0xd0,0x17,0xf8,0x18,0xa1,0x2f,0xf0,0x31,0x42,0x5f,0xe0,0x63,0x04,0xc8,0xc0,0x67,0x96,0xa0,0xc7,0x86,0x1b,
    0xc6,0xbd,0x88,0x45,0x03,0x0c,0x66,0x19,0x4c,0xec,0xc4,0x02,0x53,0x9b,0x7f,0x89,0x8f,0xa9,0xcd,0xbf,0xc4,0xc7,0xd4,0xe6,
    0x5f,0xe2,0x63,0x70,0x53,0x32,0xf1,0x31,0x62,0x77,0xe4,0x63,0x04,0xef,0xc8,0xc7,0x88,0xde,0x91,0x8f,0x11,0xbe,0x23,0x1f,
    0x23,0x4e,0x06,0x3e,0x46,0x9c,0x0c,0x7c,0x8c,0x38,0x19,0xf8,0x18,0xd1,0x32,0xf0,0x99,0x25,0xe8,0xb1,0xe1,0x06,0x78,0x2f,
    0x7a,0xd1,0x00,0x83,0x59,0x06,0x14,0x4b,0xb1,0x60,0xc4,0xe0,0x00,0x40,0x10,0x0c,0xc8,0xc0,0x1d,0x0d,0x3a,0x34,0x7a,0xbf,
    0x38,0x47,0x63,0x34,0x21,0x18,0x2c,0x6f,0x5c,0x26,0x3e,0x96,0x37,0x2e,0x13,0x1f,0xcb,0x1b,0x97,0x89,0x8f,0xfd,0x0d,0xcd,
    0xc4,0xc7,0x0a,0x42,0x3e,0x66,0x10,0xf2,0xb1,0x83,0x90,0x8f,0x21,0x84,0x7c,0x8c,0xb0,0x19,0xf8,0x18,0x61,0x33,0xf0,0x31,
    0xc2,0x66,0xe0,0x63,0x04,0xcf,0xc0,0x67,0x96,0xa0,0xc7,0x86,0x1b,0xfe,0xbd,0x58,0x47,0x03,0x0c,0x66,0x19,0x54,0x6c,0xc5,
    0x02,0x73,0x41,0x63,0x7e,0xe2,0x63,0x3c,0x13,0xc8,0xc7,0x78,0x46,0x90,0x8f,0xf1,0xcc,0x20,0x1f,0x13,0x1b,0x42,0x3e,0x46,
    0xac,0x0e,0x7c,0x8c,0x58,0x1d,0xf8,0x18,0xb1,0x3a,0xf0,0x31,0x22,0x76,0xe0,0x33,0x62,0x70,0x00,0x20,0x08,0x06,0x91,0x4b,
    0x1a,0xb2,0x68,0x10,0x36,0x68,0x8c,0x18,0x1c,0x00,0x08,0x82,0x41,0xf4,0x92,0xc6,0x2c,0x1a,0xc4,0x0d,0x1a,0x23,0x06,0x07,
    0x00,0x82,0x60,0x10,0xc1,0xa4,0x41,0x8b,0x06,0x81,0x83,0xc6,0x88,0xc1,0x01,0x80,0x20,0x18,0x44,0x31,0x69,0xd4,0xa2,0x41,
    0xe4,0xa0,0x31,0x62,0x70,0x00,0x20,0x08,0x06,0x91,0x4c,0x1a,0xb4,0x68,0x10,0x3b,0x68,0x8c,0x18,0x1c,0x00,0x08,0x82,0x41,
    0x34,0x93,0x46,0x2d,0x1a,0x04,0x0f,0x1a,0x23,0x06,0x07,0x00,0x82,0x60,0x10,0xd1,0xa4,0x61,0x8b,0x06,0xd1,0x83,0xc6,0x88,
    0xc1,0x01,0x80,0x20,0x18,0x44,0x35,0x69,0xdc,0xa2,0x41,0xf8,0xa0,0x31,0x4b,0xd0,0x63,0xc3,0x0d,0x31,0x5f,0x84,0xa2,0x01,
    0x06,0xb3,0x0c,0x2c,0xd6,0x62,0x81,0xe1,0x4e,0xdb,0xc4,0xc7,0x70,0xa7,0x6d,0xe2,0x63,0xb8,0xd3,0x36,0xf1,0x31,0xdf,0x99,
    0x9b,0xf8,0x18,0xd1,0xf7,0x85,0x7c,0x8c,0xf0,0xfb,0x42,0x3e,0x46,0xfc,0x7d,0x21,0x1f,0x23,0x40,0xbf,0x90,0x8f,0x11,0x75,
    0x03,0x1f,0x23,0xea,0x06,0x3e,0x46,0xd4,0x0d,0x7c,0x8c,0xd8,0x1b,0xf8,0xcc,0x12,0xf4,0xd8,0x70,0x83,0xcf,0x17,0xa9,0x68,
    0x80,0xc1,0x2c,0x43,0x8f,0xb9,0x58,0x30,0xdc,0xf0,0xf3,0xc5,0x29,0x1a,0x60,0x30,0xcb,0xf0,0x62,0x30,0x16,0xd8,0xde,0xa4,
    0x8f,0x7c,0x6c,0x6f,0xd4,0x47,0x3e,0xb6,0x37,0xeb,0x23,0x1f,0x0b,0x1d,0xf6,0x91,0x8f,0x11,0xea,0x03,0x1f,0x23,0xd4,0x07,
    0x3e,0x46,0xa8,0x0f,0x7c,0x8c,0x80,0x1f,0xf8,0x8c,0x18,0x1c,0x00,0x08,0x82,0x41,0xd4,0x96,0x46,0x3c,0x1a,0x44,0x1d,0x1a,
    0x23,0x06,0x07,0x00,0x82,0x60,0x10,0xb9,0xa5,0x21,0x8f,0x06,0x61,0x87,0xc6,0x88,0xc1,0x01,0x80,0x20,0x18,0x44,0x6f,0x69,
    0xcc,0xa3,0x41,0xdc,0xa1,0x31,0x62,0x70,0x00,0x20,0x08,0x06,0x11,0x5c,0x1a,0xf4,0x68,0x10,0x78,0x68,0x8c,0x18,0x1c,0x00,
    0x08,0x82,0x41,0x14,0x97,0xc6,0x3c,0x1a,0x84,0x1e,0x1a,0x23,0x06,0x07,0x00,0x82,0x60,0x10,0xc9,0xa5,0x41,0x8f,0x06,0xb1,
    0x87,0xc6,0x88,0xc1,0x01,0x80,0x20,0x18,0x44,0x73,0x69,0xd4,0xa3,0x41,0xf0,0xa1,0x31,0x62,0x70,0x00,0x20,0x08,0x06,0x11,
    0x5d,0x1a,0xf6,0x68,0x10,0x7d,0x68,0xcc,0x12,0xf4,0xd8,0x70,0x03,0xdc,0x17,0xb3,0x68,0x80,0xc1,0x2c,0x43,0x8c,0xc9,0x58,
    0x60,0xac,0x73,0x3f,0xf2,0x31,0xd6,0xb9,0x1f,0xf9,0x18,0xeb,0xdc,0x8f,0x7c,0x4c,0x76,0xfa,0x47,0x3e,0x46,0xf8,0x0f,0x7c,
    0x8c,0xf8,0x1f,0xf8,0x18,0x01,0x42,0xf0,0x31,0x22,0x84,0xe0,0x33,0x62,0x70,0x00,0x20,0x08,0x06,0x91,0x5f,0x1a,0x22,0x69,
    0x10,0xa6,0x68,0x8c,0x18,0x1c,0x00,0x08,0x82,0x41,0xf4,0x97,0xc6,0x48,0x1a,0xc4,0x29,0x1a,0x23,0x06,0x07,0x00,0x82,0x60,
    0x10,0x81,0xa6,0x41,0x92,0x06,0x81,0x8a,0xc6,0x88,0xc1,0x01,0x80,0x20,0x18,0x44,0xa1,0x69,0x94,0xa4,0x41,0xa4,0xa2,0x31,
    0x62,0x70,0x00,0x20,0x08,0x06,0x91,0x68,0x1a,0x24,0x69,0x10,0xab,0x68,0x8c,0x18,0x1c,0x00,0x08,0x82,0x41,0x34,0x9a,0x46,
    0x49,0x1a,0x04,0x2b,0x1a,0x23,0x06,0x07,0x00,0x82,0x60,0x10,0x91,0xa6,0x61,0x92,0x06,0xd1,0x8a,0xc6,0x88,0xc1,0x01,0x80,
    0x20,0x18,0x44,0xa5,0x69,0x9c,0xa4,0x41,0xb8,0xa2,0x31,0x4b,0xd0,0x63,0xc3,0x0d,0xa1,0x5f,0xa0,0xa3,0x01,0x06,0xb3,0x0c,
    0x33,0x46,0x63,0x81,0xc1,0xa2,0xb1,0x42,0xf1,0x31,0xdf,0x09,0xe4,0x63,0xbe,0x23,0xc8,0xc7,0x7c,0x67,0x90,0x8f,0x91,0x0f,
    0x21,0x1f,0x23,0x5a,0x08,0x3e,0x46,0xb4,0x10,0x7c,0x8c,0x68,0x21,0xf8,0x18,0x31,0x43,0xf0,0x19,0x31,0x38,0x00,0x10,0x04,
    0x83,0x08,0x36,0x0d,0x9a,0x34,0x08,0x5c,0x34,0x46,0x0c,0x0e,0x00,0x04,0xc1,0x20,0x8a,0x4d,0xa3,0x26,0x0d,0x22,0x17,0x8d,
    0x11,0x83,0x03,0x00,0x41,0x30,0x88,0x64,0xd3,0xb0,0x49,0x83,0xd0,0x45,0x63,0xc4,0xe0,0x00,0x40,0x10,0x0c,0xa2,0xd9,0x34,
    0x6e,0xd2,0x20,0x76,0xd1,0x18,0x31,0x38,0x00,0x10,0x04,0x83,0x88,0x36,0x0d,0x9b,0x34,0x88,0x5e,0x34,0x46,0x0c,0x0e,0x00,
    0x04,0xc1,0x20,0xaa,0x4d,0xe3,0x26,0x0d,0xc2,0x17,0x8d,0x11,0x83,0x03,0x00,0x41,0x30,0x88,0x6c,0xd3,0xc0,0x49,0x83,0xf8,
    0x45,0x63,0xc4,0xe0,0x00,0x40,0x10,0x0c,0xa2,0xdb,0x34,0x72,0xd2,0x20,0xc0,0xd1,0x98,0x25,0xe8,0xb1,0xe1,0x86,0xd9,0x2f,
    0x5e,0xd2,0x00,0x83,0x59,0x86,0x1a,0xb3,0xb1,0xc0,0xc4,0xd1,0xd0,0xa1,0xf8,0xd8,0x38,0x1a,0x3a,0x14,0x1f,0x23,0x47,0x43,
    0x87,0xe2,0x63,0xe5,0x68,0x80,0x51,0x7c,0x6c,0x7e,0x08,0xf9,0xd8,0xfc,0x10,0xf2,0xb1,0xf9,0x21,0xe4,0x63,0xf9,0x43,0xc8,
    0xc7,0x88,0x32,0x82,0x8f,0x11,0x66,0x04,0x1f,0x23,0xce,0x08,0x3e,0x46,0xa0,0x11,0x7c,0x46,0x0c,0x0e,0x00,0x04,0xc1,0x20,
    0x2a,0x4f,0x23,0x2d,0x0d,0xa2,0x1d,0x8d,0x11,0x83,0x03,0x00,0x41,0x30,0x88,0xcc,0xd3,0x50,0x4b,0x83,0x70,0x47,0x63,0xc4,
    0xe0,0x00,0x40,0x10,0x0c,0xa2,0xf3,0x34,0xd6,0xd2,0x20,0xde,0xd1,0x18,0x31,0x38,0x00,0x10,0x04,0x83,0x08,0x3d,0x0d,0xb6,
    0x34,0x08,0x78,0x34,0x46,0x0c,0x0e,0x00,0x04,0xc1,0x20,0x4a,0x4f,0x63,0x2d,0x0d,0x42,0x1e,0x8d,0x11,0x83,0x03,0x00,0x41,
    0x30,0x88,0xd4,0xd3,0x60,0x4b,0x83,0x98,0x47,0x63,0xc4,0xe0,0x00,0x40,0x10,0x0c,0xa2,0xf5,0x34,0xda,0xd2,0x20,0xe8,0xd1,
    0x18,0x31,0x38,0x00,0x10,0x04,0x83,0x88,0x3d,0x0d,0xb7,0x34,0x88,0x7a,0x34,0x66,0x09,0x7a,0xac,0xd2,0xbf,0x88,0x49,0x43,
    0x87,0x1b,0x82,0xb7,0x34,0xc0,0x60,0x96,0xa1,0xc7,0x6e,0x2c,0x18,0x6e,0x50,0xff,0x22,0x2d,0x0d,0x30,0x98,0x65,0xc0,0xb1,
    0x1c,0x0b,0xcc,0x84,0xf6,0xd1,0x80,0x8f,0x99,0x10,0x3f,0x1a,0xf0,0x31,0x13,0xea,0x47,0x03,0x3e,0x46,0x47,0xfe,0x68,0xc0,
    0xc7,0xe8,0xe8,0x1f,0x0d,0xf8,0x18,0x1d,0x81,0xa4,0x01,0x9f,0x11,0x83,0x05,0x00,0x41,0x30,0x08,0x83,0xf7,0x34,0x42,0xd3,
    0x18,0x84,0xc0,0x28,0x08,0x0b,0x4e,0xd2,0x90,0xcf,0x88,0xc1,0x01,0x80,0x20,0x18,0x44,0xf8,0x69,0xf0,0xa5,0x11,0x80,0xa4,
    0x31,0x62,0x70,0x00,0x20,0x08,0x06,0x51,0x7e,0x1a,0x7b,0x69,0x04,0x22,0x69,0xcc,0x12,0xf4,0xd8,0x70,0x43,0xfd,0x17,0xa6,
    0x69,0x80,0xc1,0x2c,0x83,0x8e,0xed,0x58,0x60,0x31,0xc4,0x47,0xf2,0xb1,0x18,0xe2,0x23,0xf9,0x58,0x0c,0xf1,0x91,0x7c,0xec,
    0x86,0x44,0x49,0x3e,0xa6,0x3e,0x04,0x7c,0x4c,0x7d,0x08,0xf8,0x98,0xfa,0x10,0xf0,0x31,0xf8,0x21,0xe0,0x33,0x62,0x70,0x00,
    0x20,0x08,0x06,0xd1,0x88,0x1a,0xa7,0x69,0x10,0x2b,0x69,0x8c,0x18,0x1c,0x00,0x08,0x82,0x41,0x44,0xa2,0x06,0x6a,0x1a,0x04,
    0x4b,0x1a,0x23,0x06,0x07,0x00,0x82,0x60,0x10,0x95,0xa8,0x91,0x9a,0x06,0xd1,0x92,0xc6,0x88,0xc1,0x01,0x80,0x20,0x18,0x44,
    0x26,0x6a,0xa8,0xa6,0x41,0xb8,0xa4,0x31,0x62,0x70,0x00,0x20,0x08,0x06,0xd1,0x89,0x1a,0xa9,0x69,0x10,0x30,0x69,0x8c,0x18,
    0x1c,0x00,0x08,0x82,0x41,0x84,0xa2,0x86,0x6a,0x1a,0x44,0x4c,0x1a,0x23,0x06,0x07,0x00,0x82,0x60,0x10,0xa5,0xa8,0xb1,0x9a,
    0x06,0x21,0x93,0xc6,0x88,0xc1,0x01,0x80,0x20,0x18,0x44,0x2a,0x6a,0xb0,0xa6,0x41,0xcc,0xa4,0x31,0x4b,0xd0,0x63,0xc3,0x0d,
    0x26,0x68,0xa0,0xa5,0x01,0x06,0xb3,0x0c,0x3c,0xd6,0x63,0x81,0xdd,0x4f,0x2b,0xc9,0xc7,0xee,0xa7,0x95,0xe4,0x63,0xf7,0xd3,
    0x4a,0xf2,0xb1,0xfe,0x99,0x25,0xf9,0x58,0x4e,0x1a,0xfb,0x13,0x1f,0xd3,0x49,0x63,0x7f,0xe2,0x63,0x3b,0x69,0xec,0x4f,0x7c,
    0x8c,0x27,0x8d,0x10,0x8a,0x8f,0x11,0x6a,0x24,0x1f,0x23,0xd4,0x48,0x3e,0x46,0xa8,0x91,0x7c,0x8c,0x80,0x23,0xf9,0x18,0xc1,
    0xc0,0xc7,0x08,0x06,0x3e,0x46,0x30,0xf0,0x31,0x82,0x81,0xcf,0x88,0xc1,0x01,0x80,0x20,0x18,0x44,0x3c,0x6a,0x80,0xa7,0x41,
    0x90,0xa5,0x31,0x62,0x70,0x00,0x20,0x08,0x06,0x51,0x8f,0x1a,0xe1,0x69,0x10,0x65,0x69,0x8c,0x18,0x1c,0x00,0x08,0x82,0x41,
    0xe4,0xa3,0x86,0x78,0x1a,0x84,0x59,0x1a,0x23,0x06,0x07,0x00,0x82,0x60,0x10,0xfd,0xa8,0x31,0x9e,0x06,0x71,0x96,0xc6,0x88,
    0xc1,0x01,0x80,0x20,0x18,0x44,0x60,0x6a,0x88,0xa7,0x41,0xa4,0xa5,0x31,0x62,0x70,0x00,0x20,0x08,0x06,0x51,0x98,0x1a,0xe3,
    0x69,0x10,0x6a,0x69,0x8c,0x18,0x1c,0x00,0x08,0x82,0x41,0x24,0xa6,0x06,0x79,0x1a,0xc4,0x5a,0x1a,0x23,0x06,0x07,0x00,0x82,
    0x60,0x10,0x8d,0xa9,0x51,0x9e,0x06,0xc1,0x96,0xc6,0x2c,0x41,0x8f,0x0d,0x54,0x07,0x83,0x4d,0xc1,0x17,0x4a,0xd1,0x97,0x39,
    0xd9,0x17,0x29,0xe1,0x97,0x1a,0xe9,0x17,0x0a,0xf1,0x97,0xef,0xf8,0x17,0xe9,0x80,0x98,0xce,0x88,0x18,0xc8,0x90,0x98,0xb9,
    0x98,0x18,0xaa,0xa0,0x18,0x99,0xa8,0x98,0x8a,0xb0,0x98,0x79,0xbc,0x18,0x69,0xc4,0x18,0x58,0xcc,0x98,0x3d,0xd4,0x98,0x2d,
    0xe0,0x98,0x1e,0xe8,0x18,0xc2,0x63,0xaa,0x19,0xc4,0x17,0x3d,0x06,0xf2,0xa5,0x9a,0x41,0x8b,0xa9,0x9a,0x8d,0xc9,0x24,0xb3,
    0x63,0x03,0xd5,0xc1,0x60,0x53,0xf0,0x85,0x52,0xf4,0x65,0x4e,0xf6,0x45,0x4a,0xf8,0xa5,0x46,0xfa,0x85,0x42,0xfc,0xe5,0x3b,
    0xfe,0x45,0x3a,0x20,0xa6,0x33,0x22,0x06,0x32,0x24,0x66,0x2e,0x26,0x86,0x2a,0x28,0x46,0x26,0x2a,0xa6,0x22,0x2c,0x66,0x1e,
    0x2f,0x46,0x1a,0x31,0x06,0x16,0x33,0x66,0x0f,0x35,0x86,0x0b,0x38,0xa6,0x07,0x3a,0x86,0xf0,0x98,0x6a,0x06,0xf1,0x45,0x8f,
    0x81,0x7c,0xa9,0x66,0xd0,0x62,0xaa,0x66,0x63,0x32,0xc9,0xec,0xd8,0x40,0x75,0x30,0xd8,0x14,0x7c,0xa1,0x14,0x7d,0x99,0x93,
    0x7d,0x91,0x12,0x7e,0xa9,0x91,0x7e,0xa1,0x10,0x7f,0xf9,0x8e,0x7f,0x91,0x0e,0x88,0xe9,0x8c,0x88,0x81,0x0c,0x89,0x99,0x8b,
    0x89,0xa1,0x0a,0x8a,0x91,0x89,0x8a,0xa9,0x08,0x8b,0x99,0xc7,0x8b,0x91,0x46,0x8c,0x81,0xc5,0x8c,0xd9,0x43,0x8d,0xe9,0x02,
    0x8e,0xe9,0x81,0x8e,0x21,0x3c,0xa6,0x9a,0x41,0x7c,0xd1,0x63,0x20,0x5f,0xaa,0x19,0xb4,0x98,0xaa,0xd9,0x98,0x4c,0x32,0x3b,
    0x36,0x50,0x1d,0x0c,0x36,0x05,0x5f,0x28,0x45,0x5f,0xe6,0x64,0x5f,0xa4,0x84,0x5f,0x6a,0xa4,0x5f,0x28,0xc4,0x5f,0xbe,0xe3,
    0x5f,0xa4,0x03,0x62,0x3a,0x23,0x62,0x20,0x43,0x62,0xe6,0x62,0x62,0xa8,0x82,0x62,0x64,0xa2,0x62,0x2a,0xc2,0x62,0xe6,0xf1,
    0x62,0xa4,0x11,0x63,0x60,0x31,0x63,0xf6,0x50,0x63,0xbc,0x80,0x63,0x7a,0xa0,0x63,0x08,0x8f,0xd9,0x66,0x10,0x5f,0x20,0x19,
    0xc8,0x97,0x6d,0x06,0x2d,0xa6,0x6a,0x36,0x26,0x93,0xcc,0x8e,0x0d,0x37,0xdc,0x7f,0xe1,0xa3,0x06,0x18,0xcc,0x32,0xa8,0x9a,
    0x8f,0x05,0xc3,0x0d,0xf8,0x5f,0xec,0xa8,0x01,0x06,0xb3,0x0c,0xaa,0xf6,0x63,0xc1,0x70,0x43,0xfe,0x17,0x3a,0x6a,0x80,0xc1,
    0x2c,0x83,0xaa,0x81,0x59,0x30,0xdc,0xa0,0xff,0x85,0x8e,0x1a,0x60,0x30,0xcb,0x10,0x66,0x62,0x16,0x18,0xe9,0xbc,0x8f,0x7c,
    0x66,0x09,0x54,0x6d,0xb8,0x81,0xff,0x8b,0x1d,0x35,0xc0,0x60,0x96,0x61,0xcc,0xc8,0x2c,0x30,0xd3,0x89,0x1f,0xf9,0x58,0xd0,
    0x97,0x86,0x7c,0x46,0x0c,0x0e,0x00,0x04,0xc1,0x20,0x82,0x53,0x83,0x3e,0x8d,0x00,0x2f,0x8d,0x11,0x83,0x03,0x00,0x41,0x30,
    0x88,0xe2,0xd4,0x98,0x4f,0x23,0xd0,0x4b,0x63,0x96,0x40,0xd5,0x86,0x1b,0x42,0xd0,0x28,0x53,0x03,0x0c,0x66,0x19,0xca,0xcc,
    0xcc,0x02,0x5b,0x1d,0xfb,0x91,0x8f,0x05,0xa4,0x69,0xc8,0x67,0xc4,0xe0,0x00,0x40,0x10,0x0c,0xa2,0x3a,0x35,0xf2,0xd3,0x08,
    0xfa,0xd2,0x18,0x31,0x38,0x00,0x10,0x04,0x83,0xc8,0x4e,0x0d,0xfc,0x34,0x82,0xbf,0x34,0x66,0x09,0x54,0x6d,0xb8,0xc1,0x04,
    0x0d,0x32,0x35,0xc0,0x60,0x96,0xe1,0xcc,0xd0,0x2c,0x30,0xd8,0xd9,0x1f,0xf8,0x8c,0x18,0x1c,0x00,0x08,0x82,0x41,0x94,0xa7,
    0x46,0x7f,0x1a,0x41,0x68,0x1a,0x23,0x06,0x07,0x00,0x82,0x60,0x10,0xe9,0xa9,0xc1,0x9f,0x46,0x30,0x9a,0xc6,0x2c,0x81,0xaa,
    0x0d,0x37,0xa8,0xa0,0xf1,0xa6,0x06,0x18,0xcc,0x32,0xa4,0x99,0x9a,0x05,0x46,0x3b,0xff,0x03,0x1f,0x0b,0x50,0xd3,0x80,0xcf,
    0x88,0xc1,0x01,0x80,0x20,0x18,0x44,0x7e,0x6a,0x88,0xa8,0x11,0x98,0xa6,0x31,0x62,0x70,0x00,0x20,0x08,0x06,0xd1,0x9f,0x1a,
    0x21,0x6a,0x04,0xa8,0x69,0xcc,0x12,0xa8,0xda,0x70,0xc3,0x0b,0x1a,0x71,0x6a,0x80,0xc1,0x2c,0xc3,0x9a,0xb1,0x59,0x60,0xb9,
    0x43,0x42,0xf0,0xb1,0xa0,0x35,0x0d,0xf8,0x58,0x10,0x9b,0x86,0x7c,0x46,0x0c,0x0e,0x00,0x04,0xc1,0x20,0x22,0x55,0x03,0x45,
    0x8d,0x80,0x35,0x8d,0x11,0x83,0x03,0x00,0x41,0x30,0x88,0x4a,0xd5,0x38,0x51,0x23,0x70,0x4d,0x63,0x96,0x40,0xd5,0x86,0x1b,
    0x6a,0xd0,0x90,0x53,0x03,0x0c,0x66,0x19,0xda,0xcc,0xcd,0x02,0x53,0xa1,0xdf,0x89,0xcf,0x88,0xc1,0x01,0x80,0x20,0x18,0x44,
    0xa8,0x6a,0xb0,0xa8,0x11,0xc0,0xa6,0x31,0x62,0x70,0x00,0x20,0x08,0x06,0x51,0xaa,0x1a,0x2b,0x6a,0x04,0xb2,0x69,0xcc,0x12,
    0xa8,0xda,0x70,0x43,0x0e,0x1a,0x75,0x6a,0x80,0xc1,0x2c,0xc3,0x9b,0xc1,0x59,0x60,0xe3,0xe3,0x42,0xf0,0x31,0xf2,0x79,0x21,
    0xf9,0x98,0x10,0xc4,0x67,0xc4,0xe0,0x00,0x40,0x10,0x0c,0x22,0x57,0x35,0x64,0xd4,0x08,0x6c,0xd3,0x18,0x31,0x38,0x00,0x10,
    0x04,0x83,0xe8,0x55,0x8d,0x18,0x35,0x02,0xdc,0x34,0x66,0x09,0x54,0x6d,0xb8,0xe1,0x07,0x0d,0x3d,0x35,0xc0,0x60,0x96,0x21,
    0xce,0xe4,0x2c,0x30,0x1a,0x4a,0x9f,0xf8,0x58,0xc0,0x8f,0x86,0x7c,0x2c,0x58,0x1f,0xf8,0xcc,0x12,0xa8,0xda,0x70,0xc3,0x18,
    0x1a,0x7d,0x6a,0x80,0xc1,0x2c,0xc3,0x9c,0xd1,0x59,0x60,0x38,0xd4,0x3e,0xf1,0xb1,0x80,0xb4,0xe4,0x63,0xc1,0xfb,0xc0,0x67,
    0x96,0x40,0xd5,0x86,0x1b,0xce,0xd0,0x00,0x55,0x03,0x0c,0x66,0x19,0xea,0xcc,0xce,0x82,0x11,0x83,0x03,0x00,0x41,0x30,0x20,
    0x83,0x58,0x35,0x6e,0xd4,0x00,0x4d,0x43,0x55,0x8d,0xd1,0x84,0x60,0x30,0x1f,0x9a,0x9f,0xf8,0x98,0x10,0xc8,0xc7,0x82,0xfa,
    0x81,0xcf,0x2c,0x81,0xaa,0x0d,0x37,0xb4,0xa1,0x51,0xaa,0x06,0x18,0xcc,0x32,0xdc,0x19,0x9e,0x05,0x86,0x9e,0x46,0x6b,0xc5,
    0xc7,0xf0,0x27,0x90,0x8f,0x05,0x64,0x04,0x9f,0x11,0x83,0x03,0x00,0x41,0x30,0x88,0xc4,0xd5,0x30,0x53,0x23,0x50,0x4f,0x63,
    0xc4,0xe0,0x00,0x40,0x10,0x0c,0xa2,0x71,0x35,0xca,0xd4,0x08,0xd8,0xd3,0x98,0x25,0x50,0xb5,0xe1,0x86,0x39,0x34,0x5e,0xd4,
    0x00,0x83,0x59,0x86,0x3c,0xd3,0xb3,0xc0,0xd0,0xa8,0x7f,0xe2,0x63,0x01,0x4a,0x1a,0xf2,0xb1,0xe0,0x7f,0xe0,0x33,0x4b,0xa0,
    0x6a,0xc3,0x0d,0x77,0x68,0xb8,0xa8,0x01,0x06,0xb3,0x0c,0xaa,0xb6,0x67,0xc1,0x70,0x03,0x1e,0x1a,0x2c,0x6a,0x80,0xc1,0x2c,
    0x03,0x9f,0xf5,0x59,0x60,0x22,0xd4,0x46,0xf2,0xb1,0xc0,0x8d,0xe0,0x33,0x62,0x70,0x00,0x20,0x08,0x06,0x11,0xbb,0x1a,0x70,
    0x6a,0x04,0xf4,0x69,0x8c,0x18,0x1c,0x00,0x08,0x82,0x41,0xd4,0xae,0xc6,0x9b,0x1a,0x81,0x7d,0x1a,0xb3,0x04,0xaa,0x36,0xdc,
    0xd0,0x87,0x06,0x8b,0x1a,0x60,0x30,0xcb,0xe0,0x67,0x7f,0x16,0xd8,0x09,0xc9,0x91,0x7c,0x2c,0x98,0x23,0xf8,0x8c,0x18,0x1c,
    0x00,0x08,0x82,0x41,0x14,0xaf,0x46,0x9d,0x1a,0x41,0x7e,0x1a,0x23,0x06,0x07,0x00,0x82,0x60,0x10,0xc9,0xab,0x41,0xa7,0x46,
    0xb0,0x9f,0xc6,0x2c,0x81,0xaa,0x0d,0x37,0x88,0xa2,0x51,0xa3,0x06,0x18,0xcc,0x32,0x80,0x5a,0xa8,0x05,0xd6,0x9f,0xc6,0x1d,
    0xc5,0xc7,0x5a,0x28,0x90,0x8f,0x05,0x79,0x04,0x9f,0x11,0x83,0x03,0x00,0x41,0x30,0x88,0xee,0xd5,0xd8,0x53,0x23,0xf8,0x4f,
    0x63,0xc4,0xe0,0x00,0x40,0x10,0x0c,0x22,0x7c,0x35,0xf4,0xd4,0x08,0x42,0xd4,0x98,0x25,0x50,0xb5,0xe1,0x06,0x54,0x34,0xe0,
    0xd4,0x00,0x83,0x59,0x06,0x51,0x1b,0xb5,0xc0,0x46,0xd4,0xe8,0xa3,0xf8,0xd8,0x0c,0x05,0xf2,0xb1,0xe0,0x8f,0xe0,0x33,0x62,
    0x70,0x00,0x20,0x08,0x06,0x51,0xbf,0x1a,0xa1,0x6a,0x04,0x25,0x6a,0x8c,0x18,0x1c,0x00,0x08,0x82,0x41,0xe4,0xaf,0x06,0xa8,
    0x1a,0xc1,0x89,0x1a,0xb3,0x04,0xaa,0x56,0xaf,0x68,0x8c,0xa9,0xa1,0xc3,0x0d,0x41,0xa8,0x1a,0x60,0x30,0xcb,0xa0,0x6a,0xa4,
    0x16,0x0c,0x37,0xc0,0xa2,0xb1,0xa7,0x06,0x18,0xcc,0x32,0x94,0x9a,0xa9,0x05,0x76,0x43,0x2d,0x6a,0xc0,0xc7,0x6e,0xc8,0x45,
    0x0d,0xf8,0xd8,0x0d,0xbd,0xa8,0x01,0x1f,0x2b,0x25,0x18,0x35,0xe0,0x63,0xa5,0x14,0xa3,0x06,0x7c,0xac,0x94,0x64,0xd4,0x80,
    0xcf,0x88,0xc1,0x02,0x80,0x20,0x18,0x84,0x41,0xc8,0x1a,0xb3,0x6a,0x0c,0x42,0x60,0x14,0x84,0x05,0x39,0x6a,0xc8,0x67,0xc4,
    0xe0,0x00,0x40,0x10,0x0c,0x22,0x95,0x35,0x5c,0xd5,0x08,0x64,0xd4,0x18,0x31,0x38,0x00,0x10,0x04,0x83,0x68,0x65,0x8d,0x56,
    0x35,0x02,0x1a,0x35,0x66,0x09,0x54,0x6d,0xb8,0x61,0x17,0x0d,0x5c,0x35,0xc0,0x60,0x96,0xe1,0xd4,0x50,0x2d,0xb0,0x32,0x82,
    0x25,0xf9,0x18,0x0c,0x05,0xf0,0x19,0x31,0x38,0x00,0x10,0x04,0x83,0xe8,0x65,0x8d,0x59,0x35,0x82,0x1b,0x35,0x46,0x0c,0x0e,
    0x00,0x04,0xc1,0x20,0x82,0x59,0x43,0x56,0x8d,0x20,0x47,0x8d,0x59,0x02,0x55,0x1b,0x6e,0x00,0x47,0xc3,0x4d,0x0d,0x30,0x98,
    0x65,0x48,0x35,0x55,0x0b,0x8c,0x86,0x6a,0x49,0x3e,0xc6,0xa3,0x46,0x0d,0xc5,0xc7,0x02,0x36,0x92,0x8f,0x05,0x03,0x7c,0x46,
    0x0c,0x0e,0x00,0x04,0xc1,0x20,0xb2,0x59,0x43,0x57,0x8d,0xc0,0x47,0x8d,0x11,0x83,0x03,0x00,0x41,0x30,0x88,0x6e,0xd6,0xc8,
    0x55,0x23,0x00,0x53,0x63,0x96,0x40,0xd5,0x06,0xaa,0x83,0x01,0x37,0xc2,0xcc,0x35,0xc6,0x8c,0x34,0xca,0x8c,0x2f,0xce,0x4c,
    0x2e,0xd2,0xcc,0x2c,0xd6,0xcc,0x27,0xda,0x4c,0x26,0xde,0x4c,0x25,0xe2,0x4c,0x24,0xe6,0xcc,0x1e,0xea,0x4c,0x1d,0xee,0x4c,
    0x1c,0xf2,0xcc,0x16,0xf8,0x8c,0x15,0xfc,0x0c,0x14,0x40,0x8d,0x0e,0x44,0x4d,0x2b,0x35,0xe8,0xd4,0x84,0x54,0x63,0xc3,0xa0,
    0xc7,0xec,0x32,0xf0,0x31,0x70,0x0c,0x7e,0xcc,0x2e,0x03,0x3d,0x63,0xc3,0x60,0xd4,0xe8,0x95,0x41,0xb5,0xe1,0x06,0x9a,0x34,
    0x66,0xd5,0x00,0x83,0xe9,0x86,0x79,0x10,0x82,0xe9,0x06,0xd0,0x34,0xee,0x01,0x17,0x8d,0xe9,0x06,0xd0,0x34,0xee,0x21,0x17,
    0x8d,0xe9,0x06,0xd0,0x34,0xee,0x41,0x17,0x8d,0xe9,0x06,0xd0,0x34,0x88,0x5d,0x34,0xa6,0x1b,0xf6,0x01,0x34,0x0d,0x5e,0x34,
    0xa6,0x1b,0xf6,0x01,0x34,0x8d,0x5e,0x34,0xa6,0x1b,0xf6,0x01,0x34,0x0d,0x5f,0x34,0xa6,0x1b,0x10,0xd0,0x34,0x7e,0xd1,0x28,
    0x59,0x34,0x58,0xd6,0xc0,0x0a,0x74,0xd6,0x50,0xe3,0x4b,0x63,0x67,0x0d,0x18,0x0c,0x37,0x04,0x3a,0x6b,0xa0,0xc1,0x2c,0x43,
    0xb0,0x6a,0xc1,0x40,0xc7,0x80,0xb3,0xcc,0x85,0xb3,0x4c,0x80,0xa9,0xda,0x40,0xc7,0x80,0xb3,0xcc,0x85,0xb3,0x4c,0x80,0xa9,
    0xda,0x40,0xc7,0x80,0xb3,0xcc,0x85,0xb3,0x4c,0x80,0xa9,0xda,0x40,0xc7,0x80,0xb3,0xcc,0x85,0xb3,0x4c,0x80,0xa9,0xda,0x88,
    0xc1,0x01,0x80,0x20,0x18,0x90,0xc1,0xd8,0x1a,0xe9,0x6a,0xc8,0xa8,0x31,0xab,0xc6,0x68,0x42,0x00,0x5c,0x40,0xa0,0x0a,0x42,
    0xd6,0xd0,0xe1,0x86,0x80,0x6c,0x0d,0x30,0x98,0x65,0x68,0x35,0x56,0x0b,0x2c,0xc9,0x4d,0x03,0x3e,0x96,0xe4,0xa6,0x01,0x1f,
    0x4b,0x72,0xd3,0x80,0xcf,0x2c,0x41,0xab,0x0d,0x54,0x0c,0x06,0xab,0x61,0xab,0x36,0x50,0x31,0x18,0xac,0x86,0xad,0xda,0x40,
    0xc5,0x60,0xb0,0x1a,0xb6,0x6a,0x95,0xa8,0xad,0xa1,0xc3,0x0d,0x01,0xdb,0x1a,0x60,0x30,0xcb,0xd0,0x6b,0xae,0x16,0xd4,0x72,
    0xb6,0x06,0x56,0x00,0xb6,0x86,0x8e,0x18,0x1c,0x00,0x08,0x82,0x01,0x19,0xc8,0xad,0x81,0xaf,0x46,0x98,0x1a,0x6e,0x6b,0x8c,
    0x26,0x04,0x80,0x49,0xb3,0x6a,0xc8,0x67,0xc4,0xc0,0x00,0x40,0x10,0x0c,0x9a,0xbf,0x35,0x74,0xd5,0x08,0x46,0x0c,0x0c,0x00,
    0x04,0xc1,0xa0,0x01,0x5d,0x63,0x64,0x8d,0xc1,0x82,0x5b,0x35,0xe4,0x33,0x62,0x60,0x00,0x20,0x08,0x06,0x8d,0xe8,0x1a,0x25,
    0x6b,0x04,0x16,0x0c,0xf0,0x29,0xe5,0x6d,0x0d,0x1d,0x6e,0x08,0xf0,0xd6,0x00,0x83,0x59,0x86,0x5d,0x7b,0xb5,0x60,0xb8,0x61,
    0xd1,0x5b,0x03,0x0c,0x66,0x19,0x76,0x0d,0xd6,0x82,0xe1,0x06,0xe6,0x6e,0x0d,0x30,0x98,0x65,0x88,0x35,0x59,0x0b,0x86,0x23,
    0x92,0x82,0xf8,0x66,0x09,0x76,0x6d,0xb8,0xc1,0xb9,0x5b,0x03,0x0c,0x66,0x19,0x66,0x8d,0xd6,0x82,0xe1,0x88,0xe5,0x08,0xbe,
    0x59,0x82,0x5d,0x1b,0x6e,0x80,0xf0,0xd6,0x00,0x83,0x59,0x86,0x5a,0xb3,0xb5,0x60,0x38,0xa2,0x49,0x8a,0x6f,0x96,0x60,0xd7,
    0x86,0x1b,0xa4,0xbc,0x35,0xc0,0x60,0x96,0xe1,0xd6,0x70,0x2d,0x18,0x8e,0x78,0x16,0xe1,0x9b,0x25,0xd8,0xb5,0xe1,0x06,0x0a,
    0x74,0x0d,0x30,0x98,0x65,0xc8,0x35,0x5d,0x0b,0x86,0x23,0xa2,0xc6,0xf9,0x66,0x09,0x76,0x6d,0x38,0x42,0x72,0x86,0x6f,0xb8,
    0xe1,0xea,0x5b,0x23,0x0c,0x2a,0x10,0x76,0x96,0x60,0xd7,0x06,0x8a,0x14,0x2c,0xd6,0xa8,0x59,0x83,0x6a,0x8d,0xb9,0x35,0x24,
    0xd7,0x60,0x9d,0x71,0x35,0x57,0x67,0x5e,0x4d,0xd0,0xb5,0x59,0x86,0x5e,0xe3,0xb5,0x60,0xc4,0xc0,0x00,0x40,0x10,0x0c,0x16,
    0xdb,0x35,0xce,0xd6,0x48,0x5b,0x63,0x96,0xa0,0xd7,0x46,0x0c,0x0e,0x00,0x04,0xc1,0x80,0x0c,0x56,0xd7,0x88,0x59,0x43,0x4f,
    0x8d,0x7d,0x35,0x46,0x13,0x02,0xe0,0x02,0x02,0x55,0xb0,0xaf,0x86,0x0e,0x37,0x04,0xac,0x6b,0x80,0xc1,0x2c,0x43,0xb9,0xf9,
    0x5a,0x50,0xc3,0xe8,0x1a,0x58,0x41,0xea,0x1a,0x3a,0xdc,0x10,0xbc,0xae,0x01,0x06,0xb3,0x0c,0xe4,0xf6,0x6b,0x81,0x81,0xaa,
    0xf1,0xa7,0x06,0x7d,0x46,0x0c,0x0e,0x00,0x04,0xc1,0x80,0x0c,0x68,0xd7,0xd0,0x59,0x63,0x54,0x0d,0xd4,0x35,0x46,0x13,0x02,
    0x60,0x34,0x41,0x08,0x46,0x13,0x06,0x61,0xb8,0xe1,0xb0,0x5d,0x03,0x0c,0x66,0x19,0xc0,0x2d,0xdc,0x02,0x13,0x0c,0xf9,0x58,
    0x70,0xaf,0x86,0x7c,0x46,0x0c,0x0c,0x00,0x04,0xc1,0xa0,0x29,0x5f,0x43,0x67,0x8d,0x60,0xc4,0xe0,0x00,0x40,0x10,0x0c,0x22,
    0xf2,0x35,0xd0,0xd6,0x08,0xd8,0xd5,0x18,0x31,0x38,0x00,0x10,0x04,0x83,0xa8,0x7c,0x8d,0xb3,0x35,0x02,0x77,0x35,0x66,0x09,
    0xc8,0x6d,0xb8,0xa1,0xc1,0x5d,0x03,0x0c,0x66,0x19,0xc4,0x6d,0xdc,0x02,0x43,0x18,0xf9,0x58,0x10,0xc8,0xc7,0x02,0x7f,0x35,
    0xe4,0x33,0x62,0x60,0x00,0x20,0x08,0x06,0x0d,0xfb,0x1a,0x61,0x6b,0x04,0x23,0x06,0x07,0x00,0x82,0x60,0x10,0xad,0xaf,0xf1,
    0xb6,0x46,0x30,0xaf,0xc6,0x88,0xc1,0x01,0x80,0x20,0x18,0x44,0xec,0x6b,0xb8,0xad,0x11,0xd4,0xab,0x31,0x4b,0x40,0x6e,0xf6,
    0x40,0xf1,0x19,0x31,0x30,0x00,0x10,0x04,0x83,0x06,0x7e,0x8d,0xf0,0x35,0x82,0xe1,0x88,0xc0,0x5f,0x0d,0xe2,0x1b,0x8e,0x18,
    0xf0,0xd5,0x20,0xbe,0xe9,0x06,0x91,0x35,0x40,0xd6,0x08,0xa6,0x1b,0x82,0x62,0xb0,0x0a,0x8b,0x8f,0x05,0x02,0x7d,0x46,0x0c,
    0x0e,0x00,0x04,0xc1,0x20,0xaa,0x5f,0x23,0x6f,0x8d,0xa0,0x5f,0x8d,0x11,0x83,0x03,0x00,0x41,0x30,0x88,0xec,0xd7,0xc0,0x5b,
    0x23,0xf8,0x57,0x63,0x96,0x80,0xdc,0x06,0x4a,0x06,0x32,0x00,0x37,0x4b,0xdc,0x84,0x71,0x83,0x6b,0xc6,0xd7,0x46,0x0c,0x0e,
    0x00,0x04,0xc1,0x80,0x0c,0xe0,0xd7,0xb0,0x5b,0xe3,0x57,0x8d,0xf1,0x35,0x46,0x13,0x02,0x60,0x34,0x41,0x08,0x46,0x13,0x06,
    0xc1,0x52,0x61,0x88,0x8f,0xa5,0xc2,0x10,0x1f,0x4b,0x85,0x21,0x3e,0x36,0x20,0xf2,0xb1,0x21,0x91,0x8f,0x0d,0x8a,0x7c,0x6c,
    0x48,0xe0,0x63,0x43,0x02,0x1f,0x1b,0x12,0xf8,0xcc,0x12,0x94,0xdb,0x40,0xc5,0x60,0x90,0x1b,0x59,0xf4,0xda,0x40,0xc5,0x60,
    0x90,0x1b,0x59,0xf4,0xda,0x40,0xc5,0x60,0x90,0x1b,0x59,0xf4,0xda,0x88,0xc1,0x01,0x80,0x20,0x18,0x44,0x28,0x6c,0xb0,0xae,
    0x31,0xc0,0xac,0x31,0x62,0x70,0x00,0x20,0x08,0x06,0x51,0x0a,0x1b,0xad,0x6b,0x0c,0x31,0x6b,0x8c,0x18,0x1c,0x00,0x08,0x82,
    0x41,0xa4,0xc2,0x86,0xeb,0x1a,0x83,0xcc,0x1a,0x23,0x06,0x07,0x00,0x82,0x60,0x10,0xad,0xb0,0xf1,0xba,0x46,0x38,0xcc,0xac,
    0x31,0x62,0x70,0x00,0x20,0x08,0x06,0x11,0x0b,0x1b,0xae,0x6b,0x10,0x35,0x6b,0x8c,0x18,0x1c,0x00,0x08,0x82,0x41,0xd4,0xc2,
    0xc6,0xeb,0x1a,0x84,0xcd,0x1a,0x23,0x06,0x07,0x00,0x82,0x60,0x10,0xb9,0xb0,0x01,0xbb,0x06,0x71,0xb3,0xc6,0x88,0xc1,0x01,
    0x80,0x20,0x18,0x44,0x2f,0x6c,0xc4,0xae,0x41,0xe0,0xac,0x31,0x62,0x90,0x00,0x20,0x08,0x06,0x08,0x0d,0x1b,0xfe,0x6b,0x94,
    0xb0,0x51,0xc2,0x86,0xfc,0x1a,0xc4,0x88,0x41,0x02,0x80,0x20,0x18,0x20,0x34,0x6c,0xf8,0xaf,0x51,0xc2,0x46,0x09,0x1b,0xf0,
    0x6b,0x0c,0x23,0x06,0x09,0x00,0x82,0x60,0x80,0xd0,0xb0,0xe1,0xbf,0x46,0x09,0x1b,0x25,0x6c,0xc4,0xaf,0x21,0x8c,0x18,0x24,
    0x00,0x08,0x82,0x01,0x42,0xc3,0x86,0xff,0x1a,0x25,0x6c,0x94,0xb0,0x41,0xbf,0x46,0x80,0x01,0x31,0x00,0x0a,0x00,0x00,0x00,
    0x5b,0x06,0xb9,0x16,0x9e,0x7b,0xd8,0x32,0xcc,0xe9,0xf0,0xdc,0xc3,0x96,0xc1,0xef,0x87,0xe7,0x1e,0xb6,0x0c,0x7f,0x4c,0x3c,
    0xf7,0xb0,0x65,0x40,0xcd,0xe2,0xb9,0x87,0x2d,0x43,0xaa,0x17,0xcf,0x3d,0x00,0x00,0x00,0x00,0x00,0x00,0x00,0x00,0x00,0x00,
};
