// Generated by compile_native_shaders.py. Native payload; never a bgfx container.
static const unsigned char s_sdl_dxil_fs_ff_stage_compare8[] = {
    0x44,0x58,0x42,0x43,0xd5,0xec,0x10,0xbf,0x5e,0x0f,0xc6,0x12,0x8d,0x4e,0xb3,0xa7,0x3f,0xbc,0x08,0xf8,0x01,0x00,0x00,0x00,
    0x80,0x81,0x00,0x00,0x07,0x00,0x00,0x00,0x3c,0x00,0x00,0x00,0x4c,0x00,0x00,0x00,0x34,0x02,0x00,0x00,0x70,0x02,0x00,0x00,
    0x5c,0x08,0x00,0x00,0xc0,0x17,0x00,0x00,0xdc,0x17,0x00,0x00,0x53,0x46,0x49,0x30,0x08,0x00,0x00,0x00,0x00,0x00,0x00,0x00,
    0x00,0x00,0x00,0x00,0x49,0x53,0x47,0x31,0xe0,0x01,0x00,0x00,0x0e,0x00,0x00,0x00,0x08,0x00,0x00,0x00,0x00,0x00,0x00,0x00,
    0xc8,0x01,0x00,0x00,0x00,0x00,0x00,0x00,0x01,0x00,0x00,0x00,0x03,0x00,0x00,0x00,0x00,0x00,0x00,0x00,0x0f,0x00,0x00,0x00,
    0x00,0x00,0x00,0x00,0x00,0x00,0x00,0x00,0xd4,0x01,0x00,0x00,0x00,0x00,0x00,0x00,0x00,0x00,0x00,0x00,0x03,0x00,0x00,0x00,
    0x01,0x00,0x00,0x00,0x0f,0x0f,0x00,0x00,0x00,0x00,0x00,0x00,0x00,0x00,0x00,0x00,0xd4,0x01,0x00,0x00,0x01,0x00,0x00,0x00,
    0x00,0x00,0x00,0x00,0x03,0x00,0x00,0x00,0x02,0x00,0x00,0x00,0x0f,0x0f,0x00,0x00,0x00,0x00,0x00,0x00,0x00,0x00,0x00,0x00,
    0xd4,0x01,0x00,0x00,0x02,0x00,0x00,0x00,0x00,0x00,0x00,0x00,0x03,0x00,0x00,0x00,0x03,0x00,0x00,0x00,0x0f,0x0f,0x00,0x00,
    0x00,0x00,0x00,0x00,0x00,0x00,0x00,0x00,0xd4,0x01,0x00,0x00,0x03,0x00,0x00,0x00,0x00,0x00,0x00,0x00,0x03,0x00,0x00,0x00,
    0x04,0x00,0x00,0x00,0x0f,0x0f,0x00,0x00,0x00,0x00,0x00,0x00,0x00,0x00,0x00,0x00,0xd4,0x01,0x00,0x00,0x04,0x00,0x00,0x00,
    0x00,0x00,0x00,0x00,0x03,0x00,0x00,0x00,0x05,0x00,0x00,0x00,0x0f,0x0f,0x00,0x00,0x00,0x00,0x00,0x00,0x00,0x00,0x00,0x00,
    0xd4,0x01,0x00,0x00,0x05,0x00,0x00,0x00,0x00,0x00,0x00,0x00,0x03,0x00,0x00,0x00,0x06,0x00,0x00,0x00,0x0f,0x0f,0x00,0x00,
    0x00,0x00,0x00,0x00,0x00,0x00,0x00,0x00,0xd4,0x01,0x00,0x00,0x06,0x00,0x00,0x00,0x00,0x00,0x00,0x00,0x03,0x00,0x00,0x00,
    0x07,0x00,0x00,0x00,0x0f,0x0f,0x00,0x00,0x00,0x00,0x00,0x00,0x00,0x00,0x00,0x00,0xd4,0x01,0x00,0x00,0x07,0x00,0x00,0x00,
    0x00,0x00,0x00,0x00,0x03,0x00,0x00,0x00,0x08,0x00,0x00,0x00,0x0f,0x0f,0x00,0x00,0x00,0x00,0x00,0x00,0x00,0x00,0x00,0x00,
    0xd4,0x01,0x00,0x00,0x08,0x00,0x00,0x00,0x00,0x00,0x00,0x00,0x03,0x00,0x00,0x00,0x09,0x00,0x00,0x00,0x0f,0x0f,0x00,0x00,
    0x00,0x00,0x00,0x00,0x00,0x00,0x00,0x00,0xd4,0x01,0x00,0x00,0x09,0x00,0x00,0x00,0x00,0x00,0x00,0x00,0x03,0x00,0x00,0x00,
    0x0a,0x00,0x00,0x00,0x0f,0x0f,0x00,0x00,0x00,0x00,0x00,0x00,0x00,0x00,0x00,0x00,0xd4,0x01,0x00,0x00,0x0a,0x00,0x00,0x00,
    0x00,0x00,0x00,0x00,0x03,0x00,0x00,0x00,0x0b,0x00,0x00,0x00,0x0f,0x0f,0x00,0x00,0x00,0x00,0x00,0x00,0x00,0x00,0x00,0x00,
    0xd4,0x01,0x00,0x00,0x0b,0x00,0x00,0x00,0x00,0x00,0x00,0x00,0x03,0x00,0x00,0x00,0x0c,0x00,0x00,0x00,0x0f,0x0f,0x00,0x00,
    0x00,0x00,0x00,0x00,0x00,0x00,0x00,0x00,0xd4,0x01,0x00,0x00,0x0c,0x00,0x00,0x00,0x00,0x00,0x00,0x00,0x03,0x00,0x00,0x00,
    0x0d,0x00,0x00,0x00,0x0f,0x0d,0x00,0x00,0x00,0x00,0x00,0x00,0x53,0x56,0x5f,0x50,0x6f,0x73,0x69,0x74,0x69,0x6f,0x6e,0x00,
    0x54,0x45,0x58,0x43,0x4f,0x4f,0x52,0x44,0x00,0x00,0x00,0x00,0x4f,0x53,0x47,0x31,0x34,0x00,0x00,0x00,0x01,0x00,0x00,0x00,
    0x08,0x00,0x00,0x00,0x00,0x00,0x00,0x00,0x28,0x00,0x00,0x00,0x00,0x00,0x00,0x00,0x40,0x00,0x00,0x00,0x03,0x00,0x00,0x00,
    0x00,0x00,0x00,0x00,0x0f,0x00,0x00,0x00,0x00,0x00,0x00,0x00,0x53,0x56,0x5f,0x54,0x61,0x72,0x67,0x65,0x74,0x00,0x00,0x00,
    0x50,0x53,0x56,0x30,0xe4,0x05,0x00,0x00,0x34,0x00,0x00,0x00,0x00,0x00,0x00,0x00,0x00,0x00,0x00,0x00,0x00,0x00,0x00,0x00,
    0x00,0x00,0x00,0x00,0x00,0x00,0x00,0x00,0xff,0xff,0xff,0xff,0x00,0x00,0x00,0x00,0x0e,0x01,0x00,0x0e,0x01,0x00,0x00,0x00,
    0x00,0x00,0x00,0x00,0x00,0x00,0x00,0x00,0x00,0x00,0x00,0x00,0x76,0x00,0x00,0x00,0x21,0x00,0x00,0x00,0x18,0x00,0x00,0x00,
    0x02,0x00,0x00,0x00,0x03,0x00,0x00,0x00,0x00,0x00,0x00,0x00,0x00,0x00,0x00,0x00,0x0d,0x00,0x00,0x00,0x00,0x00,0x00,0x00,
    0x01,0x00,0x00,0x00,0x02,0x00,0x00,0x00,0x00,0x00,0x00,0x00,0x00,0x00,0x00,0x00,0x0e,0x00,0x00,0x00,0x00,0x00,0x00,0x00,
    0x01,0x00,0x00,0x00,0x02,0x00,0x00,0x00,0x01,0x00,0x00,0x00,0x01,0x00,0x00,0x00,0x0e,0x00,0x00,0x00,0x00,0x00,0x00,0x00,
    0x01,0x00,0x00,0x00,0x02,0x00,0x00,0x00,0x02,0x00,0x00,0x00,0x02,0x00,0x00,0x00,0x0e,0x00,0x00,0x00,0x00,0x00,0x00,0x00,
    0x01,0x00,0x00,0x00,0x02,0x00,0x00,0x00,0x03,0x00,0x00,0x00,0x03,0x00,0x00,0x00,0x0e,0x00,0x00,0x00,0x00,0x00,0x00,0x00,
    0x01,0x00,0x00,0x00,0x02,0x00,0x00,0x00,0x04,0x00,0x00,0x00,0x04,0x00,0x00,0x00,0x0e,0x00,0x00,0x00,0x00,0x00,0x00,0x00,
    0x01,0x00,0x00,0x00,0x02,0x00,0x00,0x00,0x05,0x00,0x00,0x00,0x05,0x00,0x00,0x00,0x0e,0x00,0x00,0x00,0x00,0x00,0x00,0x00,
    0x01,0x00,0x00,0x00,0x02,0x00,0x00,0x00,0x06,0x00,0x00,0x00,0x06,0x00,0x00,0x00,0x0e,0x00,0x00,0x00,0x00,0x00,0x00,0x00,
    0x01,0x00,0x00,0x00,0x02,0x00,0x00,0x00,0x07,0x00,0x00,0x00,0x07,0x00,0x00,0x00,0x0e,0x00,0x00,0x00,0x00,0x00,0x00,0x00,
    0x01,0x00,0x00,0x00,0x02,0x00,0x00,0x00,0x08,0x00,0x00,0x00,0x08,0x00,0x00,0x00,0x0e,0x00,0x00,0x00,0x00,0x00,0x00,0x00,
    0x01,0x00,0x00,0x00,0x02,0x00,0x00,0x00,0x09,0x00,0x00,0x00,0x09,0x00,0x00,0x00,0x0e,0x00,0x00,0x00,0x00,0x00,0x00,0x00,
    0x01,0x00,0x00,0x00,0x02,0x00,0x00,0x00,0x0a,0x00,0x00,0x00,0x0a,0x00,0x00,0x00,0x0e,0x00,0x00,0x00,0x00,0x00,0x00,0x00,
    0x01,0x00,0x00,0x00,0x02,0x00,0x00,0x00,0x0b,0x00,0x00,0x00,0x0b,0x00,0x00,0x00,0x0e,0x00,0x00,0x00,0x00,0x00,0x00,0x00,
    0x01,0x00,0x00,0x00,0x02,0x00,0x00,0x00,0x0c,0x00,0x00,0x00,0x0c,0x00,0x00,0x00,0x0e,0x00,0x00,0x00,0x00,0x00,0x00,0x00,
    0x01,0x00,0x00,0x00,0x02,0x00,0x00,0x00,0x0d,0x00,0x00,0x00,0x0d,0x00,0x00,0x00,0x0e,0x00,0x00,0x00,0x00,0x00,0x00,0x00,
    0x01,0x00,0x00,0x00,0x02,0x00,0x00,0x00,0x0e,0x00,0x00,0x00,0x0e,0x00,0x00,0x00,0x0e,0x00,0x00,0x00,0x00,0x00,0x00,0x00,
    0x01,0x00,0x00,0x00,0x02,0x00,0x00,0x00,0x0f,0x00,0x00,0x00,0x0f,0x00,0x00,0x00,0x0e,0x00,0x00,0x00,0x00,0x00,0x00,0x00,
    0x03,0x00,0x00,0x00,0x02,0x00,0x00,0x00,0x00,0x00,0x00,0x00,0x00,0x00,0x00,0x00,0x02,0x00,0x00,0x00,0x00,0x00,0x00,0x00,
    0x03,0x00,0x00,0x00,0x02,0x00,0x00,0x00,0x01,0x00,0x00,0x00,0x01,0x00,0x00,0x00,0x02,0x00,0x00,0x00,0x00,0x00,0x00,0x00,
    0x03,0x00,0x00,0x00,0x02,0x00,0x00,0x00,0x02,0x00,0x00,0x00,0x02,0x00,0x00,0x00,0x02,0x00,0x00,0x00,0x00,0x00,0x00,0x00,
    0x03,0x00,0x00,0x00,0x02,0x00,0x00,0x00,0x03,0x00,0x00,0x00,0x03,0x00,0x00,0x00,0x02,0x00,0x00,0x00,0x00,0x00,0x00,0x00,
    0x03,0x00,0x00,0x00,0x02,0x00,0x00,0x00,0x04,0x00,0x00,0x00,0x04,0x00,0x00,0x00,0x02,0x00,0x00,0x00,0x00,0x00,0x00,0x00,
    0x03,0x00,0x00,0x00,0x02,0x00,0x00,0x00,0x05,0x00,0x00,0x00,0x05,0x00,0x00,0x00,0x02,0x00,0x00,0x00,0x00,0x00,0x00,0x00,
    0x03,0x00,0x00,0x00,0x02,0x00,0x00,0x00,0x06,0x00,0x00,0x00,0x06,0x00,0x00,0x00,0x02,0x00,0x00,0x00,0x00,0x00,0x00,0x00,
    0x03,0x00,0x00,0x00,0x02,0x00,0x00,0x00,0x07,0x00,0x00,0x00,0x07,0x00,0x00,0x00,0x02,0x00,0x00,0x00,0x00,0x00,0x00,0x00,
    0x03,0x00,0x00,0x00,0x02,0x00,0x00,0x00,0x08,0x00,0x00,0x00,0x08,0x00,0x00,0x00,0x05,0x00,0x00,0x00,0x00,0x00,0x00,0x00,
    0x03,0x00,0x00,0x00,0x02,0x00,0x00,0x00,0x09,0x00,0x00,0x00,0x09,0x00,0x00,0x00,0x05,0x00,0x00,0x00,0x00,0x00,0x00,0x00,
    0x03,0x00,0x00,0x00,0x02,0x00,0x00,0x00,0x0a,0x00,0x00,0x00,0x0a,0x00,0x00,0x00,0x05,0x00,0x00,0x00,0x00,0x00,0x00,0x00,
    0x03,0x00,0x00,0x00,0x02,0x00,0x00,0x00,0x0b,0x00,0x00,0x00,0x0b,0x00,0x00,0x00,0x05,0x00,0x00,0x00,0x00,0x00,0x00,0x00,
    0x03,0x00,0x00,0x00,0x02,0x00,0x00,0x00,0x0c,0x00,0x00,0x00,0x0c,0x00,0x00,0x00,0x04,0x00,0x00,0x00,0x00,0x00,0x00,0x00,
    0x03,0x00,0x00,0x00,0x02,0x00,0x00,0x00,0x0d,0x00,0x00,0x00,0x0d,0x00,0x00,0x00,0x04,0x00,0x00,0x00,0x00,0x00,0x00,0x00,
    0x03,0x00,0x00,0x00,0x02,0x00,0x00,0x00,0x0e,0x00,0x00,0x00,0x0e,0x00,0x00,0x00,0x04,0x00,0x00,0x00,0x00,0x00,0x00,0x00,
    0x03,0x00,0x00,0x00,0x02,0x00,0x00,0x00,0x0f,0x00,0x00,0x00,0x0f,0x00,0x00,0x00,0x04,0x00,0x00,0x00,0x00,0x00,0x00,0x00,
    0x7c,0x00,0x00,0x00,0x00,0x54,0x45,0x58,0x43,0x4f,0x4f,0x52,0x44,0x00,0x54,0x45,0x58,0x43,0x4f,0x4f,0x52,0x44,0x00,0x54,
    0x45,0x58,0x43,0x4f,0x4f,0x52,0x44,0x00,0x54,0x45,0x58,0x43,0x4f,0x4f,0x52,0x44,0x00,0x54,0x45,0x58,0x43,0x4f,0x4f,0x52,
    0x44,0x00,0x54,0x45,0x58,0x43,0x4f,0x4f,0x52,0x44,0x00,0x54,0x45,0x58,0x43,0x4f,0x4f,0x52,0x44,0x00,0x54,0x45,0x58,0x43,
    0x4f,0x4f,0x52,0x44,0x00,0x54,0x45,0x58,0x43,0x4f,0x4f,0x52,0x44,0x00,0x54,0x45,0x58,0x43,0x4f,0x4f,0x52,0x44,0x00,0x54,
    0x45,0x58,0x43,0x4f,0x4f,0x52,0x44,0x00,0x54,0x45,0x58,0x43,0x4f,0x4f,0x52,0x44,0x00,0x54,0x45,0x58,0x43,0x4f,0x4f,0x52,
    0x44,0x00,0x6d,0x61,0x69,0x6e,0x00,0x00,0x0d,0x00,0x00,0x00,0x00,0x00,0x00,0x00,0x01,0x00,0x00,0x00,0x02,0x00,0x00,0x00,
    0x03,0x00,0x00,0x00,0x04,0x00,0x00,0x00,0x05,0x00,0x00,0x00,0x06,0x00,0x00,0x00,0x07,0x00,0x00,0x00,0x08,0x00,0x00,0x00,
    0x09,0x00,0x00,0x00,0x0a,0x00,0x00,0x00,0x0b,0x00,0x00,0x00,0x0c,0x00,0x00,0x00,0x10,0x00,0x00,0x00,0x00,0x00,0x00,0x00,
    0x00,0x00,0x00,0x00,0x01,0x00,0x44,0x03,0x03,0x04,0x00,0x00,0x01,0x00,0x00,0x00,0x00,0x00,0x00,0x00,0x01,0x01,0x44,0x00,
    0x03,0x02,0x00,0x00,0x0a,0x00,0x00,0x00,0x01,0x00,0x00,0x00,0x01,0x02,0x44,0x00,0x03,0x02,0x00,0x00,0x13,0x00,0x00,0x00,
    0x02,0x00,0x00,0x00,0x01,0x03,0x44,0x00,0x03,0x01,0x00,0x00,0x1c,0x00,0x00,0x00,0x03,0x00,0x00,0x00,0x01,0x04,0x44,0x00,
    0x03,0x01,0x00,0x00,0x25,0x00,0x00,0x00,0x04,0x00,0x00,0x00,0x01,0x05,0x44,0x00,0x03,0x02,0x00,0x00,0x2e,0x00,0x00,0x00,
    0x05,0x00,0x00,0x00,0x01,0x06,0x44,0x00,0x03,0x02,0x00,0x00,0x37,0x00,0x00,0x00,0x06,0x00,0x00,0x00,0x01,0x07,0x44,0x00,
    0x03,0x02,0x00,0x00,0x40,0x00,0x00,0x00,0x07,0x00,0x00,0x00,0x01,0x08,0x44,0x00,0x03,0x02,0x00,0x00,0x49,0x00,0x00,0x00,
    0x08,0x00,0x00,0x00,0x01,0x09,0x44,0x00,0x03,0x02,0x00,0x00,0x52,0x00,0x00,0x00,0x09,0x00,0x00,0x00,0x01,0x0a,0x44,0x00,
    0x03,0x02,0x00,0x00,0x5b,0x00,0x00,0x00,0x0a,0x00,0x00,0x00,0x01,0x0b,0x44,0x00,0x03,0x02,0x00,0x00,0x64,0x00,0x00,0x00,
    0x0b,0x00,0x00,0x00,0x01,0x0c,0x44,0x00,0x03,0x02,0x00,0x00,0x6d,0x00,0x00,0x00,0x0c,0x00,0x00,0x00,0x01,0x0d,0x44,0x00,
    0x03,0x02,0x00,0x00,0x00,0x00,0x00,0x00,0x00,0x00,0x00,0x00,0x01,0x00,0x44,0x10,0x03,0x00,0x00,0x00,0x00,0x00,0x00,0x00,
    0x00,0x00,0x00,0x00,0x00,0x00,0x00,0x00,0x00,0x00,0x00,0x00,0x0f,0x00,0x00,0x00,0x0f,0x00,0x00,0x00,0x0f,0x00,0x00,0x00,
    0x0f,0x00,0x00,0x00,0x0f,0x00,0x00,0x00,0x0f,0x00,0x00,0x00,0x0f,0x00,0x00,0x00,0x0f,0x00,0x00,0x00,0x0f,0x00,0x00,0x00,
    0x0f,0x00,0x00,0x00,0x0f,0x00,0x00,0x00,0x0f,0x00,0x00,0x00,0x0f,0x00,0x00,0x00,0x0f,0x00,0x00,0x00,0x0f,0x00,0x00,0x00,
    0x0f,0x00,0x00,0x00,0x0f,0x00,0x00,0x00,0x0f,0x00,0x00,0x00,0x0f,0x00,0x00,0x00,0x0f,0x00,0x00,0x00,0x0f,0x00,0x00,0x00,
    0x0f,0x00,0x00,0x00,0x0f,0x00,0x00,0x00,0x0f,0x00,0x00,0x00,0x0f,0x00,0x00,0x00,0x0f,0x00,0x00,0x00,0x0f,0x00,0x00,0x00,
    0x0f,0x00,0x00,0x00,0x0f,0x00,0x00,0x00,0x0f,0x00,0x00,0x00,0x0f,0x00,0x00,0x00,0x0f,0x00,0x00,0x00,0x0f,0x00,0x00,0x00,
    0x0f,0x00,0x00,0x00,0x0f,0x00,0x00,0x00,0x0f,0x00,0x00,0x00,0x0f,0x00,0x00,0x00,0x0f,0x00,0x00,0x00,0x0f,0x00,0x00,0x00,
    0x0f,0x00,0x00,0x00,0x0f,0x00,0x00,0x00,0x0f,0x00,0x00,0x00,0x0f,0x00,0x00,0x00,0x0f,0x00,0x00,0x00,0x0f,0x00,0x00,0x00,
    0x0f,0x00,0x00,0x00,0x0f,0x00,0x00,0x00,0x0f,0x00,0x00,0x00,0x0f,0x00,0x00,0x00,0x00,0x00,0x00,0x00,0x07,0x00,0x00,0x00,
    0x07,0x00,0x00,0x00,0x53,0x54,0x41,0x54,0x5c,0x0f,0x00,0x00,0x60,0x00,0x00,0x00,0xd7,0x03,0x00,0x00,0x44,0x58,0x49,0x4c,
    0x00,0x01,0x00,0x00,0x10,0x00,0x00,0x00,0x44,0x0f,0x00,0x00,0x42,0x43,0xc0,0xde,0x21,0x0c,0x00,0x00,0xce,0x03,0x00,0x00,
    0x0b,0x82,0x20,0x00,0x02,0x00,0x00,0x00,0x13,0x00,0x00,0x00,0x07,0x81,0x23,0x91,0x41,0xc8,0x04,0x49,0x06,0x10,0x32,0x39,
    0x92,0x01,0x84,0x0c,0x25,0x05,0x08,0x19,0x1e,0x04,0x8b,0x62,0x80,0x18,0x45,0x02,0x42,0x92,0x0b,0x42,0xc4,0x10,0x32,0x14,
    0x38,0x08,0x18,0x4b,0x0a,0x32,0x62,0x88,0x48,0x90,0x14,0x20,0x43,0x46,0x88,0xa5,0x00,0x19,0x32,0x42,0xe4,0x48,0x0e,0x90,
    0x11,0x23,0xc4,0x50,0x41,0x51,0x81,0x8c,0xe1,0x83,0xe5,0x8a,0x04,0x31,0x46,0x06,0x51,0x18,0x00,0x00,0x08,0x00,0x00,0x00,
    0x1b,0x8c,0xe0,0xff,0xff,0xff,0xff,0x07,0x40,0x02,0xa8,0x0d,0x84,0xf0,0xff,0xff,0xff,0xff,0x03,0x20,0x6d,0x30,0x86,0xff,
    0xff,0xff,0xff,0x1f,0x00,0x09,0xa8,0x00,0x49,0x18,0x00,0x00,0x03,0x00,0x00,0x00,0x13,0x82,0x60,0x42,0x20,0x4c,0x08,0x06,
    0x00,0x00,0x00,0x00,0x89,0x20,0x00,0x00,0x95,0x00,0x00,0x00,0x32,0x22,0x88,0x09,0x20,0x64,0x85,0x04,0x13,0x23,0xa4,0x84,
    0x04,0x13,0x23,0xe3,0x84,0xa1,0x90,0x14,0x12,0x4c,0x8c,0x8c,0x0b,0x84,0xc4,0x4c,0x10,0xf0,0xc1,0x08,0x40,0x09,0x00,0x0a,
    0x66,0x00,0xe6,0x08,0xc0,0x60,0x8e,0x00,0x29,0xc6,0x40,0x10,0x44,0x41,0x90,0x51,0x0c,0x80,0x20,0x88,0x62,0x20,0x64,0x8e,
    0x20,0x28,0x03,0x40,0x28,0xb4,0x94,0x61,0x20,0x06,0x6a,0x8a,0x31,0x10,0xc3,0x30,0x0c,0xf4,0x14,0x62,0x20,0x86,0x81,0xa2,
    0x9b,0x86,0xcb,0x9f,0xb0,0x87,0x90,0xfc,0x95,0x90,0x56,0x62,0xf2,0x8b,0xdb,0x46,0xc5,0x30,0x0c,0x03,0x41,0xc5,0x3d,0xc3,
    0xe5,0x4f,0xd8,0x43,0x48,0x7e,0x08,0x34,0xc3,0x42,0xa0,0x80,0x2a,0xcd,0x44,0x54,0xd5,0x30,0x0c,0x03,0x41,0x10,0xc3,0x40,
    0x56,0x61,0x26,0xa2,0xaa,0x86,0x61,0x18,0x08,0x82,0x18,0x08,0x2b,0xd2,0x44,0x54,0xd5,0x30,0x0c,0x03,0x41,0x10,0xc3,0x30,
    0x0c,0xc3,0x30,0x90,0x76,0xd3,0x70,0xf9,0x13,0xf6,0x10,0x92,0xdf,0x21,0x0c,0xd1,0x48,0x88,0xd3,0x48,0x88,0x20,0x08,0x82,
    0x28,0x04,0x47,0x54,0x04,0x75,0x85,0x20,0x08,0x82,0xa0,0xaf,0x20,0x03,0x31,0x0c,0xc3,0x30,0x0c,0x14,0x1e,0x35,0x5c,0xfe,
    0x84,0x3d,0x84,0xe4,0x73,0x1b,0x55,0xac,0xc4,0xe4,0x17,0xb7,0x8d,0x88,0x61,0x18,0x86,0x42,0x8c,0x44,0x45,0x10,0x59,0x8c,
    0x8a,0x28,0x08,0x42,0x21,0x73,0x20,0x60,0xa6,0x30,0x18,0x07,0x76,0x08,0x87,0x79,0x98,0x07,0x37,0xa0,0x85,0x72,0xc0,0x07,
    0x7a,0xa8,0x07,0x79,0x28,0x07,0x39,0x20,0x05,0x3e,0x30,0x07,0x76,0x78,0x87,0x70,0xa0,0x07,0x3f,0xd0,0x03,0x3d,0x68,0x87,
    0x74,0x80,0x87,0x79,0xf8,0x05,0x7a,0xc8,0x07,0x78,0x28,0x07,0x14,0x10,0x33,0x59,0xe3,0xc0,0x0e,0xe1,0x30,0x0f,0xf3,0xe0,
    0x06,0xb4,0x50,0x0e,0xf8,0x40,0x0f,0xf5,0x20,0x0f,0xe5,0x20,0x07,0xa4,0xc0,0x07,0xe6,0xc0,0x0e,0xef,0x10,0x0e,0xf4,0xe0,
    0x07,0x48,0x18,0x52,0x52,0x87,0x11,0x88,0x61,0x26,0x32,0x18,0x07,0x76,0x08,0x87,0x79,0x98,0x07,0x37,0xa0,0x85,0x72,0xc0,
    0x07,0x7a,0xa8,0x07,0x79,0x28,0x87,0x51,0xa8,0x07,0x71,0x28,0x07,0x3e,0xb0,0x87,0x72,0x18,0x07,0x7a,0x78,0x07,0x79,0xe0,
    0x03,0x73,0x60,0x87,0x77,0x08,0x07,0x7a,0x60,0x03,0x30,0xa0,0x03,0x3f,0x00,0x03,0x3f,0x40,0x01,0x4b,0xed,0x4c,0x6d,0x30,
    0x0e,0xec,0x10,0x0e,0xf3,0x30,0x0f,0x6e,0x40,0x0b,0xe5,0x80,0x0f,0xf4,0x50,0x0f,0xf2,0x50,0x0e,0x73,0x40,0x0a,0x7c,0x60,
    0x0f,0xe5,0x30,0x0e,0xf4,0xf0,0x0e,0xf2,0xc0,0x07,0xe6,0xc0,0x0e,0xef,0x10,0x0e,0xf4,0xc0,0x06,0x60,0x40,0x07,0x7e,0x00,
    0x06,0x7e,0xa0,0x07,0x7a,0xd0,0x0e,0xe9,0x00,0x0f,0xf3,0xf0,0x0b,0xf4,0x90,0x0f,0xf0,0x50,0x0e,0x28,0x20,0x66,0x12,0x83,
    0x71,0x60,0x87,0x70,0x98,0x87,0x79,0x70,0x03,0x5a,0x28,0x07,0x7c,0xa0,0x87,0x7a,0x90,0x87,0x72,0x98,0x03,0x52,0xe0,0x03,
    0x7b,0x28,0x87,0x71,0xa0,0x87,0x77,0x90,0x07,0x3e,0x30,0x07,0x76,0x78,0x87,0x70,0xa0,0x07,0x36,0x00,0x03,0x3a,0xf0,0x03,
    0x30,0xf0,0x03,0x24,0xb0,0x2f,0xc1,0x49,0xc1,0x26,0x04,0x9b,0x05,0xec,0x29,0x1c,0xf9,0x45,0x80,0xc1,0x10,0xcd,0x84,0x0c,
    0x79,0x9e,0xe9,0x79,0xa6,0xfa,0x3a,0x69,0x8a,0x28,0x61,0xf2,0x59,0x80,0x79,0x16,0x22,0xe2,0x1c,0xe6,0x01,0x22,0x44,0x72,
    0x1a,0x76,0x02,0x26,0x02,0x05,0x04,0xdd,0x37,0x49,0x53,0x44,0x09,0x93,0xcf,0x02,0xcc,0xb3,0x10,0x11,0x3b,0x01,0x13,0x81,
    0x02,0x82,0xf2,0xd4,0x21,0x00,0x00,0x00,0x13,0x14,0x72,0xc0,0x87,0x74,0x60,0x87,0x36,0x68,0x87,0x79,0x68,0x03,0x72,0xc0,
    0x87,0x0d,0xaf,0x50,0x0e,0x6d,0xd0,0x0e,0x7a,0x50,0x0e,0x6d,0x00,0x0f,0x7a,0x30,0x07,0x72,0xa0,0x07,0x73,0x20,0x07,0x6d,
    0x90,0x0e,0x71,0xa0,0x07,0x73,0x20,0x07,0x6d,0x90,0x0e,0x78,0xa0,0x07,0x73,0x20,0x07,0x6d,0x90,0x0e,0x71,0x60,0x07,0x7a,
    0x30,0x07,0x72,0xd0,0x06,0xe9,0x30,0x07,0x72,0xa0,0x07,0x73,0x20,0x07,0x6d,0x90,0x0e,0x76,0x40,0x07,0x7a,0x60,0x07,0x74,
    0xd0,0x06,0xe6,0x10,0x07,0x76,0xa0,0x07,0x73,0x20,0x07,0x6d,0x60,0x0e,0x73,0x20,0x07,0x7a,0x30,0x07,0x72,0xd0,0x06,0xe6,
    0x60,0x07,0x74,0xa0,0x07,0x76,0x40,0x07,0x6d,0xe0,0x0e,0x78,0xa0,0x07,0x71,0x60,0x07,0x7a,0x30,0x07,0x72,0xa0,0x07,0x76,
    0x40,0x07,0x43,0x9e,0x00,0x08,0x00,0x00,0x00,0x00,0x00,0x00,0x00,0x00,0x00,0x86,0x3c,0x06,0x10,0x00,0x01,0x00,0x00,0x00,
    0x00,0x00,0x00,0x00,0x0c,0x79,0x10,0x20,0x00,0x04,0x00,0x00,0x00,0x00,0x00,0x00,0x00,0x18,0xf2,0x2c,0x40,0x00,0x08,0x00,
    0x00,0x00,0x00,0x00,0x00,0x00,0x30,0xe4,0x69,0x80,0x00,0x08,0x00,0x00,0x00,0x00,0x00,0x00,0x00,0x60,0xc8,0xf3,0x00,0x01,
    0x10,0x00,0x00,0x00,0x00,0x00,0x00,0x00,0xc0,0x90,0x27,0x02,0x02,0x20,0x00,0x00,0x00,0x00,0x00,0x00,0x00,0x80,0x21,0x8f,
    0x05,0x04,0xc0,0x00,0x00,0x00,0x00,0x00,0x00,0x00,0x00,0x43,0x1e,0x0c,0x08,0x80,0x01,0x00,0x00,0x00,0x00,0x00,0x00,0x00,
    0x86,0x3c,0x1a,0x10,0x00,0x03,0x00,0x00,0x00,0x00,0x00,0x00,0x00,0x0c,0x79,0x2c,0x20,0x00,0x06,0x00,0x00,0x00,0x00,0x00,
    0x00,0x00,0x18,0xf2,0x74,0x40,0x00,0x0c,0x00,0x00,0x00,0x00,0x00,0x00,0x00,0x30,0xe4,0xf9,0x80,0x00,0x08,0x00,0x00,0x00,
    0x00,0x00,0x00,0x00,0x60,0xc8,0x13,0x06,0x40,0x00,0x04,0x00,0x00,0x00,0x00,0x00,0x00,0x00,0x30,0xe4,0x21,0x03,0x20,0x00,
    0x06,0x00,0x00,0x00,0x00,0x00,0x00,0x00,0x18,0xf2,0x98,0x01,0x10,0x00,0x03,0x00,0x00,0x00,0x00,0x00,0x00,0x00,0x64,0x81,
    0x00,0x00,0x00,0x00,0x28,0x00,0x00,0x00,0x32,0x1e,0x98,0x18,0x19,0x11,0x4c,0x90,0x8c,0x09,0x26,0x47,0xc6,0x04,0x43,0x22,
    0x4a,0x60,0x04,0xa0,0x18,0x8a,0xa0,0x24,0xca,0xa0,0x10,0x4a,0xa1,0x1c,0x0a,0xa2,0x28,0xca,0xa2,0x30,0x4a,0xa3,0x38,0xca,
    0xa3,0x40,0x2d,0x0a,0xb0,0xa0,0x00,0x13,0x0a,0xb0,0xa1,0x40,0x1d,0x0a,0x54,0xa2,0x2c,0x09,0x0a,0xda,0xa2,0x14,0x6d,0x0a,
    0xdd,0xa0,0xcc,0x0a,0xa4,0x70,0x07,0xa8,0x28,0x89,0x32,0x28,0x84,0x11,0x80,0x22,0x28,0x81,0x02,0x21,0xa5,0x06,0x68,0x9d,
    0x01,0x20,0x77,0x06,0x80,0xe2,0x19,0x00,0xaa,0x67,0x00,0xc8,0x9e,0x01,0x20,0x7c,0x06,0x80,0xf4,0x19,0x00,0xda,0xc7,0xd2,
    0x03,0x3c,0x20,0x00,0x00,0x00,0x9e,0xe7,0x79,0x9e,0xe7,0x79,0x9e,0xe7,0x79,0x9e,0xe7,0x79,0x9e,0xe7,0x79,0x9e,0xe7,0x79,
    0x9e,0xe7,0x79,0x9e,0xe7,0x79,0x9e,0xe7,0x79,0x9e,0xe7,0x79,0x9e,0xe7,0x79,0x9e,0xe7,0x79,0x1e,0xe0,0x38,0x00,0x00,0x00,
    0x79,0x18,0x00,0x00,0xfb,0x01,0x00,0x00,0x1a,0x03,0x4c,0x90,0x46,0x02,0x13,0xc4,0x31,0x20,0xc3,0x1b,0x43,0x81,0x93,0x4b,
    0xb3,0x0b,0xa3,0x2b,0x4b,0x01,0x89,0x71,0xc1,0x71,0x81,0x71,0xa1,0xb9,0x99,0xc9,0x01,0x41,0x21,0xcb,0x09,0xab,0x29,0xcb,
    0xb9,0x21,0x83,0x49,0xd9,0x10,0x04,0x13,0x04,0x02,0x9a,0x20,0x10,0xd1,0x06,0x61,0x20,0x36,0x08,0x04,0x41,0x01,0x6e,0x6e,
    0x82,0x40,0x48,0x1b,0x86,0x03,0x21,0x26,0x08,0x6b,0x50,0x07,0x54,0xe6,0xbe,0xe8,0xca,0xf0,0xe8,0xea,0xe4,0xca,0x60,0x26,
    0x08,0xc4,0x34,0x41,0x20,0xa8,0x0d,0x02,0xd1,0x6c,0x48,0x08,0x65,0x61,0x88,0x81,0x21,0x1c,0x2a,0x73,0x5f,0x74,0x65,0x78,
    0x74,0x75,0x72,0x65,0x31,0x1b,0x92,0x41,0x81,0x98,0x61,0x60,0x08,0x87,0xca,0xdc,0x17,0x5d,0x19,0x1e,0x5d,0x9d,0x5c,0x99,
    0xcc,0x86,0x84,0x51,0x24,0x86,0x19,0x18,0xc2,0x99,0x20,0x10,0x15,0x95,0xb9,0x2f,0xba,0x32,0x3c,0xba,0x3a,0xb9,0xb2,0x99,
    0x0d,0x09,0xa5,0x54,0x0c,0x35,0x30,0x84,0x33,0x41,0x20,0x2c,0x2a,0x73,0x5f,0x74,0x65,0x78,0x74,0x75,0x72,0x65,0x34,0x1b,
    0x92,0x4b,0xc1,0x98,0x6b,0x60,0x08,0x67,0x82,0x40,0x5c,0x54,0xe6,0xbe,0xe8,0xca,0xf0,0xe8,0xea,0xe4,0xca,0x6a,0x36,0x24,
    0x9a,0xb2,0x31,0xda,0xc0,0x10,0x0e,0x95,0xb9,0x2f,0xba,0x32,0x3c,0xba,0x3a,0xb9,0x32,0x9b,0x0d,0x09,0xa2,0x74,0x0c,0x32,
    0x30,0x84,0x33,0x41,0x20,0x30,0x2a,0x73,0x5f,0x74,0x65,0x78,0x74,0x75,0x72,0x65,0x37,0x1b,0x92,0x4f,0x01,0x03,0xe6,0x1b,
    0x18,0xc2,0x99,0x20,0x10,0xd9,0x04,0xc1,0x0d,0xec,0x80,0xce,0xdc,0x17,0x5d,0x19,0x1e,0x5d,0x9d,0x5c,0xd9,0x50,0x9d,0x58,
    0x19,0xcc,0x86,0x44,0x0c,0xc6,0x80,0x0c,0x18,0x31,0x18,0x34,0xc2,0xa1,0x33,0xf7,0x45,0x57,0x86,0x47,0x57,0x27,0x57,0x36,
    0x54,0x27,0x56,0x16,0xb3,0x21,0x69,0xc6,0xc0,0x0c,0x98,0x66,0xd0,0x08,0x67,0x82,0x40,0x68,0x74,0xe6,0xbe,0xe8,0xca,0xf0,
    0xe8,0xea,0xe4,0xca,0x86,0xea,0xc4,0xca,0x64,0x36,0x24,0x68,0x30,0x06,0x69,0xc0,0xa0,0xc1,0xa0,0x11,0xce,0x04,0x81,0xd8,
    0xe8,0xcc,0x7d,0xd1,0x95,0xe1,0xd1,0xd5,0xc9,0x95,0x0d,0xd5,0x89,0x95,0xcd,0x6c,0x48,0xd6,0x60,0x0c,0xd8,0x80,0x59,0x83,
    0x41,0x23,0x9c,0x09,0x02,0xc1,0x4d,0x10,0xe2,0xe0,0x0e,0x08,0xcd,0x7d,0xd1,0x95,0xe1,0xd1,0xd5,0xc9,0x95,0x59,0xbd,0xb1,
    0xd5,0xb5,0x95,0xc1,0x6c,0x48,0xdc,0xe0,0x0d,0xe0,0x80,0x71,0x83,0xe1,0x22,0x9c,0x09,0x02,0xd1,0x11,0x9a,0xfb,0xa2,0x2b,
    0xc3,0xa3,0xab,0x93,0x2b,0xb3,0x7a,0x63,0xab,0x6b,0x2b,0x8b,0xd9,0x90,0xc8,0xc1,0x1b,0xcc,0x01,0x23,0x07,0xc3,0x45,0x38,
    0x13,0x04,0xc2,0x23,0x34,0xf7,0x45,0x57,0x86,0x47,0x57,0x27,0x57,0x66,0xf5,0xc6,0x56,0xd7,0x56,0x26,0xb3,0x21,0xa9,0x83,
    0x37,0xb0,0x03,0xa6,0x0e,0x86,0x8b,0x70,0x26,0x08,0xc4,0x47,0x68,0xee,0x8b,0xae,0x0c,0x8f,0xae,0x4e,0xae,0xcc,0xea,0x8d,
    0xad,0xae,0xad,0x6c,0x66,0x43,0x82,0x07,0x6f,0x90,0x07,0x0c,0x1e,0x0c,0x17,0xe1,0x6c,0x80,0x9e,0x68,0xb2,0x32,0xce,0x0b,
    0x83,0x32,0x38,0x03,0x35,0x68,0x83,0x38,0xa0,0x83,0x3b,0xd0,0x83,0x09,0x82,0x1d,0xe4,0x01,0x95,0xa1,0x25,0x23,0xb9,0xb0,
    0xb3,0xb6,0x32,0x37,0xba,0x09,0x02,0x01,0x06,0x1b,0x10,0x82,0x0f,0xfa,0x80,0x22,0x06,0x3f,0x00,0x36,0x04,0x7f,0x30,0x41,
    0xc0,0x03,0x3d,0x60,0x34,0xf7,0x45,0x57,0x86,0x47,0x57,0x27,0x57,0x06,0x33,0x15,0xd6,0x06,0xc7,0x56,0x26,0xb7,0x01,0x21,
    0x42,0x41,0x14,0x18,0x62,0x18,0x00,0x46,0x73,0x5f,0x74,0x65,0x78,0x74,0x75,0x72,0x65,0x31,0x53,0x61,0x6d,0x70,0x6c,0x65,
    0x72,0x1b,0x90,0x21,0x14,0x48,0x81,0x19,0x86,0x01,0x60,0x34,0xf7,0x45,0x57,0x86,0x47,0x57,0x27,0x57,0x26,0x33,0x15,0xd6,
    0x06,0xc7,0x56,0x26,0xb7,0x01,0x61,0x42,0xc1,0x14,0x18,0x66,0x18,0x00,0x46,0x73,0x5f,0x74,0x65,0x78,0x74,0x75,0x72,0x65,
    0x33,0x53,0x61,0x6d,0x70,0x6c,0x65,0x72,0x1b,0x10,0x2a,0x14,0x50,0x81,0xa1,0x86,0x01,0x60,0x34,0xf7,0x45,0x57,0x86,0x47,
    0x57,0x27,0x57,0x46,0x33,0x15,0xd6,0x06,0xc7,0x56,0x26,0xb7,0x01,0xb9,0x42,0x41,0x15,0x98,0x6b,0x18,0x00,0x46,0x73,0x5f,
    0x74,0x65,0x78,0x74,0x75,0x72,0x65,0x35,0x53,0x61,0x6d,0x70,0x6c,0x65,0x72,0x1b,0x10,0x2d,0x14,0x58,0x81,0xd1,0x86,0x01,
    0x60,0x34,0xf7,0x45,0x57,0x86,0x47,0x57,0x27,0x57,0x66,0x33,0x15,0xd6,0x06,0xc7,0x56,0x26,0xb7,0x01,0x41,0x42,0xc1,0x15,
    0x18,0x64,0x18,0x00,0x46,0x73,0x5f,0x74,0x65,0x78,0x74,0x75,0x72,0x65,0x37,0x53,0x61,0x6d,0x70,0x6c,0x65,0x72,0x1b,0x90,
    0x2f,0x14,0x60,0x81,0xf9,0x86,0x01,0x98,0x20,0xe8,0xc1,0x1e,0xb0,0x9a,0xfb,0xa2,0x2b,0xc3,0xa3,0xab,0x93,0x2b,0x1b,0xaa,
    0x13,0x2b,0x83,0x99,0x0a,0x6b,0x83,0x63,0x2b,0x93,0xdb,0x80,0x88,0x81,0x2c,0xcc,0x02,0x23,0x06,0x03,0x01,0xb0,0x9a,0xfb,
    0xa2,0x2b,0xc3,0xa3,0xab,0x93,0x2b,0x1b,0xaa,0x13,0x2b,0x8b,0x99,0x0a,0x6b,0x83,0x63,0x2b,0x93,0xdb,0x80,0x34,0xb2,0x50,
    0x0b,0x4c,0x33,0x10,0x00,0xab,0xb9,0x2f,0xba,0x32,0x3c,0xba,0x3a,0xb9,0xb2,0xa1,0x3a,0xb1,0x32,0x99,0xa9,0xb0,0x36,0x38,
    0xb6,0x32,0xb9,0x0d,0x08,0x1a,0xc8,0xc2,0x2d,0x30,0x68,0x30,0x10,0x00,0xab,0xb9,0x2f,0xba,0x32,0x3c,0xba,0x3a,0xb9,0xb2,
    0xa1,0x3a,0xb1,0xb2,0x99,0xa9,0xb0,0x36,0x38,0xb6,0x32,0xb9,0x0d,0xc8,0x1a,0xc8,0x42,0x2e,0x30,0x6b,0x30,0x10,0x00,0xaf,
    0xb9,0x2f,0xba,0x32,0x3c,0xba,0x3a,0xb9,0x32,0xab,0x37,0xb6,0xba,0xb6,0x32,0x98,0xa9,0xb0,0x36,0x38,0xb6,0x32,0xb9,0x0d,
    0x88,0x1b,0xc8,0xc2,0x2e,0x30,0x6e,0x30,0x10,0x00,0xaf,0xb9,0x2f,0xba,0x32,0x3c,0xba,0x3a,0xb9,0x32,0xab,0x37,0xb6,0xba,
    0xb6,0xb2,0x98,0xa9,0xb0,0x36,0x38,0xb6,0x32,0xb9,0x0d,0x88,0x1c,0xc8,0x42,0x2f,0x30,0x72,0x30,0x10,0x00,0xaf,0xb9,0x2f,
    0xba,0x32,0x3c,0xba,0x3a,0xb9,0x32,0xab,0x37,0xb6,0xba,0xb6,0x32,0x99,0xa9,0xb0,0x36,0x38,0xb6,0x32,0xb9,0x0d,0x48,0x1d,
    0xc8,0xc2,0x2f,0x30,0x75,0x30,0x10,0x00,0xaf,0xb9,0x2f,0xba,0x32,0x3c,0xba,0x3a,0xb9,0x32,0xab,0x37,0xb6,0xba,0xb6,0xb2,
    0x99,0xa9,0xb0,0x36,0x38,0xb6,0x32,0xb9,0x0d,0x08,0x1e,0xc8,0x42,0x38,0x30,0x78,0x30,0x10,0xc0,0x06,0x68,0x14,0x4a,0xe1,
    0x14,0x52,0x61,0x15,0x5a,0xe1,0x15,0x62,0x81,0x16,0x6c,0x01,0x17,0x74,0x81,0x17,0x7c,0x01,0x1c,0xc4,0x61,0x03,0xb1,0x07,
    0x00,0x28,0x8c,0xc3,0x04,0xa1,0x0e,0xf0,0x80,0x4e,0xdd,0x97,0x99,0x19,0x91,0x5c,0xd8,0x1d,0x54,0x98,0x5c,0x58,0xdb,0xdc,
    0x04,0x41,0xa1,0x83,0x0d,0x0a,0x62,0x0e,0x14,0xf1,0x35,0xcd,0x39,0xc8,0xc1,0xc5,0xa4,0xee,0x4b,0xac,0xae,0x0d,0xae,0xc8,
    0xcd,0x6e,0x82,0x40,0x84,0xc1,0x06,0x05,0x49,0x07,0x4a,0x1d,0xbe,0xa6,0x39,0x07,0x39,0xb8,0xd8,0xd4,0x7d,0xcd,0xd1,0x85,
    0x9d,0x95,0x41,0x85,0xc9,0x85,0xb5,0xcd,0x4d,0x10,0x08,0x31,0xd8,0xa0,0x20,0xec,0x40,0xb5,0xc3,0xd7,0x34,0xe7,0x20,0x07,
    0x17,0x97,0xba,0x2f,0x33,0x33,0x28,0xb9,0xb7,0x33,0xb9,0xb0,0xb6,0x09,0x02,0x31,0x06,0x1b,0x14,0xe4,0x1d,0x28,0x78,0xf8,
    0x9a,0xe6,0x1c,0xe4,0xe0,0xa2,0x33,0xb6,0xf6,0x25,0xf6,0x26,0x47,0x56,0x26,0x37,0xf4,0xc6,0xf6,0x26,0x37,0x41,0x20,0xc8,
    0x60,0x83,0x82,0xc8,0x03,0x35,0x0f,0x5f,0xd3,0x9c,0x83,0x1c,0x5c,0x74,0xc6,0xd6,0xbe,0xe6,0xc2,0xda,0xe0,0xd8,0xca,0xe4,
    0x92,0xdc,0xcc,0xde,0x26,0x08,0x44,0x19,0x6c,0x50,0x90,0x7a,0xa0,0xec,0xe1,0x6b,0x9a,0x73,0x90,0x83,0x6b,0xc3,0xe1,0x07,
    0xe8,0xb0,0x0e,0xee,0x10,0x0f,0xf4,0x70,0x0f,0x1b,0x06,0xa2,0x1c,0xf0,0x61,0x82,0x20,0x00,0x1b,0x80,0x0d,0x03,0xb1,0x0f,
    0xfb,0xb0,0x21,0xe0,0x87,0x0d,0xc3,0xa0,0x0f,0xfd,0x30,0x41,0xd8,0x03,0x3e,0xd8,0x10,0xfc,0x03,0x89,0xb6,0xb0,0x34,0x37,
    0x2e,0x53,0x56,0x5f,0x50,0x6f,0x73,0x69,0x74,0x69,0x6f,0x6e,0x13,0x84,0xa2,0x0d,0x26,0x08,0x85,0x1b,0x6c,0x08,0x88,0x09,
    0x42,0xf1,0x06,0x13,0x84,0x02,0x0e,0x36,0x2c,0x84,0x48,0x8c,0x04,0x49,0x94,0x84,0x49,0x0c,0x26,0x41,0x9c,0x04,0x40,0x84,
    0xaa,0x08,0x6b,0xe8,0xe9,0x49,0x8a,0x68,0x82,0x50,0xc4,0xc1,0x06,0x81,0xc2,0x83,0x0d,0xcb,0x90,0x12,0x23,0x71,0x12,0x25,
    0xa1,0x12,0x83,0x49,0x0c,0x27,0xb1,0x12,0x1b,0x82,0x61,0xc3,0xc2,0xa4,0xc4,0x48,0x9c,0x44,0x4b,0xa8,0xc4,0x60,0x12,0xcc,
    0x49,0xac,0xc4,0x86,0x80,0x99,0x20,0x14,0x72,0xb0,0x61,0xa1,0x52,0x62,0x24,0x4e,0xe2,0x25,0x60,0x62,0x30,0x09,0xea,0x24,
    0x56,0x62,0x43,0x40,0x6d,0x58,0xae,0x94,0x18,0x89,0x93,0x90,0x09,0x98,0x18,0x4c,0xe2,0x3a,0x89,0x95,0xd8,0x10,0x5c,0x1b,
    0x16,0x2d,0x25,0x46,0xe2,0x24,0x68,0x42,0x25,0x06,0x93,0xd0,0x4e,0x62,0x25,0x36,0x04,0xda,0x86,0x05,0x49,0x89,0x91,0x38,
    0x09,0x9b,0x50,0x89,0xc1,0x24,0x90,0x93,0x58,0x89,0x0d,0x01,0xb2,0x61,0xf9,0x52,0x62,0x24,0x4e,0x02,0x27,0x54,0x62,0x30,
    0x89,0xef,0x24,0x56,0x62,0x43,0xf0,0x6d,0x58,0xc4,0x20,0x25,0x46,0xe2,0x24,0x74,0x42,0x25,0x06,0x93,0x10,0x83,0x93,0x58,
    0x89,0x0d,0x81,0x18,0x6c,0x58,0x9a,0x94,0x18,0x89,0x93,0xe0,0x09,0x95,0x18,0x4c,0xa2,0x39,0x89,0x95,0xd8,0x10,0x34,0x1b,
    0x16,0x34,0x48,0x89,0x91,0x38,0x09,0x9f,0x50,0x89,0xc1,0x24,0xd0,0xe0,0x24,0x56,0x62,0x43,0x80,0x06,0x1b,0x96,0x35,0x48,
    0x89,0x91,0x38,0x09,0xb0,0x50,0x89,0xc1,0x24,0xd6,0xe0,0x24,0x56,0x62,0x43,0xb0,0x06,0x1b,0x16,0x37,0x48,0x89,0x91,0x38,
    0x09,0xb1,0x50,0x89,0xc1,0x24,0xdc,0xe0,0x24,0x56,0x62,0x43,0xe0,0x06,0x1b,0x04,0x4a,0x0e,0x36,0x2c,0x72,0x90,0x12,0x23,
    0x71,0x12,0x64,0xa1,0x12,0x83,0x49,0xc8,0xc1,0x49,0x94,0xc5,0x06,0x07,0x25,0x58,0xc2,0x25,0x62,0x62,0x26,0x6a,0xe2,0x26,
    0x72,0x62,0x27,0x7a,0xe2,0x27,0xc2,0x62,0x2c,0xcc,0x82,0xc9,0x94,0xd5,0x17,0x55,0x98,0xdc,0x59,0x19,0xdd,0x04,0xa1,0x98,
    0x83,0x0d,0x0b,0x81,0x16,0x23,0x91,0x16,0x25,0x71,0x12,0x83,0x49,0x10,0x27,0xb1,0x12,0x1b,0x02,0xb5,0xd8,0x30,0x9c,0xc5,
    0x5a,0x00,0x1b,0x0a,0x7d,0x08,0x09,0xb6,0x20,0x07,0x80,0x88,0x98,0x5c,0x98,0xdb,0x18,0x5a,0xd9,0xdc,0x04,0x81,0x30,0x03,
    0x1a,0x66,0x6c,0x6f,0x61,0x74,0x73,0x13,0x04,0xe2,0x0c,0x58,0xa4,0xb9,0xcd,0xd1,0xcd,0x4d,0x10,0x08,0x34,0x20,0x91,0xe6,
    0x46,0x37,0x37,0x41,0x20,0xd2,0x80,0xc6,0x5c,0xda,0xd9,0x17,0x1b,0xd9,0x04,0x81,0x50,0x03,0x1a,0x73,0x69,0x67,0x5f,0x73,
    0x74,0x44,0xe8,0xca,0xf0,0xbe,0xc4,0xd2,0xc2,0xe6,0x78,0xd0,0x95,0xe1,0x7d,0x8d,0xb5,0xc1,0x11,0xa1,0x2b,0xc3,0xfb,0x3a,
    0x93,0x0b,0x23,0x23,0x42,0x57,0x86,0xf7,0xe5,0xf6,0x26,0xd7,0x36,0x41,0x20,0xd6,0x80,0x45,0x5d,0x9a,0x1b,0xdd,0xdc,0x04,
    0x81,0x60,0x83,0x0d,0x96,0x5b,0xbc,0x05,0x5c,0xc4,0x85,0x5c,0xcc,0x05,0x5d,0xd4,0x85,0x5d,0xdc,0x05,0x5e,0x5c,0x79,0x71,
    0xe9,0x85,0x18,0xec,0xc5,0xc5,0x17,0x7d,0xe1,0x17,0x7f,0x51,0x85,0x8d,0xcd,0xae,0xcd,0x25,0x8d,0xac,0xcc,0x8d,0x6e,0x4a,
    0x10,0x54,0x21,0xc3,0x73,0xb1,0x2b,0x93,0x9b,0x4b,0x7b,0x73,0x9b,0x12,0x10,0x4d,0xc8,0xf0,0x5c,0xec,0xc2,0xd8,0xec,0xca,
    0xe4,0xa6,0x04,0x45,0x1d,0x32,0x3c,0x97,0x39,0xb4,0x30,0xb2,0x32,0xb9,0xa6,0x37,0xb2,0x32,0xb6,0x29,0x01,0x52,0x86,0x0c,
    0xcf,0x45,0xae,0x6c,0xee,0xad,0x4e,0x6e,0xac,0x6c,0x6e,0x4a,0x30,0x0e,0x95,0xc8,0xf0,0x5c,0xe8,0xf2,0xe0,0xca,0x82,0xdc,
    0xdc,0xde,0xe8,0xc2,0xe8,0xd2,0xde,0xdc,0xe6,0xa6,0x08,0xf8,0xd0,0x0f,0x75,0xc8,0xf0,0x5c,0xec,0xd2,0xca,0xee,0x92,0xc8,
    0xa6,0xe8,0xc2,0xe8,0xca,0xa6,0x04,0xff,0x50,0x87,0x0c,0xcf,0xa5,0xcc,0x8d,0x4e,0x2e,0x0f,0xea,0x2d,0xcd,0x8d,0x6e,0x6e,
    0x4a,0xc0,0x16,0x5d,0xc8,0xf0,0x5c,0xc6,0xde,0xea,0xdc,0xe8,0xca,0xe4,0xe6,0xa6,0x04,0x7f,0x01,0x00,0x79,0x18,0x00,0x00,
    0x51,0x00,0x00,0x00,0x33,0x08,0x80,0x1c,0xc4,0xe1,0x1c,0x66,0x14,0x01,0x3d,0x88,0x43,0x38,0x84,0xc3,0x8c,0x42,0x80,0x07,
    0x79,0x78,0x07,0x73,0x98,0x71,0x0c,0xe6,0x00,0x0f,0xed,0x10,0x0e,0xf4,0x80,0x0e,0x33,0x0c,0x42,0x1e,0xc2,0xc1,0x1d,0xce,
    0xa1,0x1c,0x66,0x30,0x05,0x3d,0x88,0x43,0x38,0x84,0x83,0x1b,0xcc,0x03,0x3d,0xc8,0x43,0x3d,0x8c,0x03,0x3d,0xcc,0x78,0x8c,
    0x74,0x70,0x07,0x7b,0x08,0x07,0x79,0x48,0x87,0x70,0x70,0x07,0x7a,0x70,0x03,0x76,0x78,0x87,0x70,0x20,0x87,0x19,0xcc,0x11,
    0x0e,0xec,0x90,0x0e,0xe1,0x30,0x0f,0x6e,0x30,0x0f,0xe3,0xf0,0x0e,0xf0,0x50,0x0e,0x33,0x10,0xc4,0x1d,0xde,0x21,0x1c,0xd8,
    0x21,0x1d,0xc2,0x61,0x1e,0x66,0x30,0x89,0x3b,0xbc,0x83,0x3b,0xd0,0x43,0x39,0xb4,0x03,0x3c,0xbc,0x83,0x3c,0x84,0x03,0x3b,
    0xcc,0xf0,0x14,0x76,0x60,0x07,0x7b,0x68,0x07,0x37,0x68,0x87,0x72,0x68,0x07,0x37,0x80,0x87,0x70,0x90,0x87,0x70,0x60,0x07,
    0x76,0x28,0x07,0x76,0xf8,0x05,0x76,0x78,0x87,0x77,0x80,0x87,0x5f,0x08,0x87,0x71,0x18,0x87,0x72,0x98,0x87,0x79,0x98,0x81,
    0x2c,0xee,0xf0,0x0e,0xee,0xe0,0x0e,0xf5,0xc0,0x0e,0xec,0x30,0x03,0x62,0xc8,0xa1,0x1c,0xe4,0xa1,0x1c,0xcc,0xa1,0x1c,0xe4,
    0xa1,0x1c,0xdc,0x61,0x1c,0xca,0x21,0x1c,0xc4,0x81,0x1d,0xca,0x61,0x06,0xd6,0x90,0x43,0x39,0xc8,0x43,0x39,0x98,0x43,0x39,
    0xc8,0x43,0x39,0xb8,0xc3,0x38,0x94,0x43,0x38,0x88,0x03,0x3b,0x94,0xc3,0x2f,0xbc,0x83,0x3c,0xfc,0x82,0x3b,0xd4,0x03,0x3b,
    0xb0,0xc3,0x0c,0xc4,0x21,0x07,0x7c,0x70,0x03,0x7a,0x28,0x87,0x76,0x80,0x87,0x19,0xd1,0x43,0x0e,0xf8,0xe0,0x06,0xe4,0x20,
    0x0e,0xe7,0xe0,0x06,0xf6,0x10,0x0e,0xf2,0xc0,0x0e,0xe1,0x90,0x0f,0xef,0x50,0x0f,0xf4,0x30,0x83,0x81,0xc8,0x01,0x1f,0xdc,
    0x40,0x1c,0xe4,0xa1,0x1c,0xc2,0x61,0x1d,0xdc,0x40,0x1c,0xe4,0x01,0x00,0x00,0x00,0x71,0x20,0x00,0x00,0x3d,0x00,0x00,0x00,
    0x66,0x00,0x0d,0x97,0xef,0x3c,0x7e,0x80,0x34,0x40,0x84,0xf9,0xc5,0x6d,0x1b,0x03,0x34,0x5c,0xbe,0xf3,0xf8,0x01,0xd2,0x00,
    0x11,0xe6,0x23,0xb7,0x6d,0x0e,0xdb,0x70,0xf9,0xce,0xe3,0x0b,0x01,0x55,0x14,0x44,0x54,0x3a,0xc0,0x50,0x12,0x06,0x20,0x60,
    0x7e,0x71,0xdb,0xf6,0x20,0x0d,0x97,0xef,0x3c,0xbe,0x10,0x11,0xc0,0x44,0x84,0x40,0x33,0x2c,0x84,0x0d,0x34,0xc3,0xe5,0x3b,
    0x8f,0x3f,0x20,0x92,0x00,0x44,0x83,0x15,0x38,0xc3,0xe5,0x3b,0x8f,0x3f,0x38,0x93,0xed,0x17,0xb7,0x6d,0x0d,0xce,0x70,0xf9,
    0xce,0xe3,0x0f,0xce,0x74,0xfb,0xc5,0x6d,0xdb,0xc2,0x34,0x5c,0xbe,0xf3,0xf8,0x06,0x31,0x75,0x08,0x43,0x34,0x12,0xe2,0x34,
    0x92,0x05,0x4c,0xc3,0xe5,0x3b,0x8f,0xbf,0x38,0xc0,0x20,0x36,0x0f,0x35,0xf9,0xc5,0x6d,0xdb,0x01,0x35,0x5c,0xbe,0xf3,0xf8,
    0x12,0xc0,0x3c,0x0b,0xb1,0x21,0x80,0xe4,0x17,0xb7,0x6d,0x0a,0xd3,0x70,0xf9,0xce,0xe3,0x4b,0x00,0xf3,0x2c,0x04,0xc7,0x3c,
    0x7e,0x71,0xdb,0x96,0x40,0x0d,0x97,0xef,0x3c,0xbe,0x04,0x30,0xcf,0x42,0x80,0x11,0x30,0xf8,0xc5,0x6d,0x1b,0x42,0x35,0x5c,
    0xbe,0xf3,0xf8,0x12,0xc0,0x3c,0x0b,0x51,0x12,0x15,0xb1,0xf8,0xc5,0x6d,0x9b,0x40,0x35,0x5c,0xbe,0xf3,0xf8,0xd2,0xe4,0x44,
    0x04,0x4a,0x4d,0x0f,0x35,0xf9,0xc5,0x6d,0x1b,0xc1,0x33,0x5c,0xbe,0xf3,0xf8,0x54,0x03,0x44,0x98,0x5f,0xdc,0xb6,0x01,0x10,
    0x0c,0x80,0x34,0x00,0x00,0x00,0x00,0x00,0x48,0x41,0x53,0x48,0x14,0x00,0x00,0x00,0x00,0x00,0x00,0x00,0x45,0xd2,0xe3,0xc3,
    0x4c,0x9a,0x4d,0x5a,0xc3,0x33,0x14,0xa4,0x98,0x93,0xf6,0x95,0x44,0x58,0x49,0x4c,0x9c,0x69,0x00,0x00,0x60,0x00,0x00,0x00,
    0x67,0x1a,0x00,0x00,0x44,0x58,0x49,0x4c,0x00,0x01,0x00,0x00,0x10,0x00,0x00,0x00,0x84,0x69,0x00,0x00,0x42,0x43,0xc0,0xde,
    0x21,0x0c,0x00,0x00,0x5e,0x1a,0x00,0x00,0x0b,0x82,0x20,0x00,0x02,0x00,0x00,0x00,0x13,0x00,0x00,0x00,0x07,0x81,0x23,0x91,
    0x41,0xc8,0x04,0x49,0x06,0x10,0x32,0x39,0x92,0x01,0x84,0x0c,0x25,0x05,0x08,0x19,0x1e,0x04,0x8b,0x62,0x80,0x18,0x45,0x02,
    0x42,0x92,0x0b,0x42,0xc4,0x10,0x32,0x14,0x38,0x08,0x18,0x4b,0x0a,0x32,0x62,0x88,0x48,0x90,0x14,0x20,0x43,0x46,0x88,0xa5,
    0x00,0x19,0x32,0x42,0xe4,0x48,0x0e,0x90,0x11,0x23,0xc4,0x50,0x41,0x51,0x81,0x8c,0xe1,0x83,0xe5,0x8a,0x04,0x31,0x46,0x06,
    0x51,0x18,0x00,0x00,0x08,0x00,0x00,0x00,0x1b,0x8c,0xe0,0xff,0xff,0xff,0xff,0x07,0x40,0x02,0xa8,0x0d,0x84,0xf0,0xff,0xff,
    0xff,0xff,0x03,0x20,0x6d,0x30,0x86,0xff,0xff,0xff,0xff,0x1f,0x00,0x09,0xa8,0x00,0x49,0x18,0x00,0x00,0x03,0x00,0x00,0x00,
    0x13,0x82,0x60,0x42,0x20,0x4c,0x08,0x06,0x00,0x00,0x00,0x00,0x89,0x20,0x00,0x00,0x95,0x00,0x00,0x00,0x32,0x22,0x88,0x09,
    0x20,0x64,0x85,0x04,0x13,0x23,0xa4,0x84,0x04,0x13,0x23,0xe3,0x84,0xa1,0x90,0x14,0x12,0x4c,0x8c,0x8c,0x0b,0x84,0xc4,0x4c,
    0x10,0xf4,0xc1,0x08,0x40,0x09,0x00,0x0a,0x66,0x00,0xe6,0x08,0xc0,0x60,0x8e,0x00,0x29,0xc6,0x40,0x10,0x44,0x41,0x90,0x51,
    0x0c,0x80,0x20,0x88,0x62,0x20,0x64,0x8e,0x20,0x28,0x03,0x40,0x28,0xb4,0x94,0x61,0x20,0x06,0x6a,0x8a,0x31,0x10,0xc3,0x30,
    0x0c,0xf4,0x14,0x62,0x20,0x86,0x81,0xa2,0x9b,0x86,0xcb,0x9f,0xb0,0x87,0x90,0xfc,0x95,0x90,0x56,0x62,0xf2,0x8b,0xdb,0x46,
    0xc5,0x30,0x0c,0x03,0x41,0xc5,0x3d,0xc3,0xe5,0x4f,0xd8,0x43,0x48,0x7e,0x08,0x34,0xc3,0x42,0xa0,0x80,0x2a,0xcd,0x44,0x54,
    0xd5,0x30,0x0c,0x03,0x41,0x10,0xc3,0x40,0x56,0x61,0x26,0xa2,0xaa,0x86,0x61,0x18,0x08,0x82,0x18,0x08,0x2b,0xd2,0x44,0x54,
    0xd5,0x30,0x0c,0x03,0x41,0x10,0xc3,0x30,0x0c,0xc3,0x30,0x90,0x76,0xd3,0x70,0xf9,0x13,0xf6,0x10,0x92,0xdf,0x21,0x0c,0xd1,
    0x48,0x88,0xd3,0x48,0x88,0x20,0x08,0x82,0x28,0x04,0x47,0x54,0x04,0x75,0x85,0x20,0x08,0x82,0xa0,0xaf,0x20,0x03,0x31,0x0c,
    0xc3,0x30,0x0c,0x14,0x1e,0x35,0x5c,0xfe,0x84,0x3d,0x84,0xe4,0x73,0x1b,0x55,0xac,0xc4,0xe4,0x17,0xb7,0x8d,0x88,0x61,0x18,
    0x86,0x42,0x8c,0x44,0x45,0x10,0x59,0x8c,0x8a,0x28,0x08,0x42,0x21,0x73,0x20,0x60,0xa6,0x30,0x18,0x07,0x76,0x08,0x87,0x79,
    0x98,0x07,0x37,0xa0,0x85,0x72,0xc0,0x07,0x7a,0xa8,0x07,0x79,0x28,0x07,0x39,0x20,0x05,0x3e,0x30,0x07,0x76,0x78,0x87,0x70,
    0xa0,0x07,0x3f,0xd0,0x03,0x3d,0x68,0x87,0x74,0x80,0x87,0x79,0xf8,0x05,0x7a,0xc8,0x07,0x78,0x28,0x07,0x14,0x10,0x33,0x59,
    0xe3,0xc0,0x0e,0xe1,0x30,0x0f,0xf3,0xe0,0x06,0xb4,0x50,0x0e,0xf8,0x40,0x0f,0xf5,0x20,0x0f,0xe5,0x20,0x07,0xa4,0xc0,0x07,
    0xe6,0xc0,0x0e,0xef,0x10,0x0e,0xf4,0xe0,0x07,0x48,0x18,0x52,0x52,0x87,0x11,0x88,0x61,0x26,0x32,0x18,0x07,0x76,0x08,0x87,
    0x79,0x98,0x07,0x37,0xa0,0x85,0x72,0xc0,0x07,0x7a,0xa8,0x07,0x79,0x28,0x87,0x51,0xa8,0x07,0x71,0x28,0x07,0x3e,0xb0,0x87,
    0x72,0x18,0x07,0x7a,0x78,0x07,0x79,0xe0,0x03,0x73,0x60,0x87,0x77,0x08,0x07,0x7a,0x60,0x03,0x30,0xa0,0x03,0x3f,0x00,0x03,
    0x3f,0x40,0x01,0x4b,0xed,0x4c,0x6d,0x30,0x0e,0xec,0x10,0x0e,0xf3,0x30,0x0f,0x6e,0x40,0x0b,0xe5,0x80,0x0f,0xf4,0x50,0x0f,
    0xf2,0x50,0x0e,0x73,0x40,0x0a,0x7c,0x60,0x0f,0xe5,0x30,0x0e,0xf4,0xf0,0x0e,0xf2,0xc0,0x07,0xe6,0xc0,0x0e,0xef,0x10,0x0e,
    0xf4,0xc0,0x06,0x60,0x40,0x07,0x7e,0x00,0x06,0x7e,0xa0,0x07,0x7a,0xd0,0x0e,0xe9,0x00,0x0f,0xf3,0xf0,0x0b,0xf4,0x90,0x0f,
    0xf0,0x50,0x0e,0x28,0x20,0x66,0x12,0x83,0x71,0x60,0x87,0x70,0x98,0x87,0x79,0x70,0x03,0x5a,0x28,0x07,0x7c,0xa0,0x87,0x7a,
    0x90,0x87,0x72,0x98,0x03,0x52,0xe0,0x03,0x7b,0x28,0x87,0x71,0xa0,0x87,0x77,0x90,0x07,0x3e,0x30,0x07,0x76,0x78,0x87,0x70,
    0xa0,0x07,0x36,0x00,0x03,0x3a,0xf0,0x03,0x30,0xf0,0x03,0x24,0xb0,0x2f,0xc1,0x49,0xc1,0x26,0x04,0x9b,0x05,0xec,0x29,0x1c,
    0xf9,0x45,0x80,0xc1,0x10,0xcd,0x84,0x0c,0x79,0x9e,0xe9,0x79,0xa6,0xfa,0x3a,0x69,0x8a,0x28,0x61,0xf2,0x59,0x80,0x79,0x16,
    0x22,0xe2,0x1c,0xe6,0x01,0x22,0x44,0x72,0x1a,0x76,0x02,0x26,0x02,0x05,0x04,0xdd,0x37,0x49,0x53,0x44,0x09,0x93,0xcf,0x02,
    0xcc,0xb3,0x10,0x11,0x3b,0x01,0x13,0x81,0x02,0x82,0xf2,0xd4,0x21,0xa6,0x00,0x00,0x13,0x14,0x72,0xc0,0x87,0x74,0x60,0x87,
    0x36,0x68,0x87,0x79,0x68,0x03,0x72,0xc0,0x87,0x0d,0xaf,0x50,0x0e,0x6d,0xd0,0x0e,0x7a,0x50,0x0e,0x6d,0x00,0x0f,0x7a,0x30,
    0x07,0x72,0xa0,0x07,0x73,0x20,0x07,0x6d,0x90,0x0e,0x71,0xa0,0x07,0x73,0x20,0x07,0x6d,0x90,0x0e,0x78,0xa0,0x07,0x73,0x20,
    0x07,0x6d,0x90,0x0e,0x71,0x60,0x07,0x7a,0x30,0x07,0x72,0xd0,0x06,0xe9,0x30,0x07,0x72,0xa0,0x07,0x73,0x20,0x07,0x6d,0x90,
    0x0e,0x76,0x40,0x07,0x7a,0x60,0x07,0x74,0xd0,0x06,0xe6,0x10,0x07,0x76,0xa0,0x07,0x73,0x20,0x07,0x6d,0x60,0x0e,0x73,0x20,
    0x07,0x7a,0x30,0x07,0x72,0xd0,0x06,0xe6,0x60,0x07,0x74,0xa0,0x07,0x76,0x40,0x07,0x6d,0xe0,0x0e,0x78,0xa0,0x07,0x71,0x60,
    0x07,0x7a,0x30,0x07,0x72,0xa0,0x07,0x76,0x40,0x07,0x43,0x9e,0x00,0x00,0x00,0x00,0x00,0x00,0x00,0x00,0x00,0x00,0x00,0x86,
    0x3c,0x06,0x10,0x00,0x01,0x00,0x00,0x00,0x00,0x00,0x00,0x00,0x0c,0x79,0x10,0x20,0x00,0x04,0x00,0x00,0x00,0x00,0x00,0x00,
    0x00,0x18,0xf2,0x2c,0x40,0x00,0x08,0x00,0x00,0x00,0x00,0x00,0x00,0x00,0x30,0xe4,0x69,0x80,0x00,0x08,0x00,0x00,0x00,0x00,
    0x00,0x00,0x00,0x60,0xc8,0xf3,0x00,0x01,0x10,0x00,0x00,0x00,0x00,0x00,0x00,0x00,0xc0,0x90,0x27,0x02,0x02,0x20,0x00,0x00,
    0x00,0x00,0x00,0x00,0x00,0x80,0x21,0x8f,0x05,0x04,0xc0,0x00,0x00,0x00,0x00,0x00,0x00,0x00,0x00,0x43,0x1e,0x0c,0x08,0x80,
    0x01,0x00,0x00,0x00,0x00,0x00,0x00,0x00,0x86,0x3c,0x1a,0x10,0x00,0x03,0x00,0x00,0x00,0x00,0x00,0x00,0x00,0x0c,0x79,0x2c,
    0x20,0x00,0x06,0x00,0x00,0x00,0x00,0x00,0x00,0x00,0x18,0xf2,0x74,0x40,0x00,0x0c,0x00,0x00,0x00,0x00,0x00,0x00,0x00,0x30,
    0xe4,0xf9,0x80,0x00,0x08,0x00,0x00,0x00,0x00,0x00,0x00,0x00,0x60,0xc8,0x13,0x06,0x40,0x00,0x04,0x00,0x00,0x00,0x00,0x00,
    0x00,0x00,0x30,0xe4,0x21,0x03,0x20,0x00,0x06,0x00,0x00,0x00,0x00,0x00,0x00,0x00,0x18,0xf2,0x98,0x01,0x10,0x00,0x03,0x00,
    0x00,0x00,0x00,0x00,0x00,0x00,0x64,0x81,0x00,0x00,0x00,0x00,0x1f,0x00,0x00,0x00,0x32,0x1e,0x98,0x18,0x19,0x11,0x4c,0x90,
    0x8c,0x09,0x26,0x47,0xc6,0x04,0x43,0x22,0x4a,0x60,0x04,0xa0,0x20,0x8a,0xa1,0x08,0x4a,0xa2,0x0c,0x0a,0xa1,0x14,0xca,0xa1,
    0x28,0xca,0xa2,0x30,0x4a,0xa3,0x38,0xca,0xa3,0x40,0x2d,0xa8,0x28,0x89,0x32,0x28,0x84,0x11,0x80,0x22,0x28,0x81,0x02,0xa1,
    0x75,0x06,0x80,0xdc,0x19,0x00,0x8a,0x67,0x00,0xc8,0x9e,0x01,0x20,0x7c,0x06,0x80,0xf4,0x19,0x00,0xda,0xc7,0xd2,0x03,0x3c,
    0x20,0x00,0x00,0x00,0x9e,0xe7,0x79,0x9e,0xe7,0x79,0x9e,0xe7,0x79,0x9e,0xe7,0x79,0x9e,0xe7,0x79,0x9e,0xe7,0x79,0x9e,0xe7,
    0x79,0x9e,0xe7,0x79,0x9e,0xe7,0x79,0x9e,0xe7,0x79,0x9e,0xe7,0x79,0x9e,0xe7,0x79,0x1e,0xe0,0x38,0x00,0x79,0x18,0x00,0x00,
    0x02,0x01,0x00,0x00,0x1a,0x03,0x4c,0x90,0x46,0x02,0x13,0xc4,0x31,0x20,0xc3,0x1b,0x43,0x81,0x93,0x4b,0xb3,0x0b,0xa3,0x2b,
    0x4b,0x01,0x89,0x71,0xc1,0x71,0x81,0x71,0xa1,0xb9,0x99,0xc9,0x01,0x41,0x21,0xcb,0x09,0xab,0x29,0xcb,0xb9,0x21,0x83,0x49,
    0xd9,0x10,0x04,0x13,0x04,0x02,0x9a,0x20,0x10,0xd1,0x06,0x61,0x20,0x26,0x08,0x84,0xb4,0x41,0x18,0x0c,0x0a,0x70,0x73,0x13,
    0x04,0x62,0xda,0x30,0x20,0x09,0x31,0x41,0x58,0x03,0x34,0x20,0x30,0x41,0x20,0xa8,0x09,0x02,0x51,0x6d,0x10,0x08,0x67,0x43,
    0x42,0x2c,0x4c,0x43,0x0c,0x0d,0xf1,0x6c,0x48,0x86,0x85,0x69,0x86,0xa1,0x21,0x9e,0x0d,0x49,0xb3,0x30,0x4d,0x33,0x34,0xc4,
    0x33,0x41,0x20,0xac,0x0d,0xc9,0xb4,0x30,0xcd,0x34,0x34,0xc4,0x33,0x41,0x20,0xae,0x0d,0x49,0xb5,0x30,0x4d,0x35,0x34,0xc4,
    0x33,0x41,0x20,0xb0,0x0d,0xc9,0xb5,0x30,0xcd,0x35,0x34,0xc4,0xb3,0x21,0x49,0x16,0xa6,0x49,0x86,0x86,0x78,0x26,0x08,0x44,
    0xb6,0x21,0xd1,0x16,0xa6,0xd1,0x86,0x86,0x78,0x26,0x08,0x6e,0x90,0x06,0x1b,0x12,0x83,0x63,0x1a,0x63,0xb8,0x88,0x67,0x43,
    0xe2,0x70,0x4c,0xe3,0x0c,0x17,0xf1,0x4c,0x10,0x08,0x6d,0x43,0xf2,0x71,0x4c,0xf3,0x0d,0x17,0xf1,0x4c,0x10,0x88,0x6d,0x43,
    0x12,0x06,0x1c,0xd3,0x84,0xc1,0x70,0x11,0xcf,0x04,0x81,0xe0,0x26,0x08,0x71,0xa0,0x06,0x1b,0x92,0x31,0x20,0x03,0xa6,0x19,
    0x83,0xa1,0x22,0x9e,0x09,0x02,0xd1,0x6d,0x48,0xcc,0x80,0x0c,0x98,0xc6,0x0c,0x86,0x8a,0x78,0x26,0x08,0x84,0xb7,0x21,0x41,
    0x03,0x32,0x60,0x1a,0x34,0x18,0x2a,0xe2,0x99,0x20,0x10,0xdf,0x86,0x44,0x0d,0xc8,0x80,0x69,0xd4,0x60,0xa8,0x88,0x67,0x03,
    0x04,0x45,0x12,0x65,0x61,0xd9,0xd6,0x79,0x60,0x20,0x06,0x65,0x70,0x06,0x69,0xb0,0x06,0x13,0x04,0x3b,0x58,0x83,0x09,0x02,
    0x01,0x06,0x1b,0x10,0xa2,0x0d,0x98,0x89,0x18,0xdc,0x00,0xd8,0x10,0xbc,0xc1,0x04,0x01,0x0f,0xd8,0x60,0x03,0x42,0xc4,0x01,
    0xd3,0x10,0xc3,0x00,0x6c,0x40,0x86,0x38,0x60,0x9a,0x61,0x18,0x80,0x0d,0x48,0x13,0x07,0x4c,0xd3,0x0c,0x03,0xb0,0x01,0x99,
    0xe2,0x80,0x69,0xa6,0x61,0x00,0x36,0x20,0x55,0x1c,0x30,0x4d,0x35,0x0c,0xc0,0x06,0xe4,0x8a,0x03,0xa6,0xb9,0x86,0x01,0xd8,
    0x80,0x24,0x71,0xc0,0x34,0xc9,0x30,0x00,0x1b,0x10,0x2d,0x0e,0x98,0x46,0x1b,0x06,0x60,0x82,0xa0,0x07,0x6d,0xb0,0x01,0x31,
    0xf4,0x80,0x69,0x8c,0x81,0x00,0x36,0x20,0x8e,0x1e,0x30,0x8d,0x33,0x10,0xc0,0x06,0xe4,0xd3,0x03,0xa6,0xf9,0x06,0x02,0xd8,
    0x80,0x84,0x81,0x1e,0x30,0x4d,0x18,0x0c,0x04,0xb0,0x01,0x19,0x03,0x3d,0x60,0x9a,0x31,0x18,0x08,0x60,0x03,0x62,0x06,0x7a,
    0xc0,0x34,0x66,0x30,0x10,0xc0,0x06,0x04,0x0d,0xf4,0x80,0x69,0xd0,0x60,0x20,0x80,0x0d,0x88,0x1a,0xe8,0x01,0xd3,0xa8,0xc1,
    0x40,0x00,0x1b,0x20,0x39,0x98,0x03,0x3a,0xa8,0x03,0x3b,0xb8,0x03,0x3c,0xc8,0x83,0x3d,0xe0,0x83,0x3e,0xf0,0x83,0x3f,0x00,
    0x85,0x50,0x10,0x85,0x0d,0x04,0x1b,0x00,0x70,0x30,0x0a,0x13,0x84,0x3d,0x70,0x83,0x0d,0x41,0x29,0x4c,0x10,0x04,0x80,0x44,
    0x5b,0x58,0x9a,0x1b,0x97,0x29,0xab,0x2f,0xa8,0xb7,0xb9,0x34,0xba,0xb4,0x37,0xb7,0x09,0x42,0x11,0x06,0x13,0x84,0x42,0x0c,
    0x36,0x04,0xc4,0x04,0xa1,0x18,0x83,0x09,0x42,0x41,0x06,0x1b,0x16,0x22,0x15,0x54,0x61,0x15,0x58,0xa1,0x15,0x86,0x56,0x20,
    0x5c,0x01,0x20,0x42,0x55,0x84,0x35,0xf4,0xf4,0x24,0x45,0x34,0x41,0x28,0xca,0x60,0x83,0x30,0xa9,0xc1,0x86,0x65,0x80,0x05,
    0x55,0x70,0x05,0x56,0x88,0x85,0xa1,0x15,0x06,0x57,0x90,0x85,0x0d,0xc1,0xb0,0x61,0x69,0x60,0x41,0x15,0x5c,0x81,0x16,0x62,
    0x61,0x68,0x85,0xc6,0x15,0x64,0x61,0x43,0xd0,0x4c,0x10,0x0a,0x33,0xd8,0xb0,0x4c,0xb0,0xa0,0x0a,0xae,0x60,0x0b,0xb7,0x30,
    0xb4,0xc2,0xe4,0x0a,0xb2,0xb0,0x21,0x98,0x36,0x2c,0x15,0x2c,0xa8,0x82,0x2b,0xe4,0xc2,0x2d,0x0c,0xad,0x50,0xb9,0x82,0x2c,
    0x6c,0x08,0xaa,0x0d,0xcb,0x05,0x0b,0xaa,0xe0,0x0a,0xbb,0x10,0x0b,0x43,0x2b,0x5c,0xae,0x20,0x0b,0x1b,0x82,0x6b,0xc3,0x92,
    0xc0,0x82,0x2a,0xb8,0x42,0x2f,0xc4,0xc2,0xd0,0x0a,0x89,0x2b,0xc8,0xc2,0x86,0x20,0xd9,0xb0,0x68,0xb0,0xa0,0x0a,0xae,0xf0,
    0x0b,0xb1,0x30,0xb4,0x82,0xe6,0x0a,0xb2,0xb0,0x21,0xd0,0x36,0x2c,0x06,0x2c,0xa8,0x82,0x2b,0x84,0x43,0x2c,0x0c,0xad,0x60,
    0xb8,0x82,0x2c,0x6c,0x08,0x8c,0x0d,0x8b,0x03,0x0b,0xaa,0xe0,0x0a,0xe3,0x10,0x0b,0x43,0x2b,0x38,0xae,0x20,0x0b,0x1b,0x02,
    0x67,0xc3,0xf2,0xc1,0x82,0x2a,0xb8,0x42,0x39,0xc4,0xc2,0xd0,0x0a,0x9f,0x2b,0xc8,0xc2,0x86,0xe0,0xdb,0xb0,0x84,0x01,0x2c,
    0xa8,0x82,0x2b,0x9c,0x43,0x2c,0x0c,0xad,0x10,0x06,0xae,0x20,0x0b,0x1b,0x82,0x30,0xd8,0xb0,0x8c,0x01,0x2c,0xa8,0x82,0x2b,
    0xa4,0x43,0x2c,0x0c,0xad,0x30,0x06,0xae,0x20,0x0b,0x1b,0x82,0x31,0xd8,0x20,0x4c,0x66,0xb0,0x61,0x31,0x03,0x58,0x50,0x05,
    0x57,0x58,0x87,0x58,0x18,0x5a,0xc1,0x0c,0x5c,0x81,0x1d,0x36,0x38,0xaf,0x30,0x0b,0xb5,0x80,0x0b,0xba,0xc0,0x0b,0xbe,0x00,
    0x0e,0xe2,0x40,0x0e,0xe6,0x80,0x0e,0xea,0xd0,0x0e,0x4c,0xa6,0xac,0xbe,0xa8,0xc2,0xe4,0xce,0xca,0xe8,0x26,0x08,0xc5,0x19,
    0x6c,0x58,0x88,0x77,0x50,0x05,0x78,0x60,0x05,0x57,0x18,0x5a,0x81,0x70,0x05,0x59,0xd8,0x10,0xc4,0xc3,0x86,0xc1,0x1d,0xe4,
    0x01,0xd8,0x50,0x9c,0x02,0x2a,0xcc,0x03,0x29,0x00,0x55,0xd8,0xd8,0xec,0xda,0x5c,0xd2,0xc8,0xca,0xdc,0xe8,0xa6,0x04,0x41,
    0x15,0x32,0x3c,0x17,0xbb,0x32,0xb9,0xb9,0xb4,0x37,0xb7,0x29,0x01,0xd1,0x84,0x0c,0xcf,0xc5,0x2e,0x8c,0xcd,0xae,0x4c,0x6e,
    0x4a,0x60,0xd4,0x21,0xc3,0x73,0x99,0x43,0x0b,0x23,0x2b,0x93,0x6b,0x7a,0x23,0x2b,0x63,0x9b,0x12,0x24,0x65,0xc8,0xf0,0x5c,
    0xe4,0xca,0xe6,0xde,0xea,0xe4,0xc6,0xca,0xe6,0xa6,0x04,0xa3,0x50,0x87,0x0c,0xcf,0xc5,0x2e,0xad,0xec,0x2e,0x89,0x6c,0x8a,
    0x2e,0x8c,0xae,0x6c,0x4a,0x50,0x0a,0x75,0xc8,0xf0,0x5c,0xca,0xdc,0xe8,0xe4,0xf2,0xa0,0xde,0xd2,0xdc,0xe8,0xe6,0xa6,0x04,
    0xf3,0x00,0x00,0x00,0x79,0x18,0x00,0x00,0x51,0x00,0x00,0x00,0x33,0x08,0x80,0x1c,0xc4,0xe1,0x1c,0x66,0x14,0x01,0x3d,0x88,
    0x43,0x38,0x84,0xc3,0x8c,0x42,0x80,0x07,0x79,0x78,0x07,0x73,0x98,0x71,0x0c,0xe6,0x00,0x0f,0xed,0x10,0x0e,0xf4,0x80,0x0e,
    0x33,0x0c,0x42,0x1e,0xc2,0xc1,0x1d,0xce,0xa1,0x1c,0x66,0x30,0x05,0x3d,0x88,0x43,0x38,0x84,0x83,0x1b,0xcc,0x03,0x3d,0xc8,
    0x43,0x3d,0x8c,0x03,0x3d,0xcc,0x78,0x8c,0x74,0x70,0x07,0x7b,0x08,0x07,0x79,0x48,0x87,0x70,0x70,0x07,0x7a,0x70,0x03,0x76,
    0x78,0x87,0x70,0x20,0x87,0x19,0xcc,0x11,0x0e,0xec,0x90,0x0e,0xe1,0x30,0x0f,0x6e,0x30,0x0f,0xe3,0xf0,0x0e,0xf0,0x50,0x0e,
    0x33,0x10,0xc4,0x1d,0xde,0x21,0x1c,0xd8,0x21,0x1d,0xc2,0x61,0x1e,0x66,0x30,0x89,0x3b,0xbc,0x83,0x3b,0xd0,0x43,0x39,0xb4,
    0x03,0x3c,0xbc,0x83,0x3c,0x84,0x03,0x3b,0xcc,0xf0,0x14,0x76,0x60,0x07,0x7b,0x68,0x07,0x37,0x68,0x87,0x72,0x68,0x07,0x37,
    0x80,0x87,0x70,0x90,0x87,0x70,0x60,0x07,0x76,0x28,0x07,0x76,0xf8,0x05,0x76,0x78,0x87,0x77,0x80,0x87,0x5f,0x08,0x87,0x71,
    0x18,0x87,0x72,0x98,0x87,0x79,0x98,0x81,0x2c,0xee,0xf0,0x0e,0xee,0xe0,0x0e,0xf5,0xc0,0x0e,0xec,0x30,0x03,0x62,0xc8,0xa1,
    0x1c,0xe4,0xa1,0x1c,0xcc,0xa1,0x1c,0xe4,0xa1,0x1c,0xdc,0x61,0x1c,0xca,0x21,0x1c,0xc4,0x81,0x1d,0xca,0x61,0x06,0xd6,0x90,
    0x43,0x39,0xc8,0x43,0x39,0x98,0x43,0x39,0xc8,0x43,0x39,0xb8,0xc3,0x38,0x94,0x43,0x38,0x88,0x03,0x3b,0x94,0xc3,0x2f,0xbc,
    0x83,0x3c,0xfc,0x82,0x3b,0xd4,0x03,0x3b,0xb0,0xc3,0x0c,0xc4,0x21,0x07,0x7c,0x70,0x03,0x7a,0x28,0x87,0x76,0x80,0x87,0x19,
    0xd1,0x43,0x0e,0xf8,0xe0,0x06,0xe4,0x20,0x0e,0xe7,0xe0,0x06,0xf6,0x10,0x0e,0xf2,0xc0,0x0e,0xe1,0x90,0x0f,0xef,0x50,0x0f,
    0xf4,0x30,0x83,0x81,0xc8,0x01,0x1f,0xdc,0x40,0x1c,0xe4,0xa1,0x1c,0xc2,0x61,0x1d,0xdc,0x40,0x1c,0xe4,0x01,0x00,0x00,0x00,
    0x71,0x20,0x00,0x00,0x3d,0x00,0x00,0x00,0x66,0x00,0x0d,0x97,0xef,0x3c,0x7e,0x80,0x34,0x40,0x84,0xf9,0xc5,0x6d,0x1b,0x03,
    0x34,0x5c,0xbe,0xf3,0xf8,0x01,0xd2,0x00,0x11,0xe6,0x23,0xb7,0x6d,0x0e,0xdb,0x70,0xf9,0xce,0xe3,0x0b,0x01,0x55,0x14,0x44,
    0x54,0x3a,0xc0,0x50,0x12,0x06,0x20,0x60,0x7e,0x71,0xdb,0xf6,0x20,0x0d,0x97,0xef,0x3c,0xbe,0x10,0x11,0xc0,0x44,0x84,0x40,
    0x33,0x2c,0x84,0x0d,0x34,0xc3,0xe5,0x3b,0x8f,0x3f,0x20,0x92,0x00,0x44,0x83,0x15,0x38,0xc3,0xe5,0x3b,0x8f,0x3f,0x38,0x93,
    0xed,0x17,0xb7,0x6d,0x0d,0xce,0x70,0xf9,0xce,0xe3,0x0f,0xce,0x74,0xfb,0xc5,0x6d,0xdb,0xc2,0x34,0x5c,0xbe,0xf3,0xf8,0x06,
    0x31,0x75,0x08,0x43,0x34,0x12,0xe2,0x34,0x92,0x05,0x4c,0xc3,0xe5,0x3b,0x8f,0xbf,0x38,0xc0,0x20,0x36,0x0f,0x35,0xf9,0xc5,
    0x6d,0xdb,0x01,0x35,0x5c,0xbe,0xf3,0xf8,0x12,0xc0,0x3c,0x0b,0xb1,0x21,0x80,0xe4,0x17,0xb7,0x6d,0x0a,0xd3,0x70,0xf9,0xce,
    0xe3,0x4b,0x00,0xf3,0x2c,0x04,0xc7,0x3c,0x7e,0x71,0xdb,0x96,0x40,0x0d,0x97,0xef,0x3c,0xbe,0x04,0x30,0xcf,0x42,0x80,0x11,
    0x30,0xf8,0xc5,0x6d,0x1b,0x42,0x35,0x5c,0xbe,0xf3,0xf8,0x12,0xc0,0x3c,0x0b,0x51,0x12,0x15,0xb1,0xf8,0xc5,0x6d,0x9b,0x40,
    0x35,0x5c,0xbe,0xf3,0xf8,0xd2,0xe4,0x44,0x04,0x4a,0x4d,0x0f,0x35,0xf9,0xc5,0x6d,0x1b,0xc1,0x33,0x5c,0xbe,0xf3,0xf8,0x54,
    0x03,0x44,0x98,0x5f,0xdc,0xb6,0x01,0x10,0x0c,0x80,0x34,0x00,0x61,0x20,0x00,0x00,0x90,0x17,0x00,0x00,0x13,0x04,0xe9,0x13,
    0x0b,0x04,0x00,0x00,0x3a,0x00,0x00,0x00,0xa4,0xd4,0xc0,0x08,0x00,0x11,0x45,0x1a,0x50,0x80,0x80,0x10,0x35,0x48,0x50,0x80,
    0x80,0x80,0x0f,0x05,0x08,0x08,0x88,0x50,0x80,0x80,0x80,0x01,0x85,0x56,0x80,0x80,0x04,0x05,0x08,0x28,0x50,0x70,0x25,0x53,
    0x6e,0x05,0x1b,0x50,0x8e,0x01,0xe5,0x1a,0x50,0x46,0x85,0x34,0x03,0x50,0x36,0x35,0x50,0x2c,0x55,0x50,0x76,0x25,0x57,0x90,
    0x01,0xc5,0x57,0x80,0x01,0x05,0xc8,0x53,0x80,0x10,0x05,0x53,0x2a,0x05,0x52,0x2e,0x05,0x54,0x3e,0xa5,0x57,0x38,0x05,0x3e,
    0x50,0x50,0xe5,0x57,0x22,0x05,0x48,0x50,0x3c,0x45,0x52,0x28,0x65,0x1a,0x50,0xa8,0x01,0x65,0x52,0x34,0xc5,0x56,0xaa,0x01,
    0xa5,0x18,0x50,0xac,0x01,0xc5,0x18,0x40,0xc3,0x18,0x01,0x08,0x82,0x20,0xde,0x8d,0x11,0x80,0x20,0xe8,0xdf,0x61,0x30,0x46,
    0xd0,0xf7,0x2d,0x8b,0xeb,0xc2,0x18,0xc1,0x1e,0xab,0xf1,0xfe,0x0b,0x63,0x04,0x20,0x08,0x82,0xf8,0x2f,0x8c,0x11,0x90,0x30,
    0x28,0xe2,0xbf,0x30,0x46,0x20,0xa2,0x60,0x08,0x82,0xc1,0x18,0xc1,0x8d,0xb7,0x63,0xcb,0x0b,0x63,0x04,0x7d,0xdf,0xb2,0xb8,
    0x36,0x46,0x00,0x82,0x20,0x88,0x82,0xc1,0x18,0xc1,0x8d,0xb7,0x63,0xcb,0x8d,0x11,0x80,0x20,0x08,0x82,0x60,0x30,0x46,0x00,
    0x82,0x20,0x08,0x7f,0x33,0x00,0x63,0x04,0x20,0x08,0x82,0xf0,0x2f,0x8c,0x00,0x8c,0x11,0x80,0x20,0x08,0xe2,0x1f,0x00,0x00,
    0x23,0x06,0x09,0x00,0x82,0x60,0x60,0x06,0xe9,0x00,0x07,0xb4,0x90,0x0b,0xb9,0x80,0x0a,0x23,0x06,0x09,0x00,0x82,0x60,0x60,
    0x06,0xea,0x10,0x07,0xb5,0xb0,0x0b,0xbb,0x90,0x0a,0x23,0x06,0x09,0x00,0x82,0x60,0x60,0x06,0xeb,0x20,0x07,0xb6,0xd0,0x0b,
    0xbd,0xa0,0x0a,0x23,0x06,0x09,0x00,0x82,0x60,0x60,0x06,0xec,0x30,0x07,0xb7,0xf0,0x0b,0xbf,0xb0,0x0a,0x23,0x06,0x09,0x00,
    0x82,0x60,0x60,0x06,0xed,0x40,0x07,0xb8,0x10,0x0e,0xe1,0xc0,0x0a,0x23,0x06,0x09,0x00,0x82,0x60,0x60,0x06,0xee,0x50,0x07,
    0xb9,0x30,0x0e,0xe3,0xd0,0x0a,0x23,0x06,0x09,0x00,0x82,0x60,0x60,0x06,0xef,0x60,0x07,0xba,0x90,0x0e,0xe9,0xe0,0x0a,0x23,
    0x06,0x09,0x00,0x82,0x60,0x60,0x06,0xf0,0x70,0x07,0xbb,0xd0,0x0e,0xed,0xf0,0x0a,0x23,0x06,0x09,0x00,0x82,0x60,0x60,0x06,
    0xf1,0x80,0x07,0xbc,0x70,0x0e,0xe7,0x00,0x0b,0x23,0x06,0x09,0x00,0x82,0x60,0x60,0x06,0xf2,0x90,0x07,0xbd,0xe0,0x0e,0xee,
    0x10,0x0b,0x23,0x06,0x09,0x00,0x82,0x60,0x60,0x06,0xf3,0xa0,0x07,0xbe,0xa0,0x0e,0xea,0x20,0x0b,0x23,0x06,0x09,0x00,0x82,
    0x60,0x60,0x06,0xf4,0xb0,0x07,0xbf,0xc0,0x0e,0xec,0x30,0x0b,0x23,0x06,0x09,0x00,0x82,0x60,0x60,0x06,0xf5,0xc0,0x07,0xe0,
    0xe0,0x0e,0xee,0x40,0x0b,0x23,0x06,0x09,0x00,0x82,0x60,0x60,0x06,0xf6,0xd0,0x07,0xe1,0x10,0x0f,0xf1,0x50,0x0b,0x23,0x06,
    0x09,0x00,0x82,0x60,0x60,0x06,0xf7,0xe0,0x07,0xe2,0x60,0x0f,0xf6,0x60,0x0b,0x23,0x06,0x09,0x00,0x82,0x60,0x60,0x06,0xf8,
    0xf0,0x07,0xe3,0x60,0x0f,0xf6,0x70,0x0b,0x23,0x06,0x09,0x00,0x82,0x60,0x60,0x06,0xf9,0x00,0x0a,0xe6,0x90,0x0e,0xe9,0x80,
    0x0b,0x23,0x06,0x09,0x00,0x82,0x60,0x60,0x06,0xfa,0x10,0x0a,0xe7,0xb0,0x0e,0xeb,0x90,0x0b,0x23,0x06,0x09,0x00,0x82,0x60,
    0x60,0x06,0xfb,0x20,0x0a,0xe8,0xd0,0x0e,0xed,0xa0,0x0b,0x23,0x06,0x09,0x00,0x82,0x60,0x60,0x06,0xfc,0x30,0x0a,0xe9,0xf0,
    0x0e,0xef,0xb0,0x0b,0x23,0x06,0x09,0x00,0x82,0x60,0x60,0x06,0xfd,0x40,0x0a,0xea,0x10,0x0f,0xf1,0xc0,0x0b,0x23,0x06,0x09,
    0x00,0x82,0x60,0x60,0x06,0xfe,0x50,0x0a,0xeb,0x30,0x0f,0xf3,0xd0,0x0b,0x23,0x06,0x09,0x00,0x82,0x60,0x60,0x06,0xff,0x60,
    0x0a,0xec,0x90,0x0f,0xf9,0xe0,0x0b,0x23,0x06,0x09,0x00,0x82,0x60,0x60,0x06,0x20,0x71,0x0a,0xed,0xd0,0x0f,0xfd,0xf0,0x0b,
    0x23,0x06,0x09,0x00,0x82,0x60,0x60,0x06,0x21,0x81,0x0a,0xee,0x70,0x0f,0xf7,0x00,0x0e,0x23,0x06,0x09,0x00,0x82,0x60,0x60,
    0x06,0x22,0x91,0x0a,0xef,0xe0,0x0f,0xfe,0x10,0x0e,0x23,0x06,0x09,0x00,0x82,0x60,0x60,0x06,0x23,0xa1,0x0a,0xf0,0xa0,0x0f,
    0xfa,0x20,0x0e,0x23,0x06,0x09,0x00,0x82,0x60,0x60,0x06,0x24,0xb1,0x0a,0xf1,0xc0,0x0f,0xfc,0x30,0x0e,0x23,0x06,0x09,0x00,
    0x82,0x60,0x60,0x06,0x25,0xc1,0x0a,0xf2,0xe0,0x0f,0xfe,0x40,0x0e,0x23,0x06,0x09,0x00,0x82,0x60,0x60,0x06,0x26,0xd1,0x0a,
    0xf3,0x10,0x12,0x21,0x51,0x0e,0x23,0x06,0x09,0x00,0x82,0x60,0x60,0x06,0x27,0xe1,0x0a,0xf4,0x60,0x12,0x26,0x61,0x0e,0x23,
    0x06,0x09,0x00,0x82,0x60,0x60,0x06,0x28,0xf1,0x0a,0xf5,0x60,0x12,0x26,0x71,0x0e,0x23,0x06,0x09,0x00,0x82,0x60,0x60,0x06,
    0x29,0x01,0x0b,0xf3,0x70,0x12,0x27,0x81,0x0e,0x23,0x06,0x09,0x00,0x82,0x60,0x60,0xe0,0x84,0x48,0xf0,0x03,0x4a,0xd4,0xc3,
    0x2d,0x8c,0x18,0x24,0x00,0x08,0x82,0x81,0x91,0x13,0x23,0xd1,0x0f,0x29,0x51,0x0f,0xb8,0x30,0x62,0x90,0x00,0x20,0x08,0x06,
    0x86,0x4e,0x90,0x84,0x3f,0xa8,0x44,0x3e,0xe4,0xc2,0x88,0x41,0x02,0x80,0x20,0x18,0x18,0x3b,0x51,0x12,0x20,0xb1,0x12,0xf8,
    0xa0,0x0b,0x23,0x06,0x09,0x00,0x82,0x60,0x60,0xf0,0x84,0x49,0x84,0x04,0x4b,0xdc,0xc3,0x2e,0x8c,0x18,0x24,0x00,0x08,0x82,
    0x81,0xd1,0x13,0x27,0x21,0x12,0x2d,0x91,0x0f,0xbc,0x30,0x62,0x90,0x00,0x20,0x08,0x06,0x86,0x4f,0xa0,0xc4,0x48,0xb8,0x44,
    0x3f,0xf4,0xc2,0x88,0x41,0x02,0x80,0x20,0x18,0x18,0x3f,0x91,0x12,0x25,0xf1,0x12,0xfc,0xe0,0x0b,0x23,0x06,0x09,0x00,0x82,
    0x60,0x60,0x80,0x85,0x4a,0x98,0x04,0x4c,0xec,0xc3,0x2f,0x8c,0x18,0x24,0x00,0x08,0x82,0x81,0x11,0x16,0x2b,0x71,0x12,0x31,
    0xd1,0x0f,0xe0,0x30,0x62,0x90,0x00,0x20,0x08,0x06,0x86,0x58,0xb0,0x04,0x4a,0xc8,0x44,0x48,0x84,0xc3,0x88,0x41,0x02,0x80,
    0x20,0x18,0x18,0x63,0xd1,0x12,0x2a,0x31,0x13,0x20,0x21,0x0e,0x23,0x06,0x09,0x00,0x82,0x60,0x60,0x90,0x85,0x4b,0xac,0x04,
    0x4d,0xfc,0xc3,0x38,0x8c,0x18,0x24,0x00,0x08,0x82,0x81,0x51,0x16,0x2f,0xc1,0x12,0x35,0x11,0x12,0xe4,0x30,0x62,0x90,0x00,
    0x20,0x08,0x06,0x86,0x59,0xc0,0x44,0x4b,0xd8,0x44,0x49,0x94,0xc3,0x88,0x41,0x02,0x80,0x20,0x18,0x18,0x67,0x11,0x13,0x33,
    0x71,0x13,0x24,0x61,0x0e,0x23,0x06,0x09,0x00,0x82,0x60,0x60,0xa0,0x85,0x4c,0xd0,0x04,0x4e,0x8c,0xc4,0x39,0x8c,0x18,0x24,
    0x00,0x08,0x82,0x81,0x91,0x16,0x33,0x51,0x13,0x39,0x51,0x12,0xe8,0x30,0x62,0x90,0x00,0x20,0x08,0x06,0x86,0x5a,0xd0,0x84,
    0x4d,0xe8,0x44,0x4a,0xa4,0xc3,0x88,0x41,0x02,0x80,0x20,0x18,0x18,0x6b,0x51,0x13,0x3a,0xb1,0x13,0x28,0xa1,0x0e,0x23,0x06,
    0x09,0x00,0x82,0x60,0x60,0xb0,0x85,0x4d,0xec,0x04,0x4f,0x9c,0xc4,0x3a,0x8c,0x18,0x24,0x00,0x08,0x82,0x81,0xd1,0x16,0x37,
    0xc1,0x13,0x3d,0x91,0x12,0xec,0x30,0x62,0x90,0x00,0x20,0x08,0x06,0x86,0x5b,0xe0,0x44,0x4f,0xf8,0x44,0x4b,0xb4,0xc3,0x88,
    0x41,0x02,0x80,0x20,0x18,0x18,0x6f,0x91,0x13,0x37,0xf1,0x13,0x2c,0xe1,0x0e,0x23,0x06,0x09,0x00,0x82,0x60,0x60,0xc0,0x85,
    0x4e,0xe0,0x04,0x58,0xac,0xc4,0x3b,0x8c,0x18,0x24,0x00,0x08,0x82,0x81,0x11,0x17,0x3b,0x91,0x13,0x61,0xd1,0x12,0xf0,0x30,
    0x62,0x90,0x00,0x20,0x08,0x06,0x86,0x5c,0xf0,0x84,0x4e,0x88,0x45,0x4c,0xc4,0xc3,0x88,0x41,0x02,0x80,0x20,0x18,0x18,0x73,
    0xd1,0x13,0x61,0x31,0x16,0x30,0x21,0x0f,0x23,0x06,0x09,0x00,0x82,0x60,0x60,0xd0,0x85,0x4f,0x88,0x05,0x59,0xbc,0xc4,0x3c,
    0x8c,0x18,0x24,0x00,0x08,0x82,0x81,0x51,0x17,0x3f,0x31,0x16,0x65,0x11,0x13,0xf4,0x30,0x62,0x90,0x00,0x20,0x08,0x06,0x86,
    0x5d,0x80,0x05,0x59,0x98,0x45,0x4d,0xd4,0xc3,0x88,0x41,0x02,0x80,0x20,0x18,0x18,0x77,0x11,0x16,0x60,0x71,0x16,0x34,0x61,
    0x0f,0x23,0x06,0x09,0x00,0x82,0x60,0x60,0xe0,0x85,0x58,0x84,0x05,0x5a,0xcc,0xc4,0x3d,0x8c,0x18,0x24,0x00,0x08,0x82,0x81,
    0x91,0x17,0x63,0x21,0x16,0x69,0x51,0x13,0xf8,0x30,0x62,0x90,0x00,0x20,0x08,0x06,0x86,0x5e,0x90,0xc5,0x58,0xa8,0x45,0x4e,
    0xe4,0xc3,0x88,0x41,0x02,0x80,0x20,0x18,0x18,0x7b,0x51,0x16,0x65,0xb1,0x16,0x38,0xa1,0x0f,0x23,0x06,0x09,0x00,0x82,0x60,
    0x60,0xf0,0x85,0x59,0x98,0x05,0x5b,0xdc,0xc4,0x3e,0x8c,0x18,0x24,0x00,0x08,0x82,0x81,0xd1,0x17,0x67,0x71,0x16,0x6d,0x91,
    0x13,0xfc,0x30,0x62,0x90,0x00,0x20,0x08,0x06,0x86,0x5f,0xa0,0x05,0x5a,0xb8,0x45,0x4f,0xf4,0xc3,0x88,0x41,0x02,0x80,0x20,
    0x18,0x18,0x7f,0x91,0x16,0x6a,0xf1,0x16,0x3c,0xe1,0x0f,0x23,0x06,0x09,0x00,0x82,0x60,0x60,0x80,0x86,0x5a,0xac,0x05,0x5c,
    0xec,0xc4,0x3f,0x8c,0x18,0x24,0x00,0x08,0x82,0x81,0x11,0x1a,0x6b,0xc1,0x16,0x71,0xd1,0x13,0x20,0x31,0x62,0x90,0x00,0x20,
    0x08,0x06,0x86,0x68,0xb0,0x45,0x5b,0xc8,0x45,0x58,0x84,0xc4,0x88,0x41,0x02,0x80,0x20,0x18,0x18,0xa3,0xd1,0x16,0x70,0x31,
    0x17,0x60,0x21,0x12,0x23,0x06,0x09,0x00,0x82,0x60,0x60,0x90,0x86,0x5b,0xc4,0x05,0x5d,0xfc,0xc4,0x48,0x8c,0x18,0x24,0x00,
    0x08,0x82,0x81,0x51,0x1a,0x6f,0x21,0x17,0x75,0x11,0x16,0x24,0x31,0x62,0x90,0x00,0x20,0x08,0x06,0x86,0x69,0xc0,0xc5,0x5c,
    0xd8,0x45,0x59,0x94,0xc4,0x88,0x41,0x02,0x80,0x20,0x18,0x18,0xa7,0x11,0x17,0x78,0x71,0x17,0x64,0x61,0x12,0x23,0x06,0x09,
    0x00,0x82,0x60,0x60,0xa0,0x86,0x5c,0xe4,0x05,0x5e,0x8c,0xc5,0x49,0x8c,0x18,0x24,0x00,0x08,0x82,0x81,0x91,0x1a,0x73,0xa1,
    0x17,0x79,0x51,0x16,0x28,0x31,0x62,0x90,0x00,0x20,0x08,0x06,0x86,0x6a,0xd0,0xc5,0x5e,0xe8,0x45,0x5a,0xa4,0xc4,0x88,0xc1,
    0x01,0x80,0x20,0x18,0x90,0x81,0x5f,0x94,0x04,0x1d,0xc8,0xc4,0x68,0x42,0x00,0x8c,0x26,0x08,0xc1,0x09,0x04,0x55,0x70,0x17,
    0x5a,0xc2,0x5f,0xe8,0x70,0x43,0x10,0x1a,0x60,0x50,0x04,0x5f,0x60,0x05,0x75,0xa1,0x65,0xec,0x83,0x0e,0x37,0x04,0xa5,0x01,
    0x06,0x85,0xf0,0x05,0x56,0x20,0x1a,0x5a,0x0a,0x58,0xe8,0x70,0x43,0x90,0x1a,0x61,0x50,0xcc,0x58,0xe8,0x70,0x43,0xb0,0x1a,
    0x60,0x70,0x0f,0x41,0xd3,0x0d,0x9e,0x45,0x4c,0x37,0x78,0x56,0x31,0xdd,0xe0,0x59,0xc6,0x74,0x83,0x67,0x1d,0xd3,0x0d,0x66,
    0xe0,0x21,0xd3,0x0d,0x66,0xe0,0x25,0xd3,0x0d,0x66,0xe0,0x29,0xd3,0x0d,0x66,0xe0,0x2d,0xb3,0x04,0xc1,0x40,0xc5,0x00,0x01,
    0x29,0x5b,0xb4,0xce,0x40,0xc5,0x00,0x01,0x29,0x5b,0xb4,0xce,0x40,0xc5,0x00,0x01,0x29,0x5b,0xb4,0xce,0x40,0xc5,0x00,0x01,
    0x29,0x5b,0xb4,0xce,0x40,0xc5,0x80,0x1e,0x40,0xca,0x16,0xad,0x33,0x50,0x31,0xa8,0x07,0x90,0xb2,0x45,0xeb,0x0c,0x54,0x0c,
    0xec,0x01,0xa4,0x6c,0xd1,0x3a,0x03,0x15,0x83,0x7b,0x00,0x29,0x5b,0xb4,0xce,0x40,0xc5,0x00,0x1f,0x40,0xb8,0x0f,0xad,0x33,
    0x50,0x31,0xc8,0x07,0x10,0xee,0x43,0xeb,0x0c,0x54,0x0c,0xf4,0x01,0x84,0xfb,0xd0,0x3a,0x03,0x15,0x04,0xe8,0x00,0x25,0x5b,
    0xb4,0xce,0x40,0x05,0x21,0x3a,0xc0,0x18,0xb4,0xce,0x40,0x05,0x41,0x3a,0x40,0x28,0xb4,0xce,0x40,0x05,0x61,0x3a,0x40,0xc8,
    0x16,0xad,0x33,0xdc,0x10,0x94,0x81,0x19,0xcc,0x32,0xb8,0x8e,0x10,0x94,0x20,0x1e,0x64,0x01,0x68,0x80,0x60,0xc4,0xe0,0x00,
    0x40,0x10,0x0c,0xc8,0x40,0x3d,0xe2,0x02,0x1c,0x82,0xd1,0x84,0x00,0x18,0x4d,0x10,0x82,0xd1,0x84,0x41,0x18,0x4d,0x20,0x86,
    0x4a,0xda,0x43,0x87,0x1b,0x82,0xf6,0x08,0x83,0xe9,0x06,0xc2,0x08,0x2e,0x20,0x68,0xba,0xa1,0x38,0x86,0x0b,0x08,0xaa,0x01,
    0x2e,0xb4,0x88,0xf2,0xc0,0x0a,0xd8,0x43,0x4d,0xb0,0x8f,0x1b,0xd4,0xf1,0x1e,0x58,0xc1,0x7b,0xa8,0x09,0xf9,0x71,0x83,0x52,
    0xe0,0x03,0x2b,0x90,0x0f,0x35,0x81,0x3f,0x6e,0x50,0xcd,0x6d,0xe8,0x70,0x43,0xd0,0x1f,0x61,0x50,0x0f,0x68,0x60,0x05,0xfa,
    0xa1,0x15,0xf1,0x86,0x0e,0x37,0x04,0x21,0x12,0x06,0x15,0x81,0x86,0x96,0x54,0x1f,0x58,0x01,0x7f,0x68,0x51,0xfe,0x81,0x15,
    0xf8,0x87,0x9a,0x80,0x22,0x37,0xa8,0xeb,0x3f,0xb0,0x82,0x10,0x51,0x13,0x56,0xe4,0x06,0xa5,0xa1,0x87,0x5a,0x1a,0x9c,0x88,
    0x0c,0x2a,0x14,0x82,0xac,0xc0,0x44,0xb4,0xd8,0x00,0x46,0xae,0x82,0x18,0x59,0x0b,0xc2,0x03,0x06,0x23,0x06,0x07,0x00,0x82,
    0x60,0x40,0x06,0x35,0xc2,0x1b,0x2b,0x11,0x8c,0x26,0x04,0xc0,0x68,0x82,0x10,0x8c,0x26,0x0c,0xc2,0x68,0x02,0x31,0x18,0x72,
    0x1e,0x30,0x18,0x31,0x38,0x00,0x10,0x04,0x03,0x32,0xd8,0x11,0xf1,0x88,0x89,0x60,0x34,0x21,0x08,0x46,0x13,0x04,0x61,0x34,
    0x61,0x18,0x6e,0x20,0xa8,0x02,0xda,0xd8,0x12,0xf8,0x43,0xa7,0x1b,0x84,0xc0,0xab,0x80,0x47,0xb0,0x82,0x1c,0xd1,0xe1,0x08,
    0x04,0x34,0x84,0xcf,0x90,0xd0,0x80,0xcf,0x05,0x04,0x0d,0x37,0xcc,0x81,0x99,0x80,0xc1,0x2c,0x83,0xeb,0x0c,0xc1,0x70,0xc3,
    0x28,0x9c,0x09,0x18,0xcc,0x32,0x28,0x44,0x30,0xdc,0x40,0x0a,0x64,0x02,0x06,0xb3,0x0c,0x4a,0x11,0x0c,0x37,0x94,0xc2,0x98,
    0x80,0xc1,0x2c,0x83,0x62,0x04,0xc3,0x0d,0xa6,0x30,0x26,0x60,0x30,0xcb,0xa0,0x1c,0xc1,0x70,0xc3,0x29,0x8c,0x09,0x18,0xcc,
    0x32,0x28,0x48,0x30,0xdc,0x80,0x0a,0x69,0x02,0x06,0xb3,0x0c,0x4a,0x12,0x0c,0x37,0xa4,0x02,0x99,0x80,0xc1,0x74,0x83,0x58,
    0x98,0x44,0x30,0xdd,0x20,0x16,0x26,0x21,0x4c,0x37,0x88,0x85,0x49,0x0c,0xd3,0x0d,0x62,0x61,0x12,0xc4,0x2c,0x81,0x32,0xd0,
    0x33,0xf0,0xc8,0x40,0x26,0x04,0x9b,0x14,0x74,0x62,0xf0,0xc9,0x41,0x2a,0x08,0x92,0x0c,0xf4,0x0c,0x3c,0x32,0x90,0x09,0xc1,
    0x26,0x05,0x9d,0x18,0x7c,0x72,0x90,0x0a,0x82,0x24,0x03,0x3d,0x03,0x8f,0x0c,0x64,0x42,0xb0,0x49,0x41,0x27,0x06,0x9f,0x1c,
    0xa4,0x82,0x20,0xc9,0x40,0xcf,0xc0,0x23,0x03,0x99,0x10,0x6c,0x52,0xd0,0x89,0xc1,0x27,0x07,0xa9,0x20,0x48,0x32,0x62,0x70,
    0x00,0x20,0x08,0x06,0x64,0x80,0x27,0xff,0xe1,0x16,0x6f,0x32,0x9a,0x10,0x08,0xc3,0x11,0x41,0x6d,0x08,0xdf,0x2c,0xc3,0xc2,
    0x04,0x23,0x06,0x06,0x00,0x82,0x60,0xd0,0x94,0x8a,0x9d,0xc0,0xc5,0x70,0x44,0xb0,0x1b,0xc4,0x37,0x1c,0x21,0x17,0xb5,0x41,
    0x7c,0xd3,0x0d,0xe3,0xd1,0x1b,0xc1,0x74,0x43,0x40,0x17,0xc3,0x70,0x83,0x2e,0xd4,0x09,0x18,0x58,0x23,0xd0,0xc7,0x9a,0x81,
    0x3e,0xc6,0x10,0xf4,0x31,0xa7,0xa0,0xcf,0x74,0xc3,0x13,0x14,0xb3,0x04,0xcc,0x40,0xc5,0x40,0x06,0x8a,0xb2,0x0c,0x54,0x0c,
    0x64,0xa0,0x28,0xcb,0x40,0xc5,0x40,0x06,0x8a,0xb1,0x0c,0x54,0x0c,0x64,0xa0,0x30,0x4b,0xa1,0x81,0x7f,0xe8,0x70,0x43,0x80,
    0x2a,0x60,0x30,0xcb,0xe0,0x34,0xc1,0x88,0x81,0x01,0x80,0x20,0x18,0x34,0xb6,0x72,0x2a,0xc3,0x70,0x44,0xa0,0x1e,0xc4,0x37,
    0x1c,0x51,0x98,0x07,0xf1,0x4d,0x37,0xbc,0x07,0x7b,0x04,0xd3,0x0d,0xc1,0x31,0xd8,0x12,0xd0,0xc7,0x16,0x81,0x3e,0xb6,0x0c,
    0xf4,0x99,0x25,0x70,0x06,0x2a,0x06,0xa3,0xe1,0x98,0x81,0x8a,0xc1,0x68,0x38,0x66,0xa0,0x62,0x30,0x1a,0x8e,0x19,0x6e,0x88,
    0x07,0x5a,0x09,0x83,0xa2,0x87,0x15,0xd1,0xe1,0x86,0x40,0x4c,0xc0,0xa0,0x82,0x41,0x67,0x19,0x1e,0x29,0x18,0x6e,0xc0,0x07,
    0x5c,0x01,0x83,0x59,0x86,0x08,0x0a,0x8c,0x1f,0xfa,0x43,0x3e,0x16,0xfc,0x07,0x7c,0xac,0x1f,0xfe,0x43,0x3e,0x16,0x84,0x08,
    0x7c,0x46,0x0c,0x0e,0x00,0x04,0xc1,0x20,0x42,0x17,0x37,0x19,0x46,0x64,0xc4,0xe0,0x00,0x40,0x10,0x0c,0xa2,0x74,0x79,0x13,
    0x81,0x44,0x46,0x0c,0x0e,0x00,0x04,0xc1,0x20,0x52,0x97,0x37,0x11,0xf2,0x63,0xc4,0xe0,0x00,0x40,0x10,0x0c,0xa2,0x75,0x81,
    0x13,0x41,0x3f,0x66,0x09,0xa2,0x81,0x8a,0x81,0x80,0x50,0xe4,0x19,0xa8,0x18,0x08,0x08,0x45,0x1e,0xa3,0x05,0x1c,0x81,0xc1,
    0x88,0xc1,0x01,0x80,0x20,0x18,0x90,0xc1,0xb9,0xb8,0x49,0x6f,0x04,0xa3,0x09,0x01,0x30,0x9a,0x20,0x04,0x23,0x06,0x09,0x00,
    0x82,0x60,0xf0,0xcc,0x8b,0x8d,0x08,0x81,0x51,0x58,0x70,0xc1,0x67,0x34,0xa1,0x10,0x46,0x13,0x8c,0x61,0xc4,0x20,0x01,0x40,
    0x10,0x0c,0x9e,0x7b,0xd1,0x11,0x21,0x50,0x12,0x0b,0x34,0xf8,0xcc,0x12,0x48,0x03,0x15,0x83,0x12,0xe1,0x81,0x33,0x50,0x31,
    0x10,0x11,0x1e,0x38,0xb3,0x0c,0x93,0x8b,0xb4,0x82,0xfd,0xc2,0x98,0xc0,0x60,0xc4,0xe0,0x00,0x40,0x10,0x0c,0xc8,0x60,0x5e,
    0xf4,0x24,0x3d,0x82,0xd1,0x84,0x40,0x18,0x4d,0x10,0x86,0x0b,0x08,0xaa,0x40,0x4e,0xf4,0x82,0xc1,0x6a,0x78,0x17,0xac,0xa0,
    0x4e,0xf4,0x82,0xc1,0xca,0xc0,0x15,0x1d,0x6e,0x08,0xf4,0x25,0x0c,0x46,0x0c,0x0c,0x00,0x04,0xc1,0xa0,0x41,0x19,0x37,0x71,
    0x46,0x0c,0x0c,0x00,0x04,0xc1,0xa0,0x49,0x99,0x37,0x71,0x46,0x0c,0x0c,0x00,0x04,0xc1,0xa0,0x51,0x19,0x38,0x51,0x83,0x11,
    0x03,0x03,0x00,0x41,0x30,0x68,0x56,0x06,0x4e,0xa2,0x11,0x03,0x03,0x00,0x41,0x30,0x68,0x58,0x26,0x4e,0xa2,0x11,0x03,0x03,
    0x00,0x41,0x30,0x68,0x5a,0x46,0x4e,0xda,0x60,0xb8,0x41,0x24,0x44,0x06,0x0c,0x86,0x1b,0xc2,0x41,0x64,0xc0,0xa0,0x84,0x60,
    0x67,0x19,0x34,0x2a,0x28,0x72,0x28,0x19,0x1d,0x6e,0x08,0x4a,0x06,0x0c,0x66,0x19,0xac,0x2a,0x18,0x31,0x30,0x00,0x10,0x04,
    0x83,0x66,0x66,0x48,0x26,0x1b,0x31,0x38,0x00,0x10,0x04,0x83,0x48,0x66,0x70,0x25,0x10,0x93,0x11,0x83,0x03,0x00,0x41,0x30,
    0x88,0x66,0x06,0x57,0x02,0x31,0x99,0x25,0xb0,0x06,0x2a,0x06,0xa1,0xc2,0x03,0xaa,0xd4,0xe1,0x64,0x74,0xb8,0x21,0x58,0x19,
    0x30,0x98,0x65,0xc0,0xae,0x60,0xc4,0xc0,0x00,0x40,0x10,0x0c,0x9a,0x9c,0x51,0x19,0x6f,0xc4,0xe0,0x00,0x40,0x10,0x0c,0x22,
    0x9c,0xf1,0x95,0x00,0x4d,0x46,0x0c,0x0e,0x00,0x04,0xc1,0x20,0xca,0x19,0x5f,0x09,0xd0,0x64,0x96,0x00,0x1b,0xa8,0x18,0x84,
    0x4b,0x14,0xac,0xe1,0x86,0x98,0x58,0x19,0x30,0xa8,0x78,0x58,0x19,0x1d,0x6e,0x08,0x64,0x26,0x0c,0x6a,0x08,0x74,0x96,0x21,
    0xd3,0x82,0x11,0x03,0x03,0x00,0x41,0x30,0x68,0xc2,0x46,0x66,0x42,0x61,0xc4,0xe0,0x00,0x40,0x10,0x0c,0x22,0xb0,0x31,0x97,
    0x00,0x4e,0x46,0x0c,0x0e,0x00,0x04,0xc1,0x20,0x0a,0x1b,0x73,0x09,0xe0,0x64,0x96,0x40,0x1b,0xe8,0x18,0x68,0x61,0xe2,0x32,
    0x0e,0x1b,0xe8,0x18,0x68,0x61,0x92,0x32,0x09,0x1b,0xe8,0x18,0x58,0x62,0x32,0x32,0x96,0xc0,0x66,0x19,0x36,0x31,0xc8,0x86,
    0x1b,0x58,0x42,0x67,0xc0,0x60,0x96,0x81,0xeb,0x82,0x11,0x03,0x08,0x00,0x41,0x30,0xb0,0xca,0x06,0x57,0xda,0xa4,0x47,0x88,
    0x41,0xc0,0x13,0x75,0x51,0x17,0x75,0x51,0x03,0x3c,0x19,0x4d,0x08,0x80,0xd1,0x04,0x21,0x18,0x4d,0x18,0x84,0xd1,0x04,0x62,
    0x98,0x25,0x70,0x91,0xe1,0x06,0x99,0x08,0x1b,0x30,0x98,0x65,0xf0,0xbe,0x60,0xc4,0x00,0x02,0x40,0x10,0x0c,0xac,0xb5,0xf1,
    0x15,0x3a,0x21,0x13,0x25,0x41,0xfc,0x04,0x5e,0xe0,0x05,0x5e,0xe0,0xc0,0x4f,0x46,0x13,0x02,0x60,0x34,0x41,0x08,0x46,0x13,
    0x06,0x61,0x34,0x81,0x18,0x66,0x09,0x5c,0x64,0xb8,0x01,0x27,0xc6,0x06,0x0c,0x66,0x19,0xc0,0x20,0x0c,0x82,0x11,0x03,0x08,
    0x00,0x41,0x30,0xb0,0xe2,0x86,0x5c,0xf6,0x64,0x4d,0xa0,0xc7,0x21,0x15,0x7b,0xb1,0x17,0x7b,0xb1,0x03,0x52,0x19,0x4d,0x08,
    0x80,0xd1,0x04,0x21,0x18,0x4d,0x18,0x84,0xd1,0x04,0x62,0x98,0x25,0x70,0x91,0x11,0x03,0x08,0x00,0x41,0x30,0xb0,0xec,0x26,
    0x5d,0x42,0x25,0x4e,0x2a,0x6a,0x4a,0x95,0x7d,0xd9,0x97,0x7d,0xd9,0x83,0x54,0x19,0x4d,0x08,0x80,0xd1,0x04,0x21,0x18,0x4d,
    0x18,0x84,0xd1,0x04,0x62,0x98,0x25,0x70,0x91,0xe1,0x06,0xb9,0x60,0x1b,0x30,0x98,0x65,0x18,0x03,0xff,0x08,0x86,0x1b,0xc8,
    0x42,0x6e,0xc0,0x60,0x96,0x81,0x0c,0x74,0x21,0x98,0x65,0x28,0x83,0x5c,0xc8,0x83,0x11,0x83,0x03,0x00,0x41,0x30,0xe8,0xf2,
    0x66,0x5f,0x52,0x65,0x6e,0x46,0x13,0x02,0x60,0x34,0x41,0x08,0x46,0x13,0x06,0xe1,0x86,0xa1,0x6e,0x18,0xea,0x86,0xa1,0x6c,
    0xe0,0x03,0xf9,0xd8,0xc0,0x07,0xf2,0xb1,0x81,0x0f,0xe4,0x63,0xc3,0x20,0x1f,0x1b,0x06,0xf9,0x98,0x10,0xc0,0xc7,0x08,0x42,
    0x3e,0x26,0x04,0xf0,0x19,0x31,0x30,0x00,0x10,0x04,0x83,0xe6,0x75,0x4a,0x26,0x30,0x06,0x15,0xe4,0x63,0x0c,0x2a,0xc8,0xc7,
    0x18,0x54,0x90,0x8f,0x0d,0x83,0x7c,0x6c,0x18,0xe4,0x63,0x42,0x00,0x1f,0x23,0x08,0xf9,0x98,0x10,0xc0,0x67,0xc4,0xc0,0x00,
    0x40,0x10,0x0c,0x1a,0xdc,0x71,0x99,0x60,0xc4,0xe0,0x00,0x40,0x10,0x0c,0xa2,0xdb,0xe9,0x99,0x40,0x19,0x31,0x38,0x00,0x10,
    0x04,0x83,0x08,0x77,0x7a,0x46,0x58,0x86,0x23,0x04,0x74,0x51,0xbe,0x59,0x06,0x33,0x38,0x83,0x60,0xc4,0xe0,0x00,0x40,0x10,
    0x0c,0x22,0xdd,0x01,0x1b,0xe1,0x5d,0x8c,0x08,0xe8,0x33,0x62,0x60,0x00,0x20,0x08,0x06,0x8d,0xef,0xb4,0x4c,0x30,0x62,0x70,
    0x00,0x20,0x08,0x06,0x51,0xef,0x8c,0x0d,0xbb,0x04,0x23,0x06,0x07,0x00,0x82,0x60,0x10,0xf9,0xce,0xd8,0xec,0x42,0x30,0x4b,
    0x70,0x06,0x03,0x15,0x83,0x60,0x06,0xbc,0x55,0x06,0x96,0x04,0xf4,0x19,0x31,0x38,0x00,0x10,0x04,0x83,0x28,0x7c,0xce,0x26,
    0x48,0x46,0x0c,0x0e,0x00,0x04,0xc1,0x20,0x12,0x1f,0xb4,0x09,0xf2,0x65,0xc4,0xc0,0x00,0x40,0x10,0x0c,0x9a,0xf2,0xc1,0x99,
    0xc0,0x02,0x74,0x80,0xcf,0x88,0xc1,0x01,0x80,0x20,0x18,0x44,0xe5,0xb3,0x36,0x41,0x39,0x0c,0x47,0x40,0xd9,0xf0,0x4d,0x37,
    0x84,0x83,0x2f,0x04,0xd3,0x0d,0xe1,0xe0,0x0b,0xc2,0x74,0x43,0x38,0xf8,0xc2,0x30,0x62,0x70,0x00,0x20,0x08,0x06,0x64,0x20,
    0x3e,0x69,0x83,0x2b,0x2d,0x33,0x9a,0x10,0x00,0x17,0x10,0x53,0x01,0xed,0xe8,0x70,0x43,0xd0,0x3b,0x60,0x50,0xc3,0xcf,0xe8,
    0x70,0x43,0xb0,0x36,0x60,0x50,0x43,0xb0,0xb3,0x0c,0x69,0x80,0x06,0x41,0x19,0x6c,0xa3,0xc3,0x0d,0x01,0xdb,0x80,0xc1,0x2c,
    0x41,0x1a,0x0c,0x54,0x28,0x36,0x77,0x06,0x02,0x1a,0x9c,0x45,0xd0,0x70,0x43,0xb0,0x3e,0x66,0x30,0xcb,0xa0,0x06,0xb8,0x10,
    0xcc,0x12,0xac,0xc1,0x40,0xc5,0x10,0x57,0xb6,0xe0,0x62,0x6a,0x30,0x50,0x31,0xc4,0x95,0x2d,0xc0,0x98,0x1a,0x0c,0x54,0x0c,
    0x71,0x65,0x0b,0x32,0xa6,0x06,0x03,0x15,0x43,0x5c,0xd9,0x02,0x8d,0xa9,0xc1,0x40,0x05,0x11,0x57,0xb6,0x00,0x7e,0x6a,0x70,
    0xc1,0x60,0x16,0xc0,0x0c,0x7c,0x2c,0xf8,0xe8,0x63,0x01,0xcc,0xc0,0xc7,0x82,0x4c,0x3e,0x26,0x64,0xf2,0xb1,0x21,0x93,0x8f,
    0x0d,0xe1,0x00,0x1f,0x1b,0xc2,0x01,0x3e,0x36,0x84,0x03,0x7c,0x66,0x19,0xd8,0xa0,0x16,0xa4,0x11,0x83,0x03,0x00,0x41,0x30,
    0xe8,0x42,0x68,0x74,0x62,0x66,0x7f,0x46,0x13,0x82,0x61,0xc4,0xe0,0x00,0x40,0x10,0x0c,0xc8,0x00,0x84,0x4e,0xc7,0x5e,0xd6,
    0x66,0x34,0x21,0x18,0x2e,0x20,0x66,0xb8,0x21,0x00,0x21,0x30,0x98,0x65,0x70,0x83,0x36,0x08,0xaa,0x70,0x1d,0xb8,0x60,0xa8,
    0x11,0x83,0x03,0x00,0x41,0x30,0x88,0x5c,0x88,0x76,0xd2,0xc0,0x67,0x46,0x0c,0x0e,0x00,0x04,0xc1,0x20,0x7a,0x21,0xda,0x09,
    0x84,0x59,0x02,0x37,0x18,0xa8,0x18,0x84,0x36,0x00,0x35,0x36,0x18,0x8e,0x08,0xc2,0x46,0xf8,0x46,0x13,0x94,0x60,0x34,0x61,
    0x11,0xa6,0x1b,0x84,0x60,0x18,0x8e,0x08,0xc8,0xc6,0xf9,0x86,0x1b,0x18,0x14,0x0a,0x83,0xe1,0x86,0x86,0x84,0xc2,0xa0,0x84,
    0x40,0x67,0x19,0xde,0x80,0x0f,0x02,0x4b,0xd8,0x06,0x3e,0x23,0x06,0x06,0x00,0x82,0x60,0xd0,0xf0,0x50,0xef,0x04,0x17,0x10,
    0x33,0x62,0x70,0x00,0x20,0x08,0x06,0xdd,0x0d,0xe5,0xce,0xd9,0x04,0xa3,0x09,0x01,0x30,0x9a,0x20,0x04,0xa3,0x09,0x83,0x30,
    0xcb,0x00,0x07,0x73,0x20,0x07,0xb3,0x0c,0x72,0x10,0x07,0xcb,0x70,0x44,0x07,0x37,0xc3,0x37,0x1c,0xe1,0xc1,0x0d,0xf1,0x95,
    0x10,0xe8,0x74,0x83,0xdc,0xcc,0x4d,0x30,0x4b,0x30,0x07,0x77,0x0c,0x65,0x81,0x18,0xc8,0xc7,0x82,0xbb,0x81,0xcf,0x88,0x81,
    0x01,0x80,0x20,0x18,0x34,0x69,0xa4,0x3e,0xc1,0x05,0x04,0x8d,0x18,0x18,0x00,0x08,0x82,0x41,0xb3,0x46,0xea,0x33,0x0c,0x37,
    0x08,0xec,0x63,0x06,0xc3,0x0d,0x83,0x83,0x06,0x25,0x04,0x6a,0x7c,0x43,0xc4,0x67,0xba,0x21,0xf0,0x1b,0xc1,0x8e,0x32,0x02,
    0xc1,0x70,0x03,0x02,0x3f,0x66,0x30,0xdc,0x20,0x50,0x68,0x50,0x42,0xa0,0xd3,0x0d,0xca,0xe8,0x04,0x16,0x18,0xf0,0x99,0x25,
    0x98,0x83,0x81,0x8e,0x41,0x90,0x03,0x32,0x88,0x03,0x94,0x7b,0x83,0x59,0x06,0x3a,0xb8,0x03,0x53,0x98,0x65,0xb0,0x83,0x3a,
    0x08,0x83,0xe1,0x08,0x39,0x30,0x9d,0xe1,0x1b,0x8e,0x98,0x03,0xd3,0x21,0xbe,0x12,0x02,0x9d,0x6e,0x40,0x9d,0xd4,0x09,0x66,
    0x09,0xee,0xe0,0xb8,0xa1,0x2c,0xb8,0x03,0xf9,0x58,0xd0,0x3a,0xf0,0x19,0x31,0x30,0x00,0x10,0x04,0x83,0xe6,0x8f,0x40,0x28,
    0xb8,0x80,0xa0,0x11,0x03,0x03,0x00,0x41,0x30,0x68,0x42,0x09,0x84,0x86,0xe1,0x06,0x41,0x84,0xcc,0x60,0xb8,0x61,0x18,0x03,
    0x34,0x28,0x21,0x50,0x93,0x1d,0x22,0x3e,0xd3,0x0d,0x01,0xed,0x08,0x76,0xec,0x11,0x08,0x86,0x1b,0x10,0x13,0x32,0x83,0xe1,
    0x06,0x21,0x0d,0xd0,0xa0,0x84,0x40,0xa7,0x1b,0x94,0xdc,0x09,0x2c,0x30,0xe0,0x33,0x4b,0x70,0x07,0x03,0x1d,0x83,0x60,0x07,
    0x64,0x50,0x07,0x74,0x37,0x07,0x16,0x5c,0xf2,0xa9,0x70,0x38,0x21,0x1d,0x6e,0x08,0x4e,0x08,0x0c,0x66,0x19,0xf0,0x60,0x0f,
    0x82,0x59,0x06,0x3d,0xc8,0x03,0x3d,0x18,0x8e,0x50,0x85,0xdf,0x19,0xbe,0xe1,0x88,0x55,0xf8,0x1d,0xe2,0x2b,0x21,0xd0,0xe9,
    0x86,0xf0,0x11,0x9f,0x60,0x96,0x60,0x0f,0x8e,0x0e,0x86,0xb2,0xe0,0x15,0xe4,0x63,0x81,0xf9,0xc0,0x67,0xc4,0xc0,0x00,0x40,
    0x10,0x0c,0x1a,0x5c,0xca,0xa1,0xe0,0x02,0x82,0x46,0x0c,0x0c,0x00,0x04,0xc1,0xa0,0xd1,0xa5,0x1c,0x1a,0x86,0x1b,0x84,0x1d,
    0x32,0x83,0xe1,0x86,0x61,0x0f,0xd0,0xa0,0x84,0x40,0x6d,0x7d,0x88,0xf8,0x4c,0x37,0x04,0xed,0x23,0xd8,0x41,0x4b,0x20,0x18,
    0x6e,0x40,0x7e,0xc8,0x0c,0x86,0x1b,0x84,0x50,0x40,0x83,0x12,0x02,0x9d,0x6e,0x50,0xe4,0x27,0xb0,0xc0,0x80,0xcf,0x2c,0xc1,
    0x1e,0x0c,0x74,0x0c,0x82,0x1e,0x90,0x41,0x1e,0x98,0xdf,0x1d,0x58,0x16,0xc8,0xe7,0x56,0x61,0xa8,0x11,0x83,0x07,0x00,0x41,
    0x30,0xc0,0xca,0x69,0x8c,0xe4,0x47,0x7c,0xc8,0x61,0x1c,0xc4,0x21,0x7f,0x78,0x89,0x97,0x78,0x29,0x18,0x4d,0x08,0x80,0xd1,
    0x04,0x21,0x18,0x4d,0x18,0x84,0xd1,0x04,0x62,0x18,0x31,0x38,0x00,0x10,0x04,0x03,0x32,0x20,0xa7,0x35,0xd2,0x1d,0x17,0x1a,
    0x4d,0x08,0x80,0xd1,0x04,0x21,0x18,0x4d,0x18,0x84,0xd1,0x04,0x62,0xb0,0x84,0x88,0x8f,0x25,0x44,0x7c,0x2c,0x21,0xe2,0x63,
    0x09,0x11,0x1f,0x23,0x20,0xf9,0x18,0x11,0xc9,0xc7,0x08,0x49,0x3e,0x46,0x4c,0xf2,0x31,0x82,0x81,0x8f,0x11,0x0c,0x7c,0x8c,
    0x60,0xe0,0x63,0x04,0x03,0x9f,0x59,0x02,0x5b,0x18,0x31,0x30,0x00,0x10,0x04,0x83,0xe6,0x9f,0x40,0xa9,0x1d,0x2e,0x20,0xa6,
    0xf0,0x21,0x94,0xa0,0x04,0x7b,0x82,0x11,0x83,0x03,0x00,0x41,0x30,0xf8,0xf6,0x09,0x8e,0x02,0x61,0xc4,0xc0,0x00,0x40,0x10,
    0x0c,0x1a,0x92,0x1a,0x25,0x79,0x18,0x31,0x38,0x00,0x10,0x04,0x83,0xce,0x9f,0x40,0xc9,0x85,0x84,0xd1,0x84,0x00,0x18,0x4d,
    0x10,0x82,0xd1,0x84,0x41,0x98,0x65,0xe8,0x03,0x50,0xc8,0x89,0x59,0x86,0x3f,0xf0,0x03,0x79,0x18,0x8e,0x20,0x89,0x1b,0x1a,
    0xbe,0xe1,0x88,0x92,0xb8,0x21,0xe2,0x2b,0x21,0xd0,0xe9,0x86,0x1c,0xd2,0xa1,0x60,0x96,0x00,0x14,0xee,0x18,0xca,0x82,0x94,
    0x90,0x8f,0x05,0x3e,0x04,0x9f,0x11,0x03,0x03,0x00,0x41,0x30,0x68,0x60,0x2a,0x96,0x82,0x0b,0x08,0x1a,0x31,0x30,0x00,0x10,
    0x04,0x83,0x46,0xa6,0x62,0x69,0x18,0x6e,0x10,0x66,0xc9,0x0c,0x86,0x1b,0x06,0x07,0x0d,0x4a,0x08,0xd4,0xc6,0x88,0x88,0xcf,
    0x74,0x43,0x50,0x46,0x82,0x1d,0x2c,0x05,0x82,0xe1,0x06,0xe4,0x96,0xcc,0x60,0xb8,0x41,0xa0,0xd0,0xa0,0x84,0x40,0xa7,0x1b,
    0x14,0x35,0x0a,0x2c,0x30,0xe0,0x33,0x4b,0x00,0x0a,0x03,0x1d,0x83,0xf0,0x07,0x64,0xe0,0x07,0xb6,0x18,0xf0,0xc1,0x2c,0x43,
    0x28,0x90,0x42,0x5b,0xcc,0x32,0x8c,0x82,0x28,0xa0,0xc4,0x70,0x44,0x4e,0xb4,0xd1,0xf0,0x0d,0x47,0xe8,0x44,0x1b,0x11,0x5f,
    0x09,0x81,0x4e,0x37,0xbc,0x11,0x1c,0x05,0xb3,0x04,0xa4,0x70,0xdc,0x50,0x16,0xf8,0x84,0x7c,0x2c,0xa0,0x23,0xf8,0x8c,0x18,
    0x18,0x00,0x08,0x82,0x41,0x63,0x56,0xe7,0x14,0x5c,0x40,0xd0,0x88,0x81,0x01,0x80,0x20,0x18,0x34,0x68,0x75,0x4e,0xc3,0x70,
    0x83,0x90,0x4e,0x66,0x30,0xdc,0x30,0x8c,0x01,0x1a,0x94,0x10,0xa8,0xe5,0x11,0x11,0x9f,0xe9,0x86,0x60,0x8f,0x04,0x3b,0xc4,
    0x0a,0x04,0xc3,0x0d,0x48,0x3b,0x99,0xc1,0x70,0x83,0x90,0x06,0x68,0x50,0x42,0xa0,0xd3,0x0d,0x0a,0x28,0x05,0x16,0x18,0xf0,
    0x99,0x25,0x20,0x85,0x81,0x8e,0x41,0x18,0x05,0x32,0x10,0x05,0x91,0x0c,0x40,0xc1,0x82,0x4b,0x3e,0x85,0x1a,0xee,0xa4,0xc3,
    0x0d,0x81,0x3b,0x81,0xc1,0x2c,0x43,0x29,0xa0,0x42,0x30,0xcb,0x70,0x0a,0xa6,0x10,0x16,0xc3,0x11,0x71,0x61,0x4a,0xc3,0x37,
    0x1c,0x21,0x17,0xa6,0x44,0x7c,0x25,0x04,0x3a,0xdd,0x80,0x4a,0xa9,0x14,0xcc,0x12,0xa0,0xc2,0xd1,0xc1,0x50,0x16,0xd8,0x85,
    0x7c,0x2c,0x68,0x25,0xf8,0x8c,0x18,0x18,0x00,0x08,0x82,0x41,0xf3,0x57,0x20,0x15,0x5c,0x40,0xd0,0x88,0x81,0x01,0x80,0x20,
    0x18,0x34,0xa1,0x05,0x52,0xc3,0x70,0x83,0x20,0x52,0x66,0x30,0xdc,0x30,0xec,0x01,0x1a,0x94,0x10,0xa8,0xc9,0x12,0x11,0x9f,
    0xe9,0x86,0x80,0x96,0x04,0x3b,0xf6,0x0a,0x04,0xc3,0x0d,0x88,0x49,0x99,0xc1,0x70,0x83,0x10,0x0a,0x68,0x50,0x42,0xa0,0xd3,
    0x0d,0x4a,0x2e,0x05,0x16,0x18,0xf0,0x99,0x25,0x40,0x85,0x81,0x8e,0x41,0x38,0x05,0x32,0x30,0x05,0xba,0x0c,0x48,0xc1,0xb2,
    0x40,0x3e,0xc7,0x0a,0x43,0x8d,0x18,0x3c,0x00,0x08,0x82,0x01,0xc6,0x5a,0x2a,0x95,0x4b,0xa9,0xb4,0x1a,0xaa,0x91,0x1a,0xe0,
    0x34,0x5a,0xa3,0x35,0x5a,0xc1,0x68,0x42,0x00,0x8c,0x26,0x08,0xc1,0x68,0xc2,0x20,0x8c,0x26,0x10,0xc3,0x88,0xc1,0x01,0x80,
    0x20,0x18,0x90,0xc1,0x6a,0xc9,0x54,0x28,0xd5,0xd3,0x68,0x42,0x00,0x8c,0x26,0x08,0xc1,0x68,0xc2,0x20,0x8c,0x26,0x10,0x83,
    0x25,0x44,0x7c,0x2c,0x21,0xe2,0x63,0x09,0x11,0x1f,0x4b,0x88,0xf8,0x18,0x01,0xc9,0xc7,0x88,0x48,0x3e,0x46,0x48,0xf2,0x31,
    0x62,0x92,0xcf,0x88,0xc1,0x01,0x80,0x20,0x18,0x74,0xbb,0xd5,0x53,0xeb,0x24,0x0e,0xa3,0x09,0x01,0x30,0x9a,0x20,0x04,0xa3,
    0x09,0x83,0x30,0xcb,0x90,0x0a,0xac,0x60,0x1f,0xb3,0x0c,0xab,0xa0,0x0a,0xaf,0x31,0x1c,0x11,0x1e,0xf4,0x34,0x7c,0xc3,0x11,
    0xe2,0x41,0x4f,0xc4,0x57,0x42,0xa0,0xd3,0x0d,0xf6,0x74,0x4f,0xc1,0x2c,0x01,0x2b,0xdc,0x31,0x94,0x05,0xe6,0x21,0x1f,0x0b,
    0xf6,0x09,0x3e,0x23,0x06,0x06,0x00,0x82,0x60,0xd0,0xb4,0x97,0x5b,0x05,0x17,0x10,0x34,0x62,0x60,0x00,0x20,0x08,0x06,0xcd,
    0x7b,0xb9,0xd5,0x30,0xdc,0x20,0xc0,0x95,0x19,0x0c,0x37,0x0c,0x0e,0x1a,0x94,0x10,0xa8,0x81,0x14,0x11,0x9f,0xe9,0x86,0x40,
    0xa4,0x04,0x3b,0xd2,0x0b,0x04,0xc3,0x0d,0x08,0x5d,0x99,0xc1,0x70,0x83,0x40,0xa1,0x41,0x09,0x81,0x4e,0x37,0x28,0x27,0x15,
    0x58,0x60,0xc0,0x67,0x96,0x80,0x15,0x06,0x3a,0x06,0x61,0x15,0xc8,0x40,0x15,0x60,0x34,0x40,0x85,0x59,0x86,0x56,0x80,0x05,
    0x15,0x99,0x65,0x78,0x05,0x57,0x28,0x8f,0xe1,0x08,0xfb,0x50,0xa9,0xe1,0x1b,0x8e,0xb8,0x0f,0x95,0x22,0xbe,0x12,0x02,0x9d,
    0x6e,0x60,0xa9,0x96,0x0a,0x66,0x09,0x60,0xe1,0xb8,0xa1,0x2c,0xd8,0x0f,0xf9,0x58,0x10,0x53,0xf0,0x19,0x31,0x30,0x00,0x10,
    0x04,0x83,0x66,0xc4,0x48,0x2b,0xb8,0x80,0xa0,0x11,0x03,0x03,0x00,0x41,0x30,0x68,0x4a,0x8c,0xb4,0x86,0xe1,0x06,0xc1,0xb4,
    0xcc,0x60,0xb8,0x61,0x18,0x03,0x34,0x28,0x21,0x50,0xb3,0x29,0x22,0x3e,0xd3,0x0d,0x01,0x4e,0x09,0x76,0xfc,0x17,0x08,0x86,
    0x1b,0x10,0xd5,0x32,0x83,0xe1,0x06,0x21,0x0d,0xd0,0xa0,0x84,0x40,0xa7,0x1b,0x94,0x9e,0x0a,0x2c,0x30,0xe0,0x33,0x4b,0x00,
    0x0b,0x03,0x1d,0x83,0xf0,0x0a,0x64,0xe0,0x0a,0x7c,0x1a,0xb0,0x82,0x05,0x97,0x7c,0x66,0x19,0x62,0x81,0x16,0x78,0x61,0x96,
    0x61,0x16,0x64,0x81,0x3f,0x86,0x23,0x58,0x24,0xac,0x86,0x6f,0x38,0xa2,0x45,0xc2,0x8a,0xf8,0x4a,0x08,0x74,0xba,0x61,0xac,
    0xc8,0x2a,0x98,0x25,0xa0,0x85,0x93,0x83,0xa1,0x2c,0x88,0x11,0xf9,0x58,0x80,0x56,0xf0,0x19,0x31,0x30,0x00,0x10,0x04,0x83,
    0x46,0xc7,0x76,0x2b,0xb8,0x80,0xa0,0x11,0x03,0x03,0x00,0x41,0x30,0x68,0x78,0x6c,0xb7,0x86,0xe1,0x06,0xa1,0xb7,0xcc,0x60,
    0xb8,0x61,0xc8,0x03,0x34,0x28,0x21,0x50,0x6b,0x2b,0x22,0x3e,0xd3,0x0d,0xc1,0x5b,0x09,0x76,0xd8,0x18,0x08,0x86,0x1b,0x90,
    0xf0,0x32,0x83,0xe1,0x06,0xe1,0x0f,0xd0,0xa0,0x84,0x40,0xa7,0x1b,0x14,0xba,0x0a,0x2c,0x30,0xe0,0x33,0x4b,0x40,0x0b,0x03,
    0x1d,0x83,0x30,0x0b,0x64,0x20,0x0b,0xea,0x1a,0xc0,0x82,0x5d,0x81,0x7c,0x4e,0x2d,0x86,0x1a,0x31,0x78,0x00,0x10,0x04,0x03,
    0xec,0xcc,0xca,0x8b,0xae,0xc8,0xca,0x4c,0xca,0x84,0x4c,0xf6,0xca,0xc7,0x7c,0xcc,0xc7,0x82,0xd1,0x84,0x00,0x18,0x4d,0x10,
    0x82,0xd1,0x84,0x41,0x18,0x4d,0x20,0x06,0x23,0x74,0x21,0x3e,0x46,0xe8,0x42,0x7c,0x8c,0xd0,0x85,0xf8,0x18,0xa1,0x0b,0xf1,
    0x31,0x62,0x91,0x8f,0x11,0x8c,0x7c,0x8c,0x68,0xe4,0x63,0x84,0x23,0x1f,0x23,0xc4,0x01,0x3e,0x46,0x88,0x03,0x7c,0x8c,0x10,
    0x07,0xf8,0x18,0x21,0x0e,0xf0,0x31,0x5f,0x40,0xe2,0x63,0xbe,0x80,0xc4,0xc7,0x7c,0x01,0x89,0x8f,0xf9,0x02,0x12,0x1f,0x23,
    0xf8,0x42,0x3e,0x46,0xf4,0x85,0x7c,0x8c,0xf0,0x0b,0xf9,0x18,0xf1,0x17,0xf2,0x31,0x82,0x81,0x8f,0x11,0x0c,0x7c,0x8c,0x60,
    0xe0,0x63,0x04,0x03,0x9f,0x59,0x02,0x5b,0x18,0x31,0x78,0x00,0x10,0x04,0x03,0x8c,0xd4,0x44,0x2c,0xb6,0x42,0x6b,0x54,0x44,
    0x25,0x54,0x70,0x6b,0xcf,0xf6,0x6c,0xcf,0xc2,0x65,0x34,0x21,0x00,0x46,0x13,0x84,0x60,0x34,0x61,0x10,0x46,0x13,0x88,0x61,
    0x96,0xc0,0x16,0x06,0x3a,0x06,0xa4,0x16,0xc8,0x66,0x0f,0x24,0x5a,0x18,0xe8,0x18,0x90,0x5a,0x20,0x9b,0x3d,0x90,0x68,0x61,
    0xa0,0x63,0x40,0x6a,0x81,0x6c,0xf6,0x40,0xa2,0x85,0x81,0x8e,0x01,0xa9,0x05,0xb2,0xd9,0x03,0x89,0x16,0x8c,0xc0,0x15,0xf8,
    0x18,0x81,0x2b,0xf0,0x31,0x02,0x57,0xe0,0x63,0x04,0xae,0xc0,0xc7,0x70,0x25,0xd5,0x60,0x30,0xdc,0x10,0xfc,0x0a,0x1a,0xcc,
    0x32,0xac,0xc1,0x2d,0x04,0xb3,0x04,0xb8,0x30,0x50,0x31,0xa8,0x6e,0x90,0x06,0xcc,0x2d,0x0c,0x54,0x0c,0xac,0x1b,0xa4,0x01,
    0x73,0x0b,0x03,0x15,0x83,0xeb,0x06,0x69,0xc0,0xdc,0xc2,0x40,0xc5,0x00,0xbb,0x41,0x1a,0x30,0xb7,0x60,0x84,0xbe,0xd0,0xc7,
    0x88,0x7d,0xa1,0x8f,0x11,0xfc,0x42,0x1f,0x23,0xfa,0x85,0x3e,0xb3,0x04,0x2e,0x32,0x62,0x60,0x00,0x20,0x08,0x06,0xcd,0xaf,
    0xd1,0x58,0xf8,0x58,0x50,0x3b,0xf2,0x31,0xa1,0x76,0xe4,0x63,0x43,0xed,0xc8,0xc7,0x88,0xdd,0x91,0x8f,0x15,0xbb,0x23,0x1f,
    0x33,0x76,0x47,0x3e,0x23,0x06,0x15,0x00,0x82,0x60,0xa0,0x85,0x9b,0x8c,0xbd,0xd7,0x6f,0x89,0x4e,0xe8,0x80,0x8e,0x7d,0xe5,
    0x5a,0xae,0xe5,0xda,0x20,0x04,0x46,0x41,0xd8,0xd7,0x68,0x42,0x00,0x8c,0x26,0x08,0xc1,0x68,0xc2,0x20,0x8c,0x26,0x10,0xc3,
    0x2c,0x81,0x8b,0x0c,0x37,0xc0,0xd2,0xaf,0x81,0xc1,0x2c,0xc3,0x2e,0xc4,0x44,0x30,0xcb,0xc0,0x0b,0x30,0x51,0x3e,0x23,0x06,
    0x07,0x00,0x82,0x60,0xd0,0x95,0xdb,0x99,0xd9,0xd7,0xaf,0x8d,0x26,0x04,0xc0,0x68,0x82,0x10,0x8c,0x26,0x0c,0xc2,0x0d,0x43,
    0xdd,0x30,0xd4,0x0d,0x43,0xd9,0x80,0x3e,0xf2,0xb1,0x01,0x7d,0xe4,0x63,0x03,0xfa,0xc8,0xc7,0x86,0x41,0x3e,0x36,0x0c,0xf2,
    0x31,0x21,0x80,0x8f,0x11,0x84,0x7c,0x4c,0x08,0xe0,0x33,0x62,0x60,0x00,0x20,0x08,0x06,0xcd,0xbe,0xc5,0x59,0x60,0x0c,0xfd,
    0xc8,0xc7,0x18,0xfa,0x91,0x8f,0x31,0xf4,0x23,0x1f,0x1b,0x06,0xf9,0xd8,0x30,0xc8,0xc7,0x84,0x00,0x3e,0x46,0x10,0xf2,0x31,
    0x21,0x80,0xcf,0x88,0x81,0x01,0x80,0x20,0x18,0x34,0x24,0xa7,0x67,0xc1,0x88,0xc1,0x01,0x80,0x20,0x18,0x44,0x23,0x97,0x6a,
    0x81,0x32,0x62,0x70,0x00,0x20,0x08,0x06,0x11,0xc9,0xa5,0x9a,0xb0,0x0c,0x47,0x08,0x34,0xa6,0x7c,0xb3,0x0c,0xbd,0xe0,0x0b,
    0xc1,0x88,0xc1,0x01,0x80,0x20,0x18,0x44,0x26,0xc7,0x6a,0xc2,0x8e,0x19,0x11,0xd0,0x67,0xc4,0xc0,0x00,0x40,0x10,0x0c,0x1a,
    0x95,0xcb,0xb3,0x60,0xc4,0xe0,0x00,0x40,0x10,0x0c,0xa2,0x94,0x7b,0x35,0x1c,0x0b,0x46,0x0c,0x0e,0x00,0x04,0xc1,0x20,0x52,
    0xb9,0x57,0x3b,0xa1,0x60,0x96,0xc0,0x17,0x06,0x2a,0x06,0xa1,0x17,0xe8,0x38,0xe0,0x05,0x4b,0x02,0xfa,0x8c,0x18,0x1c,0x00,
    0x08,0x82,0x41,0xd4,0x72,0xb3,0x16,0x24,0x23,0x06,0x07,0x00,0x82,0x60,0x10,0xb9,0x1c,0xad,0x05,0x65,0x36,0x62,0x60,0x00,
    0x20,0x08,0x06,0x4d,0xcc,0x91,0x5a,0x60,0x01,0x0d,0xc1,0x67,0xc4,0xe0,0x00,0x40,0x10,0x0c,0xa2,0x98,0xbb,0xb5,0x20,0x86,
    0x86,0x23,0xa0,0x6c,0xf8,0xa6,0x1b,0x5a,0x48,0x85,0x82,0xe9,0x86,0x16,0x52,0x21,0x61,0xba,0xa1,0x85,0x54,0x68,0x18,0x31,
    0x38,0x00,0x10,0x04,0x03,0x32,0x70,0xb9,0x5a,0x23,0xb1,0x3b,0x1b,0x4d,0x08,0x80,0x0b,0x88,0xa9,0x00,0xe4,0x74,0xb8,0x21,
    0x48,0x39,0x30,0xa8,0x61,0xd5,0x74,0xb8,0x21,0xb8,0x35,0x30,0xa8,0x21,0xd8,0x59,0x06,0x70,0xf8,0x85,0xa0,0x0c,0x5c,0xd3,
    0xe1,0x86,0x00,0xd7,0xc0,0x60,0x96,0x00,0x1c,0x06,0x2a,0x14,0xf7,0x0e,0x7c,0x41,0xf8,0x85,0xb3,0x08,0x1a,0x6e,0x08,0x6e,
    0xce,0x0c,0x66,0x19,0xc2,0xe1,0x25,0x82,0x59,0x02,0x71,0x18,0xa8,0x18,0xe2,0xaa,0x25,0xcc,0x39,0x08,0x87,0x81,0x8a,0x21,
    0xae,0x5a,0x02,0x9d,0x83,0x70,0x18,0xa8,0x18,0xe2,0xaa,0x25,0xd4,0x39,0x08,0x87,0x81,0x8a,0x21,0xae,0x5a,0x82,0x9d,0x83,
    0x70,0x18,0xa8,0x20,0xe2,0xaa,0x25,0xf0,0x3c,0x08,0x87,0x0b,0x06,0xb3,0x80,0xcf,0xe0,0x63,0xc1,0x47,0x1f,0x0b,0xf8,0x0c,
    0x3e,0x16,0x64,0xf2,0x31,0x21,0x93,0x8f,0x0d,0x99,0x7c,0x6c,0x68,0x21,0xf8,0xd8,0xd0,0x42,0xf0,0xb1,0xa1,0x85,0xe0,0x33,
    0xcb,0x30,0x0e,0x2c,0x21,0x8d,0x18,0x1c,0x00,0x08,0x82,0x41,0xd7,0x76,0xef,0xe6,0x67,0x67,0x37,0x9a,0x10,0x0c,0x23,0x06,
    0x07,0x00,0x82,0x60,0x40,0x06,0x6c,0x37,0x6f,0x62,0x56,0x6b,0xa3,0x09,0xc1,0x70,0x01,0x31,0xc3,0x0d,0x01,0xdb,0x81,0xc1,
    0x2c,0x43,0x39,0x90,0x43,0x50,0x85,0xbe,0xc1,0x05,0x43,0x8d,0x18,0x1c,0x00,0x08,0x82,0x41,0xa4,0x77,0x20,0x97,0x06,0xaa,
    0x36,0x62,0x70,0x00,0x20,0x08,0x06,0xd1,0xde,0x81,0x5c,0x20,0xcc,0x12,0x94,0xc3,0x40,0xc5,0x20,0x90,0x03,0x4e,0x07,0xe3,
    0x30,0x1c,0x11,0xb4,0x9a,0xf0,0x8d,0x26,0x28,0xc1,0x68,0xc2,0x22,0x4c,0x37,0x08,0xc1,0x30,0x1c,0x11,0xc0,0x9a,0xf3,0x0d,
    0x37,0x30,0x74,0x17,0x06,0xc3,0x0d,0x0d,0xdc,0x85,0x41,0x09,0x81,0xce,0x32,0x98,0xc3,0x3c,0x04,0x96,0xe0,0x1a,0x7c,0x46,
    0x0c,0x0c,0x00,0x04,0xc1,0xa0,0x41,0xbd,0x94,0x0b,0x2e,0x20,0x66,0xc4,0xe0,0x00,0x40,0x10,0x0c,0xba,0xd1,0x2b,0x39,0x5a,
    0x0b,0x46,0x13,0x02,0x60,0x34,0x41,0x08,0x46,0x13,0x06,0x61,0x96,0xe1,0x1c,0xd4,0x41,0x0e,0x66,0x19,0xd2,0x01,0x1d,0x96,
    0xe1,0x88,0x8e,0xd7,0x86,0x6f,0x38,0xc2,0xe3,0x35,0xe2,0x2b,0x21,0xd0,0xe9,0x06,0x5f,0xfb,0xb5,0x60,0x96,0x40,0x1d,0xee,
    0x18,0xca,0x02,0x31,0x90,0x8f,0x05,0xe3,0x06,0x9f,0x11,0x03,0x03,0x00,0x41,0x30,0x68,0x6a,0xcf,0xe6,0x82,0x0b,0x08,0x1a,
    0x31,0x30,0x00,0x10,0x04,0x83,0xe6,0xf6,0x6c,0x6e,0x18,0x6e,0x10,0x70,0xce,0x0c,0x86,0x1b,0x06,0x07,0x0d,0x4a,0x08,0xd4,
    0xd0,0x8d,0x88,0xcf,0x74,0x43,0xa0,0x6e,0x82,0x1d,0xb1,0x07,0x82,0xe1,0x06,0x84,0xe7,0xcc,0x60,0xb8,0x41,0xa0,0xd0,0xa0,
    0x84,0x40,0xa7,0x1b,0x94,0x77,0x0b,0x2c,0x30,0xe0,0x33,0x4b,0xa0,0x0e,0x03,0x1d,0x83,0x90,0x0e,0x64,0x80,0x0e,0xe0,0x1d,
    0x98,0xc3,0x2c,0xc3,0x3a,0xb8,0x83,0x29,0xcc,0x32,0xb4,0x03,0x3b,0x84,0xc1,0x70,0x84,0x1c,0xc8,0xdb,0xf0,0x0d,0x47,0xcc,
    0x81,0xbc,0x11,0x5f,0x09,0x81,0x4e,0x37,0xd0,0x5b,0xbd,0x05,0xb3,0x04,0xee,0x70,0xdc,0x50,0x16,0xdc,0x81,0x7c,0x2c,0xc8,
    0x37,0xf8,0x8c,0x18,0x18,0x00,0x08,0x82,0x41,0xb3,0x7e,0x6c,0x17,0x5c,0x40,0xd0,0x88,0x81,0x01,0x80,0x20,0x18,0x34,0xed,
    0xc7,0x76,0xc3,0x70,0x83,0xe0,0x76,0x66,0x30,0xdc,0x30,0x8c,0x01,0x1a,0x94,0x10,0xa8,0xf9,0x1b,0x11,0x9f,0xe9,0x86,0x00,
    0xe4,0x04,0x3b,0xce,0x0f,0x04,0xc3,0x0d,0x88,0xdc,0x99,0xc1,0x70,0x83,0x90,0x06,0x68,0x50,0x42,0xa0,0xd3,0x0d,0x4a,0xc9,
    0x05,0x16,0x18,0xf0,0x99,0x25,0x70,0x87,0x81,0x8e,0x41,0x68,0x07,0x32,0x60,0x07,0x16,0x0f,0xd4,0xc1,0x82,0x4b,0x3e,0x15,
    0x0e,0x73,0xa7,0xc3,0x0d,0xc1,0xdc,0x81,0xc1,0x2c,0xc3,0x3b,0xc8,0x43,0x30,0xcb,0x10,0x0f,0xf0,0xa0,0x07,0xc3,0x11,0xaa,
    0xb0,0x72,0xc3,0x37,0x1c,0xb1,0x0a,0x2b,0x47,0x7c,0x25,0x04,0x3a,0xdd,0xd0,0x72,0x2e,0x17,0xcc,0x12,0xc8,0xc3,0xd1,0xc1,
    0x50,0x16,0xbc,0x82,0x7c,0x2c,0x90,0x39,0xf8,0x8c,0x18,0x18,0x00,0x08,0x82,0x41,0x43,0x82,0x41,0xe9,0x05,0x17,0x10,0x34,
    0x62,0x60,0x00,0x20,0x08,0x06,0x8d,0x09,0x06,0xa5,0x37,0x0c,0x37,0x08,0xa7,0x67,0x06,0xc3,0x0d,0xc3,0x1e,0xa0,0x41,0x09,
    0x81,0xda,0xcd,0x11,0xf1,0x99,0x6e,0x08,0x72,0x4e,0xb0,0x03,0x04,0x03,0x10,0x0c,0x37,0x20,0xab,0x67,0x06,0xc3,0x0d,0x42,
    0x28,0xa0,0x41,0x09,0x81,0x4e,0x37,0x28,0x3e,0x17,0x58,0x60,0xc0,0x67,0x96,0x40,0x1e,0x06,0x3a,0x06,0x21,0x1e,0xc8,0x00,
    0x1e,0xfc,0x3c,0x70,0x07,0xcb,0x02,0xf9,0xdc,0x2a,0x0c,0x35,0x62,0xf0,0x00,0x20,0x08,0x06,0x58,0x0c,0x06,0xaf,0xf7,0x73,
    0x2f,0x47,0x0e,0xe3,0x20,0x0e,0x65,0x87,0x82,0x01,0x0a,0x06,0x28,0x18,0x04,0xa3,0x09,0x01,0x30,0x9a,0x20,0x04,0xa3,0x09,
    0x83,0x30,0x9a,0x40,0x0c,0x23,0x06,0x07,0x00,0x82,0x60,0x40,0x06,0x30,0x18,0xdc,0x9e,0xc9,0xe1,0xdd,0x68,0x42,0x00,0x8c,
    0x26,0x08,0xc1,0x68,0xc2,0x20,0x8c,0x26,0x10,0x83,0x25,0x44,0x7c,0x2c,0x21,0xe2,0x63,0x09,0x11,0x1f,0x4b,0x88,0xf8,0x18,
    0x01,0xc9,0xc7,0x88,0x48,0x3e,0x46,0x48,0xf2,0x31,0x62,0x92,0x8f,0x11,0x0c,0x7c,0x8c,0x60,0xe0,0x63,0x04,0x03,0x1f,0x23,
    0x18,0xf8,0xcc,0x12,0xb4,0xc4,0x88,0x81,0x01,0x80,0x20,0x18,0x34,0x6b,0x18,0xb0,0x5f,0x3b,0x5c,0x40,0x4c,0xe1,0x43,0xfb,
    0x41,0x09,0x62,0x18,0xc0,0x88,0xc1,0x01,0x80,0x20,0x18,0x7c,0x67,0x18,0xf0,0x5e,0x20,0x8c,0x18,0x18,0x00,0x08,0x82,0x41,
    0x03,0x87,0xc1,0xfb,0xc9,0xc3,0x88,0xc1,0x01,0x80,0x20,0x18,0x74,0x6a,0x18,0xb0,0xdf,0xde,0x09,0xa3,0x09,0x01,0x30,0x9a,
    0x20,0x04,0xa3,0x09,0x83,0x30,0xcb,0x40,0x0f,0xf7,0x90,0x13,0xb3,0x0c,0xf6,0x50,0x0f,0xf2,0x30,0x1c,0x41,0x12,0xa3,0x37,
    0x7c,0xc3,0x11,0x25,0x31,0x7a,0xc4,0x57,0x42,0xa0,0xd3,0x0d,0xa5,0x67,0x7a,0xc1,0x2c,0xc1,0x3d,0xdc,0x31,0x94,0x05,0x29,
    0x21,0x1f,0x0b,0x54,0x0f,0x3e,0x23,0x06,0x06,0x00,0x82,0x60,0xd0,0xf0,0x61,0xd0,0x7f,0xc1,0x05,0x04,0x8d,0x18,0x18,0x00,
    0x08,0x82,0x41,0xe3,0x87,0x41,0xff,0x0d,0xc3,0x0d,0xc2,0xff,0x99,0xc1,0x70,0xc3,0xe0,0xa0,0x41,0x09,0x81,0xda,0xeb,0x11,
    0xf1,0x99,0x6e,0x08,0x62,0x4f,0xb0,0x03,0x0f,0x03,0x10,0x0c,0x37,0x20,0x23,0x18,0x98,0xc1,0x70,0x83,0x40,0xa1,0x41,0x09,
    0x81,0x4e,0x37,0x28,0xb6,0x17,0x58,0x60,0xc0,0x67,0x96,0xe0,0x1e,0x06,0x3a,0x06,0xc1,0x1e,0xc8,0xa0,0x1e,0xdc,0x3e,0x98,
    0x87,0x59,0x06,0x7c,0xd8,0x87,0xb6,0x98,0x65,0xd0,0x87,0x7c,0x40,0x89,0xe1,0x88,0x9c,0xc8,0xbd,0xe1,0x1b,0x8e,0xd0,0x89,
    0xdc,0x23,0xbe,0x12,0x02,0x9d,0x6e,0xd8,0x3d,0xde,0x0b,0x66,0x09,0xf6,0xe1,0xb8,0xa1,0x2c,0xf0,0x09,0xf9,0x58,0x00,0x7e,
    0xf0,0x19,0x31,0x30,0x00,0x10,0x04,0x83,0x46,0x16,0x83,0x19,0x0c,0x82,0x0b,0x08,0x1a,0x31,0x30,0x00,0x10,0x04,0x83,0x86,
    0x16,0x83,0x19,0x0c,0x86,0xe1,0x06,0xa1,0x06,0x03,0x33,0x18,0x6e,0x18,0xc6,0x00,0x0d,0x4a,0x08,0xd4,0xca,0x8f,0x88,0xcf,
    0x74,0x43,0x70,0x7e,0x82,0x1d,0xae,0x18,0x80,0x60,0xb8,0x01,0xc9,0xc1,0xc0,0x0c,0x86,0x1b,0x84,0x34,0x40,0x83,0x12,0x02,
    0x9d,0x6e,0x50,0xd8,0x2f,0xb0,0xc0,0x80,0xcf,0x2c,0xc1,0x3e,0x0c,0x74,0x0c,0x82,0x3e,0x90,0x41,0x3e,0xe8,0x7e,0x70,0x0f,
    0x16,0x5c,0xf2,0x29,0xd4,0xd0,0xc1,0x40,0x87,0x1b,0x02,0x1d,0x0c,0xc0,0x60,0x96,0x81,0x1f,0xfe,0x21,0x98,0x65,0xf0,0x87,
    0x7e,0x08,0x8b,0xe1,0x88,0xb8,0x90,0xbf,0xe1,0x1b,0x8e,0x90,0x0b,0xf9,0x23,0xbe,0x12,0x02,0x9d,0x6e,0xa0,0xbf,0xfa,0x0b,
    0x66,0x09,0xfe,0xe1,0xe8,0x60,0x28,0x0b,0xec,0x42,0x3e,0x16,0xe4,0x1f,0x7c,0x46,0x0c,0x0c,0x00,0x04,0xc1,0xa0,0x59,0xc7,
    0x80,0x0d,0x83,0xe0,0x02,0x82,0x46,0x0c,0x0c,0x00,0x04,0xc1,0xa0,0x69,0xc7,0x80,0x0d,0x83,0x61,0xb8,0x41,0x70,0xc3,0xc0,
    0x0c,0x86,0x1b,0x86,0x3d,0x40,0x83,0x12,0x02,0x35,0xff,0x23,0xe2,0x33,0xdd,0x10,0x80,0x60,0x20,0xd8,0x71,0x8e,0x01,0x08,
    0x86,0x1b,0x10,0x39,0x0c,0xcc,0x60,0xb8,0x41,0x08,0x05,0x34,0x28,0x21,0xd0,0xe9,0x06,0xa5,0x04,0x83,0xc0,0x02,0x03,0x3e,
    0xb3,0x04,0xff,0x30,0xd0,0x31,0x08,0xfe,0x40,0x06,0xfd,0xc0,0x82,0xc2,0x3e,0x58,0x16,0xc8,0xe7,0x58,0x61,0xa8,0x11,0x83,
    0x07,0x00,0x41,0x30,0xc0,0xf0,0x31,0xb0,0xc3,0xc0,0x04,0x03,0xfb,0x5b,0x0d,0xd5,0x48,0x0d,0x16,0x0c,0xde,0x31,0x78,0xc7,
    0xe0,0x1d,0x83,0x60,0x34,0x21,0x00,0x46,0x13,0x84,0x60,0x34,0x61,0x10,0x46,0x13,0x88,0x61,0xc4,0xe0,0x00,0x40,0x10,0x0c,
    0xc8,0xe0,0x1e,0x03,0x3f,0x0c,0xda,0xef,0x07,0x83,0xd1,0x84,0x00,0x18,0x4d,0x10,0x82,0xd1,0x84,0x41,0x18,0x4d,0x20,0x06,
    0x4b,0x88,0xf8,0x58,0x42,0xc4,0xc7,0x12,0x22,0x3e,0x96,0x10,0xf1,0x31,0x02,0x92,0x8f,0x11,0x91,0x7c,0x8c,0x90,0xe4,0x63,
    0xc4,0x24,0x9f,0x11,0x83,0x03,0x00,0x41,0x30,0xe8,0x4e,0x32,0x48,0xc5,0x00,0x07,0x03,0x71,0x18,0x4d,0x08,0x80,0xd1,0x04,
    0x21,0x18,0x4d,0x18,0x84,0x59,0x06,0x90,0x18,0x09,0xfb,0x98,0x65,0x10,0x89,0x90,0x78,0x8d,0xe1,0x88,0xf0,0x00,0xc3,0x60,
    0xf8,0x86,0x23,0xc4,0x03,0x0c,0x03,0xe2,0x2b,0x21,0xd0,0xe9,0x06,0x31,0x0c,0xc6,0x30,0x08,0x66,0x09,0x46,0xe2,0x8e,0xa1,
    0x2c,0x30,0x0f,0xf9,0x58,0x70,0x86,0x01,0x7c,0x46,0x0c,0x0c,0x00,0x04,0xc1,0xa0,0xc9,0xc9,0x40,0x17,0x83,0xe0,0x02,0x82,
    0x46,0x0c,0x0c,0x00,0x04,0xc1,0xa0,0xd9,0xc9,0x40,0x17,0x83,0x61,0xb8,0x41,0xe0,0xc5,0xc0,0x0c,0x86,0x1b,0x06,0x07,0x0d,
    0x4a,0x08,0xd4,0xd8,0x30,0x20,0xe2,0x33,0xdd,0x10,0xb8,0x61,0x20,0xd8,0x51,0x93,0x01,0x08,0x86,0x1b,0x10,0x70,0x0c,0xcc,
    0x60,0xb8,0x41,0xa0,0xd0,0xa0,0x84,0x40,0xa7,0x1b,0x94,0x39,0x0c,0x02,0x0b,0x0c,0xf8,0xcc,0x12,0x8c,0xc4,0x40,0xc7,0x20,
    0x88,0x04,0x19,0x84,0x04,0x3a,0x0a,0xff,0x30,0xcb,0x40,0x12,0x27,0xa1,0x22,0xb3,0x0c,0x26,0x51,0x12,0xe5,0x31,0x1c,0x61,
    0x1f,0x76,0x18,0x0c,0xdf,0x70,0xc4,0x7d,0xd8,0x61,0x40,0x7c,0x25,0x04,0x3a,0xdd,0x80,0x87,0x41,0x1e,0x06,0xc1,0x2c,0xc1,
    0x49,0x1c,0x37,0x94,0x05,0xfb,0x21,0x1f,0x0b,0xfa,0x30,0x80,0xcf,0x88,0x81,0x01,0x80,0x20,0x18,0x34,0x6f,0x19,0xc0,0x63,
    0x10,0x5c,0x40,0xd0,0x88,0x81,0x01,0x80,0x20,0x18,0x34,0x71,0x19,0xc0,0x63,0x30,0x0c,0x37,0x08,0xf2,0x18,0x98,0xc1,0x70,
    0xc3,0x30,0x06,0x68,0x50,0x42,0xa0,0x26,0x8a,0x01,0x11,0x9f,0xe9,0x86,0x80,0x14,0x03,0xc1,0x8e,0xb5,0x0c,0x40,0x30,0xdc,
    0x80,0xd8,0x63,0x60,0x06,0xc3,0x0d,0x42,0x1a,0xa0,0x41,0x09,0x81,0x4e,0x37,0x28,0xa9,0x18,0x04,0x16,0x18,0xf0,0x99,0x25,
    0x38,0x89,0x81,0x8e,0x41,0x30,0x09,0x32,0x28,0x09,0x9a,0x14,0x46,0xc2,0x82,0x4b,0x3e,0xb3,0x0c,0x28,0xb1,0x12,0xbc,0x30,
    0xcb,0xa0,0x12,0x29,0xc1,0x1f,0xc3,0x11,0x2c,0xd2,0x8a,0xc1,0xf0,0x0d,0x47,0xb4,0x48,0x2b,0x06,0xc4,0x57,0x42,0xa0,0xd3,
    0x0d,0xaf,0x18,0xc0,0x62,0x10,0xcc,0x12,0xac,0xc4,0xc9,0xc1,0x50,0x16,0xc4,0x88,0x7c,0x2c,0xa0,0xc5,0x00,0x3e,0x23,0x06,
    0x06,0x00,0x82,0x60,0xd0,0x98,0x66,0x70,0x92,0x41,0x70,0x01,0x41,0x23,0x06,0x06,0x00,0x82,0x60,0xd0,0xa0,0x66,0x70,0x92,
    0xc1,0x30,0xdc,0x20,0xa4,0x64,0x60,0x06,0xc3,0x0d,0x43,0x1e,0xa0,0x41,0x09,0x81,0x5a,0x2e,0x06,0x44,0x7c,0xa6,0x1b,0x82,
    0x5d,0x0c,0x04,0x3b,0x44,0x33,0x00,0xc1,0x70,0x03,0xd2,0x92,0x81,0x19,0x0c,0x37,0x08,0x7f,0x80,0x06,0x25,0x04,0x3a,0xdd,
    0xa0,0x80,0x63,0x10,0x58,0x60,0xc0,0x67,0x96,0x60,0x25,0x06,0x3a,0x06,0x41,0x25,0xc8,0x20,0x25,0x44,0x53,0x38,0x09,0xbb,
    0x02,0xf9,0x9c,0x5a,0x0c,0x35,0x62,0xf0,0x00,0x20,0x08,0x06,0xd8,0x6c,0x06,0x31,0x19,0x84,0x63,0x10,0x8b,0x81,0x99,0x94,
    0x09,0x99,0x9c,0x63,0xa0,0x9a,0x81,0x6a,0x06,0xaa,0x19,0x04,0xa3,0x09,0x01,0x30,0x9a,0x20,0x04,0xa3,0x09,0x83,0x30,0x9a,
    0x40,0x0c,0x46,0xe8,0x42,0x7c,0x8c,0xd0,0x85,0xf8,0x18,0xa1,0x0b,0xf1,0x31,0x42,0x17,0xe2,0x63,0xc4,0x22,0x1f,0x23,0x18,
    0xf9,0x18,0xd1,0xc8,0xc7,0x08,0x47,0x3e,0x46,0x88,0x03,0x7c,0x8c,0x10,0x07,0xf8,0x18,0x21,0x0e,0xf0,0x31,0x42,0x1c,0xe0,
    0x63,0xbe,0x80,0xc4,0xc7,0x7c,0x01,0x89,0x8f,0xf9,0x02,0x12,0x1f,0xf3,0x05,0x24,0x3e,0x46,0xf0,0x85,0x7c,0x8c,0xe8,0x0b,
    0xf9,0x18,0xe1,0x17,0xf2,0x31,0xe2,0x2f,0xe4,0x63,0x04,0x03,0x1f,0x23,0x18,0xf8,0x18,0xc1,0xc0,0xc7,0x08,0x06,0x3e,0xb3,
    0x04,0x2d,0x31,0x62,0xf0,0x00,0x20,0x08,0x06,0x18,0x7c,0x06,0x6e,0x19,0xf8,0x63,0xe0,0x8e,0xc1,0xa8,0x88,0x4a,0xa8,0x90,
    0x64,0x70,0x9e,0xc1,0x79,0x06,0xe7,0x19,0x84,0xcb,0x68,0x42,0x00,0x8c,0x26,0x08,0xc1,0x68,0xc2,0x20,0x8c,0x26,0x10,0xc3,
    0x2c,0x41,0x4b,0x0c,0x74,0x0c,0x08,0x4b,0x90,0x8d,0x3c,0x48,0x2b,0x31,0xd0,0x31,0x20,0x2c,0x41,0x36,0xf2,0x20,0xad,0xc4,
    0x40,0xc7,0x80,0xb0,0x04,0xd9,0xc8,0x83,0xb4,0x12,0x03,0x1d,0x03,0xc2,0x12,0x64,0x23,0x0f,0xd2,0x4a,0x18,0x81,0x2b,0xf0,
    0x31,0x02,0x57,0xe0,0x63,0x04,0xae,0xc0,0xc7,0x08,0x5c,0x81,0x8f,0xe1,0x4a,0x7d,0x06,0x30,0x18,0x6e,0x08,0x7e,0x05,0x0d,
    0x66,0x19,0xc4,0xc1,0x25,0x82,0x59,0x82,0x97,0x18,0xa8,0x18,0xc4,0x54,0x00,0x07,0xc6,0x25,0x06,0x2a,0x06,0x32,0x15,0xc0,
    0x81,0x71,0x89,0x81,0x8a,0xc1,0x4c,0x05,0x70,0x60,0x5c,0x62,0xa0,0x62,0x40,0x53,0x01,0x1c,0x18,0x97,0x30,0x42,0x5f,0xe8,
    0x63,0xc4,0xbe,0xd0,0xc7,0x08,0x7e,0xa1,0x8f,0x11,0xfd,0x42,0x9f,0x59,0x02,0x17,0x19,0x31,0x30,0x00,0x10,0x04,0x83,0x66,
    0x45,0x03,0xd0,0x0c,0x5a,0xce,0x82,0x90,0x93,0x8f,0x09,0x21,0x27,0x1f,0x1b,0x42,0x4e,0x3e,0x46,0x9c,0x9c,0x7c,0xac,0x38,
    0x39,0xf9,0x98,0x71,0x72,0xf2,0x19,0x31,0xa8,0x00,0x10,0x04,0x03,0xad,0x45,0x03,0xbf,0x0c,0x78,0x32,0x60,0xc9,0xc0,0xdd,
    0xda,0x8d,0xdd,0xc4,0x32,0x28,0xd1,0xa0,0x44,0x83,0x12,0x0d,0x06,0x21,0x30,0x0a,0x42,0x2c,0x83,0xd1,0x84,0x00,0x18,0x4d,
    0x10,0x82,0xd1,0x84,0x41,0x18,0x4d,0x20,0x86,0x59,0x02,0x17,0x19,0x6e,0xe0,0xbf,0x13,0x0d,0xc0,0x60,0x96,0x41,0x26,0x50,
    0x23,0x98,0x65,0x98,0x89,0xd3,0x88,0xb9,0x11,0x83,0x03,0x00,0x41,0x30,0xe8,0x62,0x34,0x98,0xcd,0x60,0x2c,0x83,0x15,0x0d,
    0x46,0x13,0x02,0x60,0x34,0x41,0x08,0x46,0x13,0x06,0xe1,0x86,0xa1,0x6e,0x18,0xea,0x86,0xa1,0x6c,0xa0,0x39,0xf9,0xd8,0x40,
    0x73,0xf2,0xb1,0x81,0xe6,0xe4,0x63,0xc3,0x20,0x1f,0x1b,0x06,0xf9,0x98,0x10,0xc0,0xc7,0x08,0x42,0x3e,0x26,0x04,0xf0,0x19,
    0x31,0x30,0x00,0x10,0x04,0x83,0xe6,0x4c,0x83,0xde,0x0c,0x02,0x63,0xc0,0x4e,0x3e,0xc6,0x80,0x9d,0x7c,0x8c,0x01,0x3b,0xf9,
    0xd8,0x30,0xc8,0xc7,0x86,0x41,0x3e,0x26,0x04,0xf0,0x31,0x82,0x90,0x8f,0x09,0x01,0x7c,0x46,0x0c,0x0c,0x00,0x04,0xc1,0xa0,
    0x81,0xd3,0xc0,0x3c,0x83,0x60,0xc4,0xe0,0x00,0x40,0x10,0x0c,0xa2,0x37,0x0d,0xea,0x33,0x08,0x94,0x11,0x83,0x03,0x00,0x41,
    0x30,0x88,0xe0,0x34,0xa8,0xcf,0x40,0x58,0x86,0x23,0x04,0xd0,0x0c,0x94,0x6f,0x96,0x81,0x26,0x6a,0x22,0x18,0x31,0x38,0x00,
    0x10,0x04,0x83,0x48,0x4e,0x03,0xfc,0x0c,0x84,0xd3,0x0c,0x8c,0x08,0xe8,0x33,0x62,0x60,0x00,0x20,0x08,0x06,0x8d,0x9d,0x06,
    0xe5,0x19,0x04,0x23,0x06,0x07,0x00,0x82,0x60,0x10,0xd5,0x69,0xb0,0x9f,0x01,0x69,0x06,0xc1,0x88,0xc1,0x01,0x80,0x20,0x18,
    0x44,0x76,0x1a,0xec,0x67,0x30,0x77,0xc1,0x2c,0x41,0x4d,0x0c,0x54,0x0c,0x02,0x4d,0xb0,0xac,0x30,0x13,0x96,0x04,0xf4,0x19,
    0x31,0x38,0x00,0x10,0x04,0x83,0x28,0x4f,0x83,0xff,0x0c,0x82,0x64,0xc4,0xe0,0x00,0x40,0x10,0x0c,0x22,0x3d,0x0d,0x40,0x34,
    0x08,0x62,0x33,0x18,0x31,0x30,0x00,0x10,0x04,0x83,0xa6,0x4f,0x03,0xf8,0x0c,0x02,0x0b,0x40,0x0f,0x3e,0x23,0x06,0x07,0x00,
    0x82,0x60,0x10,0xf5,0x69,0x30,0xa2,0x41,0xd0,0x77,0xc3,0x11,0x50,0x36,0x7c,0xd3,0x0d,0x79,0x67,0x77,0xc1,0x74,0x43,0xde,
    0xd9,0x9d,0x30,0xdd,0x90,0x77,0x76,0x37,0x8c,0x18,0x1c,0x00,0x08,0x82,0x01,0x19,0xe8,0x69,0x10,0xa2,0x01,0x5c,0x06,0x29,
    0x1a,0x8c,0x26,0x04,0xc0,0x05,0xc4,0x54,0xc0,0xa6,0x81,0x0e,0x37,0x04,0x75,0x1a,0x80,0x41,0x0d,0xf7,0x19,0xe8,0x70,0x43,
    0x30,0xa2,0x01,0x18,0xd4,0x10,0xec,0x2c,0xc3,0x4d,0xd8,0x44,0x50,0x06,0x89,0x06,0x3a,0xdc,0x10,0x90,0x68,0x00,0x06,0xb3,
    0x04,0x37,0x31,0x50,0xa1,0x98,0xb2,0x50,0x13,0x82,0x4d,0x9c,0x45,0xd0,0x70,0x43,0x30,0xaa,0x81,0x19,0xcc,0x32,0xe0,0x84,
    0x69,0x04,0xb3,0x04,0x39,0x31,0x50,0x31,0xc4,0x15,0x69,0xf8,0xad,0x80,0x13,0x03,0x15,0x43,0x5c,0x91,0x06,0xe8,0x0a,0x38,
    0x31,0x50,0x31,0xc4,0x15,0x69,0x88,0xae,0x80,0x13,0x03,0x15,0x43,0x5c,0x91,0x06,0xe9,0x0a,0x38,0x31,0x50,0x41,0xc4,0x15,
    0x69,0xc0,0xb4,0x80,0x13,0x17,0x0c,0x66,0x01,0x7a,0x06,0xf0,0xb1,0xe0,0xa3,0x8f,0x05,0xe8,0x19,0xc0,0xc7,0x82,0x4c,0x3e,
    0x26,0x64,0xf2,0xb1,0x21,0x93,0x8f,0x0d,0x79,0x07,0x1f,0x1b,0xf2,0x0e,0x3e,0x36,0xe4,0x1d,0x7c,0x66,0x19,0x74,0x62,0x34,
    0xa4,0x11,0x83,0x03,0x00,0x41,0x30,0xe8,0x72,0x35,0xd8,0xd1,0x60,0x3d,0x83,0x59,0x0d,0x46,0x13,0x82,0x61,0xc4,0xe0,0x00,
    0x40,0x10,0x0c,0xc8,0x00,0x57,0x83,0x1f,0x0d,0x5c,0x33,0x38,0xd3,0x60,0x34,0x21,0x18,0x2e,0x20,0x66,0xb8,0x21,0xc0,0xd5,
    0x00,0x0c,0x66,0x19,0x78,0x62,0x27,0x82,0x2a,0xcc,0x34,0x80,0x0b,0x86,0x1a,0x31,0x38,0x00,0x10,0x04,0x83,0xc8,0x5c,0x03,
    0x36,0x0d,0xd2,0xc0,0x3e,0x83,0x11,0x83,0x03,0x00,0x41,0x30,0x88,0xce,0x35,0x60,0xd3,0x20,0x10,0x66,0x09,0x78,0x62,0xa0,
    0x62,0x10,0x76,0x02,0x7e,0x05,0x9d,0x18,0x8e,0x08,0xf2,0x33,0x10,0xbe,0xd1,0x04,0x25,0x18,0x4d,0x58,0x84,0xe9,0x06,0x21,
    0x18,0x86,0x23,0x02,0xfe,0x0c,0x9c,0x6f,0xb8,0x81,0x01,0xd7,0x20,0x0c,0x86,0x1b,0x1a,0x5e,0x0d,0xc2,0xa0,0x84,0x40,0x67,
    0x19,0x7a,0x42,0x2d,0x02,0x4b,0x48,0x34,0x80,0xcf,0x88,0x81,0x01,0x80,0x20,0x18,0x34,0xf4,0x1a,0xd4,0x69,0x10,0x5c,0x40,
    0xcc,0x88,0xc1,0x01,0x80,0x20,0x18,0x74,0xef,0x1a,0xc4,0x69,0x10,0xa2,0x41,0x30,0x9a,0x10,0x00,0xa3,0x09,0x42,0x30,0x9a,
    0x30,0x08,0xb3,0x0c,0x3e,0x11,0x16,0x72,0x30,0xcb,0x00,0x16,0x3f,0xb1,0x0c,0x47,0x74,0x28,0x1a,0x0c,0xdf,0x70,0x84,0x87,
    0xa2,0x01,0xf1,0x95,0x10,0xe8,0x74,0x83,0x8a,0x06,0x2b,0x1a,0x04,0xb3,0x04,0x61,0x71,0xc7,0x50,0x16,0x88,0x81,0x7c,0x2c,
    0x78,0xd1,0x00,0x3e,0x23,0x06,0x06,0x00,0x82,0x60,0xd0,0x84,0x6c,0x20,0xaa,0x41,0x70,0x01,0x41,0x23,0x06,0x06,0x00,0x82,
    0x60,0xd0,0x8c,0x6c,0x20,0xaa,0xc1,0x30,0xdc,0x20,0x90,0x6a,0x60,0x06,0xc3,0x0d,0x83,0x83,0x06,0x25,0x04,0x6a,0x34,0x1a,
    0x10,0xf1,0x99,0x6e,0x08,0x6c,0x34,0x10,0xec,0xe8,0xd7,0x00,0x04,0xc3,0x0d,0x08,0xaa,0x06,0x66,0x30,0xdc,0x20,0x50,0x68,
    0x50,0x42,0xa0,0xd3,0x0d,0xca,0x8e,0x06,0x81,0x05,0x06,0x7c,0x66,0x09,0xc2,0x62,0xa0,0x63,0x10,0xc0,0x82,0x0c,0x7e,0x02,
    0x8f,0x85,0x9e,0x98,0x65,0x10,0x8b,0xb2,0x30,0x85,0x59,0x06,0xb2,0x18,0x8b,0x30,0x18,0x8e,0x90,0x03,0x1f,0x0d,0x86,0x6f,
    0x38,0x62,0x0e,0x7c,0x34,0x20,0xbe,0x12,0x02,0x9d,0x6e,0x00,0xd3,0x20,0x4c,0x83,0x60,0x96,0xa0,0x2c,0x8e,0x1b,0xca,0x82,
    0x3b,0x90,0x8f,0x05,0x65,0x1a,0xc0,0x67,0xc4,0xc0,0x00,0x40,0x10,0x0c,0x9a,0x9b,0x0d,0x70,0x35,0x08,0x2e,0x20,0x68,0xc4,
    0xc0,0x00,0x40,0x10,0x0c,0x9a,0x9c,0x0d,0x70,0x35,0x18,0x86,0x1b,0x04,0x5d,0x0d,0xcc,0x60,0xb8,0x61,0x18,0x03,0x34,0x28,
    0x21,0x50,0x53,0xd3,0x80,0x88,0xcf,0x74,0x43,0xc0,0xa6,0x81,0x60,0xc7,0xcc,0x06,0x20,0x18,0x6e,0x40,0x7c,0x35,0x30,0x83,
    0xe1,0x06,0x21,0x0d,0xd0,0xa0,0x84,0x40,0xa7,0x1b,0x94,0x38,0x0d,0x02,0x0b,0x0c,0xf8,0xcc,0x12,0x94,0xc5,0x40,0xc7,0x20,
    0x90,0x05,0x19,0x8c,0x05,0x39,0x0b,0x61,0x61,0xc1,0x25,0x9f,0x0a,0x87,0x5f,0x0d,0x74,0xb8,0x21,0xf8,0xd5,0x00,0x0c,0x66,
    0x19,0xcc,0x22,0x2d,0x82,0x59,0x06,0xb4,0x38,0x0b,0x3d,0x18,0x8e,0x50,0x85,0x3b,0x0d,0x86,0x6f,0x38,0x62,0x15,0xee,0x34,
    0x20,0xbe,0x12,0x02,0x9d,0x6e,0xc8,0xd3,0x40,0x4f,0x83,0x60,0x96,0x20,0x2d,0x8e,0x0e,0x86,0xb2,0xe0,0x15,0xe4,0x63,0x81,
    0x9f,0x06,0xf0,0x19,0x31,0x30,0x00,0x10,0x04,0x83,0x06,0x6e,0x83,0x78,0x0d,0x82,0x0b,0x08,0x1a,0x31,0x30,0x00,0x10,0x04,
    0x83,0x46,0x6e,0x83,0x78,0x0d,0x86,0xe1,0x06,0x61,0x5e,0x03,0x33,0x18,0x6e,0x18,0xf6,0x00,0x0d,0x4a,0x08,0xd4,0x46,0x35,
    0x20,0xe2,0x33,0xdd,0x10,0x94,0x6a,0x20,0xd8,0xc1,0xb6,0x01,0x08,0x86,0x1b,0x90,0x7b,0x0d,0xcc,0x60,0xb8,0x41,0x08,0x05,
    0x34,0x28,0x21,0xd0,0xe9,0x06,0x45,0x55,0x83,0xc0,0x02,0x03,0x3e,0xb3,0x04,0x69,0x31,0xd0,0x31,0x08,0x68,0x41,0x06,0x67,
    0x61,0xd3,0x42,0x59,0x58,0x16,0xc8,0xe7,0x56,0x61,0xa8,0x11,0x83,0x07,0x00,0x41,0x30,0xc0,0xfa,0x36,0xd8,0xd7,0x80,0x55,
    0x03,0x3e,0x0d,0xc8,0x61,0x1c,0xc4,0x21,0x56,0x03,0xba,0x0d,0xe8,0x36,0xa0,0xdb,0x20,0x18,0x4d,0x08,0x80,0xd1,0x04,0x21,
    0x18,0x4d,0x18,0x84,0xd1,0x04,0x62,0x18,0x31,0x38,0x00,0x10,0x04,0x03,0x32,0xe0,0xdb,0x60,0x64,0x03,0x39,0x0d,0x58,0x36,
    0x18,0x4d,0x08,0x80,0xd1,0x04,0x21,0x18,0x4d,0x18,0x84,0xd1,0x04,0x62,0xb0,0x84,0x88,0x8f,0x25,0x44,0x7c,0x2c,0x21,0xe2,
    0x63,0x09,0x11,0x1f,0x23,0x20,0xf9,0x18,0x11,0xc9,0xc7,0x08,0x49,0x3e,0x46,0x4c,0xf2,0x31,0x82,0x81,0x8f,0x11,0x0c,0x7c,
    0x8c,0x60,0xe0,0x63,0x04,0x03,0x9f,0x59,0x02,0xd2,0x18,0x31,0x30,0x00,0x10,0x04,0x83,0xe6,0x76,0x03,0x9c,0x0d,0xda,0xe1,
    0x02,0x62,0x0a,0x1f,0x72,0x36,0x80,0x12,0x5c,0x37,0x80,0x11,0x83,0x03,0x00,0x41,0x30,0xf8,0x66,0x37,0x40,0xd9,0x20,0x10,
    0x46,0x0c,0x0c,0x00,0x04,0xc1,0xa0,0xe1,0xdd,0x60,0x67,0x03,0x79,0x18,0x31,0x38,0x00,0x10,0x04,0x83,0xce,0x76,0x03,0x9c,
    0x0d,0xd0,0x35,0x10,0x46,0x13,0x02,0x60,0x34,0x41,0x08,0x46,0x13,0x06,0x61,0x96,0x61,0x2d,0xdc,0x22,0x27,0x66,0x19,0xda,
    0x82,0x2d,0xe4,0x61,0x38,0x82,0x24,0xde,0x35,0x18,0xbe,0xe1,0x88,0x92,0x78,0xd7,0x80,0xf8,0x4a,0x08,0x74,0xba,0x21,0x5e,
    0x03,0x79,0x0d,0x82,0x59,0x02,0xb7,0xb8,0x63,0x28,0x0b,0x52,0x42,0x3e,0x16,0xd8,0x6b,0x00,0x9f,0x11,0x03,0x03,0x00,0x41,
    0x30,0x68,0xd0,0x37,0x48,0xdb,0x20,0xb8,0x80,0xa0,0x11,0x03,0x03,0x00,0x41,0x30,0x68,0xd4,0x37,0x48,0xdb,0x60,0x18,0x6e,
    0x10,0xd6,0x36,0x30,0x83,0xe1,0x86,0xc1,0x41,0x83,0x12,0x02,0xb5,0x7d,0x0d,0x88,0xf8,0x4c,0x37,0x04,0xfd,0x1a,0x08,0x76,
    0x90,0x6f,0x00,0x82,0xe1,0x06,0xe4,0x6d,0x03,0x33,0x18,0x6e,0x10,0x28,0x34,0x28,0x21,0xd0,0xe9,0x06,0x45,0x64,0x83,0xc0,
    0x02,0x03,0x3e,0xb3,0x04,0x6e,0x31,0xd0,0x31,0x08,0x6d,0x41,0x06,0x6c,0x61,0xe2,0x82,0x5a,0xcc,0x32,0xbc,0x85,0x5c,0xb4,
    0xc5,0x2c,0x43,0x5c,0xc0,0x05,0x4a,0x0c,0x47,0xe4,0x44,0xc9,0x06,0xc3,0x37,0x1c,0xa1,0x13,0x25,0x1b,0x10,0x5f,0x09,0x81,
    0x4e,0x37,0x9c,0x6c,0x80,0xb2,0x41,0x30,0x4b,0x20,0x17,0xc7,0x0d,0x65,0x81,0x4f,0xc8,0xc7,0x02,0x96,0x0d,0xe0,0x33,0x62,
    0x60,0x00,0x20,0x08,0x06,0x8d,0xff,0x06,0x7f,0x1b,0x04,0x17,0x10,0x34,0x62,0x60,0x00,0x20,0x08,0x06,0x0d,0x08,0x07,0x7f,
    0x1b,0x0c,0xc3,0x0d,0x42,0xe8,0x06,0x66,0x30,0xdc,0x30,0x8c,0x01,0x1a,0x94,0x10,0xa8,0xc5,0x6c,0x40,0xc4,0x67,0xba,0x21,
    0x98,0xd9,0x40,0xb0,0x43,0x7f,0x03,0x10,0x0c,0x37,0x20,0xa5,0x1b,0x98,0xc1,0x70,0x83,0x90,0x06,0x68,0x50,0x42,0xa0,0xd3,
    0x0d,0x0a,0xce,0x06,0x81,0x05,0x06,0x7c,0x66,0x09,0xe4,0x62,0xa0,0x63,0x10,0xe2,0x82,0x0c,0xe0,0x42,0xce,0x05,0xb7,0xb0,
    0xe0,0x92,0x4f,0xa1,0x86,0xe9,0x06,0x3a,0xdc,0x10,0x98,0x6e,0x00,0x06,0xb3,0x0c,0x73,0x61,0x17,0xc1,0x2c,0x43,0x5d,0xd0,
    0x45,0x58,0x0c,0x47,0xc4,0x85,0xcf,0x06,0xc3,0x37,0x1c,0x21,0x17,0x3e,0x1b,0x10,0x5f,0x09,0x81,0x4e,0x37,0x80,0x6d,0x10,
    0xb6,0x41,0x30,0x4b,0x60,0x17,0x47,0x07,0x43,0x59,0x60,0x17,0xf2,0xb1,0xa0,0x6c,0x03,0xf8,0x8c,0x18,0x18,0x00,0x08,0x82,
    0x41,0x73,0xc3,0x01,0xee,0x06,0xc1,0x05,0x04,0x8d,0x18,0x18,0x00,0x08,0x82,0x41,0x93,0xc3,0x01,0xee,0x06,0xc3,0x70,0x83,
    0xa0,0xbb,0x81,0x19,0x0c,0x37,0x0c,0x7b,0x80,0x06,0x25,0x04,0x6a,0x6a,0x1b,0x10,0xf1,0x99,0x6e,0x08,0xd8,0x36,0x10,0xec,
    0x98,0xe1,0x00,0x04,0xc3,0x0d,0x88,0xef,0x06,0x66,0x30,0xdc,0x20,0x84,0x02,0x1a,0x94,0x10,0xe8,0x74,0x83,0x12,0xb7,0x41,
    0x60,0x81,0x01,0x9f,0x59,0x02,0xbb,0x18,0xe8,0x18,0x84,0xba,0x20,0x03,0xba,0x20,0x77,0x41,0x2e,0x2c,0x0b,0xe4,0x73,0xac,
    0x30,0xd4,0x88,0xc1,0x03,0x80,0x20,0x18,0x60,0x64,0x1c,0x88,0x6f,0x30,0xb7,0xc1,0xd8,0x06,0xab,0xa1,0x1a,0xa9,0x81,0xb7,
    0xc1,0x0e,0x07,0x3b,0x1c,0xec,0x70,0x10,0x8c,0x26,0x04,0xc0,0x68,0x82,0x10,0x8c,0x26,0x0c,0xc2,0x68,0x02,0x31,0x8c,0x18,
    0x1c,0x00,0x08,0x82,0x01,0x19,0x8c,0x71,0xa0,0xbe,0x41,0xce,0x06,0xf3,0x1b,0x8c,0x26,0x04,0xc0,0x68,0x82,0x10,0x8c,0x26,
    0x0c,0xc2,0x68,0x02,0x31,0x58,0x42,0xc4,0xc7,0x12,0x22,0x3e,0x96,0x10,0xf1,0xb1,0x84,0x88,0x8f,0x11,0x90,0x7c,0x8c,0x88,
    0xe4,0x63,0x84,0x24,0x1f,0x23,0x26,0xf9,0x8c,0x18,0x1c,0x00,0x08,0x82,0x41,0x37,0xc7,0x41,0xfd,0x06,0xa5,0x1b,0x88,0xc3,
    0x68,0x42,0x00,0x8c,0x26,0x08,0xc1,0x68,0xc2,0x20,0xcc,0x32,0xdc,0x85,0x5e,0xd8,0xc7,0x2c,0x43,0x5e,0xe0,0xc5,0x6b,0x0c,
    0x47,0x84,0x07,0xeb,0x06,0xc3,0x37,0x1c,0x21,0x1e,0xac,0x1b,0x10,0x5f,0x09,0x81,0x4e,0x37,0xb8,0x6e,0xf0,0xba,0x41,0x30,
    0x4b,0xa0,0x17,0x77,0x0c,0x65,0x81,0x79,0xc8,0xc7,0x82,0xd9,0x0d,0xe0,0x33,0x62,0x60,0x00,0x20,0x08,0x06,0x4d,0x29,0x07,
    0x26,0x1c,0x04,0x17,0x10,0x34,0x62,0x60,0x00,0x20,0x08,0x06,0xcd,0x29,0x07,0x26,0x1c,0x0c,0xc3,0x0d,0x02,0x0a,0x07,0x66,
    0x30,0xdc,0x30,0x38,0x68,0x50,0x42,0xa0,0x86,0xbb,0x01,0x11,0x9f,0xe9,0x86,0x40,0x77,0x03,0xc1,0x8e,0x50,0x0e,0x40,0x30,
    0xdc,0x80,0xb0,0x70,0x60,0x06,0xc3,0x0d,0x02,0x85,0x06,0x25,0x04,0x3a,0xdd,0xa0,0xfc,0x6e,0x10,0x58,0x60,0xc0,0x67,0x96,
    0x40,0x2f,0x06,0x3a,0x06,0x21,0x2f,0xc8,0x00,0x2f,0x40,0x5f,0xb0,0x8b,0x59,0x86,0xbd,0xf0,0x0b,0x15,0x99,0x65,0xe8,0x0b,
    0xbe,0x28,0x8f,0xe1,0x08,0xfb,0x10,0xdf,0x60,0xf8,0x86,0x23,0xee,0x43,0x7c,0x03,0xe2,0x2b,0x21,0xd0,0xe9,0x06,0xf2,0x0d,
    0xca,0x37,0x08,0x66,0x09,0xfc,0xe2,0xb8,0xa1,0x2c,0xd8,0x0f,0xf9,0x58,0x90,0xbe,0x01,0x7c,0x46,0x0c,0x0c,0x00,0x04,0xc1,
    0xa0,0xd9,0xe5,0x80,0x87,0x83,0xe0,0x02,0x82,0x46,0x0c,0x0c,0x00,0x04,0xc1,0xa0,0xe9,0xe5,0x80,0x87,0x83,0x61,0xb8,0x41,
    0xf0,0xe1,0xc0,0x0c,0x86,0x1b,0x86,0x31,0x40,0x83,0x12,0x02,0x35,0xf7,0x0d,0x88,0xf8,0x4c,0x37,0x04,0xf0,0x1b,0x08,0x76,
    0xdc,0x72,0x00,0x82,0xe1,0x06,0x44,0x8c,0x03,0x33,0x18,0x6e,0x10,0xd2,0x00,0x0d,0x4a,0x08,0x74,0xba,0x41,0xa9,0xdf,0x20,
    0xb0,0xc0,0x80,0xcf,0x2c,0x81,0x5f,0x0c,0x74,0x0c,0x42,0x5f,0x90,0x01,0x5f,0xb0,0xbf,0xa0,0x17,0x16,0x5c,0xf2,0x99,0x65,
    0xf8,0x0b,0xd1,0xe0,0x85,0x59,0x86,0xd0,0x00,0x0d,0xfe,0x18,0x8e,0x60,0x91,0xfc,0x0d,0x86,0x6f,0x38,0xa2,0x45,0xf2,0x37,
    0x20,0xbe,0x12,0x02,0x9d,0x6e,0xd8,0xdf,0x80,0x7f,0x83,0x60,0x96,0x40,0x34,0x4e,0x0e,0x86,0xb2,0x20,0x46,0xe4,0x63,0x01,
    0x08,0x07,0xf0,0x19,0x31,0x30,0x00,0x10,0x04,0x83,0x46,0x9e,0x83,0x39,0x0e,0x82,0x0b,0x08,0x1a,0x31,0x30,0x00,0x10,0x04,
    0x83,0x86,0x9e,0x83,0x39,0x0e,0x86,0xe1,0x06,0xa1,0x8e,0x03,0x33,0x18,0x6e,0x18,0xf2,0x00,0x0d,0x4a,0x08,0xd4,0x4a,0x38,
    0x20,0xe2,0x33,0xdd,0x10,0x9c,0x70,0x20,0xd8,0xe1,0xce,0x01,0x08,0x86,0x1b,0x90,0x3c,0x0e,0xcc,0x60,0xb8,0x41,0xf8,0x03,
    0x34,0x28,0x21,0xd0,0xe9,0x06,0x85,0x85,0x83,0xc0,0x02,0x03,0x3e,0xb3,0x04,0xa2,0x31,0xd0,0x31,0x08,0xa1,0x41,0x06,0xa0,
    0xa1,0x83,0x83,0x5f,0xd8,0x15,0xc8,0xe7,0xd4,0x62,0xa8,0x11,0x83,0x07,0x00,0x41,0x30,0xc0,0xfe,0x39,0xe8,0xe3,0xc0,0x85,
    0x03,0xff,0x0d,0xcc,0xa4,0x4c,0xc8,0x64,0x86,0x03,0x7b,0x0e,0xec,0x39,0xb0,0xe7,0x20,0x18,0x4d,0x08,0x80,0xd1,0x04,0x21,
    0x18,0x4d,0x18,0x84,0xd1,0x04,0x62,0x30,0x42,0x17,0xe2,0x63,0x84,0x2e,0xc4,0xc7,0x08,0x5d,0x88,0x8f,0x11,0xba,0x10,0x1f,
    0x23,0x16,0xf9,0x18,0xc1,0xc8,0xc7,0x88,0x46,0x3e,0x46,0x38,0xf2,0x31,0x42,0x1c,0xe0,0x63,0x84,0x38,0xc0,0xc7,0x08,0x71,
    0x80,0x8f,0x11,0xe2,0x00,0x1f,0xf3,0x05,0x24,0x3e,0xe6,0x0b,0x48,0x7c,0xcc,0x17,0x90,0xf8,0x98,0x2f,0x20,0xf1,0x31,0x82,
    0x2f,0xe4,0x63,0x44,0x5f,0xc8,0xc7,0x08,0xbf,0x90,0x8f,0x11,0x7f,0x21,0x1f,0x23,0x18,0xf8,0x18,0xc1,0xc0,0xc7,0x08,0x06,
    0x3e,0x46,0x30,0xf0,0x99,0x25,0x20,0x8d,0x11,0x83,0x07,0x00,0x41,0x30,0xc0,0x78,0x3a,0xd0,0xe5,0x60,0x8d,0x83,0x1d,0x0e,
    0x46,0x45,0x54,0x42,0x05,0x8e,0x83,0x99,0x0e,0x66,0x3a,0x98,0xe9,0x20,0x5c,0x46,0x13,0x02,0x60,0x34,0x41,0x08,0x46,0x13,
    0x06,0x61,0x34,0x81,0x18,0x66,0x09,0x48,0x63,0xa0,0x63,0x40,0x46,0x83,0x6c,0xd2,0x42,0x12,0x8d,0x81,0x8e,0x01,0x19,0x0d,
    0xb2,0x49,0x0b,0x49,0x34,0x06,0x3a,0x06,0x64,0x34,0xc8,0x26,0x2d,0x24,0xd1,0x18,0xe8,0x18,0x90,0xd1,0x20,0x9b,0xb4,0x90,
    0x44,0xc3,0x08,0x5c,0x81,0x8f,0x11,0xb8,0x02,0x1f,0x23,0x70,0x05,0x3e,0x46,0xe0,0x0a,0x7c,0x0c,0x57,0xc2,0x3a,0x80,0xc1,
    0x70,0x43,0xf0,0x2b,0x68,0x30,0xcb,0x90,0x13,0xa5,0x11,0xcc,0x12,0x98,0xc6,0x40,0xc5,0xa0,0x8f,0xc3,0x4d,0x30,0xa5,0x31,
    0x50,0x31,0xf0,0xe3,0x70,0x13,0x4c,0x69,0x0c,0x54,0x0c,0xfe,0x38,0xdc,0x04,0x53,0x1a,0x03,0x15,0x03,0x48,0x0e,0x37,0xc1,
    0x94,0x86,0x11,0xfa,0x42,0x1f,0x23,0xf6,0x85,0x3e,0x46,0xf0,0x0b,0x7d,0x8c,0xe8,0x17,0xfa,0xcc,0x12,0xb8,0xc8,0x88,0x81,
    0x01,0x80,0x20,0x18,0x34,0x77,0x1d,0xb0,0x73,0x90,0xa7,0x81,0x05,0x6d,0x1a,0xc8,0xc7,0x84,0x36,0x0d,0xe4,0x63,0x43,0x9b,
    0x06,0xf2,0x31,0x62,0x4e,0x03,0xf9,0x58,0x31,0xa7,0x81,0x7c,0xcc,0x98,0xd3,0x40,0x3e,0x23,0x06,0x15,0x00,0x82,0x60,0xa0,
    0xe5,0x75,0xa0,0xce,0x41,0x2a,0x07,0x79,0x1c,0xe8,0x68,0x90,0xa3,0x01,0x8e,0x06,0xae,0x1c,0xc4,0x75,0x10,0xd7,0x41,0x5c,
    0x07,0x83,0x10,0x18,0x05,0xe1,0xca,0xc1,0x68,0x42,0x00,0x8c,0x26,0x08,0xc1,0x68,0xc2,0x20,0x8c,0x26,0x10,0xc3,0x2c,0x81,
    0x8b,0xcc,0x32,0xa4,0x46,0x7f,0xf0,0x69,0x30,0x62,0x70,0x00,0x20,0x08,0x06,0x1d,0x5f,0x07,0xfe,0x1c,0xbc,0x72,0x60,0xd7,
    0xc1,0x68,0x42,0x00,0x8c,0x26,0x08,0xc1,0x68,0xc2,0x20,0xdc,0x30,0xd4,0x0d,0x43,0xdd,0x30,0x94,0x0d,0x7f,0x1a,0xc8,0xc7,
    0x86,0x3f,0x0d,0xe4,0x63,0xc3,0x9f,0x06,0xf2,0xb1,0x61,0x90,0x8f,0x0d,0x83,0x7c,0x4c,0x08,0xe0,0x63,0x04,0x21,0x1f,0x13,
    0x02,0xf8,0x8c,0x18,0x18,0x00,0x08,0x82,0x41,0x23,0xdb,0x01,0x4a,0x07,0x81,0x31,0xab,0x1a,0xc8,0xc7,0x98,0x55,0x0d,0xe4,
    0x63,0xcc,0xaa,0x06,0xf2,0xb1,0x61,0x90,0x8f,0x0d,0x83,0x7c,0x4c,0x08,0xe0,0x63,0x04,0x21,0x1f,0x13,0x02,0xf8,0x8c,0x18,
    0x18,0x00,0x08,0x82,0x41,0xb3,0xdb,0x41,0x4c,0x07,0xc1,0x88,0xc1,0x01,0x80,0x20,0x18,0x44,0xba,0x1d,0x80,0x75,0x10,0x28,
    0x23,0x06,0x07,0x00,0x82,0x60,0x10,0xed,0x76,0x00,0xd6,0x81,0xb0,0x0c,0x47,0x08,0xeb,0x1c,0x28,0xdf,0x2c,0x83,0x6a,0xac,
    0x46,0x30,0x62,0x70,0x00,0x20,0x08,0x06,0x51,0x6f,0x07,0x63,0x1d,0x08,0xf2,0x1c,0x18,0x11,0xd0,0x67,0xc4,0xc0,0x00,0x40,
    0x10,0x0c,0x9a,0xf0,0x0e,0x60,0x3a,0x08,0x46,0x0c,0x0e,0x00,0x04,0xc1,0x20,0x02,0xef,0xc0,0xac,0x83,0x77,0x0e,0x82,0x11,
    0x83,0x03,0x00,0x41,0x30,0x88,0xc2,0x3b,0x30,0xeb,0xc0,0x57,0x83,0x60,0x96,0x60,0x35,0x06,0x2a,0x06,0x41,0x35,0xc4,0x73,
    0x48,0x0d,0x4b,0x02,0xfa,0x8c,0x18,0x1c,0x00,0x08,0x82,0x41,0x44,0xde,0x81,0x5a,0x07,0x41,0x32,0x62,0x70,0x00,0x20,0x08,
    0x06,0x51,0x79,0x07,0x6b,0x1d,0x04,0xfc,0x1c,0x8c,0x18,0x18,0x00,0x08,0x82,0x41,0x83,0xde,0xc1,0x4e,0x07,0x81,0x05,0xeb,
    0x1a,0xc0,0x67,0xc4,0xe0,0x00,0x40,0x10,0x0c,0x22,0xf4,0x0e,0xdc,0x3a,0x08,0xd0,0x35,0x18,0x8e,0x80,0xb2,0xe1,0x9b,0x6e,
    0x20,0xd7,0x20,0x5c,0x83,0x60,0xba,0x81,0x5c,0x83,0x70,0x0d,0x84,0xe9,0x06,0x72,0x0d,0xc2,0x35,0x18,0x46,0x0c,0x0e,0x00,
    0x04,0xc1,0x80,0x0c,0xca,0x3b,0x60,0xeb,0x60,0x97,0x03,0xbb,0x0e,0x46,0x13,0x02,0xe0,0x02,0x62,0x2a,0xb8,0xed,0x40,0x87,
    0x1b,0x02,0xf0,0x0e,0xc0,0xa0,0x06,0xb1,0x0e,0x74,0xb8,0x21,0x70,0xeb,0x00,0x0c,0x6a,0x08,0x76,0x96,0xa1,0x35,0x58,0x23,
    0x28,0xe3,0xad,0x03,0x1d,0x6e,0x08,0xde,0x3a,0x00,0x83,0x59,0x82,0xd6,0x18,0xa8,0x50,0x78,0x76,0x58,0x0d,0x81,0x35,0xce,
    0x22,0x68,0xb8,0x21,0x70,0xef,0xc0,0x0c,0x66,0x19,0x5c,0x83,0x3f,0x82,0x59,0x82,0xd7,0x18,0xa8,0x18,0xe2,0x4a,0x3f,0x68,
    0x74,0x70,0x8d,0x81,0x8a,0x21,0xae,0xf4,0xc3,0x46,0x07,0xd7,0x18,0xa8,0x18,0xe2,0x4a,0x3f,0x70,0x74,0x70,0x8d,0x81,0x8a,
    0x21,0xae,0xf4,0x43,0x47,0x07,0xd7,0x18,0xa8,0x20,0xe2,0x4a,0x3f,0xcc,0x77,0x70,0x8d,0x0b,0x06,0xb3,0x60,0xa6,0x03,0xf8,
    0x58,0xf0,0xd1,0xc7,0x82,0x99,0x0e,0xe0,0x63,0x41,0x26,0x1f,0x13,0x32,0xf9,0xd8,0x90,0xc9,0xc7,0x06,0x72,0x0d,0xe0,0x63,
    0x03,0xb9,0x06,0xf0,0xb1,0x81,0x5c,0x03,0xf8,0xcc,0x32,0xc0,0x46,0x7e,0x48,0x23,0x06,0x07,0x00,0x82,0x60,0xd0,0x91,0x78,
    0x60,0xda,0xc1,0x4d,0x07,0xfe,0x1d,0x8c,0x26,0x04,0xc3,0x88,0xc1,0x01,0x80,0x20,0x18,0x90,0xc1,0x88,0x07,0xaa,0x1d,0xe4,
    0x73,0x40,0xdb,0xc1,0x68,0x42,0x30,0x5c,0x40,0xcc,0x70,0x43,0x30,0xe2,0x01,0x18,0xcc,0x32,0xc8,0x46,0x6c,0x04,0x55,0xc4,
    0x76,0x00,0x17,0x0c,0x35,0x62,0x70,0x00,0x20,0x08,0x06,0x51,0x8c,0x07,0xb7,0x1d,0xa4,0x41,0x58,0x07,0x23,0x06,0x07,0x00,
    0x82,0x60,0x10,0xc9,0x78,0x70,0xdb,0x41,0x20,0xcc,0x12,0xc8,0xc6,0x40,0xc5,0x20,0xc4,0x86,0xa9,0x0e,0xb0,0x31,0x1c,0x11,
    0x90,0x75,0x20,0x7c,0xa3,0x09,0x4a,0x30,0x9a,0xb0,0x08,0xd3,0x0d,0x42,0x30,0x0c,0x47,0x04,0x67,0x1d,0x38,0xdf,0x70,0x03,
    0xb3,0xe2,0x41,0x18,0x0c,0x37,0x34,0x27,0x1e,0x84,0x41,0x09,0x81,0xce,0x32,0xcc,0x06,0x78,0x04,0x96,0xbc,0x75,0x00,0x9f,
    0x11,0x03,0x03,0x00,0x41,0x30,0x68,0x7e,0x3c,0x00,0xef,0x20,0xb8,0x80,0x98,0x11,0x83,0x03,0x00,0x41,0x30,0xe8,0x74,0x3c,
    0xe0,0xed,0xa0,0xad,0x83,0x60,0x34,0x21,0x00,0x46,0x13,0x84,0x60,0x34,0x61,0x10,0x66,0x19,0x68,0xe3,0x36,0xe4,0x60,0x96,
    0xc1,0x36,0x6a,0x63,0x19,0x8e,0xe8,0xe6,0x3a,0x18,0xbe,0xe1,0x08,0x6f,0xae,0x03,0xe2,0x2b,0x21,0xd0,0xe9,0x86,0xba,0x0e,
    0xec,0x3a,0x08,0x66,0x09,0x6e,0xe3,0x8e,0xa1,0x2c,0x10,0x03,0xf9,0x58,0xa0,0xd7,0x01,0x7c,0x46,0x0c,0x0c,0x00,0x04,0xc1,
    0xa0,0x61,0xf3,0xa0,0xbd,0x83,0xe0,0x02,0x82,0x46,0x0c,0x0c,0x00,0x04,0xc1,0xa0,0x71,0xf3,0xa0,0xbd,0x83,0x61,0xb8,0x41,
    0x78,0xef,0xc0,0x0c,0x86,0x1b,0x06,0x07,0x0d,0x4a,0x08,0xd4,0xfe,0x3a,0x20,0xe2,0x33,0xdd,0x10,0x84,0x76,0x20,0xd8,0x81,
    0xe6,0x01,0x08,0x86,0x1b,0x90,0xf9,0x0e,0xcc,0x60,0xb8,0x41,0xa0,0xd0,0xa0,0x84,0x40,0xa7,0x1b,0x14,0xd3,0x0e,0x02,0x0b,
    0x0c,0xf8,0xcc,0x12,0xdc,0xc6,0x40,0xc7,0x20,0xd8,0x06,0x19,0xd4,0x86,0xcb,0x0e,0xb3,0x31,0xcb,0x80,0x1b,0xbb,0x61,0x0a,
    0xb3,0x0c,0xba,0x91,0x1b,0x61,0x30,0x1c,0x21,0x07,0xa9,0x1d,0x0c,0xdf,0x70,0xc4,0x1c,0xa4,0x76,0x40,0x7c,0x25,0x04,0x3a,
    0xdd,0xb0,0xda,0x01,0x6b,0x07,0xc1,0x2c,0xc1,0x6e,0x1c,0x37,0x94,0x05,0x77,0x20,0x1f,0x0b,0x60,0x3b,0x80,0xcf,0x88,0x81,
    0x01,0x80,0x20,0x18,0x34,0xa2,0x1e,0x8c,0x78,0x10,0x5c,0x40,0xd0,0x88,0x81,0x01,0x80,0x20,0x18,0x34,0xa4,0x1e,0x8c,0x78,
    0x30,0x0c,0x37,0x08,0x25,0x1e,0x98,0xc1,0x70,0xc3,0x30,0x06,0x68,0x50,0x42,0xa0,0x56,0xdb,0x01,0x11,0x9f,0xe9,0x86,0xe0,
    0xb6,0x03,0xc1,0x0e,0x3f,0x0f,0x40,0x30,0xdc,0x80,0xa4,0x78,0x60,0x06,0xc3,0x0d,0x42,0x1a,0xa0,0x41,0x09,0x81,0x4e,0x37,
    0x28,0xbc,0x1d,0x04,0x16,0x18,0xf0,0x99,0x25,0xd8,0x8d,0x81,0x8e,0x41,0xd0,0x0d,0x32,0xc8,0x0d,0xbd,0x1d,0x6e,0xc3,0x82,
    0x4b,0x3e,0x15,0x0e,0x2a,0x1e,0xe8,0x70,0x43,0xa0,0xe2,0x01,0x18,0xcc,0x32,0xf0,0xc6,0x6f,0x04,0xb3,0x0c,0xbe,0xd1,0x1b,
    0x7a,0x30,0x1c,0xa1,0x0a,0xe2,0x1d,0x0c,0xdf,0x70,0xc4,0x2a,0x88,0x77,0x40,0x7c,0x25,0x04,0x3a,0xdd,0x40,0xde,0x41,0x79,
    0x07,0xc1,0x2c,0xc1,0x6f,0x1c,0x1d,0x0c,0x65,0xc1,0x2b,0xc8,0xc7,0x82,0xf4,0x0e,0xe0,0x33,0x62,0x60,0x00,0x20,0x08,0x06,
    0xcd,0xae,0x07,0x3c,0x1e,0x04,0x17,0x10,0x34,0x62,0x60,0x00,0x20,0x08,0x06,0x4d,0xaf,0x07,0x3c,0x1e,0x0c,0xc3,0x0d,0x82,
    0x8f,0x07,0x66,0x30,0xdc,0x30,0xec,0x01,0x1a,0x94,0x10,0xa8,0xb9,0x77,0x40,0xc4,0x67,0xba,0x21,0x80,0xef,0x40,0xb0,0xe3,
    0xd6,0x03,0x10,0x0c,0x37,0x20,0x62,0x1e,0x98,0xc1,0x70,0x83,0x10,0x0a,0x68,0x50,0x42,0xa0,0xd3,0x0d,0x4a,0x7d,0x07,0x81,
    0x05,0x06,0x7c,0x66,0x09,0x7e,0x63,0xa0,0x63,0x10,0x7c,0x83,0x0c,0x7a,0x83,0x7d,0x87,0xdd,0xb0,0x2c,0x90,0xcf,0xad,0xc2,
    0x50,0x23,0x06,0x0f,0x00,0x82,0x60,0x80,0xa1,0x7b,0x60,0xe6,0x01,0x7e,0x07,0xe8,0x1d,0x90,0xc3,0x38,0x88,0x03,0x7f,0x07,
    0xbf,0x1e,0xfc,0x7a,0xf0,0xeb,0x41,0x30,0x9a,0x10,0x00,0xa3,0x09,0x42,0x30,0x9a,0x30,0x08,0xa3,0x09,0xc4,0x30,0x62,0x70,
    0x00,0x20,0x08,0x06,0x64,0x70,0xee,0x81,0x9b,0x07,0xbd,0x1d,0xb0,0x79,0x30,0x9a,0x10,0x00,0xa3,0x09,0x42,0x30,0x9a,0x30,
    0x08,0xa3,0x09,0xc4,0x60,0x09,0x11,0x1f,0x4b,0x88,0xf8,0x58,0x42,0xc4,0xc7,0x12,0x22,0x3e,0x46,0x40,0xf2,0x31,0x22,0x92,
    0x8f,0x11,0x92,0x7c,0x8c,0x98,0xe4,0x63,0x04,0x03,0x1f,0x23,0x18,0xf8,0x18,0xc1,0xc0,0xc7,0x08,0x06,0x3e,0xb3,0x04,0xfa,
    0x31,0x62,0x60,0x00,0x20,0x08,0x06,0x8d,0xc8,0x07,0xa3,0x1e,0xb4,0xc3,0x05,0xc4,0x14,0x3e,0x90,0x7a,0x00,0x25,0xe4,0x7b,
    0x00,0x23,0x06,0x07,0x00,0x82,0x60,0xf0,0xf9,0x7b,0x30,0xe7,0x41,0x20,0x8c,0x18,0x18,0x00,0x08,0x82,0x41,0x73,0xf2,0x81,
    0xa9,0x07,0xf2,0x30,0x62,0x70,0x00,0x20,0x08,0x06,0x5d,0xc8,0x07,0xa3,0x1e,0xd0,0x78,0x20,0x8c,0x26,0x04,0xc0,0x68,0x82,
    0x10,0x8c,0x26,0x0c,0xc2,0x2c,0x43,0x78,0x90,0x47,0x4e,0xcc,0x32,0x8c,0x87,0x78,0xc8,0xc3,0x70,0x04,0x49,0xe8,0x78,0x30,
    0x7c,0xc3,0x11,0x25,0xa1,0xe3,0x01,0xf1,0x95,0x10,0xe8,0x74,0x03,0x8f,0x07,0x3d,0x1e,0x04,0xb3,0x04,0xe4,0x71,0xc7,0x50,
    0x16,0xa4,0x84,0x7c,0x2c,0x08,0xf3,0x00,0x3e,0x23,0x06,0x06,0x00,0x82,0x60,0xd0,0xcc,0x7c,0x40,0xeb,0x41,0x70,0x01,0x41,
    0x23,0x06,0x06,0x00,0x82,0x60,0xd0,0xd4,0x7c,0x40,0xeb,0xc1,0x30,0xdc,0x20,0xd8,0x7a,0x60,0x06,0xc3,0x0d,0x83,0x83,0x06,
    0x25,0x04,0x6a,0x66,0x1e,0x10,0xf1,0x99,0x6e,0x08,0xd0,0x3c,0x10,0xec,0x78,0xf9,0x00,0x04,0xc3,0x0d,0x88,0xae,0x07,0x66,
    0x30,0xdc,0x20,0x50,0x68,0x50,0x42,0xa0,0xd3,0x0d,0x4a,0x9b,0x07,0x81,0x05,0x06,0x7c,0x66,0x09,0xc8,0x63,0xa0,0x63,0x10,
    0xc6,0x83,0x0c,0xc4,0x83,0x97,0x07,0xf0,0x98,0x65,0x28,0x0f,0xf4,0x68,0x8b,0x59,0x86,0xf3,0x30,0x0f,0x94,0x18,0x8e,0xc8,
    0x09,0x38,0x0f,0x86,0x6f,0x38,0x42,0x27,0xe0,0x3c,0x20,0xbe,0x12,0x02,0x9d,0x6e,0x90,0xf3,0x60,0xce,0x83,0x60,0x96,0x00,
    0x3d,0x8e,0x1b,0xca,0x02,0x9f,0x90,0x8f,0x05,0x77,0x1e,0xc0,0x67,0xc4,0xc0,0x00,0x40,0x10,0x0c,0x9a,0xb4,0x0f,0xd4,0x3d,
    0x08,0x2e,0x20,0x68,0xc4,0xc0,0x00,0x40,0x10,0x0c,0x9a,0xb5,0x0f,0xd4,0x3d,0x18,0x86,0x1b,0x04,0x76,0x0f,0xcc,0x60,0xb8,
    0x61,0x18,0x03,0x34,0x28,0x21,0x50,0xe3,0xf3,0x80,0x88,0xcf,0x74,0x43,0xe0,0xe7,0x81,0x60,0x47,0xd9,0x07,0x20,0x18,0x6e,
    0x40,0xe0,0x3d,0x30,0x83,0xe1,0x06,0x21,0x0d,0xd0,0xa0,0x84,0x40,0xa7,0x1b,0x94,0x51,0x0f,0x02,0x0b,0x0c,0xf8,0xcc,0x12,
    0xa0,0xc7,0x40,0xc7,0x20,0x9c,0x07,0x19,0x98,0x07,0x4a,0x0f,0xe4,0x61,0xc1,0x25,0x9f,0x42,0x8d,0x78,0x0f,0x74,0xb8,0x21,
    0x88,0xf7,0x00,0x0c,0x66,0x19,0xd2,0x83,0x3d,0x82,0x59,0x86,0xf5,0x50,0x8f,0xb0,0x18,0x8e,0x88,0x8b,0x54,0x0f,0x86,0x6f,
    0x38,0x42,0x2e,0x52,0x3d,0x20,0xbe,0x12,0x02,0x9d,0x6e,0x58,0xf5,0x80,0xd5,0x83,0x60,0x96,0x80,0x3d,0x8e,0x0e,0x86,0xb2,
    0xc0,0x2e,0xe4,0x63,0x01,0xac,0x07,0xf0,0x19,0x31,0x30,0x00,0x10,0x04,0x83,0x46,0xf4,0x83,0x91,0x0f,0x82,0x0b,0x08,0x1a,
    0x31,0x30,0x00,0x10,0x04,0x83,0x86,0xf4,0x83,0x91,0x0f,0x86,0xe1,0x06,0xa1,0xe4,0x03,0x33,0x18,0x6e,0x18,0xf6,0x00,0x0d,
    0x4a,0x08,0xd4,0x6a,0x3d,0x20,0xe2,0x33,0xdd,0x10,0xdc,0x7a,0x20,0xd8,0xe1,0xf7,0x01,0x08,0x86,0x1b,0x90,0x94,0x0f,0xcc,
    0x60,0xb8,0x41,0x08,0x05,0x34,0x28,0x21,0xd0,0xe9,0x06,0x85,0xd7,0x83,0xc0,0x02,0x03,0x3e,0xb3,0x04,0xec,0x31,0xd0,0x31,
    0x08,0xeb,0x41,0x06,0xea,0xa1,0xd7,0x03,0x7a,0x58,0x16,0xc8,0xe7,0x58,0x61,0xa8,0x11,0x83,0x07,0x00,0x41,0x30,0xc0,0x5e,
    0x3f,0x68,0xf9,0xe0,0xd7,0x83,0x57,0x0f,0x56,0x43,0x35,0x52,0x63,0xdc,0x03,0xd3,0x0f,0x4c,0x3f,0x30,0xfd,0x20,0x18,0x4d,
    0x08,0x80,0xd1,0x04,0x21,0x18,0x4d,0x18,0x84,0xd1,0x04,0x62,0x18,0x31,0x38,0x00,0x10,0x04,0x03,0x32,0x70,0xfd,0xa0,0xe6,
    0x03,0x52,0x0f,0x66,0x3e,0x18,0x4d,0x08,0x80,0xd1,0x04,0x21,0x18,0x4d,0x18,0x84,0xd1,0x04,0x62,0xb0,0x84,0x88,0x8f,0x25,
    0x44,0x7c,0x2c,0x21,0xe2,0x63,0x09,0x11,0x1f,0x23,0x20,0xf9,0x18,0x11,0xc9,0xc7,0x08,0x49,0x3e,0x46,0x4c,0xf2,0x19,0x31,
    0x38,0x00,0x10,0x04,0x83,0xce,0xf7,0x03,0xb0,0x0f,0xe2,0x3d,0x10,0x87,0xd1,0x84,0x00,0x18,0x4d,0x10,0x82,0xd1,0x84,0x41,
    0x98,0x65,0x68,0x0f,0xf8,0xb0,0x8f,0x59,0x86,0xf7,0x70,0x8f,0xd7,0x18,0x8e,0x08,0x8f,0x7b,0x0f,0x86,0x6f,0x38,0x42,0x3c,
    0xee,0x3d,0x20,0xbe,0x12,0x02,0x9d,0x6e,0xc8,0xf7,0x40,0xdf,0x83,0x60,0x96,0x00,0x3e,0xee,0x18,0xca,0x02,0xf3,0x90,0x8f,
    0x05,0xfe,0x1e,0xc0,0x67,0xc4,0xc0,0x00,0x40,0x10,0x0c,0x1a,0xf8,0x0f,0xe2,0x3e,0x08,0x2e,0x20,0x68,0xc4,0xc0,0x00,0x40,
    0x10,0x0c,0x1a,0xf9,0x0f,0xe2,0x3e,0x18,0x86,0x1b,0x84,0xb9,0x0f,0xcc,0x60,0xb8,0x61,0x70,0xd0,0xa0,0x84,0x40,0x6d,0xe4,
    0x03,0x22,0x3e,0xd3,0x0d,0x41,0xc9,0x07,0x82,0x1d,0xec,0x1f,0x80,0x60,0xb8,0x01,0xb9,0xfb,0xc0,0x0c,0x86,0x1b,0x04,0x0a,
    0x0d,0x4a,0x08,0x74,0xba,0x41,0x51,0xf9,0x20,0xb0,0xc0,0x80,0xcf,0x2c,0x01,0x7c,0x0c,0x74,0x0c,0xc2,0x7b,0x90,0x81,0x7b,
    0xd8,0xf8,0xc0,0x1e,0xb3,0x0c,0xf1,0x41,0x1f,0x2a,0x32,0xcb,0x30,0x1f,0xf2,0x51,0x1e,0xc3,0x11,0xf6,0xd1,0xf2,0xc1,0xf0,
    0x0d,0x47,0xdc,0x47,0xcb,0x07,0xc4,0x57,0x42,0xa0,0xd3,0x0d,0x2f,0x1f,0xc0,0x7c,0x10,0xcc,0x12,0xd0,0xc7,0x71,0x43,0x59,
    0xb0,0x1f,0xf2,0xb1,0x80,0xe6,0x03,0xf8,0x8c,0x18,0x18,0x00,0x08,0x82,0x41,0x63,0x82,0xc2,0xe9,0x07,0xc1,0x05,0x04,0x8d,
    0x18,0x18,0x00,0x08,0x82,0x41,0x83,0x82,0xc2,0xe9,0x07,0xc3,0x70,0x83,0x90,0xfa,0x81,0x19,0x0c,0x37,0x0c,0x63,0x80,0x06,
    0x25,0x04,0x6a,0x39,0x1f,0x10,0xf1,0x99,0x6e,0x08,0x76,0x3e,0x10,0xec,0x10,0x41,0x01,0x04,0xc3,0x0d,0x48,0xeb,0x07,0x66,
    0x30,0xdc,0x20,0xa4,0x01,0x1a,0x94,0x10,0xe8,0x74,0x83,0x02,0xf6,0x41,0x60,0x81,0x01,0x9f,0x59,0x02,0xfa,0x18,0xe8,0x18,
    0x84,0xf9,0x20,0x03,0xf9,0x10,0xf5,0x01,0x3e,0x2c,0xb8,0xe4,0x33,0xcb,0x50,0x1f,0xf8,0xc1,0x0b,0xb3,0x0c,0xf7,0x61,0x1f,
    0xfc,0x31,0x1c,0xc1,0x22,0x64,0x1f,0x0c,0xdf,0x70,0x44,0x8b,0x90,0x7d,0x40,0x7c,0x25,0x04,0x3a,0xdd,0x60,0xf6,0xc1,0xd9,
    0x07,0xc1,0x2c,0x01,0x7e,0x9c,0x1c,0x0c,0x65,0x41,0x8c,0xc8,0xc7,0x82,0xb5,0x0f,0xe0,0x33,0x62,0x60,0x00,0x20,0x08,0x06,
    0x4d,0x0f,0x0a,0xbe,0x1f,0x04,0x17,0x10,0x34,0x62,0x60,0x00,0x20,0x08,0x06,0xcd,0x0f,0x0a,0xbe,0x1f,0x0c,0xc3,0x0d,0x02,
    0xf8,0x07,0x66,0x30,0xdc,0x30,0xe4,0x01,0x1a,0x94,0x10,0xa8,0xc1,0x7d,0x40,0xc4,0x67,0xba,0x21,0x90,0xfb,0x40,0xb0,0x23,
    0x07,0x05,0x10,0x0c,0x37,0x20,0xe4,0x1f,0x98,0xc1,0x70,0x83,0xf0,0x07,0x68,0x50,0x42,0xa0,0xd3,0x0d,0xca,0xdd,0x07,0x81,
    0x05,0x06,0x7c,0x66,0x09,0xf0,0x63,0xa0,0x63,0x10,0xee,0x83,0x0c,0xec,0x03,0xde,0x07,0xfa,0xb0,0x2b,0x90,0xcf,0xa9,0xc5,
    0x50,0x23,0x06,0x0f,0x00,0x82,0x60,0x80,0xa9,0xa1,0x80,0xfe,0x81,0xde,0x07,0x6a,0x1f,0x98,0x49,0x99,0x90,0x89,0xdf,0x07,
    0x61,0x28,0x84,0xa1,0x10,0x86,0x42,0x30,0x9a,0x10,0x00,0xa3,0x09,0x42,0x30,0x9a,0x30,0x08,0xa3,0x09,0xc4,0x60,0x84,0x2e,
    0xc4,0xc7,0x08,0x5d,0x88,0x8f,0x11,0xba,0x10,0x1f,0x23,0x74,0x21,0x3e,0x46,0x2c,0xf2,0x31,0x82,0x91,0x8f,0x11,0x8d,0x7c,
    0x8c,0x70,0xe4,0x63,0x84,0x38,0xc0,0xc7,0x08,0x71,0x80,0x8f,0x11,0xe2,0x00,0x1f,0x23,0xc4,0x01,0x3e,0xe6,0x0b,0x48,0x7c,
    0xcc,0x17,0x90,0xf8,0x98,0x2f,0x20,0xf1,0x31,0x5f,0x40,0xe2,0x63,0x04,0x5f,0xc8,0xc7,0x88,0xbe,0x90,0x8f,0x11,0x7e,0x21,
    0x1f,0x23,0xfe,0x42,0x3e,0x46,0x30,0xf0,0x31,0x82,0x81,0x8f,0x11,0x0c,0x7c,0x8c,0x60,0xe0,0x33,0x4b,0xa0,0x1f,0x23,0x06,
    0x0f,0x00,0x82,0x60,0x80,0x9d,0xa2,0x50,0x82,0xc2,0xed,0x07,0xa7,0x1f,0x8c,0x8a,0xa8,0x84,0xca,0xee,0x07,0x7e,0x28,0xf8,
    0xa1,0xe0,0x87,0x42,0xb8,0x8c,0x26,0x04,0xc0,0x68,0x82,0x10,0x8c,0x26,0x0c,0xc2,0x68,0x02,0x31,0xcc,0x12,0xe8,0xc7,0x40,
    0xc7,0x80,0xe4,0x07,0xd9,0xfc,0x86,0x84,0x1f,0x03,0x1d,0x03,0x92,0x1f,0x64,0xf3,0x1b,0x12,0x7e,0x0c,0x74,0x0c,0x48,0x7e,
    0x90,0xcd,0x6f,0x48,0xf8,0x31,0xd0,0x31,0x20,0xf9,0x41,0x36,0xbf,0x21,0xe1,0x87,0x11,0xb8,0x02,0x1f,0x23,0x70,0x05,0x3e,
    0x46,0xe0,0x0a,0x7c,0x8c,0xc0,0x15,0xf8,0x18,0xae,0xb0,0xa2,0x00,0x83,0xe1,0x86,0xe0,0x57,0xd0,0x60,0x96,0xe1,0x35,0xf6,
    0x23,0x98,0x25,0xe0,0x8f,0x81,0x8a,0x01,0xf6,0x87,0xd6,0x60,0xf6,0x63,0xa0,0x62,0x90,0xfd,0xa1,0x35,0x98,0xfd,0x18,0xa8,
    0x18,0x68,0x7f,0x68,0x0d,0x66,0x3f,0x06,0x2a,0x06,0xdb,0x1f,0x5a,0x83,0xd9,0x0f,0x23,0xf4,0x85,0x3e,0x46,0xec,0x0b,0x7d,
    0x8c,0xe0,0x17,0xfa,0x18,0xd1,0x2f,0xf4,0x99,0x25,0x70,0x91,0x11,0x03,0x03,0x00,0x41,0x30,0x68,0xc4,0x51,0xb8,0x41,0x81,
    0xbc,0x03,0x0b,0x70,0x3b,0x90,0x8f,0x09,0xb8,0x1d,0xc8,0xc7,0x06,0xdc,0x0e,0xe4,0x63,0x84,0x6f,0x07,0xf2,0xb1,0xc2,0xb7,
    0x03,0xf9,0x98,0xe1,0xdb,0x81,0x7c,0x46,0x0c,0x2a,0x00,0x04,0xc1,0x40,0x23,0x47,0xa1,0x06,0x85,0xfa,0x0f,0xca,0x3f,0x28,
    0xed,0x80,0xb4,0x83,0xd1,0x0e,0xf2,0x3f,0xe0,0x45,0x81,0x17,0x05,0x5e,0x14,0x06,0x21,0x30,0x0a,0x22,0xff,0x83,0xd1,0x84,
    0x00,0x18,0x4d,0x10,0x82,0xd1,0x84,0x41,0x18,0x4d,0x20,0x86,0x59,0x02,0x17,0x19,0x6e,0x10,0xf7,0xc0,0x17,0x05,0x30,0x18,
    0x6e,0xb8,0xf5,0x40,0x1c,0x85,0x30,0xa8,0x40,0xd0,0x59,0x86,0xff,0x70,0x91,0x60,0xb8,0xc1,0xd6,0x03,0x72,0x14,0xc0,0x60,
    0x96,0x01,0x44,0x42,0x24,0x18,0x31,0x80,0x00,0x10,0x04,0x03,0x8b,0x1d,0x85,0x35,0x14,0xde,0x3f,0xf8,0xfd,0xc0,0xb5,0x83,
    0xd6,0x0e,0x44,0x50,0x10,0x41,0xa1,0x1c,0x85,0x72,0x14,0xe8,0x50,0x60,0xed,0x40,0x04,0x85,0xd1,0x84,0x00,0x98,0x25,0x70,
    0x91,0xe1,0x86,0x5c,0x0f,0xd0,0x51,0x00,0x83,0x59,0x06,0x11,0x19,0x91,0x60,0xc4,0x00,0x02,0x40,0x10,0x0c,0xac,0x77,0x14,
    0xdc,0x50,0x98,0xff,0x60,0xfc,0x83,0xd8,0x0e,0x60,0x3b,0x28,0x41,0xa1,0x04,0x05,0x74,0x14,0xd0,0x51,0xb8,0x43,0xe1,0xb5,
    0x83,0x12,0x14,0x46,0x13,0x02,0x60,0x96,0xc0,0x45,0x86,0x1b,0x78,0x3d,0x38,0x47,0x01,0x0c,0x66,0x19,0x48,0xa4,0x44,0x82,
    0x11,0x03,0x08,0x00,0x41,0x30,0xb0,0xe4,0x51,0x88,0x43,0xe1,0xfe,0x83,0xf3,0x0f,0x68,0x3b,0x98,0xed,0x00,0x05,0x05,0x14,
    0x14,0xd6,0x51,0x58,0x47,0x41,0x0f,0x05,0xd9,0x0e,0x50,0x50,0x18,0x4d,0x08,0x80,0x59,0x02,0x17,0x19,0x6e,0xf8,0xf5,0x00,
    0x1d,0x05,0x30,0x98,0x65,0x30,0x91,0x13,0x09,0x46,0x0c,0x20,0x00,0x04,0xc1,0xc0,0xaa,0x47,0x81,0x0e,0x85,0xfd,0x0f,0xd6,
    0x3f,0xb8,0xed,0xc0,0xb6,0x83,0x15,0x14,0x56,0x50,0x70,0x47,0xc1,0x1d,0x85,0x3e,0x14,0x6a,0x3b,0x58,0x41,0x61,0x34,0x21,
    0x00,0x66,0x09,0x5c,0x64,0xb8,0x41,0xdc,0x03,0x75,0x14,0xc0,0x60,0x96,0x01,0x45,0x52,0x24,0x18,0x31,0x80,0x00,0x10,0x04,
    0x03,0x0b,0x1f,0x85,0x3b,0x14,0xfe,0x3f,0x78,0xff,0x40,0xb7,0x83,0xdc,0x0e,0x5c,0x50,0x70,0x41,0x21,0x1e,0x85,0x78,0x14,
    0x40,0x51,0xc0,0xed,0xc0,0x05,0x85,0xd1,0x84,0x00,0x98,0x25,0x70,0x91,0xe1,0x86,0x72,0x0f,0xd8,0x51,0x00,0x83,0x59,0x06,
    0x15,0x59,0x91,0x60,0xc4,0x00,0x02,0x40,0x10,0x0c,0xac,0x7d,0x14,0xf4,0x50,0x18,0x41,0x61,0xfe,0x83,0xde,0x0e,0x78,0x3b,
    0x88,0x41,0x21,0x06,0x05,0x7a,0x14,0xe8,0x51,0x18,0x45,0x61,0xb7,0x83,0x18,0x14,0x46,0x13,0x02,0x60,0x96,0xc0,0x45,0x86,
    0x1b,0xd0,0x3d,0xa0,0x47,0x01,0x0c,0x66,0x19,0x58,0xa4,0x45,0x82,0x11,0x03,0x08,0x00,0x41,0x30,0xb0,0xfc,0x51,0xe8,0x43,
    0xe1,0x04,0x85,0xfb,0x0f,0xc0,0x3b,0xf8,0xed,0x80,0x06,0x05,0x1a,0x14,0xee,0x51,0xb8,0x47,0xc1,0x14,0x05,0xdf,0x0e,0x68,
    0x50,0x18,0x4d,0x08,0x80,0x59,0x02,0x17,0x19,0x31,0x80,0x00,0x10,0x04,0x03,0x0b,0x24,0x85,0x3f,0x14,0x54,0x50,0xd0,0xff,
    0x40,0xbc,0x83,0xf0,0x0e,0x6c,0x50,0xb0,0x41,0x21,0x1f,0x85,0x7c,0x14,0x50,0x51,0x00,0xef,0xc0,0x06,0x85,0xd1,0x84,0x00,
    0x98,0x25,0x70,0x91,0x81,0xda,0x60,0xf0,0xdb,0x81,0x93,0xdb,0xc1,0x33,0xdb,0x01,0x0c,0x78,0x76,0x08,0x03,0x36,0x24,0x24,
    0x5d,0x16,0x70,0x41,0x94,0x85,0x5c,0x10,0xf1,0xe0,0x25,0xd4,0x3b,0x80,0x09,0xb5,0x33,0x0d,0x99,0x3b,0x0d,0x5a,0xe0,0x0f,
    0x3e,0xe8,0x0f,0x36,0x24,0xfc,0x43,0x0d,0x40,0x84,0x0c,0x44,0xc4,0x23,0x11,0xcc,0x44,0x24,0x14,0x61,0x54,0xc4,0x60,0x11,
    0xa1,0x45,0x06,0x6a,0x83,0xc1,0x6f,0x07,0x4e,0x6e,0x07,0xcf,0x6c,0x07,0x30,0xe0,0xd9,0x21,0x0c,0xdc,0x90,0x90,0x74,0x59,
    0xc0,0x05,0x51,0x16,0x72,0x41,0xc4,0x83,0x97,0x50,0xef,0x00,0x26,0xd4,0xce,0x34,0x64,0xee,0x34,0x68,0x81,0x3f,0xf8,0xa0,
    0x3f,0xdc,0x90,0xf0,0x0f,0x36,0x00,0x11,0x33,0x10,0x11,0x30,0x20,0x11,0xcd,0x44,0x28,0x14,0x71,0x54,0x04,0x61,0x11,0xa2,
    0x45,0x06,0x6a,0x83,0xc1,0x6f,0x07,0x4e,0x6e,0x07,0xcf,0x6c,0x07,0x30,0xe0,0xd9,0x21,0x0c,0xe0,0x90,0x90,0x74,0x59,0xc0,
    0x05,0x51,0x16,0x72,0x41,0xc4,0x83,0x97,0x50,0xef,0x00,0x26,0xd4,0xce,0x34,0x64,0xee,0x34,0x68,0x81,0x3f,0xf8,0xa0,0x3f,
    0xe0,0x90,0xf0,0x0f,0x37,0x00,0x11,0x34,0x10,0x11,0x31,0x20,0x11,0xce,0x44,0x2c,0x14,0x81,0x54,0x44,0x61,0x11,0xa3,0x45,
    0x06,0x6a,0x83,0xc1,0x6f,0x07,0x4e,0x6e,0x07,0xcf,0x6c,0x07,0x30,0xe0,0xd9,0x21,0x0c,0xe0,0x90,0x90,0x74,0x59,0xc0,0x05,
    0x51,0x16,0x72,0x41,0xc4,0x83,0x97,0x50,0xef,0x00,0x26,0xd4,0xce,0x34,0x64,0xee,0x34,0x68,0x81,0x3f,0xf8,0xa0,0x3f,0xe4,
    0x90,0xf0,0x0f,0x38,0x00,0x11,0x35,0x10,0x11,0x32,0x20,0x11,0xcf,0x44,0x30,0x14,0x91,0x54,0x84,0x61,0x11,0xa4,0x45,0x86,
    0x1b,0x7c,0x3e,0xf8,0x43,0x01,0x0c,0x2a,0x60,0xf3,0x40,0x67,0x19,0x5e,0x04,0x46,0x02,0x93,0xf7,0x40,0x0e,0x05,0x18,0x8c,
    0x18,0x1c,0x00,0x08,0x82,0x01,0x19,0x94,0xa4,0xc0,0x8a,0xc2,0xfe,0x07,0xc1,0x68,0x42,0x00,0x58,0x50,0xf6,0x81,0x7c,0x46,
    0x13,0x86,0xc0,0x84,0x00,0x3e,0x23,0x06,0x07,0x00,0x82,0x60,0x10,0xc9,0xa4,0x80,0x8b,0x42,0x20,0x86,0xc2,0x88,0xc1,0x01,
    0x80,0x20,0x18,0x44,0x33,0x29,0xe0,0xa2,0x10,0x88,0xa1,0x60,0x81,0x23,0x1f,0x13,0x1c,0xf9,0xd8,0xe0,0xc8,0xc7,0x08,0x47,
    0x3e,0xb3,0x04,0x30,0x32,0x50,0x31,0x20,0x2f,0x42,0x06,0x2e,0x32,0x50,0x31,0x20,0x2f,0x42,0x06,0x2e,0x32,0x50,0x31,0x20,
    0x2f,0x42,0x06,0x2e,0x32,0x50,0x31,0x20,0x2f,0x42,0x06,0x2e,0x32,0xdc,0x00,0xf7,0x41,0x2a,0x0a,0x60,0x50,0x01,0xbc,0x07,
    0x3a,0xdc,0x10,0xf7,0xc1,0x2a,0x0a,0x60,0x50,0x81,0xbc,0x07,0x3a,0xdc,0xe0,0xf3,0x41,0x4d,0x0a,0x60,0x30,0xcb,0x90,0x23,
    0x31,0x12,0x0c,0x37,0xfc,0x7c,0x70,0x93,0x02,0x18,0xcc,0x32,0xc8,0xc8,0x8c,0x04,0xa6,0x88,0x7e,0x20,0x1f,0x53,0x44,0x3f,
    0x90,0x8f,0x29,0xa2,0x1f,0xc8,0xc7,0x14,0xd1,0x0f,0xe4,0x33,0xdd,0x40,0x98,0x7e,0x90,0x4c,0x37,0x10,0xa6,0x1f,0x28,0xd3,
    0x0d,0x84,0xe9,0x07,0xcb,0x74,0x03,0x61,0xfa,0x01,0x33,0x4b,0x90,0x23,0xc3,0x0d,0x68,0x1f,0xf0,0xa4,0x00,0x06,0xb3,0x0c,
    0x39,0x42,0x23,0xc1,0x70,0x43,0xda,0x07,0x3b,0x29,0x80,0xc1,0x2c,0x43,0x8d,0xd8,0x48,0x30,0x62,0x70,0x00,0x20,0x08,0x06,
    0x64,0x40,0x96,0xc2,0x3a,0x0a,0x3a,0x28,0xf4,0xa4,0x30,0x9a,0x10,0x00,0xa3,0x09,0x42,0x30,0x9a,0x30,0x08,0xa3,0x09,0xc4,
    0x30,0x4b,0x90,0x23,0xc3,0x0d,0x6f,0x1f,0x80,0xa5,0x00,0x06,0xb3,0x0c,0x39,0x72,0x23,0xc1,0x70,0x03,0xdc,0x07,0x60,0x29,
    0x80,0xc1,0x2c,0x43,0x8e,0xe0,0x48,0x30,0xdc,0x10,0xf7,0x81,0x59,0x0a,0x60,0x30,0xdd,0x60,0xf3,0x01,0xed,0x07,0xc1,0x74,
    0x83,0xcd,0x07,0xb4,0x1f,0x08,0xd3,0x0d,0x36,0x1f,0xd0,0x7e,0x30,0x4c,0x37,0xd8,0x7c,0x40,0xfb,0x01,0x31,0x4b,0x90,0x23,
    0x03,0x3d,0x83,0x55,0x23,0xa0,0x3f,0xc0,0x08,0x19,0xc8,0x08,0x28,0xcc,0x08,0xde,0x0f,0x36,0x82,0xf6,0xc3,0x8d,0x20,0x38,
    0x32,0xd0,0x33,0x58,0x35,0x02,0xfa,0x03,0x8c,0x90,0x81,0x8c,0x80,0xc2,0x8c,0xe0,0xfd,0x60,0x23,0x68,0x3f,0xdc,0x08,0x82,
    0x23,0x03,0x3d,0x83,0x55,0x23,0xa0,0x3f,0xc0,0x08,0x19,0xc8,0x08,0x28,0xcc,0x08,0xde,0x0f,0x36,0x82,0xf6,0xc3,0x8d,0x20,
    0x38,0x32,0xd0,0x33,0x58,0x35,0x02,0xfa,0x03,0x8c,0x90,0x81,0x8c,0x80,0xc2,0x8c,0xe0,0xfd,0x60,0x23,0x68,0x3f,0xdc,0x08,
    0x82,0x23,0x95,0xf7,0x81,0x3c,0x0a,0x3a,0xdc,0x10,0xc8,0xa5,0x00,0x06,0xb3,0x0c,0x3b,0xa2,0x23,0x81,0xb5,0xa2,0x60,0xc4,
    0xc7,0x5c,0x51,0x30,0xe2,0x63,0xaf,0x28,0x18,0xf1,0x31,0x58,0x14,0x8c,0xf8,0xcc,0x12,0xec,0xc8,0x40,0xc5,0x80,0xe8,0x08,
    0x95,0x23,0x03,0x15,0x03,0xa2,0x23,0x54,0x8e,0x0c,0x54,0x0c,0x88,0x8e,0x50,0x39,0x32,0x50,0x31,0x20,0x3a,0x42,0xe5,0x48,
    0x8d,0x7e,0xa0,0x8f,0x82,0x0e,0x37,0x04,0x7c,0x29,0x84,0xc1,0x74,0xc3,0x60,0x04,0xd3,0x0d,0x84,0x21,0x4c,0x37,0x14,0xc6,
    0x30,0xdc,0x60,0xfa,0x01,0x68,0x0a,0x60,0x30,0xcb,0x40,0x26,0x3c,0x12,0x0c,0x37,0x9c,0x7e,0x20,0x9a,0x02,0x18,0xcc,0x32,
    0xf4,0x88,0x8f,0x04,0x56,0x07,0xed,0x1f,0xc8,0xc7,0xea,0xa0,0xfd,0x03,0xf9,0x58,0x1d,0xb4,0x7f,0x20,0x1f,0xab,0x83,0xf6,
    0x0f,0xe4,0x33,0xdd,0x40,0xc4,0x7f,0x40,0x07,0xd3,0x0d,0x44,0xfc,0x07,0x75,0x30,0xdd,0x40,0xc4,0x7f,0x60,0x07,0xd3,0x0d,
    0x44,0xfc,0x07,0x77,0x30,0x4b,0x40,0x26,0xc3,0x0d,0xb0,0x1f,0x9c,0xa6,0x00,0x06,0xb3,0x0c,0x64,0xf2,0x23,0xc1,0x70,0x43,
    0xec,0x07,0xa6,0x29,0x80,0xc1,0x2c,0x03,0x98,0x84,0x49,0x30,0x62,0x70,0x00,0x20,0x08,0x06,0x64,0xf0,0x9a,0x82,0x4d,0x0a,
    0xa5,0x28,0xa0,0xa6,0x30,0x9a,0x10,0x00,0xa3,0x09,0x42,0x30,0x9a,0x30,0x08,0xa3,0x09,0xc4,0x30,0x4b,0x40,0x26,0xc3,0x0d,
    0xb7,0x1f,0xac,0xa6,0x00,0x06,0xb3,0x0c,0x64,0x22,0x26,0xc1,0x70,0x03,0xee,0x07,0xab,0x29,0x80,0xc1,0x2c,0x03,0x99,0x8c,
    0x49,0x30,0xdc,0x90,0xfb,0x41,0x6c,0x0a,0x60,0x30,0xdd,0x10,0xfa,0xc1,0xff,0x07,0xc1,0x74,0x43,0xe8,0x07,0xff,0x1f,0x08,
    0xd3,0x0d,0xa1,0x1f,0xfc,0x7f,0x30,0x4c,0x37,0x84,0x7e,0xf0,0xff,0x01,0x31,0x4b,0x40,0x26,0x03,0x3d,0x83,0x05,0x26,0x36,
    0x48,0xec,0x08,0x19,0xf4,0x88,0x4d,0xf8,0x88,0x0b,0x12,0x61,0xe2,0xff,0x83,0x98,0x20,0x63,0x32,0xd0,0x33,0x58,0x60,0x62,
    0x83,0xc4,0x8e,0x90,0x41,0x8f,0xd8,0x84,0x8f,0xb8,0x20,0x11,0x26,0xfe,0x3f,0x88,0x09,0x32,0x26,0x03,0x3d,0x83,0x05,0x26,
    0x36,0x48,0xec,0x08,0x19,0xf4,0x88,0x4d,0xf8,0x88,0x0b,0x12,0x61,0xe2,0xff,0x83,0x98,0x20,0x63,0x32,0xd0,0x33,0x58,0x60,
    0x62,0x83,0xc4,0x8e,0x90,0x41,0x8f,0xd8,0x84,0x8f,0xb8,0x20,0x11,0x26,0xfe,0x3f,0x88,0x09,0x32,0x26,0x15,0xfe,0x41,0x4f,
    0x0a,0x3a,0xdc,0x10,0xf4,0xa6,0x00,0x06,0xb3,0x0c,0x66,0x52,0x26,0x81,0xe1,0xa3,0x60,0xc4,0xc7,0xf2,0x51,0x30,0xe2,0x63,
    0xfa,0x28,0x18,0xf1,0xb1,0x7d,0x14,0x8c,0xf8,0xcc,0x12,0x98,0xc9,0x40,0xc5,0x80,0x94,0x09,0x45,0x26,0x03,0x15,0x03,0x52,
    0x26,0x14,0x99,0x0c,0x54,0x0c,0x48,0x99,0x50,0x64,0x32,0x50,0x31,0x20,0x65,0x42,0x91,0x49,0xad,0x7f,0x50,0x96,0x82,0x0e,
    0x37,0x04,0xe7,0x29,0x84,0xc1,0x74,0xc3,0x60,0x04,0xd3,0x0d,0x84,0x21,0x4c,0x37,0x14,0xc6,0x30,0xdc,0x70,0xff,0xc1,0x7a,
    0x0a,0x60,0x30,0xcb,0xf0,0x26,0x67,0x12,0x0c,0x37,0xe0,0x7f,0xd0,0x9e,0x02,0x18,0xcc,0x32,0xa0,0x49,0x9a,0x04,0x06,0x0e,
    0x38,0x28,0xc8,0xc7,0xc0,0x01,0x07,0x05,0xf9,0x18,0x38,0xe0,0xa0,0x20,0x1f,0x03,0x07,0x1c,0x14,0xe4,0x33,0xdd,0x40,0xf0,
    0xa0,0xf0,0x0b,0xd3,0x0d,0x04,0x0f,0x0a,0xe0,0x30,0xdd,0x40,0xf0,0xa0,0x10,0x0e,0xd3,0x0d,0x04,0x0f,0x0a,0xe2,0x30,0x4b,
    0xf0,0x26,0xc3,0x0d,0x21,0x28,0xc8,0xa7,0x00,0x06,0xb3,0x0c,0x6f,0xa2,0x26,0xc1,0x70,0x83,0x08,0x0a,0xf1,0x29,0x80,0xc1,
    0x2c,0xc3,0x9a,0xb0,0x49,0x30,0x62,0x70,0x00,0x20,0x08,0x06,0x64,0xa0,0x9f,0x42,0x68,0x0a,0xf0,0x28,0xcc,0xa7,0x30,0x9a,
    0x10,0x00,0xa3,0x09,0x42,0x30,0x9a,0x30,0x08,0xa3,0x09,0xc4,0x30,0x4b,0xf0,0x26,0xc3,0x0d,0x28,0x28,0xd8,0xa7,0x00,0x06,
    0xb3,0x0c,0x6f,0xd2,0x26,0xc1,0x70,0x43,0x0a,0x0a,0xf6,0x29,0x80,0xc1,0x2c,0xc3,0x9b,0xb8,0x49,0x30,0xdc,0xa0,0x82,0x02,
    0x7f,0x0a,0x60,0x30,0xdd,0xc0,0xfe,0x81,0x1a,0x0a,0xc1,0x74,0x03,0xfb,0x07,0x6a,0x28,0x08,0xd3,0x0d,0xec,0x1f,0xa8,0xa1,
    0x30,0x4c,0x37,0xb0,0x7f,0xa0,0x86,0x02,0x31,0x4b,0xf0,0x26,0x03,0x3d,0x83,0xb5,0x26,0xec,0x48,0x98,0x09,0x19,0xa0,0x09,
    0x7b,0xa4,0x09,0x39,0x12,0x6c,0x42,0x8b,0x44,0x9b,0x20,0x6e,0x32,0xd0,0x33,0x58,0x6b,0xc2,0x8e,0x84,0x99,0x90,0x01,0x9a,
    0xb0,0x47,0x9a,0x90,0x23,0xc1,0x26,0xb4,0x48,0xb4,0x09,0xe2,0x26,0x03,0x3d,0x83,0xb5,0x26,0xec,0x48,0x98,0x09,0x19,0xa0,
    0x09,0x7b,0xa4,0x09,0x39,0x12,0x6c,0x42,0x8b,0x44,0x9b,0x20,0x6e,0x32,0xd0,0x33,0x58,0x6b,0xc2,0x8e,0x84,0x99,0x90,0x01,
    0x9a,0xb0,0x47,0x9a,0x90,0x23,0xc1,0x26,0xb4,0x48,0xb4,0x09,0xe2,0x26,0x25,0x83,0x02,0x6a,0x0a,0x3a,0xdc,0x10,0xa0,0xa8,
    0x00,0x06,0xb3,0x0c,0x71,0x02,0x27,0x81,0x8d,0xa5,0x60,0xc4,0xc7,0xc8,0x52,0x30,0xe2,0x63,0x65,0x29,0x18,0xf1,0x31,0xb3,
    0x14,0x8c,0xf8,0xcc,0x12,0xc4,0xc9,0x40,0xc5,0x80,0xc0,0x09,0xf5,0x26,0x03,0x15,0x03,0x02,0x27,0xd4,0x9b,0x0c,0x54,0x0c,
    0x08,0x9c,0x50,0x6f,0x32,0x50,0x31,0x20,0x70,0x42,0xbd,0x49,0xf1,0xa0,0x00,0x9b,0x82,0x0e,0x37,0x04,0x32,0x2a,0x84,0xc1,
    0x74,0xc3,0x60,0x04,0xd3,0x0d,0x84,0x21,0x4c,0x37,0x14,0xc6,0x30,0xdc,0x00,0x83,0x82,0x8d,0x0a,0x60,0x30,0xcb,0xa0,0x27,
    0x72,0x12,0x0c,0x37,0xc4,0xa0,0x80,0xa3,0x02,0x18,0xcc,0x32,0xcc,0x09,0x9d,0x04,0xb6,0x12,0xa3,0x28,0xc8,0xc7,0x56,0x62,
    0x14,0x05,0xf9,0xd8,0x4a,0x8c,0xa2,0x20,0x1f,0x5b,0x89,0x51,0x14,0xe4,0x33,0xdd,0x40,0x9c,0xa2,0x80,0x12,0xd3,0x0d,0xc4,
    0x29,0x0a,0x29,0x31,0xdd,0x40,0x9c,0xa2,0xa0,0x12,0xd3,0x0d,0xc4,0x29,0x0a,0x2b,0x31,0x4b,0xa0,0x27,0xc3,0x0d,0x3a,0x28,
    0xf4,0xa8,0x00,0x06,0xb3,0x0c,0x7a,0x52,0x27,0xc1,0x70,0xc3,0x0e,0x0a,0x3c,0x2a,0x80,0xc1,0x2c,0x83,0x9d,0xdc,0x49,0x30,
    0x62,0x70,0x00,0x20,0x08,0x06,0x64,0x50,0xa6,0x02,0x7b,0x0a,0x3b,0x29,0xf8,0xa8,0x30,0x9a,0x10,0x00,0xa3,0x09,0x42,0x30,
    0x9a,0x30,0x08,0xa3,0x09,0xc4,0x30,0x4b,0xa0,0x27,0xc3,0x0d,0x61,0x28,0x84,0xa9,0x00,0x06,0xb3,0x0c,0x7a,0x82,0x27,0xc1,
    0x70,0x83,0x18,0x0a,0x61,0x2a,0x80,0xc1,0x2c,0x83,0x9e,0xe4,0x49,0x30,0xdc,0x30,0x86,0xc2,0x99,0x0a,0x60,0x30,0xdd,0x70,
    0x83,0x42,0x2d,0x0a,0xc1,0x74,0xc3,0x0d,0x0a,0xb5,0x28,0x08,0xd3,0x0d,0x37,0x28,0xd4,0xa2,0x30,0x4c,0x37,0xdc,0xa0,0x50,
    0x8b,0x02,0x31,0x4b,0xa0,0x27,0x03,0x3d,0x83,0x65,0x27,0xa2,0x49,0xc4,0x09,0x19,0xcc,0x89,0xa8,0xd0,0x89,0x5e,0x12,0x77,
    0xa2,0x96,0x04,0x9e,0x20,0x79,0x32,0xd0,0x33,0x58,0x76,0x22,0x9a,0x44,0x9c,0x90,0xc1,0x9c,0x88,0x0a,0x9d,0xe8,0x25,0x71,
    0x27,0x6a,0x49,0xe0,0x09,0x92,0x27,0x03,0x3d,0x83,0x65,0x27,0xa2,0x49,0xc4,0x09,0x19,0xcc,0x89,0xa8,0xd0,0x89,0x5e,0x12,
    0x77,0xa2,0x96,0x04,0x9e,0x20,0x79,0x32,0xd0,0x33,0x58,0x76,0x22,0x9a,0x44,0x9c,0x90,0xc1,0x9c,0x88,0x0a,0x9d,0xe8,0x25,
    0x71,0x27,0x6a,0x49,0xe0,0x09,0x92,0x27,0xb5,0x86,0xc2,0x7c,0x0a,0x3a,0xdc,0x10,0xcc,0xa9,0x00,0x06,0xb3,0x0c,0x7c,0xb2,
    0x27,0x81,0xb9,0xa6,0x60,0xc4,0xc7,0x5e,0x53,0x30,0xe2,0x63,0xb0,0x29,0x18,0xf1,0xb1,0xd8,0x14,0x8c,0xf8,0xcc,0x12,0xf0,
    0xc9,0x40,0xc5,0x80,0xec,0x09,0xa5,0x27,0x03,0x15,0x03,0xb2,0x27,0x94,0x9e,0x0c,0x54,0x0c,0xc8,0x9e,0x50,0x7a,0x32,0x50,
    0x31,0x20,0x7b,0x42,0xe9,0x49,0xd5,0xa1,0xb0,0x9f,0x82,0x0e,0x37,0x04,0x7d,0x2a,0x84,0xc1,0x74,0xc3,0x60,0x04,0xd3,0x0d,
    0x84,0x21,0x4c,0x37,0x14,0xc6,0x30,0xdc,0x80,0x87,0x42,0xa8,0x0a,0x60,0x30,0xcb,0x50,0x2a,0x7d,0x12,0x0c,0x37,0xe4,0xa1,
    0x30,0xaa,0x02,0x18,0xcc,0x32,0xf8,0xc9,0x9f,0x04,0x66,0x17,0xee,0x28,0xc8,0xc7,0xec,0xc2,0x1d,0x05,0xf9,0x98,0x5d,0xb8,
    0xa3,0x20,0x1f,0xb3,0x0b,0x77,0x14,0xe4,0x33,0xdd,0x40,0xc8,0xa3,0x30,0x17,0xd3,0x0d,0x84,0x3c,0x0a,0x74,0x31,0xdd,0x40,
    0xc8,0xa3,0x50,0x17,0xd3,0x0d,0x84,0x3c,0x0a,0x76,0x31,0x4b,0x50,0x2a,0xc3,0x0d,0xa2,0x28,0xa0,0xaa,0x00,0x06,0xb3,0x0c,
    0xa5,0x02,0x2a,0xc1,0x70,0xc3,0x28,0x0a,0xa7,0x2a,0x80,0xc1,0x2c,0x43,0xa8,0x88,0x4a,0x30,0x62,0x70,0x00,0x20,0x08,0x06,
    0x64,0x00,0xab,0xc2,0x8d,0x0a,0xa6,0x29,0xa4,0xaa,0x30,0x9a,0x10,0x00,0xa3,0x09,0x42,0x30,0x9a,0x30,0x08,0xa3,0x09,0xc4,
    0x30,0x4b,0x50,0x2a,0xc3,0x0d,0xa9,0x28,0xb0,0xaa,0x00,0x06,0xb3,0x0c,0xa5,0x32,0x2a,0xc1,0x70,0x83,0x2a,0x0a,0xac,0x2a,
    0x80,0xc1,0x2c,0x43,0xa9,0x90,0x4a,0x30,0xdc,0xb0,0x8a,0x82,0xac,0x0a,0x60,0x30,0xdd,0x20,0x8a,0x02,0x48,0x0a,0xc1,0x74,
    0x83,0x28,0x0a,0x20,0x29,0x08,0xd3,0x0d,0xa2,0x28,0x80,0xa4,0x30,0x4c,0x37,0x88,0xa2,0x00,0x92,0x02,0x31,0x4b,0x50,0x2a,
    0x03,0x3d,0x83,0x15,0x2a,0x38,0x4a,0xf0,0x09,0x19,0xf8,0x09,0xce,0xfc,0x09,0x8c,0x12,0xa2,0x02,0xa2,0xc4,0xa8,0x20,0xa4,
    0x32,0xd0,0x33,0x58,0xa1,0x82,0xa3,0x04,0x9f,0x90,0x81,0x9f,0xe0,0xcc,0x9f,0xc0,0x28,0x21,0x2a,0x20,0x4a,0x8c,0x0a,0x42,
    0x2a,0x03,0x3d,0x83,0x15,0x2a,0x38,0x4a,0xf0,0x09,0x19,0xf8,0x09,0xce,0xfc,0x09,0x8c,0x12,0xa2,0x02,0xa2,0xc4,0xa8,0x20,
    0xa4,0x32,0xd0,0x33,0x58,0xa1,0x82,0xa3,0x04,0x9f,0x90,0x81,0x9f,0xe0,0xcc,0x9f,0xc0,0x28,0x21,0x2a,0x20,0x4a,0x8c,0x0a,
    0x42,0x2a,0x35,0x8b,0x82,0x8f,0x0a,0x3a,0xdc,0x10,0xf8,0xaa,0x00,0x06,0xb3,0x0c,0xa7,0x62,0x2a,0x81,0xe5,0xa7,0x60,0xc4,
    0xc7,0xf4,0x53,0x30,0xe2,0x63,0xfb,0x29,0x18,0xf1,0x31,0xfe,0x14,0x8c,0xf8,0xcc,0x12,0x9c,0xca,0x40,0xc5,0x80,0x98,0x0a,
    0x55,0x2a,0x03,0x15,0x03,0x62,0x2a,0x54,0xa9,0x0c,0x54,0x0c,0x88,0xa9,0x50,0xa5,0x32,0x50,0x31,0x20,0xa6,0x42,0x95,0x4a,
    0xf5,0xa2,0x60,0xa6,0x82,0x0e,0x37,0x04,0xe8,0x2a,0x84,0xc1,0x74,0xc3,0x60,0x04,0xd3,0x0d,0x84,0x21,0x4c,0x37,0x14,0xc6,
    0x30,0xdc,0x80,0x8e,0x02,0xbb,0x0a,0x60,0x30,0xcb,0x00,0x2b,0xa8,0x12,0x0c,0x37,0xa4,0xa3,0xe0,0xae,0x02,0x18,0xcc,0x32,
    0xa4,0x8a,0xaa,0x04,0xe6,0x1b,0x36,0x29,0xc8,0x67,0xba,0x21,0xb8,0x49,0x61,0x37,0x66,0x09,0x60,0x65,0xb8,0x81,0x1d,0x85,
    0x76,0x15,0xc0,0x60,0x96,0x01,0x56,0x56,0x25,0x18,0x6e,0x68,0x47,0x81,0x5d,0x05,0x30,0x98,0x65,0x60,0x95,0x56,0x09,0x46,
    0x0c,0x0e,0x00,0x04,0xc1,0x80,0x0c,0xea,0x55,0xe0,0x53,0x61,0x3d,0x05,0x77,0x15,0x46,0x13,0x82,0x61,0x96,0x00,0x56,0x86,
    0x1b,0xe0,0x51,0x70,0x57,0x01,0x0c,0x66,0x19,0x60,0xc5,0x55,0x82,0xe1,0x86,0x78,0x14,0xdc,0x55,0x00,0x83,0x59,0x06,0x58,
    0x79,0x95,0x60,0xb8,0x41,0x1e,0x05,0x7a,0x15,0xc0,0x60,0xba,0x21,0x1c,0x85,0x9f,0x14,0x82,0x59,0x02,0x58,0x19,0xe8,0x19,
    0x14,0x56,0x81,0x55,0xe2,0x54,0xa4,0x54,0x81,0x1d,0x55,0x41,0x55,0xa2,0x55,0xf0,0x94,0x70,0x15,0xe1,0x55,0xca,0x1e,0x05,
    0x7c,0x15,0x74,0xb8,0x21,0xd0,0x57,0x21,0x0c,0xac,0x46,0x85,0x21,0x3e,0xd3,0x0d,0x01,0x21,0x4c,0x37,0x90,0xa5,0x80,0x96,
    0x02,0x48,0x0a,0xd3,0x0d,0x64,0x29,0xa0,0xa5,0x10,0x92,0xc2,0x74,0x03,0x59,0x0a,0x68,0x29,0x88,0xa4,0x30,0xdd,0x40,0x96,
    0x02,0x5a,0x0a,0x23,0x29,0x0c,0x37,0xbc,0xa4,0xf0,0xaa,0x02,0x18,0xcc,0x32,0xc4,0x0a,0xbd,0x04,0xe5,0x8b,0x02,0xbf,0x0a,
    0x58,0x41,0xbd,0x0a,0x3a,0xdc,0x10,0xe4,0xab,0x00,0x06,0xb3,0x0c,0xb3,0x22,0x2b,0x41,0x85,0xa3,0x70,0xaf,0x82,0x0e,0x37,
    0x0c,0xfa,0x2a,0x80,0xc1,0x74,0x43,0xc9,0x0a,0x44,0x30,0xdd,0x10,0xb2,0xc2,0x20,0xcc,0x12,0xcc,0xca,0x40,0x05,0x41,0xe2,
    0x44,0xac,0x10,0xb2,0x32,0x50,0x41,0xc0,0x38,0x11,0x2b,0x84,0xac,0x0c,0x37,0x08,0x2c,0x2b,0x80,0xc1,0x2c,0xc3,0xb8,0xd0,
    0x4a,0x30,0xdc,0x30,0xa4,0xac,0x00,0x06,0xb3,0x0c,0xe3,0x52,0x2b,0xc1,0x70,0x03,0x81,0xb2,0x02,0x18,0xcc,0x32,0x8c,0x8b,
    0xad,0x04,0xc3,0x0d,0x05,0xca,0x0a,0x60,0x30,0xcb,0x70,0x2b,0xb8,0x12,0x58,0x9a,0x0a,0x22,0x12,0x1f,0x53,0x53,0x41,0x44,
    0xe2,0x63,0x6b,0x2a,0x88,0x48,0x7c,0x8c,0x4d,0x05,0x11,0x89,0xcf,0x2c,0xc1,0xb8,0x0c,0x37,0x28,0x2c,0x2b,0x80,0xc1,0x70,
    0xc3,0x92,0xb2,0x02,0x18,0x94,0x10,0xec,0x2c,0xc3,0xb8,0xe4,0x4a,0x30,0xdc,0xd0,0xd0,0xac,0x00,0x06,0xb3,0x0c,0xba,0xb2,
    0x2b,0x81,0xc5,0xa9,0x70,0x22,0xf1,0x99,0x25,0x18,0x97,0xe1,0x86,0x07,0x66,0x05,0x30,0x98,0x65,0x18,0x17,0x5e,0x09,0x86,
    0x1b,0x20,0x9c,0x15,0xc0,0x60,0x96,0xa1,0x57,0x7c,0x25,0x30,0x3a,0x15,0x44,0x53,0x88,0xcf,0x2c,0xc1,0xb8,0x0c,0x37,0x48,
    0x37,0x2b,0x80,0xc1,0x2c,0xc3,0xb8,0xfc,0x4a,0x30,0xdc,0x30,0xcd,0xac,0x00,0x06,0xb3,0x0c,0xe0,0x12,0x2e,0x81,0xdd,0xa9,
    0x80,0x9a,0x42,0x7c,0x0c,0x4f,0x05,0xd4,0x14,0xe2,0x63,0x79,0x2a,0xa0,0xa6,0x10,0x1f,0xd3,0x53,0x01,0x35,0x85,0xf8,0xcc,
    0x12,0x8c,0xcb,0x70,0x03,0x76,0xb3,0x02,0x18,0xcc,0x32,0x88,0xcb,0xb8,0x04,0xc6,0xa7,0x82,0x6a,0x0a,0xf1,0x19,0x31,0x38,
    0x00,0x10,0x04,0x83,0xc8,0x6d,0x85,0x79,0x15,0x66,0x24,0x98,0x25,0x18,0x97,0x81,0xb2,0x41,0x0d,0x6e,0x45,0xd3,0x15,0xaa,
    0x57,0x1c,0x70,0x11,0xc4,0xc5,0x9f,0x89,0x59,0xe1,0x67,0x82,0x56,0xdc,0xa8,0x56,0x7c,0x96,0xf0,0x15,0x7f,0x26,0xc2,0x05,
    0x8d,0x70,0x05,0x67,0x89,0x5d,0x19,0x28,0x1b,0xd4,0xe0,0x56,0x38,0x5d,0xb1,0x7a,0xc5,0x01,0x17,0x42,0x5c,0x40,0x9a,0x98,
    0x15,0x7f,0x26,0x68,0xc5,0x8d,0x6a,0xc5,0x67,0x09,0x5f,0x01,0x69,0x22,0x5c,0xd4,0x08,0x57,0x74,0x96,0xd8,0x95,0x81,0xb2,
    0x41,0x0d,0x6e,0xc5,0xd3,0x15,0xac,0x57,0x1c,0x70,0x31,0xc4,0x45,0xa4,0x89,0x59,0x01,0x69,0x82,0x56,0xdc,0xa8,0x56,0x7c,
    0x96,0xf0,0x15,0x91,0x26,0xc2,0x85,0x8d,0x70,0x85,0x67,0x89,0x5d,0x19,0x28,0x1b,0xd4,0xe0,0x56,0xc0,0x40,0x57,0xb4,0x5e,
    0x71,0xc0,0x45,0xa4,0x09,0x71,0x21,0x69,0x62,0x56,0x44,0x9a,0xa0,0x15,0x37,0xaa,0x15,0x9f,0x25,0x7c,0x85,0xa4,0x89,0x70,
    0x71,0x23,0x5c,0xf1,0x59,0x62,0x57,0x8c,0xd8,0x11,0xf9,0x18,0xb1,0x23,0xf2,0x31,0x62,0x47,0xe4,0x63,0xc4,0x8e,0xc8,0x67,
    0xb8,0x41,0x0c,0xda,0x56,0x00,0x83,0x59,0x86,0x79,0x21,0x97,0x60,0xb8,0x61,0x0c,0xd4,0x56,0x00,0x83,0x59,0x86,0x79,0x29,
    0x97,0x60,0xb8,0x81,0x0c,0xd2,0x56,0x00,0x83,0x59,0x86,0x79,0x31,0x97,0x60,0xb8,0xa1,0x0c,0xd2,0x56,0x00,0x83,0x59,0x86,
    0x73,0x41,0x97,0xc0,0x54,0x55,0x18,0x93,0xf8,0xd8,0xaa,0x0a,0x63,0x12,0x1f,0x63,0x55,0x61,0x4c,0xe2,0x63,0xad,0x2a,0x8c,
    0x49,0x7c,0x66,0x09,0xe6,0x65,0xb8,0x41,0x0d,0xda,0x56,0x00,0x83,0xe1,0x86,0x35,0x50,0x5b,0x01,0x0c,0x4a,0x08,0x76,0x96,
    0x61,0x5e,0xd2,0x25,0x18,0x6e,0x68,0x83,0xba,0x15,0xc0,0x60,0xb8,0xc1,0x0d,0xd8,0x56,0x00,0x83,0x12,0x82,0x9d,0x65,0x50,
    0x97,0x75,0x09,0x8c,0x56,0x05,0x35,0x89,0xcf,0x2c,0xc1,0xbc,0x0c,0x37,0xc4,0xc1,0xdc,0x0a,0x60,0x30,0xcb,0x30,0x2f,0xec,
    0x12,0x0c,0x37,0xc8,0xc1,0xde,0x0a,0x60,0x30,0xcb,0xd0,0x2e,0xee,0x12,0xd8,0xad,0x0a,0xe5,0x29,0xc4,0x67,0x96,0x60,0x5e,
    0x86,0x1b,0xe8,0x40,0x6f,0x05,0x30,0x98,0x65,0x98,0x97,0x77,0x09,0x86,0x1b,0xea,0xc0,0x6e,0x05,0x30,0x98,0x65,0x80,0x97,
    0x78,0x09,0x4c,0x57,0x85,0xf5,0x14,0xe2,0x63,0xbb,0x2a,0xac,0xa7,0x10,0x1f,0xe3,0x55,0x61,0x3d,0x85,0xf8,0x58,0xaf,0x0a,
    0xeb,0x29,0xc4,0x67,0x96,0x60,0x5e,0x86,0x1b,0xf4,0x40,0x6f,0x05,0x30,0x98,0x65,0x90,0x97,0x79,0x09,0xec,0x57,0x85,0xf6,
    0x14,0xe2,0x33,0x62,0x70,0x00,0x20,0x08,0x06,0x51,0xec,0x0a,0x36,0x2b,0xd8,0x49,0x30,0x4b,0x30,0x2f,0x03,0x65,0x83,0x1b,
    0x9c,0x8b,0xa6,0x2e,0x54,0xbb,0x38,0xf0,0x22,0xc8,0x0b,0x69,0x13,0xe3,0x22,0xda,0x04,0xb9,0xd0,0x53,0xb9,0x90,0x2f,0xe1,
    0x2e,0xa4,0x4d,0xc4,0x8b,0x3b,0xa1,0x8b,0xef,0x12,0xeb,0x32,0x50,0x36,0xb8,0xc1,0xb9,0x70,0xea,0x62,0xb5,0x8b,0x03,0x2f,
    0x84,0xbc,0x98,0x36,0x31,0x2e,0xa4,0x4d,0x90,0x0b,0x3d,0x95,0x0b,0xf9,0x12,0xee,0x62,0xda,0x44,0xbc,0xc0,0x13,0xba,0x80,
    0x2f,0xb1,0x2e,0x03,0x65,0x83,0x1b,0x9c,0x8b,0xa7,0x2e,0x58,0xbb,0x38,0xf0,0x62,0xc8,0x0b,0x6a,0x13,0xe3,0x62,0xda,0x04,
    0xb9,0xd0,0x53,0xb9,0x90,0x2f,0xe1,0x2e,0xa8,0x4d,0xc4,0x8b,0x3c,0xa1,0x8b,0xf8,0x12,0xeb,0x32,0x50,0x36,0xb8,0xc1,0xb9,
    0x80,0x81,0xba,0x68,0xed,0xe2,0xc0,0x0b,0x6a,0x13,0xf2,0xa2,0xda,0xc4,0xb8,0xa0,0x36,0x41,0x2e,0xf4,0x54,0x2e,0xe4,0x4b,
    0xb8,0x8b,0x6a,0x13,0xf1,0x42,0x4f,0xe8,0x42,0xbe,0xc4,0xba,0x18,0x61,0x9f,0x82,0x7c,0x8c,0xb0,0x4f,0x41,0x3e,0x46,0xd8,
    0xa7,0x20,0x1f,0x23,0xec,0x53,0x90,0x8f,0x11,0x67,0x00,0x1f,0x23,0xce,0x00,0x3e,0x46,0x9c,0x01,0x7c,0x8c,0x38,0x03,0xf8,
    0x8c,0x18,0x1c,0x00,0x08,0x82,0x41,0xe4,0xbb,0x02,0xd9,0x0a,0x84,0xbb,0x0a,0x23,0x06,0x07,0x00,0x82,0x60,0x10,0xfd,0xae,
    0x50,0xb6,0x02,0xf1,0xae,0xc2,0x88,0xc1,0x01,0x80,0x20,0x18,0x44,0xe0,0x2b,0x98,0xad,0x40,0xc0,0xab,0x30,0x62,0x70,0x00,
    0x20,0x08,0x06,0x51,0xf8,0x0a,0x67,0x2b,0x10,0xf1,0x2a,0x8c,0x18,0x1c,0x00,0x08,0x82,0x41,0x24,0xbe,0xc2,0xd9,0x0a,0x44,
    0xbc,0x0a,0x23,0x06,0x07,0x00,0x82,0x60,0x10,0x8d,0xaf,0x80,0xb6,0x02,0x21,0xaf,0xc2,0x88,0xc1,0x01,0x80,0x20,0x18,0x44,
    0xe4,0x2b,0xa4,0xad,0x40,0xcc,0xab,0x30,0x62,0x70,0x00,0x20,0x08,0x06,0x51,0xf9,0x0a,0x6a,0x2b,0x10,0xf4,0x2a,0xcc,0x12,
    0x80,0xcd,0x70,0x43,0x7a,0x0a,0xb8,0x2b,0x80,0xc1,0x2c,0x03,0xd8,0xd4,0x4b,0x30,0xdc,0xa0,0x9e,0xc2,0xed,0x0a,0x60,0x30,
    0xcb,0x00,0x36,0xf6,0x12,0x0c,0x37,0xac,0xa7,0x70,0xbb,0x02,0x18,0xcc,0x32,0xdc,0x0b,0xbe,0x04,0x66,0x1f,0x61,0x22,0x1f,
    0xb3,0x8f,0x30,0x91,0x8f,0xd9,0x47,0x98,0xc8,0xc7,0xf8,0xe3,0x4c,0xe4,0x33,0x4b,0x00,0x36,0xc3,0x0d,0xf0,0x29,0xec,0xae,
    0x00,0x06,0xb3,0x0c,0xf9,0xa2,0x2f,0x81,0xed,0x87,0x99,0xc8,0xc7,0xf6,0xc3,0x4c,0xe4,0x63,0xfb,0x61,0x26,0xf2,0xb1,0x10,
    0x61,0x13,0xf9,0x18,0x61,0xb2,0x82,0x7c,0x8c,0x38,0x59,0x41,0x3e,0x46,0xa0,0xac,0x20,0x1f,0x23,0x52,0x56,0x90,0xcf,0x88,
    0xc1,0x01,0x80,0x20,0x18,0x44,0xf6,0x2b,0xf0,0xad,0x40,0x98,0xac,0x30,0x62,0x70,0x00,0x20,0x08,0x06,0xd1,0xfd,0x0a,0x7d,
    0x2b,0x10,0x27,0x2b,0x8c,0x18,0x1c,0x00,0x08,0x82,0x41,0x84,0xbf,0x82,0xdf,0x0a,0x04,0xca,0x0a,0x23,0x06,0x07,0x00,0x82,
    0x60,0x10,0xe5,0xaf,0xf0,0xb7,0x02,0x91,0xb2,0xc2,0x88,0xc1,0x01,0x80,0x20,0x18,0x44,0xfa,0x2b,0xfc,0xad,0x40,0xa4,0xac,
    0x30,0x62,0x70,0x00,0x20,0x08,0x06,0xd1,0xfe,0x0a,0xa0,0x2b,0x10,0x2a,0x2b,0x8c,0x18,0x1c,0x00,0x08,0x82,0x41,0xc4,0xbf,
    0x42,0xe8,0x0a,0xc4,0xca,0x0a,0x23,0x06,0x07,0x00,0x82,0x60,0x10,0xf5,0xaf,0x20,0xba,0x02,0xc1,0xb2,0xc2,0x2c,0x01,0xd8,
    0x0c,0x37,0x84,0xa8,0x10,0xbf,0x02,0x18,0xcc,0x32,0xec,0x0b,0xbf,0x04,0xc6,0x22,0x77,0x22,0x1f,0x63,0x91,0x3b,0x91,0x8f,
    0xb1,0xc8,0x9d,0xc8,0xc7,0x64,0xa4,0x4f,0xe4,0x63,0x44,0xce,0x0a,0xf2,0x31,0x42,0x67,0x05,0xf9,0x18,0xb1,0xb3,0x82,0x7c,
    0x8c,0xe0,0x59,0x41,0x3e,0x23,0x06,0x07,0x00,0x82,0x60,0x10,0x9d,0xb0,0xd0,0xba,0x02,0x71,0xb3,0xc2,0x88,0xc1,0x01,0x80,
    0x20,0x18,0x44,0x28,0x2c,0xb8,0xae,0x40,0xe0,0xac,0x30,0x62,0x70,0x00,0x20,0x08,0x06,0x51,0x0a,0x0b,0xaf,0x2b,0x10,0x39,
    0x2b,0x8c,0x18,0x1c,0x00,0x08,0x82,0x41,0xa4,0xc2,0x02,0xec,0x0a,0x84,0xce,0x0a,0x23,0x06,0x07,0x00,0x82,0x60,0x10,0xad,
    0xb0,0x00,0xbb,0x02,0xa1,0xb3,0xc2,0x88,0xc1,0x01,0x80,0x20,0x18,0x44,0x2c,0x2c,0xc4,0xae,0x40,0xec,0xac,0x30,0x62,0x70,
    0x00,0x20,0x08,0x06,0x51,0x0b,0x0b,0xb2,0x2b,0x10,0x3c,0x2b,0x8c,0x18,0x1c,0x00,0x08,0x82,0x41,0xe4,0xc2,0xc2,0xec,0x0a,
    0x44,0xcf,0x0a,0xb3,0x04,0x60,0x33,0xdc,0x20,0xa3,0x02,0xff,0x0a,0x60,0x30,0xcb,0xd0,0x2f,0xfe,0x12,0x58,0x8f,0xa0,0x0a,
    0x7c,0xac,0x47,0x50,0x05,0x3e,0xd6,0x23,0xa8,0x02,0x1f,0x1b,0x13,0x57,0x81,0xcf,0x88,0xc1,0x01,0x80,0x20,0x18,0x44,0x34,
    0x2c,0xe8,0xae,0x40,0x90,0xad,0x30,0x62,0x70,0x00,0x20,0x08,0x06,0x51,0x0d,0x0b,0xbb,0x2b,0x10,0x65,0x2b,0x8c,0x18,0x1c,
    0x00,0x08,0x82,0x41,0x64,0xc3,0x02,0xef,0x0a,0x84,0xd9,0x0a,0x23,0x06,0x07,0x00,0x82,0x60,0x10,0xdd,0xb0,0xd0,0xbb,0x02,
    0x71,0xb6,0xc2,0x88,0xc1,0x01,0x80,0x20,0x18,0x44,0x38,0x2c,0xf4,0xae,0x40,0x9c,0xad,0x30,0x62,0x70,0x00,0x20,0x08,0x06,
    0x51,0x0e,0x0b,0xbe,0x2b,0x10,0x68,0x2b,0x8c,0x18,0x1c,0x00,0x08,0x82,0x41,0xa4,0xc3,0xc2,0xef,0x0a,0x44,0xda,0x0a,0x23,
    0x06,0x07,0x00,0x82,0x60,0x10,0xed,0xb0,0x00,0xbe,0x02,0xa1,0xb6,0xc2,0x2c,0x01,0xd8,0x0c,0x37,0xfc,0xa8,0x00,0xc3,0x02,
    0x18,0xcc,0x32,0xfc,0x0b,0xc8,0x04,0xa6,0x26,0xb5,0x02,0x1f,0x53,0x93,0x5a,0x81,0x8f,0xa9,0x49,0xad,0xc0,0xc7,0xe0,0x64,
    0x57,0xe0,0x63,0x84,0xdc,0x0a,0xf0,0x31,0x62,0x6e,0x05,0xf8,0x18,0x41,0xb7,0x02,0x7c,0x8c,0xa8,0x5b,0x01,0x3e,0x23,0x06,
    0x07,0x00,0x82,0x60,0x10,0x95,0xb1,0xb0,0xbe,0x02,0x51,0xb7,0xc2,0x88,0xc1,0x01,0x80,0x20,0x18,0x44,0x66,0x2c,0xb0,0xaf,
    0x40,0xd8,0xad,0x30,0x62,0x70,0x00,0x20,0x08,0x06,0xd1,0x19,0x0b,0xed,0x2b,0x10,0x77,0x2b,0x8c,0x18,0x1c,0x00,0x08,0x82,
    0x41,0x84,0xc6,0x82,0xfb,0x0a,0x04,0xde,0x0a,0x23,0x06,0x07,0x00,0x82,0x60,0x10,0xa5,0xb1,0xe0,0xbe,0x02,0x81,0xb7,0xc2,
    0x88,0xc1,0x01,0x80,0x20,0x18,0x44,0x6a,0x2c,0xbc,0xaf,0x40,0xe4,0xad,0x30,0x62,0x70,0x00,0x20,0x08,0x06,0xd1,0x1a,0x0b,
    0xf0,0x2b,0x10,0x7a,0x2b,0x8c,0x18,0x1c,0x00,0x08,0x82,0x41,0xc4,0xc6,0x42,0xfc,0x0a,0xc4,0xde,0x0a,0xb3,0x04,0x60,0x33,
    0xdc,0x00,0xa7,0x82,0x0f,0x0b,0x60,0x30,0xcb,0x10,0x32,0x22,0x13,0xd8,0x9e,0x98,0x0b,0x7c,0x6c,0x4f,0xcc,0x05,0x3e,0xb6,
    0x27,0xe6,0x02,0x1f,0x0b,0x15,0x76,0x81,0x8f,0x11,0xa3,0x2b,0xc0,0xc7,0x08,0xd2,0x15,0xe0,0x63,0x44,0xe9,0x0a,0xf0,0x31,
    0xc2,0x74,0x05,0xf8,0x18,0xa1,0xba,0x82,0x7c,0x8c,0x58,0x5d,0x41,0x3e,0x46,0xb0,0xae,0x20,0x1f,0x23,0x5a,0x57,0x90,0xcf,
    0x88,0xc1,0x01,0x80,0x20,0x18,0x44,0x7a,0x2c,0x80,0xb0,0x40,0xa8,0xae,0x30,0x62,0x70,0x00,0x20,0x08,0x06,0xd1,0x1e,0x0b,
    0x21,0x2c,0x10,0xab,0x2b,0x8c,0x18,0x1c,0x00,0x08,0x82,0x41,0xc4,0xc7,0x82,0x08,0x0b,0x04,0xeb,0x0a,0x23,0x06,0x07,0x00,
    0x82,0x60,0x10,0xf5,0xb1,0x30,0xc2,0x02,0xd1,0xba,0xc2,0x88,0xc1,0x01,0x80,0x20,0x18,0x44,0x7e,0x2c,0x8c,0xb0,0x40,0xb4,
    0xae,0x30,0x62,0x70,0x00,0x20,0x08,0x06,0xd1,0x1f,0x0b,0x24,0x2c,0x10,0xae,0x2b,0x8c,0x18,0x1c,0x00,0x08,0x82,0x41,0x04,
    0xca,0x42,0x09,0x0b,0xc4,0xeb,0x0a,0x23,0x06,0x07,0x00,0x82,0x60,0x10,0x85,0xb2,0x60,0xc2,0x02,0x01,0xbb,0xc2,0x2c,0x01,
    0xd8,0x0c,0x37,0x94,0xaa,0xe0,0xc6,0x02,0x18,0xcc,0x32,0x8c,0x0c,0xc9,0x04,0xb6,0x2f,0xb0,0x12,0x1f,0xdb,0x17,0x58,0x89,
    0x8f,0xed,0x0b,0xac,0xc4,0xc7,0x42,0xc6,0x56,0xe2,0x33,0x62,0x70,0x00,0x20,0x08,0x06,0xd1,0x29,0x0b,0x2d,0x2c,0x10,0xb7,
    0x2b,0x8c,0x18,0x1c,0x00,0x08,0x82,0x41,0x84,0xca,0x82,0x0b,0x0b,0x04,0xee,0x0a,0x23,0x06,0x07,0x00,0x82,0x60,0x10,0xa5,
    0xb2,0xf0,0xc2,0x02,0x91,0xbb,0xc2,0x88,0xc1,0x01,0x80,0x20,0x18,0x44,0xaa,0x2c,0xc0,0xb0,0x40,0xe8,0xae,0x30,0x62,0x70,
    0x00,0x20,0x08,0x06,0xd1,0x2a,0x0b,0x30,0x2c,0x10,0xba,0x2b,0x8c,0x18,0x1c,0x00,0x08,0x82,0x41,0xc4,0xca,0x42,0x0c,0x0b,
    0xc4,0xee,0x0a,0x23,0x06,0x07,0x00,0x82,0x60,0x10,0xb5,0xb2,0x20,0xc3,0x02,0xc1,0xbb,0xc2,0x88,0xc1,0x01,0x80,0x20,0x18,
    0x44,0xae,0x2c,0xcc,0xb0,0x40,0xf4,0xae,0x30,0x4b,0x00,0x36,0xc3,0x0d,0xb2,0x2a,0xe8,0xb1,0x00,0x06,0xb3,0x0c,0x25,0x63,
    0x32,0x81,0xf5,0x0a,0xca,0xc0,0xc7,0x7a,0x05,0x65,0xe0,0x63,0xbd,0x82,0x32,0xf0,0xb1,0x71,0x71,0x19,0xf8,0x58,0xb8,0xb0,
    0x8c,0x7c,0x2c,0x5c,0x58,0x46,0x3e,0x16,0x2e,0x2c,0x23,0x1f,0x3b,0x17,0x99,0x91,0x8f,0x21,0x44,0x7c,0x0c,0x21,0xe2,0x63,
    0x08,0x11,0x1f,0x43,0x88,0xf8,0x8c,0x18,0x1c,0x00,0x08,0x82,0x41,0xc4,0xcb,0x82,0x18,0x0b,0x04,0xfb,0x0a,0x23,0x06,0x07,
    0x00,0x82,0x60,0x10,0xf5,0xb2,0x30,0xc6,0x02,0xd1,0xbe,0xc2,0x88,0xc1,0x01,0x80,0x20,0x18,0x44,0xbe,0x2c,0x90,0xb1,0x40,
    0xb8,0xaf,0x30,0x62,0x70,0x00,0x20,0x08,0x06,0xd1,0x2f,0x0b,0x65,0x2c,0x10,0xef,0x2b,0x8c,0x18,0x1c,0x00,0x08,0x82,0x41,
    0x04,0xce,0x42,0x19,0x0b,0xc4,0xfb,0x0a,0x23,0x06,0x07,0x00,0x82,0x60,0x10,0x85,0xb3,0x60,0xc6,0x02,0x01,0xbf,0xc2,0x88,
    0xc1,0x01,0x80,0x20,0x18,0x44,0xe2,0x2c,0x9c,0xb1,0x40,0xc4,0xaf,0x30,0x62,0x70,0x00,0x20,0x08,0x06,0xd1,0x38,0x0b,0x68,
    0x2c,0x10,0xf2,0x2b,0xcc,0x12,0x80,0xcd,0x70,0xc3,0xb9,0x0a,0xae,0x2c,0x80,0xc1,0x2c,0xc3,0xc9,0xa0,0x4c,0x60,0x3d,0x23,
    0x2f,0xf1,0xb1,0x9e,0x91,0x97,0xf8,0x58,0xcf,0xc8,0x4b,0x7c,0x6c,0x6c,0xf0,0x25,0x3e,0x46,0xb8,0xac,0x20,0x1f,0x23,0x5e,
    0x56,0x90,0x8f,0x11,0x30,0x2b,0xc8,0xc7,0x88,0x98,0x15,0xe4,0x63,0x84,0xbe,0xc0,0xc7,0x08,0x7d,0x81,0x8f,0x11,0xfa,0x02,
    0x1f,0x23,0x40,0x06,0x3e,0xb3,0x04,0x60,0x33,0xdc,0x40,0xaf,0x82,0x2e,0x0b,0x60,0x30,0xcb,0x90,0x32,0x2a,0x13,0x98,0xda,
    0xfc,0x4b,0x7c,0x4c,0x6d,0xfe,0x25,0x3e,0xa6,0x36,0xff,0x12,0x1f,0x83,0x9b,0x92,0x89,0x8f,0x11,0xbb,0x23,0x1f,0x23,0x78,
    0x47,0x3e,0x46,0xf4,0x8e,0x7c,0x8c,0xf0,0x1d,0xf9,0x18,0x71,0x32,0xf0,0x31,0xe2,0x64,0xe0,0x63,0xc4,0xc9,0xc0,0xc7,0x88,
    0x96,0x81,0xcf,0x2c,0x01,0xd8,0x0c,0x37,0x84,0xac,0x60,0xce,0x02,0x18,0xcc,0x32,0xac,0x0c,0xcb,0x04,0x23,0x06,0x07,0x00,
    0x82,0x60,0x40,0x06,0xf7,0x2c,0xf8,0xb1,0xd0,0xbe,0x02,0x3c,0x0b,0xa3,0x09,0xc1,0x60,0x79,0xe3,0x32,0xf1,0xb1,0xbc,0x71,
    0x99,0xf8,0x58,0xde,0xb8,0x4c,0x7c,0xec,0x6f,0x68,0x26,0x3e,0x56,0x10,0xf2,0x31,0x83,0x90,0x8f,0x1d,0x84,0x7c,0x0c,0x21,
    0xe4,0x63,0x84,0xcd,0xc0,0xc7,0x08,0x9b,0x81,0x8f,0x11,0x36,0x03,0x1f,0x23,0x78,0x06,0x3e,0xb3,0x04,0x60,0x33,0xdc,0x00,
    0xb3,0x02,0x3d,0x0b,0x60,0x30,0xcb,0xd0,0x32,0x2e,0x13,0x58,0x0f,0x0b,0xf3,0x13,0x1f,0xe3,0x99,0x40,0x3e,0xc6,0x33,0x82,
    0x7c,0x8c,0x67,0x06,0xf9,0x98,0xd8,0x10,0xf2,0x31,0x62,0x75,0xe0,0x63,0xc4,0xea,0xc0,0xc7,0x88,0xd5,0x81,0x8f,0x11,0xb1,
    0x03,0x9f,0x11,0x83,0x03,0x00,0x41,0x30,0x88,0x6e,0x5a,0xe8,0x65,0x81,0x38,0x63,0x61,0xc4,0xe0,0x00,0x40,0x10,0x0c,0x22,
    0x9c,0x16,0x7c,0x59,0x20,0xd0,0x58,0x18,0x31,0x38,0x00,0x10,0x04,0x83,0x28,0xa7,0x85,0x5f,0x16,0x88,0x34,0x16,0x46,0x0c,
    0x0e,0x00,0x04,0xc1,0x20,0xd2,0x69,0x01,0x9c,0x05,0x42,0x8d,0x85,0x11,0x83,0x03,0x00,0x41,0x30,0x88,0x76,0x5a,0x00,0x67,
    0x81,0x50,0x63,0x61,0xc4,0xe0,0x00,0x40,0x10,0x0c,0x22,0x9e,0x16,0xc2,0x59,0x20,0xd6,0x58,0x18,0x31,0x38,0x00,0x10,0x04,
    0x83,0xa8,0xa7,0x05,0x71,0x16,0x08,0x36,0x16,0x46,0x0c,0x0e,0x00,0x04,0xc1,0x20,0xf2,0x69,0x61,0x9c,0x05,0xa2,0x8d,0x85,
    0x59,0x02,0xb0,0x19,0x6e,0x10,0x5b,0xa1,0x96,0x05,0x30,0x98,0x65,0x78,0x19,0x98,0x09,0x0c,0x77,0xda,0x26,0x3e,0x86,0x3b,
    0x6d,0x13,0x1f,0xc3,0x9d,0xb6,0x89,0x8f,0xf9,0xce,0xdc,0xc4,0xc7,0x88,0xd0,0x15,0xe4,0x63,0x84,0xe8,0x0a,0xf2,0x31,0x62,
    0x74,0x05,0xf9,0x18,0x41,0xba,0x82,0x7c,0x8c,0xa8,0x1b,0xf8,0x18,0x51,0x37,0xf0,0x31,0xa2,0x6e,0xe0,0x63,0xc4,0xde,0xc0,
    0x67,0x96,0x00,0x6c,0x86,0x1b,0xde,0x56,0xc8,0x65,0x01,0x0c,0x66,0x19,0xc0,0x26,0x66,0x82,0xe1,0x06,0xb8,0x15,0x6e,0x59,
    0x00,0x83,0x59,0x06,0x99,0x99,0x99,0xc0,0xf6,0x26,0x7d,0xe4,0x63,0x7b,0xa3,0x3e,0xf2,0xb1,0xbd,0x59,0x1f,0xf9,0x58,0xe8,
    0xb0,0x8f,0x7c,0x8c,0x50,0x1f,0xf8,0x18,0xa1,0x3e,0xf0,0x31,0x42,0x7d,0xe0,0x63,0x04,0xfc,0xc0,0x67,0xc4,0xe0,0x00,0x40,
    0x10,0x0c,0x22,0xbb,0x16,0xf8,0x59,0x20,0x4c,0x59,0x18,0x31,0x38,0x00,0x10,0x04,0x83,0xe8,0xae,0x85,0x7e,0x16,0x88,0x53,
    0x16,0x46,0x0c,0x0e,0x00,0x04,0xc1,0x20,0xc2,0x6b,0xc1,0x9f,0x05,0x02,0x95,0x85,0x11,0x83,0x03,0x00,0x41,0x30,0x88,0xf2,
    0x5a,0xf8,0x67,0x81,0x48,0x65,0x61,0xc4,0xe0,0x00,0x40,0x10,0x0c,0x22,0xbd,0x16,0xfe,0x59,0x20,0x52,0x59,0x18,0x31,0x38,
    0x00,0x10,0x04,0x83,0x68,0xaf,0x05,0x90,0x16,0x08,0x55,0x16,0x46,0x0c,0x0e,0x00,0x04,0xc1,0x20,0xe2,0x6b,0x21,0xa4,0x05,
    0x62,0x95,0x85,0x11,0x83,0x03,0x00,0x41,0x30,0x88,0xfa,0x5a,0x10,0x69,0x81,0x60,0x65,0x61,0x96,0x00,0x6c,0x86,0x1b,0x42,
    0x57,0x20,0x67,0x01,0x0c,0x66,0x19,0x68,0xa6,0x66,0x02,0x63,0x9d,0xfb,0x91,0x8f,0xb1,0xce,0xfd,0xc8,0xc7,0x58,0xe7,0x7e,
    0xe4,0x63,0xb2,0xd3,0x3f,0xf2,0x31,0xc2,0x7f,0xe0,0x63,0xc4,0xff,0xc0,0xc7,0x08,0x10,0x82,0x8f,0x11,0x21,0x04,0x9f,0x11,
    0x83,0x03,0x00,0x41,0x30,0x88,0x4e,0x5b,0x68,0x69,0x81,0xb8,0x65,0x61,0xc4,0xe0,0x00,0x40,0x10,0x0c,0x22,0xd4,0x16,0x5c,
    0x5a,0x20,0x70,0x59,0x18,0x31,0x38,0x00,0x10,0x04,0x83,0x28,0xb5,0x85,0x97,0x16,0x88,0x5c,0x16,0x46,0x0c,0x0e,0x00,0x04,
    0xc1,0x20,0x52,0x6d,0x01,0xa6,0x05,0x42,0x97,0x85,0x11,0x83,0x03,0x00,0x41,0x30,0x88,0x56,0x5b,0x80,0x69,0x81,0xd0,0x65,
    0x61,0xc4,0xe0,0x00,0x40,0x10,0x0c,0x22,0xd6,0x16,0x62,0x5a,0x20,0x76,0x59,0x18,0x31,0x38,0x00,0x10,0x04,0x83,0xa8,0xb5,
    0x05,0x99,0x16,0x08,0x5e,0x16,0x46,0x0c,0x0e,0x00,0x04,0xc1,0x20,0x72,0x6d,0x61,0xa6,0x05,0xa2,0x97,0x85,0x59,0x02,0xb0,
    0x19,0x6e,0x90,0x5d,0x01,0x9f,0x05,0x30,0x98,0x65,0xb0,0x99,0x9b,0x09,0xec,0x97,0x85,0x15,0x8a,0x8f,0xf9,0x4e,0x20,0x1f,
    0xf3,0x1d,0x41,0x3e,0xe6,0x3b,0x83,0x7c,0x8c,0x7c,0x08,0xf9,0x18,0xd1,0x42,0xf0,0x31,0xa2,0x85,0xe0,0x63,0x44,0x0b,0xc1,
    0xc7,0x88,0x19,0x82,0xcf,0x88,0xc1,0x01,0x80,0x20,0x18,0x44,0xb9,0x2d,0xfc,0xb4,0x40,0xa4,0xb3,0x30,0x62,0x70,0x00,0x20,
    0x08,0x06,0x91,0x6e,0x0b,0x60,0x2d,0x10,0xea,0x2c,0x8c,0x18,0x1c,0x00,0x08,0x82,0x41,0xb4,0xdb,0x42,0x58,0x0b,0xc4,0x3a,
    0x0b,0x23,0x06,0x07,0x00,0x82,0x60,0x10,0xf1,0xb6,0x20,0xd6,0x02,0xc1,0xce,0xc2,0x88,0xc1,0x01,0x80,0x20,0x18,0x44,0xbd,
    0x2d,0x88,0xb5,0x40,0xb0,0xb3,0x30,0x62,0x70,0x00,0x20,0x08,0x06,0x91,0x6f,0x0b,0x63,0x2d,0x10,0xed,0x2c,0x8c,0x18,0x1c,
    0x00,0x08,0x82,0x41,0xf4,0xdb,0x02,0x59,0x0b,0x84,0x3b,0x0b,0x23,0x06,0x07,0x00,0x82,0x60,0x10,0x81,0xb7,0x50,0xd6,0x02,
    0xf1,0xce,0xc2,0x2c,0x01,0xd8,0x0c,0x37,0x90,0xaf,0x80,0xd3,0x02,0x18,0xcc,0x32,0xe0,0x4c,0xce,0x04,0x16,0xcf,0x82,0x0e,
    0xc5,0xc7,0xe4,0x59,0xd0,0xa1,0xf8,0xd8,0x3c,0x0b,0x3a,0x14,0x1f,0xa3,0x67,0x01,0x8c,0xe2,0x63,0xf3,0x43,0xc8,0xc7,0xe6,
    0x87,0x90,0x8f,0xcd,0x0f,0x21,0x1f,0xcb,0x1f,0x42,0x3e,0x46,0x94,0x11,0x7c,0x8c,0x30,0x23,0xf8,0x18,0x71,0x46,0xf0,0x31,
    0x02,0x8d,0xe0,0x33,0x62,0x70,0x00,0x20,0x08,0x06,0x91,0x7b,0x0b,0x74,0x2d,0x10,0xfe,0x2c,0x8c,0x18,0x1c,0x00,0x08,0x82,
    0x41,0xf4,0xde,0x42,0x5d,0x0b,0xc4,0x3f,0x0b,0x23,0x06,0x07,0x00,0x82,0x60,0x10,0xc1,0xb7,0x60,0xd7,0x02,0x01,0xd2,0xc2,
    0x88,0xc1,0x01,0x80,0x20,0x18,0x44,0xf1,0x2d,0xdc,0xb5,0x40,0x84,0xb4,0x30,0x62,0x70,0x00,0x20,0x08,0x06,0x91,0x7c,0x0b,
    0x77,0x2d,0x10,0x21,0x2d,0x8c,0x18,0x1c,0x00,0x08,0x82,0x41,0x34,0xdf,0x02,0x5e,0x0b,0x84,0x48,0x0b,0x23,0x06,0x07,0x00,
    0x82,0x60,0x10,0xd1,0xb7,0x90,0xd7,0x02,0x31,0xd2,0xc2,0x88,0xc1,0x01,0x80,0x20,0x18,0x44,0xf5,0x2d,0xe8,0xb5,0x40,0x90,
    0xb4,0x30,0x4b,0x00,0x36,0xc5,0xbf,0x42,0x58,0x0b,0x3a,0xdc,0x10,0xe0,0xb5,0x00,0x06,0xb3,0x0c,0x60,0xa3,0x33,0xc1,0x70,
    0xc3,0xfe,0x0a,0x70,0x2d,0x80,0xc1,0x2c,0xc3,0xce,0xf0,0x4c,0x60,0x26,0xa4,0xd2,0x02,0x7c,0xcc,0x84,0x56,0x5a,0x80,0x8f,
    0x99,0x10,0x4b,0x0b,0xf0,0x31,0x3a,0x6a,0x69,0x01,0x3e,0x46,0x47,0x2e,0x2d,0xc0,0xc7,0xe8,0xe8,0xa5,0x05,0xf8,0x8c,0x18,
    0x2c,0x00,0x08,0x82,0x41,0x18,0xe0,0xb7,0x90,0xda,0xc2,0x20,0x04,0x46,0x41,0x58,0x60,0xd3,0x82,0x7c,0x46,0x0c,0x0e,0x00,
    0x04,0xc1,0x20,0x0a,0x71,0xe1,0xb4,0x85,0x20,0xa6,0x85,0x11,0x83,0x03,0x00,0x41,0x30,0x88,0x44,0x5c,0x38,0x6d,0x21,0x88,
    0x69,0x61,0x96,0x00,0x6c,0x86,0x1b,0x4c,0x58,0x70,0x6d,0x01,0x0c,0x66,0x19,0x7a,0xc6,0x67,0x02,0x8b,0x21,0x3e,0x92,0x8f,
    0xc5,0x10,0x1f,0xc9,0xc7,0x62,0x88,0x8f,0xe4,0x63,0x37,0x24,0x4a,0xf2,0x31,0xf5,0x21,0xe0,0x63,0xea,0x43,0xc0,0xc7,0xd4,
    0x87,0x80,0x8f,0xc1,0x0f,0x01,0x9f,0x11,0x83,0x03,0x00,0x41,0x30,0x88,0x58,0x5c,0x90,0x6d,0x81,0xe0,0x69,0x61,0xc4,0xe0,
    0x00,0x40,0x10,0x0c,0xa2,0x16,0x17,0x66,0x5b,0x20,0x7a,0x5a,0x18,0x31,0x38,0x00,0x10,0x04,0x83,0xc8,0xc5,0x05,0xda,0x16,
    0x08,0x9f,0x16,0x46,0x0c,0x0e,0x00,0x04,0xc1,0x20,0x7a,0x71,0xa1,0xb6,0x05,0xe2,0xa7,0x85,0x11,0x83,0x03,0x00,0x41,0x30,
    0x88,0x60,0x5c,0xa8,0x6d,0x81,0xf8,0x69,0x61,0xc4,0xe0,0x00,0x40,0x10,0x0c,0xa2,0x18,0x17,0x6c,0x5b,0x20,0xc0,0x5a,0x18,
    0x31,0x38,0x00,0x10,0x04,0x83,0x48,0xc6,0x85,0xdb,0x16,0x88,0xb0,0x16,0x46,0x0c,0x0e,0x00,0x04,0xc1,0x20,0x9a,0x71,0x01,
    0xb7,0x05,0x42,0xac,0x85,0x59,0x02,0xb0,0x19,0x6e,0xb8,0x61,0x21,0xaf,0x05,0x30,0x98,0x65,0xf8,0x19,0xb0,0x09,0xec,0x7e,
    0x5a,0x49,0x3e,0x76,0x3f,0xad,0x24,0x1f,0xbb,0x9f,0x56,0x92,0x8f,0xf5,0xcf,0x2c,0xc9,0xc7,0xd0,0x5a,0xd8,0x9f,0xf8,0x58,
    0x5a,0x0b,0xfb,0x13,0x1f,0x53,0x6b,0x61,0x7f,0xe2,0x63,0x6b,0x2d,0x84,0x50,0x7c,0x8c,0x50,0x23,0xf9,0x18,0xa1,0x46,0xf2,
    0x31,0x42,0x8d,0xe4,0x63,0x04,0x1c,0xc9,0xc7,0x08,0x06,0x3e,0x46,0x30,0xf0,0x31,0x82,0x81,0x8f,0x11,0x0c,0x7c,0x46,0x0c,
    0x0e,0x00,0x04,0xc1,0x20,0x2a,0x73,0x61,0xbd,0x05,0xa2,0xae,0x85,0x11,0x83,0x03,0x00,0x41,0x30,0x88,0xcc,0x5c,0x60,0x6f,
    0x81,0xb0,0x6b,0x61,0xc4,0xe0,0x00,0x40,0x10,0x0c,0xa2,0x33,0x17,0xda,0x5b,0x20,0xee,0x5a,0x18,0x31,0x38,0x00,0x10,0x04,
    0x83,0x08,0xcd,0x05,0xf7,0x16,0x08,0xbc,0x16,0x46,0x0c,0x0e,0x00,0x04,0xc1,0x20,0x4a,0x73,0xc1,0xbd,0x05,0x02,0xaf,0x85,
    0x11,0x83,0x03,0x00,0x41,0x30,0x88,0xd4,0x5c,0x78,0x6f,0x81,0xc8,0x6b,0x61,0xc4,0xe0,0x00,0x40,0x10,0x0c,0xa2,0x35,0x17,
    0xe0,0x5b,0x20,0xf4,0x5a,0x18,0x31,0x38,0x00,0x10,0x04,0x83,0x88,0xcd,0x85,0xf8,0x16,0x88,0xbd,0x16,0x66,0x09,0xc0,0x66,
    0xa0,0x3a,0x18,0x6c,0x6a,0x5e,0x50,0xea,0x5e,0xcc,0x29,0x5f,0x48,0x69,0x5f,0xd4,0xa8,0x5f,0x50,0xe8,0x5f,0x7c,0x27,0x64,
    0x48,0x67,0x64,0x74,0xa6,0x64,0x40,0xe6,0x64,0xcc,0x25,0x65,0x50,0x65,0x65,0xc8,0xa4,0x65,0x54,0xe4,0x65,0xcc,0x43,0x66,
    0x48,0x83,0x66,0xc0,0xc2,0x66,0xec,0x01,0x67,0x6c,0x61,0x67,0xf4,0xa0,0x67,0x90,0x9f,0x51,0xcd,0x80,0x5e,0xe8,0x31,0xa8,
    0x17,0xd5,0x0c,0x60,0x46,0xd5,0x72,0x46,0x27,0x0b,0x9f,0x19,0xa8,0x0e,0x06,0x9b,0x9a,0x17,0x94,0xba,0x17,0x73,0xca,0x17,
    0x52,0xda,0x17,0x35,0xea,0x17,0x14,0xfa,0x17,0xdf,0x09,0x19,0xd2,0x19,0x19,0x9d,0x29,0x19,0x90,0x39,0x19,0x73,0x49,0x19,
    0x54,0x59,0x19,0x32,0x69,0x19,0x15,0x79,0x19,0xf3,0x90,0x19,0xd2,0xa0,0x19,0xb0,0xb0,0x19,0x7b,0xc0,0x19,0x5c,0xd8,0x19,
    0x3d,0xe8,0x19,0xe4,0x67,0x54,0x33,0xa0,0x17,0x7a,0x0c,0xea,0x45,0x35,0x03,0x98,0x51,0xb5,0x9c,0xd1,0xc9,0xc2,0x67,0x06,
    0xaa,0x83,0xc1,0xa6,0xe6,0x05,0xa5,0xee,0xc5,0x9c,0xf2,0x85,0x94,0xf6,0x45,0x8d,0xfa,0x05,0x85,0xfe,0xc5,0x77,0x42,0x86,
    0x74,0x46,0x46,0x67,0x4a,0x06,0x64,0x4e,0xc6,0x5c,0x52,0x06,0x55,0x56,0x86,0x4c,0x5a,0x46,0x45,0x5e,0xc6,0x3c,0x64,0x86,
    0x34,0x68,0x06,0x2c,0x6c,0xc6,0x1e,0x70,0x46,0x17,0x76,0x46,0x0f,0x7a,0x06,0xf9,0x19,0xd5,0x0c,0xe8,0x85,0x1e,0x83,0x7a,
    0x51,0xcd,0x00,0x66,0x54,0x2d,0x67,0x74,0xb2,0xf0,0x99,0x81,0xea,0x60,0xb0,0xa9,0x79,0x41,0xa9,0x7b,0x31,0xa7,0x7c,0x21,
    0xa5,0x7d,0x51,0xa3,0x7e,0x41,0xa1,0x7f,0xf1,0x9d,0x90,0x21,0x9d,0x91,0xd1,0x99,0x92,0x01,0x99,0x93,0x31,0x97,0x94,0x41,
    0x95,0x95,0x21,0x93,0x96,0x51,0x91,0x97,0x31,0x0f,0x99,0x21,0x0d,0x9a,0x01,0x0b,0x9b,0xb1,0x07,0x9c,0xe1,0x85,0x9d,0xd1,
    0x83,0x9e,0x41,0x7e,0xc6,0x36,0x03,0x7a,0x01,0xc9,0xa0,0x5e,0x6c,0x33,0x80,0x19,0x55,0xcb,0x19,0x9d,0x2c,0x7c,0x66,0xb8,
    0x81,0x8c,0x85,0x33,0x17,0xc0,0x60,0x96,0xa1,0x75,0xc2,0x26,0x18,0x6e,0x28,0x63,0x81,0xcc,0x05,0x30,0x98,0x65,0x68,0x1d,
    0xb1,0x09,0x86,0x1b,0xcc,0x58,0x18,0x73,0x01,0x0c,0x66,0x19,0x5a,0x67,0x6c,0x82,0xe1,0x86,0x33,0x16,0xc6,0x5c,0x00,0x83,
    0x59,0x06,0xb2,0x29,0x9b,0xc0,0x48,0xe7,0x7d,0xe4,0x33,0x4b,0xd0,0x3a,0xc3,0x0d,0x69,0x2c,0x90,0xb9,0x00,0x06,0xb3,0x0c,
    0x66,0x73,0x36,0x81,0x99,0x4e,0xfc,0xc8,0xc7,0x02,0xd6,0x16,0xe4,0x33,0x62,0x70,0x00,0x20,0x08,0x06,0x51,0x9e,0x0b,0xff,
    0x2d,0x04,0xa9,0x2d,0x8c,0x18,0x1c,0x00,0x08,0x82,0x41,0xa4,0xe7,0xc2,0x7f,0x0b,0x41,0x6a,0x0b,0xb3,0x04,0xad,0x33,0xdc,
    0xe0,0xc6,0x82,0x9b,0x0b,0x60,0x30,0xcb,0x80,0x36,0x69,0x13,0xd8,0xea,0xd8,0x8f,0x7c,0x2c,0x98,0x6d,0x41,0x3e,0x23,0x06,
    0x07,0x00,0x82,0x60,0x10,0xf9,0xb9,0x40,0xe2,0x42,0xe0,0xda,0xc2,0x88,0xc1,0x01,0x80,0x20,0x18,0x44,0x7f,0x2e,0x90,0xb8,
    0x10,0xb8,0xb6,0x30,0x4b,0xd0,0x3a,0xc3,0x0d,0x73,0x2c,0xb4,0xb9,0x00,0x06,0xb3,0x0c,0x6a,0xb3,0x36,0x81,0xc1,0xce,0xfe,
    0xc0,0x67,0xc4,0xe0,0x00,0x40,0x10,0x0c,0x22,0x51,0x17,0x50,0x5c,0x08,0x64,0x5b,0x18,0x31,0x38,0x00,0x10,0x04,0x83,0x68,
    0xd4,0x05,0x14,0x17,0x02,0xd9,0x16,0x66,0x09,0x5a,0x67,0xb8,0xe1,0x8e,0x05,0x3c,0x17,0xc0,0x60,0x96,0x81,0x6d,0xda,0x26,
    0x30,0xda,0xf9,0x1f,0xf8,0x58,0x70,0xdb,0x02,0x7c,0x46,0x0c,0x0e,0x00,0x04,0xc1,0x20,0x3a,0x75,0xa1,0xc5,0x85,0xe0,0xb6,
    0x85,0x11,0x83,0x03,0x00,0x41,0x30,0x88,0x50,0x5d,0x68,0x71,0x21,0xb8,0x6d,0x61,0x96,0xa0,0x75,0x86,0x1b,0xf8,0x58,0xd0,
    0x73,0x01,0x0c,0x66,0x19,0xdc,0xe6,0x6d,0x02,0xcb,0x1d,0x12,0x82,0x8f,0x05,0xbc,0x2d,0xc0,0xc7,0x02,0xf0,0x16,0xe4,0x33,
    0x62,0x70,0x00,0x20,0x08,0x06,0x51,0xab,0x0b,0x33,0x2e,0x04,0xbd,0x2d,0x8c,0x18,0x1c,0x00,0x08,0x82,0x41,0xe4,0xea,0xc2,
    0x8c,0x0b,0x41,0x6f,0x0b,0xb3,0x04,0xad,0x33,0xdc,0x20,0xca,0xc2,0x9e,0x0b,0x60,0x30,0xcb,0x00,0x37,0x71,0x13,0x98,0x0a,
    0xfd,0x4e,0x7c,0x46,0x0c,0x0e,0x00,0x04,0xc1,0x20,0x8a,0x75,0xe1,0xc6,0x85,0x20,0xbc,0x85,0x11,0x83,0x03,0x00,0x41,0x30,
    0x88,0x64,0x5d,0xb8,0x71,0x21,0x08,0x6f,0x61,0x96,0xa0,0x75,0x86,0x1b,0x4c,0x59,0xf0,0x73,0x01,0x0c,0x66,0x19,0xe4,0x66,
    0x6e,0x02,0x1b,0x1f,0x17,0x82,0x8f,0x91,0xcf,0x0b,0xc9,0xc7,0x84,0x20,0x3e,0x23,0x06,0x07,0x00,0x82,0x60,0x10,0xdd,0xba,
    0xd0,0xe3,0x42,0x70,0xde,0xc2,0x88,0xc1,0x01,0x80,0x20,0x18,0x44,0xb8,0x2e,0xf4,0xb8,0x10,0x9c,0xb7,0x30,0x4b,0xd0,0x3a,
    0xc3,0x0d,0xac,0x2c,0x8c,0xba,0x00,0x06,0xb3,0x0c,0x74,0x53,0x37,0x81,0xd1,0x50,0xfa,0xc4,0xc7,0x02,0x90,0x16,0xe4,0x63,
    0xc1,0xfa,0xc0,0x67,0x96,0xa0,0x75,0x86,0x1b,0x60,0x59,0x30,0x75,0x01,0x0c,0x66,0x19,0xec,0xe6,0x6e,0x02,0xc3,0xa1,0xf6,
    0x89,0x8f,0x05,0xa4,0x25,0x1f,0x0b,0xde,0x07,0x3e,0xb3,0x04,0xad,0x33,0xdc,0x40,0xcb,0x42,0xaa,0x0b,0x60,0x30,0xcb,0x80,
    0x37,0x79,0x13,0x8c,0x18,0x1c,0x00,0x08,0x82,0x01,0x19,0xe8,0xba,0x10,0xe6,0x02,0x6c,0x0b,0xb3,0x2e,0x8c,0x26,0x04,0x83,
    0xf9,0xd0,0xfc,0xc4,0xc7,0x84,0x40,0x3e,0x16,0xd4,0x0f,0x7c,0x66,0x09,0x5a,0x67,0xb8,0x41,0x97,0x05,0x57,0x17,0xc0,0x60,
    0x96,0x41,0x6f,0xf6,0x26,0xb0,0xfb,0x16,0x5a,0x2b,0x3e,0x86,0x3f,0x81,0x7c,0x2c,0x20,0x23,0xf8,0x8c,0x18,0x1c,0x00,0x08,
    0x82,0x41,0xb4,0xee,0x42,0x9c,0x0b,0xc1,0x7e,0x0b,0x23,0x06,0x07,0x00,0x82,0x60,0x10,0xb1,0xbb,0x10,0xe7,0x42,0xb0,0xdf,
    0xc2,0x2c,0x41,0xeb,0x0c,0x37,0x80,0xb3,0x30,0xe6,0x02,0x18,0xcc,0x32,0xf0,0x4d,0xdf,0x04,0x86,0x46,0xfd,0x13,0x1f,0x0b,
    0x58,0x5a,0x90,0x8f,0x05,0xff,0x03,0x9f,0x59,0x82,0xd6,0x19,0x6e,0x20,0x67,0xc1,0xc7,0x05,0x30,0x98,0x65,0x68,0x1d,0xbf,
    0x09,0x86,0x1b,0xca,0x59,0xe0,0x71,0x01,0x0c,0x66,0x19,0xfe,0x06,0x74,0x02,0x13,0xa1,0x36,0x92,0x8f,0x05,0x6e,0x04,0x9f,
    0x11,0x83,0x03,0x00,0x41,0x30,0x88,0xea,0x5d,0xd8,0x73,0x21,0x28,0x71,0x61,0xc4,0xe0,0x00,0x40,0x10,0x0c,0x22,0x7b,0x17,
    0xf6,0x5c,0x08,0x4a,0x5c,0x98,0x25,0x68,0x9d,0xe1,0x06,0x75,0x16,0x7a,0x5c,0x00,0x83,0x59,0x86,0xd0,0x11,0x9d,0xc0,0x4e,
    0x48,0x8e,0xe4,0x63,0xc1,0x1c,0xc1,0x67,0xc4,0xe0,0x00,0x40,0x10,0x0c,0x22,0x7d,0x17,0x40,0x5d,0x08,0x54,0x5c,0x18,0x31,
    0x38,0x00,0x10,0x04,0x83,0x68,0xdf,0x05,0x50,0x17,0x02,0x15,0x17,0x66,0x09,0x5a,0x67,0xb8,0xe1,0x9d,0x85,0x32,0x17,0xc0,
    0x60,0x96,0x61,0x74,0x48,0x27,0x30,0x16,0x17,0xee,0x28,0x3e,0xd6,0x42,0x81,0x7c,0x2c,0xc8,0x23,0xf8,0x8c,0x18,0x1c,0x00,
    0x08,0x82,0x41,0x04,0xf2,0x82,0xa9,0x0b,0x01,0x8c,0x0b,0x23,0x06,0x07,0x00,0x82,0x60,0x10,0x85,0xbc,0x60,0xea,0x42,0x00,
    0xe3,0xc2,0x2c,0x41,0xeb,0x0c,0x37,0xd4,0xb3,0x90,0xe7,0x02,0x18,0xcc,0x32,0x94,0x8e,0xe9,0x04,0x26,0xe3,0x42,0x1f,0xc5,
    0xc7,0x66,0x28,0x90,0x8f,0x05,0x7f,0x04,0x9f,0x11,0x83,0x03,0x00,0x41,0x30,0x88,0x4c,0x5e,0x60,0x75,0x21,0xb0,0x71,0x61,
    0xc4,0xe0,0x00,0x40,0x10,0x0c,0xa2,0x93,0x17,0x58,0x5d,0x08,0x6c,0x5c,0x98,0x25,0x68,0x9d,0x62,0x69,0x61,0xce,0x05,0x1d,
    0x6e,0x08,0x54,0x5d,0x00,0x83,0x59,0x86,0xd6,0x39,0x9d,0x60,0xb8,0xa1,0x9f,0x05,0x51,0x17,0xc0,0x60,0x96,0x01,0x75,0x52,
    0x27,0xb0,0x1b,0xe2,0x71,0x01,0x3e,0x76,0x43,0x3d,0x2e,0xc0,0xc7,0x6e,0xc8,0xc7,0x05,0xf8,0x58,0x29,0xfd,0xb8,0x00,0x1f,
    0x2b,0x25,0x30,0x17,0xe0,0x63,0xa5,0x14,0xe6,0x02,0x7c,0x46,0x0c,0x16,0x00,0x04,0xc1,0x20,0x0c,0x54,0x5e,0xd8,0x75,0x61,
    0x10,0x02,0xa3,0x20,0x2c,0x40,0x73,0x41,0x3e,0x23,0x06,0x07,0x00,0x82,0x60,0x10,0xcd,0xbc,0x90,0xeb,0x42,0x30,0xe6,0xc2,
    0x88,0xc1,0x01,0x80,0x20,0x18,0x44,0x34,0x2f,0xe4,0xba,0x10,0x8c,0xb9,0x30,0x4b,0xd0,0x3a,0xc3,0x0d,0x28,0x2d,0x80,0xbb,
    0x00,0x06,0xb3,0x0c,0xaa,0xb3,0x3a,0x81,0x95,0x11,0x2c,0xc9,0xc7,0x60,0x28,0x80,0xcf,0x88,0xc1,0x01,0x80,0x20,0x18,0x44,
    0x38,0x2f,0xf8,0xba,0x10,0xa0,0xb9,0x30,0x62,0x70,0x00,0x20,0x08,0x06,0x51,0xce,0x0b,0xbe,0x2e,0x04,0x68,0x2e,0xcc,0x12,
    0xb4,0xce,0x70,0x43,0x4b,0x0b,0x7f,0x2e,0x80,0xc1,0x2c,0x03,0xeb,0xb4,0x4e,0x60,0x34,0x54,0x4b,0xf2,0xb1,0x35,0x17,0x6a,
    0x28,0x3e,0x16,0xb0,0x91,0x7c,0x2c,0x18,0xe0,0x33,0x62,0x70,0x00,0x20,0x08,0x06,0xd1,0xcf,0x0b,0xe5,0x2e,0x04,0x6f,0x2e,
    0x8c,0x18,0x1c,0x00,0x08,0x82,0x41,0x04,0xf6,0x42,0xb9,0x0b,0xc1,0x9b,0x0b,0xb3,0x04,0xad,0x33,0x50,0x1d,0x0c,0xb8,0x41,
    0x36,0xae,0x61,0x36,0xa4,0x81,0x36,0x7c,0xa1,0x36,0x72,0xc1,0x36,0x66,0xe1,0x36,0x3e,0x01,0x37,0x32,0x21,0x37,0x2a,0x41,
    0x37,0x22,0x61,0x37,0xf6,0x80,0x37,0xea,0xa0,0x37,0xe2,0xc0,0x37,0xb6,0xf0,0x37,0xac,0x10,0x3a,0xa0,0x30,0x3a,0x74,0x50,
    0x3a,0x1a,0xea,0x40,0xaa,0x23,0xb0,0x0e,0x1b,0x06,0x60,0x63,0x97,0x41,0xd8,0x80,0x63,0x20,0x36,0x76,0x19,0xf4,0x0d,0x1b,
    0x06,0xa6,0xc3,0xaf,0xc5,0xea,0x0c,0x37,0x94,0xb5,0xa0,0xeb,0x02,0x18,0x4c,0x37,0xcc,0x83,0x10,0x4c,0x37,0x90,0xb6,0x70,
    0x0f,0x3c,0x2d,0x4c,0x37,0x90,0xb6,0x70,0x0f,0x3d,0x2d,0x4c,0x37,0x90,0xb6,0x70,0x0f,0x3e,0x2d,0x4c,0x37,0x90,0xb6,0x40,
    0xfc,0xb4,0x30,0xdd,0xb0,0x0f,0xa4,0x2d,0x80,0xb5,0x30,0xdd,0xb0,0x0f,0xa4,0x2d,0x84,0xb5,0x30,0xdd,0xb0,0x0f,0xa4,0x2d,
    0x88,0xb5,0x30,0xdd,0x80,0x90,0xb6,0x30,0xd6,0x42,0x89,0xb4,0x50,0xf3,0x02,0x56,0x30,0xf6,0x82,0x1a,0x68,0x0b,0x64,0x2f,
    0xc0,0x60,0xb8,0x21,0x18,0x7b,0x01,0x0d,0x66,0x19,0x02,0xd7,0x09,0x06,0x3a,0x06,0xb0,0x2d,0x04,0xb0,0x2d,0x02,0xac,0x75,
    0x06,0x3a,0x06,0xb0,0x2d,0x04,0xb0,0x2d,0x02,0xac,0x75,0x06,0x3a,0x06,0xb0,0x2d,0x04,0xb0,0x2d,0x02,0xac,0x75,0x06,0x3a,
    0x06,0xb0,0x2d,0x04,0xb0,0x2d,0x02,0xac,0x75,0x66,0x19,0x60,0xe7,0x75,0x7c,0x5b,0x30,0x02,0xb7,0x05,0xf8,0x18,0x81,0xdb,
    0x02,0x7c,0x8c,0xc0,0x6d,0x01,0x3e,0xb3,0x04,0xb0,0x33,0x50,0x31,0x18,0xaf,0xe3,0xb8,0xce,0x40,0xc5,0x60,0xbc,0x8e,0xe3,
    0x3a,0x03,0x15,0x83,0xf1,0x3a,0x8e,0xeb,0xcc,0x32,0x80,0x4f,0xec,0xb8,0xb7,0x30,0x62,0x70,0x00,0x20,0x08,0x06,0x64,0x20,
    0xf7,0x42,0xbe,0x0b,0x68,0x2e,0xb8,0xbd,0x30,0x9a,0x10,0x00,0x96,0xe8,0xba,0x20,0x9f,0x11,0x03,0x03,0x00,0x41,0x30,0x68,
    0xfe,0x5e,0x10,0x77,0x21,0x18,0x31,0x30,0x00,0x10,0x04,0x83,0x06,0xf4,0x85,0x90,0x17,0x06,0x0b,0x7c,0x5d,0x90,0xcf,0x88,
    0x81,0x01,0x80,0x20,0x18,0x34,0xa2,0x2f,0x8c,0xbc,0x10,0x58,0x30,0xc0,0xa7,0xea,0x5b,0x78,0x7b,0x41,0x87,0x1b,0x02,0xbc,
    0x17,0xc0,0x60,0x96,0xc1,0x77,0x64,0x27,0x18,0x6e,0xb0,0x6f,0x41,0xef,0x05,0x30,0x98,0x65,0xf0,0x9d,0xd9,0x09,0x86,0x1b,
    0xee,0x5b,0xb8,0x7b,0x01,0x0c,0x66,0x19,0x68,0xa7,0x76,0x82,0xe1,0x88,0xa4,0x20,0xbe,0x59,0x02,0xdf,0x19,0x6e,0xc8,0x6f,
    0xe1,0xee,0x05,0x30,0x98,0x65,0xb0,0x9d,0xdb,0x09,0x86,0x23,0x96,0x23,0xf8,0x66,0x09,0x7c,0x67,0xb8,0x61,0xbf,0x05,0xbc,
    0x17,0xc0,0x60,0x96,0x01,0x77,0x72,0x27,0x18,0x8e,0x68,0x92,0xe2,0x9b,0x25,0xf0,0x9d,0xe1,0x86,0xfe,0x16,0xf2,0x5e,0x00,
    0x83,0x59,0x06,0xdd,0xd9,0x9d,0x60,0x38,0xe2,0x59,0x84,0x6f,0x96,0xc0,0x77,0x86,0x1b,0xfe,0x5b,0x00,0x7d,0x01,0x0c,0x66,
    0x19,0x78,0xa7,0x77,0x82,0xe1,0x88,0xa8,0x71,0xbe,0x59,0x02,0xdf,0x19,0x8e,0x90,0x9c,0xe1,0x1b,0x6e,0x10,0x71,0xa1,0xef,
    0x85,0x30,0xa8,0x40,0xd8,0x59,0x02,0xdf,0x19,0x28,0x52,0x30,0xda,0xa1,0x6c,0x07,0xc2,0x1d,0x46,0x77,0x10,0xde,0x91,0xf5,
    0x22,0x76,0x60,0xbd,0x90,0x1d,0xa1,0x77,0x66,0x19,0xc0,0xe7,0x77,0x82,0x11,0x03,0x03,0x00,0x41,0x30,0x58,0x6c,0x5f,0x40,
    0x7b,0x41,0xed,0x85,0x59,0x02,0xf0,0x99,0x65,0x40,0x9f,0xf0,0x19,0x71,0x61,0xb8,0x21,0xc4,0x05,0xd4,0x17,0xc0,0x60,0x96,
    0xe1,0x7c,0xc4,0x27,0x30,0x50,0x17,0xfe,0x5c,0xa0,0xcf,0x88,0xc1,0x01,0x80,0x20,0x18,0x90,0x41,0xeb,0x0b,0x34,0x2f,0x8c,
    0xba,0x10,0xfa,0xc2,0x68,0x42,0x00,0x8c,0x26,0x08,0xc1,0x68,0xc2,0x20,0x0c,0x37,0x9c,0xb8,0xf0,0xfa,0x02,0x18,0xcc,0x32,
    0x8c,0x0f,0xf9,0x04,0x26,0x18,0xf2,0xb1,0xe0,0xde,0x05,0xf9,0x8c,0x18,0x18,0x00,0x08,0x82,0x41,0xe3,0xfb,0xc2,0xcc,0x0b,
    0xc1,0x88,0xc1,0x01,0x80,0x20,0x18,0x44,0xbd,0x2f,0x8c,0xbd,0x10,0xb4,0xbb,0x30,0x62,0x70,0x00,0x20,0x08,0x06,0x91,0xef,
    0x0b,0x63,0x2f,0x04,0xed,0x2e,0xcc,0x12,0x9c,0xcf,0x70,0x43,0x8b,0x0b,0xb1,0x2f,0x80,0xc1,0x2c,0x43,0xf9,0x98,0x4f,0x60,
    0x08,0x23,0x1f,0x0b,0x02,0xf9,0x58,0xe0,0xef,0x82,0x7c,0x46,0x0c,0x0c,0x00,0x04,0xc1,0xa0,0x29,0x7f,0x41,0xe7,0x85,0x60,
    0xc4,0xe0,0x00,0x40,0x10,0x0c,0x22,0xf2,0x17,0xd4,0x5e,0x08,0xe8,0x5d,0x18,0x31,0x38,0x00,0x10,0x04,0x83,0xa8,0xfc,0x05,
    0xb5,0x17,0x02,0x7a,0x17,0x66,0x09,0xce,0xc7,0x1e,0x28,0x3e,0x23,0x06,0x06,0x00,0x82,0x60,0xd0,0xa4,0xbf,0xa0,0xfb,0x42,
    0x30,0x1c,0x11,0xf4,0xbb,0x40,0x7c,0xc3,0x11,0x43,0xbe,0x0b,0xc4,0x37,0xdd,0x20,0xf2,0xc2,0xbf,0x0b,0xc1,0x74,0x43,0x50,
    0x0c,0x56,0x61,0xf1,0xb1,0x40,0xa0,0xcf,0x88,0xc1,0x01,0x80,0x20,0x18,0x44,0xee,0x2f,0xd0,0xbd,0x10,0xf8,0xbb,0x30,0x62,
    0x70,0x00,0x20,0x08,0x06,0xd1,0xfb,0x0b,0x74,0x2f,0x04,0xfe,0x2e,0xcc,0x12,0x9c,0xcf,0x40,0xc9,0x40,0x06,0xe3,0x63,0x95,
    0x8f,0x60,0x3e,0x70,0x5d,0x84,0xcf,0x88,0xc1,0x01,0x80,0x20,0x18,0x90,0x41,0xfa,0x0b,0x70,0x2f,0xfc,0xba,0xc0,0xfb,0xc2,
    0x68,0x42,0x00,0x8c,0x26,0x08,0xc1,0x68,0xc2,0x20,0x98,0x1f,0x0c,0xf1,0x31,0x3f,0x18,0xe2,0x63,0x7e,0x30,0xc4,0xc7,0x06,
    0x44,0x3e,0x36,0x24,0xf2,0xb1,0x41,0x91,0x8f,0x0d,0x09,0x7c,0x6c,0x48,0xe0,0x63,0x43,0x02,0x9f,0x59,0x02,0xf4,0x19,0xa8,
    0x18,0x8c,0xf3,0x71,0x09,0xf0,0x19,0xa8,0x18,0x8c,0xf3,0x71,0x09,0xf0,0x19,0xa8,0x18,0x8c,0xf3,0x71,0x09,0xf0,0x19,0x31,
    0x38,0x00,0x10,0x04,0x83,0x28,0x04,0x87,0xd3,0x17,0x86,0x98,0x17,0x46,0x0c,0x0e,0x00,0x04,0xc1,0x20,0x12,0xc1,0x01,0xf5,
    0x85,0x41,0xe6,0x85,0x11,0x83,0x03,0x00,0x41,0x30,0x88,0x46,0x70,0x48,0x7d,0x61,0x98,0x79,0x61,0xc4,0xe0,0x00,0x40,0x10,
    0x0c,0x22,0x12,0x1c,0x54,0x5f,0x88,0x05,0x9a,0x17,0x46,0x0c,0x0e,0x00,0x04,0xc1,0x20,0x2a,0xc1,0x41,0xf5,0x05,0x82,0xe6,
    0x85,0x11,0x83,0x03,0x00,0x41,0x30,0x88,0x4c,0x70,0x58,0x7d,0x81,0xa8,0x79,0x61,0xc4,0xe0,0x00,0x40,0x10,0x0c,0xa2,0x13,
    0x1c,0x58,0x5f,0x20,0x6c,0x5e,0x18,0x31,0x38,0x00,0x10,0x04,0x83,0x08,0x05,0x87,0xd6,0x17,0x88,0x9b,0x17,0x46,0x0c,0x12,
    0x00,0x04,0xc1,0x00,0x69,0xc1,0xe1,0xfe,0x05,0xff,0x17,0xfc,0x5f,0x58,0x7f,0x81,0x18,0x31,0x48,0x00,0x10,0x04,0x03,0xa4,
    0x05,0x87,0xfb,0x17,0xfc,0x5f,0xf0,0x7f,0x21,0xfd,0x85,0x61,0xc4,0x20,0x01,0x40,0x10,0x0c,0x90,0x16,0x1c,0xee,0x5f,0xf0,
    0x7f,0xc1,0xff,0x05,0xf5,0x17,0x84,0x11,0x83,0x04,0x00,0x41,0x30,0x40,0x5a,0x70,0xb8,0x7f,0xc1,0xff,0x05,0xff,0x17,0xda,
    0x5f,0x08,0x10,0x00,0x00,0x00,0x00,0x00,
};
