// Generated by compile_native_shaders.py. Native payload; never a bgfx container.
static const unsigned char s_sdl_dxil_vs_ff_3d_clip[] = {
    0x44,0x58,0x42,0x43,0xb5,0x0c,0x97,0x2c,0xbc,0xb1,0x8c,0x44,0x0e,0x56,0xaa,0x02,0x84,0x17,0x1d,0x13,0x01,0x00,0x00,0x00,
    0x60,0x67,0x00,0x00,0x07,0x00,0x00,0x00,0x3c,0x00,0x00,0x00,0x4c,0x00,0x00,0x00,0x68,0x02,0x00,0x00,0xa0,0x04,0x00,0x00,
    0x70,0x0a,0x00,0x00,0xfc,0x16,0x00,0x00,0x18,0x17,0x00,0x00,0x53,0x46,0x49,0x30,0x08,0x00,0x00,0x00,0x00,0x00,0x00,0x00,
    0x00,0x00,0x00,0x00,0x49,0x53,0x47,0x31,0x14,0x02,0x00,0x00,0x10,0x00,0x00,0x00,0x08,0x00,0x00,0x00,0x00,0x00,0x00,0x00,
    0x08,0x02,0x00,0x00,0x00,0x00,0x00,0x00,0x00,0x00,0x00,0x00,0x03,0x00,0x00,0x00,0x00,0x00,0x00,0x00,0x0f,0x07,0x00,0x00,
    0x00,0x00,0x00,0x00,0x00,0x00,0x00,0x00,0x08,0x02,0x00,0x00,0x01,0x00,0x00,0x00,0x00,0x00,0x00,0x00,0x03,0x00,0x00,0x00,
    0x01,0x00,0x00,0x00,0x07,0x07,0x00,0x00,0x00,0x00,0x00,0x00,0x00,0x00,0x00,0x00,0x08,0x02,0x00,0x00,0x02,0x00,0x00,0x00,
    0x00,0x00,0x00,0x00,0x03,0x00,0x00,0x00,0x02,0x00,0x00,0x00,0x07,0x07,0x00,0x00,0x00,0x00,0x00,0x00,0x00,0x00,0x00,0x00,
    0x08,0x02,0x00,0x00,0x03,0x00,0x00,0x00,0x00,0x00,0x00,0x00,0x03,0x00,0x00,0x00,0x03,0x00,0x00,0x00,0x07,0x07,0x00,0x00,
    0x00,0x00,0x00,0x00,0x00,0x00,0x00,0x00,0x08,0x02,0x00,0x00,0x04,0x00,0x00,0x00,0x00,0x00,0x00,0x00,0x03,0x00,0x00,0x00,
    0x04,0x00,0x00,0x00,0x0f,0x0f,0x00,0x00,0x00,0x00,0x00,0x00,0x00,0x00,0x00,0x00,0x08,0x02,0x00,0x00,0x05,0x00,0x00,0x00,
    0x00,0x00,0x00,0x00,0x03,0x00,0x00,0x00,0x05,0x00,0x00,0x00,0x0f,0x0f,0x00,0x00,0x00,0x00,0x00,0x00,0x00,0x00,0x00,0x00,
    0x08,0x02,0x00,0x00,0x06,0x00,0x00,0x00,0x00,0x00,0x00,0x00,0x01,0x00,0x00,0x00,0x06,0x00,0x00,0x00,0x0f,0x0f,0x00,0x00,
    0x00,0x00,0x00,0x00,0x00,0x00,0x00,0x00,0x08,0x02,0x00,0x00,0x07,0x00,0x00,0x00,0x00,0x00,0x00,0x00,0x03,0x00,0x00,0x00,
    0x07,0x00,0x00,0x00,0x07,0x07,0x00,0x00,0x00,0x00,0x00,0x00,0x00,0x00,0x00,0x00,0x08,0x02,0x00,0x00,0x08,0x00,0x00,0x00,
    0x00,0x00,0x00,0x00,0x03,0x00,0x00,0x00,0x08,0x00,0x00,0x00,0x0f,0x03,0x00,0x00,0x00,0x00,0x00,0x00,0x00,0x00,0x00,0x00,
    0x08,0x02,0x00,0x00,0x09,0x00,0x00,0x00,0x00,0x00,0x00,0x00,0x03,0x00,0x00,0x00,0x09,0x00,0x00,0x00,0x0f,0x03,0x00,0x00,
    0x00,0x00,0x00,0x00,0x00,0x00,0x00,0x00,0x08,0x02,0x00,0x00,0x0a,0x00,0x00,0x00,0x00,0x00,0x00,0x00,0x03,0x00,0x00,0x00,
    0x0a,0x00,0x00,0x00,0x0f,0x03,0x00,0x00,0x00,0x00,0x00,0x00,0x00,0x00,0x00,0x00,0x08,0x02,0x00,0x00,0x0b,0x00,0x00,0x00,
    0x00,0x00,0x00,0x00,0x03,0x00,0x00,0x00,0x0b,0x00,0x00,0x00,0x0f,0x03,0x00,0x00,0x00,0x00,0x00,0x00,0x00,0x00,0x00,0x00,
    0x08,0x02,0x00,0x00,0x0c,0x00,0x00,0x00,0x00,0x00,0x00,0x00,0x03,0x00,0x00,0x00,0x0c,0x00,0x00,0x00,0x0f,0x03,0x00,0x00,
    0x00,0x00,0x00,0x00,0x00,0x00,0x00,0x00,0x08,0x02,0x00,0x00,0x0d,0x00,0x00,0x00,0x00,0x00,0x00,0x00,0x03,0x00,0x00,0x00,
    0x0d,0x00,0x00,0x00,0x0f,0x03,0x00,0x00,0x00,0x00,0x00,0x00,0x00,0x00,0x00,0x00,0x08,0x02,0x00,0x00,0x0e,0x00,0x00,0x00,
    0x00,0x00,0x00,0x00,0x03,0x00,0x00,0x00,0x0e,0x00,0x00,0x00,0x0f,0x03,0x00,0x00,0x00,0x00,0x00,0x00,0x00,0x00,0x00,0x00,
    0x08,0x02,0x00,0x00,0x0f,0x00,0x00,0x00,0x00,0x00,0x00,0x00,0x03,0x00,0x00,0x00,0x0f,0x00,0x00,0x00,0x0f,0x03,0x00,0x00,
    0x00,0x00,0x00,0x00,0x54,0x45,0x58,0x43,0x4f,0x4f,0x52,0x44,0x00,0x00,0x00,0x00,0x4f,0x53,0x47,0x31,0x30,0x02,0x00,0x00,
    0x10,0x00,0x00,0x00,0x08,0x00,0x00,0x00,0x00,0x00,0x00,0x00,0x08,0x02,0x00,0x00,0x00,0x00,0x00,0x00,0x01,0x00,0x00,0x00,
    0x03,0x00,0x00,0x00,0x00,0x00,0x00,0x00,0x0f,0x00,0x00,0x00,0x00,0x00,0x00,0x00,0x00,0x00,0x00,0x00,0x14,0x02,0x00,0x00,
    0x00,0x00,0x00,0x00,0x00,0x00,0x00,0x00,0x03,0x00,0x00,0x00,0x01,0x00,0x00,0x00,0x0f,0x00,0x00,0x00,0x00,0x00,0x00,0x00,
    0x00,0x00,0x00,0x00,0x14,0x02,0x00,0x00,0x01,0x00,0x00,0x00,0x00,0x00,0x00,0x00,0x03,0x00,0x00,0x00,0x02,0x00,0x00,0x00,
    0x0f,0x00,0x00,0x00,0x00,0x00,0x00,0x00,0x00,0x00,0x00,0x00,0x14,0x02,0x00,0x00,0x02,0x00,0x00,0x00,0x00,0x00,0x00,0x00,
    0x03,0x00,0x00,0x00,0x03,0x00,0x00,0x00,0x0f,0x00,0x00,0x00,0x00,0x00,0x00,0x00,0x00,0x00,0x00,0x00,0x14,0x02,0x00,0x00,
    0x03,0x00,0x00,0x00,0x00,0x00,0x00,0x00,0x03,0x00,0x00,0x00,0x04,0x00,0x00,0x00,0x0f,0x00,0x00,0x00,0x00,0x00,0x00,0x00,
    0x00,0x00,0x00,0x00,0x14,0x02,0x00,0x00,0x04,0x00,0x00,0x00,0x00,0x00,0x00,0x00,0x03,0x00,0x00,0x00,0x05,0x00,0x00,0x00,
    0x0f,0x00,0x00,0x00,0x00,0x00,0x00,0x00,0x00,0x00,0x00,0x00,0x14,0x02,0x00,0x00,0x05,0x00,0x00,0x00,0x00,0x00,0x00,0x00,
    0x03,0x00,0x00,0x00,0x06,0x00,0x00,0x00,0x0f,0x00,0x00,0x00,0x00,0x00,0x00,0x00,0x00,0x00,0x00,0x00,0x14,0x02,0x00,0x00,
    0x06,0x00,0x00,0x00,0x00,0x00,0x00,0x00,0x03,0x00,0x00,0x00,0x07,0x00,0x00,0x00,0x0f,0x00,0x00,0x00,0x00,0x00,0x00,0x00,
    0x00,0x00,0x00,0x00,0x14,0x02,0x00,0x00,0x07,0x00,0x00,0x00,0x00,0x00,0x00,0x00,0x03,0x00,0x00,0x00,0x08,0x00,0x00,0x00,
    0x0f,0x00,0x00,0x00,0x00,0x00,0x00,0x00,0x00,0x00,0x00,0x00,0x14,0x02,0x00,0x00,0x08,0x00,0x00,0x00,0x00,0x00,0x00,0x00,
    0x03,0x00,0x00,0x00,0x09,0x00,0x00,0x00,0x0f,0x00,0x00,0x00,0x00,0x00,0x00,0x00,0x00,0x00,0x00,0x00,0x14,0x02,0x00,0x00,
    0x09,0x00,0x00,0x00,0x00,0x00,0x00,0x00,0x03,0x00,0x00,0x00,0x0a,0x00,0x00,0x00,0x0f,0x00,0x00,0x00,0x00,0x00,0x00,0x00,
    0x00,0x00,0x00,0x00,0x14,0x02,0x00,0x00,0x0a,0x00,0x00,0x00,0x00,0x00,0x00,0x00,0x03,0x00,0x00,0x00,0x0b,0x00,0x00,0x00,
    0x0f,0x00,0x00,0x00,0x00,0x00,0x00,0x00,0x00,0x00,0x00,0x00,0x14,0x02,0x00,0x00,0x0b,0x00,0x00,0x00,0x00,0x00,0x00,0x00,
    0x03,0x00,0x00,0x00,0x0c,0x00,0x00,0x00,0x0f,0x00,0x00,0x00,0x00,0x00,0x00,0x00,0x00,0x00,0x00,0x00,0x14,0x02,0x00,0x00,
    0x0c,0x00,0x00,0x00,0x00,0x00,0x00,0x00,0x03,0x00,0x00,0x00,0x0d,0x00,0x00,0x00,0x0f,0x00,0x00,0x00,0x00,0x00,0x00,0x00,
    0x00,0x00,0x00,0x00,0x1d,0x02,0x00,0x00,0x00,0x00,0x00,0x00,0x02,0x00,0x00,0x00,0x03,0x00,0x00,0x00,0x0e,0x00,0x00,0x00,
    0x0f,0x00,0x00,0x00,0x00,0x00,0x00,0x00,0x00,0x00,0x00,0x00,0x1d,0x02,0x00,0x00,0x01,0x00,0x00,0x00,0x02,0x00,0x00,0x00,
    0x03,0x00,0x00,0x00,0x0f,0x00,0x00,0x00,0x0f,0x00,0x00,0x00,0x00,0x00,0x00,0x00,0x53,0x56,0x5f,0x50,0x6f,0x73,0x69,0x74,
    0x69,0x6f,0x6e,0x00,0x54,0x45,0x58,0x43,0x4f,0x4f,0x52,0x44,0x00,0x53,0x56,0x5f,0x43,0x6c,0x69,0x70,0x44,0x69,0x73,0x74,
    0x61,0x6e,0x63,0x65,0x00,0x00,0x00,0x00,0x50,0x53,0x56,0x30,0xc8,0x05,0x00,0x00,0x34,0x00,0x00,0x00,0x01,0x00,0x00,0x00,
    0x00,0x00,0x00,0x00,0x00,0x00,0x00,0x00,0x00,0x00,0x00,0x00,0x00,0x00,0x00,0x00,0xff,0xff,0xff,0xff,0x01,0x00,0x00,0x00,
    0x10,0x10,0x00,0x10,0x10,0x00,0x00,0x00,0x00,0x00,0x00,0x00,0x00,0x00,0x00,0x00,0x00,0x00,0x00,0x00,0x06,0x01,0x00,0x00,
    0x02,0x00,0x00,0x00,0x18,0x00,0x00,0x00,0x02,0x00,0x00,0x00,0x01,0x00,0x00,0x00,0x00,0x00,0x00,0x00,0x00,0x00,0x00,0x00,
    0x0d,0x00,0x00,0x00,0x00,0x00,0x00,0x00,0x02,0x00,0x00,0x00,0x01,0x00,0x00,0x00,0x01,0x00,0x00,0x00,0x01,0x00,0x00,0x00,
    0x0d,0x00,0x00,0x00,0x00,0x00,0x00,0x00,0x0c,0x01,0x00,0x00,0x00,0x54,0x45,0x58,0x43,0x4f,0x4f,0x52,0x44,0x00,0x54,0x45,
    0x58,0x43,0x4f,0x4f,0x52,0x44,0x00,0x54,0x45,0x58,0x43,0x4f,0x4f,0x52,0x44,0x00,0x54,0x45,0x58,0x43,0x4f,0x4f,0x52,0x44,
    0x00,0x54,0x45,0x58,0x43,0x4f,0x4f,0x52,0x44,0x00,0x54,0x45,0x58,0x43,0x4f,0x4f,0x52,0x44,0x00,0x54,0x45,0x58,0x43,0x4f,
    0x4f,0x52,0x44,0x00,0x54,0x45,0x58,0x43,0x4f,0x4f,0x52,0x44,0x00,0x54,0x45,0x58,0x43,0x4f,0x4f,0x52,0x44,0x00,0x54,0x45,
    0x58,0x43,0x4f,0x4f,0x52,0x44,0x00,0x54,0x45,0x58,0x43,0x4f,0x4f,0x52,0x44,0x00,0x54,0x45,0x58,0x43,0x4f,0x4f,0x52,0x44,
    0x00,0x54,0x45,0x58,0x43,0x4f,0x4f,0x52,0x44,0x00,0x54,0x45,0x58,0x43,0x4f,0x4f,0x52,0x44,0x00,0x54,0x45,0x58,0x43,0x4f,
    0x4f,0x52,0x44,0x00,0x54,0x45,0x58,0x43,0x4f,0x4f,0x52,0x44,0x00,0x54,0x45,0x58,0x43,0x4f,0x4f,0x52,0x44,0x00,0x54,0x45,
    0x58,0x43,0x4f,0x4f,0x52,0x44,0x00,0x54,0x45,0x58,0x43,0x4f,0x4f,0x52,0x44,0x00,0x54,0x45,0x58,0x43,0x4f,0x4f,0x52,0x44,
    0x00,0x54,0x45,0x58,0x43,0x4f,0x4f,0x52,0x44,0x00,0x54,0x45,0x58,0x43,0x4f,0x4f,0x52,0x44,0x00,0x54,0x45,0x58,0x43,0x4f,
    0x4f,0x52,0x44,0x00,0x54,0x45,0x58,0x43,0x4f,0x4f,0x52,0x44,0x00,0x54,0x45,0x58,0x43,0x4f,0x4f,0x52,0x44,0x00,0x54,0x45,
    0x58,0x43,0x4f,0x4f,0x52,0x44,0x00,0x54,0x45,0x58,0x43,0x4f,0x4f,0x52,0x44,0x00,0x54,0x45,0x58,0x43,0x4f,0x4f,0x52,0x44,
    0x00,0x54,0x45,0x58,0x43,0x4f,0x4f,0x52,0x44,0x00,0x6d,0x61,0x69,0x6e,0x00,0x00,0x10,0x00,0x00,0x00,0x00,0x00,0x00,0x00,
    0x01,0x00,0x00,0x00,0x02,0x00,0x00,0x00,0x03,0x00,0x00,0x00,0x04,0x00,0x00,0x00,0x05,0x00,0x00,0x00,0x06,0x00,0x00,0x00,
    0x07,0x00,0x00,0x00,0x08,0x00,0x00,0x00,0x09,0x00,0x00,0x00,0x0a,0x00,0x00,0x00,0x0b,0x00,0x00,0x00,0x0c,0x00,0x00,0x00,
    0x0d,0x00,0x00,0x00,0x0e,0x00,0x00,0x00,0x0f,0x00,0x00,0x00,0x10,0x00,0x00,0x00,0x01,0x00,0x00,0x00,0x00,0x00,0x00,0x00,
    0x01,0x00,0x44,0x00,0x03,0x00,0x00,0x00,0x0a,0x00,0x00,0x00,0x01,0x00,0x00,0x00,0x01,0x01,0x43,0x00,0x03,0x00,0x00,0x00,
    0x13,0x00,0x00,0x00,0x02,0x00,0x00,0x00,0x01,0x02,0x43,0x00,0x03,0x00,0x00,0x00,0x1c,0x00,0x00,0x00,0x03,0x00,0x00,0x00,
    0x01,0x03,0x43,0x00,0x03,0x00,0x00,0x00,0x25,0x00,0x00,0x00,0x04,0x00,0x00,0x00,0x01,0x04,0x44,0x00,0x03,0x00,0x00,0x00,
    0x2e,0x00,0x00,0x00,0x05,0x00,0x00,0x00,0x01,0x05,0x44,0x00,0x03,0x00,0x00,0x00,0x37,0x00,0x00,0x00,0x06,0x00,0x00,0x00,
    0x01,0x06,0x44,0x00,0x01,0x00,0x00,0x00,0x40,0x00,0x00,0x00,0x07,0x00,0x00,0x00,0x01,0x07,0x43,0x00,0x03,0x00,0x00,0x00,
    0x49,0x00,0x00,0x00,0x08,0x00,0x00,0x00,0x01,0x08,0x44,0x00,0x03,0x00,0x00,0x00,0x52,0x00,0x00,0x00,0x09,0x00,0x00,0x00,
    0x01,0x09,0x44,0x00,0x03,0x00,0x00,0x00,0x5b,0x00,0x00,0x00,0x0a,0x00,0x00,0x00,0x01,0x0a,0x44,0x00,0x03,0x00,0x00,0x00,
    0x64,0x00,0x00,0x00,0x0b,0x00,0x00,0x00,0x01,0x0b,0x44,0x00,0x03,0x00,0x00,0x00,0x6d,0x00,0x00,0x00,0x0c,0x00,0x00,0x00,
    0x01,0x0c,0x44,0x00,0x03,0x00,0x00,0x00,0x76,0x00,0x00,0x00,0x0d,0x00,0x00,0x00,0x01,0x0d,0x44,0x00,0x03,0x00,0x00,0x00,
    0x7f,0x00,0x00,0x00,0x0e,0x00,0x00,0x00,0x01,0x0e,0x44,0x00,0x03,0x00,0x00,0x00,0x88,0x00,0x00,0x00,0x0f,0x00,0x00,0x00,
    0x01,0x0f,0x44,0x00,0x03,0x00,0x00,0x00,0x00,0x00,0x00,0x00,0x00,0x00,0x00,0x00,0x01,0x00,0x44,0x03,0x03,0x04,0x00,0x00,
    0x91,0x00,0x00,0x00,0x00,0x00,0x00,0x00,0x01,0x01,0x44,0x00,0x03,0x02,0x00,0x00,0x9a,0x00,0x00,0x00,0x01,0x00,0x00,0x00,
    0x01,0x02,0x44,0x00,0x03,0x02,0x00,0x00,0xa3,0x00,0x00,0x00,0x02,0x00,0x00,0x00,0x01,0x03,0x44,0x00,0x03,0x01,0x00,0x00,
    0xac,0x00,0x00,0x00,0x03,0x00,0x00,0x00,0x01,0x04,0x44,0x00,0x03,0x01,0x00,0x00,0xb5,0x00,0x00,0x00,0x04,0x00,0x00,0x00,
    0x01,0x05,0x44,0x00,0x03,0x02,0x00,0x00,0xbe,0x00,0x00,0x00,0x05,0x00,0x00,0x00,0x01,0x06,0x44,0x00,0x03,0x02,0x00,0x00,
    0xc7,0x00,0x00,0x00,0x06,0x00,0x00,0x00,0x01,0x07,0x44,0x00,0x03,0x02,0x00,0x00,0xd0,0x00,0x00,0x00,0x07,0x00,0x00,0x00,
    0x01,0x08,0x44,0x00,0x03,0x02,0x00,0x00,0xd9,0x00,0x00,0x00,0x08,0x00,0x00,0x00,0x01,0x09,0x44,0x00,0x03,0x02,0x00,0x00,
    0xe2,0x00,0x00,0x00,0x09,0x00,0x00,0x00,0x01,0x0a,0x44,0x00,0x03,0x02,0x00,0x00,0xeb,0x00,0x00,0x00,0x0a,0x00,0x00,0x00,
    0x01,0x0b,0x44,0x00,0x03,0x02,0x00,0x00,0xf4,0x00,0x00,0x00,0x0b,0x00,0x00,0x00,0x01,0x0c,0x44,0x00,0x03,0x02,0x00,0x00,
    0xfd,0x00,0x00,0x00,0x0c,0x00,0x00,0x00,0x01,0x0d,0x44,0x00,0x03,0x02,0x00,0x00,0x00,0x00,0x00,0x00,0x00,0x00,0x00,0x00,
    0x01,0x0e,0x44,0x06,0x03,0x02,0x00,0x00,0x00,0x00,0x00,0x00,0x01,0x00,0x00,0x00,0x01,0x0f,0x44,0x06,0x03,0x02,0x00,0x00,
    0x7f,0x77,0xf7,0xff,0xff,0xff,0x5f,0x3f,0x7f,0x77,0xf7,0xff,0xff,0xff,0x5f,0x3f,0x7f,0x77,0xf7,0xff,0xff,0xff,0x5f,0x3f,
    0x00,0x00,0x00,0x00,0x00,0x00,0x00,0x00,0x70,0x77,0xf7,0xff,0xff,0xff,0x0b,0x00,0x70,0x77,0xf7,0xff,0xff,0xff,0x0b,0x00,
    0x70,0x77,0xf7,0xff,0xff,0xff,0x0b,0x00,0x00,0x00,0x00,0x00,0x00,0x00,0x00,0x00,0x7f,0x77,0xf7,0xff,0xff,0xff,0x7f,0x3f,
    0x7f,0x77,0xf7,0xff,0xff,0xff,0x5f,0x3f,0x7f,0x77,0xf7,0xff,0xff,0xff,0x5f,0x3f,0x00,0x00,0x00,0x00,0x00,0x00,0x00,0x00,
    0x70,0x77,0xf7,0xff,0xff,0xff,0x0b,0x00,0x70,0x77,0xf7,0xff,0xff,0xff,0x0b,0x00,0x70,0x77,0xf7,0xff,0xff,0xff,0x0b,0x00,
    0x00,0x00,0x00,0x00,0x00,0x00,0x00,0x00,0x10,0x11,0x01,0x00,0x00,0x00,0x00,0x00,0x20,0x22,0x02,0x00,0x00,0x00,0x00,0x00,
    0x40,0x44,0x04,0x00,0x00,0x00,0x00,0x00,0x80,0x80,0x00,0x00,0x00,0x00,0x00,0x00,0x10,0x11,0x01,0x00,0x00,0x00,0x00,0x00,
    0x20,0x22,0x02,0x00,0x00,0x00,0x00,0x00,0x40,0x44,0x04,0x00,0x00,0x00,0x00,0x00,0x80,0x88,0x08,0x00,0x00,0x00,0x00,0x00,
    0x7f,0x77,0xf7,0xff,0xff,0xff,0x5f,0x3f,0x7f,0x77,0xf7,0xff,0xff,0xff,0x5f,0x3f,0x7f,0x77,0xf7,0xff,0xff,0xff,0x5f,0x3f,
    0x7f,0x77,0xf7,0xff,0xff,0xff,0x5f,0x3f,0x7f,0x77,0xf7,0xff,0xff,0xff,0x7f,0x3f,0x7f,0x77,0xf7,0xff,0xff,0xff,0x5f,0x3f,
    0x7f,0x77,0xf7,0xff,0xff,0xff,0x5f,0x3f,0x00,0x00,0x00,0x00,0x00,0x00,0x00,0x00,0x00,0x00,0xf0,0xff,0xff,0xff,0x0b,0x00,
    0x00,0x00,0xf0,0xff,0xff,0xff,0x0b,0x00,0x00,0x00,0x00,0x00,0x00,0x00,0x00,0x00,0x00,0x00,0x00,0x00,0x00,0x00,0x00,0x00,
    0x00,0x00,0xf0,0xff,0xff,0xff,0x0b,0x00,0x00,0x00,0xf0,0xff,0xff,0xff,0x0b,0x00,0x00,0x00,0x00,0x00,0x00,0x00,0x00,0x00,
    0x00,0x00,0x00,0x00,0x00,0x00,0x00,0x00,0x00,0x00,0xf0,0xff,0xff,0xff,0x0b,0x00,0x00,0x00,0xf0,0xff,0xff,0xff,0x0b,0x00,
    0x00,0x00,0x00,0x00,0x00,0x00,0x00,0x00,0x00,0x00,0x00,0x00,0x00,0x00,0x00,0x00,0x00,0x00,0xf0,0xff,0xff,0xff,0x0b,0x00,
    0x00,0x00,0xf0,0xff,0xff,0xff,0x0b,0x00,0x00,0x00,0x00,0x00,0x00,0x00,0x00,0x00,0x00,0x00,0x00,0x00,0x00,0x00,0x00,0x00,
    0x00,0x00,0xf0,0xff,0xff,0xff,0x0b,0x00,0x00,0x00,0xf0,0xff,0xff,0xff,0x0b,0x00,0x00,0x00,0x00,0x00,0x00,0x00,0x00,0x00,
    0x00,0x00,0x00,0x00,0x00,0x00,0x00,0x00,0x00,0x00,0xf0,0xff,0xff,0xff,0x0b,0x00,0x00,0x00,0xf0,0xff,0xff,0xff,0x0b,0x00,
    0x00,0x00,0x00,0x00,0x00,0x00,0x00,0x00,0x00,0x00,0x00,0x00,0x00,0x00,0x00,0x00,0x00,0x00,0xf0,0xff,0xff,0xff,0x0b,0x00,
    0x00,0x00,0xf0,0xff,0xff,0xff,0x0b,0x00,0x00,0x00,0x00,0x00,0x00,0x00,0x00,0x00,0x00,0x00,0x00,0x00,0x00,0x00,0x00,0x00,
    0x00,0x00,0xf0,0xff,0xff,0xff,0x0b,0x00,0x00,0x00,0xf0,0xff,0xff,0xff,0x0b,0x00,0x00,0x00,0x00,0x00,0x00,0x00,0x00,0x00,
    0x00,0x00,0x00,0x00,0x00,0x00,0x00,0x00,0x53,0x54,0x41,0x54,0x84,0x0c,0x00,0x00,0x60,0x00,0x01,0x00,0x21,0x03,0x00,0x00,
    0x44,0x58,0x49,0x4c,0x00,0x01,0x00,0x00,0x10,0x00,0x00,0x00,0x6c,0x0c,0x00,0x00,0x42,0x43,0xc0,0xde,0x21,0x0c,0x00,0x00,
    0x18,0x03,0x00,0x00,0x0b,0x82,0x20,0x00,0x02,0x00,0x00,0x00,0x13,0x00,0x00,0x00,0x07,0x81,0x23,0x91,0x41,0xc8,0x04,0x49,
    0x06,0x10,0x32,0x39,0x92,0x01,0x84,0x0c,0x25,0x05,0x08,0x19,0x1e,0x04,0x8b,0x62,0x80,0x18,0x45,0x02,0x42,0x92,0x0b,0x42,
    0xc4,0x10,0x32,0x14,0x38,0x08,0x18,0x4b,0x0a,0x32,0x62,0x88,0x48,0x90,0x14,0x20,0x43,0x46,0x88,0xa5,0x00,0x19,0x32,0x42,
    0xe4,0x48,0x0e,0x90,0x11,0x23,0xc4,0x50,0x41,0x51,0x81,0x8c,0xe1,0x83,0xe5,0x8a,0x04,0x31,0x46,0x06,0x51,0x18,0x00,0x00,
    0x08,0x00,0x00,0x00,0x1b,0x8c,0xe0,0xff,0xff,0xff,0xff,0x07,0x40,0x02,0xa8,0x0d,0x84,0xf0,0xff,0xff,0xff,0xff,0x03,0x20,
    0x6d,0x30,0x86,0xff,0xff,0xff,0xff,0x1f,0x00,0x09,0xa8,0x00,0x49,0x18,0x00,0x00,0x03,0x00,0x00,0x00,0x13,0x82,0x60,0x42,
    0x20,0x4c,0x08,0x06,0x00,0x00,0x00,0x00,0x89,0x20,0x00,0x00,0x38,0x00,0x00,0x00,0x32,0x22,0x88,0x09,0x20,0x64,0x85,0x04,
    0x13,0x23,0xa4,0x84,0x04,0x13,0x23,0xe3,0x84,0xa1,0x90,0x14,0x12,0x4c,0x8c,0x8c,0x0b,0x84,0xc4,0x4c,0x10,0xb0,0xc1,0x08,
    0x40,0x09,0x00,0x0a,0x66,0x00,0xe6,0x08,0xc0,0x60,0x8e,0x00,0x29,0xc6,0x40,0x10,0x44,0x41,0x90,0x51,0x0c,0x82,0x20,0x88,
    0x82,0x20,0xa4,0x18,0x00,0x41,0x10,0xc5,0x40,0x4a,0x21,0x06,0x62,0x18,0x88,0x29,0xca,0x40,0x0c,0xc3,0x30,0x0c,0xc3,0x30,
    0x90,0x53,0x90,0x81,0x18,0x86,0x61,0x18,0x06,0x82,0xca,0x30,0x10,0x03,0x49,0x47,0x0d,0x97,0x3f,0x61,0x0f,0x21,0xf9,0xdc,
    0x46,0x15,0x2b,0x31,0xf9,0xc5,0x6d,0x23,0x62,0x18,0x86,0x81,0x8a,0x7b,0x86,0xcb,0x9f,0xb0,0x87,0x90,0xfc,0x10,0x68,0x86,
    0x85,0x40,0x41,0x55,0x08,0x8a,0xb0,0x08,0xba,0x4a,0x31,0x10,0xc3,0x30,0x50,0x36,0x47,0x10,0x14,0xc3,0x22,0x0a,0x82,0xd8,
    0x88,0x1b,0x08,0x18,0x46,0x20,0x86,0x24,0xf8,0x12,0x01,0x3c,0xea,0x70,0xa4,0x69,0x01,0x30,0x87,0x9a,0x7c,0x8e,0x7c,0x89,
    0x68,0x22,0x2e,0x1a,0x05,0x21,0x89,0x49,0x00,0x26,0xc5,0x97,0x38,0x5f,0x42,0x7c,0x69,0xf0,0x1d,0x75,0x38,0xd2,0xb4,0x00,
    0x98,0x43,0x4d,0x3e,0x47,0xbe,0x44,0x34,0x11,0x57,0x8d,0x10,0xb2,0x0c,0xcd,0xef,0x44,0x3f,0x4a,0x53,0x30,0x80,0x00,0x00,
    0x13,0x14,0x72,0xc0,0x87,0x74,0x60,0x87,0x36,0x68,0x87,0x79,0x68,0x03,0x72,0xc0,0x87,0x0d,0xaf,0x50,0x0e,0x6d,0xd0,0x0e,
    0x7a,0x50,0x0e,0x6d,0x00,0x0f,0x7a,0x30,0x07,0x72,0xa0,0x07,0x73,0x20,0x07,0x6d,0x90,0x0e,0x71,0xa0,0x07,0x73,0x20,0x07,
    0x6d,0x90,0x0e,0x78,0xa0,0x07,0x73,0x20,0x07,0x6d,0x90,0x0e,0x71,0x60,0x07,0x7a,0x30,0x07,0x72,0xd0,0x06,0xe9,0x30,0x07,
    0x72,0xa0,0x07,0x73,0x20,0x07,0x6d,0x90,0x0e,0x76,0x40,0x07,0x7a,0x60,0x07,0x74,0xd0,0x06,0xe6,0x10,0x07,0x76,0xa0,0x07,
    0x73,0x20,0x07,0x6d,0x60,0x0e,0x73,0x20,0x07,0x7a,0x30,0x07,0x72,0xd0,0x06,0xe6,0x60,0x07,0x74,0xa0,0x07,0x76,0x40,0x07,
    0x6d,0xe0,0x0e,0x78,0xa0,0x07,0x71,0x60,0x07,0x7a,0x30,0x07,0x72,0xa0,0x07,0x76,0x40,0x07,0x43,0x9e,0x00,0x08,0x00,0x00,
    0x00,0x00,0x00,0x00,0x00,0x00,0x00,0x86,0x3c,0x06,0x10,0x00,0x01,0x00,0x00,0x00,0x00,0x00,0x00,0x00,0x0c,0x79,0x10,0x20,
    0x00,0x02,0x00,0x00,0x00,0x00,0x00,0x00,0x00,0x18,0xf2,0x28,0x40,0x00,0x08,0x00,0x00,0x00,0x00,0x00,0x00,0x00,0x30,0xe4,
    0x61,0x80,0x00,0x08,0x00,0x00,0x00,0x00,0x00,0x00,0x00,0x60,0xc8,0xe3,0x00,0x01,0x10,0x00,0x00,0x00,0x00,0x00,0x00,0x00,
    0xc0,0x90,0x07,0x02,0x02,0x20,0x00,0x00,0x00,0x00,0x00,0x00,0x00,0x80,0x21,0x8f,0x04,0x04,0x40,0x00,0x00,0x00,0x00,0x00,
    0x00,0x00,0x00,0x43,0x9e,0x0b,0x08,0x80,0x01,0x00,0x00,0x00,0x00,0x00,0x00,0x00,0x86,0x3c,0x19,0x10,0x00,0x01,0x00,0x00,
    0x00,0x00,0x00,0x00,0x00,0x0c,0x79,0x38,0x20,0x00,0x06,0x00,0x00,0x00,0x00,0x00,0x00,0x00,0xc8,0x02,0x01,0x00,0x00,0x00,
    0x7a,0x00,0x00,0x00,0x32,0x1e,0x98,0x18,0x19,0x11,0x4c,0x90,0x8c,0x09,0x26,0x47,0xc6,0x04,0x43,0x22,0x4a,0x60,0x04,0xa0,
    0x18,0x0a,0x10,0xa1,0x00,0x4b,0x8a,0xa0,0x10,0xca,0xa0,0x1c,0x4a,0xa2,0x00,0x09,0x4a,0xa3,0x00,0x13,0x0a,0x30,0xa2,0x00,
    0x3f,0x0a,0xf4,0xa3,0x40,0x47,0x0a,0x9c,0xa4,0x3c,0x4a,0xa1,0x20,0x8a,0xa2,0x2c,0x0a,0xa3,0x38,0x4a,0x5b,0xa0,0xf8,0x15,
    0xca,0x99,0xa4,0x5c,0x07,0xca,0xaa,0x00,0x03,0xca,0x88,0x8a,0x92,0x18,0x01,0x28,0x84,0x32,0x28,0x85,0x22,0x28,0x81,0x62,
    0xa0,0xad,0x06,0x48,0x9c,0x01,0xa0,0x71,0x06,0x80,0xd2,0x19,0x00,0x52,0x67,0x00,0x68,0x1d,0x4b,0x24,0x40,0x01,0x14,0xfe,
    0xbd,0x77,0xff,0x7f,0xf8,0xff,0xff,0xaf,0xbf,0x7f,0xef,0xdd,0xff,0x1f,0xfe,0xff,0xff,0xeb,0xef,0xdf,0x7b,0xf7,0xff,0x87,
    0xff,0xff,0xff,0xfa,0x03,0x00,0x78,0xef,0xdd,0xff,0x1f,0xfe,0xff,0xbf,0xe0,0xbd,0x77,0xff,0x7f,0xf8,0xff,0xff,0x82,0xf7,
    0xde,0xfd,0xff,0xe1,0xff,0xff,0x0b,0x00,0xfe,0xbd,0x77,0xff,0x7f,0xf8,0xff,0xff,0xbf,0xbf,0x7f,0xef,0xdd,0xff,0x1f,0xfe,
    0xff,0xff,0xeb,0xef,0xdf,0x7b,0xf7,0xff,0x87,0xff,0xff,0xff,0xfa,0x03,0x00,0x78,0xef,0xdd,0xff,0x1f,0xfe,0xff,0xbf,0xe0,
    0xbd,0x77,0xff,0x7f,0xf8,0xff,0xff,0x82,0xf7,0xde,0xfd,0xff,0xe1,0xff,0xff,0x0b,0x00,0x60,0x94,0x14,0x00,0x30,0x46,0x09,
    0x00,0x14,0x63,0x04,0x00,0x49,0x30,0x00,0x60,0x94,0x14,0x00,0x30,0x46,0x09,0x00,0x14,0x63,0x04,0x00,0x49,0x31,0x02,0xfe,
    0xbd,0x77,0xff,0x7f,0xf8,0xff,0xff,0xaf,0xbf,0x7f,0xef,0xdd,0xff,0x1f,0xfe,0xff,0xff,0xeb,0xef,0xdf,0x7b,0xf7,0xff,0x87,
    0xff,0xff,0xff,0xfa,0xfb,0xf7,0xde,0xfd,0xff,0xe1,0xff,0xff,0xbf,0xfe,0xfe,0xbd,0x77,0xff,0x7f,0xf8,0xff,0xff,0xbf,0xbf,
    0x7f,0xef,0xdd,0xff,0x1f,0xfe,0xff,0xff,0xeb,0xef,0xdf,0x7b,0xf7,0xff,0x87,0xff,0xff,0xff,0xfa,0x03,0x00,0x10,0x04,0xc1,
    0xff,0x1f,0xfe,0xff,0xbf,0x40,0x10,0x04,0xff,0x7f,0xf8,0xff,0xff,0x02,0x00,0x00,0x00,0x41,0x10,0xfc,0xff,0xe1,0xff,0xff,
    0x0b,0x04,0x41,0xf0,0xff,0x87,0xff,0xff,0x2f,0x00,0x00,0x00,0x10,0x04,0xc1,0xff,0x1f,0xfe,0xff,0xbf,0x40,0x10,0x04,0xff,
    0x7f,0xf8,0xff,0xff,0x02,0x00,0x00,0x00,0x41,0x10,0xfc,0xff,0xe1,0xff,0xff,0x0b,0x04,0x41,0xf0,0xff,0x87,0xff,0xff,0x2f,
    0x00,0x00,0x00,0x10,0x04,0xc1,0xff,0x1f,0xfe,0xff,0xbf,0x40,0x10,0x04,0xff,0x7f,0xf8,0xff,0xff,0x02,0x00,0x00,0x00,0x41,
    0x10,0xfc,0xff,0xe1,0xff,0xff,0x0b,0x04,0x41,0xf0,0xff,0x87,0xff,0xff,0x2f,0x00,0x00,0x00,0x10,0x04,0xc1,0xff,0x1f,0xfe,
    0xff,0xbf,0x40,0x10,0x04,0xff,0x7f,0xf8,0xff,0xff,0x02,0x00,0x00,0x00,0x41,0x10,0xfc,0xff,0xe1,0xff,0xff,0x0b,0x04,0x41,
    0xf0,0xff,0x87,0xff,0xff,0x2f,0x00,0x00,0x00,0x00,0x00,0x00,0x79,0x18,0x00,0x00,0x75,0x01,0x00,0x00,0x1a,0x03,0x4c,0x90,
    0x46,0x02,0x13,0xc4,0x31,0x20,0xc3,0x1b,0x43,0x81,0x93,0x4b,0xb3,0x0b,0xa3,0x2b,0x4b,0x01,0x89,0x71,0xc1,0x71,0x81,0x71,
    0xa1,0xb9,0x99,0xc9,0x01,0x41,0x21,0xcb,0x09,0xab,0x29,0xcb,0xb9,0x21,0x83,0x49,0xd9,0x10,0x04,0x13,0x04,0x62,0x99,0x20,
    0x10,0xcc,0x06,0x61,0x20,0x36,0x08,0x04,0x41,0xc1,0x6e,0x6e,0x82,0x40,0x34,0x1b,0x86,0x03,0x21,0x26,0x08,0x63,0x50,0x07,
    0x4c,0x86,0x96,0xac,0xca,0xe4,0xe8,0xca,0xf0,0x60,0x26,0x08,0x84,0xb3,0x01,0x21,0x94,0x65,0x20,0x06,0x06,0x98,0x20,0xa8,
    0xc1,0x1d,0x30,0x19,0x5a,0xb2,0x2a,0x93,0xa3,0x2b,0xc3,0x8b,0x99,0x20,0x10,0xcf,0x06,0x64,0x70,0x9e,0x61,0x18,0x20,0x60,
    0x83,0xd0,0x44,0x1b,0x08,0x00,0x90,0x80,0x09,0x82,0x18,0xd0,0x01,0x99,0xba,0x2f,0x33,0xb3,0xa6,0x30,0x3a,0xb9,0xb4,0xb1,
    0xb2,0xb9,0x09,0x02,0x01,0x4d,0x10,0x88,0x68,0xc3,0x70,0x5d,0xd6,0x04,0x81,0x90,0x26,0x08,0xc4,0x34,0x41,0x20,0xa8,0x0d,
    0x08,0x52,0x59,0x58,0x46,0x68,0xdb,0x06,0x81,0xe1,0x26,0x08,0x69,0x60,0x07,0xac,0xea,0xbe,0xec,0xca,0xe4,0xe8,0xca,0xf0,
    0x84,0xd8,0xca,0xdc,0xc8,0x9a,0xc2,0xe8,0xe4,0xd2,0xc6,0xca,0xe6,0x26,0x08,0xdb,0x1c,0x6c,0x50,0x90,0xcf,0xc2,0x32,0x42,
    0xdb,0x36,0x30,0xa0,0x53,0xf7,0x65,0x66,0x46,0x24,0x17,0x76,0x07,0x15,0x26,0x17,0xd6,0x36,0x37,0x41,0x20,0xaa,0x09,0x02,
    0x61,0x6d,0x50,0x10,0x31,0xc8,0xc6,0x40,0xdb,0x36,0x30,0x20,0x83,0x8b,0x4b,0xdd,0x17,0x5d,0x19,0x5e,0x53,0x18,0x9d,0x5c,
    0x1a,0xde,0x04,0x81,0xb8,0x36,0x28,0x88,0x19,0x58,0x58,0x76,0x06,0xda,0xb6,0x81,0x01,0x91,0xba,0x2f,0xb6,0xb4,0x33,0x34,
    0xba,0xb9,0x09,0x02,0x81,0x6d,0x50,0x90,0x34,0xc8,0xd4,0x40,0xdb,0x36,0x30,0x20,0x83,0x8b,0x4a,0xdd,0x97,0x5d,0x5a,0xd9,
    0x1d,0xdc,0x9b,0x1c,0xdd,0x04,0x81,0xc8,0x36,0x28,0x08,0x1b,0x64,0x6d,0xa0,0x6d,0x1b,0x18,0x90,0xc1,0xc5,0xa6,0xee,0x6b,
    0x8e,0x2e,0xec,0xac,0x0c,0x2a,0x4c,0x2e,0xac,0x6d,0x6e,0x82,0x40,0x68,0x1b,0x14,0xe4,0x0d,0x32,0x38,0xd0,0xb6,0x0d,0x0c,
    0xc8,0xe0,0x22,0x53,0xf7,0x35,0xc6,0x96,0x06,0x07,0xc5,0x16,0xe6,0x56,0x36,0x37,0x41,0x20,0xb6,0x0d,0x0a,0x22,0x07,0xd9,
    0x1c,0x68,0xdb,0x06,0x06,0x64,0x70,0x91,0xa9,0xfb,0x1a,0x63,0x4b,0x83,0x83,0x0a,0x93,0x0b,0x6b,0x9b,0x9b,0x20,0x10,0xdc,
    0x06,0x05,0xa9,0x83,0xcc,0x0e,0xb4,0x6d,0x03,0x03,0x32,0xb8,0x36,0x24,0x50,0x18,0x94,0x01,0x1a,0xac,0x81,0x1b,0xc4,0x01,
    0x1d,0xdc,0xc1,0x86,0x82,0xa0,0x3a,0x0f,0x0f,0x26,0x08,0x02,0xb0,0x01,0xd8,0x30,0x10,0x7b,0xb0,0x07,0x1b,0x02,0x3e,0xd8,
    0x30,0x0c,0x7a,0xd0,0x07,0x13,0x84,0x35,0xc0,0x83,0x0d,0xc1,0x1f,0x90,0x68,0x0b,0x4b,0x73,0x23,0x42,0x55,0x84,0x35,0xf4,
    0xf4,0x24,0x45,0x34,0x41,0x28,0xd6,0x60,0x82,0x50,0xb0,0xc1,0x86,0x80,0x98,0x20,0x14,0x6d,0xb0,0x41,0xc8,0xb4,0x0d,0x0b,
    0x21,0x0a,0xa3,0x40,0x0a,0xa5,0x40,0x0a,0x83,0x29,0x10,0xa4,0x70,0x0a,0x1b,0x82,0x61,0x82,0x50,0xb8,0xc1,0x86,0x65,0x10,
    0x85,0x51,0x20,0x85,0x54,0x20,0x85,0x41,0x15,0x06,0x52,0x38,0x85,0x0d,0x81,0xb5,0x61,0xb1,0x44,0x61,0x14,0x48,0x81,0x15,
    0x48,0x61,0x50,0x05,0x8b,0x14,0x4e,0x61,0x43,0x90,0x6d,0x58,0x32,0x51,0x18,0x05,0x52,0x70,0x05,0x52,0x18,0x54,0x21,0x23,
    0x85,0x53,0xd8,0x10,0x5c,0x13,0x04,0xa2,0xdb,0x20,0x64,0xb1,0xb0,0x61,0xb9,0x44,0x61,0x14,0x48,0x01,0x16,0x48,0x61,0x30,
    0x85,0x8b,0x14,0x64,0x61,0x82,0x40,0x78,0x1b,0x02,0x5a,0xd8,0xb0,0xd0,0x82,0x28,0x8c,0x02,0x29,0xd4,0x02,0x29,0x0c,0xa6,
    0x40,0x0b,0xa4,0x20,0x0b,0x13,0x84,0xe2,0x0d,0x36,0x04,0xc8,0x86,0x05,0x11,0x85,0x5b,0x20,0x05,0x5c,0x20,0x85,0xc1,0x14,
    0x10,0x52,0x90,0x85,0x0d,0x81,0xb6,0x61,0xd1,0x44,0x61,0x14,0x48,0x41,0x17,0x48,0x61,0x50,0x05,0x8d,0x14,0x4e,0x61,0x82,
    0x40,0x7c,0x1b,0x02,0x5e,0xd8,0x20,0x64,0xd9,0x86,0x85,0x17,0x44,0x61,0x14,0x48,0xa1,0x17,0x48,0x61,0x30,0x05,0x5e,0x20,
    0x05,0x5f,0xd8,0x10,0x6c,0x1b,0x96,0x4d,0x14,0x46,0x81,0x14,0xc0,0x81,0x14,0x06,0x53,0xd8,0x48,0xc1,0x17,0x26,0x08,0x04,
    0x18,0x6c,0x08,0xc4,0x61,0xc3,0x22,0x0e,0xa2,0x30,0x0a,0xa4,0x30,0x0e,0xa4,0x30,0x98,0x82,0x38,0x90,0x82,0x2f,0x4c,0x10,
    0x88,0x30,0xd8,0x10,0x94,0xc3,0x86,0xa5,0x1c,0x44,0x61,0x14,0x48,0xc1,0x1c,0x48,0x61,0x30,0x85,0x72,0x20,0x05,0x5f,0x98,
    0x20,0x10,0x62,0xb0,0x21,0x40,0x87,0x0d,0x0b,0x3a,0x88,0xc2,0x28,0x90,0x42,0x3a,0x90,0xc2,0x60,0x0a,0xe8,0x40,0x0a,0xbe,
    0xb0,0x21,0x20,0x83,0x0d,0x0b,0x19,0x88,0xc2,0x28,0x90,0xc2,0x3a,0x90,0xc2,0x60,0x0a,0x64,0x40,0x0a,0xbe,0x30,0x41,0x20,
    0xc6,0x60,0x43,0xd0,0x0e,0x1b,0x96,0x76,0x10,0x85,0x51,0x20,0x05,0x77,0x20,0x85,0xc1,0x14,0xda,0x81,0x14,0x7c,0x61,0x43,
    0x10,0x0b,0x1b,0x96,0x58,0x10,0x85,0x51,0x20,0x05,0x78,0x20,0x85,0xc1,0x14,0x62,0x81,0x14,0x7c,0x61,0x03,0x84,0x0a,0xab,
    0xd0,0x0a,0xaf,0x30,0x0b,0xb6,0x90,0x0b,0xbb,0xf0,0x0b,0xe1,0x40,0x0e,0xe7,0xa0,0x0e,0xec,0xf0,0x0e,0xf1,0xc0,0x65,0xca,
    0xea,0x0b,0xea,0x6d,0x2e,0x8d,0x2e,0xed,0xcd,0x6d,0xc3,0x42,0xcc,0xc3,0x28,0xa8,0x42,0x29,0x98,0xc2,0x60,0x0a,0x04,0x29,
    0xc8,0xc2,0x04,0xa1,0x80,0x83,0x0d,0xcb,0x20,0x0a,0xa3,0x40,0x0a,0xa5,0x50,0x0f,0x83,0x29,0x0c,0xa4,0x20,0x0b,0x1b,0x16,
    0x4b,0x14,0x46,0x81,0x14,0x52,0xa1,0x1e,0x06,0x53,0xb0,0x48,0x41,0x16,0x26,0x08,0x45,0x1c,0x6c,0x58,0x32,0x51,0x18,0x05,
    0x52,0x60,0x05,0x7c,0x18,0x4c,0x21,0x23,0x05,0x59,0xd8,0xb0,0x5c,0xa2,0x30,0x0a,0xa4,0xe0,0x0a,0xf8,0x30,0x98,0xc2,0x45,
    0x0a,0xb2,0xb0,0x61,0xa1,0x05,0x51,0x18,0x05,0x52,0x80,0x85,0x7a,0x18,0x4c,0x81,0x16,0x48,0x41,0x16,0x36,0x2c,0x88,0x28,
    0x8c,0x02,0x29,0xd4,0x42,0x3d,0x0c,0xa6,0x80,0x90,0x82,0x2c,0x6c,0x58,0x34,0x51,0x18,0x05,0x52,0xc0,0x85,0x7a,0x18,0x4c,
    0x41,0x23,0x05,0x59,0xd8,0xb0,0xf0,0x82,0x28,0x8c,0x02,0x29,0xe8,0x42,0x3d,0x0c,0xa6,0xc0,0x0b,0xa4,0x20,0x0b,0x1b,0x96,
    0x4d,0x14,0x46,0x81,0x14,0x7a,0xa1,0x1e,0x06,0x53,0xd8,0x48,0x41,0x16,0x36,0x2c,0xe2,0x20,0x0a,0xa3,0x40,0x0a,0xe0,0x50,
    0x0f,0x83,0x29,0x88,0x03,0x29,0xc8,0xc2,0x86,0xa5,0x1c,0x44,0x61,0x14,0x48,0x61,0x1c,0xea,0x61,0x30,0x85,0x72,0x20,0x05,
    0x59,0xd8,0xb0,0xa0,0x83,0x28,0x8c,0x02,0x29,0x98,0x43,0x3d,0x0c,0xa6,0x80,0x0e,0xa4,0x20,0x0b,0x1b,0x16,0x32,0x10,0x85,
    0x51,0x20,0x85,0x74,0xa8,0x87,0xc1,0x14,0xc8,0x80,0x14,0x64,0x81,0xcf,0x94,0xd5,0xd7,0x10,0x5b,0x1a,0x1c,0x51,0xda,0x1c,
    0x5d,0x98,0xdb,0x58,0xd9,0x04,0xa1,0x90,0x83,0x0d,0x4b,0x3b,0x90,0xc4,0x28,0x94,0x44,0x29,0xd4,0xc3,0x60,0x0a,0xed,0x40,
    0x0a,0xb2,0xb0,0x61,0x89,0x05,0x92,0x18,0x85,0x92,0x48,0x85,0x7a,0x18,0x4c,0x21,0x16,0x48,0x41,0x16,0x36,0x40,0xf4,0x60,
    0x0f,0xf7,0x90,0x0f,0xfa,0xb0,0x0f,0xfc,0xd0,0x0f,0xfe,0xf0,0x0f,0x20,0x11,0x12,0x22,0x31,0x12,0x26,0x71,0x12,0x1b,0x06,
    0x79,0x40,0x09,0x60,0x43,0xa1,0x07,0xa1,0x90,0x12,0x13,0x40,0x44,0x4c,0x2e,0xcc,0x6d,0x0c,0xad,0x6c,0x6e,0x82,0x40,0x90,
    0x01,0x0d,0x33,0xb6,0xb7,0x30,0xba,0xb9,0x09,0x02,0x51,0x06,0x2c,0xd2,0xdc,0xe6,0xe8,0xe6,0x26,0x08,0x84,0x19,0x90,0x48,
    0x73,0xa3,0x9b,0x9b,0x20,0x10,0x67,0x40,0x63,0x2e,0xed,0xec,0x8b,0x8d,0x6c,0x82,0x40,0xa0,0x01,0x8d,0xb9,0xb4,0xb3,0xaf,
    0x39,0xba,0x09,0x02,0x91,0x06,0x2c,0xea,0xd2,0xdc,0xe8,0xe6,0x26,0x08,0x84,0x1a,0x6c,0x70,0x56,0x82,0x25,0x5a,0xc2,0x25,
    0x5e,0x02,0x26,0x62,0x42,0x26,0x66,0x82,0x26,0x6a,0xc2,0x26,0x6e,0x02,0x27,0xaa,0xb0,0xb1,0xd9,0xb5,0xb9,0xa4,0x91,0x95,
    0xb9,0xd1,0x4d,0x09,0x82,0x2a,0x64,0x78,0x2e,0x76,0x65,0x72,0x73,0x69,0x6f,0x6e,0x53,0x02,0xa2,0x09,0x19,0x9e,0x8b,0x5d,
    0x18,0x9b,0x5d,0x99,0xdc,0x94,0xa0,0xa8,0x43,0x86,0xe7,0x32,0x87,0x16,0x46,0x56,0x26,0xd7,0xf4,0x46,0x56,0xc6,0x36,0x25,
    0x40,0xca,0x90,0xe1,0xb9,0xc8,0x95,0xcd,0xbd,0xd5,0xc9,0x8d,0x95,0xcd,0x4d,0x09,0xa4,0x4a,0x64,0x78,0x2e,0x74,0x79,0x70,
    0x65,0x41,0x6e,0x6e,0x6f,0x74,0x61,0x74,0x69,0x6f,0x6e,0x73,0x53,0x04,0x3c,0xe8,0x83,0x3a,0x64,0x78,0x2e,0x76,0x69,0x65,
    0x77,0x49,0x64,0x53,0x74,0x61,0x74,0x65,0x53,0x82,0x3f,0xa8,0x43,0x86,0xe7,0x52,0xe6,0x46,0x27,0x97,0x07,0xf5,0x96,0xe6,
    0x46,0x37,0x37,0x25,0x48,0x89,0x2e,0x64,0x78,0x2e,0x63,0x6f,0x75,0x6e,0x74,0x65,0x72,0x73,0x53,0x02,0x9c,0x00,0x00,0x00,
    0x79,0x18,0x00,0x00,0x51,0x00,0x00,0x00,0x33,0x08,0x80,0x1c,0xc4,0xe1,0x1c,0x66,0x14,0x01,0x3d,0x88,0x43,0x38,0x84,0xc3,
    0x8c,0x42,0x80,0x07,0x79,0x78,0x07,0x73,0x98,0x71,0x0c,0xe6,0x00,0x0f,0xed,0x10,0x0e,0xf4,0x80,0x0e,0x33,0x0c,0x42,0x1e,
    0xc2,0xc1,0x1d,0xce,0xa1,0x1c,0x66,0x30,0x05,0x3d,0x88,0x43,0x38,0x84,0x83,0x1b,0xcc,0x03,0x3d,0xc8,0x43,0x3d,0x8c,0x03,
    0x3d,0xcc,0x78,0x8c,0x74,0x70,0x07,0x7b,0x08,0x07,0x79,0x48,0x87,0x70,0x70,0x07,0x7a,0x70,0x03,0x76,0x78,0x87,0x70,0x20,
    0x87,0x19,0xcc,0x11,0x0e,0xec,0x90,0x0e,0xe1,0x30,0x0f,0x6e,0x30,0x0f,0xe3,0xf0,0x0e,0xf0,0x50,0x0e,0x33,0x10,0xc4,0x1d,
    0xde,0x21,0x1c,0xd8,0x21,0x1d,0xc2,0x61,0x1e,0x66,0x30,0x89,0x3b,0xbc,0x83,0x3b,0xd0,0x43,0x39,0xb4,0x03,0x3c,0xbc,0x83,
    0x3c,0x84,0x03,0x3b,0xcc,0xf0,0x14,0x76,0x60,0x07,0x7b,0x68,0x07,0x37,0x68,0x87,0x72,0x68,0x07,0x37,0x80,0x87,0x70,0x90,
    0x87,0x70,0x60,0x07,0x76,0x28,0x07,0x76,0xf8,0x05,0x76,0x78,0x87,0x77,0x80,0x87,0x5f,0x08,0x87,0x71,0x18,0x87,0x72,0x98,
    0x87,0x79,0x98,0x81,0x2c,0xee,0xf0,0x0e,0xee,0xe0,0x0e,0xf5,0xc0,0x0e,0xec,0x30,0x03,0x62,0xc8,0xa1,0x1c,0xe4,0xa1,0x1c,
    0xcc,0xa1,0x1c,0xe4,0xa1,0x1c,0xdc,0x61,0x1c,0xca,0x21,0x1c,0xc4,0x81,0x1d,0xca,0x61,0x06,0xd6,0x90,0x43,0x39,0xc8,0x43,
    0x39,0x98,0x43,0x39,0xc8,0x43,0x39,0xb8,0xc3,0x38,0x94,0x43,0x38,0x88,0x03,0x3b,0x94,0xc3,0x2f,0xbc,0x83,0x3c,0xfc,0x82,
    0x3b,0xd4,0x03,0x3b,0xb0,0xc3,0x0c,0xc4,0x21,0x07,0x7c,0x70,0x03,0x7a,0x28,0x87,0x76,0x80,0x87,0x19,0xd1,0x43,0x0e,0xf8,
    0xe0,0x06,0xe4,0x20,0x0e,0xe7,0xe0,0x06,0xf6,0x10,0x0e,0xf2,0xc0,0x0e,0xe1,0x90,0x0f,0xef,0x50,0x0f,0xf4,0x30,0x83,0x81,
    0xc8,0x01,0x1f,0xdc,0x40,0x1c,0xe4,0xa1,0x1c,0xc2,0x61,0x1d,0xdc,0x40,0x1c,0xe4,0x01,0x00,0x00,0x00,0x71,0x20,0x00,0x00,
    0x29,0x00,0x00,0x00,0x46,0x00,0x0d,0x97,0xef,0x3c,0x7e,0x80,0x34,0x40,0x84,0xf9,0xc5,0x6d,0x1b,0xc2,0x36,0x5c,0xbe,0xf3,
    0xf8,0x42,0x40,0x15,0x05,0x11,0x95,0x0e,0x30,0x94,0x84,0x01,0x08,0x98,0x5f,0xdc,0xb6,0x29,0x48,0xc3,0xe5,0x3b,0x8f,0x2f,
    0x44,0x04,0x30,0x11,0x21,0xd0,0x0c,0x0b,0x61,0x06,0xce,0x70,0xf9,0xce,0xe3,0x0f,0xce,0x74,0xfb,0xc5,0x6d,0x5b,0x81,0x33,
    0x5c,0xbe,0xf3,0xf8,0x83,0x33,0xe1,0x7e,0x71,0xdb,0x16,0x30,0x0d,0x97,0xef,0x3c,0xfe,0xe2,0x00,0x83,0xd8,0x3c,0xd4,0xe4,
    0x17,0xb7,0x6d,0x02,0xd3,0x70,0xf9,0xce,0xe3,0x2f,0x0e,0x30,0x88,0xcd,0x43,0x4d,0x3e,0x72,0xdb,0x36,0x50,0x0d,0x97,0xef,
    0x3c,0xbe,0x34,0x39,0x11,0x81,0x52,0xd3,0x43,0x4d,0x7e,0x71,0xdb,0x96,0x20,0x0d,0x97,0xef,0x3c,0xfe,0x44,0x44,0x13,0x02,
    0x44,0x98,0x5f,0xdc,0xb6,0x1d,0x3c,0xc3,0xe5,0x3b,0x8f,0x4f,0x35,0x40,0x84,0xf9,0xc5,0x6d,0x1b,0x00,0xc1,0x00,0x48,0x03,
    0x00,0x00,0x00,0x00,0x48,0x41,0x53,0x48,0x14,0x00,0x00,0x00,0x00,0x00,0x00,0x00,0x65,0x7c,0xc0,0x00,0xf6,0xb0,0xf8,0xa7,
    0x41,0xa5,0xef,0x8d,0x02,0x03,0xe4,0xb2,0x44,0x58,0x49,0x4c,0x40,0x50,0x00,0x00,0x60,0x00,0x01,0x00,0x10,0x14,0x00,0x00,
    0x44,0x58,0x49,0x4c,0x00,0x01,0x00,0x00,0x10,0x00,0x00,0x00,0x28,0x50,0x00,0x00,0x42,0x43,0xc0,0xde,0x21,0x0c,0x00,0x00,
    0x07,0x14,0x00,0x00,0x0b,0x82,0x20,0x00,0x02,0x00,0x00,0x00,0x13,0x00,0x00,0x00,0x07,0x81,0x23,0x91,0x41,0xc8,0x04,0x49,
    0x06,0x10,0x32,0x39,0x92,0x01,0x84,0x0c,0x25,0x05,0x08,0x19,0x1e,0x04,0x8b,0x62,0x80,0x18,0x45,0x02,0x42,0x92,0x0b,0x42,
    0xc4,0x10,0x32,0x14,0x38,0x08,0x18,0x4b,0x0a,0x32,0x62,0x88,0x48,0x90,0x14,0x20,0x43,0x46,0x88,0xa5,0x00,0x19,0x32,0x42,
    0xe4,0x48,0x0e,0x90,0x11,0x23,0xc4,0x50,0x41,0x51,0x81,0x8c,0xe1,0x83,0xe5,0x8a,0x04,0x31,0x46,0x06,0x51,0x18,0x00,0x00,
    0x08,0x00,0x00,0x00,0x1b,0x8c,0xe0,0xff,0xff,0xff,0xff,0x07,0x40,0x02,0xa8,0x0d,0x84,0xf0,0xff,0xff,0xff,0xff,0x03,0x20,
    0x6d,0x30,0x86,0xff,0xff,0xff,0xff,0x1f,0x00,0x09,0xa8,0x00,0x49,0x18,0x00,0x00,0x03,0x00,0x00,0x00,0x13,0x82,0x60,0x42,
    0x20,0x4c,0x08,0x06,0x00,0x00,0x00,0x00,0x89,0x20,0x00,0x00,0x39,0x00,0x00,0x00,0x32,0x22,0x88,0x09,0x20,0x64,0x85,0x04,
    0x13,0x23,0xa4,0x84,0x04,0x13,0x23,0xe3,0x84,0xa1,0x90,0x14,0x12,0x4c,0x8c,0x8c,0x0b,0x84,0xc4,0x4c,0x10,0xb4,0xc1,0x08,
    0x40,0x09,0x00,0x0a,0x66,0x00,0xe6,0x08,0xc0,0x60,0x8e,0x00,0x29,0xc6,0x40,0x10,0x44,0x41,0x90,0x51,0x0c,0x82,0x20,0x88,
    0x82,0x20,0xa4,0x18,0x00,0x41,0x10,0xc5,0x40,0x4a,0x21,0x06,0x62,0x18,0x88,0x29,0xca,0x40,0x0c,0xc3,0x30,0x0c,0xc3,0x30,
    0x90,0x53,0x90,0x81,0x18,0x86,0x61,0x18,0x06,0x82,0xca,0x30,0x10,0x03,0x49,0x47,0x0d,0x97,0x3f,0x61,0x0f,0x21,0xf9,0xdc,
    0x46,0x15,0x2b,0x31,0xf9,0xc5,0x6d,0x23,0x62,0x18,0x86,0x81,0x8a,0x7b,0x86,0xcb,0x9f,0xb0,0x87,0x90,0xfc,0x10,0x68,0x86,
    0x85,0x40,0x41,0x55,0x08,0x8a,0xb0,0x08,0xba,0x4a,0x31,0x10,0xc3,0x30,0x50,0x36,0x47,0x10,0x14,0xc3,0x22,0x0a,0x82,0xd8,
    0x88,0x1b,0x08,0x18,0x46,0x20,0x86,0x24,0xf8,0x12,0x01,0x3c,0xea,0x70,0xa4,0x69,0x01,0x30,0x87,0x9a,0x7c,0x8e,0x7c,0x89,
    0x68,0x22,0x2e,0x1a,0x05,0x21,0x89,0x49,0x00,0x26,0xc5,0x97,0x38,0x5f,0x42,0x7c,0x69,0xf0,0x1d,0x75,0x38,0xd2,0xb4,0x00,
    0x98,0x43,0x4d,0x3e,0x47,0xbe,0x44,0x34,0x11,0x57,0x8d,0x10,0xb2,0x0c,0xcd,0xef,0x44,0x3f,0x4a,0x53,0x30,0x80,0x98,0x02,
    0x00,0x00,0x00,0x00,0x13,0x14,0x72,0xc0,0x87,0x74,0x60,0x87,0x36,0x68,0x87,0x79,0x68,0x03,0x72,0xc0,0x87,0x0d,0xaf,0x50,
    0x0e,0x6d,0xd0,0x0e,0x7a,0x50,0x0e,0x6d,0x00,0x0f,0x7a,0x30,0x07,0x72,0xa0,0x07,0x73,0x20,0x07,0x6d,0x90,0x0e,0x71,0xa0,
    0x07,0x73,0x20,0x07,0x6d,0x90,0x0e,0x78,0xa0,0x07,0x73,0x20,0x07,0x6d,0x90,0x0e,0x71,0x60,0x07,0x7a,0x30,0x07,0x72,0xd0,
    0x06,0xe9,0x30,0x07,0x72,0xa0,0x07,0x73,0x20,0x07,0x6d,0x90,0x0e,0x76,0x40,0x07,0x7a,0x60,0x07,0x74,0xd0,0x06,0xe6,0x10,
    0x07,0x76,0xa0,0x07,0x73,0x20,0x07,0x6d,0x60,0x0e,0x73,0x20,0x07,0x7a,0x30,0x07,0x72,0xd0,0x06,0xe6,0x60,0x07,0x74,0xa0,
    0x07,0x76,0x40,0x07,0x6d,0xe0,0x0e,0x78,0xa0,0x07,0x71,0x60,0x07,0x7a,0x30,0x07,0x72,0xa0,0x07,0x76,0x40,0x07,0x43,0x9e,
    0x00,0x00,0x00,0x00,0x00,0x00,0x00,0x00,0x00,0x00,0x00,0x86,0x3c,0x06,0x10,0x00,0x01,0x00,0x00,0x00,0x00,0x00,0x00,0x00,
    0x0c,0x79,0x10,0x20,0x00,0x02,0x00,0x00,0x00,0x00,0x00,0x00,0x00,0x18,0xf2,0x28,0x40,0x00,0x08,0x00,0x00,0x00,0x00,0x00,
    0x00,0x00,0x30,0xe4,0x61,0x80,0x00,0x08,0x00,0x00,0x00,0x00,0x00,0x00,0x00,0x60,0xc8,0xe3,0x00,0x01,0x10,0x00,0x00,0x00,
    0x00,0x00,0x00,0x00,0xc0,0x90,0x07,0x02,0x02,0x20,0x00,0x00,0x00,0x00,0x00,0x00,0x00,0x80,0x21,0x8f,0x04,0x04,0x40,0x00,
    0x00,0x00,0x00,0x00,0x00,0x00,0x00,0x43,0x9e,0x0b,0x08,0x80,0x01,0x00,0x00,0x00,0x00,0x00,0x00,0x00,0x86,0x3c,0x19,0x10,
    0x00,0x01,0x00,0x00,0x00,0x00,0x00,0x00,0x00,0x0c,0x79,0x38,0x20,0x00,0x06,0x00,0x00,0x00,0x00,0x00,0x00,0x00,0xc8,0x02,
    0x01,0x00,0x00,0x00,0x6f,0x00,0x00,0x00,0x32,0x1e,0x98,0x18,0x19,0x11,0x4c,0x90,0x8c,0x09,0x26,0x47,0xc6,0x04,0x43,0x22,
    0x4a,0x60,0x04,0xa0,0x20,0x8a,0xa1,0x00,0x11,0x0a,0xb0,0xa4,0x0c,0xca,0xa1,0x08,0x0a,0xa1,0x3c,0x4a,0xa1,0x24,0x8a,0xa2,
    0x2c,0x0a,0xa3,0x34,0x8a,0x83,0x8a,0x92,0x18,0x01,0x28,0x84,0x32,0x28,0x85,0x22,0x28,0x81,0x62,0xa0,0x71,0x06,0x80,0xd4,
    0x19,0x00,0x5a,0xc7,0x12,0x09,0x50,0x00,0x85,0x7f,0xef,0xdd,0xff,0x1f,0xfe,0xff,0xff,0xeb,0xef,0xdf,0x7b,0xf7,0xff,0x87,
    0xff,0xff,0xff,0xfa,0xfb,0xf7,0xde,0xfd,0xff,0xe1,0xff,0xff,0xbf,0xfe,0x00,0x00,0xde,0x7b,0xf7,0xff,0x87,0xff,0xff,0x2f,
    0x78,0xef,0xdd,0xff,0x1f,0xfe,0xff,0xbf,0xe0,0xbd,0x77,0xff,0x7f,0xf8,0xff,0xff,0x02,0x80,0x7f,0xef,0xdd,0xff,0x1f,0xfe,
    0xff,0xff,0xef,0xef,0xdf,0x7b,0xf7,0xff,0x87,0xff,0xff,0xff,0xfa,0xfb,0xf7,0xde,0xfd,0xff,0xe1,0xff,0xff,0xbf,0xfe,0x00,
    0x00,0xde,0x7b,0xf7,0xff,0x87,0xff,0xff,0x2f,0x78,0xef,0xdd,0xff,0x1f,0xfe,0xff,0xbf,0xe0,0xbd,0x77,0xff,0x7f,0xf8,0xff,
    0xff,0x02,0x00,0x18,0x25,0x05,0x00,0x8c,0x51,0x02,0x00,0xc5,0x18,0x01,0x40,0x12,0x0c,0x00,0x18,0x25,0x05,0x00,0x8c,0x51,
    0x02,0x00,0xc5,0x18,0x01,0x40,0x52,0x8c,0x80,0x7f,0xef,0xdd,0xff,0x1f,0xfe,0xff,0xff,0xeb,0xef,0xdf,0x7b,0xf7,0xff,0x87,
    0xff,0xff,0xff,0xfa,0xfb,0xf7,0xde,0xfd,0xff,0xe1,0xff,0xff,0xbf,0xfe,0xfe,0xbd,0x77,0xff,0x7f,0xf8,0xff,0xff,0xaf,0xbf,
    0x7f,0xef,0xdd,0xff,0x1f,0xfe,0xff,0xff,0xef,0xef,0xdf,0x7b,0xf7,0xff,0x87,0xff,0xff,0xff,0xfa,0xfb,0xf7,0xde,0xfd,0xff,
    0xe1,0xff,0xff,0xbf,0xfe,0x00,0x00,0x04,0x41,0xf0,0xff,0x87,0xff,0xff,0x2f,0x10,0x04,0xc1,0xff,0x1f,0xfe,0xff,0xbf,0x00,
    0x00,0x00,0x40,0x10,0x04,0xff,0x7f,0xf8,0xff,0xff,0x02,0x41,0x10,0xfc,0xff,0xe1,0xff,0xff,0x0b,0x00,0x00,0x00,0x04,0x41,
    0xf0,0xff,0x87,0xff,0xff,0x2f,0x10,0x04,0xc1,0xff,0x1f,0xfe,0xff,0xbf,0x00,0x00,0x00,0x40,0x10,0x04,0xff,0x7f,0xf8,0xff,
    0xff,0x02,0x41,0x10,0xfc,0xff,0xe1,0xff,0xff,0x0b,0x00,0x00,0x00,0x04,0x41,0xf0,0xff,0x87,0xff,0xff,0x2f,0x10,0x04,0xc1,
    0xff,0x1f,0xfe,0xff,0xbf,0x00,0x00,0x00,0x40,0x10,0x04,0xff,0x7f,0xf8,0xff,0xff,0x02,0x41,0x10,0xfc,0xff,0xe1,0xff,0xff,
    0x0b,0x00,0x00,0x00,0x04,0x41,0xf0,0xff,0x87,0xff,0xff,0x2f,0x10,0x04,0xc1,0xff,0x1f,0xfe,0xff,0xbf,0x00,0x00,0x00,0x40,
    0x10,0x04,0xff,0x7f,0xf8,0xff,0xff,0x02,0x41,0x10,0xfc,0xff,0xe1,0xff,0xff,0x0b,0x00,0x00,0x00,0x00,0x79,0x18,0x00,0x00,
    0xdf,0x00,0x00,0x00,0x1a,0x03,0x4c,0x90,0x46,0x02,0x13,0xc4,0x31,0x20,0xc3,0x1b,0x43,0x81,0x93,0x4b,0xb3,0x0b,0xa3,0x2b,
    0x4b,0x01,0x89,0x71,0xc1,0x71,0x81,0x71,0xa1,0xb9,0x99,0xc9,0x01,0x41,0x21,0xcb,0x09,0xab,0x29,0xcb,0xb9,0x21,0x83,0x49,
    0xd9,0x10,0x04,0x13,0x04,0x62,0x99,0x20,0x10,0xcc,0x06,0x61,0x20,0x26,0x08,0x44,0xb3,0x41,0x18,0x0c,0x0a,0x76,0x73,0x13,
    0x04,0xc2,0xd9,0x30,0x20,0x09,0x31,0x41,0x18,0x83,0x32,0x20,0x30,0x41,0x20,0x9e,0x0d,0x08,0xb1,0x30,0x03,0x31,0x34,0xc0,
    0x04,0x41,0x0d,0xcc,0x60,0x82,0x40,0x40,0x1b,0x90,0xe1,0x61,0x86,0x61,0x80,0x80,0x0d,0x82,0x13,0x6d,0x20,0x00,0x40,0x02,
    0x26,0x08,0x6b,0x70,0x06,0x1b,0x02,0x6a,0x82,0x20,0x00,0x24,0xda,0xc2,0xd2,0xdc,0x88,0x50,0x15,0x61,0x0d,0x3d,0x3d,0x49,
    0x11,0x4d,0x10,0x8a,0x6e,0x82,0x50,0x78,0x1b,0x02,0x62,0x82,0x50,0x7c,0x13,0x04,0x22,0x9a,0x20,0x10,0xd2,0x06,0xa1,0xf3,
    0x36,0x2c,0x04,0x96,0x69,0x9b,0x36,0x70,0x84,0xf6,0x6d,0x08,0x86,0x09,0x42,0x01,0x06,0x1b,0x96,0x01,0xcb,0xb4,0x30,0xd0,
    0x06,0x31,0x18,0xb4,0x6f,0x82,0x40,0x4c,0x1b,0x02,0x32,0xd8,0xb0,0x90,0x01,0x96,0x69,0x65,0xa0,0x0d,0x62,0x40,0x06,0xda,
    0xb7,0x21,0xe8,0x36,0x2c,0x1d,0x96,0x69,0x67,0xa0,0x0d,0x62,0xd0,0x69,0xdf,0x04,0x81,0xa0,0x36,0x04,0x69,0x30,0x41,0x20,
    0xaa,0x0d,0x42,0xb7,0x06,0x1b,0x96,0x34,0xc0,0x32,0x4d,0x0d,0xb4,0x81,0x4b,0x03,0x8d,0x0d,0x26,0x08,0x84,0xb5,0x21,0x70,
    0x83,0x0d,0x8b,0x1b,0x60,0x99,0xf6,0x06,0xda,0xc0,0xb9,0x81,0xc6,0x06,0x13,0x84,0x22,0x0c,0x36,0x04,0xc9,0x86,0x25,0xc1,
    0xe2,0x40,0x93,0x03,0x6d,0xe0,0x12,0x8d,0x0d,0x36,0x04,0xde,0x86,0xc5,0xc3,0x32,0x8d,0x0e,0xb4,0x41,0x0c,0x3c,0xed,0xdb,
    0x10,0x18,0x1b,0x84,0xae,0xdb,0xb0,0x18,0x58,0xa6,0xd9,0x81,0x36,0x70,0x86,0x76,0x07,0x13,0x04,0xe2,0xda,0x10,0xe4,0xc1,
    0x86,0x25,0x0f,0xb0,0x4c,0xd3,0x03,0x6d,0xe0,0xf2,0x40,0xbb,0x83,0x09,0x02,0x81,0x6d,0x08,0xf8,0x60,0xc3,0xc2,0x07,0x58,
    0xa6,0xf5,0x81,0x36,0x70,0x7c,0xa0,0xdd,0xc1,0x04,0x81,0xc8,0x36,0x04,0x7f,0xb0,0x61,0xf9,0x03,0x2c,0xd3,0x40,0x41,0x1b,
    0xb8,0x3f,0xd0,0xee,0x60,0x82,0x40,0x68,0x1b,0x02,0x51,0xd8,0xb0,0x88,0x02,0x96,0x69,0xa3,0xa0,0x0d,0x9c,0x28,0x68,0x77,
    0x30,0x41,0x20,0xb6,0x0d,0x41,0x29,0x6c,0x58,0x4a,0x01,0xcb,0x34,0x53,0xd0,0x06,0xae,0x14,0xb4,0x3b,0x98,0x20,0x10,0xdc,
    0x86,0x00,0x15,0x36,0x2c,0xa8,0x80,0x65,0x5a,0x2a,0x68,0x03,0x87,0x0a,0xda,0x1d,0x6c,0x08,0xd6,0x60,0xc3,0xb2,0x06,0x58,
    0xa6,0xad,0x82,0x36,0x70,0x6b,0xa0,0xdd,0xc1,0x06,0x08,0x0c,0xc6,0xc0,0x0c,0xd0,0xa0,0x0d,0xe0,0x60,0x0e,0xea,0x00,0x0f,
    0xf6,0xc0,0x0f,0x42,0x81,0x14,0x4e,0x41,0x15,0x58,0x81,0xcb,0x94,0xd5,0x17,0xd4,0xdb,0x5c,0x1a,0x5d,0xda,0x9b,0xdb,0x86,
    0x85,0x70,0x85,0x4c,0x0c,0x36,0x6e,0xe0,0x08,0x8d,0x0d,0x26,0x08,0x85,0x18,0x6c,0x58,0x06,0x2c,0xd3,0x36,0x58,0x18,0xb8,
    0x41,0x63,0x83,0x0d,0x0b,0x19,0x60,0x99,0x16,0x06,0xb0,0x30,0x70,0x64,0xa0,0xb1,0xc1,0x04,0xa1,0x18,0x83,0x0d,0x4b,0x87,
    0x65,0x5a,0x19,0xcc,0xc2,0xc0,0x75,0x1a,0x1b,0x6c,0x58,0xd2,0x00,0xcb,0xb4,0x33,0x98,0x85,0x81,0x4b,0x03,0x8d,0x0d,0x36,
    0x2c,0x6e,0x80,0x65,0x9a,0x1a,0xc0,0xc2,0xc0,0xb9,0x81,0xc6,0x06,0x1b,0x96,0x04,0xcb,0xb4,0x37,0x80,0x85,0x81,0x4b,0x34,
    0x36,0xd8,0xb0,0x78,0x58,0xa6,0xc9,0x01,0x2c,0x0c,0x9c,0xa7,0xb1,0xc1,0x86,0xc5,0xc0,0x32,0x8d,0x0e,0x60,0x61,0xe0,0x0c,
    0x8d,0x0d,0x36,0x2c,0x79,0x80,0x65,0x9a,0x1d,0xc0,0xc2,0xc0,0xe5,0x81,0xc6,0x06,0x1b,0x16,0x3e,0xc0,0x32,0x4d,0x0f,0x60,
    0x61,0xe0,0xf8,0x40,0x63,0x83,0x0d,0xcb,0x1f,0x60,0x99,0xd6,0x07,0xb0,0x30,0x70,0x7f,0xa0,0xb1,0xc1,0x86,0x45,0x14,0xb0,
    0x4c,0x03,0x05,0x58,0x18,0x38,0x51,0xd0,0xd8,0x60,0xc3,0x52,0x0a,0x58,0xa6,0x8d,0x02,0x2c,0x0c,0x5c,0x29,0x68,0x6c,0xc0,
    0x67,0xca,0xea,0x6b,0x88,0x2d,0x0d,0x8e,0x28,0x6d,0x8e,0x2e,0xcc,0x6d,0xac,0x6c,0x82,0x50,0x90,0xc1,0x86,0x05,0x15,0x7e,
    0x21,0x03,0x87,0x0d,0x16,0x06,0x0e,0x15,0x34,0x36,0xd8,0xb0,0xac,0xc1,0x2f,0x64,0xe0,0x10,0x06,0xb0,0x30,0x70,0x6b,0xa0,
    0xb1,0xc1,0x06,0xe8,0x15,0x62,0x41,0x16,0x68,0xa1,0x16,0x6c,0xe1,0x16,0x70,0x21,0x17,0x74,0x61,0x17,0x78,0xa1,0x17,0x7c,
    0x21,0x1c,0xc4,0x61,0xc3,0xd0,0x0a,0xe3,0x00,0x6c,0x28,0xac,0x8b,0x1c,0x26,0xa0,0x0a,0x1b,0x9b,0x5d,0x9b,0x4b,0x1a,0x59,
    0x99,0x1b,0xdd,0x94,0x20,0xa8,0x42,0x86,0xe7,0x62,0x57,0x26,0x37,0x97,0xf6,0xe6,0x36,0x25,0x20,0x9a,0x90,0xe1,0xb9,0xd8,
    0x85,0xb1,0xd9,0x95,0xc9,0x4d,0x09,0x8c,0x3a,0x64,0x78,0x2e,0x73,0x68,0x61,0x64,0x65,0x72,0x4d,0x6f,0x64,0x65,0x6c,0x53,
    0x82,0xa4,0x0c,0x19,0x9e,0x8b,0x5c,0xd9,0xdc,0x5b,0x9d,0xdc,0x58,0xd9,0xdc,0x94,0x40,0xaa,0x43,0x86,0xe7,0x62,0x97,0x56,
    0x76,0x97,0x44,0x36,0x45,0x17,0x46,0x57,0x36,0x25,0xa0,0xea,0x90,0xe1,0xb9,0x94,0xb9,0xd1,0xc9,0xe5,0x41,0xbd,0xa5,0xb9,
    0xd1,0xcd,0x4d,0x09,0xc8,0x01,0x00,0x00,0x79,0x18,0x00,0x00,0x51,0x00,0x00,0x00,0x33,0x08,0x80,0x1c,0xc4,0xe1,0x1c,0x66,
    0x14,0x01,0x3d,0x88,0x43,0x38,0x84,0xc3,0x8c,0x42,0x80,0x07,0x79,0x78,0x07,0x73,0x98,0x71,0x0c,0xe6,0x00,0x0f,0xed,0x10,
    0x0e,0xf4,0x80,0x0e,0x33,0x0c,0x42,0x1e,0xc2,0xc1,0x1d,0xce,0xa1,0x1c,0x66,0x30,0x05,0x3d,0x88,0x43,0x38,0x84,0x83,0x1b,
    0xcc,0x03,0x3d,0xc8,0x43,0x3d,0x8c,0x03,0x3d,0xcc,0x78,0x8c,0x74,0x70,0x07,0x7b,0x08,0x07,0x79,0x48,0x87,0x70,0x70,0x07,
    0x7a,0x70,0x03,0x76,0x78,0x87,0x70,0x20,0x87,0x19,0xcc,0x11,0x0e,0xec,0x90,0x0e,0xe1,0x30,0x0f,0x6e,0x30,0x0f,0xe3,0xf0,
    0x0e,0xf0,0x50,0x0e,0x33,0x10,0xc4,0x1d,0xde,0x21,0x1c,0xd8,0x21,0x1d,0xc2,0x61,0x1e,0x66,0x30,0x89,0x3b,0xbc,0x83,0x3b,
    0xd0,0x43,0x39,0xb4,0x03,0x3c,0xbc,0x83,0x3c,0x84,0x03,0x3b,0xcc,0xf0,0x14,0x76,0x60,0x07,0x7b,0x68,0x07,0x37,0x68,0x87,
    0x72,0x68,0x07,0x37,0x80,0x87,0x70,0x90,0x87,0x70,0x60,0x07,0x76,0x28,0x07,0x76,0xf8,0x05,0x76,0x78,0x87,0x77,0x80,0x87,
    0x5f,0x08,0x87,0x71,0x18,0x87,0x72,0x98,0x87,0x79,0x98,0x81,0x2c,0xee,0xf0,0x0e,0xee,0xe0,0x0e,0xf5,0xc0,0x0e,0xec,0x30,
    0x03,0x62,0xc8,0xa1,0x1c,0xe4,0xa1,0x1c,0xcc,0xa1,0x1c,0xe4,0xa1,0x1c,0xdc,0x61,0x1c,0xca,0x21,0x1c,0xc4,0x81,0x1d,0xca,
    0x61,0x06,0xd6,0x90,0x43,0x39,0xc8,0x43,0x39,0x98,0x43,0x39,0xc8,0x43,0x39,0xb8,0xc3,0x38,0x94,0x43,0x38,0x88,0x03,0x3b,
    0x94,0xc3,0x2f,0xbc,0x83,0x3c,0xfc,0x82,0x3b,0xd4,0x03,0x3b,0xb0,0xc3,0x0c,0xc4,0x21,0x07,0x7c,0x70,0x03,0x7a,0x28,0x87,
    0x76,0x80,0x87,0x19,0xd1,0x43,0x0e,0xf8,0xe0,0x06,0xe4,0x20,0x0e,0xe7,0xe0,0x06,0xf6,0x10,0x0e,0xf2,0xc0,0x0e,0xe1,0x90,
    0x0f,0xef,0x50,0x0f,0xf4,0x30,0x83,0x81,0xc8,0x01,0x1f,0xdc,0x40,0x1c,0xe4,0xa1,0x1c,0xc2,0x61,0x1d,0xdc,0x40,0x1c,0xe4,
    0x01,0x00,0x00,0x00,0x71,0x20,0x00,0x00,0x29,0x00,0x00,0x00,0x46,0x00,0x0d,0x97,0xef,0x3c,0x7e,0x80,0x34,0x40,0x84,0xf9,
    0xc5,0x6d,0x1b,0xc2,0x36,0x5c,0xbe,0xf3,0xf8,0x42,0x40,0x15,0x05,0x11,0x95,0x0e,0x30,0x94,0x84,0x01,0x08,0x98,0x5f,0xdc,
    0xb6,0x29,0x48,0xc3,0xe5,0x3b,0x8f,0x2f,0x44,0x04,0x30,0x11,0x21,0xd0,0x0c,0x0b,0x61,0x06,0xce,0x70,0xf9,0xce,0xe3,0x0f,
    0xce,0x74,0xfb,0xc5,0x6d,0x5b,0x81,0x33,0x5c,0xbe,0xf3,0xf8,0x83,0x33,0xe1,0x7e,0x71,0xdb,0x16,0x30,0x0d,0x97,0xef,0x3c,
    0xfe,0xe2,0x00,0x83,0xd8,0x3c,0xd4,0xe4,0x17,0xb7,0x6d,0x02,0xd3,0x70,0xf9,0xce,0xe3,0x2f,0x0e,0x30,0x88,0xcd,0x43,0x4d,
    0x3e,0x72,0xdb,0x36,0x50,0x0d,0x97,0xef,0x3c,0xbe,0x34,0x39,0x11,0x81,0x52,0xd3,0x43,0x4d,0x7e,0x71,0xdb,0x96,0x20,0x0d,
    0x97,0xef,0x3c,0xfe,0x44,0x44,0x13,0x02,0x44,0x98,0x5f,0xdc,0xb6,0x1d,0x3c,0xc3,0xe5,0x3b,0x8f,0x4f,0x35,0x40,0x84,0xf9,
    0xc5,0x6d,0x1b,0x00,0xc1,0x00,0x48,0x03,0x61,0x20,0x00,0x00,0x8d,0x11,0x00,0x00,0x13,0x04,0x2f,0x12,0x0b,0x04,0x00,0x00,
    0x3b,0x00,0x00,0x00,0xb4,0x8d,0x00,0x10,0x51,0xf8,0x01,0x45,0x53,0x86,0x01,0x45,0x18,0x50,0x82,0x01,0x05,0x18,0x50,0x7e,
    0xc5,0x57,0x7a,0xc5,0x55,0x76,0x33,0x00,0xe5,0x56,0x46,0x25,0x53,0x30,0x85,0x54,0x03,0x15,0x08,0x88,0x50,0x80,0x80,0x08,
    0x05,0x08,0x08,0x51,0x80,0x80,0x18,0x05,0x08,0x08,0x52,0xfe,0x03,0x05,0x48,0x50,0x70,0xe5,0x52,0x2a,0x25,0x57,0x07,0x65,
    0x2a,0x50,0x9a,0x02,0xc5,0x29,0x50,0x9e,0x02,0x05,0x2a,0x50,0xa2,0x02,0x45,0x2a,0x50,0x20,0x25,0x52,0x24,0x65,0x52,0x28,
    0xc5,0x52,0x38,0x85,0x18,0x50,0x3a,0xa5,0x18,0x50,0x3c,0xc5,0x18,0x50,0x3e,0xe5,0x18,0x50,0x40,0x05,0x19,0x50,0x42,0x25,
    0x19,0x50,0x44,0x45,0x19,0x50,0xfa,0x01,0xe5,0x1f,0x50,0x82,0x02,0x65,0x28,0x50,0x8a,0x02,0xe5,0x28,0x50,0x92,0x02,0x65,
    0x29,0x50,0x4a,0xc5,0x54,0x4e,0x05,0x55,0x52,0x45,0x55,0x56,0x85,0x55,0x5a,0xe5,0x55,0x60,0x25,0x56,0x64,0x65,0x56,0x68,
    0xa5,0x56,0x6c,0x45,0x57,0x78,0x34,0x8c,0x11,0xdc,0x78,0x3b,0xb6,0xbc,0x30,0x46,0x00,0x82,0x20,0x88,0xff,0xc2,0x18,0xc1,
    0x1e,0xab,0xf1,0xfe,0x0b,0x63,0x04,0x20,0x08,0x82,0xfc,0x37,0x46,0x00,0x82,0x20,0x08,0x82,0xc2,0x18,0xc1,0x8d,0xb7,0x63,
    0xcb,0x8d,0x11,0x80,0x20,0x08,0x82,0x60,0x30,0x46,0x00,0x82,0x20,0x08,0x7f,0x63,0x04,0x20,0x08,0x82,0xf8,0x37,0x02,0x00,
    0x23,0x06,0x09,0x00,0x82,0x60,0xc0,0xf5,0x83,0x28,0x94,0x03,0x3f,0xf0,0xc3,0x2f,0x8c,0x18,0x24,0x00,0x08,0x82,0x01,0xe7,
    0x0f,0xa3,0x60,0x0e,0xfc,0xc0,0x0f,0xe0,0x30,0x62,0x90,0x00,0x20,0x08,0x06,0x06,0x4a,0xd4,0x03,0x3d,0xf4,0xc3,0x3a,0xd4,
    0xc2,0x88,0x41,0x02,0x80,0x20,0x18,0x18,0x29,0x61,0x0f,0xf5,0xe0,0x0f,0xe7,0x60,0x0b,0x23,0x06,0x09,0x00,0x82,0x60,0x60,
    0xa8,0xc4,0x3d,0xbc,0xc3,0x3f,0xb4,0xc3,0x2d,0x8c,0x18,0x24,0x00,0x08,0x82,0x81,0xb1,0x12,0xf8,0x00,0x0f,0x20,0x91,0x0e,
    0xb8,0x30,0x62,0x90,0x00,0x20,0x08,0x06,0x06,0x4b,0xe4,0x83,0x3c,0x84,0xc4,0x3b,0xe4,0xc2,0x88,0x41,0x02,0x80,0x20,0x18,
    0x18,0x2d,0xa1,0x0f,0xf3,0x20,0x12,0xeb,0xa0,0x0b,0x23,0x06,0x09,0x00,0x82,0x60,0x60,0xb8,0xc4,0x3e,0xd4,0xc3,0x48,0xc4,
    0xc3,0x2e,0x8c,0x18,0x24,0x00,0x08,0x82,0x81,0xf1,0x12,0xfc,0x60,0x0f,0x24,0xd1,0x0e,0xbc,0x30,0x62,0x90,0x00,0x20,0x08,
    0x06,0x06,0x4c,0xf4,0x03,0x3e,0x94,0xc4,0x3c,0xf4,0xc2,0x88,0x41,0x02,0x80,0x20,0x18,0x18,0x31,0xe1,0x0f,0xf9,0x60,0x12,
    0xef,0xe0,0x0b,0x23,0x06,0x09,0x00,0x82,0x60,0x60,0xc8,0xc4,0x3f,0xec,0xc3,0x49,0xd4,0xc3,0x2f,0x8c,0x18,0x24,0x00,0x08,
    0x82,0x81,0x31,0x13,0x20,0xc1,0x0f,0x28,0x11,0x0f,0xe0,0x30,0x62,0x90,0x00,0x20,0x08,0x06,0x06,0x4d,0x84,0x84,0x3f,0xa4,
    0xc4,0x3d,0x84,0xc3,0x88,0x41,0x02,0x80,0x20,0x18,0x18,0x35,0x21,0x12,0xff,0xa0,0x12,0xf3,0x20,0x0e,0x23,0x06,0x09,0x00,
    0x82,0x60,0x60,0xd8,0xc4,0x48,0xa8,0xc4,0x4a,0xe4,0xc3,0x38,0x8c,0x18,0x24,0x00,0x08,0x82,0x81,0x71,0x13,0x24,0xb1,0x12,
    0x2c,0x51,0x0f,0xe4,0x30,0x62,0x90,0x00,0x20,0x08,0x06,0x06,0x4e,0x94,0xc4,0x49,0xb4,0xc4,0x3e,0x94,0xc3,0x88,0x41,0x02,
    0x80,0x20,0x18,0x18,0x39,0x61,0x12,0x28,0xe1,0x12,0xf7,0x60,0x0e,0x23,0x06,0x09,0x00,0x82,0x60,0x60,0xe8,0xc4,0x49,0xa4,
    0xc4,0x4b,0xe4,0xc3,0x39,0x8c,0x18,0x24,0x00,0x08,0x82,0x01,0xa2,0x13,0x28,0xe1,0x12,0x30,0xe1,0x0f,0xe8,0x30,0x62,0x90,
    0x00,0x20,0x08,0x06,0xc8,0x4e,0xa4,0xc4,0x4b,0xc4,0x84,0x3e,0xa4,0xc3,0x88,0x41,0x02,0x80,0x20,0x18,0x20,0x3c,0xa1,0x12,
    0x30,0x21,0x13,0xfc,0xa0,0x0e,0x23,0x06,0x09,0x00,0x82,0x60,0x80,0xf4,0xc4,0x4a,0xc4,0xc4,0x4c,0xfc,0xc3,0x3a,0x8c,0x18,
    0x24,0x00,0x08,0x82,0x81,0xf1,0x13,0x2c,0xa1,0x12,0x34,0x21,0x12,0xec,0x30,0x62,0x90,0x00,0x20,0x08,0x06,0x06,0x58,0xb4,
    0xc4,0x4a,0xd4,0x84,0x3f,0xb4,0xc3,0x88,0x41,0x02,0x80,0x20,0x18,0x18,0x61,0xe1,0x12,0x2c,0x61,0x13,0x20,0xe1,0x0e,0x23,
    0x06,0x09,0x00,0x82,0x60,0x60,0x88,0xc5,0x4b,0xb4,0xc4,0x4d,0x8c,0xc4,0x3b,0x8c,0x18,0x24,0x00,0x08,0x82,0x81,0x31,0x16,
    0x30,0x01,0x13,0x38,0x61,0x12,0xf0,0x30,0x62,0x90,0x00,0x20,0x08,0x06,0x06,0x59,0xc4,0x44,0x4c,0xe4,0x84,0x48,0xc4,0xc3,
    0x88,0x41,0x02,0x80,0x20,0x18,0x18,0x65,0x21,0x13,0x32,0xa1,0x13,0x24,0x21,0x0f,0x23,0x06,0x09,0x00,0x82,0x60,0x60,0x98,
    0xc5,0x4c,0xcc,0xc4,0x4e,0x9c,0xc4,0x3c,0x8c,0x18,0x24,0x00,0x08,0x82,0x81,0x71,0x16,0x34,0x71,0x13,0x3c,0xa1,0x12,0xf4,
    0x30,0x62,0x90,0x00,0x20,0x08,0x06,0x06,0x5a,0xd4,0x04,0x4e,0xf4,0x84,0x49,0xd4,0xc3,0x88,0x41,0x02,0x80,0x20,0x18,0x18,
    0x69,0x61,0x13,0x39,0xe1,0x13,0x28,0x61,0x0f,0x23,0x06,0x09,0x00,0x82,0x60,0x60,0xa8,0xc5,0x4d,0xe0,0xc4,0x4f,0xb4,0xc4,
    0x3d,0x8c,0x18,0x24,0x00,0x08,0x82,0x81,0xb1,0x16,0x38,0x91,0x13,0x60,0x91,0x12,0xf8,0x30,0x62,0x90,0x00,0x20,0x08,0x06,
    0x06,0x5b,0xe4,0x84,0x4e,0x84,0xc5,0x4a,0xe4,0xc3,0x88,0x41,0x02,0x80,0x20,0x18,0x18,0x6d,0xa1,0x13,0x63,0x21,0x16,0x30,
    0xa1,0x0f,0x23,0x06,0x09,0x00,0x82,0x60,0x60,0xb8,0xc5,0x4e,0x90,0xc5,0x58,0xb0,0xc4,0x3e,0x8c,0x18,0x24,0x00,0x08,0x82,
    0x81,0xf1,0x16,0x3c,0x51,0x16,0x64,0xe1,0x12,0xfc,0x30,0x62,0x90,0x00,0x20,0x08,0x06,0x06,0x5c,0xf4,0x44,0x59,0x94,0xc5,
    0x4c,0xf4,0xc3,0x88,0x41,0x02,0x80,0x20,0x18,0x18,0x71,0xe1,0x13,0x66,0x61,0x16,0x2f,0xe1,0x0f,0x23,0x06,0x09,0x00,0x82,
    0x60,0x60,0xc8,0xc5,0x4f,0x9c,0xc5,0x59,0xc4,0xc4,0x3f,0x8c,0x18,0x1c,0x00,0x08,0x82,0xc1,0xc5,0x16,0x21,0xd1,0x06,0xfe,
    0x30,0x9a,0x10,0x04,0x16,0xc8,0x01,0x7c,0x2e,0x20,0x68,0x34,0x81,0x10,0x2c,0xa8,0x03,0xf8,0x5c,0x40,0xd0,0x70,0x03,0x81,
    0x16,0x60,0x30,0xcb,0x10,0x14,0x41,0x09,0xf6,0xa0,0xc3,0x0d,0x81,0x5c,0x80,0xc1,0x2c,0x83,0x30,0x04,0xa3,0x09,0x0a,0x60,
    0x94,0x13,0x1f,0xa3,0x9c,0xf8,0x18,0xe5,0xc4,0xc7,0x88,0x41,0x3e,0x56,0x0c,0xf2,0x31,0x63,0x90,0x8f,0x0d,0x14,0x7c,0x6c,
    0xa0,0xe0,0x63,0x03,0x05,0x9f,0x59,0x82,0x61,0xa0,0x62,0x30,0x04,0x37,0x08,0x06,0x2a,0x06,0x43,0x70,0x83,0x60,0xa0,0x62,
    0x30,0x04,0x37,0x08,0x86,0x1b,0x22,0xd0,0x30,0x83,0x59,0x06,0xa2,0x08,0x46,0x13,0x30,0xc0,0xca,0xe0,0x8b,0x8f,0x95,0xc1,
    0x17,0x1f,0x2b,0x83,0x2f,0x3e,0x46,0x0c,0xf2,0xb1,0x62,0x90,0x8f,0x19,0x83,0x7c,0x6c,0x28,0x03,0xf8,0xd8,0x50,0x06,0xf0,
    0xb1,0xa1,0x0c,0xe0,0x33,0x4b,0x50,0x0c,0x74,0x0c,0x1c,0xc1,0x0d,0xaa,0x00,0x0c,0x74,0x0c,0x1c,0xc1,0x0d,0xaa,0x00,0x0c,
    0x74,0x0c,0x1c,0xc1,0x0d,0xaa,0x00,0x0c,0x74,0x0c,0x0c,0x61,0x0b,0x83,0x2d,0x00,0x03,0x1d,0x03,0x43,0xd8,0xc2,0x60,0x0b,
    0xc0,0x40,0xc7,0xc0,0x10,0xb6,0x30,0xd8,0x02,0x30,0xdc,0x50,0x06,0xb1,0x01,0x06,0xb3,0x0c,0xc6,0x16,0xcc,0x12,0x1c,0x03,
    0x15,0xc3,0xaa,0x64,0x70,0x61,0x0c,0x54,0x0c,0xab,0x92,0xc1,0x85,0x31,0x50,0x31,0xac,0x4a,0x26,0x17,0xc6,0x40,0xc5,0xb0,
    0x2a,0x19,0x5d,0x18,0x03,0x15,0xc3,0xaa,0x64,0x76,0x61,0x0c,0x54,0x0c,0xab,0x92,0xe1,0x85,0x31,0x50,0x31,0xac,0x4a,0xa6,
    0x17,0xc6,0x40,0xc5,0xb0,0x2a,0x19,0x5f,0x18,0x03,0x15,0xc4,0xaa,0x64,0x72,0x63,0x0c,0x37,0x04,0x6c,0x60,0x06,0xb3,0x0c,
    0x19,0x12,0x0c,0x37,0x08,0x6d,0x00,0x06,0xb3,0x0c,0x4d,0x12,0x0c,0x37,0x0c,0xbc,0x01,0x06,0xb3,0x0c,0x8c,0x12,0x0c,0x37,
    0x10,0xbe,0x01,0x06,0xb3,0x0c,0xcc,0x12,0x0c,0x37,0x14,0xb7,0x01,0x06,0xd3,0x0d,0xb0,0x50,0x0e,0xc1,0x2c,0x01,0x33,0xd0,
    0x31,0x08,0x8b,0x59,0x24,0x64,0xa1,0x18,0x14,0xc4,0x67,0x96,0xa0,0x19,0xa8,0x18,0x04,0x46,0x0c,0x90,0x81,0x8a,0xc1,0x60,
    0xc8,0x00,0x19,0x31,0x38,0x00,0x10,0x04,0x83,0x0b,0x3d,0xfa,0x22,0x1d,0xf4,0x62,0x34,0x21,0x18,0x86,0x23,0x02,0x77,0x10,
    0xbe,0x59,0x06,0x27,0x0a,0x86,0x1b,0x9c,0xf3,0x00,0x83,0x59,0x86,0xe8,0x09,0x86,0x1b,0x9e,0xf4,0x00,0x83,0x59,0x86,0x08,
    0x0a,0x86,0x1b,0x20,0xf1,0x00,0x83,0xe9,0x06,0x5c,0xb8,0x85,0x60,0x96,0x20,0x1a,0x28,0x21,0xc8,0xa0,0xb1,0x0b,0x87,0x2e,
    0x1e,0x01,0x1a,0x6e,0x08,0xda,0x03,0x0d,0x66,0x19,0xa4,0x29,0x18,0x31,0x38,0x00,0x10,0x04,0x83,0x2b,0x3e,0x4c,0x43,0x1e,
    0xda,0x63,0x34,0x21,0x00,0x46,0x13,0x84,0x60,0x34,0x61,0x10,0x46,0x13,0x88,0x61,0xc4,0xe0,0x00,0x40,0x10,0x0c,0x2e,0xfb,
    0x58,0x8d,0x7b,0x98,0x8f,0xd1,0x84,0x00,0x18,0x4d,0x10,0x82,0xd1,0x84,0x41,0x18,0x4d,0x20,0x86,0x11,0x83,0x03,0x00,0x41,
    0x30,0xb8,0xf6,0x03,0x36,0xf8,0x01,0x3e,0x46,0x13,0x02,0x60,0x34,0x41,0x08,0x46,0x13,0x06,0x61,0x34,0x81,0x18,0x46,0x0c,
    0x0e,0x00,0x04,0xc1,0xe0,0x02,0x91,0xda,0x08,0x89,0xfb,0x18,0x4d,0x08,0x80,0xd1,0x04,0x21,0x18,0x4d,0x18,0x84,0xd1,0x04,
    0x62,0x98,0x25,0xc0,0x86,0x1b,0x2c,0x11,0x01,0x83,0x59,0x06,0xaa,0x0a,0x46,0x0c,0x0e,0x00,0x04,0xc1,0xe0,0x32,0x91,0xdd,
    0x38,0x09,0xfd,0x18,0x4d,0x08,0x80,0xd1,0x04,0x21,0x18,0x4d,0x18,0x84,0xd1,0x04,0x62,0x18,0x31,0x38,0x00,0x10,0x04,0x83,
    0x6b,0x45,0xc0,0x83,0x25,0xfa,0x63,0x34,0x21,0x00,0x46,0x13,0x84,0x60,0x34,0x61,0x10,0x46,0x13,0x88,0x61,0xc4,0xe0,0x00,
    0x40,0x10,0x0c,0x2e,0x18,0x29,0x8f,0x98,0x50,0x91,0xd1,0x84,0x00,0x18,0x4d,0x10,0x82,0xd1,0x84,0x41,0x18,0x4d,0x20,0x86,
    0x11,0x83,0x03,0x00,0x41,0x30,0xb8,0x6a,0x44,0x3d,0x6c,0x62,0x45,0x46,0x13,0x02,0x60,0x34,0x41,0x08,0x46,0x13,0x06,0x61,
    0x34,0x81,0x18,0x66,0x09,0xb0,0xe1,0x86,0x35,0x78,0x11,0x30,0x98,0x65,0xb0,0xae,0x60,0xc4,0xe0,0x00,0x40,0x10,0x0c,0xae,
    0x1d,0x81,0x0f,0x9e,0xb0,0x91,0xd1,0x84,0x00,0x18,0x4d,0x10,0x82,0xd1,0x84,0x41,0x18,0x4d,0x20,0x86,0x11,0x83,0x03,0x00,
    0x41,0x30,0xb8,0xc0,0xa4,0x3e,0xc2,0x22,0x46,0x46,0x13,0x02,0x60,0x34,0x41,0x08,0x46,0x13,0x06,0x61,0x34,0x81,0x18,0x46,
    0x0c,0x0e,0x00,0x04,0xc1,0xe0,0x2a,0x13,0xfd,0x30,0x8b,0x1a,0x19,0x4d,0x08,0x80,0xd1,0x04,0x21,0x18,0x4d,0x18,0x84,0xd1,
    0x04,0x62,0x18,0x31,0x38,0x00,0x10,0x04,0x83,0x4b,0x4d,0xfe,0x63,0x2d,0x72,0x64,0x34,0x21,0x00,0x46,0x13,0x84,0x60,0x34,
    0x61,0x10,0x46,0x13,0x88,0x61,0x96,0x00,0x1b,0x31,0x38,0x00,0x10,0x04,0x83,0xeb,0x4d,0x48,0x04,0x2e,0x7a,0x64,0x34,0x21,
    0x00,0x46,0x13,0x84,0x60,0x34,0x61,0x10,0x46,0x13,0x88,0x61,0xc4,0xe0,0x00,0x40,0x10,0x0c,0x2e,0x3a,0x49,0x91,0xba,0x08,
    0x93,0xd1,0x84,0x00,0x18,0x4d,0x10,0x82,0xd1,0x84,0x41,0x18,0x4d,0x20,0x86,0x11,0x83,0x03,0x00,0x41,0x30,0xb8,0xf2,0xc4,
    0x45,0xf4,0xa2,0x4c,0x46,0x13,0x02,0x60,0x34,0x41,0x08,0x46,0x13,0x06,0x61,0x34,0x81,0x18,0x46,0x0c,0x0e,0x00,0x04,0xc1,
    0xe0,0xf2,0x93,0x19,0xf9,0x8b,0x38,0x19,0x4d,0x08,0x80,0xd1,0x04,0x21,0x18,0x4d,0x18,0x84,0xd1,0x04,0x62,0x98,0x25,0xc0,
    0x06,0x4a,0x06,0xb1,0x90,0xf0,0x81,0x72,0x05,0xcb,0x0c,0xae,0x81,0x92,0x41,0x2c,0x24,0x7c,0xa0,0x5c,0xc1,0x32,0x83,0x6b,
    0xa0,0x64,0x10,0x0b,0x09,0x1f,0x28,0x57,0xb0,0xcc,0xe0,0x1a,0x28,0x19,0xc4,0x42,0xc2,0x07,0xca,0x15,0x2c,0x33,0xb8,0x06,
    0x4a,0x06,0xb0,0x90,0xec,0x81,0x62,0x05,0x8b,0x0c,0xae,0x81,0x92,0x01,0x2c,0x24,0x7b,0xa0,0x58,0xc1,0x22,0x83,0x6b,0xa0,
    0x64,0x00,0x0b,0xc9,0x1e,0x28,0x56,0xb0,0xc8,0xe0,0x1a,0x28,0x19,0xc0,0x42,0xb2,0x07,0x8a,0x15,0x2c,0x32,0xb8,0x06,0x4a,
    0x06,0x9f,0x90,0xe8,0x81,0x52,0x05,0x4b,0x0c,0xae,0x81,0x92,0xc1,0x27,0x24,0x7a,0xa0,0x54,0xc1,0x12,0x83,0x6b,0xa0,0x64,
    0xf0,0x09,0x89,0x1e,0x28,0x55,0xb0,0xc4,0xe0,0x1a,0x28,0x19,0x7c,0x42,0xa2,0x07,0x4a,0x15,0x2c,0x31,0xb8,0x06,0x4a,0x06,
    0x9e,0x90,0xe4,0x81,0x42,0x05,0x0b,0x0c,0xae,0x81,0x92,0x81,0x27,0x24,0x79,0xa0,0x50,0xc1,0x02,0x83,0x6b,0xa0,0x64,0xe0,
    0x09,0x49,0x1e,0x28,0x54,0xb0,0xc0,0xe0,0x1a,0x28,0x19,0x78,0x42,0x92,0x07,0x0a,0x15,0x2c,0x30,0xb8,0x0c,0x2a,0x09,0xf9,
    0x8c,0x18,0x20,0x00,0x08,0x82,0x41,0x36,0x2b,0x6a,0xd2,0x94,0x44,0x30,0x62,0x80,0x00,0x20,0x08,0x06,0x19,0xad,0xac,0x89,
    0x52,0x12,0x81,0x05,0x07,0x74,0x6c,0x4a,0x09,0xf9,0x8c,0x18,0x20,0x00,0x08,0x82,0x41,0x76,0x2b,0x6e,0x02,0xa5,0x44,0x30,
    0x62,0x80,0x00,0x20,0x08,0x06,0x19,0xae,0xbc,0x49,0x93,0x12,0x81,0x05,0x0a,0x74,0xcc,0x6a,0x09,0xf9,0x8c,0x18,0x20,0x00,
    0x08,0x82,0x41,0xb6,0x2b,0x72,0x32,0xb5,0x44,0x30,0x62,0x80,0x00,0x20,0x08,0x06,0x19,0xaf,0xcc,0x09,0xd4,0x12,0x81,0x05,
    0x0d,0x74,0x2c,0x8b,0x09,0xf9,0x8c,0x18,0x20,0x00,0x08,0x82,0x41,0xf6,0x2b,0x76,0x62,0xc5,0x44,0x30,0x62,0x80,0x00,0x20,
    0x08,0x06,0x19,0xb8,0xdc,0xc9,0x14,0x13,0x81,0x05,0x10,0x74,0xac,0xe1,0x07,0xf9,0x98,0xd2,0x0f,0xf2,0xb1,0xc3,0x1f,0xe4,
    0x63,0xc4,0x3f,0xc8,0xc7,0x88,0x98,0x80,0x8f,0x11,0x31,0x01,0x1f,0x23,0x62,0x02,0x3e,0x46,0xc4,0x04,0x7c,0x0c,0x0d,0x74,
    0x42,0x3e,0x23,0x06,0x08,0x00,0x82,0x60,0x90,0xad,0x8b,0xa8,0x94,0x81,0x4e,0x04,0x23,0x06,0x08,0x00,0x82,0x60,0x90,0xb1,
    0xcb,0xa8,0x88,0x81,0x4e,0x04,0xa6,0x06,0x3d,0x21,0x9f,0x11,0x03,0x04,0x00,0x41,0x30,0xc8,0xdc,0xa5,0x54,0xce,0xa0,0x27,
    0x82,0x11,0x03,0x04,0x00,0x41,0x30,0xc8,0xde,0xc5,0x54,0xc8,0xa0,0x27,0x02,0x63,0x03,0xb0,0x90,0xcf,0x88,0x01,0x02,0x80,
    0x20,0x18,0x64,0xf1,0x82,0x2a,0x69,0x00,0x16,0xc1,0x88,0x01,0x02,0x80,0x20,0x18,0x64,0xf2,0x92,0x2a,0x66,0x00,0x16,0x81,
    0x1d,0x2d,0x21,0x1f,0x2b,0x5c,0x42,0x3e,0x36,0xbc,0x84,0x7c,0x6c,0xe8,0x09,0xf8,0xd8,0xd0,0x13,0xf0,0xb1,0xa1,0x27,0xe0,
    0x33,0x4b,0x90,0x0d,0x54,0x0c,0x68,0x82,0xa9,0xca,0x31,0x50,0x31,0xa0,0x01,0xa6,0x2a,0xc7,0x40,0xc5,0x80,0x06,0x98,0xaa,
    0x1c,0x03,0x15,0x03,0x1a,0x60,0xaa,0x72,0x0c,0x54,0x0c,0x68,0x80,0xa9,0xca,0x31,0x50,0x31,0x40,0x98,0xaa,0x1c,0x03,0x15,
    0x03,0x84,0xa9,0xca,0x31,0x50,0x31,0x40,0x98,0xaa,0x1c,0x56,0x16,0xff,0x02,0x83,0xe1,0x86,0xe0,0x5e,0xc0,0x60,0x96,0x41,
    0x3b,0x82,0x11,0x83,0x03,0x00,0x41,0x30,0xb8,0x48,0x26,0x57,0x48,0xe4,0x5f,0x46,0x13,0x02,0x60,0x34,0x41,0x08,0x46,0x13,
    0x06,0x61,0xc4,0xe0,0x00,0x40,0x10,0x0c,0x2e,0x94,0xe9,0x15,0x14,0xc9,0x97,0xd1,0x84,0x00,0x18,0x4d,0x10,0x82,0xd1,0x84,
    0x41,0x18,0x31,0x38,0x00,0x10,0x04,0x83,0x8b,0x65,0xc2,0x85,0x45,0xf8,0x65,0x34,0x21,0x00,0x46,0x13,0x84,0x60,0x34,0x61,
    0x10,0x46,0x0c,0x0e,0x00,0x04,0xc1,0xe0,0x82,0x99,0x72,0x81,0x91,0x7f,0x19,0x4d,0x08,0x80,0xd1,0x04,0x21,0x18,0x4d,0x18,
    0x04,0x7b,0x32,0xf9,0x8c,0x18,0x20,0x00,0x08,0x82,0x41,0x46,0x33,0xeb,0xc2,0x64,0xc1,0x88,0x01,0x02,0x80,0x20,0x18,0x64,
    0x35,0xc3,0x2e,0x49,0x16,0x8c,0x18,0x20,0x00,0x08,0x82,0x41,0x66,0x33,0xed,0x62,0x64,0x81,0x49,0x9d,0x7c,0x46,0x0c,0x10,
    0x00,0x04,0xc1,0x20,0xc3,0x99,0x77,0x79,0xba,0x60,0xc4,0x00,0x01,0x40,0x10,0x0c,0xb2,0x9c,0x81,0x17,0xa6,0x0b,0x46,0x0c,
    0x10,0x00,0x04,0xc1,0x20,0xd3,0x99,0x78,0x49,0xba,0xc0,0xaa,0x30,0x90,0xcf,0x88,0x01,0x02,0x80,0x20,0x18,0x64,0x3c,0x33,
    0x2f,0x52,0x18,0x04,0x23,0x06,0x08,0x00,0x82,0x60,0x90,0xf5,0x0c,0xbd,0x3c,0x61,0x10,0x8c,0x18,0x20,0x00,0x08,0x82,0x41,
    0xe6,0x33,0xf5,0xc2,0x84,0x41,0x30,0x62,0x70,0x00,0x20,0x08,0x06,0x17,0xd8,0xd4,0x0b,0x98,0xb8,0xcc,0x68,0x42,0x00,0x8c,
    0x26,0x08,0xc1,0x68,0xc2,0x20,0x8c,0x18,0x1c,0x00,0x08,0x82,0xc1,0x45,0x36,0xf9,0x42,0x26,0x31,0x33,0x9a,0x10,0x00,0xa3,
    0x09,0x42,0x30,0x9a,0x30,0x08,0x23,0x06,0x07,0x00,0x82,0x60,0x70,0xa1,0x4d,0xbf,0xa0,0x09,0xcd,0x8c,0x26,0x04,0xc0,0x68,
    0x82,0x10,0x8c,0x26,0x0c,0x82,0x2d,0x6d,0x20,0x9f,0x11,0x03,0x04,0x00,0x41,0x30,0xc8,0xd8,0x66,0x64,0x90,0x36,0x08,0x46,
    0x0c,0x10,0x00,0x04,0xc1,0x20,0x6b,0x1b,0x92,0x29,0xda,0x20,0xb0,0x06,0x0e,0xe4,0x33,0x62,0x80,0x00,0x20,0x08,0x06,0xd9,
    0xdb,0x98,0x8c,0x02,0x07,0xc1,0x88,0x01,0x02,0x80,0x20,0x18,0x64,0x70,0x73,0x32,0x07,0x1c,0x04,0xf6,0xcc,0x81,0x7c,0x46,
    0x0c,0x10,0x00,0x04,0xc1,0x20,0x93,0x9b,0x94,0x61,0xe6,0x20,0x18,0x31,0x40,0x00,0x10,0x04,0x83,0x6c,0x6e,0x54,0x26,0x99,
    0x83,0x60,0xc4,0xe0,0x00,0x40,0x10,0x0c,0xae,0xba,0x51,0x99,0x3a,0x89,0x9b,0xd1,0x84,0x00,0x18,0x4d,0x10,0x82,0xd1,0x84,
    0x41,0x18,0x4d,0x20,0x86,0x11,0x83,0x03,0x00,0x41,0x30,0xb8,0xf4,0xe6,0x65,0xf4,0xe4,0x6e,0x46,0x13,0x02,0x60,0x34,0x41,
    0x08,0x46,0x13,0x06,0x61,0x34,0x81,0x18,0x46,0x0c,0x0e,0x00,0x04,0xc1,0xe0,0xfa,0x1b,0x9a,0xf9,0x13,0xba,0x19,0x4d,0x08,
    0x80,0xd1,0x04,0x21,0x18,0x4d,0x18,0x84,0xd1,0x04,0x62,0x18,0x31,0x38,0x00,0x10,0x04,0x83,0x8b,0x74,0x72,0x86,0x54,0xf6,
    0x66,0x34,0x21,0x00,0x46,0x13,0x84,0x60,0x34,0x61,0x10,0x46,0x13,0x88,0xc1,0x26,0x57,0x90,0xcf,0x88,0x01,0x02,0x80,0x20,
    0x18,0x64,0xa9,0x03,0x36,0x8f,0x2b,0x04,0x23,0x06,0x08,0x00,0x82,0x60,0x90,0xa9,0x4e,0xd8,0x2c,0xae,0x10,0x8c,0x18,0x20,
    0x00,0x08,0x82,0x41,0xb6,0x3a,0x62,0x73,0xb8,0x42,0x60,0x96,0x2c,0xc8,0x67,0xc4,0x00,0x01,0x40,0x10,0x0c,0xb2,0xd6,0x21,
    0x1b,0x49,0x16,0x82,0x11,0x03,0x04,0x00,0x41,0x30,0xc8,0x5c,0xa7,0x6c,0x1c,0x59,0x08,0x46,0x0c,0x10,0x00,0x04,0xc1,0x20,
    0x7b,0x1d,0xb3,0x51,0x64,0x21,0xb0,0xcc,0x16,0xe4,0x33,0x62,0x80,0x00,0x20,0x08,0x06,0x59,0xec,0xa0,0x4d,0x65,0x0b,0xc1,
    0x88,0x01,0x02,0x80,0x20,0x18,0x64,0xb2,0x93,0x36,0x91,0x2d,0x04,0x23,0x06,0x08,0x00,0x82,0x60,0x90,0xcd,0x8e,0xda,0x34,
    0xb6,0x10,0x18,0xa7,0x0b,0xf2,0x19,0x31,0x40,0x00,0x10,0x04,0x83,0xac,0x76,0xd8,0x06,0xd3,0x85,0x60,0xc4,0x00,0x01,0x40,
    0x10,0x0c,0x32,0xdb,0x69,0x1b,0x4a,0x17,0x82,0x11,0x03,0x04,0x00,0x41,0x30,0xc8,0x6e,0xc7,0x6d,0x20,0x5d,0x08,0x66,0x09,
    0xb8,0x11,0x83,0x03,0x00,0x41,0x30,0xb8,0x72,0xc7,0x6d,0x72,0xa5,0x76,0x46,0x13,0x02,0x60,0x34,0x41,0x08,0x46,0x13,0x06,
    0x61,0x34,0x81,0x18,0x46,0x0c,0x0e,0x00,0x04,0xc1,0xe0,0xf2,0x9d,0xb9,0xf1,0x95,0xdd,0x19,0x4d,0x08,0x80,0xd1,0x04,0x21,
    0x18,0x4d,0x18,0x84,0xd1,0x04,0x62,0x18,0x31,0x38,0x00,0x10,0x04,0x83,0x6b,0x7c,0xf0,0x66,0x5c,0x70,0x67,0x34,0x21,0x00,
    0x46,0x13,0x84,0x60,0x34,0x61,0x10,0x46,0x13,0x88,0x61,0xc4,0xe0,0x00,0x40,0x10,0x0c,0x2e,0xf4,0xe9,0x1b,0x74,0xf9,0x9d,
    0xd1,0x84,0x00,0x18,0x4d,0x10,0x82,0xd1,0x84,0x41,0x18,0x4d,0x20,0x06,0x9b,0x7e,0x44,0x3e,0x23,0x06,0x08,0x00,0x82,0x60,
    0x90,0xb5,0x0f,0xe9,0x3c,0x3f,0x12,0x8c,0x18,0x20,0x00,0x08,0x82,0x41,0xe6,0x3e,0xa5,0xb3,0xfc,0x48,0x60,0xc1,0x01,0x1d,
    0xb3,0xc6,0x44,0x3e,0x23,0x06,0x08,0x00,0x82,0x60,0x90,0xc5,0x0f,0xea,0x48,0x63,0x12,0x8c,0x18,0x20,0x00,0x08,0x82,0x41,
    0x26,0x3f,0xa9,0xe3,0x8c,0x49,0x60,0x81,0x02,0x1d,0xcb,0xce,0x44,0x3e,0x23,0x06,0x08,0x00,0x82,0x60,0x90,0xd5,0x0f,0xeb,
    0x54,0x67,0x12,0x8c,0x18,0x20,0x00,0x08,0x82,0x41,0x66,0x3f,0xad,0x13,0x9d,0x49,0x60,0x41,0x03,0x1d,0xe3,0xd6,0x44,0x3e,
    0x23,0x06,0x08,0x00,0x82,0x60,0x90,0xe5,0x0f,0xec,0x60,0x6b,0x12,0x8c,0x18,0x20,0x00,0x08,0x82,0x41,0xa6,0x3f,0xb1,0x43,
    0xad,0x49,0x60,0x01,0x04,0x9d,0x11,0x83,0x03,0x00,0x41,0x30,0xb8,0xfa,0x47,0x76,0xfa,0x25,0x7e,0x46,0x13,0x02,0x60,0x34,
    0x41,0x08,0x46,0x13,0x06,0x61,0x34,0x81,0x18,0x46,0x0c,0x0e,0x00,0x04,0xc1,0xe0,0x12,0xa1,0xdb,0x11,0x19,0xfa,0x19,0x4d,
    0x08,0x80,0xd1,0x04,0x21,0x18,0x4d,0x18,0x84,0xd1,0x04,0x62,0x18,0x31,0x38,0x00,0x10,0x04,0x83,0xeb,0x84,0x78,0xe7,0x64,
    0x42,0x68,0x34,0x21,0x00,0x46,0x13,0x84,0x60,0x34,0x61,0x10,0x46,0x13,0x88,0x61,0xc4,0xe0,0x00,0x40,0x10,0x0c,0x2e,0x16,
    0x0a,0x1f,0x96,0x11,0xa1,0xd1,0x84,0x00,0x18,0x4d,0x10,0x82,0xd1,0x84,0x41,0x18,0x4d,0x20,0x06,0x9b,0x46,0x45,0x3e,0x23,
    0x06,0x08,0x00,0x82,0x60,0x90,0xc5,0x10,0xfa,0x3c,0xa3,0x12,0x8c,0x18,0x20,0x00,0x08,0x82,0x41,0x26,0x43,0xe9,0xb3,0x8c,
    0x4a,0x60,0xc1,0x01,0x1d,0xb3,0x4e,0x45,0x3e,0x23,0x06,0x08,0x00,0x82,0x60,0x90,0xd5,0x10,0xfb,0x48,0xa7,0x12,0x8c,0x18,
    0x20,0x00,0x08,0x82,0x41,0x66,0x43,0xed,0xe3,0x9c,0x4a,0x60,0x81,0x02,0x1d,0xcb,0x56,0x45,0x3e,0x23,0x06,0x08,0x00,0x82,
    0x60,0x90,0xe5,0x10,0xfc,0x54,0xab,0x12,0x8c,0x18,0x20,0x00,0x08,0x82,0x41,0xa6,0x43,0xf1,0x13,0xad,0x4a,0x60,0x41,0x03,
    0x1d,0xe3,0x5e,0x45,0x3e,0x23,0x06,0x08,0x00,0x82,0x60,0x90,0xf5,0x10,0xfd,0x60,0xaf,0x12,0x8c,0x18,0x20,0x00,0x08,0x82,
    0x41,0xe6,0x43,0xf5,0x43,0xbd,0x4a,0x60,0x01,0x04,0x9d,0x11,0x83,0x03,0x00,0x41,0x30,0xb8,0xc2,0xc8,0x7e,0xc2,0x86,0x87,
    0x46,0x13,0x02,0x60,0x34,0x41,0x08,0x46,0x13,0x06,0x61,0xc4,0xe0,0x00,0x40,0x10,0x0c,0xae,0x32,0xd2,0x9f,0xb2,0xb1,0xa1,
    0xd1,0x84,0x00,0x18,0x4d,0x10,0x82,0xd1,0x84,0x41,0x18,0x31,0x38,0x00,0x10,0x04,0x83,0x2b,0x8d,0xfc,0x27,0x6d,0x72,0x68,
    0x34,0x21,0x00,0x46,0x13,0x84,0x60,0x34,0x61,0x10,0x46,0x0c,0x0e,0x00,0x04,0xc1,0xe0,0x6a,0x23,0x11,0x6a,0x1b,0x1e,0x1a,
    0x4d,0x08,0x80,0xd1,0x04,0x21,0x18,0x4d,0x18,0x04,0x7b,0xc6,0x45,0x3e,0x23,0x06,0x08,0x00,0x82,0x60,0x90,0xc5,0x11,0x0a,
    0x31,0xe3,0x12,0x8c,0x18,0x20,0x00,0x08,0x82,0x41,0x26,0x47,0x29,0x94,0x8c,0x4b,0x60,0x81,0x01,0x1d,0x93,0xce,0x45,0x3e,
    0x23,0x06,0x08,0x00,0x82,0x60,0x90,0xd5,0x11,0x0b,0x3d,0xe7,0x12,0x8c,0x18,0x20,0x00,0x08,0x82,0x41,0x66,0x47,0x2d,0xc4,
    0x9c,0x4b,0x60,0x41,0x02,0x1d,0xab,0xd6,0x45,0x3e,0x23,0x06,0x08,0x00,0x82,0x60,0x90,0xe5,0x11,0x0c,0x49,0xeb,0x12,0x8c,
    0x18,0x20,0x00,0x08,0x82,0x41,0xa6,0x47,0x31,0xf4,0xac,0x4b,0x60,0x01,0x03,0x9d,0x11,0x83,0x03,0x00,0x41,0x30,0xb8,0xfa,
    0x48,0x86,0xfa,0x66,0x8d,0x46,0x13,0x02,0x60,0x34,0x41,0x08,0x46,0x13,0x06,0x61,0xc4,0xe0,0x00,0x40,0x10,0x0c,0xae,0x50,
    0xb2,0xa1,0xd0,0x71,0xa3,0xd1,0x84,0x00,0x18,0x4d,0x10,0x82,0xd1,0x84,0x41,0x18,0x31,0x38,0x00,0x10,0x04,0x83,0xab,0x94,
    0x74,0xa8,0x74,0xe2,0x68,0x34,0x21,0x00,0x46,0x13,0x84,0x60,0x34,0x61,0x10,0x6c,0xc1,0x17,0xf9,0x8c,0x18,0x20,0x00,0x08,
    0x82,0x41,0x96,0x4a,0x60,0x84,0xe0,0x4b,0x30,0x62,0x80,0x00,0x20,0x08,0x06,0x99,0x2a,0x85,0x51,0x81,0x2f,0x81,0x35,0xfb,
    0x22,0x9f,0x11,0x03,0x04,0x00,0x41,0x30,0xc8,0x58,0x69,0x8c,0x94,0x7d,0x09,0x46,0x0c,0x10,0x00,0x04,0xc1,0x20,0x6b,0x25,
    0x32,0x3a,0xf6,0x25,0xb0,0xc7,0x5f,0xe4,0x33,0x62,0x80,0x00,0x20,0x08,0x06,0xd9,0x2b,0x99,0x11,0xe3,0x2f,0xc1,0x88,0x01,
    0x02,0x80,0x20,0x18,0x64,0xb0,0x74,0x46,0x89,0xbf,0x04,0xb3,0x04,0xdc,0x40,0xc5,0xc0,0x22,0x1a,0x69,0x6c,0x03,0x15,0x83,
    0x89,0x68,0x7e,0xb1,0x0d,0x54,0x0c,0x20,0xa2,0xe1,0xc5,0x36,0x50,0x31,0xe8,0x87,0x26,0x17,0xdb,0x40,0xc5,0xe0,0x2f,0x1a,
    0x29,0x6c,0x03,0x15,0x03,0xbe,0x68,0x7e,0xb0,0x0d,0x54,0x0c,0xf2,0xa2,0xe1,0xc1,0x36,0x50,0x31,0xd8,0x8a,0xc6,0x6d,0x03,
    0x15,0x83,0xac,0x68,0xd8,0x36,0x50,0x31,0xb8,0x8a,0x46,0x6d,0x03,0x15,0x83,0xe8,0x68,0x30,0xb1,0x0d,0x54,0x0c,0xa2,0xa3,
    0xa9,0xc4,0x36,0x50,0x31,0x88,0x8e,0x46,0x12,0xdb,0x40,0xc5,0x20,0x3a,0x9a,0x3f,0x6c,0x23,0x06,0x07,0x00,0x82,0x60,0x70,
    0x81,0x53,0x1d,0x85,0x4f,0x18,0x8d,0x26,0x04,0xc0,0x05,0x04,0x0d,0x37,0x04,0xbf,0x64,0x06,0xb3,0x0c,0x9d,0x17,0x8c,0x18,
    0x1c,0x00,0x08,0x82,0xc1,0x45,0x4e,0x79,0x54,0x3e,0x64,0x34,0x9a,0x10,0x00,0xa3,0x09,0x42,0x30,0x9a,0x30,0x08,0xa3,0x09,
    0xc4,0x30,0x62,0xd0,0x00,0x20,0x08,0x06,0x0e,0x3b,0xbd,0x51,0xc3,0x2c,0x0a,0x31,0x08,0xc1,0x2c,0x81,0x37,0x50,0x31,0x08,
    0x1d,0xee,0x71,0xc3,0x0d,0x09,0x3a,0x99,0xc1,0x2c,0xc3,0x07,0x06,0xc1,0x88,0xc1,0x01,0x80,0x20,0x18,0x5c,0xec,0x14,0x4a,
    0xed,0xb3,0x46,0xa3,0x09,0x01,0x30,0x9a,0x20,0x04,0xa3,0x09,0x83,0x30,0x9a,0x40,0x0c,0x23,0x06,0x0d,0x00,0x82,0x60,0xe0,
    0xd0,0xd3,0x1d,0x55,0xd4,0x24,0x11,0x83,0x10,0xcc,0x12,0x80,0xc1,0x40,0xc5,0x20,0x7c,0xe8,0xe7,0x0d,0x37,0x44,0xe8,0x64,
    0x06,0xb3,0x0c,0x61,0x20,0x06,0xc1,0x88,0xc1,0x01,0x80,0x20,0x18,0x5c,0xf4,0x94,0x4a,0xf5,0x23,0x47,0xa3,0x09,0x01,0x30,
    0x9a,0x20,0x04,0xa3,0x09,0x83,0x30,0x9a,0x40,0x0c,0x23,0x06,0x0d,0x00,0x82,0x60,0xe0,0xf0,0xd3,0x1f,0x75,0xdc,0xa6,0x11,
    0x83,0x10,0xcc,0x12,0x88,0xc1,0x40,0xc5,0x20,0x84,0x01,0xfe,0x81,0xc1,0x70,0x43,0x26,0x4f,0x66,0x30,0xcb,0x30,0x06,0x64,
    0x10,0x8c,0x18,0x1c,0x00,0x08,0x82,0xc1,0xc5,0x4f,0xb1,0xd4,0x3f,0x79,0x34,0x9a,0x10,0x00,0xa3,0x09,0x42,0x30,0x9a,0x30,
    0x08,0xa3,0x09,0xc4,0x30,0x62,0xd0,0x00,0x20,0x08,0x06,0x0e,0x49,0x9d,0x52,0x19,0x90,0xc1,0x18,0x88,0x01,0x31,0x08,0xc1,
    0x2c,0x01,0x19,0x0c,0x54,0x0c,0xc2,0x18,0xa0,0x60,0x20,0x06,0xc3,0x0d,0x61,0x70,0x4f,0x66,0x30,0xcb,0x50,0x06,0x66,0x10,
    0x8c,0x18,0x1c,0x00,0x08,0x82,0xc1,0x45,0x52,0xb9,0x54,0x42,0xa0,0x34,0x9a,0x10,0x00,0xa3,0x09,0x42,0x30,0x9a,0x30,0x08,
    0xa3,0x09,0xc4,0x30,0x62,0xd0,0x00,0x20,0x08,0x06,0x0e,0x4b,0xbd,0x52,0x1b,0xb0,0xc1,0x1a,0xa8,0x01,0x31,0x08,0xc1,0x2c,
    0x81,0x19,0x0c,0x54,0x0c,0x42,0x19,0xe0,0x60,0x40,0x06,0xc3,0x0d,0x69,0xd0,0x4f,0x66,0x30,0xcb,0x70,0x06,0x68,0x10,0x8c,
    0x18,0x1c,0x00,0x08,0x82,0xc1,0xc5,0x52,0xe1,0xd4,0x42,0xa7,0x34,0x9a,0x10,0x00,0xa3,0x09,0x42,0x30,0x9a,0x30,0x08,0xa3,
    0x09,0xc4,0x30,0x62,0xd0,0x00,0x20,0x08,0x06,0x0e,0x4d,0xdd,0x52,0x1d,0xd0,0xc1,0x1c,0xc8,0x01,0x31,0x08,0xc1,0x2c,0x01,
    0x1a,0x0c,0x54,0x0c,0xc2,0x19,0xa0,0x61,0x60,0x06,0x23,0x06,0x07,0x00,0x82,0x60,0x70,0xcd,0x14,0x3a,0xd1,0x10,0x2e,0x8d,
    0x26,0x04,0xc1,0x70,0x44,0x90,0x43,0xc2,0x37,0xcb,0x90,0x06,0x6a,0x10,0x8c,0x18,0x2c,0x00,0x08,0x82,0x01,0x84,0x53,0xe9,
    0xd4,0x07,0x7c,0xb0,0x07,0x7d,0xc0,0x07,0x7b,0x30,0x62,0x60,0x00,0x20,0x08,0x06,0x12,0x4e,0xa1,0x53,0x60,0xc1,0x1f,0xc8,
    0xc7,0x84,0x3f,0x90,0x8f,0x0d,0x7f,0x20,0x9f,0x59,0x02,0x35,0x18,0xa8,0x18,0x8c,0x34,0x20,0x09,0x34,0x18,0xa8,0x18,0x8c,
    0x34,0x20,0x09,0x34,0x18,0xa8,0x18,0x8c,0x34,0x20,0x09,0x34,0x98,0x6e,0x68,0xa1,0xfd,0x59,0x9f,0x11,0x03,0x03,0x00,0x41,
    0x30,0x90,0xc0,0x2a,0xa7,0x4e,0x61,0xc4,0xe0,0x00,0x40,0x10,0x0c,0x2e,0xb0,0xaa,0xa7,0x30,0xd2,0xa5,0xd1,0x84,0x00,0x18,
    0x4d,0x10,0x82,0xd1,0x84,0x41,0x18,0x4d,0x20,0x86,0x11,0x83,0x03,0x00,0x41,0x30,0xb8,0xca,0x4a,0x9f,0xcc,0x28,0x9d,0x46,
    0x13,0x02,0xc0,0x82,0x35,0x82,0xcf,0x05,0x04,0x0d,0x37,0x04,0x66,0x05,0x06,0xc3,0x0d,0xc2,0x4f,0x81,0xc1,0x74,0xc3,0x0c,
    0x29,0xc1,0x74,0xc3,0x0c,0x29,0xc2,0x74,0xc3,0x0c,0x29,0xc3,0x74,0xc3,0x0c,0x29,0xc4,0x74,0xc3,0x0c,0x11,0xc6,0x74,0xc3,
    0x0c,0x11,0xc7,0x74,0xc3,0x0c,0x11,0xc8,0x74,0xc3,0x0c,0x11,0xc9,0x88,0xc1,0x01,0x80,0x20,0x18,0x5c,0x73,0x85,0x52,0x74,
    0xc4,0x4e,0xa3,0x09,0x01,0x30,0x9a,0x20,0x04,0xa3,0x09,0x83,0x30,0x9a,0x20,0x05,0x16,0xf0,0x11,0x7c,0x2e,0x20,0x68,0xb8,
    0x21,0xb8,0x2b,0x30,0x18,0x6e,0x10,0xe0,0x0a,0x0c,0xa6,0x1b,0xc8,0x08,0x09,0xa6,0x1b,0xc8,0x08,0x11,0xa6,0x1b,0xc8,0x08,
    0x19,0xa6,0x1b,0xc6,0x68,0x28,0xa6,0x1b,0xc6,0x68,0x30,0xa6,0x1b,0xc6,0x68,0x38,0x46,0x0c,0x0e,0x00,0x04,0xc1,0xe0,0x12,
    0xad,0x9b,0x1a,0x25,0x7d,0x1a,0x4d,0x08,0x80,0xd1,0x04,0x21,0x18,0x4d,0x18,0x84,0xd1,0x84,0x30,0x10,0x2c,0x58,0x25,0xf8,
    0x5c,0x40,0xd0,0x70,0x43,0x60,0x5a,0x60,0x30,0xdc,0x20,0xfc,0x15,0x18,0x4c,0x37,0xcc,0x11,0x12,0x4c,0x37,0xcc,0x11,0x22,
    0x4c,0x37,0xcc,0x11,0x32,0x4c,0x37,0xc8,0xd1,0x50,0x4c,0x37,0xc8,0xd1,0x60,0x4c,0x37,0xc8,0xd1,0x70,0x8c,0x18,0x1c,0x00,
    0x08,0x82,0xc1,0x15,0x5b,0x66,0x25,0x4b,0x28,0x35,0x9a,0x10,0x00,0xa3,0x09,0x42,0x30,0x9a,0x30,0x08,0xa3,0x09,0x70,0x30,
    0x58,0xa0,0x4b,0xf0,0xb9,0x80,0xa0,0xe1,0x86,0xa0,0xb6,0xc0,0x60,0xb8,0x41,0x70,0x2d,0x30,0x98,0x6e,0x10,0x25,0x24,0x98,
    0x6e,0x10,0x25,0x44,0x98,0x6e,0x10,0x25,0x64,0x98,0x6e,0x08,0xa5,0xa1,0x98,0x6e,0x08,0xa5,0xc1,0x98,0x6e,0x08,0xa5,0xe1,
    0x18,0x31,0x38,0x00,0x10,0x04,0x83,0x0b,0xbc,0xea,0x2a,0x9c,0x6c,0x6a,0x34,0x21,0x00,0x46,0x0c,0x0e,0x00,0x04,0xc1,0xe0,
    0x12,0xaf,0xbb,0x1a,0xa7,0x9b,0x1a,0x4d,0x08,0x80,0x0b,0x08,0x1a,0x6e,0x08,0xe6,0xca,0x0c,0x46,0x0c,0x0e,0x00,0x04,0xc1,
    0xe0,0x32,0xaf,0xbd,0x3a,0x27,0xbb,0x1a,0x4d,0x08,0x84,0xe1,0x88,0x80,0x9d,0x84,0x6f,0xb8,0xa1,0x28,0x2f,0x34,0x98,0x6e,
    0x30,0x2f,0x23,0x18,0x4d,0x48,0x82,0xd1,0x04,0x45,0x18,0x4d,0x58,0x86,0x59,0x86,0x35,0x78,0x85,0x64,0x96,0x80,0x0d,0x06,
    0x2a,0x86,0x71,0x69,0x05,0xf0,0x0c,0xd6,0x60,0xa0,0x62,0x18,0x97,0x56,0x10,0xcf,0x60,0x0d,0x06,0x2a,0x86,0x71,0x69,0x05,
    0xf2,0x0c,0xd6,0x60,0xa0,0x62,0x58,0x97,0x56,0x30,0xcf,0x60,0x0d,0x06,0x2a,0x86,0x75,0x69,0x05,0xf4,0x0c,0xd6,0x60,0xa0,
    0x62,0x58,0x97,0x56,0x50,0xcf,0x60,0x0d,0x06,0x2a,0x86,0xb8,0x69,0x05,0xf6,0x0c,0xd6,0x60,0xa0,0x62,0x88,0x9b,0x56,0x70,
    0xcf,0x60,0x0d,0x06,0x2a,0x86,0xb8,0x69,0x05,0xf8,0x0c,0xd6,0x60,0xa0,0x82,0x88,0x9b,0x56,0x30,0xdf,0x60,0x0d,0x86,0x1b,
    0x02,0x07,0x0d,0x66,0x19,0xda,0xc0,0x15,0x02,0x13,0xde,0x4b,0x06,0xc3,0x0d,0x83,0x7d,0x81,0xc1,0x2c,0x83,0x1b,0xbc,0x41,
    0x30,0x62,0x70,0x00,0x20,0x08,0x06,0xd7,0x7e,0xc1,0x16,0x3f,0x81,0xd6,0x68,0x42,0x30,0x0c,0x47,0x04,0x21,0x25,0x7c,0xb3,
    0x04,0x6f,0x30,0x50,0xb1,0xf1,0x6d,0xd0,0x06,0x82,0x1b,0xcc,0x32,0xc0,0x41,0x1c,0x04,0x23,0x06,0x07,0x00,0x82,0x60,0x70,
    0xfd,0x17,0x6d,0x81,0xd4,0x5c,0x8d,0x26,0x04,0xc0,0x68,0x82,0x10,0x8c,0x26,0x0c,0xc2,0x68,0x02,0x31,0xcc,0x12,0xc8,0x81,
    0x2d,0x77,0x05,0x83,0x11,0x83,0x03,0x00,0x41,0x30,0xb8,0x4a,0x4c,0xb7,0x4c,0x2a,0x18,0x4d,0x08,0x80,0xd1,0x04,0x21,0x18,
    0x4d,0x18,0x84,0xd1,0x04,0x62,0x98,0x25,0x90,0x83,0x81,0x8a,0x81,0x82,0x03,0x24,0x0e,0x06,0x2a,0x06,0x0a,0x0e,0x90,0x38,
    0x18,0xa8,0x18,0x28,0x38,0x40,0xe2,0x60,0xa0,0x62,0xa0,0xe0,0x00,0x89,0x83,0x59,0x86,0x39,0xa0,0x03,0x68,0xc4,0xe0,0x00,
    0x40,0x10,0x0c,0x2e,0x17,0x1b,0xaf,0x97,0x02,0xad,0xd1,0x84,0x00,0x18,0x4d,0x10,0x82,0xd1,0x84,0x41,0x18,0x4d,0x20,0x86,
    0x59,0x82,0x3a,0x30,0x8d,0xb4,0x60,0x30,0x62,0x70,0x00,0x20,0x08,0x06,0x17,0x8d,0xa5,0x57,0x4d,0x05,0xa3,0x09,0x01,0x30,
    0x9a,0x20,0x04,0xa3,0x09,0x83,0x30,0x9a,0x40,0x0c,0xb3,0x04,0x75,0x30,0x50,0x31,0x50,0x73,0x80,0xd0,0xc1,0x40,0xc5,0x40,
    0xcd,0x01,0x42,0x07,0x03,0x15,0x03,0x35,0x07,0x08,0x1d,0x0c,0x54,0x0c,0xd4,0x1c,0x20,0x74,0x30,0xcb,0x60,0x07,0x77,0xf0,
    0x8d,0x18,0x1c,0x00,0x08,0x82,0xc1,0xd5,0x63,0xf2,0xe5,0x53,0xad,0x35,0x9a,0x10,0x00,0xa3,0x09,0x42,0x30,0x9a,0x30,0x08,
    0xb3,0x04,0x78,0x60,0x68,0x00,0x5b,0x30,0x18,0x31,0x38,0x00,0x10,0x04,0x83,0x4b,0xcc,0xee,0x6b,0xac,0x82,0xd1,0x84,0x00,
    0x18,0x4d,0x10,0x82,0xd1,0x84,0x41,0x98,0x25,0xc0,0x83,0x81,0x8a,0x01,0xb2,0x03,0xe3,0x0e,0x06,0x2a,0x06,0xc8,0x0e,0x8c,
    0x3b,0x18,0xa8,0x18,0x20,0x3b,0x30,0xee,0x60,0x96,0x21,0x0f,0xf4,0x60,0x0d,0x46,0x0c,0x0e,0x00,0x04,0xc1,0xe0,0x4a,0x33,
    0xff,0x52,0xab,0xdb,0x1a,0x4d,0x08,0x80,0xd1,0x04,0x21,0x18,0x4d,0x18,0x84,0x59,0x82,0x3d,0x30,0x3a,0xd0,0x2d,0x18,0x8c,
    0x18,0x1c,0x00,0x08,0x82,0xc1,0xe5,0x66,0x23,0xf6,0x56,0xc1,0x68,0x42,0x00,0x8c,0x26,0x08,0xc1,0x68,0xc2,0x20,0xcc,0x12,
    0xec,0xc1,0x40,0xc5,0x00,0xe5,0x81,0xa1,0x07,0x03,0x15,0x03,0x94,0x07,0x86,0x1e,0x0c,0x54,0x0c,0x50,0x1e,0x18,0x7a,0x30,
    0xcb,0xc0,0x07,0x7d,0x70,0x07,0x23,0x06,0x07,0x00,0x82,0x60,0x70,0xd5,0x99,0x8a,0xd9,0x55,0x78,0x8d,0x26,0x04,0xc0,0x68,
    0x82,0x10,0x8c,0x26,0x0c,0xc2,0x2c,0x81,0x1f,0x18,0x28,0x90,0x17,0x0c,0x46,0x0c,0x0e,0x00,0x04,0xc1,0xe0,0xd2,0xb3,0x17,
    0xdb,0xab,0x60,0x34,0x21,0x00,0x46,0x13,0x84,0x60,0x34,0x61,0x10,0x66,0x09,0xfc,0x60,0xa0,0x62,0x80,0xf8,0xc0,0xe8,0x83,
    0x81,0x8a,0x01,0xe2,0x03,0xa3,0x0f,0x06,0x2a,0x06,0x88,0x0f,0x8c,0x3e,0x98,0x65,0xf8,0x03,0x50,0x18,0x85,0x11,0x83,0x03,
    0x00,0x41,0x30,0xb8,0x42,0xcd,0xc6,0x44,0x6b,0xbd,0x46,0x13,0x02,0x60,0x34,0x41,0x08,0x46,0x13,0x06,0x61,0x34,0x81,0x18,
    0x66,0x09,0x42,0xc1,0x5a,0xe1,0xbd,0x60,0x30,0x62,0x70,0x00,0x20,0x08,0x06,0xd7,0xa9,0xf1,0x18,0x6a,0x05,0xa3,0x09,0x01,
    0x30,0x9a,0x20,0x04,0xa3,0x09,0x83,0x30,0x9a,0x40,0x0c,0xb3,0x04,0xa1,0x30,0x50,0x31,0x50,0x7f,0x80,0x80,0xc2,0x40,0xc5,
    0x40,0xfd,0x01,0x02,0x0a,0x03,0x15,0x03,0xf5,0x07,0x08,0x28,0x0c,0x54,0x0c,0xd4,0x1f,0x20,0xa0,0x30,0xcb,0x20,0x0a,0xa3,
    0x20,0x0b,0x23,0x06,0x07,0x00,0x82,0x60,0x70,0xc1,0x5a,0x99,0xc5,0x16,0x7e,0x8d,0x26,0x04,0xc0,0x68,0x82,0x10,0xcc,0x12,
    0x90,0x82,0xe9,0x82,0x7e,0xc1,0x60,0xc4,0xe0,0x00,0x40,0x10,0x0c,0x2e,0x5a,0x4b,0xb3,0xda,0x0a,0x46,0x13,0x02,0x60,0x34,
    0x41,0x08,0x66,0x09,0x48,0x61,0xa0,0x62,0x60,0x44,0x81,0x18,0x85,0x81,0x8a,0x81,0x11,0x05,0x62,0x14,0x86,0x23,0x58,0xa1,
    0xb7,0x88,0x6f,0x96,0xa1,0x14,0x4c,0x21,0x18,0x31,0x58,0x00,0x10,0x04,0x03,0x88,0xd7,0xda,0x2c,0x14,0x40,0xe1,0x0f,0x42,
    0x01,0x14,0xfe,0x60,0xc4,0xc0,0x00,0x40,0x10,0x0c,0x24,0x5e,0x63,0xb3,0xc0,0x46,0x21,0x90,0x8f,0x91,0x57,0x10,0x1f,0x23,
    0x85,0x41,0x3e,0x66,0x5e,0x41,0x7c,0xac,0x14,0x0a,0xf9,0x18,0x7a,0x05,0xf1,0x99,0x25,0x40,0x05,0xc3,0x05,0x16,0x89,0x8f,
    0xe1,0x02,0x8b,0xc4,0xc7,0x70,0x81,0x45,0xe2,0x63,0xc3,0x20,0x1f,0x1b,0x06,0xf9,0x58,0x20,0xc0,0xc7,0x08,0x42,0x3e,0x26,
    0x04,0xf0,0x19,0x31,0x30,0x00,0x10,0x04,0x03,0x69,0xdd,0xf4,0x2c,0x18,0x31,0x38,0x00,0x10,0x04,0x03,0xe6,0xdd,0xfa,0x2c,
    0x88,0x2f,0x53,0x02,0xfa,0x98,0x22,0xd0,0xc7,0x94,0x81,0x3e,0x56,0x84,0x81,0x7c,0x2c,0x18,0x03,0xf8,0x58,0x70,0xc8,0xc7,
    0x02,0x33,0x80,0xcf,0x88,0xc1,0x01,0x80,0x20,0x18,0x30,0xf7,0x56,0x6a,0x41,0x7e,0xd9,0x7d,0x05,0xf4,0x19,0x8e,0xc8,0x85,
    0xfb,0x12,0xbe,0xe1,0x08,0x46,0x17,0x84,0xaf,0x84,0x40,0xa7,0x1b,0xf4,0x8b,0x08,0x86,0x23,0xd8,0x21,0xc4,0x84,0x6f,0x96,
    0xe1,0x14,0x50,0x21,0x18,0x31,0x58,0x00,0x10,0x04,0x03,0x88,0xdf,0x5a,0x2d,0x1c,0xc0,0xe1,0x17,0xc2,0x01,0x1c,0x7e,0x61,
    0xc4,0xc0,0x00,0x40,0x10,0x0c,0x24,0x7e,0x63,0xb5,0xc0,0x82,0x71,0x90,0x8f,0x09,0xe3,0x20,0x1f,0x1b,0xc6,0x41,0x3e,0x66,
    0x62,0x53,0x7c,0xec,0xc4,0xa6,0xf8,0x18,0x8a,0x4d,0xf1,0x19,0x31,0x58,0x00,0x10,0x04,0x03,0x88,0xe4,0x6a,0x6d,0x10,0x02,
    0xa3,0x20,0x2c,0x58,0x83,0xf8,0x58,0x1b,0xb0,0x41,0x7c,0x46,0x0c,0x0e,0x00,0x04,0xc1,0x80,0x49,0xb9,0x5b,0x0b,0x56,0xcc,
    0x86,0x80,0x3e,0x23,0x06,0x07,0x00,0x82,0x60,0xc0,0xac,0x5c,0xae,0x05,0x29,0x36,0x62,0x70,0x00,0x20,0x08,0x06,0x0c,0xcb,
    0xdd,0x5a,0xb0,0x62,0x23,0x06,0x06,0x00,0x82,0x60,0x20,0xa9,0x9c,0xab,0x05,0x16,0xec,0x81,0x7c,0x46,0x0c,0x0c,0x00,0x04,
    0xc1,0x40,0x62,0xb9,0x57,0x0b,0x86,0x23,0x14,0x3a,0x28,0xbe,0xe9,0x86,0x17,0x13,0x82,0xe1,0x08,0xe6,0x0e,0x84,0x6f,0xba,
    0x41,0xc6,0x84,0xc0,0x02,0x4c,0x3e,0xb3,0x04,0xa8,0x30,0xd0,0x31,0xa0,0x43,0x29,0xa8,0xc2,0x29,0xa8,0x82,0x29,0x0c,0x74,
    0x0c,0xe6,0x50,0x0a,0xaa,0x70,0x0a,0xaa,0x60,0x0a,0x03,0x1d,0x03,0x39,0x94,0x82,0x2a,0x9c,0x82,0x2a,0x98,0xc2,0x40,0xc7,
    0xe0,0xc6,0x41,0x29,0x20,0xa7,0x80,0x07,0xa6,0x30,0x62,0xb0,0x00,0x20,0x08,0x06,0xd0,0xcd,0xa1,0x1b,0x31,0x08,0xc4,0x20,
    0x8c,0x18,0x18,0x00,0x08,0x82,0x81,0x74,0x73,0xe7,0x16,0x58,0x60,0xc8,0xc7,0x04,0x43,0x3e,0x36,0x18,0xf2,0x19,0x31,0x58,
    0x00,0x10,0x04,0x03,0x88,0xe7,0xda,0xed,0x3f,0xfc,0xa3,0x3f,0x06,0x21,0x18,0x31,0x38,0x00,0x10,0x04,0x03,0xe6,0xe7,0xda,
    0x2d,0xe8,0x31,0x43,0x7c,0x41,0x3e,0x96,0xf8,0x82,0x7c,0x4c,0xf1,0x05,0xf9,0xd8,0x10,0x17,0xf0,0xb1,0x21,0x2e,0xe0,0x63,
    0x43,0x5c,0xc0,0xc7,0x0e,0x47,0x3e,0x16,0xf4,0x83,0x7c,0x4c,0xe8,0x07,0xf9,0xd8,0xd0,0x0f,0xf2,0xb1,0xa1,0x2e,0xe0,0x63,
    0x43,0x5d,0xc0,0xc7,0x86,0xba,0x80,0xcf,0x70,0x84,0xb3,0x66,0xc2,0x37,0x1c,0x91,0x1a,0x6c,0x26,0x7c,0x15,0x08,0x3a,0xcb,
    0x90,0x0a,0xad,0x10,0x8c,0x18,0x1c,0x00,0x08,0x82,0xc1,0xc5,0x76,0x21,0xd7,0x66,0xf1,0x36,0x9a,0x10,0x00,0xc3,0x11,0x81,
    0x9c,0x09,0xdf,0x2c,0x83,0x2a,0xac,0x42,0x30,0x62,0xb0,0x00,0x20,0x08,0x06,0x50,0xdc,0x89,0x5c,0xae,0xe0,0xca,0xad,0xe4,
    0x0a,0xae,0xdc,0xca,0x88,0x81,0x01,0x80,0x20,0x18,0x48,0x71,0x17,0x72,0x81,0x05,0xbb,0x22,0x1f,0x13,0x76,0x45,0x3e,0x36,
    0xec,0x8a,0x7c,0x6c,0x0c,0x86,0xf8,0xd8,0x18,0x0c,0xf1,0xb1,0x31,0x18,0xe2,0x33,0x4b,0xc0,0x0a,0x46,0x06,0xa1,0x06,0x9f,
    0x59,0x02,0x56,0x18,0xa8,0x18,0x10,0x55,0x70,0x85,0x55,0x18,0xa8,0x18,0x10,0x55,0x70,0x85,0x55,0x18,0xa8,0x18,0x10,0x55,
    0x30,0x56,0x61,0xc4,0x60,0x01,0x40,0x10,0x0c,0xa0,0xbe,0x73,0xb9,0x41,0x08,0x06,0x21,0x18,0x31,0x30,0x00,0x10,0x04,0x03,
    0xa9,0xef,0x5a,0x2e,0xb0,0xa0,0x90,0x8f,0x09,0x85,0x7c,0x6c,0x28,0xe4,0x33,0x62,0xb0,0x00,0x20,0x08,0x06,0x90,0xe8,0xcd,
    0x5c,0x99,0x90,0xc9,0x98,0x0c,0x42,0x30,0x62,0x70,0x00,0x20,0x08,0x06,0x4c,0xe9,0xcd,0x5c,0x30,0x6a,0x23,0x06,0x06,0x00,
    0x82,0x60,0x20,0x8d,0xde,0xc9,0x05,0x16,0x88,0x87,0x7c,0x46,0x0c,0x0c,0x00,0x04,0xc1,0x40,0x2a,0x3d,0x94,0x0b,0x2c,0x88,
    0x03,0xf9,0x58,0x40,0x13,0xf2,0x31,0x81,0x26,0xe4,0x63,0x03,0x4d,0xc8,0xc7,0x86,0xda,0x80,0x8f,0x0d,0xb5,0x01,0x1f,0x1b,
    0x6a,0x03,0x3e,0xb3,0x04,0xad,0x30,0x50,0x31,0x18,0xac,0x00,0x37,0xa8,0x30,0x50,0x31,0x18,0xac,0x00,0x37,0xa8,0x30,0x50,
    0x31,0x18,0xac,0x00,0x37,0xa8,0x60,0xb8,0xc1,0x7a,0x30,0x18,0x6e,0x08,0x56,0x0f,0x0d,0x66,0x19,0xd8,0xc0,0x15,0x82,0x81,
    0x8a,0xc1,0x74,0xd8,0x80,0x1c,0x5a,0x61,0xa0,0x62,0x30,0x1d,0x36,0x20,0x87,0x56,0x18,0xa8,0x18,0x4c,0x87,0x0d,0xc8,0xa1,
    0x15,0x06,0x2a,0x06,0xd3,0x61,0x03,0x5e,0x68,0x85,0x81,0x8a,0xc1,0x74,0xd8,0x80,0x17,0x5a,0x61,0xa0,0x62,0x30,0x1d,0x36,
    0xe0,0x85,0x56,0x18,0xa8,0x18,0x4c,0x87,0x0d,0xac,0x56,0x18,0xa8,0x18,0x4c,0x87,0x0d,0xac,0x56,0x18,0xa8,0x18,0x4c,0x87,
    0x0d,0xac,0x56,0x30,0x63,0x4d,0xe4,0x63,0xc6,0x9a,0xc8,0xc7,0x8c,0x35,0x91,0x8f,0x31,0xf2,0x01,0x1f,0x0b,0x7e,0x44,0x3e,
    0x16,0x88,0x08,0x7c,0x2c,0x30,0xe0,0x63,0x4f,0x7d,0xc0,0xc7,0x02,0x31,0x91,0x8f,0x05,0x25,0x02,0x1f,0x0b,0x12,0xf8,0x98,
    0x84,0x1f,0xf0,0xb1,0xa0,0x4c,0xe4,0x63,0x01,0x8a,0xc0,0xc7,0x02,0x06,0x3e,0x26,0xed,0x88,0x7c,0x4c,0xda,0x11,0xf9,0x98,
    0xb4,0x23,0xf2,0x99,0x25,0x78,0x85,0x81,0x8a,0x01,0x73,0x05,0x7d,0x52,0x83,0x81,0x8a,0x41,0x72,0x05,0x7d,0x52,0x83,0x81,
    0x8a,0x81,0x71,0x05,0x7d,0x52,0x83,0x81,0x8a,0x81,0x71,0x05,0xb7,0x0e,0xd4,0x60,0xa0,0x62,0x60,0x5c,0xc1,0xad,0x03,0x35,
    0x18,0xa8,0x18,0x18,0x57,0x70,0xeb,0x40,0x0d,0x66,0x19,0x60,0x41,0x16,0x5a,0x64,0xc4,0xe0,0x00,0x40,0x10,0x0c,0x18,0xfb,
    0x23,0x3d,0x83,0xde,0x46,0x0c,0x0e,0x00,0x04,0xc1,0x80,0xb9,0xbf,0xd2,0x33,0xea,0x6d,0xc4,0xe0,0x00,0x40,0x10,0x0c,0x18,
    0xfc,0x33,0x3d,0xc3,0xde,0x46,0x0c,0x0e,0x00,0x04,0xc1,0x80,0xc9,0x3f,0xd2,0x1b,0xf0,0x6d,0xc4,0xe0,0x00,0x40,0x10,0x0c,
    0x18,0xfd,0x2b,0xbd,0x21,0xdf,0x46,0x0c,0x0e,0x00,0x04,0xc1,0x80,0xd9,0x3f,0xd3,0x1b,0xf4,0x6d,0x96,0x21,0x16,0x64,0x01,
    0x46,0x46,0x0c,0x0e,0x00,0x04,0xc1,0x80,0xe1,0x3f,0xd5,0x4b,0xf4,0x6d,0xc4,0xe0,0x00,0x40,0x10,0x0c,0x98,0xfe,0x5b,0xbd,
    0x64,0xdf,0x46,0x0c,0x0e,0x00,0x04,0xc1,0x80,0xf1,0x3f,0xd6,0x4b,0xf8,0x6d,0xc4,0xe0,0x00,0x40,0x10,0x0c,0x98,0xff,0x53,
    0xbd,0xc1,0xdf,0x46,0x0c,0x0e,0x00,0x04,0xc1,0x80,0x01,0xc1,0x60,0xf5,0x86,0x7f,0x1b,0x31,0x38,0x00,0x10,0x04,0x03,0x26,
    0x04,0x03,0xd6,0x1b,0x40,0x6e,0x96,0x40,0x16,0x06,0x3a,0x06,0x09,0x16,0xa4,0x58,0x20,0xed,0xe0,0x15,0x06,0x3a,0x06,0x09,
    0x16,0xa4,0x58,0x20,0xed,0xe0,0x15,0x06,0x3a,0x06,0x09,0x16,0xa4,0x58,0x20,0xed,0xe0,0x15,0x06,0x3a,0x06,0x9f,0x82,0x05,
    0x9f,0x8a,0x05,0xd2,0x0e,0x5e,0x61,0xa0,0x63,0xa0,0xed,0x00,0x16,0x9c,0x58,0xa0,0xed,0xe0,0x15,0x06,0x3a,0x06,0xda,0x0e,
    0x60,0xc1,0x89,0x05,0xda,0x0e,0x5e,0x61,0xa0,0x63,0xa0,0xed,0x00,0x16,0x9c,0x58,0xa0,0xed,0xe0,0x15,0x46,0x0c,0x0e,0x00,
    0x04,0xc1,0xe0,0x2a,0xc1,0x40,0xf7,0x4c,0x6e,0xed,0x46,0x13,0x02,0xe0,0x02,0x82,0x46,0x0c,0x0e,0x00,0x04,0xc1,0xe0,0x42,
    0xc1,0xa0,0xf7,0x52,0xae,0xed,0x46,0x13,0x02,0xe0,0x02,0x82,0x46,0x0c,0x0e,0x00,0x04,0xc1,0xe0,0x5a,0xc1,0x00,0xfc,0x58,
    0xee,0xed,0x46,0x13,0x02,0xe0,0x02,0x82,0x46,0x0c,0x0e,0x00,0x04,0xc1,0xe0,0x72,0xc1,0x60,0xfc,0x5e,0x2e,0xee,0x46,0x13,
    0x02,0xe0,0x02,0x82,0x46,0x0c,0x0e,0x00,0x04,0xc1,0xe0,0x8a,0xc1,0xc0,0xfc,0x64,0x6e,0xee,0x46,0x13,0x02,0xe0,0x02,0x82,
    0x46,0x0c,0x0e,0x00,0x04,0xc1,0xe0,0xa2,0xc1,0x20,0xfd,0x6a,0xae,0xee,0x46,0x13,0x02,0xe0,0x02,0x82,0x46,0x0c,0x0e,0x00,
    0x04,0xc1,0xe0,0xba,0xc1,0x80,0xfd,0x70,0xee,0xee,0x46,0x13,0x02,0xe0,0x02,0x82,0x46,0x0c,0x0e,0x00,0x04,0xc1,0xe0,0xd2,
    0xc1,0xe0,0xfd,0x76,0x2e,0xef,0x46,0x13,0x02,0xe0,0x02,0x82,0xca,0x9a,0xc1,0x40,0xeb,0x5a,0x3f,0x1d,0x6e,0x08,0xd6,0x0f,
    0x0c,0x66,0x19,0x7e,0x61,0x16,0x82,0xe1,0x06,0x61,0xfd,0xc0,0x60,0x96,0xe1,0x17,0x68,0x21,0x18,0x6e,0x18,0xd6,0x0f,0x0c,
    0x66,0x19,0x6a,0xc1,0x16,0x82,0x11,0x83,0x05,0x00,0x41,0x30,0x80,0xc8,0x30,0xa8,0x3f,0xd6,0x59,0x1d,0xd5,0x61,0x9d,0xd5,
    0x51,0x9d,0x11,0x03,0x03,0x00,0x41,0x30,0x90,0xc8,0x30,0xa0,0xbf,0xc0,0x02,0xd7,0x91,0x8f,0x09,0xae,0x23,0x1f,0x1b,0x5c,
    0x47,0x3e,0x23,0x06,0x0b,0x00,0x82,0x60,0x00,0xa5,0x61,0xa0,0x7f,0x83,0x10,0xb0,0xcc,0xca,0xa8,0x8c,0x05,0x6d,0x27,0x1f,
    0x0b,0x5c,0x46,0x3e,0x26,0xb8,0x8c,0x7c,0x6c,0x70,0x19,0xf9,0x18,0x32,0xc4,0xc7,0x90,0x21,0x3e,0x86,0x0c,0xf1,0x99,0x25,
    0xf8,0x85,0xe1,0x86,0x08,0xff,0xc0,0x60,0x96,0xe1,0x16,0x70,0x21,0x18,0x31,0x58,0x00,0x10,0x04,0x03,0x48,0x0e,0x83,0x11,
    0x0c,0x74,0x27,0x77,0x70,0x47,0x77,0x72,0x07,0x77,0x46,0x0c,0x0c,0x00,0x04,0xc1,0x40,0x92,0xc3,0x40,0x04,0x83,0xc0,0x02,
    0xde,0x91,0x8f,0x09,0xbc,0x23,0x1f,0x1b,0x78,0x47,0x3e,0x23,0x06,0x0b,0x00,0x82,0x60,0x00,0xdd,0x61,0x80,0x82,0xc1,0x20,
    0x04,0x3a,0x93,0x33,0x38,0x63,0xc1,0xde,0xc9,0xc7,0x02,0x9e,0x91,0x8f,0x09,0x3c,0x23,0x1f,0x1b,0x78,0x46,0x3e,0x86,0x0c,
    0xf1,0x31,0x64,0x88,0x8f,0x21,0x43,0x7c,0x2c,0x00,0x3d,0xf8,0x18,0x41,0xc8,0xc7,0x08,0x42,0x3e,0x26,0x04,0xf0,0x31,0x82,
    0x90,0x8f,0x09,0x01,0x7c,0x46,0x0c,0x0c,0x00,0x04,0xc1,0x40,0x22,0xc5,0x60,0x06,0x83,0xc0,0x82,0xd4,0x93,0xcf,0x88,0xc1,
    0x01,0x80,0x20,0x18,0x30,0xa9,0x18,0xdc,0x60,0x10,0xac,0x9e,0x31,0x01,0x7d,0x8c,0x11,0xe8,0x63,0x02,0xeb,0xc1,0xc7,0x84,
    0xd6,0x83,0xcf,0x2c,0xc1,0x2f,0x0c,0x37,0xb4,0xc1,0x29,0x06,0x60,0x30,0xcb,0xf0,0x0b,0xb9,0x10,0x0c,0x37,0xb8,0x01,0x28,
    0x06,0x60,0x30,0xcb,0xf0,0x0b,0xba,0x10,0x0c,0x37,0xbc,0xc1,0x28,0x06,0x60,0x30,0xcb,0xf0,0x0b,0xbb,0x10,0x0c,0x37,0xc0,
    0x41,0x28,0x06,0x60,0x30,0xcb,0xf0,0x0b,0xbc,0x10,0x0c,0x37,0xc4,0x01,0x28,0x06,0x60,0x30,0xcb,0xf0,0x0b,0xbd,0x10,0x0c,
    0x37,0xc8,0x41,0x2a,0x06,0x60,0x30,0xcb,0xf0,0x0b,0xbe,0x10,0x0c,0x37,0xcc,0x81,0x29,0x06,0x60,0x30,0xdd,0x00,0x7b,0xa2,
    0x17,0x4c,0x37,0xc0,0x9e,0xe8,0x09,0xb3,0x04,0xbf,0x30,0xd0,0x35,0xb8,0x42,0x2d,0x58,0xb7,0x00,0x6f,0xb2,0xa0,0x7f,0xb3,
    0xc0,0xf2,0x01,0x2e,0xc0,0x7c,0x90,0x0b,0x34,0x1f,0xe8,0x02,0xce,0x07,0xbb,0xc0,0xf3,0x01,0x2f,0x80,0x7d,0xd0,0x0b,0x84,
    0x2f,0x0c,0x74,0x0d,0xae,0x50,0x0b,0xd6,0x2d,0xc0,0x9b,0x2c,0xe8,0xdf,0x2c,0xb0,0x7c,0x80,0x0b,0x30,0x1f,0xe4,0x02,0xcd,
    0x07,0xba,0x80,0xf3,0xc1,0x2e,0xf0,0x7c,0xc0,0x0b,0x60,0x1f,0xf4,0x02,0xe1,0x0b,0x03,0x5d,0x83,0x2b,0xd4,0x82,0xdb,0x07,
    0xb7,0x00,0x6f,0xb2,0xa0,0x7f,0xb3,0xe0,0xf6,0x01,0x2e,0xb8,0x7d,0x90,0x0b,0x6e,0x1f,0xe8,0x82,0xdb,0x07,0xbb,0xe0,0xf6,
    0x01,0x2f,0xb8,0x7d,0xd0,0x0b,0x6e,0x1f,0xf8,0xc2,0x68,0x42,0x2c,0x04,0x17,0x10,0x34,0xdc,0x10,0xd0,0x62,0x00,0x06,0xb3,
    0x0c,0xe8,0x00,0x0e,0x41,0x09,0x61,0x18,0xa8,0x05,0x68,0x18,0x80,0x60,0xb8,0x21,0x78,0xc5,0x80,0x0c,0x66,0x19,0xc2,0x41,
    0x1c,0x82,0x11,0x83,0x03,0x00,0x41,0x30,0xb8,0x78,0x31,0x88,0xc3,0xa0,0xf7,0xd6,0x30,0x18,0x4d,0x08,0x80,0xd1,0x04,0x21,
    0x18,0x4d,0x18,0x84,0xd1,0x04,0x62,0x18,0x31,0x38,0x00,0x10,0x04,0x83,0x2b,0x1c,0x03,0x3b,0x0c,0xc4,0xef,0xff,0x46,0x13,
    0x02,0x60,0x34,0x41,0x08,0x46,0x13,0x06,0x61,0x34,0x81,0x18,0x46,0x0c,0x0e,0x00,0x04,0xc1,0xe0,0x32,0xc7,0x60,0x0f,0x83,
    0xf3,0x1b,0xc1,0x60,0x34,0x21,0x00,0x46,0x13,0x84,0x60,0x34,0x61,0x10,0x46,0x13,0x88,0x61,0xc4,0xe0,0x00,0x40,0x10,0x0c,
    0xae,0x75,0x0c,0x40,0x31,0x60,0xbf,0x13,0x0c,0x46,0x13,0x02,0x60,0x34,0x41,0x08,0x46,0x13,0x06,0x61,0x34,0x81,0x18,0x6c,
    0xea,0xe4,0x33,0x62,0x80,0x00,0x20,0x08,0x06,0x19,0x3c,0x06,0xa7,0x18,0x3c,0x5d,0x30,0x62,0x80,0x00,0x20,0x08,0x06,0x59,
    0x3c,0x06,0xa8,0x18,0x2c,0x5d,0x60,0xc1,0x01,0x1d,0xb3,0xc2,0x40,0x3e,0x23,0x06,0x08,0x00,0x82,0x60,0x90,0xd1,0x63,0xb0,
    0x8a,0x81,0x14,0x06,0xc1,0x88,0x01,0x02,0x80,0x20,0x18,0x64,0xf5,0x18,0xb0,0x62,0xe0,0x84,0x41,0x60,0x81,0x02,0x1d,0xcb,
    0xca,0x40,0x3e,0x23,0x06,0x08,0x00,0x82,0x60,0x90,0xe1,0x63,0xf0,0x8a,0x41,0x55,0x06,0xc1,0x88,0x01,0x02,0x80,0x20,0x18,
    0x64,0xf9,0x18,0xc0,0x62,0x10,0x95,0x41,0x60,0x41,0x03,0x1d,0xe3,0xd2,0x40,0x3e,0x23,0x06,0x08,0x00,0x82,0x60,0x90,0xf1,
    0x63,0x30,0x8b,0x01,0x96,0x06,0xc1,0x88,0x01,0x02,0x80,0x20,0x18,0x64,0xfd,0x18,0xd0,0x62,0x40,0xa5,0x41,0x60,0x01,0x04,
    0x9d,0x59,0x02,0x71,0x18,0xa8,0x18,0xb4,0x70,0xd0,0x05,0x70,0x18,0xa8,0x18,0xa8,0x70,0xd0,0x05,0x70,0x18,0xa8,0x18,0x9c,
    0x70,0xd0,0x05,0x70,0x18,0xa8,0x18,0x90,0x70,0x60,0x41,0x01,0x1c,0xaa,0x0d,0x56,0x31,0xd0,0xe1,0x86,0x20,0x24,0x03,0x30,
    0x98,0x65,0x30,0x87,0x71,0x08,0x86,0x1b,0xda,0x60,0x24,0x03,0x30,0x98,0x65,0x30,0x07,0x72,0x08,0x86,0x1b,0xdc,0x80,0x1f,
    0x03,0x30,0x98,0x65,0x30,0x87,0x72,0x08,0x86,0x1b,0xde,0xe0,0x1f,0x03,0x30,0x98,0x6e,0x38,0x8c,0x60,0x96,0xc0,0x1c,0x06,
    0x4a,0x06,0x47,0x1c,0x84,0x72,0xa0,0xc6,0x41,0x22,0x87,0xe1,0x86,0x38,0x10,0xc9,0x80,0x0c,0x66,0x19,0xce,0x01,0x1d,0x82,
    0xe1,0x86,0x39,0x08,0xc9,0x80,0x0c,0xa6,0x1b,0x5e,0x30,0x60,0x82,0xe1,0x86,0x3a,0x28,0xc9,0x80,0x0c,0xa6,0x1b,0x62,0x30,
    0x68,0x82,0xe9,0x06,0x19,0x0c,0x8c,0x65,0x96,0x00,0x1d,0x06,0x3a,0x06,0x7e,0xf8,0x05,0x31,0x30,0x07,0x31,0x38,0x87,0x81,
    0x8e,0x81,0x1f,0x7e,0x41,0x0c,0xcc,0x41,0x39,0x87,0x81,0x8e,0x81,0x1f,0x7e,0x41,0x0c,0xcc,0x01,0x39,0x87,0x81,0x8e,0xc1,
    0x0d,0x85,0x5f,0xa0,0xcc,0x01,0x39,0x87,0x5a,0x89,0x95,0x0c,0xb4,0x58,0x62,0x1c,0x03,0x1d,0x6e,0x08,0xc6,0x31,0x00,0x83,
    0x59,0x86,0x7a,0x48,0x87,0x60,0xb8,0x41,0x18,0xc7,0x00,0x0c,0x66,0x19,0xea,0x41,0x1d,0x82,0xe1,0x86,0x61,0x1c,0x03,0x30,
    0x98,0x65,0x58,0x07,0x76,0x08,0x46,0x0c,0x16,0x00,0x04,0xc1,0x00,0xe2,0xc9,0xa0,0x1d,0x03,0x52,0x1a,0x25,0x51,0x22,0xa5,
    0x51,0x12,0xa5,0x11,0x03,0x03,0x00,0x41,0x30,0x90,0x78,0x32,0x60,0xc7,0x20,0xb0,0xc0,0x94,0xe4,0x63,0x82,0x29,0xc9,0xc7,
    0x06,0x53,0x92,0xcf,0x88,0xc1,0x02,0x80,0x20,0x18,0x40,0x61,0x19,0xc8,0x63,0x30,0x08,0x01,0x09,0x8d,0x90,0x08,0x59,0x50,
    0x86,0x81,0x7c,0x2c,0x30,0x21,0xf9,0x98,0x60,0x42,0xf2,0xb1,0xc1,0x84,0xe4,0x63,0xc8,0x10,0x1f,0x43,0x86,0xf8,0x18,0x32,
    0xc4,0x67,0x96,0xa0,0x1e,0x86,0x1b,0x22,0x78,0x0c,0xc0,0x60,0x96,0xa1,0x1d,0xdc,0x21,0x18,0x31,0x58,0x00,0x10,0x04,0x03,
    0x48,0x2d,0x83,0x7d,0x0c,0x64,0x29,0x96,0x60,0x49,0x96,0x62,0x09,0x96,0x46,0x0c,0x0c,0x00,0x04,0xc1,0x40,0x52,0xcb,0x40,
    0x1f,0x83,0xc0,0x02,0x5a,0x92,0x8f,0x09,0xb4,0x24,0x1f,0x1b,0x68,0x49,0x3e,0x23,0x06,0x0b,0x00,0x82,0x60,0x00,0xbd,0x65,
    0x00,0x92,0xc1,0x20,0x04,0x32,0x14,0x43,0x30,0x64,0xc1,0x1c,0x06,0xf2,0xb1,0x80,0x86,0xe4,0x63,0x02,0x0d,0xc9,0xc7,0x06,
    0x1a,0x92,0x8f,0x21,0x43,0x7c,0x0c,0x19,0xe2,0x63,0xc8,0x10,0x1f,0x0b,0xf0,0x30,0x80,0x8f,0x11,0x84,0x7c,0x8c,0x20,0xe4,
    0x63,0x42,0x00,0x1f,0x23,0x08,0xf9,0x98,0x10,0xc0,0x67,0xc4,0xc0,0x00,0x40,0x10,0x0c,0x24,0xbe,0x0c,0x56,0x32,0x08,0x2c,
    0x08,0xc5,0x40,0x3e,0x23,0x06,0x07,0x00,0x82,0x60,0xc0,0x84,0x66,0xf0,0x92,0x41,0x30,0x8a,0x81,0x31,0x01,0x7d,0x8c,0x11,
    0xe8,0x63,0x02,0x29,0x06,0xf0,0x31,0xa1,0x14,0x03,0xf8,0xcc,0x12,0xd4,0xc3,0x70,0x43,0x1b,0xfc,0x65,0x00,0x06,0xb3,0x0c,
    0xf5,0xf0,0x0e,0xc1,0x70,0x83,0x1b,0xe0,0x65,0x00,0x06,0xb3,0x0c,0xf5,0x00,0x0f,0xc1,0x70,0xc3,0x1b,0xec,0x65,0x00,0x06,
    0xb3,0x0c,0xf5,0x10,0x0f,0xc1,0x70,0x03,0x1c,0xe4,0x65,0x00,0x06,0xb3,0x0c,0xf5,0x20,0x0f,0xc1,0x70,0x43,0x1c,0xe0,0x65,
    0x00,0x06,0xb3,0x0c,0xf5,0x30,0x0f,0xc1,0x70,0x83,0x1c,0x84,0x66,0x00,0x06,0xb3,0x0c,0xf5,0x40,0x0f,0xc1,0x70,0xc3,0x1c,
    0xf8,0x65,0x00,0x06,0xd3,0x0d,0xa8,0x18,0xe8,0x61,0x10,0x4c,0x37,0xa0,0x62,0xa0,0x87,0x81,0x30,0x4b,0x50,0x0f,0x03,0x5d,
    0x83,0x2b,0xac,0x83,0xd5,0x0e,0xe0,0x18,0xa0,0x83,0x7a,0x06,0xe9,0xc0,0x8f,0x82,0x3b,0x80,0xa4,0xf0,0x0e,0x24,0x29,0xc0,
    0x03,0x4a,0x0a,0xf1,0xc0,0x92,0x82,0x3c,0xc0,0xa4,0x30,0x0f,0x04,0x3d,0x0c,0x74,0x0d,0xae,0xb0,0x0e,0x56,0x3b,0x80,0x63,
    0x80,0x0e,0xea,0x19,0xa4,0x03,0x3f,0x0a,0xee,0x00,0x92,0xc2,0x3b,0x90,0xa4,0x00,0x0f,0x28,0x29,0xc4,0x03,0x4b,0x0a,0xf2,
    0x00,0x93,0xc2,0x3c,0x10,0xf4,0x30,0xd0,0x35,0xb8,0xc2,0x3a,0xf8,0xa4,0xd0,0x0e,0xe0,0x18,0xa0,0x83,0x7a,0x06,0xe9,0xe0,
    0x93,0x82,0x3b,0xf8,0xa4,0xf0,0x0e,0x3e,0x29,0xc0,0x83,0x4f,0x0a,0xf1,0xe0,0x93,0x82,0x3c,0xf8,0xa4,0x30,0x0f,0x3e,0x29,
    0xd0,0xc3,0x68,0x82,0x69,0x04,0x17,0x10,0x34,0xdc,0x10,0xb0,0x66,0x00,0x06,0xb3,0x0c,0xfe,0x60,0x0f,0x41,0x09,0x39,0x19,
    0xa8,0x05,0x60,0x19,0x80,0x60,0xb8,0x21,0x38,0xcd,0x80,0x0c,0x66,0x19,0xee,0x01,0x1f,0x82,0x11,0x83,0x03,0x00,0x41,0x30,
    0xb8,0x68,0x33,0x48,0xcb,0xa0,0x16,0x83,0x77,0x0c,0x46,0x13,0x02,0x60,0x34,0x41,0x08,0x46,0x13,0x06,0x61,0x34,0x81,0x18,
    0x46,0x0c,0x0e,0x00,0x04,0xc1,0xe0,0xca,0xcd,0xc0,0x2d,0x03,0x5d,0x0c,0xe6,0x31,0x18,0x4d,0x08,0x80,0xd1,0x04,0x21,0x18,
    0x4d,0x18,0x84,0xd1,0x04,0x62,0x18,0x31,0x38,0x00,0x10,0x04,0x83,0xcb,0x37,0x83,0xb9,0x0c,0x7e,0x31,0xb8,0xc7,0x60,0x34,
    0x21,0x00,0x46,0x13,0x84,0x60,0x34,0x61,0x10,0x46,0x13,0x88,0x61,0xc4,0xe0,0x00,0x40,0x10,0x0c,0xae,0xf1,0x0c,0xf0,0x32,
    0x20,0xc7,0x60,0x1f,0x83,0xd1,0x84,0x00,0x18,0x4d,0x10,0x82,0xd1,0x84,0x41,0x18,0x4d,0x20,0x06,0x9b,0x3a,0xf9,0x8c,0x18,
    0x20,0x00,0x08,0x82,0x41,0x86,0x9e,0xc1,0x5f,0x06,0x4f,0x17,0x8c,0x18,0x20,0x00,0x08,0x82,0x41,0x96,0x9e,0x01,0x68,0x06,
    0x4b,0x17,0x58,0x70,0x40,0xc7,0xac,0x30,0x90,0xcf,0x88,0x01,0x02,0x80,0x20,0x18,0x64,0xec,0x19,0x8c,0x66,0x20,0x85,0x41,
    0x30,0x62,0x80,0x00,0x20,0x08,0x06,0x59,0x7b,0x06,0xa4,0x19,0x38,0x61,0x10,0x58,0xa0,0x40,0xc7,0xb2,0x32,0x90,0xcf,0x88,
    0x01,0x02,0x80,0x20,0x18,0x64,0xf0,0x19,0x9c,0x66,0x50,0x95,0x41,0x30,0x62,0x80,0x00,0x20,0x08,0x06,0x59,0x7c,0x06,0xa8,
    0x19,0x44,0x65,0x10,0x58,0xd0,0x40,0xc7,0xb8,0x34,0x90,0xcf,0x88,0x01,0x02,0x80,0x20,0x18,0x64,0xf4,0x19,0xac,0x66,0x80,
    0xa5,0x41,0x30,0x62,0x80,0x00,0x20,0x08,0x06,0x59,0x7d,0x06,0xac,0x19,0x50,0x69,0x10,0x58,0x00,0x41,0x67,0x96,0x00,0x1f,
    0x06,0x2a,0x06,0xed,0x1e,0x74,0xc1,0x1e,0x06,0x2a,0x06,0xea,0x1e,0x74,0xc1,0x1e,0x06,0x2a,0x06,0xe7,0x1e,0x74,0xc1,0x1e,
    0x06,0x2a,0x06,0xe4,0x1e,0xf8,0x53,0xb0,0x87,0x6a,0x83,0xd1,0x0c,0x74,0xb8,0x21,0xc8,0xcf,0x00,0x0c,0x66,0x19,0xf8,0x21,
    0x1f,0x82,0xe1,0x86,0x36,0xd8,0xcf,0x00,0x0c,0x66,0x19,0xf8,0x41,0x1f,0x82,0xe1,0x06,0x37,0xa0,0xcf,0x00,0x0c,0x66,0x19,
    0xf8,0x61,0x1f,0x82,0xe1,0x86,0x37,0xb8,0xcf,0x00,0x0c,0xa6,0x1b,0x0e,0x23,0x98,0x25,0xe0,0x87,0x81,0x92,0xc1,0xc1,0x07,
    0x61,0x1f,0xa8,0x7c,0x90,0xf4,0x61,0xb8,0x21,0x0e,0xf4,0x33,0x20,0x83,0x59,0x86,0x7e,0xf0,0x87,0x60,0xb8,0x61,0x0e,0xf2,
    0x33,0x20,0x83,0xe9,0x86,0x93,0x0c,0x98,0x60,0xb8,0xa1,0x0e,0xfa,0x33,0x20,0x83,0xe9,0x86,0x94,0x0c,0x9a,0x60,0xba,0x41,
    0x25,0x03,0x63,0x99,0x25,0xf0,0x87,0x81,0x8e,0x81,0x1f,0xea,0x41,0x0c,0xf8,0x41,0x0c,0xfa,0x61,0xa0,0x63,0xe0,0x87,0x7a,
    0x10,0x03,0x7e,0x50,0xfa,0x61,0xa0,0x63,0xe0,0x87,0x7a,0x10,0x03,0x7e,0x40,0xfa,0x61,0xa0,0x63,0xf0,0x51,0xa1,0x1e,0x28,
    0x7e,0x40,0xfa,0xa1,0x40,0x64,0x44,0x03,0xad,0x10,0xd9,0xcd,0x40,0x87,0x1b,0x82,0xdd,0x0c,0xc0,0x60,0x96,0x61,0x25,0xfe,
    0x21,0x18,0x6e,0x10,0x76,0x33,0x00,0x83,0x59,0x86,0x95,0x00,0x89,0x60,0xb8,0x61,0xd8,0xcd,0x00,0x0c,0x66,0x19,0x42,0x42,
    0x24,0x82,0x11,0x83,0x05,0x00,0x41,0x30,0x80,0x68,0x34,0x28,0xcf,0x80,0xaf,0xf6,0x4a,0xaf,0xf8,0x6a,0xaf,0xf4,0x6a,0xc4,
    0xc0,0x00,0x40,0x10,0x0c,0x24,0x1a,0x0d,0xc8,0x33,0x08,0x2c,0xf0,0x2b,0xf9,0x98,0xe0,0x57,0xf2,0xb1,0xc1,0xaf,0xe4,0x33,
    0x62,0xb0,0x00,0x20,0x08,0x06,0x50,0x8e,0x06,0xea,0x19,0x0c,0x42,0xc0,0x4f,0xfb,0xa4,0x4f,0x16,0xf4,0x64,0x20,0x1f,0x0b,
    0xfc,0x49,0x3e,0x26,0xf8,0x93,0x7c,0x6c,0xf0,0x27,0xf9,0x18,0x32,0xc4,0xc7,0x90,0x21,0x3e,0x86,0x0c,0xf1,0x99,0x25,0x58,
    0x89,0xe1,0x86,0x08,0x3d,0x03,0x30,0x98,0x65,0x18,0x09,0x92,0x08,0x46,0x0c,0x16,0x00,0x04,0xc1,0x00,0x12,0xd3,0x60,0x3e,
    0x03,0xd5,0x4a,0x2d,0xd4,0x52,0xad,0xd4,0x42,0xad,0x11,0x03,0x03,0x00,0x41,0x30,0x90,0xc4,0x34,0x90,0xcf,0x20,0xb0,0x80,
    0xb5,0xe4,0x63,0x02,0x6b,0xc9,0xc7,0x06,0xd6,0x92,0xcf,0x88,0xc1,0x02,0x80,0x20,0x18,0x40,0x67,0x1a,0xe0,0x67,0x30,0x08,
    0x81,0x4a,0xa5,0x14,0x4a,0x59,0xb0,0x96,0x81,0x7c,0x2c,0x60,0x29,0xf9,0x98,0xc0,0x52,0xf2,0xb1,0x81,0xa5,0xe4,0x63,0xc8,
    0x10,0x1f,0x43,0x86,0xf8,0x18,0x32,0xc4,0xc7,0x02,0xb8,0x0c,0xe0,0x63,0x04,0x21,0x1f,0x23,0x08,0xf9,0x98,0x10,0xc0,0xc7,
    0x08,0x42,0x3e,0x26,0x04,0xf0,0x19,0x31,0x30,0x00,0x10,0x04,0x03,0x89,0x4e,0x83,0x11,0x0d,0x02,0x0b,0xf2,0x32,0x90,0xcf,
    0x88,0xc1,0x01,0x80,0x20,0x18,0x30,0x79,0x1a,0x9c,0x68,0x10,0xec,0x65,0x60,0x4c,0x40,0x1f,0x63,0x04,0xfa,0x98,0xc0,0x97,
    0x01,0x7c,0x4c,0xe8,0xcb,0x00,0x3e,0xb3,0x04,0x2b,0x31,0xdc,0xd0,0x06,0x77,0x1a,0x80,0xc1,0x2c,0xc3,0x4a,0x94,0x44,0x30,
    0xdc,0xe0,0x06,0x70,0x1a,0x80,0xc1,0x2c,0xc3,0x4a,0x98,0x44,0x30,0xdc,0xf0,0x06,0x73,0x1a,0x80,0xc1,0x2c,0xc3,0x4a,0x9c,
    0x44,0x30,0xdc,0x00,0x07,0x71,0x1a,0x80,0xc1,0x2c,0xc3,0x4a,0xa0,0x44,0x30,0xdc,0x10,0x07,0x70,0x1a,0x80,0xc1,0x2c,0xc3,
    0x4a,0xa4,0x44,0x30,0xdc,0x20,0x07,0x79,0x1a,0x80,0xc1,0x2c,0xc3,0x4a,0xa8,0x44,0x30,0xdc,0x30,0x07,0x76,0x1a,0x80,0xc1,
    0x74,0x03,0x68,0x06,0x72,0x19,0x04,0xd3,0x0d,0xa0,0x19,0xc8,0x65,0x20,0xcc,0x12,0xac,0xc4,0x40,0xd7,0xe0,0x0a,0x21,0x61,
    0x8d,0x04,0xac,0x06,0xfe,0xa0,0xbb,0xc1,0x3f,0xb0,0xab,0x40,0x12,0xf0,0x2a,0x94,0x04,0xbd,0x0a,0x26,0x81,0xaf,0xc2,0x49,
    0xf0,0xab,0x80,0x12,0x20,0x2b,0xa4,0x04,0xa1,0x12,0x03,0x5d,0x83,0x2b,0x84,0x84,0x35,0x12,0xb0,0x1a,0xf8,0x83,0xee,0x06,
    0xff,0xc0,0xae,0x02,0x49,0xc0,0xab,0x50,0x12,0xf4,0x2a,0x98,0x04,0xbe,0x0a,0x27,0xc1,0xaf,0x02,0x4a,0x80,0xac,0x90,0x12,
    0x84,0x4a,0x0c,0x74,0x0d,0xae,0x10,0x12,0x2e,0x2b,0x8c,0x04,0xac,0x06,0xfe,0xa0,0xbb,0xc1,0x3f,0xb8,0xac,0x40,0x12,0x2e,
    0x2b,0x94,0x84,0xcb,0x0a,0x26,0xe1,0xb2,0xc2,0x49,0xb8,0xac,0x80,0x12,0x2e,0x2b,0xa4,0x84,0xcb,0x0a,0x2a,0x31,0x9a,0xb0,
    0x27,0xc1,0x05,0x04,0x0d,0x37,0x04,0xa4,0x1a,0x80,0xc1,0x2c,0x03,0x4d,0xb0,0x44,0x50,0x42,0x8c,0x06,0x6a,0x01,0x8e,0x06,
    0x20,0x18,0x6e,0x08,0xfe,0x34,0x20,0x83,0x59,0x86,0x96,0x70,0x89,0x60,0xc4,0xe0,0x00,0x40,0x10,0x0c,0x2e,0x56,0x0d,0xc2,
    0x34,0x68,0xcd,0x60,0x3c,0x83,0xd1,0x84,0x00,0x18,0x4d,0x10,0x82,0xd1,0x84,0x41,0x18,0x4d,0x20,0x86,0x11,0x83,0x03,0x00,
    0x41,0x30,0xb8,0x62,0x35,0x30,0xd3,0x40,0x36,0x83,0xf3,0x0c,0x46,0x13,0x02,0x60,0x34,0x41,0x08,0x46,0x13,0x06,0x61,0x34,
    0x81,0x18,0x46,0x0c,0x0e,0x00,0x04,0xc1,0xe0,0xb2,0xd5,0x60,0x4d,0x83,0xdb,0x0c,0xd8,0x34,0x18,0x4d,0x08,0x80,0xd1,0x04,
    0x21,0x18,0x4d,0x18,0x84,0xd1,0x04,0x62,0x18,0x31,0x38,0x00,0x10,0x04,0x83,0x6b,0x57,0x03,0x38,0x0d,0x78,0x33,0x80,0xcf,
    0x60,0x34,0x21,0x00,0x46,0x13,0x84,0x60,0x34,0x61,0x10,0x46,0x13,0x88,0xc1,0xa6,0x4e,0x3e,0x23,0x06,0x08,0x00,0x82,0x60,
    0x90,0x81,0x6b,0x70,0xa7,0xc1,0xd3,0x05,0x23,0x06,0x08,0x00,0x82,0x60,0x90,0x85,0x6b,0x80,0xa7,0xc1,0xd2,0x05,0x16,0x1c,
    0xd0,0x31,0x2b,0x0c,0xe4,0x33,0x62,0x80,0x00,0x20,0x08,0x06,0x19,0xb9,0x06,0x7b,0x1a,0x48,0x61,0x10,0x8c,0x18,0x20,0x00,
    0x08,0x82,0x41,0x56,0xae,0x01,0x9f,0x06,0x4e,0x18,0x04,0x16,0x28,0xd0,0xb1,0xac,0x0c,0xe4,0x33,0x62,0x80,0x00,0x20,0x08,
    0x06,0x19,0xba,0x06,0x7f,0x1a,0x54,0x65,0x10,0x8c,0x18,0x20,0x00,0x08,0x82,0x41,0x96,0xae,0x01,0xa8,0x06,0x51,0x19,0x04,
    0x16,0x34,0xd0,0x31,0x2e,0x0d,0xe4,0x33,0x62,0x80,0x00,0x20,0x08,0x06,0x19,0xbb,0x06,0xa3,0x1a,0x60,0x69,0x10,0x8c,0x18,
    0x20,0x00,0x08,0x82,0x41,0xd6,0xae,0x01,0xa9,0x06,0x54,0x1a,0x04,0x16,0x40,0xd0,0x99,0x25,0x70,0x89,0x81,0x8a,0x41,0x6b,
    0x09,0x5d,0x60,0x89,0x81,0x8a,0x81,0x6a,0x09,0x5d,0x60,0x89,0x81,0x8a,0xc1,0x69,0x09,0x5d,0x60,0x89,0x81,0x8a,0x01,0x69,
    0x09,0xf6,0x15,0x58,0xa2,0xda,0x60,0x4f,0x03,0x1d,0x6e,0x08,0xe2,0x35,0x00,0x83,0x59,0x06,0x99,0x78,0x89,0x60,0xb8,0xa1,
    0x0d,0xe6,0x35,0x00,0x83,0x59,0x06,0x99,0x80,0x89,0x60,0xb8,0xc1,0x0d,0xd8,0x35,0x00,0x83,0x59,0x06,0x99,0x88,0x89,0x60,
    0xb8,0xe1,0x0d,0xde,0x35,0x00,0x83,0xe9,0x86,0xc3,0x08,0x66,0x09,0x64,0x62,0xa0,0x64,0x70,0x5c,0x42,0x88,0x09,0xea,0x25,
    0x24,0x98,0x18,0x6e,0x88,0x03,0x79,0x0d,0xc8,0x60,0x96,0x61,0x26,0x68,0x22,0x18,0x6e,0x98,0x83,0x78,0x0d,0xc8,0x60,0xba,
    0xe1,0x3f,0x03,0x26,0x18,0x6e,0xa8,0x83,0x7a,0x0d,0xc8,0x60,0xba,0x21,0x44,0x83,0x26,0x98,0x6e,0x10,0xd1,0xc0,0x58,0x66,
    0x09,0x68,0x62,0xa0,0x63,0xe0,0x87,0x95,0x10,0x03,0x99,0x10,0x83,0x99,0x18,0xe8,0x18,0xf8,0x61,0x25,0xc4,0x40,0x26,0x94,
    0x99,0x18,0xe8,0x18,0xf8,0x61,0x25,0xc4,0x40,0x26,0x90,0x99,0x18,0xe8,0x18,0x5c,0x58,0x58,0x09,0x4a,0x26,0x90,0x99,0xa8,
    0x7a,0xd9,0xd7,0x40,0xcb,0x5e,0x66,0x35,0xd0,0xe1,0x86,0x60,0x56,0x03,0x30,0x98,0x65,0x08,0x8b,0x9a,0x08,0x86,0x1b,0x84,
    0x59,0x0d,0xc0,0x60,0x96,0x21,0x2c,0x6c,0x22,0x18,0x6e,0x18,0x66,0x35,0x00,0x83,0x59,0x86,0x9b,0xc0,0x89,0x60,0xc4,0x60,
    0x01,0x40,0x10,0x0c,0x20,0x96,0x0d,0x7a,0x35,0xa0,0xb3,0x39,0x93,0x33,0x3a,0x9b,0x33,0x39,0x1b,0x31,0x30,0x00,0x10,0x04,
    0x03,0x89,0x65,0x03,0x5e,0x0d,0x02,0x0b,0xec,0x4c,0x3e,0x26,0xd8,0x99,0x7c,0x6c,0xb0,0x33,0xf9,0x8c,0x18,0x2c,0x00,0x08,
    0x82,0x01,0x14,0xb3,0x81,0xb8,0x06,0x83,0x10,0xd0,0xd7,0x7c,0xc9,0x97,0x05,0x35,0x1a,0xc8,0xc7,0x02,0xfb,0x92,0x8f,0x09,
    0xf6,0x25,0x1f,0x1b,0xec,0x4b,0x3e,0x86,0x0c,0xf1,0x31,0x64,0x88,0x8f,0x21,0x43,0x7c,0x66,0x09,0xc2,0x62,0xb8,0x21,0x02,
    0xd7,0x00,0x0c,0x66,0x19,0x72,0x42,0x27,0x82,0x11,0x83,0x05,0x00,0x41,0x30,0x80,0x74,0x36,0x58,0xd7,0x40,0xd4,0x42,0x0d,
    0xd4,0x44,0x2d,0xd4,0x40,0x6d,0xc4,0xc0,0x00,0x40,0x10,0x0c,0x24,0x9d,0x0d,0xd4,0x35,0x08,0x2c,0x20,0x35,0xf9,0x98,0x40,
    0x6a,0xf2,0xb1,0x81,0xd4,0xe4,0x33,0x62,0xb0,0x00,0x20,0x08,0x06,0xd0,0xcf,0x06,0xf0,0x1a,0x0c,0x42,0x20,0x62,0x21,0x06,
    0x62,0x16,0x8c,0x69,0x20,0x1f,0x0b,0x48,0x4c,0x3e,0x26,0x90,0x98,0x7c,0x6c,0x20,0x31,0xf9,0x18,0x32,0xc4,0xc7,0x90,0x21,
    0x3e,0x86,0x0c,0xf1,0xb1,0x00,0x4d,0x03,0xf8,0x18,0x41,0xc8,0xc7,0x08,0x42,0x3e,0x26,0x04,0xf0,0x31,0x82,0x90,0x8f,0x09,
    0x01,0x7c,0x46,0x0c,0x0c,0x00,0x04,0xc1,0x40,0x62,0xdb,0x60,0x5f,0x83,0xc0,0x82,0x38,0x0d,0xe4,0x33,0x62,0x70,0x00,0x20,
    0x08,0x06,0x4c,0xdc,0x06,0xff,0x1a,0x04,0x73,0x1a,0x18,0x13,0xd0,0xc7,0x18,0x81,0x3e,0x26,0xd0,0x69,0x00,0x1f,0x13,0xea,
    0x34,0x80,0xcf,0x2c,0x41,0x58,0x0c,0x37,0xb4,0xc1,0xdb,0x06,0x60,0x30,0xcb,0x10,0x16,0x3b,0x11,0x0c,0x37,0xb8,0x01,0xda,
    0x06,0x60,0x30,0xcb,0x10,0x16,0x3c,0x11,0x0c,0x37,0xbc,0xc1,0xda,0x06,0x60,0x30,0xcb,0x10,0x16,0x3d,0x11,0x0c,0x37,0xc0,
    0x41,0xda,0x06,0x60,0x30,0xcb,0x10,0x16,0x3e,0x11,0x0c,0x37,0xc4,0x01,0xda,0x06,0x60,0x30,0xcb,0x10,0x16,0x3f,0x11,0x0c,
    0x37,0xc8,0x41,0xdc,0x06,0x60,0x30,0xcb,0x10,0x16,0x60,0x11,0x0c,0x37,0xcc,0x81,0xdb,0x06,0x60,0x30,0xdd,0x80,0xa7,0x81,
    0x9a,0x06,0xc1,0x74,0x03,0x9e,0x06,0x6a,0x1a,0x08,0xb3,0x04,0x61,0x31,0xd0,0x35,0xb8,0xc2,0x4d,0x58,0x39,0x01,0xca,0x01,
    0x4d,0xa8,0x76,0x50,0x13,0xbc,0x2c,0xe8,0x04,0x38,0x0b,0x3b,0x41,0xce,0x02,0x4f,0xa0,0xb3,0xd0,0x13,0xec,0x2c,0xf8,0x04,
    0x3c,0x0b,0x3f,0x41,0x80,0xc5,0x40,0xd7,0xe0,0x0a,0x37,0x61,0xe5,0x04,0x28,0x07,0x34,0xa1,0xda,0x41,0x4d,0xf0,0xb2,0xa0,
    0x13,0xe0,0x2c,0xec,0x04,0x39,0x0b,0x3c,0x81,0xce,0x42,0x4f,0xb0,0xb3,0xe0,0x13,0xf0,0x2c,0xfc,0x04,0x01,0x16,0x03,0x5d,
    0x83,0x2b,0xdc,0x84,0x3f,0x0b,0x39,0x01,0xca,0x01,0x4d,0xa8,0x76,0x50,0x13,0xfe,0x2c,0xe8,0x84,0x3f,0x0b,0x3b,0xe1,0xcf,
    0x02,0x4f,0xf8,0xb3,0xd0,0x13,0xfe,0x2c,0xf8,0x84,0x3f,0x0b,0x3f,0xe1,0xcf,0x02,0x58,0x8c,0x26,0xc0,0x4d,0x70,0x01,0x41,
    0xc3,0x0d,0x01,0xdf,0x06,0x60,0x30,0xcb,0xa0,0x16,0x62,0x11,0x94,0x90,0xb2,0x81,0x5a,0x00,0xb3,0x01,0x08,0x86,0x1b,0x82,
    0xbb,0x0d,0xc8,0x60,0x96,0x61,0x2c,0xc8,0x22,0x18,0x31,0x38,0x00,0x10,0x04,0x83,0x8b,0x74,0x83,0x9c,0x0d,0x4a,0x35,0xc0,
    0xd5,0x60,0x34,0x21,0x00,0x46,0x13,0x84,0x60,0x34,0x61,0x10,0x46,0x13,0x88,0x61,0xc4,0xe0,0x00,0x40,0x10,0x0c,0xae,0xd4,
    0x0d,0x7c,0x36,0x50,0xd5,0x80,0x57,0x83,0xd1,0x84,0x00,0x18,0x4d,0x10,0x82,0xd1,0x84,0x41,0x18,0x4d,0x20,0x86,0x11,0x83,
    0x03,0x00,0x41,0x30,0xb8,0x5c,0x37,0x18,0xdb,0xe0,0x55,0x03,0x70,0x0d,0x46,0x13,0x02,0x60,0x34,0x41,0x08,0x46,0x13,0x06,
    0x61,0x34,0x81,0x18,0x46,0x0c,0x0e,0x00,0x04,0xc1,0xe0,0x9a,0xdd,0x00,0x6d,0x03,0x5a,0x0d,0xc8,0x35,0x18,0x4d,0x08,0x80,
    0xd1,0x04,0x21,0x18,0x4d,0x18,0x84,0xd1,0x04,0x62,0xb0,0xa9,0x93,0xcf,0x88,0x01,0x02,0x80,0x20,0x18,0x64,0xb8,0x1b,0xbc,
    0x6d,0xf0,0x74,0xc1,0x88,0x01,0x02,0x80,0x20,0x18,0x64,0xb9,0x1b,0xc0,0x6d,0xb0,0x74,0x81,0x05,0x07,0x74,0xcc,0x0a,0x03,
    0xf9,0x8c,0x18,0x20,0x00,0x08,0x82,0x41,0xc6,0xbb,0xc1,0xdc,0x06,0x52,0x18,0x04,0x23,0x06,0x08,0x00,0x82,0x60,0x90,0xf5,
    0x6e,0x40,0xb7,0x81,0x13,0x06,0x81,0x05,0x0a,0x74,0x2c,0x2b,0x03,0xf9,0x8c,0x18,0x20,0x00,0x08,0x82,0x41,0x06,0xbe,0xc1,
    0xdd,0x06,0x55,0x19,0x04,0x23,0x06,0x08,0x00,0x82,0x60,0x90,0x85,0x6f,0x80,0xb7,0x41,0x54,0x06,0x81,0x05,0x0d,0x74,0x8c,
    0x4b,0x03,0xf9,0x8c,0x18,0x20,0x00,0x08,0x82,0x41,0x46,0xbe,0xc1,0xde,0x06,0x58,0x1a,0x04,0x23,0x06,0x08,0x00,0x82,0x60,
    0x90,0x95,0x6f,0xc0,0xb7,0x01,0x95,0x06,0x81,0x05,0x10,0x74,0x66,0x09,0xc8,0x62,0xa0,0x62,0xd0,0xc6,0x42,0x17,0xc4,0x62,
    0xa0,0x62,0xa0,0xc6,0x42,0x17,0xc4,0x62,0xa0,0x62,0x70,0xc6,0x42,0x17,0xc4,0x62,0xa0,0x62,0x40,0xc6,0x82,0xb7,0x05,0xb1,
    0xa8,0x36,0x98,0xdb,0x40,0x87,0x1b,0x82,0xf4,0x0d,0xc0,0x60,0x96,0x01,0x2d,0xca,0x22,0x18,0x6e,0x68,0x83,0xf5,0x0d,0xc0,
    0x60,0x96,0x01,0x2d,0xcc,0x22,0x18,0x6e,0x70,0x03,0xf2,0x0d,0xc0,0x60,0x96,0x01,0x2d,0xce,0x22,0x18,0x6e,0x78,0x83,0xf3,
    0x0d,0xc0,0x60,0xba,0xe1,0x30,0x82,0x59,0x02,0xb4,0x18,0x28,0x19,0x1c,0xb2,0x10,0xce,0x82,0x2a,0x0b,0xc9,0x2c,0x86,0x1b,
    0xe2,0x40,0x7d,0x03,0x32,0x98,0x65,0x48,0x0b,0xb5,0x08,0x86,0x1b,0xe6,0x20,0x7d,0x03,0x32,0x98,0x6e,0xb8,0xd7,0x80,0x09,
    0x86,0x1b,0xea,0xa0,0x7d,0x03,0x32,0x98,0x6e,0xc8,0xd7,0xa0,0x09,0xa6,0x1b,0xf4,0x35,0x30,0x96,0x59,0x02,0xb5,0x18,0xe8,
    0x18,0xf8,0x21,0x2c,0xc4,0x00,0x2d,0xc4,0x20,0x2d,0x06,0x3a,0x06,0x7e,0x08,0x0b,0x31,0x40,0x0b,0x25,0x2d,0x06,0x3a,0x06,
    0x7e,0x08,0x0b,0x31,0x40,0x0b,0x24,0x2d,0x06,0x3a,0x06,0xff,0x16,0xc2,0x82,0x42,0x0b,0x24,0x2d,0x4a,0x7d,0xe6,0x37,0xd0,
    0x5a,0x9f,0xd5,0x0d,0x74,0xb8,0x21,0x58,0xdd,0x00,0x0c,0x66,0x19,0xee,0x62,0x2d,0x82,0xe1,0x06,0x61,0x75,0x03,0x30,0x98,
    0x65,0xb8,0x0b,0xb6,0x08,0x86,0x1b,0x86,0xd5,0x0d,0xc0,0x60,0x96,0xa1,0x2d,0xdc,0x22,0x18,0x31,0x58,0x00,0x10,0x04,0x03,
    0x88,0x84,0x83,0xda,0x0d,0xd8,0x6e,0xed,0xd4,0x8e,0xed,0xd6,0x4e,0xed,0x46,0x0c,0x0c,0x00,0x04,0xc1,0x40,0x22,0xe1,0x80,
    0x76,0x83,0xc0,0x02,0xb7,0x93,0x8f,0x09,0x6e,0x27,0x1f,0x1b,0xdc,0x4e,0x3e,0x23,0x06,0x0b,0x00,0x82,0x60,0x00,0xa5,0x70,
    0xa0,0xbb,0xc1,0x20,0x04,0xec,0xb6,0x6e,0xea,0x66,0x41,0xcb,0x06,0xf2,0xb1,0xc0,0xdd,0xe4,0x63,0x82,0xbb,0xc9,0xc7,0x06,
    0x77,0x93,0x8f,0x21,0x43,0x7c,0x0c,0x19,0xe2,0x63,0xc8,0x10,0x9f,0x59,0x82,0xbb,0x18,0x6e,0x88,0x70,0x37,0x00,0x83,0x59,
    0x86,0xb7,0x80,0x8b,0x60,0xc4,0x60,0x01,0x40,0x10,0x0c,0x20,0x19,0x0e,0xc6,0x37,0xd0,0xbb,0xbc,0xc3,0x3b,0xbd,0xcb,0x3b,
    0xbc,0x1b,0x31,0x30,0x00,0x10,0x04,0x03,0x49,0x86,0x03,0xf1,0x0d,0x02,0x0b,0xf8,0x4e,0x3e,0x26,0xf0,0x9d,0x7c,0x6c,0xe0,
    0x3b,0xf9,0x8c,0x18,0x2c,0x00,0x08,0x82,0x01,0x74,0xc3,0x01,0xfa,0x06,0x83,0x10,0xe8,0x5b,0xbe,0xe1,0x9b,0x05,0x3b,0x1b,
    0xc8,0xc7,0x02,0x7e,0x93,0x8f,0x09,0xfc,0x26,0x1f,0x1b,0xf8,0x4d,0x3e,0x86,0x0c,0xf1,0x31,0x64,0x88,0x8f,0x21,0x43,0x7c,
    0x2c,0x00,0xdb,0x00,0x3e,0x46,0x10,0xf2,0x31,0x82,0x90,0x8f,0x09,0x01,0x7c,0x8c,0x20,0xe4,0x63,0x42,0x00,0x9f,0x11,0x03,
    0x03,0x00,0x41,0x30,0x90,0xc8,0x38,0x98,0xdf,0x20,0xb0,0x20,0x6d,0x03,0xf9,0x8c,0x18,0x1c,0x00,0x08,0x82,0x01,0x93,0xc6,
    0xc1,0xfd,0x06,0xc1,0xda,0x06,0xc6,0x04,0xf4,0x31,0x46,0xa0,0x8f,0x09,0x6c,0x1b,0xc0,0xc7,0x84,0xb6,0x0d,0xe0,0x33,0x4b,
    0x70,0x17,0xc3,0x0d,0x6d,0x70,0xc6,0x01,0x18,0xcc,0x32,0xdc,0x45,0x5c,0x04,0xc3,0x0d,0x6e,0x00,0xc6,0x01,0x18,0xcc,0x32,
    0xdc,0x85,0x5c,0x04,0xc3,0x0d,0x6f,0x30,0xc6,0x01,0x18,0xcc,0x32,0xdc,0xc5,0x5c,0x04,0xc3,0x0d,0x70,0x10,0xc6,0x01,0x18,
    0xcc,0x32,0xdc,0x05,0x5d,0x04,0xc3,0x0d,0x71,0x00,0xc6,0x01,0x18,0xcc,0x32,0xdc,0x45,0x5d,0x04,0xc3,0x0d,0x72,0x90,0xc6,
    0x01,0x18,0xcc,0x32,0xdc,0x85,0x5d,0x04,0xc3,0x0d,0x73,0x60,0xc6,0x01,0x18,0x4c,0x37,0xc0,0x6d,0x20,0xb6,0x41,0x30,0xdd,
    0x00,0xb7,0x81,0xd8,0x06,0xc2,0x2c,0xc1,0x5d,0x0c,0x74,0x0d,0xae,0xd0,0x16,0xd6,0x5b,0xc0,0x79,0xa0,0x16,0x7a,0x1f,0xac,
    0x05,0xab,0x0b,0x70,0x01,0xeb,0x42,0x5c,0xd0,0xba,0x20,0x17,0xb8,0x2e,0xcc,0x05,0xaf,0x0b,0x74,0x01,0xee,0x42,0x5d,0x10,
    0x76,0x31,0xd0,0x35,0xb8,0x42,0x5b,0x58,0x6f,0x01,0xe7,0x81,0x5a,0xe8,0x7d,0xb0,0x16,0xac,0x2e,0xc0,0x05,0xac,0x0b,0x71,
    0x41,0xeb,0x82,0x5c,0xe0,0xba,0x30,0x17,0xbc,0x2e,0xd0,0x05,0xb8,0x0b,0x75,0x41,0xd8,0xc5,0x40,0xd7,0xe0,0x0a,0x6d,0xe1,
    0xee,0xc2,0x5b,0xc0,0x79,0xa0,0x16,0x7a,0x1f,0xac,0x85,0xbb,0x0b,0x70,0xe1,0xee,0x42,0x5c,0xb8,0xbb,0x20,0x17,0xee,0x2e,
    0xcc,0x85,0xbb,0x0b,0x74,0xe1,0xee,0x42,0x5d,0xb8,0xbb,0x60,0x17,0xa3,0x09,0x65,0x14,0x5c,0x40,0xd0,0x70,0x43,0x40,0xc7,
    0x01,0x18,0xcc,0x32,0x80,0x06,0x5e,0x04,0x25,0x84,0x70,0xa0,0x16,0xa0,0x70,0x00,0x82,0xe1,0x86,0xe0,0x8d,0x03,0x32,0x98,
    0x65,0xc8,0x0b,0xbd,0x08,0x46,0x0c,0x0e,0x00,0x04,0xc1,0xe0,0xe2,0xe3,0x20,0x86,0x83,0xbe,0x0d,0x58,0x37,0x18,0x4d,0x08,
    0x80,0xd1,0x04,0x21,0x18,0x4d,0x18,0x84,0xd1,0x04,0x62,0x18,0x31,0x38,0x00,0x10,0x04,0x83,0x2b,0x94,0x03,0x1b,0x0e,0x44,
    0x37,0x80,0xdd,0x60,0x34,0x21,0x00,0x46,0x13,0x84,0x60,0x34,0x61,0x10,0x46,0x13,0x88,0x61,0xc4,0xe0,0x00,0x40,0x10,0x0c,
    0x2e,0x53,0x0e,0x76,0x38,0x38,0xdd,0x80,0x76,0x83,0xd1,0x84,0x00,0x18,0x4d,0x10,0x82,0xd1,0x84,0x41,0x18,0x4d,0x20,0x86,
    0x11,0x83,0x03,0x00,0x41,0x30,0xb8,0x56,0x39,0x00,0xe3,0x80,0x75,0x03,0x1f,0x0e,0x46,0x13,0x02,0x60,0x34,0x41,0x08,0x46,
    0x13,0x06,0x61,0x34,0x81,0x18,0x6c,0xea,0xe4,0x33,0x62,0x80,0x00,0x20,0x08,0x06,0x19,0x2c,0x07,0x67,0x1c,0x3c,0x5d,0x30,
    0x62,0x80,0x00,0x20,0x08,0x06,0x59,0x2c,0x07,0x68,0x1c,0x2c,0x5d,0x60,0xc1,0x01,0x1d,0xb3,0xc2,0x40,0x3e,0x23,0x06,0x08,
    0x00,0x82,0x60,0x90,0xd1,0x72,0xb0,0xc6,0x81,0x14,0x06,0xc1,0x88,0x01,0x02,0x80,0x20,0x18,0x64,0xb5,0x1c,0xb0,0x71,0xe0,
    0x84,0x41,0x60,0x81,0x02,0x1d,0xcb,0xca,0x40,0x3e,0x23,0x06,0x08,0x00,0x82,0x60,0x90,0xe1,0x72,0xf0,0xc6,0x41,0x55,0x06,
    0xc1,0x88,0x01,0x02,0x80,0x20,0x18,0x64,0xb9,0x1c,0xc0,0x71,0x10,0x95,0x41,0x60,0x41,0x03,0x1d,0xe3,0xd2,0x40,0x3e,0x23,
    0x06,0x08,0x00,0x82,0x60,0x90,0xf1,0x72,0x30,0xc7,0x01,0x96,0x06,0xc1,0x88,0x01,0x02,0x80,0x20,0x18,0x64,0xbd,0x1c,0xd0,
    0x71,0x40,0xa5,0x41,0x60,0x01,0x04,0x9d,0x59,0x02,0xbd,0x18,0xa8,0x18,0xb4,0xbc,0xd0,0x05,0xbc,0x18,0xa8,0x18,0xa8,0xbc,
    0xd0,0x05,0xbc,0x18,0xa8,0x18,0x9c,0xbc,0xd0,0x05,0xbc,0x18,0xa8,0x18,0x90,0xbc,0x60,0x7d,0x01,0x2f,0xaa,0x0d,0xd6,0x38,
    0xd0,0xe1,0x86,0x20,0x9c,0x03,0x30,0x98,0x65,0xf0,0x8b,0xbd,0x08,0x86,0x1b,0xda,0x60,0x9c,0x03,0x30,0x98,0x65,0xf0,0x0b,
    0xbe,0x08,0x86,0x1b,0xdc,0x80,0x97,0x03,0x30,0x98,0x65,0xf0,0x8b,0xbe,0x08,0x86,0x1b,0xde,0xe0,0x97,0x03,0x30,0x98,0x6e,
    0x38,0x8c,0x60,0x96,0xc0,0x2f,0x06,0x4a,0x06,0x47,0x2f,0x84,0xbe,0xa0,0xf6,0x42,0xe2,0x8b,0xe1,0x86,0x38,0x10,0xe7,0x80,
    0x0c,0x66,0x19,0xfe,0x02,0x34,0x82,0xe1,0x86,0x39,0x08,0xe7,0x80,0x0c,0xa6,0x1b,0xde,0x37,0x60,0x82,0xe1,0x86,0x3a,0x28,
    0xe7,0x80,0x0c,0xa6,0x1b,0xe2,0x37,0x68,0x82,0xe9,0x06,0xf9,0x0d,0x8c,0x65,0x96,0x00,0x34,0x06,0x3a,0x06,0x7e,0xb8,0x0b,
    0x31,0xf0,0x0b,0x31,0xf8,0x8b,0x81,0x8e,0x81,0x1f,0xee,0x42,0x0c,0xfc,0x42,0xf9,0x8b,0x81,0x8e,0x81,0x1f,0xee,0x42,0x0c,
    0xfc,0x02,0xf9,0x8b,0x81,0x8e,0xc1,0xfd,0x85,0xbb,0xa0,0xfc,0x02,0xf9,0x8b,0xfa,0xa5,0x75,0x0e,0xb4,0xc0,0x69,0x94,0x03,
    0x1d,0x6e,0x08,0x46,0x39,0x00,0x83,0x59,0x86,0xd6,0x08,0x8d,0x60,0xb8,0x41,0x18,0xe5,0x00,0x0c,0x66,0x19,0x5a,0x43,0x34,
    0x82,0xe1,0x86,0x61,0x94,0x03,0x30,0x98,0x65,0x18,0x0d,0xd2,0x08,0x46,0x0c,0x16,0x00,0x04,0xc1,0x00,0xe2,0xe7,0xa0,0x95,
    0x03,0x32,0x0c,0xc6,0x30,0x10,0xc3,0x80,0x0c,0x83,0x31,0x0c,0xc4,0x30,0x18,0x31,0x30,0x00,0x10,0x04,0x03,0x89,0x9f,0x03,
    0x56,0x0e,0x02,0x0b,0xcc,0x30,0x90,0x8f,0x09,0x66,0x18,0xc8,0xc7,0x06,0x33,0x0c,0xe4,0x33,0x62,0xb0,0x00,0x20,0x08,0x06,
    0x50,0x48,0x07,0xb2,0x1c,0x0c,0x42,0x40,0x7e,0xe3,0x27,0x7e,0x16,0x94,0x70,0x20,0x1f,0x0b,0xcc,0x4f,0x3e,0x26,0x98,0x9f,
    0x7c,0x6c,0x30,0x3f,0xf9,0x18,0x32,0xc4,0xc7,0x90,0x21,0x3e,0x86,0x0c,0xf1,0x99,0x25,0x68,0x8d,0xe1,0x86,0x08,0x96,0x03,
    0x30,0x98,0x65,0x28,0x0d,0xd3,0x08,0x46,0x0c,0x16,0x00,0x04,0xc1,0x00,0x52,0xe9,0x60,0x97,0x03,0x39,0x0c,0xe2,0x30,0x80,
    0xc3,0x40,0x0e,0x83,0x38,0x0c,0xe0,0x30,0x18,0x31,0x30,0x00,0x10,0x04,0x03,0x49,0xa5,0x03,0x5d,0x0e,0x02,0x0b,0xe8,0x30,
    0x90,0x8f,0x09,0x74,0x18,0xc8,0xc7,0x06,0x3a,0x0c,0xe4,0x33,0x62,0xb0,0x00,0x20,0x08,0x06,0xd0,0x4b,0x07,0xe0,0x1c,0x0c,
    0x42,0x20,0x7f,0xf1,0x07,0x7f,0x16,0xcc,0x70,0x20,0x1f,0x0b,0xe8,0x4f,0x3e,0x26,0xd0,0x9f,0x7c,0x6c,0xa0,0x3f,0xf9,0x18,
    0x32,0xc4,0xc7,0x90,0x21,0x3e,0x86,0x0c,0xf1,0xb1,0x00,0x87,0x03,0xf8,0x18,0x41,0xc8,0xc7,0x08,0x42,0x3e,0x26,0x04,0xf0,
    0x31,0x82,0x90,0x8f,0x09,0x01,0x7c,0x46,0x0c,0x0c,0x00,0x04,0xc1,0x40,0xe2,0xe9,0x60,0x9d,0x83,0xc0,0x82,0x30,0x0e,0xe4,
    0x33,0x62,0x70,0x00,0x20,0x08,0x06,0x4c,0x58,0x07,0xef,0x1c,0x04,0x63,0x1c,0x18,0x13,0xd0,0xc7,0x18,0x81,0x3e,0x26,0x90,
    0x71,0x00,0x1f,0x13,0xca,0x38,0x80,0xcf,0x2c,0x41,0x6b,0x0c,0x37,0xb4,0xc1,0x4f,0x07,0x60,0x30,0xcb,0xd0,0x1a,0xa7,0x11,
    0x0c,0x37,0xb8,0x01,0x4e,0x07,0x60,0x30,0xcb,0xd0,0x1a,0xa8,0x11,0x0c,0x37,0xbc,0xc1,0x4e,0x07,0x60,0x30,0xcb,0xd0,0x1a,
    0xa9,0x11,0x0c,0x37,0xc0,0x41,0x4e,0x07,0x60,0x30,0xcb,0xd0,0x1a,0xaa,0x11,0x0c,0x37,0xc4,0x01,0x4e,0x07,0x60,0x30,0xcb,
    0xd0,0x1a,0xab,0x11,0x0c,0x37,0xc8,0x41,0x58,0x07,0x60,0x30,0xcb,0xd0,0x1a,0xac,0x11,0x0c,0x37,0xcc,0x81,0x4f,0x07,0x60,
    0x30,0xdd,0x80,0xc6,0x81,0x0e,0x07,0xc1,0x74,0x03,0x1a,0x07,0x3a,0x1c,0x08,0xb3,0x04,0xad,0x31,0xd0,0x35,0xb8,0xc2,0x68,
    0x58,0xa5,0x01,0x86,0x02,0x68,0xa8,0xa5,0x10,0x1a,0x7c,0x38,0x98,0x06,0x28,0x0e,0xa7,0x41,0x8a,0x03,0x6a,0xa0,0xe2,0x90,
    0x1a,0xac,0x38,0xa8,0x06,0x2c,0x0e,0xab,0x41,0xb0,0xc6,0x40,0xd7,0xe0,0x0a,0xa3,0x61,0x95,0x06,0x18,0x0a,0xa0,0xa1,0x96,
    0x42,0x68,0xf0,0xe1,0x60,0x1a,0xa0,0x38,0x9c,0x06,0x29,0x0e,0xa8,0x81,0x8a,0x43,0x6a,0xb0,0xe2,0xa0,0x1a,0xb0,0x38,0xac,
    0x06,0xc1,0x1a,0x03,0x5d,0x83,0x2b,0x8c,0x86,0x2f,0x0e,0xa5,0x01,0x86,0x02,0x68,0xa8,0xa5,0x10,0x1a,0xbe,0x38,0x98,0x86,
    0x2f,0x0e,0xa7,0xe1,0x8b,0x03,0x6a,0xf8,0xe2,0x90,0x1a,0xbe,0x38,0xa8,0x86,0x2f,0x0e,0xab,0xe1,0x8b,0x03,0x6b,0x8c,0x26,
    0xe8,0x54,0x70,0x01,0x41,0xc3,0x0d,0x01,0x5b,0x07,0x60,0x30,0xcb,0x60,0x1b,0xae,0x11,0x94,0x90,0xcf,0x81,0x5a,0x00,0xd2,
    0x01,0x08,0x86,0x1b,0x82,0xb3,0x0e,0xc8,0x60,0x96,0xe1,0x35,0x60,0x23,0x18,0x31,0x38,0x00,0x10,0x04,0x83,0x8b,0xae,0x83,
    0x94,0x0e,0xea,0x38,0xd0,0xe7,0x60,0x34,0x21,0x00,0x46,0x13,0x84,0x60,0x34,0x61,0x10,0x46,0x13,0x88,0x61,0xc4,0xe0,0x00,
    0x40,0x10,0x0c,0xae,0xbc,0x0e,0x5c,0x3a,0xd0,0xe3,0x80,0x9f,0x83,0xd1,0x84,0x00,0x18,0x4d,0x10,0x82,0xd1,0x84,0x41,0x18,
    0x4d,0x20,0x86,0x11,0x83,0x03,0x00,0x41,0x30,0xb8,0xfc,0x3a,0x98,0xe9,0xe0,0x8f,0x83,0x55,0x0e,0x46,0x13,0x02,0x60,0x34,
    0x41,0x08,0x46,0x13,0x06,0x61,0x34,0x81,0x18,0x46,0x0c,0x0e,0x00,0x04,0xc1,0xe0,0x1a,0xed,0x00,0xa7,0x03,0x52,0x0e,0x70,
    0x3a,0x18,0x4d,0x08,0x80,0xd1,0x04,0x21,0x18,0x4d,0x18,0x84,0xd1,0x04,0x62,0xb0,0xa9,0x93,0xcf,0x88,0x01,0x02,0x80,0x20,
    0x18,0x64,0xa8,0x1d,0xfc,0x74,0xf0,0x74,0xc1,0x88,0x01,0x02,0x80,0x20,0x18,0x64,0xa9,0x1d,0x80,0x75,0xb0,0x74,0x81,0x05,
    0x07,0x74,0xcc,0x0a,0x03,0xf9,0x8c,0x18,0x20,0x00,0x08,0x82,0x41,0xc6,0xda,0xc1,0x58,0x07,0x52,0x18,0x04,0x23,0x06,0x08,
    0x00,0x82,0x60,0x90,0xb5,0x76,0x40,0xd6,0x81,0x13,0x06,0x81,0x05,0x0a,0x74,0x2c,0x2b,0x03,0xf9,0x8c,0x18,0x20,0x00,0x08,
    0x82,0x41,0x06,0xdb,0xc1,0x59,0x07,0x55,0x19,0x04,0x23,0x06,0x08,0x00,0x82,0x60,0x90,0xc5,0x76,0x80,0xd6,0x41,0x54,0x06,
    0x81,0x05,0x0d,0x74,0x8c,0x4b,0x03,0xf9,0x8c,0x18,0x20,0x00,0x08,0x82,0x41,0x46,0xdb,0xc1,0x5a,0x07,0x58,0x1a,0x04,0x23,
    0x06,0x08,0x00,0x82,0x60,0x90,0xd5,0x76,0xc0,0xd6,0x01,0x95,0x06,0x81,0x05,0x10,0x74,0x66,0x09,0x60,0x63,0xa0,0x62,0xd0,
    0x5e,0x43,0x17,0x5c,0x63,0xa0,0x62,0xa0,0x5e,0x43,0x17,0x5c,0x63,0xa0,0x62,0x70,0x5e,0x43,0x17,0x5c,0x63,0xa0,0x62,0x40,
    0x5e,0x83,0x2f,0x07,0xd7,0xa8,0x36,0x18,0xeb,0x40,0x87,0x1b,0x82,0xdc,0x0e,0xc0,0x60,0x96,0x81,0x36,0x62,0x23,0x18,0x6e,
    0x68,0x83,0xdd,0x0e,0xc0,0x60,0x96,0x81,0x36,0x64,0x23,0x18,0x6e,0x70,0x03,0xda,0x0e,0xc0,0x60,0x96,0x81,0x36,0x66,0x23,
    0x18,0x6e,0x78,0x83,0xdb,0x0e,0xc0,0x60,0xba,0xe1,0x30,0x82,0x59,0x02,0xda,0x18,0x28,0x19,0x1c,0xd8,0x10,0x66,0x83,0x8a,
    0x0d,0x49,0x36,0x86,0x1b,0xe2,0x40,0xb7,0x03,0x32,0x98,0x65,0xa8,0x0d,0xdb,0x08,0x86,0x1b,0xe6,0x20,0xb7,0x03,0x32,0x98,
    0x6e,0x38,0xe7,0x80,0x09,0x86,0x1b,0xea,0xa0,0xb7,0x03,0x32,0x98,0x6e,0x48,0xe7,0xa0,0x09,0xa6,0x1b,0xd4,0x39,0x30,0x96,
    0x59,0x02,0xdb,0x18,0xe8,0x18,0xf8,0xa1,0x35,0xc4,0x80,0x36,0xc4,0xa0,0x36,0x06,0x3a,0x06,0x7e,0x68,0x0d,0x31,0xa0,0x0d,
    0xa5,0x36,0x06,0x3a,0x06,0x7e,0x68,0x0d,0x31,0xa0,0x0d,0xa4,0x36,0x06,0x3a,0x06,0xdf,0x1c,0x5a,0x83,0xa2,0x0d,0xa4,0x36,
    0x8a,0xb6,0xc6,0x3b,0xd0,0xaa,0xad,0xbd,0x0e,0x74,0xb8,0x21,0xd8,0xeb,0x00,0x0c,0x66,0x19,0xc6,0xe3,0x36,0x82,0xe1,0x06,
    0x61,0xaf,0x03,0x30,0x98,0x65,0x18,0x0f,0xdc,0x08,0x86,0x1b,0x86,0xbd,0x0e,0xc0,0x60,0x96,0x21,0x37,0x74,0x23,0x18,0x31,
    0x58,0x00,0x10,0x04,0x03,0x88,0xbe,0x83,0xd2,0x0e,0x78,0x32,0xd8,0xc9,0x40,0x27,0x03,0x9e,0x0c,0x76,0x32,0xd0,0xc9,0x60,
    0xc4,0xc0,0x00,0x40,0x10,0x0c,0x24,0xfa,0x0e,0x48,0x3b,0x08,0x2c,0xf0,0xc9,0x40,0x3e,0x26,0xf8,0x64,0x20,0x1f,0x1b,0x7c,
    0x32,0x90,0xcf,0x88,0xc1,0x02,0x80,0x20,0x18,0x40,0xf9,0x1d,0xa8,0x76,0x30,0x08,0x01,0x2f,0x06,0xbb,0x18,0xe8,0x62,0x60,
    0x41,0x3f,0x07,0xf2,0xb1,0xc0,0x17,0x03,0xf9,0x98,0xe0,0x8b,0x81,0x7c,0x6c,0xf0,0xc5,0x40,0x3e,0x86,0x0c,0xf1,0x31,0x64,
    0x88,0x8f,0x21,0x43,0x7c,0x66,0x09,0xc6,0x63,0xb8,0x21,0x42,0xed,0x00,0x0c,0x66,0x19,0x76,0x83,0x37,0x82,0x11,0x83,0x05,
    0x00,0x41,0x30,0x80,0x44,0x3c,0x98,0xed,0x40,0x2d,0x83,0xb4,0x0c,0xd0,0x32,0x50,0xcb,0x20,0x2d,0x03,0xb4,0x0c,0x46,0x0c,
    0x0c,0x00,0x04,0xc1,0x40,0x12,0xf1,0x40,0xb6,0x83,0xc0,0x02,0xb6,0x0c,0xe4,0x63,0x02,0x5b,0x06,0xf2,0xb1,0x81,0x2d,0x03,
    0xf9,0x8c,0x18,0x2c,0x00,0x08,0x82,0x01,0x74,0xe2,0x01,0x6e,0x07,0x83,0x10,0xa8,0x63,0x90,0x8e,0x01,0x3a,0x06,0x16,0xac,
    0x74,0x20,0x1f,0x0b,0xd8,0x31,0x90,0x8f,0x09,0xec,0x18,0xc8,0xc7,0x06,0x76,0x0c,0xe4,0x63,0xc8,0x10,0x1f,0x43,0x86,0xf8,
    0x18,0x32,0xc4,0xc7,0x02,0x98,0x0e,0xe0,0x63,0x04,0x21,0x1f,0x23,0x08,0xf9,0x98,0x10,0xc0,0xc7,0x08,0x42,0x3e,0x26,0x04,
    0xf0,0x19,0x31,0x30,0x00,0x10,0x04,0x03,0x89,0xc6,0x83,0xf1,0x0e,0x02,0x0b,0x72,0x3a,0x90,0xcf,0x88,0xc1,0x01,0x80,0x20,
    0x18,0x30,0x39,0x1e,0x9c,0x77,0x10,0xec,0x74,0x60,0x4c,0x40,0x1f,0x63,0x04,0xfa,0x98,0xc0,0xd3,0x01,0x7c,0x4c,0xe8,0xe9,
    0x00,0x3e,0xb3,0x04,0xe3,0x31,0xdc,0xd0,0x06,0x37,0x1e,0x80,0xc1,0x2c,0xc3,0x78,0xf4,0x46,0x30,0xdc,0xe0,0x06,0x30,0x1e,
    0x80,0xc1,0x2c,0xc3,0x78,0xf8,0x46,0x30,0xdc,0xf0,0x06,0x33,0x1e,0x80,0xc1,0x2c,0xc3,0x78,0xfc,0x46,0x30,0xdc,0x00,0x07,
    0x31,0x1e,0x80,0xc1,0x2c,0xc3,0x78,0x80,0x47,0x30,0xdc,0x10,0x07,0x30,0x1e,0x80,0xc1,0x2c,0xc3,0x78,0x84,0x47,0x30,0xdc,
    0x20,0x07,0x39,0x1e,0x80,0xc1,0x2c,0xc3,0x78,0x88,0x47,0x30,0xdc,0x30,0x07,0x36,0x1e,0x80,0xc1,0x74,0x03,0x58,0x07,0x32,
    0x1d,0x04,0xd3,0x0d,0x60,0x1d,0xc8,0x74,0x20,0xcc,0x12,0x8c,0xc7,0x40,0xd7,0xe0,0x0a,0xb9,0x61,0xed,0x06,0x8c,0x0a,0xb6,
    0xa1,0xb3,0xc2,0x6d,0xb0,0xe9,0xc0,0x1b,0x70,0x3a,0xf4,0x06,0x9d,0x0e,0xbe,0x81,0xa7,0xc3,0x6f,0xf0,0xe9,0x00,0x1e,0xa0,
    0x3a,0x84,0x07,0x21,0x1e,0x03,0x5d,0x83,0x2b,0xe4,0x86,0xb5,0x1b,0x30,0x2a,0xd8,0x86,0xce,0x0a,0xb7,0xc1,0xa6,0x03,0x6f,
    0xc0,0xe9,0xd0,0x1b,0x74,0x3a,0xf8,0x06,0x9e,0x0e,0xbf,0xc1,0xa7,0x03,0x78,0x80,0xea,0x10,0x1e,0x84,0x78,0x0c,0x74,0x0d,
    0xae,0x90,0x1b,0xae,0x3a,0xec,0x06,0x8c,0x0a,0xb6,0xa1,0xb3,0xc2,0x6d,0xb8,0xea,0xc0,0x1b,0xae,0x3a,0xf4,0x86,0xab,0x0e,
    0xbe,0xe1,0xaa,0xc3,0x6f,0xb8,0xea,0x00,0x1e,0xae,0x3a,0x84,0x87,0xab,0x0e,0xe2,0x31,0x9a,0xf0,0x62,0xc1,0x05,0x04,0x0d,
    0x37,0x04,0x64,0x1e,0x80,0xc1,0x2c,0x03,0x7b,0x90,0x47,0x50,0x42,0x7c,0x07,0x6a,0x01,0x7e,0x07,0x20,0x18,0x6e,0x08,0x7e,
    0x3c,0x20,0x83,0x59,0x86,0xf2,0x30,0x8f,0x60,0xc4,0xe0,0x00,0x40,0x10,0x0c,0x2e,0x36,0x0f,0x42,0x3c,0x68,0xeb,0x00,0xaf,
    0x83,0xd1,0x84,0x00,0x18,0x4d,0x10,0x82,0xd1,0x84,0x41,0x18,0x4d,0x20,0x86,0x11,0x83,0x03,0x00,0x41,0x30,0xb8,0xe2,0x3c,
    0x30,0xf1,0x40,0xae,0x03,0x14,0x0f,0x46,0x13,0x02,0x60,0x34,0x41,0x08,0x46,0x13,0x06,0x61,0x34,0x81,0x18,0x46,0x0c,0x0e,
    0x00,0x04,0xc1,0xe0,0xb2,0xf3,0x60,0xc5,0x83,0xbb,0x0e,0x5c,0x3c,0x18,0x4d,0x08,0x80,0xd1,0x04,0x21,0x18,0x4d,0x18,0x84,
    0xd1,0x04,0x62,0x18,0x31,0x38,0x00,0x10,0x04,0x83,0x6b,0xcf,0x03,0x18,0x0f,0xf8,0x3a,0xa0,0xf1,0x60,0x34,0x21,0x00,0x46,
    0x13,0x84,0x60,0x34,0x61,0x10,0x46,0x13,0x88,0xc1,0xa6,0x4e,0x3e,0x23,0x06,0x08,0x00,0x82,0x60,0x90,0x81,0x7a,0x70,0xe3,
    0xc1,0xd3,0x05,0x23,0x06,0x08,0x00,0x82,0x60,0x90,0x85,0x7a,0x80,0xe3,0xc1,0xd2,0x05,0x16,0x1c,0xd0,0x31,0x2b,0x0c,0xe4,
    0x33,0x62,0x80,0x00,0x20,0x08,0x06,0x19,0xa9,0x07,0x3b,0x1e,0x48,0x61,0x10,0x8c,0x18,0x20,0x00,0x08,0x82,0x41,0x56,0xea,
    0x01,0x8f,0x07,0x4e,0x18,0x04,0x16,0x28,0xd0,0xb1,0xac,0x0c,0xe4,0x33,0x62,0x80,0x00,0x20,0x08,0x06,0x19,0xaa,0x07,0x3f,
    0x1e,0x54,0x65,0x10,0x8c,0x18,0x20,0x00,0x08,0x82,0x41,0x96,0xea,0x01,0x98,0x07,0x51,0x19,0x04,0x16,0x34,0xd0,0x31,0x2e,
    0x0d,0xe4,0x33,0x62,0x80,0x00,0x20,0x08,0x06,0x19,0xab,0x07,0x63,0x1e,0x60,0x69,0x10,0x8c,0x18,0x20,0x00,0x08,0x82,0x41,
    0xd6,0xea,0x01,0x99,0x07,0x54,0x1a,0x04,0x16,0x40,0xd0,0x99,0x25,0x30,0x8f,0x81,0x8a,0x41,0x2b,0x0f,0x5d,0x20,0x8f,0x81,
    0x8a,0x81,0x2a,0x0f,0x5d,0x20,0x8f,0x81,0x8a,0xc1,0x29,0x0f,0x5d,0x20,0x8f,0x81,0x8a,0x01,0x29,0x0f,0xb6,0x1d,0xc8,0xa3,
    0xda,0x60,0xc7,0x03,0x1d,0x6e,0x08,0x62,0x3d,0x00,0x83,0x59,0x06,0xf5,0x38,0x8f,0x60,0xb8,0xa1,0x0d,0x66,0x3d,0x00,0x83,
    0x59,0x06,0xf5,0x40,0x8f,0x60,0xb8,0xc1,0x0d,0x58,0x3d,0x00,0x83,0x59,0x06,0xf5,0x48,0x8f,0x60,0xb8,0xe1,0x0d,0x5e,0x3d,
    0x00,0x83,0xe9,0x86,0xc3,0x08,0x66,0x09,0xd4,0x63,0xa0,0x64,0x70,0xcc,0x43,0x48,0x0f,0xea,0x3c,0x24,0xf4,0x18,0x6e,0x88,
    0x03,0x59,0x0f,0xc8,0x60,0x96,0x61,0x3d,0xd8,0x23,0x18,0x6e,0x98,0x83,0x58,0x0f,0xc8,0x60,0xba,0xe1,0xb7,0x03,0x26,0x18,
    0x6e,0xa8,0x83,0x5a,0x0f,0xc8,0x60,0xba,0x21,0xbc,0x83,0x26,0x98,0x6e,0x10,0xef,0xc0,0x58,0x66,0x09,0xd8,0x63,0xa0,0x63,
    0xe0,0x87,0xf1,0x10,0x03,0xf5,0x10,0x83,0xf5,0x18,0xe8,0x18,0xf8,0x61,0x3c,0xc4,0x40,0x3d,0x94,0xf5,0x18,0xe8,0x18,0xf8,
    0x61,0x3c,0xc4,0x40,0x3d,0x90,0xf5,0x18,0xe8,0x18,0x5c,0x77,0x18,0x0f,0x4a,0x3d,0x90,0xf5,0xa8,0x54,0xdb,0xf5,0x40,0x4b,
    0xd5,0xe6,0x3c,0xd0,0xe1,0x86,0x60,0xce,0x03,0x30,0x98,0x65,0xc8,0x8f,0xf6,0x08,0x86,0x1b,0x84,0x39,0x0f,0xc0,0x60,0x96,
    0x21,0x3f,0xdc,0x23,0x18,0x6e,0x18,0xe6,0x3c,0x00,0x83,0x59,0x86,0xf7,0x80,0x8f,0x60,0xc4,0x60,0x01,0x40,0x10,0x0c,0x20,
    0x76,0x0f,0xfa,0x3c,0xa0,0xd1,0x60,0x46,0x03,0x19,0x0d,0x68,0x34,0x98,0xd1,0x40,0x46,0x83,0x11,0x03,0x03,0x00,0x41,0x30,
    0x90,0xd8,0x3d,0xe0,0xf3,0x20,0xb0,0xc0,0x46,0x03,0xf9,0x98,0x60,0xa3,0x81,0x7c,0x6c,0xb0,0xd1,0x40,0x3e,0x23,0x06,0x0b,
    0x00,0x82,0x60,0x00,0xc5,0x7b,0x20,0xea,0xc1,0x20,0x04,0xb4,0x19,0xcc,0x66,0x20,0x9b,0x81,0x05,0xf5,0x1d,0xc8,0xc7,0x02,
    0xdb,0x0c,0xe4,0x63,0x82,0x6d,0x06,0xf2,0xb1,0xc1,0x36,0x03,0xf9,0x18,0x32,0xc4,0xc7,0x90,0x21,0x3e,0x86,0x0c,0xf1,0x99,
    0x25,0xc8,0x8f,0xe1,0x86,0x08,0xd4,0x03,0x30,0x98,0x65,0x88,0x0f,0xf9,0x08,0x46,0x0c,0x16,0x00,0x04,0xc1,0x00,0xd2,0xf7,
    0x60,0xd5,0x03,0x31,0x0d,0xc2,0x34,0x00,0xd3,0x40,0x4c,0x83,0x30,0x0d,0xc0,0x34,0x18,0x31,0x30,0x00,0x10,0x04,0x03,0x49,
    0xdf,0x03,0x55,0x0f,0x02,0x0b,0xc8,0x34,0x90,0x8f,0x09,0x64,0x1a,0xc8,0xc7,0x06,0x32,0x0d,0xe4,0x33,0x62,0xb0,0x00,0x20,
    0x08,0x06,0xd0,0xbf,0x07,0xb0,0x1e,0x0c,0x42,0x20,0x9e,0x41,0x78,0x06,0xe0,0x19,0x58,0x30,0xe2,0x81,0x7c,0x2c,0x20,0xcf,
    0x40,0x3e,0x26,0x90,0x67,0x20,0x1f,0x1b,0xc8,0x33,0x90,0x8f,0x21,0x43,0x7c,0x0c,0x19,0xe2,0x63,0xc8,0x10,0x1f,0x0b,0x50,
    0x3c,0x80,0x8f,0x11,0x84,0x7c,0x8c,0x20,0xe4,0x63,0x42,0x00,0x1f,0x23,0x08,0xf9,0x98,0x10,0xc0,0x67,0xc4,0xc0,0x00,0x40,
    0x10,0x0c,0x24,0x96,0x0f,0x76,0x3d,0x08,0x2c,0x88,0xf1,0x40,0x3e,0x23,0x06,0x07,0x00,0x82,0x60,0xc0,0xc4,0x7c,0xf0,0xeb,
    0x41,0x30,0xe3,0x81,0x31,0x01,0x7d,0x8c,0x11,0xe8,0x63,0x02,0x8d,0x07,0xf0,0x31,0xa1,0xc6,0x03,0xf8,0xcc,0x12,0xe4,0xc7,
    0x70,0x43,0x1b,0xbc,0x7c,0x00,0x06,0xb3,0x0c,0xf9,0x31,0x1f,0xc1,0x70,0x83,0x1b,0xa0,0x7c,0x00,0x06,0xb3,0x0c,0xf9,0x41,
    0x1f,0xc1,0x70,0xc3,0x1b,0xac,0x7c,0x00,0x06,0xb3,0x0c,0xf9,0x51,0x1f,0xc1,0x70,0x03,0x1c,0xa4,0x7c,0x00,0x06,0xb3,0x0c,
    0xf9,0x61,0x1f,0xc1,0x70,0x43,0x1c,0xa0,0x7c,0x00,0x06,0xb3,0x0c,0xf9,0x71,0x1f,0xc1,0x70,0x83,0x1c,0xc4,0x7c,0x00,0x06,
    0xb3,0x0c,0xf9,0x81,0x1f,0xc1,0x70,0xc3,0x1c,0xb8,0x7c,0x00,0x06,0xd3,0x0d,0x38,0x1e,0xa8,0x78,0x10,0x4c,0x37,0xe0,0x78,
    0xa0,0xe2,0x81,0x30,0x4b,0x90,0x1f,0x03,0x5d,0x83,0x2b,0xbc,0x87,0x15,0x1f,0x20,0x2c,0xb0,0x87,0x4a,0x0b,0xed,0xc1,0xc3,
    0x83,0x7c,0x80,0xf1,0x30,0x1f,0x64,0x3c,0xd0,0x07,0x1a,0x0f,0xf5,0xc1,0xc6,0x83,0x7d,0xc0,0xf1,0x70,0x1f,0x04,0x7e,0x0c,
    0x74,0x0d,0xae,0xf0,0x1e,0x56,0x7c,0x80,0xb0,0xc0,0x1e,0x2a,0x2d,0xb4,0x07,0x0f,0x0f,0xf2,0x01,0xc6,0xc3,0x7c,0x90,0xf1,
    0x40,0x1f,0x68,0x3c,0xd4,0x07,0x1b,0x0f,0xf6,0x01,0xc7,0xc3,0x7d,0x10,0xf8,0x31,0xd0,0x35,0xb8,0xc2,0x7b,0xf8,0xf1,0x10,
    0x1f,0x20,0x2c,0xb0,0x87,0x4a,0x0b,0xed,0xe1,0xc7,0x83,0x7c,0xf8,0xf1,0x30,0x1f,0x7e,0x3c,0xd0,0x87,0x1f,0x0f,0xf5,0xe1,
    0xc7,0x83,0x7d,0xf8,0xf1,0x70,0x1f,0x7e,0x3c,0xe0,0xc7,0x68,0x02,0xc9,0x05,0x17,0x10,0x34,0xdc,0x10,0xf0,0x7c,0x00,0x06,
    0xb3,0x0c,0x22,0xa2,0x1f,0x41,0x09,0xe9,0x1e,0xa8,0x05,0xf0,0x1e,0x80,0x60,0xb8,0x21,0xb8,0xf9,0x80,0x0c,0x66,0x19,0xf6,
    0x83,0x3f,0x82,0x11,0x83,0x03,0x00,0x41,0x30,0xb8,0xc8,0x3e,0xc8,0xf7,0xa0,0xcc,0x03,0x7f,0x0f,0x46,0x13,0x02,0x60,0x34,
    0x41,0x08,0x46,0x13,0x06,0x61,0x34,0x81,0x18,0x46,0x0c,0x0e,0x00,0x04,0xc1,0xe0,0x4a,0xfb,0xc0,0xdf,0x03,0x35,0x0f,0x48,
    0x3e,0x18,0x4d,0x08,0x80,0xd1,0x04,0x21,0x18,0x4d,0x18,0x84,0xd1,0x04,0x62,0x18,0x31,0x38,0x00,0x10,0x04,0x83,0xcb,0xed,
    0x83,0x91,0x0f,0xde,0x3c,0x50,0xf9,0x60,0x34,0x21,0x00,0x46,0x13,0x84,0x60,0x34,0x61,0x10,0x46,0x13,0x88,0x61,0xc4,0xe0,
    0x00,0x40,0x10,0x0c,0xae,0xb9,0x0f,0x50,0x3e,0xa0,0xf3,0x00,0xe6,0x83,0xd1,0x84,0x00,0x18,0x4d,0x10,0x82,0xd1,0x84,0x41,
    0x18,0x4d,0x20,0x06,0x9b,0x3a,0xf9,0x8c,0x18,0x20,0x00,0x08,0x82,0x41,0x86,0xf7,0xc1,0xcb,0x07,0x4f,0x17,0x8c,0x18,0x20,
    0x00,0x08,0x82,0x41,0x96,0xf7,0x01,0xcc,0x07,0x4b,0x17,0x58,0x70,0x40,0xc7,0xac,0x30,0x90,0xcf,0x88,0x01,0x02,0x80,0x20,
    0x18,0x64,0x7c,0x1f,0xcc,0x7c,0x20,0x85,0x41,0x30,0x62,0x80,0x00,0x20,0x08,0x06,0x59,0xdf,0x07,0x34,0x1f,0x38,0x61,0x10,
    0x58,0xa0,0x40,0xc7,0xb2,0x32,0x90,0xcf,0x88,0x01,0x02,0x80,0x20,0x18,0x64,0xa0,0x1f,0xdc,0x7c,0x50,0x95,0x41,0x30,0x62,
    0x80,0x00,0x20,0x08,0x06,0x59,0xe8,0x07,0x38,0x1f,0x44,0x65,0x10,0x58,0xd0,0x40,0xc7,0xb8,0x34,0x90,0xcf,0x88,0x01,0x02,
    0x80,0x20,0x18,0x64,0xa4,0x1f,0xec,0x7c,0x80,0xa5,0x41,0x30,0x62,0x80,0x00,0x20,0x08,0x06,0x59,0xe9,0x07,0x3c,0x1f,0x50,
    0x69,0x10,0x58,0x00,0x41,0x67,0x96,0x80,0x3f,0x06,0x2a,0x06,0x6d,0x3f,0x74,0x41,0x3f,0x06,0x2a,0x06,0x6a,0x3f,0x74,0x41,
    0x3f,0x06,0x2a,0x06,0x67,0x3f,0x74,0x41,0x3f,0x06,0x2a,0x06,0x64,0x3f,0x78,0x7a,0xd0,0x8f,0x6a,0x83,0x99,0x0f,0x74,0xb8,
    0x21,0x48,0xfd,0x00,0x0c,0x66,0x19,0x40,0xa4,0x3f,0x82,0xe1,0x86,0x36,0x58,0xfd,0x00,0x0c,0x66,0x19,0x40,0xc4,0x3f,0x82,
    0xe1,0x06,0x37,0x20,0xfd,0x00,0x0c,0x66,0x19,0x40,0xe4,0x3f,0x82,0xe1,0x86,0x37,0x38,0xfd,0x00,0x0c,0xa6,0x1b,0x0e,0x23,
    0x98,0x25,0x00,0x91,0x81,0x92,0xc1,0xe1,0x0f,0xe1,0x3f,0xa8,0xfe,0x90,0xfc,0x63,0xb8,0x21,0x0e,0x54,0x3f,0x20,0x83,0x59,
    0x86,0x10,0x11,0x91,0x60,0xb8,0x61,0x0e,0x52,0x3f,0x20,0x83,0xe9,0x86,0x5b,0x0f,0x98,0x60,0xba,0x01,0xd7,0x03,0x22,0x99,
    0x25,0x10,0x91,0x81,0x8e,0x01,0x1f,0xf2,0xc3,0x03,0x11,0x2f,0x44,0x06,0x3a,0x06,0x7c,0xc8,0x0f,0x0f,0x44,0x8c,0x10,0x19,
    0xe8,0x18,0xf0,0x7a,0xc8,0x0f,0x07,0x44,0x8c,0x10,0x19,0x31,0x38,0x00,0x10,0x04,0x83,0x4b,0xf7,0x83,0xb7,0x0f,0x76,0x3d,
    0xf8,0xf9,0x60,0x34,0x21,0x10,0x86,0x23,0x02,0x70,0x0f,0x84,0x6f,0x96,0x61,0x44,0x48,0x24,0xb0,0x93,0x0d,0x4e,0x36,0x90,
    0x8f,0x9d,0x6c,0x70,0xb2,0x81,0x7c,0x2c,0x10,0xe0,0x63,0x28,0x1b,0xa0,0x6c,0x20,0x1f,0x13,0x02,0xf8,0x8c,0x18,0x18,0x00,
    0x08,0x82,0x81,0x34,0xfe,0x81,0xdc,0x07,0xc1,0x2c,0x01,0x89,0x0c,0x54,0x0c,0xc2,0x88,0xa0,0xb4,0x20,0x22,0x23,0x06,0x07,
    0x00,0x82,0x60,0x70,0x91,0x7f,0x90,0xf7,0x41,0xb9,0x07,0xa2,0x1f,0x8c,0x26,0x04,0xc0,0x68,0x82,0x10,0x8c,0x26,0x0c,0xc2,
    0x68,0x02,0x31,0x58,0xd0,0xee,0x01,0x7c,0x2e,0x20,0x68,0xb8,0x21,0x38,0xff,0x00,0x0c,0x66,0x19,0x54,0xa4,0x44,0x82,0xe1,
    0x06,0x21,0xfd,0x03,0x30,0x98,0x65,0x30,0x91,0x13,0x09,0xcc,0x50,0xe4,0x63,0xc1,0xbd,0x07,0xf2,0x19,0x31,0x30,0x00,0x10,
    0x04,0x03,0x09,0xfe,0x83,0xb9,0x0f,0x82,0x11,0x83,0x03,0x00,0x41,0x30,0x60,0xe8,0x3f,0x10,0xfd,0x20,0x90,0xf7,0x60,0xc4,
    0xe0,0x00,0x40,0x10,0x0c,0x98,0xfa,0x0f,0x40,0x3f,0x08,0xe8,0x3d,0x98,0x25,0x50,0x91,0xe1,0x06,0xe4,0xfc,0x03,0x30,0x98,
    0x65,0x40,0x91,0x14,0x09,0x8c,0x81,0xe4,0x63,0x41,0x20,0x1f,0x0b,0xfc,0x3d,0x90,0xcf,0x88,0x81,0x01,0x80,0x20,0x18,0x48,
    0xf7,0x1f,0xe8,0x7d,0x10,0x8c,0x18,0x1c,0x00,0x08,0x82,0x01,0xb3,0xff,0x41,0xea,0x07,0x41,0xbe,0x07,0x23,0x06,0x07,0x00,
    0x82,0x60,0xc0,0xf0,0x7f,0x70,0xfa,0x41,0xb0,0xef,0xc1,0x2c,0x81,0x8a,0xd8,0x44,0xc5,0x67,0xc4,0xc0,0x00,0x40,0x10,0x0c,
    0xa4,0xfd,0x0f,0xe8,0x3f,0x08,0x86,0x23,0x82,0x90,0x0f,0x88,0x6f,0x38,0x62,0xf0,0xf7,0x80,0xf8,0xa6,0x1b,0x50,0x3e,0x18,
    0xf9,0x20,0x98,0x6e,0x08,0x8a,0xc1,0x32,0x2e,0x3e,0x16,0x08,0xf4,0x19,0x31,0x38,0x00,0x10,0x04,0x03,0xa6,0x04,0x85,0xd9,
    0x0f,0x82,0x91,0x0f,0x46,0x0c,0x0e,0x00,0x04,0xc1,0x80,0x31,0x41,0x21,0xf6,0x83,0xa0,0xe4,0x83,0x59,0x02,0x15,0x19,0x28,
    0x19,0xc8,0xc0,0x44,0x2c,0x14,0x11,0x52,0x84,0xc5,0x07,0x12,0x19,0x4d,0x20,0xd3,0x40,0x18,0x8e,0x08,0x52,0x3e,0x10,0xbe,
    0x59,0x86,0x15,0x61,0x91,0xc0,0xea,0x2d,0x6e,0x03,0xf9,0x58,0xbd,0xc9,0x6d,0x20,0x1f,0xab,0xb7,0xb9,0x0d,0xe4,0x63,0xf5,
    0x46,0xb7,0x81,0x7c,0x2c,0xc4,0xea,0x36,0x90,0x8f,0x85,0x98,0xdd,0x06,0xf2,0xb1,0x10,0xbb,0xdb,0x40,0x3e,0x16,0x62,0x78,
    0x1b,0xc8,0xc7,0x5a,0x2a,0x6f,0x03,0xf9,0x58,0x4b,0xe9,0x6d,0x20,0x1f,0x6b,0xa9,0xbd,0x0d,0xe4,0x63,0x2d,0xc5,0xb7,0x81,
    0x7c,0x2c,0x87,0xfa,0x36,0x90,0x8f,0xe5,0x90,0xdf,0x06,0xf2,0xb1,0x1c,0xfa,0xdb,0x40,0x3e,0x96,0x43,0xa0,0x1b,0xc8,0xc7,
    0xca,0x26,0x74,0x03,0xf9,0x58,0xd9,0x88,0x6e,0x20,0x1f,0x2b,0x9b,0xd1,0x0d,0xe4,0x63,0x65,0x43,0xba,0x81,0x7c,0x2c,0x4e,
    0x4a,0x37,0x90,0x8f,0xc5,0x89,0xe9,0x06,0xf2,0xb1,0x38,0x39,0xdd,0x40,0x3e,0x16,0x27,0xa8,0x1b,0xc8,0xc7,0xfa,0x22,0x75,
    0x03,0xf9,0x58,0x5f,0xa8,0x6e,0x20,0x1f,0xeb,0x8b,0xd5,0x0d,0xe4,0x63,0x7d,0xc1,0xba,0x81,0x7c,0x6c,0x15,0x5a,0x37,0x90,
    0x8f,0xad,0x82,0xeb,0x06,0xf2,0xb1,0x55,0x78,0xdd,0x40,0x3e,0xb3,0x04,0x2c,0x32,0x50,0x31,0xf8,0xc1,0x8a,0xa0,0x79,0xa0,
    0x22,0x03,0x15,0x83,0x1f,0xac,0x08,0x9a,0x07,0x2a,0x32,0x50,0x31,0xf8,0xc1,0x8a,0xa0,0x79,0xa0,0x22,0x03,0x15,0x83,0x1f,
    0xac,0x08,0x9a,0x07,0x2a,0x32,0x50,0x31,0xf8,0xc1,0x8a,0x80,0x72,0xa0,0x22,0x03,0x15,0x83,0x1f,0xac,0x08,0x28,0x07,0x2a,
    0x32,0x50,0x31,0xf8,0xc1,0x8a,0x80,0x72,0xa0,0x22,0x03,0x15,0x83,0x1f,0xac,0x08,0x28,0x07,0x2a,0x32,0x50,0x31,0xf8,0xc1,
    0x8a,0xe0,0x6a,0xa0,0x22,0x03,0x15,0x83,0x1f,0xac,0x08,0xae,0x06,0x2a,0x32,0x50,0x31,0xf8,0xc1,0x8a,0xe0,0x6a,0xa0,0x22,
    0x03,0x15,0x83,0x1f,0xac,0x08,0xae,0x06,0x2a,0x32,0x50,0x31,0xf8,0xc1,0x8a,0xc0,0x63,0xa0,0x22,0x03,0x15,0x83,0x1f,0xac,
    0x08,0x3c,0x06,0x2a,0x32,0x50,0x31,0xf8,0xc1,0x8a,0xc0,0x63,0xa0,0x22,0x03,0x15,0x83,0x1f,0xac,0x08,0x3c,0x06,0x2a,0x32,
    0x50,0x31,0xf8,0xc1,0x8a,0xa0,0x9c,0x8a,0x0c,0x54,0x0c,0x7e,0xb0,0x22,0x28,0xa7,0x22,0x03,0x15,0x83,0x1f,0xac,0x08,0xca,
    0xa9,0xc8,0x40,0xc5,0xe0,0x07,0x2b,0x82,0x72,0x2a,0x32,0x50,0x31,0xf8,0xc1,0x8a,0x80,0x95,0x8a,0x0c,0x54,0x0c,0x7e,0xb0,
    0x22,0x60,0xa5,0x22,0x03,0x15,0x83,0x1f,0xac,0x08,0x58,0xa9,0xc8,0x40,0xc5,0xe0,0x07,0x2b,0x02,0x56,0x2a,0x32,0x50,0x31,
    0xf8,0xc1,0x8a,0xe0,0x8d,0x8a,0x0c,0x54,0x0c,0x7e,0xb0,0x22,0x78,0xa3,0x22,0x03,0x15,0x83,0x1f,0xac,0x08,0xde,0xa8,0xc8,
    0x40,0xc5,0xe0,0x07,0x2b,0x82,0x37,0x2a,0x32,0x50,0x31,0xf8,0xc1,0x8a,0xd0,0x86,0x8a,0x0c,0x54,0x0c,0x7e,0xb0,0x22,0xb4,
    0xa1,0x22,0x03,0x15,0x83,0x1f,0xac,0x08,0x6d,0xa8,0xc8,0x68,0x02,0xb9,0x06,0x81,0x05,0xf0,0x1b,0xc8,0xc7,0xe4,0x37,0x08,
    0xe2,0x33,0x9a,0x70,0xae,0xc1,0x30,0x1c,0x11,0xb0,0x7e,0x20,0x7c,0xb3,0x0c,0x2d,0xe2,0x22,0xc1,0x70,0x84,0x10,0xfb,0x81,
    0xf0,0x4d,0x37,0xe4,0x7d,0x70,0xf6,0x41,0x30,0xdd,0x90,0xf7,0xc1,0xd9,0x07,0xc2,0x88,0xc1,0x01,0x80,0x20,0x18,0x5c,0xac,
    0x28,0x84,0xa1,0xd0,0xfa,0xc1,0x1a,0x0a,0xa3,0x09,0x01,0x30,0x9a,0x20,0x04,0x56,0xe8,0x6f,0x20,0x1f,0x0b,0x06,0xf9,0x98,
    0xc1,0xbf,0x81,0x7c,0x2c,0x20,0xe4,0x63,0x43,0x08,0x07,0xf0,0x31,0x21,0x84,0x03,0xf8,0xcc,0x12,0xb8,0xc8,0x40,0xc5,0x40,
    0xb4,0x88,0x09,0x0e,0x2c,0x32,0x50,0x31,0x10,0x2d,0x62,0x82,0x03,0x8b,0x8c,0x18,0x24,0x00,0x08,0x82,0x81,0xc2,0x8b,0x42,
    0x2a,0x0a,0xb3,0x28,0xcc,0xa2,0x10,0x8a,0x82,0x30,0x62,0x90,0x00,0x20,0x08,0x06,0x0a,0x2f,0x0a,0xa9,0x28,0xcc,0xa2,0x30,
    0x8b,0x02,0x1f,0x0a,0xc1,0x88,0x41,0x02,0x80,0x20,0x18,0x28,0xbc,0x28,0xa4,0xa2,0x30,0x8b,0xc2,0x2c,0x0a,0x7d,0x28,0x44,
    0x23,0x06,0x09,0x00,0x82,0x60,0xa0,0xf0,0xa2,0x90,0x8a,0xc2,0x2c,0x0a,0xb3,0x28,0xfc,0xa1,0x20,0xc2,0xc1,0x88,0x41,0x02,
    0x80,0x20,0x18,0x28,0xbc,0x28,0xa4,0xa2,0x40,0x8b,0xc2,0x2c,0x0a,0xa1,0x28,0xe4,0x62,0x30,0x62,0x90,0x00,0x20,0x08,0x06,
    0x0a,0x2f,0x0a,0xa9,0x28,0xd0,0xa2,0x30,0x8b,0x02,0x1f,0x0a,0xb8,0x18,0x8c,0x18,0x24,0x00,0x08,0x82,0x81,0xc2,0x8b,0x42,
    0x2a,0x0a,0xb4,0x28,0xcc,0xa2,0xd0,0x87,0xc2,0x2d,0x06,0x23,0x06,0x09,0x00,0x82,0x60,0xa0,0xf0,0xa2,0x90,0x8a,0x02,0x2d,
    0x0a,0xb3,0x28,0xfc,0xa1,0x60,0x8b,0xc1,0x88,0x41,0x02,0x80,0x20,0x18,0x28,0xbc,0x28,0xa4,0xa2,0xc0,0x8a,0xc2,0x2c,0x0a,
    0xa1,0x28,0xd4,0x62,0x30,0x62,0x90,0x00,0x20,0x08,0x06,0x0a,0x2f,0x0a,0xa9,0x28,0xb0,0xa2,0x30,0x8b,0x02,0x1f,0x0a,0xb4,
    0x18,0x8c,0x18,0x24,0x00,0x08,0x82,0x81,0xc2,0x8b,0x42,0x2a,0x0a,0xac,0x28,0xcc,0xa2,0xd0,0x87,0xc2,0x2c,0x06,0x23,0x06,
    0x09,0x00,0x82,0x60,0xa0,0xf0,0xa2,0x90,0x8a,0x02,0x2b,0x0a,0xb3,0x28,0xfc,0xa1,0xc0,0xf7,0xc1,0x88,0x41,0x02,0x80,0x20,
    0x18,0x28,0xbc,0x28,0xa4,0xa2,0xe0,0x8a,0xc2,0x2c,0x0a,0xa1,0x28,0xe4,0x62,0x30,0x62,0x90,0x00,0x20,0x08,0x06,0x0a,0x2f,
    0x0a,0xa9,0x28,0xb8,0xa2,0x30,0x8b,0x02,0x1f,0x0a,0xb8,0x18,0x8c,0x18,0x24,0x00,0x08,0x82,0x81,0xc2,0x8b,0x42,0x2a,0x0a,
    0xae,0x28,0xcc,0xa2,0xd0,0x87,0xc2,0x2d,0x06,0x23,0x06,0x09,0x00,0x82,0x60,0xa0,0xf0,0xa2,0x90,0x8a,0x82,0x2b,0x0a,0xb3,
    0x28,0xfc,0xa1,0x60,0x8b,0xc1,0x88,0x41,0x02,0x80,0x20,0x18,0x28,0xbc,0x28,0xa4,0xa2,0xb0,0x8a,0xc2,0x2c,0x0a,0xa1,0x28,
    0xd4,0x62,0x30,0x62,0x90,0x00,0x20,0x08,0x06,0x0a,0x2f,0x0a,0xa9,0x28,0xac,0xa2,0x30,0x8b,0x02,0x1f,0x0a,0xb4,0x18,0x8c,
    0x18,0x24,0x00,0x08,0x82,0x81,0xc2,0x8b,0x42,0x2a,0x0a,0xab,0x28,0xcc,0xa2,0xd0,0x87,0xc2,0x2c,0x06,0x23,0x06,0x09,0x00,
    0x82,0x60,0xa0,0xf0,0xa2,0x90,0x8a,0xc2,0x2a,0x0a,0xb3,0x28,0xfc,0xa1,0xc0,0xf7,0xc1,0x88,0x41,0x02,0x80,0x20,0x18,0x28,
    0xbc,0x28,0xa4,0xa2,0x90,0x8a,0xc2,0x2c,0x0a,0xa1,0x28,0xc8,0xc1,0x88,0x41,0x02,0x80,0x20,0x18,0x28,0xbc,0x28,0xa4,0xa2,
    0x90,0x8a,0xc2,0x2c,0x0a,0x7c,0x28,0xc4,0xc1,0x88,0x41,0x02,0x80,0x20,0x18,0x28,0xbc,0x28,0xa4,0xa2,0x90,0x8a,0xc2,0x2c,
    0x0a,0x7d,0x28,0xc0,0xc1,0x88,0x41,0x02,0x80,0x20,0x18,0x28,0xbc,0x28,0xa4,0xa2,0x90,0x8a,0xc2,0x2c,0x0a,0x7f,0x28,0xbc,
    0xc1,0x88,0x41,0x02,0x80,0x20,0x18,0x28,0xbc,0x28,0xa4,0xa2,0x10,0x8b,0xc2,0x2c,0x0a,0xa1,0x28,0xb8,0xc1,0x88,0x41,0x02,
    0x80,0x20,0x18,0x28,0xbc,0x28,0xa4,0xa2,0x10,0x8b,0xc2,0x2c,0x0a,0x7c,0x28,0xb4,0xc1,0x88,0x41,0x02,0x80,0x20,0x18,0x28,
    0xbc,0x28,0xa4,0xa2,0x10,0x8b,0xc2,0x2c,0x0a,0x7d,0x28,0xb0,0xc1,0x88,0x41,0x02,0x80,0x20,0x18,0x28,0xbc,0x28,0xa4,0xa2,
    0x10,0x8b,0xc2,0x2c,0x0a,0x7f,0x28,0xac,0xc1,0x88,0x41,0x02,0x80,0x20,0x18,0x28,0xbc,0x28,0xa4,0xa2,0xd0,0x8a,0xc2,0x2c,
    0x0a,0xa1,0x28,0xa8,0xc1,0x88,0x41,0x02,0x80,0x20,0x18,0x28,0xbc,0x28,0xa4,0xa2,0xd0,0x8a,0xc2,0x2c,0x0a,0x7c,0x28,0xa4,
    0xc1,0x88,0x41,0x02,0x80,0x20,0x18,0x28,0xbc,0x28,0xa4,0xa2,0xd0,0x8a,0xc2,0x2c,0x0a,0x7d,0x28,0xa0,0xc1,0x88,0x41,0x02,
    0x80,0x20,0x18,0x28,0xbc,0x28,0xa4,0xa2,0xd0,0x8a,0xc2,0x2c,0x0a,0x7f,0x28,0x9c,0xc1,0x88,0x41,0x02,0x80,0x20,0x18,0x28,
    0xbc,0x28,0xa4,0xa2,0x20,0x8b,0xc2,0x2c,0x0a,0xa1,0x28,0x98,0xc1,0x88,0x41,0x02,0x80,0x20,0x18,0x28,0xbc,0x28,0xa4,0xa2,
    0x20,0x8b,0xc2,0x2c,0x0a,0x7c,0x28,0x94,0xc1,0x88,0x41,0x02,0x80,0x20,0x18,0x28,0xbc,0x28,0xa4,0xa2,0x20,0x8b,0xc2,0x2c,
    0x0a,0x7d,0x28,0x90,0xc1,0x88,0x41,0x02,0x80,0x20,0x18,0x28,0xbc,0x28,0xa4,0xa2,0x20,0x8b,0xc2,0x2c,0x0a,0x7f,0x28,0x8c,
    0xc1,0x88,0x41,0x02,0x80,0x20,0x18,0x28,0xbc,0x28,0xa4,0xa2,0x80,0x8a,0xc2,0x2c,0x0a,0xa1,0x28,0x88,0xc1,0x88,0x41,0x02,
    0x80,0x20,0x18,0x28,0xbc,0x28,0xa4,0xa2,0x80,0x8a,0xc2,0x2c,0x0a,0x7c,0x28,0x84,0xc1,0x88,0x41,0x02,0x80,0x20,0x18,0x28,
    0xbc,0x28,0xa4,0xa2,0x80,0x8a,0xc2,0x2c,0x0a,0x7d,0x28,0x80,0xc1,0x88,0x41,0x02,0x80,0x20,0x18,0x28,0xbc,0x28,0xa4,0xa2,
    0x80,0x8a,0xc2,0x2c,0x0a,0x7f,0x28,0x7c,0x23,0x06,0x09,0x00,0x82,0x60,0xa0,0xf0,0xa2,0x90,0x8a,0xc2,0x29,0x0a,0xb3,0x28,
    0x84,0xa2,0xe0,0x8d,0x18,0x24,0x00,0x08,0x82,0x81,0xc2,0x8b,0x42,0x2a,0x0a,0xa7,0x28,0xcc,0xa2,0xc0,0x87,0x42,0x37,0x62,
    0x90,0x00,0x20,0x08,0x06,0x0a,0x2f,0x0a,0xa9,0x28,0x9c,0xa2,0x30,0x8b,0x42,0x1f,0x0a,0xdc,0x88,0x41,0x02,0x80,0x20,0x18,
    0x28,0xbc,0x28,0xa4,0xa2,0x70,0x8a,0xc2,0x2c,0x0a,0x7f,0x28,0x6c,0x23,0x06,0x09,0x00,0x82,0x60,0xa0,0xf0,0xa2,0x90,0x8a,
    0x82,0x29,0x0a,0xb3,0x28,0x84,0xa2,0xa0,0x8d,0x18,0x24,0x00,0x08,0x82,0x81,0xc2,0x8b,0x42,0x2a,0x0a,0xa6,0x28,0xcc,0xa2,
    0xc0,0x87,0x42,0x36,0x62,0x90,0x00,0x20,0x08,0x06,0x0a,0x2f,0x0a,0xa9,0x28,0x98,0xa2,0x30,0x8b,0x42,0x1f,0x0a,0xd8,0x88,
    0x41,0x02,0x80,0x20,0x18,0x28,0xbc,0x28,0xa4,0xa2,0x60,0x8a,0xc2,0x2c,0x0a,0x7f,0x28,0x5c,0x23,0x06,0x09,0x00,0x82,0x60,
    0xa0,0xf0,0xa2,0x90,0x8a,0x42,0x29,0x0a,0xb3,0x28,0x84,0xa2,0x60,0x8d,0x18,0x24,0x00,0x08,0x82,0x81,0xc2,0x8b,0x42,0x2a,
    0x0a,0xa5,0x28,0xcc,0xa2,0xc0,0x87,0x42,0x35,0x62,0x90,0x00,0x20,0x08,0x06,0x0a,0x2f,0x0a,0xa9,0x28,0x94,0xa2,0x30,0x8b,
    0x42,0x1f,0x0a,0xb4,0x30,0x62,0x90,0x00,0x20,0x08,0x06,0x0a,0x2f,0x0a,0xa9,0x28,0x94,0xa2,0x30,0x8b,0xc2,0x1f,0x0a,0xd4,
    0x88,0x41,0x02,0x80,0x20,0x18,0x28,0xbc,0x28,0xa4,0xa2,0x40,0x8a,0xc2,0x2c,0x0a,0xa1,0x28,0x88,0x70,0x30,0x62,0x90,0x00,
    0x20,0x08,0x06,0x0a,0x2f,0x0a,0xa9,0x28,0x90,0xa2,0x30,0x8b,0x02,0x1f,0x0a,0x79,0x1b,0x8c,0x18,0x24,0x00,0x08,0x82,0x81,
    0xc2,0x8b,0x42,0x2a,0x0a,0xa4,0x28,0xcc,0xa2,0xd0,0x87,0x02,0xde,0x06,0x23,0x06,0x09,0x00,0x82,0x60,0xa0,0xf0,0xa2,0x90,
    0x8a,0x02,0x29,0x0a,0xb3,0x28,0xfc,0xa1,0xa0,0xfb,0xc1,0x88,0x41,0x02,0x80,0x20,0x18,0x28,0xbc,0x28,0xa4,0xa2,0x30,0x8a,
    0xc2,0x2c,0x0a,0xa1,0x28,0xb4,0x6f,0x30,0x62,0x90,0x00,0x20,0x08,0x06,0x0a,0x2f,0x0a,0xa9,0x28,0x8c,0xa2,0x30,0x8b,0x02,
    0x1f,0x0a,0xe5,0x1b,0x8c,0x18,0x24,0x00,0x08,0x82,0x81,0xc2,0x8b,0x42,0x2a,0x0a,0xa3,0x28,0xcc,0xa2,0xd0,0x87,0x42,0xef,
    0x06,0x23,0x06,0x09,0x00,0x82,0x60,0xa0,0xf0,0xa2,0x90,0x8a,0xc2,0x28,0x0a,0xb3,0x28,0xfc,0xa1,0x50,0xbb,0xc1,0x88,0x41,
    0x02,0x80,0x20,0x18,0x28,0xbc,0x28,0xa4,0xa2,0xa0,0x8a,0xc2,0x2c,0x0a,0xa1,0x28,0xb4,0x6e,0x30,0x62,0x90,0x00,0x20,0x08,
    0x06,0x0a,0x2f,0x0a,0xa9,0x28,0xa8,0xa2,0x30,0x8b,0x02,0x1f,0x0a,0xa5,0x1b,0x8c,0x18,0x24,0x00,0x08,0x82,0x81,0xc2,0x8b,
    0x42,0x2a,0x0a,0xaa,0x28,0xcc,0xa2,0xd0,0x87,0x42,0xee,0x07,0x23,0x06,0x09,0x00,0x82,0x60,0xa0,0xf0,0xa2,0x90,0x8a,0x82,
    0x2a,0x0a,0xb3,0x28,0xfc,0xa1,0x90,0xfb,0x01,0x02,0x00,0x00,0x00,0x00,0x00,0x00,
};
