// Generated by compile_native_shaders.py. Native payload; never a bgfx container.
static const unsigned char s_sdl_dxil_fs_ff_stage_compare6[] = {
    0x44,0x58,0x42,0x43,0x65,0xe0,0x00,0x16,0xdb,0xea,0xc9,0xa0,0x6a,0x3d,0xe1,0x01,0x8e,0x06,0xc2,0xed,0x01,0x00,0x00,0x00,
    0x04,0xc1,0x00,0x00,0x07,0x00,0x00,0x00,0x3c,0x00,0x00,0x00,0x4c,0x00,0x00,0x00,0x34,0x02,0x00,0x00,0x70,0x02,0x00,0x00,
    0x5c,0x08,0x00,0x00,0x64,0x18,0x00,0x00,0x80,0x18,0x00,0x00,0x53,0x46,0x49,0x30,0x08,0x00,0x00,0x00,0x00,0x00,0x00,0x00,
    0x00,0x00,0x00,0x00,0x49,0x53,0x47,0x31,0xe0,0x01,0x00,0x00,0x0e,0x00,0x00,0x00,0x08,0x00,0x00,0x00,0x00,0x00,0x00,0x00,
    0xc8,0x01,0x00,0x00,0x00,0x00,0x00,0x00,0x01,0x00,0x00,0x00,0x03,0x00,0x00,0x00,0x00,0x00,0x00,0x00,0x0f,0x00,0x00,0x00,
    0x00,0x00,0x00,0x00,0x00,0x00,0x00,0x00,0xd4,0x01,0x00,0x00,0x00,0x00,0x00,0x00,0x00,0x00,0x00,0x00,0x03,0x00,0x00,0x00,
    0x01,0x00,0x00,0x00,0x0f,0x0f,0x00,0x00,0x00,0x00,0x00,0x00,0x00,0x00,0x00,0x00,0xd4,0x01,0x00,0x00,0x01,0x00,0x00,0x00,
    0x00,0x00,0x00,0x00,0x03,0x00,0x00,0x00,0x02,0x00,0x00,0x00,0x0f,0x0f,0x00,0x00,0x00,0x00,0x00,0x00,0x00,0x00,0x00,0x00,
    0xd4,0x01,0x00,0x00,0x02,0x00,0x00,0x00,0x00,0x00,0x00,0x00,0x03,0x00,0x00,0x00,0x03,0x00,0x00,0x00,0x0f,0x0f,0x00,0x00,
    0x00,0x00,0x00,0x00,0x00,0x00,0x00,0x00,0xd4,0x01,0x00,0x00,0x03,0x00,0x00,0x00,0x00,0x00,0x00,0x00,0x03,0x00,0x00,0x00,
    0x04,0x00,0x00,0x00,0x0f,0x0f,0x00,0x00,0x00,0x00,0x00,0x00,0x00,0x00,0x00,0x00,0xd4,0x01,0x00,0x00,0x04,0x00,0x00,0x00,
    0x00,0x00,0x00,0x00,0x03,0x00,0x00,0x00,0x05,0x00,0x00,0x00,0x0f,0x0f,0x00,0x00,0x00,0x00,0x00,0x00,0x00,0x00,0x00,0x00,
    0xd4,0x01,0x00,0x00,0x05,0x00,0x00,0x00,0x00,0x00,0x00,0x00,0x03,0x00,0x00,0x00,0x06,0x00,0x00,0x00,0x0f,0x0f,0x00,0x00,
    0x00,0x00,0x00,0x00,0x00,0x00,0x00,0x00,0xd4,0x01,0x00,0x00,0x06,0x00,0x00,0x00,0x00,0x00,0x00,0x00,0x03,0x00,0x00,0x00,
    0x07,0x00,0x00,0x00,0x0f,0x0f,0x00,0x00,0x00,0x00,0x00,0x00,0x00,0x00,0x00,0x00,0xd4,0x01,0x00,0x00,0x07,0x00,0x00,0x00,
    0x00,0x00,0x00,0x00,0x03,0x00,0x00,0x00,0x08,0x00,0x00,0x00,0x0f,0x0f,0x00,0x00,0x00,0x00,0x00,0x00,0x00,0x00,0x00,0x00,
    0xd4,0x01,0x00,0x00,0x08,0x00,0x00,0x00,0x00,0x00,0x00,0x00,0x03,0x00,0x00,0x00,0x09,0x00,0x00,0x00,0x0f,0x0f,0x00,0x00,
    0x00,0x00,0x00,0x00,0x00,0x00,0x00,0x00,0xd4,0x01,0x00,0x00,0x09,0x00,0x00,0x00,0x00,0x00,0x00,0x00,0x03,0x00,0x00,0x00,
    0x0a,0x00,0x00,0x00,0x0f,0x0f,0x00,0x00,0x00,0x00,0x00,0x00,0x00,0x00,0x00,0x00,0xd4,0x01,0x00,0x00,0x0a,0x00,0x00,0x00,
    0x00,0x00,0x00,0x00,0x03,0x00,0x00,0x00,0x0b,0x00,0x00,0x00,0x0f,0x0f,0x00,0x00,0x00,0x00,0x00,0x00,0x00,0x00,0x00,0x00,
    0xd4,0x01,0x00,0x00,0x0b,0x00,0x00,0x00,0x00,0x00,0x00,0x00,0x03,0x00,0x00,0x00,0x0c,0x00,0x00,0x00,0x0f,0x0f,0x00,0x00,
    0x00,0x00,0x00,0x00,0x00,0x00,0x00,0x00,0xd4,0x01,0x00,0x00,0x0c,0x00,0x00,0x00,0x00,0x00,0x00,0x00,0x03,0x00,0x00,0x00,
    0x0d,0x00,0x00,0x00,0x0f,0x0d,0x00,0x00,0x00,0x00,0x00,0x00,0x53,0x56,0x5f,0x50,0x6f,0x73,0x69,0x74,0x69,0x6f,0x6e,0x00,
    0x54,0x45,0x58,0x43,0x4f,0x4f,0x52,0x44,0x00,0x00,0x00,0x00,0x4f,0x53,0x47,0x31,0x34,0x00,0x00,0x00,0x01,0x00,0x00,0x00,
    0x08,0x00,0x00,0x00,0x00,0x00,0x00,0x00,0x28,0x00,0x00,0x00,0x00,0x00,0x00,0x00,0x40,0x00,0x00,0x00,0x03,0x00,0x00,0x00,
    0x00,0x00,0x00,0x00,0x0f,0x00,0x00,0x00,0x00,0x00,0x00,0x00,0x53,0x56,0x5f,0x54,0x61,0x72,0x67,0x65,0x74,0x00,0x00,0x00,
    0x50,0x53,0x56,0x30,0xe4,0x05,0x00,0x00,0x34,0x00,0x00,0x00,0x00,0x00,0x00,0x00,0x00,0x00,0x00,0x00,0x00,0x00,0x00,0x00,
    0x00,0x00,0x00,0x00,0x00,0x00,0x00,0x00,0xff,0xff,0xff,0xff,0x00,0x00,0x00,0x00,0x0e,0x01,0x00,0x0e,0x01,0x00,0x00,0x00,
    0x00,0x00,0x00,0x00,0x00,0x00,0x00,0x00,0x00,0x00,0x00,0x00,0x76,0x00,0x00,0x00,0x21,0x00,0x00,0x00,0x18,0x00,0x00,0x00,
    0x02,0x00,0x00,0x00,0x03,0x00,0x00,0x00,0x00,0x00,0x00,0x00,0x00,0x00,0x00,0x00,0x0d,0x00,0x00,0x00,0x00,0x00,0x00,0x00,
    0x01,0x00,0x00,0x00,0x02,0x00,0x00,0x00,0x00,0x00,0x00,0x00,0x00,0x00,0x00,0x00,0x0e,0x00,0x00,0x00,0x00,0x00,0x00,0x00,
    0x01,0x00,0x00,0x00,0x02,0x00,0x00,0x00,0x01,0x00,0x00,0x00,0x01,0x00,0x00,0x00,0x0e,0x00,0x00,0x00,0x00,0x00,0x00,0x00,
    0x01,0x00,0x00,0x00,0x02,0x00,0x00,0x00,0x02,0x00,0x00,0x00,0x02,0x00,0x00,0x00,0x0e,0x00,0x00,0x00,0x00,0x00,0x00,0x00,
    0x01,0x00,0x00,0x00,0x02,0x00,0x00,0x00,0x03,0x00,0x00,0x00,0x03,0x00,0x00,0x00,0x0e,0x00,0x00,0x00,0x00,0x00,0x00,0x00,
    0x01,0x00,0x00,0x00,0x02,0x00,0x00,0x00,0x04,0x00,0x00,0x00,0x04,0x00,0x00,0x00,0x0e,0x00,0x00,0x00,0x00,0x00,0x00,0x00,
    0x01,0x00,0x00,0x00,0x02,0x00,0x00,0x00,0x05,0x00,0x00,0x00,0x05,0x00,0x00,0x00,0x0e,0x00,0x00,0x00,0x00,0x00,0x00,0x00,
    0x01,0x00,0x00,0x00,0x02,0x00,0x00,0x00,0x06,0x00,0x00,0x00,0x06,0x00,0x00,0x00,0x0e,0x00,0x00,0x00,0x00,0x00,0x00,0x00,
    0x01,0x00,0x00,0x00,0x02,0x00,0x00,0x00,0x07,0x00,0x00,0x00,0x07,0x00,0x00,0x00,0x0e,0x00,0x00,0x00,0x00,0x00,0x00,0x00,
    0x01,0x00,0x00,0x00,0x02,0x00,0x00,0x00,0x08,0x00,0x00,0x00,0x08,0x00,0x00,0x00,0x0e,0x00,0x00,0x00,0x00,0x00,0x00,0x00,
    0x01,0x00,0x00,0x00,0x02,0x00,0x00,0x00,0x09,0x00,0x00,0x00,0x09,0x00,0x00,0x00,0x0e,0x00,0x00,0x00,0x00,0x00,0x00,0x00,
    0x01,0x00,0x00,0x00,0x02,0x00,0x00,0x00,0x0a,0x00,0x00,0x00,0x0a,0x00,0x00,0x00,0x0e,0x00,0x00,0x00,0x00,0x00,0x00,0x00,
    0x01,0x00,0x00,0x00,0x02,0x00,0x00,0x00,0x0b,0x00,0x00,0x00,0x0b,0x00,0x00,0x00,0x0e,0x00,0x00,0x00,0x00,0x00,0x00,0x00,
    0x01,0x00,0x00,0x00,0x02,0x00,0x00,0x00,0x0c,0x00,0x00,0x00,0x0c,0x00,0x00,0x00,0x0e,0x00,0x00,0x00,0x00,0x00,0x00,0x00,
    0x01,0x00,0x00,0x00,0x02,0x00,0x00,0x00,0x0d,0x00,0x00,0x00,0x0d,0x00,0x00,0x00,0x0e,0x00,0x00,0x00,0x00,0x00,0x00,0x00,
    0x01,0x00,0x00,0x00,0x02,0x00,0x00,0x00,0x0e,0x00,0x00,0x00,0x0e,0x00,0x00,0x00,0x0e,0x00,0x00,0x00,0x00,0x00,0x00,0x00,
    0x01,0x00,0x00,0x00,0x02,0x00,0x00,0x00,0x0f,0x00,0x00,0x00,0x0f,0x00,0x00,0x00,0x0e,0x00,0x00,0x00,0x00,0x00,0x00,0x00,
    0x03,0x00,0x00,0x00,0x02,0x00,0x00,0x00,0x00,0x00,0x00,0x00,0x00,0x00,0x00,0x00,0x02,0x00,0x00,0x00,0x00,0x00,0x00,0x00,
    0x03,0x00,0x00,0x00,0x02,0x00,0x00,0x00,0x01,0x00,0x00,0x00,0x01,0x00,0x00,0x00,0x02,0x00,0x00,0x00,0x00,0x00,0x00,0x00,
    0x03,0x00,0x00,0x00,0x02,0x00,0x00,0x00,0x02,0x00,0x00,0x00,0x02,0x00,0x00,0x00,0x02,0x00,0x00,0x00,0x00,0x00,0x00,0x00,
    0x03,0x00,0x00,0x00,0x02,0x00,0x00,0x00,0x03,0x00,0x00,0x00,0x03,0x00,0x00,0x00,0x02,0x00,0x00,0x00,0x00,0x00,0x00,0x00,
    0x03,0x00,0x00,0x00,0x02,0x00,0x00,0x00,0x04,0x00,0x00,0x00,0x04,0x00,0x00,0x00,0x02,0x00,0x00,0x00,0x00,0x00,0x00,0x00,
    0x03,0x00,0x00,0x00,0x02,0x00,0x00,0x00,0x05,0x00,0x00,0x00,0x05,0x00,0x00,0x00,0x02,0x00,0x00,0x00,0x00,0x00,0x00,0x00,
    0x03,0x00,0x00,0x00,0x02,0x00,0x00,0x00,0x06,0x00,0x00,0x00,0x06,0x00,0x00,0x00,0x02,0x00,0x00,0x00,0x00,0x00,0x00,0x00,
    0x03,0x00,0x00,0x00,0x02,0x00,0x00,0x00,0x07,0x00,0x00,0x00,0x07,0x00,0x00,0x00,0x02,0x00,0x00,0x00,0x00,0x00,0x00,0x00,
    0x03,0x00,0x00,0x00,0x02,0x00,0x00,0x00,0x08,0x00,0x00,0x00,0x08,0x00,0x00,0x00,0x05,0x00,0x00,0x00,0x00,0x00,0x00,0x00,
    0x03,0x00,0x00,0x00,0x02,0x00,0x00,0x00,0x09,0x00,0x00,0x00,0x09,0x00,0x00,0x00,0x05,0x00,0x00,0x00,0x00,0x00,0x00,0x00,
    0x03,0x00,0x00,0x00,0x02,0x00,0x00,0x00,0x0a,0x00,0x00,0x00,0x0a,0x00,0x00,0x00,0x05,0x00,0x00,0x00,0x00,0x00,0x00,0x00,
    0x03,0x00,0x00,0x00,0x02,0x00,0x00,0x00,0x0b,0x00,0x00,0x00,0x0b,0x00,0x00,0x00,0x05,0x00,0x00,0x00,0x00,0x00,0x00,0x00,
    0x03,0x00,0x00,0x00,0x02,0x00,0x00,0x00,0x0c,0x00,0x00,0x00,0x0c,0x00,0x00,0x00,0x04,0x00,0x00,0x00,0x00,0x00,0x00,0x00,
    0x03,0x00,0x00,0x00,0x02,0x00,0x00,0x00,0x0d,0x00,0x00,0x00,0x0d,0x00,0x00,0x00,0x04,0x00,0x00,0x00,0x00,0x00,0x00,0x00,
    0x03,0x00,0x00,0x00,0x02,0x00,0x00,0x00,0x0e,0x00,0x00,0x00,0x0e,0x00,0x00,0x00,0x04,0x00,0x00,0x00,0x00,0x00,0x00,0x00,
    0x03,0x00,0x00,0x00,0x02,0x00,0x00,0x00,0x0f,0x00,0x00,0x00,0x0f,0x00,0x00,0x00,0x04,0x00,0x00,0x00,0x00,0x00,0x00,0x00,
    0x7c,0x00,0x00,0x00,0x00,0x54,0x45,0x58,0x43,0x4f,0x4f,0x52,0x44,0x00,0x54,0x45,0x58,0x43,0x4f,0x4f,0x52,0x44,0x00,0x54,
    0x45,0x58,0x43,0x4f,0x4f,0x52,0x44,0x00,0x54,0x45,0x58,0x43,0x4f,0x4f,0x52,0x44,0x00,0x54,0x45,0x58,0x43,0x4f,0x4f,0x52,
    0x44,0x00,0x54,0x45,0x58,0x43,0x4f,0x4f,0x52,0x44,0x00,0x54,0x45,0x58,0x43,0x4f,0x4f,0x52,0x44,0x00,0x54,0x45,0x58,0x43,
    0x4f,0x4f,0x52,0x44,0x00,0x54,0x45,0x58,0x43,0x4f,0x4f,0x52,0x44,0x00,0x54,0x45,0x58,0x43,0x4f,0x4f,0x52,0x44,0x00,0x54,
    0x45,0x58,0x43,0x4f,0x4f,0x52,0x44,0x00,0x54,0x45,0x58,0x43,0x4f,0x4f,0x52,0x44,0x00,0x54,0x45,0x58,0x43,0x4f,0x4f,0x52,
    0x44,0x00,0x6d,0x61,0x69,0x6e,0x00,0x00,0x0d,0x00,0x00,0x00,0x00,0x00,0x00,0x00,0x01,0x00,0x00,0x00,0x02,0x00,0x00,0x00,
    0x03,0x00,0x00,0x00,0x04,0x00,0x00,0x00,0x05,0x00,0x00,0x00,0x06,0x00,0x00,0x00,0x07,0x00,0x00,0x00,0x08,0x00,0x00,0x00,
    0x09,0x00,0x00,0x00,0x0a,0x00,0x00,0x00,0x0b,0x00,0x00,0x00,0x0c,0x00,0x00,0x00,0x10,0x00,0x00,0x00,0x00,0x00,0x00,0x00,
    0x00,0x00,0x00,0x00,0x01,0x00,0x44,0x03,0x03,0x04,0x00,0x00,0x01,0x00,0x00,0x00,0x00,0x00,0x00,0x00,0x01,0x01,0x44,0x00,
    0x03,0x02,0x00,0x00,0x0a,0x00,0x00,0x00,0x01,0x00,0x00,0x00,0x01,0x02,0x44,0x00,0x03,0x02,0x00,0x00,0x13,0x00,0x00,0x00,
    0x02,0x00,0x00,0x00,0x01,0x03,0x44,0x00,0x03,0x01,0x00,0x00,0x1c,0x00,0x00,0x00,0x03,0x00,0x00,0x00,0x01,0x04,0x44,0x00,
    0x03,0x01,0x00,0x00,0x25,0x00,0x00,0x00,0x04,0x00,0x00,0x00,0x01,0x05,0x44,0x00,0x03,0x02,0x00,0x00,0x2e,0x00,0x00,0x00,
    0x05,0x00,0x00,0x00,0x01,0x06,0x44,0x00,0x03,0x02,0x00,0x00,0x37,0x00,0x00,0x00,0x06,0x00,0x00,0x00,0x01,0x07,0x44,0x00,
    0x03,0x02,0x00,0x00,0x40,0x00,0x00,0x00,0x07,0x00,0x00,0x00,0x01,0x08,0x44,0x00,0x03,0x02,0x00,0x00,0x49,0x00,0x00,0x00,
    0x08,0x00,0x00,0x00,0x01,0x09,0x44,0x00,0x03,0x02,0x00,0x00,0x52,0x00,0x00,0x00,0x09,0x00,0x00,0x00,0x01,0x0a,0x44,0x00,
    0x03,0x02,0x00,0x00,0x5b,0x00,0x00,0x00,0x0a,0x00,0x00,0x00,0x01,0x0b,0x44,0x00,0x03,0x02,0x00,0x00,0x64,0x00,0x00,0x00,
    0x0b,0x00,0x00,0x00,0x01,0x0c,0x44,0x00,0x03,0x02,0x00,0x00,0x6d,0x00,0x00,0x00,0x0c,0x00,0x00,0x00,0x01,0x0d,0x44,0x00,
    0x03,0x02,0x00,0x00,0x00,0x00,0x00,0x00,0x00,0x00,0x00,0x00,0x01,0x00,0x44,0x10,0x03,0x00,0x00,0x00,0x00,0x00,0x00,0x00,
    0x00,0x00,0x00,0x00,0x00,0x00,0x00,0x00,0x00,0x00,0x00,0x00,0x0f,0x00,0x00,0x00,0x0f,0x00,0x00,0x00,0x0f,0x00,0x00,0x00,
    0x0f,0x00,0x00,0x00,0x0f,0x00,0x00,0x00,0x0f,0x00,0x00,0x00,0x0f,0x00,0x00,0x00,0x0f,0x00,0x00,0x00,0x0f,0x00,0x00,0x00,
    0x0f,0x00,0x00,0x00,0x0f,0x00,0x00,0x00,0x0f,0x00,0x00,0x00,0x0f,0x00,0x00,0x00,0x0f,0x00,0x00,0x00,0x0f,0x00,0x00,0x00,
    0x0f,0x00,0x00,0x00,0x0f,0x00,0x00,0x00,0x0f,0x00,0x00,0x00,0x0f,0x00,0x00,0x00,0x0f,0x00,0x00,0x00,0x0f,0x00,0x00,0x00,
    0x0f,0x00,0x00,0x00,0x0f,0x00,0x00,0x00,0x0f,0x00,0x00,0x00,0x0f,0x00,0x00,0x00,0x0f,0x00,0x00,0x00,0x0f,0x00,0x00,0x00,
    0x0f,0x00,0x00,0x00,0x0f,0x00,0x00,0x00,0x0f,0x00,0x00,0x00,0x0f,0x00,0x00,0x00,0x0f,0x00,0x00,0x00,0x0f,0x00,0x00,0x00,
    0x0f,0x00,0x00,0x00,0x0f,0x00,0x00,0x00,0x0f,0x00,0x00,0x00,0x0f,0x00,0x00,0x00,0x0f,0x00,0x00,0x00,0x0f,0x00,0x00,0x00,
    0x0f,0x00,0x00,0x00,0x0f,0x00,0x00,0x00,0x0f,0x00,0x00,0x00,0x0f,0x00,0x00,0x00,0x0f,0x00,0x00,0x00,0x0f,0x00,0x00,0x00,
    0x0f,0x00,0x00,0x00,0x0f,0x00,0x00,0x00,0x0f,0x00,0x00,0x00,0x0f,0x00,0x00,0x00,0x00,0x00,0x00,0x00,0x07,0x00,0x00,0x00,
    0x07,0x00,0x00,0x00,0x53,0x54,0x41,0x54,0x00,0x10,0x00,0x00,0x60,0x00,0x00,0x00,0x00,0x04,0x00,0x00,0x44,0x58,0x49,0x4c,
    0x00,0x01,0x00,0x00,0x10,0x00,0x00,0x00,0xe8,0x0f,0x00,0x00,0x42,0x43,0xc0,0xde,0x21,0x0c,0x00,0x00,0xf7,0x03,0x00,0x00,
    0x0b,0x82,0x20,0x00,0x02,0x00,0x00,0x00,0x13,0x00,0x00,0x00,0x07,0x81,0x23,0x91,0x41,0xc8,0x04,0x49,0x06,0x10,0x32,0x39,
    0x92,0x01,0x84,0x0c,0x25,0x05,0x08,0x19,0x1e,0x04,0x8b,0x62,0x80,0x18,0x45,0x02,0x42,0x92,0x0b,0x42,0xc4,0x10,0x32,0x14,
    0x38,0x08,0x18,0x4b,0x0a,0x32,0x62,0x88,0x48,0x90,0x14,0x20,0x43,0x46,0x88,0xa5,0x00,0x19,0x32,0x42,0xe4,0x48,0x0e,0x90,
    0x11,0x23,0xc4,0x50,0x41,0x51,0x81,0x8c,0xe1,0x83,0xe5,0x8a,0x04,0x31,0x46,0x06,0x51,0x18,0x00,0x00,0x08,0x00,0x00,0x00,
    0x1b,0x8c,0xe0,0xff,0xff,0xff,0xff,0x07,0x40,0x02,0xa8,0x0d,0x84,0xf0,0xff,0xff,0xff,0xff,0x03,0x20,0x6d,0x30,0x86,0xff,
    0xff,0xff,0xff,0x1f,0x00,0x09,0xa8,0x00,0x49,0x18,0x00,0x00,0x03,0x00,0x00,0x00,0x13,0x82,0x60,0x42,0x20,0x4c,0x08,0x06,
    0x00,0x00,0x00,0x00,0x89,0x20,0x00,0x00,0xb5,0x00,0x00,0x00,0x32,0x22,0x88,0x09,0x20,0x64,0x85,0x04,0x13,0x23,0xa4,0x84,
    0x04,0x13,0x23,0xe3,0x84,0xa1,0x90,0x14,0x12,0x4c,0x8c,0x8c,0x0b,0x84,0xc4,0x4c,0x10,0xfc,0xc1,0x08,0x40,0x09,0x00,0x0a,
    0x66,0x00,0xe6,0x08,0xc0,0x60,0x8e,0x00,0x29,0xc6,0x40,0x10,0x44,0x41,0x90,0x51,0x0c,0x80,0x20,0x88,0x62,0x20,0x64,0x8e,
    0x20,0x28,0x03,0x40,0x28,0xb4,0x94,0x61,0x20,0x06,0x6a,0x8a,0x31,0x10,0xc3,0x30,0x0c,0xf4,0x14,0x62,0x20,0x86,0x81,0xa2,
    0x9b,0x86,0xcb,0x9f,0xb0,0x87,0x90,0xfc,0x95,0x90,0x56,0x62,0xf2,0x8b,0xdb,0x46,0xc5,0x30,0x0c,0x03,0x41,0xc5,0x3d,0xc3,
    0xe5,0x4f,0xd8,0x43,0x48,0x7e,0x08,0x34,0xc3,0x42,0xa0,0x80,0x2a,0xcd,0x44,0x54,0xd5,0x30,0x0c,0x03,0x41,0x10,0xc3,0x40,
    0x56,0x61,0x26,0xa2,0xaa,0x86,0x61,0x18,0x08,0x82,0x18,0x08,0x2b,0xd2,0x44,0x54,0xd5,0x30,0x0c,0x03,0x41,0x10,0xc3,0x30,
    0x0c,0xc3,0x30,0x90,0x76,0xd3,0x70,0xf9,0x13,0xf6,0x10,0x92,0xdf,0x21,0x0c,0xd1,0x48,0x88,0xd3,0x48,0x88,0x20,0x08,0x82,
    0x28,0x04,0x47,0x54,0x04,0x75,0x85,0x20,0x08,0x82,0xa0,0xaf,0x20,0x03,0x31,0x0c,0xc3,0x30,0x0c,0x14,0x1e,0x35,0x5c,0xfe,
    0x84,0x3d,0x84,0xe4,0x73,0x1b,0x55,0xac,0xc4,0xe4,0x17,0xb7,0x8d,0x88,0x61,0x18,0x86,0x42,0x8c,0x44,0x45,0x10,0x59,0x8c,
    0x8a,0x28,0x08,0x42,0x21,0x73,0x20,0x60,0xa6,0x30,0x18,0x07,0x76,0x08,0x87,0x79,0x98,0x07,0x37,0xa0,0x85,0x72,0xc0,0x07,
    0x7a,0xa8,0x07,0x79,0x28,0x07,0x39,0x20,0x05,0x3e,0x30,0x07,0x76,0x78,0x87,0x70,0xa0,0x07,0x3f,0xd0,0x03,0x3d,0x68,0x87,
    0x74,0x80,0x87,0x79,0xf8,0x05,0x7a,0xc8,0x07,0x78,0x28,0x07,0x14,0x10,0x33,0x59,0xe3,0xc0,0x0e,0xe1,0x30,0x0f,0xf3,0xe0,
    0x06,0xb4,0x50,0x0e,0xf8,0x40,0x0f,0xf5,0x20,0x0f,0xe5,0x20,0x07,0xa4,0xc0,0x07,0xe6,0xc0,0x0e,0xef,0x10,0x0e,0xf4,0xe0,
    0x07,0x48,0x18,0x52,0x52,0x87,0x11,0x88,0x61,0xa6,0x36,0x18,0x07,0x76,0x08,0x87,0x79,0x98,0x07,0x37,0xa0,0x85,0x72,0xc0,
    0x07,0x7a,0xa8,0x07,0x79,0x28,0x07,0x39,0x20,0x05,0x3e,0xb0,0x87,0x72,0x18,0x07,0x7a,0x78,0x07,0x79,0xe0,0x03,0x73,0x60,
    0x87,0x77,0x08,0x07,0x7a,0x60,0x03,0x30,0xa0,0x03,0x3f,0x00,0x03,0x3f,0xd0,0x03,0x3d,0x68,0x87,0x74,0x80,0x87,0x79,0xf8,
    0x05,0x7a,0xc8,0x07,0x78,0x28,0x07,0x14,0x10,0x33,0x89,0xc1,0x38,0xb0,0x43,0x38,0xcc,0xc3,0x3c,0xb8,0x01,0x2d,0x94,0x03,
    0x3e,0xd0,0x43,0x3d,0xc8,0x43,0x39,0xc8,0x01,0x29,0xf0,0x81,0x3d,0x94,0xc3,0x38,0xd0,0xc3,0x3b,0xc8,0x03,0x1f,0x98,0x03,
    0x3b,0xbc,0x43,0x38,0xd0,0x03,0x1b,0x80,0x01,0x1d,0xf8,0x01,0x18,0xf8,0x01,0x12,0xd8,0x96,0xdc,0x99,0xc8,0x60,0x1c,0xd8,
    0x21,0x1c,0xe6,0x61,0x1e,0xdc,0x80,0x16,0xca,0x01,0x1f,0xe8,0xa1,0x1e,0xe4,0xa1,0x1c,0x46,0xa1,0x1e,0xc4,0xa1,0x1c,0xf8,
    0xc0,0x1e,0xca,0x61,0x1c,0xe8,0xe1,0x1d,0xe4,0x81,0x0f,0xcc,0x81,0x1d,0xde,0x21,0x1c,0xe8,0x81,0x0d,0xc0,0x80,0x0e,0xfc,
    0x00,0x0c,0xfc,0x00,0x05,0x2c,0xc1,0x33,0xb5,0xc1,0x38,0xb0,0x43,0x38,0xcc,0xc3,0x3c,0xb8,0x01,0x2d,0x94,0x03,0x3e,0xd0,
    0x43,0x3d,0xc8,0x43,0x39,0xcc,0x01,0x29,0xf0,0x81,0x3d,0x94,0xc3,0x38,0xd0,0xc3,0x3b,0xc8,0x03,0x1f,0x98,0x03,0x3b,0xbc,
    0x43,0x38,0xd0,0x03,0x1b,0x80,0x01,0x1d,0xf8,0x01,0x18,0xf8,0x81,0x1e,0xe8,0x41,0x3b,0xa4,0x03,0x3c,0xcc,0xc3,0x2f,0xd0,
    0x43,0x3e,0xc0,0x43,0x39,0xa0,0x80,0x98,0x49,0x0c,0xc6,0x81,0x1d,0xc2,0x61,0x1e,0xe6,0xc1,0x0d,0x68,0xa1,0x1c,0xf0,0x81,
    0x1e,0xea,0x41,0x1e,0xca,0x61,0x0e,0x48,0x81,0x0f,0xec,0xa1,0x1c,0xc6,0x81,0x1e,0xde,0x41,0x1e,0xf8,0xc0,0x1c,0xd8,0xe1,
    0x1d,0xc2,0x81,0x1e,0xd8,0x00,0x0c,0xe8,0xc0,0x0f,0xc0,0xc0,0x0f,0x90,0xc0,0xca,0x34,0x27,0x05,0x9b,0x10,0x6c,0x16,0xb0,
    0xa7,0x70,0xe4,0x17,0x01,0x06,0x43,0x34,0x13,0x32,0x6a,0xdb,0xbe,0x6d,0x9b,0xf0,0xeb,0xa4,0x29,0xa2,0x84,0xc9,0x67,0x01,
    0xe6,0x59,0x88,0x88,0x73,0x98,0x07,0x88,0x10,0xc9,0x69,0xd8,0x09,0x98,0x08,0x14,0x10,0xa4,0xdf,0x24,0x4d,0x11,0x25,0x4c,
    0x3e,0x0b,0x30,0xcf,0x42,0x44,0xec,0x04,0x4c,0x04,0x0a,0x08,0xe2,0x53,0x87,0x00,0x13,0x14,0x72,0xc0,0x87,0x74,0x60,0x87,
    0x36,0x68,0x87,0x79,0x68,0x03,0x72,0xc0,0x87,0x0d,0xaf,0x50,0x0e,0x6d,0xd0,0x0e,0x7a,0x50,0x0e,0x6d,0x00,0x0f,0x7a,0x30,
    0x07,0x72,0xa0,0x07,0x73,0x20,0x07,0x6d,0x90,0x0e,0x71,0xa0,0x07,0x73,0x20,0x07,0x6d,0x90,0x0e,0x78,0xa0,0x07,0x73,0x20,
    0x07,0x6d,0x90,0x0e,0x71,0x60,0x07,0x7a,0x30,0x07,0x72,0xd0,0x06,0xe9,0x30,0x07,0x72,0xa0,0x07,0x73,0x20,0x07,0x6d,0x90,
    0x0e,0x76,0x40,0x07,0x7a,0x60,0x07,0x74,0xd0,0x06,0xe6,0x10,0x07,0x76,0xa0,0x07,0x73,0x20,0x07,0x6d,0x60,0x0e,0x73,0x20,
    0x07,0x7a,0x30,0x07,0x72,0xd0,0x06,0xe6,0x60,0x07,0x74,0xa0,0x07,0x76,0x40,0x07,0x6d,0xe0,0x0e,0x78,0xa0,0x07,0x71,0x60,
    0x07,0x7a,0x30,0x07,0x72,0xa0,0x07,0x76,0x40,0x07,0x43,0x9e,0x00,0x08,0x00,0x00,0x00,0x00,0x00,0x00,0x00,0x00,0x00,0x86,
    0x3c,0x06,0x10,0x00,0x01,0x00,0x00,0x00,0x00,0x00,0x00,0x00,0x0c,0x79,0x10,0x20,0x00,0x04,0x00,0x00,0x00,0x00,0x00,0x00,
    0x00,0x18,0xf2,0x2c,0x40,0x00,0x08,0x00,0x00,0x00,0x00,0x00,0x00,0x00,0x30,0xe4,0x69,0x80,0x00,0x08,0x00,0x00,0x00,0x00,
    0x00,0x00,0x00,0x60,0xc8,0xf3,0x00,0x01,0x10,0x00,0x00,0x00,0x00,0x00,0x00,0x00,0xc0,0x90,0x27,0x02,0x02,0x20,0x00,0x00,
    0x00,0x00,0x00,0x00,0x00,0x80,0x21,0x8f,0x05,0x04,0xc0,0x00,0x00,0x00,0x00,0x00,0x00,0x00,0x00,0x43,0x1e,0x0c,0x08,0x80,
    0x01,0x00,0x00,0x00,0x00,0x00,0x00,0x00,0x86,0x3c,0x1a,0x10,0x00,0x03,0x00,0x00,0x00,0x00,0x00,0x00,0x00,0x0c,0x79,0x2c,
    0x20,0x00,0x06,0x00,0x00,0x00,0x00,0x00,0x00,0x00,0x18,0xf2,0x74,0x40,0x00,0x0c,0x00,0x00,0x00,0x00,0x00,0x00,0x00,0x30,
    0xe4,0xf9,0x80,0x00,0x08,0x00,0x00,0x00,0x00,0x00,0x00,0x00,0x60,0xc8,0x13,0x06,0x40,0x00,0x04,0x00,0x00,0x00,0x00,0x00,
    0x00,0x00,0x30,0xe4,0x21,0x03,0x20,0x00,0x06,0x00,0x00,0x00,0x00,0x00,0x00,0x00,0x18,0xf2,0x98,0x01,0x10,0x00,0x03,0x00,
    0x00,0x00,0x00,0x00,0x00,0x00,0x64,0x81,0x00,0x00,0x00,0x00,0x29,0x00,0x00,0x00,0x32,0x1e,0x98,0x18,0x19,0x11,0x4c,0x90,
    0x8c,0x09,0x26,0x47,0xc6,0x04,0x43,0x22,0x4a,0x60,0x04,0xa0,0x18,0x8a,0xa0,0x24,0xca,0xa0,0x10,0x4a,0xa1,0x1c,0x0a,0xa2,
    0x28,0xca,0xa2,0x30,0x4a,0xa3,0x38,0xca,0xa3,0x40,0x2d,0x0a,0xb0,0xa0,0x00,0x13,0x0a,0xb0,0xa1,0x40,0x1d,0x0a,0x54,0xa2,
    0x20,0x0d,0x4a,0x56,0xa5,0xc4,0xbf,0x0a,0x90,0xa1,0xcc,0x0a,0xaa,0x00,0x0d,0xa8,0x28,0x89,0x32,0x28,0x84,0x11,0x80,0x22,
    0x28,0x81,0x02,0x21,0xa5,0x06,0x68,0x9d,0x01,0xa0,0x77,0x06,0x80,0xe2,0x19,0x00,0xa2,0x67,0x00,0x08,0x9f,0x01,0xa0,0x7c,
    0x06,0x80,0xf6,0x19,0x00,0xea,0x67,0x00,0xc8,0x1f,0x4b,0x0f,0xf0,0x80,0x00,0x00,0x00,0x78,0x9e,0xe7,0x79,0x9e,0xe7,0x79,
    0x9e,0xe7,0x79,0x9e,0xe7,0x79,0x9e,0xe7,0x79,0x9e,0xe7,0x79,0x9e,0xe7,0x79,0x9e,0xe7,0x79,0x9e,0xe7,0x79,0x9e,0xe7,0x79,
    0x9e,0xe7,0x79,0x9e,0xe7,0x79,0x80,0xe3,0x00,0x00,0x00,0x00,0x79,0x18,0x00,0x00,0xff,0x01,0x00,0x00,0x1a,0x03,0x4c,0x90,
    0x46,0x02,0x13,0xc4,0x31,0x20,0xc3,0x1b,0x43,0x81,0x93,0x4b,0xb3,0x0b,0xa3,0x2b,0x4b,0x01,0x89,0x71,0xc1,0x71,0x81,0x71,
    0xa1,0xb9,0x99,0xc9,0x01,0x41,0x21,0xcb,0x09,0xab,0x29,0xcb,0xb9,0x21,0x83,0x49,0xd9,0x10,0x04,0x13,0x04,0x02,0x9a,0x20,
    0x10,0xd1,0x06,0x61,0x20,0x36,0x08,0x04,0x41,0x01,0x6e,0x6e,0x82,0x40,0x48,0x1b,0x86,0x03,0x21,0x26,0x08,0x6b,0x50,0x07,
    0x54,0xe6,0xbe,0xe8,0xca,0xf0,0xe8,0xea,0xe4,0xca,0x60,0x26,0x08,0xc4,0x34,0x41,0x20,0xa8,0x0d,0x02,0xd1,0x6c,0x48,0x08,
    0x65,0x61,0x88,0x81,0x21,0x1c,0x2a,0x73,0x5f,0x74,0x65,0x78,0x74,0x75,0x72,0x65,0x31,0x1b,0x92,0x41,0x81,0x98,0x61,0x60,
    0x08,0x87,0xca,0xdc,0x17,0x5d,0x19,0x1e,0x5d,0x9d,0x5c,0x99,0xcc,0x86,0x84,0x51,0x24,0x86,0x19,0x18,0xc2,0x99,0x20,0x10,
    0x15,0x95,0xb9,0x2f,0xba,0x32,0x3c,0xba,0x3a,0xb9,0xb2,0x99,0x0d,0x09,0xa5,0x54,0x0c,0x35,0x30,0x84,0x33,0x41,0x20,0x2c,
    0x2a,0x73,0x5f,0x74,0x65,0x78,0x74,0x75,0x72,0x65,0x34,0x1b,0x92,0x4b,0xc1,0x98,0x6b,0x60,0x08,0x67,0x82,0x40,0x5c,0x54,
    0xe6,0xbe,0xe8,0xca,0xf0,0xe8,0xea,0xe4,0xca,0x6a,0x36,0x24,0x9a,0xb2,0x31,0xda,0xc0,0x10,0xce,0x04,0xe1,0x0d,0xec,0x80,
    0xca,0xdc,0x17,0x5d,0x19,0x1e,0x5d,0x9d,0x5c,0x99,0xcd,0x86,0x04,0xe9,0x3c,0x06,0x19,0x18,0xc2,0x99,0x20,0x10,0x18,0x95,
    0xb9,0x2f,0xba,0x32,0x3c,0xba,0x3a,0xb9,0xb2,0x9b,0x0d,0x09,0x18,0x74,0x61,0xc0,0x80,0xc1,0xc0,0x10,0xce,0x04,0x81,0xc8,
    0x26,0x08,0x71,0x70,0x07,0x74,0xe6,0xbe,0xe8,0xca,0xf0,0xe8,0xea,0xe4,0xca,0x86,0xea,0xc4,0xca,0x60,0x36,0x24,0x63,0x40,
    0x06,0x65,0xc0,0x8c,0xc1,0xa0,0x11,0x0e,0x9d,0xb9,0x2f,0xba,0x32,0x3c,0xba,0x3a,0xb9,0xb2,0xa1,0x3a,0xb1,0xb2,0x98,0x0d,
    0x49,0x43,0x06,0x67,0xc0,0x34,0x83,0x46,0x38,0x13,0x04,0x42,0xa3,0x33,0xf7,0x45,0x57,0x86,0x47,0x57,0x27,0x57,0x36,0x54,
    0x27,0x56,0x26,0xb3,0x21,0x49,0x03,0x32,0x50,0x03,0x26,0x0d,0x06,0x8d,0x70,0x26,0x08,0xc4,0x46,0x67,0xee,0x8b,0xae,0x0c,
    0x8f,0xae,0x4e,0xae,0x6c,0xa8,0x4e,0xac,0x6c,0x66,0x43,0xc2,0x06,0x64,0xd0,0x06,0x0c,0x1b,0x0c,0x1a,0xe1,0x4c,0x10,0x08,
    0x6e,0x82,0x40,0x07,0x78,0x40,0x68,0xee,0x8b,0xae,0x0c,0x8f,0xae,0x4e,0xae,0xcc,0xea,0x8d,0xad,0xae,0xad,0x0c,0x66,0x43,
    0xf2,0x06,0x70,0x10,0x07,0xcc,0x1b,0x0c,0x17,0xe1,0x4c,0x10,0x88,0x8e,0xd0,0xdc,0x17,0x5d,0x19,0x1e,0x5d,0x9d,0x5c,0x99,
    0xd5,0x1b,0x5b,0x5d,0x5b,0x59,0xcc,0x86,0x64,0x0e,0xe0,0x80,0x0e,0x98,0x39,0x18,0x2e,0xc2,0x99,0x20,0x10,0x1e,0xa1,0xb9,
    0x2f,0xba,0x32,0x3c,0xba,0x3a,0xb9,0x32,0xab,0x37,0xb6,0xba,0xb6,0x32,0x99,0x0d,0x89,0x1d,0xc0,0xc1,0x1d,0x30,0x76,0x30,
    0x5c,0x84,0x33,0x41,0x20,0x3e,0x42,0x73,0x5f,0x74,0x65,0x78,0x74,0x75,0x72,0x65,0x56,0x6f,0x6c,0x75,0x6d,0x65,0x33,0x1b,
    0x92,0x3c,0x80,0x03,0x3d,0x60,0xf2,0x60,0xb8,0x08,0x67,0x03,0xf4,0x44,0x93,0x95,0x71,0x9f,0x18,0x98,0x01,0x1a,0xac,0x81,
    0x1b,0xc8,0x41,0x1d,0xe0,0xc1,0x1e,0x4c,0x10,0xf2,0x40,0x0f,0xa8,0x0c,0x2d,0x19,0xc9,0x85,0x9d,0xb5,0x95,0xb9,0xd1,0x4d,
    0x10,0x08,0x30,0xd8,0x80,0x10,0x7d,0xe0,0x07,0x14,0x31,0xfc,0x01,0xb0,0x21,0x00,0x85,0x09,0xc2,0x1e,0xec,0x01,0xa3,0xb9,
    0x2f,0xba,0x32,0x3c,0xba,0x3a,0xb9,0x32,0x98,0xa9,0xb0,0x36,0x38,0xb6,0x32,0xb9,0x0d,0x08,0x21,0x0a,0xa3,0xc0,0x10,0xc3,
    0x00,0x30,0x9a,0xfb,0xa2,0x2b,0xc3,0xa3,0xab,0x93,0x2b,0x8b,0x99,0x0a,0x6b,0x83,0x63,0x2b,0x93,0xdb,0x80,0x0c,0xa2,0x50,
    0x0a,0xcc,0x30,0x0c,0x00,0xa3,0xb9,0x2f,0xba,0x32,0x3c,0xba,0x3a,0xb9,0x32,0x99,0xa9,0xb0,0x36,0x38,0xb6,0x32,0xb9,0x0d,
    0x08,0x23,0x0a,0xa7,0xc0,0x30,0xc3,0x00,0x30,0x9a,0xfb,0xa2,0x2b,0xc3,0xa3,0xab,0x93,0x2b,0x9b,0x99,0x0a,0x6b,0x83,0x63,
    0x2b,0x93,0xdb,0x80,0x50,0xa2,0x90,0x0a,0x0c,0x35,0x0c,0x00,0xa3,0xb9,0x2f,0xba,0x32,0x3c,0xba,0x3a,0xb9,0x32,0x9a,0xa9,
    0xb0,0x36,0x38,0xb6,0x32,0xb9,0x0d,0xc8,0x25,0x0a,0xab,0xc0,0x5c,0xc3,0x00,0x30,0x9a,0xfb,0xa2,0x2b,0xc3,0xa3,0xab,0x93,
    0x2b,0xab,0x99,0x0a,0x6b,0x83,0x63,0x2b,0x93,0xdb,0x80,0x68,0xa2,0xd0,0x0a,0x8c,0x36,0x0c,0xc0,0x04,0xa1,0x0f,0xf8,0x80,
    0xd1,0xdc,0x17,0x5d,0x19,0x1e,0x5d,0x9d,0x5c,0x99,0xcd,0x54,0x58,0x1b,0x1c,0x5b,0x99,0xdc,0x06,0x04,0x79,0x05,0x58,0x60,
    0x90,0x81,0x00,0x18,0xcd,0x7d,0xd1,0x95,0xe1,0xd1,0xd5,0xc9,0x95,0xdd,0x4c,0x85,0xb5,0xc1,0xb1,0x95,0xc9,0x6d,0x40,0xc0,
    0xe0,0x15,0x64,0x81,0x01,0x83,0x81,0x00,0x58,0xcd,0x7d,0xd1,0x95,0xe1,0xd1,0xd5,0xc9,0x95,0x0d,0xd5,0x89,0x95,0xc1,0x4c,
    0x85,0xb5,0xc1,0xb1,0x95,0xc9,0x6d,0x40,0xc6,0xe0,0x15,0x68,0x81,0x19,0x83,0x81,0x00,0x58,0xcd,0x7d,0xd1,0x95,0xe1,0xd1,
    0xd5,0xc9,0x95,0x0d,0xd5,0x89,0x95,0xc5,0x4c,0x85,0xb5,0xc1,0xb1,0x95,0xc9,0x6d,0x40,0x9a,0x57,0xb0,0x05,0xa6,0x19,0x08,
    0x80,0xd5,0xdc,0x17,0x5d,0x19,0x1e,0x5d,0x9d,0x5c,0xd9,0x50,0x9d,0x58,0x99,0xcc,0x54,0x58,0x1b,0x1c,0x5b,0x99,0xdc,0x06,
    0x24,0x0d,0x5e,0x01,0x17,0x98,0x34,0x18,0x08,0x80,0xd5,0xdc,0x17,0x5d,0x19,0x1e,0x5d,0x9d,0x5c,0xd9,0x50,0x9d,0x58,0xd9,
    0xcc,0x54,0x58,0x1b,0x1c,0x5b,0x99,0xdc,0x06,0x84,0x0d,0x5e,0x41,0x17,0x18,0x36,0x18,0x08,0x80,0xd7,0xdc,0x17,0x5d,0x19,
    0x1e,0x5d,0x9d,0x5c,0x99,0xd5,0x1b,0x5b,0x5d,0x5b,0x19,0xcc,0x54,0x58,0x1b,0x1c,0x5b,0x99,0xdc,0x06,0xe4,0x0d,0x5e,0x81,
    0x17,0x98,0x37,0x18,0x08,0x80,0xd7,0xdc,0x17,0x5d,0x19,0x1e,0x5d,0x9d,0x5c,0x99,0xd5,0x1b,0x5b,0x5d,0x5b,0x59,0xcc,0x54,
    0x58,0x1b,0x1c,0x5b,0x99,0xdc,0x06,0x64,0x0e,0x5e,0xc1,0x17,0x98,0x39,0x18,0x08,0x80,0xd7,0xdc,0x17,0x5d,0x19,0x1e,0x5d,
    0x9d,0x5c,0x99,0xd5,0x1b,0x5b,0x5d,0x5b,0x99,0xcc,0x54,0x58,0x1b,0x1c,0x5b,0x99,0xdc,0x06,0xc4,0x0e,0x5e,0x01,0x1c,0x18,
    0x3b,0x18,0x08,0x80,0xd7,0xdc,0x17,0x5d,0x19,0x1e,0x5d,0x9d,0x5c,0x99,0xd5,0x1b,0x5b,0x5d,0x5b,0xd9,0xcc,0x54,0x58,0x1b,
    0x1c,0x5b,0x99,0xdc,0x06,0x24,0x0f,0x5e,0x41,0x1c,0x98,0x3c,0x18,0x08,0x60,0x03,0x44,0x0a,0xa6,0x80,0x0a,0xaa,0xc0,0x0a,
    0xae,0x10,0x0b,0xb3,0x50,0x0b,0xb7,0x90,0x0b,0xbb,0xd0,0x0b,0xbf,0x10,0x0e,0xe3,0xb0,0x81,0xe0,0x03,0x20,0x14,0xc8,0x61,
    0x82,0x80,0x07,0x79,0x40,0xa7,0xee,0xcb,0xcc,0x8c,0x48,0x2e,0xec,0x0e,0x2a,0x4c,0x2e,0xac,0x6d,0x6e,0x82,0xa0,0xd0,0xc1,
    0x06,0x05,0x39,0x07,0x8a,0x00,0x83,0xa6,0x41,0x87,0x39,0xb8,0x98,0xd4,0x7d,0x89,0xd5,0xb5,0xc1,0x15,0xb9,0xd9,0x4d,0x10,
    0x88,0x30,0xd8,0xa0,0x20,0xea,0x40,0xad,0x03,0x18,0x34,0x0d,0x3a,0xcc,0xc1,0xc5,0xa6,0xee,0x6b,0x8e,0x2e,0xec,0xac,0x0c,
    0x2a,0x4c,0x2e,0xac,0x6d,0x6e,0x82,0x40,0x88,0xc1,0x06,0x05,0x69,0x07,0xca,0x1d,0xc0,0xa0,0x69,0xd0,0x61,0x0e,0x2e,0x2e,
    0x75,0x5f,0x66,0x66,0x50,0x72,0x6f,0x67,0x72,0x61,0x6d,0x13,0x04,0x62,0x0c,0x36,0x28,0x08,0x3c,0x50,0xf1,0x00,0x06,0x4d,
    0x83,0x0e,0x73,0x70,0xd1,0x19,0x5b,0xfb,0x12,0x7b,0x93,0x23,0x2b,0x93,0x1b,0x7a,0x63,0x7b,0x93,0x9b,0x20,0x10,0x64,0xb0,
    0x41,0x41,0xe6,0x81,0xa2,0x07,0x30,0x68,0x1a,0x74,0x98,0x83,0x8b,0xce,0xd8,0xda,0xd7,0x5c,0x58,0x1b,0x1c,0x5b,0x99,0x5c,
    0x92,0x9b,0xd9,0xdb,0x04,0x81,0x28,0x83,0x0d,0x0a,0x62,0x0f,0xd4,0x3d,0x80,0x41,0xd3,0xa0,0xc3,0x1c,0x5c,0x1b,0x8e,0x3f,
    0x48,0x07,0x76,0x78,0x07,0x79,0xa8,0x07,0x7c,0xd8,0x30,0x10,0xe6,0x90,0x0f,0x13,0x04,0x01,0xd8,0x00,0x6c,0x18,0x08,0x7e,
    0xe0,0x87,0x0d,0x41,0x3f,0x6c,0x18,0x86,0x7d,0xf0,0x87,0x09,0x82,0x1f,0xf4,0xc1,0x86,0x00,0x24,0x48,0xb4,0x85,0xa5,0xb9,
    0x71,0x99,0xb2,0xfa,0x82,0x7a,0x9b,0x4b,0xa3,0x4b,0x7b,0x73,0x9b,0x20,0x14,0x6d,0x30,0x41,0x28,0xdc,0x60,0x43,0x40,0x4c,
    0x10,0x8a,0x37,0x98,0x20,0x14,0x70,0xb0,0x61,0x21,0x46,0x82,0x24,0x4a,0xc2,0x24,0x4e,0x62,0x38,0x09,0x02,0x25,0x00,0x22,
    0x54,0x45,0x58,0x43,0x4f,0x4f,0x52,0x44,0x13,0x84,0x22,0x0e,0x36,0x08,0x54,0x1e,0x6c,0x58,0x06,0x95,0x20,0x09,0x94,0x30,
    0x89,0x95,0x18,0x4e,0x62,0x40,0x09,0x96,0xd8,0x10,0x0c,0x1b,0x16,0x46,0x25,0x48,0x02,0x25,0x5c,0x62,0x25,0x86,0x93,0x60,
    0x50,0x82,0x25,0x36,0x04,0xcc,0x04,0xa1,0x90,0x83,0x0d,0x0b,0xa5,0x12,0x24,0x81,0x12,0x30,0x11,0x13,0xc3,0x49,0x50,0x28,
    0xc1,0x12,0x1b,0x02,0x6a,0xc3,0x72,0xa9,0x04,0x49,0xa0,0xc4,0x4c,0xc4,0xc4,0x70,0x12,0x17,0x4a,0xb0,0xc4,0x86,0xe0,0xda,
    0xb0,0x68,0x2a,0x41,0x12,0x28,0x51,0x13,0x2b,0x31,0x9c,0x84,0x86,0x12,0x2c,0xb1,0x21,0xd0,0x36,0x2c,0x88,0x4a,0x90,0x04,
    0x4a,0xdc,0xc4,0x4a,0x0c,0x27,0x81,0xa0,0x04,0x4b,0x6c,0x08,0x90,0x0d,0x0b,0x18,0xa8,0x04,0x49,0xa0,0x44,0x4e,0xac,0xc4,
    0x70,0x12,0x60,0x80,0x12,0x2c,0xb1,0x21,0x00,0x83,0x0d,0xcb,0x18,0xa8,0x04,0x49,0xa0,0xc4,0x4e,0xac,0xc4,0x70,0x12,0x63,
    0x80,0x12,0x2c,0xb1,0x21,0x18,0x83,0x0d,0x4b,0xa3,0x12,0x24,0x81,0x12,0x3d,0xb1,0x12,0xc3,0x49,0x34,0x28,0xc1,0x12,0x1b,
    0x82,0x66,0xc3,0x92,0x06,0x2a,0x41,0x12,0x28,0xf1,0x13,0x2b,0x31,0x9c,0x44,0x1a,0xa0,0x04,0x4b,0x6c,0x08,0xd2,0x60,0xc3,
    0xc2,0x06,0x2a,0x41,0x12,0x28,0x11,0x16,0x2b,0x31,0x9c,0x04,0x1b,0xa0,0x04,0x4b,0x6c,0x08,0xd8,0x60,0xc3,0xf2,0x06,0x2a,
    0x41,0x12,0x28,0x31,0x16,0x2b,0x31,0x9c,0xc4,0x1b,0xa0,0x04,0x4b,0x6c,0x08,0xde,0x60,0x83,0x40,0xcd,0xc1,0x86,0x65,0x0e,
    0x54,0x82,0x24,0x50,0xa2,0x2c,0x56,0x62,0x38,0x89,0x39,0x40,0x09,0xb3,0xd8,0xe0,0xa4,0x44,0x4b,0xbc,0x84,0x4c,0xd0,0x84,
    0x4d,0xe0,0x84,0x4e,0xf0,0x84,0x4f,0x80,0x85,0x58,0x90,0xc5,0x59,0x30,0x99,0xb2,0xfa,0xa2,0x0a,0x93,0x3b,0x2b,0xa3,0x9b,
    0x20,0x14,0x73,0xb0,0x61,0x21,0xd2,0x82,0x24,0xd4,0xc2,0x24,0x50,0x62,0x38,0x09,0x02,0x25,0x58,0x62,0x43,0xb0,0x16,0x1b,
    0x06,0xb4,0x60,0x0b,0x60,0x43,0xb1,0x0f,0x22,0xd1,0x16,0xe5,0x00,0x10,0x11,0x93,0x0b,0x73,0x1b,0x43,0x2b,0x9b,0x9b,0x20,
    0x10,0x66,0x40,0xc3,0x8c,0xed,0x2d,0x8c,0x6e,0x6e,0x82,0x40,0x9c,0x01,0x8b,0x34,0xb7,0x39,0xba,0xb9,0x09,0x02,0x81,0x06,
    0x24,0xd2,0xdc,0xe8,0xe6,0x26,0x08,0x44,0x1a,0xd0,0x98,0x4b,0x3b,0xfb,0x62,0x23,0x9b,0x20,0x10,0x6a,0x40,0x63,0x2e,0xed,
    0xec,0x6b,0x8e,0x8e,0x08,0x5d,0x19,0xde,0x97,0x58,0x5a,0xd8,0x1c,0x0f,0xba,0x32,0xbc,0xaf,0xb1,0x36,0x38,0x22,0x74,0x65,
    0x78,0x5f,0x67,0x72,0x61,0x64,0x44,0xe8,0xca,0xf0,0xbe,0xdc,0xde,0xe4,0xda,0x26,0x08,0xc4,0x1a,0xb0,0xa8,0x4b,0x73,0xa3,
    0x9b,0x9b,0x20,0x10,0x6c,0xb0,0xc1,0x7a,0x0b,0xb8,0x88,0x0b,0xb9,0x98,0x0b,0xba,0xa8,0x0b,0xbb,0xb8,0x0b,0xbc,0xc8,0x8b,
    0x4b,0x2f,0x90,0xbd,0x40,0xf8,0x02,0xe9,0x0b,0xbf,0xf8,0x0b,0xd0,0xa8,0xc2,0xc6,0x66,0xd7,0xe6,0x92,0x46,0x56,0xe6,0x46,
    0x37,0x25,0x08,0xaa,0x90,0xe1,0xb9,0xd8,0x95,0xc9,0xcd,0xa5,0xbd,0xb9,0x4d,0x09,0x88,0x26,0x64,0x78,0x2e,0x76,0x61,0x6c,
    0x76,0x65,0x72,0x53,0x82,0xa2,0x0e,0x19,0x9e,0xcb,0x1c,0x5a,0x18,0x59,0x99,0x5c,0xd3,0x1b,0x59,0x19,0xdb,0x94,0x00,0x29,
    0x43,0x86,0xe7,0x22,0x57,0x36,0xf7,0x56,0x27,0x37,0x56,0x36,0x37,0x25,0x20,0x87,0x4a,0x64,0x78,0x2e,0x74,0x79,0x70,0x65,
    0x41,0x6e,0x6e,0x6f,0x74,0x61,0x74,0x69,0x6f,0x6e,0x73,0x53,0x84,0x7c,0xf0,0x87,0x3a,0x64,0x78,0x2e,0x76,0x69,0x65,0x77,
    0x49,0x64,0x53,0x74,0x61,0x74,0x65,0x53,0x02,0x90,0xa8,0x43,0x86,0xe7,0x52,0xe6,0x46,0x27,0x97,0x07,0xf5,0x96,0xe6,0x46,
    0x37,0x37,0x25,0x68,0x8b,0x2e,0x64,0x78,0x2e,0x63,0x6f,0x75,0x6e,0x74,0x65,0x72,0x73,0x53,0x02,0xd0,0x00,0x00,0x00,0x00,
    0x79,0x18,0x00,0x00,0x55,0x00,0x00,0x00,0x33,0x08,0x80,0x1c,0xc4,0xe1,0x1c,0x66,0x14,0x01,0x3d,0x88,0x43,0x38,0x84,0xc3,
    0x8c,0x42,0x80,0x07,0x79,0x78,0x07,0x73,0x98,0x71,0x0c,0xe6,0x00,0x0f,0xed,0x10,0x0e,0xf4,0x80,0x0e,0x33,0x0c,0x42,0x1e,
    0xc2,0xc1,0x1d,0xce,0xa1,0x1c,0x66,0x30,0x05,0x3d,0x88,0x43,0x38,0x84,0x83,0x1b,0xcc,0x03,0x3d,0xc8,0x43,0x3d,0x8c,0x03,
    0x3d,0xcc,0x78,0x8c,0x74,0x70,0x07,0x7b,0x08,0x07,0x79,0x48,0x87,0x70,0x70,0x07,0x7a,0x70,0x03,0x76,0x78,0x87,0x70,0x20,
    0x87,0x19,0xcc,0x11,0x0e,0xec,0x90,0x0e,0xe1,0x30,0x0f,0x6e,0x30,0x0f,0xe3,0xf0,0x0e,0xf0,0x50,0x0e,0x33,0x10,0xc4,0x1d,
    0xde,0x21,0x1c,0xd8,0x21,0x1d,0xc2,0x61,0x1e,0x66,0x30,0x89,0x3b,0xbc,0x83,0x3b,0xd0,0x43,0x39,0xb4,0x03,0x3c,0xbc,0x83,
    0x3c,0x84,0x03,0x3b,0xcc,0xf0,0x14,0x76,0x60,0x07,0x7b,0x68,0x07,0x37,0x68,0x87,0x72,0x68,0x07,0x37,0x80,0x87,0x70,0x90,
    0x87,0x70,0x60,0x07,0x76,0x28,0x07,0x76,0xf8,0x05,0x76,0x78,0x87,0x77,0x80,0x87,0x5f,0x08,0x87,0x71,0x18,0x87,0x72,0x98,
    0x87,0x79,0x98,0x81,0x2c,0xee,0xf0,0x0e,0xee,0xe0,0x0e,0xf5,0xc0,0x0e,0xec,0x30,0x03,0x62,0xc8,0xa1,0x1c,0xe4,0xa1,0x1c,
    0xcc,0xa1,0x1c,0xe4,0xa1,0x1c,0xdc,0x61,0x1c,0xca,0x21,0x1c,0xc4,0x81,0x1d,0xca,0x61,0x06,0xd6,0x90,0x43,0x39,0xc8,0x43,
    0x39,0x98,0x43,0x39,0xc8,0x43,0x39,0xb8,0xc3,0x38,0x94,0x43,0x38,0x88,0x03,0x3b,0x94,0xc3,0x2f,0xbc,0x83,0x3c,0xfc,0x82,
    0x3b,0xd4,0x03,0x3b,0xb0,0xc3,0x0c,0xc4,0x21,0x07,0x7c,0x70,0x03,0x7a,0x28,0x87,0x76,0x80,0x87,0x19,0xca,0xc3,0x0e,0xec,
    0x60,0x0f,0xed,0xe0,0x06,0xec,0xf0,0x0e,0xef,0x00,0x0f,0x33,0x22,0x88,0x1c,0xf0,0xc1,0x0d,0xc8,0x41,0x1c,0xce,0xc1,0x0d,
    0xec,0x21,0x1c,0xe4,0x81,0x1d,0xc2,0x21,0x1f,0xde,0xa1,0x1e,0xe8,0x61,0x06,0x13,0x91,0x03,0x3e,0xb8,0x81,0x38,0xc8,0x43,
    0x39,0x84,0xc3,0x3a,0xb8,0x81,0x38,0xc8,0x03,0x00,0x00,0x00,0x71,0x20,0x00,0x00,0x3d,0x00,0x00,0x00,0x66,0x00,0x0d,0x97,
    0xef,0x3c,0x7e,0x80,0x34,0x40,0x84,0xf9,0xc5,0x6d,0x1b,0x03,0x34,0x5c,0xbe,0xf3,0xf8,0x01,0xd2,0x00,0x11,0xe6,0x23,0xb7,
    0x6d,0x0e,0xdb,0x70,0xf9,0xce,0xe3,0x0b,0x01,0x55,0x14,0x44,0x54,0x3a,0xc0,0x50,0x12,0x06,0x20,0x60,0x7e,0x71,0xdb,0xf6,
    0x20,0x0d,0x97,0xef,0x3c,0xbe,0x10,0x11,0xc0,0x44,0x84,0x40,0x33,0x2c,0x84,0x0d,0x34,0xc3,0xe5,0x3b,0x8f,0x3f,0x20,0x92,
    0x00,0x44,0x83,0x15,0x38,0xc3,0xe5,0x3b,0x8f,0x3f,0x38,0x93,0xed,0x17,0xb7,0x6d,0x0d,0xce,0x70,0xf9,0xce,0xe3,0x0f,0xce,
    0x74,0xfb,0xc5,0x6d,0xdb,0xc2,0x34,0x5c,0xbe,0xf3,0xf8,0x06,0x31,0x75,0x08,0x43,0x34,0x12,0xe2,0x34,0x92,0x05,0x4c,0xc3,
    0xe5,0x3b,0x8f,0xbf,0x38,0xc0,0x20,0x36,0x0f,0x35,0xf9,0xc5,0x6d,0xdb,0x01,0x35,0x5c,0xbe,0xf3,0xf8,0x12,0xc0,0x3c,0x0b,
    0xb1,0x21,0x80,0xe4,0x17,0xb7,0x6d,0x0a,0xd3,0x70,0xf9,0xce,0xe3,0x4b,0x00,0xf3,0x2c,0x04,0xc7,0x3c,0x7e,0x71,0xdb,0x96,
    0x40,0x0d,0x97,0xef,0x3c,0xbe,0x04,0x30,0xcf,0x42,0x80,0x11,0x30,0xf8,0xc5,0x6d,0x1b,0x42,0x35,0x5c,0xbe,0xf3,0xf8,0x12,
    0xc0,0x3c,0x0b,0x51,0x12,0x15,0xb1,0xf8,0xc5,0x6d,0x9b,0x40,0x35,0x5c,0xbe,0xf3,0xf8,0xd2,0xe4,0x44,0x04,0x4a,0x4d,0x0f,
    0x35,0xf9,0xc5,0x6d,0x1b,0xc1,0x33,0x5c,0xbe,0xf3,0xf8,0x54,0x03,0x44,0x98,0x5f,0xdc,0xb6,0x01,0x10,0x0c,0x80,0x34,0x00,
    0x00,0x00,0x00,0x00,0x48,0x41,0x53,0x48,0x14,0x00,0x00,0x00,0x00,0x00,0x00,0x00,0x46,0xa5,0xc4,0x56,0xea,0x4a,0x05,0x34,
    0x4b,0xbb,0x3d,0x0b,0x39,0xcc,0x86,0xb9,0x44,0x58,0x49,0x4c,0x7c,0xa8,0x00,0x00,0x60,0x00,0x00,0x00,0x1f,0x2a,0x00,0x00,
    0x44,0x58,0x49,0x4c,0x00,0x01,0x00,0x00,0x10,0x00,0x00,0x00,0x64,0xa8,0x00,0x00,0x42,0x43,0xc0,0xde,0x21,0x0c,0x00,0x00,
    0x16,0x2a,0x00,0x00,0x0b,0x82,0x20,0x00,0x02,0x00,0x00,0x00,0x13,0x00,0x00,0x00,0x07,0x81,0x23,0x91,0x41,0xc8,0x04,0x49,
    0x06,0x10,0x32,0x39,0x92,0x01,0x84,0x0c,0x25,0x05,0x08,0x19,0x1e,0x04,0x8b,0x62,0x80,0x1c,0x45,0x02,0x42,0x92,0x0b,0x42,
    0xe4,0x10,0x32,0x14,0x38,0x08,0x18,0x4b,0x0a,0x32,0x72,0x88,0x48,0x90,0x14,0x20,0x43,0x46,0x88,0xa5,0x00,0x19,0x32,0x42,
    0xe4,0x48,0x0e,0x90,0x91,0x23,0xc4,0x50,0x41,0x51,0x81,0x8c,0xe1,0x83,0xe5,0x8a,0x04,0x39,0x46,0x06,0x51,0x18,0x00,0x00,
    0x08,0x00,0x00,0x00,0x1b,0x8c,0xe0,0xff,0xff,0xff,0xff,0x07,0x40,0x02,0xa8,0x0d,0x84,0xf0,0xff,0xff,0xff,0xff,0x03,0x20,
    0x6d,0x30,0x86,0xff,0xff,0xff,0xff,0x1f,0x00,0x09,0xa8,0x00,0x49,0x18,0x00,0x00,0x03,0x00,0x00,0x00,0x13,0x82,0x60,0x42,
    0x20,0x4c,0x08,0x06,0x00,0x00,0x00,0x00,0x89,0x20,0x00,0x00,0xbb,0x00,0x00,0x00,0x32,0x22,0xc8,0x09,0x20,0x64,0x85,0x04,
    0x93,0x23,0xa4,0x84,0x04,0x93,0x23,0xe3,0x84,0xa1,0x90,0x14,0x12,0x4c,0x8e,0x8c,0x0b,0x84,0xe4,0x4c,0x10,0x80,0xc2,0x08,
    0x40,0x09,0x00,0x14,0x98,0x01,0x98,0x23,0x00,0x83,0x39,0x02,0xa4,0x18,0x03,0x02,0x81,0x50,0x20,0x90,0xa1,0x18,0x00,0x02,
    0x81,0x50,0x18,0x10,0x62,0x8e,0x20,0x28,0x03,0x80,0xa0,0xa0,0x45,0x19,0x06,0x84,0x01,0x35,0x8a,0x31,0x20,0x0c,0x06,0x83,
    0x01,0x3d,0x0a,0x31,0x20,0x0c,0x06,0x14,0xb9,0x69,0xb8,0xfc,0x09,0x7b,0x08,0xc9,0x5f,0x09,0x69,0x25,0x26,0xbf,0xb8,0x6d,
    0x54,0x0c,0x06,0x83,0x01,0x81,0x0a,0xf7,0x0c,0x97,0x3f,0x61,0x0f,0x21,0xf9,0x21,0xd0,0x0c,0x0b,0x81,0x02,0x4a,0x69,0x26,
    0x84,0x4a,0x65,0x30,0x18,0x0c,0x08,0x04,0xc2,0x60,0x40,0x96,0xc2,0x4c,0x08,0x95,0xca,0x60,0x30,0x18,0x10,0x08,0x84,0x01,
    0x61,0x8a,0x34,0x21,0x54,0x2a,0x83,0xc1,0x60,0x40,0x20,0x10,0x06,0x83,0xc1,0x60,0x30,0x18,0x90,0xe6,0xa6,0xe1,0xf2,0x27,
    0xec,0x21,0x24,0xbf,0x43,0x18,0xa2,0x91,0x10,0xa7,0x91,0x10,0x41,0x20,0x10,0x08,0x85,0xe0,0x10,0x2a,0x04,0xea,0x14,0x82,
    0x40,0x20,0x10,0xe8,0x53,0x90,0x01,0x61,0x30,0x18,0x0c,0x06,0x03,0x0a,0x1d,0x35,0x5c,0xfe,0x84,0x3d,0x84,0xe4,0x73,0x1b,
    0x55,0xac,0xc4,0xe4,0x17,0xb7,0x8d,0x88,0xc1,0x60,0x30,0x28,0xc4,0x88,0x50,0x21,0x10,0xa9,0x18,0x15,0x42,0x81,0x40,0x50,
    0x90,0x69,0x20,0x60,0xa6,0x30,0x18,0x07,0x76,0x08,0x87,0x79,0x98,0x07,0x37,0xa0,0x85,0x72,0xc0,0x07,0x7a,0xa8,0x07,0x79,
    0x28,0x07,0x39,0x20,0x05,0x3e,0x30,0x07,0x76,0x78,0x87,0x70,0xa0,0x07,0x3f,0xd0,0x03,0x3d,0x68,0x87,0x74,0x80,0x87,0x79,
    0xf8,0x05,0x7a,0xc8,0x07,0x78,0x28,0x07,0x14,0x10,0x66,0xb2,0xc6,0x81,0x1d,0xc2,0x61,0x1e,0xe6,0xc1,0x0d,0x68,0xa1,0x1c,
    0xf0,0x81,0x1e,0xea,0x41,0x1e,0xca,0x41,0x0e,0x48,0x81,0x0f,0xcc,0x81,0x1d,0xde,0x21,0x1c,0xe8,0xc1,0x0f,0x90,0x30,0x48,
    0x91,0x6a,0x18,0x81,0x18,0x66,0x6a,0x83,0x71,0x60,0x87,0x70,0x98,0x87,0x79,0x70,0x03,0x5a,0x28,0x07,0x7c,0xa0,0x87,0x7a,
    0x90,0x87,0x72,0x90,0x03,0x52,0xe0,0x03,0x7b,0x28,0x87,0x71,0xa0,0x87,0x77,0x90,0x07,0x3e,0x30,0x07,0x76,0x78,0x87,0x70,
    0xa0,0x07,0x36,0x00,0x03,0x3a,0xf0,0x03,0x30,0xf0,0x03,0x3d,0xd0,0x83,0x76,0x48,0x07,0x78,0x98,0x87,0x5f,0xa0,0x87,0x7c,
    0x80,0x87,0x72,0x40,0x01,0x61,0x26,0x31,0x18,0x07,0x76,0x08,0x87,0x79,0x98,0x07,0x37,0xa0,0x85,0x72,0xc0,0x07,0x7a,0xa8,
    0x07,0x79,0x28,0x07,0x39,0x20,0x05,0x3e,0xb0,0x87,0x72,0x18,0x07,0x7a,0x78,0x07,0x79,0xe0,0x03,0x73,0x60,0x87,0x77,0x08,
    0x07,0x7a,0x60,0x03,0x30,0xa0,0x03,0x3f,0x00,0x03,0x3f,0x40,0x02,0xab,0x45,0xae,0x99,0xc8,0x60,0x1c,0xd8,0x21,0x1c,0xe6,
    0x61,0x1e,0xdc,0x80,0x16,0xca,0x01,0x1f,0xe8,0xa1,0x1e,0xe4,0xa1,0x1c,0x46,0xa1,0x1e,0xc4,0xa1,0x1c,0xf8,0xc0,0x1e,0xca,
    0x61,0x1c,0xe8,0xe1,0x1d,0xe4,0x81,0x0f,0xcc,0x81,0x1d,0xde,0x21,0x1c,0xe8,0x81,0x0d,0xc0,0x80,0x0e,0xfc,0x00,0x0c,0xfc,
    0x00,0x05,0x2c,0x82,0xcd,0xd4,0x06,0xe3,0xc0,0x0e,0xe1,0x30,0x0f,0xf3,0xe0,0x06,0xb4,0x50,0x0e,0xf8,0x40,0x0f,0xf5,0x20,
    0x0f,0xe5,0x30,0x07,0xa4,0xc0,0x07,0xf6,0x50,0x0e,0xe3,0x40,0x0f,0xef,0x20,0x0f,0x7c,0x60,0x0e,0xec,0xf0,0x0e,0xe1,0x40,
    0x0f,0x6c,0x00,0x06,0x74,0xe0,0x07,0x60,0xe0,0x07,0x7a,0xa0,0x07,0xed,0x90,0x0e,0xf0,0x30,0x0f,0xbf,0x40,0x0f,0xf9,0x00,
    0x0f,0xe5,0x80,0x02,0xc2,0x4c,0x62,0x30,0x0e,0xec,0x10,0x0e,0xf3,0x30,0x0f,0x6e,0x40,0x0b,0xe5,0x80,0x0f,0xf4,0x50,0x0f,
    0xf2,0x50,0x0e,0x73,0x40,0x0a,0x7c,0x60,0x0f,0xe5,0x30,0x0e,0xf4,0xf0,0x0e,0xf2,0xc0,0x07,0xe6,0xc0,0x0e,0xef,0x10,0x0e,
    0xf4,0xc0,0x06,0x60,0x40,0x07,0x7e,0x00,0x06,0x7e,0x80,0x04,0x96,0x8c,0x66,0x49,0xc1,0x4a,0x08,0x56,0x16,0xb0,0x4e,0xe1,
    0xc8,0x2f,0x02,0x0c,0x86,0x68,0x26,0x64,0xd4,0x6c,0xb6,0x9b,0xcd,0x46,0xb8,0xeb,0xa4,0x29,0xa2,0x84,0xc9,0x67,0x01,0xe6,
    0x59,0x88,0x88,0x73,0x98,0x07,0x88,0x10,0xc9,0x69,0xd8,0x09,0x98,0x08,0x14,0x10,0x48,0x77,0x93,0x34,0x45,0x94,0x30,0xf9,
    0x2c,0xc0,0x3c,0x0b,0x11,0xb1,0x13,0x30,0x11,0x28,0x20,0x10,0x2f,0x75,0x08,0x53,0x00,0x00,0x00,0x00,0x13,0x14,0x72,0xc0,
    0x87,0x74,0x60,0x87,0x36,0x68,0x87,0x79,0x68,0x03,0x72,0xc0,0x87,0x0d,0xaf,0x50,0x0e,0x6d,0xd0,0x0e,0x7a,0x50,0x0e,0x6d,
    0x00,0x0f,0x7a,0x30,0x07,0x72,0xa0,0x07,0x73,0x20,0x07,0x6d,0x90,0x0e,0x71,0xa0,0x07,0x73,0x20,0x07,0x6d,0x90,0x0e,0x78,
    0xa0,0x07,0x73,0x20,0x07,0x6d,0x90,0x0e,0x71,0x60,0x07,0x7a,0x30,0x07,0x72,0xd0,0x06,0xe9,0x30,0x07,0x72,0xa0,0x07,0x73,
    0x20,0x07,0x6d,0x90,0x0e,0x76,0x40,0x07,0x7a,0x60,0x07,0x74,0xd0,0x06,0xe6,0x10,0x07,0x76,0xa0,0x07,0x73,0x20,0x07,0x6d,
    0x60,0x0e,0x73,0x20,0x07,0x7a,0x30,0x07,0x72,0xd0,0x06,0xe6,0x60,0x07,0x74,0xa0,0x07,0x76,0x40,0x07,0x6d,0xe0,0x0e,0x78,
    0xa0,0x07,0x71,0x60,0x07,0x7a,0x30,0x07,0x72,0xa0,0x07,0x76,0x40,0x07,0x43,0x9e,0x00,0x00,0x00,0x00,0x00,0x00,0x00,0x00,
    0x00,0x00,0x00,0x86,0x3c,0x06,0x10,0x00,0x01,0x00,0x00,0x00,0x00,0x00,0x00,0x00,0x0c,0x79,0x10,0x20,0x00,0x04,0x00,0x00,
    0x00,0x00,0x00,0x00,0x00,0x18,0xf2,0x2c,0x40,0x00,0x08,0x00,0x00,0x00,0x00,0x00,0x00,0x00,0x30,0xe4,0x69,0x80,0x00,0x08,
    0x00,0x00,0x00,0x00,0x00,0x00,0x00,0x60,0xc8,0xf3,0x00,0x01,0x10,0x00,0x00,0x00,0x00,0x00,0x00,0x00,0xc0,0x90,0x27,0x02,
    0x02,0x20,0x00,0x00,0x00,0x00,0x00,0x00,0x00,0x80,0x21,0x8f,0x05,0x04,0xc0,0x00,0x00,0x00,0x00,0x00,0x00,0x00,0x00,0x43,
    0x1e,0x0c,0x08,0x80,0x01,0x00,0x00,0x00,0x00,0x00,0x00,0x00,0x86,0x3c,0x1a,0x10,0x00,0x03,0x00,0x00,0x00,0x00,0x00,0x00,
    0x00,0x0c,0x79,0x2c,0x20,0x00,0x06,0x00,0x00,0x00,0x00,0x00,0x00,0x00,0x18,0xf2,0x74,0x40,0x00,0x0c,0x00,0x00,0x00,0x00,
    0x00,0x00,0x00,0x30,0xe4,0xf9,0x80,0x00,0x08,0x00,0x00,0x00,0x00,0x00,0x00,0x00,0x60,0xc8,0x13,0x06,0x40,0x00,0x04,0x00,
    0x00,0x00,0x00,0x00,0x00,0x00,0x30,0xe4,0x21,0x03,0x20,0x00,0x06,0x00,0x00,0x00,0x00,0x00,0x00,0x00,0x18,0xf2,0x98,0x01,
    0x10,0x00,0x03,0x00,0x00,0x00,0x00,0x00,0x00,0x00,0x64,0x81,0x00,0x00,0x00,0x00,0x21,0x00,0x00,0x00,0x32,0x1e,0x98,0x18,
    0x19,0x11,0x4c,0x90,0x8c,0x09,0x26,0x47,0xc6,0x04,0x43,0x22,0x94,0xc0,0x08,0x40,0x41,0x14,0x43,0x11,0x94,0x44,0x19,0x14,
    0x42,0x29,0x94,0x43,0x51,0x94,0x45,0x61,0x94,0x46,0x71,0x94,0x47,0x81,0x5a,0x50,0xa1,0x24,0xca,0xa0,0x10,0x46,0x00,0x8a,
    0xa0,0x04,0x0a,0x84,0x56,0x33,0x00,0xf4,0x9a,0x01,0xa0,0xd8,0x0c,0x00,0xd1,0x66,0x00,0x28,0x37,0x03,0x40,0xbb,0x19,0x00,
    0xea,0xcd,0x00,0x90,0x6f,0x2c,0x3d,0xc0,0x03,0x02,0x00,0x00,0xe0,0x79,0x9e,0xe7,0x79,0x9e,0xe7,0x79,0x9e,0xe7,0x79,0x9e,
    0xe7,0x79,0x9e,0xe7,0x79,0x9e,0xe7,0x79,0x9e,0xe7,0x79,0x9e,0xe7,0x79,0x9e,0xe7,0x79,0x9e,0xe7,0x79,0x9e,0xe7,0x79,0x9e,
    0xe7,0x01,0x8e,0x03,0x00,0x00,0x00,0x00,0x79,0x18,0x00,0x00,0x0d,0x01,0x00,0x00,0x1a,0x03,0x4c,0x90,0x46,0x02,0x13,0xc4,
    0x31,0x20,0xc3,0x1b,0x43,0x81,0x93,0x4b,0xb3,0x0b,0xa3,0x2b,0x4b,0x01,0x89,0x71,0xc1,0x71,0x81,0x71,0xa1,0xb9,0x99,0xc9,
    0x01,0x41,0x21,0xcb,0x09,0xab,0x29,0xcb,0xb9,0x21,0x83,0x49,0xd9,0x10,0x04,0x13,0x04,0x02,0x9a,0x20,0x10,0xd1,0x06,0x61,
    0x20,0x26,0x08,0x84,0xb4,0x41,0x18,0x0c,0x0a,0x70,0x73,0x13,0x04,0x62,0xda,0x30,0x20,0x09,0x31,0x41,0x58,0x03,0x34,0x20,
    0x30,0x41,0x20,0xa8,0x09,0x02,0x51,0x6d,0x10,0x08,0x67,0x43,0x42,0x2c,0x4c,0x43,0x0c,0x0d,0xf1,0x6c,0x48,0x86,0x85,0x69,
    0x86,0xa1,0x21,0x9e,0x0d,0x49,0xb3,0x30,0x4d,0x33,0x34,0xc4,0x33,0x41,0x20,0xac,0x0d,0xc9,0xb4,0x30,0xcd,0x34,0x34,0xc4,
    0x33,0x41,0x20,0xae,0x0d,0x49,0xb5,0x30,0x4d,0x35,0x34,0xc4,0x33,0x41,0x20,0xb0,0x0d,0xc9,0xb5,0x30,0xcd,0x35,0x34,0xc4,
    0x33,0x41,0x78,0x83,0x34,0xd8,0x90,0x24,0x19,0xd3,0x24,0x43,0x43,0x3c,0x13,0x04,0x22,0xdb,0x90,0x6c,0x19,0xd3,0x6c,0x43,
    0x43,0x3c,0x13,0x84,0x38,0x50,0x83,0x0d,0x89,0xd1,0x31,0x8d,0x31,0x5c,0xc4,0xb3,0x21,0x71,0x3a,0xa6,0x71,0x86,0x8b,0x78,
    0x26,0x08,0x84,0xb6,0x21,0x01,0x83,0x8e,0x69,0xc0,0x60,0xb8,0x88,0x67,0x82,0x40,0x6c,0x1b,0x12,0x31,0xe8,0x98,0x46,0x0c,
    0x86,0x8b,0x78,0x26,0x08,0x04,0x37,0x41,0xa0,0x83,0x35,0xd8,0x90,0x90,0x41,0x19,0x30,0x0d,0x19,0x0c,0x15,0xf1,0x4c,0x10,
    0x88,0x6e,0x43,0x72,0x06,0x65,0xc0,0x34,0x67,0x30,0x54,0xc4,0x33,0x41,0x20,0xbc,0x0d,0x49,0x1a,0x94,0x01,0xd3,0xa4,0xc1,
    0x50,0x11,0xcf,0x04,0x81,0xf8,0x36,0x24,0x6b,0x50,0x06,0x4c,0xb3,0x06,0x43,0x45,0x3c,0x1b,0x20,0x28,0x92,0x28,0x0b,0xd3,
    0x38,0xef,0x0b,0x83,0x31,0x30,0x03,0x34,0x50,0x03,0x36,0x98,0x20,0xe4,0x01,0x1b,0x4c,0x10,0x08,0x30,0xd8,0x80,0x10,0x6e,
    0xc0,0x4c,0xc4,0xf0,0x06,0xc0,0x86,0x00,0x0e,0x26,0x08,0x7b,0xd0,0x06,0x1b,0x10,0x42,0x0e,0x98,0x86,0x18,0x06,0x60,0x03,
    0x32,0xc8,0x01,0xd3,0x0c,0xc3,0x00,0x6c,0x40,0x1a,0x39,0x60,0x9a,0x66,0x18,0x80,0x0d,0xc8,0x24,0x07,0x4c,0x33,0x0d,0x03,
    0xb0,0x01,0xa9,0xe4,0x80,0x69,0xaa,0x61,0x00,0x36,0x20,0x97,0x1c,0x30,0xcd,0x35,0x0c,0xc0,0x04,0xa1,0x0f,0xdc,0x60,0x03,
    0x92,0xe4,0x01,0xd3,0x24,0x03,0x01,0x6c,0x40,0xb6,0x3c,0x60,0x9a,0x6d,0x20,0x80,0x0d,0x88,0x91,0x07,0x4c,0x63,0x0c,0x04,
    0xb0,0x01,0x71,0xf2,0x80,0x69,0x9c,0x81,0x00,0x36,0x20,0x60,0x90,0x07,0x4c,0x03,0x06,0x03,0x01,0x6c,0x40,0xc4,0x20,0x0f,
    0x98,0x46,0x0c,0x06,0x02,0xd8,0x80,0x90,0x41,0x1e,0x30,0x0d,0x19,0x0c,0x04,0xb0,0x01,0x39,0x83,0x3c,0x60,0x9a,0x33,0x18,
    0x08,0x60,0x03,0x92,0x06,0x79,0xc0,0x34,0x69,0x30,0x10,0xc0,0x06,0x64,0x0d,0xf2,0x80,0x69,0xd6,0x60,0x20,0x80,0x0d,0xd0,
    0x1c,0xd0,0x41,0x1d,0xd8,0xc1,0x1d,0xe0,0x81,0x1e,0xec,0x01,0x1f,0xf4,0x81,0x1f,0xfc,0x01,0x28,0x84,0x82,0x28,0x8c,0xc2,
    0x06,0xa2,0x0d,0x80,0x38,0x20,0x85,0x09,0x82,0x1f,0xbc,0xc1,0x86,0xc0,0x14,0x26,0x08,0x02,0x40,0xa2,0x2d,0x2c,0xcd,0x8d,
    0xcb,0x94,0xd5,0x17,0xd4,0xdb,0x5c,0x1a,0x5d,0xda,0x9b,0xdb,0x04,0xa1,0x08,0x83,0x09,0x42,0x21,0x06,0x1b,0x02,0x62,0x82,
    0x50,0x8c,0xc1,0x04,0xa1,0x20,0x83,0x0d,0x0b,0xa1,0x0a,0xab,0xc0,0x0a,0xad,0xe0,0x0a,0x83,0x2b,0x10,0xaf,0x00,0x10,0xa1,
    0x2a,0xc2,0x1a,0x7a,0x7a,0x92,0x22,0x9a,0x20,0x14,0x65,0xb0,0x41,0x98,0xd6,0x60,0xc3,0x32,0xc4,0xc2,0x2a,0xbc,0x42,0x2b,
    0xc8,0xc2,0xe0,0x0a,0xc3,0x2b,0xcc,0xc2,0x86,0x60,0xd8,0xb0,0x34,0xb1,0xb0,0x0a,0xaf,0x50,0x0b,0xb2,0x30,0xb8,0x42,0xf3,
    0x0a,0xb3,0xb0,0x21,0x68,0x26,0x08,0x85,0x19,0x6c,0x58,0xa6,0x58,0x58,0x85,0x57,0xb8,0x05,0x5c,0x18,0x5c,0x61,0x7a,0x85,
    0x59,0xd8,0x10,0x4c,0x1b,0x96,0x2a,0x16,0x56,0xe1,0x15,0x74,0x01,0x17,0x06,0x57,0xa8,0x5e,0x61,0x16,0x36,0x04,0xd5,0x86,
    0xe5,0x8a,0x85,0x55,0x78,0x05,0x5e,0x90,0x85,0xc1,0x15,0xae,0x57,0x98,0x85,0x0d,0xc1,0xb5,0x61,0x49,0x62,0x61,0x15,0x5e,
    0xc1,0x17,0x64,0x61,0x70,0x85,0xe4,0x15,0x66,0x61,0x43,0x90,0x6c,0x58,0xb6,0x58,0x58,0x85,0x57,0x00,0x07,0x59,0x18,0x5c,
    0x61,0x7b,0x85,0x59,0xd8,0x10,0x6c,0x1b,0x16,0x23,0x16,0x56,0xe1,0x15,0xc4,0x41,0x16,0x06,0x57,0x30,0x5e,0x61,0x16,0x36,
    0x04,0xc6,0x86,0xc5,0x89,0x85,0x55,0x78,0x05,0x72,0x90,0x85,0xc1,0x15,0x9c,0x57,0x98,0x85,0x0d,0x81,0xb3,0x61,0x01,0x83,
    0x58,0x58,0x85,0x57,0x30,0x07,0x59,0x18,0x5c,0x01,0x0c,0x5e,0x61,0x16,0x36,0x04,0x60,0xb0,0x61,0x11,0x83,0x58,0x58,0x85,
    0x57,0x40,0x07,0x59,0x18,0x5c,0x41,0x0c,0x5e,0x61,0x16,0x36,0x04,0x62,0xb0,0x61,0x21,0x83,0x58,0x58,0x85,0x57,0x50,0x07,
    0x59,0x18,0x5c,0x81,0x0c,0x5e,0x61,0x16,0x36,0x04,0x64,0xb0,0x41,0x98,0xce,0x60,0xc3,0x72,0x06,0xb1,0xb0,0x0a,0xaf,0xc0,
    0x0e,0xb2,0x30,0xb8,0xc2,0x19,0xbc,0x42,0x3b,0x6c,0x70,0x60,0x81,0x16,0x6c,0x21,0x17,0x76,0xa1,0x17,0x7e,0x21,0x1c,0xc6,
    0xa1,0x1c,0xce,0x21,0x1d,0xd6,0xc1,0x1d,0x98,0x4c,0x59,0x7d,0x51,0x85,0xc9,0x9d,0x95,0xd1,0x4d,0x10,0x8a,0x33,0xd8,0xb0,
    0x10,0xf0,0xb0,0x0a,0xf1,0xd0,0x0a,0xaf,0x30,0xb8,0x02,0xf1,0x0a,0xb3,0xb0,0x21,0x90,0x87,0x0d,0xc3,0x3b,0xcc,0x03,0xb0,
    0xa1,0x40,0x85,0x54,0xa0,0x87,0x52,0x00,0x88,0xb1,0xb1,0xd9,0xb5,0xb9,0xb0,0xbd,0xbd,0xc1,0xb9,0xd4,0xb9,0xc9,0xbd,0xb1,
    0xb1,0xb9,0x90,0xa5,0xcd,0x85,0x89,0xb1,0x95,0x6d,0x08,0xec,0x61,0x85,0x80,0x0f,0xf7,0x50,0x85,0x8d,0xcd,0xae,0xcd,0x25,
    0x8d,0xac,0xcc,0x8d,0x6e,0x4a,0x10,0x54,0x21,0xc3,0x73,0xb1,0x2b,0x93,0x9b,0x4b,0x7b,0x73,0x9b,0x12,0x10,0x4d,0xc8,0xf0,
    0x5c,0xec,0xc2,0xd8,0xec,0xca,0xe4,0xa6,0x04,0x46,0x1d,0x32,0x3c,0x97,0x39,0xb4,0x30,0xb2,0x32,0xb9,0xa6,0x37,0xb2,0x32,
    0xb6,0x29,0x41,0x52,0x86,0x0c,0xcf,0x45,0xae,0x6c,0xee,0xad,0x4e,0x6e,0xac,0x6c,0x6e,0x4a,0x40,0x0a,0x75,0xc8,0xf0,0x5c,
    0xec,0xd2,0xca,0xee,0x92,0xc8,0xa6,0xe8,0xc2,0xe8,0xca,0xa6,0x04,0xa6,0x50,0x87,0x0c,0xcf,0xa5,0xcc,0x8d,0x4e,0x2e,0x0f,
    0xea,0x2d,0xcd,0x8d,0x6e,0x6e,0x4a,0x40,0x0f,0x00,0x00,0x00,0x79,0x18,0x00,0x00,0x55,0x00,0x00,0x00,0x33,0x08,0x80,0x1c,
    0xc4,0xe1,0x1c,0x66,0x14,0x01,0x3d,0x88,0x43,0x38,0x84,0xc3,0x8c,0x42,0x80,0x07,0x79,0x78,0x07,0x73,0x98,0x71,0x0c,0xe6,
    0x00,0x0f,0xed,0x10,0x0e,0xf4,0x80,0x0e,0x33,0x0c,0x42,0x1e,0xc2,0xc1,0x1d,0xce,0xa1,0x1c,0x66,0x30,0x05,0x3d,0x88,0x43,
    0x38,0x84,0x83,0x1b,0xcc,0x03,0x3d,0xc8,0x43,0x3d,0x8c,0x03,0x3d,0xcc,0x78,0x8c,0x74,0x70,0x07,0x7b,0x08,0x07,0x79,0x48,
    0x87,0x70,0x70,0x07,0x7a,0x70,0x03,0x76,0x78,0x87,0x70,0x20,0x87,0x19,0xcc,0x11,0x0e,0xec,0x90,0x0e,0xe1,0x30,0x0f,0x6e,
    0x30,0x0f,0xe3,0xf0,0x0e,0xf0,0x50,0x0e,0x33,0x10,0xc4,0x1d,0xde,0x21,0x1c,0xd8,0x21,0x1d,0xc2,0x61,0x1e,0x66,0x30,0x89,
    0x3b,0xbc,0x83,0x3b,0xd0,0x43,0x39,0xb4,0x03,0x3c,0xbc,0x83,0x3c,0x84,0x03,0x3b,0xcc,0xf0,0x14,0x76,0x60,0x07,0x7b,0x68,
    0x07,0x37,0x68,0x87,0x72,0x68,0x07,0x37,0x80,0x87,0x70,0x90,0x87,0x70,0x60,0x07,0x76,0x28,0x07,0x76,0xf8,0x05,0x76,0x78,
    0x87,0x77,0x80,0x87,0x5f,0x08,0x87,0x71,0x18,0x87,0x72,0x98,0x87,0x79,0x98,0x81,0x2c,0xee,0xf0,0x0e,0xee,0xe0,0x0e,0xf5,
    0xc0,0x0e,0xec,0x30,0x03,0x62,0xc8,0xa1,0x1c,0xe4,0xa1,0x1c,0xcc,0xa1,0x1c,0xe4,0xa1,0x1c,0xdc,0x61,0x1c,0xca,0x21,0x1c,
    0xc4,0x81,0x1d,0xca,0x61,0x06,0xd6,0x90,0x43,0x39,0xc8,0x43,0x39,0x98,0x43,0x39,0xc8,0x43,0x39,0xb8,0xc3,0x38,0x94,0x43,
    0x38,0x88,0x03,0x3b,0x94,0xc3,0x2f,0xbc,0x83,0x3c,0xfc,0x82,0x3b,0xd4,0x03,0x3b,0xb0,0xc3,0x0c,0xc4,0x21,0x07,0x7c,0x70,
    0x03,0x7a,0x28,0x87,0x76,0x80,0x87,0x19,0xca,0xc3,0x0e,0xec,0x60,0x0f,0xed,0xe0,0x06,0xec,0xf0,0x0e,0xef,0x00,0x0f,0x33,
    0x22,0x88,0x1c,0xf0,0xc1,0x0d,0xc8,0x41,0x1c,0xce,0xc1,0x0d,0xec,0x21,0x1c,0xe4,0x81,0x1d,0xc2,0x21,0x1f,0xde,0xa1,0x1e,
    0xe8,0x61,0x06,0x13,0x91,0x03,0x3e,0xb8,0x81,0x38,0xc8,0x43,0x39,0x84,0xc3,0x3a,0xb8,0x81,0x38,0xc8,0x03,0x00,0x00,0x00,
    0x71,0x20,0x00,0x00,0x3d,0x00,0x00,0x00,0x66,0x00,0x0d,0x97,0xef,0x3c,0x7e,0x80,0x34,0x40,0x84,0xf9,0xc5,0x6d,0x1b,0x03,
    0x34,0x5c,0xbe,0xf3,0xf8,0x01,0xd2,0x00,0x11,0xe6,0x23,0xb7,0x6d,0x0e,0xdb,0x70,0xf9,0xce,0xe3,0x0b,0x01,0x55,0x14,0x44,
    0x54,0x3a,0xc0,0x50,0x12,0x06,0x20,0x60,0x7e,0x71,0xdb,0xf6,0x20,0x0d,0x97,0xef,0x3c,0xbe,0x10,0x11,0xc0,0x44,0x84,0x40,
    0x33,0x2c,0x84,0x0d,0x34,0xc3,0xe5,0x3b,0x8f,0x3f,0x20,0x92,0x00,0x44,0x83,0x15,0x38,0xc3,0xe5,0x3b,0x8f,0x3f,0x38,0x93,
    0xed,0x17,0xb7,0x6d,0x0d,0xce,0x70,0xf9,0xce,0xe3,0x0f,0xce,0x74,0xfb,0xc5,0x6d,0xdb,0xc2,0x34,0x5c,0xbe,0xf3,0xf8,0x06,
    0x31,0x75,0x08,0x43,0x34,0x12,0xe2,0x34,0x92,0x05,0x4c,0xc3,0xe5,0x3b,0x8f,0xbf,0x38,0xc0,0x20,0x36,0x0f,0x35,0xf9,0xc5,
    0x6d,0xdb,0x01,0x35,0x5c,0xbe,0xf3,0xf8,0x12,0xc0,0x3c,0x0b,0xb1,0x21,0x80,0xe4,0x17,0xb7,0x6d,0x0a,0xd3,0x70,0xf9,0xce,
    0xe3,0x4b,0x00,0xf3,0x2c,0x04,0xc7,0x3c,0x7e,0x71,0xdb,0x96,0x40,0x0d,0x97,0xef,0x3c,0xbe,0x04,0x30,0xcf,0x42,0x80,0x11,
    0x30,0xf8,0xc5,0x6d,0x1b,0x42,0x35,0x5c,0xbe,0xf3,0xf8,0x12,0xc0,0x3c,0x0b,0x51,0x12,0x15,0xb1,0xf8,0xc5,0x6d,0x9b,0x40,
    0x35,0x5c,0xbe,0xf3,0xf8,0xd2,0xe4,0x44,0x04,0x4a,0x4d,0x0f,0x35,0xf9,0xc5,0x6d,0x1b,0xc1,0x33,0x5c,0xbe,0xf3,0xf8,0x54,
    0x03,0x44,0x98,0x5f,0xdc,0xb6,0x01,0x10,0x0c,0x80,0x34,0x00,0x61,0x20,0x00,0x00,0x11,0x27,0x00,0x00,0x13,0x04,0xef,0x15,
    0x0b,0x04,0x00,0x00,0x3c,0x00,0x00,0x00,0xa4,0xa8,0x81,0x11,0x00,0x22,0x14,0x69,0x40,0x01,0x02,0x12,0x94,0xff,0xff,0xff,
    0x43,0x01,0x02,0x02,0x3e,0xd4,0x20,0x41,0x01,0x02,0x02,0x22,0x14,0x20,0x20,0x60,0x40,0x01,0x02,0x0a,0x94,0x4c,0xb9,0x15,
    0x6c,0x40,0x39,0x06,0x94,0x6b,0x40,0x31,0x06,0x14,0x6b,0x40,0x19,0x95,0x4d,0x21,0xd5,0x40,0xb1,0xcc,0x00,0x54,0x41,0xd9,
    0x15,0x64,0x40,0xf1,0x95,0x5c,0x01,0x06,0x14,0x4c,0xf9,0x95,0x4b,0x01,0xf2,0x14,0x20,0x44,0x41,0x95,0x4a,0xe1,0x94,0x69,
    0x40,0xa1,0x06,0x14,0x48,0xe9,0x15,0xf8,0x40,0x01,0x15,0x5c,0xf9,0x94,0x53,0x89,0x14,0x20,0x41,0xf1,0x14,0x49,0xa1,0x94,
    0x67,0x40,0x81,0x06,0x94,0x49,0xd1,0x14,0x5a,0xb1,0x95,0x6a,0x40,0x29,0x06,0xd0,0x60,0x8c,0x00,0x04,0x41,0x10,0xef,0xc6,
    0x08,0x40,0x10,0xf4,0xef,0x30,0x18,0x23,0xe8,0xfb,0x96,0xc5,0x75,0x61,0x8c,0x60,0x8f,0xd5,0x78,0xff,0x85,0x31,0x02,0x10,
    0x04,0x41,0xfc,0x17,0xc6,0x08,0x48,0x18,0x14,0xf1,0x5f,0x18,0x23,0x10,0x51,0x30,0x04,0xc1,0x60,0x8c,0xe0,0xc6,0xdb,0xb1,
    0xe5,0x85,0x31,0x02,0x10,0x04,0x41,0x14,0x0c,0xc6,0x08,0x6e,0xbc,0x1d,0x5b,0x6e,0x8c,0x00,0x04,0x41,0x10,0x04,0x83,0x31,
    0x82,0xbe,0x6f,0x59,0x5c,0x1b,0x23,0x00,0x41,0x10,0x84,0xbf,0x31,0x02,0x10,0x04,0x41,0xf8,0x17,0x66,0x00,0xc6,0x08,0x40,
    0x10,0x04,0xf1,0x6f,0x04,0x00,0x00,0x00,0x23,0x06,0x09,0x00,0x82,0x60,0x60,0x06,0xed,0x10,0x07,0xb8,0xd0,0x0b,0xbd,0xb0,
    0x0a,0x23,0x06,0x09,0x00,0x82,0x60,0x60,0x06,0xee,0x20,0x07,0xb9,0xf0,0x0b,0xbf,0xc0,0x0a,0x23,0x06,0x09,0x00,0x82,0x60,
    0x60,0x06,0xef,0x30,0x07,0xba,0x10,0x0e,0xe1,0xd0,0x0a,0x23,0x06,0x09,0x00,0x82,0x60,0x60,0x06,0xf0,0x40,0x07,0xbb,0x30,
    0x0e,0xe3,0xe0,0x0a,0x23,0x06,0x09,0x00,0x82,0x60,0x60,0x06,0xf1,0x50,0x07,0xbc,0x50,0x0e,0xe5,0xf0,0x0a,0x23,0x06,0x09,
    0x00,0x82,0x60,0x60,0x06,0xf2,0x60,0x07,0xbd,0x70,0x0e,0xe7,0x00,0x0b,0x23,0x06,0x09,0x00,0x82,0x60,0x60,0x06,0xf3,0x70,
    0x07,0xbe,0xd0,0x0e,0xed,0x10,0x0b,0x23,0x06,0x09,0x00,0x82,0x60,0x60,0x06,0xf4,0x80,0x07,0xbf,0x10,0x0f,0xf1,0x20,0x0b,
    0x23,0x06,0x09,0x00,0x82,0x60,0x60,0x06,0xf5,0x90,0x07,0xe0,0xb0,0x0e,0xeb,0x30,0x0b,0x23,0x06,0x09,0x00,0x82,0x60,0x60,
    0x06,0xf6,0xa0,0x07,0xe1,0x20,0x0f,0xf2,0x40,0x0b,0x23,0x06,0x09,0x00,0x82,0x60,0x60,0x06,0xf7,0xb0,0x07,0xe2,0xe0,0x0e,
    0xee,0x50,0x0b,0x23,0x06,0x09,0x00,0x82,0x60,0x60,0x06,0xf8,0xc0,0x07,0xe3,0x00,0x0f,0xf0,0x60,0x0b,0x23,0x06,0x09,0x00,
    0x82,0x60,0x60,0x06,0xf9,0xd0,0x07,0xe4,0x20,0x0f,0xf2,0x70,0x0b,0x23,0x06,0x09,0x00,0x82,0x60,0x60,0x06,0xfa,0xe0,0x07,
    0xe5,0x50,0x0f,0xf5,0x80,0x0b,0x23,0x06,0x09,0x00,0x82,0x60,0x60,0x06,0xfb,0xf0,0x07,0xe6,0xa0,0x0f,0xfa,0x90,0x0b,0x23,
    0x06,0x09,0x00,0x82,0x60,0x60,0x06,0xfc,0x00,0x0a,0xe7,0xa0,0x0f,0xfa,0xa0,0x0b,0x23,0x06,0x09,0x00,0x82,0x60,0x60,0x06,
    0xfd,0x10,0x0a,0xea,0xd0,0x0e,0xed,0xb0,0x0b,0x23,0x06,0x09,0x00,0x82,0x60,0x60,0x06,0xfe,0x20,0x0a,0xeb,0xf0,0x0e,0xef,
    0xc0,0x0b,0x23,0x06,0x09,0x00,0x82,0x60,0x60,0x06,0xff,0x30,0x0a,0xec,0x10,0x0f,0xf1,0xd0,0x0b,0x23,0x06,0x09,0x00,0x82,
    0x60,0x60,0x06,0x20,0x41,0x0a,0xed,0x30,0x0f,0xf3,0xe0,0x0b,0x23,0x06,0x09,0x00,0x82,0x60,0x60,0x06,0x21,0x51,0x0a,0xee,
    0x50,0x0f,0xf5,0xf0,0x0b,0x23,0x06,0x09,0x00,0x82,0x60,0x60,0x06,0x22,0x61,0x0a,0xef,0x70,0x0f,0xf7,0x00,0x0e,0x23,0x06,
    0x09,0x00,0x82,0x60,0x60,0x06,0x23,0x71,0x0a,0xf0,0xd0,0x0f,0xfd,0x10,0x0e,0x23,0x06,0x09,0x00,0x82,0x60,0x60,0x06,0x24,
    0x81,0x0a,0xf1,0x10,0x12,0x21,0x21,0x0e,0x23,0x06,0x09,0x00,0x82,0x60,0x60,0x06,0x25,0x91,0x0a,0xf2,0xb0,0x0f,0xfb,0x30,
    0x0e,0x23,0x06,0x09,0x00,0x82,0x60,0x60,0x06,0x26,0xa1,0x0a,0xf3,0x20,0x12,0x22,0x41,0x0e,0x23,0x06,0x09,0x00,0x82,0x60,
    0x60,0x06,0x27,0xb1,0x0a,0xf4,0xe0,0x0f,0xfe,0x50,0x0e,0x23,0x06,0x09,0x00,0x82,0x60,0x60,0x06,0x28,0xc1,0x0a,0xf5,0x00,
    0x12,0x20,0x61,0x0e,0x23,0x06,0x09,0x00,0x82,0x60,0x60,0x06,0x29,0xd1,0x0a,0xf6,0x20,0x12,0x22,0x71,0x0e,0x23,0x06,0x09,
    0x00,0x82,0x60,0x60,0x06,0x2a,0xe1,0x0a,0xf7,0x50,0x12,0x25,0x81,0x0e,0x23,0x06,0x09,0x00,0x82,0x60,0x60,0x06,0x2b,0xf1,
    0x0a,0xf8,0xa0,0x12,0x2a,0x91,0x0e,0x23,0x06,0x09,0x00,0x82,0x60,0x60,0x06,0x2c,0x01,0x0b,0xf9,0xa0,0x12,0x2a,0xa1,0x0e,
    0x23,0x06,0x09,0x00,0x82,0x60,0x60,0x06,0x2d,0x11,0x0b,0xf7,0xb0,0x12,0x2b,0xb1,0x0e,0x23,0x06,0x09,0x00,0x82,0x60,0x60,
    0xf0,0x84,0x49,0x80,0x04,0x4b,0xe4,0xc3,0x2d,0x8c,0x18,0x24,0x00,0x08,0x82,0x81,0xd1,0x13,0x27,0x11,0x12,0x2d,0x91,0x0f,
    0xb8,0x30,0x62,0x90,0x00,0x20,0x08,0x06,0x86,0x4f,0xa0,0x84,0x48,0xb8,0x44,0x3f,0xe4,0xc2,0x88,0x41,0x02,0x80,0x20,0x18,
    0x18,0x3f,0x91,0x12,0x24,0xf1,0x12,0xfc,0xa0,0x0b,0x23,0x06,0x09,0x00,0x82,0x60,0x60,0x80,0x85,0x4a,0x94,0x04,0x4c,0xec,
    0xc3,0x2e,0x8c,0x18,0x24,0x00,0x08,0x82,0x81,0x11,0x16,0x2b,0x61,0x12,0x31,0xd1,0x0f,0xbc,0x30,0x62,0x90,0x00,0x20,0x08,
    0x06,0x86,0x58,0xb0,0xc4,0x49,0xc8,0x44,0x48,0xf4,0xc2,0x88,0x41,0x02,0x80,0x20,0x18,0x18,0x63,0xd1,0x12,0x29,0x31,0x13,
    0x20,0xe1,0x0b,0x23,0x06,0x09,0x00,0x82,0x60,0x60,0x90,0x85,0x4b,0xa8,0x04,0x4d,0xfc,0xc3,0x2f,0x8c,0x18,0x24,0x00,0x08,
    0x82,0x81,0x51,0x16,0x2f,0xb1,0x12,0x35,0x11,0x12,0xe0,0x30,0x62,0x90,0x00,0x20,0x08,0x06,0x86,0x59,0xc0,0x04,0x4b,0xd8,
    0x44,0x49,0x84,0xc3,0x88,0x41,0x02,0x80,0x20,0x18,0x18,0x67,0x11,0x13,0x2e,0x71,0x13,0x24,0x21,0x0e,0x23,0x06,0x09,0x00,
    0x82,0x60,0x60,0xa0,0x85,0x4c,0xbc,0x04,0x4e,0x8c,0xc4,0x38,0x8c,0x18,0x24,0x00,0x08,0x82,0x81,0x91,0x16,0x33,0x01,0x13,
    0x39,0x51,0x12,0xe4,0x30,0x62,0x90,0x00,0x20,0x08,0x06,0x86,0x5a,0xd0,0x44,0x4c,0xe8,0x44,0x4a,0x94,0xc3,0x88,0x41,0x02,
    0x80,0x20,0x18,0x18,0x6b,0x51,0x13,0x37,0xb1,0x13,0x28,0x61,0x0e,0x23,0x06,0x09,0x00,0x82,0x60,0x60,0xb0,0x85,0x4d,0xe0,
    0x04,0x4f,0x9c,0xc4,0x39,0x8c,0x18,0x24,0x00,0x08,0x82,0x81,0xd1,0x16,0x37,0x91,0x13,0x3d,0x91,0x12,0xe8,0x30,0x62,0x90,
    0x00,0x20,0x08,0x06,0x86,0x5b,0xe0,0x84,0x4e,0xf8,0x44,0x4b,0xa4,0xc3,0x88,0x41,0x02,0x80,0x20,0x18,0x18,0x6f,0x91,0x13,
    0x3e,0xf1,0x13,0x2c,0xa1,0x0e,0x23,0x06,0x09,0x00,0x82,0x60,0x60,0xc0,0x85,0x4e,0xfc,0x04,0x58,0xac,0xc4,0x3a,0x8c,0x18,
    0x24,0x00,0x08,0x82,0x81,0x11,0x17,0x3b,0x01,0x16,0x61,0xd1,0x12,0xec,0x30,0x62,0x90,0x00,0x20,0x08,0x06,0x86,0x5c,0xf0,
    0x44,0x58,0x88,0x45,0x4c,0xb4,0xc3,0x88,0x41,0x02,0x80,0x20,0x18,0x18,0x73,0xd1,0x13,0x3b,0x31,0x16,0x30,0xe1,0x0e,0x23,
    0x06,0x09,0x00,0x82,0x60,0x60,0xd0,0x85,0x4f,0xf0,0x04,0x59,0xbc,0xc4,0x3b,0x8c,0x18,0x24,0x00,0x08,0x82,0x81,0x51,0x17,
    0x3f,0xd1,0x13,0x65,0x11,0x13,0xf0,0x30,0x62,0x90,0x00,0x20,0x08,0x06,0x86,0x5d,0x80,0x85,0x4f,0x98,0x45,0x4d,0xc4,0xc3,
    0x88,0x41,0x02,0x80,0x20,0x18,0x18,0x77,0x11,0x16,0x65,0x71,0x16,0x34,0x21,0x0f,0x23,0x06,0x09,0x00,0x82,0x60,0x60,0xe0,
    0x85,0x58,0x98,0x05,0x5a,0xcc,0xc4,0x3c,0x8c,0x18,0x24,0x00,0x08,0x82,0x81,0x91,0x17,0x63,0x71,0x16,0x69,0x51,0x13,0xf4,
    0x30,0x62,0x90,0x00,0x20,0x08,0x06,0x86,0x5e,0x90,0x05,0x5a,0xa8,0x45,0x4e,0xd4,0xc3,0x88,0x41,0x02,0x80,0x20,0x18,0x18,
    0x7b,0x51,0x16,0x64,0xb1,0x16,0x38,0x61,0x0f,0x23,0x06,0x09,0x00,0x82,0x60,0x60,0xf0,0x85,0x59,0x94,0x05,0x5b,0xdc,0xc4,
    0x3d,0x8c,0x18,0x24,0x00,0x08,0x82,0x81,0xd1,0x17,0x67,0x61,0x16,0x6d,0x91,0x13,0xf8,0x30,0x62,0x90,0x00,0x20,0x08,0x06,
    0x86,0x5f,0xa0,0xc5,0x59,0xb8,0x45,0x4f,0xe4,0xc3,0x88,0x41,0x02,0x80,0x20,0x18,0x18,0x7f,0x91,0x16,0x69,0xf1,0x16,0x3c,
    0xa1,0x0f,0x23,0x06,0x09,0x00,0x82,0x60,0x60,0x80,0x86,0x5a,0xa8,0x05,0x5c,0xec,0xc4,0x3e,0x8c,0x18,0x24,0x00,0x08,0x82,
    0x81,0x11,0x1a,0x6b,0xb1,0x16,0x71,0xd1,0x13,0xfc,0x30,0x62,0x90,0x00,0x20,0x08,0x06,0x86,0x68,0xb0,0x05,0x5b,0xc8,0x45,
    0x58,0xf4,0xc3,0x88,0x41,0x02,0x80,0x20,0x18,0x18,0xa3,0xd1,0x16,0x6e,0x31,0x17,0x60,0xe1,0x0f,0x23,0x06,0x09,0x00,0x82,
    0x60,0x60,0x90,0x86,0x5b,0xbc,0x05,0x5d,0xfc,0xc4,0x3f,0x8c,0x18,0x24,0x00,0x08,0x82,0x81,0x51,0x1a,0x6f,0x01,0x17,0x75,
    0x11,0x16,0x20,0x31,0x62,0x90,0x00,0x20,0x08,0x06,0x86,0x69,0xc0,0x45,0x5c,0xd8,0x45,0x59,0x84,0xc4,0x88,0x41,0x02,0x80,
    0x20,0x18,0x18,0xa7,0x11,0x17,0x74,0x71,0x17,0x64,0x21,0x12,0x23,0x06,0x09,0x00,0x82,0x60,0x60,0xa0,0x86,0x5c,0xd4,0x05,
    0x5e,0x8c,0xc5,0x48,0x8c,0x18,0x24,0x00,0x08,0x82,0x81,0x91,0x1a,0x73,0x61,0x17,0x79,0x51,0x16,0x24,0x31,0x62,0x90,0x00,
    0x20,0x08,0x06,0x86,0x6a,0xd0,0xc5,0x5d,0xe8,0x45,0x5a,0x94,0xc4,0x88,0x41,0x02,0x80,0x20,0x18,0x18,0xab,0x51,0x17,0x7c,
    0xb1,0x17,0x68,0x61,0x12,0x23,0x06,0x09,0x00,0x82,0x60,0x60,0xb0,0x86,0x5d,0xf4,0x05,0x5f,0x9c,0xc5,0x49,0x8c,0x18,0x24,
    0x00,0x08,0x82,0x81,0xd1,0x1a,0x77,0xe1,0x17,0x7d,0x91,0x16,0x28,0x31,0x62,0x90,0x00,0x20,0x08,0x06,0x86,0x6b,0xe0,0xc5,
    0x5f,0xf8,0x45,0x5b,0xa4,0xc4,0x88,0xc1,0x01,0x80,0x20,0x18,0x90,0x81,0x68,0xa0,0x04,0x1d,0xd4,0xc3,0x68,0x42,0x00,0x5c,
    0x40,0xa0,0x0a,0x74,0x42,0x87,0x1b,0x82,0xd1,0x08,0x83,0x1a,0xf8,0x42,0xa7,0x1b,0x24,0x45,0x98,0x6e,0x90,0x94,0x61,0xba,
    0x41,0x52,0x88,0xe9,0x06,0x49,0x29,0xa6,0x1b,0x34,0xc9,0x98,0x6e,0xd0,0xa4,0x63,0xba,0x41,0x93,0x90,0xe9,0x06,0x4d,0x4a,
    0x66,0x09,0x82,0x81,0x8a,0x01,0x02,0x5a,0x51,0x99,0xad,0x81,0x8a,0x01,0x02,0x5a,0x51,0x99,0xad,0x81,0x8a,0x01,0x02,0x5a,
    0x51,0x99,0xad,0x81,0x8a,0x01,0x02,0x5a,0x51,0x99,0xad,0x81,0x8a,0xc1,0x35,0x80,0x56,0x54,0x66,0x6b,0xa0,0x62,0x80,0x0d,
    0xa0,0x15,0x95,0xd9,0x1a,0xa8,0x18,0x64,0x03,0x68,0x45,0x65,0xb6,0x06,0x2a,0x06,0xda,0x00,0x5a,0x51,0x99,0xad,0x81,0x8a,
    0xc1,0x36,0x80,0x32,0x46,0x66,0x6b,0xa0,0x62,0xc0,0x0d,0xa0,0x8c,0x91,0xd9,0x1a,0xa8,0x18,0x74,0x03,0x28,0x63,0x64,0xb6,
    0x06,0x2a,0x08,0xb8,0x01,0x52,0x51,0x99,0xad,0x81,0x0a,0x42,0x6e,0x80,0x3e,0x98,0xad,0x81,0x0a,0x82,0x6e,0x80,0x99,0x98,
    0xad,0x81,0x0a,0xc2,0x6e,0x80,0x52,0x54,0x66,0x6b,0xb8,0x21,0xc0,0xcc,0x60,0x96,0x81,0xb6,0x84,0xa0,0x04,0xdf,0xb8,0x0a,
    0x7e,0x63,0x2d,0x68,0x0b,0x18,0x8c,0x18,0x1c,0x00,0x08,0x82,0x01,0x19,0x8c,0x47,0x5a,0xd4,0x42,0x30,0x9a,0x10,0x00,0xa3,
    0x09,0x42,0x30,0x9a,0x30,0x08,0xa3,0x09,0xc4,0x60,0xc8,0x5c,0xc0,0x60,0xc4,0xe0,0x00,0x40,0x10,0x0c,0xc8,0x20,0x3d,0xde,
    0x62,0x17,0x82,0xd1,0x84,0x20,0x18,0x4d,0x10,0x84,0xd1,0x84,0x61,0xa8,0xe7,0x3c,0xc8,0x82,0x9a,0x00,0xc1,0x88,0xc1,0x01,
    0x80,0x20,0x18,0x90,0xc1,0x7b,0xd4,0x45,0x38,0x04,0x36,0xa8,0xc7,0x09,0x86,0x1b,0xa2,0x00,0x0c,0x66,0x19,0x06,0x22,0x18,
    0x4d,0x18,0x80,0x59,0x82,0x62,0x34,0x81,0x18,0x46,0x13,0x0a,0xc1,0xaa,0x22,0x04,0xc3,0x0d,0x01,0x7c,0x80,0xc1,0x74,0xc3,
    0x40,0x04,0xb3,0x04,0xc5,0x40,0xc5,0xc0,0x0c,0x02,0x71,0x01,0x81,0x2a,0x60,0x0b,0x9d,0x65,0x30,0x0e,0x65,0x34,0x81,0x01,
    0x66,0x09,0x90,0xd1,0x84,0x66,0x18,0x4d,0x70,0x04,0xf3,0x9c,0x10,0x0c,0x37,0x04,0xf9,0x01,0x06,0xd3,0x0d,0x03,0x11,0xcc,
    0x12,0x20,0x03,0x15,0x03,0x63,0x08,0xc7,0x05,0x04,0xaa,0x40,0x3e,0xb0,0x82,0xfc,0x50,0x13,0x46,0xe4,0x06,0xb3,0x0c,0x89,
    0x52,0x8d,0x26,0x5c,0xc0,0x2c,0xc1,0x32,0x9a,0x80,0x0d,0xa3,0x09,0x99,0x60,0x69,0x90,0x85,0x60,0xb8,0x21,0x20,0x11,0x30,
    0x98,0x6e,0x18,0x88,0x60,0x96,0x60,0x19,0xa8,0x18,0x98,0x44,0x50,0x2e,0x20,0x50,0x05,0x24,0x82,0x15,0x90,0x88,0x9a,0xe0,
    0x22,0x37,0x98,0x65,0x60,0x1a,0x30,0x18,0x4d,0x10,0x03,0x60,0x96,0xc0,0x19,0x4d,0x18,0x83,0x61,0x34,0x81,0x0c,0x04,0xa3,
    0x03,0x32,0x08,0xc1,0x70,0x43,0xf0,0x22,0x60,0x30,0xdd,0x30,0x10,0xc1,0x2c,0x81,0x33,0x50,0x31,0x30,0x8c,0xd0,0x5c,0x40,
    0xa0,0x0a,0x5a,0x04,0x2b,0x78,0x11,0x35,0x21,0x47,0x6e,0x50,0x7b,0x30,0x23,0x64,0x01,0x69,0x80,0x60,0xc4,0xe0,0x00,0x40,
    0x10,0x0c,0xc8,0xc0,0x47,0xc8,0x03,0x26,0x82,0xd1,0x84,0x20,0x18,0x4d,0x10,0x06,0x2b,0x76,0xe4,0x04,0x16,0x0a,0x41,0x08,
    0x86,0x1b,0x82,0x30,0x01,0x83,0xe9,0x86,0x82,0x08,0x2e,0x20,0x50,0x05,0xb8,0xa1,0x25,0xd8,0x08,0x56,0xd0,0x23,0x5a,0xc4,
    0x8f,0x60,0x05,0x3f,0xa2,0x26,0xa4,0xc9,0x0d,0xea,0x00,0x13,0xac,0x40,0x4c,0xd4,0x04,0x36,0xb9,0xc1,0x2c,0xc3,0x03,0xf9,
    0xc1,0x68,0x02,0x28,0x00,0xb3,0x04,0xd1,0x68,0x42,0x28,0x0c,0xa3,0x09,0xa2,0x20,0x98,0x2c,0x88,0x42,0x08,0x86,0x1b,0x82,
    0x36,0x01,0x83,0xe9,0x86,0x81,0x08,0x66,0x09,0xa2,0x81,0x8a,0x81,0x79,0x04,0xe8,0x02,0x02,0x55,0xd0,0x22,0x3a,0xdc,0x10,
    0xd4,0x49,0x18,0xdc,0x2b,0x10,0x68,0x96,0x41,0x9a,0x52,0x61,0x34,0x61,0x15,0x80,0x59,0x02,0x6a,0x34,0x81,0x15,0x86,0xd1,
    0x84,0x56,0x10,0xac,0x17,0x5a,0x21,0x04,0xc3,0x0d,0x01,0x9e,0x80,0xc1,0x74,0xc3,0x40,0x04,0xb3,0x04,0xd4,0x40,0xc5,0xc0,
    0x48,0xc2,0x74,0x01,0x81,0x2a,0xc8,0x11,0x1d,0x6e,0x08,0x40,0x25,0x0c,0x6a,0x99,0x8f,0x2d,0xa6,0x47,0x74,0xba,0x41,0x08,
    0x86,0x0a,0x40,0x05,0x2b,0xe8,0x13,0x9d,0x65,0xa8,0x2c,0x5c,0x18,0x4d,0xd0,0x05,0x60,0x96,0xe0,0x1a,0x4d,0xd8,0x85,0x61,
    0x34,0x81,0x17,0x04,0x63,0x07,0x5e,0x08,0xc1,0x70,0x43,0x70,0x2a,0x60,0x30,0xdd,0x30,0x10,0xc1,0x2c,0xc1,0x35,0x50,0x31,
    0x30,0x95,0x60,0x5d,0x40,0xa0,0x0a,0x58,0x04,0x2b,0x50,0x15,0x2d,0x37,0x60,0x13,0x1d,0x31,0x38,0x00,0x10,0x04,0x03,0x32,
    0xa0,0x15,0x1d,0x31,0x8d,0x13,0x19,0x4d,0x08,0x82,0x0b,0x08,0x54,0x41,0x9c,0xa8,0xe9,0x03,0xac,0xc8,0xa0,0x84,0x00,0x2b,
    0x78,0x15,0x1d,0x8e,0x80,0x07,0xf9,0x10,0x3e,0x83,0x87,0xf9,0x80,0xcf,0x05,0x04,0x1a,0x6e,0x20,0x07,0x5e,0x01,0x83,0x59,
    0x06,0xda,0xc2,0x82,0xe1,0x86,0x90,0xe8,0x15,0x30,0x98,0x65,0xf8,0xb2,0x60,0xb8,0x41,0x24,0x74,0x05,0x0c,0x66,0x19,0x3e,
    0x2d,0x18,0x6e,0x18,0x89,0x5c,0x01,0x83,0x59,0x86,0x6f,0x0b,0x86,0x1b,0x48,0x22,0x57,0xc0,0x60,0x96,0xe1,0xe3,0x82,0xe1,
    0x86,0x92,0xc8,0x15,0x30,0x98,0x65,0xf8,0xba,0x60,0xb8,0xc1,0x24,0x7e,0x05,0x0c,0x66,0x19,0x3e,0x2f,0x18,0x6e,0x38,0x09,
    0x5d,0x01,0x83,0xe9,0x06,0xda,0xc0,0x8b,0x60,0xba,0x81,0x36,0xf0,0x42,0x98,0x6e,0xa0,0x0d,0xbc,0x18,0xa6,0x1b,0x68,0x03,
    0x2f,0x88,0x59,0x82,0x6f,0xa0,0x67,0x00,0x19,0x0c,0x65,0x32,0x98,0xd1,0x70,0x66,0x03,0x1b,0x0e,0x6d,0x3a,0xc4,0x1b,0xe8,
    0x19,0x40,0x06,0x43,0x99,0x0c,0x66,0x34,0x9c,0xd9,0xc0,0x86,0x43,0x9b,0x0e,0xf1,0x06,0x7a,0x06,0x90,0xc1,0x50,0x26,0x83,
    0x19,0x0d,0x67,0x36,0xb0,0xe1,0xd0,0xa6,0x43,0xbc,0x81,0x9e,0x01,0x64,0x30,0x94,0xc9,0x60,0x46,0xc3,0x99,0x0d,0x6c,0x38,
    0xb4,0xe9,0x10,0x6f,0xc4,0xe0,0x00,0x40,0x10,0x0c,0xc8,0xc0,0x5d,0xe8,0x04,0x3c,0xca,0x65,0x34,0x21,0x10,0x86,0x23,0x82,
    0x13,0x11,0xbe,0x59,0x06,0x30,0x08,0x83,0x60,0xc4,0xc0,0x00,0x40,0x10,0x0c,0x9a,0x7d,0x61,0x17,0xf1,0x18,0x8e,0x08,0x54,
    0x84,0xf8,0x86,0x23,0xc8,0xc3,0x44,0x88,0x6f,0xba,0xa1,0x46,0x58,0x24,0x98,0x6e,0x08,0xcc,0x63,0x18,0x6e,0xc0,0x89,0x75,
    0x01,0x03,0x6b,0x04,0xfa,0x58,0x33,0xd0,0xc7,0x18,0x82,0x3e,0xe6,0x14,0xf4,0x99,0x6e,0x78,0x82,0x62,0x96,0x20,0x0c,0x06,
    0x2a,0x06,0x32,0xf8,0x14,0x30,0x18,0xa8,0x18,0xc8,0xe0,0x53,0xc0,0x60,0xa0,0x62,0x20,0x83,0xcf,0x00,0x83,0x81,0x8a,0x81,
    0x0c,0x3e,0x06,0x0c,0x4a,0x0f,0xde,0x44,0x87,0x1b,0x02,0x7f,0x01,0x83,0x59,0x86,0x31,0x10,0x83,0x60,0xc4,0xc0,0x00,0x40,
    0x10,0x0c,0x1a,0x96,0xe9,0x97,0x61,0x38,0x22,0xe8,0x11,0xe2,0x1b,0x8e,0x28,0x6e,0x84,0xf8,0xa6,0x1b,0xc2,0xe4,0x47,0x82,
    0xe9,0x86,0xe0,0x18,0x6c,0x09,0xe8,0x63,0x8b,0x40,0x1f,0x5b,0x06,0xfa,0xcc,0x12,0x8c,0xc1,0x40,0xc5,0x60,0x88,0x01,0x17,
    0x06,0x03,0x15,0x83,0x21,0x06,0x5c,0x18,0x0c,0x54,0x0c,0x86,0x18,0x70,0x61,0x30,0xdc,0xf0,0x16,0x2a,0x13,0x06,0x25,0x17,
    0x7c,0xa2,0xc3,0x0d,0x01,0xae,0x80,0x41,0x05,0x83,0xce,0x32,0x90,0xc1,0x19,0x04,0xc3,0x0d,0x76,0xe1,0x32,0x60,0x30,0xcb,
    0x60,0x06,0x65,0x10,0x98,0x5e,0xbc,0x89,0x7c,0x2c,0x88,0x13,0xf8,0xd8,0x5e,0xc4,0x89,0x7c,0x2c,0x98,0x13,0xf8,0x8c,0x18,
    0x1c,0x00,0x08,0x82,0x41,0xe4,0x33,0xe3,0x32,0xd4,0xc9,0x88,0xc1,0x01,0x80,0x20,0x18,0x44,0x3f,0x43,0x2e,0x82,0x9d,0x8c,
    0x18,0x1c,0x00,0x08,0x82,0x41,0x04,0x36,0xe3,0x22,0xb0,0xc9,0x88,0xc1,0x01,0x80,0x20,0x18,0x44,0x61,0x43,0x2e,0x42,0x9b,
    0xcc,0x12,0x98,0xc1,0x40,0xc5,0x40,0x94,0x01,0xc9,0x90,0xc1,0x40,0xc5,0x40,0x94,0x01,0xc9,0x90,0x81,0xf1,0x45,0xaa,0xc0,
    0x60,0xc4,0xe0,0x00,0x40,0x10,0x0c,0xc8,0xa0,0x67,0xc6,0xe5,0x45,0x82,0xd1,0x84,0x00,0x18,0x4d,0x10,0x82,0x11,0x83,0x04,
    0x00,0x41,0x30,0x78,0xd2,0xc6,0x54,0x84,0xc0,0x28,0x2c,0xb8,0xe0,0x33,0x9a,0x50,0x08,0xa3,0x09,0xc6,0x30,0x62,0x90,0x00,
    0x20,0x08,0x06,0x4f,0xdb,0xa8,0x8a,0x10,0x28,0x89,0x05,0x1a,0x7c,0x66,0x09,0xce,0x60,0xa0,0x62,0x50,0xcc,0x00,0x0f,0xc6,
    0x60,0xa0,0x62,0x20,0xcc,0x00,0x0f,0xc6,0x60,0x96,0x01,0x0d,0x68,0xa8,0x15,0xec,0x34,0x68,0x05,0x06,0x23,0x06,0x07,0x00,
    0x82,0x60,0x40,0x06,0x69,0xf3,0x2e,0x3b,0x12,0x8c,0x26,0x04,0xc2,0x68,0x82,0x30,0x5c,0x40,0xa0,0x0a,0x7e,0x45,0x2f,0x18,
    0x58,0x0d,0x65,0x83,0x15,0x88,0x8b,0x5e,0x30,0xb0,0x11,0x03,0x03,0x00,0x41,0x30,0x68,0xf8,0x66,0x5d,0x98,0x11,0x03,0x03,
    0x00,0x41,0x30,0x68,0xfa,0x86,0x5d,0x98,0x11,0x03,0x03,0x00,0x41,0x30,0x68,0xfc,0x86,0x5d,0x9c,0x11,0x03,0x03,0x00,0x41,
    0x30,0x68,0xfe,0xa6,0x5d,0x9c,0x11,0x03,0x03,0x00,0x41,0x30,0x68,0x40,0xe7,0x5d,0xd4,0x60,0xc4,0xc0,0x00,0x40,0x10,0x0c,
    0x9a,0xd0,0x79,0x97,0x35,0x18,0x6e,0x30,0x07,0xbb,0x01,0x83,0xe1,0x86,0x78,0xb0,0x1b,0x30,0xa8,0x40,0xd8,0x59,0x86,0x37,
    0x48,0x83,0xa0,0xe8,0x21,0x6f,0x74,0xb8,0x21,0xc8,0x1b,0x30,0x98,0x65,0x58,0x03,0x35,0x08,0x46,0x0c,0x0c,0x00,0x04,0xc1,
    0xa0,0x39,0x1d,0xbc,0xb9,0x46,0x0c,0x0e,0x00,0x04,0xc1,0x20,0x32,0x9d,0x95,0x09,0x62,0x65,0xc4,0xe0,0x00,0x40,0x10,0x0c,
    0xa2,0xd3,0x51,0x99,0x60,0x56,0x66,0x09,0xd6,0x60,0xa0,0x62,0x10,0xd4,0x80,0x0e,0xd2,0xa0,0xf4,0x61,0x6f,0x74,0xb8,0x21,
    0xf8,0x1b,0x30,0x98,0x65,0x68,0x03,0x36,0x08,0x46,0x0c,0x0c,0x00,0x04,0xc1,0xa0,0x69,0x1d,0xbf,0xe1,0x46,0x0c,0x0e,0x00,
    0x04,0xc1,0x20,0x62,0x9d,0x98,0x09,0x6e,0x65,0xc4,0xe0,0x00,0x40,0x10,0x0c,0xa2,0xd6,0x81,0x99,0x20,0x57,0x66,0x09,0xda,
    0x60,0xa0,0x62,0x10,0xd8,0xc0,0x0f,0xd6,0x60,0xb8,0xa1,0x1e,0xfe,0x06,0x0c,0x2a,0x24,0xfe,0x46,0x87,0x1b,0x02,0xd3,0x09,
    0x83,0x0a,0x06,0x9d,0x65,0x70,0x83,0x37,0x08,0x46,0x0c,0x0c,0x00,0x04,0xc1,0xa0,0xa9,0x1d,0xd3,0xf9,0x83,0x11,0x83,0x03,
    0x00,0x41,0x30,0x88,0x68,0x27,0x67,0x82,0x5f,0x19,0x31,0x38,0x00,0x10,0x04,0x83,0xa8,0x76,0x70,0x26,0x08,0x97,0x59,0x82,
    0x37,0x18,0xe8,0x18,0x60,0x01,0x0d,0x38,0x37,0xe0,0xda,0x60,0xa0,0x63,0x80,0x05,0x34,0x90,0xdc,0x40,0x6a,0x83,0x81,0x8e,
    0x01,0x25,0xd0,0xc0,0x70,0x03,0x94,0x68,0x83,0x59,0x06,0x38,0xb8,0x83,0x6c,0xb8,0xe1,0x1e,0x5c,0x07,0x0c,0x66,0x19,0xe2,
    0x40,0x0e,0x82,0x11,0x03,0x08,0x00,0x41,0x30,0xb0,0x72,0x07,0x65,0x7a,0xa5,0x55,0x88,0x41,0x38,0x17,0x9d,0xd1,0x19,0x9d,
    0x41,0x83,0x73,0x19,0x4d,0x08,0x80,0xd1,0x04,0x21,0x18,0x4d,0x18,0x84,0xd1,0x04,0x62,0x98,0x25,0xa0,0xa1,0xe1,0x86,0x7e,
    0xa8,0x1d,0x30,0x98,0x65,0x98,0x03,0x3a,0x08,0x46,0x0c,0x20,0x00,0x04,0xc1,0xc0,0xfa,0x1d,0x97,0x21,0x17,0x5a,0x51,0x12,
    0xa4,0x5d,0xc0,0x06,0x6c,0xc0,0xc6,0x0d,0xda,0x65,0x34,0x21,0x00,0x46,0x13,0x84,0x60,0x34,0x61,0x10,0x46,0x13,0x88,0x61,
    0x96,0x80,0x86,0x86,0x1b,0x46,0xe2,0x76,0xc0,0x60,0x96,0xa1,0x0e,0xec,0x20,0x18,0x31,0x80,0x00,0x10,0x04,0x03,0xab,0x7c,
    0x68,0x66,0x5d,0x76,0x05,0x7a,0x9c,0x79,0x31,0x1b,0xb3,0x31,0x1b,0x3a,0x98,0x97,0xd1,0x84,0x00,0x18,0x4d,0x10,0x82,0xd1,
    0x84,0x41,0x18,0x4d,0x20,0x86,0x59,0x02,0x1a,0x1a,0x31,0x80,0x00,0x10,0x04,0x03,0x4b,0x7d,0x72,0x26,0x5e,0xc2,0xa5,0xa2,
    0x26,0x7c,0x59,0x9b,0xb5,0x59,0x9b,0x3c,0xc0,0x97,0xd1,0x84,0x00,0x18,0x4d,0x10,0x82,0xd1,0x84,0x41,0x18,0x4d,0x20,0x86,
    0x59,0x02,0x1a,0x1a,0x6e,0xb0,0x09,0xf0,0x01,0x83,0x59,0x06,0x3c,0x98,0x91,0x60,0xb8,0xe1,0x25,0xcc,0x07,0x0c,0x86,0x23,
    0xf2,0xc0,0x5f,0x84,0x6f,0x96,0x21,0x0f,0xde,0x41,0x98,0x65,0xd0,0x03,0x77,0x08,0x46,0x0c,0x0e,0x00,0x04,0xc1,0xa0,0x73,
    0x1f,0xb8,0xd1,0x17,0xf4,0x19,0x4d,0x08,0x80,0xd1,0x04,0x21,0x18,0x4d,0x18,0x84,0x1b,0x06,0x75,0xc3,0xa0,0x6e,0x18,0x94,
    0x0d,0x7e,0x20,0x1f,0x1b,0xfc,0x40,0x3e,0x36,0xf4,0x81,0x7c,0x6c,0x18,0xe4,0x63,0xc3,0x20,0x1f,0x13,0x02,0xf8,0x18,0x41,
    0xc8,0xc7,0x84,0x00,0x3e,0x23,0x06,0x06,0x00,0x82,0x60,0xd0,0x90,0xd0,0xde,0x04,0xc6,0xa4,0x82,0x7c,0x8c,0x49,0x05,0xf9,
    0x18,0x73,0x0a,0xf2,0xb1,0x61,0x90,0x8f,0x0d,0x83,0x7c,0x4c,0x08,0xe0,0x63,0x04,0x21,0x1f,0x13,0x02,0xf8,0x8c,0x18,0x18,
    0x00,0x08,0x82,0x41,0xd3,0x42,0xa4,0x13,0x8c,0x18,0x1c,0x00,0x08,0x82,0x41,0xc4,0x42,0xb1,0x13,0x28,0x23,0x06,0x07,0x00,
    0x82,0x60,0x10,0xb5,0x10,0xec,0x08,0xcb,0x70,0x84,0xa0,0x33,0xca,0x37,0xcb,0xb0,0x07,0x7c,0x10,0x8c,0x18,0x1c,0x00,0x08,
    0x82,0x41,0xf4,0x42,0xb4,0x23,0x84,0x8d,0x11,0x01,0x7d,0x46,0x0c,0x0c,0x00,0x04,0xc1,0xa0,0x99,0xa1,0xd1,0x09,0x46,0x0c,
    0x0e,0x00,0x04,0xc1,0x20,0x92,0xa1,0xdb,0xf1,0x99,0x60,0xc4,0xe0,0x00,0x40,0x10,0x0c,0xa2,0x19,0xb2,0x1d,0x5d,0x08,0x66,
    0x09,0xf8,0x60,0xa0,0x62,0x10,0xf6,0x00,0xd4,0xf4,0xc0,0x92,0x80,0x3e,0x23,0x06,0x07,0x00,0x82,0x60,0x10,0xd9,0xd0,0xee,
    0x04,0xc9,0x88,0xc1,0x01,0x80,0x20,0x18,0x44,0x37,0xc4,0x3b,0xc1,0xd9,0x8c,0x18,0x18,0x00,0x08,0x82,0x41,0xa3,0x43,0xaf,
    0x13,0x58,0x70,0x0e,0xf0,0x19,0x31,0x38,0x00,0x10,0x04,0x83,0x48,0x87,0x7e,0x27,0x20,0x87,0xe1,0x08,0x28,0x1b,0xbe,0xe9,
    0x06,0x71,0x00,0x87,0x60,0xba,0x41,0x1c,0xc0,0x41,0x98,0x6e,0x00,0x87,0x5f,0x18,0x46,0x0c,0x0e,0x00,0x04,0xc1,0x80,0x0c,
    0x6e,0xa8,0x77,0x52,0x86,0x6f,0x46,0x13,0x02,0xe0,0x02,0xc2,0x54,0x90,0x42,0x3a,0xdc,0x10,0xc8,0x10,0x18,0xd4,0x10,0x3b,
    0x3a,0xdc,0x10,0xfc,0x0e,0x18,0xd4,0x10,0xec,0x2c,0x83,0x1f,0xf4,0x41,0x50,0x46,0xef,0xe8,0x70,0x43,0xd0,0x3b,0x60,0x30,
    0x4b,0xe0,0x07,0x03,0x15,0x8a,0xff,0xf1,0x81,0xd0,0x07,0x67,0x11,0x68,0xb8,0x21,0x00,0x23,0x33,0x98,0x65,0xf8,0x83,0x76,
    0x08,0x66,0x09,0x40,0x61,0xa0,0x62,0x88,0xab,0x75,0x70,0xb7,0x3f,0x18,0xa8,0x18,0xe2,0x6a,0x1d,0xe0,0xed,0x0f,0x06,0x2a,
    0x86,0xb8,0x5a,0x07,0x79,0xfb,0x83,0x81,0x8a,0x21,0xae,0xd6,0x81,0xde,0xfe,0x60,0xa0,0x82,0x88,0xab,0x75,0x50,0xc5,0xe0,
    0x0f,0x2e,0x18,0x98,0x05,0xa1,0x03,0x1f,0x0b,0x3e,0xfa,0x58,0x20,0x3a,0xf0,0xb1,0x20,0x93,0x8f,0x09,0x99,0x7c,0x6c,0xc8,
    0xe4,0x63,0x83,0x38,0xc0,0xc7,0x06,0x71,0x80,0x8f,0x0d,0xe2,0x00,0x9f,0x59,0x86,0x50,0x50,0x07,0x69,0xc4,0xe0,0x00,0x40,
    0x10,0x0c,0x3a,0x3b,0xc2,0x1f,0xd1,0x81,0xa3,0xd1,0x84,0x60,0x18,0x31,0x38,0x00,0x10,0x04,0x03,0x32,0xa8,0xa3,0xfd,0x39,
    0x1b,0xdd,0x19,0x4d,0x08,0x86,0x0b,0x08,0x33,0xdc,0x10,0xd4,0x11,0x18,0xcc,0x32,0x8c,0x82,0x28,0x04,0x55,0x8c,0x10,0x5c,
    0x30,0xa8,0x11,0x83,0x03,0x00,0x41,0x30,0x88,0x46,0x09,0x85,0xd2,0xc0,0x75,0x46,0x0c,0x0e,0x00,0x04,0xc1,0x20,0x22,0xa5,
    0x13,0x0a,0x84,0x59,0x82,0x51,0x18,0xa8,0x18,0x04,0x51,0x00,0xbb,0x50,0x18,0x8e,0x08,0x62,0x47,0xf8,0x46,0x13,0x94,0x60,
    0x34,0x61,0x11,0xa6,0x1b,0x84,0x60,0x18,0x8e,0x08,0x6c,0xc7,0xf9,0x86,0x1b,0x98,0x3e,0x0a,0x83,0xe1,0x86,0x26,0x8f,0xc2,
    0xa0,0x84,0x40,0x67,0x19,0x48,0x21,0x16,0x02,0x4b,0x7a,0x07,0x3e,0x23,0x06,0x06,0x00,0x82,0x60,0xd0,0xc4,0xd2,0x0c,0x05,
    0x17,0x10,0x66,0xc4,0xe0,0x00,0x40,0x10,0x0c,0x3a,0x56,0x72,0x21,0xdc,0x09,0x46,0x13,0x02,0x60,0x34,0x41,0x08,0x46,0x13,
    0x06,0x61,0x96,0xa1,0x14,0x50,0x41,0x0e,0x66,0x19,0x4e,0xc1,0x14,0x96,0xe1,0x88,0x0e,0x7c,0x86,0x6f,0x38,0xc2,0x13,0x1f,
    0xe2,0x2b,0x21,0xd0,0xe9,0x06,0xf2,0x19,0x9f,0x60,0x96,0x00,0x15,0xee,0x18,0x94,0x05,0x62,0x20,0x1f,0x0b,0xd2,0x07,0x3e,
    0x23,0x06,0x06,0x00,0x82,0x60,0xd0,0xf8,0x12,0x18,0x05,0x17,0x10,0x68,0xc4,0xc0,0x00,0x40,0x10,0x0c,0x1a,0x70,0xfa,0xa1,
    0x61,0xb8,0x41,0x08,0x23,0x33,0x18,0x6e,0x18,0x1c,0x34,0x28,0x21,0x50,0x73,0x1f,0x22,0x3e,0xd3,0x0d,0x81,0xfb,0x08,0x76,
    0xe8,0x12,0x08,0x86,0x1b,0x10,0x32,0x32,0x83,0xe1,0x06,0x81,0x42,0x83,0x12,0x02,0x9d,0x6e,0x50,0xe6,0x27,0xb0,0xc0,0x80,
    0xcf,0x2c,0x01,0x2a,0x0c,0x74,0x0c,0xc2,0x29,0x90,0x81,0x29,0xb0,0x1f,0x29,0xcc,0x32,0xa4,0x02,0x2b,0x98,0xc2,0x2c,0xc3,
    0x2a,0xa8,0x42,0x18,0x0c,0x47,0xc8,0x81,0xfd,0x0c,0xdf,0x70,0xc4,0x1c,0xe0,0x0f,0xf1,0x95,0x10,0xe8,0x74,0x83,0xfe,0xe4,
    0x4f,0x30,0x4b,0xc0,0x0a,0xc7,0x0d,0xca,0x82,0x3b,0x90,0x8f,0x05,0xff,0x03,0x9f,0x11,0x03,0x03,0x00,0x41,0x30,0x68,0xe8,
    0xc9,0x8e,0x82,0x0b,0x08,0x34,0x62,0x60,0x00,0x20,0x08,0x06,0x8d,0x3d,0xd5,0xd1,0x30,0xdc,0x20,0xdc,0x91,0x19,0x0c,0x37,
    0x0c,0x63,0x80,0x06,0x25,0x04,0x6a,0x24,0x44,0xc4,0x67,0xba,0x21,0x20,0x21,0xc1,0x0e,0x78,0x02,0xc1,0x70,0x03,0xa2,0x47,
    0x66,0x30,0xdc,0x20,0xa4,0x01,0x1a,0x94,0x10,0xe8,0x74,0x83,0x92,0x42,0x81,0x05,0x06,0x7c,0x66,0x09,0x58,0x61,0xa0,0x63,
    0x10,0x56,0x81,0x0c,0x54,0x01,0x07,0x03,0x54,0xb0,0xe0,0x92,0x4f,0x85,0x03,0x1e,0xe9,0x70,0x43,0x80,0x47,0x60,0x30,0xcb,
    0xd0,0x0a,0xb0,0x10,0xcc,0x32,0xbc,0x82,0x2b,0xe8,0xc1,0x70,0x84,0x2a,0xbc,0xd0,0xf0,0x0d,0x47,0xac,0x42,0x0c,0x11,0x5f,
    0x09,0x81,0x4e,0x37,0xcc,0x90,0x0c,0x05,0xb3,0x04,0xb0,0x70,0x74,0x30,0x28,0x0b,0x5e,0x41,0x3e,0x16,0xe0,0x10,0x7c,0x46,
    0x0c,0x0c,0x00,0x04,0xc1,0xa0,0x69,0xa9,0x57,0x0a,0x2e,0x20,0xd0,0x88,0x81,0x01,0x80,0x20,0x18,0x34,0x2f,0xe5,0x4a,0xc3,
    0x70,0x83,0x00,0x4b,0x66,0x30,0xdc,0x30,0xec,0x01,0x1a,0x94,0x10,0xa8,0xf5,0x10,0x11,0x9f,0xe9,0x86,0xa0,0x87,0x04,0x3b,
    0x52,0x0a,0x04,0xc3,0x0d,0xc8,0x2c,0x99,0xc1,0x70,0x83,0x10,0x0a,0x68,0x50,0x42,0xa0,0xd3,0x0d,0x8a,0x18,0x05,0x16,0x18,
    0xf0,0x99,0x25,0x80,0x85,0x81,0x8e,0x41,0x78,0x05,0x32,0x70,0x05,0x55,0x0c,0x58,0xc1,0xb2,0x40,0x3e,0xb7,0x0a,0x83,0x1a,
    0x31,0x78,0x00,0x10,0x04,0x03,0x4c,0xa7,0x70,0x69,0x8c,0x66,0x88,0x1c,0xc6,0x41,0x1c,0xd2,0x28,0xa6,0x62,0x2a,0xa6,0x82,
    0xd1,0x84,0x00,0x18,0x4d,0x10,0x82,0xd1,0x84,0x41,0x18,0x4d,0x20,0x86,0x11,0x83,0x03,0x00,0x41,0x30,0x20,0x83,0x9c,0xfa,
    0xa5,0x15,0xea,0xa3,0xd1,0x84,0x00,0x18,0x4d,0x10,0x82,0xd1,0x84,0x41,0x18,0x4d,0x20,0x06,0x4b,0x88,0xf8,0x58,0x42,0xc4,
    0xc7,0x12,0x22,0x3e,0x96,0x10,0xf1,0x31,0x02,0x92,0x8f,0x11,0x91,0x7c,0x8c,0x90,0xe4,0x63,0xc4,0x24,0x1f,0x23,0x18,0xf8,
    0x18,0xc1,0xc0,0xc7,0x08,0x06,0x3e,0x46,0x30,0xf0,0x99,0x25,0x58,0x87,0x11,0x03,0x03,0x00,0x41,0x30,0x68,0xe8,0xca,0x9e,
    0xda,0xe1,0x02,0xc2,0x14,0x3e,0xd8,0x13,0x94,0xb0,0x56,0x30,0x62,0x70,0x00,0x20,0x08,0x06,0x1f,0x5c,0xa9,0x53,0x20,0x8c,
    0x18,0x18,0x00,0x08,0x82,0x41,0x93,0x57,0xf8,0x24,0x0f,0x23,0x06,0x07,0x00,0x82,0x60,0xd0,0xcd,0x55,0x3d,0xfd,0x91,0x30,
    0x9a,0x10,0x00,0xa3,0x09,0x42,0x30,0x9a,0x30,0x08,0xb3,0x0c,0xb2,0x50,0x0b,0x39,0x31,0xcb,0x40,0x0b,0xb3,0x20,0x0f,0xc3,
    0x11,0x24,0x71,0x4a,0xc3,0x37,0x1c,0x51,0x12,0xa9,0x44,0x7c,0x25,0x04,0x3a,0xdd,0xb0,0x4a,0xaa,0x14,0xcc,0x12,0xd4,0xc2,
    0x1d,0x83,0xb2,0x20,0x25,0xe4,0x63,0x01,0x2c,0xc1,0x67,0xc4,0xc0,0x00,0x40,0x10,0x0c,0x9a,0xd2,0x3a,0xa9,0xe0,0x02,0x02,
    0x8d,0x18,0x18,0x00,0x08,0x82,0x41,0x73,0x5a,0x26,0x35,0x0c,0x37,0x08,0x28,0x65,0x06,0xc3,0x0d,0x83,0x83,0x06,0x25,0x04,
    0x6a,0xb5,0x44,0xc4,0x67,0xba,0x21,0xa8,0x25,0xc1,0x8e,0xd0,0x02,0xc1,0x70,0x03,0xb2,0x52,0x66,0x30,0xdc,0x20,0x50,0x68,
    0x50,0x42,0xa0,0xd3,0x0d,0x8a,0x2e,0x05,0x16,0x18,0xf0,0x99,0x25,0xa8,0x85,0x81,0x8e,0x41,0xa0,0x05,0x32,0x98,0x05,0xbd,
    0x0c,0x62,0x61,0x96,0xc1,0x16,0x72,0xa1,0x2d,0x66,0x19,0x70,0xe1,0x16,0x50,0x62,0x38,0x22,0x27,0x7a,0x69,0xf8,0x86,0x23,
    0x74,0xe2,0x97,0x88,0xaf,0x84,0x40,0xa7,0x1b,0xc2,0x09,0x9c,0x82,0x59,0x82,0x5c,0x38,0x6e,0x50,0x16,0xf8,0x84,0x7c,0x2c,
    0x30,0x27,0xf8,0x8c,0x18,0x18,0x00,0x08,0x82,0x41,0xb3,0x5b,0x3d,0x15,0x5c,0x40,0xa0,0x11,0x03,0x03,0x00,0x41,0x30,0x68,
    0x7a,0x8b,0xa7,0x86,0xe1,0x06,0xc1,0xa7,0xcc,0x60,0xb8,0x61,0x18,0x03,0x34,0x28,0x21,0x50,0x5b,0x27,0x22,0x3e,0xd3,0x0d,
    0xc1,0x3a,0x09,0x76,0xdc,0x16,0x08,0x86,0x1b,0x90,0xb0,0x32,0x83,0xe1,0x06,0x21,0x0d,0xd0,0xa0,0x84,0x40,0xa7,0x1b,0x14,
    0x78,0x0a,0x2c,0x30,0xe0,0x33,0x4b,0x90,0x0b,0x03,0x1d,0x83,0x80,0x0b,0x64,0x70,0x0b,0xe6,0x19,0xd4,0x82,0x05,0x97,0x7c,
    0x0a,0x35,0x7e,0x4a,0x87,0x1b,0x82,0x9f,0x02,0x83,0x59,0x06,0x5d,0xe8,0x85,0x60,0x96,0x81,0x17,0x76,0x21,0x2c,0x86,0x23,
    0xe2,0xc2,0x9e,0x86,0x6f,0x38,0x42,0x2e,0xf0,0x89,0xf8,0x4a,0x08,0x74,0xba,0x41,0x9f,0xf2,0x29,0x98,0x25,0xe8,0x85,0xa3,
    0x83,0x41,0x59,0x60,0x17,0xf2,0xb1,0xe0,0x9f,0xe0,0x33,0x62,0x60,0x00,0x20,0x08,0x06,0x0d,0x7d,0xd9,0x55,0x70,0x01,0x81,
    0x46,0x0c,0x0c,0x00,0x04,0xc1,0xa0,0xb1,0xaf,0xba,0x1a,0x86,0x1b,0x84,0xbb,0x32,0x83,0xe1,0x86,0x61,0x0f,0xd0,0xa0,0x84,
    0x40,0x8d,0xa4,0x88,0xf8,0x4c,0x37,0x04,0x24,0x25,0xd8,0x01,0x5f,0x20,0x18,0x6e,0x40,0xf4,0xca,0x0c,0x86,0x1b,0x84,0x50,
    0x40,0x83,0x12,0x02,0x9d,0x6e,0x50,0x52,0x2a,0xb0,0xc0,0x80,0xcf,0x2c,0x41,0x2f,0x0c,0x74,0x0c,0x02,0x2f,0x90,0xc1,0x2e,
    0xe0,0x68,0x90,0x0b,0x96,0x05,0xf2,0x39,0x56,0x18,0xd4,0x88,0xc1,0x03,0x80,0x20,0x18,0x60,0x21,0xf6,0x57,0x2a,0xa5,0x4f,
    0xab,0xa1,0x1a,0xa9,0x01,0x53,0xf8,0x85,0x5f,0xf8,0x15,0x8c,0x26,0x04,0xc0,0x68,0x82,0x10,0x8c,0x26,0x0c,0xc2,0x68,0x02,
    0x31,0x8c,0x18,0x1c,0x00,0x08,0x82,0x01,0x19,0x80,0x98,0x69,0xc9,0x13,0x59,0x8d,0x26,0x04,0xc0,0x68,0x82,0x10,0x8c,0x26,
    0x0c,0xc2,0x68,0x02,0x31,0x58,0x42,0xc4,0xc7,0x12,0x22,0x3e,0x96,0x10,0xf1,0xb1,0x84,0x88,0x8f,0x11,0x90,0x7c,0x8c,0x88,
    0xe4,0x63,0x84,0x24,0x1f,0x23,0x26,0xf9,0x8c,0x18,0x1c,0x00,0x08,0x82,0x41,0x07,0x63,0xb2,0xc5,0x53,0xe2,0x30,0x9a,0x10,
    0x00,0xa3,0x09,0x42,0x30,0x9a,0x30,0x08,0xb3,0x0c,0xbe,0x10,0x0e,0xf6,0x31,0xcb,0x00,0x0e,0xbf,0xf0,0x1a,0xc3,0x11,0xe1,
    0x41,0x56,0xc3,0x37,0x1c,0x21,0x1e,0x66,0x45,0x7c,0x25,0x04,0x3a,0xdd,0x80,0x56,0x67,0x15,0xcc,0x12,0x84,0xc3,0x1d,0x83,
    0xb2,0xc0,0x3c,0xe4,0x63,0x41,0x5b,0xc1,0x67,0xc4,0xc0,0x00,0x40,0x10,0x0c,0x1a,0x31,0x23,0xaf,0xe0,0x02,0x02,0x8d,0x18,
    0x18,0x00,0x08,0x82,0x41,0x43,0x66,0xe3,0x35,0x0c,0x37,0x08,0xe5,0x65,0x06,0xc3,0x0d,0x83,0x83,0x06,0x25,0x04,0x6a,0x72,
    0x45,0xc4,0x67,0xba,0x21,0x90,0x2b,0xc1,0x0e,0x1f,0x03,0xc1,0x70,0x03,0x82,0x5e,0x66,0x30,0xdc,0x20,0x50,0x68,0x50,0x42,
    0xa0,0xd3,0x0d,0xca,0x5d,0x05,0x16,0x18,0xf0,0x99,0x25,0x08,0x87,0x81,0x8e,0x41,0x00,0x07,0x32,0xf8,0x05,0x7a,0x0d,0x7a,
    0x61,0x96,0x41,0x1c,0xca,0x41,0x45,0x66,0x19,0xc8,0x61,0x1c,0xca,0x63,0x38,0xc2,0x3e,0xf4,0x6a,0xf8,0x86,0x23,0xee,0x83,
    0xaf,0x88,0xaf,0x84,0x40,0xa7,0x1b,0xfc,0xaa,0xaf,0x82,0x59,0x82,0x72,0x38,0x6e,0x50,0x16,0xec,0x87,0x7c,0x2c,0x18,0x2d,
    0xf8,0x8c,0x18,0x18,0x00,0x08,0x82,0x41,0x83,0x67,0xfa,0x15,0x5c,0x40,0xa0,0x11,0x03,0x03,0x00,0x41,0x30,0x68,0xf4,0x2c,
    0xbf,0x86,0xe1,0x06,0x61,0xbf,0xcc,0x60,0xb8,0x61,0x18,0x03,0x34,0x28,0x21,0x50,0x43,0x2d,0x22,0x3e,0xd3,0x0d,0x01,0x6a,
    0x09,0x76,0xd0,0x19,0x08,0x86,0x1b,0x10,0xff,0x32,0x83,0xe1,0x06,0x21,0x0d,0xd0,0xa0,0x84,0x40,0xa7,0x1b,0x94,0xd6,0x0a,
    0x2c,0x30,0xe0,0x33,0x4b,0x50,0x0e,0x03,0x1d,0x83,0x40,0x0e,0x64,0x30,0x0e,0x60,0x1b,0x84,0x83,0x05,0x97,0x7c,0x66,0x19,
    0xcc,0x21,0x1d,0x78,0x61,0x96,0x01,0x1d,0xce,0x81,0x3f,0x86,0x23,0x58,0x24,0xb6,0x86,0x6f,0x38,0xa2,0x45,0x66,0x8b,0xf8,
    0x4a,0x08,0x74,0xba,0xa1,0xb6,0x68,0x2b,0x98,0x25,0x48,0x87,0x93,0x83,0x41,0x59,0x10,0x23,0xf2,0xb1,0x40,0xb7,0xe0,0x33,
    0x62,0x60,0x00,0x20,0x08,0x06,0xcd,0xab,0xc5,0x58,0x70,0x01,0x81,0x46,0x0c,0x0c,0x00,0x04,0xc1,0xa0,0x89,0x35,0x18,0x1b,
    0x86,0x1b,0x04,0x19,0x33,0x83,0xe1,0x86,0x21,0x0f,0xd0,0xa0,0x84,0x40,0xed,0xb7,0x88,0xf8,0x4c,0x37,0x04,0xbf,0x25,0xd8,
    0xb1,0x6a,0x20,0x18,0x6e,0x40,0x6a,0xcc,0x0c,0x86,0x1b,0x84,0x3f,0x40,0x83,0x12,0x02,0x9d,0x6e,0x50,0xc8,0x2b,0xb0,0xc0,
    0x80,0xcf,0x2c,0x41,0x3a,0x0c,0x74,0x0c,0x02,0x3a,0x90,0xc1,0x39,0xb8,0x6e,0x50,0x0e,0x76,0x05,0xf2,0x39,0xb5,0x18,0xd4,
    0x88,0xc1,0x03,0x80,0x20,0x18,0x60,0xbc,0xa6,0x63,0xe5,0x55,0x5b,0x66,0x52,0x26,0x64,0xb2,0x5e,0xb3,0x36,0x6b,0xb3,0x16,
    0x8c,0x26,0x04,0xc0,0x68,0x82,0x10,0x8c,0x26,0x0c,0xc2,0x68,0x02,0x31,0x18,0xa1,0x0b,0xf1,0x31,0x42,0x17,0xe2,0x63,0x84,
    0x2e,0xc4,0xc7,0x08,0x5d,0x88,0x8f,0x11,0x8b,0x7c,0x8c,0x60,0xe4,0x63,0x44,0x23,0x1f,0x23,0x1c,0xf9,0x18,0x21,0x0e,0xf0,
    0x31,0x42,0x1c,0xe0,0x63,0x84,0x38,0xc0,0xc7,0x08,0x71,0x80,0x8f,0xf9,0x02,0x12,0x1f,0xf3,0x05,0x24,0x3e,0xe6,0x0b,0x48,
    0x7c,0xcc,0x17,0x90,0xf8,0x18,0xc1,0x17,0xf2,0x31,0xa2,0x2f,0xe4,0x63,0x84,0x5f,0xc8,0xc7,0x88,0xbf,0x90,0x8f,0x11,0x0c,
    0x7c,0x8c,0x60,0xe0,0x63,0x04,0x03,0x1f,0x23,0x18,0xf8,0xcc,0x12,0xac,0xc3,0x88,0xc1,0x03,0x80,0x20,0x18,0x60,0xf9,0x76,
    0x67,0x22,0x26,0x5f,0xa3,0x22,0x2a,0xa1,0x82,0x62,0xf0,0x06,0x6f,0xf0,0x16,0x2e,0xa3,0x09,0x01,0x30,0x9a,0x20,0x04,0xa3,
    0x09,0x83,0x30,0x9a,0x40,0x0c,0xb3,0x04,0xeb,0x30,0xd0,0x31,0x20,0xea,0x40,0x36,0xb0,0x20,0xa5,0xc3,0x40,0xc7,0x80,0xa8,
    0x03,0xd9,0xc0,0x82,0x94,0x0e,0x03,0x1d,0x03,0xa2,0x0e,0x64,0x03,0x0b,0x52,0x3a,0x0c,0x74,0x0c,0x88,0x3a,0x90,0x0d,0x2c,
    0x48,0xe9,0x60,0x04,0xae,0xc0,0xc7,0x08,0x5c,0x81,0x8f,0x11,0xb8,0x02,0x1f,0x23,0x70,0x05,0x3e,0x86,0x2b,0xfe,0x06,0x83,
    0xe1,0x86,0xe0,0x57,0xd0,0x60,0x96,0x01,0x14,0xd8,0x21,0x98,0x25,0x68,0x87,0x81,0x8a,0x41,0x8d,0x03,0x3f,0x60,0xd8,0x61,
    0xa0,0x62,0x60,0xe3,0xc0,0x0f,0x18,0x76,0x18,0xa8,0x18,0xdc,0x38,0xf0,0x03,0x86,0x1d,0x06,0x2a,0x06,0x38,0x0e,0xfc,0x80,
    0x61,0x07,0x23,0xf4,0x85,0x3e,0x46,0xec,0x0b,0x7d,0x8c,0xe0,0x17,0xfa,0x18,0xd1,0x2f,0xf4,0x99,0x25,0xa0,0xa1,0x11,0x03,
    0x03,0x00,0x41,0x30,0x68,0x68,0xae,0xd4,0xc0,0xc7,0x82,0xdb,0x91,0x8f,0x09,0xb7,0x23,0x1f,0x1b,0x6c,0x47,0x3e,0x46,0xf0,
    0x8e,0x7c,0xac,0xe0,0x1d,0xf9,0x98,0xa1,0x3b,0xf2,0x19,0x31,0xa8,0x00,0x10,0x04,0x03,0xcd,0xe6,0x62,0x0d,0xcc,0x60,0x6c,
    0x74,0x44,0x27,0x74,0xcc,0xcc,0xe5,0x5c,0xce,0xe5,0x06,0x21,0x30,0x0a,0xc2,0xcc,0x46,0x13,0x02,0x60,0x34,0x41,0x08,0x46,
    0x13,0x06,0x61,0x34,0x81,0x18,0x66,0x09,0x68,0x68,0xb8,0x81,0x8f,0x68,0x0e,0x0c,0x66,0x19,0xe0,0xc1,0x2c,0x82,0x59,0x86,
    0x78,0x28,0x8b,0xb6,0x19,0x31,0x38,0x00,0x10,0x04,0x83,0x4e,0xe7,0x78,0xed,0xcc,0x68,0x6e,0x34,0x21,0x00,0x46,0x13,0x84,
    0x60,0x34,0x61,0x10,0x6e,0x18,0xd4,0x0d,0x83,0xba,0x61,0x50,0x36,0xa8,0x8f,0x7c,0x6c,0x50,0x1f,0xf9,0xd8,0x90,0x3e,0xf2,
    0xb1,0x61,0x90,0x8f,0x0d,0x83,0x7c,0x4c,0x08,0xe0,0x63,0x04,0x21,0x1f,0x13,0x02,0xf8,0x8c,0x18,0x18,0x00,0x08,0x82,0x41,
    0x03,0x77,0xe7,0x16,0x18,0x53,0x3f,0xf2,0x31,0xa6,0x7e,0xe4,0x63,0xcc,0xfc,0xc8,0xc7,0x86,0x41,0x3e,0x36,0x0c,0xf2,0x31,
    0x21,0x80,0x8f,0x11,0x84,0x7c,0x4c,0x08,0xe0,0x33,0x62,0x60,0x00,0x20,0x08,0x06,0x4d,0xde,0xc1,0x5b,0x30,0x62,0x70,0x00,
    0x20,0x08,0x06,0x11,0xde,0xf5,0x5b,0xa0,0x8c,0x18,0x1c,0x00,0x08,0x82,0x41,0x94,0x77,0xfc,0x26,0x2c,0xc3,0x11,0x82,0xa9,
    0x29,0xdf,0x2c,0x83,0x3c,0xcc,0x43,0x30,0x62,0x70,0x00,0x20,0x08,0x06,0xd1,0xde,0x81,0x9c,0xd0,0x6a,0x46,0x04,0xf4,0x19,
    0x31,0x30,0x00,0x10,0x04,0x83,0xe6,0xef,0xde,0x2d,0x18,0x31,0x38,0x00,0x10,0x04,0x83,0xc8,0xef,0x46,0x4e,0xd5,0x82,0x11,
    0x83,0x03,0x00,0x41,0x30,0x88,0xfe,0x4e,0xe4,0x4c,0x28,0x98,0x25,0x98,0x87,0x81,0x8a,0x41,0x90,0x07,0x9c,0x0e,0xe2,0xc1,
    0x92,0x80,0x3e,0x23,0x06,0x07,0x00,0x82,0x60,0x10,0x89,0xde,0xc9,0x05,0xc9,0x88,0xc1,0x01,0x80,0x20,0x18,0x44,0xa3,0x87,
    0x72,0xc1,0xac,0x8d,0x18,0x18,0x00,0x08,0x82,0x41,0x63,0x7a,0xfb,0x16,0x58,0x30,0x43,0xf0,0x19,0x31,0x38,0x00,0x10,0x04,
    0x83,0xc8,0xf4,0x56,0x2e,0x80,0xa1,0xe1,0x08,0x28,0x1b,0xbe,0xe9,0x06,0x17,0x62,0xa1,0x60,0xba,0xc1,0x85,0x58,0x48,0x98,
    0x6e,0x60,0xa1,0x15,0x1a,0x46,0x0c,0x0e,0x00,0x04,0xc1,0x80,0x0c,0x46,0x2f,0xe5,0xea,0x2c,0xe6,0x46,0x13,0x02,0xe0,0x02,
    0xc2,0x54,0x50,0x77,0x3a,0xdc,0x10,0xf8,0x1d,0x18,0xd4,0xd0,0x6f,0x3a,0xdc,0x10,0xac,0x1c,0x18,0xd4,0x10,0xec,0x2c,0x43,
    0x3d,0xd0,0x43,0x50,0x46,0xca,0xe9,0x70,0x43,0x90,0x72,0x60,0x30,0x4b,0x50,0x0f,0x03,0x15,0x8a,0xad,0x07,0xf3,0x20,0xd0,
    0xc3,0x59,0x04,0x1a,0x6e,0x08,0x58,0xcf,0x0c,0x66,0x19,0xec,0x81,0x2c,0x82,0x59,0x82,0x7b,0x18,0xa8,0x18,0xe2,0x4a,0x2c,
    0x4c,0x3b,0xb0,0x87,0x81,0x8a,0x21,0xae,0xc4,0x02,0xb5,0x03,0x7b,0x18,0xa8,0x18,0xe2,0x4a,0x2c,0x54,0x3b,0xb0,0x87,0x81,
    0x8a,0x21,0xae,0xc4,0x82,0xb5,0x03,0x7b,0x18,0xa8,0x20,0xe2,0x4a,0x2c,0xc4,0x3e,0xb0,0x87,0x0b,0x06,0x66,0x41,0xbb,0xc1,
    0xc7,0x82,0x8f,0x3e,0x16,0xb8,0x1b,0x7c,0x2c,0xc8,0xe4,0x63,0x42,0x26,0x1f,0x1b,0x32,0xf9,0xd8,0xe0,0x42,0xf0,0xb1,0xc1,
    0x85,0xe0,0x63,0x83,0x0b,0xc1,0x67,0x96,0x01,0x1f,0xc2,0x42,0x1a,0x31,0x38,0x00,0x10,0x04,0x83,0x4e,0xfc,0xc8,0xee,0xdd,
    0x78,0x6f,0x34,0x21,0x18,0x46,0x0c,0x0e,0x00,0x04,0xc1,0x80,0x0c,0xc2,0xef,0xec,0x66,0xed,0xed,0x46,0x13,0x82,0xe1,0x02,
    0xc2,0x0c,0x37,0x04,0xe1,0x07,0x06,0xb3,0x0c,0xfa,0x90,0x0f,0x41,0x15,0x6f,0x07,0x17,0x0c,0x6a,0xc4,0xe0,0x00,0x40,0x10,
    0x0c,0xa2,0xf7,0xa3,0xbb,0x34,0xd0,0xb7,0x11,0x83,0x03,0x00,0x41,0x30,0x88,0xe0,0x6f,0xee,0x02,0x61,0x96,0x40,0x1f,0x06,
    0x2a,0x06,0x21,0x1f,0xf0,0x3b,0xc0,0x87,0xe1,0x88,0xa0,0xdf,0x84,0x6f,0x34,0x41,0x09,0x46,0x13,0x16,0x61,0xba,0x41,0x08,
    0x86,0xe1,0x88,0x40,0xe4,0x9c,0x6f,0xb8,0x81,0x49,0xbf,0x30,0x18,0x6e,0x68,0xca,0x2f,0x0c,0x4a,0x08,0x74,0x96,0x61,0x1f,
    0x50,0x22,0xb0,0x24,0xe5,0xe0,0x33,0x62,0x60,0x00,0x20,0x08,0x06,0x4d,0xff,0xfd,0x5d,0x70,0x01,0x61,0x46,0x0c,0x0e,0x00,
    0x04,0xc1,0xa0,0xc3,0x3f,0xbd,0x2b,0xb9,0x60,0x34,0x21,0x00,0x46,0x13,0x84,0x60,0x34,0x61,0x10,0x66,0x19,0xf8,0xe1,0x1f,
    0xe4,0x60,0x96,0xc1,0x1f,0xfa,0x61,0x19,0x8e,0xe8,0x58,0x6e,0xf8,0x86,0x23,0x3c,0x97,0x23,0xbe,0x12,0x02,0x9d,0x6e,0x80,
    0xb9,0x97,0x0b,0x66,0x09,0xfe,0xe1,0x8e,0x41,0x59,0x20,0x06,0xf2,0xb1,0xa0,0xe6,0xe0,0x33,0x62,0x60,0x00,0x20,0x08,0x06,
    0x8d,0x0a,0x06,0xac,0x17,0x5c,0x40,0xa0,0x11,0x03,0x03,0x00,0x41,0x30,0x68,0x58,0x30,0x58,0xbd,0x61,0xb8,0x41,0x68,0x3d,
    0x33,0x18,0x6e,0x18,0x1c,0x34,0x28,0x21,0x50,0xd3,0x39,0x22,0x3e,0xd3,0x0d,0x81,0xce,0x09,0x76,0x98,0x60,0x00,0x82,0xe1,
    0x06,0x04,0xf6,0xcc,0x60,0xb8,0x41,0xa0,0xd0,0xa0,0x84,0x40,0xa7,0x1b,0x94,0x9f,0x0b,0x2c,0x30,0xe0,0x33,0x4b,0xf0,0x0f,
    0x03,0x1d,0x83,0xe0,0x0f,0x64,0xd0,0x0f,0xa4,0x1e,0xec,0xc3,0x2c,0x03,0x48,0x8c,0x84,0x29,0xcc,0x32,0x88,0x44,0x48,0x84,
    0xc1,0x70,0x84,0x1c,0x88,0xdd,0xf0,0x0d,0x47,0xcc,0x01,0xd9,0x11,0x5f,0x09,0x81,0x4e,0x37,0x98,0x5d,0xd9,0x05,0xb3,0x04,
    0x23,0x71,0xdc,0xa0,0x2c,0xb8,0x03,0xf9,0x58,0xb0,0x76,0xf0,0x19,0x31,0x30,0x00,0x10,0x04,0x83,0x06,0x0c,0x03,0xf1,0x0b,
    0x2e,0x20,0xd0,0x88,0x81,0x01,0x80,0x20,0x18,0x34,0x62,0x18,0x84,0xdf,0x30,0xdc,0x20,0x8c,0x9f,0x19,0x0c,0x37,0x0c,0x63,
    0x80,0x06,0x25,0x04,0x6a,0x70,0x47,0xc4,0x67,0xba,0x21,0x80,0x3b,0xc1,0x0e,0x1e,0x0c,0x40,0x30,0xdc,0x80,0x98,0x9f,0x19,
    0x0c,0x37,0x08,0x69,0x80,0x06,0x25,0x04,0x3a,0xdd,0xa0,0xd4,0x5d,0x60,0x81,0x01,0x9f,0x59,0x82,0x91,0x18,0xe8,0x18,0x04,
    0x91,0x20,0x83,0x90,0x80,0xf7,0xe0,0x1f,0x2c,0xb8,0xe4,0x53,0xe1,0x40,0x7e,0x3a,0xdc,0x10,0x90,0x1f,0x18,0xcc,0x32,0x90,
    0xc4,0x49,0x04,0xb3,0x0c,0x26,0x51,0x12,0x7a,0x30,0x1c,0xa1,0x0a,0x7b,0x37,0x7c,0xc3,0x11,0xab,0xd0,0x77,0xc4,0x57,0x42,
    0xa0,0xd3,0x0d,0x7f,0xe7,0x77,0xc1,0x2c,0xc1,0x49,0x1c,0x1d,0x0c,0xca,0x82,0x57,0x90,0x8f,0x05,0xa4,0x07,0x9f,0x11,0x03,
    0x03,0x00,0x41,0x30,0x68,0xf2,0x30,0xd8,0xbf,0xe0,0x02,0x02,0x8d,0x18,0x18,0x00,0x08,0x82,0x41,0xb3,0x87,0x81,0xfe,0x0d,
    0xc3,0x0d,0x02,0xff,0x99,0xc1,0x70,0xc3,0xb0,0x07,0x68,0x50,0x42,0xa0,0x96,0x7a,0x44,0x7c,0xa6,0x1b,0x82,0xd4,0x13,0xec,
    0xa8,0xc3,0x00,0x04,0xc3,0x0d,0xc8,0xff,0x99,0xc1,0x70,0x83,0x10,0x0a,0x68,0x50,0x42,0xa0,0xd3,0x0d,0x8a,0xeb,0x05,0x16,
    0x18,0xf0,0x99,0x25,0x38,0x89,0x81,0x8e,0x41,0x30,0x09,0x32,0x28,0x09,0xb1,0x0f,0x46,0xc2,0xb2,0x40,0x3e,0xb7,0x0a,0x83,
    0x1a,0x31,0x78,0x00,0x10,0x04,0x03,0xcc,0x14,0x03,0x12,0x0c,0x60,0x0f,0xf4,0xc8,0x61,0x1c,0xc4,0xa1,0xf6,0xfa,0x30,0xe8,
    0xc3,0xa0,0x0f,0x83,0x60,0x34,0x21,0x00,0x46,0x13,0x84,0x60,0x34,0x61,0x10,0x46,0x13,0x88,0x61,0xc4,0xe0,0x00,0x40,0x10,
    0x0c,0xc8,0xa0,0x14,0x83,0x15,0x0c,0xee,0x8e,0x06,0x83,0xd1,0x84,0x00,0x18,0x4d,0x10,0x82,0xd1,0x84,0x41,0x18,0x4d,0x20,
    0x06,0x4b,0x88,0xf8,0x58,0x42,0xc4,0xc7,0x12,0x22,0x3e,0x96,0x10,0xf1,0x31,0x02,0x92,0x8f,0x11,0x91,0x7c,0x8c,0x90,0xe4,
    0x63,0xc4,0x24,0x1f,0x23,0x18,0xf8,0x18,0xc1,0xc0,0xc7,0x08,0x06,0x3e,0x46,0x30,0xf0,0x99,0x25,0x10,0x8b,0x11,0x03,0x03,
    0x00,0x41,0x30,0x68,0xc0,0x31,0x10,0xc3,0xa0,0x1d,0x2e,0x20,0x4c,0xe1,0x83,0x18,0x06,0x50,0xc2,0x2d,0x06,0x30,0x62,0x70,
    0x00,0x20,0x08,0x06,0x1f,0x2f,0x06,0x36,0x18,0x04,0xc2,0x88,0x81,0x01,0x80,0x20,0x18,0x34,0xe5,0x18,0x90,0x61,0x20,0x0f,
    0x23,0x06,0x07,0x00,0x82,0x60,0xd0,0xfd,0x62,0x10,0x86,0x01,0xfb,0x09,0xa3,0x09,0x01,0x30,0x9a,0x20,0x04,0xa3,0x09,0x83,
    0x30,0xcb,0x90,0x12,0x2c,0x91,0x13,0xb3,0x0c,0x2b,0xa1,0x12,0xf2,0x30,0x1c,0x41,0x12,0xf3,0x37,0x7c,0xc3,0x11,0x25,0x51,
    0x7f,0xc4,0x57,0x42,0xa0,0xd3,0x0d,0xf7,0x67,0x7f,0xc1,0x2c,0x01,0x4b,0xdc,0x31,0x28,0x0b,0x52,0x42,0x3e,0x16,0xf0,0x1f,
    0x7c,0x46,0x0c,0x0c,0x00,0x04,0xc1,0xa0,0x89,0xc7,0x60,0x0e,0x83,0xe0,0x02,0x02,0x8d,0x18,0x18,0x00,0x08,0x82,0x41,0x33,
    0x8f,0x81,0x1c,0x06,0xc3,0x70,0x83,0x40,0x87,0x81,0x19,0x0c,0x37,0x0c,0x0e,0x1a,0x94,0x10,0xa8,0x85,0x60,0x40,0xc4,0x67,
    0xba,0x21,0x08,0xc1,0x40,0xb0,0xa3,0x1d,0x03,0x10,0x0c,0x37,0x20,0x77,0x18,0x98,0xc1,0x70,0x83,0x40,0xa1,0x41,0x09,0x81,
    0x4e,0x37,0x28,0x26,0x18,0x04,0x16,0x18,0xf0,0x99,0x25,0x60,0x89,0x81,0x8e,0x41,0x58,0x09,0x32,0x50,0x09,0x19,0x14,0x50,
    0x62,0x96,0xa1,0x25,0x60,0xa2,0x2d,0x66,0x19,0x5e,0xc2,0x25,0x50,0x62,0x38,0x22,0x27,0x52,0x30,0x18,0xbe,0xe1,0x08,0x9d,
    0x58,0xc1,0x80,0xf8,0x4a,0x08,0x74,0xba,0xa1,0x05,0x03,0x16,0x0c,0x82,0x59,0x02,0x98,0x38,0x6e,0x50,0x16,0xf8,0x84,0x7c,
    0x2c,0x90,0xc1,0x00,0x3e,0x23,0x06,0x06,0x00,0x82,0x60,0xd0,0x9c,0x64,0x90,0x8a,0x41,0x70,0x01,0x81,0x46,0x0c,0x0c,0x00,
    0x04,0xc1,0xa0,0x49,0xc9,0x00,0x15,0x83,0x61,0xb8,0x41,0x50,0xc5,0xc0,0x0c,0x86,0x1b,0x86,0x31,0x40,0x83,0x12,0x02,0xb5,
    0x1b,0x0c,0x88,0xf8,0x4c,0x37,0x04,0x37,0x18,0x08,0x76,0x8c,0x64,0x00,0x82,0xe1,0x06,0xa4,0x15,0x03,0x33,0x18,0x6e,0x10,
    0xd2,0x00,0x0d,0x4a,0x08,0x74,0xba,0x41,0xe1,0xc1,0x20,0xb0,0xc0,0x80,0xcf,0x2c,0x01,0x4c,0x0c,0x74,0x0c,0xc2,0x4b,0x90,
    0x81,0x4b,0xf8,0xa1,0xc0,0x12,0x16,0x5c,0xf2,0x29,0xd4,0x58,0xc5,0x40,0x87,0x1b,0x82,0x55,0x0c,0xc0,0x60,0x96,0x21,0x26,
    0x68,0x22,0x98,0x65,0x98,0x09,0x99,0x08,0x8b,0xe1,0x88,0xb8,0x10,0xc3,0x60,0xf8,0x86,0x23,0xe4,0x82,0x0c,0x03,0xe2,0x2b,
    0x21,0xd0,0xe9,0x06,0x33,0x0c,0xca,0x30,0x08,0x66,0x09,0x68,0xe2,0xe8,0x60,0x50,0x16,0xd8,0x85,0x7c,0x2c,0x58,0xc3,0x00,
    0x3e,0x23,0x06,0x06,0x00,0x82,0x60,0xd0,0x80,0x65,0x20,0x8e,0x41,0x70,0x01,0x81,0x46,0x0c,0x0c,0x00,0x04,0xc1,0xa0,0x11,
    0xcb,0x20,0x1c,0x83,0x61,0xb8,0x41,0x18,0xc7,0xc0,0x0c,0x86,0x1b,0x86,0x3d,0x40,0x83,0x12,0x02,0x35,0x38,0x0c,0x88,0xf8,
    0x4c,0x37,0x04,0x70,0x18,0x08,0x76,0xf0,0x64,0x00,0x82,0xe1,0x06,0xc4,0x1c,0x03,0x33,0x18,0x6e,0x10,0x42,0x01,0x0d,0x4a,
    0x08,0x74,0xba,0x41,0xa9,0xc3,0x20,0xb0,0xc0,0x80,0xcf,0x2c,0x01,0x4d,0x0c,0x74,0x0c,0xc2,0x4c,0x90,0x81,0x4c,0xc0,0xa3,
    0x00,0x13,0x96,0x05,0xf2,0x39,0x56,0x18,0xd4,0x88,0xc1,0x03,0x80,0x20,0x18,0x60,0x6d,0x19,0xac,0x63,0x70,0x87,0xc1,0x19,
    0x06,0xab,0xa1,0x1a,0xa9,0xc1,0x87,0x01,0x59,0x06,0x64,0x19,0x90,0x65,0x10,0x8c,0x26,0x04,0xc0,0x68,0x82,0x10,0x8c,0x26,
    0x0c,0xc2,0x68,0x02,0x31,0x8c,0x18,0x1c,0x00,0x08,0x82,0x01,0x19,0xb0,0x65,0x20,0x8f,0x81,0x0f,0x06,0xfb,0x18,0x8c,0x26,
    0x04,0xc0,0x68,0x82,0x10,0x8c,0x26,0x0c,0xc2,0x68,0x02,0x31,0x58,0x42,0xc4,0xc7,0x12,0x22,0x3e,0x96,0x10,0xf1,0xb1,0x84,
    0x88,0x8f,0x11,0x90,0x7c,0x8c,0x88,0xe4,0x63,0x84,0x24,0x1f,0x23,0x26,0xf9,0x8c,0x18,0x1c,0x00,0x08,0x82,0x41,0xc7,0x97,
    0x81,0x3f,0x06,0xa9,0x18,0x88,0xc3,0x68,0x42,0x00,0x8c,0x26,0x08,0xc1,0x68,0xc2,0x20,0xcc,0x32,0xd4,0x04,0x4e,0xd8,0xc7,
    0x2c,0xc3,0x4d,0xd8,0xc4,0x6b,0x0c,0x47,0x84,0x07,0x2c,0x06,0xc3,0x37,0x1c,0x21,0x1e,0xb2,0x18,0x10,0x5f,0x09,0x81,0x4e,
    0x37,0xd0,0x62,0x30,0x8b,0x41,0x30,0x4b,0x80,0x13,0x77,0x0c,0xca,0x02,0xf3,0x90,0x8f,0x05,0xb9,0x18,0xc0,0x67,0xc4,0xc0,
    0x00,0x40,0x10,0x0c,0x1a,0xd7,0x0c,0x60,0x32,0x08,0x2e,0x20,0xd0,0x88,0x81,0x01,0x80,0x20,0x18,0x34,0xb0,0x19,0xbc,0x64,
    0x30,0x0c,0x37,0x08,0x31,0x19,0x98,0xc1,0x70,0xc3,0xe0,0xa0,0x41,0x09,0x81,0x9a,0x2f,0x06,0x44,0x7c,0xa6,0x1b,0x02,0x5f,
    0x0c,0x04,0x3b,0x54,0x33,0x00,0xc1,0x70,0x03,0x42,0x93,0x81,0x19,0x0c,0x37,0x08,0x14,0x1a,0x94,0x10,0xe8,0x74,0x83,0x32,
    0x8e,0x41,0x60,0x81,0x01,0x9f,0x59,0x02,0x9c,0x18,0xe8,0x18,0x84,0x9b,0x20,0x03,0x9b,0x60,0x4d,0x81,0x26,0x66,0x19,0x72,
    0x82,0x27,0x54,0x64,0x96,0x61,0x27,0x74,0xa2,0x3c,0x86,0x23,0xec,0xc3,0x1c,0x83,0xe1,0x1b,0x8e,0xb8,0x0f,0x74,0x0c,0x88,
    0xaf,0x84,0x40,0xa7,0x1b,0xd4,0x31,0x48,0xc7,0x20,0x98,0x25,0xe0,0x89,0xe3,0x06,0x65,0xc1,0x7e,0xc8,0xc7,0x82,0x77,0x0c,
    0xe0,0x33,0x62,0x60,0x00,0x20,0x08,0x06,0x0d,0x79,0x06,0x66,0x19,0x04,0x17,0x10,0x68,0xc4,0xc0,0x00,0x40,0x10,0x0c,0x1a,
    0xf3,0x0c,0xca,0x32,0x18,0x86,0x1b,0x84,0xb3,0x0c,0xcc,0x60,0xb8,0x61,0x18,0x03,0x34,0x28,0x21,0x50,0xa3,0xc7,0x80,0x88,
    0xcf,0x74,0x43,0x40,0x8f,0x81,0x60,0x07,0x78,0x06,0x20,0x18,0x6e,0x40,0xd4,0x32,0x30,0x83,0xe1,0x06,0x21,0x0d,0xd0,0xa0,
    0x84,0x40,0xa7,0x1b,0x94,0x7c,0x0c,0x02,0x0b,0x0c,0xf8,0xcc,0x12,0xf0,0xc4,0x40,0xc7,0x20,0xec,0x04,0x19,0xe8,0x04,0x7e,
    0x0a,0x38,0x61,0xc1,0x25,0x9f,0x59,0x86,0x9e,0x00,0x0b,0x5e,0x98,0x65,0xf8,0x09,0x9f,0xe0,0x8f,0xe1,0x08,0x16,0xe9,0xc7,
    0x60,0xf8,0x86,0x23,0x5a,0xe4,0x1f,0x03,0xe2,0x2b,0x21,0xd0,0xe9,0x86,0x90,0x0c,0x40,0x32,0x08,0x66,0x09,0xc0,0xe2,0xe4,
    0x60,0x50,0x16,0xc4,0x88,0x7c,0x2c,0x30,0xc9,0x00,0x3e,0x23,0x06,0x06,0x00,0x82,0x60,0xd0,0xec,0x67,0xd0,0x97,0x41,0x70,
    0x01,0x81,0x46,0x0c,0x0c,0x00,0x04,0xc1,0xa0,0xe9,0xcf,0x80,0x2f,0x83,0x61,0xb8,0x41,0xf0,0xcb,0xc0,0x0c,0x86,0x1b,0x86,
    0x3c,0x40,0x83,0x12,0x02,0xb5,0x95,0x0c,0x88,0xf8,0x4c,0x37,0x04,0x2b,0x19,0x08,0x76,0xdc,0x67,0x00,0x82,0xe1,0x06,0x24,
    0x34,0x03,0x33,0x18,0x6e,0x10,0xfe,0x00,0x0d,0x4a,0x08,0x74,0xba,0x41,0x81,0xc9,0x20,0xb0,0xc0,0x80,0xcf,0x2c,0x01,0x58,
    0x0c,0x74,0x0c,0xc2,0x4f,0x90,0x81,0x4f,0x98,0xa9,0xc0,0x13,0x76,0x05,0xf2,0x39,0xb5,0x18,0xd4,0x88,0xc1,0x03,0x80,0x20,
    0x18,0x60,0x28,0x1a,0x98,0x66,0x20,0x93,0x81,0x48,0x06,0x66,0x52,0x26,0x64,0x72,0x93,0xc1,0x7f,0x06,0xff,0x19,0xfc,0x67,
    0x10,0x8c,0x26,0x04,0xc0,0x68,0x82,0x10,0x8c,0x26,0x0c,0xc2,0x68,0x02,0x31,0x18,0xa1,0x0b,0xf1,0x31,0x42,0x17,0xe2,0x63,
    0x84,0x2e,0xc4,0xc7,0x08,0x5d,0x88,0x8f,0x11,0x8b,0x7c,0x8c,0x60,0xe4,0x63,0x44,0x23,0x1f,0x23,0x1c,0xf9,0x18,0x21,0x0e,
    0xf0,0x31,0x42,0x1c,0xe0,0x63,0x84,0x38,0xc0,0xc7,0x08,0x71,0x80,0x8f,0xf9,0x02,0x12,0x1f,0xf3,0x05,0x24,0x3e,0xe6,0x0b,
    0x48,0x7c,0xcc,0x17,0x90,0xf8,0x18,0xc1,0x17,0xf2,0x31,0xa2,0x2f,0xe4,0x63,0x84,0x5f,0xc8,0xc7,0x88,0xbf,0x90,0x8f,0x11,
    0x0c,0x7c,0x8c,0x60,0xe0,0x63,0x04,0x03,0x1f,0x23,0x18,0xf8,0xcc,0x12,0x88,0xc5,0x88,0xc1,0x03,0x80,0x20,0x18,0x60,0x65,
    0x1a,0x8c,0x67,0xf0,0x96,0xc1,0x4f,0x06,0xa3,0x22,0x2a,0xa1,0x42,0x97,0x01,0x8f,0x06,0x3c,0x1a,0xf0,0x68,0x10,0x2e,0xa3,
    0x09,0x01,0x30,0x9a,0x20,0x04,0xa3,0x09,0x83,0x30,0x9a,0x40,0x0c,0xb3,0x04,0x62,0x31,0xd0,0x31,0x20,0x61,0x41,0x36,0x27,
    0x21,0x81,0xc5,0x40,0xc7,0x80,0x84,0x05,0xd9,0x9c,0x84,0x04,0x16,0x03,0x1d,0x03,0x12,0x16,0x64,0x73,0x12,0x12,0x58,0x0c,
    0x74,0x0c,0x48,0x58,0x90,0xcd,0x49,0x48,0x60,0x61,0x04,0xae,0xc0,0xc7,0x08,0x5c,0x81,0x8f,0x11,0xb8,0x02,0x1f,0x23,0x70,
    0x05,0x3e,0x86,0x2b,0x6a,0x1a,0xc0,0x60,0xb8,0x21,0xf8,0x15,0x34,0x98,0x65,0xb8,0x87,0xb1,0x08,0x66,0x09,0xc8,0x62,0xa0,
    0x62,0x10,0x59,0xa1,0x1e,0x98,0xb1,0x18,0xa8,0x18,0x48,0x56,0xa8,0x07,0x66,0x2c,0x06,0x2a,0x06,0x93,0x15,0xea,0x81,0x19,
    0x8b,0x81,0x8a,0x01,0x65,0x85,0x7a,0x60,0xc6,0xc2,0x08,0x7d,0xa1,0x8f,0x11,0xfb,0x42,0x1f,0x23,0xf8,0x85,0x3e,0x46,0xf4,
    0x0b,0x7d,0x66,0x09,0x68,0x68,0xc4,0xc0,0x00,0x40,0x10,0x0c,0x1a,0x50,0x0d,0xe2,0x33,0x60,0x39,0x0b,0x46,0x4e,0x3e,0x26,
    0x8c,0x9c,0x7c,0x6c,0x10,0x39,0xf9,0x18,0x81,0x72,0xf2,0xb1,0x02,0xe5,0xe4,0x63,0x86,0xc9,0xc9,0x67,0xc4,0xa0,0x02,0x40,
    0x10,0x0c,0x34,0x51,0x0d,0xfa,0x33,0x68,0xcd,0xa0,0x2f,0x83,0x77,0x73,0xb7,0x76,0x93,0xcd,0x40,0x4f,0x03,0x3d,0x0d,0xf4,
    0x34,0x18,0x84,0xc0,0x28,0x08,0xd9,0x0c,0x46,0x13,0x02,0x60,0x34,0x41,0x08,0x46,0x13,0x06,0x61,0x34,0x81,0x18,0x66,0x09,
    0x68,0x68,0xb8,0x01,0xfd,0xf8,0x34,0x00,0x83,0x59,0x86,0xb3,0xe8,0x8d,0x60,0x96,0x01,0x2d,0x78,0x23,0xd7,0x46,0x0c,0x0e,
    0x00,0x04,0xc1,0xa0,0x33,0xd5,0x00,0x45,0x03,0xda,0x0c,0x40,0x35,0x18,0x4d,0x08,0x80,0xd1,0x04,0x21,0x18,0x4d,0x18,0x84,
    0x1b,0x06,0x75,0xc3,0xa0,0x6e,0x18,0x94,0x0d,0x36,0x27,0x1f,0x1b,0x6c,0x4e,0x3e,0x36,0xd4,0x9c,0x7c,0x6c,0x18,0xe4,0x63,
    0xc3,0x20,0x1f,0x13,0x02,0xf8,0x18,0x41,0xc8,0xc7,0x84,0x00,0x3e,0x23,0x06,0x06,0x00,0x82,0x60,0xd0,0xf0,0x6a,0x30,0xa3,
    0x41,0x60,0x4c,0xd8,0xc9,0xc7,0x98,0xb0,0x93,0x8f,0x31,0x3f,0x27,0x1f,0x1b,0x06,0xf9,0xd8,0x30,0xc8,0xc7,0x84,0x00,0x3e,
    0x46,0x10,0xf2,0x31,0x21,0x80,0xcf,0x88,0x81,0x01,0x80,0x20,0x18,0x34,0xe5,0x1a,0xf0,0x68,0x10,0x8c,0x18,0x1c,0x00,0x08,
    0x82,0x41,0x44,0xae,0x41,0x9a,0x06,0x81,0x32,0x62,0x70,0x00,0x20,0x08,0x06,0x51,0xb9,0x06,0x68,0x1a,0x08,0xcb,0x70,0x84,
    0x20,0x9f,0x81,0xf2,0xcd,0x32,0xa4,0x85,0x5a,0x04,0x23,0x06,0x07,0x00,0x82,0x60,0x10,0x9d,0x6b,0xc0,0xa6,0x81,0x90,0x9f,
    0x81,0x11,0x01,0x7d,0x46,0x0c,0x0c,0x00,0x04,0xc1,0xa0,0x59,0xd7,0x60,0x47,0x83,0x60,0xc4,0xe0,0x00,0x40,0x10,0x0c,0x22,
    0x75,0x0d,0xde,0x34,0xb0,0xcf,0x20,0x18,0x31,0x38,0x00,0x10,0x04,0x83,0x68,0x5d,0x03,0x37,0x0d,0xe4,0x2e,0x98,0x25,0x50,
    0x8b,0x81,0x8a,0x41,0x48,0x0b,0xf8,0x15,0xd0,0xc2,0x92,0x80,0x3e,0x23,0x06,0x07,0x00,0x82,0x60,0x10,0xb9,0x6b,0x30,0xa7,
    0x41,0x90,0x8c,0x18,0x1c,0x00,0x08,0x82,0x41,0xf4,0xae,0x01,0x9d,0x06,0xc1,0x7f,0x06,0x23,0x06,0x06,0x00,0x82,0x60,0xd0,
    0xc8,0x6b,0x70,0xa6,0x41,0x60,0xc1,0xdf,0xc1,0x67,0xc4,0xe0,0x00,0x40,0x10,0x0c,0x22,0x79,0x0d,0xee,0x34,0x08,0xf8,0x6e,
    0x38,0x02,0xca,0x86,0x6f,0xba,0x41,0xef,0xf0,0x2e,0x98,0x6e,0xd0,0x3b,0xbc,0x13,0xa6,0x1b,0xf0,0xee,0xee,0x86,0x11,0x83,
    0x03,0x00,0x41,0x30,0x20,0x83,0x77,0x0d,0xea,0x34,0x08,0xcf,0xe0,0x4f,0x83,0xd1,0x84,0x00,0xb8,0x80,0x30,0x15,0x84,0x6b,
    0xa0,0xc3,0x0d,0x81,0xba,0x06,0x60,0x50,0x43,0x9a,0x06,0x3a,0xdc,0x10,0xdc,0x69,0x00,0x06,0x35,0x04,0x3b,0xcb,0xc0,0x16,
    0x6b,0x11,0x94,0x51,0xa7,0x81,0x0e,0x37,0x04,0x75,0x1a,0x80,0xc1,0x2c,0x01,0x5b,0x0c,0x54,0x28,0x6e,0x2d,0xa8,0x85,0xb0,
    0x16,0x67,0x11,0x68,0xb8,0x21,0xc0,0xd7,0xc0,0x0c,0x66,0x19,0xda,0x62,0x37,0x82,0x59,0x02,0xb7,0x18,0xa8,0x18,0xe2,0x2a,
    0x37,0x7c,0x58,0x68,0x8b,0x81,0x8a,0x21,0xae,0x72,0x03,0x8c,0x85,0xb6,0x18,0xa8,0x18,0xe2,0x2a,0x37,0xc4,0x58,0x68,0x8b,
    0x81,0x8a,0x21,0xae,0x72,0x83,0x8c,0x85,0xb6,0x18,0xa8,0x20,0xe2,0x2a,0x37,0xf4,0x5b,0x68,0x8b,0x0b,0x06,0x66,0x41,0x8e,
    0x06,0xf0,0xb1,0xe0,0xa3,0x8f,0x05,0x3a,0x1a,0xc0,0xc7,0x82,0x4c,0x3e,0x26,0x64,0xf2,0xb1,0x21,0x93,0x8f,0x0d,0x7a,0x07,
    0x1f,0x1b,0xf4,0x0e,0x3e,0x36,0xe8,0x1d,0x7c,0x66,0x19,0xde,0x02,0x37,0xa4,0x11,0x83,0x03,0x00,0x41,0x30,0xe8,0x5c,0x36,
    0x80,0xd5,0x80,0x47,0x03,0x94,0x0d,0x46,0x13,0x82,0x61,0xc4,0xe0,0x00,0x40,0x10,0x0c,0xc8,0xa0,0x65,0x83,0x59,0x0d,0xfe,
    0x33,0xe8,0xd5,0x60,0x34,0x21,0x18,0x2e,0x20,0xcc,0x70,0x43,0xd0,0xb2,0x01,0x18,0xcc,0x32,0xc4,0x05,0x5c,0x04,0x55,0xec,
    0x6a,0x00,0x17,0x0c,0x6a,0xc4,0xe0,0x00,0x40,0x10,0x0c,0xa2,0x9d,0x0d,0xc0,0x35,0x48,0x03,0x33,0x0d,0x46,0x0c,0x0e,0x00,
    0x04,0xc1,0x20,0xe2,0xd9,0xe0,0x57,0x83,0x40,0x98,0x25,0x88,0x8b,0x81,0x8a,0x41,0x80,0x0b,0x58,0x16,0xde,0x62,0x38,0x22,
    0x48,0xd3,0x40,0xf8,0x46,0x13,0x94,0x60,0x34,0x61,0x11,0xa6,0x1b,0x84,0x60,0x18,0x8e,0x08,0xdc,0x34,0x70,0xbe,0xe1,0x06,
    0xa6,0x66,0x83,0x30,0x18,0x6e,0x68,0x62,0x36,0x08,0x83,0x12,0x02,0x9d,0x65,0x90,0x8b,0xbf,0x08,0x2c,0xa9,0xd3,0x00,0x3e,
    0x23,0x06,0x06,0x00,0x82,0x60,0xd0,0xa4,0x6d,0xb0,0xae,0x41,0x70,0x01,0x61,0x46,0x0c,0x0e,0x00,0x04,0xc1,0xa0,0x23,0xdb,
    0xc0,0x5c,0x03,0x39,0x0d,0x82,0xd1,0x84,0x00,0x18,0x4d,0x10,0x82,0xd1,0x84,0x41,0x98,0x65,0x98,0x0b,0xbb,0x90,0x83,0x59,
    0x86,0xba,0xa0,0x8b,0x65,0x38,0xa2,0xc3,0xd3,0x60,0xf8,0x86,0x23,0x3c,0x3d,0x0d,0x88,0xaf,0x84,0x40,0xa7,0x1b,0xf8,0x34,
    0xd8,0xd3,0x20,0x98,0x25,0xb0,0x8b,0x3b,0x06,0x65,0x81,0x18,0xc8,0xc7,0x82,0x50,0x0d,0xe0,0x33,0x62,0x60,0x00,0x20,0x08,
    0x06,0x8d,0xdd,0x06,0xf8,0x1a,0x04,0x17,0x10,0x68,0xc4,0xc0,0x00,0x40,0x10,0x0c,0x1a,0xbc,0x0d,0xee,0x35,0x18,0x86,0x1b,
    0x84,0x7c,0x0d,0xcc,0x60,0xb8,0x61,0x70,0xd0,0xa0,0x84,0x40,0xcd,0x54,0x03,0x22,0x3e,0xd3,0x0d,0x81,0xa9,0x06,0x82,0x1d,
    0x72,0x1b,0x80,0x60,0xb8,0x01,0xe1,0xd7,0xc0,0x0c,0x86,0x1b,0x04,0x0a,0x0d,0x4a,0x08,0x74,0xba,0x41,0x59,0xd5,0x20,0xb0,
    0xc0,0x80,0xcf,0x2c,0x81,0x5d,0x0c,0x74,0x0c,0x42,0x5d,0x90,0x01,0x5d,0xf0,0xb4,0x20,0x17,0xb3,0x0c,0x77,0xa1,0x17,0xa6,
    0x30,0xcb,0x90,0x17,0x78,0x11,0x06,0xc3,0x11,0x72,0xe0,0xaa,0xc1,0xf0,0x0d,0x47,0xcc,0x01,0xac,0x06,0xc4,0x57,0x42,0xa0,
    0xd3,0x0d,0xb2,0x1a,0xc4,0x6a,0x10,0xcc,0x12,0xe8,0xc5,0x71,0x83,0xb2,0xe0,0x0e,0xe4,0x63,0xc1,0xad,0x06,0xf0,0x19,0x31,
    0x30,0x00,0x10,0x04,0x83,0x86,0x75,0x03,0x97,0x0d,0x82,0x0b,0x08,0x34,0x62,0x60,0x00,0x20,0x08,0x06,0x8d,0xeb,0x06,0x2d,
    0x1b,0x0c,0xc3,0x0d,0xc2,0xcb,0x06,0x66,0x30,0xdc,0x30,0x8c,0x01,0x1a,0x94,0x10,0xa8,0xf1,0x6a,0x40,0xc4,0x67,0xba,0x21,
    0xe0,0xd5,0x40,0xb0,0x03,0x75,0x03,0x10,0x0c,0x37,0x20,0x32,0x1b,0x98,0xc1,0x70,0x83,0x90,0x06,0x68,0x50,0x42,0xa0,0xd3,
    0x0d,0x4a,0xb8,0x06,0x81,0x05,0x06,0x7c,0x66,0x09,0xf4,0x62,0xa0,0x63,0x10,0xf2,0x82,0x0c,0xf0,0x02,0xb5,0x05,0xbb,0xb0,
    0xe0,0x92,0x4f,0x85,0x03,0xcc,0x06,0x3a,0xdc,0x10,0xc0,0x6c,0x00,0x06,0xb3,0x0c,0x7b,0xe1,0x17,0xc1,0x2c,0x43,0x5f,0xf0,
    0x85,0x1e,0x0c,0x47,0xa8,0xc2,0xb9,0x06,0xc3,0x37,0x1c,0xb1,0x0a,0xe9,0x1a,0x10,0x5f,0x09,0x81,0x4e,0x37,0xac,0x6b,0xa0,
    0xae,0x41,0x30,0x4b,0xe0,0x17,0x47,0x07,0x83,0xb2,0xe0,0x15,0xe4,0x63,0x01,0xbc,0x06,0xf0,0x19,0x31,0x30,0x00,0x10,0x04,
    0x83,0xa6,0x7c,0x83,0xb3,0x0d,0x82,0x0b,0x08,0x34,0x62,0x60,0x00,0x20,0x08,0x06,0xcd,0xf9,0x06,0x66,0x1b,0x0c,0xc3,0x0d,
    0x02,0xda,0x06,0x66,0x30,0xdc,0x30,0xec,0x01,0x1a,0x94,0x10,0xa8,0xd5,0x6b,0x40,0xc4,0x67,0xba,0x21,0xa8,0xd7,0x40,0xb0,
    0x23,0x7c,0x03,0x10,0x0c,0x37,0x20,0x6b,0x1b,0x98,0xc1,0x70,0x83,0x10,0x0a,0x68,0x50,0x42,0xa0,0xd3,0x0d,0x8a,0xbe,0x06,
    0x81,0x05,0x06,0x7c,0x66,0x09,0xfc,0x62,0xa0,0x63,0x10,0xfa,0x82,0x0c,0xf8,0x42,0xbf,0x05,0xbd,0xb0,0x2c,0x90,0xcf,0xad,
    0xc2,0xa0,0x46,0x0c,0x1e,0x00,0x04,0xc1,0x00,0x93,0xdf,0x00,0x6e,0x83,0x7e,0x0d,0xda,0x35,0x20,0x87,0x71,0x10,0x87,0x90,
    0x0d,0xd2,0x37,0x48,0xdf,0x20,0x7d,0x83,0x60,0x34,0x21,0x00,0x46,0x13,0x84,0x60,0x34,0x61,0x10,0x46,0x13,0x88,0x61,0xc4,
    0xe0,0x00,0x40,0x10,0x0c,0xc8,0x20,0x7e,0x83,0xbb,0x0d,0xc6,0x35,0x10,0xdd,0x60,0x34,0x21,0x00,0x46,0x13,0x84,0x60,0x34,
    0x61,0x10,0x46,0x13,0x88,0xc1,0x12,0x22,0x3e,0x96,0x10,0xf1,0xb1,0x84,0x88,0x8f,0x25,0x44,0x7c,0x8c,0x80,0xe4,0x63,0x44,
    0x24,0x1f,0x23,0x24,0xf9,0x18,0x31,0xc9,0xc7,0x08,0x06,0x3e,0x46,0x30,0xf0,0x31,0x82,0x81,0x8f,0x11,0x0c,0x7c,0x66,0x09,
    0x72,0x63,0xc4,0xc0,0x00,0x40,0x10,0x0c,0x1a,0x16,0x0e,0x5c,0x37,0x68,0x87,0x0b,0x08,0x53,0xf8,0xe0,0xba,0x01,0x94,0x30,
    0xc2,0x01,0x8c,0x18,0x1c,0x00,0x08,0x82,0xc1,0x87,0xc2,0x81,0xe8,0x06,0x81,0x30,0x62,0x60,0x00,0x20,0x08,0x06,0x4d,0x0c,
    0x07,0xb0,0x1b,0xc8,0xc3,0x88,0xc1,0x01,0x80,0x20,0x18,0x74,0x2b,0x1c,0xb4,0x6e,0x90,0xb3,0x81,0x30,0x9a,0x10,0x00,0xa3,
    0x09,0x42,0x30,0x9a,0x30,0x08,0xb3,0x0c,0xa0,0x31,0x1a,0x39,0x31,0xcb,0x20,0x1a,0xa1,0x21,0x0f,0xc3,0x11,0x24,0xf1,0xb3,
    0xc1,0xf0,0x0d,0x47,0x94,0x44,0xd8,0x06,0xc4,0x57,0x42,0xa0,0xd3,0x0d,0x63,0x1b,0x88,0x6d,0x10,0xcc,0x12,0x8c,0xc6,0x1d,
    0x83,0xb2,0x20,0x25,0xe4,0x63,0x01,0xda,0x06,0xf0,0x19,0x31,0x30,0x00,0x10,0x04,0x83,0xa6,0x87,0x83,0xdf,0x0d,0x82,0x0b,
    0x08,0x34,0x62,0x60,0x00,0x20,0x08,0x06,0xcd,0x0f,0x07,0xbe,0x1b,0x0c,0xc3,0x0d,0x02,0xf8,0x06,0x66,0x30,0xdc,0x30,0x38,
    0x68,0x50,0x42,0xa0,0xd6,0xb6,0x01,0x11,0x9f,0xe9,0x86,0xa0,0x6d,0x03,0xc1,0x8e,0x1c,0x0e,0x40,0x30,0xdc,0x80,0x8c,0x6f,
    0x60,0x06,0xc3,0x0d,0x02,0x85,0x06,0x25,0x04,0x3a,0xdd,0xa0,0xc8,0x6d,0x10,0x58,0x60,0xc0,0x67,0x96,0x60,0x34,0x06,0x3a,
    0x06,0x41,0x34,0xc8,0x20,0x34,0xd4,0x5d,0xf8,0x8b,0x59,0x06,0xd2,0x38,0x8d,0xb6,0x98,0x65,0x30,0x8d,0xd2,0x40,0x89,0xe1,
    0x88,0x9c,0xa8,0xdb,0x60,0xf8,0x86,0x23,0x74,0xe2,0x6e,0x03,0xe2,0x2b,0x21,0xd0,0xe9,0x86,0xbc,0x0d,0xf0,0x36,0x08,0x66,
    0x09,0x4e,0xe3,0xb8,0x41,0x59,0xe0,0x13,0xf2,0xb1,0xc0,0x6f,0x03,0xf8,0x8c,0x18,0x18,0x00,0x08,0x82,0x41,0x33,0xc7,0x41,
    0xfd,0x06,0xc1,0x05,0x04,0x1a,0x31,0x30,0x00,0x10,0x04,0x83,0xa6,0x8e,0x03,0xfa,0x0d,0x86,0xe1,0x06,0xc1,0x7e,0x03,0x33,
    0x18,0x6e,0x18,0xc6,0x00,0x0d,0x4a,0x08,0xd4,0x46,0x37,0x20,0xe2,0x33,0xdd,0x10,0x8c,0x6e,0x20,0xd8,0xf1,0xc6,0x01,0x08,
    0x86,0x1b,0x90,0xfc,0x0d,0xcc,0x60,0xb8,0x41,0x48,0x03,0x34,0x28,0x21,0xd0,0xe9,0x06,0x05,0x75,0x83,0xc0,0x02,0x03,0x3e,
    0xb3,0x04,0xa7,0x31,0xd0,0x31,0x08,0xa6,0x41,0x06,0xa5,0x61,0xf3,0xc2,0x68,0x58,0x70,0xc9,0xa7,0x50,0xe3,0x7e,0x03,0x1d,
    0x6e,0x08,0xee,0x37,0x00,0x83,0x59,0x06,0xd4,0x58,0x8d,0x60,0x96,0x41,0x35,0x52,0x23,0x2c,0x86,0x23,0xe2,0xc2,0x75,0x83,
    0xe1,0x1b,0x8e,0x90,0x0b,0xd8,0x0d,0x88,0xaf,0x84,0x40,0xa7,0x1b,0x64,0x37,0x88,0xdd,0x20,0x98,0x25,0x58,0x8d,0xa3,0x83,
    0x41,0x59,0x60,0x17,0xf2,0xb1,0xe0,0x76,0x03,0xf8,0x8c,0x18,0x18,0x00,0x08,0x82,0x41,0xc3,0xca,0x81,0x0b,0x07,0xc1,0x05,
    0x04,0x1a,0x31,0x30,0x00,0x10,0x04,0x83,0xc6,0x95,0x83,0x16,0x0e,0x86,0xe1,0x06,0xe1,0x85,0x03,0x33,0x18,0x6e,0x18,0xf6,
    0x00,0x0d,0x4a,0x08,0xd4,0x78,0x37,0x20,0xe2,0x33,0xdd,0x10,0xf0,0x6e,0x20,0xd8,0x81,0xca,0x01,0x08,0x86,0x1b,0x10,0x19,
    0x0e,0xcc,0x60,0xb8,0x41,0x08,0x05,0x34,0x28,0x21,0xd0,0xe9,0x06,0x25,0x7c,0x83,0xc0,0x02,0x03,0x3e,0xb3,0x04,0xab,0x31,
    0xd0,0x31,0x08,0xaa,0x41,0x06,0xa9,0x81,0xfa,0xc2,0x69,0x58,0x16,0xc8,0xe7,0x58,0x61,0x50,0x23,0x06,0x0f,0x00,0x82,0x60,
    0x80,0xe5,0x72,0x70,0xc3,0x01,0xf9,0x06,0xb4,0x1b,0xac,0x86,0x6a,0xa4,0x06,0xfa,0x06,0xb0,0x1c,0xc0,0x72,0x00,0xcb,0x41,
    0x30,0x9a,0x10,0x00,0xa3,0x09,0x42,0x30,0x9a,0x30,0x08,0xa3,0x09,0xc4,0x30,0x62,0x70,0x00,0x20,0x08,0x06,0x64,0x80,0xcb,
    0x81,0x0f,0x07,0xaa,0x1b,0xa4,0x71,0x30,0x9a,0x10,0x00,0xa3,0x09,0x42,0x30,0x9a,0x30,0x08,0xa3,0x09,0xc4,0x60,0x09,0x11,
    0x1f,0x4b,0x88,0xf8,0x58,0x42,0xc4,0xc7,0x12,0x22,0x3e,0x46,0x40,0xf2,0x31,0x22,0x92,0x8f,0x11,0x92,0x7c,0x8c,0x98,0xe4,
    0x33,0x62,0x70,0x00,0x20,0x08,0x06,0x1d,0x3a,0x07,0x6a,0x1c,0xd8,0x6f,0x20,0x0e,0xa3,0x09,0x01,0x30,0x9a,0x20,0x04,0xa3,
    0x09,0x83,0x30,0xcb,0xc0,0x1a,0xaf,0x61,0x1f,0xb3,0x0c,0xae,0xd1,0x1a,0xaf,0x31,0x1c,0x11,0x1e,0xfc,0x1b,0x0c,0xdf,0x70,
    0x84,0x78,0xf8,0x6f,0x40,0x7c,0x25,0x04,0x3a,0xdd,0x00,0xc2,0xc1,0xff,0x06,0xc1,0x2c,0xc1,0x6b,0xdc,0x31,0x28,0x0b,0xcc,
    0x43,0x3e,0x16,0x94,0x70,0x00,0x9f,0x11,0x03,0x03,0x00,0x41,0x30,0x68,0xf4,0x39,0xe0,0xe3,0x20,0xb8,0x80,0x40,0x23,0x06,
    0x06,0x00,0x82,0x60,0xd0,0xf0,0x73,0xb0,0xc7,0xc1,0x30,0xdc,0x20,0xf4,0x71,0x60,0x06,0xc3,0x0d,0x83,0x83,0x06,0x25,0x04,
    0x6a,0x2a,0x1c,0x10,0xf1,0x99,0x6e,0x08,0x54,0x38,0x10,0xec,0xb0,0xe7,0x00,0x04,0xc3,0x0d,0x08,0x28,0x07,0x66,0x30,0xdc,
    0x20,0x50,0x68,0x50,0x42,0xa0,0xd3,0x0d,0xca,0x0b,0x07,0x81,0x05,0x06,0x7c,0x66,0x09,0x5e,0x63,0xa0,0x63,0x10,0x5c,0x83,
    0x0c,0x5a,0x83,0x0c,0x87,0xd5,0x98,0x65,0x80,0x8d,0xd9,0x50,0x91,0x59,0x06,0xd9,0x88,0x8d,0xf2,0x18,0x8e,0xb0,0x0f,0x19,
    0x0e,0x86,0x6f,0x38,0xe2,0x3e,0x68,0x38,0x20,0xbe,0x12,0x02,0x9d,0x6e,0xb0,0xe1,0xa0,0x86,0x83,0x60,0x96,0x60,0x36,0x8e,
    0x1b,0x94,0x05,0xfb,0x21,0x1f,0x0b,0x76,0x38,0x80,0xcf,0x88,0x81,0x01,0x80,0x20,0x18,0x34,0x30,0x1d,0xc8,0x72,0x10,0x5c,
    0x40,0xa0,0x11,0x03,0x03,0x00,0x41,0x30,0x68,0x64,0x3a,0x88,0xe5,0x60,0x18,0x6e,0x10,0x66,0x39,0x30,0x83,0xe1,0x86,0x61,
    0x0c,0xd0,0xa0,0x84,0x40,0x0d,0x8c,0x03,0x22,0x3e,0xd3,0x0d,0x01,0x18,0x07,0x82,0x1d,0x2c,0x1d,0x80,0x60,0xb8,0x01,0xb1,
    0xe5,0xc0,0x0c,0x86,0x1b,0x84,0x34,0x40,0x83,0x12,0x02,0x9d,0x6e,0x50,0xca,0x38,0x08,0x2c,0x30,0xe0,0x33,0x4b,0x30,0x1b,
    0x03,0x1d,0x83,0x20,0x1b,0x64,0x10,0x1b,0xb0,0x38,0xbc,0x86,0x05,0x97,0x7c,0x66,0x19,0x68,0xe3,0x36,0x78,0x61,0x96,0xc1,
    0x36,0x6a,0x83,0x3f,0x86,0x23,0x58,0x24,0x8d,0x83,0xe1,0x1b,0x8e,0x68,0x91,0x35,0x0e,0x88,0xaf,0x84,0x40,0xa7,0x1b,0xda,
    0x38,0x60,0xe3,0x20,0x98,0x25,0xb8,0x8d,0x93,0x83,0x41,0x59,0x10,0x23,0xf2,0xb1,0x40,0x8e,0x03,0xf8,0x8c,0x18,0x18,0x00,
    0x08,0x82,0x41,0x73,0xd6,0x41,0x3a,0x07,0xc1,0x05,0x04,0x1a,0x31,0x30,0x00,0x10,0x04,0x83,0x26,0xad,0x03,0x74,0x0e,0x86,
    0xe1,0x06,0x41,0x9d,0x03,0x33,0x18,0x6e,0x18,0xf2,0x00,0x0d,0x4a,0x08,0xd4,0xee,0x38,0x20,0xe2,0x33,0xdd,0x10,0xdc,0x71,
    0x20,0xd8,0x31,0xd6,0x01,0x08,0x86,0x1b,0x90,0x76,0x0e,0xcc,0x60,0xb8,0x41,0xf8,0x03,0x34,0x28,0x21,0xd0,0xe9,0x06,0x85,
    0x8f,0x83,0xc0,0x02,0x03,0x3e,0xb3,0x04,0xb7,0x31,0xd0,0x31,0x08,0xb6,0x41,0x06,0xb5,0xe1,0x8f,0xc3,0x6c,0xd8,0x15,0xc8,
    0xe7,0xd4,0x62,0x50,0x23,0x06,0x0f,0x00,0x82,0x60,0x80,0xd1,0x75,0x20,0xcf,0xc1,0x1f,0x07,0x6f,0x1c,0x98,0x49,0x99,0x90,
    0xc9,0x28,0x07,0x6b,0x1d,0xac,0x75,0xb0,0xd6,0x41,0x30,0x9a,0x10,0x00,0xa3,0x09,0x42,0x30,0x9a,0x30,0x08,0xa3,0x09,0xc4,
    0x60,0x84,0x2e,0xc4,0xc7,0x08,0x5d,0x88,0x8f,0x11,0xba,0x10,0x1f,0x23,0x74,0x21,0x3e,0x46,0x2c,0xf2,0x31,0x82,0x91,0x8f,
    0x11,0x8d,0x7c,0x8c,0x70,0xe4,0x63,0x84,0x38,0xc0,0xc7,0x08,0x71,0x80,0x8f,0x11,0xe2,0x00,0x1f,0x23,0xc4,0x01,0x3e,0xe6,
    0x0b,0x48,0x7c,0xcc,0x17,0x90,0xf8,0x98,0x2f,0x20,0xf1,0x31,0x5f,0x40,0xe2,0x63,0x04,0x5f,0xc8,0xc7,0x88,0xbe,0x90,0x8f,
    0x11,0x7e,0x21,0x1f,0x23,0xfe,0x42,0x3e,0x46,0x30,0xf0,0x31,0x82,0x81,0x8f,0x11,0x0c,0x7c,0x8c,0x60,0xe0,0x33,0x4b,0x90,
    0x1b,0x23,0x06,0x0f,0x00,0x82,0x60,0x80,0xc5,0x76,0xf0,0xd2,0x01,0x2f,0x07,0xac,0x1c,0x8c,0x8a,0xa8,0x84,0x0a,0x38,0x07,
    0xa8,0x1d,0xa0,0x76,0x80,0xda,0x41,0xb8,0x8c,0x26,0x04,0xc0,0x68,0x82,0x10,0x8c,0x26,0x0c,0xc2,0x68,0x02,0x31,0xcc,0x12,
    0xe4,0xc6,0x40,0xc7,0x80,0xe0,0x06,0xd9,0xf8,0x85,0x74,0x1b,0x03,0x1d,0x03,0x82,0x1b,0x64,0xe3,0x17,0xd2,0x6d,0x0c,0x74,
    0x0c,0x08,0x6e,0x90,0x8d,0x5f,0x48,0xb7,0x31,0xd0,0x31,0x20,0xb8,0x41,0x36,0x7e,0x21,0xdd,0x86,0x11,0xb8,0x02,0x1f,0x23,
    0x70,0x05,0x3e,0x46,0xe0,0x0a,0x7c,0x8c,0xc0,0x15,0xf8,0x18,0xae,0xd8,0x76,0x00,0x83,0xe1,0x86,0xe0,0x57,0xd0,0x60,0x96,
    0xc1,0x2d,0x74,0x23,0x98,0x25,0xd8,0x8d,0x81,0x8a,0x41,0x37,0x07,0xb6,0x60,0x74,0x63,0xa0,0x62,0xe0,0xcd,0x81,0x2d,0x18,
    0xdd,0x18,0xa8,0x18,0x7c,0x73,0x60,0x0b,0x46,0x37,0x06,0x2a,0x06,0xf0,0x1c,0xd8,0x82,0xd1,0x0d,0x23,0xf4,0x85,0x3e,0x46,
    0xec,0x0b,0x7d,0x8c,0xe0,0x17,0xfa,0x18,0xd1,0x2f,0xf4,0x99,0x25,0xa0,0xa1,0x11,0x03,0x03,0x00,0x41,0x30,0x68,0xd8,0x3b,
    0xe8,0xe9,0x00,0x4f,0x03,0x0b,0xde,0x34,0x90,0x8f,0x09,0x6f,0x1a,0xc8,0xc7,0x06,0x37,0x0d,0xe4,0x63,0x04,0x9d,0x06,0xf2,
    0xb1,0x82,0x4e,0x03,0xf9,0x98,0x21,0xa7,0x81,0x7c,0x46,0x0c,0x2a,0x00,0x04,0xc1,0x40,0x73,0xef,0x20,0xad,0x03,0x7d,0x0e,
    0xd4,0x39,0xd8,0xd1,0x40,0x47,0x83,0x1c,0x0d,0xfc,0x39,0x30,0xef,0xc0,0xbc,0x03,0xf3,0x0e,0x06,0x21,0x30,0x0a,0xc2,0x9f,
    0x83,0xd1,0x84,0x00,0x18,0x4d,0x10,0x82,0xd1,0x84,0x41,0x18,0x4d,0x20,0x86,0x59,0x02,0x1a,0x9a,0x65,0xf0,0x0d,0x19,0x21,
    0xd1,0x60,0xc4,0xe0,0x00,0x40,0x10,0x0c,0xba,0xf8,0x0e,0xe6,0x3a,0x00,0xe9,0x60,0xbd,0x83,0xd1,0x84,0x00,0x18,0x4d,0x10,
    0x82,0xd1,0x84,0x41,0xb8,0x61,0x50,0x37,0x0c,0xea,0x86,0x41,0xd9,0x10,0xaa,0x81,0x7c,0x6c,0x08,0xd5,0x40,0x3e,0x36,0x80,
    0x6a,0x20,0x1f,0x1b,0x06,0xf9,0xd8,0x30,0xc8,0xc7,0x84,0x00,0x3e,0x46,0x10,0xf2,0x31,0x21,0x80,0xcf,0x88,0x81,0x01,0x80,
    0x20,0x18,0x34,0x27,0x1e,0xf8,0x75,0x10,0x18,0xc3,0xaa,0x81,0x7c,0x8c,0x61,0xd5,0x40,0x3e,0xc6,0xa8,0x6a,0x20,0x1f,0x1b,
    0x06,0xf9,0xd8,0x30,0xc8,0xc7,0x84,0x00,0x3e,0x46,0x10,0xf2,0x31,0x21,0x80,0xcf,0x88,0x81,0x01,0x80,0x20,0x18,0x34,0x30,
    0x1e,0x9c,0x76,0x10,0x8c,0x18,0x1c,0x00,0x08,0x82,0x41,0xf4,0xe2,0x01,0x6d,0x07,0x81,0x32,0x62,0x70,0x00,0x20,0x08,0x06,
    0x11,0x8c,0x07,0xb3,0x1d,0x08,0xcb,0x70,0x84,0xd0,0xd3,0x81,0xf2,0xcd,0x32,0xfc,0x06,0x78,0x04,0x23,0x06,0x07,0x00,0x82,
    0x60,0x10,0xc9,0x78,0x70,0xdb,0x81,0x40,0xd6,0x81,0x11,0x01,0x7d,0x46,0x0c,0x0c,0x00,0x04,0xc1,0xa0,0xb1,0xf1,0xc0,0xb4,
    0x83,0x60,0xc4,0xe0,0x00,0x40,0x10,0x0c,0xa2,0x1a,0x0f,0x74,0x3b,0x08,0xeb,0x20,0x18,0x31,0x38,0x00,0x10,0x04,0x83,0xc8,
    0xc6,0x83,0xdc,0x0e,0x7a,0x35,0x08,0x66,0x09,0xc0,0x63,0xa0,0x62,0x10,0x7e,0xc3,0x54,0x07,0xdf,0xb0,0x24,0xa0,0xcf,0x88,
    0xc1,0x01,0x80,0x20,0x18,0x44,0x39,0x1e,0xf8,0x76,0x10,0x24,0x23,0x06,0x07,0x00,0x82,0x60,0x10,0xe9,0x78,0xf0,0xdb,0x41,
    0xa0,0xd6,0xc1,0x88,0x81,0x01,0x80,0x20,0x18,0x34,0x3d,0x1e,0xc8,0x76,0x10,0x58,0xa0,0xae,0x01,0x7c,0x46,0x0c,0x0e,0x00,
    0x04,0xc1,0x20,0xea,0xf1,0x40,0xbc,0x83,0xe0,0x5c,0x83,0xe1,0x08,0x28,0x1b,0xbe,0xe9,0x86,0x72,0x0d,0xc6,0x35,0x08,0xa6,
    0x1b,0xca,0x35,0x18,0xd7,0x40,0x98,0x6e,0x18,0xd7,0x40,0x5c,0x83,0x61,0xc4,0xe0,0x00,0x40,0x10,0x0c,0xc8,0x40,0xc7,0x03,
    0xf0,0x0e,0x58,0x3a,0x60,0xef,0x60,0x34,0x21,0x00,0x2e,0x20,0x4c,0x05,0x2c,0x1e,0xe8,0x70,0x43,0x50,0xe3,0x01,0x18,0xd4,
    0x40,0xdb,0x81,0x0e,0x37,0x04,0xe2,0x1d,0x80,0x41,0x0d,0xc1,0xce,0x32,0x88,0x47,0x78,0x04,0x65,0x80,0x77,0xa0,0xc3,0x0d,
    0x01,0x78,0x07,0x60,0x30,0x4b,0x20,0x1e,0x03,0x15,0x0a,0x09,0x0f,0xe0,0x21,0x84,0xc7,0x59,0x04,0x1a,0x6e,0x08,0xc6,0x3c,
    0x30,0x83,0x59,0x86,0xf1,0x88,0x91,0x60,0x96,0x80,0x3c,0x06,0x2a,0x86,0xb8,0x7a,0x11,0x7a,0x1d,0xc6,0x63,0xa0,0x62,0x88,
    0xab,0x17,0xb1,0xd7,0x61,0x3c,0x06,0x2a,0x86,0xb8,0x7a,0x11,0x7c,0x1d,0xc6,0x63,0xa0,0x62,0x88,0xab,0x17,0xd1,0xd7,0x61,
    0x3c,0x06,0x2a,0x88,0xb8,0x7a,0x11,0x58,0x1e,0xc6,0xe3,0x82,0x81,0x59,0x40,0xda,0x01,0x7c,0x2c,0xf8,0xe8,0x63,0x41,0x69,
    0x07,0xf0,0xb1,0x20,0x93,0x8f,0x09,0x99,0x7c,0x6c,0xc8,0xe4,0x63,0x43,0xb9,0x06,0xf0,0xb1,0xa1,0x5c,0x03,0xf8,0xd8,0x50,
    0xae,0x01,0x7c,0x66,0x19,0xca,0xc3,0x45,0xa4,0x11,0x83,0x03,0x00,0x41,0x30,0xe8,0xf2,0x3c,0xd8,0xef,0x00,0xb5,0x83,0x39,
    0x0f,0x46,0x13,0x82,0x61,0xc4,0xe0,0x00,0x40,0x10,0x0c,0xc8,0x00,0xcf,0x03,0xff,0x0e,0xd4,0x3a,0x50,0xf1,0x60,0x34,0x21,
    0x18,0x2e,0x20,0xcc,0x70,0x43,0x80,0xe7,0x01,0x18,0xcc,0x32,0x9c,0x87,0x79,0x04,0x55,0x98,0x78,0x00,0x17,0x0c,0x6a,0xc4,
    0xe0,0x00,0x40,0x10,0x0c,0x22,0x53,0x0f,0x56,0x3c,0x48,0x83,0xd8,0x0e,0x46,0x0c,0x0e,0x00,0x04,0xc1,0x20,0x3a,0xf5,0x40,
    0xc5,0x83,0x40,0x98,0x25,0x38,0x8f,0x81,0x8a,0x41,0x30,0x0f,0xb3,0x1d,0xca,0x63,0x38,0x22,0xa0,0xed,0x40,0xf8,0x46,0x13,
    0x94,0x60,0x34,0x61,0x11,0xa6,0x1b,0x84,0x60,0x18,0x8e,0x08,0x72,0x3b,0x70,0xbe,0xe1,0x06,0x06,0xd4,0x83,0x30,0x18,0x6e,
    0x68,0xf8,0x3c,0x08,0x83,0x12,0x02,0x9d,0x65,0x40,0x8f,0xfa,0x08,0x2c,0x01,0xef,0x00,0x3e,0x23,0x06,0x06,0x00,0x82,0x60,
    0xd0,0xd0,0x7a,0x60,0xe3,0x41,0x70,0x01,0x61,0x46,0x0c,0x0e,0x00,0x04,0xc1,0xa0,0x7b,0xf5,0x20,0xc6,0x03,0xdf,0x0e,0x82,
    0xd1,0x84,0x00,0x18,0x4d,0x10,0x82,0xd1,0x84,0x41,0x98,0x65,0x48,0x0f,0xf6,0x90,0x83,0x59,0x86,0xf5,0x50,0x8f,0x65,0x38,
    0xa2,0x1b,0xef,0x60,0xf8,0x86,0x23,0xbc,0xf2,0x0e,0x88,0xaf,0x84,0x40,0xa7,0x1b,0xce,0x3b,0x30,0xef,0x20,0x98,0x25,0x60,
    0x8f,0x3b,0x06,0x65,0x81,0x18,0xc8,0xc7,0x02,0xf6,0x0e,0xe0,0x33,0x62,0x60,0x00,0x20,0x08,0x06,0x4d,0xb8,0x07,0x63,0x1e,
    0x04,0x17,0x10,0x68,0xc4,0xc0,0x00,0x40,0x10,0x0c,0x9a,0x71,0x0f,0xc4,0x3c,0x18,0x86,0x1b,0x04,0x32,0x0f,0xcc,0x60,0xb8,
    0x61,0x70,0xd0,0xa0,0x84,0x40,0x2d,0xbe,0x03,0x22,0x3e,0xd3,0x0d,0x41,0x7c,0x07,0x82,0x1d,0xbd,0x1e,0x80,0x60,0xb8,0x01,
    0x39,0xf3,0xc0,0x0c,0x86,0x1b,0x04,0x0a,0x0d,0x4a,0x08,0x74,0xba,0x41,0xb1,0xef,0x20,0xb0,0xc0,0x80,0xcf,0x2c,0x01,0x7b,
    0x0c,0x74,0x0c,0xc2,0x7a,0x90,0x81,0x7a,0xc8,0xef,0x80,0x1e,0xb3,0x0c,0xed,0x01,0x1f,0xa6,0x30,0xcb,0xf0,0x1e,0xee,0x11,
    0x06,0xc3,0x11,0x72,0x90,0xdf,0xc1,0xf0,0x0d,0x47,0xcc,0xc1,0x7e,0x07,0xc4,0x57,0x42,0xa0,0xd3,0x0d,0xfd,0x1d,0xf0,0x77,
    0x10,0xcc,0x12,0xc0,0xc7,0x71,0x83,0xb2,0xe0,0x0e,0xe4,0x63,0x81,0x88,0x07,0xf0,0x19,0x31,0x30,0x00,0x10,0x04,0x83,0xe6,
    0xde,0x83,0x3c,0x0f,0x82,0x0b,0x08,0x34,0x62,0x60,0x00,0x20,0x08,0x06,0x4d,0xbe,0x07,0x78,0x1e,0x0c,0xc3,0x0d,0x82,0x9e,
    0x07,0x66,0x30,0xdc,0x30,0x8c,0x01,0x1a,0x94,0x10,0xa8,0x9d,0x78,0x40,0xc4,0x67,0xba,0x21,0x38,0xf1,0x40,0xb0,0x63,0xde,
    0x03,0x10,0x0c,0x37,0x20,0x7d,0x1e,0x98,0xc1,0x70,0x83,0x90,0x06,0x68,0x50,0x42,0xa0,0xd3,0x0d,0x0a,0x8b,0x07,0x81,0x05,
    0x06,0x7c,0x66,0x09,0xe0,0x63,0xa0,0x63,0x10,0xde,0x83,0x0c,0xdc,0xc3,0x87,0x07,0xf6,0xb0,0xe0,0x92,0x4f,0x85,0xc3,0x9e,
    0x07,0x3a,0xdc,0x10,0xec,0x79,0x00,0x06,0xb3,0x0c,0xf1,0x41,0x1f,0xc1,0x2c,0xc3,0x7c,0xc8,0x87,0x1e,0x0c,0x47,0xa8,0x82,
    0x8c,0x07,0xc3,0x37,0x1c,0xb1,0x0a,0x34,0x1e,0x10,0x5f,0x09,0x81,0x4e,0x37,0xd8,0x78,0x50,0xe3,0x41,0x30,0x4b,0x40,0x1f,
    0x47,0x07,0x83,0xb2,0xe0,0x15,0xe4,0x63,0xc1,0x8e,0x07,0xf0,0x19,0x31,0x30,0x00,0x10,0x04,0x83,0x06,0xe6,0x03,0x59,0x0f,
    0x82,0x0b,0x08,0x34,0x62,0x60,0x00,0x20,0x08,0x06,0x8d,0xcc,0x07,0xb1,0x1e,0x0c,0xc3,0x0d,0xc2,0xac,0x07,0x66,0x30,0xdc,
    0x30,0xec,0x01,0x1a,0x94,0x10,0xa8,0x81,0x79,0x40,0xc4,0x67,0xba,0x21,0x00,0xf3,0x40,0xb0,0x83,0xe5,0x03,0x10,0x0c,0x37,
    0x20,0xb6,0x1e,0x98,0xc1,0x70,0x83,0x10,0x0a,0x68,0x50,0x42,0xa0,0xd3,0x0d,0x4a,0x99,0x07,0x81,0x05,0x06,0x7c,0x66,0x09,
    0xe8,0x63,0xa0,0x63,0x10,0xe6,0x83,0x0c,0xe4,0x03,0x96,0x07,0xf8,0xb0,0x2c,0x90,0xcf,0xad,0xc2,0xa0,0x46,0x0c,0x1e,0x00,
    0x04,0xc1,0x00,0xeb,0xf9,0x60,0xd7,0x83,0x34,0x0f,0x72,0x3c,0x20,0x87,0x71,0x10,0x07,0x36,0x0f,0x68,0x3e,0xa0,0xf9,0x80,
    0xe6,0x83,0x60,0x34,0x21,0x00,0x46,0x13,0x84,0x60,0x34,0x61,0x10,0x46,0x13,0x88,0x61,0xc4,0xe0,0x00,0x40,0x10,0x0c,0xc8,
    0x80,0xe7,0x03,0x71,0x0f,0x5c,0x3c,0x08,0xf7,0x60,0x34,0x21,0x00,0x46,0x13,0x84,0x60,0x34,0x61,0x10,0x46,0x13,0x88,0xc1,
    0x12,0x22,0x3e,0x96,0x10,0xf1,0xb1,0x84,0x88,0x8f,0x25,0x44,0x7c,0x8c,0x80,0xe4,0x63,0x44,0x24,0x1f,0x23,0x24,0xf9,0x18,
    0x31,0xc9,0xc7,0x08,0x06,0x3e,0x46,0x30,0xf0,0x31,0x82,0x81,0x8f,0x11,0x0c,0x7c,0x66,0x09,0x5e,0x64,0xc4,0xc0,0x00,0x40,
    0x10,0x0c,0x9a,0xbb,0x0f,0xf2,0x3d,0x68,0x87,0x0b,0x08,0x53,0xf8,0x90,0xef,0x01,0x94,0xe0,0xf6,0x01,0x8c,0x18,0x1c,0x00,
    0x08,0x82,0xc1,0x37,0xf7,0x41,0xbb,0x07,0x81,0x30,0x62,0x60,0x00,0x20,0x08,0x06,0x0d,0xdf,0x07,0xfb,0x1e,0xc8,0xc3,0x88,
    0xc1,0x01,0x80,0x20,0x18,0x74,0x76,0x1f,0xe0,0x7b,0x50,0xea,0x81,0x30,0x9a,0x10,0x00,0xa3,0x09,0x42,0x30,0x9a,0x30,0x08,
    0xb3,0x0c,0xf6,0x91,0x1f,0x39,0x31,0xcb,0x80,0x1f,0xf7,0x21,0x0f,0xc3,0x11,0x24,0xa1,0xea,0xc1,0xf0,0x0d,0x47,0x94,0x04,
    0xab,0x07,0xc4,0x57,0x42,0xa0,0xd3,0x0d,0xae,0x1e,0xb4,0x7a,0x10,0xcc,0x12,0xe4,0xc7,0x1d,0x83,0xb2,0x20,0x25,0xe4,0x63,
    0xc1,0xac,0x07,0xf0,0x19,0x31,0x30,0x00,0x10,0x04,0x83,0x06,0xf5,0x03,0x95,0x0f,0x82,0x0b,0x08,0x34,0x62,0x60,0x00,0x20,
    0x08,0x06,0x8d,0xea,0x07,0x29,0x1f,0x0c,0xc3,0x0d,0xc2,0xca,0x07,0x66,0x30,0xdc,0x30,0x38,0x68,0x50,0x42,0xa0,0x86,0xeb,
    0x01,0x11,0x9f,0xe9,0x86,0x00,0xd7,0x03,0xc1,0x0e,0xd2,0x0f,0x40,0x30,0xdc,0x80,0xb8,0x7c,0x60,0x06,0xc3,0x0d,0x02,0x85,
    0x06,0x25,0x04,0x3a,0xdd,0xa0,0xf4,0x7a,0x10,0x58,0x60,0xc0,0x67,0x96,0x20,0x3f,0x06,0x3a,0x06,0x01,0x3f,0xc8,0xe0,0x3e,
    0x40,0x7b,0xa8,0x8f,0x59,0x06,0xfd,0xe8,0x8f,0xb6,0x98,0x65,0xe0,0x8f,0xfd,0x40,0x89,0xe1,0x88,0x9c,0x00,0xf7,0x60,0xf8,
    0x86,0x23,0x74,0x42,0xdc,0x03,0xe2,0x2b,0x21,0xd0,0xe9,0x06,0x72,0x0f,0xc6,0x3d,0x08,0x66,0x09,0xfa,0xe3,0xb8,0x41,0x59,
    0xe0,0x13,0xf2,0xb1,0x20,0xdd,0x03,0xf8,0x8c,0x18,0x18,0x00,0x08,0x82,0x41,0xe3,0xfb,0x01,0xd8,0x07,0xc1,0x05,0x04,0x1a,
    0x31,0x30,0x00,0x10,0x04,0x83,0x06,0xfc,0x83,0x9f,0x0f,0x86,0xe1,0x06,0x21,0xec,0x03,0x33,0x18,0x6e,0x18,0xc6,0x00,0x0d,
    0x4a,0x08,0xd4,0xdc,0x3d,0x20,0xe2,0x33,0xdd,0x10,0xb8,0x7b,0x20,0xd8,0xa1,0xfb,0x01,0x08,0x86,0x1b,0x10,0xb2,0x0f,0xcc,
    0x60,0xb8,0x41,0x48,0x03,0x34,0x28,0x21,0xd0,0xe9,0x06,0x65,0xde,0x83,0xc0,0x02,0x03,0x3e,0xb3,0x04,0xfd,0x31,0xd0,0x31,
    0x08,0xfc,0x41,0x06,0xfb,0xc1,0xde,0x43,0x7e,0x58,0x70,0xc9,0xa7,0x50,0x43,0xec,0x03,0x1d,0x6e,0x08,0xc4,0x3e,0x00,0x83,
    0x59,0x06,0xff,0x08,0x91,0x60,0x96,0x01,0x44,0xfe,0x23,0x2c,0x86,0x23,0xe2,0x22,0xdf,0x83,0xe1,0x1b,0x8e,0x90,0x8b,0x7d,
    0x0f,0x88,0xaf,0x84,0x40,0xa7,0x1b,0xfa,0x3d,0xe0,0xf7,0x20,0x98,0x25,0x08,0x91,0xa3,0x83,0x41,0x59,0x60,0x17,0xf2,0xb1,
    0x40,0xe4,0x03,0xf8,0x8c,0x18,0x18,0x00,0x08,0x82,0x41,0x73,0xff,0x41,0xde,0x07,0xc1,0x05,0x04,0x1a,0x31,0x30,0x00,0x10,
    0x04,0x83,0x26,0xff,0x03,0xbc,0x0f,0x86,0xe1,0x06,0x41,0xef,0x03,0x33,0x18,0x6e,0x18,0xf6,0x00,0x0d,0x4a,0x08,0xd4,0x4e,
    0x3e,0x20,0xe2,0x33,0xdd,0x10,0x9c,0x7c,0x20,0xd8,0x31,0xff,0x01,0x08,0x86,0x1b,0x90,0xbe,0x0f,0xcc,0x60,0xb8,0x41,0x08,
    0x05,0x34,0x28,0x21,0xd0,0xe9,0x06,0x85,0xe5,0x83,0xc0,0x02,0x03,0x3e,0xb3,0x04,0x21,0x32,0xd0,0x31,0x08,0x20,0x42,0x06,
    0xff,0xe1,0xe3,0x43,0x7f,0x58,0x16,0xc8,0xe7,0x58,0x61,0x50,0x23,0x06,0x0f,0x00,0x82,0x60,0x80,0x91,0xa0,0x20,0xfa,0x01,
    0xcc,0x07,0x20,0x1f,0xac,0x86,0x6a,0xa4,0xc6,0xcc,0x07,0xfb,0x1f,0xec,0x7f,0xb0,0xff,0x41,0x30,0x9a,0x10,0x00,0xa3,0x09,
    0x42,0x30,0x9a,0x30,0x08,0xa3,0x09,0xc4,0x30,0x62,0x70,0x00,0x20,0x08,0x06,0x64,0x30,0x82,0x42,0xea,0x07,0xf5,0x1e,0xa0,
    0x7e,0x30,0x9a,0x10,0x00,0xa3,0x09,0x42,0x30,0x9a,0x30,0x08,0xa3,0x09,0xc4,0x60,0x09,0x11,0x1f,0x4b,0x88,0xf8,0x58,0x42,
    0xc4,0xc7,0x12,0x22,0x3e,0x46,0x40,0xf2,0x31,0x22,0x92,0x8f,0x11,0x92,0x7c,0x8c,0x98,0xe4,0x33,0x62,0x70,0x00,0x20,0x08,
    0x06,0xdd,0x0c,0x0a,0xb5,0x1f,0x88,0x7d,0x20,0x0e,0xa3,0x09,0x01,0x30,0x9a,0x20,0x04,0xa3,0x09,0x83,0x30,0xcb,0x20,0x22,
    0x25,0x62,0x1f,0xb3,0x0c,0x24,0x32,0x22,0xaf,0x31,0x1c,0x11,0x1e,0x67,0x1f,0x0c,0xdf,0x70,0x84,0x78,0xa4,0x7d,0x40,0x7c,
    0x25,0x04,0x3a,0xdd,0xb0,0xf6,0x81,0xda,0x07,0xc1,0x2c,0x41,0x89,0xdc,0x31,0x28,0x0b,0xcc,0x43,0x3e,0x16,0xc0,0x7d,0x00,
    0x9f,0x11,0x03,0x03,0x00,0x41,0x30,0x68,0xca,0x50,0x38,0xff,0x20,0xb8,0x80,0x40,0x23,0x06,0x06,0x00,0x82,0x60,0xd0,0x9c,
    0xa1,0x60,0xfe,0xc1,0x30,0xdc,0x20,0xa0,0x7f,0x60,0x06,0xc3,0x0d,0x83,0x83,0x06,0x25,0x04,0x6a,0x75,0x1f,0x10,0xf1,0x99,
    0x6e,0x08,0xea,0x3e,0x10,0xec,0x08,0x43,0x01,0x04,0xc3,0x0d,0xc8,0xfa,0x07,0x66,0x30,0xdc,0x20,0x50,0x68,0x50,0x42,0xa0,
    0xd3,0x0d,0x8a,0xde,0x07,0x81,0x05,0x06,0x7c,0x66,0x09,0x4a,0x64,0xa0,0x63,0x10,0x48,0x84,0x0c,0x46,0x44,0xdf,0x87,0x10,
    0x99,0x65,0x30,0x91,0x14,0x51,0x91,0x59,0x06,0x14,0x39,0x91,0xf2,0x18,0x8e,0xb0,0x8f,0xbe,0x0f,0x86,0x6f,0x38,0xe2,0x3e,
    0xfe,0x3e,0x20,0xbe,0x12,0x02,0x9d,0x6e,0x08,0xfd,0x00,0xf4,0x83,0x60,0x96,0x20,0x45,0x8e,0x1b,0x94,0x05,0xfb,0x21,0x1f,
    0x0b,0x4c,0x3f,0x80,0xcf,0x88,0x81,0x01,0x80,0x20,0x18,0x34,0x7b,0x28,0xf4,0x7f,0x10,0x5c,0x40,0xa0,0x11,0x03,0x03,0x00,
    0x41,0x30,0x68,0xfa,0x50,0xe0,0xff,0x60,0x18,0x6e,0x10,0xfc,0x3f,0x30,0x83,0xe1,0x86,0x61,0x0c,0xd0,0xa0,0x84,0x40,0x6d,
    0xf5,0x03,0x22,0x3e,0xd3,0x0d,0xc1,0xea,0x07,0x82,0x1d,0x77,0x28,0x80,0x60,0xb8,0x01,0x09,0x41,0xc1,0x0c,0x86,0x1b,0x84,
    0x34,0x40,0x83,0x12,0x02,0x9d,0x6e,0x50,0x60,0x3f,0x08,0x2c,0x30,0xe0,0x33,0x4b,0x90,0x22,0x03,0x1d,0x83,0x80,0x22,0x64,
    0x70,0x22,0x66,0x3f,0x94,0x88,0x05,0x97,0x7c,0x66,0x19,0x54,0xa4,0x45,0x78,0x61,0x96,0x81,0x45,0x56,0x84,0x3f,0x86,0x23,
    0x58,0x84,0xf6,0x83,0xe1,0x1b,0x8e,0x68,0x11,0xdb,0x0f,0x88,0xaf,0x84,0x40,0xa7,0x1b,0x70,0x3f,0xb8,0xfd,0x20,0x98,0x25,
    0x68,0x91,0x93,0x83,0x41,0x59,0x10,0x23,0xf2,0xb1,0xa0,0xf7,0x03,0xf8,0x8c,0x18,0x18,0x00,0x08,0x82,0x41,0x23,0x8b,0x02,
    0x0d,0x0a,0xc1,0x05,0x04,0x1a,0x31,0x30,0x00,0x10,0x04,0x83,0x86,0x16,0x85,0x19,0x14,0x86,0xe1,0x06,0xa1,0x06,0x05,0x33,
    0x18,0x6e,0x18,0xf2,0x00,0x0d,0x4a,0x08,0xd4,0xc4,0x3f,0x20,0xe2,0x33,0xdd,0x10,0x88,0x7f,0x20,0xd8,0xe1,0x8a,0x02,0x08,
    0x86,0x1b,0x10,0x1c,0x14,0xcc,0x60,0xb8,0x41,0xf8,0x03,0x34,0x28,0x21,0xd0,0xe9,0x06,0xe5,0xfc,0x83,0xc0,0x02,0x03,0x3e,
    0xb3,0x04,0x2d,0x32,0xd0,0x31,0x08,0x2c,0x42,0x06,0x2b,0x42,0xfb,0x43,0x8a,0xd8,0x15,0xc8,0xe7,0xd4,0x62,0x50,0x23,0x06,
    0x0f,0x00,0x82,0x60,0x80,0xfd,0xa2,0xd0,0x83,0xc2,0xfa,0x07,0xbb,0x1f,0x98,0x49,0x99,0x90,0x89,0xfb,0x07,0xb6,0x28,0xd8,
    0xa2,0x60,0x8b,0x42,0x30,0x9a,0x10,0x00,0xa3,0x09,0x42,0x30,0x9a,0x30,0x08,0xa3,0x09,0xc4,0x60,0x84,0x2e,0xc4,0xc7,0x08,
    0x5d,0x88,0x8f,0x11,0xba,0x10,0x1f,0x23,0x74,0x21,0x3e,0x46,0x2c,0xf2,0x31,0x82,0x91,0x8f,0x11,0x8d,0x7c,0x8c,0x70,0xe4,
    0x63,0x84,0x38,0xc0,0xc7,0x08,0x71,0x80,0x8f,0x11,0xe2,0x00,0x1f,0x23,0xc4,0x01,0x3e,0xe6,0x0b,0x48,0x7c,0xcc,0x17,0x90,
    0xf8,0x98,0x2f,0x20,0xf1,0x31,0x5f,0x40,0xe2,0x63,0x04,0x5f,0xc8,0xc7,0x88,0xbe,0x90,0x8f,0x11,0x7e,0x21,0x1f,0x23,0xfe,
    0x42,0x3e,0x46,0x30,0xf0,0x31,0x82,0x81,0x8f,0x11,0x0c,0x7c,0x8c,0x60,0xe0,0x33,0x4b,0xf0,0x22,0x23,0x06,0x0f,0x00,0x82,
    0x60,0x80,0xf1,0xa3,0xa0,0x87,0x02,0x0a,0x0a,0xf8,0x1f,0x8c,0x8a,0xa8,0x84,0xca,0x0a,0x0a,0xf3,0x28,0xcc,0xa3,0x30,0x8f,
    0x42,0xb8,0x8c,0x26,0x04,0xc0,0x68,0x82,0x10,0x8c,0x26,0x0c,0xc2,0x68,0x02,0x31,0xcc,0x12,0xbc,0xc8,0x40,0xc7,0x80,0xb8,
    0x08,0xd9,0xd0,0x87,0xd4,0x22,0x03,0x1d,0x03,0xe2,0x22,0x64,0x43,0x1f,0x52,0x8b,0x0c,0x74,0x0c,0x88,0x8b,0x90,0x0d,0x7d,
    0x48,0x2d,0x32,0xd0,0x31,0x20,0x2e,0x42,0x36,0xf4,0x21,0xb5,0x88,0x11,0xb8,0x02,0x1f,0x23,0x70,0x05,0x3e,0x46,0xe0,0x0a,
    0x7c,0x8c,0xc0,0x15,0xf8,0x18,0xae,0x84,0xa4,0x00,0x83,0xe1,0x86,0xe0,0x57,0xd0,0x60,0x96,0x81,0x3c,0x60,0x24,0x98,0x25,
    0x88,0x91,0x81,0x8a,0x01,0x0e,0x09,0xf1,0x60,0x60,0x64,0xa0,0x62,0x90,0x43,0x42,0x3c,0x18,0x18,0x19,0xa8,0x18,0xe8,0x90,
    0x10,0x0f,0x06,0x46,0x06,0x2a,0x06,0x3b,0x24,0xc4,0x83,0x81,0x11,0x23,0xf4,0x85,0x3e,0x46,0xec,0x0b,0x7d,0x8c,0xe0,0x17,
    0xfa,0x18,0xd1,0x2f,0xf4,0x99,0x25,0xa0,0xa1,0x11,0x03,0x03,0x00,0x41,0x30,0x68,0x6e,0x52,0x40,0x45,0x61,0xbc,0x03,0x0b,
    0x74,0x3b,0x90,0x8f,0x09,0xba,0x1d,0xc8,0xc7,0x86,0xdc,0x0e,0xe4,0x63,0xc4,0x6f,0x07,0xf2,0xb1,0xe2,0xb7,0x03,0xf9,0x98,
    0xd1,0xdb,0x81,0x7c,0x46,0x0c,0x2a,0x00,0x04,0xc1,0x40,0xcb,0x49,0x81,0x16,0x05,0x33,0x14,0x6c,0x50,0x30,0xed,0xa0,0xb4,
    0x03,0xd2,0x0e,0xd2,0x50,0x88,0x49,0x21,0x26,0x85,0x98,0x14,0x06,0x21,0x30,0x0a,0x22,0x0d,0x85,0xd1,0x84,0x00,0x18,0x4d,
    0x10,0x82,0xd1,0x84,0x41,0x18,0x4d,0x20,0x86,0x59,0x02,0x1a,0x1a,0x6e,0x38,0xf5,0x60,0x26,0x05,0x30,0x18,0x6e,0x38,0xf5,
    0xe0,0x26,0x85,0x30,0xa8,0x40,0xd0,0x59,0x06,0x1a,0x01,0x93,0x60,0xb8,0x41,0xd4,0x83,0x9c,0x14,0xc0,0x60,0x96,0xa1,0x46,
    0x6c,0x24,0x18,0x31,0x80,0x00,0x10,0x04,0x03,0x2b,0x2c,0x85,0x5f,0x14,0xc0,0x50,0x80,0x41,0xe1,0xb5,0x03,0xd7,0x0e,0xe4,
    0x50,0x90,0x43,0x41,0x27,0x05,0x9d,0x14,0xca,0x51,0x68,0xed,0x40,0x0e,0x85,0xd1,0x84,0x00,0x98,0x25,0xa0,0xa1,0xe1,0x86,
    0x52,0x0f,0x7a,0x52,0x00,0x83,0x59,0x86,0x1b,0xc1,0x91,0x60,0xc4,0x00,0x02,0x40,0x10,0x0c,0x2c,0xb2,0x14,0xc4,0x51,0x20,
    0x43,0x81,0x06,0x05,0xd9,0x0e,0x62,0x3b,0xa8,0x43,0xa1,0x0e,0x85,0x9e,0x14,0x7a,0x52,0x40,0x47,0x01,0xb6,0x83,0x3a,0x14,
    0x46,0x13,0x02,0x60,0x96,0x80,0x86,0x86,0x1b,0x50,0x3d,0xe0,0x49,0x01,0x0c,0x66,0x19,0x72,0x44,0x47,0x82,0x11,0x03,0x08,
    0x00,0x41,0x30,0xb0,0xce,0x52,0x28,0x47,0x01,0x0d,0x05,0x1c,0x14,0x6a,0x3b,0xa0,0xed,0x00,0x0f,0x05,0x3c,0x14,0xc0,0x52,
    0x00,0x4b,0x61,0x1d,0x85,0xd9,0x0e,0xf0,0x50,0x18,0x4d,0x08,0x80,0x59,0x02,0x1a,0x1a,0x6e,0x58,0xf5,0xa0,0x27,0x05,0x30,
    0x98,0x65,0xd8,0x11,0x1e,0x09,0x46,0x0c,0x20,0x00,0x04,0xc1,0xc0,0x52,0x4b,0x01,0x1d,0x05,0x36,0x14,0x78,0x50,0xc0,0xed,
    0xe0,0xb6,0x83,0x3d,0x14,0xf6,0x50,0x18,0x4b,0x61,0x2c,0x05,0x77,0x14,0x6c,0x3b,0xd8,0x43,0x61,0x34,0x21,0x00,0x66,0x09,
    0x68,0x68,0xb8,0xc1,0xd5,0x83,0x9f,0x14,0xc0,0x60,0x96,0xa1,0x47,0x7c,0x24,0x18,0x31,0x80,0x00,0x10,0x04,0x03,0xab,0x2d,
    0x85,0x75,0x14,0xe0,0x50,0x00,0x43,0x61,0xb7,0x03,0xdd,0x0e,0xfc,0x50,0xf0,0x43,0xc1,0x2c,0x05,0xb3,0x14,0xe2,0x51,0xc8,
    0xed,0xc0,0x0f,0x85,0xd1,0x84,0x00,0x98,0x25,0xa0,0xa1,0xe1,0x86,0x58,0x0f,0xc2,0x52,0x00,0x83,0x59,0x86,0x1f,0xa1,0xa1,
    0x60,0xc4,0x00,0x02,0x40,0x10,0x0c,0x2c,0xb8,0x14,0xdc,0x51,0xa0,0x43,0x81,0x0c,0x05,0xdf,0x0e,0x7a,0x3b,0x08,0x45,0x21,
    0x14,0x85,0xb4,0x14,0xd2,0x52,0xa0,0x47,0x81,0xb7,0x83,0x50,0x14,0x46,0x13,0x02,0x60,0x96,0x80,0x86,0x86,0x1b,0x68,0x3d,
    0x48,0x4b,0x01,0x0c,0x66,0x19,0xc2,0x44,0x67,0x82,0x11,0x83,0x03,0x00,0x41,0x30,0x20,0x83,0xb7,0x14,0xea,0x51,0x08,0x43,
    0x41,0x17,0x85,0xd1,0x84,0x00,0xb8,0x80,0x30,0x15,0x84,0xa5,0xa0,0xc3,0x0d,0x81,0x5a,0x0a,0x60,0x50,0x43,0x3a,0x0a,0x3a,
    0xdc,0x10,0xdc,0xa3,0x00,0x06,0x35,0x04,0x3b,0xcb,0xe0,0x2b,0x62,0xe2,0xdf,0xc1,0x88,0x81,0x01,0x80,0x20,0x18,0x34,0xa1,
    0x29,0xc8,0xa3,0xd0,0xe2,0x81,0x05,0x24,0x1e,0xc8,0xc7,0x04,0x12,0x0f,0xe4,0x63,0x03,0x8a,0x07,0xf2,0x31,0x02,0xc5,0x03,
    0xf9,0xcc,0x32,0x90,0xc9,0x98,0x18,0x23,0x06,0x15,0x00,0x82,0x60,0xa0,0x85,0xa6,0xc0,0x8f,0x42,0x29,0x0a,0x75,0x28,0xb8,
    0x77,0xd0,0xde,0x41,0x2c,0x0a,0xb1,0x28,0xe4,0xa5,0x90,0x97,0x02,0x49,0x0a,0x42,0x10,0x8b,0x02,0x31,0xc4,0xa2,0x10,0x8b,
    0xc2,0x68,0x42,0x00,0x8c,0x26,0x08,0xc1,0x68,0xc2,0x20,0x8c,0x26,0x10,0xc3,0x2c,0xc1,0x0c,0x8d,0x18,0x1c,0x00,0x08,0x82,
    0x41,0x47,0x9a,0x82,0x49,0x0a,0xaa,0x28,0xf8,0xa5,0x30,0x9a,0x10,0x00,0xa3,0x09,0x42,0x30,0x9a,0x30,0x0c,0x37,0x0c,0xea,
    0x86,0x41,0x99,0xd0,0xc8,0xc7,0x84,0x46,0x3e,0x26,0x08,0xf2,0x31,0x41,0x90,0x8f,0x09,0x01,0x7c,0x46,0x0c,0x0c,0x00,0x04,
    0xc1,0xa0,0xb1,0x4d,0xa1,0x25,0x85,0xc0,0x90,0x4a,0x3e,0x86,0x54,0xf2,0x31,0x41,0x90,0x8f,0x09,0x82,0x7c,0x4c,0x08,0xe0,
    0x33,0x62,0x60,0x00,0x20,0x08,0x06,0x0d,0x6f,0x0a,0x33,0x29,0x04,0x23,0x06,0x07,0x00,0x82,0x60,0x10,0xed,0xa6,0x00,0x96,
    0xc2,0x11,0x8c,0x18,0x1c,0x00,0x08,0x82,0x41,0xc4,0x9b,0x42,0x58,0x0a,0x01,0x3b,0x0a,0x23,0x06,0x06,0x00,0x82,0x60,0xd0,
    0xfc,0xa6,0x40,0x93,0x42,0x30,0x62,0x70,0x00,0x20,0x08,0x06,0x91,0x6f,0x0a,0x63,0x29,0x04,0x68,0x1e,0x0c,0x47,0x04,0xea,
    0x28,0x08,0xdf,0x68,0x42,0x1a,0x04,0xa3,0x09,0x6a,0x20,0x4c,0x37,0x08,0xc1,0x70,0x01,0x61,0x86,0x1b,0x82,0xd8,0x14,0xc0,
    0xa0,0x8c,0x40,0x47,0x13,0xde,0x60,0xb8,0x80,0x30,0xb3,0x0c,0x65,0xb2,0x27,0x43,0x05,0xb7,0x29,0xe0,0x88,0xc1,0x01,0x80,
    0x20,0x18,0x7c,0xe3,0x29,0xc8,0xa4,0xf0,0x9b,0x42,0x70,0xc1,0xa0,0x0c,0x0a,0xe8,0x33,0x62,0x70,0x00,0x20,0x08,0x06,0x11,
    0x7b,0x0a,0x6f,0x29,0x60,0xd2,0x88,0xc1,0x01,0x80,0x20,0x18,0x44,0xed,0x29,0xc8,0xa5,0x10,0x08,0x23,0x06,0x07,0x00,0x82,
    0x60,0x10,0xb9,0xa7,0x30,0x97,0x42,0xa0,0x8f,0x82,0x51,0x01,0x7d,0x46,0x0c,0x0c,0x00,0x04,0xc1,0xa0,0x91,0x4f,0x41,0x2c,
    0x85,0x60,0xc4,0xe0,0x00,0x40,0x10,0x0c,0xa2,0xf8,0x14,0xec,0x52,0x08,0xfa,0x51,0x18,0x31,0x38,0x00,0x10,0x04,0x83,0x48,
    0x3e,0x85,0xba,0x14,0x02,0xe4,0x02,0xc2,0x0c,0x47,0x80,0x81,0x26,0x7c,0xd3,0x0d,0x73,0x50,0x07,0xc1,0x74,0xc3,0x1c,0xd4,
    0x81,0x70,0xc4,0xa0,0x6c,0x08,0xe8,0x63,0x83,0x40,0x9f,0x11,0x03,0x03,0x00,0x41,0x30,0x68,0xf8,0x53,0x88,0x4b,0x81,0x19,
    0x31,0x38,0x00,0x10,0x04,0x83,0x68,0x3f,0x05,0xd0,0x14,0x82,0x52,0x0f,0x86,0x1b,0x92,0xf8,0x14,0xc0,0x60,0x96,0x41,0x4f,
    0xcc,0x24,0x98,0x25,0x38,0x93,0x81,0x8a,0x21,0x76,0xf0,0x04,0x46,0x09,0x33,0x19,0xa8,0x18,0x62,0x07,0x4f,0x64,0x94,0x30,
    0x93,0x81,0x8a,0x21,0x76,0xf0,0x84,0x46,0x09,0x33,0x19,0xa8,0x18,0x62,0x07,0x4f,0x6c,0x94,0x30,0x93,0x81,0x0a,0x22,0x76,
    0xf0,0x84,0x7d,0x09,0x33,0xb9,0x60,0x50,0x05,0x95,0xa6,0x00,0x17,0x0c,0xca,0x02,0x9a,0x14,0xe4,0x63,0x44,0x10,0x1f,0x0b,
    0x1e,0xf9,0x98,0xf0,0xc8,0xc7,0x84,0x39,0x0f,0xe0,0x63,0xc2,0x9c,0x07,0xf0,0x19,0x31,0x38,0x00,0x10,0x04,0x03,0x32,0x18,
    0x51,0x21,0x35,0x85,0x7a,0x14,0xdc,0x52,0x18,0x4d,0x08,0x86,0x0b,0x08,0x53,0x41,0x7d,0x0a,0x3a,0xdc,0x10,0x90,0xa8,0x00,
    0x06,0xb3,0x0c,0x69,0x82,0x26,0x41,0x91,0x82,0x6c,0x0a,0x70,0xc1,0xa0,0x46,0x0c,0x0e,0x00,0x04,0xc1,0x20,0x92,0x51,0xe1,
    0x36,0x85,0xab,0x27,0x85,0x11,0x83,0x03,0x00,0x41,0x30,0x88,0x66,0x54,0xb0,0x4d,0x21,0x10,0x66,0x09,0xd2,0x64,0xa0,0x62,
    0x10,0xd0,0xc4,0x4f,0x89,0x33,0x19,0x6e,0x38,0x4e,0x54,0x08,0x83,0xe1,0x06,0x64,0x44,0x85,0x30,0x28,0x21,0xd0,0x59,0x06,
    0x35,0x79,0x93,0xc0,0x88,0xb3,0x14,0xe0,0x33,0x62,0x60,0x00,0x20,0x08,0x06,0xcd,0x8e,0x0a,0xbd,0x29,0x04,0x17,0x10,0x66,
    0xc4,0xe0,0x00,0x40,0x10,0x0c,0x3a,0x1b,0x15,0x70,0x53,0xe0,0x49,0x21,0x18,0x4d,0x08,0x80,0xd1,0x04,0x21,0x98,0x65,0x58,
    0x13,0x36,0x19,0x87,0x13,0x06,0x65,0x81,0x25,0x1f,0x0b,0xdc,0x52,0x80,0xcf,0x88,0x81,0x01,0x80,0x20,0x18,0x34,0x63,0x2a,
    0x94,0xa7,0x10,0x5c,0x40,0xa0,0x11,0x03,0x03,0x00,0x41,0x30,0x68,0xca,0x54,0x20,0x4f,0x61,0x18,0x6e,0x10,0xcc,0x53,0x30,
    0x83,0xe1,0x86,0x21,0x41,0x83,0x12,0x02,0xb5,0xb9,0x14,0x88,0xf8,0x4c,0x37,0x04,0x73,0x29,0x08,0x76,0xfc,0xa8,0x00,0x82,
    0xe1,0x06,0x24,0x3d,0x05,0x33,0x18,0x6e,0x10,0x1e,0x34,0x28,0x21,0xd0,0xe9,0x06,0x05,0x2f,0x85,0xc0,0x02,0x03,0x3e,0xb3,
    0x04,0x6c,0x32,0x50,0x31,0x08,0x6b,0x62,0xaf,0x84,0x9a,0xcc,0x32,0xb4,0x89,0x9b,0xcc,0xc3,0x4d,0x83,0xb2,0xe0,0x0c,0xe4,
    0x63,0x01,0x68,0x0a,0xf0,0x19,0x31,0x30,0x00,0x10,0x04,0x83,0xa6,0x4e,0x85,0xfb,0x14,0x82,0x0b,0x08,0x34,0x62,0x60,0x00,
    0x20,0x08,0x06,0xcd,0x9d,0x0a,0xf6,0x29,0x0c,0xc3,0x0d,0x02,0x7e,0x0a,0x66,0x30,0xdc,0x30,0x68,0x68,0x50,0x42,0xa0,0x56,
    0x9a,0x02,0x11,0x9f,0xe9,0x86,0xa0,0x34,0x05,0xc1,0x8e,0x38,0x15,0x40,0x30,0xdc,0x80,0xec,0xa7,0x60,0x06,0xc3,0x0d,0x02,
    0x18,0xa0,0x41,0x09,0x81,0x4e,0x37,0x28,0xaa,0x29,0x04,0x16,0x18,0xf0,0x99,0x25,0x70,0x93,0x81,0x8a,0x41,0x68,0x13,0x9d,
    0x25,0xd8,0xc4,0x82,0x49,0x3e,0x97,0x06,0x83,0x1a,0x31,0x78,0x00,0x10,0x04,0x03,0x4c,0x54,0x05,0x10,0x15,0x4a,0x53,0xa8,
    0x4b,0x61,0x0f,0xf4,0x20,0x36,0x85,0xd8,0x14,0xf2,0x54,0xc8,0x53,0x81,0x44,0x85,0x60,0x34,0x21,0x00,0x46,0x13,0x84,0x60,
    0x34,0x61,0x10,0x46,0x13,0x88,0x61,0xc4,0xe0,0x00,0x40,0x10,0x0c,0xc8,0x20,0x54,0x85,0x13,0x15,0xe6,0x52,0x08,0x51,0x61,
    0x34,0x21,0x00,0x46,0x13,0x84,0x60,0x34,0x61,0x10,0x46,0x13,0x88,0xc1,0x12,0x22,0x3e,0x96,0x10,0xf1,0xb1,0x84,0x88,0x8f,
    0x25,0x44,0x7c,0x8c,0x80,0xe4,0x63,0x44,0x24,0x1f,0x23,0x24,0xf9,0x18,0x31,0xc9,0xc7,0x08,0x06,0x3e,0x46,0x30,0xf0,0x31,
    0x82,0x81,0x8f,0x11,0x0c,0x7c,0x66,0x09,0xf0,0x64,0xc4,0xc0,0x00,0x40,0x10,0x0c,0x1a,0x5e,0x15,0x7c,0x54,0x30,0x85,0x0b,
    0x08,0x53,0x30,0xe1,0xa3,0x02,0x94,0x30,0xab,0x02,0x8c,0x18,0x1c,0x00,0x08,0x82,0xc1,0x87,0xab,0x82,0x8c,0x0a,0x81,0x30,
    0x62,0x60,0x00,0x20,0x08,0x06,0x4d,0xb8,0x0a,0x60,0x2a,0xac,0xc2,0x88,0xc1,0x01,0x80,0x20,0x18,0x74,0xbb,0x2a,0xf4,0xa8,
    0x10,0x9e,0x82,0x30,0x9a,0x10,0x00,0xa3,0x09,0x42,0x30,0xcb,0x00,0x27,0x71,0x82,0x16,0x27,0x0c,0xca,0x82,0x5d,0x90,0x8f,
    0x05,0xf3,0x29,0xc0,0x67,0xc4,0xc0,0x00,0x40,0x10,0x0c,0x1a,0x74,0x15,0xd4,0x54,0x08,0x2e,0x20,0xd0,0x88,0x81,0x01,0x80,
    0x20,0x18,0x34,0xea,0x2a,0xa4,0xa9,0x30,0x0c,0x37,0x08,0x6b,0x2a,0x98,0xc1,0x70,0xc3,0x90,0xa0,0x41,0x09,0x81,0x1a,0x7e,
    0x0a,0x44,0x7c,0xa6,0x1b,0x02,0xfc,0x14,0x04,0x3b,0xc8,0x55,0x00,0xc1,0x70,0x03,0xe2,0xa6,0x82,0x19,0x0c,0x37,0x08,0x0f,
    0x1a,0x94,0x10,0xe8,0x74,0x83,0xd2,0x9f,0x42,0x60,0x81,0x01,0x9f,0x59,0x82,0x38,0x19,0xa8,0x18,0x04,0x38,0x01,0x61,0xe2,
    0x4d,0x66,0x19,0xe4,0x64,0x4e,0xf0,0xe2,0xa6,0x41,0x59,0xc0,0x0e,0xf2,0xb1,0xa0,0x44,0x05,0xf8,0x8c,0x18,0x18,0x00,0x08,
    0x82,0x41,0xa3,0xaf,0x02,0x9f,0x0a,0xc1,0x05,0x04,0x1a,0x31,0x30,0x00,0x10,0x04,0x83,0x86,0x5f,0x85,0x3d,0x15,0x86,0xe1,
    0x06,0xa1,0x4f,0x05,0x33,0x18,0x6e,0x18,0x34,0x34,0x28,0x21,0x50,0x53,0x51,0x81,0x88,0xcf,0x74,0x43,0xa0,0xa2,0x82,0x60,
    0x87,0xbd,0x0a,0x20,0x18,0x6e,0x40,0x40,0x55,0x30,0x83,0xe1,0x06,0x01,0x0c,0xd0,0xa0,0x84,0x40,0xa7,0x1b,0x94,0x17,0x15,
    0x02,0x0b,0x0c,0xf8,0xcc,0x12,0xcc,0xc9,0x40,0xc5,0x20,0xc8,0x09,0x19,0x13,0x71,0x62,0xc1,0x24,0x9f,0x53,0x83,0x41,0x8d,
    0x18,0x3c,0x00,0x08,0x82,0x01,0x76,0xb2,0x42,0xa9,0x0a,0x2a,0x2a,0xe8,0xa7,0x00,0x12,0xff,0x60,0xa3,0x82,0x8d,0x0a,0xfe,
    0x2a,0xf8,0xab,0x90,0xaa,0x42,0x30,0x9a,0x10,0x00,0xa3,0x09,0x42,0x30,0x9a,0x30,0x08,0xa3,0x09,0xc4,0x30,0x62,0x70,0x00,
    0x20,0x08,0x06,0x64,0x60,0xb2,0x02,0xab,0x0a,0xf8,0x29,0x98,0xaa,0x30,0x9a,0x10,0x00,0xa3,0x09,0x42,0x30,0x9a,0x30,0x08,
    0xa3,0x09,0xc4,0x60,0x09,0x11,0x1f,0x4b,0x88,0xf8,0x58,0x42,0xc4,0xc7,0x12,0x22,0x3e,0x46,0x40,0xf2,0x31,0x22,0x92,0x8f,
    0x11,0x92,0x7c,0x8c,0x98,0xe4,0x33,0x62,0x70,0x00,0x20,0x08,0x06,0x9d,0xcd,0x0a,0xb8,0x2a,0xf0,0xa8,0x00,0x0a,0xa3,0x09,
    0x01,0x30,0x9a,0x20,0x04,0xb3,0x0c,0x74,0x52,0x27,0xe3,0x71,0xc2,0xa0,0x2c,0xb0,0x09,0xf9,0x58,0xe0,0xa6,0x02,0x7c,0x46,
    0x0c,0x0c,0x00,0x04,0xc1,0xa0,0x19,0x5b,0xa1,0x5c,0x85,0xe0,0x02,0x02,0x8d,0x18,0x18,0x00,0x08,0x82,0x41,0x53,0xb6,0x02,
    0xb9,0x0a,0xc3,0x70,0x83,0x60,0xae,0x82,0x19,0x0c,0x37,0x0c,0x09,0x1a,0x94,0x10,0xa8,0xcd,0xa9,0x40,0xc4,0x67,0xba,0x21,
    0x98,0x53,0x41,0xb0,0xe3,0x67,0x05,0x10,0x0c,0x37,0x20,0xe9,0x2a,0x98,0xc1,0x70,0x83,0xf0,0xa0,0x41,0x09,0x81,0x4e,0x37,
    0x28,0x78,0x2a,0x04,0x16,0x18,0xf0,0x99,0x25,0xa8,0x93,0x81,0x8a,0x41,0xa0,0x13,0x7b,0x26,0xe6,0x64,0x96,0xc1,0x4e,0xee,
    0x64,0x3e,0x6e,0x1a,0x94,0x05,0x67,0x21,0x1f,0x0b,0x40,0x55,0x80,0xcf,0x88,0x81,0x01,0x80,0x20,0x18,0x34,0x75,0x2b,0xdc,
    0xab,0x10,0x5c,0x40,0xa0,0x11,0x03,0x03,0x00,0x41,0x30,0x68,0xee,0x56,0xb0,0x57,0x61,0x18,0x6e,0x10,0xf0,0x55,0x30,0x83,
    0xe1,0x86,0x41,0x43,0x83,0x12,0x02,0xb5,0x52,0x15,0x88,0xf8,0x4c,0x37,0x04,0xa5,0x2a,0x08,0x76,0xc4,0xad,0x00,0x82,0xe1,
    0x06,0x64,0x5f,0x05,0x33,0x18,0x6e,0x10,0xc0,0x00,0x0d,0x4a,0x08,0x74,0xba,0x41,0x51,0x55,0x21,0xb0,0xc0,0x80,0xcf,0x2c,
    0xc1,0x9d,0x0c,0x54,0x0c,0x82,0x9d,0xe8,0x34,0x51,0x27,0x16,0x4c,0xf2,0x39,0x74,0x18,0xd4,0x88,0xc1,0x03,0x80,0x20,0x18,
    0x60,0xa2,0x2b,0x80,0xac,0x50,0xaa,0x42,0x9d,0x0a,0x7b,0xa1,0x17,0xb1,0x2a,0xc4,0xaa,0x90,0xb7,0x42,0xde,0x0a,0x24,0x2b,
    0x04,0xa3,0x09,0x01,0x30,0x9a,0x20,0x04,0xa3,0x09,0x83,0x30,0x9a,0x40,0x0c,0x46,0xe8,0x41,0x7c,0x8c,0xd0,0x83,0xf8,0x18,
    0xa1,0x07,0xf1,0x31,0x42,0x0f,0xe2,0x63,0xc4,0x22,0x1f,0x23,0x18,0xf9,0x18,0xd1,0xc8,0xc7,0x08,0x47,0x3e,0x46,0x88,0x02,
    0x7c,0x8c,0x10,0x05,0xf8,0x18,0x21,0x0a,0xf0,0x31,0x42,0x14,0xe0,0x63,0x7e,0x80,0xc4,0xc7,0xfc,0x00,0x89,0x8f,0xf9,0x01,
    0x12,0x1f,0xf3,0x03,0x24,0x3e,0x46,0xe8,0x83,0x7c,0x8c,0xd8,0x07,0xf9,0x18,0xc1,0x0f,0xf2,0x31,0xa2,0x1f,0xe4,0x63,0x04,
    0x03,0x1f,0x23,0x18,0xf8,0x18,0xc1,0xc0,0xc7,0x08,0x06,0x3e,0xb3,0x04,0x78,0x32,0x50,0x31,0xd8,0x88,0x9b,0x20,0x77,0x32,
    0x50,0x31,0xd8,0x88,0x9b,0x20,0x77,0x32,0x50,0x31,0xd8,0x88,0x9b,0x20,0x77,0x32,0x50,0x31,0xd8,0x88,0x9b,0x20,0x77,0x62,
    0x04,0x7a,0xc0,0xc7,0x08,0xf4,0x80,0x8f,0x11,0xe8,0x01,0x1f,0x23,0xd0,0x03,0x3e,0x86,0x1e,0xbf,0x2b,0x40,0x60,0xb8,0x21,
    0xb8,0x0f,0x30,0x98,0x65,0xc8,0x93,0x33,0x09,0x66,0x09,0xf4,0x64,0xa0,0x62,0x60,0x6f,0xa2,0x4c,0x98,0x3c,0x19,0xa8,0x18,
    0xdc,0x9b,0x28,0x13,0x26,0x4f,0x06,0x2a,0x06,0xf8,0x26,0xca,0x84,0xc9,0x93,0x81,0x8a,0x41,0xbe,0x89,0x32,0x61,0xf2,0xc4,
    0x08,0xfc,0xa0,0x8f,0x11,0xf9,0x41,0x1f,0x23,0xf4,0x83,0x3e,0x46,0xec,0x07,0x7d,0x66,0x09,0x66,0x68,0xb8,0x01,0x46,0xd2,
    0x57,0x08,0x83,0x6a,0x91,0xdd,0x15,0x74,0xb8,0x21,0x50,0x5f,0x01,0x0c,0x66,0x19,0xfa,0x84,0x4f,0x82,0x52,0x13,0xbc,0x15,
    0xe0,0x82,0x41,0x8d,0x18,0x1c,0x00,0x08,0x82,0x41,0x84,0xbf,0x42,0xdf,0x0a,0x3a,0x32,0xb2,0xc2,0x88,0xc1,0x01,0x80,0x20,
    0x18,0x44,0xf9,0x2b,0xf0,0xad,0x10,0x08,0xb3,0x04,0x7d,0x32,0x50,0x31,0x08,0x7c,0xa2,0xe2,0xc4,0x9e,0x0c,0x37,0x1c,0xed,
    0x2b,0x84,0xc1,0x70,0x03,0x92,0xbe,0x42,0x18,0x94,0x10,0xe8,0x2c,0x83,0x9f,0xa4,0x4a,0x60,0x44,0xcb,0x0a,0xf0,0x19,0x31,
    0x30,0x00,0x10,0x04,0x83,0x26,0x84,0x85,0xd1,0x15,0x82,0x0b,0x08,0x33,0x62,0x70,0x00,0x20,0x08,0x06,0x1d,0xff,0x0a,0x7e,
    0x2b,0x88,0xac,0x10,0x8c,0x26,0x04,0xc0,0x68,0x82,0x10,0xcc,0x32,0xfc,0x89,0xa8,0xa4,0xca,0x2c,0x43,0xa8,0x80,0x4a,0x34,
    0x1c,0xe1,0x86,0xc2,0xcb,0x0a,0xc3,0x37,0x1c,0xf1,0x86,0x42,0xcc,0x0a,0xc4,0x57,0x42,0xa0,0xd3,0x0d,0x33,0x2b,0xc8,0xac,
    0x10,0xcc,0x12,0x88,0xca,0x19,0x83,0xb2,0x60,0x0e,0x05,0xf9,0x58,0x80,0xb3,0x02,0x7c,0x46,0x0c,0x0c,0x00,0x04,0xc1,0xa0,
    0x69,0x61,0xe1,0x75,0x85,0xe0,0x02,0x02,0x8d,0x18,0x18,0x00,0x08,0x82,0x41,0xf3,0xc2,0x82,0xeb,0x0a,0xc3,0x70,0x83,0x00,
    0xbb,0x82,0x19,0x0c,0x37,0x0c,0x0d,0x1a,0x94,0x10,0xa8,0xf5,0xac,0x40,0xc4,0x67,0xba,0x21,0xe8,0x59,0x41,0xb0,0x23,0x85,
    0x05,0x10,0x0c,0x37,0x20,0xb3,0x2b,0x98,0xc1,0x70,0x83,0x30,0xa1,0x41,0x09,0x81,0x4e,0x37,0x28,0x62,0x2b,0x04,0x16,0x18,
    0xf0,0x99,0x25,0x10,0x95,0x81,0x8e,0x41,0x08,0x15,0x32,0x00,0x15,0x55,0x27,0xfc,0x64,0x96,0x61,0x54,0x4c,0xa5,0x57,0x66,
    0x19,0x4a,0x85,0x54,0xce,0x60,0x38,0x62,0x14,0x85,0xb2,0x15,0x86,0x6f,0x38,0x82,0x14,0x85,0xb3,0x15,0x88,0xaf,0x84,0x40,
    0xa7,0x1b,0xd2,0x56,0x40,0x5b,0x21,0x98,0x25,0x30,0x95,0xdb,0x06,0x65,0x01,0x2a,0x0a,0xf2,0xb1,0xc0,0x6d,0x05,0xf8,0x8c,
    0x18,0x18,0x00,0x08,0x82,0x41,0x33,0xc6,0x42,0xf9,0x0a,0xc1,0x05,0x04,0x1a,0x31,0x30,0x00,0x10,0x04,0x83,0xa6,0x8c,0x05,
    0xf2,0x15,0x86,0xe1,0x06,0xc1,0x7c,0x05,0x33,0x18,0x6e,0x18,0xc4,0x00,0x0d,0x4a,0x08,0xd4,0xe6,0x56,0x20,0xe2,0x33,0xdd,
    0x10,0xcc,0xad,0x20,0xd8,0xf1,0xc3,0x02,0x08,0x86,0x1b,0x90,0xf4,0x15,0xcc,0x60,0xb8,0x41,0x40,0x03,0x34,0x28,0x21,0xd0,
    0xe9,0x06,0x05,0x6f,0x85,0xc0,0x02,0x03,0x3e,0xb3,0x04,0xa6,0x32,0xd0,0x31,0x08,0xa5,0x42,0x06,0xa4,0x62,0xef,0x84,0xa8,
    0x58,0x70,0xc9,0xe7,0xde,0x60,0x50,0xf7,0x06,0x83,0x9a,0x65,0x40,0x95,0x53,0x01,0x05,0x13,0x7a,0x51,0x90,0x8f,0x09,0xbd,
    0x28,0xc8,0x67,0xc4,0xc0,0x00,0x40,0x10,0x0c,0x9a,0x3b,0x16,0xf2,0x57,0x10,0x46,0x0c,0x0c,0x00,0x04,0xc1,0xa0,0xc1,0x63,
    0x41,0x7f,0x05,0xc1,0x04,0xd3,0x15,0xe0,0x63,0xc2,0xe9,0x0a,0xf0,0x31,0x01,0xa1,0x8f,0x09,0x08,0x7d,0x66,0x09,0x50,0x65,
    0xa0,0x62,0x20,0x4e,0x45,0x35,0x09,0x53,0x19,0xa8,0x18,0x88,0x53,0x51,0x4d,0xc2,0x54,0xae,0x0f,0x06,0x35,0x62,0xf0,0x00,
    0x20,0x08,0x06,0x18,0x1f,0x0b,0xfa,0x2b,0xfc,0xad,0xf0,0xb6,0xc2,0x20,0xac,0xae,0xb0,0xba,0xc2,0x1c,0x0b,0x73,0x2c,0xf8,
    0xaf,0x10,0x8c,0x26,0x04,0xc0,0x68,0x82,0x10,0x8c,0x26,0x0c,0xc2,0x68,0x02,0x31,0x8c,0x18,0x1c,0x00,0x08,0x82,0x01,0x19,
    0xec,0xb1,0x10,0xc2,0x42,0xdb,0x0a,0xfb,0x2b,0x8c,0x26,0x04,0xc0,0x68,0x82,0x10,0x8c,0x26,0x0c,0xc2,0x68,0x02,0x31,0x58,
    0x42,0xc4,0xc7,0x12,0x22,0x3e,0x96,0x10,0xf1,0xb1,0x84,0x88,0x8f,0x11,0x9c,0x7c,0x8c,0xe8,0xe4,0x63,0x84,0x27,0x1f,0x23,
    0x3e,0xf9,0x18,0xc1,0xc0,0xc7,0x08,0x06,0x3e,0x46,0x30,0xf0,0x31,0x82,0x81,0xcf,0x2c,0xc1,0x0c,0x8d,0x18,0x18,0x00,0x08,
    0x82,0x41,0x63,0xcb,0x02,0x0e,0x0b,0xba,0x70,0x01,0x61,0x4a,0x65,0x70,0x58,0x80,0x12,0x5a,0x59,0x80,0x11,0x83,0x03,0x00,
    0x41,0x30,0xf8,0x64,0x59,0x60,0x61,0x21,0x10,0x46,0x0c,0x0c,0x00,0x04,0xc1,0xa0,0xd9,0x65,0x41,0x87,0x85,0x5f,0x18,0x31,
    0x38,0x00,0x10,0x04,0x83,0xae,0x96,0x85,0x1b,0x16,0x76,0x57,0x10,0x46,0x13,0x02,0x60,0x34,0x41,0x08,0x66,0x19,0x54,0xa5,
    0x55,0xc4,0x66,0x96,0x81,0x55,0x56,0x45,0x1d,0x86,0x23,0x4e,0x52,0x40,0x5f,0x61,0xf8,0x86,0x23,0x50,0x52,0x50,0x5f,0x81,
    0xf8,0x4a,0x08,0x74,0xba,0x81,0x7d,0x85,0xf5,0x15,0x82,0x59,0x82,0x56,0x39,0x63,0x50,0x16,0xb0,0xa4,0x20,0x1f,0x0b,0xe2,
    0x57,0x80,0xcf,0x88,0x81,0x01,0x80,0x20,0x18,0x34,0xe6,0x2c,0xa0,0xb1,0x10,0x5c,0x40,0xa0,0x11,0x03,0x03,0x00,0x41,0x30,
    0x68,0xd0,0x59,0x38,0x63,0x61,0x18,0x6e,0x10,0xd2,0x58,0x30,0x83,0xe1,0x86,0xa1,0x41,0x83,0x12,0x02,0x35,0xfb,0x15,0x88,
    0xf8,0x4c,0x37,0x04,0xf6,0x2b,0x08,0x76,0x88,0xb3,0x00,0x82,0xe1,0x06,0x84,0x8d,0x05,0x33,0x18,0x6e,0x10,0x26,0x34,0x28,
    0x21,0xd0,0xe9,0x06,0x65,0x7f,0x85,0xc0,0x02,0x03,0x3e,0xb3,0x04,0xad,0x32,0xd0,0x31,0x08,0xac,0x42,0x06,0xab,0xc2,0xff,
    0x44,0xaa,0xcc,0x32,0xb8,0x4a,0xac,0xd8,0xcd,0x2c,0x03,0xac,0xbc,0x0a,0x48,0x0c,0x47,0xf0,0xa4,0xe0,0xbf,0xc2,0xf0,0x0d,
    0x47,0xf4,0xa4,0x00,0xc2,0x02,0xf1,0x95,0x10,0xe8,0x74,0x83,0x08,0x0b,0x21,0x2c,0x04,0xb3,0x04,0xb1,0x72,0xdb,0xa0,0x2c,
    0x08,0x4b,0x41,0x3e,0x16,0x9c,0xb0,0x00,0x9f,0x11,0x03,0x03,0x00,0x41,0x30,0x68,0xf8,0x59,0xf0,0x63,0x21,0xb8,0x80,0x40,
    0x23,0x06,0x06,0x00,0x82,0x60,0xd0,0xf8,0xb3,0xd0,0xc7,0xc2,0x30,0xdc,0x20,0xfc,0xb1,0x60,0x06,0xc3,0x0d,0x83,0x18,0xa0,
    0x41,0x09,0x81,0x1a,0x0b,0x0b,0x44,0x7c,0xa6,0x1b,0x02,0x16,0x16,0x04,0x3b,0xf0,0x59,0x00,0xc1,0x70,0x03,0x22,0xca,0x82,
    0x19,0x0c,0x37,0x08,0x68,0x80,0x06,0x25,0x04,0x3a,0xdd,0xa0,0xc4,0xb0,0x10,0x58,0x60,0xc0,0x67,0x96,0x20,0x56,0x06,0x3a,
    0x06,0x01,0x56,0xc8,0xe0,0x55,0xd0,0xb0,0x68,0x15,0x0b,0x2e,0xf9,0xdc,0x1b,0x0c,0xea,0xde,0x60,0x50,0xb3,0x0c,0xb3,0x22,
    0x2b,0x39,0x61,0x82,0x5d,0x0a,0xf2,0x31,0xc1,0x2e,0x05,0xf9,0x8c,0x18,0x18,0x00,0x08,0x82,0x41,0x03,0xd3,0x82,0x2c,0x0b,
    0xc2,0x88,0x81,0x01,0x80,0x20,0x18,0x34,0x31,0x2d,0xcc,0xb2,0x20,0x98,0xf0,0xc3,0x02,0x7c,0x4c,0x00,0x63,0x01,0x3e,0x26,
    0x20,0xf4,0x31,0x01,0xa1,0xcf,0x2c,0xc1,0xac,0x0c,0x54,0x0c,0x84,0xac,0xf0,0x2b,0x11,0x2b,0x03,0x15,0x03,0x21,0x2b,0xfc,
    0x4a,0xc4,0xca,0xf9,0xc1,0xa0,0x46,0x0c,0x1e,0x00,0x04,0xc1,0x00,0xab,0x69,0x61,0x96,0x05,0x1c,0x16,0x50,0x58,0x18,0x04,
    0x32,0x16,0xc8,0x58,0x60,0x69,0x81,0xa5,0x85,0x5b,0x16,0x82,0xd1,0x84,0x00,0x18,0x4d,0x10,0x82,0xd1,0x84,0x41,0x18,0x4d,
    0x20,0x86,0x11,0x83,0x03,0x00,0x41,0x30,0x20,0x03,0x9a,0x16,0x74,0x59,0x30,0x61,0x81,0x96,0x85,0xd1,0x84,0x00,0x18,0x4d,
    0x10,0x82,0xd1,0x84,0x41,0x18,0x4d,0x20,0x06,0x4b,0x88,0xf8,0x58,0x42,0xc4,0xc7,0x12,0x22,0x3e,0x96,0x10,0xf1,0x31,0x82,
    0x93,0x8f,0x11,0x9d,0x7c,0x8c,0xf0,0xe4,0x63,0xc4,0x27,0x9f,0x11,0x83,0x03,0x00,0x41,0x30,0xe8,0xc8,0x5a,0x30,0x67,0x41,
    0x8d,0x05,0x5a,0x18,0x4d,0x08,0x80,0xd1,0x04,0x21,0x98,0x65,0xa0,0x95,0x5b,0x89,0x9f,0x59,0x06,0x5b,0xa9,0x95,0xbc,0x18,
    0x8e,0xb0,0x4d,0xe1,0x8e,0x85,0xe1,0x1b,0x8e,0xb8,0x4d,0x21,0x8f,0x05,0xe2,0x2b,0x21,0xd0,0xe9,0x86,0x3d,0x16,0xf4,0x58,
    0x08,0x66,0x09,0x6e,0xe5,0x8c,0x41,0x59,0xb0,0x9b,0x82,0x7c,0x2c,0x00,0x65,0x01,0x3e,0x23,0x06,0x06,0x00,0x82,0x60,0xd0,
    0xd4,0xb5,0x70,0xcf,0x42,0x70,0x01,0x81,0x46,0x0c,0x0c,0x00,0x04,0xc1,0xa0,0xb9,0x6b,0xc1,0x9e,0x85,0x61,0xb8,0x41,0xc0,
    0x67,0xc1,0x0c,0x86,0x1b,0x86,0x06,0x0d,0x4a,0x08,0xd4,0x4a,0x59,0x20,0xe2,0x33,0xdd,0x10,0x94,0xb2,0x20,0xd8,0x11,0xd7,
    0x02,0x08,0x86,0x1b,0x90,0x7d,0x16,0xcc,0x60,0xb8,0x41,0x98,0xd0,0xa0,0x84,0x40,0xa7,0x1b,0x14,0x55,0x16,0x02,0x0b,0x0c,
    0xf8,0xcc,0x12,0xdc,0xca,0x40,0xc7,0x20,0xd8,0x0a,0x19,0xd4,0x8a,0x4e,0x16,0xb3,0x32,0xcb,0x80,0x2b,0xbb,0x52,0x42,0xb3,
    0x0c,0xba,0x92,0x2b,0xaf,0x31,0x1c,0xb1,0x9e,0x42,0x2b,0x0b,0xc3,0x37,0x1c,0xc1,0x9e,0xc2,0x2b,0x0b,0xc4,0x57,0x42,0xa0,
    0xd3,0x0d,0xb1,0x2c,0xc0,0xb2,0x10,0xcc,0x12,0xec,0xca,0x6d,0x83,0xb2,0x00,0x3e,0x05,0xf9,0x58,0x60,0xcb,0x02,0x7c,0x46,
    0x0c,0x0c,0x00,0x04,0xc1,0xa0,0x59,0x6d,0xa1,0xa5,0x85,0xe0,0x02,0x02,0x8d,0x18,0x18,0x00,0x08,0x82,0x41,0xd3,0xda,0x02,
    0x4b,0x0b,0xc3,0x70,0x83,0xe0,0xd2,0x82,0x19,0x0c,0x37,0x0c,0x62,0x80,0x06,0x25,0x04,0x6a,0xbb,0x2c,0x10,0xf1,0x99,0x6e,
    0x08,0x76,0x59,0x10,0xec,0x38,0x6d,0x01,0x04,0xc3,0x0d,0x48,0x4c,0x0b,0x66,0x30,0xdc,0x20,0xa0,0x01,0x1a,0x94,0x10,0xe8,
    0x74,0x83,0x02,0xce,0x42,0x60,0x81,0x01,0x9f,0x59,0x82,0x5d,0x19,0xe8,0x18,0x04,0x5d,0x21,0x83,0x5c,0x31,0xcd,0xe2,0x56,
    0x2c,0xb8,0xe4,0x73,0x6f,0x30,0xa8,0x7b,0x83,0x41,0xcd,0x32,0xf4,0x0a,0xaf,0xa0,0x87,0x09,0x25,0x2a,0xc8,0xc7,0x84,0x12,
    0x15,0xe4,0x33,0x62,0x60,0x00,0x20,0x08,0x06,0xcd,0x6f,0x0b,0x61,0x2d,0x08,0x23,0x06,0x06,0x00,0x82,0x60,0xd0,0x80,0xb7,
    0x20,0xd6,0x82,0x60,0x82,0x3b,0x0b,0xf0,0x31,0xe1,0x9d,0x05,0xf8,0x98,0x80,0xd0,0xc7,0x04,0x84,0x3e,0xb3,0x04,0xbd,0x32,
    0x50,0x31,0x10,0xbc,0xa2,0xc3,0xc4,0xae,0x0c,0x54,0x0c,0x04,0xaf,0xe8,0x30,0xb1,0x2b,0x07,0x13,0x83,0x1a,0x31,0x78,0x00,
    0x10,0x04,0x03,0x8c,0xbc,0x05,0xb1,0x16,0xce,0x59,0xb8,0x65,0x61,0x10,0xe6,0x59,0x98,0x67,0x61,0xb7,0x85,0xdd,0x16,0xcc,
    0x5a,0x08,0x46,0x13,0x02,0x60,0x34,0x41,0x08,0x46,0x13,0x06,0x61,0x34,0x81,0x18,0x8c,0x70,0x85,0xf8,0x18,0xe1,0x0a,0xf1,
    0x31,0xc2,0x15,0xe2,0x63,0x84,0x2b,0xc4,0xc7,0x88,0x4b,0x3e,0x46,0x60,0xf2,0x31,0x22,0x93,0x8f,0x11,0x9a,0x7c,0x8c,0xb0,
    0x05,0xf8,0x18,0x61,0x0b,0xf0,0x31,0xc2,0x16,0xe0,0x63,0x84,0x2d,0xc0,0xc7,0x64,0x01,0x89,0x8f,0xc9,0x02,0x12,0x1f,0x93,
    0x05,0x24,0x3e,0x26,0x0b,0x48,0x7c,0x8c,0x10,0x0b,0xf9,0x18,0x31,0x16,0xf2,0x31,0x82,0x2c,0xe4,0x63,0x44,0x59,0xc8,0xc7,
    0x08,0x06,0x3e,0x46,0x30,0xf0,0x31,0x82,0x81,0x8f,0x11,0x0c,0x7c,0x66,0x09,0x66,0x68,0x96,0x01,0x5c,0x7e,0xa5,0x94,0x46,
    0x0c,0x20,0x00,0x04,0xc1,0xc0,0x12,0x71,0x21,0xae,0x05,0x92,0x16,0xe8,0x59,0x68,0x53,0x81,0x4d,0x05,0x98,0x16,0x60,0x5a,
    0xc0,0x6f,0x01,0xbf,0x85,0xd1,0x16,0x62,0x55,0x80,0x69,0x61,0x34,0x21,0x00,0x46,0x13,0x84,0x60,0x34,0x61,0x10,0x46,0x13,
    0x88,0x61,0x96,0x60,0x86,0x46,0x0c,0x0c,0x00,0x04,0xc1,0xa0,0x51,0x71,0x01,0xaf,0x05,0x39,0x15,0x46,0x0c,0x0c,0x00,0x04,
    0xc1,0xa0,0x59,0x71,0x21,0xaf,0x05,0x39,0x15,0x46,0x0c,0x0c,0x00,0x04,0xc1,0xa0,0x61,0x71,0x61,0xaf,0x05,0x3a,0x15,0x46,
    0x0c,0x0c,0x00,0x04,0xc1,0xa0,0x69,0x71,0x81,0xaf,0x05,0x3a,0x15,0x46,0x0c,0x0e,0x00,0x04,0xc1,0xa0,0x3b,0x71,0x21,0xb5,
    0x85,0x96,0x16,0x42,0x5c,0x18,0x4d,0x08,0x80,0xd1,0x04,0x21,0x18,0x4d,0x18,0x86,0x1b,0x06,0x75,0xc3,0xa0,0x4c,0x40,0xe4,
    0x63,0x02,0x22,0x1f,0x13,0x04,0xf9,0x98,0x20,0xc8,0xc7,0x84,0x00,0x3e,0x23,0x06,0x06,0x00,0x82,0x60,0xd0,0xe4,0xb8,0x00,
    0xdb,0x42,0x60,0x08,0x24,0x1f,0x43,0x20,0xf9,0x98,0x20,0xc8,0xc7,0x04,0x41,0x3e,0x26,0x04,0xf0,0x19,0x31,0x30,0x00,0x10,
    0x04,0x83,0xe6,0xc7,0x05,0xdb,0x16,0x82,0x11,0x83,0x03,0x00,0x41,0x30,0x88,0x7c,0x5c,0x18,0x6f,0xe1,0x08,0x46,0x0c,0x0e,
    0x00,0x04,0xc1,0x20,0xfa,0x71,0x81,0xbc,0x85,0xe0,0xad,0x85,0x11,0x03,0x03,0x00,0x41,0x30,0x68,0xc4,0x5c,0xb8,0x6d,0x21,
    0xb0,0xe0,0x5d,0x05,0xf8,0x8c,0x18,0x1c,0x00,0x08,0x82,0x41,0x24,0xe6,0xc2,0x79,0x0b,0x01,0xbb,0x0a,0xc3,0x11,0x81,0x5b,
    0x0b,0xc2,0x37,0x9a,0xd0,0x4e,0xc1,0x68,0x82,0x3b,0x09,0xd3,0x0d,0x42,0x30,0x5c,0x40,0x98,0xe1,0x86,0xa0,0xc6,0x05,0x30,
    0x28,0x23,0xd0,0xd1,0x84,0x79,0x1a,0x2e,0x20,0xcc,0x2c,0x43,0xb8,0xdc,0xcb,0x50,0xc1,0x8e,0x0b,0x38,0x62,0x70,0x00,0x20,
    0x08,0x06,0xdf,0x99,0x0b,0xb6,0x2d,0x8c,0xb9,0x10,0x5c,0x30,0x28,0x8b,0x02,0xfa,0x8c,0x18,0x1c,0x00,0x08,0x82,0x41,0x04,
    0xe7,0xc2,0x7c,0x0b,0xd9,0x34,0x62,0x70,0x00,0x20,0x08,0x06,0x51,0x9c,0x0b,0xf6,0x2d,0x04,0xc2,0x88,0xc1,0x01,0x80,0x20,
    0x18,0x44,0x72,0x2e,0xdc,0xb7,0x10,0xf8,0xb5,0x60,0x55,0x40,0x9f,0x11,0x03,0x03,0x00,0x41,0x30,0x68,0xec,0x5c,0x30,0x6f,
    0x21,0x18,0x31,0x38,0x00,0x10,0x04,0x83,0xa8,0xce,0x05,0xfd,0x16,0x82,0xd0,0x16,0x46,0x0c,0x0e,0x00,0x04,0xc1,0x20,0xb2,
    0x73,0x21,0xbf,0x85,0x00,0xb9,0x80,0x30,0xc3,0x11,0x61,0xb0,0x09,0xdf,0x74,0xc3,0x1b,0xc4,0x41,0x30,0xdd,0xf0,0x06,0x71,
    0x20,0x1c,0x31,0x28,0x1b,0x02,0xfa,0xd8,0x20,0xd0,0x67,0xc4,0xc0,0x00,0x40,0x10,0x0c,0x1a,0x50,0x17,0xea,0x5b,0x60,0x2c,
    0x68,0x59,0x01,0x3e,0x23,0x06,0x07,0x00,0x82,0x60,0x10,0x81,0xba,0x50,0xe2,0x42,0xa0,0xb2,0xc2,0x70,0x83,0x62,0xe7,0x02,
    0x18,0xcc,0x32,0xd8,0x8b,0xb8,0x04,0xb3,0x04,0xe3,0x32,0x50,0x31,0xc4,0x0e,0xbd,0xe8,0x6c,0x21,0x2e,0x03,0x15,0x43,0xec,
    0xd0,0x0b,0xcf,0x16,0xe2,0x32,0x50,0x31,0xc4,0x0e,0xbd,0xf8,0x6c,0x21,0x2e,0x03,0x15,0x43,0xec,0xd0,0x0b,0xd8,0x16,0xe2,
    0x32,0x50,0x41,0xc4,0x0e,0xbd,0xd8,0x73,0x21,0x2e,0x17,0x0c,0xaa,0x22,0x15,0x17,0xe0,0x82,0x41,0x59,0x90,0xdb,0x82,0x7c,
    0x8c,0x08,0xe2,0x63,0x01,0x24,0x1f,0x13,0x20,0xf9,0x98,0x80,0xaf,0x02,0x7c,0x4c,0xc0,0x57,0x01,0x3e,0x23,0x06,0x07,0x00,
    0x82,0x60,0x40,0x06,0xa8,0x2e,0xb8,0xb8,0xa0,0xd7,0xc2,0x7c,0x0b,0xa3,0x09,0xc1,0x70,0x01,0x61,0x2a,0xd0,0x73,0x41,0x87,
    0x1b,0x82,0x54,0x17,0xc0,0x60,0x96,0xa1,0x5c,0xc8,0x25,0x28,0x53,0xb8,0x71,0x01,0x2e,0x18,0xd4,0x88,0xc1,0x01,0x80,0x20,
    0x18,0x44,0xb7,0x2e,0xf0,0xb8,0x70,0x89,0xb7,0x30,0x62,0x70,0x00,0x20,0x08,0x06,0x11,0xae,0x0b,0x3b,0x2e,0x04,0xc2,0x2c,
    0x41,0xb9,0x0c,0x54,0x0c,0x02,0xb9,0xa0,0x6e,0x31,0x2e,0xc3,0x0d,0x07,0xab,0x0b,0x61,0x30,0xdc,0x80,0xa0,0xba,0x10,0x06,
    0x25,0x04,0x3a,0xcb,0x60,0x2e,0xeb,0x12,0x18,0xc1,0xde,0x02,0x7c,0x46,0x0c,0x0c,0x00,0x04,0xc1,0xa0,0x01,0x77,0x41,0xcc,
    0x85,0xe0,0x02,0xc2,0x8c,0x18,0x1c,0x00,0x08,0x82,0x41,0xb7,0xeb,0x42,0x8f,0x0b,0xe1,0x2d,0x04,0xa3,0x09,0x01,0x30,0x9a,
    0x20,0x04,0xb3,0x0c,0xe7,0x82,0x2e,0x68,0x75,0xc2,0xa0,0x2c,0xb0,0xe4,0x63,0xc1,0x7c,0x0b,0xf0,0x19,0x31,0x30,0x00,0x10,
    0x04,0x83,0x06,0xdd,0x05,0x35,0x17,0x82,0x0b,0x08,0x34,0x62,0x60,0x00,0x20,0x08,0x06,0x8d,0xba,0x0b,0x69,0x2e,0x0c,0xc3,
    0x0d,0xc2,0x9a,0x0b,0x66,0x30,0xdc,0x30,0x24,0x68,0x50,0x42,0xa0,0x86,0xdf,0x02,0x11,0x9f,0xe9,0x86,0x00,0xbf,0x05,0xc1,
    0x0e,0x72,0x17,0x40,0x30,0xdc,0x80,0xb8,0xb9,0x60,0x06,0xc3,0x0d,0xc2,0x83,0x06,0x25,0x04,0x3a,0xdd,0xa0,0xf4,0xb7,0x10,
    0x58,0x60,0xc0,0x67,0x96,0x00,0x5d,0x06,0x2a,0x06,0xe1,0x5c,0x40,0xb8,0x30,0x97,0x59,0x86,0x74,0x51,0x17,0xbc,0xba,0x69,
    0x50,0x16,0x9c,0x81,0x7c,0x2c,0x28,0x71,0x01,0x3e,0x23,0x06,0x06,0x00,0x82,0x60,0xd0,0xe8,0xbb,0xc0,0xe7,0x42,0x70,0x01,
    0x81,0x46,0x0c,0x0c,0x00,0x04,0xc1,0xa0,0xe1,0x77,0x61,0xcf,0x85,0x61,0xb8,0x41,0xe8,0x73,0xc1,0x0c,0x86,0x1b,0x06,0x0d,
    0x0d,0x4a,0x08,0xd4,0x54,0x5c,0x20,0xe2,0x33,0xdd,0x10,0xa8,0xb8,0x20,0xd8,0x61,0xef,0x02,0x08,0x86,0x1b,0x10,0x50,0x17,
    0xcc,0x60,0xb8,0x41,0x00,0x03,0x34,0x28,0x21,0xd0,0xe9,0x06,0xe5,0xc5,0x85,0xc0,0x02,0x03,0x3e,0xb3,0x04,0xea,0x32,0x50,
    0x31,0x08,0xe9,0x42,0xc6,0x05,0xba,0x58,0x30,0xc9,0xe7,0xd2,0x60,0x50,0x23,0x06,0x0f,0x00,0x82,0x60,0x80,0x9d,0xbc,0x50,
    0xea,0x82,0x8a,0x0b,0xfa,0x2d,0xec,0x81,0x1e,0xd8,0xb8,0x60,0xe3,0x82,0xbf,0x0b,0xfe,0x2e,0xa4,0xba,0x10,0x8c,0x26,0x04,
    0xc0,0x68,0x82,0x10,0x8c,0x26,0x0c,0xc2,0x68,0x02,0x31,0x8c,0x18,0x1c,0x00,0x08,0x82,0x01,0x19,0x98,0xbc,0xc0,0xea,0x02,
    0x7e,0x0b,0xa6,0x2e,0x8c,0x26,0x04,0xc0,0x68,0x82,0x10,0x8c,0x26,0x0c,0xc2,0x68,0x02,0x31,0x58,0x42,0xc4,0xc7,0x12,0x22,
    0x3e,0x96,0x10,0xf1,0xb1,0x84,0x88,0x8f,0x11,0x90,0x7c,0x8c,0x88,0xe4,0x63,0x84,0x24,0x1f,0x23,0x26,0xf9,0x18,0xc1,0xc0,
    0xc7,0x08,0x06,0x3e,0x46,0x30,0xf0,0x31,0x82,0x81,0xcf,0x2c,0x01,0xbd,0x8c,0x18,0x18,0x00,0x08,0x82,0x41,0x13,0xf6,0xc2,
    0xb8,0x0b,0xa6,0x70,0x01,0x61,0x4a,0x26,0xc6,0x5d,0x80,0x12,0x70,0x5e,0x80,0x11,0x83,0x03,0x00,0x41,0x30,0xf8,0x7a,0x5e,
    0xb8,0x75,0x21,0x10,0x46,0x0c,0x0c,0x00,0x04,0xc1,0xa0,0x31,0x7b,0xa1,0xdc,0x85,0x55,0x18,0x31,0x38,0x00,0x10,0x04,0x83,
    0x0e,0xec,0x05,0x71,0x17,0xcc,0x5c,0x10,0x46,0x13,0x02,0x60,0x34,0x41,0x08,0x66,0x19,0xd8,0xa5,0x5d,0xda,0xeb,0x84,0x41,
    0x59,0xb0,0x0b,0xf2,0xb1,0x00,0xcf,0x05,0xf8,0x8c,0x18,0x18,0x00,0x08,0x82,0x41,0xd3,0xf6,0xc2,0xbb,0x0b,0xc1,0x05,0x04,
    0x1a,0x31,0x30,0x00,0x10,0x04,0x83,0xe6,0xed,0x05,0x77,0x17,0x86,0xe1,0x06,0x01,0xde,0x05,0x33,0x18,0x6e,0x18,0x12,0x34,
    0x28,0x21,0x50,0xeb,0x73,0x81,0x88,0xcf,0x74,0x43,0xd0,0xe7,0x82,0x60,0x47,0xda,0x0b,0x20,0x18,0x6e,0x40,0xe6,0x5d,0x30,
    0x83,0xe1,0x06,0xe1,0x41,0x83,0x12,0x02,0x9d,0x6e,0x50,0x44,0x5d,0x08,0x2c,0x30,0xe0,0x33,0x4b,0xd0,0x2e,0x03,0x15,0x83,
    0xc0,0x2e,0x2a,0x5d,0xac,0xcb,0x2c,0x83,0xbb,0xbc,0x4b,0x7f,0xdd,0x34,0x28,0x0b,0xd8,0x41,0x3e,0x16,0xa8,0xba,0x00,0x9f,
    0x11,0x03,0x03,0x00,0x41,0x30,0x68,0xfe,0x5e,0x08,0x79,0x21,0xb8,0x80,0x40,0x23,0x06,0x06,0x00,0x82,0x60,0xd0,0x84,0xbe,
    0x00,0xf2,0xc2,0x30,0xdc,0x20,0x88,0xbc,0x60,0x06,0xc3,0x0d,0x83,0x86,0x06,0x25,0x04,0x6a,0xaf,0x2e,0x10,0xf1,0x99,0x6e,
    0x08,0x5e,0x5d,0x10,0xec,0xd8,0x7b,0x01,0x04,0xc3,0x0d,0x48,0xc9,0x0b,0x66,0x30,0xdc,0x20,0x80,0x01,0x1a,0x94,0x10,0xe8,
    0x74,0x83,0x42,0xeb,0x42,0x60,0x81,0x01,0x9f,0x59,0x82,0x77,0x19,0xa8,0x18,0x04,0x77,0x71,0xeb,0xa2,0x5d,0x2c,0x98,0xe4,
    0x73,0x6a,0x30,0xa8,0x11,0x83,0x07,0x00,0x41,0x30,0xc0,0x58,0x5f,0x50,0x79,0xe1,0xd5,0x85,0x3f,0x17,0x40,0xe2,0x1f,0x76,
    0x5d,0xd8,0x75,0x61,0xf4,0x85,0xd1,0x17,0x5c,0x5e,0x08,0x46,0x13,0x02,0x60,0x34,0x41,0x08,0x46,0x13,0x06,0x61,0x34,0x81,
    0x18,0x46,0x0c,0x0e,0x00,0x04,0xc1,0x80,0x0c,0x56,0x5f,0x88,0x79,0xa1,0xcf,0x85,0x95,0x17,0x46,0x13,0x02,0x60,0x34,0x41,
    0x08,0x46,0x13,0x06,0x61,0x34,0x81,0x18,0x2c,0x21,0xe2,0x63,0x09,0x11,0x1f,0x4b,0x88,0xf8,0x58,0x42,0xc4,0xc7,0x08,0x48,
    0x3e,0x46,0x44,0xf2,0x31,0x42,0x92,0x8f,0x11,0x93,0x7c,0x46,0x0c,0x0e,0x00,0x04,0xc1,0xa0,0xdb,0x7d,0xa1,0xe7,0x85,0x70,
    0x17,0x40,0x61,0x34,0x21,0x00,0x46,0x13,0x84,0x60,0x96,0x01,0x5e,0xe2,0x05,0xcd,0x4e,0x18,0x94,0x05,0x36,0x21,0x1f,0x0b,
    0xe6,0x5d,0x80,0xcf,0x88,0x81,0x01,0x80,0x20,0x18,0x34,0xe8,0x2f,0xa8,0xbd,0x10,0x5c,0x40,0xa0,0x11,0x03,0x03,0x00,0x41,
    0x30,0x68,0xd4,0x5f,0x48,0x7b,0x61,0x18,0x6e,0x10,0xd6,0x5e,0x30,0x83,0xe1,0x86,0x21,0x41,0x83,0x12,0x02,0x35,0x7c,0x17,
    0x88,0xf8,0x4c,0x37,0x04,0xf8,0x2e,0x08,0x76,0x90,0xbf,0x00,0x82,0xe1,0x06,0xc4,0xed,0x05,0x33,0x18,0x6e,0x10,0x1e,0x34,
    0x28,0x21,0xd0,0xe9,0x06,0xa5,0xdf,0x85,0xc0,0x02,0x03,0x3e,0xb3,0x04,0xf1,0x32,0x50,0x31,0x08,0xf0,0x02,0xe2,0xc5,0xbb,
    0xcc,0x32,0xc8,0xcb,0xbc,0xe0,0xd9,0x4d,0x83,0xb2,0xe0,0x2c,0xe4,0x63,0x41,0xc9,0x0b,0xf0,0x19,0x31,0x30,0x00,0x10,0x04,
    0x83,0x46,0xff,0x05,0xbe,0x17,0x82,0x0b,0x08,0x34,0x62,0x60,0x00,0x20,0x08,0x06,0x0d,0xff,0x0b,0x7b,0x2f,0x0c,0xc3,0x0d,
    0x42,0xdf,0x0b,0x66,0x30,0xdc,0x30,0x68,0x68,0x50,0x42,0xa0,0xa6,0xf2,0x02,0x11,0x9f,0xe9,0x86,0x40,0xe5,0x05,0xc1,0x0e,
    0xfb,0x17,0x40,0x30,0xdc,0x80,0x80,0xbe,0x60,0x06,0xc3,0x0d,0x02,0x18,0xa0,0x41,0x09,0x81,0x4e,0x37,0x28,0x2f,0x2f,0x04,
    0x16,0x18,0xf0,0x99,0x25,0x98,0x97,0x81,0x8a,0x41,0x90,0x17,0x32,0x2f,0xe2,0xc5,0x82,0x49,0x3e,0x87,0x0e,0x83,0x1a,0x31,
    0x78,0x00,0x10,0x04,0x03,0xec,0x04,0x87,0xd2,0x17,0x54,0x5e,0xd0,0x77,0x61,0x2f,0xf4,0xc2,0xe6,0x05,0x9b,0x17,0xfc,0x5f,
    0xf0,0x7f,0x21,0xf5,0x85,0x60,0x34,0x21,0x00,0x46,0x13,0x84,0x60,0x34,0x61,0x10,0x46,0x13,0x88,0xc1,0x08,0x3d,0x88,0x8f,
    0x11,0x7a,0x10,0x1f,0x23,0xf4,0x20,0x3e,0x46,0xe8,0x41,0x7c,0x8c,0x58,0xe4,0x63,0x04,0x23,0x1f,0x23,0x1a,0xf9,0x18,0xe1,
    0xc8,0xc7,0x08,0x51,0x80,0x8f,0x11,0xa2,0x00,0x1f,0x23,0x44,0x01,0x3e,0x46,0x88,0x02,0x7c,0xcc,0x0f,0x90,0xf8,0x98,0x1f,
    0x20,0xf1,0x31,0x3f,0x40,0xe2,0x63,0x7e,0x80,0xc4,0xc7,0x08,0x7d,0x90,0x8f,0x11,0xfb,0x20,0x1f,0x23,0xf8,0x41,0x3e,0x46,
    0xf4,0x83,0x7c,0x8c,0x60,0xe0,0x63,0x04,0x03,0x1f,0x23,0x18,0xf8,0x18,0xc1,0xc0,0x67,0x96,0x80,0x5e,0x06,0x2a,0x06,0x1b,
    0x51,0x17,0x64,0x5e,0x06,0x2a,0x06,0x1b,0x51,0x17,0x64,0x5e,0x06,0x2a,0x06,0x1b,0x51,0x17,0x64,0x5e,0x06,0x2a,0x06,0x1b,
    0x51,0x17,0x64,0x5e,0x8c,0x40,0x0f,0xf8,0x18,0x81,0x1e,0xf0,0x31,0x02,0x3d,0xe0,0x63,0x04,0x7a,0xc0,0xc7,0xd0,0x83,0x0c,
    0x07,0x08,0x0c,0x37,0x04,0xf8,0x01,0x06,0xb3,0x0c,0xf5,0x32,0x2e,0xc1,0x2c,0x81,0xbd,0x0c,0x54,0x0c,0xf6,0x5e,0x84,0x0b,
    0x53,0x2f,0x03,0x15,0x03,0xbe,0x17,0xe1,0xc2,0xd4,0xcb,0x40,0xc5,0xa0,0xef,0x45,0xb8,0x30,0xf5,0x32,0x50,0x31,0xf0,0x7b,
    0x11,0x2e,0x4c,0xbd,0x18,0x91,0x1f,0xf4,0x31,0x42,0x3f,0xe8,0x63,0xc4,0x7e,0xd0,0xc7,0x08,0xfe,0xa0,0xcf,0x2c,0xc1,0x0c,
    0x0d,0x37,0xc4,0x88,0x1b,0x0e,0x61,0x50,0x2e,0x02,0x86,0x83,0x0e,0x37,0x04,0x6f,0x38,0x80,0xc1,0x2c,0x43,0xbe,0xe0,0x4b,
    0x50,0x6c,0xd2,0xff,0x02,0x5c,0x30,0xa8,0x11,0x83,0x03,0x00,0x41,0x30,0x88,0xfa,0x70,0x10,0xc1,0x61,0x47,0x50,0x5f,0x18,
    0x31,0x38,0x00,0x10,0x04,0x83,0xc8,0x0f,0x87,0x10,0x1c,0x02,0x61,0x96,0x20,0x5f,0x06,0x2a,0x06,0x01,0x5f,0x68,0xbe,0xb8,
    0x97,0xe1,0x86,0x43,0x0e,0x87,0x30,0x18,0x6e,0x40,0xdc,0x70,0x08,0x83,0x12,0x02,0x9d,0x65,0xd0,0x97,0x92,0x09,0x8c,0x90,
    0x7d,0x01,0x3e,0x23,0x06,0x06,0x00,0x82,0x60,0xd0,0x98,0xe2,0x80,0x82,0x43,0x70,0x01,0x61,0x46,0x0c,0x0e,0x00,0x04,0xc1,
    0xa0,0x0b,0xc5,0x61,0x04,0x87,0xd3,0x17,0x82,0xd1,0x84,0x00,0x18,0x4d,0x10,0x82,0x59,0x86,0x7d,0xf1,0x17,0x97,0x9b,0x65,
    0xe8,0x17,0x7e,0x89,0x86,0x23,0xe6,0x59,0xa0,0x7d,0x61,0xf8,0x86,0x23,0xe8,0x59,0xb0,0x7d,0x81,0xf8,0x4a,0x08,0x74,0xba,
    0x01,0xf7,0x85,0xdb,0x17,0x82,0x59,0x02,0x7f,0x39,0x63,0x50,0x16,0xe0,0xb3,0x20,0x1f,0x0b,0x7a,0x5f,0x80,0xcf,0x88,0x81,
    0x01,0x80,0x20,0x18,0x34,0xb2,0x38,0xd0,0xe0,0x10,0x5c,0x40,0xa0,0x11,0x03,0x03,0x00,0x41,0x30,0x68,0x68,0x71,0x98,0xc1,
    0x61,0x18,0x6e,0x10,0x6a,0x70,0x30,0x83,0xe1,0x86,0xa1,0x41,0x83,0x12,0x02,0x35,0xf1,0x17,0x88,0xf8,0x4c,0x37,0x04,0xe2,
    0x2f,0x08,0x76,0xb8,0xe2,0x00,0x82,0xe1,0x06,0x04,0x07,0x07,0x33,0x18,0x6e,0x10,0x26,0x34,0x28,0x21,0xd0,0xe9,0x06,0xe5,
    0xfc,0x85,0xc0,0x02,0x03,0x3e,0xb3,0x04,0xfe,0x32,0xd0,0x31,0x08,0xfd,0x42,0x06,0xfc,0x42,0xfb,0x85,0xbe,0xcc,0x32,0xfc,
    0x8b,0xc8,0x88,0xdd,0x2c,0x43,0xc8,0x80,0xcc,0x19,0x0c,0x47,0xa0,0xb4,0xa0,0xfe,0xc2,0xf0,0x0d,0x47,0xa4,0xb4,0xc0,0xfe,
    0x02,0xf1,0x95,0x10,0xe8,0x74,0x83,0xfb,0x0b,0xed,0x2f,0x04,0xb3,0x04,0x22,0x73,0xdb,0xa0,0x2c,0x68,0x69,0x41,0x3e,0x16,
    0xcc,0xbf,0x00,0x9f,0x11,0x03,0x03,0x00,0x41,0x30,0x68,0xd0,0x71,0x50,0xc3,0x21,0xb8,0x80,0x40,0x23,0x06,0x06,0x00,0x82,
    0x60,0xd0,0xa8,0xe3,0x90,0x86,0xc3,0x30,0xdc,0x20,0xac,0xe1,0x60,0x06,0xc3,0x0d,0x83,0x18,0xa0,0x41,0x09,0x81,0x1a,0xfe,
    0x0b,0x44,0x7c,0xa6,0x1b,0x02,0xfc,0x17,0x04,0x3b,0xc8,0x71,0x00,0xc1,0x70,0x03,0xe2,0x86,0x83,0x19,0x0c,0x37,0x08,0x68,
    0x80,0x06,0x25,0x04,0x3a,0xdd,0xa0,0xf4,0xbf,0x10,0x58,0x60,0xc0,0x67,0x96,0x40,0x64,0x06,0x3a,0x06,0x21,0x64,0xc8,0x00,
    0x64,0x40,0xd0,0xf0,0x17,0x0b,0x2e,0xf9,0xdc,0x1b,0x0c,0xea,0xde,0x60,0x50,0xb3,0x0c,0x24,0x33,0x32,0xa0,0x60,0x82,0x58,
    0x0b,0xf2,0x31,0x41,0xac,0x05,0xf9,0x8c,0x18,0x18,0x00,0x08,0x82,0x41,0xc3,0x8f,0x83,0x1f,0x0e,0xc2,0x88,0x81,0x01,0x80,
    0x20,0x18,0x34,0xfd,0x38,0xfc,0xe1,0x20,0x98,0xb0,0x82,0x03,0x7c,0x4c,0x60,0xc1,0x01,0x3e,0x26,0x20,0xf4,0x31,0x01,0xa1,
    0xcf,0x2c,0x01,0xc9,0x0c,0x54,0x0c,0xc4,0xc8,0xd0,0x6a,0x21,0x32,0x03,0x15,0x03,0x31,0x32,0xb4,0x5a,0x88,0xcc,0xf5,0xc1,
    0xa0,0x46,0x0c,0x1e,0x00,0x04,0xc1,0x00,0x0b,0xc9,0xe1,0x0f,0x07,0x12,0x1c,0xe8,0x5f,0x18,0x04,0x18,0x1c,0x60,0x70,0xc0,
    0xc7,0x01,0x1f,0x87,0x51,0x1c,0x82,0xd1,0x84,0x00,0x18,0x4d,0x10,0x82,0xd1,0x84,0x41,0x18,0x4d,0x20,0x86,0x11,0x83,0x03,
    0x00,0x41,0x30,0x20,0x03,0x90,0x1c,0x4c,0x71,0x90,0x7f,0x01,0x14,0x87,0xd1,0x84,0x00,0x18,0x4d,0x10,0x82,0xd1,0x84,0x41,
    0x18,0x4d,0x20,0x06,0x4b,0x88,0xf8,0x58,0x42,0xc4,0xc7,0x12,0x22,0x3e,0x96,0x10,0xf1,0x31,0x82,0x93,0x8f,0x11,0x9d,0x7c,
    0x8c,0xf0,0xe4,0x63,0xc4,0x27,0x1f,0x23,0x18,0xf8,0x18,0xc1,0xc0,0xc7,0x08,0x06,0x3e,0x46,0x30,0xf0,0x99,0x25,0x98,0xa1,
    0x11,0x03,0x03,0x00,0x41,0x30,0x68,0x76,0x72,0xe8,0xc5,0x41,0x17,0x2e,0x20,0x4c,0xb1,0x4c,0x2f,0x0e,0x50,0x82,0x4c,0x0e,
    0x30,0x62,0x70,0x00,0x20,0x08,0x06,0xdf,0x4d,0x0e,0xb1,0x38,0x04,0xc2,0x88,0x81,0x01,0x80,0x20,0x18,0x34,0x60,0x39,0xfc,
    0xe2,0xf0,0x0b,0x23,0x06,0x07,0x00,0x82,0x60,0xd0,0xe9,0xe4,0xc0,0x8b,0x03,0x18,0x0e,0xc2,0x68,0x42,0x00,0x8c,0x26,0x08,
    0xc1,0x2c,0x83,0xc9,0xa4,0xcc,0xf9,0xcd,0x32,0xa0,0xcc,0xc9,0xa8,0xc3,0x70,0x04,0x6b,0x0b,0x6d,0x38,0x0c,0xdf,0x70,0x44,
    0x6b,0x0b,0x6f,0x38,0x10,0x5f,0x09,0x81,0x4e,0x37,0xc4,0xe1,0x00,0x87,0x43,0x30,0x4b,0x90,0x32,0x67,0x0c,0xca,0x82,0xd8,
    0x16,0xe4,0x63,0x81,0x1d,0x0e,0xf0,0x19,0x31,0x30,0x00,0x10,0x04,0x83,0x66,0x2d,0x87,0x76,0x1c,0x82,0x0b,0x08,0x34,0x62,
    0x60,0x00,0x20,0x08,0x06,0x4d,0x5b,0x0e,0xec,0x38,0x0c,0xc3,0x0d,0x82,0x3b,0x0e,0x66,0x30,0xdc,0x30,0x34,0x68,0x50,0x42,
    0xa0,0xb6,0x87,0x03,0x11,0x9f,0xe9,0x86,0x60,0x0f,0x07,0xc1,0x8e,0xb3,0x1c,0x40,0x30,0xdc,0x80,0xc4,0xe3,0x60,0x06,0xc3,
    0x0d,0xc2,0x84,0x06,0x25,0x04,0x3a,0xdd,0xa0,0x80,0xe2,0x10,0x58,0x60,0xc0,0x67,0x96,0x20,0x65,0x06,0x3a,0x06,0x01,0x65,
    0xc8,0xe0,0x64,0x4c,0xd2,0x28,0x99,0x59,0x06,0x95,0x69,0x99,0xfd,0x9b,0x65,0x60,0x99,0x95,0x01,0x89,0xe1,0x88,0xf0,0x16,
    0x46,0x71,0x18,0xbe,0xe1,0x08,0xf1,0x16,0x4a,0x71,0x20,0xbe,0x12,0x02,0x9d,0x6e,0x38,0xc5,0xc1,0x14,0x87,0x60,0x96,0xa0,
    0x65,0x6e,0x1b,0x94,0x05,0xe6,0x2d,0xc8,0xc7,0x02,0x56,0x1c,0xe0,0x33,0x62,0x60,0x00,0x20,0x08,0x06,0x4d,0x68,0x0e,0x23,
    0x39,0x04,0x17,0x10,0x68,0xc4,0xc0,0x00,0x40,0x10,0x0c,0x9a,0xd1,0x1c,0x44,0x72,0x18,0x86,0x1b,0x04,0x92,0x1c,0xcc,0x60,
    0xb8,0x61,0x10,0x03,0x34,0x28,0x21,0x50,0x8b,0xc5,0x81,0x88,0xcf,0x74,0x43,0x10,0x8b,0x83,0x60,0x47,0x5f,0x0e,0x20,0x18,
    0x6e,0x40,0x4e,0x72,0x30,0x83,0xe1,0x06,0x01,0x0d,0xd0,0xa0,0x84,0x40,0xa7,0x1b,0x14,0x5b,0x1c,0x02,0x0b,0x0c,0xf8,0xcc,
    0x12,0xb4,0xcc,0x40,0xc7,0x20,0xb0,0x0c,0x19,0xac,0x8c,0x5c,0x1a,0x29,0x63,0xc1,0x25,0x9f,0x7b,0x83,0x41,0xdd,0x1b,0x0c,
    0x6a,0x96,0xe1,0x65,0x5c,0x26,0x27,0x4c,0xd8,0x6f,0x41,0x3e,0x26,0xec,0xb7,0x20,0x9f,0x11,0x03,0x03,0x00,0x41,0x30,0x68,
    0x6a,0x73,0xb8,0xc9,0x41,0x18,0x31,0x30,0x00,0x10,0x04,0x83,0xc6,0x36,0x07,0x9c,0x1c,0x04,0x13,0xc8,0x71,0x80,0x8f,0x09,
    0xe5,0x38,0xc0,0xc7,0x04,0x84,0x3e,0x26,0x20,0xf4,0x99,0x25,0x78,0x99,0x81,0x8a,0x81,0x70,0x19,0x13,0x2e,0x5a,0x66,0xa0,
    0x62,0x20,0x5c,0xc6,0x84,0x8b,0x96,0x39,0x3f,0x18,0xd4,0x88,0xc1,0x03,0x80,0x20,0x18,0x60,0xba,0x39,0xe0,0xe4,0xd0,0x8b,
    0x43,0x2b,0x0e,0x83,0x90,0x8e,0x43,0x3a,0x0e,0xb1,0x39,0xc4,0xe6,0xc0,0x93,0x43,0x30,0x9a,0x10,0x00,0xa3,0x09,0x42,0x30,
    0x9a,0x30,0x08,0xa3,0x09,0xc4,0x30,0x62,0x70,0x00,0x20,0x08,0x06,0x64,0x90,0x9b,0xc3,0x4f,0x0e,0xab,0x38,0xe4,0xe4,0x30,
    0x9a,0x10,0x00,0xa3,0x09,0x42,0x30,0x9a,0x30,0x08,0xa3,0x09,0xc4,0x60,0x09,0x11,0x1f,0x4b,0x88,0xf8,0x58,0x42,0xc4,0xc7,
    0x12,0x22,0x3e,0x46,0x70,0xf2,0x31,0xa2,0x93,0x8f,0x11,0x9e,0x7c,0x8c,0xf8,0xe4,0x33,0x62,0x70,0x00,0x20,0x08,0x06,0x5d,
    0x7a,0x0e,0x6b,0x39,0xbc,0xe3,0x40,0x0b,0xa3,0x09,0x01,0x30,0x9a,0x20,0x04,0xb3,0x0c,0x30,0x33,0x33,0x76,0x18,0xcc,0x32,
    0xc8,0x4c,0xcc,0xe4,0xc5,0x70,0xc4,0x8e,0x0b,0xfc,0x38,0x0c,0xdf,0x70,0x04,0x8f,0x0b,0xfe,0x38,0x10,0x5f,0x09,0x81,0x4e,
    0x37,0x80,0xe4,0xf0,0x8f,0x43,0x30,0x4b,0x30,0x33,0x67,0x0c,0xca,0x02,0x30,0x17,0xe4,0x63,0x41,0x49,0x0e,0xf0,0x19,0x31,
    0x30,0x00,0x10,0x04,0x83,0x46,0x3f,0x07,0xbe,0x1c,0x82,0x0b,0x08,0x34,0x62,0x60,0x00,0x20,0x08,0x06,0x0d,0x7f,0x0e,0x7b,
    0x39,0x0c,0xc3,0x0d,0x42,0x5f,0x0e,0x66,0x30,0xdc,0x30,0x34,0x68,0x50,0x42,0xa0,0xa6,0x92,0x03,0x11,0x9f,0xe9,0x86,0x40,
    0x25,0x07,0xc1,0x0e,0xfb,0x1c,0x40,0x30,0xdc,0x80,0x80,0xe6,0x60,0x06,0xc3,0x0d,0xc2,0x84,0x06,0x25,0x04,0x3a,0xdd,0xa0,
    0xbc,0xe4,0x10,0x58,0x60,0xc0,0x67,0x96,0x60,0x66,0x06,0x3a,0x06,0x41,0x66,0xc8,0x20,0x66,0xc8,0xd4,0x78,0x99,0x59,0x06,
    0x9a,0xb9,0x19,0x55,0x0c,0x66,0x19,0x6c,0xa6,0x66,0x5e,0x63,0x38,0x02,0xce,0x05,0x99,0x1c,0x86,0x6f,0x38,0x22,0xce,0x05,
    0x9a,0x1c,0x88,0xaf,0x84,0x40,0xa7,0x1b,0x6c,0x72,0xa8,0xc9,0x21,0x98,0x25,0xb8,0x99,0xdb,0x06,0x65,0x41,0x9d,0x0b,0xf2,
    0xb1,0x60,0x27,0x07,0xf8,0x8c,0x18,0x18,0x00,0x08,0x82,0x41,0x03,0xa3,0x83,0x6c,0x0e,0xc1,0x05,0x04,0x1a,0x31,0x30,0x00,
    0x10,0x04,0x83,0x46,0x46,0x87,0xd8,0x1c,0x86,0xe1,0x06,0x61,0x36,0x07,0x33,0x18,0x6e,0x18,0xc4,0x00,0x0d,0x4a,0x08,0xd4,
    0xc0,0x72,0x20,0xe2,0x33,0xdd,0x10,0x80,0xe5,0x20,0xd8,0xc1,0xa2,0x03,0x08,0x86,0x1b,0x10,0xdb,0x1c,0xcc,0x60,0xb8,0x41,
    0x40,0x03,0x34,0x28,0x21,0xd0,0xe9,0x06,0xa5,0x2c,0x87,0xc0,0x02,0x03,0x3e,0xb3,0x04,0x37,0x33,0xd0,0x31,0x08,0x36,0x43,
    0x06,0x35,0x03,0xab,0xc6,0xcc,0x58,0x70,0xc9,0xe7,0xde,0x60,0x50,0xf7,0x06,0x83,0x9a,0x65,0xc8,0x19,0x9c,0x41,0x0f,0x13,
    0x54,0x5d,0x90,0x8f,0x09,0xaa,0x2e,0xc8,0x67,0xc4,0xc0,0x00,0x40,0x10,0x0c,0x1a,0x32,0x1d,0xcc,0x73,0x10,0x46,0x0c,0x0c,
    0x00,0x04,0xc1,0xa0,0x29,0xd3,0xe1,0x3c,0x07,0xc1,0x84,0xb9,0x1c,0xe0,0x63,0x02,0x5d,0x0e,0xf0,0x31,0x01,0xa1,0x8f,0x09,
    0x08,0x7d,0x66,0x09,0x72,0x66,0xa0,0x62,0x20,0x70,0x86,0xac,0x8b,0x9b,0x19,0xa8,0x18,0x08,0x9c,0x21,0xeb,0xe2,0x66,0x0e,
    0x26,0x06,0x35,0x62,0xf0,0x00,0x20,0x08,0x06,0x58,0x9a,0x0e,0xe7,0x39,0xb0,0xe5,0xc0,0x93,0xc3,0x20,0xe0,0xe5,0x80,0x97,
    0x03,0x98,0x0e,0x60,0x3a,0xac,0xe7,0x10,0x8c,0x26,0x04,0xc0,0x68,0x82,0x10,0x8c,0x26,0x0c,0xc2,0x68,0x02,0x31,0x18,0xe1,
    0x0a,0xf1,0x31,0xc2,0x15,0xe2,0x63,0x84,0x2b,0xc4,0xc7,0x08,0x57,0x88,0x8f,0x11,0x97,0x7c,0x8c,0xc0,0xe4,0x63,0x44,0x26,
    0x1f,0x23,0x34,0xf9,0x18,0x61,0x0b,0xf0,0x31,0xc2,0x16,0xe0,0x63,0x84,0x2d,0xc0,0xc7,0x08,0x5b,0x80,0x8f,0xc9,0x02,0x12,
    0x1f,0x93,0x05,0x24,0x3e,0x26,0x0b,0x48,0x7c,0x4c,0x16,0x90,0xf8,0x18,0x21,0x16,0xf2,0x31,0x62,0x2c,0xe4,0x63,0x04,0x59,
    0xc8,0xc7,0x88,0xb2,0x90,0x8f,0x11,0x0c,0x7c,0x8c,0x60,0xe0,0x63,0x04,0x03,0x1f,0x23,0x18,0xf8,0xcc,0x12,0xcc,0xd0,0x88,
    0xc1,0x01,0x80,0x20,0x18,0x90,0x01,0xa8,0x0e,0x26,0x3a,0xc8,0xe5,0xa0,0x9e,0xc3,0x68,0x42,0x00,0x5c,0x40,0x98,0x0a,0xe4,
    0x74,0xd0,0xe1,0x86,0x60,0x4f,0x07,0x30,0xa8,0x41,0x3f,0x07,0x1d,0x6e,0x08,0x50,0x74,0x00,0x83,0x1a,0x82,0x9d,0x65,0xb8,
    0x9d,0x9d,0x79,0x79,0x61,0xc4,0xc0,0x00,0x40,0x10,0x0c,0x1a,0x59,0x1d,0x46,0x74,0xf0,0x79,0xc1,0x82,0x9a,0x17,0xe4,0x63,
    0x42,0xcd,0x0b,0xf2,0xb1,0x21,0xe7,0x05,0xf9,0x18,0x91,0xf3,0x82,0x7c,0x66,0x19,0x7a,0x86,0x67,0x8c,0x11,0x83,0x0a,0x00,
    0x41,0x30,0xd0,0x64,0x75,0x68,0xd1,0xe1,0x36,0x87,0xd3,0x1c,0xfe,0x5d,0xf0,0x77,0x41,0x3c,0x07,0xf1,0x1c,0x54,0x75,0x50,
    0xd5,0xa1,0x46,0x07,0x21,0x10,0xcf,0x81,0x18,0xc4,0x73,0x10,0xcf,0x61,0x34,0x21,0x00,0x46,0x13,0x84,0x60,0x34,0x61,0x10,
    0x46,0x13,0x88,0x61,0x96,0x60,0x86,0x46,0x0c,0x0e,0x00,0x04,0xc1,0xa0,0xab,0xd5,0xe1,0x46,0x07,0xde,0x1c,0x5e,0x75,0x18,
    0x4d,0x08,0x80,0xd1,0x04,0x21,0x18,0x4d,0x18,0x86,0x1b,0x06,0x75,0xc3,0xa0,0x4c,0x68,0xe4,0x63,0x42,0x23,0x1f,0x13,0x04,
    0xf9,0x98,0x20,0xc8,0xc7,0x84,0x00,0x3e,0x23,0x06,0x06,0x00,0x82,0x60,0xd0,0x9c,0xeb,0xe0,0xa3,0x43,0x60,0x48,0x25,0x1f,
    0x43,0x2a,0xf9,0x98,0x20,0xc8,0xc7,0x04,0x41,0x3e,0x26,0x04,0xf0,0x19,0x31,0x30,0x00,0x10,0x04,0x83,0xa6,0x5d,0x07,0x32,
    0x1d,0x82,0x11,0x83,0x03,0x00,0x41,0x30,0x88,0xd8,0x75,0x88,0xd3,0xe1,0x08,0x46,0x0c,0x0e,0x00,0x04,0xc1,0x20,0x6a,0xd7,
    0x41,0x4e,0x87,0xa0,0x3f,0x87,0x11,0x03,0x03,0x00,0x41,0x30,0x68,0xe0,0x75,0x28,0xd3,0x21,0x18,0x31,0x38,0x00,0x10,0x04,
    0x83,0xe8,0x5d,0x07,0x3a,0x1d,0x82,0xbc,0x17,0x86,0x23,0x82,0xfd,0x1c,0x84,0x6f,0x34,0x21,0x0d,0x82,0xd1,0x04,0x35,0x10,
    0xa6,0x1b,0x84,0x60,0xb8,0x80,0x30,0xc3,0x0d,0x81,0xb8,0x0e,0x60,0x50,0x46,0xa0,0xa3,0x09,0x6f,0x30,0x5c,0x40,0x98,0x59,
    0x06,0x9f,0xa1,0x9b,0xa1,0x02,0x74,0x1d,0x70,0xc4,0xe0,0x00,0x40,0x10,0x0c,0x3e,0x7a,0x1d,0xc6,0x74,0x80,0xd7,0x21,0xb8,
    0x60,0x50,0x06,0x05,0xf4,0x19,0x31,0x38,0x00,0x10,0x04,0x83,0xa8,0x5f,0x07,0x50,0x1d,0x30,0x69,0xc4,0xe0,0x00,0x40,0x10,
    0x0c,0x22,0x7f,0x1d,0x46,0x75,0x08,0x84,0x11,0x83,0x03,0x00,0x41,0x30,0x88,0xfe,0x75,0x20,0xd5,0x21,0x58,0xd1,0xc1,0xa8,
    0x80,0x3e,0x23,0x06,0x06,0x00,0x82,0x60,0xd0,0x8c,0xec,0x30,0xa7,0x43,0x30,0x62,0x70,0x00,0x20,0x08,0x06,0x91,0xc8,0x0e,
    0xa7,0x3a,0x04,0x2e,0x3a,0x8c,0x18,0x1c,0x00,0x08,0x82,0x41,0x34,0xb2,0x83,0xa9,0x0e,0x01,0x72,0x01,0x61,0x86,0x23,0xc0,
    0x40,0x13,0xbe,0xe9,0x86,0x39,0xa8,0x83,0x60,0xba,0x61,0x0e,0xea,0x40,0x38,0x62,0x50,0x36,0x04,0xf4,0xb1,0x41,0xa0,0xcf,
    0x88,0x81,0x01,0x80,0x20,0x18,0x34,0x2d,0x3b,0x88,0xea,0xc0,0x8c,0x18,0x1c,0x00,0x08,0x82,0x41,0xc4,0xb2,0x43,0xac,0x0e,
    0x81,0xed,0x0b,0xc3,0x0d,0x89,0xc8,0x0e,0x60,0x30,0xcb,0x30,0x37,0x3f,0x13,0xcc,0x12,0x80,0xcd,0x40,0xc5,0x10,0x3b,0x71,
    0x23,0xc7,0xc6,0xcf,0x0c,0x54,0x0c,0xb1,0x13,0x37,0x74,0x6c,0xfc,0xcc,0x40,0xc5,0x10,0x3b,0x71,0x63,0xc7,0xc6,0xcf,0x0c,
    0x54,0x0c,0xb1,0x13,0x37,0x78,0x6c,0xfc,0xcc,0x40,0x05,0x11,0x3b,0x71,0xe3,0xe2,0xc6,0xcf,0x5c,0x30,0xa8,0x82,0x6c,0x75,
    0x80,0x0b,0x06,0x65,0x41,0x99,0x0e,0xf2,0x31,0x22,0x88,0x8f,0x05,0x8f,0x7c,0x4c,0x78,0xe4,0x63,0x02,0xe9,0x0b,0xf0,0x31,
    0x81,0xf4,0x05,0xf8,0x8c,0x18,0x1c,0x00,0x08,0x82,0x01,0x19,0xd0,0xec,0xa0,0xab,0x83,0x89,0x0e,0x7e,0x3a,0x8c,0x26,0x04,
    0xc3,0x05,0x84,0xa9,0xc0,0x64,0x07,0x1d,0x6e,0x08,0x6a,0x76,0x00,0x83,0x59,0x06,0xb1,0x09,0x9b,0xa0,0x48,0x61,0x5c,0x07,
    0xb8,0x60,0x50,0x23,0x06,0x07,0x00,0x82,0x60,0x10,0x8d,0xed,0x80,0xae,0xc3,0xe5,0xa6,0xc3,0x88,0xc1,0x01,0x80,0x20,0x18,
    0x44,0x64,0x3b,0x9c,0xeb,0x10,0x08,0xb3,0x04,0x62,0x33,0x50,0x31,0x08,0x61,0x03,0xce,0x06,0xd8,0x0c,0x37,0x1c,0x38,0x3b,
    0x84,0xc1,0x70,0x03,0x42,0xb3,0x43,0x18,0x94,0x10,0xe8,0x2c,0xc3,0xd8,0xa0,0x4d,0x60,0x04,0x9e,0x0e,0xf0,0x19,0x31,0x30,
    0x00,0x10,0x04,0x83,0x86,0x6d,0x07,0x77,0x1d,0x82,0x0b,0x08,0x33,0x62,0x70,0x00,0x20,0x08,0x06,0xdd,0xd9,0x0e,0xe9,0x3a,
    0xb8,0xe9,0x10,0x8c,0x26,0x04,0xc0,0x68,0x82,0x10,0xcc,0x32,0x90,0x4d,0xd9,0x8c,0xc3,0x09,0x83,0xb2,0xc0,0x92,0x8f,0x05,
    0x7f,0x3a,0xc0,0x67,0xc4,0xc0,0x00,0x40,0x10,0x0c,0x1a,0xba,0x1d,0xec,0x75,0x08,0x2e,0x20,0xd0,0x88,0x81,0x01,0x80,0x20,
    0x18,0x34,0x76,0x3b,0xd4,0xeb,0x30,0x0c,0x37,0x08,0xf7,0x3a,0x98,0xc1,0x70,0xc3,0x90,0xa0,0x41,0x09,0x81,0x1a,0xa9,0x0e,
    0x44,0x7c,0xa6,0x1b,0x02,0x52,0x1d,0x04,0x3b,0xe0,0x76,0x00,0xc1,0x70,0x03,0xa2,0xaf,0x83,0x19,0x0c,0x37,0x08,0x0f,0x1a,
    0x94,0x10,0xe8,0x74,0x83,0x92,0xaa,0x43,0x60,0x81,0x01,0x9f,0x59,0x82,0xb2,0x19,0xa8,0x18,0x04,0xb2,0xc1,0x69,0x63,0x6c,
    0x66,0x19,0xcc,0xe6,0x6c,0xe6,0xe1,0xa6,0x41,0x59,0x70,0x06,0xf2,0xb1,0x20,0x56,0x07,0xf8,0x8c,0x18,0x18,0x00,0x08,0x82,
    0x41,0x63,0xba,0x03,0xca,0x0e,0xc1,0x05,0x04,0x1a,0x31,0x30,0x00,0x10,0x04,0x83,0x06,0x75,0x87,0x93,0x1d,0x86,0xe1,0x06,
    0x21,0x65,0x07,0x33,0x18,0x6e,0x18,0x34,0x34,0x28,0x21,0x50,0xb3,0xd5,0x81,0x88,0xcf,0x74,0x43,0x60,0xab,0x83,0x60,0x87,
    0xe8,0x0e,0x20,0x18,0x6e,0x40,0x58,0x76,0x30,0x83,0xe1,0x06,0x01,0x0c,0xd0,0xa0,0x84,0x40,0xa7,0x1b,0x94,0x5d,0x1d,0x02,
    0x0b,0x0c,0xf8,0xcc,0x12,0x9c,0xcd,0x40,0xc5,0x20,0x98,0x0d,0x5f,0x1b,0x65,0x63,0xc1,0x24,0x9f,0x4b,0x83,0x41,0x8d,0x18,
    0x3c,0x00,0x08,0x82,0x01,0x36,0xbb,0x43,0xcc,0x0e,0xb7,0x3a,0x9c,0xea,0xb0,0x07,0x7a,0x20,0xae,0x83,0xb8,0x0e,0xaa,0x3b,
    0xa8,0xee,0x50,0xb3,0x43,0x30,0x9a,0x10,0x00,0xa3,0x09,0x42,0x30,0x9a,0x30,0x08,0xa3,0x09,0xc4,0x30,0x62,0x70,0x00,0x20,
    0x08,0x06,0x64,0x20,0xbb,0x03,0xce,0x0e,0xa4,0x3a,0xd0,0xec,0x30,0x9a,0x10,0x00,0xa3,0x09,0x42,0x30,0x9a,0x30,0x08,0xa3,
    0x09,0xc4,0x60,0x09,0x11,0x1f,0x4b,0x88,0xf8,0x58,0x42,0xc4,0xc7,0x12,0x22,0x3e,0x46,0x40,0xf2,0x31,0x22,0x92,0x8f,0x11,
    0x92,0x7c,0x8c,0x98,0xe4,0x63,0x04,0x03,0x1f,0x23,0x18,0xf8,0x18,0xc1,0xc0,0xc7,0x08,0x06,0x3e,0xb3,0x04,0x71,0x33,0x62,
    0x60,0x00,0x20,0x08,0x06,0x4d,0xfb,0x0e,0x6f,0x3b,0x98,0xc2,0x05,0x84,0x29,0x98,0x78,0xdb,0x01,0x4a,0x20,0xdf,0x01,0x46,
    0x0c,0x0e,0x00,0x04,0xc1,0xe0,0x4b,0xdf,0x61,0x6c,0x87,0x40,0x18,0x31,0x30,0x00,0x10,0x04,0x83,0x46,0x7e,0x87,0xb8,0x1d,
    0x56,0x61,0xc4,0xe0,0x00,0x40,0x10,0x0c,0x3a,0xf6,0x1d,0xdc,0x76,0x98,0xd7,0x41,0x18,0x4d,0x08,0x80,0xd1,0x04,0x21,0x98,
    0x65,0x48,0x1b,0xb5,0x41,0x8b,0x13,0x06,0x65,0xc1,0x2e,0xc8,0xc7,0x02,0x92,0x1d,0xe0,0x33,0x62,0x60,0x00,0x20,0x08,0x06,
    0x4d,0xfe,0x0e,0x7b,0x3b,0x04,0x17,0x10,0x68,0xc4,0xc0,0x00,0x40,0x10,0x0c,0x9a,0xfd,0x1d,0xf4,0x76,0x18,0x86,0x1b,0x04,
    0xbe,0x1d,0xcc,0x60,0xb8,0x61,0x48,0xd0,0xa0,0x84,0x40,0x2d,0x65,0x07,0x22,0x3e,0xd3,0x0d,0x41,0xca,0x0e,0x82,0x1d,0xf5,
    0x3b,0x80,0x60,0xb8,0x01,0xf9,0xdb,0xc1,0x0c,0x86,0x1b,0x84,0x07,0x0d,0x4a,0x08,0x74,0xba,0x41,0x71,0xd9,0x21,0xb0,0xc0,
    0x80,0xcf,0x2c,0x81,0xda,0x0c,0x54,0x0c,0x42,0xda,0x88,0xb9,0x81,0x36,0xb3,0x0c,0x6b,0xc3,0x36,0x78,0x71,0xd3,0xa0,0x2c,
    0x60,0x07,0xf9,0x58,0x60,0xb3,0x03,0x7c,0x46,0x0c,0x0c,0x00,0x04,0xc1,0xa0,0x59,0xe1,0xa1,0x75,0x87,0xe0,0x02,0x02,0x8d,
    0x18,0x18,0x00,0x08,0x82,0x41,0xd3,0xc2,0x03,0xeb,0x0e,0xc3,0x70,0x83,0xe0,0xba,0x83,0x19,0x0c,0x37,0x0c,0x1a,0x1a,0x94,
    0x10,0xa8,0xed,0xec,0x40,0xc4,0x67,0xba,0x21,0xd8,0xd9,0x41,0xb0,0xe3,0x84,0x07,0x10,0x0c,0x37,0x20,0xb1,0x3b,0x98,0xc1,
    0x70,0x83,0x00,0x06,0x68,0x50,0x42,0xa0,0xd3,0x0d,0x0a,0xd8,0x0e,0x81,0x05,0x06,0x7c,0x66,0x09,0xd8,0x66,0xa0,0x62,0x10,
    0xd6,0xc6,0xd4,0x0d,0xb5,0xb1,0x60,0x92,0xcf,0xa9,0xc1,0xa0,0x46,0x0c,0x1e,0x00,0x04,0xc1,0x00,0xc3,0xe1,0xc1,0x76,0x07,
    0x9e,0x1d,0x58,0x76,0x00,0x89,0x7f,0x38,0xdb,0xe1,0x6c,0x87,0x17,0x1e,0x5e,0x78,0xd0,0xdd,0x21,0x18,0x4d,0x08,0x80,0xd1,
    0x04,0x21,0x18,0x4d,0x18,0x84,0xd1,0x04,0x62,0x18,0x31,0x38,0x00,0x10,0x04,0x03,0x32,0xb8,0xe1,0xa1,0x77,0x87,0x94,0x1d,
    0x72,0x77,0x18,0x4d,0x08,0x80,0xd1,0x04,0x21,0x18,0x4d,0x18,0x84,0xd1,0x04,0x62,0xb0,0x84,0x88,0x8f,0x25,0x44,0x7c,0x2c,
    0x21,0xe2,0x63,0x09,0x11,0x1f,0x23,0x20,0xf9,0x18,0x11,0xc9,0xc7,0x08,0x49,0x3e,0x46,0x4c,0xf2,0x19,0x31,0x38,0x00,0x10,
    0x04,0x83,0xee,0x8c,0x87,0xf4,0x1d,0xdc,0x76,0x00,0x85,0xd1,0x84,0x00,0x18,0x4d,0x10,0x82,0x59,0x86,0xb6,0x71,0x9b,0xf1,
    0x38,0x61,0x50,0x16,0xd8,0x84,0x7c,0x2c,0xf8,0xdb,0x01,0x3e,0x23,0x06,0x06,0x00,0x82,0x60,0xd0,0xd0,0xf1,0x60,0xbf,0x43,
    0x70,0x01,0x81,0x46,0x0c,0x0c,0x00,0x04,0xc1,0xa0,0xb1,0xe3,0xa1,0x7e,0x87,0x61,0xb8,0x41,0xb8,0xdf,0xc1,0x0c,0x86,0x1b,
    0x86,0x04,0x0d,0x4a,0x08,0xd4,0x48,0x77,0x20,0xe2,0x33,0xdd,0x10,0x90,0xee,0x20,0xd8,0x01,0xc7,0x03,0x08,0x86,0x1b,0x10,
    0xfd,0x1d,0xcc,0x60,0xb8,0x41,0x78,0xd0,0xa0,0x84,0x40,0xa7,0x1b,0x94,0xd4,0x1d,0x02,0x0b,0x0c,0xf8,0xcc,0x12,0xb8,0xcd,
    0x40,0xc5,0x20,0xb4,0x0d,0xce,0x1b,0x6c,0x33,0xcb,0xf0,0x36,0x70,0x33,0x1f,0x37,0x0d,0xca,0x82,0xb3,0x90,0x8f,0x05,0xb1,
    0x3b,0xc0,0x67,0xc4,0xc0,0x00,0x40,0x10,0x0c,0x1a,0x53,0x1e,0x50,0x78,0x08,0x2e,0x20,0xd0,0x88,0x81,0x01,0x80,0x20,0x18,
    0x34,0xa8,0x3c,0x9c,0xf0,0x30,0x0c,0x37,0x08,0x29,0x3c,0x98,0xc1,0x70,0xc3,0xa0,0xa1,0x41,0x09,0x81,0x9a,0xed,0x0e,0x44,
    0x7c,0xa6,0x1b,0x02,0xdb,0x1d,0x04,0x3b,0x44,0x79,0x00,0xc1,0x70,0x03,0xc2,0xc2,0x83,0x19,0x0c,0x37,0x08,0x60,0x80,0x06,
    0x25,0x04,0x3a,0xdd,0xa0,0xec,0xee,0x10,0x58,0x60,0xc0,0x67,0x96,0x00,0x6e,0x06,0x2a,0x06,0xe1,0x6d,0xf8,0xde,0x70,0x1b,
    0x0b,0x26,0xf9,0x1c,0x3a,0x0c,0x6a,0xc4,0xe0,0x01,0x40,0x10,0x0c,0xb0,0x59,0x1e,0x62,0x78,0xb8,0xdd,0xe1,0x74,0x87,0xbd,
    0xd0,0x0b,0xf1,0x1d,0xc4,0x77,0x50,0xe5,0x41,0x95,0x87,0x1a,0x1e,0x82,0xd1,0x84,0x00,0x18,0x4d,0x10,0x82,0xd1,0x84,0x41,
    0x18,0x4d,0x20,0x06,0x23,0xf4,0x20,0x3e,0x46,0xe8,0x41,0x7c,0x8c,0xd0,0x83,0xf8,0x18,0xa1,0x07,0xf1,0x31,0x62,0x91,0x8f,
    0x11,0x8c,0x7c,0x8c,0x68,0xe4,0x63,0x84,0x23,0x1f,0x23,0x44,0x01,0x3e,0x46,0x88,0x02,0x7c,0x8c,0x10,0x05,0xf8,0x18,0x21,
    0x0a,0xf0,0x31,0x3f,0x40,0xe2,0x63,0x7e,0x80,0xc4,0xc7,0xfc,0x00,0x89,0x8f,0xf9,0x01,0x12,0x1f,0x23,0xf4,0x41,0x3e,0x46,
    0xec,0x83,0x7c,0x8c,0xe0,0x07,0xf9,0x18,0xd1,0x0f,0xf2,0x31,0x82,0x81,0x8f,0x11,0x0c,0x7c,0x8c,0x60,0xe0,0x63,0x04,0x03,
    0x9f,0x59,0x82,0xb8,0x19,0xa8,0x18,0x6c,0xe4,0x6c,0x10,0xb8,0x19,0xa8,0x18,0x6c,0xe4,0x6c,0x10,0xb8,0x19,0xa8,0x18,0x6c,
    0xe4,0x6c,0x10,0xb8,0x19,0xa8,0x18,0x6c,0xe4,0x6c,0x10,0xb8,0x31,0x02,0x3d,0xe0,0x63,0x04,0x7a,0xc0,0xc7,0x08,0xf4,0x80,
    0x8f,0x11,0xe8,0x01,0x1f,0x43,0x0f,0x78,0x1e,0x20,0x30,0xdc,0x10,0xdc,0x07,0x18,0xcc,0x32,0xc8,0x0d,0xd8,0x04,0xb3,0x04,
    0x73,0x33,0x50,0x31,0xb8,0xe0,0xe1,0x33,0x8c,0xdc,0x0c,0x54,0x0c,0x30,0x78,0xf8,0x0c,0x23,0x37,0x03,0x15,0x83,0x0c,0x1e,
    0x3e,0xc3,0xc8,0xcd,0x40,0xc5,0x40,0x83,0x87,0xcf,0x30,0x72,0x63,0x04,0x7e,0xd0,0xc7,0x88,0xfc,0xa0,0x8f,0x11,0xfa,0x41,
    0x1f,0x23,0xf6,0x83,0x3e,0xb3,0x04,0x33,0x34,0xdc,0x00,0x23,0xfa,0x3c,0x84,0x41,0xb5,0x08,0x3b,0x0f,0x3a,0xdc,0x10,0xec,
    0xf3,0x00,0x06,0xb3,0x0c,0x76,0x53,0x37,0x41,0xa9,0x49,0x2a,0x0f,0x70,0xc1,0xa0,0x46,0x0c,0x0e,0x00,0x04,0xc1,0x20,0x4a,
    0xe9,0xc1,0x95,0x07,0x1d,0xa1,0xe1,0x61,0xc4,0xe0,0x00,0x40,0x10,0x0c,0x22,0x95,0x1e,0x5a,0x79,0x08,0x84,0x59,0x02,0xbb,
    0x19,0xa8,0x18,0x84,0xba,0x61,0xc3,0x83,0x6e,0x86,0x1b,0x0e,0x7f,0x1e,0xc2,0x60,0xb8,0x01,0xd1,0xe7,0x21,0x0c,0x4a,0x08,
    0x74,0x96,0xe1,0x6e,0x44,0x27,0x30,0xc2,0x87,0x07,0xf8,0x8c,0x18,0x18,0x00,0x08,0x82,0x41,0x23,0xd3,0x03,0x2d,0x0f,0xc1,
    0x05,0x84,0x19,0x31,0x38,0x00,0x10,0x04,0x83,0xae,0xa5,0x87,0x57,0x1e,0x68,0x78,0x08,0x46,0x13,0x02,0x60,0x34,0x41,0x08,
    0x66,0x19,0xf0,0x66,0x6f,0x52,0x65,0x96,0x41,0x6f,0xf2,0x26,0x1a,0x8e,0xf8,0xcb,0x01,0x8c,0x87,0xe1,0x1b,0x8e,0x00,0xcd,
    0x41,0x8c,0x07,0xe2,0x2b,0x21,0xd0,0xe9,0x06,0x32,0x1e,0xc6,0x78,0x08,0x66,0x09,0xf6,0xe6,0x8c,0x41,0x59,0x40,0x9a,0x83,
    0x7c,0x2c,0x48,0xe3,0x01,0x3e,0x23,0x06,0x06,0x00,0x82,0x60,0xd0,0xf8,0xf4,0x00,0xce,0x43,0x70,0x01,0x81,0x46,0x0c,0x0c,
    0x00,0x04,0xc1,0xa0,0x01,0xeb,0xe1,0x97,0x87,0x61,0xb8,0x41,0x08,0xe7,0xc1,0x0c,0x86,0x1b,0x86,0x06,0x0d,0x4a,0x08,0xd4,
    0xdc,0x78,0x20,0xe2,0x33,0xdd,0x10,0xb8,0xf1,0x20,0xd8,0xa1,0xd3,0x03,0x08,0x86,0x1b,0x10,0x72,0x1e,0xcc,0x60,0xb8,0x41,
    0x98,0xd0,0xa0,0x84,0x40,0xa7,0x1b,0x94,0x39,0x1e,0x02,0x0b,0x0c,0xf8,0xcc,0x12,0xec,0xcd,0x40,0xc7,0x20,0xe8,0x0d,0x19,
    0xe4,0x0d,0x3b,0x1e,0x77,0x33,0xcb,0xc0,0x37,0x7f,0xd3,0x2b,0xb3,0x0c,0x7e,0xd3,0x37,0x67,0x30,0x1c,0x41,0x9b,0x83,0x1d,
    0x0f,0xc3,0x37,0x1c,0x51,0x9b,0x03,0x1e,0x0f,0xc4,0x57,0x42,0xa0,0xd3,0x0d,0x7a,0x3c,0xe4,0xf1,0x10,0xcc,0x12,0xfc,0xcd,
    0x6d,0x83,0xb2,0x20,0x37,0x07,0xf9,0x58,0xf0,0xc7,0x03,0x7c,0x46,0x0c,0x0c,0x00,0x04,0xc1,0xa0,0xa1,0xeb,0xc1,0x9e,0x87,
    0xe0,0x02,0x02,0x8d,0x18,0x18,0x00,0x08,0x82,0x41,0x63,0xd7,0x43,0x3d,0x0f,0xc3,0x70,0x83,0x70,0xcf,0x83,0x19,0x0c,0x37,
    0x0c,0x62,0x80,0x06,0x25,0x04,0x6a,0xa4,0x3c,0x10,0xf1,0x99,0x6e,0x08,0x48,0x79,0x10,0xec,0x80,0xeb,0x01,0x04,0xc3,0x0d,
    0x88,0x3e,0x0f,0x66,0x30,0xdc,0x20,0xa0,0x01,0x1a,0x94,0x10,0xe8,0x74,0x83,0x92,0xca,0x43,0x60,0x81,0x01,0x9f,0x59,0x82,
    0xbf,0x19,0xe8,0x18,0x04,0xbf,0x21,0x83,0xbe,0xc1,0xc9,0x63,0x6f,0x2c,0xb8,0xe4,0x73,0x6f,0x30,0xa8,0x7b,0x83,0x41,0xcd,
    0x32,0x84,0x0e,0xe8,0x80,0x82,0x09,0xee,0x39,0xc8,0xc7,0x04,0xf7,0x1c,0xe4,0x33,0x62,0x60,0x00,0x20,0x08,0x06,0x0d,0x6a,
    0x0f,0x2a,0x3d,0x08,0x23,0x06,0x06,0x00,0x82,0x60,0xd0,0xa4,0xf6,0xb0,0xd2,0x83,0x60,0xc2,0x2d,0x0f,0xf0,0x31,0x01,0x97,
    0x07,0xf8,0x98,0x80,0xd0,0xc7,0x04,0x84,0x3e,0xb3,0x04,0xa1,0x33,0x50,0x31,0x10,0xa0,0xc3,0xbe,0xc6,0xdf,0x0c,0x54,0x0c,
    0x04,0xe8,0xb0,0xaf,0xf1,0x37,0xd7,0x07,0x83,0x1a,0x31,0x78,0x00,0x10,0x04,0x03,0xac,0xb5,0x87,0x95,0x1e,0x62,0x79,0x08,
    0xe5,0x61,0x10,0x78,0x79,0xe0,0xe5,0x81,0xb4,0x07,0xd2,0x1e,0x5e,0x7a,0x08,0x46,0x13,0x02,0x60,0x34,0x41,0x08,0x46,0x13,
    0x06,0x61,0x34,0x81,0x18,0x46,0x0c,0x0e,0x00,0x04,0xc1,0x80,0x0c,0x58,0x7b,0x90,0xe9,0xc1,0x8f,0x07,0x97,0x1e,0x46,0x13,
    0x02,0x60,0x34,0x41,0x08,0x46,0x13,0x06,0x61,0x34,0x81,0x18,0x2c,0x21,0xe2,0x63,0x09,0x11,0x1f,0x4b,0x88,0xf8,0x58,0x42,
    0xc4,0xc7,0x08,0x4e,0x3e,0x46,0x74,0xf2,0x31,0xc2,0x93,0x8f,0x11,0x9f,0x7c,0x8c,0x60,0xe0,0x63,0x04,0x03,0x1f,0x23,0x18,
    0xf8,0x18,0xc1,0xc0,0x67,0x96,0x60,0x86,0x46,0x0c,0x0c,0x00,0x04,0xc1,0xa0,0x39,0xef,0x21,0xad,0x07,0x5d,0xb8,0x80,0x30,
    0xa5,0x32,0x69,0x3d,0x40,0x09,0xbe,0x3d,0xc0,0x88,0xc1,0x01,0x80,0x20,0x18,0x7c,0xe3,0x3d,0xf4,0xf4,0x10,0x08,0x23,0x06,
    0x06,0x00,0x82,0x60,0xd0,0xb0,0xf7,0xb0,0xd6,0xc3,0x2f,0x8c,0x18,0x1c,0x00,0x08,0x82,0x41,0x67,0xde,0x03,0x5a,0x0f,0xed,
    0x3c,0x08,0xa3,0x09,0x01,0x30,0x9a,0x20,0x04,0xb3,0x0c,0xa3,0x63,0x3a,0x62,0x33,0xcb,0x50,0x3a,0xa4,0xa3,0x0e,0xc3,0x11,
    0x38,0x3a,0xe4,0xf3,0x30,0x7c,0xc3,0x11,0x39,0x3a,0xec,0xf3,0x40,0x7c,0x25,0x04,0x3a,0xdd,0xd0,0xcf,0x03,0x3f,0x0f,0xc1,
    0x2c,0x81,0xe9,0x9c,0x31,0x28,0x0b,0x7a,0x74,0x90,0x8f,0x05,0x22,0x3d,0xc0,0x67,0xc4,0xc0,0x00,0x40,0x10,0x0c,0x9a,0xfb,
    0x1e,0xf2,0x7a,0x08,0x2e,0x20,0xd0,0x88,0x81,0x01,0x80,0x20,0x18,0x34,0xf9,0x3d,0xe0,0xf5,0x30,0x0c,0x37,0x08,0x7a,0x3d,
    0x98,0xc1,0x70,0xc3,0xd0,0xa0,0x41,0x09,0x81,0xda,0x49,0x0f,0x44,0x7c,0xa6,0x1b,0x82,0x93,0x1e,0x04,0x3b,0xe6,0x7b,0x00,
    0xc1,0x70,0x03,0xd2,0xd7,0x83,0x19,0x0c,0x37,0x08,0x13,0x1a,0x94,0x10,0xe8,0x74,0x83,0xc2,0xd2,0x43,0x60,0x81,0x01,0x9f,
    0x59,0x02,0xd3,0x19,0xe8,0x18,0x84,0xd2,0x21,0x03,0xd2,0xf1,0xd1,0x43,0x74,0x66,0x19,0x4e,0x47,0x75,0xec,0x66,0x96,0x21,
    0x75,0x50,0x07,0x24,0x86,0x23,0xda,0x74,0x78,0xe9,0x61,0xf8,0x86,0x23,0xdc,0x74,0x88,0xe9,0x81,0xf8,0x4a,0x08,0x74,0xba,
    0x61,0xa6,0x07,0x99,0x1e,0x82,0x59,0x02,0xd5,0xb9,0x6d,0x50,0x16,0xc8,0xe9,0x20,0x1f,0x0b,0x70,0x7a,0x80,0xcf,0x88,0x81,
    0x01,0x80,0x20,0x18,0x34,0x2d,0x3e,0xbc,0xf6,0x10,0x5c,0x40,0xa0,0x11,0x03,0x03,0x00,0x41,0x30,0x68,0x5e,0x7c,0x70,0xed,
    0x61,0x18,0x6e,0x10,0x60,0x7b,0x30,0x83,0xe1,0x86,0x41,0x0c,0xd0,0xa0,0x84,0x40,0xad,0xa7,0x07,0x22,0x3e,0xd3,0x0d,0x41,
    0x4f,0x0f,0x82,0x1d,0x29,0x3e,0x80,0x60,0xb8,0x01,0x99,0xed,0xc1,0x0c,0x86,0x1b,0x04,0x34,0x40,0x83,0x12,0x02,0x9d,0x6e,
    0x50,0xc4,0x7a,0x08,0x2c,0x30,0xe0,0x33,0x4b,0xa0,0x3a,0x03,0x1d,0x83,0x90,0x3a,0x64,0x80,0x3a,0xaa,0x7a,0x98,0x8e,0x05,
    0x97,0x7c,0xee,0x0d,0x06,0x75,0x6f,0x30,0xa8,0x59,0x06,0xd6,0x59,0x9d,0x9c,0x30,0xe1,0x54,0x07,0xf9,0x98,0x70,0xaa,0x83,
    0x7c,0x46,0x0c,0x0c,0x00,0x04,0xc1,0xa0,0x09,0xf3,0x61,0xbc,0x07,0x61,0xc4,0xc0,0x00,0x40,0x10,0x0c,0x1a,0x31,0x1f,0xc8,
    0x7b,0x10,0x4c,0x80,0xeb,0x01,0x3e,0x26,0xc4,0xf5,0x00,0x1f,0x13,0x10,0xfa,0x98,0x80,0xd0,0x67,0x96,0x80,0x75,0x06,0x2a,
    0x06,0x62,0x75,0x7c,0xda,0x50,0x9d,0x81,0x8a,0x81,0x58,0x1d,0x9f,0x36,0x54,0xe7,0xfc,0x60,0x50,0x23,0x06,0x0f,0x00,0x82,
    0x60,0x80,0x99,0xf9,0x40,0xde,0x83,0x5a,0x0f,0x3a,0x3d,0x0c,0x42,0x5d,0x0f,0x75,0x3d,0xf4,0xf8,0xd0,0xe3,0x03,0x7a,0x0f,
    0xc1,0x68,0x42,0x00,0x8c,0x26,0x08,0xc1,0x68,0xc2,0x20,0x8c,0x26,0x10,0xc3,0x88,0xc1,0x01,0x80,0x20,0x18,0x90,0x41,0x99,
    0x0f,0xeb,0x3d,0xdc,0xf4,0x70,0xde,0xc3,0x68,0x42,0x00,0x8c,0x26,0x08,0xc1,0x68,0xc2,0x20,0x8c,0x26,0x10,0x83,0x25,0x44,
    0x7c,0x2c,0x21,0xe2,0x63,0x09,0x11,0x1f,0x4b,0x88,0xf8,0x18,0xc1,0xc9,0xc7,0x88,0x4e,0x3e,0x46,0x78,0xf2,0x31,0xe2,0x93,
    0xcf,0x88,0xc1,0x01,0x80,0x20,0x18,0x74,0x75,0x3e,0xdc,0xf7,0xc0,0xd7,0x03,0x2d,0x8c,0x26,0x04,0xc0,0x68,0x82,0x10,0xcc,
    0x32,0xb4,0x0e,0xec,0xc4,0xcf,0x2c,0xc3,0xeb,0xb8,0x4e,0x5e,0x0c,0x47,0x9c,0xeb,0x80,0xda,0xc3,0xf0,0x0d,0x47,0xa0,0xeb,
    0xa0,0xda,0x03,0xf1,0x95,0x10,0xe8,0x74,0x03,0x6b,0x0f,0xab,0x3d,0x04,0xb3,0x04,0xb0,0x73,0xc6,0xa0,0x2c,0x60,0xd7,0x41,
    0x3e,0x16,0xc4,0xf6,0x00,0x9f,0x11,0x03,0x03,0x00,0x41,0x30,0x68,0x4c,0x7d,0x40,0xf1,0x21,0xb8,0x80,0x40,0x23,0x06,0x06,
    0x00,0x82,0x60,0xd0,0xa0,0xfa,0x70,0xe2,0xc3,0x30,0xdc,0x20,0xa4,0xf8,0x60,0x06,0xc3,0x0d,0x43,0x83,0x06,0x25,0x04,0x6a,
    0xb6,0x3d,0x10,0xf1,0x99,0x6e,0x08,0x6c,0x7b,0x10,0xec,0x10,0xf5,0x01,0x04,0xc3,0x0d,0x08,0x8b,0x0f,0x66,0x30,0xdc,0x20,
    0x4c,0x68,0x50,0x42,0xa0,0xd3,0x0d,0xca,0x6e,0x0f,0x81,0x05,0x06,0x7c,0x66,0x09,0x60,0x67,0xa0,0x63,0x10,0x5e,0x87,0x0c,
    0x5c,0x87,0x6f,0x0f,0xd6,0x99,0x65,0x88,0x1d,0xda,0x29,0xa1,0x59,0x86,0xd9,0x91,0x9d,0xd7,0x18,0x8e,0xe0,0xd7,0xc1,0xb7,
    0x87,0xe1,0x1b,0x8e,0xe8,0xd7,0x01,0xbc,0x07,0xe2,0x2b,0x21,0xd0,0xe9,0x06,0xf1,0x1e,0xc2,0x7b,0x08,0x66,0x09,0x68,0xe7,
    0xb6,0x41,0x59,0x10,0xb2,0x83,0x7c,0x2c,0x38,0xef,0x01,0x3e,0x23,0x06,0x06,0x00,0x82,0x60,0xd0,0xf0,0xfa,0xe0,0xe3,0x43,
    0x70,0x01,0x81,0x46,0x0c,0x0c,0x00,0x04,0xc1,0xa0,0xf1,0xf5,0xa1,0xc7,0x87,0x61,0xb8,0x41,0xf8,0xf1,0xc1,0x0c,0x86,0x1b,
    0x06,0x31,0x40,0x83,0x12,0x02,0x35,0xf6,0x1e,0x88,0xf8,0x4c,0x37,0x04,0xec,0x3d,0x08,0x76,0xe0,0xfa,0x00,0x82,0xe1,0x06,
    0x44,0xcc,0x07,0x33,0x18,0x6e,0x10,0xd0,0x00,0x0d,0x4a,0x08,0x74,0xba,0x41,0x89,0xef,0x21,0xb0,0xc0,0x80,0xcf,0x2c,0x01,
    0xed,0x0c,0x74,0x0c,0xc2,0xec,0x90,0x81,0xec,0xa0,0xef,0x01,0x3b,0x16,0x5c,0xf2,0xb9,0x37,0x18,0xd4,0xbd,0xc1,0xa0,0x66,
    0x19,0x6c,0xa7,0x76,0xd0,0xc3,0x04,0x9b,0x1d,0xe4,0x63,0x82,0xcd,0x0e,0xf2,0x19,0x31,0x30,0x00,0x10,0x04,0x83,0x06,0xde,
    0x07,0x39,0x1f,0x84,0x11,0x03,0x03,0x00,0x41,0x30,0x68,0xe2,0x7d,0x98,0xf3,0x41,0x30,0xe1,0xbf,0x07,0xf8,0x98,0x00,0xe2,
    0x03,0x7c,0x4c,0x40,0xe8,0x63,0x02,0x42,0x9f,0x59,0x02,0xdb,0x19,0xa8,0x18,0x88,0xda,0xe1,0x73,0x83,0x76,0x06,0x2a,0x06,
    0xa2,0x76,0xf8,0xdc,0xa0,0x9d,0x83,0x89,0x41,0x8d,0x18,0x3c,0x00,0x08,0x82,0x01,0x56,0xef,0xc3,0x9c,0x0f,0xf9,0x3d,0xa4,
    0xf7,0x30,0x08,0x24,0x3e,0x90,0xf8,0xc0,0xee,0x03,0xbb,0x0f,0x77,0x3e,0x04,0xa3,0x09,0x01,0x30,0x9a,0x20,0x04,0xa3,0x09,
    0x83,0x30,0x9a,0x40,0x0c,0x46,0xb8,0x42,0x7c,0x8c,0x70,0x85,0xf8,0x18,0xe1,0x0a,0xf1,0x31,0xc2,0x15,0xe2,0x63,0xc4,0x25,
    0x1f,0x23,0x30,0xf9,0x18,0x91,0xc9,0xc7,0x08,0x4d,0x3e,0x46,0xd8,0x02,0x7c,0x8c,0xb0,0x05,0xf8,0x18,0x61,0x0b,0xf0,0x31,
    0xc2,0x16,0xe0,0x63,0xb2,0x80,0xc4,0xc7,0x64,0x01,0x89,0x8f,0xc9,0x02,0x12,0x1f,0x93,0x05,0x24,0x3e,0x46,0x88,0x85,0x7c,
    0x8c,0x18,0x0b,0xf9,0x18,0x41,0x16,0xf2,0x31,0xa2,0x2c,0xe4,0x63,0x04,0x03,0x1f,0x23,0x18,0xf8,0x18,0xc1,0xc0,0xc7,0x08,
    0x06,0x3e,0xb3,0x04,0x33,0x34,0xcb,0x90,0x3b,0xb8,0x53,0x4a,0x23,0x06,0x10,0x00,0x82,0x60,0x60,0xcd,0xfc,0x20,0xea,0x83,
    0x8d,0x0f,0x26,0x3e,0xf8,0xed,0xd0,0xb7,0x43,0x98,0x0f,0x61,0x3e,0xa4,0xfc,0x90,0xf2,0x03,0xad,0x0f,0xe2,0x3b,0x84,0xf9,
    0x30,0x9a,0x10,0x00,0xa3,0x09,0x42,0x30,0x9a,0x30,0x08,0xa3,0x09,0xc4,0x30,0x4b,0x30,0x43,0x23,0x06,0x06,0x00,0x82,0x60,
    0xd0,0xec,0xfc,0x90,0xea,0xc3,0xe8,0x0e,0x23,0x06,0x06,0x00,0x82,0x60,0xd0,0xf0,0xfc,0xa0,0xea,0xc3,0xe8,0x0e,0x23,0x06,
    0x06,0x00,0x82,0x60,0xd0,0xf4,0xfc,0xc0,0xea,0x43,0xe9,0x0e,0x23,0x06,0x06,0x00,0x82,0x60,0xd0,0xf8,0xfc,0xd0,0xea,0x43,
    0xe9,0x0e,0x23,0x06,0x07,0x00,0x82,0x60,0xd0,0xe1,0xfc,0xa0,0xeb,0xc3,0x8f,0x0f,0x32,0x3f,0x8c,0x26,0x04,0xc0,0x68,0x82,
    0x10,0x8c,0x26,0x0c,0xc3,0x0d,0x83,0xba,0x61,0x50,0x26,0x20,0xf2,0x31,0x01,0x91,0x8f,0x09,0x82,0x7c,0x4c,0x10,0xe4,0x63,
    0x42,0x00,0x9f,0x11,0x03,0x03,0x00,0x41,0x30,0x68,0xd4,0x7e,0x08,0xf7,0x21,0x30,0x04,0x92,0x8f,0x21,0x90,0x7c,0x4c,0x10,
    0xe4,0x63,0x82,0x20,0x1f,0x13,0x02,0xf8,0x8c,0x18,0x18,0x00,0x08,0x82,0x41,0x03,0xf7,0xc3,0xb9,0x0f,0xc1,0x88,0xc1,0x01,
    0x80,0x20,0x18,0x44,0x6f,0x3f,0xd0,0xfb,0x70,0x04,0x23,0x06,0x07,0x00,0x82,0x60,0x10,0xc1,0xfd,0x50,0xef,0x43,0x00,0xea,
    0xc3,0x88,0x81,0x01,0x80,0x20,0x18,0x34,0x73,0x3f,0xa0,0xfb,0x10,0x58,0x00,0xc2,0x03,0x7c,0x46,0x0c,0x0e,0x00,0x04,0xc1,
    0x20,0x9a,0xfb,0x01,0xdf,0x87,0xa0,0x7f,0x87,0xe1,0x88,0xe0,0xcf,0x07,0xe1,0x1b,0x4d,0x68,0xa7,0x60,0x34,0xc1,0x9d,0x84,
    0xe9,0x06,0x21,0x18,0x2e,0x20,0xcc,0x70,0x43,0x60,0xf6,0x03,0x18,0x94,0x11,0xe8,0x68,0xc2,0x3c,0x0d,0x17,0x10,0x66,0x96,
    0x41,0x77,0xe0,0x67,0xa8,0x80,0xed,0x07,0x1c,0x31,0x38,0x00,0x10,0x04,0x83,0x0f,0xef,0x87,0x73,0x1f,0xe8,0x7e,0x08,0x2e,
    0x18,0x94,0x45,0x01,0x7d,0x46,0x0c,0x0e,0x00,0x04,0xc1,0x20,0x0a,0xfd,0x81,0xe4,0x87,0x6c,0x1a,0x31,0x38,0x00,0x10,0x04,
    0x83,0x48,0xf4,0x87,0x93,0x1f,0x02,0x61,0xc4,0xe0,0x00,0x40,0x10,0x0c,0xa2,0xd1,0x1f,0x50,0x7e,0x08,0x5e,0x7d,0xb0,0x2a,
    0xa0,0xcf,0x88,0x81,0x01,0x80,0x20,0x18,0x34,0xa7,0x3f,0xdc,0xfb,0x10,0x8c,0x18,0x1c,0x00,0x08,0x82,0x41,0x64,0xfa,0xc3,
    0xca,0x0f,0x81,0xac,0x0f,0x23,0x06,0x07,0x00,0x82,0x60,0x10,0x9d,0xfe,0xa0,0xf2,0x43,0x80,0x5c,0x40,0x98,0xe1,0x88,0x30,
    0xd8,0x84,0x6f,0xba,0xe1,0x0d,0xe2,0x20,0x98,0x6e,0x78,0x83,0x38,0x10,0x8e,0x18,0x94,0x0d,0x01,0x7d,0x6c,0x10,0xe8,0x33,
    0x62,0x60,0x00,0x20,0x08,0x06,0x4d,0xec,0x0f,0x26,0x3f,0x30,0x16,0xf8,0xf0,0x00,0x9f,0x11,0x83,0x03,0x00,0x41,0x30,0x88,
    0x62,0x7f,0xb0,0xf9,0x21,0xd8,0xe1,0x61,0xb8,0x41,0x39,0xfd,0x01,0x0c,0x66,0x19,0xde,0x67,0x77,0x82,0x59,0x02,0xde,0x19,
    0xa8,0x18,0x62,0xa7,0x7d,0xf8,0xfa,0xd8,0x9d,0x81,0x8a,0x21,0x76,0xda,0xc7,0xaf,0x8f,0xdd,0x19,0xa8,0x18,0x62,0xa7,0x7d,
    0x40,0xfb,0xd8,0x9d,0x81,0x8a,0x21,0x76,0xda,0x47,0xb4,0x8f,0xdd,0x19,0xa8,0x20,0x62,0xa7,0x7d,0x70,0xfe,0xd8,0x9d,0x0b,
    0x06,0x55,0xd1,0xce,0x0f,0x70,0xc1,0xa0,0x2c,0x50,0xf7,0x41,0x3e,0x46,0x04,0xf1,0xb1,0x00,0x92,0x8f,0x09,0x90,0x7c,0x4c,
    0x48,0xe1,0x01,0x3e,0x26,0xa4,0xf0,0x00,0x9f,0x11,0x83,0x03,0x00,0x41,0x30,0x20,0x83,0xdc,0x1f,0x7e,0x7e,0x58,0xf5,0x61,
    0xe4,0x87,0xd1,0x84,0x60,0xb8,0x80,0x30,0x15,0xac,0xfe,0xa0,0xc3,0x0d,0x81,0xee,0x0f,0x60,0x30,0xcb,0xe0,0x3b,0xbd,0x13,
    0x94,0x29,0xa0,0xfd,0x00,0x17,0x0c,0x6a,0xc4,0xe0,0x00,0x40,0x10,0x0c,0x22,0xf4,0x1f,0xda,0x7e,0xb8,0xe6,0x7d,0x18,0x31,
    0x38,0x00,0x10,0x04,0x83,0x28,0xfd,0x07,0xb6,0x1f,0x02,0x61,0x96,0xc0,0x77,0x06,0x2a,0x06,0xa1,0x77,0xd4,0xfb,0xe0,0x9d,
    0xe1,0x86,0xa3,0xf7,0x87,0x30,0x18,0x6e,0x40,0x72,0x7f,0x08,0x83,0x12,0x02,0x9d,0x65,0xf8,0x1d,0xf2,0x09,0x8c,0xe8,0xf7,
    0x01,0x3e,0x23,0x06,0x06,0x00,0x82,0x60,0xd0,0xc4,0xff,0x30,0xf7,0x43,0x70,0x01,0x61,0x46,0x0c,0x0e,0x00,0x04,0xc1,0xa0,
    0x63,0xff,0xc1,0xed,0x87,0x79,0x1f,0x82,0xd1,0x84,0x00,0x18,0x4d,0x10,0x82,0x59,0x06,0xf0,0x09,0x1f,0xb4,0x3a,0x61,0x50,
    0x16,0x58,0xf2,0xb1,0x80,0xe4,0x07,0xf8,0x8c,0x18,0x18,0x00,0x08,0x82,0x41,0x93,0xff,0xc3,0xde,0x0f,0xc1,0x05,0x04,0x1a,
    0x31,0x30,0x00,0x10,0x04,0x83,0x66,0xff,0x07,0xbd,0x1f,0x86,0xe1,0x06,0x81,0xef,0x07,0x33,0x18,0x6e,0x18,0x12,0x34,0x28,
    0x21,0x50,0x4b,0xf9,0x81,0x88,0xcf,0x74,0x43,0x90,0xf2,0x83,0x60,0x47,0xfd,0x0f,0x20,0x18,0x6e,0x40,0xfe,0x7e,0x30,0x83,
    0xe1,0x06,0xe1,0x41,0x83,0x12,0x02,0x9d,0x6e,0x50,0x5c,0x7e,0x08,0x2c,0x30,0xe0,0x33,0x4b,0x10,0x3e,0x03,0x15,0x83,0x00,
    0x3e,0x62,0x7e,0xfc,0xce,0x2c,0x83,0xf8,0x8c,0x0f,0x5e,0xdd,0x34,0x28,0x0b,0xce,0x40,0x3e,0x16,0xd8,0xfc,0x00,0x9f,0x11,
    0x03,0x03,0x00,0x41,0x30,0x68,0x56,0x90,0x68,0xfd,0x21,0xb8,0x80,0x40,0x23,0x06,0x06,0x00,0x82,0x60,0xd0,0xb4,0x20,0xc1,
    0xfa,0xc3,0x30,0xdc,0x20,0xb8,0xfe,0x60,0x06,0xc3,0x0d,0x83,0x86,0x06,0x25,0x04,0x6a,0x3b,0x3f,0x10,0xf1,0x99,0x6e,0x08,
    0x76,0x7e,0x10,0xec,0x38,0x41,0x02,0x04,0xc3,0x0d,0x48,0xec,0x0f,0x66,0x30,0xdc,0x20,0x80,0x01,0x1a,0x94,0x10,0xe8,0x74,
    0x83,0x02,0xf6,0x43,0x60,0x81,0x01,0x9f,0x59,0x82,0xf1,0x19,0xa8,0x18,0x04,0xf1,0x31,0xf5,0x23,0x7c,0x2c,0x98,0xe4,0x73,
    0x69,0x30,0xa8,0x11,0x83,0x07,0x00,0x41,0x30,0xc0,0x70,0x90,0xb0,0xfd,0x81,0xe7,0x07,0x96,0x1f,0xf6,0x40,0x0f,0xce,0x7e,
    0x38,0xfb,0xe1,0x05,0x89,0x17,0x24,0x74,0x7f,0x08,0x46,0x13,0x02,0x60,0x34,0x41,0x08,0x46,0x13,0x06,0x61,0x34,0x81,0x18,
    0x46,0x0c,0x0e,0x00,0x04,0xc1,0x80,0x0c,0x6e,0x90,0xe8,0xfd,0x21,0xe5,0x87,0xdc,0x1f,0x46,0x13,0x02,0x60,0x34,0x41,0x08,
    0x46,0x13,0x06,0x61,0x34,0x81,0x18,0x2c,0x21,0xe2,0x63,0x09,0x11,0x1f,0x4b,0x88,0xf8,0x58,0x42,0xc4,0xc7,0x08,0x48,0x3e,
    0x46,0x44,0xf2,0x31,0x42,0x92,0x8f,0x11,0x93,0x7c,0x8c,0x60,0xe0,0x63,0x04,0x03,0x1f,0x23,0x18,0xf8,0x18,0xc1,0xc0,0x67,
    0x96,0xa0,0x7d,0x46,0x0c,0x0c,0x00,0x04,0xc1,0xa0,0x91,0x43,0x82,0xfe,0x07,0x53,0xb8,0x80,0x30,0x25,0x13,0xf4,0x3f,0x40,
    0x09,0x69,0x48,0xc0,0x88,0xc1,0x01,0x80,0x20,0x18,0x7c,0x6e,0x48,0xa0,0xff,0x10,0x08,0x23,0x06,0x06,0x00,0x82,0x60,0xd0,
    0xdc,0x21,0x61,0xff,0xc3,0x2a,0x8c,0x18,0x1c,0x00,0x08,0x82,0x41,0x17,0x87,0xc4,0xfc,0x0f,0x78,0x3f,0x08,0xa3,0x09,0x01,
    0x30,0x9a,0x20,0x04,0xb3,0x0c,0xe5,0x63,0x3e,0xed,0x75,0xc2,0xa0,0x2c,0xd8,0x05,0xf9,0x58,0x90,0xfa,0x03,0x7c,0x46,0x0c,
    0x0c,0x00,0x04,0xc1,0xa0,0xf1,0x43,0x02,0x04,0x89,0xe0,0x02,0x02,0x8d,0x18,0x18,0x00,0x08,0x82,0x41,0x03,0x8a,0xc4,0xff,
    0x0f,0xc3,0x70,0x83,0x10,0x82,0x84,0x19,0x0c,0x37,0x0c,0x09,0x1a,0x94,0x10,0xa8,0xb9,0xfe,0x40,0xc4,0x67,0xba,0x21,0x70,
    0xfd,0x41,0xb0,0x43,0x0f,0x09,0x10,0x0c,0x37,0x20,0x24,0x48,0x98,0xc1,0x70,0x83,0xf0,0xa0,0x41,0x09,0x81,0x4e,0x37,0x28,
    0xb3,0x3f,0x04,0x16,0x18,0xf0,0x99,0x25,0x30,0x9f,0x81,0x8a,0x41,0x28,0x1f,0xb6,0x3f,0xc8,0x67,0x96,0xe1,0x7c,0xd0,0xa7,
    0xbf,0x6e,0x1a,0x94,0x05,0xec,0x20,0x1f,0x0b,0x76,0x7f,0x80,0xcf,0x88,0x81,0x01,0x80,0x20,0x18,0x34,0xb0,0x48,0xc8,0x20,
    0x11,0x5c,0x40,0xa0,0x11,0x03,0x03,0x00,0x41,0x30,0x68,0x64,0x91,0x88,0x41,0x62,0x18,0x6e,0x10,0x66,0x90,0x30,0x83,0xe1,
    0x86,0x41,0x43,0x83,0x12,0x02,0x35,0xf0,0x1f,0x88,0xf8,0x4c,0x37,0x04,0xe0,0x3f,0x08,0x76,0xb0,0x22,0x01,0x82,0xe1,0x06,
    0xc4,0x06,0x09,0x33,0x18,0x6e,0x10,0xc0,0x00,0x0d,0x4a,0x08,0x74,0xba,0x41,0x29,0xff,0x21,0xb0,0xc0,0x80,0xcf,0x2c,0x01,
    0xfa,0x0c,0x54,0x0c,0xc2,0xf9,0xc0,0xfe,0x61,0x3e,0x16,0x4c,0xf2,0x39,0x35,0x18,0xd4,0x88,0xc1,0x03,0x80,0x20,0x18,0x60,
    0xbd,0x48,0xec,0x20,0x11,0xfe,0x43,0xec,0x0f,0x20,0xf1,0x0f,0xec,0x3f,0xb0,0xff,0x40,0x8b,0x04,0x2d,0x12,0x3f,0x48,0x04,
    0xa3,0x09,0x01,0x30,0x9a,0x20,0x04,0xa3,0x09,0x83,0x30,0x9a,0x40,0x0c,0x23,0x06,0x07,0x00,0x82,0x60,0x40,0x06,0xbc,0x48,
    0x88,0x21,0xe1,0xfa,0x83,0x0f,0x12,0xa3,0x09,0x01,0x30,0x9a,0x20,0x04,0xa3,0x09,0x83,0x30,0x9a,0x40,0x0c,0x96,0x10,0xf1,
    0xb1,0x84,0x88,0x8f,0x25,0x44,0x7c,0x2c,0x21,0xe2,0x63,0x04,0x24,0x1f,0x23,0x22,0xf9,0x18,0x21,0xc9,0xc7,0x88,0x49,0x3e,
    0x23,0x06,0x07,0x00,0x82,0x60,0xd0,0xb1,0x23,0xe1,0x86,0xc4,0xfc,0x0f,0xa0,0x30,0x9a,0x10,0x00,0xa3,0x09,0x42,0x30,0xcb,
    0x90,0x3e,0xea,0x83,0x66,0x27,0x0c,0xca,0x02,0x9b,0x90,0x8f,0x05,0x24,0x48,0xc0,0x67,0xc4,0xc0,0x00,0x40,0x10,0x0c,0x9a,
    0x7c,0x24,0xf6,0x90,0x08,0x2e,0x20,0xd0,0x88,0x81,0x01,0x80,0x20,0x18,0x34,0xfb,0x48,0xe8,0x21,0x31,0x0c,0x37,0x08,0x7c,
    0x48,0x98,0xc1,0x70,0xc3,0x90,0xa0,0x41,0x09,0x81,0x5a,0x0a,0x12,0x44,0x7c,0xa6,0x1b,0x82,0x14,0x24,0x04,0x3b,0xea,0x91,
    0x00,0xc1,0x70,0x03,0xf2,0x87,0x84,0x19,0x0c,0x37,0x08,0x0f,0x1a,0x94,0x10,0xe8,0x74,0x83,0xe2,0x82,0x44,0x60,0x81,0x01,
    0x9f,0x59,0x02,0xf5,0x19,0xa8,0x18,0x84,0xf4,0x11,0x43,0x04,0x7d,0x66,0x19,0xd6,0x87,0x7d,0xf0,0xec,0xa6,0x41,0x59,0x70,
    0x16,0xf2,0xb1,0xc0,0x06,0x09,0xf8,0x8c,0x18,0x18,0x00,0x08,0x82,0x41,0xb3,0x92,0x44,0x2b,0x12,0xc1,0x05,0x04,0x1a,0x31,
    0x30,0x00,0x10,0x04,0x83,0xa6,0x25,0x09,0x56,0x24,0x86,0xe1,0x06,0xc1,0x15,0x09,0x33,0x18,0x6e,0x18,0x34,0x34,0x28,0x21,
    0x50,0xdb,0x41,0x82,0x88,0xcf,0x74,0x43,0xb0,0x83,0x84,0x60,0xc7,0x49,0x12,0x20,0x18,0x6e,0x40,0x62,0x91,0x30,0x83,0xe1,
    0x06,0x01,0x0c,0xd0,0xa0,0x84,0x40,0xa7,0x1b,0x14,0x30,0x24,0x02,0x0b,0x0c,0xf8,0xcc,0x12,0xb0,0xcf,0x40,0xc5,0x20,0xac,
    0x8f,0x29,0x22,0xea,0x63,0xc1,0x24,0x9f,0x43,0x87,0x41,0x8d,0x18,0x3c,0x00,0x08,0x82,0x01,0x86,0x93,0x84,0x2d,0x12,0x3c,
    0x48,0xb0,0x20,0xb1,0x17,0x7a,0x71,0x86,0xc4,0x19,0x12,0x2f,0x49,0xbc,0x24,0xa1,0x8b,0x44,0x30,0x9a,0x10,0x00,0xa3,0x09,
    0x42,0x30,0x9a,0x30,0x08,0xa3,0x09,0xc4,0x60,0x84,0x1e,0xc4,0xc7,0x08,0x3d,0x88,0x8f,0x11,0x7a,0x10,0x1f,0x23,0xf4,0x20,
    0x3e,0x46,0x2c,0xf2,0x31,0x82,0x91,0x8f,0x11,0x8d,0x7c,0x8c,0x70,0xe4,0x63,0x84,0x28,0xc0,0xc7,0x08,0x51,0x80,0x8f,0x11,
    0xa2,0x00,0x1f,0x23,0x44,0x01,0x3e,0xe6,0x07,0x48,0x7c,0xcc,0x0f,0x90,0xf8,0x98,0x1f,0x20,0xf1,0x31,0x3f,0x40,0xe2,0x63,
    0x84,0x3e,0xc8,0xc7,0x88,0x7d,0x90,0x8f,0x11,0xfc,0x20,0x1f,0x23,0xfa,0x41,0x3e,0x46,0x30,0xf0,0x31,0x82,0x81,0x8f,0x11,
    0x0c,0x7c,0x8c,0x60,0xe0,0x33,0x4b,0xd0,0x3e,0x03,0x15,0x83,0x8d,0x8c,0x0f,0xc2,0x3e,0x03,0x15,0x83,0x8d,0x8c,0x0f,0xc2,
    0x3e,0x03,0x15,0x83,0x8d,0x8c,0x0f,0xc2,0x3e,0x03,0x15,0x83,0x8d,0x8c,0x0f,0xc2,0x3e,0x46,0xa0,0x07,0x7c,0x8c,0x40,0x0f,
    0xf8,0x18,0x81,0x1e,0xf0,0x31,0x02,0x3d,0xe0,0x63,0xe8,0x51,0x97,0x04,0x04,0x86,0x1b,0x02,0xfc,0x00,0x83,0x59,0x06,0xf7,
    0xe1,0x9d,0x60,0x96,0xe0,0x7d,0x06,0x2a,0x06,0x9c,0x44,0x74,0x87,0x71,0x9f,0x81,0x8a,0x41,0x27,0x11,0xdd,0x61,0xdc,0x67,
    0xa0,0x62,0xe0,0x49,0x44,0x77,0x18,0xf7,0x19,0xa8,0x18,0x7c,0x12,0xd1,0x1d,0xc6,0x7d,0x8c,0xc8,0x0f,0xfa,0x18,0xa1,0x1f,
    0xf4,0x31,0x62,0x3f,0xe8,0x63,0x04,0x7f,0xd0,0x67,0x96,0x60,0x86,0x86,0x1b,0x62,0xe4,0x2f,0x89,0x30,0x28,0x17,0x89,0x4b,
    0x42,0x87,0x1b,0x02,0xd0,0x24,0xc0,0x60,0x96,0x41,0x7e,0xe2,0x27,0x28,0x36,0x71,0x49,0x02,0x2e,0x18,0xd4,0x88,0xc1,0x01,
    0x80,0x20,0x18,0x44,0xae,0x49,0xcc,0x24,0xb1,0x23,0xb9,0x48,0x8c,0x18,0x1c,0x00,0x08,0x82,0x41,0xf4,0x9a,0x84,0x4c,0x12,
    0x81,0x30,0x4b,0x20,0x3f,0x03,0x15,0x83,0x10,0x3f,0x76,0x89,0xc0,0xcf,0x70,0xc3,0x31,0x9a,0x44,0x18,0x0c,0x37,0x20,0x7f,
    0x49,0x84,0x41,0x09,0x81,0xce,0x32,0xcc,0x8f,0xff,0x04,0x46,0x8c,0x23,0x01,0x9f,0x11,0x03,0x03,0x00,0x41,0x30,0x68,0x6e,
    0x93,0xc8,0x49,0x22,0xb8,0x80,0x30,0x23,0x06,0x07,0x00,0x82,0x60,0xd0,0xc9,0x26,0x41,0x93,0x44,0x2e,0x12,0xc1,0x68,0x42,
    0x00,0x8c,0x26,0x08,0xc1,0x2c,0x03,0xfd,0xdc,0x8f,0xcb,0xcd,0x32,0xd8,0x4f,0xfd,0x44,0xc3,0x11,0x24,0x3e,0x94,0x23,0x31,
    0x7c,0xc3,0x11,0x25,0x3e,0x9c,0x23,0x41,0x7c,0x25,0x04,0x3a,0xdd,0x90,0x8e,0x04,0x3a,0x12,0xc1,0x2c,0xc1,0xfd,0x9c,0x31,
    0x28,0x0b,0x52,0x7c,0x90,0x8f,0x05,0xee,0x48,0xc0,0x67,0xc4,0xc0,0x00,0x40,0x10,0x0c,0x9a,0xf1,0x24,0xca,0x92,0x08,0x2e,
    0x20,0xd0,0x88,0x81,0x01,0x80,0x20,0x18,0x34,0xe5,0x49,0x90,0x25,0x31,0x0c,0x37,0x08,0x66,0x49,0x98,0xc1,0x70,0xc3,0xd0,
    0xa0,0x41,0x09,0x81,0xda,0x3c,0x12,0x44,0x7c,0xa6,0x1b,0x82,0x79,0x24,0x04,0x3b,0x7e,0x93,0x00,0xc1,0x70,0x03,0x92,0x96,
    0x84,0x19,0x0c,0x37,0x08,0x13,0x1a,0x94,0x10,0xe8,0x74,0x83,0x82,0x8f,0x44,0x60,0x81,0x01,0x9f,0x59,0x82,0xfb,0x19,0xe8,
    0x18,0x04,0xfb,0x21,0x83,0xfa,0xb1,0x4f,0x64,0x7e,0x66,0x19,0xf0,0x67,0x7f,0xc4,0x6e,0x96,0x41,0x7f,0xf2,0xe7,0x0c,0x86,
    0x23,0x72,0x7c,0xd8,0x47,0x62,0xf8,0x86,0x23,0x74,0x7c,0xe8,0x47,0x82,0xf8,0x4a,0x08,0x74,0xba,0xe1,0x1f,0x09,0x7f,0x24,
    0x82,0x59,0x82,0xfd,0xb9,0x6d,0x50,0x16,0xf8,0xf8,0x20,0x1f,0x0b,0x48,0x92,0x80,0xcf,0x88,0x81,0x01,0x80,0x20,0x18,0x34,
    0xf9,0x49,0xec,0x25,0x11,0x5c,0x40,0xa0,0x11,0x03,0x03,0x00,0x41,0x30,0x68,0xf6,0x93,0xd0,0x4b,0x62,0x18,0x6e,0x10,0xf8,
    0x92,0x30,0x83,0xe1,0x86,0x41,0x0c,0xd0,0xa0,0x84,0x40,0x2d,0x25,0x09,0x22,0x3e,0xd3,0x0d,0x41,0x4a,0x12,0x82,0x1d,0xf5,
    0x49,0x80,0x60,0xb8,0x01,0xf9,0x4b,0xc2,0x0c,0x86,0x1b,0x04,0x34,0x40,0x83,0x12,0x02,0x9d,0x6e,0x50,0x5c,0x92,0x08,0x2c,
    0x30,0xe0,0x33,0x4b,0xb0,0x3f,0x03,0x1d,0x83,0xa0,0x3f,0x64,0x90,0x3f,0x62,0x8a,0xdc,0x8f,0x05,0x97,0x7c,0xee,0x0d,0x06,
    0x75,0x6f,0x30,0xa8,0x59,0x86,0xfe,0xe1,0x1f,0x50,0x30,0x61,0xce,0x07,0xf9,0x98,0x30,0xe7,0x83,0x7c,0x46,0x0c,0x0c,0x00,
    0x04,0xc1,0xa0,0x69,0x51,0xe2,0x35,0x09,0x61,0xc4,0xc0,0x00,0x40,0x10,0x0c,0x1a,0x17,0x25,0x60,0x93,0x10,0x4c,0xe0,0x49,
    0x02,0x3e,0x26,0xf4,0x24,0x01,0x1f,0x13,0x10,0xfa,0x98,0x80,0xd0,0x67,0x96,0xa0,0x7f,0x06,0x2a,0x06,0x82,0x7f,0xec,0xf9,
    0xd8,0x9f,0x81,0x8a,0x81,0xe0,0x1f,0x7b,0x3e,0xf6,0xe7,0xfa,0x60,0x50,0x23,0x06,0x0f,0x00,0x82,0x60,0x80,0xc9,0x28,0x01,
    0x9b,0x84,0x4d,0x12,0x26,0x49,0x0c,0x42,0x58,0x12,0x61,0x49,0xa4,0x28,0x91,0xa2,0x04,0x6d,0x12,0xc1,0x68,0x42,0x00,0x8c,
    0x26,0x08,0xc1,0x68,0xc2,0x20,0x8c,0x26,0x10,0xc3,0x88,0xc1,0x01,0x80,0x20,0x18,0x90,0x41,0x8c,0x12,0xb7,0x49,0x8c,0x24,
    0x31,0x9b,0xc4,0x68,0x42,0x00,0x8c,0x26,0x08,0xc1,0x68,0xc2,0x20,0x8c,0x26,0x10,0x83,0x25,0x44,0x7c,0x2c,0x21,0xe2,0x63,
    0x09,0x11,0x1f,0x4b,0x88,0xf8,0x18,0xc1,0xc9,0xc7,0x88,0x4e,0x3e,0x46,0x78,0xf2,0x31,0xe2,0x93,0x8f,0x11,0x0c,0x7c,0x8c,
    0x60,0xe0,0x63,0x04,0x03,0x1f,0x23,0x18,0xf8,0xcc,0x12,0xcc,0xd0,0x88,0x81,0x01,0x80,0x20,0x18,0x34,0x6c,0x4a,0xb8,0x27,
    0xa1,0x0b,0x17,0x10,0xa6,0x58,0xc6,0x3d,0x09,0x28,0x61,0x4c,0x09,0x18,0x31,0x38,0x00,0x10,0x04,0x83,0x0f,0x4d,0x09,0xf1,
    0x24,0x02,0x61,0xc4,0xc0,0x00,0x40,0x10,0x0c,0x9a,0x38,0x25,0xe0,0x93,0xf8,0x85,0x11,0x83,0x03,0x00,0x41,0x30,0xe8,0xd6,
    0x94,0x68,0x4f,0x42,0x2e,0x09,0x61,0x34,0x21,0x00,0x46,0x13,0x84,0x60,0x96,0xe1,0x7f,0x44,0xe8,0xfc,0x66,0x19,0x42,0x08,
    0x84,0xd4,0x61,0x38,0xa2,0xd7,0x07,0xbf,0x24,0x86,0x6f,0x38,0xc2,0xd7,0x07,0xd0,0x24,0x88,0xaf,0x84,0x40,0xa7,0x1b,0x44,
    0x93,0x08,0x4d,0x22,0x98,0x25,0x10,0xa1,0x33,0x06,0x65,0x81,0xb8,0x0f,0xf2,0xb1,0xe0,0x34,0x09,0xf8,0x8c,0x18,0x18,0x00,
    0x08,0x82,0x41,0xc3,0xa7,0x84,0x7f,0x12,0xc1,0x05,0x04,0x1a,0x31,0x30,0x00,0x10,0x04,0x83,0xc6,0x4f,0x89,0xfe,0x24,0x86,
    0xe1,0x06,0xe1,0x3f,0x09,0x33,0x18,0x6e,0x18,0x1a,0x34,0x28,0x21,0x50,0x63,0x4d,0x82,0x88,0xcf,0x74,0x43,0xc0,0x9a,0x84,
    0x60,0x07,0x9e,0x12,0x20,0x18,0x6e,0x40,0x44,0x94,0x30,0x83,0xe1,0x06,0x61,0x42,0x83,0x12,0x02,0x9d,0x6e,0x50,0x62,0x93,
    0x08,0x2c,0x30,0xe0,0x33,0x4b,0x20,0x42,0x03,0x1d,0x83,0x10,0x42,0x64,0x00,0x42,0x68,0x8b,0xf8,0xcf,0x2c,0xc3,0x08,0x99,
    0xd0,0xfe,0xcd,0x32,0x94,0x10,0x09,0x81,0xc4,0x70,0x84,0xbc,0x0f,0xb4,0x49,0x0c,0xdf,0x70,0xc4,0xbc,0x0f,0xb6,0x49,0x10,
    0x5f,0x09,0x81,0x4e,0x37,0xe0,0x26,0x71,0x9b,0x44,0x30,0x4b,0x60,0x42,0xb7,0x0d,0xca,0x82,0x7b,0x1f,0xe4,0x63,0x41,0x6f,
    0x12,0xf0,0x19,0x31,0x30,0x00,0x10,0x04,0x83,0x46,0x56,0x09,0x1a,0x25,0x82,0x0b,0x08,0x34,0x62,0x60,0x00,0x20,0x08,0x06,
    0x0d,0xad,0x12,0x33,0x4a,0x0c,0xc3,0x0d,0x42,0x8d,0x12,0x66,0x30,0xdc,0x30,0x88,0x01,0x1a,0x94,0x10,0xa8,0x89,0x27,0x41,
    0xc4,0x67,0xba,0x21,0x10,0x4f,0x42,0xb0,0xc3,0x55,0x09,0x10,0x0c,0x37,0x20,0x38,0x4a,0x98,0xc1,0x70,0x83,0x80,0x06,0x68,
    0x50,0x42,0xa0,0xd3,0x0d,0xca,0x79,0x12,0x81,0x05,0x06,0x7c,0x66,0x09,0x4c,0x68,0xa0,0x63,0x10,0x4a,0x88,0x0c,0x48,0x88,
    0x76,0x11,0x11,0xb2,0xe0,0x92,0xcf,0xbd,0xc1,0xa0,0xee,0x0d,0x06,0x35,0xcb,0x80,0x42,0x27,0x94,0x13,0x26,0xb0,0xfc,0x20,
    0x1f,0x13,0x58,0x7e,0x90,0xcf,0x88,0x81,0x01,0x80,0x20,0x18,0x34,0xe6,0x4a,0xa0,0x29,0x21,0x8c,0x18,0x18,0x00,0x08,0x82,
    0x41,0x73,0xae,0x44,0x9a,0x12,0x82,0x09,0xf5,0x49,0xc0,0xc7,0x04,0xfb,0x24,0xe0,0x63,0x02,0x42,0x1f,0x13,0x10,0xfa,0xcc,
    0x12,0xa0,0xd0,0x40,0xc5,0x40,0x9c,0x10,0x9a,0x1f,0x26,0x34,0x50,0x31,0x10,0x27,0x84,0xe6,0x87,0x09,0x9d,0x1f,0x0c,0x6a,
    0xc4,0xe0,0x01,0x40,0x10,0x0c,0xb0,0x75,0x25,0xd2,0x94,0x78,0x4f,0xe2,0x37,0x89,0x41,0xd0,0x4f,0x42,0x3f,0x09,0x71,0x25,
    0xc4,0x95,0x68,0x53,0x22,0x18,0x4d,0x08,0x80,0xd1,0x04,0x21,0x18,0x4d,0x18,0x84,0xd1,0x04,0x62,0x18,0x31,0x38,0x00,0x10,
    0x04,0x03,0x32,0x50,0x57,0x02,0x4e,0x09,0xde,0x24,0xd8,0x94,0x18,0x4d,0x08,0x80,0xd1,0x04,0x21,0x18,0x4d,0x18,0x84,0xd1,
    0x04,0x62,0xb0,0x84,0x88,0x8f,0x25,0x44,0x7c,0x2c,0x21,0xe2,0x63,0x09,0x11,0x1f,0x23,0x38,0xf9,0x18,0xd1,0xc9,0xc7,0x08,
    0x4f,0x3e,0x46,0x7c,0xf2,0x19,0x31,0x38,0x00,0x10,0x04,0x83,0x4e,0x5f,0x09,0x3e,0x25,0x42,0x94,0xa0,0x85,0xd1,0x84,0x00,
    0x18,0x4d,0x10,0x82,0x59,0x86,0x14,0x62,0x21,0x3b,0x0c,0x66,0x19,0x56,0x48,0x85,0xf2,0x62,0x38,0x82,0xed,0x87,0x16,0x25,
    0x86,0x6f,0x38,0xa2,0xed,0x87,0x17,0x25,0x88,0xaf,0x84,0x40,0xa7,0x1b,0x62,0x94,0x80,0x51,0x22,0x98,0x25,0x60,0xa1,0x33,
    0x06,0x65,0x41,0xdc,0x0f,0xf2,0xb1,0xc0,0x46,0x09,0xf8,0x8c,0x18,0x18,0x00,0x08,0x82,0x41,0xb3,0xb2,0x44,0xab,0x12,0xc1,
    0x05,0x04,0x1a,0x31,0x30,0x00,0x10,0x04,0x83,0xa6,0x65,0x09,0x56,0x25,0x86,0xe1,0x06,0xc1,0x55,0x09,0x33,0x18,0x6e,0x18,
    0x1a,0x34,0x28,0x21,0x50,0xdb,0x51,0x82,0x88,0xcf,0x74,0x43,0xb0,0xa3,0x84,0x60,0xc7,0xc9,0x12,0x20,0x18,0x6e,0x40,0x62,
    0x95,0x30,0x83,0xe1,0x06,0x61,0x42,0x83,0x12,0x02,0x9d,0x6e,0x50,0xc0,0x94,0x08,0x2c,0x30,0xe0,0x33,0x4b,0xc0,0x42,0x03,
    0x1d,0x83,0xb0,0x42,0x64,0xa0,0x42,0xa6,0x8c,0xa0,0xd0,0x2c,0x43,0x0b,0xc1,0x90,0x2a,0x06,0xb3,0x0c,0x2f,0xe4,0x42,0xaf,
    0x31,0x1c,0x11,0xfa,0xc3,0x98,0x12,0xc3,0x37,0x1c,0x21,0xfa,0x43,0x99,0x12,0xc4,0x57,0x42,0xa0,0xd3,0x0d,0x67,0x4a,0x98,
    0x29,0x11,0xcc,0x12,0xc0,0xd0,0x6d,0x83,0xb2,0xc0,0xf4,0x07,0xf9,0x58,0xc0,0xa6,0x04,0x7c,0x46,0x0c,0x0c,0x00,0x04,0xc1,
    0xa0,0x09,0x5b,0x62,0x5c,0x89,0xe0,0x02,0x02,0x8d,0x18,0x18,0x00,0x08,0x82,0x41,0x33,0xb6,0x84,0xb8,0x12,0xc3,0x70,0x83,
    0x40,0xae,0x84,0x19,0x0c,0x37,0x0c,0x62,0x80,0x06,0x25,0x04,0x6a,0x71,0x4a,0x10,0xf1,0x99,0x6e,0x08,0xe2,0x94,0x10,0xec,
    0xe8,0x59,0x02,0x04,0xc3,0x0d,0xc8,0xb9,0x12,0x66,0x30,0xdc,0x20,0xa0,0x01,0x1a,0x94,0x10,0xe8,0x74,0x83,0x62,0xa7,0x44,
    0x60,0x81,0x01,0x9f,0x59,0x02,0x18,0x1a,0xe8,0x18,0x84,0x17,0x22,0x03,0x17,0x92,0x67,0x84,0x85,0x2c,0xb8,0xe4,0x73,0x6f,
    0x30,0xa8,0x7b,0x83,0x41,0xcd,0x32,0xc8,0x50,0x0c,0xa1,0x87,0x09,0xbb,0x3f,0xc8,0xc7,0x84,0xdd,0x1f,0xe4,0x33,0x62,0x60,
    0x00,0x20,0x08,0x06,0x4d,0xdd,0x12,0xf7,0x4a,0x08,0x23,0x06,0x06,0x00,0x82,0x60,0xd0,0xd8,0x2d,0x81,0xaf,0x84,0x60,0x02,
    0xa9,0x12,0xf0,0x31,0xa1,0x54,0x09,0xf8,0x98,0x80,0xd0,0xc7,0x04,0x84,0x3e,0xb3,0x04,0x32,0x34,0x50,0x31,0x10,0x31,0x64,
    0xfa,0x07,0x0c,0x0d,0x54,0x0c,0x44,0x0c,0x99,0xfe,0x01,0x43,0x07,0x13,0x83,0x1a,0x31,0x78,0x00,0x10,0x04,0x03,0x4c,0x6f,
    0x09,0x7c,0x25,0xfc,0x94,0x70,0x53,0x62,0x10,0x52,0x95,0x48,0x55,0x22,0x6e,0x89,0xb8,0x25,0xf8,0x95,0x08,0x46,0x13,0x02,
    0x60,0x34,0x41,0x08,0x46,0x13,0x06,0x61,0x34,0x81,0x18,0x8c,0x70,0x85,0xf8,0x18,0xe1,0x0a,0xf1,0x31,0xc2,0x15,0xe2,0x63,
    0x84,0x2b,0xc4,0xc7,0x88,0x4b,0x3e,0x46,0x60,0xf2,0x31,0x22,0x93,0x8f,0x11,0x9a,0x7c,0x8c,0xb0,0x05,0xf8,0x18,0x61,0x0b,
    0xf0,0x31,0xc2,0x16,0xe0,0x63,0x84,0x2d,0xc0,0xc7,0x64,0x01,0x89,0x8f,0xc9,0x02,0x12,0x1f,0x93,0x05,0x24,0x3e,0x26,0x0b,
    0x48,0x7c,0x8c,0x10,0x0b,0xf9,0x18,0x31,0x16,0xf2,0x31,0x82,0x2c,0xe4,0x63,0x44,0x59,0xc8,0xc7,0x08,0x06,0x3e,0x46,0x30,
    0xf0,0x31,0x82,0x81,0x8f,0x11,0x0c,0x7c,0x66,0x09,0x66,0x68,0xa0,0x30,0x18,0xd0,0x98,0x18,0x13,0xda,0x1f,0xf4,0x44,0xc6,
    0x07,0x54,0xa1,0xdb,0xa1,0x57,0xd4,0x76,0xf8,0x15,0x55,0x17,0xec,0x05,0xa5,0x05,0x92,0x51,0x53,0x21,0x67,0x4c,0x54,0xe0,
    0x19,0xb9,0x0e,0xe6,0x06,0x7e,0x83,0xd0,0x91,0xc9,0xc0,0x76,0x50,0x32,0xc0,0x1d,0x34,0x7a,0x1f,0x73,0xe9,0x1f,0x44,0x86,
    0x06,0x0a,0x83,0x01,0x8d,0x89,0x31,0xa1,0xfd,0x41,0x4f,0x64,0x7c,0x40,0x15,0xba,0x1d,0x7a,0x45,0x6d,0x87,0x5f,0x51,0x75,
    0xc1,0x5e,0x50,0x5a,0x20,0x19,0x35,0x15,0x72,0xc6,0x44,0x05,0x9e,0x91,0xeb,0x60,0x6e,0xe0,0x37,0x08,0x1d,0x99,0x0c,0x6c,
    0x07,0x25,0x03,0xdc,0x41,0xa3,0xf7,0x31,0x97,0xfe,0x41,0x64,0x68,0xa0,0x30,0x18,0xd0,0x98,0x18,0x13,0xda,0x1f,0xf4,0x44,
    0xc6,0x07,0x54,0xa1,0xdb,0xa1,0x57,0xd4,0x76,0xf8,0x15,0x55,0x17,0xec,0x05,0xa5,0x05,0x92,0x51,0x53,0x21,0x67,0x4c,0x54,
    0xe0,0x19,0xb9,0x0e,0xe6,0x06,0x7e,0x83,0xd0,0x91,0xc9,0xc0,0x76,0x50,0x32,0xc0,0x1d,0x34,0x7a,0x1f,0x73,0xe9,0x1f,0x44,
    0x86,0x06,0x0a,0x83,0x01,0x8d,0x89,0x31,0xa1,0xfd,0x41,0x4f,0x64,0x7c,0x40,0x15,0xba,0x1d,0x7a,0x45,0x6d,0x87,0x5f,0x51,
    0x75,0xc1,0x5e,0x50,0x5a,0x20,0x19,0x35,0x15,0x72,0xc6,0x44,0x05,0x9e,0x91,0xeb,0x60,0x6e,0xe0,0x37,0x08,0x1d,0x99,0x0c,
    0x6c,0x07,0x25,0x03,0xdc,0x41,0xa3,0xf7,0x31,0x97,0xfe,0x41,0x64,0x68,0xba,0x81,0x18,0xf8,0x54,0x98,0x6e,0x28,0x86,0x3e,
    0x15,0xa6,0x1b,0x8c,0xc1,0x4f,0x85,0x59,0x02,0x1a,0x1a,0x68,0x0d,0x06,0x15,0x44,0xe2,0xc0,0xff,0x8f,0x39,0x90,0xff,0xa3,
    0x0e,0xd0,0xff,0xb0,0x03,0xdb,0x46,0xce,0x80,0x2c,0x8f,0x76,0x60,0xc9,0xc3,0x1d,0x58,0xd5,0x20,0x0b,0x3a,0x35,0xca,0x82,
    0x7e,0x8b,0xdd,0xe0,0xdd,0x82,0x37,0x7c,0x9a,0x88,0x11,0x93,0x26,0x64,0xc4,0x99,0x21,0x7a,0x26,0x6a,0xc4,0x9d,0x89,0x1b,
    0x41,0x67,0x22,0x47,0xc4,0x99,0xd8,0x11,0x5e,0x26,0x7a,0xc4,0x96,0x89,0x1f,0xb1,0x6d,0xc4,0x47,0x06,0x5a,0x83,0x41,0x05,
    0x91,0x38,0xf0,0xff,0x63,0x0e,0xe4,0xff,0xa8,0x03,0xf4,0x3f,0xec,0x00,0xb7,0x91,0x33,0x20,0xcb,0xa3,0x1d,0x58,0xf2,0x70,
    0x07,0x56,0x35,0xc8,0x82,0x4e,0x8d,0xb2,0xa0,0xdf,0x62,0x37,0x78,0xb7,0xe0,0x0d,0x9f,0x26,0x62,0xc4,0xa4,0x09,0x19,0x41,
    0x66,0xc8,0x9e,0x89,0x1a,0x81,0x67,0xe2,0x46,0xd4,0x99,0xc8,0x11,0x72,0x26,0x76,0xc4,0x97,0x89,0x1e,0xc1,0x65,0xe2,0x47,
    0x70,0x1b,0xf1,0x91,0x81,0xd6,0x60,0x50,0x41,0x24,0x0e,0xfc,0xff,0x98,0x03,0xf9,0x3f,0xea,0x00,0xfd,0x0f,0x3b,0xd0,0x6d,
    0xe4,0x0c,0xc8,0xf2,0x68,0x07,0x96,0x3c,0xdc,0x81,0x55,0x0d,0xb2,0xa0,0x53,0xa3,0x2c,0xe8,0xb7,0xd8,0x0d,0xde,0x2d,0x78,
    0xc3,0xa7,0x89,0x18,0x31,0x69,0x42,0x46,0x90,0x19,0xc2,0x67,0xa2,0x46,0xe4,0x99,0xb8,0x11,0x76,0x26,0x72,0xc4,0x9c,0x89,
    0x1d,0x01,0x67,0xa2,0x47,0x74,0x99,0xf8,0x11,0xdd,0x46,0x7c,0x64,0xa0,0x35,0x18,0x54,0x10,0x89,0x03,0xff,0x3f,0xe6,0x40,
    0xfe,0x8f,0x3a,0x40,0xff,0xc3,0x0e,0x7c,0x1b,0x39,0x03,0xb2,0x3c,0xda,0x81,0x25,0x0f,0x77,0x60,0x55,0x83,0x2c,0xe8,0xd4,
    0x28,0x0b,0xfa,0x2d,0x76,0x83,0x77,0x0b,0xde,0xf0,0x69,0x22,0x46,0x4c,0x9a,0x90,0x11,0x64,0x86,0xf4,0x99,0xa8,0x11,0x7a,
    0x26,0x6e,0xc4,0x9d,0x89,0x1c,0x41,0x67,0x62,0x47,0xc4,0x99,0xe8,0x11,0x5e,0x26,0x7e,0x84,0xb7,0x11,0x1f,0x19,0x6e,0x00,
    0x51,0x62,0x67,0x09,0x30,0xa8,0x00,0x16,0x09,0x9d,0x65,0xa8,0x21,0x1b,0x0a,0xcc,0x3f,0x89,0x93,0x25,0x60,0x30,0x62,0x70,
    0x00,0x20,0x08,0x06,0x64,0xf0,0xbb,0x44,0xd9,0x12,0xb1,0x4a,0x04,0xa3,0x09,0x01,0x60,0xc1,0x89,0x12,0xf2,0x19,0x4d,0x18,
    0x02,0x13,0x02,0xf8,0x8c,0x18,0x1c,0x00,0x08,0x82,0x41,0xc4,0xbe,0x44,0xdc,0x12,0xc1,0xbd,0x12,0x23,0x06,0x07,0x00,0x82,
    0x60,0x10,0xb5,0x2f,0x01,0xb7,0x44,0x90,0xaf,0x84,0x05,0x8e,0x7c,0x4c,0x70,0xe4,0x63,0x83,0x23,0x1f,0x23,0x1c,0xf9,0xcc,
    0x12,0xd8,0xd0,0x40,0xc5,0x80,0xd4,0x10,0x19,0xd0,0xd0,0x40,0xc5,0x80,0xd4,0x10,0x19,0xd0,0xd0,0x40,0xc5,0x80,0xd4,0x10,
    0x19,0xd0,0xd0,0x40,0xc5,0x80,0xd4,0x10,0x19,0xd0,0xd0,0x70,0x83,0x8c,0x12,0x3e,0x4b,0x80,0x41,0x05,0x34,0x49,0xe8,0x70,
    0xc3,0x8c,0x12,0x60,0x4b,0x80,0x41,0x05,0x36,0x49,0xe8,0x70,0xc3,0x78,0x12,0xef,0x4b,0x80,0xc1,0x2c,0xc3,0x0f,0xdd,0x50,
    0x30,0xdc,0x40,0x9e,0x44,0xfc,0x12,0x60,0x30,0xcb,0x80,0x43,0x39,0x14,0x98,0x42,0xa6,0x84,0x7c,0x4c,0x21,0x53,0x42,0x3e,
    0xa6,0x90,0x29,0x21,0x1f,0x53,0xc8,0x94,0x90,0xcf,0x74,0x03,0x81,0xa6,0x44,0x32,0xdd,0x40,0xa0,0x29,0xa1,0x4c,0x37,0x10,
    0x68,0x4a,0x2c,0xd3,0x0d,0x04,0x9a,0x12,0xcc,0x2c,0xc1,0x0f,0x0d,0x37,0xb4,0x27,0x61,0xbf,0x04,0x18,0xcc,0x32,0xfc,0x90,
    0x0e,0x05,0xc3,0x0d,0xee,0x49,0xd4,0x2f,0x01,0x06,0xb3,0x0c,0x3b,0xc4,0x43,0xc1,0x88,0xc1,0x01,0x80,0x20,0x18,0x90,0x81,
    0xff,0x12,0xa4,0x4b,0xc0,0x2b,0x71,0xbf,0xc4,0x68,0x42,0x00,0x8c,0x26,0x08,0xc1,0x68,0xc2,0x20,0x8c,0x26,0x10,0xc3,0x2c,
    0xc1,0x0f,0x0d,0x37,0xd0,0x27,0xa1,0xbf,0x04,0x18,0xcc,0x32,0xfc,0x50,0x0f,0x05,0xc3,0x0d,0xf5,0x49,0xe8,0x2f,0x01,0x06,
    0xb3,0x0c,0x3f,0xe4,0x43,0xc1,0x70,0x83,0x7d,0x12,0x20,0x4c,0x80,0xc1,0x74,0x83,0x98,0x12,0x76,0x4a,0x04,0xd3,0x0d,0x62,
    0x4a,0xd8,0x29,0x21,0x4c,0x37,0x88,0x29,0x61,0xa7,0xc4,0x30,0xdd,0x20,0xa6,0x84,0x9d,0x12,0xc4,0x2c,0xc1,0x0f,0x0d,0xf4,
    0x0c,0xd6,0x0e,0x91,0x34,0x62,0x43,0x64,0x80,0x43,0xa0,0x90,0x43,0xfc,0x8c,0xf0,0x10,0x3b,0x23,0x3d,0x84,0xf8,0xd0,0x40,
    0xcf,0x60,0xed,0x10,0x49,0x23,0x36,0x44,0x06,0x38,0x04,0x0a,0x39,0xc4,0xcf,0x08,0x0f,0xb1,0x33,0xd2,0x43,0x88,0x0f,0x0d,
    0xf4,0x0c,0xd6,0x0e,0x91,0x34,0x62,0x43,0x64,0x80,0x43,0xa0,0x90,0x43,0xfc,0x8c,0xf0,0x10,0x3b,0x23,0x3d,0x84,0xf8,0xd0,
    0x40,0xcf,0x60,0xed,0x10,0x49,0x23,0x36,0x44,0x06,0x38,0x04,0x0a,0x39,0xc4,0xcf,0x08,0x0f,0xb1,0x33,0xd2,0x43,0x88,0x0f,
    0x95,0x7f,0x12,0xa5,0x4b,0xe8,0x70,0x43,0xc0,0xc2,0x04,0x18,0xcc,0x32,0x84,0x11,0x18,0x05,0x46,0xb6,0x84,0x11,0x1f,0x2b,
    0x5b,0xc2,0x88,0x8f,0x99,0x2d,0x61,0xc4,0xc7,0xce,0x96,0x30,0xe2,0x33,0x4b,0x10,0x46,0x03,0x15,0x03,0x02,0x46,0xd4,0x0f,
    0x0d,0x54,0x0c,0x08,0x18,0x51,0x3f,0x34,0x50,0x31,0x20,0x60,0x44,0xfd,0xd0,0x40,0xc5,0x80,0x80,0x11,0xf5,0x43,0x85,0xa2,
    0x04,0xeb,0x12,0x3a,0xdc,0x10,0xd8,0x30,0x11,0x06,0xd3,0x0d,0x83,0x11,0x4c,0x37,0x10,0x86,0x30,0xdd,0x50,0x18,0xc3,0x70,
    0xc3,0x88,0x12,0x3a,0x4c,0x80,0xc1,0x2c,0x83,0x1a,0x89,0x51,0x30,0xdc,0x40,0xa2,0x04,0x0f,0x13,0x60,0x30,0xcb,0x30,0x46,
    0x64,0x14,0x58,0x1d,0xbc,0x2a,0x21,0x1f,0xab,0x83,0x57,0x25,0xe4,0x63,0x75,0xf0,0xaa,0x84,0x7c,0xac,0x0e,0x5e,0x95,0x90,
    0xcf,0x74,0x03,0x31,0xab,0x04,0x1d,0x4c,0x37,0x10,0xb3,0x4a,0xd4,0xc1,0x74,0x03,0x31,0xab,0x84,0x1d,0x4c,0x37,0x10,0xb3,
    0x4a,0xdc,0xc1,0x2c,0x81,0x1a,0x0d,0x37,0xb4,0x28,0x11,0xc6,0x04,0x18,0xcc,0x32,0xa8,0x51,0x19,0x05,0xc3,0x0d,0x2e,0x4a,
    0x80,0x31,0x01,0x06,0xb3,0x0c,0x66,0x74,0x46,0xc1,0x88,0xc1,0x01,0x80,0x20,0x18,0x90,0x41,0x1a,0x13,0xef,0x4b,0xec,0x2c,
    0x21,0xc6,0xc4,0x68,0x42,0x00,0x8c,0x26,0x08,0xc1,0x68,0xc2,0x20,0x8c,0x26,0x10,0xc3,0x2c,0x81,0x1a,0x0d,0x37,0xd0,0x28,
    0x51,0xc6,0x04,0x18,0xcc,0x32,0xa8,0x11,0x1a,0x05,0xc3,0x0d,0x35,0x4a,0x94,0x31,0x01,0x06,0xb3,0x0c,0x6a,0x94,0x46,0xc1,
    0x70,0x83,0x8d,0x12,0x6b,0x4c,0x80,0xc1,0x74,0x43,0xab,0x12,0xe1,0x4a,0x04,0xd3,0x0d,0xad,0x4a,0x84,0x2b,0x21,0x4c,0x37,
    0xb4,0x2a,0x11,0xae,0xc4,0x30,0xdd,0xd0,0xaa,0x44,0xb8,0x12,0xc4,0x2c,0x81,0x1a,0x0d,0xf4,0x0c,0x96,0x19,0xe9,0x36,0x12,
    0x46,0x64,0x30,0x46,0x36,0x41,0x46,0xb2,0x8d,0x9c,0x91,0x68,0x23,0x68,0x84,0xa4,0xd1,0x40,0xcf,0x60,0x99,0x91,0x6e,0x23,
    0x61,0x44,0x06,0x63,0x64,0x13,0x64,0x24,0xdb,0xc8,0x19,0x89,0x36,0x82,0x46,0x48,0x1a,0x0d,0xf4,0x0c,0x96,0x19,0xe9,0x36,
    0x12,0x46,0x64,0x30,0x46,0x36,0x41,0x46,0xb2,0x8d,0x9c,0x91,0x68,0x23,0x68,0x84,0xa4,0xd1,0x40,0xcf,0x60,0x99,0x91,0x6e,
    0x23,0x61,0x44,0x06,0x63,0x64,0x13,0x64,0x24,0xdb,0xc8,0x19,0x89,0x36,0x82,0x46,0x48,0x1a,0x95,0x8f,0x12,0xf0,0x4b,0xe8,
    0x70,0x43,0x70,0xc7,0x04,0x18,0xcc,0x32,0xb0,0xd1,0x1a,0x05,0xf6,0xba,0x84,0x11,0x1f,0x83,0x5d,0xc2,0x88,0x8f,0xc5,0x2e,
    0x61,0xc4,0xc7,0x64,0x97,0x30,0xe2,0x33,0x4b,0xc0,0x46,0x03,0x15,0x03,0xb2,0x46,0x94,0x1a,0x0d,0x54,0x0c,0xc8,0x1a,0x51,
    0x6a,0x34,0x50,0x31,0x20,0x6b,0x44,0xa9,0xd1,0x40,0xc5,0x80,0xac,0x11,0xa5,0x46,0x85,0xa6,0xc4,0xfd,0x12,0x3a,0xdc,0x10,
    0x84,0x32,0x11,0x06,0xd3,0x0d,0x83,0x11,0x4c,0x37,0x10,0x86,0x30,0xdd,0x50,0x18,0xc3,0x70,0x03,0xa9,0x12,0xa5,0x4c,0x80,
    0xc1,0x2c,0x43,0x1d,0xb5,0x51,0x30,0xdc,0x50,0xaa,0xc4,0x29,0x13,0x60,0x30,0xcb,0xe0,0x46,0x6f,0x14,0x18,0x38,0xe8,0x2b,
    0x21,0x1f,0x03,0x07,0x7d,0x25,0xe4,0x63,0xe0,0xa0,0xaf,0x84,0x7c,0x0c,0x1c,0xf4,0x95,0x90,0xcf,0x74,0x03,0xe1,0xaf,0xc4,
    0x2f,0x4c,0x37,0x10,0xfe,0x4a,0x80,0xc3,0x74,0x03,0xe1,0xaf,0x44,0x38,0x4c,0x37,0x10,0xfe,0x4a,0x88,0xc3,0x2c,0x41,0x1d,
    0x0d,0x37,0xb8,0x2a,0xc1,0xca,0x04,0x18,0xcc,0x32,0xd4,0x11,0x1c,0x05,0xc3,0x0d,0xaf,0x4a,0xac,0x32,0x01,0x06,0xb3,0x0c,
    0x71,0x24,0x47,0xc1,0x88,0xc1,0x01,0x80,0x20,0x18,0x90,0x01,0x2d,0x13,0x3a,0x4c,0x98,0x2e,0xd1,0xca,0xc4,0x68,0x42,0x00,
    0x8c,0x26,0x08,0xc1,0x68,0xc2,0x20,0x8c,0x26,0x10,0xc3,0x2c,0x41,0x1d,0x0d,0x37,0xd4,0x2a,0x01,0xcb,0x04,0x18,0xcc,0x32,
    0xd4,0xd1,0x1c,0x05,0xc3,0x0d,0xb6,0x4a,0xc0,0x32,0x01,0x06,0xb3,0x0c,0x75,0x44,0x47,0xc1,0x70,0xc3,0xad,0x12,0xb6,0x4c,
    0x80,0xc1,0x74,0x03,0xbe,0x12,0x2c,0x4b,0x04,0xd3,0x0d,0xf8,0x4a,0xb0,0x2c,0x21,0x4c,0x37,0xe0,0x2b,0xc1,0xb2,0xc4,0x30,
    0xdd,0x80,0xaf,0x04,0xcb,0x12,0xc4,0x2c,0x41,0x1d,0x0d,0xf4,0x0c,0x56,0x1c,0xc1,0x39,0xc2,0x46,0x64,0xe0,0x46,0xec,0xf1,
    0x46,0x68,0x8e,0xc8,0x11,0x8e,0x23,0x73,0x84,0xd0,0xd1,0x40,0xcf,0x60,0xc5,0x11,0x9c,0x23,0x6c,0x44,0x06,0x6e,0xc4,0x1e,
    0x6f,0x84,0xe6,0x88,0x1c,0xe1,0x38,0x32,0x47,0x08,0x1d,0x0d,0xf4,0x0c,0x56,0x1c,0xc1,0x39,0xc2,0x46,0x64,0xe0,0x46,0xec,
    0xf1,0x46,0x68,0x8e,0xc8,0x11,0x8e,0x23,0x73,0x84,0xd0,0xd1,0x40,0xcf,0x60,0xc5,0x11,0x9c,0x23,0x6c,0x44,0x06,0x6e,0xc4,
    0x1e,0x6f,0x84,0xe6,0x88,0x1c,0xe1,0x38,0x32,0x47,0x08,0x1d,0xd5,0xaf,0x12,0x3b,0x4c,0xe8,0x70,0x43,0x20,0xce,0x04,0x18,
    0xcc,0x32,0xdc,0x91,0x1d,0x05,0xa6,0xbf,0x84,0x11,0x1f,0xdb,0x5f,0xc2,0x88,0x8f,0xf1,0x2f,0x61,0xc4,0xc7,0xfa,0x97,0x30,
    0xe2,0x33,0x4b,0x70,0x47,0x03,0x15,0x03,0x62,0x47,0x54,0x1d,0x0d,0x54,0x0c,0x88,0x1d,0x51,0x75,0x34,0x50,0x31,0x20,0x76,
    0x44,0xd5,0xd1,0x40,0xc5,0x80,0xd8,0x11,0x55,0x47,0x95,0xae,0x84,0x18,0x13,0x3a,0xdc,0x10,0xb0,0x33,0x11,0x06,0xd3,0x0d,
    0x83,0x11,0x4c,0x37,0x10,0x86,0x30,0xdd,0x50,0x18,0xc3,0x70,0x43,0xaa,0x12,0xf0,0x4c,0x80,0xc1,0x2c,0x03,0x28,0xe1,0x51,
    0x30,0xdc,0xa0,0xaa,0x84,0x3c,0x13,0x60,0x30,0xcb,0x90,0x47,0x7a,0x14,0xd8,0x4a,0x94,0x2d,0x21,0x1f,0x5b,0x89,0xb2,0x25,
    0xe4,0x63,0x2b,0x51,0xb6,0x84,0x7c,0x6c,0x25,0xca,0x96,0x90,0xcf,0x74,0x03,0x91,0xb6,0x04,0x4a,0x4c,0x37,0x10,0x69,0x4b,
    0xa4,0xc4,0x74,0x03,0x91,0xb6,0x84,0x4a,0x4c,0x37,0x10,0x69,0x4b,0xac,0xc4,0x2c,0x01,0x28,0x0d,0x37,0xcc,0x2a,0x71,0xcf,
    0x04,0x18,0xcc,0x32,0x80,0xd2,0x1e,0x05,0xc3,0x0d,0xb4,0x4a,0xd8,0x33,0x01,0x06,0xb3,0x0c,0x7c,0xd4,0x47,0xc1,0x88,0xc1,
    0x01,0x80,0x20,0x18,0x90,0xc1,0x3f,0x13,0xa5,0x4c,0xc4,0x2f,0x81,0xcf,0xc4,0x68,0x42,0x00,0x8c,0x26,0x08,0xc1,0x68,0xc2,
    0x20,0x8c,0x26,0x10,0xc3,0x2c,0x01,0x28,0x0d,0x37,0xe8,0x2a,0xb1,0xcf,0x04,0x18,0xcc,0x32,0x80,0x92,0x1f,0x05,0xc3,0x0d,
    0xbb,0x4a,0xec,0x33,0x01,0x06,0xb3,0x0c,0xa0,0xf4,0x47,0xc1,0x70,0x03,0xaf,0x12,0x21,0x4d,0x80,0xc1,0x74,0xc3,0xd8,0x12,
    0x77,0x4b,0x04,0xd3,0x0d,0x63,0x4b,0xdc,0x2d,0x21,0x4c,0x37,0x8c,0x2d,0x71,0xb7,0xc4,0x30,0xdd,0x30,0xb6,0xc4,0xdd,0x12,
    0xc4,0x2c,0x01,0x28,0x0d,0xf4,0x0c,0x16,0x1f,0x99,0x3c,0x72,0x47,0x64,0x90,0x47,0xa2,0xa2,0x47,0xfe,0x8e,0xf4,0x91,0xbb,
    0x23,0x7e,0x84,0xfc,0xd1,0x40,0xcf,0x60,0xf1,0x91,0xc9,0x23,0x77,0x44,0x06,0x79,0x24,0x2a,0x7a,0xe4,0xef,0x48,0x1f,0xb9,
    0x3b,0xe2,0x47,0xc8,0x1f,0x0d,0xf4,0x0c,0x16,0x1f,0x99,0x3c,0x72,0x47,0x64,0x90,0x47,0xa2,0xa2,0x47,0xfe,0x8e,0xf4,0x91,
    0xbb,0x23,0x7e,0x84,0xfc,0xd1,0x40,0xcf,0x60,0xf1,0x91,0xc9,0x23,0x77,0x44,0x06,0x79,0x24,0x2a,0x7a,0xe4,0xef,0x48,0x1f,
    0xb9,0x3b,0xe2,0x47,0xc8,0x1f,0x15,0xb9,0x12,0xa6,0x4c,0xe8,0x70,0x43,0xd0,0xd2,0x04,0x18,0xcc,0x32,0x88,0x52,0x28,0x05,
    0x56,0xc6,0x84,0x11,0x1f,0x33,0x63,0xc2,0x88,0x8f,0x9d,0x31,0x61,0xc4,0xc7,0xd0,0x98,0x30,0xe2,0x33,0x4b,0x20,0x4a,0x03,
    0x15,0x03,0x12,0x4a,0x14,0x28,0x0d,0x54,0x0c,0x48,0x28,0x51,0xa0,0x34,0x50,0x31,0x20,0xa1,0x44,0x81,0xd2,0x40,0xc5,0x80,
    0x84,0x12,0x05,0x4a,0xe5,0xae,0x44,0x2b,0x13,0x3a,0xdc,0x10,0xdc,0x34,0x11,0x06,0xd3,0x0d,0x83,0x11,0x4c,0x37,0x10,0x86,
    0x30,0xdd,0x50,0x18,0xc3,0x70,0x43,0xbc,0x12,0x3b,0x4d,0x80,0xc1,0x2c,0xc3,0x2a,0x8d,0x52,0x30,0xdc,0x20,0xaf,0x44,0x4f,
    0x13,0x60,0x30,0xcb,0x40,0x4a,0xa5,0x14,0x98,0x5d,0xc0,0x2e,0x21,0x1f,0xb3,0x0b,0xd8,0x25,0xe4,0x63,0x76,0x01,0xbb,0x84,
    0x7c,0xcc,0x2e,0x60,0x97,0x90,0xcf,0x74,0x03,0x41,0xbb,0xc4,0x5c,0x4c,0x37,0x10,0xb4,0x4b,0xd0,0xc5,0x74,0x03,0x41,0xbb,
    0x44,0x5d,0x4c,0x37,0x10,0xb4,0x4b,0xd8,0xc5,0x2c,0xc1,0x2a,0x0d,0x37,0xec,0x2b,0x21,0xd6,0x04,0x18,0xcc,0x32,0xac,0x92,
    0x29,0x05,0xc3,0x0d,0xfc,0x4a,0x84,0x35,0x01,0x06,0xb3,0x0c,0xa7,0x84,0x4a,0xc1,0x88,0xc1,0x01,0x80,0x20,0x18,0x90,0x81,
    0x5a,0x13,0xf0,0x4c,0xf0,0x30,0x31,0xd6,0xc4,0x68,0x42,0x00,0x8c,0x26,0x08,0xc1,0x68,0xc2,0x20,0x8c,0x26,0x10,0xc3,0x2c,
    0xc1,0x2a,0x0d,0x37,0x88,0x2c,0x61,0xd6,0x04,0x18,0xcc,0x32,0xac,0x52,0x2a,0x05,0xc3,0x0d,0x23,0x4b,0x98,0x35,0x01,0x06,
    0xb3,0x0c,0xab,0xa4,0x4a,0xc1,0x70,0x03,0xc9,0x12,0x6c,0x4d,0x80,0xc1,0x74,0x83,0xeb,0x12,0xe2,0x4b,0x04,0xd3,0x0d,0xae,
    0x4b,0x88,0x2f,0x21,0x4c,0x37,0xb8,0x2e,0x21,0xbe,0xc4,0x30,0xdd,0xe0,0xba,0x84,0xf8,0x12,0xc4,0x2c,0xc1,0x2a,0x0d,0xf4,
    0x0c,0xd6,0x29,0xf1,0x3e,0x22,0x4a,0x64,0x40,0x4a,0x38,0x53,0x4a,0xb4,0x8f,0xa0,0x12,0xe9,0x23,0xa9,0x84,0xa8,0xd2,0x40,
    0xcf,0x60,0x9d,0x12,0xef,0x23,0xa2,0x44,0x06,0xa4,0x84,0x33,0xa5,0x44,0xfb,0x08,0x2a,0x91,0x3e,0x92,0x4a,0x88,0x2a,0x0d,
    0xf4,0x0c,0xd6,0x29,0xf1,0x3e,0x22,0x4a,0x64,0x40,0x4a,0x38,0x53,0x4a,0xb4,0x8f,0xa0,0x12,0xe9,0x23,0xa9,0x84,0xa8,0xd2,
    0x40,0xcf,0x60,0x9d,0x12,0xef,0x23,0xa2,0x44,0x06,0xa4,0x84,0x33,0xa5,0x44,0xfb,0x08,0x2a,0x91,0x3e,0x92,0x4a,0x88,0x2a,
    0x15,0xcb,0x12,0xf1,0x4c,0xe8,0x70,0x43,0x80,0xd7,0x04,0x18,0xcc,0x32,0xb4,0x12,0x2b,0x05,0x06,0xcb,0x84,0x11,0x1f,0x8b,
    0x65,0xc2,0x88,0x8f,0xc9,0x32,0x61,0xc4,0xc7,0x66,0x99,0x30,0xe2,0x33,0x4b,0xd0,0x4a,0x03,0x15,0x03,0xc2,0x4a,0xd4,0x2a,
    0x0d,0x54,0x0c,0x08,0x2b,0x51,0xab,0x34,0x50,0x31,0x20,0xac,0x44,0xad,0xd2,0x40,0xc5,0x80,0xb0,0x12,0xb5,0x4a,0x65,0xb3,
    0x04,0x3e,0x13,0x3a,0xdc,0x10,0x88,0x36,0x11,0x06,0xd3,0x0d,0x83,0x11,0x4c,0x37,0x10,0x86,0x30,0xdd,0x50,0x18,0xc3,0x70,
    0x43,0xd8,0x12,0xa6,0x4d,0x80,0xc1,0x2c,0x83,0x2d,0xb9,0x52,0x30,0xdc,0x20,0xb6,0x04,0x6a,0x13,0x60,0x30,0xcb,0xf0,0x4a,
    0xb0,0x14,0x98,0x6f,0xe0,0x2f,0x21,0x9f,0xe9,0x86,0x20,0x7f,0x89,0xdd,0x98,0x25,0xb0,0xa5,0xe1,0x86,0xb2,0x25,0x4e,0x9b,
    0x00,0x83,0x59,0x06,0x5b,0x8a,0xa5,0x60,0xb8,0xc1,0x6c,0x09,0xd3,0x26,0xc0,0x60,0x96,0x41,0x96,0x66,0x29,0x18,0x31,0x38,
    0x00,0x10,0x04,0x03,0x32,0x78,0x6d,0xa2,0xa6,0x89,0x50,0x26,0x50,0x9b,0x18,0x4d,0x08,0x86,0x59,0x02,0x5b,0x1a,0x6e,0x48,
    0x5b,0x02,0xb5,0x09,0x30,0x98,0x65,0xb0,0x25,0x5a,0x0a,0x86,0x1b,0xd4,0x96,0x40,0x6d,0x02,0x0c,0x66,0x19,0x6c,0xa9,0x96,
    0x82,0xe1,0x86,0xb5,0x25,0x5c,0x9b,0x00,0x83,0xe9,0x86,0xf6,0x25,0x42,0x98,0x08,0x66,0x09,0x6c,0x69,0xa0,0x67,0x50,0x64,
    0x89,0x06,0x93,0x56,0x92,0x5e,0x09,0x76,0x60,0x89,0x05,0x93,0x59,0xe2,0x7f,0x84,0x96,0x84,0x5a,0xaa,0xb7,0x25,0x64,0x9b,
    0xd0,0xe1,0x86,0x80,0xb6,0x89,0x30,0x30,0x76,0x26,0x86,0xf8,0x4c,0x37,0x04,0x84,0x30,0xdd,0x60,0xc2,0x84,0x0a,0x13,0x62,
    0x4b,0x4c,0x37,0x98,0x30,0xa1,0xc2,0xc4,0xd8,0x12,0xd3,0x0d,0x26,0x4c,0xa8,0x30,0x41,0xb6,0xc4,0x74,0x83,0x09,0x13,0x2a,
    0x4c,0x94,0x2d,0x31,0xdc,0x40,0xbe,0x84,0x5a,0x13,0x60,0x30,0xcb,0x70,0x4b,0xfa,0x14,0x94,0xc8,0x12,0xb6,0x4d,0x60,0x05,
    0xaf,0x4d,0xe8,0x70,0x43,0x30,0xdb,0x04,0x18,0xcc,0x32,0xe4,0x12,0x2e,0x05,0x55,0xb2,0x44,0x6c,0x13,0x3a,0xdc,0x30,0xd0,
    0x36,0x01,0x06,0xd3,0x0d,0xba,0x4d,0x08,0xc1,0x74,0x03,0x78,0x13,0x85,0x30,0x4b,0x90,0x4b,0x03,0x15,0x84,0xe8,0x26,0xb7,
    0x44,0xe0,0xd2,0x40,0x05,0xa1,0xb7,0xc9,0x2d,0x11,0xb8,0x34,0xdc,0x10,0x98,0x37,0x01,0x06,0xb3,0x0c,0xe9,0xa4,0x4b,0xc1,
    0x70,0x83,0x30,0xde,0x04,0x18,0xcc,0x32,0xa4,0xd3,0x2e,0x05,0xc3,0x0d,0x83,0x78,0x13,0x60,0x30,0xcb,0x90,0x4e,0xbc,0x14,
    0x0c,0x37,0x10,0xe2,0x4d,0x80,0xc1,0x2c,0x43,0x2f,0xf9,0x52,0x60,0x20,0x4d,0x88,0x48,0x7c,0x2c,0xa4,0x09,0x11,0x89,0x8f,
    0x89,0x34,0x21,0x22,0xf1,0xb1,0x91,0x26,0x44,0x24,0x3e,0xb3,0x04,0xe9,0x34,0xdc,0x90,0x98,0x37,0x01,0x06,0xc3,0x0d,0xca,
    0x78,0x13,0x60,0x50,0x42,0xb0,0xb3,0x0c,0xe9,0xf4,0x4b,0xc1,0x70,0x03,0xe3,0xde,0x04,0x18,0xcc,0x32,0x80,0x53,0x38,0x05,
    0x86,0xd2,0xc4,0x89,0xc4,0x67,0x96,0x20,0x9d,0x86,0x1b,0x1c,0xf5,0x26,0xc0,0x60,0x96,0x21,0x9d,0xc4,0x29,0x18,0x6e,0x78,
    0xe4,0x9b,0x00,0x83,0x59,0x86,0x71,0x22,0xa7,0xc0,0x56,0x9a,0x20,0x63,0x22,0x3e,0xb3,0x04,0xe9,0x34,0xdc,0x10,0xc5,0x37,
    0x01,0x06,0xb3,0x0c,0xe9,0x54,0x4e,0xc1,0x70,0x83,0xd4,0xde,0x04,0x18,0xcc,0x32,0x98,0xd3,0x39,0x05,0xe6,0xd2,0x84,0x1a,
    0x13,0xf1,0xb1,0x97,0x26,0xd4,0x98,0x88,0x8f,0xc1,0x34,0xa1,0xc6,0x44,0x7c,0x2c,0xa6,0x09,0x35,0x26,0xe2,0x33,0x4b,0x90,
    0x4e,0xc3,0x0d,0x57,0x7c,0x13,0x60,0x30,0xcb,0x80,0x4e,0xe9,0x14,0xd8,0x4c,0x13,0x6c,0x4c,0xc4,0x67,0xc4,0xe0,0x00,0x40,
    0x10,0x0c,0x22,0x14,0x27,0x56,0x9b,0x98,0x91,0x60,0x96,0x20,0x9d,0x06,0xca,0x06,0x35,0xe8,0x25,0x0d,0x9c,0xa8,0x71,0x72,
    0xcc,0x49,0x40,0x27,0x34,0x4d,0x72,0x49,0x4d,0x13,0x5d,0x72,0xa3,0x5d,0x12,0xc7,0x84,0x9c,0xd0,0x34,0x39,0x27,0x34,0xf2,
    0x25,0x5e,0x4c,0xc2,0x69,0xa0,0x6c,0x50,0x83,0x5e,0xe2,0xc0,0xc9,0x1a,0x27,0xc7,0x9c,0x08,0x74,0x52,0xd3,0x24,0x97,0xd8,
    0x34,0xd1,0x25,0x37,0xda,0x25,0x71,0x4c,0xc8,0x49,0x4d,0x93,0x73,0x52,0x23,0x5f,0xf2,0xc5,0x24,0x9c,0x06,0xca,0x06,0x35,
    0xe8,0x25,0x0f,0x9c,0xb0,0x71,0x72,0xcc,0xc9,0x40,0x27,0x36,0x4d,0x72,0xc9,0x4d,0x13,0x5d,0x72,0xa3,0x5d,0x12,0xc7,0x84,
    0x9c,0xd8,0x34,0x39,0x27,0x36,0xf2,0x25,0x70,0x4c,0xc2,0x69,0xa0,0x6c,0x50,0x83,0x5e,0x02,0x03,0x70,0xd2,0xc6,0xc9,0x31,
    0x27,0x38,0x4d,0xd0,0xc9,0x4d,0x93,0x5c,0x82,0xd3,0x44,0x97,0xdc,0x68,0x97,0xc4,0x31,0x21,0x27,0x37,0x4d,0xce,0xc9,0x8d,
    0x7c,0x49,0x1c,0x93,0x70,0x32,0x62,0x47,0xe4,0x63,0xc4,0x8e,0xc8,0xc7,0x88,0x1d,0x91,0x8f,0x11,0x3b,0x22,0x9f,0xe1,0x86,
    0x31,0x38,0x71,0x02,0x0c,0x66,0x19,0xf2,0x49,0x9d,0x82,0xe1,0x06,0x32,0x20,0x71,0x02,0x0c,0x66,0x19,0xf2,0x69,0x9d,0x82,
    0xe1,0x86,0x32,0x18,0x71,0x02,0x0c,0x66,0x19,0xf2,0x89,0x9d,0x82,0xe1,0x06,0x33,0x18,0x71,0x02,0x0c,0x66,0x19,0xda,0xc9,
    0x9d,0x02,0x0b,0x6b,0x62,0x4c,0xe2,0x63,0x62,0x4d,0x8c,0x49,0x7c,0x6c,0xac,0x89,0x31,0x89,0x8f,0x91,0x35,0x31,0x26,0xf1,
    0x99,0x25,0xc8,0xa7,0xe1,0x86,0x35,0x38,0x71,0x02,0x0c,0x86,0x1b,0xd8,0x80,0xc4,0x09,0x30,0x28,0x21,0xd8,0x59,0x86,0x7c,
    0x7a,0xa7,0x60,0xb8,0xc1,0x0d,0x5e,0x9c,0x00,0x83,0xe1,0x86,0x37,0x30,0x71,0x02,0x0c,0x4a,0x08,0x76,0x96,0x01,0x9e,0xe2,
    0x29,0xb0,0xb5,0x26,0xd4,0x24,0x3e,0xb3,0x04,0xf9,0x34,0xdc,0x20,0x07,0x2d,0x4e,0x80,0xc1,0x2c,0x43,0x3e,0xc9,0x53,0x30,
    0xdc,0x30,0x07,0x35,0x4e,0x80,0xc1,0x2c,0xc3,0x3c,0xd1,0x53,0x60,0x6e,0x4d,0x9c,0x32,0x11,0x9f,0x59,0x82,0x7c,0x1a,0x6e,
    0xa8,0x03,0x1a,0x27,0xc0,0x60,0x96,0x21,0x9f,0xea,0x29,0x18,0x6e,0xb0,0x03,0x18,0x27,0xc0,0x60,0x96,0xc1,0x9e,0xee,0x29,
    0xb0,0xb8,0x26,0x5a,0x99,0x88,0x8f,0xc9,0x35,0xd1,0xca,0x44,0x7c,0x6c,0xae,0x89,0x56,0x26,0xe2,0x63,0x74,0x4d,0xb4,0x32,
    0x11,0x9f,0x59,0x82,0x7c,0x1a,0x6e,0xd8,0x03,0x1a,0x27,0xc0,0x60,0x96,0x01,0x9f,0xf2,0x29,0x30,0xbb,0x26,0x5e,0x99,0x88,
    0xcf,0x88,0xc1,0x01,0x80,0x20,0x18,0x44,0x6b,0x4e,0xb8,0x37,0x61,0x27,0xc1,0x2c,0x41,0x3e,0x0d,0x94,0x0d,0x6e,0xd0,0x4e,
    0x1a,0x3c,0x51,0xf3,0xe4,0xd8,0x93,0x80,0x4f,0xee,0x9a,0xa4,0x13,0xbc,0x26,0xea,0x44,0x4f,0xeb,0x84,0x96,0x09,0x3d,0xb9,
    0x6b,0x72,0x4f,0xee,0xe4,0x4e,0x62,0x99,0xc4,0xd3,0x40,0xd9,0xe0,0x06,0xed,0xc4,0xc1,0x93,0x35,0x4f,0x8e,0x3d,0x11,0xf8,
    0x04,0xaf,0x49,0x3a,0xc9,0x6b,0xa2,0x4e,0xf4,0xb4,0x4e,0x68,0x99,0xd0,0x13,0xbc,0x26,0xf7,0x04,0x4f,0xee,0x44,0x96,0x49,
    0x3c,0x0d,0x94,0x0d,0x6e,0xd0,0x4e,0x1e,0x3c,0x61,0xf3,0xe4,0xd8,0x93,0x81,0x4f,0xf2,0x9a,0xa4,0x13,0xbd,0x26,0xea,0x44,
    0x4f,0xeb,0x84,0x96,0x09,0x3d,0xc9,0x6b,0x72,0x4f,0xf2,0xe4,0x4e,0x66,0x99,0xc4,0xd3,0x40,0xd9,0xe0,0x06,0xed,0x04,0x06,
    0xf0,0xa4,0xcd,0x93,0x63,0x4f,0xf6,0x9a,0xe0,0x13,0xbd,0x26,0xe9,0x64,0xaf,0x89,0x3a,0xd1,0xd3,0x3a,0xa1,0x65,0x42,0x4f,
    0xf4,0x9a,0xdc,0x13,0x3d,0xb9,0x13,0x5a,0x26,0xf1,0x64,0x04,0x2e,0x13,0xf2,0x31,0x02,0x97,0x09,0xf9,0x18,0x81,0xcb,0x84,
    0x7c,0x8c,0xc0,0x65,0x42,0x3e,0x46,0x9c,0x01,0x7c,0x8c,0x38,0x03,0xf8,0x18,0x71,0x06,0xf0,0x31,0xe2,0x0c,0xe0,0x33,0x62,
    0x70,0x00,0x20,0x08,0x06,0x11,0x9e,0x13,0xfd,0x4d,0x10,0xa3,0x4d,0x8c,0x18,0x1c,0x00,0x08,0x82,0x41,0x94,0xe7,0x84,0x7f,
    0x13,0x04,0x69,0x13,0x23,0x06,0x07,0x00,0x82,0x60,0x10,0xe9,0x39,0xf1,0xdf,0x04,0x51,0xda,0xc4,0x88,0xc1,0x01,0x80,0x20,
    0x18,0x44,0x7b,0x4e,0x80,0x38,0x41,0x98,0x36,0x31,0x62,0x70,0x00,0x20,0x08,0x06,0x11,0x9f,0x13,0xff,0x4d,0x10,0xa8,0x4d,
    0x8c,0x18,0x1c,0x00,0x08,0x82,0x41,0xd4,0xe7,0x04,0x88,0x13,0x44,0x6a,0x13,0x23,0x06,0x07,0x00,0x82,0x60,0x10,0xf9,0x39,
    0x11,0xe2,0x04,0xa1,0xda,0xc4,0x88,0xc1,0x01,0x80,0x20,0x18,0x44,0x7f,0x4e,0x88,0x38,0x41,0xac,0x36,0x31,0x4b,0x60,0x56,
    0xc3,0x0d,0x7e,0x4c,0xc8,0x39,0x01,0x06,0xb3,0x0c,0x66,0xb5,0x4f,0xc1,0x70,0xc3,0x1f,0x13,0x71,0x4e,0x80,0xc1,0x2c,0x83,
    0x59,0xf1,0x53,0x30,0xdc,0x00,0xca,0x44,0x9c,0x13,0x60,0x30,0xcb,0xd0,0x4f,0xfe,0x14,0x98,0x7d,0x84,0x89,0x7c,0xcc,0x3e,
    0xc2,0x44,0x3e,0x66,0x1f,0x61,0x22,0x1f,0xe3,0x8f,0x33,0x91,0xcf,0x2c,0x81,0x59,0x0d,0x37,0x94,0x32,0x51,0xe7,0x04,0x18,
    0xcc,0x32,0xfc,0x13,0x48,0x05,0xb6,0x1f,0x66,0x22,0x1f,0xdb,0x0f,0x33,0x91,0x8f,0xed,0x87,0x99,0xc8,0xc7,0x42,0x84,0x4d,
    0xe4,0x63,0x44,0x6f,0x13,0xf2,0x31,0xc2,0xb7,0x09,0xf9,0x18,0xf1,0xdb,0x84,0x7c,0x8c,0x00,0x6f,0x42,0x3e,0x23,0x06,0x07,
    0x00,0x82,0x60,0x10,0xc1,0x3a,0x51,0xe3,0x04,0xb1,0xdb,0xc4,0x88,0xc1,0x01,0x80,0x20,0x18,0x44,0xb1,0x4e,0xd8,0x38,0x41,
    0xf0,0x36,0x31,0x62,0x70,0x00,0x20,0x08,0x06,0x91,0xac,0x13,0x37,0x4e,0x10,0xbd,0x4d,0x8c,0x18,0x1c,0x00,0x08,0x82,0x41,
    0x34,0xeb,0x04,0x8e,0x13,0x84,0x6f,0x13,0x23,0x06,0x07,0x00,0x82,0x60,0x10,0xd1,0x3a,0x71,0xe3,0x04,0x01,0xde,0xc4,0x88,
    0xc1,0x01,0x80,0x20,0x18,0x44,0xb5,0x4e,0xe0,0x38,0x41,0x84,0x37,0x31,0x62,0x70,0x00,0x20,0x08,0x06,0x91,0xad,0x13,0x39,
    0x4e,0x10,0xe2,0x4d,0x8c,0x18,0x1c,0x00,0x08,0x82,0x41,0x74,0xeb,0x84,0x8e,0x13,0xc4,0x78,0x13,0xb3,0x04,0x66,0x35,0xdc,
    0x60,0xcb,0xc4,0xaa,0x13,0x60,0x30,0xcb,0x10,0x52,0x22,0x15,0x18,0x8b,0xdc,0x89,0x7c,0x8c,0x45,0xee,0x44,0x3e,0xc6,0x22,
    0x77,0x22,0x1f,0x93,0x91,0x3e,0x91,0x8f,0x11,0xf0,0x4d,0xc8,0xc7,0x88,0xf8,0x26,0xe4,0x63,0x84,0x7c,0x13,0xf2,0x31,0x62,
    0xbe,0x09,0xf9,0x8c,0x18,0x1c,0x00,0x08,0x82,0x41,0x14,0xee,0x84,0x99,0x13,0x04,0x7b,0x13,0x23,0x06,0x07,0x00,0x82,0x60,
    0x10,0x89,0x3b,0x71,0xe6,0x04,0xd1,0xde,0xc4,0x88,0xc1,0x01,0x80,0x20,0x18,0x44,0xe3,0x4e,0xa0,0x39,0x41,0xb8,0x37,0x31,
    0x62,0x70,0x00,0x20,0x08,0x06,0x11,0xb9,0x13,0x69,0x4e,0x10,0xef,0x4d,0x8c,0x18,0x1c,0x00,0x08,0x82,0x41,0x54,0xee,0x04,
    0x9a,0x13,0x44,0x7c,0x13,0x23,0x06,0x07,0x00,0x82,0x60,0x10,0x99,0x3b,0x91,0xe6,0x04,0x21,0xdf,0xc4,0x88,0xc1,0x01,0x80,
    0x20,0x18,0x44,0xe7,0x4e,0xa8,0x39,0x41,0xcc,0x37,0x31,0x62,0x70,0x00,0x20,0x08,0x06,0x11,0xba,0x13,0x6b,0x4e,0x10,0xf4,
    0x4d,0xcc,0x12,0x98,0xd5,0x70,0xc3,0x39,0x13,0xb6,0x4e,0x80,0xc1,0x2c,0xc3,0x48,0x91,0x54,0x60,0x3d,0x82,0x2a,0xf0,0xb1,
    0x1e,0x41,0x15,0xf8,0x58,0x8f,0xa0,0x0a,0x7c,0x6c,0x4c,0x5c,0x05,0x3e,0x23,0x06,0x07,0x00,0x82,0x60,0x10,0xb9,0x3b,0x31,
    0xe7,0x04,0x91,0xdf,0xc4,0x88,0xc1,0x01,0x80,0x20,0x18,0x44,0xef,0x4e,0xd0,0x39,0x41,0xe8,0x37,0x31,0x62,0x70,0x00,0x20,
    0x08,0x06,0x11,0xbc,0x13,0x75,0x4e,0x10,0xfb,0x4d,0x8c,0x18,0x1c,0x00,0x08,0x82,0x41,0x14,0xef,0x84,0x9d,0x13,0x04,0x7f,
    0x13,0x23,0x06,0x07,0x00,0x82,0x60,0x10,0xc9,0x3b,0x51,0xe7,0x04,0xe1,0xdf,0xc4,0x88,0xc1,0x01,0x80,0x20,0x18,0x44,0xf3,
    0x4e,0xd8,0x39,0x41,0xfc,0x37,0x31,0x62,0x70,0x00,0x20,0x08,0x06,0x11,0xbd,0x13,0x77,0x4e,0x10,0x20,0x4e,0x8c,0x18,0x1c,
    0x00,0x08,0x82,0x41,0x54,0xef,0x04,0x9e,0x13,0x44,0x88,0x13,0xb3,0x04,0x66,0x35,0xdc,0x40,0xcf,0x84,0xba,0x13,0x60,0x30,
    0xcb,0x50,0x52,0x26,0x15,0x98,0x9a,0xd4,0x0a,0x7c,0x4c,0x4d,0x6a,0x05,0x3e,0xa6,0x26,0xb5,0x02,0x1f,0x83,0x93,0x5d,0x81,
    0x8f,0x11,0x29,0x4e,0xc0,0xc7,0x08,0x15,0x27,0xe0,0x63,0xc4,0x8a,0x13,0xf0,0x31,0x82,0xc5,0x09,0xf8,0x8c,0x18,0x1c,0x00,
    0x08,0x82,0x41,0xf4,0xef,0x04,0xa9,0x13,0x84,0x8a,0x13,0x23,0x06,0x07,0x00,0x82,0x60,0x10,0x81,0x3c,0x51,0xea,0x04,0xb1,
    0xe2,0xc4,0x88,0xc1,0x01,0x80,0x20,0x18,0x44,0x21,0x4f,0x98,0x3a,0x41,0xb0,0x38,0x31,0x62,0x70,0x00,0x20,0x08,0x06,0x91,
    0xc8,0x13,0xa7,0x4e,0x10,0x2d,0x4e,0x8c,0x18,0x1c,0x00,0x08,0x82,0x41,0x34,0xf2,0x84,0xa9,0x13,0xc4,0x8b,0x13,0x23,0x06,
    0x07,0x00,0x82,0x60,0x10,0x91,0x3c,0x71,0xea,0x04,0x01,0xe3,0xc4,0x88,0xc1,0x01,0x80,0x20,0x18,0x44,0x25,0x4f,0xa0,0x3a,
    0x41,0xc4,0x38,0x31,0x62,0x70,0x00,0x20,0x08,0x06,0x91,0xc9,0x13,0xa9,0x4e,0x10,0x32,0x4e,0xcc,0x12,0x98,0xd5,0x70,0x43,
    0x49,0x13,0xf8,0x4e,0x80,0xc1,0x2c,0xc3,0x49,0xa1,0x54,0x60,0x7b,0x62,0x2e,0xf0,0xb1,0x3d,0x31,0x17,0xf8,0xd8,0x9e,0x98,
    0x0b,0x7c,0x2c,0x54,0xd8,0x05,0x3e,0x46,0xe8,0x38,0x01,0x1f,0x23,0x76,0x9c,0x80,0x8f,0x11,0x3c,0x4e,0xc0,0xc7,0x88,0x1e,
    0x27,0xe0,0x63,0x44,0x98,0x13,0xf2,0x31,0x42,0xcc,0x09,0xf9,0x18,0x31,0xe6,0x84,0x7c,0x8c,0x20,0x73,0x42,0x3e,0x23,0x06,
    0x07,0x00,0x82,0x60,0x10,0xd1,0x3c,0x91,0xeb,0x04,0xf1,0xe3,0xc4,0x88,0xc1,0x01,0x80,0x20,0x18,0x44,0x35,0x4f,0xe8,0x3a,
    0x41,0x80,0x39,0x31,0x62,0x70,0x00,0x20,0x08,0x06,0x91,0xcd,0x13,0xbb,0x4e,0x10,0x61,0x4e,0x8c,0x18,0x1c,0x00,0x08,0x82,
    0x41,0x74,0xf3,0x04,0xaf,0x13,0x84,0x98,0x13,0x23,0x06,0x07,0x00,0x82,0x60,0x10,0xe1,0x3c,0xb1,0xeb,0x04,0x41,0xe6,0xc4,
    0x88,0xc1,0x01,0x80,0x20,0x18,0x44,0x39,0x4f,0xf0,0x3a,0x41,0x94,0x39,0x31,0x62,0x70,0x00,0x20,0x08,0x06,0x91,0xce,0x13,
    0xbd,0x4e,0x10,0x66,0x4e,0x8c,0x18,0x1c,0x00,0x08,0x82,0x41,0xb4,0xf3,0x84,0xaf,0x13,0xc4,0x99,0x13,0xb3,0x04,0x66,0x35,
    0xdc,0xa0,0xd3,0x04,0xca,0x13,0x60,0x30,0xcb,0x90,0x52,0x2a,0x15,0xd8,0xbe,0xc0,0x4a,0x7c,0x6c,0x5f,0x60,0x25,0x3e,0xb6,
    0x2f,0xb0,0x12,0x1f,0x0b,0x19,0x5b,0x89,0xcf,0x88,0xc1,0x01,0x80,0x20,0x18,0x44,0x61,0x4f,0x98,0x3b,0x41,0xb0,0x39,0x31,
    0x62,0x70,0x00,0x20,0x08,0x06,0x91,0xd8,0x13,0xe7,0x4e,0x10,0x6d,0x4e,0x8c,0x18,0x1c,0x00,0x08,0x82,0x41,0x34,0xf6,0x04,
    0xba,0x13,0x84,0x9b,0x13,0x23,0x06,0x07,0x00,0x82,0x60,0x10,0x91,0x3d,0x91,0xee,0x04,0xf1,0xe6,0xc4,0x88,0xc1,0x01,0x80,
    0x20,0x18,0x44,0x65,0x4f,0xa0,0x3b,0x41,0xc4,0x39,0x31,0x62,0x70,0x00,0x20,0x08,0x06,0x91,0xd9,0x13,0xe9,0x4e,0x10,0x72,
    0x4e,0x8c,0x18,0x1c,0x00,0x08,0x82,0x41,0x74,0xf6,0x84,0xba,0x13,0xc4,0x9c,0x13,0x23,0x06,0x07,0x00,0x82,0x60,0x10,0xa1,
    0x3d,0xb1,0xee,0x04,0x41,0xe7,0xc4,0x2c,0x81,0x59,0x0d,0x37,0x9c,0x35,0x41,0xf3,0x04,0x18,0xcc,0x32,0xac,0x14,0x4b,0x05,
    0xd6,0x2b,0x28,0x03,0x1f,0xeb,0x15,0x94,0x81,0x8f,0xf5,0x0a,0xca,0xc0,0xc7,0xc6,0xc5,0x65,0xe0,0x63,0xe1,0xc2,0x32,0xf2,
    0xb1,0x70,0x61,0x19,0xf9,0x58,0xb8,0xb0,0x8c,0x7c,0xec,0x5c,0x64,0x46,0x3e,0x86,0x10,0xf1,0x31,0x84,0x88,0x8f,0x21,0x44,
    0x7c,0x0c,0x21,0xe2,0x33,0x62,0x70,0x00,0x20,0x08,0x06,0x91,0xdd,0x13,0xfb,0x4e,0x10,0xa1,0x4e,0x8c,0x18,0x1c,0x00,0x08,
    0x82,0x41,0x74,0xf7,0x04,0xbf,0x13,0x84,0xa8,0x13,0x23,0x06,0x07,0x00,0x82,0x60,0x10,0xe1,0x3d,0xd1,0xef,0x04,0x31,0xea,
    0xc4,0x88,0xc1,0x01,0x80,0x20,0x18,0x44,0x79,0x4f,0xf8,0x3b,0x41,0x90,0x3a,0x31,0x62,0x70,0x00,0x20,0x08,0x06,0x91,0xde,
    0x13,0xfd,0x4e,0x10,0xa6,0x4e,0x8c,0x18,0x1c,0x00,0x08,0x82,0x41,0xb4,0xf7,0x84,0xbf,0x13,0xc4,0xa9,0x13,0x23,0x06,0x07,
    0x00,0x82,0x60,0x10,0xf1,0x3d,0xf1,0xef,0x04,0x81,0xea,0xc4,0x88,0xc1,0x01,0x80,0x20,0x18,0x44,0x7d,0x4f,0x80,0x3c,0x41,
    0xa4,0x3a,0x31,0x4b,0x60,0x56,0xc3,0x0d,0x7c,0x4d,0xa0,0x3d,0x01,0x06,0xb3,0x0c,0x2d,0xe5,0x52,0x81,0xf5,0x8c,0xbc,0xc4,
    0xc7,0x7a,0x46,0x5e,0xe2,0x63,0x3d,0x23,0x2f,0xf1,0xb1,0xb1,0xc1,0x97,0xf8,0x18,0x01,0xdf,0x84,0x7c,0x8c,0x88,0x6f,0x42,
    0x3e,0x46,0xc8,0x37,0x21,0x1f,0x23,0xe6,0x9b,0x90,0x8f,0x11,0xfa,0x02,0x1f,0x23,0xf4,0x05,0x3e,0x46,0xe8,0x0b,0x7c,0x8c,
    0x00,0x19,0xf8,0xcc,0x12,0x98,0xd5,0x70,0x43,0x6a,0x13,0x74,0x4f,0x80,0xc1,0x2c,0xc3,0x4b,0xc1,0x54,0x60,0x6a,0xf3,0x2f,
    0xf1,0x31,0xb5,0xf9,0x97,0xf8,0x98,0xda,0xfc,0x4b,0x7c,0x0c,0x6e,0x4a,0x26,0x3e,0x46,0xec,0x8e,0x7c,0x8c,0xe0,0x1d,0xf9,
    0x18,0xd1,0x3b,0xf2,0x31,0xc2,0x77,0xe4,0x63,0xc4,0xc9,0xc0,0xc7,0x88,0x93,0x81,0x8f,0x11,0x27,0x03,0x1f,0x23,0x5a,0x06,
    0x3e,0xb3,0x04,0x66,0x35,0xdc,0x60,0xdb,0x04,0xe8,0x13,0x60,0x30,0xcb,0x10,0x53,0x32,0x15,0x8c,0x18,0x1c,0x00,0x08,0x82,
    0x01,0x19,0xc4,0x3e,0x71,0xf3,0xc4,0xa8,0x13,0xaa,0x4f,0x8c,0x26,0x04,0x83,0xe5,0x8d,0xcb,0xc4,0xc7,0xf2,0xc6,0x65,0xe2,
    0x63,0x79,0xe3,0x32,0xf1,0xb1,0xbf,0xa1,0x99,0xf8,0x58,0x41,0xc8,0xc7,0x0c,0x42,0x3e,0x76,0x10,0xf2,0x31,0x84,0x90,0x8f,
    0x11,0x36,0x03,0x1f,0x23,0x6c,0x06,0x3e,0x46,0xd8,0x0c,0x7c,0x8c,0xe0,0x19,0xf8,0xcc,0x12,0x98,0xd5,0x70,0x43,0x79,0x13,
    0xae,0x4f,0x80,0xc1,0x2c,0xc3,0x4c,0xd1,0x54,0x60,0xf4,0x4e,0xcc,0x4f,0x7c,0x8c,0x67,0x02,0xf9,0x18,0xcf,0x08,0xf2,0x31,
    0x9e,0x19,0xe4,0x63,0x62,0x43,0xc8,0xc7,0x88,0xd5,0x81,0x8f,0x11,0xab,0x03,0x1f,0x23,0x56,0x07,0x3e,0x46,0xc4,0x0e,0x7c,
    0x46,0x0c,0x0e,0x00,0x04,0xc1,0x20,0x8a,0x7f,0xc2,0xee,0x09,0x82,0xdf,0x89,0x11,0x83,0x03,0x00,0x41,0x30,0x88,0xe4,0x9f,
    0xb8,0x7b,0x82,0xe8,0x77,0x62,0xc4,0xe0,0x00,0x40,0x10,0x0c,0xa2,0xf9,0x27,0xf0,0x9e,0x20,0xfc,0x9d,0x18,0x31,0x38,0x00,
    0x10,0x04,0x83,0x88,0xfe,0x89,0xbc,0x27,0x88,0x7f,0x27,0x46,0x0c,0x0e,0x00,0x04,0xc1,0x20,0xaa,0x7f,0x02,0xef,0x09,0x22,
    0xe4,0x89,0x11,0x83,0x03,0x00,0x41,0x30,0x88,0xec,0x9f,0xc8,0x7b,0x82,0x10,0x79,0x62,0xc4,0xe0,0x00,0x40,0x10,0x0c,0xa2,
    0xfb,0x27,0xf4,0x9e,0x20,0x46,0x9e,0x18,0x31,0x38,0x00,0x10,0x04,0x83,0x08,0xff,0x89,0xbd,0x27,0x08,0x92,0x27,0x66,0x09,
    0xcc,0x6a,0xb8,0xe1,0xbe,0x09,0xb4,0x27,0xc0,0x60,0x96,0xa1,0xa6,0x6c,0x2a,0x30,0xdc,0x69,0x9b,0xf8,0x18,0xee,0xb4,0x4d,
    0x7c,0x0c,0x77,0xda,0x26,0x3e,0xe6,0x3b,0x73,0x13,0x1f,0x23,0xc6,0x9c,0x90,0x8f,0x11,0x64,0x4e,0xc8,0xc7,0x88,0x32,0x27,
    0xe4,0x63,0x84,0x99,0x13,0xf2,0x31,0xa2,0x6e,0xe0,0x63,0x44,0xdd,0xc0,0xc7,0x88,0xba,0x81,0x8f,0x11,0x7b,0x03,0x9f,0x59,
    0x02,0xb3,0x1a,0x6e,0x20,0x71,0xc2,0xed,0x09,0x30,0x98,0x65,0x30,0xab,0x9b,0x0a,0x86,0x1b,0x4a,0x9c,0x60,0x7b,0x02,0x0c,
    0x66,0x19,0x70,0x2a,0xa7,0x02,0xdb,0x9b,0xf4,0x91,0x8f,0xed,0x8d,0xfa,0xc8,0xc7,0xf6,0x66,0x7d,0xe4,0x63,0xa1,0xc3,0x3e,
    0xf2,0x31,0x42,0x7d,0xe0,0x63,0x84,0xfa,0xc0,0xc7,0x08,0xf5,0x81,0x8f,0x11,0xf0,0x03,0x9f,0x11,0x83,0x03,0x00,0x41,0x30,
    0x88,0x60,0xb0,0xa8,0x7d,0x82,0xd8,0x79,0x62,0xc4,0xe0,0x00,0x40,0x10,0x0c,0xa2,0x18,0x2c,0x6c,0x9f,0x20,0x78,0x9e,0x18,
    0x31,0x38,0x00,0x10,0x04,0x83,0x48,0x06,0x8b,0xdb,0x27,0x88,0x9e,0x27,0x46,0x0c,0x0e,0x00,0x04,0xc1,0x20,0x9a,0xc1,0x02,
    0xf7,0x09,0xc2,0xe7,0x89,0x11,0x83,0x03,0x00,0x41,0x30,0x88,0x68,0xb0,0xb8,0x7d,0x82,0x00,0x7b,0x62,0xc4,0xe0,0x00,0x40,
    0x10,0x0c,0xa2,0x1a,0x2c,0x70,0x9f,0x20,0xc2,0x9e,0x18,0x31,0x38,0x00,0x10,0x04,0x83,0xc8,0x06,0x8b,0xdc,0x27,0x08,0xb1,
    0x27,0x46,0x0c,0x0e,0x00,0x04,0xc1,0x20,0xba,0xc1,0x42,0xf7,0x09,0x62,0xec,0x89,0x59,0x02,0xb3,0x1a,0x6e,0xb0,0x71,0x22,
    0xef,0x09,0x30,0x98,0x65,0xd0,0xa9,0x9d,0x0a,0x8c,0x75,0xee,0x47,0x3e,0xc6,0x3a,0xf7,0x23,0x1f,0x63,0x9d,0xfb,0x91,0x8f,
    0xc9,0x4e,0xff,0xc8,0xc7,0x08,0xff,0x81,0x8f,0x11,0xff,0x03,0x1f,0x23,0x40,0x08,0x3e,0x46,0x84,0x10,0x7c,0x46,0x0c,0x0e,
    0x00,0x04,0xc1,0x20,0x0a,0xc3,0xc2,0xfc,0x09,0x82,0xed,0x89,0x11,0x83,0x03,0x00,0x41,0x30,0x88,0xc4,0xb0,0x38,0x7f,0x82,
    0x68,0x7b,0x62,0xc4,0xe0,0x00,0x40,0x10,0x0c,0xa2,0x31,0x2c,0xd0,0x9f,0x20,0xdc,0x9e,0x18,0x31,0x38,0x00,0x10,0x04,0x83,
    0x88,0x0c,0x8b,0xf4,0x27,0x88,0xb7,0x27,0x46,0x0c,0x0e,0x00,0x04,0xc1,0x20,0x2a,0xc3,0x02,0xfd,0x09,0x22,0xee,0x89,0x11,
    0x83,0x03,0x00,0x41,0x30,0x88,0xcc,0xb0,0x48,0x7f,0x82,0x90,0x7b,0x62,0xc4,0xe0,0x00,0x40,0x10,0x0c,0xa2,0x33,0x2c,0xd4,
    0x9f,0x20,0xe6,0x9e,0x18,0x31,0x38,0x00,0x10,0x04,0x83,0x08,0x0d,0x8b,0xf5,0x27,0x08,0xba,0x27,0x66,0x09,0xcc,0x6a,0xb8,
    0xe1,0xcc,0x89,0xd6,0x27,0xc0,0x60,0x96,0x81,0xa7,0x7a,0x2a,0x30,0xbb,0x27,0x56,0x28,0x3e,0xe6,0x3b,0x81,0x7c,0xcc,0x77,
    0x04,0xf9,0x98,0xef,0x0c,0xf2,0x31,0xf2,0x21,0xe4,0x63,0x44,0x0b,0xc1,0xc7,0x88,0x16,0x82,0x8f,0x11,0x2d,0x04,0x1f,0x23,
    0x66,0x08,0x3e,0x23,0x06,0x07,0x00,0x82,0x60,0x10,0xcd,0x61,0x81,0xff,0x04,0xe1,0xf7,0xc4,0x88,0xc1,0x01,0x80,0x20,0x18,
    0x44,0x74,0x58,0xe4,0x3f,0x41,0xfc,0x3d,0x31,0x62,0x70,0x00,0x20,0x08,0x06,0x51,0x1d,0x16,0xfa,0x4f,0x10,0xa0,0x4f,0x8c,
    0x18,0x1c,0x00,0x08,0x82,0x41,0x64,0x87,0xc5,0xfe,0x13,0x44,0xe8,0x13,0x23,0x06,0x07,0x00,0x82,0x60,0x10,0xdd,0x61,0xa1,
    0xff,0x04,0x31,0xfa,0xc4,0x88,0xc1,0x01,0x80,0x20,0x18,0x44,0x78,0x58,0xec,0x3f,0x41,0x90,0x3e,0x31,0x62,0x70,0x00,0x20,
    0x08,0x06,0x51,0x1e,0x16,0xfc,0x4f,0x10,0xa5,0x4f,0x8c,0x18,0x1c,0x00,0x08,0x82,0x41,0xa4,0x87,0x45,0xff,0x13,0x84,0xe9,
    0x13,0xb3,0x04,0x66,0x35,0xdc,0x90,0xe7,0x84,0xfb,0x13,0x60,0x30,0xcb,0xe0,0x53,0x3f,0x15,0x18,0xea,0x13,0x3a,0x14,0x1f,
    0x4b,0x7d,0x42,0x87,0xe2,0x63,0xaa,0x4f,0xe8,0x50,0x7c,0x6c,0xf5,0x09,0x30,0x8a,0x8f,0xcd,0x0f,0x21,0x1f,0x9b,0x1f,0x42,
    0x3e,0x36,0x3f,0x84,0x7c,0x2c,0x7f,0x08,0xf9,0x18,0x51,0x46,0xf0,0x31,0xc2,0x8c,0xe0,0x63,0xc4,0x19,0xc1,0xc7,0x08,0x34,
    0x82,0xcf,0x88,0xc1,0x01,0x80,0x20,0x18,0x44,0xa8,0x58,0xb4,0x60,0x41,0xcc,0x3e,0x31,0x62,0x70,0x00,0x20,0x08,0x06,0x51,
    0x2a,0x16,0x2e,0x58,0x10,0xb4,0x4f,0x8c,0x18,0x1c,0x00,0x08,0x82,0x41,0xa4,0x8a,0xc5,0x0b,0x16,0x44,0xed,0x13,0x23,0x06,
    0x07,0x00,0x82,0x60,0x10,0xad,0x62,0x01,0x83,0x05,0x61,0xfb,0xc4,0x88,0xc1,0x01,0x80,0x20,0x18,0x44,0xac,0x58,0xbc,0x60,
    0x41,0xe0,0x3e,0x31,0x62,0x70,0x00,0x20,0x08,0x06,0x51,0x2b,0x16,0x30,0x58,0x10,0xb9,0x4f,0x8c,0x18,0x1c,0x00,0x08,0x82,
    0x41,0xe4,0x8a,0x45,0x0c,0x16,0x84,0xee,0x13,0x23,0x06,0x07,0x00,0x82,0x60,0x10,0xbd,0x62,0x21,0x83,0x05,0xb1,0xfb,0xc4,
    0x2c,0x81,0x59,0xd5,0xab,0x13,0xf6,0x4f,0xe8,0x70,0x43,0x20,0x83,0x05,0x18,0xcc,0x32,0x98,0x15,0x58,0x05,0xc3,0x0d,0xb0,
    0x4e,0xac,0x60,0x01,0x06,0xb3,0x0c,0x61,0x25,0x56,0x81,0x99,0x50,0xf8,0x13,0xf0,0x31,0x13,0x12,0x7f,0x02,0x3e,0x66,0x42,
    0xe3,0x4f,0xc0,0xc7,0xe8,0x88,0xfc,0x09,0xf8,0x18,0x1d,0x95,0x3f,0x01,0x1f,0xa3,0x23,0xf3,0x27,0xe0,0x33,0x62,0xb0,0x00,
    0x20,0x08,0x06,0x61,0x20,0x8b,0x05,0x19,0x16,0x83,0x10,0x18,0x05,0x61,0x41,0xfb,0x13,0xf2,0x19,0x31,0x38,0x00,0x10,0x04,
    0x83,0x68,0x17,0x0b,0x30,0x2c,0x02,0xf3,0x27,0x46,0x0c,0x0e,0x00,0x04,0xc1,0x20,0xe2,0xc5,0xe2,0x07,0x8b,0x00,0xfd,0x89,
    0x59,0x02,0xb3,0x1a,0x6e,0xd8,0x75,0x22,0x0d,0x0b,0x30,0x98,0x65,0x18,0x2b,0xb2,0x0a,0x2c,0x86,0xf8,0x48,0x3e,0x16,0x43,
    0x7c,0x24,0x1f,0x8b,0x21,0x3e,0x92,0x8f,0xdd,0x90,0x28,0xc9,0xc7,0xd4,0x87,0x80,0x8f,0xa9,0x0f,0x01,0x1f,0x53,0x1f,0x02,
    0x3e,0x06,0x3f,0x04,0x7c,0x46,0x0c,0x0e,0x00,0x04,0xc1,0x20,0x32,0xc7,0x62,0x0d,0x0b,0x22,0xfe,0x89,0x11,0x83,0x03,0x00,
    0x41,0x30,0x88,0xce,0xb1,0x60,0xc3,0x82,0x90,0x7f,0x62,0xc4,0xe0,0x00,0x40,0x10,0x0c,0x22,0x74,0x2c,0xda,0xb0,0x20,0xe6,
    0x9f,0x18,0x31,0x38,0x00,0x10,0x04,0x83,0x28,0x1d,0x0b,0x37,0x2c,0x08,0xfa,0x27,0x46,0x0c,0x0e,0x00,0x04,0xc1,0x20,0x52,
    0xc7,0xa2,0x0d,0x0b,0xc2,0xfe,0x89,0x11,0x83,0x03,0x00,0x41,0x30,0x88,0xd6,0xb1,0x70,0xc3,0x82,0xb8,0x7f,0x62,0xc4,0xe0,
    0x00,0x40,0x10,0x0c,0x22,0x76,0x2c,0xde,0xb0,0x20,0xf0,0x9f,0x18,0x31,0x38,0x00,0x10,0x04,0x83,0xa8,0x1d,0x0b,0x38,0x2c,
    0x88,0xfc,0x27,0x66,0x09,0xcc,0x6a,0xb8,0x81,0xdd,0x09,0x17,0x2c,0xc0,0x60,0x96,0xa1,0xac,0xcc,0x2a,0xb0,0xfb,0x69,0x25,
    0xf9,0xd8,0xfd,0xb4,0x92,0x7c,0xec,0x7e,0x5a,0x49,0x3e,0xd6,0x3f,0xb3,0x24,0x1f,0xfb,0x7f,0x62,0x7f,0xe2,0x63,0x20,0x58,
    0xec,0x4f,0x7c,0x2c,0x04,0x8b,0xfd,0x89,0x8f,0x89,0x60,0x11,0x42,0xf1,0x31,0x42,0x8d,0xe4,0x63,0x84,0x1a,0xc9,0xc7,0x08,
    0x35,0x92,0x8f,0x11,0x70,0x24,0x1f,0x23,0x18,0xf8,0x18,0xc1,0xc0,0xc7,0x08,0x06,0x3e,0x46,0x30,0xf0,0x19,0x31,0x38,0x00,
    0x10,0x04,0x83,0xe8,0x1f,0x0b,0x52,0x2c,0x08,0x15,0x2c,0x46,0x0c,0x0e,0x00,0x04,0xc1,0x20,0x02,0xc9,0xa2,0x14,0x0b,0x62,
    0x05,0x8b,0x11,0x83,0x03,0x00,0x41,0x30,0x88,0x42,0xb2,0x30,0xc5,0x82,0x60,0xc1,0x62,0xc4,0xe0,0x00,0x40,0x10,0x0c,0x22,
    0x91,0x2c,0x4e,0xb1,0x20,0x5a,0xb0,0x18,0x31,0x38,0x00,0x10,0x04,0x83,0x68,0x24,0x0b,0x53,0x2c,0x88,0x17,0x2c,0x46,0x0c,
    0x0e,0x00,0x04,0xc1,0x20,0x22,0xc9,0xe2,0x14,0x0b,0x02,0x06,0x8b,0x11,0x83,0x03,0x00,0x41,0x30,0x88,0x4a,0xb2,0x40,0xc5,
    0x82,0x88,0xc1,0x62,0xc4,0xe0,0x00,0x40,0x10,0x0c,0x22,0x93,0x2c,0x52,0xb1,0x20,0x64,0xb0,0x98,0x25,0x30,0xab,0x81,0xea,
    0x60,0xb0,0xa9,0x7c,0x42,0xa9,0x7e,0x32,0xa7,0x7f,0x22,0xa5,0x90,0x52,0xa3,0x91,0x42,0xa1,0x92,0xf2,0x9d,0x93,0x22,0x9d,
    0x94,0xd2,0x99,0x95,0x02,0x99,0x96,0x32,0x97,0x97,0x42,0x95,0x98,0x22,0x93,0x99,0x52,0x91,0x9a,0x32,0x0f,0x9c,0x22,0x0d,
    0x9d,0x02,0x0b,0x9e,0xb2,0x07,0x9f,0xb2,0x85,0xb0,0xd2,0x83,0xb1,0x42,0xca,0x4a,0x35,0x03,0x7d,0xa2,0xc7,0x60,0x9f,0x54,
    0x33,0xb0,0x29,0x55,0xfb,0x29,0x5f,0x4f,0xc8,0x6a,0xa0,0x3a,0x18,0x6c,0x2a,0x9f,0x50,0xaa,0x9f,0xcc,0xe9,0x9f,0x48,0x29,
    0xa4,0xd4,0x68,0xa4,0x50,0xa8,0xa4,0x7c,0xe7,0xa4,0x48,0x27,0xa5,0x74,0x66,0xa5,0x40,0xa6,0xa5,0xcc,0xe5,0xa5,0x50,0x25,
    0xa6,0xc8,0x64,0xa6,0x54,0xa4,0xa6,0xcc,0x03,0xa7,0x48,0x43,0xa7,0xc0,0x82,0xa7,0xec,0xc1,0xa7,0x70,0x21,0xac,0xf4,0x60,
    0xac,0x90,0xb2,0x52,0xcd,0x40,0x9f,0xe8,0x31,0xd8,0x27,0xd5,0x0c,0x6c,0x4a,0xd5,0x7e,0xca,0xd7,0x13,0xb2,0x1a,0xa8,0x0e,
    0x06,0x9b,0xca,0x27,0x94,0xea,0x27,0x73,0xfa,0x27,0x52,0x0a,0x29,0x35,0x1a,0x29,0x14,0x2a,0x29,0xdf,0x39,0x29,0xd2,0x49,
    0x29,0x9d,0x59,0x29,0x90,0x69,0x29,0x73,0x79,0x29,0x54,0x89,0x29,0x32,0x99,0x29,0x15,0xa9,0x29,0xf3,0xc0,0x29,0xd2,0xd0,
    0x29,0xb0,0xe0,0x29,0x7b,0xf0,0x29,0x5d,0x08,0x2b,0x3d,0x18,0x2b,0xa4,0xac,0x54,0x33,0xd0,0x27,0x7a,0x0c,0xf6,0x49,0x35,
    0x03,0x9b,0x52,0xb5,0x9f,0xf2,0xf5,0x84,0xac,0x06,0xaa,0x83,0xc1,0xa6,0xf2,0x09,0xa5,0xfa,0xc9,0x9c,0xfe,0x89,0x94,0x42,
    0x4a,0x8d,0x46,0x0a,0x85,0x4a,0xca,0x77,0x4e,0x8a,0x74,0x52,0x4a,0x67,0x56,0x0a,0x64,0x5a,0xca,0x5c,0x5e,0x0a,0x55,0x62,
    0x8a,0x4c,0x66,0x4a,0x45,0x6a,0xca,0x3c,0x70,0x8a,0x34,0x74,0x0a,0x2c,0x78,0xca,0x1e,0x7c,0x8a,0x17,0xc2,0x4a,0x0f,0xc6,
    0x0a,0x29,0x2b,0xdb,0x0c,0xf4,0x09,0x24,0x83,0x7d,0xb2,0xcd,0xc0,0xa6,0x54,0xed,0xa7,0x7c,0x3d,0x21,0xab,0xe1,0x86,0x5e,
    0x27,0x42,0xb2,0x00,0x83,0x59,0x86,0xd9,0x3a,0xab,0x60,0xb8,0xc1,0xd7,0x09,0x7f,0x2c,0xc0,0x60,0x96,0x61,0xb6,0xd0,0x2a,
    0x18,0x6e,0xf8,0x75,0xa2,0x1f,0x0b,0x30,0x98,0x65,0x98,0xad,0xb4,0x0a,0x86,0x1b,0xc0,0x9d,0xe8,0xc7,0x02,0x0c,0x66,0x19,
    0xd4,0x6a,0xad,0x02,0x23,0x9d,0xf7,0x91,0xcf,0x2c,0xc1,0x6c,0x0d,0x37,0x88,0x3b,0xe1,0x8f,0x05,0x18,0xcc,0x32,0xb0,0x55,
    0x5b,0x05,0x66,0x3a,0xf1,0x23,0x1f,0x0b,0xc6,0xb0,0x90,0xcf,0x88,0xc1,0x01,0x80,0x20,0x18,0x44,0x33,0x59,0xe0,0x62,0x11,
    0xf8,0x60,0x31,0x62,0x70,0x00,0x20,0x08,0x06,0x11,0x4d,0x16,0xb7,0x58,0x04,0x60,0x58,0xcc,0x12,0xcc,0xd6,0x70,0xc3,0xb9,
    0x13,0x28,0x59,0x80,0xc1,0x2c,0x83,0x5b,0xbd,0x55,0x60,0xab,0x63,0x3f,0xf2,0xb1,0x40,0x0d,0x0b,0xf9,0x8c,0x18,0x1c,0x00,
    0x08,0x82,0x41,0x84,0x93,0x45,0x2f,0x16,0xc1,0x18,0x16,0x23,0x06,0x07,0x00,0x82,0x60,0x10,0xe5,0x64,0xc1,0x8b,0x45,0x50,
    0x86,0xc5,0x2c,0xc1,0x6c,0x0d,0x37,0xb0,0x3b,0x71,0x92,0x05,0x18,0xcc,0x32,0xc0,0x55,0x5c,0x05,0x06,0x3b,0xfb,0x03,0x9f,
    0x11,0x83,0x03,0x00,0x41,0x30,0x88,0x78,0xb2,0x08,0xc7,0x22,0x38,0xc3,0x62,0xc4,0xe0,0x00,0x40,0x10,0x0c,0xa2,0x9e,0x2c,
    0xc0,0xb1,0x08,0xd2,0xb0,0x98,0x25,0x98,0xad,0xe1,0x06,0x78,0x27,0x64,0xb2,0x00,0x83,0x59,0x06,0xb9,0x9a,0xab,0xc0,0x68,
    0xe7,0x7f,0xe0,0x63,0x81,0x1b,0x16,0xf0,0x19,0x31,0x38,0x00,0x10,0x04,0x83,0x28,0x2c,0x0b,0x73,0x2c,0x02,0x36,0x2c,0x46,
    0x0c,0x0e,0x00,0x04,0xc1,0x20,0x12,0xcb,0xa2,0x1c,0x8b,0xc0,0x0d,0x8b,0x59,0x82,0xd9,0x1a,0x6e,0xa8,0x77,0x82,0x26,0x0b,
    0x30,0x98,0x65,0xa0,0xab,0xba,0x0a,0x2c,0x77,0x48,0x08,0x3e,0x16,0xcc,0x61,0x01,0x1f,0x0b,0xee,0xb0,0x90,0xcf,0x88,0xc1,
    0x01,0x80,0x20,0x18,0x44,0x67,0x59,0xb0,0x63,0x11,0xc8,0x61,0x31,0x62,0x70,0x00,0x20,0x08,0x06,0x11,0x5a,0x16,0xeb,0x58,
    0x04,0x74,0x58,0xcc,0x12,0xcc,0xd6,0x70,0xc3,0xbe,0x13,0x35,0x59,0x80,0xc1,0x2c,0x83,0x5d,0xdd,0x55,0x60,0x2a,0xf4,0x3b,
    0xf1,0x19,0x31,0x38,0x00,0x10,0x04,0x83,0x68,0x2d,0x0b,0x78,0x2c,0x02,0x3b,0x2c,0x46,0x0c,0x0e,0x00,0x04,0xc1,0x20,0x62,
    0xcb,0xe2,0x1d,0x8b,0x00,0x0f,0x8b,0x59,0x82,0xd9,0x1a,0x6e,0xf8,0x77,0x02,0x27,0x0b,0x30,0x98,0x65,0xc0,0xab,0xbc,0x0a,
    0x6c,0x7c,0x5c,0x08,0x3e,0x46,0x3e,0x2f,0x24,0x1f,0x13,0x82,0xf8,0x8c,0x18,0x1c,0x00,0x08,0x82,0x41,0x14,0x97,0x85,0x3d,
    0x16,0x01,0x1f,0x16,0x23,0x06,0x07,0x00,0x82,0x60,0x10,0xc9,0x65,0x51,0x8f,0x45,0xe0,0x87,0xc5,0x2c,0xc1,0x6c,0x0d,0x37,
    0x94,0x3c,0xd1,0x93,0x05,0x18,0xcc,0x32,0xe8,0xd5,0x5e,0x05,0x46,0x43,0xe9,0x13,0x1f,0x0b,0xc4,0x9f,0x90,0x8f,0x05,0xeb,
    0x03,0x9f,0x59,0x82,0xd9,0x1a,0x6e,0x48,0x79,0x02,0x2c,0x0b,0x30,0x98,0x65,0xe0,0xab,0xbe,0x0a,0x0c,0x87,0xda,0x27,0x3e,
    0x16,0x90,0x96,0x7c,0x2c,0x78,0x1f,0xf8,0xcc,0x12,0xcc,0xd6,0x70,0x43,0xcb,0x13,0x63,0x59,0x80,0xc1,0x2c,0x83,0x5f,0xfd,
    0x55,0x30,0x62,0x70,0x00,0x20,0x08,0x06,0x64,0x40,0x97,0x85,0x3e,0x16,0x66,0x58,0xb4,0x65,0x31,0x9a,0x10,0x0c,0xe6,0x43,
    0xf3,0x13,0x1f,0x13,0x02,0xf9,0x58,0x50,0x3f,0xf0,0x99,0x25,0x98,0xad,0xe1,0x86,0x99,0x27,0xd0,0xb2,0x00,0x83,0x59,0x06,
    0xd0,0x0a,0xad,0xc0,0x5c,0xb1,0x68,0xad,0xf8,0x18,0xfe,0x04,0xf2,0xb1,0x80,0x8c,0xe0,0x33,0x62,0x70,0x00,0x20,0x08,0x06,
    0x51,0x69,0x16,0x2a,0x59,0x04,0xb0,0x58,0x8c,0x18,0x1c,0x00,0x08,0x82,0x41,0x64,0x9a,0x45,0x4a,0x16,0x81,0x2c,0x16,0xb3,
    0x04,0xb3,0x35,0xdc,0x90,0xf3,0x84,0x3d,0x16,0x60,0x30,0xcb,0x20,0x5a,0xa3,0x15,0x18,0x1a,0xf5,0x4f,0x7c,0x2c,0x70,0x7f,
    0x42,0x3e,0x16,0xfc,0x0f,0x7c,0x66,0x09,0x66,0x6b,0xb8,0xa1,0xe7,0x89,0x79,0x2c,0xc0,0x60,0x96,0x61,0xb6,0x48,0x2b,0x18,
    0x6e,0xf0,0x79,0x22,0x1e,0x0b,0x30,0x98,0x65,0x28,0x2d,0xd3,0x0a,0x4c,0x84,0xda,0x48,0x3e,0x16,0xb8,0x11,0x7c,0x46,0x0c,
    0x0e,0x00,0x04,0xc1,0x20,0x7a,0xcd,0x82,0x26,0x8b,0x40,0x17,0x8b,0x11,0x83,0x03,0x00,0x41,0x30,0x88,0x60,0xb3,0x98,0xc9,
    0x22,0xe0,0xc5,0x62,0x96,0x60,0xb6,0x86,0x1b,0xc6,0x9e,0x90,0xc7,0x02,0x0c,0x66,0x19,0x4e,0x0b,0xb5,0x02,0x3b,0x21,0x39,
    0x92,0x8f,0x05,0x73,0x04,0x9f,0x11,0x83,0x03,0x00,0x41,0x30,0x88,0x68,0xb3,0xc8,0xc9,0x22,0xf8,0xc5,0x62,0xc4,0xe0,0x00,
    0x40,0x10,0x0c,0xa2,0xda,0x2c,0x70,0xb2,0x08,0xc2,0xb1,0x98,0x25,0x98,0xad,0xe1,0x06,0xb4,0x27,0xf4,0xb1,0x00,0x83,0x59,
    0x86,0xd4,0x52,0xad,0xc0,0xc6,0xb1,0xb8,0xa3,0xf8,0x58,0x0b,0x05,0xf2,0xb1,0x20,0x8f,0xe0,0x33,0x62,0x70,0x00,0x20,0x08,
    0x06,0x91,0x6e,0x16,0x3f,0x59,0x04,0xe5,0x58,0x8c,0x18,0x1c,0x00,0x08,0x82,0x41,0xb4,0x9b,0x85,0x4f,0x16,0xc1,0x39,0x16,
    0xb3,0x04,0xb3,0x35,0xdc,0xe0,0xf6,0xc4,0x4b,0x16,0x60,0x30,0xcb,0xb0,0x5a,0xac,0x15,0x58,0x3a,0x16,0x7d,0x14,0x1f,0x9b,
    0xa1,0x40,0x3e,0x16,0xfc,0x11,0x7c,0x46,0x0c,0x0e,0x00,0x04,0xc1,0x20,0x02,0xcf,0xa2,0x2c,0x8b,0x60,0x1d,0x8b,0x11,0x83,
    0x03,0x00,0x41,0x30,0x88,0xc2,0xb3,0x20,0xcb,0x22,0x68,0xc7,0x62,0x96,0x60,0xb6,0xaa,0xee,0x09,0x94,0x2c,0x74,0xb8,0x21,
    0x20,0xcb,0x02,0x0c,0x66,0x19,0x66,0xab,0xb5,0x82,0xe1,0x06,0xbb,0x27,0x7a,0xb2,0x00,0x83,0x59,0x06,0xd7,0x7a,0xad,0xc0,
    0x6e,0x68,0x1e,0x0b,0xf8,0xd8,0x0d,0xd1,0x63,0x01,0x1f,0xbb,0xa1,0x7a,0x2c,0xe0,0x63,0xa5,0x64,0x8f,0x05,0x7c,0xac,0x94,
    0xee,0xb1,0x80,0x8f,0x95,0x12,0x3e,0x16,0xf0,0x19,0x31,0x58,0x00,0x10,0x04,0x83,0x30,0x20,0xcf,0xc2,0x2e,0x8b,0x41,0x08,
    0x8c,0x82,0xb0,0xe0,0x1f,0x0b,0xf9,0x8c,0x18,0x1c,0x00,0x08,0x82,0x41,0xd4,0x9e,0x85,0x5c,0x16,0x01,0x3e,0x16,0x23,0x06,
    0x07,0x00,0x82,0x60,0x10,0xb9,0x67,0x11,0x97,0x45,0xa0,0x8f,0xc5,0x2c,0xc1,0x6c,0x0d,0x37,0x84,0x3e,0xb1,0x97,0x05,0x18,
    0xcc,0x32,0xc0,0x56,0x6c,0x05,0x56,0x46,0xb0,0x24,0x1f,0x83,0xa1,0x00,0x3e,0x23,0x06,0x07,0x00,0x82,0x60,0x10,0xc9,0x67,
    0x71,0x97,0x45,0xd0,0x8f,0xc5,0x88,0xc1,0x01,0x80,0x20,0x18,0x44,0xf3,0x59,0xd8,0x65,0x11,0xfc,0x63,0x31,0x4b,0x30,0x5b,
    0xc3,0x0d,0xa6,0x4f,0xd0,0x64,0x01,0x06,0xb3,0x0c,0xb2,0x35,0x5b,0x81,0xd1,0x50,0x2d,0xc9,0xc7,0x44,0xb2,0xa8,0xa1,0xf8,
    0x58,0xc0,0x46,0xf2,0xb1,0x60,0x80,0xcf,0x88,0xc1,0x01,0x80,0x20,0x18,0x44,0xf9,0x59,0xf8,0x65,0x11,0x90,0x64,0x31,0x62,
    0x70,0x00,0x20,0x08,0x06,0x91,0x7e,0x16,0x7d,0x59,0x04,0x26,0x59,0xcc,0x12,0xcc,0xd6,0x40,0x75,0x30,0xe0,0x86,0x5a,0xb9,
    0x06,0x5b,0x91,0x86,0x5b,0xf1,0x05,0x5c,0xc9,0x85,0x5c,0x99,0x05,0x5d,0xf9,0x84,0x5d,0xc9,0x04,0x5e,0xa9,0x84,0x5e,0x89,
    0x04,0x5f,0xd9,0x83,0x5f,0xa9,0x03,0x68,0x89,0x83,0x68,0xd9,0x42,0x69,0xb1,0xc2,0x69,0x81,0x42,0x6a,0xd1,0xc1,0x6a,0x69,
    0xae,0x05,0xc1,0x96,0x20,0x5b,0x6c,0x18,0x98,0x95,0x5d,0x06,0x67,0x05,0x8e,0x01,0x5a,0xd9,0x65,0x30,0x5a,0x6c,0x18,0xb0,
    0x16,0x28,0x2a,0xb1,0x35,0xdc,0xa0,0xff,0x44,0x5d,0x16,0x60,0x30,0xdd,0x30,0x0f,0x42,0x30,0xdd,0x60,0x86,0xc5,0x3d,0xf8,
    0x3d,0x31,0xdd,0x60,0x86,0xc5,0x3d,0xfc,0x3d,0x31,0xdd,0x60,0x86,0xc5,0x3d,0x80,0x3e,0x31,0xdd,0x60,0x86,0x05,0x11,0xfa,
    0xc4,0x74,0xc3,0x3e,0x98,0x61,0x21,0xfa,0xc4,0x74,0xc3,0x3e,0x98,0x61,0x31,0xfa,0xc4,0x74,0xc3,0x3e,0x98,0x61,0x41,0xfa,
    0xc4,0x74,0x03,0x62,0x86,0x45,0xe9,0x13,0x85,0xf7,0xc4,0x7b,0x16,0x58,0x41,0x7f,0x16,0x6a,0x62,0x58,0xf8,0x67,0x01,0x83,
    0xe1,0x86,0xa0,0x3f,0x0b,0x34,0x98,0x65,0x08,0x68,0x2b,0x18,0xe8,0x18,0xc8,0x51,0xb9,0xc8,0x51,0x09,0xb0,0xd9,0x1a,0xe8,
    0x18,0xc8,0x51,0xb9,0xc8,0x51,0x09,0xb0,0xd9,0x1a,0xe8,0x18,0xc8,0x51,0xb9,0xc8,0x51,0x09,0xb0,0xd9,0x1a,0xe8,0x18,0xc8,
    0x51,0xb9,0xc8,0x51,0x09,0xb0,0xd9,0x1a,0x31,0x38,0x00,0x10,0x04,0x03,0x32,0x30,0xd1,0x82,0x35,0x0b,0x7c,0x2c,0xf2,0xb2,
    0x18,0x4d,0x08,0x80,0x0b,0x08,0x54,0x01,0x79,0x16,0x3a,0xdc,0x10,0x9c,0x68,0x01,0x06,0xb3,0x0c,0xb6,0x55,0x5b,0x81,0x25,
    0x7f,0x58,0xc0,0xc7,0x92,0x3f,0x2c,0xe0,0x63,0xc9,0x1f,0x16,0xf0,0x99,0x25,0xb0,0xad,0x81,0x8a,0xc1,0xa8,0x2d,0x8c,0xb6,
    0x06,0x2a,0x06,0xa3,0xb6,0x30,0xda,0x1a,0xa8,0x18,0x8c,0xda,0xc2,0x68,0xab,0x92,0x16,0x2d,0x74,0xb8,0x21,0x78,0xd1,0x02,
    0x0c,0x66,0x19,0xcc,0xeb,0xb6,0x82,0x5a,0x54,0xb4,0xc0,0x0a,0x46,0xb4,0xd0,0x11,0x83,0x03,0x00,0x41,0x30,0x20,0x83,0x1a,
    0x2d,0x76,0xb3,0x38,0xc9,0x22,0x46,0x8b,0xd1,0x84,0x00,0x30,0x29,0x2f,0x0b,0xf9,0x8c,0x18,0x18,0x00,0x08,0x82,0x41,0x23,
    0xa6,0x05,0x68,0x16,0xc1,0x88,0x81,0x01,0x80,0x20,0x18,0x34,0x63,0x5a,0x94,0x67,0x31,0x58,0xd0,0x97,0x85,0x7c,0x46,0x0c,
    0x0c,0x00,0x04,0xc1,0xa0,0x29,0xd3,0xe2,0x3c,0x8b,0xc0,0x82,0x01,0x3e,0xa5,0xc8,0x68,0xa1,0xc3,0x0d,0xc1,0x8e,0x16,0x60,
    0x30,0xcb,0x40,0x5e,0xb8,0x15,0x0c,0x37,0x2c,0x3d,0x5a,0x80,0xc1,0x2c,0x03,0x79,0xe5,0x56,0x30,0xdc,0xc0,0xe8,0x68,0x01,
    0x06,0xb3,0x0c,0xba,0xb5,0x5b,0xc1,0x70,0x44,0x52,0x10,0xdf,0x2c,0x01,0x79,0x0d,0x37,0x38,0x3a,0x5a,0x80,0xc1,0x2c,0x03,
    0x6f,0xf5,0x56,0x30,0x1c,0xb1,0x1c,0xc1,0x37,0x4b,0x40,0x5e,0xc3,0x0d,0xd0,0x8e,0x16,0x60,0x30,0xcb,0xe0,0x5b,0xbf,0x15,
    0x0c,0x47,0x34,0x49,0xf1,0xcd,0x12,0x90,0xd7,0x70,0x83,0xc4,0xa3,0x05,0x18,0xcc,0x32,0x80,0x57,0x78,0x05,0xc3,0x11,0xcf,
    0x22,0x7c,0xb3,0x04,0xe4,0x35,0xdc,0x40,0x8d,0x69,0x01,0x06,0xb3,0x0c,0xe2,0x35,0x5e,0xc1,0x70,0x44,0xd4,0x38,0xdf,0x2c,
    0x01,0x79,0x0d,0x47,0x48,0xce,0xf0,0x0d,0x37,0x5c,0x60,0x5a,0x84,0x41,0x05,0xc2,0xce,0x12,0x90,0xd7,0x40,0x91,0x82,0xe9,
    0x16,0xc5,0x5b,0x90,0x6f,0x31,0xe0,0x85,0x88,0x97,0x0d,0x2b,0xb7,0x45,0xc3,0x0a,0x6e,0x09,0xe3,0x35,0xcb,0x60,0x5e,0xe5,
    0x15,0x8c,0x18,0x18,0x00,0x08,0x82,0xc1,0x92,0xa7,0x85,0x8a,0x16,0x2c,0x5a,0xcc,0x12,0x98,0xd7,0x88,0xc1,0x01,0x80,0x20,
    0x18,0x90,0x81,0x9b,0x16,0xf4,0x59,0x80,0x65,0x11,0x9e,0xc5,0x68,0x42,0x00,0x5c,0x40,0xa0,0x0a,0xc0,0xb3,0xd0,0xe1,0x86,
    0xe0,0x4d,0x0b,0x30,0x98,0x65,0x70,0xaf,0xf3,0x0a,0x6a,0x30,0xd3,0x02,0x2b,0x60,0xd3,0x42,0x87,0x1b,0x02,0x39,0x2d,0xc0,
    0x60,0x96,0xa1,0xbd,0xd0,0x2b,0x30,0xb3,0x2c,0xca,0xb2,0xa0,0xcf,0x88,0xc1,0x01,0x80,0x20,0x18,0x90,0xc1,0x9d,0x16,0xfd,
    0x59,0xa4,0x65,0xb1,0xa6,0xc5,0x68,0x42,0x00,0x8c,0x26,0x08,0xc1,0x68,0xc2,0x20,0x0c,0x37,0x1c,0x79,0x5a,0x80,0xc1,0x2c,
    0x43,0x7a,0xa9,0x57,0x60,0x82,0x21,0x1f,0x0b,0x7a,0xb3,0x90,0xcf,0x88,0x81,0x01,0x80,0x20,0x18,0x34,0xa8,0x5a,0xe4,0x67,
    0x11,0x8c,0x18,0x1c,0x00,0x08,0x82,0x41,0x74,0xaa,0x05,0x8b,0x16,0x81,0x6c,0x16,0x23,0x06,0x07,0x00,0x82,0x60,0x10,0xa1,
    0x6a,0xb1,0xa2,0x45,0x40,0x9b,0xc5,0x2c,0x41,0x7b,0x0d,0x37,0x34,0x7b,0x5a,0x80,0xc1,0x2c,0xc3,0x7a,0xb1,0x57,0x60,0x08,
    0x23,0x1f,0x0b,0x02,0xf9,0x58,0x40,0x9e,0x85,0x7c,0x46,0x0c,0x0c,0x00,0x04,0xc1,0xa0,0x79,0xd5,0x02,0x44,0x8b,0x60,0xc4,
    0xe0,0x00,0x40,0x10,0x0c,0x22,0x57,0x2d,0x66,0xb4,0x08,0x72,0xb3,0x18,0x31,0x38,0x00,0x10,0x04,0x83,0xe8,0x55,0x0b,0x19,
    0x2d,0x82,0xdd,0x2c,0x66,0x09,0xda,0xcb,0x1e,0x28,0x3e,0x23,0x06,0x06,0x00,0x82,0x60,0xd0,0xcc,0x6a,0x41,0xaa,0x45,0x30,
    0x1c,0x11,0x90,0x67,0x41,0x7c,0xc3,0x11,0x83,0x6f,0x16,0xc4,0x37,0xdd,0x80,0x9e,0x85,0x79,0x16,0xc1,0x74,0x43,0x50,0x0c,
    0x56,0x61,0xf1,0xb1,0x40,0xa0,0xcf,0x88,0xc1,0x01,0x80,0x20,0x18,0x44,0xb8,0x5a,0xf4,0x68,0x11,0x8c,0x67,0x31,0x62,0x70,
    0x00,0x20,0x08,0x06,0x51,0xae,0x16,0x3c,0x5a,0x04,0xe5,0x59,0xcc,0x12,0xb4,0xd7,0x40,0xc9,0x40,0x06,0xe9,0x65,0xad,0x97,
    0xc0,0x5e,0xfc,0xaa,0x9c,0xd7,0x88,0xc1,0x01,0x80,0x20,0x18,0x90,0xc1,0xac,0x16,0x39,0x5a,0x94,0x66,0x61,0xaa,0xc5,0x68,
    0x42,0x00,0x8c,0x26,0x08,0xc1,0x68,0xc2,0x20,0x58,0x2a,0x0c,0xf1,0xb1,0x54,0x18,0xe2,0x63,0xa9,0x30,0xc4,0xc7,0x06,0x44,
    0x3e,0x36,0x24,0xf2,0xb1,0x41,0x91,0x8f,0x0d,0x09,0x7c,0x6c,0x48,0xe0,0x63,0x43,0x02,0x9f,0x59,0x02,0xf7,0x1a,0xa8,0x18,
    0x8c,0xf6,0x22,0x0b,0xf3,0x1a,0xa8,0x18,0x8c,0xf6,0x22,0x0b,0xf3,0x1a,0xa8,0x18,0x8c,0xf6,0x22,0x0b,0xf3,0x1a,0x31,0x38,
    0x00,0x10,0x04,0x83,0x68,0x5d,0x0b,0x38,0x2d,0x06,0xfb,0x2c,0x46,0x0c,0x0e,0x00,0x04,0xc1,0x20,0x62,0xd7,0x22,0x4e,0x8b,
    0xe1,0x3e,0x8b,0x11,0x83,0x03,0x00,0x41,0x30,0x88,0xda,0xb5,0x90,0xd3,0x62,0xc0,0xcf,0x62,0xc4,0xe0,0x00,0x40,0x10,0x0c,
    0x22,0x77,0x2d,0xe6,0xb4,0x08,0x87,0xfc,0x2c,0x46,0x0c,0x0e,0x00,0x04,0xc1,0x20,0x7a,0xd7,0x42,0x4e,0x0b,0x62,0x3f,0x8b,
    0x11,0x83,0x03,0x00,0x41,0x30,0x88,0xe0,0xb5,0x98,0xd3,0x82,0xe0,0xcf,0x62,0xc4,0xe0,0x00,0x40,0x10,0x0c,0xa2,0x78,0x2d,
    0xe8,0xb4,0x20,0xfa,0xb3,0x18,0x31,0x38,0x00,0x10,0x04,0x83,0x48,0x5e,0x8b,0x3a,0x2d,0x08,0xff,0x2c,0x46,0x0c,0x12,0x00,
    0x04,0xc1,0x00,0xb9,0xd7,0x22,0x5c,0x0b,0x74,0x2d,0xd0,0xb5,0xa8,0xd5,0x82,0x18,0x31,0x48,0x00,0x10,0x04,0x03,0xe4,0x5e,
    0x8b,0x70,0x2d,0xd0,0xb5,0x40,0xd7,0x62,0x56,0x8b,0x61,0xc4,0x20,0x01,0x40,0x10,0x0c,0x90,0x7b,0x2d,0xc2,0xb5,0x40,0xd7,
    0x02,0x5d,0x0b,0x5a,0x2d,0x84,0x11,0x83,0x04,0x00,0x41,0x30,0x40,0xee,0xb5,0x08,0xd7,0x02,0x5d,0x0b,0x74,0x2d,0x6e,0xb5,
    0x08,0x30,0x20,0x06,0x07,0x00,0x00,0x00,0x5b,0x86,0xb6,0x16,0x9e,0x7b,0xd8,0x32,0xb8,0xe9,0xf0,0xdc,0xc3,0x96,0xe1,0xee,
    0x87,0xe7,0x1e,0xb6,0x0c,0x78,0x4c,0x3c,0xf7,0x00,0x00,0x00,0x00,0x00,0x00,0x00,0x00,0x00,0x00,0x00,
};
